# hat_viking: normalized for CS2Warcraft (Y-up, ground at y=0, scale 9.0820)
o hat_viking
v -0.1394 12.9932 3.9489
v -0.0819 13.0539 4.0543
v -0.1027 12.8513 4.0844
v 0.0617 13.2624 3.8665
v -0.0735 11.6602 4.2220
v -0.0229 12.9289 4.1710
v 0.0894 13.1168 4.1136
v 0.2525 13.1891 4.0424
v 0.1485 12.7525 4.2189
v 0.4011 12.8907 4.1747
v 0.2251 12.8548 4.2445
v 1.0991 11.8809 3.9334
v 0.7550 11.0759 4.5429
v 0.5860 12.6926 3.4442
v 0.3253 11.6438 5.1807
v 0.4641 11.6214 5.1082
v 0.0829 10.9957 4.6247
v 0.3097 11.0836 4.9508
v 0.7751 10.3481 5.2207
v 0.2155 11.3738 5.3753
v 0.5211 11.4734 5.1950
v 0.4535 11.2565 5.3173
v 0.7262 10.1482 4.9806
v 0.5084 12.9052 4.0466
v 0.4231 12.7749 4.1568
v 0.4756 13.1728 3.7804
v 0.3994 11.6273 4.6297
v 0.3094 11.1220 5.3370
v 0.8280 12.2338 4.2113
v 0.3296 11.2771 4.8484
v 0.4611 13.1272 3.9726
v 0.5395 11.5368 5.0735
v 0.3697 12.1215 4.3079
v 0.4757 10.4267 5.2302
v 0.3312 10.8555 5.0629
v 0.8981 11.4959 5.0177
v 0.5030 11.1785 5.2390
v 0.3501 12.3512 4.1403
v 0.4830 9.8636 5.4158
v 0.8524 11.2433 4.8500
v 0.7903 12.4586 4.0436
v 0.7136 11.1840 4.8043
v 0.7435 8.8301 5.5729
v 1.0379 10.6293 5.4144
v 1.0140 9.3937 5.1543
v 1.3070 10.0220 4.8952
v 0.6245 8.8691 5.3272
v 0.8808 10.5888 5.1797
v 0.9310 12.4372 4.1168
v 0.8260 12.3377 4.1344
v 1.0007 12.0114 4.5542
v 0.9375 10.5297 5.2050
v 1.0878 10.6003 5.3079
v 0.8897 11.7607 4.5316
v 0.9658 11.0443 4.9654
v 0.8622 13.6677 3.1669
v 0.9735 10.1668 5.3364
v 1.0255 9.0079 5.8609
v 1.3414 10.7462 4.5590
v 1.7691 10.1523 5.0863
v 0.9102 11.0331 4.9571
v 1.8655 10.1468 4.6225
v 2.0786 9.0724 4.8426
v 1.9269 12.3729 3.7147
v 2.0303 12.2593 3.6320
v 1.6710 12.8671 3.4262
v 1.6726 12.7338 2.9471
v 2.3807 11.0780 3.7972
v 2.5387 12.3118 2.5039
v 2.2797 11.5947 3.9696
v 2.4180 10.9054 4.4929
v 2.3627 11.3608 4.0842
v 2.5854 11.9094 4.0033
v 2.3480 12.9953 3.0835
v 2.8127 10.6324 4.7002
v 2.6202 11.9116 3.8872
v 2.6618 12.0331 3.8265
v 0.8821 9.8433 5.4206
v 2.4700 9.7551 4.4015
v 2.6602 10.3482 3.9825
v 2.5628 10.3737 4.6718
v 2.5272 10.8424 4.2886
v 2.6178 9.9406 4.8031
v 2.7043 10.2076 4.4182
v 2.5876 10.6480 4.3516
v 2.5323 11.3350 4.4347
v 2.7994 10.3455 4.8046
v 2.8921 9.2592 4.5562
v 3.0471 11.2992 4.0308
v 2.7171 11.7546 4.0193
v 3.2179 11.0465 3.7159
v 2.9588 11.1814 3.1152
v 2.9908 8.3305 5.0426
v 3.3054 10.3212 3.3281
v 2.8658 11.9805 3.3059
v 3.5343 11.7547 2.5956
v 3.0089 11.2549 3.7006
v 2.8097 11.7290 3.4830
v 3.3047 9.6859 4.6688
v 3.3332 10.2472 4.0600
v 3.4282 10.1189 4.3025
v 3.7434 10.6971 2.3985
v 3.4166 10.1611 4.1682
v 3.5213 10.1419 3.9450
v 3.6587 9.0501 3.4795
v 3.9158 9.8323 2.7226
v 4.4978 10.2953 2.3397
v 4.0553 9.7853 3.2928
v 4.3315 8.9872 2.3744
v 4.2673 10.9035 2.2580
v 4.4601 10.3895 2.2410
v 4.2243 11.4573 2.0583
v 4.3353 11.3625 2.0510
v 4.7255 10.6426 1.9082
v 4.5715 9.9970 2.3171
v 4.6075 10.5915 2.2693
v 1.7223 8.9336 5.4188
v 1.7411 8.2445 5.4663
v 2.7244 8.8566 4.4839
v 2.9165 8.2984 5.4581
v 3.3783 8.1626 4.0705
v 2.8205 8.5224 4.7487
v 2.7400 8.8507 4.9653
v 2.7191 8.1309 4.8791
v 2.7632 9.7906 4.5028
v 2.7258 8.2603 4.9517
v 2.9921 8.1177 4.6265
v 2.9649 9.4473 4.9956
v 3.0949 8.3239 5.0778
v 3.0085 9.6371 4.9521
v 3.1361 8.9309 4.1094
v 3.1791 8.7538 4.9577
v 3.2043 7.7810 5.3731
v 3.0399 7.3879 5.4955
v 3.1787 7.5920 5.4278
v 3.1663 7.4357 5.5505
v 3.7644 8.2977 4.8179
v 3.3327 8.6374 4.8766
v 3.4238 8.3244 4.7827
v 2.9924 7.7693 5.3783
v 3.4125 7.8517 5.0878
v 3.4274 7.6397 5.2527
v 3.3309 8.9785 4.9297
v 3.3513 7.5734 5.4371
v 3.3180 8.7658 4.9373
v 3.5672 7.2806 5.2902
v 3.4035 9.0874 4.8065
v 3.5574 7.5439 5.2423
v 3.5084 6.8913 5.0583
v 3.3096 6.6332 4.9830
v 3.5212 8.8881 4.7561
v 3.4841 8.6496 4.7172
v 3.5271 8.8247 4.6552
v 3.6700 8.3233 4.5111
v 3.6366 6.9186 4.7559
v 3.6616 7.6008 4.8400
v 3.6884 7.1667 5.0844
v 3.6422 7.4146 5.0246
v 3.7238 7.2795 4.7336
v 3.7096 7.0385 4.8278
v 4.2081 9.0687 3.3415
v 3.7014 8.3219 4.3132
v 4.0567 8.2516 3.6659
v 3.8599 8.2341 3.9471
v 4.3006 8.2653 3.3328
v 4.4424 7.6779 4.1541
v 4.3492 7.6536 4.1683
v 4.5386 7.8697 3.9073
v 4.0322 8.2536 4.5962
v 4.7001 8.2394 3.7058
v 4.7741 7.8375 3.5456
v 2.9832 7.5265 5.5231
v 3.2140 9.0908 4.8906
v 4.3812 8.3139 3.4119
v 1.1567 8.3129 5.7877
v 1.0542 8.8471 5.6206
v 1.0183 9.5576 5.4965
v 1.7945 7.6828 5.2324
v 1.1297 9.0250 5.7849
v 1.6936 7.0724 4.9909
v 1.5038 7.5919 6.2490
v 1.1393 7.5467 6.3426
v 1.1939 7.5018 6.4456
v 1.3938 7.8371 6.1943
v 1.4170 7.7964 6.0820
v 1.2867 6.5976 6.0737
v 1.5505 6.8341 6.1351
v 1.2165 5.4887 5.1348
v 1.5831 6.6494 5.9607
v 0.7178 7.0460 5.0711
v 1.5467 7.0491 4.8279
v 1.2657 8.1900 5.5942
v 1.4576 5.4723 5.0232
v 1.5151 5.3073 5.2740
v 1.0881 8.2673 5.7008
v 1.2991 5.3074 5.3625
v 1.5126 4.6908 5.1414
v 1.9632 4.4631 4.6825
v 1.6453 6.8982 6.2435
v 1.5644 6.6777 5.8975
v 2.2383 6.1265 5.4718
v 1.6319 5.2442 4.9566
v 1.6273 4.8155 5.0860
v 1.6940 5.0319 5.0817
v 1.7796 6.8245 5.8850
v 1.6390 5.3349 5.1108
v 1.7532 7.5511 5.9494
v 1.6826 7.4589 6.1781
v 1.6090 7.4912 6.3275
v 1.7565 7.1814 6.2571
v 1.7562 7.2808 6.1307
v 1.6647 6.9226 6.1188
v 1.8653 7.0212 6.0014
v 1.7533 7.0956 6.1129
v 1.8391 7.1480 5.8590
v 1.6117 6.1240 5.7182
v 0.5753 6.1324 5.9489
v 2.2144 6.3446 5.5942
v 1.8975 7.0607 5.8853
v 1.7822 7.6231 5.9936
v 1.8166 7.5459 6.0802
v 1.9159 7.2819 5.9075
v 2.3698 7.0389 4.6380
v 1.9146 7.3230 5.9938
v 2.6858 7.6170 4.7605
v 2.3928 5.1485 4.4448
v 2.9032 8.2308 5.5223
v 2.6158 6.6168 4.4333
v 2.7190 6.2375 4.7530
v 2.4247 8.2558 5.1197
v 2.5713 6.3252 4.2976
v 2.5437 6.9657 4.2625
v 2.7554 6.9329 4.3918
v 2.7623 7.3436 5.4618
v 2.7672 6.9296 4.2773
v 2.7716 7.0782 5.4215
v 2.7845 7.3520 5.5141
v 2.8757 7.6204 5.4774
v 2.8341 6.9686 5.4419
v 3.2676 6.6754 5.1378
v 3.5741 6.1938 3.9966
v 2.9325 7.0548 5.4901
v 3.0237 7.2083 5.4868
v 3.0914 6.9550 5.4001
v 3.1118 7.2177 5.5673
v 3.1609 6.9915 5.4998
v 2.8992 6.7989 5.3007
v 3.2633 7.3507 5.5264
v 3.2784 6.8179 5.2292
v 3.5728 6.9301 5.1698
v 3.8705 6.2566 4.3554
v 3.3781 6.8505 5.3188
v 1.8685 1.6326 4.6406
v 2.4932 2.4091 4.0789
v 2.3579 4.3924 4.4064
v 2.2217 3.9521 4.2447
v 2.3441 1.7852 4.3417
v 2.4551 3.4466 4.2546
v 2.3496 4.3650 4.2964
v 2.5116 3.1630 4.2944
v 2.5714 2.1598 4.2364
v 2.6244 2.3890 4.1112
v 3.2629 6.1236 4.8357
v 4.3379 6.2623 2.7712
v 3.7901 7.3213 3.7140
v 3.7991 6.1254 4.3279
v 3.9871 6.1303 3.5762
v 4.4772 6.1268 3.4130
v 4.3742 6.2908 3.7432
v 4.4189 6.8337 4.0204
v 4.2611 7.0507 4.1339
v 4.3318 7.2287 4.2415
v 4.6453 6.2628 3.2373
v 4.5104 7.3259 4.1350
v 5.0293 8.2945 2.9978
v 4.7307 8.2940 2.6009
v 4.5846 6.1336 2.4167
v 4.3695 6.7671 3.8979
v 4.5892 6.9010 3.9116
v 4.6111 7.2109 4.1574
v 4.5221 7.0760 4.0679
v 4.4526 6.6733 3.7588
v 4.6422 6.6549 3.5446
v 4.6458 7.4713 4.1073
v 4.7875 6.1863 1.6172
v 4.7322 6.8691 3.8660
v 4.5722 7.5304 4.0640
v 4.8255 7.5680 3.8241
v 4.6990 6.7369 3.3135
v 4.8177 6.8372 3.3710
v 4.7257 7.2637 4.0705
v 4.7214 7.6476 3.8070
v 4.6140 7.7524 3.9636
v 4.8386 7.5742 3.5499
v 4.7255 6.8434 3.6453
v 4.8391 7.7516 3.3281
v 4.8607 7.0017 3.4017
v 4.8806 6.9113 3.5912
v 5.0325 6.2298 2.2874
v 4.9527 7.2175 3.6324
v 5.0678 6.1220 1.9653
v 4.8771 7.1531 3.0919
v 4.9484 7.3868 3.4952
v 4.9140 7.0645 3.2203
v 4.9070 7.3259 3.3813
v 4.9483 7.1722 3.4208
v 4.8957 7.5213 3.1600
v 5.1426 7.2904 2.5065
v 4.7683 7.0365 3.9616
v 4.5795 8.9825 1.6457
v 4.1464 9.9848 2.1193
v 4.7203 8.8892 0.9312
v 4.4829 8.2428 2.2923
v 4.8662 7.7134 1.0640
v 4.6995 9.1845 2.4280
v 4.6926 9.2024 2.5476
v 4.7396 8.6991 2.4910
v 4.6966 10.3146 1.3300
v 5.2463 8.9003 1.8206
v 4.9082 6.2386 0.9531
v 4.8213 9.6383 2.4397
v 4.9705 8.7536 2.5163
v 4.7705 8.2886 2.3654
v 5.0329 8.3125 2.4237
v 5.2411 8.7551 1.6549
v 5.0983 8.7054 2.3502
v 4.8339 10.0120 1.3449
v 4.8856 9.5363 1.4526
v 4.9558 9.0307 1.4971
v 5.0086 8.2307 1.4651
v 5.2829 8.3008 1.6697
v 5.1473 8.3109 2.1934
v 5.1001 8.4692 1.4117
v 5.1078 8.2614 1.3011
v 4.9724 6.1177 1.3034
v 5.2035 6.6427 2.0218
v 5.0534 8.9857 2.3392
v 5.1293 6.9187 2.3994
v 5.1981 8.2394 -0.5327
v 5.1545 8.9174 2.3108
v 5.1076 9.1431 2.1189
v 5.2659 7.5369 2.4246
v 5.3209 6.1241 0.5909
v 5.2569 7.1518 2.4824
v 5.2356 8.5333 1.9546
v 5.2976 8.7566 1.9433
v 5.1253 8.2352 2.9066
v 5.3918 8.2175 2.2246
v 5.2557 7.6202 2.3259
v 5.3645 7.6747 2.2406
v 5.2620 7.3589 2.5012
v 5.5506 8.6260 0.1174
v 5.3204 6.9136 2.2414
v 5.4263 7.1066 2.3386
v 5.3284 7.0933 2.3462
v 5.4526 6.7991 2.0580
v 5.3931 6.7541 1.8106
v 5.4167 6.9445 1.2972
v 5.4786 7.4980 2.0619
v 5.5324 7.1135 0.6762
v 5.4592 7.7701 1.8563
v 5.3446 7.7509 2.1035
v 5.5077 6.7807 1.8147
v 5.3918 7.3525 2.2868
v 5.4962 7.3649 2.2339
v 5.5317 7.6810 1.7537
v 5.4883 6.5757 0.0380
v 5.4788 6.6851 0.3854
v 5.5653 6.8812 1.8784
v 5.5050 7.7063 1.6353
v 5.5314 7.3404 1.3066
v 5.4954 6.8026 0.5279
v 5.5924 6.8303 0.4935
v 5.5774 7.4629 1.9713
v 5.6357 8.2056 1.2929
v 5.5771 7.2573 2.1301
v 5.6231 6.7341 0.0728
v 5.6473 7.0313 0.5601
v 5.6049 6.9687 1.5845
v 5.4982 6.8455 1.6169
v 5.6502 7.2222 1.8271
v 5.5395 7.4944 1.7849
v 5.6284 7.3308 1.6323
v 5.5538 7.1304 1.4829
v 5.6279 7.5630 0.5184
v 5.6502 7.3051 0.6138
v 5.7461 6.8236 0.2469
v 5.6998 7.1774 0.4651
v 5.6698 7.6895 0.3392
v 5.7293 7.6880 0.1362
v 5.7564 6.9527 0.3901
v 5.6631 6.9273 0.4097
v 5.7276 7.4143 0.3475
v 5.8080 7.3447 0.3271
v 5.7526 7.4937 -0.1534
v 5.8099 6.9283 -0.1391
v 5.8077 7.3793 -0.2772
v 5.7266 7.2916 -0.4135
v 5.7780 7.0879 -0.3930
v 5.8189 7.4363 0.1795
v 4.9519 9.4584 2.3815
v 4.9665 10.1127 1.5130
v 5.2405 8.5896 2.1613
v 5.2595 6.6160 1.7721
v 5.3664 6.2615 0.7553
v 5.6738 7.7425 -0.2572
v 4.3537 4.5986 -2.7144
v 4.4921 4.3638 -2.4723
v 4.6686 4.3659 -2.1173
v 4.6389 4.3583 -2.4082
v 4.7343 4.6688 -2.5049
v 4.7626 4.3851 -2.1590
v 4.8224 4.7219 -2.2627
v 4.9347 6.2580 -0.7524
v 4.8479 4.5965 -1.9036
v 5.0880 6.1136 -0.3305
v 4.9514 5.0795 -2.0444
v 4.8671 5.4446 -2.1653
v 4.9402 4.9581 -1.7260
v 5.3075 6.1217 -0.7424
v 5.4570 6.6957 -0.4053
v 5.4458 6.5937 -0.2165
v 5.5420 6.7184 -0.4021
v 5.5325 6.9315 -0.6138
v 5.6137 7.2400 -0.6767
v 5.6412 6.8302 -0.2928
v 5.6497 6.9741 -0.5331
v 5.5245 7.1635 -0.6399
v 5.7390 6.8130 -0.1896
v -3.9814 10.5279 2.2901
v -2.8990 10.2965 3.3626
v -3.1863 9.8524 3.8838
v -2.7631 10.9997 3.7659
v -2.8617 10.3147 4.0554
v -3.0705 10.0295 4.0668
v -2.6430 11.0253 3.8164
v -2.9516 10.3143 4.2522
v -2.7286 11.0914 4.0275
v -2.7348 11.0542 3.9302
v -2.6995 9.9950 4.6870
v -1.9699 11.3128 3.6472
v -2.2737 9.6496 4.6687
v -2.1375 11.9143 3.9429
v -2.1211 11.4206 4.3901
v -2.2152 11.9997 3.8757
v -2.1344 11.8140 4.0914
v -2.0116 10.8912 4.3513
v -1.8108 11.3729 4.3180
v -1.6728 12.5282 3.8155
v -2.0612 12.0308 3.9792
v -1.6783 10.5818 4.3270
v -1.9273 11.7280 4.2558
v -1.2605 11.4316 4.0284
v -1.8862 11.3172 4.1907
v -1.5391 9.9363 5.0895
v -2.0571 10.4880 4.6463
v -1.8012 11.5690 4.0766
v -1.2002 11.6143 4.4247
v -1.5636 12.0152 3.9911
v -1.7175 11.8048 3.9507
v -1.4461 10.6501 4.8467
v -1.5926 12.1331 3.7716
v -1.4599 9.1827 4.9060
v -1.2863 12.6418 3.6387
v -0.5522 12.5731 3.4258
v -0.3141 10.4379 4.8420
v -0.5116 10.4216 5.2355
v -0.4790 10.7283 5.1063
v -0.5128 9.1884 5.6048
v -0.4845 10.6226 5.4641
v -0.6045 10.6068 5.4063
v -0.4487 11.2037 4.8667
v -0.3860 11.5371 4.6705
v -0.5005 11.5607 4.9492
v -0.4695 10.9056 5.0266
v -0.5646 10.7210 5.1519
v -0.4948 13.1299 3.6168
v -0.5410 11.7543 4.6555
v -0.4672 11.8129 4.5300
v -0.3302 9.5523 5.1527
v -0.1493 12.3677 4.1127
v -0.2159 12.0705 4.3358
v -0.5070 12.2725 4.4387
v -0.2961 11.7563 4.5381
v 0.4643 10.5008 5.5290
v 0.0614 10.1176 5.0148
v 0.3865 9.8745 5.7085
v -0.0001 11.1592 5.2566
v -0.0351 9.4344 5.8381
v -0.0584 11.3436 5.2172
v -0.0247 9.8019 5.7257
v -0.0669 9.5617 5.8057
v -0.0546 11.5217 5.1809
v -0.1029 11.4804 5.0704
v 0.0008 11.5948 5.0604
v 0.0781 11.4781 5.3132
v 0.0514 11.6578 5.1175
v 0.2777 11.7273 4.9519
v 0.1057 11.1266 5.3190
v 0.0685 9.6272 5.9759
v 0.2572 9.8138 5.9135
v -0.0464 9.7323 5.8420
v 0.3241 9.4601 6.0197
v 0.1360 9.8931 5.8161
v 0.3001 9.9149 5.7813
v 0.5133 9.7940 5.8197
v 0.1823 9.2795 5.9574
v 0.5473 9.5981 5.9174
v 0.5735 9.5752 5.8465
v 0.5001 9.4191 5.8317
v 0.5180 9.7645 5.7423
v 0.5814 9.2150 5.5399
v -0.4493 13.1948 3.6908
v -2.2575 8.2881 5.6204
v -1.3567 7.5864 5.9486
v -1.6828 8.2103 5.9372
v -1.4846 7.1477 5.8383
v -1.4009 6.8936 5.9821
v -1.0866 9.2216 5.4360
v -2.2983 9.0255 4.9647
v -1.3982 7.6157 6.0051
v -1.3966 7.5709 6.0768
v -1.6023 6.3106 5.6777
v -1.4364 6.9427 5.8317
v -1.5339 7.2417 5.9427
v -1.3561 6.8009 5.8410
v -1.3317 7.0030 6.1941
v -1.3491 7.2604 6.2472
v -1.2499 7.7020 6.0105
v -0.9592 8.2080 6.1885
v -1.3699 7.2815 6.1130
v -1.2069 7.5300 6.2016
v -1.1884 7.7741 6.1136
v -1.2450 7.1782 6.3105
v -1.1550 7.5059 6.3310
v -1.0878 6.6317 5.9839
v -1.1689 6.8331 6.2065
v -1.2954 6.9412 6.0731
v -1.0587 8.0619 5.4883
v -1.3857 7.0732 4.9641
v -0.9987 7.5924 6.2740
v -0.9231 8.2811 6.1551
v -1.6347 8.2341 5.3025
v -0.9031 7.8032 6.1281
v -0.9302 7.5165 6.4019
v -0.6174 8.2606 5.7281
v -0.8621 6.8071 6.2945
v -0.8886 7.8155 6.2062
v -0.7116 7.3924 6.4287
v -0.7992 7.5429 6.3123
v -1.3577 7.6401 5.2570
v -0.9098 9.6486 4.9830
v -0.3950 7.7634 5.6209
v -0.6537 7.4215 6.3599
v -0.5696 9.0393 5.8557
v -0.9463 7.8397 5.4722
v -0.2135 8.2100 6.3391
v -0.5413 8.3142 5.9485
v -0.5625 7.1748 6.3409
v -0.6662 6.9480 6.3586
v -0.5993 6.9786 6.2631
v -0.6347 8.3125 5.8821
v -0.4494 8.5628 5.6730
v -0.7188 7.6400 6.3184
v -0.1102 6.3435 5.5499
v -0.9744 7.6421 5.4357
v 0.0034 8.3380 5.6521
v -0.1405 7.0553 5.1219
v -0.6711 7.7506 6.1744
v 0.2753 8.3149 5.9580
v -0.4790 7.5965 6.2675
v -0.3956 7.3895 6.2957
v 0.3178 8.2713 6.3318
v -0.3507 7.3439 6.1706
v -0.3420 6.9585 6.1649
v -0.3599 8.7626 5.6563
v 0.3668 8.2171 6.3574
v 0.2952 8.0257 5.6939
v 0.3068 8.1250 5.6529
v 0.1690 7.0786 5.3642
v 0.8802 7.5081 5.5317
v 0.3578 7.9046 5.6607
v 0.0088 9.3891 5.9579
v 0.2782 9.2973 5.8554
v 0.4608 9.3404 5.8957
v 0.9821 8.2181 5.6800
v 0.9968 8.3190 5.9302
v 0.5839 8.6830 5.6102
v 0.7751 7.9647 5.6251
v 0.8906 8.3126 5.6612
v 1.7512 8.2835 6.0204
v 0.8975 7.6115 6.1875
v 1.0629 7.7742 6.2075
v 0.8800 9.3303 5.5337
v 1.7840 8.2226 6.0536
v -0.4221 7.5151 5.5508
v -3.8707 8.2303 4.3011
v -3.9735 7.6485 4.0675
v -3.9671 8.2975 4.1092
v -3.5066 8.2978 4.6648
v -3.3845 8.2781 4.0379
v -3.3905 8.2239 4.8418
v -3.2743 9.1037 3.4520
v -3.7816 8.8479 2.7614
v -3.2468 7.6042 4.8489
v -2.7708 6.2857 5.0171
v -3.3103 7.2379 4.7384
v -3.2678 7.0304 4.8297
v -3.1933 7.4805 5.0442
v -3.2467 7.2263 4.9508
v -3.2874 7.2528 5.0645
v -3.1928 7.0213 4.9648
v -3.1872 7.5043 5.2020
v -3.1725 8.2951 4.2675
v -3.1658 7.0648 5.2134
v -2.9715 8.1139 4.0674
v -3.0783 9.1557 4.2459
v -3.1950 9.0361 4.4273
v -3.0645 7.6002 5.1819
v -2.9939 6.6950 4.9341
v -2.8693 8.3228 4.9254
v -2.9506 7.8375 5.1806
v -3.1237 7.7178 5.0889
v -3.2941 8.3097 4.2182
v -2.8726 6.8584 5.3536
v -3.2729 8.3235 4.4951
v -2.8349 7.5059 5.4923
v -2.9660 7.5731 5.3945
v -2.9975 6.7673 5.0513
v -2.8176 7.7872 5.3308
v -2.9546 9.9562 4.1499
v -2.9506 7.0330 5.3946
v -2.8966 7.6177 5.3236
v -2.2990 7.6866 4.7074
v -3.0964 6.9039 5.0180
v -3.1298 6.8952 5.1296
v -2.7810 7.8412 5.2617
v -2.5150 8.2221 5.5096
v -2.7481 6.6486 5.1138
v -2.7852 6.8348 5.2656
v -2.7109 7.5009 5.4470
v -2.4876 8.7586 4.3776
v -2.1013 6.2898 5.4415
v -2.5429 6.7699 5.3213
v -2.4465 10.1363 3.9347
v -2.5926 8.3301 5.0779
v -2.5829 9.2492 4.9657
v -2.6180 7.7168 5.4305
v -2.4902 7.6551 5.4253
v -2.6881 7.1597 5.5405
v -2.5953 7.1666 5.4617
v -2.7287 6.8912 5.3789
v -2.3428 7.5270 4.7334
v -2.3466 10.2950 4.7956
v -2.3248 9.3171 4.7248
v -2.4530 6.9313 4.3393
v -2.3602 6.9756 5.4079
v -2.4224 8.2857 4.7508
v -2.1730 8.0077 4.9288
v -2.2991 8.4223 4.9988
v -2.4186 7.2377 5.5229
v -2.4233 7.4579 5.5162
v -2.4226 6.1235 5.1518
v -2.0131 9.7569 4.4522
v -2.3256 7.2795 5.4695
v -2.1591 7.5299 4.8735
v -2.4000 7.9937 4.7862
v -2.4146 8.1951 4.8451
v -2.4438 8.3030 4.9600
v -2.1017 8.2330 5.0492
v -2.1755 6.1686 4.8911
v -2.4490 6.9127 4.2549
v -2.2024 10.0676 4.5956
v -1.7526 6.1175 5.5011
v -1.8015 7.0377 4.7606
v -2.2402 6.9561 4.2447
v -1.3330 8.1618 5.4087
v -1.1492 7.0367 4.8312
v -1.9858 5.7208 4.2670
v -1.6799 4.2497 4.6430
v -1.5914 6.1938 5.1576
v -3.8769 7.3147 4.1478
v -3.2014 6.8999 4.7855
v -2.9659 6.1313 4.7536
v -5.1091 6.8698 1.6571
v -5.0823 6.7524 2.0422
v -5.0553 7.2854 2.3773
v -5.1332 6.7813 1.8240
v -4.9452 6.7291 2.0860
v -5.0022 6.8654 2.3282
v -4.9005 6.8186 2.2748
v -4.8521 6.5675 1.8714
v -4.9020 7.0865 2.4321
v -4.8936 7.4974 2.4721
v -4.7505 7.0703 2.5970
v -4.7564 6.6290 2.2337
v -4.8081 7.5519 2.4366
v -4.7750 7.3046 2.5865
v -4.7475 6.7571 2.4140
v -4.5199 6.3367 2.6830
v -4.5604 7.4575 3.4508
v -4.5300 7.1135 3.5236
v -4.5226 7.3594 3.0445
v -4.5010 6.9894 3.4425
v -4.4690 7.5917 3.6538
v -4.5701 7.2679 3.3411
v -4.5317 7.3865 3.2984
v -4.2489 7.9235 3.6608
v -4.5159 7.0750 3.1528
v -4.4613 7.6051 3.4910
v -4.5053 7.1559 3.2835
v -4.2942 7.5021 3.9786
v -4.4810 7.0957 3.0451
v -4.3710 6.8297 3.1868
v -4.4320 6.9600 3.3813
v -4.2054 7.8457 3.8817
v -4.4577 6.1195 2.5743
v -4.7193 6.1236 1.8522
v -4.2845 6.7186 3.3321
v -4.5621 6.1581 1.0658
v -4.2919 7.6824 3.8367
v -4.1778 6.6553 3.5850
v -4.1514 6.2583 3.4004
v -4.4057 6.8859 3.6343
v -4.2401 7.3347 4.0535
v -4.1650 7.4234 4.0312
v -4.2182 6.8712 3.7811
v -4.2741 6.9560 3.9083
v -4.1329 7.1908 4.0344
v -4.0502 6.2496 2.5354
v -4.3504 8.3038 2.7703
v -4.1469 7.0240 3.9603
v -3.9713 7.2850 4.1895
v -4.1029 7.8575 3.8930
v -3.6467 6.3849 4.2053
v -4.0473 7.5412 4.1501
v -4.0124 6.9260 4.0401
v -3.9884 6.7462 3.8609
v -3.8857 7.0207 4.0682
v -3.5418 6.1313 4.1688
v -3.3024 7.5904 3.7782
v -3.1479 6.2563 3.9745
v -2.6518 6.1727 4.4934
v -3.7800 6.1317 3.2569
v -4.6814 7.0337 2.5735
v -4.4815 7.7302 3.2300
v -4.5660 7.4190 3.1794
v -3.8988 6.1231 3.6737
v -5.2267 6.9887 1.6826
v -5.1794 7.4290 2.0571
v -5.2435 7.3074 1.7685
v -4.8827 8.2779 0.6860
v -4.9457 8.2687 2.2392
v -5.1624 7.0574 1.5861
v -5.1319 7.6355 1.8119
v -5.0641 7.6397 1.6488
v -5.1524 7.3409 1.4097
v -5.0588 6.8046 1.4904
v -5.1613 7.4360 1.8187
v -5.0392 7.4678 2.2255
v -5.0176 7.7437 1.8879
v -5.0025 7.7135 2.1466
v -5.1329 7.1569 1.3562
v -5.0860 7.2653 1.3622
v -4.9359 6.3127 1.3026
v -5.0009 6.8274 1.4369
v -4.7280 8.2196 2.8888
v -4.8695 8.2968 1.9240
v -4.8518 8.8395 1.7363
v -4.8612 8.2970 1.6823
v -4.8710 8.8403 2.0206
v -4.7972 8.9542 2.2773
v -4.8624 8.5025 1.9754
v -4.7445 9.0381 2.1692
v -4.8346 8.8131 1.8971
v -4.7508 8.8073 2.4196
v -4.8760 8.5143 2.1335
v -4.7001 8.2836 1.3239
v -4.8352 8.5035 2.2816
v -4.6873 9.7649 1.7140
v -4.5857 8.2700 1.5347
v -4.7156 8.3704 1.3920
v -4.7458 8.4566 2.3662
v -4.6824 8.8969 2.4303
v -4.6708 8.5676 2.4663
v -4.4892 8.2423 3.3693
v -4.5425 8.2901 3.1897
v -4.4790 9.1571 1.5861
v -4.4439 9.2536 2.6179
v -4.5947 8.6774 1.5498
v -4.6199 8.3050 2.5765
v -4.4938 8.3076 2.5917
v -4.3555 8.2788 2.4718
v -4.4076 10.5567 1.9410
v -4.2895 8.9323 2.4855
v -4.0981 10.0606 2.3646
v -4.1820 9.6766 2.4139
v -4.0695 8.2875 3.0725
v -4.2411 9.2043 2.6947
v -4.1174 8.2749 2.2281
v -4.0721 10.2138 2.5170
v -3.7587 9.3972 3.3424
v -3.8975 10.0747 1.7260
v -5.0573 8.2081 2.0217
v -4.0024 10.1694 2.5662
v -5.4194 7.2597 0.2466
v -5.4469 6.9758 0.0322
v -5.3641 6.7899 -0.1416
v -5.3834 6.9917 0.2202
v -5.3839 7.5451 -0.0376
v -5.3947 6.8980 -0.4355
v -5.2698 6.8492 0.1243
v -5.3223 7.1243 0.2990
v -5.3106 7.6067 0.2846
v -5.2668 6.7661 -0.2217
v -5.2046 7.0521 0.4593
v -5.3844 8.1817 0.3160
v -5.2423 8.1890 1.2851
v -5.1171 6.6587 0.0820
v -4.9764 6.1238 0.6190
v -4.4619 7.0639 1.3371
v -4.6480 4.9227 -1.7279
v -4.5430 4.4857 -1.9998
v -4.4696 8.0446 -0.3012
v -4.4300 4.4214 -2.0150
v -0.5745 6.2869 5.9717
v -0.2012 6.1215 5.9364
v -1.0489 6.1239 5.7717
v -0.9320 6.7587 6.1744
v -0.9743 6.5862 5.9306
v -0.7483 6.8162 6.1971
v -0.5220 6.7356 6.1345
v -0.6357 6.6355 6.0217
v -0.4817 6.7562 6.0716
v 0.1599 6.3153 6.0575
v -0.5651 7.0895 5.2567
v 0.0592 5.7360 5.2006
v -0.3304 7.1207 6.2343
v -0.1556 6.3033 5.3733
v -0.2755 5.5868 5.1623
v 0.1368 6.1403 5.6245
v 0.5239 6.2527 5.5461
v 0.4875 6.3388 5.4092
v 0.6798 5.5248 5.1812
v 0.7237 7.2012 6.2716
v 0.7694 7.4433 6.2868
v 0.9075 6.8200 6.0712
v 0.8902 6.8146 6.2123
v 0.8652 7.6100 6.2835
v 0.7789 7.1211 6.1422
v 0.7599 6.9980 6.1616
v 1.4652 6.2883 5.8565
v 1.0899 7.7493 6.2960
v 0.9589 7.2607 6.3706
v 1.0098 7.1357 6.4459
v 1.0723 7.3959 6.4556
v 1.1476 6.6423 5.9917
v 1.2831 7.3259 6.4674
v 1.0042 6.6713 6.1118
v 1.0057 6.9700 6.2989
v 1.2452 6.7901 6.2145
v 1.2408 6.8065 6.3297
v 1.4188 6.7959 6.2937
v 1.3120 5.4945 5.2750
v 1.3693 6.6134 5.9408
v 1.7611 6.1662 5.2854
v 1.5145 5.4638 5.1848
v -2.0977 5.2017 4.4020
v -2.0768 4.0730 4.2913
v -2.0667 5.1259 4.2884
v -1.3711 4.9899 5.1013
v -1.2440 5.2781 5.2768
v -1.3679 5.2340 5.1167
v -1.2743 5.4057 5.1730
v -1.1009 5.4856 5.0364
v -1.3235 5.0988 5.2298
v -0.9228 5.2641 5.3903
v -1.0889 5.4946 5.2535
v -1.0447 5.2041 5.3905
v -2.3464 6.1070 4.9529
v -1.3318 5.1938 4.9636
v -1.1311 4.6628 5.0173
v -1.1728 4.6702 5.1471
v -1.1649 4.8013 5.2674
v -0.9899 4.7771 5.2901
v -0.8426 4.9085 5.3466
v -1.0280 4.9818 5.3966
v -0.9275 5.5159 5.1514
v -0.8544 5.4587 5.3134
v -0.8534 4.6556 5.1012
v -0.8818 2.6593 5.0993
v -0.0668 6.2018 4.9891
v -0.8428 4.1117 5.0360
v -0.7609 5.4398 5.1770
v -0.7518 5.3718 5.3375
v -0.8942 4.6434 5.2457
v -0.6213 5.1943 5.2149
v -0.6698 4.8794 5.3270
v -0.6779 5.1668 5.3644
v -0.6405 4.8774 5.1730
v -0.4971 4.2770 5.0876
v -0.5235 5.3291 5.1149
v -0.5049 5.0453 5.2823
v -0.5310 5.3129 5.2835
v -0.2681 5.5844 5.4516
v -0.4673 5.3465 5.3744
v -0.4640 4.9206 5.1108
v -0.5521 3.7509 5.3748
v -0.3388 4.5031 5.4800
v -0.3114 4.6341 5.3991
v -0.1650 6.2438 5.5441
v 0.0034 4.8781 5.6077
v -0.1526 4.3764 5.7806
v 0.1804 5.0728 5.5133
v -0.1082 4.2773 5.5634
v -0.1258 4.5384 5.7019
v -0.0631 4.2743 5.7309
v 0.1057 4.1286 5.7275
v -0.1269 4.5184 5.8139
v -0.1338 4.2255 5.6756
v 0.0513 4.0831 5.6563
v -0.0347 4.6310 5.8342
v -0.0104 4.6819 5.6909
v -0.0425 4.6388 5.5917
v -0.0334 4.1374 5.7632
v -0.0112 4.1980 5.9180
v 0.2660 4.2323 5.9946
v 0.0164 4.4883 5.9845
v 0.2669 4.6960 5.8153
v 0.3309 4.6917 5.5979
v 0.1729 4.1021 5.9026
v -0.0346 4.5607 5.7252
v 0.3074 4.4146 6.0077
v 0.2966 4.7084 5.6968
v 0.3879 3.5681 5.5407
v 0.1967 4.0708 5.7582
v 0.1269 4.7205 5.5981
v 0.1203 4.6123 5.9473
v 0.3576 4.5912 5.7676
v 0.3251 4.5594 5.9557
v 0.3678 4.8624 5.6209
v 0.1277 4.6591 5.7339
v 0.3818 4.2104 5.9251
v 0.2174 5.0153 5.6131
v 0.4707 4.5700 5.6549
v 0.4040 4.3742 5.9614
v 0.4509 4.1898 5.7871
v 0.3134 4.0831 5.6443
v 0.3809 4.6438 5.8226
v 0.4788 4.4700 5.5605
v 0.5312 4.4226 5.6791
v 0.3868 4.1939 5.7398
v 0.5136 4.3511 5.8062
v 0.7101 4.4636 5.4810
v 0.4325 4.2010 5.5569
v 0.4595 4.1738 5.6601
v 0.7084 4.6121 5.3722
v 0.7122 5.2423 5.3668
v 0.8847 5.3420 5.3219
v 0.6740 5.5925 5.4247
v 0.8359 5.1639 5.3654
v 0.8220 4.8142 5.0947
v 0.8613 5.3657 5.1371
v 0.8712 5.0481 5.2866
v 0.9590 3.7791 5.3910
v 1.4582 4.9900 4.9286
v 0.9816 5.0433 5.3559
v 0.9629 4.8660 5.2062
v 1.6162 4.8819 4.9466
v 0.9758 5.1988 5.2236
v 1.0648 4.7419 5.3112
v 1.1876 4.9155 5.3895
v 1.1654 5.4193 5.3397
v 1.1894 4.6020 5.0971
v 1.2229 2.8676 4.9452
v 1.3655 4.9167 5.3768
v 1.3953 3.5972 4.9076
v 1.4612 4.6905 4.9898
v 1.6403 5.0443 5.2056
v -1.2178 5.1573 5.3263
v -0.0144 4.1315 5.5719
v 1.4286 4.7854 5.2840
v 0.0639 1.7246 4.8252
v -0.5409 1.2766 4.7185
v -0.1613 1.9378 5.1338
v -0.2194 2.1487 5.3378
v -0.2845 2.5949 5.0530
v -0.2219 2.0273 5.2553
v -0.4789 2.6693 5.2257
v 0.0546 1.7399 5.3369
v 0.0470 1.7510 5.0745
v -0.1782 3.4307 5.5976
v -0.1369 3.0909 5.7028
v -0.1851 3.3301 5.7047
v 0.0478 3.6320 5.6115
v -0.0571 2.1866 5.3676
v 0.0250 2.9604 5.4855
v -0.1549 3.1066 5.5486
v -0.0730 3.3505 5.8883
v -0.1306 3.4563 5.7538
v -0.1676 3.2392 5.4839
v 0.0437 3.6321 5.5499
v -0.0818 2.3586 5.4844
v -0.0644 2.3095 5.5692
v 0.0091 3.4802 5.8820
v -0.0003 3.0162 5.8265
v -0.0634 2.1268 5.5339
v 0.0517 2.4968 5.4885
v 0.0274 2.0458 5.3533
v 0.3342 1.7498 5.2616
v -0.0284 2.9662 5.5868
v -0.0896 3.1023 5.6602
v 0.1447 3.5869 5.6786
v 0.1589 3.4083 5.9569
v 0.0413 2.9409 5.7005
v 0.2280 3.5530 5.8524
v 0.2256 2.9360 5.4864
v 0.0227 3.1006 5.9183
v 0.0974 1.9562 5.4352
v 0.2505 2.0075 5.3591
v 0.0680 3.6316 5.7362
v 0.1985 2.1321 5.6852
v 0.1570 2.3542 5.6855
v 0.3403 2.4469 5.4299
v 0.3825 2.9848 5.7269
v 0.3453 3.5344 5.6832
v 0.3954 3.4137 5.8879
v 0.3281 2.4435 5.5461
v 0.0587 2.4611 5.5700
v 0.3284 2.9691 5.6797
v 0.1809 1.9558 5.5139
v 0.4071 2.1002 5.5278
v 0.3828 2.9755 5.5845
v 0.4272 3.1906 5.8913
v 0.3936 3.0067 5.4758
v 0.3783 2.1279 5.3591
v 0.2509 1.9546 5.4092
v 0.3028 2.2759 5.6726
v 0.2234 2.9947 5.8807
v 0.4246 2.3867 5.4746
v 0.4695 2.2291 5.0545
v 0.4522 2.2687 5.4655
v 0.4870 3.1234 5.6835
v 0.4318 3.4329 5.7672
v 0.5256 1.9365 5.2530
v 0.5357 2.0534 5.3290
v 0.4735 3.4847 5.7012
v 0.3550 3.6036 5.7340
v 0.5395 3.2631 5.6035
v 0.5234 3.2039 5.7362
v 0.5925 2.4740 5.0487
v 0.4985 3.4685 5.5626
v 0.9123 3.0373 5.2303
v 0.5747 1.9984 5.1500
v 0.7982 2.5623 5.2859
v 0.5787 5.0470 4.9230
v 0.7922 1.2099 4.7300
v 0.8236 2.9818 5.3821
v 0.8249 3.6417 5.3813
v 1.6134 1.6514 4.5112
v 0.7961 3.2268 5.0522
v 1.3031 2.6485 5.1251
v 1.2591 2.4002 4.9112
v 1.0743 2.4270 4.9628
v 1.1375 2.3942 5.1291
v 1.2913 2.3722 5.0789
v 1.2220 4.5856 5.2403
v 1.3609 4.4464 5.2706
v 1.4577 2.6876 4.8818
v 1.3303 2.1818 4.8843
v 1.6533 5.1644 4.6220
v 1.4474 2.1908 4.8530
v 1.4358 3.6078 4.9195
v 1.3827 2.1416 5.0241
v 1.4952 2.7071 5.0229
v 1.4834 2.1820 5.0357
v 1.6215 2.6470 4.9994
v 1.5757 2.6165 4.8085
v -2.3472 2.3980 4.1531
v -2.1806 2.4060 4.0847
v -2.3031 2.7467 4.2262
v -2.0694 4.2042 4.3776
v -1.1992 4.3588 4.6243
v -1.1933 1.6511 4.5451
v -1.9064 3.8511 4.2375
v -1.1132 2.6873 4.8899
v -1.2267 2.6466 4.8398
v -1.1394 2.7307 5.0306
v -1.2962 2.6366 5.0000
v -1.0914 2.6619 5.1030
v -0.9736 2.3970 5.1075
v -0.8740 5.9331 5.0721
v -1.0805 3.8948 5.1783
v -1.1565 2.1843 5.0254
v -1.0357 2.1730 5.0718
v -0.6805 4.1004 4.8070
v -0.7333 2.3822 4.9641
v -0.9810 2.1746 4.8887
v -0.8987 2.3824 4.9195
v -0.7540 2.4002 5.1144
v -0.4798 3.4459 5.0533
v -0.6229 3.6888 5.2311
v -1.2416 1.3449 4.7277
v -0.8387 2.6319 4.9438
v -2.2015 2.0749 4.1915
v -1.9571 1.7112 4.3872
v -2.2635 2.1715 4.2389
v -1.7516 1.4161 4.4222
v -1.0342 0.7271 4.4720
v -1.4845 1.3282 4.3349
v -1.1243 0.8037 4.5395
v -0.3264 0.5604 4.8594
v 0.1990 0.1589 4.4910
v -1.0881 2.2142 4.8545
v -0.6302 0.4394 4.6037
v -0.5240 0.8339 4.6411
v -0.3918 1.4251 4.9919
v 0.1855 0.6029 4.7264
v -0.4003 1.3064 5.1297
v -0.1201 0.7459 4.9588
v -0.1787 1.3609 5.3036
v -0.3536 1.4485 5.1714
v 0.1525 0.0000 4.5249
v -0.0791 1.4132 5.2741
v -0.2314 1.4135 5.2208
v -0.0845 1.2832 5.2425
v -0.2731 1.0015 5.0999
v -0.1899 0.1708 4.5965
v 0.1677 0.4676 5.0541
v 0.2536 1.1986 5.2859
v 0.8113 0.7753 4.8947
v 0.5006 1.6234 5.2780
v 0.1868 1.7867 5.3465
v 0.5601 0.8530 5.1086
v 0.2981 1.7493 5.0612
v 0.6300 0.6714 4.6576
v 0.7257 0.3068 4.6194
v 0.4669 1.3844 5.3018
v 1.1928 0.7692 4.4163
v 0.7559 1.4647 4.9890
v 0.7711 1.3831 5.1595
v 0.5581 1.3180 5.2854
v 0.4625 1.2662 5.2402
v 0.5933 1.3346 5.2130
v 0.5090 0.7709 4.9529
v 0.7618 1.2214 5.1174
v 1.0735 0.4967 4.5356
v 2.1347 1.7028 4.2445
v 2.0387 1.3870 4.3547
v 1.5768 0.9334 4.5295
v 2.0689 1.4793 4.4505
v 0.2183 0.4672 4.9246
v 0.1750 0.0103 4.5935
v -0.0488 13.1795 3.7895
v 0.2781 13.2751 3.6924
v 0.6746 13.4500 2.6296
v 0.3676 13.2483 3.8561
v 0.7893 12.9233 3.6767
v 0.5111 12.9126 3.6824
v 0.7018 13.1476 3.4737
v 0.8458 12.6567 4.2162
v 1.6915 12.6240 3.5861
v 0.8124 13.4887 3.1145
v 1.5615 12.0338 3.6290
v 1.0355 13.7899 2.0103
v 1.4452 13.4518 2.7197
v 1.5600 13.2365 2.8892
v 1.6612 13.0769 3.0741
v 1.7207 12.9223 3.1264
v 1.5746 13.6824 1.5987
v 2.2446 13.1812 2.8542
v 2.0679 13.4222 2.4175
v 1.5265 14.0216 1.8913
v 1.7631 13.6886 2.2251
v 1.6069 13.5569 2.9599
v 2.0385 13.2280 2.6051
v 1.9528 12.9331 3.4909
v 1.6646 13.8592 0.9909
v 2.2813 13.4177 0.7879
v 2.7411 12.8375 1.3109
v 2.3127 12.7380 2.9520
v 2.2407 13.7761 1.2031
v 2.4730 12.4463 3.1174
v 2.5188 12.6801 2.9435
v 3.0865 12.9259 1.6927
v 2.8062 13.2677 1.4004
v 2.7997 12.1081 3.5110
v 2.9015 13.3456 0.7295
v 2.5607 13.2227 -0.0014
v 2.9913 12.6695 0.9169
v 3.1431 13.4133 0.8434
v 2.9057 13.4709 1.4280
v 2.5148 13.7228 0.6053
v 3.1261 12.2837 1.5692
v 3.2141 12.4797 0.0516
v 3.1831 12.8151 1.5583
v 3.2341 12.9570 0.8358
v 3.6263 12.8564 1.0304
v 3.4306 12.7666 -0.9385
v 2.6387 13.6310 -0.6393
v 3.7246 12.0069 1.9716
v 3.4435 12.4521 1.6601
v 3.6626 12.5456 1.6856
v 3.3969 12.8763 0.7638
v 3.4837 12.6507 0.8980
v 3.7137 12.0193 1.7779
v 3.9175 12.1179 0.9956
v 3.9360 11.6217 1.8949
v 3.9937 11.0312 1.2199
v 3.6737 12.7702 0.9725
v 4.2478 10.9259 2.1044
v 4.0784 11.9574 1.6424
v 4.0492 11.9208 1.8728
v 1.3350 13.4510 2.9761
v 3.0337 13.3059 0.6663
v 0.1394 15.3837 0.3611
v 0.1110 13.9860 2.0021
v 0.0084 15.4437 -0.0363
v 0.4876 14.2763 1.3679
v -0.0266 14.1679 1.6366
v 0.2332 13.0176 3.1928
v -0.0535 15.0289 1.1681
v 0.1518 15.0998 1.2417
v 0.2237 15.4467 0.2196
v 0.3170 15.3003 0.5713
v 0.2913 15.3232 0.8223
v 0.3942 14.5854 0.0671
v 0.0739 14.2609 2.5178
v 0.3606 15.2756 0.3778
v 0.3319 14.5655 2.2733
v 0.1434 14.7236 1.9532
v 0.4781 14.5854 2.0742
v 0.2694 14.9799 1.2824
v 0.4369 14.4677 0.8062
v 0.2997 15.3813 0.3356
v 0.1857 14.4298 2.4662
v 0.3659 15.3459 -0.3383
v 0.4919 14.9928 1.1473
v 0.4716 15.1075 -0.4387
v -0.3014 13.6922 3.2446
v 0.4845 15.3451 0.1669
v 0.4692 15.2329 0.6455
v 0.1426 15.2038 -0.4918
v 0.1836 15.2502 0.5213
v 0.4345 15.2072 -0.4278
v 0.3337 15.4359 -0.1887
v 0.5703 15.1050 0.7595
v 0.3979 15.2399 1.0215
v 0.7629 14.3114 2.3871
v 0.5035 15.3534 -0.1247
v 0.4916 15.1515 0.3303
v 0.6157 15.1243 -0.2558
v 0.5012 15.2182 0.3710
v 0.6507 15.1435 0.0649
v 0.5176 15.2062 0.2328
v 0.5674 14.2010 2.0757
v 0.8888 14.0869 2.2280
v 0.5094 14.5256 2.0796
v 0.6532 13.8219 2.7460
v 0.5369 14.2975 1.8387
v 0.5843 15.2049 0.0374
v 0.8648 14.8525 1.2174
v 0.9818 14.3950 0.2726
v 0.5924 14.0000 2.4645
v 0.5821 14.5732 1.2688
v 0.9030 14.2145 1.7702
v 0.7669 14.4629 1.6956
v 0.6605 15.0421 0.6950
v 0.5741 15.0365 0.5748
v 0.7349 14.6202 1.6115
v 0.9544 14.5915 1.1641
v 0.9435 14.9820 0.4121
v 0.6978 14.7493 0.8681
v 1.0283 14.0615 2.0099
v 1.3550 14.3394 1.9264
v 0.9792 14.1480 1.3188
v 1.8318 14.4018 0.9784
v 1.5413 14.6486 -0.4045
v 1.3429 14.7862 0.2751
v 1.6858 13.9052 -0.7678
v 1.1899 14.2959 -0.2006
v 0.7310 14.7962 0.0642
v 1.3177 14.0248 2.4718
v 1.3469 14.2216 1.6473
v 0.9155 14.9583 0.0555
v 1.2959 14.6027 -0.1864
v 1.4439 14.5525 -0.1673
v 0.7170 14.8598 0.8049
v 1.3693 14.4384 0.9621
v 2.4865 13.8809 1.2783
v 1.0950 14.6998 0.1435
v 1.7100 14.2319 1.2012
v 1.2282 13.8006 2.3701
v 1.6975 13.9672 0.1730
v 1.4258 14.3304 1.8037
v 1.4880 14.5230 0.2641
v 1.7635 13.8880 2.3848
v 1.6202 14.3971 -0.3490
v 1.7054 14.2173 1.0399
v 2.2992 14.1032 -0.9948
v 2.3168 14.1214 -0.7557
v 2.0734 14.0952 0.4597
v 2.6713 13.3946 1.5143
v 2.3202 14.1427 0.6027
v 2.4115 13.9653 -0.6915
v 1.9757 14.1227 -0.5082
v 2.2780 13.8665 -0.6236
v 2.5442 13.0108 -1.2909
v 2.5875 13.5984 -0.7567
v 0.7190 13.8743 3.0451
v 0.1489 14.6953 1.7931
v 1.9323 14.3484 0.4008
v 0.6117 13.7874 -2.2550
v 0.0291 15.1361 -1.1919
v 0.1549 15.0648 -1.3152
v 0.1453 14.8387 -1.4516
v 0.5699 14.7866 -1.4611
v 0.3120 15.2025 -1.0339
v 0.0250 14.7468 -1.9971
v 0.2888 15.1876 -0.7767
v 0.1022 15.2732 -0.8512
v 0.0465 15.2159 -0.6501
v 0.0291 14.5334 -2.4608
v 0.0637 14.6685 -1.8880
v 0.2907 14.6739 -2.1757
v 0.3599 14.8913 -1.3725
v 0.3911 14.5701 -2.2559
v 0.2469 14.4719 -0.8899
v 0.5812 14.3569 -1.1132
v 0.2472 15.2323 -0.6712
v 0.3168 15.0863 -0.7070
v 0.2478 15.1969 -0.6408
v 0.4249 15.0970 -1.0927
v 0.4109 15.1270 -0.9016
v 0.2938 15.2423 -0.8259
v 0.7246 14.5056 -0.2106
v 0.3273 14.6971 -2.0212
v 0.3686 14.5924 -2.0107
v 0.3262 14.3117 -2.4666
v 0.3557 14.4621 -2.4301
v 0.6302 14.4249 -2.2340
v 0.4850 14.9772 -1.1393
v 0.4048 14.4418 -2.2526
v 0.4175 15.1663 -0.7697
v 0.5623 14.7490 -0.8929
v 0.4907 14.8557 -0.7299
v 0.4636 15.1156 -0.5391
v 0.6059 15.0535 -0.6318
v 0.5661 15.1369 -0.6874
v 0.5830 14.9469 -0.6550
v 1.0034 14.1743 -1.2284
v 0.8229 14.4701 -2.0113
v 0.9525 14.6356 -0.8863
v 0.6686 14.5796 -1.7539
v 0.7249 14.3596 -1.9396
v 0.8328 14.2372 -1.8906
v 0.6624 14.2664 -1.9541
v 0.7026 14.3676 -1.7629
v 0.7079 13.9735 -2.5116
v 0.7474 13.7827 -2.8011
v 0.7768 13.7997 -2.9526
v 0.7993 14.6600 -1.0888
v 1.0085 13.9659 -2.2880
v 1.1538 14.5580 -1.0531
v 1.2637 14.4371 -1.8599
v 0.9340 14.5636 -1.3098
v 1.1699 14.3135 -2.2215
v 1.4881 13.3756 -3.2818
v 1.5824 13.8126 -1.3028
v 2.0049 13.9458 -1.2790
v 2.2111 14.0527 -1.2763
v 1.7377 14.1591 -1.1639
v 1.5149 13.9102 -2.1244
v 1.7794 13.7953 -2.5610
v 1.1509 14.3444 -1.6286
v 1.6112 13.7679 -2.2508
v 2.1397 14.0233 -1.3141
v 1.8221 13.4574 -2.5441
v 2.6992 13.5983 -1.5003
v 3.2009 12.5784 -1.9722
v 2.9789 13.2101 -0.9069
v 3.0262 13.4345 -0.9609
v 2.7939 13.1565 -1.7761
v 3.3569 12.7647 -1.0441
v 3.6046 12.4167 -1.1419
v 1.1450 14.6836 -0.8904
v 0.2615 13.0747 -4.2389
v 0.2162 12.8947 -4.3418
v 0.3718 12.8897 -4.1886
v 0.1823 13.2093 -3.7938
v 0.2493 13.2086 -3.8893
v 0.7384 13.0619 -3.8575
v 0.6777 13.8367 -3.0651
v 0.3370 13.1363 -4.1025
v 0.6847 12.3427 -4.5022
v 0.3993 13.0348 -4.0456
v 0.3524 12.8320 -4.1517
v 0.3405 13.0988 -3.8913
v 0.9663 12.6889 -3.3532
v 1.1632 13.3285 -2.5767
v -0.0762 11.3235 -4.4799
v 1.1812 11.7230 -4.0510
v 0.7655 11.6552 -4.9010
v 0.7087 14.4036 -2.0945
v 0.7902 13.1344 -3.5562
v 0.7608 13.3946 -3.2550
v 0.7449 13.0641 -3.5557
v 1.5740 12.6833 -3.6793
v 1.0706 13.6021 -2.9200
v 0.6833 12.3183 -4.1753
v 0.6808 12.6414 -3.9125
v 1.0943 11.6411 -4.5940
v 1.8349 12.8016 -2.7231
v 1.1210 13.7229 -2.6137
v 1.2407 13.5116 -2.8489
v 1.3959 13.2282 -3.1063
v 1.0986 13.8364 -1.8669
v 1.4932 13.0380 -3.2536
v 1.6695 12.6557 -3.5448
v 1.2720 13.8145 -2.9059
v 1.7649 13.0448 -3.5628
v 1.9664 11.6243 -4.3007
v 1.7412 12.4514 -3.6968
v 1.6156 13.7874 -2.7857
v 2.1733 13.1560 -3.1366
v 1.9812 12.3757 -4.0241
v 1.9277 13.4655 -2.5159
v 1.9229 13.2803 -2.6984
v 2.1754 13.0872 -1.8267
v 2.3548 12.8381 -3.2355
v 2.2413 12.7357 -3.0760
v 2.3803 12.4346 -3.2432
v 3.0209 12.0814 -1.9983
v 2.5165 12.0915 -3.4339
v 2.9379 12.9996 -1.6631
v 6.3848 13.7084 -2.4680
v 6.2692 12.9010 -2.3944
v 6.4024 13.7778 -2.1125
v 6.4651 14.5134 -2.3731
v 6.6499 13.8212 -1.7367
v 6.6444 14.3149 -2.8946
v 6.5286 14.5599 -2.1877
v 6.6324 15.2831 -2.4041
v 6.6138 12.9861 -1.5335
v 6.7608 13.4523 -2.9624
v 6.3644 12.8294 -2.6869
v 6.6625 14.5407 -1.9793
v 6.7678 15.3386 -2.1816
v 6.9246 13.7708 -1.6078
v 6.8476 15.0515 -2.9247
v 6.9728 16.0071 -2.3357
v 6.8444 14.5453 -1.8650
v 6.8557 15.9321 -2.5940
v 6.8061 14.2349 -2.9672
v 6.8873 13.0115 -1.4438
v 6.9696 12.5886 -3.0008
v 7.0189 14.8912 -2.9543
v 7.0527 13.3964 -2.9834
v 6.8388 14.0185 -1.7167
v 7.0749 14.1262 -2.9464
v 7.1372 16.4602 -2.6062
v 7.1013 15.6471 -2.9162
v 7.2441 14.3265 -1.8276
v 7.1294 16.3854 -2.7338
v 7.3148 16.3070 -2.8757
v 7.2891 14.7405 -2.8102
v 7.0946 15.9774 -2.2008
v 7.0306 15.1556 -1.9972
v 7.2955 15.5007 -2.8136
v 7.3244 13.9873 -2.8185
v 7.3940 16.2001 -2.8690
v 7.3539 15.0290 -2.6968
v 7.4772 14.1551 -1.9957
v 7.5388 16.9716 -2.7124
v 7.4309 14.9149 -2.1836
v 7.2407 15.0156 -2.0019
v 7.3294 13.3477 -2.8316
v 7.3319 15.7369 -2.1394
v 7.5995 16.9069 -2.8401
v 7.3958 14.7172 -2.6406
v 7.4782 16.3828 -2.2598
v 7.3280 16.5566 -2.3482
v 7.4589 14.8329 -2.3242
v 7.6373 17.0560 -2.5688
v 7.4664 15.5109 -2.4245
v 7.4561 13.3748 -2.7205
v 7.4857 14.3190 -2.4020
v 7.5375 14.0244 -2.3994
v 7.5921 16.2044 -2.4013
v 7.7262 12.6265 -1.9665
v 7.5650 13.4233 -2.5042
v 7.6184 11.7015 -2.5675
v 7.9130 17.0442 -2.5738
v 7.7109 16.8766 -2.8705
v 7.6886 12.7453 -1.8665
v 7.7663 17.1831 -2.7490
v 7.7465 11.6803 -2.2248
v 7.8245 17.1195 -2.5550
v 7.9912 17.2429 -2.8166
v 8.0000 17.2560 -2.7517
v 6.4474 13.6335 -2.6943
v 6.4790 14.4219 -2.6504
v 6.6777 15.1182 -2.8151
v 6.8917 15.7754 -2.8196
v 7.4489 14.2556 -2.0057
v 7.4437 15.5830 -2.2771
v 7.3918 13.5698 -1.6931
v 7.3425 12.9318 -1.4723
v 7.6015 16.1541 -2.5656
v 7.6285 13.4365 -2.2620
v 7.5908 13.5240 -1.9792
v 7.7354 12.6568 -2.1618
v 4.5723 10.8149 1.1864
v 3.9329 11.9812 -1.1502
v 3.7729 12.5204 0.9557
v 4.7671 10.6306 1.3413
v 4.3970 9.9329 1.3548
v 3.6200 11.2694 2.0295
v 4.0983 12.0480 1.5728
v 4.3015 11.7082 1.5994
v 4.1321 12.0952 1.1344
v 4.1879 10.2285 -1.6343
v 4.7086 10.9132 1.3985
v 4.5620 10.6973 -1.5054
v 4.4470 11.4605 -1.5318
v 4.5315 11.1920 -1.4669
v 4.7672 10.8859 -0.8016
v 4.5969 10.7699 -0.5769
v 4.7073 10.7443 -1.5609
v 4.7439 10.9226 -1.0545
v 4.5826 10.6609 1.2621
v 4.6826 10.7975 -1.2600
v 4.9812 9.5873 0.6580
v 4.7073 10.5498 -0.0833
v 4.9807 10.8905 -0.6002
v 4.9116 9.9429 0.4728
v 5.1377 10.0984 0.4030
v 5.0832 10.5927 -0.0146
v 5.2661 11.2067 -1.2298
v 5.1798 11.1278 -1.5271
v 4.9527 10.9420 -0.6191
v 5.3638 10.7292 -0.1440
v 5.6191 10.2987 0.1967
v 5.6894 11.6592 -1.7511
v 5.5733 11.1504 -0.6354
v 5.3918 11.2328 -0.9784
v 5.7997 10.9565 -0.3738
v 5.7133 10.4441 0.0974
v 5.8211 11.3095 -2.5930
v 5.7940 11.7604 -1.5853
v 5.6708 11.5201 -2.1715
v 5.7086 11.6457 -2.0321
v 6.0090 10.2319 0.1369
v 6.0768 10.4945 -0.0433
v 6.1510 12.0162 -2.6676
v 5.7989 11.3925 -2.4503
v 6.0780 11.7301 -1.0907
v 5.9711 10.0842 0.1996
v 6.1933 10.8211 -0.2734
v 5.8023 10.3295 0.1747
v 6.1625 12.3494 -1.6329
v 6.1423 11.8112 -1.1101
v 6.0662 12.2921 -2.0469
v 6.5342 11.6938 -0.8788
v 6.3826 11.2274 -0.5898
v 6.4327 12.3817 -1.3229
v 6.2930 12.9747 -1.9304
v 6.6952 10.4820 -0.2839
v 6.3981 13.0020 -1.7362
v 6.8625 11.3242 -0.7112
v 6.7984 11.0668 -0.5863
v 6.6513 12.6515 -2.9466
v 6.9050 11.5390 -0.8240
v 7.0805 11.3901 -0.8289
v 7.1573 12.2173 -1.1728
v 7.1288 10.1555 -0.7208
v 7.3047 12.5628 -1.3475
v 7.2711 12.5426 -2.9287
v 7.2520 11.3258 -0.8902
v 7.4312 12.0485 -1.2885
v 7.6934 12.2916 -1.7410
v 7.5118 12.5712 -2.7524
v 7.5121 12.8692 -1.5924
v 7.6819 11.3676 -1.5795
v 7.6796 12.6043 -2.4254
v 7.7751 11.7516 -1.9113
v 7.7750 11.8207 -2.0552
v 7.6269 12.0179 -1.4961
v 5.8881 11.7915 -1.3681
v 6.0264 12.2022 -2.1086
v 6.1014 12.1457 -2.4355
v 6.0768 11.3250 -0.6961
v 5.8221 11.1119 -0.4918
v 6.5175 10.5760 -0.2243
v 6.7445 12.2700 -1.1639
v 6.8911 12.7272 -1.3214
v 7.1655 12.9709 -1.4029
v 7.4143 11.0419 -1.0248
v 7.3478 11.6982 -2.8639
v 2.4732 11.6203 -4.2973
v 2.6279 12.1555 -3.7188
v 3.3268 11.9055 -2.6712
v 2.6324 11.7586 -3.6222
v 2.7063 11.8654 -3.5439
v 2.7294 11.8009 -3.7183
v 2.7298 11.3818 -3.7893
v 3.4477 11.3576 -3.0465
v 3.3340 12.8217 -1.8216
v 3.2839 11.0038 -2.8086
v 3.3398 12.3745 -1.8561
v 3.2346 13.2411 -1.1473
v 3.1867 12.3482 -1.0026
v 3.8209 11.4074 -0.9559
v 3.6404 11.8573 -2.0070
v 3.8854 12.4081 -1.3169
v 4.0968 11.0041 0.3359
v 3.7123 11.6757 0.7940
v 3.8447 11.9910 -1.2395
v 4.2353 11.6015 -0.2735
v 3.5108 12.7276 -0.1098
v 4.1296 11.9242 -1.6686
v 4.1634 11.7555 -1.8703
v 4.1584 11.4280 -2.2732
v 4.4748 10.6345 -2.4752
v 4.3538 11.1214 -1.4167
v 4.0678 11.5225 -1.3510
v 4.0025 11.1220 -2.1836
v 4.5045 10.7892 -1.0575
v 2.3042 12.8020 -3.0172
v 4.3127 9.3654 -2.0331
v 4.4925 9.8858 -0.7422
v 4.6342 9.1889 -1.0079
v 4.7272 9.0874 0.1807
v 4.5469 9.7533 0.6214
v 4.8208 7.6302 -1.1588
v 4.8626 7.9492 -0.5772
v 5.0309 8.5300 -2.2935
v 4.7908 8.3512 -2.4997
v 4.9930 9.5567 -2.4325
v 4.8878 8.3073 -2.0045
v 5.0735 8.2636 -1.7325
v 4.9285 8.4077 -1.8159
v 4.9769 8.3211 -2.1571
v 5.1122 9.0010 0.6590
v 5.3727 9.4759 0.6136
v 5.0633 8.4123 -1.7229
v 4.9910 8.8670 -1.9862
v 5.1006 8.5009 -1.5277
v 5.1771 8.6266 -1.7295
v 5.1821 8.2349 -0.8964
v 5.2218 8.3361 -0.1049
v 5.1611 8.6923 0.4520
v 5.1657 8.3985 -1.2586
v 5.8203 8.5971 -1.5310
v 5.6131 9.3696 0.4857
v 5.8571 8.8038 -1.9556
v 5.2820 9.3430 -2.4415
v 5.6402 8.9890 -2.1394
v 5.6533 8.9831 -2.2056
v 5.7601 9.3616 -2.4463
v 5.9520 8.5297 -0.5054
v 5.4305 8.2342 -2.0488
v 5.7071 8.2438 0.5841
v 5.8293 9.0783 0.2530
v 6.0676 8.5564 -1.1370
v 5.7820 8.1621 -0.2050
v 6.1110 8.8577 -0.1170
v 5.8734 9.8187 0.3203
v 6.2420 9.1621 -2.1922
v 6.1939 8.6490 -1.4298
v 5.8551 10.1447 -2.7440
v 6.1143 9.9489 -2.7416
v 6.5646 9.6623 -2.5020
v 6.1847 8.5904 -0.7940
v 6.6677 10.7761 -2.9194
v 6.4086 8.7911 -1.4615
v 6.4204 8.8825 -0.4543
v 6.3546 8.6497 -1.0450
v 6.5788 9.5609 -2.4013
v 6.3882 8.7173 -0.7187
v 6.8172 10.3554 -2.7711
v 6.4683 9.0750 -1.9473
v 6.2783 9.5776 0.0714
v 6.3356 9.3195 -0.0464
v 6.5786 9.3662 -0.3086
v 6.7040 9.7672 -0.2854
v 6.1438 9.8938 0.1753
v 6.6472 8.9854 -0.8205
v 6.8831 9.4101 -0.7258
v 7.0231 9.4524 -1.4254
v 6.8383 11.7609 -3.0144
v 7.0078 10.2646 -2.6140
v 6.9709 9.7844 -0.6221
v 6.9257 9.9291 -0.5700
v 6.8824 10.1933 -0.3827
v 7.0897 9.5679 -1.2112
v 7.0679 9.7076 -0.8617
v 6.8859 9.5493 -2.0200
v 7.0590 9.5541 -1.7872
v 7.1245 11.6706 -2.9665
v 7.2146 9.7459 -1.4065
v 7.2761 10.6526 -2.5521
v 7.0990 10.7223 -2.7667
v 7.3833 10.6346 -2.4729
v 7.4946 10.3941 -1.6065
v 7.5556 10.8334 -1.3420
v 7.6193 10.8138 -1.6050
v 7.4082 11.1686 -1.0212
v 5.6573 8.3842 -0.6828
v 6.7578 9.0677 -1.4282
v 6.9016 9.4601 -1.9353
v 7.1677 9.8739 -2.0895
v 7.6093 10.7099 -1.9524
v 3.0990 10.5669 -3.4228
v 3.8229 10.6869 -2.1502
v 3.6969 9.9061 -2.9801
v 4.4613 9.8408 -2.5469
v 4.3314 10.2429 -2.3552
v 4.6950 8.2514 -2.6836
v 4.4128 9.9268 -2.3678
v 4.4700 9.6848 -2.4132
v 4.5372 9.3524 -2.3936
v 4.6579 10.1396 -2.5400
v 4.6603 9.5163 -2.6372
v 4.5355 9.4645 -2.5366
v 4.6255 8.7255 -2.3646
v 4.6569 10.6162 -2.1967
v 4.6520 10.3689 -1.9857
v 4.6660 10.0965 -2.2275
v 4.8097 9.9608 -2.3210
v 4.7194 9.7589 -2.3344
v 4.7524 10.2147 -2.2201
v 4.6901 10.5824 -1.8180
v 4.8267 8.6654 -2.6230
v 4.8768 9.1134 -2.1838
v 4.7030 10.1449 -2.4567
v 5.1956 10.2295 -2.4327
v 5.1688 10.8333 -2.0866
v 4.9028 9.8556 -2.4331
v 5.1387 9.4456 -2.3996
v 5.0725 9.5826 -2.4862
v 5.2838 9.2592 -2.3646
v 5.1381 11.0039 -1.8127
v 5.3292 10.5678 -2.4149
v 5.2871 10.7671 -2.2771
v 5.4916 10.4940 -2.5775
v 5.6021 10.3341 -2.6161
v 6.0523 11.1124 -2.8236
v 5.9887 9.9163 -2.7055
v 6.0032 11.2780 -2.7693
v 6.3803 10.9175 -2.9376
v 6.3814 11.9477 -2.8596
v 4.0993 10.9658 -2.4206
v 3.7974 7.8004 -3.5195
v 4.3472 8.5150 -2.3036
v 4.3346 6.8551 -2.4886
v 4.4019 6.1995 -2.6230
v 4.3255 7.9818 -2.3756
v 4.4406 7.8319 -2.3918
v 4.4385 4.6807 -2.7660
v 4.4323 7.2573 -2.4635
v 4.3292 5.9148 -2.6931
v 4.6151 6.0903 -1.5016
v 4.5213 4.4661 -2.6259
v 4.3900 5.1520 -2.8669
v 4.2147 6.2481 -3.6992
v 4.2886 5.0284 -2.8366
v 4.7305 4.4717 -1.9597
v 4.0187 8.2787 -3.8519
v 4.1179 8.2570 -3.5801
v 4.4232 5.6035 -2.8143
v 4.6930 5.0624 -2.6276
v 4.6734 5.4616 -2.6249
v 4.5761 7.7563 -3.7638
v 5.0101 8.2455 -3.1089
v 4.6644 6.7803 -3.2564
v 4.5111 6.7195 -3.7511
v 4.6548 6.7719 -3.5632
v 4.7284 6.6440 -1.5448
v 4.5226 6.6722 -1.4835
v 4.6166 7.4234 -1.4850
v 4.5851 6.6425 -3.4858
v 4.6938 7.7074 -3.5548
v 4.9175 8.1858 -3.3563
v 4.6958 8.4789 -2.5767
v 4.6286 8.4633 -2.5028
v 4.7218 6.1216 -2.7821
v 4.1542 6.1169 -3.6785
v 4.7512 5.4539 -2.4604
v 4.7622 7.0841 -1.5916
v 4.7021 5.7613 -1.6525
v 4.7804 4.6149 -2.3787
v 4.8085 6.8945 -3.5529
v 4.8063 7.2239 -3.7739
v 4.7710 6.4951 -1.7608
v 4.8244 5.5659 -2.3431
v 4.8170 7.3682 -3.5424
v 4.8600 7.0893 -3.2343
v 4.5304 7.4889 -3.9924
v 5.1443 8.1803 -2.9051
v 4.7921 7.4496 -3.2948
v 4.8784 7.3427 -3.3242
v 4.8550 4.9515 -1.6796
v 4.8105 6.2186 -1.5491
v 4.7507 6.9800 -3.1870
v 4.8448 6.0932 -1.7741
v 4.8071 5.9293 -2.1077
v 4.7969 7.3058 -3.2237
v 4.8816 7.2038 -3.5238
v 4.8361 7.1093 -3.4301
v 4.8650 6.1257 -1.6035
v 4.8341 5.8618 -1.7014
v 4.9255 5.1063 -2.1781
v 4.7087 8.2340 -2.5112
v 4.9273 8.2395 -1.9395
v 4.8146 8.2799 -2.2274
v 4.8383 5.0688 -2.4483
v 5.1439 6.1232 -1.6719
v 5.0144 6.7584 -2.5256
v 5.0446 6.9217 -2.6625
v 5.1203 7.2501 -2.7487
v 5.1034 6.6459 -2.2897
v 5.2545 7.3230 -2.5357
v 5.2913 6.7463 -2.0201
v 5.1934 6.9890 -2.5075
v 5.2009 7.5574 -2.6300
v 5.2191 6.7768 -2.2497
v 5.2930 6.2563 -1.2819
v 5.1256 7.5736 -2.6475
v 5.3201 7.2501 -2.5296
v 5.2847 6.9585 -2.4697
v 5.3965 7.0419 -1.4085
v 5.1970 6.6087 -1.8793
v 5.3978 6.8759 -1.5289
v 5.2949 7.7699 -2.3073
v 5.4361 6.8200 -1.9185
v 5.4447 7.4450 -2.2932
v 5.4143 6.9010 -1.7281
v 5.4192 7.1905 -2.3900
v 5.4073 7.5296 -2.1715
v 5.3551 6.7880 -2.1762
v 5.5068 7.4540 -2.0727
v 5.4815 7.4508 -1.8692
v 5.5490 7.1135 -1.9321
v 5.4523 7.5918 -1.6387
v 5.4883 7.3081 -1.4651
v 5.5341 7.0649 -1.7318
v 5.4884 7.1744 -1.6611
v 5.5533 7.3275 -1.8250
v 5.6468 7.5262 -0.5699
v 4.2824 5.3856 -2.8401
v 4.6360 8.4807 -1.4323
v 4.7970 5.1500 -2.3394
v 4.8603 5.6930 -2.1819
v 4.9922 6.9847 -2.6895
v 5.5514 8.1739 -1.7684
v 0.2465 11.6124 -5.2098
v 0.0855 11.1745 -5.4590
v 0.3610 11.4081 -5.1268
v 0.3018 11.5710 -5.1131
v 0.7032 10.5666 -5.5022
v 0.3546 11.2868 -5.2528
v 0.2164 11.6089 -5.0356
v 0.2643 11.1695 -5.2522
v 0.2796 11.1662 -5.3183
v 1.2195 8.5912 -5.2623
v 1.0891 10.1354 -4.8981
v 0.5045 10.6335 -4.8129
v 0.6891 10.6340 -5.1828
v 0.8247 10.5263 -5.3324
v 0.6895 10.8402 -5.0852
v 0.8281 10.5771 -5.4113
v 1.7259 10.1526 -5.0942
v 0.7218 10.3409 -5.3108
v 0.7255 10.0997 -5.4036
v 0.6954 8.8687 -5.9644
v 0.7986 8.3187 -5.9577
v 0.7621 9.1433 -5.6654
v 0.7138 11.7868 -4.5474
v 0.8387 8.3095 -5.8520
v 1.3703 8.2708 -6.1809
v 1.2478 11.0351 -4.4556
v 0.7425 9.7205 -5.5269
v 1.2782 7.7905 -6.1746
v 1.1679 8.2076 -5.6428
v 0.7970 8.2256 -5.7227
v 1.6088 8.1166 -5.4771
v 1.8259 10.7642 -4.3359
v 1.5654 12.3081 -3.4087
v 2.4235 10.9358 -3.8565
v 2.0992 9.2491 -4.7507
v 2.4722 7.5083 -4.8287
v 2.4121 9.8592 -4.9071
v 2.3761 10.9260 -4.7298
v 1.8821 12.0460 -3.9374
v 2.3678 10.5062 -4.1259
v 2.1770 11.1039 -4.4176
v 2.2693 10.7428 -4.5509
v 2.4626 10.9116 -4.7320
v 2.3510 10.3963 -4.6567
v 2.4206 10.0166 -4.7647
v 2.5107 8.9071 -5.1034
v 2.5444 9.1123 -4.9506
v 2.6937 9.5576 -5.0588
v 2.6716 8.5714 -5.1897
v 2.9771 10.1262 -4.7160
v 3.0598 10.8820 -4.2002
v 2.4195 11.9737 -3.0221
v 2.8879 9.0797 -5.1423
v 2.8092 8.7914 -5.2076
v 2.8265 11.1151 -3.9031
v 2.8887 9.1019 -5.0300
v 3.0151 9.1577 -5.0051
v 3.0722 10.7262 -4.3379
v 2.9941 9.0334 -5.1370
v 3.0899 10.0477 -4.2192
v 2.9999 10.5712 -4.0944
v 2.9842 8.7582 -5.1831
v 3.2126 8.8844 -4.9677
v 3.1535 9.0983 -4.8925
v 3.5480 8.8252 -3.6285
v 3.2361 9.1747 -4.3657
v 3.3203 9.6355 -4.5278
v 3.3163 8.6166 -4.4282
v 3.8112 10.6243 -3.1285
v 4.1937 9.3708 -3.2115
v 0.6665 9.8134 -5.7610
v 0.5622 8.2698 -6.3247
v 3.0369 10.9268 -3.9447
v 3.2028 10.3316 -4.0976
v 2.6273 6.1893 -4.7912
v 3.1026 7.6144 -4.3303
v 2.3842 6.1024 -5.1238
v 3.5241 6.1012 -4.2554
v 2.5954 6.1126 -5.2527
v 2.8508 6.5629 -5.3279
v 2.9609 9.3305 -4.1110
v 2.7062 6.8246 -5.5866
v 2.6973 7.5022 -5.5602
v 2.7552 8.2961 -5.1633
v 2.8806 8.6243 -5.1300
v 3.3301 8.2870 -4.6992
v 2.8843 6.8541 -5.5431
v 3.2599 5.5463 -4.7248
v 3.2262 6.5540 -5.0375
v 3.6005 6.1932 -3.8750
v 3.5894 5.8964 -4.8526
v 3.2024 6.7268 -5.4205
v 3.0955 7.4038 -5.6403
v 3.4052 8.1808 -5.1823
v 4.2178 8.2431 -4.3282
v 3.0502 8.6429 -5.0577
v 3.2188 8.7833 -4.8782
v 2.9879 7.4363 -5.5806
v 3.1714 8.1180 -4.5221
v 3.4350 6.8324 -5.2572
v 3.4321 8.6016 -4.6224
v 3.4491 6.7312 -4.9367
v 3.4224 6.9703 -5.3713
v 3.4633 7.5675 -5.1545
v 3.2693 7.7352 -5.2440
v 3.2553 7.7171 -5.1916
v 3.4504 5.6691 -4.9075
v 3.3136 6.6252 -4.9290
v 3.3310 7.4479 -5.4629
v 3.2668 7.5119 -5.3808
v 3.3933 8.8467 -4.4115
v 3.3235 8.2522 -4.5620
v 3.5109 7.2324 -5.1371
v 4.1147 7.3248 -4.2956
v 3.4655 7.4763 -4.9712
v 3.5108 7.5152 -5.0025
v 3.4655 7.3680 -5.3320
v 3.7617 5.7634 -4.2403
v 3.4929 7.1286 -4.8629
v 3.4108 6.8525 -4.8628
v 3.5624 7.1549 -4.8580
v 3.5914 7.0547 -4.8995
v 3.7193 8.1864 -4.9019
v 3.5499 7.1286 -5.2143
v 3.4755 6.8959 -5.1461
v 3.7137 5.2098 -4.4855
v 3.5932 7.3107 -4.9807
v 3.4537 8.2781 -4.4417
v 3.7223 8.2520 -4.1130
v 3.6093 6.2675 -4.6769
v 3.6672 5.4810 -4.7452
v 3.4576 6.4867 -4.6834
v 3.6156 6.1203 -4.3265
v 3.8571 5.7708 -4.4669
v 3.8165 8.8768 -3.2482
v 3.9107 5.3059 -4.2937
v 3.9297 5.2090 -4.3525
v 3.9478 5.3640 -4.5217
v 4.1266 7.0998 -4.2893
v 4.0609 6.8162 -4.1173
v 4.4344 8.1817 -4.1185
v 4.1208 6.8924 -4.2060
v 4.1638 6.6393 -3.9222
v 4.2213 7.5570 -4.1859
v 4.3015 7.5010 -4.2344
v 4.3002 6.6029 -3.8516
v 4.3231 6.5639 -3.6775
v 4.3629 7.6597 -4.1179
v 4.7277 6.0870 -2.3103
v 4.3271 6.8786 -4.0639
v 4.3139 7.1223 -4.1803
v 4.4566 7.2735 -4.1756
v 4.3754 7.3258 -4.1598
v 4.5629 7.1003 -4.0771
v 4.4156 6.9557 -4.1365
v 4.5829 6.7539 -3.8415
v 4.4553 6.5878 -3.5011
v 4.5948 7.4183 -4.0353
v 4.7310 7.6455 -3.6655
v 4.7577 7.4441 -3.7922
v 1.6682 6.1425 -5.3681
v 0.6512 7.1043 -6.1744
v 0.6362 7.3289 -6.2742
v 0.6364 7.0139 -6.2125
v 0.8516 7.0740 -6.3640
v 0.7716 7.5510 -6.2367
v 0.7872 7.5996 -6.2854
v 0.7545 6.8182 -6.1124
v 1.0151 7.7188 -6.3352
v 1.0240 6.6083 -6.0305
v 0.9492 7.7266 -6.2807
v 0.9154 7.1277 -6.4587
v 0.8749 7.2834 -6.4077
v 1.0724 6.8322 -6.3634
v 1.0300 7.4974 -6.3769
v 1.2210 6.9299 -6.4094
v 0.6361 7.3951 -5.5312
v 1.1073 7.4637 -6.4674
v 0.8621 6.6902 -6.1435
v 0.9214 6.9046 -6.3169
v 1.6230 6.1145 -5.6963
v 0.8617 6.1147 -5.8825
v 1.2208 7.8116 -6.2539
v 1.6011 7.3999 -5.2985
v 1.4287 7.3152 -6.4306
v 1.3963 6.7890 -6.2770
v 1.5199 6.3032 -5.8369
v 1.4209 7.7619 -6.2467
v 1.5948 6.7099 -5.9091
v 1.4443 7.4888 -6.3962
v 1.2291 6.7458 -6.1926
v 1.2728 6.5771 -5.9750
v 1.4804 6.6530 -6.0332
v 1.3227 7.5707 -6.3303
v 1.6300 7.0130 -6.2739
v 1.7942 7.3695 -5.9696
v 1.3925 8.1900 -6.2286
v 1.6037 7.3744 -6.3348
v 1.6925 6.8188 -6.0129
v 1.6577 7.0012 -6.1679
v 1.7529 7.4619 -6.1388
v 1.6736 7.2639 -6.1791
v 1.5462 7.4850 -6.2509
v 1.7797 6.9179 -5.9309
v 1.9706 8.1536 -5.3313
v 1.7558 7.5494 -6.0764
v 1.8377 7.3449 -6.0359
v 2.1683 8.1943 -5.9289
v 2.5793 6.8604 -5.5183
v 1.8447 7.1141 -5.9515
v 1.5257 8.9877 -5.0835
v 2.7260 8.1945 -5.6412
v 2.5673 8.6216 -5.0393
v 2.6465 8.2938 -5.1437
v 2.4957 8.2810 -5.1862
v 2.5895 8.2509 -5.0370
v 2.5874 7.2975 -5.6597
v 2.6777 7.4896 -5.6311
v 2.7460 7.4139 -5.6822
v 2.5922 6.9863 -5.6374
v 3.0899 5.9178 -5.1208
v 3.0815 6.7114 -5.3637
v 2.9502 7.7142 -5.5100
v 2.8374 7.1537 -5.6337
v 3.0226 7.7284 -5.3674
v 3.1501 6.8503 -5.5512
v 2.9535 6.8546 -5.6146
v 2.9086 7.0895 -5.7070
v 2.9722 7.3024 -5.6979
v 0.7326 6.2890 -6.0022
v 1.5396 6.8631 -6.1419
v 2.0588 6.2273 -5.6169
v 2.3384 8.2706 -5.7881
v 2.6003 6.2218 -5.3323
v -2.7538 13.3983 -0.7369
v -2.6842 13.2245 -0.6690
v -2.2428 13.8873 1.0670
v -2.6420 13.2947 0.1101
v -1.7077 14.0505 0.4719
v -1.9869 13.8578 -0.4725
v -2.6335 13.3774 1.5446
v -2.7640 13.3325 0.9012
v -2.0898 13.7383 0.6230
v -2.3989 13.7702 0.8338
v -1.8965 14.1359 -0.4987
v -2.0541 13.4995 1.3436
v -2.1461 12.3044 3.2662
v -1.4716 13.4569 2.5448
v -1.0103 14.1654 0.3061
v -2.3168 12.9266 1.1752
v -2.3275 13.0535 -0.9198
v -1.2448 13.9980 -0.8840
v -1.5741 13.6392 0.9268
v -0.5720 14.9812 -0.0505
v -1.3315 14.3458 -0.3038
v -0.9952 13.7469 2.9085
v -1.3850 14.0933 1.3656
v -1.3061 13.5845 1.6585
v -1.1624 13.8844 2.1353
v -1.2207 14.3946 0.2684
v -1.8902 12.8271 2.1496
v -0.9494 14.0360 1.1085
v -1.7083 13.7929 1.2198
v -1.0567 14.7436 0.4346
v -1.1232 13.1165 3.1695
v -0.8018 14.5132 1.0538
v -0.7929 13.9534 1.5289
v -0.7278 14.4202 1.9784
v -0.6114 13.7046 2.1297
v -0.6918 14.3657 -0.0360
v -0.8528 13.0827 2.7621
v -1.5196 11.8658 3.5464
v -1.0124 13.1395 3.2838
v -0.9545 13.3929 2.9365
v -0.8044 14.6219 -0.1670
v -0.1859 12.9260 3.6785
v -0.5810 13.7135 2.7736
v -0.6085 14.5849 0.8576
v -0.7186 14.2743 0.6895
v -0.6301 14.1681 2.3990
v -0.2724 13.6853 2.3328
v -0.5836 14.8351 -0.0564
v -0.8127 14.6188 0.0818
v -0.5820 13.9361 2.3366
v -0.2227 15.2091 -0.1206
v -0.2059 15.1658 0.2104
v -0.3670 14.3046 1.1102
v -0.4342 14.7794 -0.1020
v -0.3565 14.9674 0.8359
v -0.4808 14.6245 1.0578
v -0.4601 13.5060 3.2361
v -0.4556 13.0256 3.6379
v -0.3914 14.2277 1.8530
v 0.0678 14.5869 0.1426
v -0.3370 14.0556 2.7747
v -0.3690 14.4475 1.9691
v -0.0974 15.1629 0.7472
v -0.2325 14.9951 0.5432
v -0.1797 14.7758 0.7214
v -0.3383 14.3194 1.9231
v -0.2586 13.7970 2.7821
v -0.3360 13.2877 3.3621
v -0.2567 14.3742 1.6804
v -0.2659 14.1944 2.1069
v -0.2124 13.9745 2.5210
v -0.2099 12.7622 3.7977
v -0.0989 15.1539 0.3805
v -0.0530 15.0917 0.3659
v 0.0926 14.4935 0.7500
v -0.3015 14.4383 2.2073
v -0.0618 15.1438 -0.4412
v -0.1145 14.4069 2.3602
v -0.0695 14.5867 2.1841
v -0.0805 14.5932 1.9754
v -0.0666 15.3454 -0.2201
v 0.0274 15.2339 -0.4396
v -0.0987 15.3832 -0.0091
v 0.0391 15.2581 0.4016
v 0.0042 15.4369 0.1232
v 0.0944 14.9692 1.2844
v 0.0425 15.2600 0.5996
v 0.0848 15.2435 1.0541
v 0.4203 14.3265 2.4082
v -0.7872 14.7086 0.8742
v -1.8306 14.2463 0.6742
v -1.0933 14.2915 1.0171
v -0.3113 14.6294 1.7358
v -0.1359 15.0910 0.9080
v -0.0755 15.3345 0.2533
v -3.8025 11.5586 2.1554
v -3.9049 11.7328 1.7317
v -4.1784 10.5843 2.4199
v -3.8057 10.9753 2.1704
v -3.3885 12.3831 1.0981
v -3.8048 10.8944 2.3960
v -3.6872 10.0955 2.2838
v -3.7079 11.6416 1.1687
v -3.6187 11.7009 1.2220
v -3.6014 11.3739 2.0459
v -3.4583 12.0200 1.1527
v -3.0207 12.9086 1.7215
v -3.2092 11.7955 0.9609
v -3.1515 11.5279 1.7997
v -3.3708 10.6928 2.4159
v -3.5998 11.1800 0.6693
v -3.4419 11.6759 1.9487
v -3.3520 12.2055 1.1127
v -2.9158 12.9886 1.7141
v -3.1645 12.6792 -0.0551
v -3.0432 12.7491 -0.8277
v -2.7773 13.0253 0.9108
v -3.1138 12.2153 1.7704
v -2.5731 12.3795 1.7169
v -2.7023 12.7978 1.6014
v -2.6644 12.7954 1.9751
v -3.1836 11.5163 2.7994
v -2.7549 12.5416 0.4509
v -3.4818 12.5175 1.2052
v -2.6506 11.3081 2.9404
v -2.5782 13.2501 0.8269
v -2.2742 13.2760 1.7800
v -2.0854 13.8856 1.3643
v -2.0700 12.6745 3.2211
v -1.8537 12.9781 3.2063
v -1.3070 13.8704 2.4187
v -1.4687 12.8086 3.6123
v -1.4425 12.4789 3.5779
v -1.3003 12.8011 3.3847
v -2.8208 13.3671 1.0578
v -1.7195 12.4659 2.7985
v -2.8113 12.9631 -1.3253
v -2.8689 13.3174 -1.0975
v -2.2727 13.8962 -0.7181
v -2.2197 13.5744 -1.3045
v -2.0992 13.8993 -1.2274
v -2.2259 13.4935 -1.2521
v -1.6234 14.3455 -0.8547
v -1.8324 13.8115 -1.1617
v -1.5455 14.0345 -1.0658
v -1.1127 14.3448 -1.1699
v -1.8445 13.4884 -2.6103
v -1.4267 13.8358 -2.0554
v -0.8939 14.4519 -1.9147
v -0.7806 13.8360 -1.9523
v -1.1282 14.3272 -0.9414
v -0.4489 14.6913 -1.5845
v -0.7378 14.7524 -0.8253
v -0.8936 14.3878 -1.4168
v -0.8167 14.7271 -1.2451
v -0.7700 14.5220 -0.8670
v -1.3131 13.6155 -2.9544
v -0.6308 13.9995 -2.3526
v -0.9682 13.5425 -2.8848
v -0.7666 14.0312 -2.1088
v -1.4319 14.3814 -1.0161
v -0.3846 14.4645 -0.4728
v -0.4458 15.0381 -0.7665
v -0.2802 14.4125 -1.6121
v -0.5018 14.3861 -1.7450
v -0.5533 14.2869 -1.6815
v -0.4699 14.3485 -2.3614
v -0.5445 14.4732 -1.8337
v -0.3779 14.1154 -2.2643
v -0.6199 14.5668 -1.1476
v -0.1446 14.3971 -1.0672
v -0.1225 14.3086 -2.4835
v -0.2744 14.3111 -1.8840
v -0.3030 14.6940 -1.8058
v -0.4006 14.4522 -1.4385
v -0.4841 14.6682 -0.8134
v -0.1029 14.7435 -0.7994
v -0.3759 14.6317 -1.0789
v -0.1204 15.1025 -0.8937
v -0.3071 15.0555 -0.7113
v -0.2413 15.0242 -0.7842
v -0.2913 14.5492 -1.2630
v -0.1558 14.6874 -1.0002
v -0.2992 15.1039 -0.9049
v -0.2803 14.7846 -0.9377
v -0.0196 14.1509 -1.7298
v 0.0666 14.2362 -2.5870
v -0.2265 14.8119 -0.8244
v -0.0477 14.5652 -0.3168
v -0.1208 14.4244 -2.4945
v -0.1189 14.6161 -1.9938
v -0.1016 14.6977 -2.0447
v -0.1833 14.5453 -2.1096
v -0.0829 14.9632 -1.2994
v -0.1366 15.0500 -1.1588
v -0.0351 14.8438 -0.7605
v -0.1672 14.5770 -2.2645
v -0.1658 15.1004 -0.6933
v -0.0640 15.1974 -0.8472
v 0.1183 15.1202 -0.6515
v 0.0543 14.7177 -1.8996
v 0.1932 14.3459 -2.6032
v -2.7996 12.4653 -0.9157
v -3.1599 12.5201 -1.4475
v -2.5330 13.1766 -1.6552
v -3.3902 12.2178 -1.4645
v -2.2845 12.9876 -1.3300
v -1.8604 12.9230 -2.1609
v -1.7210 13.4405 -2.4235
v -2.3771 12.2324 -3.2313
v -2.1201 12.7843 -2.9117
v -2.6648 11.8123 -3.5432
v -2.3383 11.0316 -3.6072
v -1.8679 12.1364 -3.1358
v -1.6907 12.8928 -3.5651
v -1.9662 12.3447 -3.9187
v -2.4605 12.3328 -3.4837
v -1.6730 13.5284 -2.8547
v -1.7654 12.9029 -3.5600
v -1.6040 11.4436 -3.8914
v -1.6332 12.5624 -3.5049
v -1.4491 14.0391 -2.1934
v -1.4704 12.8798 -2.7869
v -1.2899 12.1494 -3.5432
v -1.9081 11.8170 -3.9215
v -1.2281 13.1137 -3.2488
v -1.3450 13.1622 -3.0491
v -0.7063 11.7862 -4.0723
v -1.0690 13.5808 -2.6587
v -0.9561 13.4575 -2.4298
v -0.3071 13.1653 -3.0812
v -0.6720 12.3805 -4.0946
v -0.6568 13.5115 -3.0798
v -0.6999 11.7898 -4.5242
v -0.6883 13.4359 -3.2600
v -0.6571 13.0774 -3.5143
v -0.5313 13.9066 -2.5789
v -0.5988 14.0053 -2.7509
v -0.6579 11.6309 -4.9401
v -0.5544 13.6869 -3.2061
v 0.2825 12.7947 -4.2679
v 0.2644 12.4646 -3.7024
v -0.1183 13.8140 -2.2789
v 0.1030 13.4371 -2.8011
v -0.2761 13.0071 -4.0565
v -0.1711 13.1347 -3.8647
v -0.2228 13.0087 -4.2000
v -0.2660 12.8979 -4.0629
v -0.1013 13.2377 -3.9872
v -0.2497 12.8918 -4.1888
v 0.0075 13.2526 -3.8379
v -0.0305 13.1831 -4.1590
v 0.0805 12.7291 -4.3235
v -0.0058 12.9729 -4.3424
v -0.1509 12.8973 -4.3131
v -8.0000 17.4050 -2.7260
v -7.7128 16.9932 -2.8375
v -7.9223 17.2203 -2.5784
v -7.8598 12.6561 -2.1172
v -7.8597 11.7170 -2.2470
v -7.8719 11.7190 -1.8836
v -7.7133 17.2484 -2.5348
v -7.8351 17.1980 -2.5022
v -7.7707 12.7427 -1.8549
v -7.7615 12.5500 -2.6304
v -7.6142 16.2038 -2.4723
v -7.7614 13.3346 -2.4150
v -7.5660 11.6232 -2.7957
v -7.6386 12.5352 -2.8318
v -7.6197 12.8555 -1.6513
v -7.6197 13.5826 -1.8912
v -7.5272 16.4070 -2.2694
v -7.6645 14.0610 -2.4228
v -7.4867 16.1994 -2.8050
v -7.6915 13.2874 -2.6670
v -7.6121 14.1535 -2.1562
v -7.5562 13.1519 -1.7102
v -7.9126 17.4244 -2.7869
v -7.5294 17.0055 -2.7670
v -7.6440 14.1373 -2.3876
v -7.7284 13.4900 -2.0913
v -7.5791 14.0730 -2.6884
v -7.4010 16.5413 -2.2691
v -7.3530 16.3145 -2.8820
v -7.2855 12.9818 -1.4929
v -7.5146 15.5227 -2.4634
v -7.2372 12.6030 -3.0950
v -7.2712 15.0609 -2.0505
v -7.4922 14.8817 -2.2059
v -7.1799 14.8572 -3.0158
v -7.3668 13.3217 -3.0313
v -7.2477 15.9189 -2.1582
v -7.4368 15.7436 -2.2179
v -7.4900 14.9452 -2.2335
v -7.5436 14.8823 -2.3741
v -7.4090 16.8946 -2.4226
v -7.1755 16.5201 -2.5654
v -7.3673 15.5687 -2.8221
v -7.0870 13.7324 -1.7039
v -7.1670 16.4281 -2.7765
v -7.1349 15.6778 -2.9514
v -7.1305 14.2091 -3.0828
v -7.2410 14.3652 -1.8999
v -7.0643 13.3923 -3.1213
v -7.1085 16.2730 -2.4965
v -6.8372 12.6830 -3.0894
v -6.9995 15.7534 -2.9205
v -6.8649 15.8709 -2.6940
v -6.9322 15.0434 -2.9994
v -6.7374 13.0198 -1.6432
v -6.9307 14.4954 -1.9604
v -6.7798 14.5975 -2.0637
v -6.8139 15.6748 -2.5891
v -6.8081 13.8076 -1.8330
v -7.0404 13.0197 -1.4895
v -6.8219 14.3498 -3.0428
v -6.9196 16.0485 -2.3785
v -6.6727 15.2509 -2.6401
v -6.7406 15.3026 -2.4786
v -6.7683 15.7372 -2.4641
v -6.5681 13.7767 -2.1313
v -6.5100 13.8173 -2.1358
v -6.4491 13.2904 -2.1516
v -6.5435 12.9624 -1.8327
v -6.5952 14.6429 -2.2505
v -6.6428 14.4504 -2.8775
v -6.6285 14.6014 -2.3816
v -6.6468 13.5835 -2.9463
v -6.4994 13.6969 -2.4451
v -6.5475 13.7423 -2.3549
v -6.5713 14.5099 -2.4981
v -6.4601 12.9307 -2.1791
v -6.4046 13.0079 -1.9447
v -6.3322 12.7329 -2.0154
v -7.5044 14.7992 -2.6286
v -7.4409 14.3504 -1.9908
v -7.3677 14.0248 -2.9889
v -7.4767 13.6487 -1.7831
v -7.4191 12.5185 -1.4127
v -6.7416 15.4225 -2.3075
v -6.7581 15.2085 -2.8759
v -6.6080 12.7486 -2.9649
v -5.8626 10.1506 0.1667
v -6.0013 9.7399 0.1798
v -5.8306 10.0175 0.2284
v -5.7466 10.5815 -0.1070
v -5.5613 9.8745 0.3530
v -5.2167 9.4947 0.5567
v -5.2682 10.7188 -0.2323
v -5.7792 10.9683 -0.4517
v -5.6460 10.2772 0.1753
v -5.0672 10.7966 -0.4922
v -4.8830 10.0670 0.3827
v -4.8849 10.5125 -0.0067
v -4.9101 9.4474 0.6538
v -4.9307 10.8974 -0.7183
v -4.7635 8.9621 0.6273
v -4.7053 10.7403 -0.4747
v -4.6750 10.6211 -0.2140
v -4.7205 10.8028 -1.3185
v -4.8596 10.8448 -0.8670
v -4.6438 10.7468 -1.3637
v -4.6780 10.5623 -1.7000
v -4.4750 10.2262 0.1438
v -4.5782 9.9500 2.0774
v -4.6580 8.6638 1.4854
v -4.4320 9.9247 1.3722
v -4.4860 9.9842 0.8949
v -4.6483 9.5830 0.6008
v -4.4660 10.4749 1.5491
v -4.3601 10.4840 -0.2727
v -4.3908 9.6161 1.5596
v -4.3128 11.0721 -1.2547
v -4.4265 10.6910 -1.2508
v -3.8814 11.5666 -0.2498
v -4.2980 10.6454 -0.6896
v -4.3177 10.0487 1.5078
v -3.9972 11.5628 -1.7354
v -4.2974 10.3680 2.4202
v -4.1908 9.7932 0.0569
v -4.1440 10.5323 1.4385
v -4.1528 10.8947 -1.3730
v -4.2671 10.5848 -1.3674
v -4.0745 9.8959 1.1882
v -4.0852 9.2212 1.8795
v -3.9567 11.7245 1.3454
v -3.9386 11.0369 1.3550
v -4.2563 10.6366 -1.2814
v -4.2713 10.6793 -1.1237
v -4.1345 10.9686 -1.2641
v -3.9742 11.0849 -1.6781
v -4.0455 11.6156 -1.0891
v -3.6493 11.7684 -1.6288
v -4.0738 9.7065 -1.4410
v -3.3104 12.6454 -1.5711
v -3.6307 10.7359 1.6922
v -3.9921 11.1797 -1.1909
v -3.7460 11.6965 -0.9933
v -3.4550 12.6432 -0.9907
v -3.3073 11.5849 -1.1893
v -3.6732 11.4899 -2.0399
v -3.5288 11.5554 -2.1261
v -3.7261 11.6764 -1.1431
v -3.6033 11.9120 -1.1333
v -3.3736 12.2556 -1.0498
v -2.9869 13.0226 -1.5292
v -3.2949 10.6955 -2.5971
v -2.7064 12.0450 -2.0654
v -3.2111 12.3126 -1.8244
v -2.9251 12.9737 -1.5417
v -2.6670 10.9334 -3.3468
v -5.5086 10.4970 0.0157
v -4.1338 10.3509 -2.1959
v -7.6832 10.7224 -1.6475
v -7.7376 11.8808 -1.5288
v -7.7077 11.9378 -1.5486
v -7.6553 10.8156 -1.4205
v -7.5028 12.0536 -1.3477
v -7.6112 10.5940 -2.1125
v -7.5340 10.3119 -1.6624
v -7.5849 10.8147 -1.2472
v -7.3508 11.9108 -1.1496
v -7.1496 10.0309 -0.7427
v -7.2156 12.2219 -1.2264
v -7.0188 10.5060 -0.5355
v -6.9697 11.4361 -0.7820
v -6.8441 10.6626 -0.4011
v -6.9147 9.9955 -0.4482
v -6.7788 10.9462 -0.4525
v -6.5003 12.3696 -1.4292
v -7.0082 12.9473 -1.4986
v -6.4678 10.5919 -0.2233
v -6.8429 11.7343 -3.0719
v -6.5287 11.9580 -2.9914
v -6.5119 9.9931 -0.1259
v -6.1702 10.7324 -0.2646
v -6.2435 11.7582 -1.1362
v -5.8994 10.9816 -0.4370
v -6.0049 11.3027 -2.7079
v -6.6454 10.3670 -0.2328
v -6.7303 12.2721 -1.2791
v -6.3317 12.3009 -1.6833
v -6.4831 12.7927 -2.7986
v -6.1715 12.2039 -2.3908
v -6.2281 12.0210 -2.6808
v -6.3076 12.4057 -2.1278
v -6.2176 12.3430 -1.7040
v -6.0343 11.7785 -1.3717
v -6.2276 12.2546 -1.8511
v -6.3861 12.9273 -2.3321
v -6.1736 12.1898 -2.1850
v -6.1280 12.1541 -2.2663
v -6.1253 11.7034 -1.1774
v -5.9342 11.7472 -1.5186
v -5.9136 10.8873 -0.4063
v -6.0219 11.1549 -2.7705
v -5.7687 11.5258 -2.1686
v -5.8364 11.6853 -1.8811
v -5.8951 11.2869 -2.6046
v -5.8274 11.6598 -1.6692
v -5.6768 11.1447 -0.7202
v -5.3132 11.1535 -1.3519
v -5.2787 11.0831 -1.7041
v -5.2384 10.9658 -1.8052
v -5.4566 11.1888 -1.0125
v -5.2243 10.7984 -2.0957
v -4.6472 10.2658 -2.0766
v -4.5912 10.6065 -1.6235
v -3.8418 11.6124 -1.9554
v -4.3102 10.3181 -2.2615
v -3.0411 11.6342 -2.9621
v -2.7736 12.4522 -2.3919
v -2.6831 11.4589 -3.5984
v -2.5103 11.9485 -3.3797
v -2.3979 11.9269 -3.9067
v -7.2388 11.4128 -0.8921
v -7.4712 11.1235 -1.0104
v -6.5862 11.6540 -0.9101
v -5.8208 11.5653 -2.2239
v -7.0698 9.5441 -1.0033
v -6.9668 9.6504 -0.7614
v -6.9563 9.6723 -0.6211
v -6.8167 9.2976 -0.6916
v -6.5996 9.7844 -0.1987
v -6.7255 8.9929 -1.3872
v -6.5545 8.8776 -0.8027
v -6.2407 8.5703 -0.9023
v -6.1483 9.3876 0.0603
v -6.2838 8.8872 -0.3177
v -6.1761 9.0915 -0.1388
v -6.2635 8.6513 -0.6400
v -6.1748 9.0331 -0.1171
v -5.9888 8.6071 -1.6337
v -5.9171 8.8648 -0.0373
v -6.0548 8.4991 -0.8221
v -6.1964 8.5501 -1.0992
v -5.8453 9.4156 0.2388
v -5.6789 8.5274 -1.5296
v -5.8058 8.7410 -1.9349
v -5.5585 8.3646 -0.4863
v -5.5904 8.9807 0.2460
v -5.5717 8.4638 -0.2412
v -5.1804 8.2440 -0.6938
v -5.2211 8.5845 -1.7296
v -5.4914 7.2564 0.0130
v -5.4643 7.4989 -0.1333
v -5.3470 8.5973 0.1240
v -5.4646 7.4270 -0.4069
v -5.3281 8.2444 0.5441
v -5.1087 8.2437 -0.3481
v -5.3754 7.4716 -0.4627
v -5.3132 7.7815 0.0047
v -5.3487 7.6074 -0.5798
v -5.3138 7.8024 -0.2964
v -5.3318 8.1655 -0.9877
v -5.2427 8.1730 -1.5635
v -5.2328 7.5653 -0.7100
v -5.1256 9.3085 0.5940
v -5.2694 7.3623 -0.7997
v -5.2328 7.4415 0.4547
v -4.8722 8.2346 -0.1726
v -4.9792 8.1862 -2.4279
v -5.1314 7.7956 -1.7103
v -4.7354 8.4662 -1.4452
v -4.7390 8.2179 -0.9051
v -4.7901 8.6162 -1.7168
v -4.7272 8.9548 -2.0395
v -4.7241 8.2325 -1.3552
v -4.7188 8.2350 -0.1622
v -4.7711 8.2079 0.1584
v -4.7100 8.1190 -0.1169
v -4.8253 8.4790 0.3133
v -4.7853 8.2877 1.2522
v -4.7366 8.1633 -0.4715
v -4.7789 8.4350 -1.9098
v -4.7681 8.3880 -1.3096
v -4.7050 8.4033 -2.1225
v -4.7062 8.3572 -1.9711
v -4.6656 8.2433 -1.5793
v -4.6481 8.4139 -2.1709
v -4.6340 8.3999 -1.7537
v -4.5930 8.4844 -1.8979
v -4.2784 9.4099 -0.2593
v -4.2615 9.3185 0.7899
v -4.0205 10.1791 -0.8051
v -5.3125 8.2260 -0.8093
v -7.4956 10.5604 -2.3488
v -7.5474 10.5110 -2.0674
v -7.1135 10.6458 -2.7676
v -7.1861 9.8054 -2.0691
v -7.1927 9.8767 -0.9531
v -7.0679 10.0132 -2.4284
v -7.2120 11.6235 -3.0178
v -6.8285 10.6820 -2.8840
v -6.8726 10.3231 -2.7463
v -7.0828 9.4515 -1.4653
v -7.0070 9.4684 -1.8886
v -7.0141 9.4810 -1.1676
v -6.9120 9.3801 -1.8810
v -7.0165 9.3789 -1.3863
v -6.7343 9.1847 -1.8424
v -6.6103 9.4957 -2.3524
v -6.8195 9.4770 -2.0937
v -6.6723 9.5659 -2.3855
v -6.4348 9.6721 -2.5569
v -6.3137 8.9197 -1.8937
v -6.1269 9.2262 -2.3018
v -5.9817 9.8777 -2.6820
v -6.3552 11.0237 -2.9253
v -5.6498 10.3295 -2.6550
v -5.7057 10.1590 -2.6722
v -5.2925 9.8354 -2.5299
v -5.4287 9.1393 -2.3527
v -5.3382 10.7585 -2.2721
v -5.0274 9.4839 -2.4144
v -5.3942 10.4965 -2.4507
v -5.1278 10.5009 -2.1996
v -5.1245 8.9923 -2.1817
v -4.8877 9.8882 -2.4047
v -4.7278 10.3616 -2.0583
v -5.3633 9.1957 -2.3202
v -4.8596 9.7744 -2.3964
v -4.6544 9.2238 -2.1913
v -4.4691 10.0244 -2.1649
v -4.6506 8.5725 -2.3597
v -4.6613 8.6980 -2.3850
v -4.5208 9.7028 -2.2614
v -4.4991 8.7400 -2.3197
v -4.5609 8.9234 -2.4420
v -4.4627 9.4226 -2.4151
v -4.4441 10.4786 -1.6693
v -4.4091 8.9777 -2.4694
v -4.4310 8.2495 -2.4819
v -4.5288 8.2180 -2.0370
v -4.3864 9.7042 -2.1880
v -4.5170 8.9821 -1.9879
v -4.3196 10.0263 -2.1223
v -4.2941 9.7186 -2.3425
v -4.2409 10.7696 -2.1284
v -4.2663 9.8555 -2.1475
v -4.2207 10.2279 -1.9245
v -4.3005 10.2438 -1.9401
v -4.0988 10.7263 -2.0645
v -3.7217 10.4987 -2.8438
v -3.9326 9.2990 -2.2566
v -3.9070 9.9115 -1.8718
v -3.7238 10.5718 -1.6454
v -6.5498 10.8062 -2.9409
v -6.0913 9.9204 -2.7171
v -5.4397 7.2080 -0.5615
v -5.3404 7.1608 -0.6233
v -5.3124 6.9680 -0.5510
v -5.2970 7.4343 -1.7109
v -5.2435 7.4057 -1.5587
v -5.3100 7.1915 -1.6875
v -5.2158 7.1270 -1.4573
v -5.2295 6.8260 -0.5839
v -5.2222 7.5338 -1.7755
v -5.1761 7.2813 -1.2789
v -5.2151 7.0883 -0.7915
v -5.2613 6.9908 -1.5634
v -5.1422 6.7980 -1.8293
v -5.1495 6.8823 -1.5764
v -5.2265 7.5860 -1.4968
v -5.1359 6.9417 -0.7286
v -5.0999 7.1025 -1.2547
v -5.1190 6.7003 -0.4728
v -5.1534 7.6400 -1.4663
v -5.1651 7.4653 -2.1574
v -5.1525 7.5655 -2.0113
v -5.0732 7.2807 -2.3226
v -5.1093 6.6213 -0.2455
v -5.0696 6.7719 -1.7951
v -5.1302 6.9024 -1.3676
v -5.0655 6.8868 -1.3325
v -5.0596 7.0038 -2.2686
v -5.0760 6.8713 -2.1360
v -5.0560 7.4589 -2.2456
v -4.8524 6.1328 -1.5808
v -4.9488 6.9121 -2.2166
v -4.9313 6.6219 -1.7298
v -4.5994 6.3468 -2.5458
v -4.8295 6.6611 -2.0819
v -4.7497 6.9271 -2.4455
v -4.9585 6.1331 -1.1010
v -4.5440 6.1236 -2.4428
v -4.5765 6.1744 -1.2094
v -4.6766 5.1512 -2.1221
v -4.5775 4.7567 -2.1717
v -4.6853 5.0559 -2.0408
v -4.6339 5.6183 -2.0959
v -4.5744 5.0390 -1.6515
v -4.5770 5.0903 -2.4306
v -4.5955 5.3648 -2.1560
v -4.5109 5.5160 -1.6509
v -4.5952 5.5732 -2.3206
v -4.5591 5.6284 -2.2537
v -4.6575 5.1677 -1.6976
v -4.4783 6.1790 -1.5552
v -4.4704 6.1070 -2.2622
v -4.5484 4.6765 -2.2675
v -4.5942 5.0553 -2.3046
v -4.4980 5.4344 -2.5009
v -4.5196 5.4050 -2.3003
v -4.4811 4.9316 -2.5867
v -4.4286 5.4420 -2.6180
v -4.4349 4.6420 -2.4714
v -4.3417 6.2432 -1.4807
v -4.4537 6.7344 -1.5279
v -4.4179 7.4028 -1.5190
v -4.3212 4.3318 -2.3340
v -4.3187 4.4068 -2.5355
v -4.2496 6.1328 -3.0537
v -4.2234 4.5982 -2.7249
v -4.3557 7.9158 -1.4568
v -4.4970 4.5805 -1.8560
v -4.0455 5.0548 -2.8407
v -4.2345 5.5617 -2.7704
v -4.3020 6.5233 -1.4566
v -4.1483 5.5261 -2.8347
v -4.1432 4.5278 -2.6627
v -4.0359 6.4635 -2.5655
v -4.1573 5.1806 -2.8680
v -4.1017 6.1640 -2.6090
v -4.0454 5.5296 -2.8136
v -3.8372 6.1849 -3.1022
v -5.0919 7.7416 -2.1081
v -4.8953 7.5171 -2.4508
v -4.9587 7.1448 -2.3436
v -4.9671 7.7465 -2.2273
v -4.8239 7.0492 -2.4892
v -4.8227 7.3153 -2.5244
v -4.6125 7.2570 -3.2459
v -4.6394 7.3293 -3.0218
v -4.6282 7.1758 -3.5007
v -4.6663 7.2046 -3.3236
v -4.5562 7.4678 -3.4194
v -4.5931 7.0694 -3.2180
v -4.5588 7.5865 -3.1673
v -4.5927 7.3964 -3.0226
v -4.5846 6.9488 -3.0871
v -4.5674 7.1361 -2.9647
v -4.4959 6.8812 -3.0044
v -4.5400 8.2450 -3.3650
v -4.8959 8.2435 -2.5375
v -4.3693 7.7783 -3.5815
v -4.4353 7.2334 -3.8530
v -4.4249 7.5237 -3.6806
v -4.3536 6.7805 -3.7074
v -4.3477 7.7210 -3.7280
v -4.3161 6.6268 -3.2263
v -4.5054 6.8098 -3.4853
v -4.4435 6.7994 -3.3726
v -4.2857 7.2557 -3.9941
v -4.2511 6.9459 -3.9344
v -4.1733 7.2550 -3.9912
v -4.3928 7.4005 -3.8810
v -4.1117 7.6569 -3.9212
v -4.2984 6.7377 -3.5903
v -4.1746 7.6112 -3.9636
v -4.1569 6.9464 -3.9147
v -4.0638 7.1152 -2.4853
v -4.0425 8.4653 -2.3285
v -4.1461 6.5729 -3.4657
v -4.1823 6.6129 -3.6014
v -4.0183 6.6825 -3.8087
v -3.9651 6.8369 -3.9697
v -4.2093 6.1088 -2.6326
v -4.0011 7.0482 -4.0737
v -3.8901 6.9978 -4.0049
v -3.9809 6.6688 -3.7409
v -3.9666 7.2137 -4.1084
v -3.7954 8.0715 -2.9781
v -3.9980 7.4008 -4.0827
v -3.5881 8.6775 -3.2019
v -3.2178 8.0299 -3.8581
v -4.7897 8.1863 -2.9096
v -4.6371 7.3560 -3.4391
v -2.9978 10.5955 -3.8784
v -3.2421 9.3906 -4.1436
v -3.3522 8.6056 -4.4262
v -3.2001 9.8872 -4.2941
v -2.8751 11.1502 -4.0359
v -3.1575 8.7926 -4.2508
v -3.0789 9.4324 -4.2016
v -2.9940 9.9246 -4.1193
v -2.8468 10.6277 -3.9147
v -2.6099 10.1524 -3.8656
v -3.4521 10.0225 -2.8284
v -2.7841 11.3800 -3.6028
v -2.7210 8.6691 -5.0760
v -2.5599 10.0767 -4.8913
v -2.4976 9.3924 -4.7409
v -2.3943 10.2444 -4.6141
v -2.4668 9.7135 -4.6662
v -2.5538 8.7512 -4.7941
v -2.3519 9.7670 -4.8043
v -2.4403 9.1429 -4.9423
v -2.4094 11.6026 -3.0694
v -2.2350 10.8406 -4.3021
v -2.1861 10.4216 -4.1066
v -2.3872 10.1765 -4.5328
v -2.4935 10.6597 -4.7198
v -2.0206 11.9431 -4.1232
v -1.8998 8.5602 -4.8847
v -1.7029 9.8017 -4.6655
v -2.0843 11.0415 -4.3998
v -2.0409 11.4546 -4.0638
v -1.6278 10.6207 -4.3728
v -1.3417 11.8728 -4.2544
v -1.1608 9.0522 -5.1220
v -1.3317 10.9938 -4.7981
v -0.8159 8.8136 -5.6521
v -1.0255 10.4272 -4.7252
v -0.8143 9.4981 -5.1186
v -0.8706 9.8084 -5.5477
v -0.8700 8.8825 -5.8982
v -0.5673 8.2264 -5.7319
v -0.9128 8.3045 -5.7967
v -0.7448 8.2903 -5.6791
v -0.7810 10.0362 -5.4034
v -0.8013 10.5926 -5.4542
v -0.7128 10.1039 -5.6487
v -0.8488 10.5461 -5.4322
v -0.7186 11.5209 -4.7188
v -0.7626 11.8093 -4.6442
v -0.6914 11.1537 -4.9339
v -0.6100 12.6109 -4.2452
v -0.5278 10.1491 -4.9700
v -0.3395 11.4554 -5.1466
v -0.0649 11.0822 -5.3056
v -0.2906 9.1427 -5.2992
v -0.0312 11.6764 -5.0504
v -0.4163 9.4899 -5.8284
v 0.3316 9.9149 -5.0982
v -0.5337 7.4678 -5.5110
v -0.3421 9.4363 -5.9240
v -0.2484 9.2534 -5.9436
v -0.3312 9.7191 -5.9779
v -0.2373 9.5735 -6.1164
v -0.1336 9.2624 -6.0870
v -0.2913 11.3352 -5.3249
v -0.3423 9.7741 -5.7645
v -0.1912 9.9062 -5.7366
v -0.1481 9.8685 -5.8252
v -0.3533 9.6332 -5.8694
v -0.1203 9.7696 -6.0751
v -0.2014 11.5963 -5.2331
v -0.3489 11.3462 -5.2368
v -0.1206 11.3963 -5.4319
v -0.3535 9.4848 -6.0456
v -0.1960 11.1310 -5.3746
v -0.2317 11.1354 -5.2705
v -0.0155 9.2389 -6.0375
v -0.0767 9.4191 -6.1625
v 0.0126 11.5880 -5.3372
v -0.8561 8.3094 -5.9045
v 0.0330 8.3061 -6.0160
v -0.1337 9.8925 -5.9302
v -0.3852 8.2097 -6.3531
v 0.0556 9.9330 -5.7363
v 0.0862 9.7118 -6.1120
v 0.2655 8.6431 -5.4101
v 0.1487 9.8613 -5.9599
v 0.0454 11.6900 -5.1848
v 0.0765 11.3413 -5.4646
v 0.3044 8.1949 -6.3802
v 0.0975 9.8604 -5.8339
v -0.0806 9.1968 -5.9499
v 0.3195 11.3798 -5.3348
v 0.3544 9.6242 -5.8630
v 0.3086 9.5890 -6.0188
v 0.2214 9.3911 -6.0873
v -0.0934 8.8443 -5.9960
v 0.2752 9.3419 -5.9281
v -3.5442 8.2526 -4.6942
v -3.2529 8.2866 -4.6008
v -4.3532 8.1976 -3.7404
v -4.0016 8.2007 -4.2248
v -3.5571 5.7263 -4.1970
v -3.3629 8.1895 -4.9340
v -3.3632 6.1199 -4.2463
v -3.5266 6.0523 -4.4419
v -3.6982 5.5707 -4.4363
v -3.3887 6.3057 -4.6545
v -3.5395 5.3241 -4.6012
v -3.7166 5.3382 -4.4998
v -3.4056 5.2272 -4.4810
v -2.8819 5.6353 -4.7354
v -3.3003 7.4016 -5.0845
v -3.3781 7.1580 -4.9642
v -3.3333 5.9655 -4.8369
v -3.3349 7.3545 -4.7650
v -3.3894 7.4513 -4.8448
v -3.4343 7.2211 -4.7542
v -3.4144 7.1025 -5.0578
v -3.3360 7.3634 -5.1966
v -3.3217 7.0380 -5.2234
v -3.8982 6.1235 -3.5712
v -3.1854 7.3287 -5.3937
v -3.2049 9.7726 -4.4492
v -3.2453 7.5762 -4.9048
v -3.1837 7.4896 -5.2060
v -3.6896 5.1906 -4.2950
v -3.2129 6.5426 -4.8015
v -3.2559 7.6408 -4.9682
v -3.1750 8.2790 -4.3648
v -3.3194 6.8147 -4.7570
v -3.1182 6.6962 -4.7957
v -3.0531 7.4444 -5.4658
v -3.3628 6.9880 -4.9687
v -3.1716 6.7523 -5.0704
v -2.9805 7.0076 -5.5310
v -3.1096 6.5812 -4.8525
v -3.0034 7.5124 -5.3718
v -3.2822 6.8082 -5.1282
v -2.8167 8.2947 -4.9727
v -3.0864 7.6932 -5.0654
v -3.0331 9.2325 -3.7810
v -3.1763 5.7155 -4.9069
v -3.3521 8.6804 -4.5752
v -2.8415 8.5436 -5.0205
v -3.3084 6.1154 -4.2154
v -3.0646 7.7302 -5.2310
v -2.9497 6.5623 -4.9399
v -2.6226 8.2047 -5.5214
v -2.6290 6.1067 -4.6866
v -3.1452 6.5185 -4.6987
v -2.8895 8.2336 -4.5506
v -3.0230 6.7015 -5.1892
v -2.9408 6.7599 -5.4259
v -2.8037 6.5438 -5.1970
v -2.7684 7.2942 -5.5361
v -2.8079 7.1739 -5.6077
v -2.6773 7.5082 -5.5612
v -2.6339 8.0125 -4.4584
v -2.6829 8.4625 -4.6975
v -3.0751 8.2595 -4.4420
v -2.6526 6.0261 -5.1639
v -2.9769 6.5326 -5.0193
v -2.3868 9.0372 -4.4532
v -2.7639 6.8581 -5.4515
v -2.7974 7.0491 -5.5989
v -2.6896 8.2918 -4.8935
v -2.0840 6.1082 -5.0963
v -2.8793 7.7018 -5.2483
v -2.8923 6.5320 -4.9776
v -2.5447 8.1895 -4.8000
v -2.6395 7.5491 -5.4025
v -2.7437 8.2687 -4.7494
v -2.6367 8.6326 -5.0356
v -2.5491 6.1550 -5.0972
v -2.4478 7.1112 -5.5807
v -2.4850 7.3233 -5.5820
v -2.5944 7.5450 -5.5193
v -2.4576 8.5490 -4.9779
v -2.5346 6.7494 -5.4502
v -2.5130 6.9543 -5.5712
v -2.3672 8.1749 -4.9335
v -2.6307 6.6337 -5.2312
v -2.4519 7.0031 -5.4578
v -2.3829 6.1112 -5.2286
v -2.3029 6.1666 -4.8099
v -1.6908 6.7657 -5.0722
v -1.3425 6.1857 -5.3429
v -3.2901 6.3684 -4.4848
v -2.7652 7.6816 -5.4445
v -2.7286 6.6714 -5.3752
v -1.5029 8.2719 -6.0392
v -1.8220 6.2933 -5.6163
v -1.6333 8.1990 -6.0423
v -1.6935 7.1733 -5.8736
v -1.7314 7.2492 -5.9716
v -0.9720 6.2816 -5.9015
v -1.6578 6.9373 -5.8970
v -1.4519 6.7168 -5.9565
v -1.5521 7.0308 -6.0856
v -1.4722 6.7373 -5.8731
v -1.5605 7.3634 -6.1387
v -1.4630 7.4964 -6.1919
v -1.4164 7.2850 -6.3424
v -1.3413 6.8074 -6.1422
v -1.5717 7.0991 -6.2012
v -1.5025 7.6484 -6.1499
v -1.5906 8.2793 -5.5026
v -1.6799 8.2155 -5.3621
v -1.2166 8.1811 -5.5451
v -1.2901 6.8156 -6.2449
v -1.4782 7.4280 -6.2907
v -1.1292 7.5150 -6.4073
v -1.3191 7.4769 -5.3076
v -1.3253 7.7784 -6.1927
v -1.0729 6.9450 -6.3742
v -1.1583 7.5923 -6.3030
v -1.4822 6.1150 -5.6371
v -0.6328 6.1875 -5.5485
v -1.1227 7.3247 -6.4377
v -1.3183 7.7699 -6.0816
v -1.0502 6.7818 -6.1826
v -0.9589 6.8687 -6.3351
v -1.2766 6.6307 -5.9085
v -1.1595 6.6239 -6.0339
v -0.8910 7.4660 -6.3611
v -0.8752 6.7407 -6.1750
v -0.8944 7.3844 -6.4334
v -0.9081 6.6397 -6.0049
v -0.8136 7.1735 -6.4154
v -0.7715 7.0798 -6.3317
v -0.7404 8.7486 -5.3060
v -0.6159 7.2473 -6.3192
v -0.9765 7.8097 -6.2141
v -0.5984 6.9389 -6.2125
v -0.8189 7.7098 -6.1921
v -0.5819 7.3971 -6.1990
v -0.6664 7.5642 -6.3065
v -0.6455 6.8233 -6.1242
v -0.5610 7.1005 -6.1482
v -0.5238 7.2291 -6.2193
v -0.0973 6.1215 -5.9458
v 0.5944 6.1613 -5.5989
v -1.5950 7.6040 -6.0084
v -0.7747 7.2728 -6.3384
v -0.1616 6.2652 -6.0253
v -0.7046 6.1144 -5.8567
vn -0.7267 0.6696 -0.1533
vn -0.0526 0.8173 -0.5737
vn -0.2907 -0.0036 -0.9568
vn -0.8619 0.1964 0.4674
vn -0.4112 0.4288 0.8044
vn -0.9975 0.0686 -0.0147
vn -0.9516 -0.1400 -0.2737
vn -0.9880 -0.0169 0.1533
vn 0.4175 0.7772 0.4708
vn -0.8836 -0.4379 -0.1657
vn -0.8875 0.1367 0.4400
vn -0.9361 -0.0097 -0.3515
vn -0.9824 -0.1867 -0.0028
vn -0.9680 -0.1948 0.1585
vn -0.9552 0.1678 0.2438
vn -0.9779 0.0998 -0.1835
vn -0.8669 0.4003 0.2971
vn -0.9582 0.1664 0.2329
vn -0.9567 -0.1358 0.2573
vn -0.7404 -0.2031 -0.6408
vn -0.6902 -0.0168 -0.7234
vn -0.6801 0.2020 0.7047
vn -0.8042 0.1692 0.5697
vn -0.5573 0.0547 0.8285
vn -0.9428 0.2410 -0.2305
vn -0.6973 -0.1835 -0.6929
vn -0.8499 0.1006 -0.5172
vn -0.5374 0.2293 0.8116
vn -0.9047 0.1592 0.3951
vn -0.6285 0.2715 0.7289
vn 0.6540 0.5325 -0.5374
vn -0.7796 0.0890 0.6199
vn -0.6533 0.2373 0.7189
vn 0.4159 -0.8580 0.3014
vn -0.9835 0.1401 -0.1148
vn -0.8863 0.1424 -0.4406
vn -0.1776 0.9264 -0.3321
vn -0.8914 -0.4529 -0.0126
vn -0.7305 0.0428 -0.6816
vn -0.9647 -0.2537 0.0701
vn -0.4657 -0.8645 -0.1889
vn 0.1172 0.2463 0.9621
vn -0.4758 0.2925 0.8295
vn -0.9918 0.1086 0.0668
vn -0.9131 0.0989 -0.3955
vn 0.0759 0.0729 -0.9944
vn -0.8653 -0.1949 0.4618
vn -0.8255 -0.3440 -0.4475
vn -0.7505 0.1232 -0.6493
vn -0.9972 -0.0548 -0.0512
vn -0.2125 0.3063 0.9279
vn -0.2787 -0.1188 -0.9530
vn -0.7268 0.0652 0.6837
vn -0.6055 0.2382 0.7593
vn 0.5874 0.6849 0.4312
vn -0.2941 -0.0477 -0.9546
vn -0.8803 0.0807 0.4675
vn -0.7026 0.6777 0.2173
vn -0.8508 0.1246 0.5105
vn -0.4165 0.0389 -0.9083
vn -0.5611 -0.3483 -0.7509
vn -0.5565 0.0366 -0.8300
vn 0.0748 0.1938 0.9782
vn -0.4807 0.3303 0.8123
vn 0.2084 -0.9198 0.3324
vn 0.8777 0.4791 0.0063
vn -0.8886 -0.4578 -0.0281
vn -0.5127 -0.2609 -0.8179
vn -0.8581 -0.1800 0.4808
vn -0.2222 0.1628 0.9613
vn -0.8211 -0.4945 -0.2850
vn 0.0984 0.3130 0.9446
vn -0.2306 0.2858 0.9301
vn -0.9061 -0.3670 0.2105
vn -0.4219 0.1249 0.8980
vn 0.6992 0.3617 -0.6166
vn 0.1464 0.2827 0.9480
vn -0.1663 0.1040 -0.9806
vn -0.1683 0.0601 -0.9839
vn -0.6024 -0.4967 -0.6249
vn -0.1931 0.2964 0.9353
vn 0.8481 0.4560 0.2699
vn 0.1405 0.0217 -0.9898
vn 0.8970 0.4419 -0.0085
vn -0.7162 -0.0041 0.6978
vn -0.2779 0.4322 0.8579
vn -0.6180 -0.6597 -0.4276
vn -0.8763 -0.3872 0.2866
vn 0.1372 -0.0101 -0.9905
vn 0.2475 0.4330 0.8668
vn 0.4200 0.2364 -0.8762
vn -0.5566 0.2088 0.8041
vn 0.8778 0.3671 -0.3079
vn -0.1797 -0.2726 -0.9452
vn -0.3055 -0.4114 -0.8587
vn 0.2212 0.1066 -0.9694
vn 0.6396 0.3154 0.7010
vn 0.2370 0.2680 0.9338
vn 0.8299 0.2249 0.5106
vn 0.2213 0.5556 0.8015
vn 0.5203 0.2294 0.8226
vn -0.4388 -0.8786 0.1885
vn 0.1431 -0.9487 0.2821
vn 0.9487 0.3096 -0.0645
vn 0.0255 -0.0761 -0.9968
vn 0.0437 -0.1763 -0.9834
vn -0.9576 -0.1054 0.2682
vn 0.3211 -0.9469 0.0198
vn 0.0670 -0.9237 0.3773
vn -0.9989 0.0457 -0.0107
vn 0.6058 0.2353 0.7601
vn -0.7059 -0.1542 0.6914
vn -0.7421 -0.6044 0.2900
vn -0.9166 -0.2106 0.3398
vn -0.9863 0.1574 0.0493
vn -0.2383 -0.9365 -0.2573
vn -0.1478 -0.9732 -0.1760
vn -0.8227 -0.5679 0.0256
vn -0.7887 -0.4684 0.3982
vn 0.3471 0.0594 -0.9359
vn -0.5197 0.2873 0.8046
vn -0.8812 0.4350 -0.1850
vn -0.5003 -0.5394 -0.6773
vn -0.2462 0.2906 0.9246
vn 0.7381 0.1560 -0.6564
vn 0.8613 0.2527 -0.4409
vn -0.1444 0.4971 0.8556
vn 0.2045 0.2921 0.9343
vn 0.8489 0.2914 0.4410
vn -0.6510 -0.6593 -0.3762
vn -0.6158 -0.6909 -0.3787
vn 0.7091 0.0320 -0.7044
vn -0.6617 -0.1756 0.7290
vn -0.7067 -0.7006 -0.0986
vn 0.6906 0.0871 -0.7180
vn 0.4329 0.0228 -0.9012
vn 0.9741 0.2223 -0.0423
vn 0.9316 0.2241 0.2862
vn -0.0338 0.8608 0.5078
vn 0.8618 0.0716 -0.5021
vn 0.9706 0.1893 0.1485
vn 0.5172 0.4319 0.7389
vn -0.4569 -0.0483 0.8882
vn -0.4176 -0.6659 -0.6182
vn -0.6057 -0.5911 -0.5326
vn 0.0998 0.5684 0.8167
vn -0.7434 -0.6287 0.2282
vn 0.8553 0.4749 -0.2073
vn 0.9818 0.1801 -0.0598
vn 0.7930 0.1948 0.5772
vn 0.5233 -0.6951 0.4930
vn -0.6963 -0.4133 0.5868
vn 0.9750 0.0898 0.2035
vn 0.9817 0.1881 0.0294
vn -0.4614 -0.8827 0.0892
vn -0.7783 0.0486 -0.6260
vn 0.6523 0.4496 0.6102
vn 0.8478 0.0910 -0.5225
vn 0.3347 -0.9352 -0.1159
vn -0.1209 0.4857 0.8657
vn 0.4744 0.6085 0.6361
vn 0.9913 0.1225 0.0479
vn 0.2524 -0.0940 -0.9630
vn -0.1979 -0.5019 -0.8420
vn 0.9925 0.0895 0.0829
vn 0.6397 0.4638 0.6128
vn 0.1777 0.2515 0.9514
vn 0.0902 -0.0196 0.9957
vn 0.9701 0.2406 0.0321
vn 0.9739 0.2098 0.0863
vn -0.4162 -0.7514 -0.5121
vn 0.8674 0.4347 0.2421
vn 0.4259 0.6801 0.5967
vn 0.7906 0.3025 -0.5324
vn -0.0311 -0.2963 -0.9546
vn 0.7077 0.2374 -0.6655
vn -0.1798 -0.6174 -0.7658
vn 0.8101 0.4923 0.3184
vn 0.2387 -0.2283 0.9439
vn 0.6140 -0.4148 0.6716
vn -0.5382 -0.8021 -0.2589
vn -0.5361 -0.7331 0.4184
vn 0.9162 0.2240 -0.3323
vn 0.9468 0.2940 -0.1306
vn 0.6337 -0.0317 0.7729
vn 0.7588 -0.2184 0.6136
vn 0.8295 -0.5021 0.2446
vn 0.9154 0.2938 -0.2751
vn 0.9088 0.2492 -0.3345
vn -0.3778 0.3341 0.8635
vn -0.5585 -0.2437 0.7929
vn 0.6455 0.6303 0.4314
vn 0.7674 0.3307 0.5493
vn -0.5024 0.0564 0.8628
vn 0.9027 0.4303 0.0001
vn 0.9590 0.2821 0.0290
vn 0.4398 -0.7114 0.5482
vn 0.7032 0.7077 -0.0683
vn -0.8308 -0.2420 0.5012
vn 0.9594 -0.2817 -0.0096
vn 0.8624 0.4874 -0.1368
vn -0.8063 -0.3005 0.5095
vn 0.4373 0.3075 -0.8451
vn 0.6797 0.7032 0.2086
vn -0.3312 -0.8855 -0.3259
vn -0.5007 -0.6398 0.5831
vn -0.3417 -0.9350 0.0952
vn 0.0775 -0.3998 -0.9133
vn 0.0295 -0.7930 0.6085
vn 0.4174 0.1105 -0.9020
vn -0.1187 0.8956 0.4287
vn 0.7656 -0.5994 0.2334
vn -0.4630 -0.1657 0.8707
vn 0.8559 0.5111 -0.0788
vn 0.7985 0.4169 -0.4344
vn 0.6485 0.3288 -0.6865
vn -0.1544 0.6284 0.7624
vn -0.3550 0.1449 0.9236
vn -0.1607 -0.9536 -0.2545
vn 0.3453 0.8028 0.4860
vn 0.5446 0.7621 0.3502
vn -0.1264 0.7943 0.5942
vn -0.0921 0.8122 -0.5760
vn -0.1297 -0.7745 -0.6192
vn 0.9581 -0.0857 0.2732
vn 0.7490 0.6140 -0.2489
vn 0.6986 0.7126 -0.0647
vn 0.2089 -0.0952 -0.9733
vn -0.4328 -0.8593 0.2726
vn -0.2460 0.4948 0.8335
vn 0.5708 0.8190 0.0581
vn -0.2972 0.3370 0.8934
vn -0.4478 -0.3867 0.8062
vn 0.7061 0.3603 -0.6096
vn -0.4300 -0.7839 0.4479
vn 0.2382 -0.0748 -0.9683
vn -0.0348 -0.4307 -0.9018
vn -0.1338 0.6729 0.7275
vn 0.7621 0.6329 -0.1364
vn 0.7070 0.6274 -0.3264
vn -0.4309 -0.0443 0.9013
vn -0.9073 0.1183 -0.4036
vn 0.1391 -0.3330 -0.9326
vn 0.0432 -0.8446 -0.5336
vn 0.0868 0.7907 0.6060
vn -0.8298 0.4388 -0.3449
vn -0.9958 -0.0359 0.0844
vn -0.8207 0.5689 0.0534
vn -0.9858 -0.1242 -0.1132
vn -0.3980 -0.6158 0.6800
vn -0.9834 -0.1614 -0.0829
vn -0.9486 0.0603 0.3107
vn -0.9908 -0.1325 0.0281
vn -0.5685 0.1227 -0.8135
vn -0.9094 0.2606 -0.3242
vn -0.8587 -0.3821 0.3414
vn -0.9007 -0.4121 0.1378
vn -0.9075 0.3934 0.1475
vn 0.1314 -0.6318 -0.7639
vn -0.9265 -0.3739 -0.0412
vn -0.8091 -0.5606 0.1763
vn 0.5504 0.1604 -0.8194
vn -0.7913 -0.3865 -0.4738
vn -0.6371 -0.3677 -0.6775
vn -0.6319 -0.1595 0.7584
vn -0.7733 -0.1917 -0.6043
vn 0.4724 0.5917 0.6533
vn -0.7851 0.6175 -0.0484
vn -0.9778 0.1997 -0.0640
vn -0.5903 0.8071 -0.0095
vn -0.7183 0.2833 0.6354
vn -0.9982 0.0600 -0.0093
vn -0.9844 0.1013 -0.1440
vn -0.9465 0.3181 0.0547
vn -0.9899 -0.1344 -0.0443
vn 0.1900 0.8854 0.4243
vn -0.5892 -0.7185 0.3695
vn -0.4330 -0.8597 -0.2711
vn 0.5187 0.4544 -0.7242
vn -0.9605 -0.0473 0.2741
vn 0.0535 -0.5280 0.8476
vn -0.0787 0.0864 -0.9931
vn -0.9128 -0.1625 0.3746
vn -0.9662 -0.1080 0.2339
vn -0.8681 0.4620 -0.1817
vn -0.9632 -0.1849 -0.1951
vn -0.3938 -0.1389 0.9086
vn -0.0565 -0.1572 -0.9859
vn -0.0065 -0.8529 -0.5220
vn 0.9813 -0.0961 -0.1669
vn -0.0455 -0.9714 0.2330
vn -0.9848 0.1706 -0.0334
vn -0.9448 -0.3097 0.1070
vn -0.9684 0.0440 0.2456
vn -0.9968 -0.0421 0.0681
vn 0.0239 0.5464 0.8372
vn -0.9457 -0.0798 0.3151
vn -0.2898 0.8047 -0.5181
vn -0.9206 0.3366 0.1977
vn 0.5775 -0.7502 0.3220
vn -0.6116 0.4095 -0.6769
vn -0.4070 0.7827 -0.4708
vn -0.9598 -0.0944 0.2644
vn -0.7418 -0.6696 -0.0368
vn -0.6594 -0.5478 -0.5149
vn -0.8302 0.3552 -0.4297
vn -0.6809 -0.7261 -0.0956
vn -0.5809 -0.4391 -0.6854
vn 0.3735 0.8767 0.3030
vn -0.9570 -0.1212 0.2636
vn -0.9541 -0.1643 0.2504
vn -0.9471 -0.1427 0.2876
vn -0.7378 -0.5736 0.3558
vn -0.9337 -0.3285 0.1424
vn 0.4739 -0.0423 -0.8796
vn -0.9844 0.1722 0.0363
vn -0.9375 0.3238 -0.1276
vn -0.6246 0.6977 0.3509
vn -0.9033 -0.4211 0.0816
vn -0.8990 0.3518 -0.2610
vn 0.2421 0.2646 -0.9335
vn -0.2874 0.5019 -0.8158
vn 0.1066 0.7570 0.6447
vn 0.6153 0.4303 -0.6605
vn -0.9304 -0.1109 0.3493
vn -0.3800 -0.4860 0.7870
vn -0.9361 0.3222 -0.1411
vn -0.8574 0.0915 -0.5065
vn -0.5103 0.8080 -0.2946
vn -0.6529 0.7574 -0.0111
vn -0.8606 -0.4790 -0.1727
vn -0.5955 0.7973 0.0987
vn -0.9429 -0.1445 0.3001
vn -0.6390 -0.7431 0.1987
vn 0.4764 0.5692 -0.6701
vn 0.6519 -0.7583 0.0044
vn -0.6116 -0.6237 0.4868
vn -0.7932 -0.3974 -0.4614
vn -0.6897 -0.5937 -0.4146
vn -0.8334 0.5507 -0.0470
vn -0.5818 -0.4273 -0.6921
vn -0.8793 -0.4741 -0.0455
vn -0.6474 0.6678 0.3673
vn -0.9920 -0.0898 -0.0883
vn -0.9888 0.0254 -0.1471
vn -0.9050 0.4155 -0.0915
vn -0.9910 -0.0786 0.1082
vn 0.4145 -0.0209 0.9098
vn -0.5900 0.4027 0.6998
vn -0.9508 -0.1960 0.2398
vn -0.9738 -0.1811 -0.1374
vn -0.9844 0.1484 0.0944
vn -0.9168 0.2752 -0.2894
vn -0.9465 -0.1678 -0.2757
vn -0.6389 -0.7083 -0.3002
vn -0.8942 0.2492 -0.3720
vn -0.7035 0.6904 0.1683
vn 0.5815 0.3475 0.7356
vn -0.8206 -0.4216 0.3858
vn -0.8108 -0.0616 -0.5820
vn -0.8646 -0.5007 -0.0424
vn -0.7297 0.1999 -0.6539
vn -0.1097 0.2614 0.9590
vn -0.4010 0.8862 -0.2319
vn -0.9209 -0.3464 0.1785
vn -0.9845 0.1752 0.0112
vn -0.8927 -0.4401 -0.0972
vn -0.6259 -0.7744 0.0927
vn -0.6240 -0.7791 0.0595
vn -0.2747 0.9615 0.0074
vn -0.9381 0.2550 0.2343
vn -0.3912 0.2189 -0.8939
vn -0.6246 -0.7787 -0.0592
vn -0.6093 -0.6638 -0.4337
vn 0.1340 -0.4453 -0.8853
vn -0.9368 -0.3009 0.1786
vn -0.5685 -0.7289 -0.3814
vn 0.5391 0.8231 -0.1787
vn -0.9068 0.1412 0.3973
vn -0.8822 0.3356 0.3302
vn 0.1149 0.5997 -0.7919
vn 0.9212 0.3547 -0.1597
vn 0.5508 -0.1935 -0.8119
vn -0.6934 0.2359 -0.6809
vn -0.1356 -0.9858 -0.0990
vn -0.9693 -0.1498 0.1948
vn -0.9048 0.0781 -0.4186
vn -0.7265 0.4763 0.4953
vn -0.7555 -0.5089 0.4126
vn 0.3283 -0.8532 -0.4053
vn -0.4683 -0.6661 -0.5805
vn -0.1815 0.9719 -0.1498
vn -0.8195 0.0496 0.5709
vn -0.6038 -0.2466 -0.7580
vn 0.2654 0.3611 -0.8939
vn -0.6451 -0.1717 -0.7445
vn -0.9700 -0.1681 0.1753
vn -0.8761 -0.0980 -0.4721
vn -0.6590 -0.5932 -0.4623
vn -0.5957 -0.4176 -0.6861
vn -0.5131 -0.1632 0.8427
vn 0.8738 -0.1381 0.4662
vn -0.8824 -0.4289 0.1933
vn -0.8813 -0.4298 -0.1963
vn 0.4562 0.5452 0.7033
vn -0.6863 -0.6686 0.2863
vn -0.4918 -0.7053 0.5105
vn -0.8205 -0.0241 0.5712
vn -0.9025 0.2673 0.3377
vn 0.2155 -0.4933 0.8427
vn 0.5834 0.8100 0.0603
vn -0.6618 -0.7355 -0.1452
vn -0.1051 -0.8689 -0.4838
vn -0.4727 -0.1428 -0.8696
vn -0.0980 -0.9939 0.0504
vn -0.7183 -0.3540 -0.5989
vn 0.2327 0.9395 0.2514
vn -0.8530 -0.3870 -0.3501
vn -0.8973 -0.3524 0.2658
vn -0.2446 0.7680 0.5919
vn -0.9321 -0.1197 0.3419
vn -0.8010 0.5984 -0.0188
vn -0.7769 -0.1752 0.6048
vn 0.2475 0.7690 -0.5894
vn 0.3094 0.2330 -0.9219
vn -0.9243 0.0875 -0.3715
vn -0.8773 0.4799 -0.0124
vn -0.9002 -0.4195 0.1167
vn -0.9420 0.1773 0.2849
vn -0.9977 -0.0455 0.0508
vn -0.8892 0.2638 -0.3737
vn -0.8558 -0.1733 -0.4874
vn -0.8003 -0.4558 0.3894
vn -0.7871 0.6080 -0.1035
vn -0.7327 -0.1708 0.6588
vn -0.7516 -0.6193 0.2270
vn -0.9175 0.3575 0.1746
vn -0.8891 -0.3165 0.3305
vn 0.6855 -0.7128 0.1481
vn -0.6206 0.7298 -0.2866
vn -0.9830 0.1830 -0.0141
vn -0.8482 -0.3440 -0.4027
vn -0.7195 -0.6893 0.0845
vn -0.7311 -0.0460 0.6807
vn 0.0221 0.5203 0.8537
vn -0.5712 0.8022 0.1738
vn 0.8207 0.5340 0.2031
vn -0.8350 0.0731 0.5453
vn -0.8612 -0.1567 0.4835
vn -0.6821 0.4472 0.5785
vn -0.3281 0.1083 -0.9384
vn 0.3429 -0.1247 -0.9310
vn -0.5097 0.8474 -0.1484
vn -0.6929 -0.4664 0.5498
vn -0.0964 0.1090 0.9894
vn -0.8651 -0.2837 -0.4137
vn 0.7988 0.1553 -0.5812
vn -0.5949 0.7434 -0.3056
vn -0.9293 -0.2087 -0.3046
vn 0.3374 0.8010 0.4945
vn -0.9530 0.1503 -0.2630
vn -0.2605 -0.5399 -0.8004
vn -0.9387 0.2151 0.2695
vn 0.9469 -0.2946 -0.1287
vn 0.3583 0.0791 0.9303
vn -0.2659 0.8200 0.5068
vn -0.6874 -0.6720 -0.2754
vn 0.0262 -0.5040 0.8633
vn -0.4856 0.8547 0.1838
vn -0.7583 0.6407 -0.1206
vn -0.8115 -0.1494 0.5649
vn -0.9108 -0.1417 0.3878
vn -0.6140 0.3867 0.6881
vn 0.9080 0.2994 0.2931
vn 0.0413 -0.1499 0.9878
vn -0.6454 0.4164 0.6404
vn 0.1868 0.9812 0.0478
vn 0.8941 -0.3272 0.3059
vn -0.0782 -0.9964 -0.0335
vn -0.8845 0.1389 -0.4454
vn -0.5145 -0.8326 -0.2051
vn -0.1919 0.9116 -0.3635
vn 0.4117 0.5589 -0.7198
vn -0.4828 0.7072 0.5165
vn -0.8433 0.0433 0.5358
vn -0.8405 0.1371 0.5242
vn -0.8837 -0.2946 -0.3637
vn 0.9251 -0.3295 0.1884
vn -0.9277 0.1661 0.3344
vn -0.3943 0.8900 0.2291
vn -0.7590 0.6382 -0.1288
vn -0.0269 -0.9791 0.2015
vn -0.8984 -0.2438 0.3654
vn -0.5644 -0.7922 -0.2323
vn -0.5235 -0.8333 0.1775
vn -0.8407 -0.1406 -0.5229
vn -0.9819 0.0945 -0.1644
vn -0.9738 -0.2123 -0.0819
vn -0.9814 -0.1299 -0.1415
vn 0.3321 -0.8549 -0.3986
vn -0.8985 0.3797 0.2204
vn -0.9410 0.0963 -0.3245
vn -0.9365 0.2810 0.2099
vn -0.1821 -0.7443 -0.6426
vn -0.4456 0.4023 -0.7998
vn -0.9954 0.0674 0.0685
vn -0.9625 -0.2663 -0.0520
vn -0.9994 -0.0319 -0.0145
vn -0.8399 0.0812 0.5367
vn -0.7352 -0.6737 0.0751
vn -0.8806 -0.2519 0.4013
vn -0.7175 0.0460 0.6951
vn -0.8813 -0.1644 -0.4431
vn -0.9999 0.0035 -0.0142
vn -0.9289 0.3627 -0.0746
vn -0.6442 0.7320 -0.2216
vn -0.4274 0.9021 -0.0594
vn -0.9425 0.0376 -0.3320
vn -0.8961 0.3937 -0.2050
vn -0.9096 0.0618 0.4109
vn -0.9723 0.0684 -0.2234
vn -0.7522 -0.6425 -0.1463
vn -0.0939 -0.2046 -0.9743
vn -0.8743 -0.0012 -0.4854
vn -0.4582 0.8066 0.3734
vn -0.8221 -0.0007 0.5693
vn -0.9248 0.3555 0.1355
vn -0.7115 0.5016 0.4921
vn -0.8607 -0.4453 0.2468
vn 0.1943 -0.0980 0.9760
vn 0.2500 0.8800 -0.4039
vn -0.9799 -0.1972 -0.0307
vn -0.8983 -0.1659 -0.4068
vn -0.9463 0.0583 0.3181
vn -0.2523 0.1867 0.9495
vn -0.9299 -0.0372 -0.3659
vn -0.8935 0.0993 -0.4380
vn -0.9151 -0.3879 -0.1102
vn -0.8939 0.1198 -0.4320
vn 0.7000 -0.0936 0.7080
vn -0.7211 0.6297 -0.2890
vn -0.7220 -0.6916 0.0203
vn 0.6375 -0.7268 0.2556
vn 0.8991 -0.3205 -0.2982
vn -0.7883 0.1650 0.5927
vn 0.2284 -0.6695 0.7068
vn -0.8083 0.4131 0.4195
vn -0.4698 0.6116 -0.6366
vn -0.9621 0.0324 -0.2707
vn -0.9020 0.3761 -0.2119
vn -0.9909 -0.1253 -0.0500
vn -0.8956 -0.0983 0.4338
vn 0.2188 -0.4841 0.8472
vn -0.9835 0.1784 -0.0291
vn -0.9462 0.2444 -0.2121
vn -0.8700 0.2381 -0.4317
vn -0.9951 0.0819 0.0548
vn -0.4192 0.1005 -0.9023
vn 0.0136 -0.0379 -0.9992
vn -0.9918 -0.0118 0.1275
vn -0.9980 0.0543 0.0318
vn -0.2803 0.9335 -0.2235
vn -0.7944 -0.2091 -0.5702
vn -0.8059 -0.5321 -0.2596
vn -0.8459 0.4725 0.2474
vn -0.6947 -0.0332 -0.7185
vn -0.9070 -0.2773 -0.3170
vn -0.7440 -0.2601 0.6155
vn -0.7886 0.2344 -0.5685
vn -0.1163 0.0669 0.9910
vn -0.4463 0.1063 -0.8885
vn -0.8809 -0.0827 0.4660
vn 0.9201 -0.1963 -0.3390
vn -0.9798 0.1632 0.1159
vn -0.8136 0.1785 -0.5534
vn -0.9705 -0.2130 0.1130
vn -0.9751 0.2089 -0.0742
vn -0.9566 0.1664 -0.2393
vn -0.9713 -0.2374 -0.0109
vn -0.8934 -0.4207 -0.1576
vn -0.9290 -0.3701 -0.0019
vn -0.6537 0.0945 0.7508
vn 0.2976 0.0146 -0.9546
vn -0.7473 -0.1244 -0.6528
vn 0.9794 -0.0636 -0.1918
vn 0.0467 0.0803 -0.9957
vn -0.7568 0.1587 -0.6341
vn -0.8597 0.5066 0.0648
vn -0.4767 0.3118 0.8219
vn 0.3824 -0.1093 0.9175
vn 0.9932 -0.1154 0.0134
vn -0.9141 -0.2161 0.3430
vn -0.3581 0.7635 -0.5374
vn 0.4199 -0.0301 0.9070
vn -0.1189 -0.0213 0.9927
vn -0.7960 -0.6052 -0.0112
vn -0.3420 -0.7788 -0.5259
vn -0.5273 0.6966 -0.4865
vn 0.3362 -0.7634 0.5516
vn -0.7493 -0.4868 -0.4490
vn -0.9055 0.1735 -0.3873
vn -0.8185 -0.4555 -0.3501
vn -0.8569 -0.3720 0.3568
vn 0.3214 0.9035 0.2835
vn -0.5167 0.8309 0.2064
vn -0.2767 0.6240 0.7308
vn -0.3995 0.8544 0.3323
vn -0.6521 0.4553 0.6063
vn -0.8518 0.2129 -0.4786
vn 0.9769 -0.1957 -0.0858
vn 0.9438 -0.1788 -0.2780
vn -0.1970 -0.4901 -0.8491
vn 0.3806 -0.2255 0.8968
vn 0.5199 -0.0450 0.8531
vn 0.2001 -0.9754 0.0921
vn -0.7659 -0.5994 -0.2325
vn -0.8881 -0.2963 0.3514
vn 0.6318 -0.3111 -0.7100
vn -0.3748 -0.4988 -0.7815
vn -0.7681 0.3836 0.5128
vn 0.8778 -0.1624 -0.4507
vn -0.8945 0.2531 -0.3686
vn -0.6983 -0.2232 0.6801
vn -0.8219 0.2667 -0.5033
vn -0.5633 -0.7605 -0.3230
vn -0.5019 0.8373 0.2169
vn -0.8948 0.3467 -0.2812
vn -0.9319 0.3339 0.1417
vn 0.0763 0.1898 -0.9789
vn -0.9168 0.0669 -0.3937
vn 0.9786 -0.1782 -0.1033
vn -0.9723 0.2325 -0.0249
vn -0.5405 -0.7768 -0.3232
vn -0.8774 0.4793 0.0197
vn 0.9766 -0.2094 0.0487
vn -0.2934 0.1568 -0.9430
vn 0.9750 -0.0904 0.2032
vn -0.2243 -0.0668 -0.9722
vn -0.8297 0.2418 -0.5032
vn -0.4694 0.8719 0.1394
vn -0.4283 0.0283 0.9032
vn 0.9840 -0.1707 0.0521
vn -0.2605 -0.5707 -0.7787
vn 0.1556 -0.9434 -0.2928
vn -0.4028 0.4553 -0.7940
vn 0.1061 0.1778 -0.9783
vn -0.7148 -0.5447 0.4386
vn 0.9317 -0.2207 -0.2885
vn -0.4261 0.0742 0.9016
vn -0.8673 0.4203 -0.2666
vn -0.4227 -0.7843 -0.4541
vn -0.4247 0.0516 -0.9039
vn 0.3696 -0.8724 -0.3200
vn -0.6607 0.3276 -0.6754
vn -0.7416 0.3983 0.5398
vn 0.8547 -0.1503 -0.4970
vn 0.9932 -0.0888 0.0751
vn -0.8709 0.1763 0.4587
vn -0.2426 0.2687 0.9322
vn -0.6332 0.1567 -0.7579
vn -0.8932 0.3651 0.2626
vn -0.5843 0.6158 -0.5285
vn 0.2673 0.6047 -0.7502
vn 0.6185 0.5754 -0.5351
vn -0.8042 -0.3094 0.5075
vn -0.4392 -0.8281 0.3483
vn -0.8248 -0.3368 0.4541
vn 0.2920 0.1856 -0.9382
vn 0.9417 -0.0238 0.3357
vn 0.9409 -0.3378 -0.0262
vn -0.3744 -0.8392 0.3945
vn 0.6842 0.3111 -0.6596
vn -0.2614 -0.5331 -0.8047
vn -0.4753 0.1772 0.8618
vn -0.3540 0.1285 0.9264
vn -0.2495 0.2176 -0.9436
vn 0.9104 -0.3098 0.2743
vn -0.2381 0.3314 0.9130
vn 0.9182 -0.3844 0.0958
vn -0.4027 0.2101 0.8909
vn 0.9493 -0.2550 0.1841
vn 0.9307 -0.1063 0.3501
vn 0.1741 -0.7825 0.5978
vn -0.0469 -0.6907 -0.7216
vn -0.6500 -0.6313 -0.4230
vn 0.8668 -0.2373 -0.4385
vn -0.4103 -0.2462 0.8781
vn 0.0396 -0.4824 -0.8751
vn 0.9370 -0.3264 -0.1245
vn 0.9237 -0.3699 0.0999
vn 0.9279 -0.1164 -0.3542
vn -0.8107 0.3384 -0.4777
vn -0.0752 0.9865 0.1456
vn 0.0248 -0.9983 0.0535
vn -0.8181 0.2465 -0.5195
vn 0.9022 -0.2015 0.3813
vn 0.3224 0.1132 0.9398
vn -0.4944 -0.7883 -0.3662
vn -0.5324 0.8424 0.0830
vn -0.4397 0.8375 -0.3245
vn -0.7991 0.3595 0.4818
vn -0.9014 0.3208 -0.2907
vn -0.1456 0.9237 0.3544
vn -0.4641 -0.2334 0.8545
vn -0.6768 0.1639 0.7177
vn -0.8535 0.4597 0.2455
vn -0.0120 -0.8055 -0.5925
vn -0.1720 0.9674 -0.1858
vn -0.8863 0.2397 0.3963
vn -0.7006 -0.3874 0.5993
vn -0.6124 -0.0534 -0.7888
vn -0.5708 0.2055 0.7950
vn 0.9469 -0.0569 0.3163
vn -0.7709 -0.1332 -0.6229
vn -0.1636 -0.3197 -0.9333
vn -0.2563 0.3093 -0.9158
vn -0.9201 0.3469 -0.1816
vn -0.9004 0.4347 0.0186
vn -0.9004 0.4347 0.0187
vn 0.1069 -0.2799 -0.9540
vn 0.8275 0.1477 -0.5416
vn 0.2178 -0.9745 -0.0548
vn -0.3721 0.8898 -0.2642
vn 0.8313 -0.1762 -0.5271
vn -0.1719 -0.1540 0.9730
vn -0.5124 0.2608 0.8182
vn -0.4262 -0.6943 -0.5799
vn -0.8430 0.4977 0.2043
vn -0.7176 0.4860 -0.4988
vn 0.9134 -0.3105 -0.2633
vn 0.8594 -0.0966 0.5022
vn -0.2601 -0.5795 0.7724
vn -0.5390 -0.0641 -0.8399
vn -0.7196 -0.3018 0.6254
vn 0.2361 -0.6687 -0.7051
vn 0.1303 0.1734 -0.9762
vn -0.4467 0.4647 0.7646
vn -0.8737 0.0347 -0.4852
vn -0.8928 0.1464 0.4260
vn 0.8890 -0.3109 0.3363
vn -0.2381 0.3497 0.9061
vn -0.2979 -0.0431 0.9536
vn 0.8699 -0.4353 0.2318
vn -0.3924 0.0329 -0.9192
vn -0.4275 -0.3534 0.8321
vn -0.3175 -0.4216 -0.8494
vn -0.9059 0.3866 0.1731
vn -0.8892 0.2831 0.3594
vn 0.8616 -0.1612 -0.4812
vn 0.9026 -0.4212 -0.0889
vn 0.9385 0.1966 -0.2838
vn -0.5706 0.6229 -0.5352
vn -0.7874 0.2573 -0.5602
vn 0.4158 -0.8903 0.1854
vn 0.8750 -0.0669 0.4795
vn 0.8394 -0.1594 0.5196
vn 0.8564 -0.3090 -0.4137
vn -0.5033 0.8119 0.2958
vn -0.7019 -0.3774 0.6041
vn 0.8805 -0.4023 -0.2509
vn -0.8653 0.4962 -0.0710
vn 0.8727 -0.4684 0.1377
vn 0.8190 -0.3146 0.4798
vn 0.2253 0.9626 -0.1505
vn -0.5563 0.4392 -0.7054
vn -0.8246 0.2233 -0.5197
vn -0.2357 -0.0025 0.9718
vn 0.7904 -0.0360 -0.6115
vn -0.9296 0.2764 -0.2440
vn -0.8121 0.0871 0.5770
vn -0.8076 0.1935 0.5571
vn -0.7806 0.1757 0.5998
vn -0.0380 -0.9989 -0.0282
vn -0.8016 0.5840 -0.1277
vn -0.8508 0.3264 -0.4118
vn 0.8760 -0.4093 -0.2552
vn -0.6903 0.3550 -0.6305
vn -0.8513 -0.3392 -0.4003
vn -0.4498 -0.7179 0.5313
vn -0.9887 0.1407 -0.0512
vn -0.4408 0.8860 0.1442
vn -0.6291 -0.3484 0.6948
vn -0.2137 0.3881 0.8965
vn -0.3225 0.0149 0.9465
vn 0.8759 -0.4529 0.1666
vn 0.7950 -0.4182 0.4395
vn -0.1093 0.1269 0.9859
vn -0.8123 0.4823 -0.3281
vn -0.6909 0.3114 -0.6524
vn -0.3937 0.2610 0.8814
vn -0.7374 -0.3422 -0.5824
vn 0.8423 -0.5378 0.0358
vn 0.8698 -0.4605 0.1772
vn 0.8489 -0.5256 0.0559
vn 0.7759 -0.2114 -0.5944
vn -0.0149 0.3124 0.9498
vn 0.7875 -0.1122 0.6060
vn 0.7846 -0.1187 0.6085
vn -0.9851 0.0854 0.1493
vn -0.8969 0.4134 0.1571
vn -0.8369 0.2749 -0.4733
vn 0.8320 -0.5547 -0.0062
vn -0.8105 0.5855 -0.0163
vn 0.0539 0.0364 -0.9979
vn -0.7886 -0.0780 0.6099
vn 0.4749 -0.2692 0.8379
vn -0.5935 0.5521 0.5856
vn -0.7941 0.3087 0.5236
vn -0.3520 -0.6013 -0.7173
vn -0.8794 0.4432 -0.1737
vn 0.7669 -0.0696 -0.6380
vn 0.7901 -0.4071 -0.4582
vn 0.7513 -0.3350 -0.5686
vn 0.4075 -0.9075 0.1021
vn 0.8229 -0.5396 -0.1777
vn 0.7596 -0.5337 -0.3717
vn -0.4350 -0.7825 0.4455
vn 0.2845 0.0801 -0.9553
vn -0.7369 -0.1094 0.6671
vn -0.2282 -0.4580 -0.8591
vn -0.6644 0.2307 -0.7109
vn -0.6138 0.5625 0.5539
vn -0.7125 0.3005 -0.6341
vn 0.8058 -0.5770 0.1331
vn -0.7450 0.4871 -0.4558
vn 0.5620 -0.8240 0.0718
vn -0.7338 0.5240 0.4324
vn -0.8013 0.0294 0.5976
vn -0.8046 0.5500 -0.2237
vn -0.9946 0.0883 0.0547
vn -0.6597 0.0890 -0.7463
vn -0.8315 0.5192 0.1977
vn -0.0587 -0.9974 -0.0411
vn -0.6258 -0.4059 0.6661
vn -0.9942 -0.1068 0.0083
vn -0.9529 -0.3009 0.0374
vn -0.8075 0.5012 -0.3110
vn -0.5456 0.2365 0.8040
vn -0.6712 0.3968 0.6262
vn -0.7523 -0.1719 -0.6360
vn -0.6200 0.1206 -0.7753
vn -0.7277 0.5766 -0.3715
vn 0.2629 -0.3800 0.8868
vn 0.9441 0.1183 -0.3078
vn 0.7357 -0.2147 0.6423
vn -0.9407 -0.1107 0.3207
vn -0.9265 0.0691 -0.3699
vn 0.2221 -0.1167 0.9680
vn -0.0109 -0.9999 0.0026
vn -0.7249 0.2469 -0.6431
vn -0.8871 0.4614 0.0085
vn -0.8704 0.1817 -0.4577
vn -0.7024 -0.5996 -0.3835
vn -0.5403 0.6073 -0.5824
vn -0.5682 0.7526 -0.3327
vn -0.9521 0.2703 0.1430
vn -0.8657 -0.3341 0.3728
vn -0.8717 0.3347 -0.3580
vn -0.7464 0.5981 -0.2918
vn -0.5156 0.8412 0.1631
vn 0.8400 -0.5291 -0.1202
vn -0.5324 -0.3650 0.7638
vn -0.4791 0.8505 -0.2171
vn -0.8791 -0.3309 -0.3429
vn -0.0158 0.3872 0.9219
vn -0.7315 0.1511 0.6649
vn -0.5805 -0.6703 0.4623
vn 0.2314 0.2033 -0.9514
vn -0.7682 -0.6115 0.1893
vn -0.7489 0.4785 0.4585
vn -0.9552 0.1092 -0.2750
vn -0.8055 -0.3468 0.4805
vn -0.9982 0.0588 0.0128
vn -0.9263 -0.3740 -0.0460
vn 0.7470 -0.5427 0.3841
vn -0.7267 0.5749 -0.3761
vn -0.8901 -0.3962 0.2251
vn -0.7022 -0.0279 0.7114
vn -0.9472 0.0398 0.3181
vn 0.6509 -0.4620 -0.6024
vn -0.5647 -0.8135 0.1390
vn -0.3926 0.5629 -0.7273
vn -0.7133 -0.6329 -0.3010
vn -0.5811 -0.2303 -0.7806
vn -0.8306 0.4173 0.3689
vn -0.6953 0.6648 -0.2731
vn 0.0109 0.2578 -0.9661
vn 0.0433 0.1031 -0.9937
vn -0.7149 0.3657 -0.5959
vn -0.3685 0.0636 0.9275
vn -0.6958 -0.1272 0.7069
vn -0.7545 0.2842 0.5916
vn 0.7042 -0.1332 -0.6974
vn -0.5439 0.7689 -0.3361
vn -0.7289 0.4261 0.5359
vn -0.9833 0.1802 0.0274
vn -0.9826 0.1614 0.0924
vn 0.6597 0.1445 0.7375
vn 0.7262 0.1629 -0.6679
vn 0.7450 -0.5865 -0.3178
vn -0.5060 -0.6709 -0.5421
vn -0.1758 0.6981 -0.6940
vn -0.6743 -0.1037 -0.7311
vn -0.4442 0.5312 -0.7215
vn -0.4483 0.8931 -0.0384
vn -0.2707 0.4486 0.8518
vn -0.6099 0.7723 -0.1779
vn -0.7584 -0.3550 0.5466
vn -0.9792 0.1753 -0.1026
vn -0.0622 -0.9962 0.0613
vn -0.3884 0.7433 0.5446
vn -0.8528 0.4150 -0.3170
vn -0.5515 0.2958 0.7800
vn -0.7176 0.5874 0.3743
vn -0.7003 0.5788 -0.4178
vn -0.7166 0.5609 -0.4145
vn -0.4661 -0.2377 -0.8522
vn 0.8021 -0.5962 -0.0347
vn -0.5121 0.8476 -0.1389
vn -0.6966 -0.6366 0.3308
vn 0.3888 -0.7899 -0.4741
vn -0.9425 0.2092 0.2605
vn -0.4093 -0.5488 -0.7289
vn -0.3902 -0.6745 0.6267
vn -0.9895 0.1426 -0.0218
vn 0.5629 -0.1822 -0.8062
vn -0.7566 0.6516 -0.0540
vn -0.3413 -0.0600 -0.9380
vn -0.5481 0.5792 0.6035
vn 0.0246 0.2755 -0.9610
vn -0.1560 0.4537 0.8774
vn -0.5417 -0.5785 0.6098
vn -0.3914 0.5539 0.7349
vn -0.0737 -0.3178 -0.9453
vn -0.9466 0.2511 0.2022
vn 0.6544 -0.5123 0.5562
vn -0.6006 0.2480 0.7601
vn -0.4065 0.6851 -0.6044
vn -0.9915 0.1259 0.0326
vn -0.6726 -0.7325 -0.1054
vn -0.5390 -0.1463 0.8295
vn -0.4421 0.5371 -0.7183
vn -0.5197 0.6470 -0.5580
vn -0.4546 0.5921 0.6654
vn 0.0362 0.8969 0.4407
vn 0.7030 -0.3015 0.6441
vn -0.7230 0.6885 0.0570
vn 0.6840 -0.0584 -0.7271
vn -0.6042 0.4136 -0.6811
vn 0.3300 0.8450 0.4209
vn 0.6795 -0.5047 -0.5324
vn -0.3903 -0.7678 0.5081
vn -0.4203 0.4017 -0.8136
vn 0.0478 -0.3433 -0.9380
vn -0.2292 0.8520 -0.4708
vn -0.7754 -0.0103 0.6314
vn -0.7239 0.4711 0.5041
vn 0.2748 0.0946 -0.9568
vn -0.4488 0.3368 0.8277
vn -0.5715 0.3868 -0.7237
vn -0.5356 0.2980 0.7901
vn 0.1640 0.8828 -0.4402
vn 0.4792 -0.8763 -0.0496
vn -0.9362 0.3172 0.1515
vn -0.4943 0.6659 0.5589
vn -0.9135 0.3354 0.2304
vn -0.6175 0.2064 -0.7590
vn -0.2673 -0.0604 -0.9617
vn 0.5828 -0.6850 -0.4372
vn -0.7607 0.6467 0.0570
vn -0.3004 -0.7429 -0.5982
vn -0.1299 0.2167 -0.9676
vn 0.3993 -0.3524 -0.8464
vn -0.9155 0.3858 0.1139
vn -0.1912 0.3177 -0.9287
vn -0.1581 -0.7097 -0.6865
vn 0.5867 -0.0916 0.8046
vn -0.9495 0.2897 -0.1206
vn -0.3765 -0.0411 -0.9255
vn 0.0318 0.3283 -0.9440
vn 0.6349 -0.3793 0.6730
vn -0.5439 -0.3067 0.7811
vn 0.0166 -0.9988 -0.0469
vn 0.7042 -0.4435 0.5545
vn -0.1309 -0.4488 -0.8840
vn -0.9214 0.1095 -0.3729
vn 0.0513 -0.0884 0.9948
vn 0.5914 -0.2093 0.7787
vn 0.1401 -0.9125 0.3843
vn 0.6692 0.7306 -0.1354
vn 0.1061 0.9739 0.2007
vn 0.0502 -0.9964 -0.0689
vn 0.6595 0.5007 0.5607
vn -0.0370 0.3324 0.9424
vn 0.6528 -0.2033 -0.7297
vn -0.7128 0.4278 -0.5558
vn 0.4839 -0.2164 -0.8479
vn 0.3725 -0.5076 0.7769
vn -0.3085 0.8985 -0.3122
vn -0.0346 -0.5115 0.8586
vn -0.0562 0.9866 -0.1529
vn 0.6403 -0.3432 -0.6872
vn 0.2861 -0.9351 0.2092
vn -0.2619 0.2935 0.9194
vn -0.3012 0.7640 0.5706
vn -0.4493 -0.1970 0.8714
vn -0.3738 -0.3696 0.8507
vn -0.8742 0.2197 0.4331
vn 0.6949 0.6425 -0.3230
vn -0.1859 -0.6213 -0.7612
vn -0.8865 0.4626 -0.0071
vn 0.1232 0.6151 -0.7788
vn -0.2946 -0.8003 0.5222
vn 0.4788 -0.8655 0.1469
vn 0.2601 -0.3606 -0.8957
vn -0.6182 0.3988 0.6773
vn 0.7558 -0.2378 -0.6100
vn 0.7062 -0.7010 0.0996
vn 0.5775 -0.7254 -0.3745
vn -0.5691 0.3635 0.7376
vn -0.2746 0.5758 -0.7701
vn -0.5528 0.1800 0.8136
vn -0.5169 -0.2791 -0.8093
vn -0.2031 -0.5663 0.7988
vn 0.6796 -0.7140 -0.1682
vn -0.0414 0.0197 0.9989
vn 0.2707 -0.1184 -0.9554
vn -0.6265 0.5745 0.5267
vn 0.4310 0.8732 0.2274
vn 0.7111 -0.6489 0.2707
vn -0.1257 0.0426 0.9912
vn -0.9208 0.3742 -0.1099
vn -0.4803 -0.1333 0.8669
vn -0.6753 0.5352 0.5075
vn 0.5877 -0.4805 0.6510
vn -0.6000 0.7799 0.1781
vn -0.7283 0.5906 -0.3474
vn -0.3645 0.6418 -0.6747
vn 0.4541 0.0646 -0.8886
vn -0.2046 0.4673 -0.8601
vn -0.5779 0.5028 -0.6429
vn 0.7401 0.0130 -0.6724
vn 0.7546 0.3208 -0.5724
vn -0.0235 -0.2000 0.9795
vn 0.4838 -0.1415 0.8637
vn 0.3696 -0.3789 -0.8484
vn 0.2920 0.0242 -0.9561
vn 0.3861 -0.6036 -0.6976
vn 0.9611 -0.2426 0.1317
vn 0.9104 -0.0265 -0.4129
vn -0.6907 0.5386 -0.4825
vn 0.3922 -0.0593 0.9180
vn -0.8365 0.4854 -0.2545
vn -0.4762 0.1425 -0.8677
vn 0.6121 -0.6783 0.4064
vn -0.8716 0.4733 0.1281
vn 0.3864 0.2358 -0.8917
vn 0.2638 0.4761 0.8389
vn -0.7225 -0.0175 -0.6912
vn -0.7601 -0.0255 0.6493
vn -0.8376 0.4983 0.2240
vn -0.2498 0.9196 -0.3031
vn 0.7310 0.6800 0.0567
vn -0.0709 0.1284 0.9892
vn 0.3397 0.2314 -0.9116
vn 0.8937 -0.0576 -0.4449
vn 0.1844 0.1171 0.9758
vn -0.0946 0.3084 -0.9465
vn 0.6417 -0.2286 0.7321
vn 0.8681 0.3280 -0.3726
vn 0.6650 0.2535 -0.7025
vn 0.7156 -0.0685 -0.6952
vn -0.0271 0.8208 -0.5705
vn -0.7106 0.3885 -0.5866
vn -0.6583 0.7501 -0.0634
vn 0.1832 -0.8145 -0.5504
vn -0.4458 0.3149 -0.8379
vn 0.8045 -0.0208 0.5936
vn -0.0867 0.2013 0.9757
vn -0.3350 -0.1438 0.9312
vn 0.5821 -0.4886 -0.6499
vn -0.9536 0.1872 -0.2360
vn -0.3832 0.3128 0.8691
vn 0.5647 -0.4586 0.6861
vn 0.2405 0.2600 -0.9352
vn -0.6384 0.7419 0.2050
vn -0.1924 0.5683 0.8000
vn -0.6485 0.6141 -0.4499
vn -0.6714 0.5635 0.4814
vn 0.5703 -0.3398 0.7479
vn -0.7517 0.1642 0.6387
vn -0.5336 0.0612 0.8436
vn 0.8748 0.4133 0.2527
vn 0.2285 0.1839 -0.9560
vn -0.7438 0.0117 0.6683
vn -0.0779 -0.1033 0.9916
vn -0.6936 0.5745 -0.4345
vn 0.5299 -0.3148 -0.7875
vn -0.3284 0.8626 0.3848
vn 0.4931 -0.1391 -0.8588
vn 0.3624 -0.0821 0.9284
vn -0.2751 0.8448 0.4589
vn -0.9733 0.2296 0.0016
vn -0.9523 -0.0379 -0.3028
vn -0.6027 -0.1661 0.7805
vn -0.8650 -0.4223 -0.2712
vn -0.1865 0.8009 -0.5690
vn -0.0704 0.2362 0.9692
vn -0.9087 0.3715 0.1904
vn -0.6445 0.7574 -0.1045
vn -0.6621 -0.4173 -0.6225
vn -0.7910 -0.3194 0.5218
vn 0.6308 -0.0210 -0.7757
vn -0.4538 -0.3346 -0.8259
vn 0.5482 0.1779 -0.8172
vn 0.0998 0.6698 0.7358
vn 0.4327 0.2349 -0.8704
vn 0.0105 -0.0552 -0.9984
vn -0.9328 -0.0542 0.3564
vn 0.4586 -0.2761 0.8447
vn -0.8223 0.5384 0.1841
vn -0.6917 -0.0354 -0.7213
vn -0.9993 -0.0368 -0.0040
vn -0.2068 0.3103 0.9279
vn -0.4863 0.4374 -0.7564
vn 0.5142 -0.0545 0.8559
vn 0.8148 -0.0126 0.5796
vn -0.3815 -0.5045 0.7746
vn -0.7614 0.3128 0.5678
vn 0.1412 0.3387 -0.9302
vn 0.5808 -0.6205 -0.5270
vn -0.5702 0.1204 0.8126
vn 0.5785 -0.5589 0.5941
vn -0.3496 0.6539 -0.6710
vn -0.9678 0.1741 -0.1820
vn 0.0976 0.0742 -0.9925
vn -0.8352 0.4476 0.3196
vn -0.1684 0.8298 0.5321
vn -0.6173 0.0689 -0.7837
vn -0.5322 -0.0788 0.8430
vn 0.1671 0.3044 0.9378
vn 0.0743 0.3113 0.9474
vn 0.2829 0.3523 -0.8921
vn -0.8626 0.5013 -0.0684
vn -0.6840 0.6120 0.3970
vn -0.2482 0.8542 0.4569
vn -0.5366 0.8259 -0.1732
vn 0.1925 0.0170 -0.9811
vn -0.8189 -0.0233 0.5734
vn -0.4489 0.0895 -0.8891
vn 0.4464 0.2990 -0.8434
vn -0.5971 0.4702 0.6499
vn -0.5239 0.7142 -0.4641
vn -0.3587 0.7752 -0.5199
vn -0.5151 -0.2256 0.8269
vn -0.0397 0.3903 0.9198
vn -0.4480 0.5954 0.6669
vn -0.4599 0.5804 0.6720
vn -0.3903 0.5403 0.7455
vn -0.8710 0.2325 -0.4328
vn 0.0036 -0.9999 0.0150
vn 0.4090 -0.3887 -0.8256
vn 0.3982 -0.1036 -0.9114
vn -0.0317 -0.9970 0.0708
vn -0.1814 0.4241 -0.8872
vn 0.6416 -0.7654 -0.0501
vn 0.5594 -0.8034 0.2039
vn -0.4364 -0.1989 -0.8775
vn 0.4445 -0.4880 0.7512
vn 0.4554 -0.4176 0.7863
vn -0.3729 0.5417 0.7533
vn 0.0594 -0.9896 -0.1311
vn -0.7812 -0.6118 0.1239
vn -0.5965 -0.5442 -0.5899
vn 0.3085 0.0461 -0.9501
vn 0.3816 -0.2152 -0.8989
vn 0.3152 -0.0148 0.9489
vn -0.2891 0.5304 0.7969
vn 0.3037 -0.5109 -0.8042
vn 0.4515 -0.5884 -0.6707
vn -0.3419 -0.2410 0.9083
vn -0.2642 0.3005 0.9165
vn -0.5257 -0.0309 0.8501
vn -0.7828 0.0859 -0.6163
vn -0.1563 -0.8294 -0.5363
vn 0.1791 0.9742 0.1375
vn -0.3561 0.5645 -0.7447
vn 0.0182 0.4562 0.8897
vn 0.1193 0.5871 0.8007
vn 0.3579 0.2919 -0.8870
vn -0.8710 0.4534 0.1891
vn -0.2339 0.6330 -0.7380
vn -0.0030 -0.9999 -0.0158
vn -0.4039 0.8235 -0.3984
vn 0.3660 -0.2106 0.9065
vn -0.5396 0.8168 -0.2043
vn 0.4674 0.0804 -0.8804
vn 0.0454 0.4488 0.8925
vn 0.6121 -0.7663 -0.1952
vn -0.2673 0.5071 0.8194
vn -0.3468 -0.0824 -0.9343
vn -0.5740 0.5446 0.6115
vn 0.3575 -0.0537 -0.9324
vn -0.5676 0.5279 0.6318
vn -0.3672 0.3922 -0.8434
vn -0.9994 0.0142 -0.0309
vn -0.4302 0.3147 -0.8461
vn -0.9938 -0.0431 -0.1023
vn 0.1129 -0.0822 -0.9902
vn -0.1505 0.6447 -0.7495
vn -0.6071 -0.5773 -0.5461
vn -0.2570 0.6816 0.6851
vn -0.8121 0.5779 0.0812
vn -0.7527 0.3472 0.5593
vn -0.9563 -0.1684 0.2391
vn -0.6170 0.7866 -0.0237
vn -0.2326 -0.3458 -0.9090
vn 0.1891 0.5659 0.8025
vn -0.8099 0.1421 -0.5691
vn -0.7285 -0.1727 -0.6629
vn -0.6909 0.4851 -0.5359
vn 0.4542 -0.6543 0.6046
vn -0.2092 0.9047 0.3713
vn 0.2263 0.5023 -0.8346
vn -0.5956 0.7835 0.1770
vn -0.5978 -0.3654 -0.7135
vn -0.6267 -0.5820 -0.5182
vn 0.0833 0.4675 0.8801
vn 0.3660 0.3566 0.8596
vn 0.5414 -0.7352 -0.4078
vn -0.7276 -0.3964 -0.5599
vn 0.3668 -0.5965 0.7139
vn -0.3020 0.3526 0.8857
vn -0.2685 -0.1352 0.9537
vn -0.9857 0.0019 0.1683
vn 0.4191 0.0704 -0.9052
vn -0.3811 0.6348 -0.6721
vn -0.8501 -0.1560 0.5029
vn -0.8754 0.3639 0.3183
vn -0.5982 0.5106 -0.6176
vn -0.6086 0.3586 -0.7078
vn 0.3349 0.0507 -0.9409
vn -0.6901 0.4396 -0.5749
vn -0.6123 -0.3467 -0.7106
vn 0.3013 -0.4074 0.8621
vn 0.8217 -0.0163 0.5697
vn 0.2706 0.4946 -0.8259
vn -0.7487 -0.2634 0.6083
vn -0.9980 0.0622 0.0101
vn 0.4150 0.1292 -0.9006
vn -0.7767 -0.4147 0.4741
vn 0.5143 -0.8206 -0.2492
vn 0.0698 0.4709 0.8794
vn -0.3121 0.1666 0.9353
vn -0.3852 -0.1184 -0.9152
vn -0.8023 0.5599 -0.2070
vn -0.7606 0.2968 0.5774
vn -0.5829 -0.3998 0.7074
vn -0.5147 -0.6898 -0.5092
vn -0.8737 0.0339 0.4853
vn -0.3067 -0.5013 0.8091
vn -0.1809 0.8973 -0.4026
vn 0.1567 0.4804 0.8629
vn 0.0327 0.9813 -0.1895
vn -0.2812 0.8360 -0.4712
vn 0.2709 0.8001 0.5352
vn -0.3641 0.6267 0.6890
vn 0.8037 0.0020 0.5950
vn -0.4998 -0.6541 -0.5678
vn -0.1512 0.5567 -0.8169
vn -0.3152 -0.5921 -0.7416
vn -0.2100 0.5351 -0.8183
vn -0.5537 0.8317 0.0412
vn -0.6776 -0.4059 0.6132
vn -0.4014 0.5985 -0.6934
vn -0.8389 -0.3576 0.4104
vn -0.8525 0.1271 0.5071
vn -0.9713 0.0275 -0.2363
vn -0.4025 -0.0405 0.9145
vn -0.7328 0.5574 0.3903
vn -0.9226 0.3459 0.1710
vn -0.5445 0.3244 0.7735
vn -0.7325 0.6441 0.2205
vn -0.6871 0.5289 0.4982
vn -0.3071 0.1515 0.9395
vn -0.9512 -0.3078 -0.0218
vn -0.7424 -0.1768 0.6462
vn -0.6837 -0.5745 0.4500
vn -0.2062 0.6100 -0.7651
vn -0.4543 0.8670 0.2050
vn 0.4316 -0.6437 -0.6320
vn -0.2355 -0.2725 -0.9329
vn -0.6086 0.4236 0.6710
vn -0.0835 -0.2089 -0.9744
vn -0.2918 0.1789 -0.9396
vn 0.3946 -0.8294 0.3955
vn -0.1857 -0.7568 -0.6267
vn -0.2548 -0.1723 0.9515
vn -0.7608 -0.5991 0.2497
vn -0.8281 0.4324 0.3567
vn 0.0851 -0.6513 0.7540
vn -0.5152 0.5288 0.6745
vn -0.4974 -0.1352 0.8569
vn -0.5080 -0.5617 0.6530
vn 0.0967 0.5265 0.8447
vn 0.1618 0.5275 0.8340
vn -0.1059 -0.8787 -0.4655
vn -0.4872 0.7173 0.4981
vn -0.8148 0.1504 0.5599
vn -0.4177 0.8664 0.2735
vn -0.3860 0.8212 0.4203
vn -0.3818 0.8974 -0.2210
vn -0.9641 0.2179 0.1517
vn -0.1393 -0.0798 -0.9870
vn -0.2695 0.2073 0.9404
vn -0.1235 0.7064 -0.6970
vn -0.3172 -0.6970 0.6431
vn -0.7206 -0.6806 0.1323
vn 0.2170 -0.5427 0.8114
vn -0.0841 0.9931 0.0814
vn 0.2825 -0.2713 -0.9201
vn 0.1568 0.6860 -0.7105
vn -0.1359 0.4798 -0.8668
vn -0.1905 -0.2872 0.9387
vn -0.2199 -0.4326 0.8744
vn -0.0685 0.8847 -0.4611
vn -0.4442 -0.8733 -0.2000
vn -0.3197 0.8115 -0.4892
vn -0.3296 -0.3383 0.8814
vn -0.2213 0.4330 -0.8738
vn -0.3052 0.8545 -0.4204
vn -0.8676 0.4105 0.2807
vn -0.6681 -0.6774 0.3079
vn -0.8518 0.4683 0.2348
vn -0.4396 0.4871 0.7547
vn -0.0512 -0.6819 -0.7297
vn -0.0174 0.4116 -0.9112
vn -0.3969 -0.0728 0.9150
vn 0.3753 -0.8327 -0.4072
vn 0.0591 -0.2816 0.9577
vn -0.3236 -0.8617 -0.3908
vn -0.4040 0.8360 0.3713
vn 0.4078 0.8731 0.2671
vn 0.1383 0.4607 -0.8767
vn -0.2079 -0.4555 0.8656
vn -0.3568 -0.3493 0.8664
vn 0.0155 -0.9954 -0.0945
vn 0.3604 -0.7741 0.5204
vn -0.2546 0.6007 0.7579
vn -0.0161 -0.8013 0.5981
vn -0.0573 0.8925 0.4475
vn 0.4063 -0.7586 -0.5093
vn -0.6817 -0.5944 0.4267
vn 0.4002 -0.9163 -0.0138
vn 0.2774 -0.9415 0.1915
vn -0.9834 -0.0060 -0.1814
vn 0.3711 -0.6916 -0.6197
vn 0.2378 -0.6487 -0.7230
vn -0.2004 -0.0402 0.9789
vn -0.1437 -0.2342 0.9615
vn -0.7006 -0.0548 0.7114
vn -0.7541 -0.0449 0.6552
vn -0.4549 -0.1773 0.8727
vn -0.0193 0.2660 0.9638
vn -0.3527 0.7812 0.5152
vn 0.1774 -0.7297 0.6604
vn -0.1261 -0.0694 -0.9896
vn -0.9517 0.0112 -0.3067
vn 0.2260 0.4477 -0.8651
vn -0.3299 -0.0789 0.9407
vn -0.4678 0.7097 -0.5268
vn 0.2783 -0.5273 -0.8028
vn -0.0840 0.4962 0.8641
vn -0.3206 0.6411 0.6973
vn 0.3889 0.5149 0.7639
vn -0.0238 -0.4749 0.8797
vn 0.1194 -0.5963 -0.7938
vn -0.0371 0.9972 -0.0645
vn 0.2431 0.0293 -0.9696
vn -0.2418 0.7988 0.5508
vn -0.5106 0.4204 -0.7500
vn -0.6010 -0.0394 0.7983
vn 0.0801 -0.2793 0.9569
vn 0.8420 -0.2981 -0.4496
vn -0.9191 0.2639 -0.2928
vn -0.9012 0.2312 -0.3666
vn -0.2093 -0.0513 -0.9765
vn 0.2426 0.5578 0.7937
vn -0.4705 0.5764 0.6681
vn 0.0802 0.9868 0.1408
vn 0.0509 -0.9935 0.1017
vn 0.0573 -0.6781 0.7327
vn -0.0244 0.9023 0.4305
vn -0.1092 -0.5330 -0.8390
vn -0.1313 0.5379 -0.8327
vn 0.1614 0.5061 0.8473
vn 0.5080 0.1661 0.8452
vn 0.8243 0.0497 -0.5639
vn 0.1945 0.0634 -0.9789
vn 0.1511 -0.6406 -0.7529
vn 0.1061 -0.2728 0.9562
vn 0.0619 -0.6048 0.7940
vn -0.8598 0.5055 -0.0720
vn -0.2069 -0.8599 0.4666
vn 0.4317 0.6082 -0.6661
vn -0.3342 -0.0608 0.9405
vn 0.5427 0.0110 -0.8398
vn -0.6936 -0.1790 0.6977
vn 0.2123 -0.6926 0.6894
vn 0.1442 0.7663 0.6261
vn 0.4547 0.2977 -0.8394
vn 0.1918 -0.2801 0.9406
vn 0.0351 0.3198 0.9468
vn 0.2539 -0.6447 0.7210
vn 0.5198 0.7695 0.3711
vn -0.7454 0.3839 0.5450
vn -0.0156 -0.8335 -0.5523
vn -0.6058 -0.7349 0.3049
vn -0.1416 0.7474 0.6491
vn -0.3846 0.8397 -0.3834
vn -0.9978 -0.0399 -0.0520
vn 0.5241 -0.1826 -0.8318
vn 0.2041 0.2891 0.9353
vn 0.0066 0.4295 0.9030
vn -0.2821 0.9335 -0.2214
vn 0.0477 0.4341 0.8996
vn 0.4721 -0.3716 0.7994
vn 0.2452 -0.7997 0.5480
vn -0.3467 0.7782 -0.5236
vn -0.9936 0.0164 -0.1117
vn 0.3764 0.5823 -0.7206
vn 0.9363 0.1481 -0.3183
vn -0.9530 -0.1783 0.2448
vn -0.6891 0.0422 -0.7234
vn 0.7456 -0.6628 0.0689
vn -0.1259 0.9713 -0.2018
vn 0.3804 -0.3656 -0.8495
vn -0.9242 0.2972 -0.2399
vn 0.2457 0.1363 -0.9597
vn 0.2022 -0.1647 0.9654
vn -0.3171 0.7803 0.5391
vn 0.6610 -0.3920 0.6398
vn 0.3609 -0.9198 -0.1543
vn 0.2290 0.2420 -0.9429
vn 0.0870 0.0569 -0.9946
vn -0.5620 -0.0286 -0.8266
vn -0.8020 -0.2963 -0.5186
vn 0.4079 0.4461 -0.7966
vn 0.7519 0.1817 0.6338
vn -0.6134 0.7599 -0.2152
vn 0.6562 0.6368 -0.4049
vn -0.2964 -0.7055 0.6437
vn -0.9838 0.1579 -0.0845
vn -0.8938 0.3731 -0.2487
vn -0.5602 0.0443 0.8272
vn -0.4237 0.4101 -0.8076
vn 0.9625 -0.0137 0.2709
vn -0.9849 0.0272 0.1708
vn -0.2586 -0.9312 0.2568
vn 0.0841 0.7025 0.7067
vn 0.1334 -0.2485 -0.9594
vn 0.1342 -0.7616 -0.6340
vn -0.8405 -0.0999 -0.5326
vn 0.5589 0.5326 0.6356
vn -0.0862 -0.4942 0.8651
vn 0.3307 0.6396 0.6939
vn 0.3886 0.0546 -0.9198
vn -0.9316 -0.1581 -0.3273
vn -0.1751 0.3976 -0.9007
vn -0.1286 0.3049 -0.9437
vn 0.6636 0.0487 0.7465
vn -0.6690 -0.3600 0.6503
vn 0.1075 -0.1024 0.9889
vn -0.4690 0.7953 0.3841
vn 0.4975 0.0208 -0.8672
vn 0.2891 -0.4613 0.8388
vn -0.0977 0.9905 -0.0970
vn -0.9935 0.1100 -0.0278
vn 0.1135 -0.0684 -0.9912
vn -0.5929 0.3426 -0.7288
vn -0.9729 0.0141 -0.2310
vn -0.0146 0.9954 0.0944
vn 0.2861 -0.9183 -0.2737
vn -0.5804 0.5222 -0.6249
vn 0.5411 0.7911 -0.2851
vn 0.6535 -0.3636 0.6638
vn 0.7294 -0.4778 -0.4896
vn 0.2372 -0.4201 -0.8759
vn 0.7656 0.5741 0.2904
vn 0.1142 -0.3689 0.9224
vn -0.8938 0.0218 0.4479
vn -0.9086 -0.1101 0.4029
vn 0.6973 0.4683 0.5427
vn -0.0986 -0.1610 -0.9820
vn 0.2527 -0.3769 -0.8911
vn 0.0693 -0.5150 0.8544
vn -0.9651 0.0061 -0.2618
vn -0.4313 0.3889 0.8141
vn -0.9946 0.0976 0.0360
vn -0.1960 0.4647 -0.8635
vn 0.3455 -0.7066 0.6175
vn -0.1171 -0.4441 0.8883
vn 0.0349 -0.4896 0.8713
vn 0.0105 0.8196 -0.5729
vn 0.2607 0.3670 0.8929
vn 0.5878 -0.8085 0.0283
vn 0.6539 0.4234 -0.6270
vn 0.3349 -0.1981 -0.9212
vn -0.1557 -0.3581 -0.9206
vn -0.3082 0.8107 -0.4978
vn -0.7491 0.3161 0.5822
vn 0.3097 -0.5147 0.7994
vn -0.0456 0.3628 -0.9307
vn -0.0369 -0.1660 -0.9854
vn 0.4739 -0.8632 -0.1738
vn 0.3501 -0.1968 0.9158
vn 0.0785 -0.5433 -0.8359
vn -0.7197 0.6194 -0.3137
vn -0.4466 0.6630 -0.6008
vn -0.7553 0.5152 -0.4052
vn 0.0777 -0.2045 0.9758
vn -0.9549 -0.2272 -0.1913
vn -0.9087 0.0962 0.4062
vn 0.0839 -0.7925 0.6040
vn -0.8675 -0.1251 0.4815
vn 0.9200 0.3412 -0.1926
vn 0.2808 -0.5793 0.7652
vn -0.8868 0.0587 0.4584
vn -0.1026 0.6571 0.7468
vn -0.0907 0.8206 0.5643
vn -0.0143 0.8873 0.4609
vn -0.6471 -0.1468 -0.7481
vn -0.9451 0.0029 -0.3268
vn -0.8888 0.0879 0.4497
vn -0.9847 0.0979 0.1443
vn -0.4335 -0.8617 0.2636
vn -0.7088 -0.1741 -0.6836
vn 0.8186 -0.3379 0.4645
vn 0.8160 -0.0814 -0.5722
vn -0.5788 0.0814 0.8114
vn 0.5983 -0.7986 0.0653
vn -0.5351 0.4258 -0.7297
vn -0.3522 0.7982 -0.4886
vn 0.5898 -0.2486 -0.7684
vn -0.8658 0.4366 -0.2446
vn -0.0874 0.8032 -0.5893
vn 0.0494 -0.2071 0.9771
vn 0.2700 0.1707 -0.9476
vn -0.0448 0.8086 0.5867
vn 0.1461 0.0382 -0.9885
vn -0.9388 -0.2378 -0.2491
vn -0.1173 0.3235 0.9389
vn -0.5373 0.4507 0.7128
vn -0.8501 -0.0312 0.5257
vn -0.1721 -0.0819 0.9817
vn 0.2391 0.0651 0.9688
vn -0.3959 0.1512 -0.9058
vn -0.9892 0.1457 -0.0174
vn -0.9712 0.1800 -0.1558
vn -0.9440 -0.2705 0.1889
vn 0.7179 0.1663 0.6760
vn -0.7110 0.3670 0.5999
vn -0.6369 0.1371 0.7586
vn -0.9421 0.2464 0.2275
vn 0.8678 0.2919 -0.4020
vn -0.9982 -0.0344 -0.0490
vn -0.9532 -0.2337 -0.1918
vn -0.0226 0.6763 0.7363
vn -0.9817 0.1307 0.1382
vn -0.3679 -0.5126 -0.7758
vn -0.1141 0.1372 -0.9839
vn -0.5902 0.7434 0.3147
vn -0.0555 -0.2973 0.9532
vn -0.4119 -0.9054 0.1030
vn -0.1056 -0.1210 -0.9870
vn -0.5581 0.1583 0.8145
vn -0.0555 0.1423 0.9883
vn -0.6432 0.5175 0.5644
vn -0.5477 0.1993 0.8126
vn -0.4479 -0.5329 -0.7179
vn -0.7966 -0.3923 -0.4600
vn 0.2450 -0.9232 0.2962
vn -0.4311 0.5249 -0.7339
vn -0.1100 0.1701 0.9793
vn -0.1943 0.6759 -0.7109
vn -0.0591 -0.3364 -0.9399
vn 0.9029 0.4055 -0.1426
vn 0.6153 0.4298 0.6609
vn -0.8763 0.4056 0.2601
vn -0.2111 0.8924 -0.3989
vn -0.3191 0.2294 0.9195
vn -0.9985 0.0131 -0.0537
vn -0.3923 0.8139 0.4286
vn 0.1204 -0.9889 0.0874
vn -0.9109 0.1859 -0.3684
vn -0.7584 -0.5063 -0.4104
vn -0.9889 0.0559 -0.1380
vn -0.2157 0.7717 0.5983
vn 0.1150 -0.2761 0.9542
vn -0.9616 0.2025 -0.1852
vn 0.1107 -0.9917 -0.0660
vn -0.4445 0.6181 -0.6484
vn -0.9611 0.2593 0.0950
vn -0.6021 0.6316 0.4885
vn -0.4692 -0.1844 0.8636
vn -0.4010 -0.0987 0.9107
vn -0.6691 -0.1782 0.7215
vn -0.9936 0.0038 -0.1125
vn -0.5333 0.7426 -0.4052
vn -0.5833 -0.6287 -0.5143
vn -0.1624 0.7195 0.6752
vn -0.2694 0.8299 0.4885
vn 0.1676 0.5469 0.8203
vn -0.2774 -0.7264 0.6288
vn 0.0557 0.3056 0.9505
vn -0.6429 -0.6230 -0.4456
vn 0.0007 0.5787 0.8155
vn -0.3728 0.8283 0.4182
vn -0.4618 0.4343 0.7734
vn -0.3007 0.3889 -0.8708
vn 0.3480 -0.2874 0.8924
vn -0.2604 0.5340 0.8044
vn -0.9972 -0.0563 0.0501
vn -0.9502 0.2628 0.1676
vn -0.2934 -0.4016 0.8676
vn -0.9347 0.2784 -0.2212
vn -0.1743 -0.0434 0.9837
vn -0.0017 0.8848 -0.4660
vn -0.9146 -0.3216 -0.2451
vn -0.7570 -0.5006 0.4199
vn -0.5722 0.8185 0.0513
vn -0.9680 -0.1631 -0.1909
vn -0.9105 -0.3727 -0.1792
vn 0.6757 0.5369 -0.5051
vn 0.0029 0.7165 0.6976
vn -0.8561 -0.1162 -0.5035
vn -0.8737 -0.4217 -0.2426
vn -0.4142 -0.6320 -0.6550
vn -0.7443 -0.1570 0.6491
vn -0.4596 0.0946 0.8831
vn 0.0304 0.1951 -0.9803
vn 0.6959 -0.5831 -0.4192
vn -0.3448 -0.2690 0.8993
vn -0.9092 -0.3936 0.1357
vn -0.8158 0.4951 -0.2990
vn 0.0735 0.6541 -0.7528
vn -0.2217 0.9635 -0.1498
vn -0.8052 -0.4243 0.4143
vn 0.8729 0.2994 -0.3851
vn 0.1331 -0.8882 -0.4397
vn -0.1517 0.3284 0.9323
vn -0.2117 0.8294 0.5170
vn 0.0523 0.4681 0.8821
vn -0.0134 -0.5969 0.8022
vn -0.6408 -0.4551 0.6183
vn 0.8277 0.2224 0.5152
vn -0.0878 0.0756 -0.9933
vn 0.1031 -0.8267 0.5531
vn -0.4223 0.2200 -0.8794
vn -0.2630 -0.7733 0.5770
vn -0.0367 0.0676 -0.9970
vn 0.0582 -0.8792 -0.4729
vn 0.9747 0.0253 -0.2219
vn -0.1606 -0.0785 0.9839
vn 0.0735 0.2161 0.9736
vn -0.0436 -0.2264 0.9731
vn -0.4167 0.2980 0.8588
vn -0.6432 -0.5341 -0.5487
vn -0.9045 -0.0850 0.4179
vn -0.4545 0.6799 -0.5754
vn -0.6605 0.2123 -0.7202
vn -0.8663 0.1083 -0.4877
vn -0.1274 -0.3133 -0.9411
vn -0.3672 0.9047 -0.2161
vn 0.2193 -0.8244 -0.5217
vn 0.0086 0.1902 -0.9817
vn -0.1501 0.5233 0.8388
vn -0.1501 0.9052 0.3975
vn -0.1389 0.5225 -0.8412
vn -0.1412 -0.5127 0.8469
vn -0.5560 0.8235 0.1128
vn -0.9882 0.1508 0.0263
vn -0.5707 0.3407 0.7471
vn -0.4395 0.8957 -0.0673
vn 0.0728 -0.8984 0.4331
vn 0.0077 -0.8448 -0.5350
vn -0.0378 0.8094 0.5861
vn -0.0643 -0.7351 0.6749
vn -0.9887 -0.0847 -0.1239
vn -0.8558 0.4934 -0.1555
vn -0.9153 0.0880 -0.3931
vn -0.4374 -0.3720 -0.8187
vn -0.8580 -0.4330 -0.2763
vn -0.2763 0.7668 -0.5793
vn -0.6126 -0.0311 0.7898
vn -0.0065 -0.9894 -0.1450
vn 0.0218 -0.7780 0.6279
vn -0.2171 -0.2531 0.9428
vn 0.0406 0.7419 -0.6693
vn 0.2012 0.9794 0.0152
vn -0.5796 0.7312 0.3599
vn 0.0922 0.4793 0.8728
vn -0.2592 0.5098 0.8203
vn -0.0954 -0.2202 -0.9708
vn 0.0715 0.0515 0.9961
vn 0.1612 0.0475 0.9858
vn 0.0691 0.0457 0.9966
vn -0.8393 -0.1096 0.5325
vn -0.1036 0.7316 -0.6738
vn -0.5238 0.6015 0.6032
vn -0.3074 0.7478 0.5884
vn -0.1078 0.6150 -0.7811
vn -0.6583 0.6901 -0.3007
vn 0.0139 -0.9984 -0.0550
vn -0.0382 -0.3992 -0.9161
vn 0.1854 0.9049 -0.3831
vn -0.7212 0.4094 -0.5588
vn -0.8568 0.4783 0.1927
vn -0.5737 -0.0625 0.8167
vn -0.2997 0.9268 -0.2263
vn -0.2051 0.5225 -0.8276
vn -0.9275 0.0903 0.3628
vn -0.0722 -0.6987 0.7117
vn -0.7464 0.4327 0.5056
vn -0.3455 0.2942 -0.8911
vn -0.2500 0.1921 -0.9490
vn -0.9786 0.2048 0.0173
vn -0.9864 0.1642 0.0027
vn -0.1287 -0.7274 -0.6740
vn -0.3473 0.9158 -0.2017
vn -0.1759 -0.9841 0.0249
vn -0.0548 -0.0820 -0.9951
vn -0.5745 0.2019 0.7932
vn 0.0506 0.3079 0.9501
vn 0.1200 0.3894 0.9132
vn 0.0151 -0.7090 -0.7051
vn 0.0416 0.5489 -0.8349
vn -0.7149 0.6796 0.1643
vn -0.7780 0.5323 -0.3337
vn -0.8902 -0.4555 -0.0032
vn -0.8495 -0.4706 -0.2384
vn -0.9870 -0.1315 0.0923
vn -0.0538 0.7596 -0.6482
vn -0.2216 0.6324 -0.7422
vn -0.4361 0.2507 -0.8643
vn -0.6010 -0.2665 -0.7535
vn -0.7403 -0.2923 0.6054
vn 0.0110 -0.3117 -0.9501
vn -0.3163 -0.9462 -0.0684
vn -0.2012 -0.9117 -0.3583
vn 0.2302 -0.8158 -0.5305
vn -0.0796 -0.1901 -0.9785
vn -0.6807 0.3286 -0.6547
vn 0.0688 -0.9658 -0.2499
vn 0.1561 0.7408 0.6534
vn -0.6308 0.0231 0.7756
vn -0.6237 0.7742 0.1077
vn -0.7099 0.1640 0.6850
vn -0.8403 -0.5405 -0.0419
vn -0.7653 0.5121 -0.3900
vn 0.2496 0.7310 -0.6351
vn -0.1892 0.8903 0.4141
vn -0.0304 0.8904 0.4542
vn -0.6074 0.6718 -0.4240
vn 0.0376 0.0415 0.9984
vn -0.6830 -0.5257 -0.5071
vn -0.1835 0.2371 -0.9540
vn -0.1533 -0.9492 0.2747
vn -0.1938 -0.2376 0.9518
vn -0.7118 0.7003 -0.0546
vn -0.6757 -0.7142 0.1828
vn -0.1596 0.4721 0.8670
vn 0.0320 0.6467 -0.7621
vn -0.6666 0.4116 0.6214
vn -0.6683 0.6101 0.4257
vn -0.2236 -0.0788 0.9715
vn -0.9532 0.2966 0.0592
vn -0.4609 0.8824 -0.0948
vn -0.9520 -0.1899 -0.2398
vn -0.3610 0.4613 -0.8105
vn 0.0807 -0.2411 0.9671
vn -0.5683 -0.2594 0.7809
vn -0.2575 0.4123 0.8739
vn -0.2628 -0.5900 0.7634
vn -0.0361 0.7602 -0.6487
vn -0.0028 -0.6407 0.7678
vn 0.0330 0.9804 -0.1943
vn -0.8469 0.5291 -0.0531
vn -0.9781 0.0422 -0.2038
vn -0.9203 0.2675 0.2855
vn -0.7656 -0.6433 -0.0009
vn -0.7089 -0.6149 0.3455
vn -0.0212 0.7900 0.6127
vn -0.5294 0.6618 0.5308
vn -0.6927 -0.6047 0.3930
vn -0.5363 -0.7097 -0.4568
vn -0.0552 0.9985 -0.0056
vn -0.6155 0.0298 -0.7876
vn -0.4416 -0.2999 -0.8456
vn -0.4975 -0.6992 -0.5134
vn 0.0219 0.3600 0.9327
vn -0.5828 -0.1504 0.7986
vn -0.8514 0.2843 -0.4409
vn -0.7568 -0.5103 -0.4085
vn -0.1868 -0.8357 0.5164
vn -0.5842 0.6918 0.4245
vn 0.3392 0.8076 -0.4825
vn -0.1876 -0.9587 0.2139
vn -0.9310 -0.3409 0.1306
vn -0.9541 -0.2993 0.0105
vn -0.1932 -0.2785 -0.9408
vn -0.4795 0.7639 0.4320
vn 0.3481 0.9067 -0.2381
vn -0.0261 0.9457 0.3240
vn -0.7179 0.4453 -0.5351
vn -0.0648 0.8011 -0.5950
vn -0.6216 -0.3928 0.6777
vn -0.2839 0.5826 -0.7616
vn -0.2085 -0.9674 0.1438
vn -0.0261 -0.6748 0.7375
vn -0.3951 -0.6071 0.6894
vn -0.2403 -0.0751 0.9678
vn -0.2012 0.9785 0.0464
vn -0.0466 0.9874 -0.1510
vn -0.4001 0.9065 0.1350
vn -0.5905 0.1055 0.8001
vn -0.7068 0.4905 0.5097
vn -0.5788 0.6126 0.5383
vn -0.2108 0.8663 0.4529
vn -0.2739 -0.9514 -0.1404
vn -0.9831 -0.0398 0.1785
vn -0.8832 0.4652 0.0593
vn 0.2229 -0.1867 -0.9568
vn -0.6084 -0.7934 0.0193
vn -0.3017 0.8567 0.4184
vn -0.6938 -0.5262 0.4916
vn -0.1614 -0.0815 -0.9835
vn 0.1163 -0.5759 -0.8092
vn -0.5271 0.5360 0.6595
vn -0.8884 -0.0736 -0.4530
vn -0.5273 -0.8497 -0.0028
vn -0.8475 0.2834 0.4488
vn -0.4853 0.7845 -0.3860
vn -0.4464 0.8525 -0.2721
vn -0.3353 0.8115 -0.4786
vn -0.0258 0.2681 0.9630
vn -0.6873 0.6015 0.4073
vn -0.6092 0.1241 0.7832
vn -0.2593 0.7635 0.5914
vn -0.6468 0.4400 0.6229
vn -0.3338 -0.0238 0.9423
vn -0.3496 0.4683 0.8115
vn -0.6081 0.4721 0.6382
vn -0.9497 0.3046 0.0732
vn -0.4902 -0.6580 0.5717
vn -0.3738 0.9262 0.0484
vn -0.2574 0.7181 0.6466
vn -0.4832 0.8752 0.0235
vn -0.3041 0.9511 0.0538
vn 0.1624 0.9603 -0.2270
vn 0.0629 0.7769 0.6265
vn -0.0175 0.2851 -0.9583
vn 0.0690 -0.4209 -0.9045
vn -0.5951 0.8022 0.0474
vn -0.3677 0.9023 0.2252
vn -0.9851 0.1396 -0.1004
vn -0.6803 -0.5048 0.5314
vn -0.5453 -0.6862 0.4814
vn 0.2617 -0.6437 0.7191
vn -0.2929 0.9411 -0.1688
vn -0.2345 0.8757 -0.4220
vn -0.5599 0.5939 0.5777
vn 0.4672 -0.4355 -0.7694
vn -0.7876 0.0756 0.6115
vn -0.4517 -0.4652 0.7613
vn -0.4024 0.1544 0.9023
vn -0.8463 -0.4435 0.2952
vn -0.3040 0.6131 0.7291
vn -0.3257 0.4669 0.8221
vn -0.0088 0.6800 0.7332
vn 0.3050 0.4046 -0.8621
vn -0.6310 -0.7362 -0.2445
vn -0.3083 0.9288 0.2057
vn -0.1406 0.8205 0.5541
vn 0.2511 0.1664 0.9535
vn -0.0650 -0.1648 0.9842
vn -0.2179 0.1103 0.9697
vn 0.1177 0.7031 -0.7013
vn -0.6204 0.4953 0.6080
vn -0.5237 0.8349 0.1696
vn -0.6290 0.7350 -0.2531
vn -0.6471 0.7466 -0.1542
vn 0.0192 0.8572 -0.5146
vn -0.1913 0.6253 0.7566
vn -0.3969 0.2510 0.8829
vn -0.5448 0.0169 0.8384
vn -0.5019 0.0261 0.8645
vn -0.0488 0.1932 0.9799
vn -0.3312 0.3349 0.8821
vn -0.4874 0.3723 -0.7899
vn -0.3168 0.3299 -0.8893
vn -0.4671 -0.8713 -0.1506
vn -0.1313 0.6550 0.7441
vn -0.1199 0.8396 -0.5299
vn 0.0482 0.9663 -0.2528
vn -0.2088 -0.5351 0.8186
vn -0.0438 0.9850 -0.1671
vn -0.4077 0.9017 0.1441
vn 0.0071 0.7400 0.6725
vn 0.0929 0.2662 -0.9594
vn -0.1367 -0.1168 0.9837
vn -0.0036 0.0375 0.9993
vn -0.0554 -0.8375 0.5436
vn -0.5200 0.1004 0.8482
vn 0.1506 0.7820 0.6048
vn 0.1650 0.7663 0.6209
vn -0.1332 0.9567 -0.2587
vn -0.0025 0.4954 -0.8686
vn -0.4163 -0.8442 -0.3376
vn 0.8681 -0.1834 0.4613
vn -0.1399 0.6580 0.7399
vn -0.1103 0.5590 0.8218
vn -0.1533 0.4220 0.8935
vn -0.0424 -0.2742 -0.9607
vn 0.1847 0.6268 0.7570
vn 0.2660 -0.2540 0.9299
vn 0.1939 0.9718 -0.1344
vn -0.2946 0.9446 0.1446
vn 0.0174 0.7136 0.7003
vn 0.3965 0.8656 -0.3058
vn 0.2919 0.2234 0.9300
vn -0.2849 -0.0893 0.9544
vn -0.1996 -0.7508 -0.6297
vn -0.0271 -0.4565 0.8893
vn 0.0605 -0.9913 0.1167
vn -0.0780 -0.1048 -0.9914
vn -0.0277 -0.0873 -0.9958
vn -0.5166 0.7646 -0.3854
vn 0.0106 -0.8272 0.5618
vn 0.3216 0.8462 0.4249
vn -0.1817 -0.9114 -0.3693
vn -0.2617 -0.1022 0.9597
vn 0.2014 0.6095 0.7667
vn 0.2274 0.8659 -0.4456
vn -0.0465 0.6631 0.7471
vn 0.1979 0.6978 0.6884
vn 0.5803 -0.7350 -0.3507
vn 0.1419 0.9834 0.1131
vn 0.0646 0.4857 0.8717
vn 0.4179 0.4672 0.7792
vn 0.2734 0.4234 0.8637
vn 0.0638 0.0207 0.9977
vn -0.0617 -0.9643 0.2575
vn -0.3870 -0.8847 0.2599
vn 0.3509 0.8200 0.4523
vn 0.3164 -0.6071 0.7289
vn 0.0221 -0.2243 0.9743
vn -0.2053 0.7155 -0.6677
vn -0.4745 0.7408 0.4755
vn -0.0550 0.9984 -0.0088
vn 0.3297 -0.9378 0.1087
vn 0.0628 -0.6664 0.7429
vn 0.0891 0.1019 0.9908
vn 0.5711 0.7100 -0.4120
vn 0.5452 0.7602 0.3534
vn 0.2797 0.9002 0.3339
vn 0.0237 -0.8694 -0.4935
vn 0.0232 -0.9874 0.1567
vn 0.0652 -0.7210 0.6899
vn 0.2660 0.8419 0.4695
vn -0.3472 0.8513 -0.3933
vn -0.0032 0.9202 -0.3915
vn 0.0539 0.9314 -0.3599
vn -0.1181 0.8966 -0.4267
vn 0.0424 0.2162 0.9754
vn 0.2955 -0.9082 0.2963
vn 0.6694 -0.4544 -0.5877
vn 0.0395 0.6596 -0.7506
vn -0.0510 -0.0528 0.9973
vn 0.1307 0.5429 0.8296
vn 0.0764 -0.2628 0.9618
vn -0.1741 0.8882 -0.4252
vn 0.0876 0.9860 -0.1416
vn 0.5753 -0.2668 -0.7732
vn 0.2484 -0.8333 0.4939
vn -0.1373 -0.3336 -0.9327
vn 0.0535 0.9985 0.0098
vn 0.0061 0.6762 -0.7367
vn -0.0004 -0.1156 0.9933
vn 0.6106 -0.2424 0.7539
vn -0.0911 -0.1742 0.9805
vn 0.0263 0.6503 0.7593
vn 0.0255 0.6842 -0.7288
vn 0.1640 0.4579 -0.8737
vn -0.0793 0.7127 -0.6970
vn -0.1144 -0.0822 0.9900
vn -0.1028 -0.4084 0.9070
vn 0.5390 0.8423 -0.0041
vn 0.6959 0.6543 -0.2962
vn 0.7602 0.4249 -0.4915
vn -0.1365 -0.9904 -0.0215
vn 0.5228 0.8460 -0.1045
vn 0.1825 0.7231 0.6662
vn -0.3504 0.4777 0.8056
vn 0.6673 0.6917 0.2761
vn 0.1153 -0.3187 -0.9408
vn -0.1981 0.9443 0.2627
vn 0.2818 0.1051 0.9537
vn 0.1714 0.6804 -0.7125
vn 0.2790 0.5325 0.7991
vn 0.0364 0.3037 -0.9521
vn 0.5686 0.3474 -0.7457
vn 0.0452 0.9989 -0.0080
vn 0.0039 0.6387 -0.7695
vn 0.3041 0.8766 0.3729
vn 0.3774 0.9157 -0.1382
vn 0.7268 0.2313 -0.6467
vn 0.0480 0.9905 0.1289
vn 0.2702 0.9610 0.0591
vn 0.1669 0.8627 -0.4774
vn 0.6786 0.7249 -0.1183
vn -0.1615 0.0728 -0.9842
vn 0.4675 0.3265 -0.8215
vn 0.7908 0.1602 -0.5908
vn -0.0098 -0.9999 0.0047
vn 0.0973 0.0166 0.9951
vn 0.0091 0.6674 0.7446
vn 0.3794 0.7096 0.5938
vn 0.3361 -0.8858 -0.3200
vn -0.1387 -0.2241 0.9646
vn 0.5804 -0.5429 -0.6069
vn 0.1836 0.8537 -0.4873
vn 0.3090 0.7246 0.6161
vn 0.2617 0.5110 0.8187
vn 0.4814 0.0798 0.8728
vn 0.3105 0.7585 0.5730
vn 0.1631 0.9424 0.2920
vn 0.4286 0.7929 0.4332
vn 0.4705 0.4810 0.7398
vn 0.3546 -0.5447 0.7600
vn 0.3398 0.8708 0.3553
vn 0.4735 -0.7883 0.3929
vn -0.2186 -0.9528 -0.2107
vn 0.4698 -0.6325 -0.6159
vn 0.1801 0.7673 -0.6155
vn 0.3705 0.8094 -0.4556
vn 0.5752 0.4470 0.6851
vn 0.4817 0.6713 0.5633
vn 0.0537 -0.1304 0.9900
vn 0.4747 -0.5764 0.6651
vn 0.4783 0.8725 0.1002
vn 0.1098 -0.9742 0.1970
vn 0.7793 0.5133 -0.3594
vn 0.4716 -0.0039 -0.8818
vn 0.8089 -0.4747 0.3469
vn 0.5638 -0.8243 -0.0512
vn 0.5773 -0.1996 0.7918
vn 0.7791 0.6236 0.0647
vn 0.4830 0.8724 -0.0749
vn 0.2232 -0.0919 0.9704
vn -0.1905 -0.5586 -0.8073
vn -0.1426 -0.4904 -0.8598
vn 0.9904 0.1137 0.0787
vn 0.6906 0.1568 0.7060
vn 0.4758 0.7973 -0.3713
vn -0.1722 -0.6203 -0.7652
vn -0.5430 0.8377 0.0579
vn 0.0119 0.7251 -0.6886
vn 0.7054 0.1993 0.6802
vn 0.1862 0.4502 -0.8733
vn 0.5918 -0.4237 0.6858
vn 0.0386 0.0461 -0.9982
vn 0.0719 0.7643 -0.6409
vn -0.2032 -0.9126 0.3547
vn 0.7197 0.0274 -0.6938
vn 0.6288 0.7760 -0.0492
vn 0.1907 -0.8965 0.4000
vn 0.0875 0.8702 0.4848
vn 0.4909 0.7628 0.4209
vn 0.2234 -0.5052 0.8336
vn 0.1140 0.7141 -0.6907
vn 0.4150 0.2536 -0.8737
vn 0.1389 0.3969 -0.9073
vn 0.0837 0.9860 -0.1441
vn 0.9069 0.3366 -0.2534
vn 0.9666 -0.2503 -0.0555
vn 0.8577 0.0751 -0.5087
vn 0.7286 0.2624 -0.6327
vn 0.2085 0.1827 -0.9608
vn 0.3586 -0.2662 0.8947
vn 0.1008 -0.0400 0.9941
vn 0.6424 -0.4752 0.6013
vn 0.5169 0.4247 -0.7433
vn 0.0274 0.2027 0.9789
vn 0.5685 0.5405 0.6203
vn 0.6697 0.6009 0.4363
vn 0.4799 0.7003 0.5284
vn 0.6007 -0.0254 0.7991
vn 0.5880 -0.1126 0.8010
vn 0.6289 0.7017 -0.3349
vn 0.9273 -0.0902 -0.3633
vn 0.3022 0.4795 -0.8239
vn 0.9928 -0.0536 -0.1075
vn 0.9821 0.0801 -0.1706
vn 0.0815 0.3947 0.9152
vn 0.8038 0.1679 0.5707
vn 0.8157 -0.5666 -0.1164
vn 0.9035 0.4284 0.0140
vn 0.2214 -0.9744 0.0386
vn 0.5570 0.4066 -0.7242
vn 0.3044 0.8951 -0.3259
vn 0.9228 -0.3562 -0.1467
vn 0.8100 -0.4837 -0.3315
vn 0.6545 -0.6810 0.3284
vn 0.2926 0.7565 -0.5849
vn 0.6289 -0.4618 0.6255
vn 0.3947 -0.6989 -0.5964
vn 0.0759 0.0022 -0.9971
vn 0.2852 0.5752 0.7667
vn -0.3254 -0.7572 0.5664
vn 0.7442 0.4071 0.5295
vn 0.5218 -0.7812 -0.3427
vn 0.5266 0.5994 0.6029
vn -0.3516 -0.8065 -0.4753
vn 0.6286 0.6586 0.4136
vn 0.5590 0.1242 0.8198
vn 0.6012 0.7971 0.0565
vn 0.9251 0.1582 -0.3451
vn 0.2411 0.4563 0.8566
vn -0.0421 0.9765 -0.2113
vn -0.3181 -0.9459 0.0633
vn 0.3893 -0.1252 -0.9126
vn 0.9576 0.2305 -0.1729
vn 0.9943 0.1062 0.0065
vn 0.4846 0.4963 -0.7203
vn 0.2724 0.9606 0.0550
vn 0.6518 0.7536 -0.0852
vn 0.4373 0.8933 0.1041
vn -0.0106 0.9868 0.1618
vn -0.1443 0.4794 0.8656
vn 0.9744 -0.2219 -0.0360
vn 0.6736 0.5354 -0.5095
vn 0.8679 -0.4226 -0.2612
vn 0.6898 -0.5516 -0.4689
vn 0.0222 -0.3742 -0.9271
vn 0.6414 0.6962 0.3224
vn 0.3172 0.8195 -0.4773
vn 0.6482 0.7004 -0.2986
vn 0.3075 -0.6881 -0.6573
vn -0.2937 -0.7157 0.6337
vn -0.6267 0.4155 0.6593
vn 0.4163 0.7388 -0.5299
vn 0.1253 0.8545 0.5042
vn -0.3748 0.3371 -0.8636
vn 0.5947 0.6459 -0.4787
vn 0.3278 -0.2604 0.9082
vn 0.7816 -0.5352 -0.3203
vn 0.5606 -0.4404 0.7013
vn 0.2471 -0.1632 0.9551
vn 0.7014 0.4330 0.5662
vn 0.3812 0.5569 0.7379
vn 0.7297 0.1851 0.6582
vn 0.6099 -0.6401 0.4673
vn 0.9844 0.0461 -0.1696
vn 0.8742 -0.4677 -0.1306
vn 0.8612 -0.4541 -0.2283
vn 0.5978 0.7965 0.0908
vn 0.6111 -0.6161 -0.4970
vn 0.5024 0.8540 -0.1348
vn 0.2942 0.1805 0.9385
vn 0.8161 -0.5140 0.2641
vn 0.8590 0.4989 -0.1150
vn 0.4747 -0.8798 -0.0233
vn 0.6540 -0.0201 0.7562
vn -0.2709 -0.2017 0.9412
vn 0.3401 0.3302 0.8805
vn -0.2014 0.7487 0.6315
vn 0.2705 -0.2749 0.9226
vn 0.0117 -0.1142 0.9934
vn 0.8996 -0.1495 0.4102
vn 0.5704 0.0377 0.8205
vn 0.9619 -0.2728 0.0189
vn 0.6836 -0.2497 0.6859
vn 0.6579 0.7201 0.2205
vn -0.9815 -0.1366 -0.1342
vn 0.0734 0.7094 0.7010
vn 0.4231 0.9057 0.0274
vn 0.9607 -0.0112 -0.2774
vn 0.6027 0.5086 0.6149
vn 0.5686 0.8204 0.0605
vn 0.2958 0.4578 -0.8384
vn 0.5048 -0.4305 0.7482
vn 0.5885 0.7296 0.3483
vn 0.7542 0.5483 0.3613
vn 0.7575 0.1766 0.6285
vn 0.9711 0.1958 0.1364
vn 0.4773 0.0898 0.8741
vn -0.9667 -0.1908 -0.1707
vn 0.6829 0.7145 0.1520
vn 0.6007 0.6011 0.5270
vn 0.8331 0.0041 0.5531
vn 0.5771 0.5664 0.5884
vn 0.5225 0.7153 -0.4640
vn 0.7758 0.6285 -0.0558
vn 0.4311 0.1865 0.8828
vn 0.9130 0.3840 -0.1377
vn -0.6905 -0.0277 0.7228
vn 0.9597 0.2483 0.1314
vn -0.1703 -0.4510 0.8762
vn -0.7455 -0.0993 -0.6591
vn 0.9943 -0.0862 -0.0633
vn 0.9932 -0.0267 0.1136
vn 0.6476 0.4300 0.6291
vn 0.8616 0.3628 -0.3551
vn 0.4320 0.5806 0.6902
vn 0.3257 -0.0216 -0.9452
vn 0.9161 -0.2444 0.3177
vn 0.9575 -0.1017 -0.2700
vn -0.9630 -0.0962 -0.2517
vn 0.8480 0.4207 -0.3222
vn 0.6805 0.6164 0.3963
vn 0.8102 0.5859 -0.0178
vn 0.5220 0.5637 0.6401
vn 0.6717 -0.0134 -0.7407
vn 0.8679 0.4705 0.1595
vn 0.7065 0.7077 -0.0032
vn 0.7727 0.6337 0.0371
vn 0.8874 -0.3674 0.2785
vn 0.9788 -0.0608 0.1956
vn 0.2374 0.4526 0.8596
vn -0.4484 0.2020 -0.8707
vn 0.6648 0.2712 0.6961
vn 0.8089 -0.5311 0.2523
vn 0.7250 0.3352 -0.6017
vn 0.7762 0.0599 -0.6277
vn -0.1381 -0.1747 -0.9749
vn -0.2652 0.0963 -0.9594
vn 0.2493 -0.0926 0.9640
vn 0.4164 0.8952 -0.1586
vn -0.0200 -0.0472 0.9987
vn 0.5745 -0.2755 0.7708
vn 0.4322 -0.2696 0.8605
vn 0.3451 -0.2505 0.9045
vn 0.9035 -0.4276 0.0282
vn -0.2670 -0.2925 0.9182
vn 0.1347 -0.0344 0.9903
vn 0.6289 -0.2252 -0.7442
vn 0.4238 0.0308 0.9052
vn -0.1419 0.0273 -0.9895
vn 0.7022 0.6644 0.2557
vn 0.4671 -0.8839 0.0250
vn 0.7235 -0.5919 0.3553
vn 0.5237 0.1229 0.8430
vn 0.7792 -0.4040 0.4792
vn 0.9365 0.1810 -0.3005
vn 0.2206 0.7661 0.6037
vn -0.8247 -0.3942 0.4055
vn -0.3373 0.9336 -0.1212
vn -0.4030 -0.7490 0.5259
vn 0.3552 -0.3418 0.8701
vn 0.3703 -0.4796 0.7955
vn 0.5792 0.6865 0.4395
vn 0.9949 0.0968 -0.0283
vn 0.9809 0.0918 -0.1712
vn 0.3295 0.8336 0.4434
vn 0.8337 -0.0003 0.5522
vn 0.1107 0.7333 -0.6708
vn 0.8636 0.2370 0.4451
vn 0.9541 -0.0977 -0.2832
vn 0.8810 0.4730 0.0064
vn 0.5615 0.2615 0.7850
vn 0.1355 0.2416 0.9609
vn -0.3937 0.7057 -0.5890
vn -0.9700 -0.1370 -0.2007
vn -0.4493 0.8685 0.2094
vn 0.0396 0.1211 0.9918
vn 0.3823 0.8160 0.4336
vn 0.9997 0.0005 0.0237
vn 0.6644 0.5676 0.4861
vn 0.9752 0.2110 0.0665
vn 0.8983 -0.4217 -0.1235
vn 0.0655 -0.1303 -0.9893
vn -0.6351 0.2060 0.7445
vn 0.0327 0.2113 -0.9769
vn 0.0024 -0.1876 -0.9822
vn 0.2680 -0.4101 0.8718
vn -0.3795 -0.7782 0.5003
vn 0.3515 -0.0642 0.9340
vn -0.6232 0.0544 -0.7802
vn -0.9145 -0.3694 -0.1649
vn 0.6348 0.5035 -0.5861
vn 0.6921 0.7186 -0.0677
vn 0.6434 0.7544 0.1301
vn 0.5397 0.8378 0.0830
vn 0.2456 0.7122 0.6576
vn -0.0092 -0.6268 -0.7791
vn -0.0083 -0.6257 -0.7800
vn -0.0134 -0.6330 -0.7740
vn 0.4532 0.8705 -0.1919
vn 0.5880 0.7938 -0.1553
vn -0.0107 -0.2267 -0.9739
vn -0.3882 -0.8755 0.2878
vn 0.3338 0.8767 0.3464
vn -0.5298 -0.2968 -0.7945
vn 0.6996 0.7127 -0.0517
vn -0.0549 0.1686 0.9842
vn 0.7351 0.5381 -0.4124
vn 0.9528 0.2696 -0.1399
vn -0.2328 -0.6663 0.7084
vn -0.6460 0.2737 0.7126
vn 0.9514 -0.2715 -0.1452
vn 0.8617 0.4677 -0.1968
vn -0.3131 -0.5094 0.8016
vn -0.7584 0.5803 -0.2967
vn 0.0336 0.7714 -0.6354
vn 0.0076 -0.6197 -0.7848
vn -0.4071 -0.9001 -0.1552
vn 0.1198 0.7438 -0.6576
vn 0.3550 0.2273 0.9068
vn -0.5689 0.1477 -0.8090
vn 0.3317 0.5131 0.7917
vn 0.1993 -0.4045 -0.8926
vn 0.9598 0.2436 -0.1396
vn 0.3601 -0.8241 -0.4372
vn -0.1218 -0.6742 -0.7284
vn 0.8184 -0.5154 0.2541
vn -0.6127 0.5113 0.6027
vn -0.7329 0.6703 -0.1159
vn 0.7181 0.4016 -0.5683
vn 0.9117 0.1568 -0.3797
vn -0.7706 -0.5892 -0.2428
vn 0.4572 -0.1053 0.8831
vn -0.0226 -0.0543 0.9983
vn 0.1527 0.8508 0.5029
vn 0.8831 0.3190 0.3441
vn 0.9851 0.0168 0.1710
vn -0.7096 0.2736 -0.6493
vn 0.9521 0.2643 -0.1541
vn 0.9322 0.2598 -0.2520
vn 0.9897 0.0983 -0.1041
vn 0.8976 -0.1310 0.4208
vn 0.3959 0.4215 -0.8158
vn 0.9221 -0.0785 0.3788
vn -0.9003 0.0722 -0.4293
vn -0.9306 0.0594 0.3612
vn 0.8462 0.4737 -0.2440
vn -0.0298 0.0103 0.9995
vn 0.8040 0.0195 0.5943
vn 0.3942 -0.2396 0.8872
vn -0.5856 0.6402 -0.4971
vn 0.1400 -0.0269 0.9898
vn 0.8748 -0.1051 -0.4729
vn -0.9244 0.2433 0.2938
vn 0.9478 0.2612 -0.1829
vn 0.7216 -0.3559 0.5938
vn 0.9827 0.0611 -0.1750
vn 0.9779 0.1331 -0.1610
vn 0.3121 0.3391 -0.8875
vn 0.9905 0.0861 -0.1077
vn 0.9792 -0.1954 0.0550
vn 0.9419 0.1542 -0.2986
vn 0.2274 0.5443 -0.8075
vn 0.4228 0.7259 -0.5425
vn -0.3398 0.6710 -0.6590
vn 0.8076 -0.2599 -0.5293
vn -0.4233 0.0316 0.9054
vn 0.9121 0.2981 -0.2814
vn -0.7659 -0.4063 0.4984
vn 0.7883 0.4821 0.3823
vn 0.7479 0.1511 -0.6463
vn 0.4747 -0.8798 -0.0237
vn 0.4749 -0.8797 -0.0240
vn 0.7679 0.4215 -0.4823
vn 0.6704 -0.2318 -0.7048
vn 0.5370 0.3859 0.7502
vn -0.4263 -0.5032 -0.7517
vn -0.2594 -0.6994 -0.6660
vn -0.9722 0.1126 0.2052
vn -0.2752 -0.9609 0.0318
vn 0.9884 0.0301 -0.1487
vn 0.9903 -0.1038 0.0929
vn 0.9819 0.1192 0.1473
vn -0.8718 0.3149 -0.3751
vn 0.9942 -0.0303 -0.1030
vn 0.9887 -0.0133 0.1494
vn -0.4697 -0.5633 0.6798
vn -0.7933 -0.5968 -0.1202
vn -0.5688 -0.6011 0.5613
vn -0.2124 -0.2032 -0.9558
vn -0.2903 -0.3185 -0.9024
vn 0.5452 0.7084 -0.4483
vn 0.9486 0.0164 0.3162
vn 0.3819 0.8945 0.2324
vn -0.6311 -0.6381 0.4411
vn 0.4542 -0.5121 0.7290
vn 0.4507 0.8460 -0.2850
vn 0.5888 0.7961 -0.1396
vn 0.0627 -0.2150 -0.9746
vn 0.6864 0.1702 0.7070
vn 0.7470 0.6583 0.0933
vn -0.6736 0.5465 0.4976
vn 0.9603 -0.2771 0.0326
vn 0.1005 0.4806 0.8711
vn 0.1256 -0.4869 -0.8644
vn -0.5589 -0.0434 -0.8281
vn 0.3147 0.2646 0.9116
vn 0.1449 0.8451 -0.5146
vn 0.8444 0.5024 0.1859
vn 0.1746 -0.2870 0.9419
vn -0.2656 -0.4418 0.8569
vn -0.4449 0.8956 -0.0049
vn 0.1666 0.8307 -0.5312
vn 0.7410 -0.3061 -0.5976
vn 0.9982 0.0579 0.0151
vn 0.8739 -0.0168 0.4857
vn 0.9985 0.0460 0.0295
vn 0.1829 0.5331 0.8260
vn 0.9955 0.0667 -0.0674
vn 0.3278 0.8819 -0.3389
vn -0.3557 -0.7890 0.5010
vn 0.0201 0.5156 0.8566
vn -0.1121 -0.1893 0.9755
vn -0.5963 -0.0072 -0.8028
vn 0.2460 0.7208 0.6480
vn -0.1066 -0.4851 0.8679
vn -0.3549 0.6046 0.7131
vn -0.2041 0.4959 0.8440
vn 0.2729 0.8321 0.4829
vn 0.0845 0.1992 -0.9763
vn 0.3242 -0.0631 0.9439
vn -0.2429 0.4388 -0.8651
vn -0.4018 -0.8677 -0.2927
vn -0.2726 0.5642 0.7794
vn -0.0968 -0.5930 -0.7994
vn -0.5327 -0.8249 0.1890
vn 0.9313 0.3512 0.0968
vn 0.2778 0.7322 0.6219
vn 0.5807 0.7848 0.2165
vn 0.0490 0.2481 0.9675
vn 0.5984 0.6489 -0.4700
vn 0.6675 0.7342 -0.1240
vn 0.9849 0.1334 0.1099
vn 0.9895 -0.1434 -0.0163
vn 0.9689 -0.0589 -0.2402
vn -0.9959 0.0340 0.0839
vn 0.9674 0.0458 -0.2489
vn -0.1220 0.4562 -0.8815
vn 0.6160 -0.4424 -0.6518
vn 0.6917 0.7222 -0.0030
vn 0.2704 0.8458 -0.4598
vn -0.9373 -0.2180 0.2720
vn -0.4126 0.1521 -0.8981
vn -0.8372 -0.2989 0.4581
vn -0.5854 -0.7925 0.1712
vn -0.5028 -0.8619 0.0656
vn -0.3749 0.0522 -0.9256
vn -0.5962 -0.1656 -0.7856
vn -0.5686 -0.1541 -0.8081
vn 0.9872 0.1330 0.0882
vn -0.5038 0.7792 0.3729
vn 0.9946 0.0586 -0.0858
vn 0.3429 0.5354 -0.7719
vn 0.1774 -0.2263 -0.9578
vn -0.6960 0.1406 0.7041
vn -0.5119 0.3433 0.7875
vn 0.4058 -0.2960 -0.8647
vn -0.1143 -0.7841 0.6100
vn -0.4195 -0.5800 -0.6983
vn 0.2825 -0.4856 -0.8273
vn -0.7688 0.3975 0.5009
vn -0.5250 -0.5709 0.6312
vn -0.3739 0.0266 -0.9271
vn -0.3412 -0.4684 -0.8150
vn -0.4422 0.5792 -0.6848
vn 0.1257 -0.0445 -0.9911
vn -0.4083 -0.6100 0.6791
vn -0.4852 -0.5734 0.6601
vn 0.9054 0.1594 0.3936
vn 0.3227 0.8672 -0.3794
vn -0.1706 -0.0160 0.9852
vn -0.0800 -0.2885 0.9541
vn 0.9553 0.1166 0.2718
vn 0.0570 -0.1931 0.9795
vn 0.0643 0.0285 0.9975
vn 0.3275 0.3212 0.8886
vn 0.0077 -0.9130 0.4079
vn 0.2437 -0.1188 -0.9625
vn -0.4433 -0.8952 -0.0458
vn 0.1614 -0.6918 -0.7038
vn -0.4264 0.0233 0.9042
vn 0.2892 -0.0340 0.9567
vn -0.3235 0.5978 -0.7335
vn 0.9679 0.0205 0.2504
vn 0.7875 0.5862 -0.1902
vn 0.4269 0.7423 0.5165
vn 0.0411 0.2503 0.9673
vn 0.3365 0.1448 0.9305
vn -0.5642 0.4081 -0.7177
vn -0.0220 0.8847 0.4657
vn 0.1483 0.8564 -0.4945
vn -0.3881 -0.0987 -0.9163
vn 0.1317 0.5294 -0.8381
vn 0.1447 -0.8935 -0.4251
vn 0.3777 0.7978 0.4699
vn -0.3893 0.0711 -0.9184
vn -0.5766 -0.8116 0.0936
vn 0.7939 -0.0375 -0.6069
vn -0.5570 -0.7632 0.3274
vn -0.2845 0.7217 -0.6311
vn -0.1399 0.5595 0.8169
vn -0.0854 0.9658 -0.2447
vn -0.5518 -0.4570 0.6976
vn -0.0173 0.1626 0.9865
vn -0.3585 -0.0994 0.9282
vn 0.2765 -0.0949 -0.9563
vn -0.1903 0.7386 0.6468
vn 0.1356 -0.2642 0.9549
vn -0.7649 0.6435 0.0274
vn 0.1942 -0.5188 -0.8325
vn 0.3029 -0.8646 -0.4009
vn 0.2167 -0.5907 -0.7773
vn 0.0018 -0.8917 -0.4527
vn -0.5219 -0.6681 0.5303
vn 0.7915 0.6010 -0.1113
vn -0.6946 -0.7181 0.0427
vn 0.3987 0.4981 0.7700
vn -0.1963 0.6493 0.7348
vn 0.2715 -0.3170 -0.9087
vn 0.4663 0.8462 -0.2577
vn 0.1953 0.1782 0.9644
vn -0.3578 -0.6772 0.6430
vn 0.7961 0.5940 0.1158
vn 0.1698 -0.8584 0.4841
vn -0.1364 -0.5643 0.8142
vn 0.5565 0.8298 -0.0428
vn -0.9753 -0.0379 0.2177
vn -0.2480 0.6453 -0.7225
vn 0.4658 -0.2675 0.8435
vn 0.1948 0.6051 0.7720
vn 0.2477 -0.7707 0.5871
vn -0.5479 -0.7509 -0.3688
vn -0.9369 -0.0597 0.3446
vn 0.3796 0.4467 0.8101
vn 0.2658 0.4751 0.8388
vn -0.2450 0.5437 -0.8027
vn 0.0386 0.9401 0.3387
vn 0.3267 -0.1682 0.9300
vn 0.2395 -0.2089 0.9482
vn 0.3043 -0.4136 -0.8581
vn 0.3620 0.5737 -0.7347
vn -0.2894 0.5327 -0.7953
vn 0.4687 -0.3840 0.7955
vn 0.4218 -0.2085 0.8824
vn 0.5391 -0.1294 0.8322
vn 0.6021 0.6866 0.4075
vn 0.5085 0.8107 0.2901
vn -0.0640 -0.4436 0.8939
vn 0.0048 -0.7063 0.7079
vn -0.7778 0.2179 0.5895
vn -0.3692 0.9043 0.2144
vn 0.1953 -0.7468 0.6357
vn 0.3023 0.7870 -0.5377
vn -0.2778 -0.0686 0.9582
vn 0.2564 -0.0094 0.9665
vn 0.1689 -0.0621 0.9837
vn 0.2541 -0.0285 0.9668
vn -0.5592 -0.7990 -0.2208
vn 0.3287 0.1501 -0.9324
vn 0.3340 0.3805 0.8624
vn -0.1652 0.9350 0.3138
vn -0.2274 -0.8921 0.3905
vn -0.2100 0.2527 -0.9445
vn -0.4619 -0.6789 -0.5708
vn 0.7430 0.2317 0.6279
vn -0.4769 0.0676 -0.8763
vn 0.5922 -0.4310 0.6808
vn -0.2245 0.9492 -0.2203
vn -0.0999 -0.1576 -0.9824
vn -0.3917 0.0924 -0.9154
vn 0.4802 0.2341 0.8454
vn -0.6033 -0.7969 -0.0319
vn -0.0311 -0.9897 0.1394
vn 0.4289 0.4551 0.7803
vn -0.4237 -0.4061 0.8097
vn -0.1878 0.9103 -0.3689
vn 0.3773 0.7466 -0.5480
vn 0.6639 -0.5179 0.5395
vn 0.4410 -0.4911 -0.7512
vn 0.1010 0.9889 -0.1093
vn 0.6719 0.6737 -0.3076
vn -0.3383 -0.2412 0.9096
vn 0.0792 0.9966 0.0242
vn 0.5686 0.4844 0.6648
vn 0.4251 -0.5867 -0.6893
vn 0.5354 0.4802 -0.6948
vn 0.8377 0.5255 0.1486
vn 0.6069 0.4508 -0.6546
vn 0.4453 -0.6986 0.5600
vn 0.3462 0.0828 0.9345
vn 0.4995 0.3440 0.7951
vn 0.4770 0.2099 -0.8534
vn 0.3835 -0.9075 0.1713
vn 0.8398 -0.3860 0.3817
vn 0.8365 0.2898 -0.4650
vn 0.2694 0.0458 -0.9619
vn 0.6556 0.1359 -0.7427
vn -0.2427 0.5221 -0.8176
vn 0.6620 0.6146 0.4289
vn 0.2667 0.0562 -0.9621
vn 0.8157 0.5763 0.0504
vn 0.5240 0.8492 0.0656
vn 0.4881 -0.5189 0.7018
vn -0.0775 -0.2101 -0.9746
vn 0.3757 0.6682 0.6421
vn -0.3074 0.5414 0.7826
vn 0.6822 -0.3765 -0.6268
vn 0.5387 -0.7462 0.3910
vn 0.3395 0.7752 -0.5328
vn 0.5660 0.2871 0.7728
vn 0.1310 0.4742 0.8706
vn 0.0648 0.3251 -0.9435
vn 0.7907 -0.0484 0.6103
vn 0.8391 0.4791 0.2578
vn 0.9339 0.0207 -0.3570
vn -0.4365 -0.2177 -0.8730
vn 0.8148 0.3451 0.4658
vn 0.7600 0.2701 -0.5912
vn 0.9470 -0.0013 -0.3213
vn -0.3137 0.4654 0.8276
vn -0.4674 -0.3637 -0.8057
vn 0.7995 -0.0607 0.5976
vn -0.1408 0.5284 -0.8373
vn 0.5937 -0.2542 0.7635
vn 0.8190 0.5673 -0.0860
vn -0.9377 -0.0128 0.3471
vn 0.5401 0.8226 0.1780
vn -0.1091 0.9132 -0.3927
vn 0.6553 -0.6312 -0.4149
vn -0.1264 0.4768 -0.8699
vn 0.8396 0.3801 0.3881
vn 0.3651 0.8968 -0.2498
vn 0.8356 -0.4982 0.2315
vn 0.7497 0.0652 0.6585
vn -0.3006 0.4422 0.8451
vn 0.6071 0.7371 -0.2969
vn 0.6692 0.7256 -0.1602
vn 0.5786 0.7889 0.2068
vn 0.4503 0.6828 -0.5753
vn 0.6905 0.2156 0.6904
vn 0.7115 0.6814 -0.1717
vn 0.9813 -0.1836 0.0585
vn 0.4821 -0.0029 0.8761
vn 0.2022 0.5871 -0.7839
vn 0.7815 -0.3866 -0.4896
vn 0.4090 0.3793 -0.8300
vn 0.5622 -0.6144 0.5536
vn 0.8593 0.5107 0.0272
vn 0.6268 0.7660 0.1428
vn 0.8849 0.4234 0.1941
vn 0.7711 -0.5769 0.2693
vn 0.2631 0.8547 0.4474
vn 0.6361 -0.7364 -0.2304
vn 0.7095 -0.4307 0.5577
vn 0.5860 0.7238 -0.3643
vn 0.2816 -0.8666 0.4120
vn 0.7334 -0.0289 -0.6791
vn -0.6910 -0.6831 0.2365
vn 0.5399 -0.2790 0.7941
vn -0.5553 -0.4789 0.6799
vn 0.7476 0.2541 -0.6136
vn 0.6129 -0.6222 -0.4871
vn 0.5206 0.5684 0.6371
vn -0.6740 -0.7194 -0.1680
vn 0.8169 -0.3930 -0.4222
vn -0.4874 -0.2372 0.8404
vn 0.7870 0.6121 -0.0774
vn 0.8269 -0.2457 0.5059
vn 0.6144 0.5426 0.5727
vn -0.0751 0.5662 -0.8208
vn 0.7555 0.6287 -0.1842
vn 0.8421 0.0910 0.5316
vn 0.3012 -0.4529 -0.8391
vn 0.5801 0.4719 -0.6639
vn -0.4829 -0.6148 -0.6235
vn -0.6164 -0.6871 0.3845
vn 0.8463 0.4080 -0.3425
vn 0.5922 0.5363 -0.6014
vn -0.3419 0.3761 -0.8612
vn 0.9700 -0.2346 0.0638
vn 0.2985 0.0739 -0.9515
vn -0.1247 0.4725 0.8725
vn 0.4327 -0.1819 0.8830
vn -0.1895 0.0633 -0.9798
vn -0.0867 0.5118 -0.8547
vn -0.0000 0.1044 0.9945
vn 0.7205 -0.5988 0.3497
vn 0.2271 0.6965 0.6807
vn 0.8249 -0.2589 -0.5024
vn 0.9768 0.1500 -0.1528
vn 0.7770 0.2447 -0.5800
vn 0.3884 0.7408 0.5480
vn -0.0299 0.4879 -0.8724
vn 0.7300 0.2265 0.6448
vn 0.1609 0.8552 -0.4928
vn -0.5420 -0.0909 0.8354
vn 0.4372 0.3350 -0.8346
vn 0.8207 -0.2565 0.5106
vn 0.7912 -0.1925 -0.5805
vn 0.9338 0.1842 0.3068
vn -0.4383 0.2757 -0.8555
vn 0.6850 0.3683 0.6286
vn -0.3478 0.3965 0.8496
vn 0.1611 -0.2010 -0.9662
vn 0.3289 0.2922 -0.8980
vn 0.0443 -0.4137 -0.9093
vn -0.2426 0.8951 0.3741
vn 0.8548 0.5177 0.0356
vn 0.6961 0.4848 0.5295
vn 0.5766 0.7993 0.1691
vn -0.6361 -0.5991 -0.4863
vn -0.5260 -0.5096 -0.6809
vn 0.5388 0.2272 0.8112
vn -0.1666 0.5514 0.8174
vn 0.8097 0.5841 -0.0570
vn 0.0339 -0.0113 -0.9994
vn -0.7018 -0.7124 0.0076
vn 0.3820 0.6407 -0.6660
vn 0.5230 0.5942 -0.6110
vn 0.2282 0.5758 0.7851
vn -0.4981 0.3194 -0.8062
vn -0.5909 -0.0746 -0.8033
vn -0.5701 -0.3133 0.7595
vn 0.6838 0.6403 0.3500
vn 0.6495 0.7573 -0.0683
vn -0.6154 -0.5737 0.5405
vn 0.1634 0.6945 -0.7007
vn 0.4356 0.0327 0.8996
vn 0.9555 0.2709 0.1166
vn -0.6356 -0.6951 -0.3359
vn -0.2060 0.4474 -0.8703
vn -0.1558 -0.9817 0.1097
vn 0.5912 -0.0767 0.8029
vn 0.5235 0.3677 -0.7686
vn 0.8334 0.5179 -0.1930
vn -0.1938 0.3951 0.8980
vn -0.5679 -0.2791 -0.7743
vn -0.6246 -0.3424 -0.7019
vn -0.2506 0.2882 -0.9242
vn 0.4731 0.2477 0.8455
vn 0.8380 -0.4775 0.2641
vn 0.8685 0.4956 -0.0112
vn 0.7588 -0.5718 0.3117
vn 0.6268 -0.2904 0.7231
vn -0.1501 0.3972 0.9054
vn 0.0065 -0.7737 -0.6335
vn 0.4590 0.1055 0.8822
vn 0.4125 0.1792 0.8931
vn 0.3599 -0.2254 -0.9054
vn 0.5018 0.5640 -0.6559
vn 0.0204 0.7136 -0.7003
vn -0.5445 -0.5153 0.6618
vn 0.2557 0.5816 -0.7722
vn -0.1518 0.2292 -0.9615
vn 0.4804 0.6157 0.6247
vn 0.7939 0.0411 0.6066
vn 0.9459 0.1224 -0.3005
vn 0.7712 0.0832 -0.6311
vn -0.5991 -0.1920 -0.7773
vn 0.9149 0.0518 0.4003
vn 0.7913 -0.0412 0.6101
vn 0.8373 0.4394 -0.3254
vn 0.4294 0.3836 -0.8176
vn -0.9552 0.2961 -0.0013
vn 0.6377 0.6538 -0.4073
vn 0.7687 -0.0029 -0.6396
vn 0.8506 0.1403 -0.5067
vn 0.0036 0.2421 -0.9702
vn 0.9039 -0.4170 0.0957
vn 0.1953 0.5150 0.8346
vn -0.1736 0.8972 -0.4061
vn -0.0352 0.3121 0.9494
vn 0.7440 0.4059 -0.5308
vn 0.8394 -0.0771 -0.5380
vn 0.6121 0.4987 -0.6137
vn 0.7343 0.6422 -0.2201
vn 0.7063 0.5428 -0.4545
vn 0.7001 0.6003 -0.3866
vn 0.9888 -0.1463 0.0295
vn 0.7153 0.4399 0.5430
vn -0.3203 0.5514 -0.7703
vn 0.6306 0.7076 0.3189
vn 0.8433 0.4873 0.2267
vn 0.3339 0.6635 -0.6696
vn 0.7158 0.5982 0.3604
vn 0.2859 -0.3871 -0.8766
vn 0.6134 0.4062 -0.6774
vn -0.6717 -0.2303 0.7041
vn 0.7621 0.4723 0.4429
vn 0.6732 0.6321 0.3839
vn 0.8722 0.4426 -0.2082
vn 0.2846 0.5597 0.7783
vn -0.7406 -0.5572 0.3756
vn 0.3614 0.5703 0.7377
vn 0.9300 0.3378 -0.1448
vn -0.0979 0.1314 -0.9865
vn 0.0413 0.0755 -0.9963
vn 0.3999 0.5476 -0.7350
vn -0.3547 0.0943 -0.9302
vn -0.6918 -0.3847 0.6111
vn -0.0697 0.6827 -0.7274
vn -0.0621 0.2661 0.9619
vn -0.9906 -0.0249 -0.1342
vn 0.5761 0.6006 0.5544
vn -0.5326 0.6900 -0.4901
vn 0.0240 0.9964 0.0811
vn 0.9501 0.2721 0.1525
vn -0.8665 0.1472 -0.4770
vn 0.7077 0.3440 -0.6171
vn -0.8313 -0.5109 -0.2187
vn 0.9426 -0.1832 0.2793
vn 0.0916 0.9954 0.0292
vn -0.1257 0.1324 -0.9832
vn 0.8991 0.2095 0.3845
vn -0.6929 0.5341 -0.4844
vn 0.7201 0.6011 -0.3467
vn -0.7670 -0.6322 -0.1096
vn 0.9007 0.0286 0.4335
vn 0.7326 0.4783 0.4843
vn 0.5749 0.1971 0.7942
vn 0.5974 0.5324 0.5997
vn -0.1109 0.9165 -0.3843
vn -0.7857 -0.5905 0.1844
vn 0.7294 0.6441 0.2305
vn 0.6526 -0.3981 0.6447
vn 0.5026 -0.2170 0.8368
vn 0.7680 0.6327 -0.0993
vn 0.1510 0.0991 -0.9836
vn -0.0618 -0.2494 -0.9664
vn 0.3522 -0.7916 0.4993
vn 0.3742 0.2348 0.8971
vn -0.1241 -0.5633 -0.8169
vn 0.2460 0.5296 -0.8118
vn -0.2511 -0.0996 -0.9628
vn -0.2900 0.5051 0.8129
vn 0.9328 0.3539 -0.0683
vn -0.6880 -0.0811 0.7211
vn -0.2530 -0.7996 0.5446
vn -0.7084 -0.1274 -0.6942
vn 0.5510 0.4597 -0.6965
vn 0.6084 0.2776 -0.7435
vn 0.5853 0.2272 -0.7783
vn 0.0876 -0.1890 0.9781
vn -0.2878 -0.0686 0.9552
vn 0.3775 -0.0587 -0.9242
vn -0.6746 -0.2140 -0.7064
vn 0.2799 0.5370 0.7957
vn 0.4166 -0.3211 -0.8505
vn 0.6371 0.4447 -0.6295
vn -0.4031 0.3090 0.8614
vn 0.9092 0.0147 0.4161
vn 0.9528 0.2729 0.1330
vn 0.1488 -0.4844 -0.8621
vn 0.7106 0.4820 -0.5126
vn 0.8273 0.2393 0.5083
vn 0.8325 0.0306 0.5532
vn -0.6385 0.0584 0.7674
vn 0.9984 -0.0228 -0.0520
vn 0.7969 -0.0052 0.6041
vn 0.7948 0.0655 -0.6034
vn 0.1703 0.3918 -0.9042
vn 0.8145 0.4392 0.3791
vn -0.1383 0.8508 -0.5069
vn 0.8862 0.4461 0.1248
vn 0.5088 0.4687 0.7221
vn 0.5164 0.5366 0.6674
vn 0.2439 0.4366 -0.8660
vn -0.1336 -0.6074 -0.7831
vn -0.7025 0.0304 0.7111
vn 0.0160 -0.3457 0.9382
vn 0.4358 0.1416 0.8888
vn 0.0572 0.1518 0.9868
vn -0.9999 0.0161 0.0043
vn 0.9261 0.3500 -0.1408
vn -0.8853 -0.0293 0.4641
vn -0.6900 -0.4876 -0.5349
vn -0.9424 -0.2349 -0.2381
vn 0.3571 0.3782 0.8541
vn -0.8700 -0.4665 0.1598
vn 0.3980 0.1128 -0.9104
vn -0.0866 -0.4085 0.9086
vn 0.2152 -0.8331 -0.5096
vn 0.0893 0.1165 0.9892
vn 0.7105 0.0907 0.6978
vn -0.2930 0.0989 -0.9510
vn 0.6812 0.6915 -0.2404
vn -0.5466 0.1551 0.8229
vn -0.2670 -0.2046 -0.9417
vn -0.1929 0.0869 0.9774
vn -0.7224 -0.3436 -0.6000
vn -0.0793 0.8874 -0.4541
vn -0.2646 -0.6362 -0.7247
vn 0.2427 -0.0385 -0.9693
vn -0.6077 0.4125 -0.6786
vn 0.5458 0.0408 -0.8369
vn 0.3384 0.8793 -0.3350
vn 0.3839 0.5669 -0.7289
vn 0.4026 -0.2388 -0.8837
vn 0.5859 -0.2605 -0.7674
vn -0.3684 0.9127 -0.1771
vn 0.7091 0.4829 0.5138
vn 0.7127 0.5215 0.4692
vn 0.9464 0.3017 0.1150
vn -0.0977 0.2766 -0.9560
vn -0.1943 -0.1411 0.9707
vn -0.5690 -0.8200 0.0616
vn -0.9293 -0.3049 0.2086
vn -0.9894 -0.1307 0.0637
vn -0.7647 -0.5665 -0.3070
vn 0.7817 0.6035 -0.1572
vn -0.3183 0.0325 0.9474
vn 0.3224 0.6629 -0.6757
vn 0.5434 0.5663 -0.6197
vn 0.6607 0.3298 -0.6743
vn 0.1475 -0.5986 0.7874
vn 0.3205 -0.6152 0.7203
vn 0.6470 0.4055 -0.6457
vn 0.9270 0.3446 0.1481
vn -0.2021 0.6586 -0.7248
vn -0.7978 -0.6028 0.0098
vn 0.9206 0.3482 -0.1768
vn 0.1182 0.1598 -0.9800
vn -0.7524 -0.0420 -0.6573
vn 0.2407 0.9064 0.3471
vn 0.2220 0.3893 -0.8940
vn -0.1647 -0.6310 0.7581
vn 0.0658 0.0565 0.9962
vn 0.6909 0.4758 -0.5442
vn 0.7131 -0.2163 -0.6669
vn 0.2430 -0.3910 -0.8877
vn -0.6669 -0.5022 0.5505
vn 0.7698 0.4881 -0.4113
vn 0.6642 0.2888 0.6895
vn -0.8013 -0.4679 -0.3728
vn 0.6619 0.0727 -0.7461
vn 0.4109 0.1110 0.9049
vn -0.1748 -0.1679 0.9702
vn 0.3164 -0.8876 -0.3348
vn -0.7565 -0.4625 0.4623
vn 0.4321 0.3559 0.8286
vn 0.9599 0.2315 -0.1578
vn 0.4026 0.2253 -0.8872
vn 0.7139 -0.1059 -0.6922
vn 0.7785 -0.0776 -0.6228
vn 0.9738 0.2203 -0.0561
vn 0.4243 0.1985 0.8835
vn 0.7007 0.4287 -0.5703
vn 0.7239 0.6180 0.3067
vn 0.9692 0.2113 -0.1267
vn 0.1019 0.1442 0.9843
vn -0.4994 0.5591 0.6618
vn 0.3269 0.9141 -0.2400
vn 0.7584 0.5662 0.3229
vn -0.0799 -0.5037 0.8602
vn -0.2324 -0.9525 0.1968
vn 0.2780 0.4345 -0.8567
vn 0.3617 0.5350 0.7635
vn 0.4834 0.2690 -0.8330
vn 0.5346 0.3686 -0.7605
vn 0.8981 0.3231 0.2984
vn 0.7642 0.5285 -0.3698
vn 0.9416 0.2623 -0.2111
vn 0.3446 -0.1335 0.9292
vn 0.5531 0.4696 -0.6882
vn 0.3212 -0.6433 0.6950
vn 0.4288 0.7807 -0.4546
vn 0.7706 -0.0071 -0.6373
vn -0.6537 -0.1016 0.7499
vn -0.7577 -0.1670 0.6308
vn -0.8518 -0.5137 -0.1023
vn 0.6654 0.6557 -0.3569
vn 0.4742 0.1743 0.8630
vn 0.9749 0.2100 -0.0734
vn 0.9638 0.2074 0.1679
vn 0.4726 0.6647 0.5787
vn 0.5976 -0.0678 0.7989
vn 0.7027 0.1246 0.7005
vn 0.8654 -0.4375 -0.2443
vn 0.7474 0.6324 0.2035
vn 0.5194 0.6788 0.5191
vn 0.6617 0.7452 0.0828
vn 0.2076 0.8470 -0.4893
vn -0.0345 0.6710 0.7406
vn -0.0488 0.9772 0.2067
vn 0.5876 -0.7997 -0.1235
vn 0.7537 0.3742 0.5403
vn 0.7968 0.6036 -0.0282
vn 0.7797 0.5474 0.3039
vn 0.0240 0.6160 0.7874
vn 0.9959 -0.0457 -0.0783
vn 0.8648 -0.0122 -0.5020
vn -0.7924 -0.2250 -0.5669
vn 0.3929 -0.1635 0.9049
vn 0.7516 -0.5169 0.4097
vn 0.1367 0.3928 0.9094
vn 0.7783 0.3497 0.5215
vn 0.7778 0.5379 0.3251
vn 0.4841 0.1182 0.8670
vn 0.2722 -0.4520 -0.8495
vn 0.0801 0.9269 0.3666
vn 0.3336 0.6002 0.7270
vn 0.7047 -0.6468 0.2914
vn 0.8613 -0.3999 -0.3134
vn 0.3798 -0.4515 0.8074
vn 0.6169 0.1224 0.7774
vn 0.2678 -0.3983 -0.8773
vn -0.8155 -0.3964 -0.4218
vn 0.6377 -0.2395 0.7321
vn 0.5121 0.5867 0.6273
vn -0.0534 0.3976 0.9160
vn 0.9631 0.2495 0.1013
vn 0.8272 0.4453 -0.3427
vn 0.6848 -0.1242 -0.7181
vn -0.8654 -0.4749 0.1600
vn 0.7863 0.2303 0.5733
vn 0.6283 0.3823 0.6776
vn 0.7418 -0.0526 0.6685
vn -0.8444 -0.3974 0.3591
vn 0.1847 0.1732 -0.9674
vn 0.7032 -0.0526 0.7090
vn 0.7795 0.3301 -0.5323
vn 0.7306 0.4222 -0.5366
vn 0.9039 -0.4176 0.0924
vn 0.8287 -0.1468 -0.5401
vn 0.6482 0.4662 0.6020
vn 0.6034 0.7849 -0.1407
vn 0.3510 -0.8630 0.3633
vn 0.9529 -0.3015 -0.0313
vn 0.6967 0.1036 0.7098
vn -0.8034 -0.0763 0.5906
vn 0.6575 -0.3101 0.6867
vn 0.3477 -0.9365 -0.0464
vn 0.1572 0.3791 -0.9119
vn -0.7992 -0.0883 -0.5945
vn 0.7348 0.5932 -0.3289
vn 0.8500 0.0803 -0.5206
vn 0.8663 -0.1740 -0.4682
vn 0.5680 0.7989 0.1977
vn 0.5489 -0.1106 -0.8286
vn 0.5470 0.6899 0.4742
vn 0.9200 0.3898 0.0403
vn -0.8454 -0.1669 0.5074
vn 0.3728 -0.9219 0.1059
vn 0.6742 -0.0263 0.7381
vn 0.7445 -0.3401 0.5746
vn 0.6693 0.6898 0.2760
vn 0.7415 -0.0139 -0.6708
vn 0.8997 -0.2806 0.3345
vn 0.8137 0.5582 -0.1623
vn 0.2549 0.0798 0.9637
vn 0.9006 -0.1412 0.4111
vn 0.5201 0.1859 0.8336
vn 0.9694 -0.1782 0.1687
vn 0.5902 0.7751 0.2254
vn 0.9211 0.1402 0.3633
vn 0.4563 0.7767 0.4342
vn -0.8242 -0.2807 -0.4919
vn 0.7888 0.5400 -0.2935
vn 0.8205 0.2431 0.5174
vn 0.8547 0.1707 0.4902
vn 0.9402 0.3401 0.0174
vn 0.6191 0.4256 -0.6600
vn 0.9749 0.1950 -0.1077
vn 0.8263 -0.1017 0.5539
vn 0.8795 0.4379 -0.1863
vn 0.8022 0.0365 0.5960
vn -0.2631 -0.9627 -0.0623
vn 0.8158 0.2153 -0.5368
vn 0.7750 0.2742 -0.5694
vn 0.6593 0.7123 0.2409
vn -0.8416 -0.2665 0.4697
vn 0.5617 0.7888 -0.2497
vn 0.2835 0.3615 0.8882
vn 0.8968 -0.2244 0.3812
vn 0.4162 0.8871 -0.1998
vn -0.1321 0.9900 0.0498
vn 0.8889 0.4418 -0.1212
vn 0.6938 0.5190 0.4993
vn 0.8318 0.5299 -0.1652
vn 0.9905 -0.1336 0.0340
vn 0.8978 0.0475 0.4378
vn 0.5897 0.2308 -0.7739
vn 0.8965 0.0581 0.4391
vn 0.8127 -0.5032 -0.2937
vn 0.3672 -0.1531 -0.9174
vn 0.9235 0.3804 -0.0489
vn 0.9451 0.2317 0.2306
vn 0.7872 0.5371 0.3031
vn 0.4883 0.4420 -0.7525
vn 0.8230 0.2152 0.5257
vn 0.2594 0.0393 -0.9650
vn 0.7199 -0.1216 0.6834
vn 0.8197 -0.0449 0.5711
vn 0.7453 0.2505 0.6179
vn 0.8499 -0.2344 -0.4720
vn 0.7747 -0.3693 -0.5133
vn 0.7406 0.3533 -0.5716
vn 0.7916 0.4488 -0.4147
vn 0.8703 -0.2309 -0.4351
vn -0.9057 -0.4238 -0.0042
vn 0.7619 0.2261 -0.6069
vn 0.8050 0.4302 0.4085
vn 0.4292 -0.4857 -0.7615
vn 0.2696 0.3758 0.8866
vn 0.3885 -0.1128 0.9145
vn 0.4276 0.8536 -0.2974
vn 0.8694 0.4927 -0.0381
vn 0.8178 0.5316 0.2205
vn -0.8928 -0.1917 -0.4076
vn 0.4696 -0.8081 -0.3556
vn -0.8858 -0.4220 -0.1930
vn 0.6976 0.3200 -0.6411
vn 0.5085 -0.7889 0.3451
vn -0.9012 -0.2260 -0.3698
vn 0.7709 0.5698 -0.2846
vn -0.4701 -0.8151 -0.3386
vn -0.9083 -0.3281 0.2596
vn -0.7062 -0.2758 -0.6520
vn -0.9246 -0.1152 0.3632
vn 0.8090 0.4872 0.3288
vn -0.8863 -0.3130 -0.3413
vn 0.7499 0.5285 -0.3979
vn 0.8163 0.1623 0.5543
vn -0.6179 0.6623 -0.4237
vn -0.6725 0.5752 -0.4658
vn -0.6745 0.5966 -0.4349
vn -0.0464 -0.9985 -0.0276
vn 0.5586 0.5256 0.6416
vn 0.4252 0.4072 0.8083
vn 0.8818 0.3500 -0.3161
vn 0.7053 0.3929 -0.5900
vn -0.9339 -0.3041 -0.1881
vn 0.2902 0.0160 0.9568
vn 0.9305 0.2854 -0.2297
vn -0.9028 -0.2268 0.3653
vn 0.9052 0.3734 0.2029
vn 0.9012 0.4272 0.0728
vn 0.9851 -0.1381 0.1028
vn -0.2567 -0.2645 -0.9296
vn 0.5805 -0.7116 0.3959
vn 0.4707 0.1869 -0.8623
vn -0.9466 -0.3009 0.1155
vn -0.1331 -0.5404 -0.8308
vn 0.3968 0.8823 0.2532
vn 0.0369 0.2234 -0.9740
vn -0.1309 0.9914 0.0081
vn 0.7640 0.2886 -0.5771
vn 0.5632 -0.4925 -0.6635
vn 0.4337 -0.8419 0.3210
vn 0.1826 0.9676 -0.1745
vn -0.4399 0.8420 -0.3123
vn 0.3066 0.2665 -0.9138
vn 0.6380 0.2864 -0.7148
vn 0.3351 -0.1226 -0.9342
vn 0.4826 -0.5304 -0.6970
vn 0.4767 -0.6960 -0.5370
vn 0.7885 -0.2802 0.5475
vn -0.4913 0.0445 -0.8699
vn -0.4049 -0.8890 -0.2140
vn -0.1566 -0.9679 -0.1965
vn 0.7473 0.6351 0.1956
vn 0.7166 -0.1557 0.6799
vn 0.6224 0.3454 -0.7024
vn 0.7114 -0.5236 -0.4689
vn -0.9211 0.0339 -0.3878
vn 0.5891 0.4067 0.6983
vn 0.6239 -0.5121 0.5904
vn 0.6673 0.4499 0.5935
vn -0.8938 -0.2636 -0.3629
vn 0.9241 0.3414 -0.1719
vn -0.9035 0.1085 0.4145
vn -0.9512 -0.1823 -0.2491
vn 0.7106 -0.5630 -0.4219
vn 0.8759 0.4480 0.1792
vn -0.5025 -0.6585 0.5603
vn -0.8559 -0.1165 -0.5038
vn -0.8048 0.0196 -0.5933
vn 0.1558 -0.0042 -0.9878
vn -0.0627 -0.4980 0.8649
vn 0.5043 0.3784 0.7762
vn 0.5870 0.7749 0.2343
vn -0.9180 -0.0600 -0.3921
vn 0.8998 0.4356 0.0257
vn 0.9008 0.4337 0.0234
vn 0.9007 0.4338 0.0237
vn 0.5202 -0.1733 0.8363
vn 0.4860 -0.5954 0.6398
vn 0.4893 -0.3657 0.7917
vn 0.1068 0.1647 0.9805
vn 0.8384 -0.2073 0.5041
vn -0.8055 0.1062 -0.5830
vn -0.9486 -0.1197 0.2930
vn -0.8203 0.1784 -0.5434
vn -0.9303 -0.0165 -0.3665
vn 0.2395 0.2165 -0.9464
vn -0.8815 0.0037 -0.4721
vn -0.3826 0.0148 0.9238
vn 0.3207 -0.3136 -0.8938
vn -0.8116 -0.4239 -0.4019
vn -0.6168 -0.6789 0.3982
vn 0.0207 -0.0863 0.9961
vn -0.9573 -0.2815 -0.0662
vn -0.3268 -0.4216 -0.8458
vn 0.7783 0.2422 0.5793
vn 0.2337 0.1694 -0.9574
vn 0.3889 -0.4608 -0.7978
vn 0.4532 0.1236 -0.8828
vn -0.5064 -0.2182 0.8342
vn 0.9061 0.0776 0.4159
vn 0.8883 -0.2270 0.3992
vn 0.7109 -0.5636 -0.4207
vn 0.2653 -0.6687 -0.6946
vn 0.8988 0.3653 0.2422
vn -0.6316 0.7554 0.1743
vn 0.5389 0.8313 -0.1361
vn 0.5172 0.7608 0.3921
vn 0.6438 -0.2536 -0.7220
vn 0.4037 0.3319 0.8526
vn -0.4611 -0.2708 0.8450
vn -0.0059 -0.4654 0.8851
vn 0.9209 0.3882 0.0362
vn 0.7386 0.5111 0.4396
vn -0.1225 0.8062 0.5788
vn 0.5539 -0.7459 -0.3699
vn -0.5822 -0.0301 0.8125
vn 0.6498 0.4085 -0.6410
vn 0.3145 0.0986 0.9441
vn 0.6054 0.1977 0.7710
vn 0.4864 0.3417 0.8042
vn 0.6346 -0.6950 0.3379
vn 0.4341 0.8888 0.1471
vn 0.6090 -0.7305 -0.3089
vn 0.4264 -0.7952 -0.4311
vn 0.1581 0.9833 0.0902
vn 0.8996 0.4360 0.0260
vn 0.7070 -0.6440 -0.2923
vn 0.0645 -0.7293 0.6811
vn -0.6363 -0.7633 -0.1114
vn 0.8492 -0.0640 -0.5242
vn 0.4107 0.8327 -0.3715
vn 0.9367 0.1596 -0.3117
vn -0.9691 -0.1766 0.1721
vn -0.6831 -0.0489 -0.7287
vn 0.8836 -0.3827 0.2697
vn 0.3613 -0.0176 0.9323
vn 0.1875 0.9746 0.1227
vn 0.9683 0.2015 0.1479
vn 0.9675 0.2044 0.1489
vn 0.9674 0.2016 0.1534
vn 0.7157 -0.0263 -0.6979
vn 0.4865 -0.5964 0.6384
vn 0.9671 0.0328 -0.2524
vn 0.5730 0.4136 -0.7075
vn 0.0676 0.1540 -0.9858
vn -0.8617 -0.4488 -0.2366
vn 0.6748 0.4560 0.5803
vn 0.7565 0.1707 -0.6313
vn 0.0510 0.1554 -0.9865
vn 0.9280 0.2752 -0.2513
vn -0.0375 -0.9993 -0.0003
vn 0.4283 0.2890 0.8562
vn -0.4727 -0.2491 0.8453
vn 0.8198 0.2177 -0.5297
vn 0.6886 0.4783 -0.5451
vn 0.4030 -0.1791 0.8975
vn 0.1822 0.2471 0.9517
vn -0.9786 -0.1670 -0.1200
vn 0.8880 -0.3667 -0.2775
vn -0.9845 -0.1433 -0.1008
vn 0.7669 -0.6100 -0.1993
vn 0.9734 0.1883 -0.1303
vn 0.9912 0.0907 -0.0960
vn 0.9859 0.0868 -0.1428
vn -0.3023 0.9491 0.0880
vn -0.2507 0.9508 -0.1818
vn -0.3028 0.9252 -0.2288
vn 0.0054 -0.3233 0.9463
vn 0.7165 -0.0344 0.6968
vn -0.5212 -0.7558 -0.3963
vn -0.9843 -0.1761 0.0073
vn -0.3800 -0.8225 0.4232
vn 0.3160 0.4183 0.8516
vn -0.8997 -0.0211 0.4360
vn 0.7100 -0.2829 -0.6449
vn 0.9538 0.1606 -0.2538
vn 0.8398 0.1394 -0.5247
vn 0.8196 -0.4939 -0.2903
vn 0.9222 0.2708 -0.2761
vn 0.3137 -0.8579 0.4069
vn 0.6188 -0.7806 -0.0880
vn 0.9205 0.2173 -0.3246
vn -0.5108 -0.3403 -0.7895
vn 0.8052 -0.2201 -0.5507
vn -0.3535 -0.0742 0.9325
vn -0.1799 -0.9765 0.1189
vn 0.5887 -0.6131 0.5268
vn -0.3909 0.8767 -0.2805
vn 0.8025 -0.4721 0.3649
vn 0.9043 0.2204 0.3657
vn 0.7698 0.3765 0.5153
vn 0.9634 0.2530 0.0883
vn 0.9158 0.2405 -0.3216
vn 0.7958 -0.5984 -0.0931
vn 0.0941 -0.8490 -0.5199
vn 0.5072 0.1805 0.8427
vn -0.6079 -0.5846 0.5373
vn 0.4522 0.8827 -0.1278
vn 0.8568 0.2173 -0.4676
vn 0.7314 -0.3558 0.5818
vn 0.8203 0.0400 0.5705
vn 0.9119 -0.2694 -0.3096
vn 0.7079 0.5563 0.4353
vn 0.8911 0.0650 -0.4491
vn 0.4350 0.6479 -0.6253
vn 0.5526 0.5168 -0.6539
vn 0.9865 0.0160 0.1627
vn 0.8528 0.0455 -0.5202
vn -0.9804 -0.0685 0.1847
vn 0.4316 -0.0740 -0.8990
vn -0.9924 -0.0666 -0.1037
vn 0.1448 0.6609 -0.7363
vn 0.9790 0.0982 0.1789
vn 0.7202 0.1267 0.6821
vn 0.2041 -0.8491 0.4872
vn 0.7467 -0.5014 -0.4372
vn 0.9374 -0.3143 -0.1498
vn 0.7365 -0.5424 0.4042
vn 0.6190 0.0465 0.7840
vn 0.9345 0.3442 0.0907
vn -0.4826 -0.8749 -0.0403
vn -0.9570 0.2613 0.1261
vn 0.8695 -0.1273 -0.4772
vn 0.8603 -0.0846 -0.5027
vn 0.8209 0.1930 0.5374
vn 0.9018 0.0954 -0.4214
vn -0.1339 0.2799 -0.9506
vn 0.5966 -0.7768 -0.2016
vn 0.4143 0.5293 0.7404
vn -0.9937 -0.0997 0.0519
vn 0.8860 0.0260 -0.4630
vn -0.9048 0.1503 -0.3985
vn -0.6479 0.2327 -0.7253
vn -0.0842 0.9477 0.3078
vn 0.8422 -0.2994 0.4484
vn 0.9111 0.0495 -0.4093
vn 0.9660 -0.0988 -0.2388
vn 0.9838 0.1642 -0.0714
vn 0.9360 -0.3476 0.0555
vn 0.8776 0.3547 0.3224
vn 0.0269 -0.3549 0.9345
vn -0.0087 -0.1016 -0.9948
vn -0.5631 -0.0275 -0.8259
vn 0.3657 0.2952 0.8827
vn 0.4260 -0.9001 0.0915
vn 0.8671 -0.4587 0.1945
vn 0.9552 0.2222 0.1957
vn 0.5726 0.5769 0.5825
vn -0.9533 -0.3009 0.0271
vn 0.3450 -0.4992 0.7949
vn 0.9873 0.0469 0.1521
vn 0.7285 0.3185 0.6065
vn 0.9564 -0.1970 -0.2154
vn 0.7174 -0.6946 -0.0534
vn 0.9697 0.1526 -0.1907
vn 0.6521 -0.2118 0.7279
vn 0.2203 -0.3781 -0.8992
vn -0.9877 -0.0223 0.1550
vn -0.6703 0.3919 0.6301
vn 0.9790 0.1295 -0.1577
vn 0.9262 -0.0259 0.3762
vn -0.5164 -0.3120 -0.7975
vn 0.9410 -0.2213 0.2561
vn 0.4259 0.8698 -0.2491
vn 0.4423 0.2435 0.8632
vn 0.2276 -0.8695 -0.4384
vn 0.9830 0.0074 -0.1834
vn -0.5943 0.0021 -0.8043
vn 0.6672 0.3373 0.6641
vn 0.8482 0.0700 -0.5251
vn 0.8562 -0.3041 0.4176
vn 0.9794 -0.1594 0.1236
vn 0.4228 -0.0356 -0.9055
vn 0.9816 0.1808 0.0608
vn 0.9450 -0.0454 0.3238
vn 0.9290 0.3521 -0.1140
vn 0.9302 -0.2554 -0.2635
vn 0.5732 0.7591 -0.3086
vn 0.9150 0.3068 -0.2619
vn 0.9518 -0.0150 -0.3063
vn 0.8467 -0.1536 0.5095
vn 0.9045 -0.1369 -0.4038
vn 0.8829 -0.2103 -0.4198
vn 0.6230 -0.7771 0.0899
vn 0.3816 0.0236 0.9240
vn -0.8290 0.3189 0.4593
vn -0.3964 0.8778 0.2688
vn 0.7928 0.1592 -0.5884
vn 0.9556 0.2144 0.2021
vn 0.9956 -0.0787 -0.0501
vn 0.8882 0.2728 0.3696
vn 0.9461 -0.2436 0.2134
vn 0.6913 -0.7112 -0.1277
vn -0.1006 -0.5999 -0.7937
vn 0.1454 -0.4620 -0.8749
vn 0.9552 0.2959 -0.0038
vn -0.3199 -0.9451 -0.0673
vn 0.6238 0.7210 -0.3016
vn 0.7202 0.5803 0.3801
vn 0.8977 0.0937 0.4306
vn -0.9954 -0.0707 -0.0639
vn 0.9847 0.0902 -0.1488
vn -0.3786 0.2017 -0.9033
vn 0.9728 0.1737 -0.1535
vn 0.4226 -0.1167 -0.8988
vn 0.8645 -0.4124 -0.2874
vn 0.9780 -0.1718 -0.1181
vn 0.9062 -0.3450 -0.2446
vn 0.9645 0.0076 0.2640
vn -0.5661 0.5037 -0.6526
vn 0.0374 0.5328 0.8454
vn -0.3162 -0.8073 0.4983
vn 0.7396 0.2884 -0.6081
vn 0.7950 0.2021 0.5719
vn -0.0926 0.7358 0.6708
vn 0.6775 -0.2423 -0.6945
vn -0.6936 0.6185 -0.3694
vn -0.6069 0.7944 0.0258
vn -0.6659 0.7455 -0.0282
vn 0.5291 0.7837 -0.3254
vn 0.8759 -0.2995 -0.3783
vn 0.3560 -0.9263 0.1238
vn 0.5478 0.7943 -0.2628
vn 0.2484 0.8282 0.5024
vn 0.9095 0.1532 -0.3864
vn -0.1119 -0.4265 -0.8976
vn 0.8135 -0.0459 0.5797
vn -0.3054 -0.5779 -0.7568
vn 0.9750 0.1809 0.1289
vn 0.9167 -0.1797 -0.3569
vn 0.8852 0.1613 0.4364
vn 0.9310 -0.1836 -0.3155
vn 0.8521 -0.2212 0.4743
vn -0.5838 -0.4047 -0.7038
vn 0.5057 -0.0011 0.8627
vn 0.6655 -0.1295 0.7351
vn 0.2868 0.1213 0.9503
vn 0.5364 0.0368 -0.8432
vn -0.7370 0.2127 -0.6416
vn -0.1159 0.7501 0.6511
vn 0.5182 -0.7215 -0.4592
vn 0.6714 -0.1928 0.7156
vn 0.9338 0.2590 0.2469
vn 0.1479 -0.2829 -0.9477
vn 0.7421 -0.5366 -0.4016
vn 0.9071 -0.3773 -0.1864
vn 0.7564 -0.5624 -0.3340
vn 0.1911 0.8215 -0.5373
vn 0.5511 0.8019 -0.2306
vn 0.7650 -0.3950 -0.5087
vn 0.6700 -0.3496 0.6549
vn 0.9292 -0.0337 -0.3680
vn 0.7603 0.5789 0.2948
vn 0.9111 -0.1453 0.3857
vn 0.9299 0.1988 -0.3093
vn 0.3050 0.9524 0.0033
vn 0.9853 0.1682 0.0298
vn 0.0241 -0.9997 0.0029
vn 0.8400 -0.4954 0.2214
vn 0.8479 -0.4218 0.3211
vn 0.8578 -0.2155 -0.4666
vn 0.7592 0.0518 -0.6488
vn 0.3249 0.0892 0.9415
vn 0.2749 0.2829 -0.9189
vn 0.6290 -0.7769 0.0257
vn -0.5422 0.7836 0.3032
vn 0.7138 -0.6355 -0.2942
vn 0.9496 0.3097 0.0486
vn 0.6649 0.7334 -0.1418
vn 0.5204 -0.7272 -0.4476
vn 0.6436 -0.7570 -0.1130
vn -0.1387 -0.8390 0.5262
vn 0.5646 0.5995 0.5673
vn -0.8597 -0.4431 0.2540
vn -0.9807 -0.1891 0.0501
vn 0.9812 -0.1331 0.1400
vn 0.5117 -0.4296 -0.7441
vn 0.9284 -0.3312 0.1687
vn 0.7468 0.3581 0.5604
vn 0.5277 -0.6375 0.5613
vn 0.4377 -0.2465 0.8646
vn 0.6800 0.0428 0.7319
vn 0.3953 0.7990 -0.4532
vn 0.8977 0.0917 -0.4310
vn 0.4581 -0.5941 -0.6612
vn -0.3072 -0.8803 0.3616
vn -0.6930 0.5143 0.5052
vn 0.8991 -0.3500 -0.2630
vn 0.9180 0.1901 0.3481
vn 0.2985 0.7548 -0.5841
vn -0.6478 0.2959 -0.7020
vn -0.1851 0.3919 0.9012
vn -0.1220 -0.4804 -0.8685
vn 0.7356 0.6774 0.0019
vn 0.6207 -0.7840 0.0020
vn 0.7614 -0.2418 -0.6015
vn 0.9652 0.1510 0.2137
vn 0.1560 0.4834 0.8614
vn -0.5815 0.7614 -0.2866
vn 0.8268 0.4647 0.3170
vn 0.4738 0.1670 -0.8647
vn -0.7018 0.3204 -0.6362
vn 0.5785 -0.7432 -0.3362
vn -0.1430 0.9497 0.2786
vn 0.9202 0.3715 -0.1237
vn 0.8543 0.3341 0.3981
vn 0.6987 0.3402 0.6293
vn 0.5590 0.6058 0.5662
vn 0.7077 0.1787 0.6835
vn 0.2673 -0.9629 0.0368
vn 0.9724 -0.2331 0.0116
vn -0.3823 -0.8229 -0.4204
vn 0.5478 -0.2211 0.8069
vn 0.5684 0.7393 -0.3611
vn 0.8575 0.3970 -0.3272
vn 0.9722 -0.1709 -0.1603
vn -0.5288 -0.5010 0.6851
vn 0.4620 -0.6790 0.5705
vn 0.8483 -0.5273 -0.0491
vn 0.5291 -0.8381 0.1330
vn 0.5572 -0.3997 0.7278
vn 0.8606 0.2958 -0.4146
vn -0.6214 -0.1756 -0.7636
vn 0.8893 -0.4570 0.0172
vn -0.5752 -0.5598 -0.5965
vn 0.1663 -0.9348 -0.3138
vn 0.3927 -0.1340 0.9098
vn 0.9163 -0.1637 -0.3656
vn 0.6557 -0.6911 -0.3041
vn 0.1749 -0.8986 0.4024
vn 0.1459 0.8330 -0.5337
vn 0.9819 -0.0830 -0.1702
vn 0.7491 -0.5208 0.4094
vn 0.9735 -0.2227 0.0526
vn -0.5406 0.1332 -0.8307
vn -0.4038 -0.8780 0.2571
vn 0.7785 -0.5153 -0.3584
vn 0.7602 0.4971 0.4183
vn 0.5155 0.3444 0.7846
vn 0.9023 -0.2086 0.3773
vn 0.8405 0.5254 -0.1321
vn 0.9336 0.3570 0.0298
vn 0.8655 0.2702 0.4217
vn 0.9590 -0.1830 -0.2166
vn 0.7823 -0.4244 0.4559
vn 0.8576 -0.4690 -0.2113
vn 0.5084 -0.2366 0.8280
vn 0.8787 -0.4774 -0.0064
vn 0.5604 -0.8282 0.0091
vn 0.2069 -0.7856 -0.5832
vn 0.9692 0.2114 0.1265
vn 0.8757 -0.4551 0.1611
vn 0.8577 0.4934 0.1444
vn 0.7076 -0.6509 -0.2750
vn -0.6031 0.3594 0.7122
vn 0.9671 -0.2120 -0.1406
vn 0.5307 -0.5006 -0.6839
vn 0.0462 0.6560 0.7534
vn 0.9626 -0.2240 0.1524
vn 0.9913 -0.0901 0.0959
vn 0.4753 -0.3286 0.8161
vn 0.9160 -0.3012 0.2650
vn 0.9853 -0.0451 0.1646
vn -0.9060 -0.0779 -0.4161
vn 0.9952 -0.0960 -0.0202
vn 0.7675 -0.5535 0.3234
vn 0.9522 -0.2557 0.1672
vn 0.7397 -0.5845 0.3335
vn 0.7007 0.7132 -0.0211
vn 0.9921 -0.1030 0.0710
vn -0.3192 0.0599 -0.9458
vn 0.9589 0.2835 -0.0080
vn 0.4885 0.5326 0.6912
vn -0.4303 -0.5173 -0.7398
vn 0.9273 -0.0933 0.3624
vn 0.9889 0.1359 0.0598
vn 0.1834 0.5616 0.8068
vn -0.0618 0.5726 0.8175
vn 0.6706 -0.7376 0.0786
vn 0.8630 -0.2676 -0.4285
vn 0.7509 -0.2771 0.5995
vn 0.8941 0.0902 0.4386
vn 0.9632 -0.2370 -0.1264
vn -0.1867 -0.3727 -0.9090
vn -0.2753 -0.8090 -0.5193
vn -0.2918 -0.1166 -0.9494
vn 0.9062 -0.3987 -0.1410
vn -0.1365 0.6751 0.7250
vn -0.6131 0.3699 -0.6981
vn 0.2637 -0.4523 -0.8520
vn 0.9938 -0.0477 0.1006
vn 0.7857 -0.3485 -0.5112
vn -0.1561 0.6271 -0.7631
vn 0.9772 -0.0354 -0.2093
vn -0.5933 0.3407 -0.7293
vn 0.1059 -0.5171 -0.8494
vn 0.4500 -0.8573 0.2500
vn -0.6526 0.6164 -0.4405
vn 0.9745 -0.0108 0.2241
vn 0.9753 0.1620 -0.1499
vn 0.8941 0.0011 -0.4479
vn 0.9034 0.0667 0.4235
vn -0.0592 0.3419 0.9379
vn 0.8860 -0.0729 -0.4579
vn 0.7901 -0.4803 0.3807
vn 0.9746 0.1569 -0.1597
vn 0.9617 0.0022 -0.2740
vn 0.9861 -0.0055 0.1659
vn 0.7901 0.6087 -0.0726
vn -0.7101 0.6383 0.2971
vn 0.5350 -0.3725 0.7583
vn 0.5971 -0.7376 0.3152
vn 0.2911 -0.9514 -0.1008
vn 0.0930 -0.9640 -0.2489
vn 0.3865 0.1956 0.9013
vn 0.8921 -0.0543 0.4486
vn 0.3178 0.9442 0.0860
vn 0.2618 -0.2453 0.9334
vn -0.7768 0.6008 0.1888
vn 0.9868 0.1539 0.0495
vn 0.8814 0.2917 0.3715
vn 0.9842 0.1565 -0.0832
vn 0.7600 -0.5967 -0.2577
vn -0.3397 -0.1787 -0.9234
vn -0.6314 0.5563 -0.5402
vn 0.8487 -0.3678 0.3801
vn -0.8517 0.5127 -0.1084
vn 0.9624 -0.2304 -0.1437
vn 0.8064 0.3248 0.4941
vn 0.5748 -0.5821 0.5751
vn 0.9687 -0.2479 -0.0156
vn 0.0555 0.9857 0.1591
vn 0.9293 -0.1295 -0.3458
vn 0.5632 -0.5416 -0.6240
vn 0.2055 0.7627 -0.6132
vn 0.9200 -0.3801 -0.0952
vn 0.8591 0.5049 -0.0839
vn 0.2822 -0.6930 -0.6634
vn 0.8062 0.1454 -0.5735
vn 0.9967 -0.0087 -0.0805
vn 0.9963 0.0177 0.0839
vn 0.4116 0.3616 0.8366
vn 0.1726 0.5014 0.8478
vn -0.8965 0.4237 -0.1295
vn 0.3506 -0.8817 -0.3157
vn -0.7816 0.1945 -0.5927
vn -0.3756 0.6784 0.6314
vn 0.5645 -0.1929 0.8025
vn 0.3261 0.2289 0.9172
vn -0.3599 0.7808 -0.5107
vn -0.2261 0.6932 0.6844
vn 0.0776 -0.3237 -0.9430
vn -0.6099 0.1299 -0.7818
vn 0.4894 0.0818 0.8682
vn 0.0942 0.5567 0.8254
vn 0.3361 -0.5378 -0.7732
vn -0.8293 0.4490 0.3328
vn -0.2264 -0.0113 -0.9740
vn -0.4084 0.5117 0.7559
vn 0.3625 -0.9138 0.1833
vn -0.9525 0.1525 -0.2637
vn -0.9540 0.2976 0.0364
vn 0.1002 -0.2372 -0.9663
vn 0.4748 -0.7855 -0.3969
vn -0.4723 0.0811 -0.8777
vn -0.1169 0.5257 0.8426
vn 0.0719 0.5203 0.8509
vn -0.5506 0.4667 0.6922
vn 0.6549 -0.2730 0.7047
vn 0.5975 0.8003 0.0502
vn -0.9626 0.1998 -0.1829
vn 0.6801 -0.5577 0.4758
vn -0.9691 0.2081 0.1327
vn 0.5846 0.1471 0.7979
vn 0.4916 -0.8707 -0.0134
vn -0.8034 0.1323 -0.5806
vn -0.7618 0.2687 0.5895
vn 0.5275 -0.6191 -0.5818
vn 0.1973 0.4231 0.8844
vn 0.6410 -0.7358 0.2185
vn -0.9910 0.1157 -0.0669
vn 0.2584 -0.3587 -0.8970
vn 0.5295 -0.7094 -0.4651
vn -0.8432 0.0306 -0.5367
vn -0.1317 0.4228 0.8966
vn -0.9279 0.1855 0.3235
vn 0.1618 0.4435 0.8815
vn 0.4742 0.4503 -0.7565
vn -0.9848 0.1734 -0.0114
vn -0.9345 0.1021 -0.3411
vn -0.0851 -0.0193 -0.9962
vn 0.2664 0.4305 0.8624
vn 0.7639 -0.3841 0.5186
vn 0.6822 -0.1279 0.7199
vn -0.6820 0.2346 0.6927
vn -0.4223 0.0424 -0.9055
vn -0.6017 0.0479 -0.7973
vn 0.7968 -0.5606 0.2257
vn -0.8623 0.2124 0.4597
vn -0.4284 0.3268 0.8424
vn -0.8169 0.1336 -0.5611
vn -0.9524 0.2854 0.1067
vn 0.7380 -0.6600 -0.1403
vn 0.7484 -0.5318 -0.3963
vn -0.4216 0.0602 -0.9048
vn -0.6856 0.2533 0.6825
vn -0.6519 0.2968 0.6978
vn -0.0571 0.2928 0.9545
vn 0.8313 -0.4630 0.3074
vn 0.6555 -0.1036 0.7480
vn -0.3302 0.0986 -0.9387
vn -0.1019 0.3579 0.9282
vn -0.8004 0.4218 0.4261
vn -0.2520 0.3055 0.9183
vn -0.9260 0.3652 -0.0962
vn -0.6765 0.2422 -0.6954
vn 0.7107 -0.5209 -0.4729
vn -0.0972 0.0317 -0.9948
vn -0.2148 0.3020 0.9288
vn 0.0118 0.0103 -0.9999
vn 0.1741 0.4034 0.8983
vn 0.8304 -0.2759 0.4840
vn 0.4577 0.4676 0.7562
vn 0.2464 0.0224 -0.9689
vn 0.4747 -0.2445 -0.8455
vn 0.2822 0.0856 -0.9555
vn 0.8772 -0.3772 -0.2969
vn 0.2827 -0.1772 -0.9427
vn 0.0372 0.2745 0.9609
vn 0.6065 -0.4672 -0.6434
vn 0.7400 -0.5329 -0.4103
vn 0.2863 0.3438 0.8943
vn 0.3317 0.0268 -0.9430
vn -0.8117 0.5536 0.1864
vn -0.4478 0.2810 0.8488
vn -0.1095 0.2438 0.9636
vn 0.8457 0.3938 -0.3602
vn 0.0286 0.0519 -0.9982
vn 0.1327 0.2833 0.9498
vn 0.7814 0.3242 0.5331
vn 0.8996 -0.4286 0.0835
vn 0.4169 0.0169 -0.9088
vn 0.8418 -0.2377 0.4847
vn 0.3768 0.2519 0.8914
vn 0.9308 0.1752 0.3208
vn -0.7295 0.3972 -0.5568
vn 0.7576 -0.2904 0.5845
vn 0.7571 -0.2890 0.5859
vn 0.2090 -0.9035 0.3742
vn -0.0046 -0.9997 0.0242
vn 0.8122 -0.5492 -0.1969
vn -0.2728 0.1160 -0.9551
vn -0.5233 0.5114 0.6816
vn 0.9032 -0.2700 0.3336
vn 0.5254 0.2806 0.8033
vn 0.7881 0.0407 0.6142
vn 0.6070 0.0570 -0.7926
vn 0.5529 0.2203 0.8036
vn 0.2998 0.5282 -0.7945
vn 0.4281 0.1977 0.8818
vn 0.3678 0.1271 0.9212
vn 0.6413 -0.2236 -0.7340
vn 0.7474 -0.3454 -0.5675
vn 0.2776 -0.0484 -0.9595
vn 0.9229 -0.3739 0.0919
vn 0.8539 -0.5146 0.0772
vn 0.6659 -0.0359 -0.7452
vn 0.6654 -0.4254 -0.6133
vn 0.7603 0.0533 -0.6474
vn 0.5832 0.2835 0.7612
vn 0.2111 -0.3177 0.9244
vn 0.4185 -0.2040 -0.8850
vn 0.5147 0.2446 0.8217
vn 0.8565 -0.0027 -0.5162
vn 0.7616 0.0227 -0.6476
vn 0.8995 0.1984 0.3892
vn -0.8341 0.4912 -0.2509
vn 0.6725 0.2467 0.6977
vn 0.1626 -0.8913 -0.4234
vn 0.6820 0.0298 -0.7307
vn 0.8900 0.0817 0.4487
vn 0.5471 0.0433 -0.8359
vn 0.4704 0.5682 -0.6751
vn -0.4731 0.3809 -0.7944
vn 0.7354 0.0592 0.6750
vn 0.8662 0.2624 0.4251
vn 0.5230 0.2876 0.8024
vn 0.9311 0.0409 -0.3624
vn 0.2403 0.1223 0.9630
vn 0.9367 -0.3126 -0.1579
vn -0.0343 -0.9053 0.4233
vn 0.9979 0.0265 -0.0584
vn 0.9260 -0.3598 0.1141
vn -0.5980 0.6404 0.4819
vn 0.9027 -0.0993 0.4187
vn 0.9047 0.1111 -0.4113
vn 0.9915 -0.0164 -0.1294
vn 0.8774 0.0796 -0.4731
vn 0.7822 0.2181 0.5836
vn 0.5914 -0.0081 -0.8063
vn -0.0565 0.5306 0.8458
vn 0.9802 0.0716 -0.1846
vn 0.9750 0.1571 -0.1568
vn 0.9249 -0.2948 -0.2400
vn 0.8662 0.0982 0.4900
vn 0.9260 0.1934 0.3242
vn 0.8869 -0.1472 0.4378
vn 0.8233 -0.2275 -0.5200
vn 0.8342 0.1717 0.5241
vn 0.9152 -0.1463 0.3754
vn 0.7378 -0.0527 -0.6729
vn 0.8214 0.1586 0.5478
vn 0.9779 -0.1129 0.1759
vn 0.9780 0.1219 -0.1691
vn 0.9325 -0.0384 0.3592
vn 0.9846 0.1585 0.0739
vn 0.5726 -0.8130 -0.1059
vn 0.8891 0.0117 -0.4575
vn 0.9305 0.0701 -0.3596
vn 0.7420 0.1210 0.6594
vn 0.3561 -0.2028 -0.9122
vn 0.9576 -0.1925 -0.2145
vn 0.9320 0.1750 0.3173
vn 0.8357 -0.2243 -0.5013
vn 0.9364 -0.0083 -0.3508
vn 0.9633 0.2547 0.0850
vn -0.2909 -0.9282 0.2320
vn -0.4095 0.8715 -0.2697
vn 0.9926 -0.0528 0.1093
vn 0.9899 0.0918 -0.1084
vn 0.9770 0.0248 -0.2117
vn 0.6617 0.7158 -0.2231
vn 0.6788 -0.6175 0.3975
vn 0.9663 -0.0045 0.2574
vn 0.9946 0.0047 0.1033
vn 0.7278 0.4634 -0.5056
vn 0.9621 0.0249 0.2715
vn -0.2960 0.9433 -0.1504
vt 0.930994 0.340244
vt 0.930069 0.342192
vt 0.925841 0.334875
vt 0.353009 0.916984
vt 0.358660 0.914136
vt 0.360040 0.915153
vt 0.403399 0.747091
vt 0.416747 0.732960
vt 0.420744 0.738932
vt 0.794847 0.455477
vt 0.806108 0.458175
vt 0.793635 0.457793
vt 0.806706 0.456737
vt 0.847181 0.830778
vt 0.854435 0.833788
vt 0.838739 0.851977
vt 0.404714 0.752443
vt 0.398888 0.737125
vt 0.830503 0.845728
vt 0.354198 0.912308
vt 0.387272 0.905157
vt 0.390763 0.756631
vt 0.388547 0.749080
vt 0.421932 0.747840
vt 0.843886 0.822058
vt 0.844781 0.820275
vt 0.826757 0.841984
vt 0.410920 0.721640
vt 0.396072 0.733262
vt 0.407565 0.756792
vt 0.393403 0.761524
vt 0.380944 0.910265
vt 0.377924 0.757205
vt 0.385236 0.896995
vt 0.385299 0.744126
vt 0.395746 0.764039
vt 0.864258 0.842661
vt 0.380209 0.762630
vt 0.842841 0.815296
vt 0.661479 0.066615
vt 0.668095 0.059259
vt 0.662790 0.073661
vt 0.826083 0.830116
vt 0.402907 0.759578
vt 0.240812 0.428456
vt 0.241906 0.420169
vt 0.244863 0.429701
vt 0.004001 0.230013
vt 0.003165 0.239576
vt 0.003034 0.225248
vt 0.250158 0.924145
vt 0.243864 0.922357
vt 0.249720 0.922559
vt 0.254947 0.924209
vt 0.996573 0.784561
vt 0.997397 0.789232
vt 0.996580 0.792826
vt 0.390524 0.763197
vt 0.825236 0.853618
vt 0.823796 0.853343
vt 0.390948 0.881418
vt 0.819622 0.849106
vt 0.991324 0.024008
vt 0.990083 0.031046
vt 0.990394 0.018702
vt 0.839096 0.454345
vt 0.838086 0.458734
vt 0.416268 0.758650
vt 0.252255 0.938104
vt 0.245536 0.936198
vt 0.241251 0.441880
vt 0.822765 0.837828
vt 0.244320 0.864277
vt 0.240116 0.859278
vt 0.246271 0.863444
vt 0.368598 0.745631
vt 0.248909 0.962568
vt 0.244003 0.951013
vt 0.251172 0.950146
vt 0.409778 0.763459
vt 0.406368 0.714902
vt 0.397811 0.914463
vt 0.402410 0.913230
vt 0.259151 0.927514
vt 0.826006 0.459864
vt 0.390043 0.725662
vt 0.922961 0.323578
vt 0.417845 0.923135
vt 0.416470 0.924612
vt 0.842304 0.856605
vt 0.999945 0.609944
vt 0.998326 0.615983
vt 0.998045 0.607132
vt 0.255916 0.937033
vt 0.850014 0.806712
vt 0.930888 0.294565
vt 0.921856 0.296409
vt 0.928184 0.282009
vt 0.380281 0.767200
vt 0.219929 0.867205
vt 0.229432 0.850274
vt 0.379475 0.736382
vt 0.851061 0.438951
vt 0.851378 0.432402
vt 0.837325 0.814298
vt 0.999259 0.606940
vt 0.998228 0.601093
vt 0.999147 0.598085
vt 0.662713 0.053692
vt 0.669339 0.043054
vt 0.928795 0.319237
vt 0.920262 0.281928
vt 0.927651 0.308262
vt 0.256187 0.866697
vt 0.270824 0.845941
vt 0.014774 0.961962
vt 0.035980 0.961962
vt 0.033174 0.969696
vt 0.800987 0.840134
vt 0.113976 0.902634
vt 0.112530 0.917937
vt 0.109313 0.902053
vt 0.255319 0.845564
vt 0.124515 0.928960
vt 0.118745 0.933344
vt 0.865076 0.408584
vt 0.865159 0.414503
vt 0.842579 0.808569
vt 0.277000 0.860515
vt 0.827925 0.821574
vt 0.280156 0.865777
vt 0.246302 0.441552
vt 0.135991 0.937972
vt 0.132354 0.940819
vt 0.921208 0.310485
vt 0.363436 0.741893
vt 0.351773 0.745728
vt 0.245459 0.843124
vt 0.107261 0.920574
vt 0.845167 0.478387
vt 0.375206 0.731209
vt 0.657943 0.038200
vt 0.674119 0.039592
vt 0.673663 0.043737
vt 0.851375 0.479855
vt 0.804821 0.827251
vt 0.834570 0.039676
vt 0.838729 0.038706
vt 0.845120 0.041087
vt 0.263896 0.838851
vt 0.280036 0.851362
vt 0.384882 0.719343
vt 0.017873 0.568937
vt 0.007595 0.574261
vt 0.008446 0.568937
vt 0.841362 0.032275
vt 0.335403 0.749248
vt 0.322289 0.750043
vt 0.333051 0.746710
vt 0.838382 0.059130
vt 0.246566 0.452684
vt 0.241021 0.453543
vt 0.821981 0.989283
vt 0.803377 0.992454
vt 0.808588 0.989283
vt 0.209793 0.848726
vt 0.225910 0.843811
vt 0.234882 0.840968
vt 0.345858 0.743523
vt 0.304382 0.978489
vt 0.295180 0.984680
vt 0.298799 0.981111
vt 0.023058 0.574781
vt 0.102048 0.925825
vt 0.090614 0.921301
vt 0.864671 0.507496
vt 0.855505 0.502846
vt 0.832152 0.025219
vt 0.841644 0.026478
vt 0.096174 0.927221
vt 0.109669 0.013549
vt 0.110639 0.006649
vt 0.113447 0.003537
vt 0.779517 0.006146
vt 0.786007 0.007058
vt 0.789830 0.009934
vt 0.692308 0.029857
vt 0.400935 0.708497
vt 0.220820 0.839643
vt 0.006206 0.190299
vt 0.006206 0.172514
vt 0.012890 0.178604
vt 0.011922 0.963637
vt 0.010225 0.973262
vt 0.010189 0.956889
vt 0.003028 0.269888
vt 0.005515 0.264554
vt 0.005210 0.278662
vt 0.688088 0.033931
vt 0.842796 0.060923
vt 0.073054 0.928719
vt 0.990090 0.973262
vt 0.990090 0.956889
vt 0.992322 0.968257
vt 0.112517 0.937996
vt 0.124738 0.942212
vt 0.794541 0.832817
vt 0.792798 0.841198
vt 0.348015 0.997352
vt 0.334803 0.997352
vt 0.329372 0.996618
vt 0.282019 0.988109
vt 0.277868 0.989943
vt 0.263970 0.992394
vt 0.260664 0.834021
vt 0.269201 0.833367
vt 0.307309 0.164124
vt 0.289039 0.145350
vt 0.311309 0.151815
vt 0.795607 0.988954
vt 0.357602 0.738011
vt 0.794921 0.827184
vt 0.006059 0.921252
vt 0.008011 0.926614
vt 0.006971 0.938045
vt 0.252716 0.829172
vt 0.792350 0.824403
vt 0.304694 0.982821
vt 0.320837 0.983696
vt 0.341425 0.741601
vt 0.796549 0.991628
vt 0.292311 0.993800
vt 0.834834 0.054155
vt 0.006656 0.524938
vt 0.006656 0.509735
vt 0.019977 0.518212
vt 0.001578 0.917309
vt 0.004452 0.923472
vt 0.002076 0.929927
vt 0.746263 0.934661
vt 0.751766 0.937095
vt 0.739752 0.943445
vt 0.366975 0.725751
vt 0.831654 0.065727
vt 0.323800 0.171300
vt 0.296938 0.132116
vt 0.749884 0.947200
vt 0.381043 0.715976
vt 0.393593 0.704961
vt 0.023915 0.020137
vt 0.024888 0.023905
vt 0.020360 0.030341
vt 0.333602 0.868735
vt 0.335454 0.890560
vt 0.328380 0.888650
vt 0.249055 0.463926
vt 0.241920 0.463990
vt 0.783984 0.830721
vt 0.787301 0.836259
vt 0.090814 0.930126
vt 0.062892 0.011271
vt 0.072405 0.009593
vt 0.077812 0.011512
vt 0.353000 0.735787
vt 0.321183 0.886814
vt 0.024049 0.030642
vt 0.027918 0.029443
vt 0.028005 0.023620
vt 0.292966 0.968587
vt 0.785503 0.828305
vt 0.753838 0.923341
vt 0.747593 0.928365
vt 0.827060 0.036773
vt 0.316227 0.136404
vt 0.023830 0.043092
vt 0.020236 0.044184
vt 0.324120 0.976042
vt 0.998835 0.828464
vt 0.998189 0.821084
vt 0.999298 0.820280
vt 0.334004 0.142494
vt 0.105253 0.943173
vt 0.249642 0.477160
vt 0.314708 0.969651
vt 0.320873 0.122818
vt 0.002974 0.210151
vt 0.002974 0.224523
vt 0.001046 0.217468
vt 0.304860 0.971935
vt 0.027171 0.043446
vt 0.240533 0.477369
vt 0.000007 0.013524
vt 0.000007 0.008084
vt 0.000998 0.010983
vt 0.381173 0.712263
vt 0.000512 0.220206
vt 0.002503 0.227636
vt 0.001088 0.234567
vt 0.825280 0.064381
vt 0.283725 0.870395
vt 0.280705 0.885708
vt 0.276104 0.868383
vt 0.236547 0.492288
vt 0.239654 0.506854
vt 0.235283 0.506817
vt 0.981006 0.097406
vt 0.986118 0.095545
vt 0.985929 0.111704
vt 0.247500 0.491625
vt 0.327958 0.868930
vt 0.247068 0.826988
vt 0.981748 0.350259
vt 0.983776 0.349521
vt 0.982980 0.365277
vt 0.981468 0.112466
vt 0.126116 0.014102
vt 0.126116 0.028109
vt 0.118607 0.016127
vt 0.817545 0.061815
vt 0.995830 0.473526
vt 0.995830 0.483760
vt 0.994622 0.483114
vt 0.982503 0.128538
vt 0.984258 0.121801
vt 0.983799 0.334360
vt 0.980523 0.334201
vt 0.762486 0.939731
vt 0.307744 0.968917
vt 0.285454 0.868829
vt 0.390933 0.698127
vt 0.987336 0.127874
vt 0.238382 0.821740
vt 0.318311 0.869761
vt 0.766562 0.926355
vt 0.005480 0.475296
vt 0.000550 0.480226
vt 0.000979 0.466507
vt 0.692918 0.011079
vt 0.698371 0.012539
vt 0.686554 0.012537
vt 0.005511 0.635369
vt 0.005511 0.648550
vt 0.004036 0.640914
vt 0.249163 0.505292
vt 0.316312 0.118236
vt 0.326879 0.129227
vt 0.755929 0.917624
vt 0.985469 0.133210
vt 0.981630 0.323668
vt 0.720222 0.001539
vt 0.723049 0.006434
vt 0.720167 0.008511
vt 0.015908 0.440879
vt 0.014049 0.439320
vt 0.027092 0.441220
vt 0.247772 0.518524
vt 0.018477 0.601107
vt 0.018477 0.616481
vt 0.011674 0.615770
vt 0.316998 0.930404
vt 0.298024 0.935320
vt 0.300093 0.929002
vt 0.982351 0.139128
vt 0.298446 0.889281
vt 0.294916 0.893380
vt 0.293608 0.887732
vt 0.291306 0.885614
vt 0.342097 0.161277
vt 0.313002 0.884988
vt 0.289627 0.870627
vt 0.300086 0.923097
vt 0.014592 0.014850
vt 0.010151 0.012286
vt 0.025527 0.012756
vt 0.316645 0.923004
vt 0.295858 0.884631
vt 0.979959 0.493181
vt 0.992403 0.502223
vt 0.989271 0.504809
vt 0.012104 0.442087
vt 0.672942 0.015468
vt 0.660387 0.013255
vt 0.681825 0.012672
vt 0.302127 0.886975
vt 0.339148 0.150256
vt 0.312662 0.916238
vt 0.994665 0.494881
vt 0.994665 0.484516
vt 0.996290 0.491159
vt 0.288640 0.112890
vt 0.304536 0.887011
vt 0.304662 0.891859
vt 0.992094 0.367142
vt 0.990434 0.345760
vt 0.993895 0.366301
vt 0.320746 0.868077
vt 0.286844 0.868726
vt 0.292921 0.871042
vt 0.303350 0.105219
vt 0.353548 0.125515
vt 0.348865 0.134506
vt 0.330373 0.124915
vt 0.990024 0.378361
vt 0.322919 0.120270
vt 0.327556 0.115241
vt 0.237344 0.223418
vt 0.226082 0.210285
vt 0.248443 0.209577
vt 0.155818 0.020419
vt 0.155818 0.008224
vt 0.157248 0.015772
vt 0.210452 0.241064
vt 0.205951 0.242124
vt 0.212136 0.213448
vt 0.819041 0.062963
vt 0.014281 0.756303
vt 0.014281 0.737933
vt 0.015870 0.762569
vt 0.368045 0.138966
vt 0.357763 0.143519
vt 0.300321 0.872256
vt 0.307235 0.869560
vt 0.199856 0.231609
vt 0.028556 0.430234
vt 0.023929 0.438391
vt 0.012112 0.438391
vt 0.319722 0.928327
vt 0.309921 0.096741
vt 0.313673 0.939406
vt 0.811669 0.055785
vt 0.319440 0.867927
vt 0.814593 0.037884
vt 0.804533 0.053524
vt 0.807028 0.033972
vt 0.033616 0.439112
vt 0.225944 0.213468
vt 0.321001 0.917296
vt 0.001364 0.291481
vt 0.001364 0.305504
vt 0.000143 0.296187
vt 0.294769 0.096804
vt 0.012983 0.505240
vt 0.006556 0.506373
vt 0.016020 0.504183
vt 0.004853 0.350837
vt 0.004853 0.364741
vt 0.003690 0.358237
vt 0.791777 0.029882
vt 0.792257 0.031952
vt 0.784359 0.026854
vt 0.802515 0.034920
vt 0.216564 0.210548
vt 0.306144 0.868914
vt 0.774732 0.939604
vt 0.816206 0.068249
vt 0.343164 0.103419
vt 0.321429 0.933674
vt 0.022087 0.506872
vt 0.797313 0.051341
vt 0.328167 0.927980
vt 0.367579 0.122900
vt 0.779000 0.045288
vt 0.350493 0.107604
vt 0.218308 0.191562
vt 0.782538 0.925584
vt 0.197626 0.220376
vt 0.319428 0.938894
vt 0.791027 0.048832
vt 0.787856 0.049877
vt 0.325142 0.905309
vt 0.335191 0.916798
vt 0.341310 0.089060
vt 0.226030 0.181142
vt 0.307500 0.080897
vt 0.200597 0.912708
vt 0.194750 0.916303
vt 0.199220 0.907222
vt 0.191911 0.904144
vt 0.020760 0.733677
vt 0.032160 0.742594
vt 0.023094 0.742388
vt 0.034948 0.724244
vt 0.364802 0.107112
vt 0.288173 0.015745
vt 0.295244 0.027991
vt 0.288452 0.032999
vt 0.241210 0.189109
vt 0.035522 0.749626
vt 0.019311 0.030529
vt 0.015321 0.023617
vt 0.019855 0.014697
vt 0.737902 0.998000
vt 0.729323 0.998305
vt 0.729323 0.994660
vt 0.375417 0.006966
vt 0.380923 0.000368
vt 0.381367 0.006966
vt 0.376088 0.000070
vt 0.022986 0.746635
vt 0.001073 0.435689
vt 0.004455 0.446064
vt 0.001073 0.444707
vt 0.789896 0.931776
vt 0.788208 0.944362
vt 0.240479 0.025297
vt 0.246219 0.015204
vt 0.246519 0.022856
vt 0.205152 0.214861
vt 0.034219 0.542651
vt 0.031940 0.550421
vt 0.029471 0.547940
vt 0.239411 0.030022
vt 0.768574 0.004196
vt 0.771011 0.000714
vt 0.771125 0.007326
vt 0.036038 0.544789
vt 0.740526 0.994951
vt 0.003672 0.432328
vt 0.000140 0.654086
vt 0.000140 0.640889
vt 0.002373 0.650470
vt 0.519680 0.797907
vt 0.524821 0.794425
vt 0.539328 0.819387
vt 0.352452 0.091027
vt 0.231731 0.364831
vt 0.229522 0.351252
vt 0.236569 0.347505
vt 0.237099 0.366973
vt 0.543502 0.814800
vt 0.240229 0.356404
vt 0.340922 0.939519
vt 0.333275 0.935211
vt 0.190044 0.919758
vt 0.244399 0.029545
vt 0.224174 0.373106
vt 0.995571 0.052768
vt 0.998399 0.051449
vt 0.998201 0.059104
vt 0.203295 0.207181
vt 0.198934 0.198089
vt 0.228655 0.340573
vt 0.997207 0.859293
vt 0.997207 0.851260
vt 0.999275 0.854728
vt 0.232271 0.376630
vt 0.074407 0.105705
vt 0.070442 0.102246
vt 0.082170 0.100834
vt 0.082469 0.109322
vt 0.246036 0.334207
vt 0.257878 0.373968
vt 0.263202 0.391765
vt 0.236715 0.371413
vt 0.337798 0.912270
vt 0.044497 0.541274
vt 0.041128 0.549085
vt 0.628049 0.008544
vt 0.631640 0.011557
vt 0.620119 0.011175
vt 0.993797 0.034635
vt 0.991630 0.028680
vt 0.993629 0.018631
vt 0.999944 0.656089
vt 0.997544 0.649495
vt 0.999883 0.647429
vt 0.067815 0.020789
vt 0.053978 0.056454
vt 0.055366 0.029317
vt 0.033941 0.593915
vt 0.023984 0.600310
vt 0.028605 0.591603
vt 0.031305 0.599506
vt 0.520542 0.780970
vt 0.342494 0.928251
vt 0.086677 0.099671
vt 0.006614 0.507765
vt 0.022029 0.507765
vt 0.017203 0.510828
vt 0.070996 0.123515
vt 0.089939 0.145697
vt 0.074420 0.129766
vt 0.004144 0.223841
vt 0.005404 0.216696
vt 0.005245 0.231043
vt 0.388835 0.122946
vt 0.653343 0.007410
vt 0.658643 0.005269
vt 0.663742 0.010309
vt 0.006697 0.044184
vt 0.006697 0.028178
vt 0.008378 0.034567
vt 0.020848 0.595075
vt 0.022840 0.557099
vt 0.033153 0.556304
vt 0.055839 0.206640
vt 0.041623 0.203050
vt 0.057074 0.195724
vt 0.053951 0.180629
vt 0.060579 0.188883
vt 0.038788 0.187562
vt 0.184997 0.918711
vt 0.016967 0.549328
vt 0.011793 0.541939
vt 0.025692 0.549518
vt 0.276190 0.027115
vt 0.284716 0.023773
vt 0.283929 0.028468
vt 0.221679 0.336750
vt 0.113981 0.109625
vt 0.997077 0.674651
vt 0.997077 0.666053
vt 0.998902 0.667082
vt 0.029172 0.584468
vt 0.053029 0.209935
vt 0.059774 0.211336
vt 0.060382 0.215351
vt 0.994983 0.025604
vt 0.994983 0.018115
vt 0.997479 0.021440
vt 0.267996 0.029166
vt 0.272082 0.022186
vt 0.042707 0.206577
vt 0.218365 0.180194
vt 0.113150 0.014836
vt 0.109648 0.017475
vt 0.113970 0.006143
vt 0.199538 0.925535
vt 0.040925 0.001120
vt 0.048408 0.001120
vt 0.048522 0.009432
vt 0.019161 0.588373
vt 0.996726 0.773991
vt 0.999371 0.778572
vt 0.996609 0.782291
vt 0.052221 0.215018
vt 0.999368 0.191814
vt 0.995869 0.192951
vt 0.995607 0.183934
vt 0.078712 0.479243
vt 0.086397 0.451419
vt 0.111498 0.456195
vt 0.207971 0.937344
vt 0.201956 0.951600
vt 0.193679 0.938595
vt 0.029349 0.560530
vt 0.084834 0.496440
vt 0.106984 0.476875
vt 0.990545 0.095414
vt 0.993878 0.089641
vt 0.990934 0.103690
vt 0.032931 0.542392
vt 0.990912 0.535316
vt 0.985175 0.543937
vt 0.986350 0.536120
vt 0.197970 0.192151
vt 0.139426 0.009595
vt 0.140474 0.007780
vt 0.139899 0.019858
vt 0.014531 0.600457
vt 0.012676 0.596419
vt 0.993414 0.108349
vt 0.157411 0.010446
vt 0.157411 0.003122
vt 0.160680 0.006394
vt 0.999344 0.199139
vt 0.995012 0.199825
vt 0.999963 0.192638
vt 0.122108 0.003685
vt 0.119132 0.005847
vt 0.119098 0.000183
vt 0.261012 0.029572
vt 0.264562 0.024799
vt 0.238175 0.007750
vt 0.228659 0.010843
vt 0.228926 0.007799
vt 0.787300 0.964606
vt 0.781130 0.967667
vt 0.774232 0.952172
vt 0.508582 0.813774
vt 0.511928 0.803913
vt 0.785633 0.959621
vt 0.360556 0.086276
vt 0.040233 0.555242
vt 0.457775 0.988607
vt 0.450713 0.998328
vt 0.449260 0.995887
vt 0.217339 0.076674
vt 0.206832 0.064854
vt 0.221960 0.055331
vt 0.214354 0.939162
vt 0.245842 0.393999
vt 0.774249 0.957680
vt 0.270783 0.419562
vt 0.252759 0.400141
vt 0.325565 0.070859
vt 0.231558 0.064487
vt 0.043464 0.213273
vt 0.090783 0.494101
vt 0.013311 0.590210
vt 0.035183 0.561741
vt 0.007567 0.753709
vt 0.010021 0.748448
vt 0.009134 0.765622
vt 0.015381 0.460747
vt 0.011276 0.449036
vt 0.027567 0.443426
vt 0.035903 0.196564
vt 0.779830 0.973180
vt 0.005500 0.730017
vt 0.004137 0.735102
vt 0.002517 0.727117
vt 0.341302 0.914330
vt 0.498729 0.761303
vt 0.011285 0.596635
vt 0.014140 0.858003
vt 0.017411 0.861543
vt 0.013745 0.871617
vt 0.784655 0.974754
vt 0.982886 0.542927
vt 0.108199 0.092946
vt 0.789387 0.011157
vt 0.782861 0.011384
vt 0.778452 0.007208
vt 0.091345 0.087975
vt 0.211827 0.927055
vt 0.017168 0.854320
vt 0.990821 0.006899
vt 0.989079 0.004411
vt 0.990740 0.001644
vt 0.187963 0.084774
vt 0.194536 0.059702
vt 0.321032 0.068525
vt 0.243292 0.170862
vt 0.238768 0.177810
vt 0.010624 0.455180
vt 0.043067 0.183282
vt 0.189302 0.951441
vt 0.762660 0.956748
vt 0.764475 0.949869
vt 0.092327 0.080579
vt 0.013920 0.847981
vt 0.005524 0.722184
vt 0.005491 0.742302
vt 0.005491 0.755186
vt 0.003554 0.752846
vt 0.187537 0.054886
vt 0.899682 0.012002
vt 0.905779 0.009783
vt 0.911875 0.012328
vt 0.047642 0.030214
vt 0.003941 0.676247
vt 0.002089 0.678891
vt 0.002708 0.665832
vt 0.495403 0.801784
vt 0.101205 0.060333
vt 0.993548 0.768285
vt 0.993548 0.759353
vt 0.995899 0.762572
vt 0.940345 0.048861
vt 0.942581 0.023301
vt 0.941845 0.075191
vt 0.003082 0.523395
vt 0.000679 0.522694
vt 0.000679 0.513146
vt 0.983998 0.528845
vt 0.985971 0.529888
vt 0.214175 0.083367
vt 0.932272 0.038819
vt 0.038051 0.211314
vt 0.255543 0.417283
vt 0.337886 0.008394
vt 0.343203 0.004671
vt 0.348044 0.008336
vt 0.016034 0.441765
vt 0.000709 0.655985
vt 0.003312 0.651476
vt 0.003054 0.664604
vt 0.003843 0.509771
vt 0.460361 0.016481
vt 0.445806 0.013914
vt 0.465752 0.013168
vt 0.002318 0.377792
vt 0.005520 0.381000
vt 0.001515 0.383313
vt 0.503702 0.760462
vt 0.754911 0.955444
vt 0.002782 0.692446
vt 0.001706 0.680148
vt 0.003822 0.679414
vt 0.925544 0.036179
vt 0.464258 0.004150
vt 0.463245 0.009356
vt 0.458355 0.012433
vt 0.001616 0.369451
vt 0.005428 0.373138
vt 0.938214 0.061021
vt 0.211208 0.188472
vt 0.183921 0.938136
vt 0.339321 0.073565
vt 0.499244 0.283129
vt 0.515142 0.278121
vt 0.506718 0.283203
vt 0.311034 0.067574
vt 0.239857 0.163340
vt 0.254635 0.164542
vt 0.770053 0.011869
vt 0.775967 0.007729
vt 0.781705 0.011783
vt 0.997006 0.652462
vt 0.998472 0.655605
vt 0.997101 0.661106
vt 0.397840 0.146637
vt 0.408671 0.147094
vt 0.399868 0.150274
vt 0.976678 0.541592
vt 0.004849 0.968909
vt 0.004849 0.981343
vt 0.002186 0.975411
vt 0.409619 0.150933
vt 0.412755 0.151107
vt 0.411714 0.153229
vt 0.407964 0.154402
vt 0.038718 0.057603
vt 0.346257 0.905205
vt 0.509641 0.292427
vt 0.896615 0.024316
vt 0.997024 0.727857
vt 0.999961 0.726162
vt 0.999490 0.734642
vt 0.008897 0.898288
vt 0.006179 0.908431
vt 0.006533 0.891569
vt 0.195602 0.099903
vt 0.004431 0.217503
vt 0.003254 0.204046
vt 0.005289 0.203100
vt 0.234437 0.166759
vt 0.888315 0.955695
vt 0.842338 0.955695
vt 0.867622 0.954356
vt 0.297329 0.061363
vt 0.391762 0.103675
vt 0.397604 0.134799
vt 0.394799 0.143308
vt 0.503118 0.278385
vt 0.986058 0.566130
vt 0.984687 0.556452
vt 0.990690 0.561530
vt 0.188254 0.927510
vt 0.976425 0.552517
vt 0.376478 0.093298
vt 0.200437 0.006075
vt 0.200987 0.016561
vt 0.197506 0.006052
vt 0.909756 0.042108
vt 0.518868 0.290024
vt 0.079532 0.487040
vt 0.018882 0.220949
vt 0.029092 0.223985
vt 0.026252 0.229944
vt 0.505018 0.271030
vt 0.500995 0.253046
vt 0.990089 0.796343
vt 0.990243 0.771025
vt 0.991869 0.789703
vt 0.213372 0.099392
vt 0.180386 0.951424
vt 0.219658 0.178812
vt 0.271560 0.932249
vt 0.261929 0.935941
vt 0.262245 0.925750
vt 0.275942 0.925590
vt 0.270722 0.918254
vt 0.284922 0.920267
vt 0.265855 0.921646
vt 0.088218 0.997464
vt 0.076465 0.997479
vt 0.079471 0.995922
vt 0.520844 0.281671
vt 0.275098 0.914235
vt 0.492090 0.790701
vt 0.022321 0.214150
vt 0.363170 0.082132
vt 0.285381 0.923539
vt 0.418320 0.149693
vt 0.955195 0.260458
vt 0.954189 0.302307
vt 0.944805 0.304821
vt 0.039110 0.038042
vt 0.273675 0.929011
vt 0.981782 0.564976
vt 0.379491 0.125142
vt 0.416655 0.132920
vt 0.028699 0.216387
vt 0.513107 0.244759
vt 0.996710 0.122638
vt 0.999082 0.116122
vt 0.999269 0.124079
vt 0.079151 0.466492
vt 0.172078 0.941055
vt 0.000917 0.728126
vt 0.000088 0.737601
vt 0.000311 0.724711
vt 0.286588 0.914065
vt 0.278262 0.928187
vt 0.726674 0.007144
vt 0.730984 0.007673
vt 0.720272 0.010947
vt 0.076282 0.468059
vt 0.722608 0.008216
vt 0.224878 0.167217
vt 0.003236 0.041001
vt 0.004944 0.031317
vt 0.005307 0.046070
vt 0.040199 0.031244
vt 0.095590 0.895185
vt 0.084402 0.902963
vt 0.068078 0.897021
vt 0.078258 0.894931
vt 0.415510 0.156683
vt 0.040156 0.022943
vt 0.207566 0.123270
vt 0.214367 0.111349
vt 0.219231 0.124074
vt 0.095927 0.917401
vt 0.113883 0.894225
vt 0.038300 0.009620
vt 0.052050 0.010823
vt 0.036392 0.011485
vt 0.353998 0.077810
vt 0.099917 0.995486
vt 0.254825 0.916501
vt 0.036050 0.830792
vt 0.038663 0.845610
vt 0.027752 0.832366
vt 0.037172 0.820811
vt 0.194116 0.929298
vt 0.013208 0.213774
vt 0.985459 0.448064
vt 0.978817 0.472851
vt 0.986372 0.433209
vt 0.187357 0.008371
vt 0.175056 0.017512
vt 0.177220 0.008371
vt 0.022643 0.847049
vt 0.011109 0.218901
vt 0.572204 0.899533
vt 0.546387 0.910810
vt 0.544981 0.906618
vt 0.068999 0.893152
vt 0.945225 0.249450
vt 0.996977 0.898436
vt 0.994990 0.899449
vt 0.997472 0.892009
vt 0.278186 0.911430
vt 0.997592 0.784972
vt 0.999896 0.780031
vt 0.999801 0.788311
vt 0.022736 0.837599
vt 0.569884 0.911047
vt 0.994890 0.603084
vt 0.996438 0.611865
vt 0.994517 0.612996
vt 0.992825 0.761529
vt 0.070914 0.471021
vt 0.461559 0.938639
vt 0.463153 0.936494
vt 0.466738 0.933577
vt 0.226054 0.133162
vt 0.862309 0.046203
vt 0.847927 0.029168
vt 0.859243 0.020787
vt 0.555146 0.292027
vt 0.347202 0.914550
vt 0.014092 0.561221
vt 0.018478 0.567723
vt 0.006648 0.558407
vt 0.117928 0.010793
vt 0.117084 0.020441
vt 0.116243 0.008202
vt 0.289720 0.915495
vt 0.179199 0.924029
vt 0.007061 0.302193
vt 0.009522 0.293006
vt 0.009228 0.311014
vt 0.023846 0.832678
vt 0.084243 0.921054
vt 0.093101 0.916659
vt 0.095399 0.918454
vt 0.033889 0.818780
vt 0.924792 0.634166
vt 0.924307 0.619610
vt 0.930303 0.597234
vt 0.158385 0.930181
vt 0.167305 0.927203
vt 0.162380 0.934426
vt 0.548278 0.897656
vt 0.973230 0.296506
vt 0.972786 0.301586
vt 0.968053 0.295147
vt 0.977950 0.431672
vt 0.975059 0.282607
vt 0.216766 0.162082
vt 0.215005 0.160980
vt 0.204278 0.934681
vt 0.057976 0.896151
vt 0.246575 0.915518
vt 0.241436 0.910793
vt 0.965188 0.308929
vt 0.002874 0.094919
vt 0.001308 0.100763
vt 0.001147 0.086172
vt 0.469551 0.937127
vt 0.471806 0.923609
vt 0.498339 0.938977
vt 0.246328 0.919698
vt 0.964196 0.301454
vt 0.174954 0.006608
vt 0.008633 0.783697
vt 0.006093 0.776717
vt 0.008983 0.766554
vt 0.439479 0.148299
vt 0.430904 0.166227
vt 0.196035 0.128030
vt 0.935066 0.628297
vt 0.438438 0.141000
vt 0.080499 0.914898
vt 0.078963 0.506659
vt 0.953128 0.177622
vt 0.955247 0.191367
vt 0.946163 0.161886
vt 0.275009 0.636831
vt 0.269141 0.653938
vt 0.271965 0.640242
vt 0.546363 0.889492
vt 0.003759 0.138205
vt 0.000527 0.147086
vt 0.001613 0.139298
vt 0.005001 0.133316
vt 0.488514 0.948551
vt 0.491044 0.940471
vt 0.503974 0.940471
vt 0.268309 0.621352
vt 0.221231 0.446521
vt 0.207603 0.458792
vt 0.198980 0.434487
vt 0.460957 0.933029
vt 0.487314 0.787806
vt 0.012176 0.638925
vt 0.020616 0.642478
vt 0.015297 0.645051
vt 0.221069 0.164824
vt 0.022228 0.647720
vt 0.632358 0.794678
vt 0.636515 0.788965
vt 0.637375 0.798898
vt 0.248365 0.675442
vt 0.262444 0.668416
vt 0.248920 0.679166
vt 0.469908 0.922721
vt 0.504370 0.973809
vt 0.502269 0.980234
vt 0.497708 0.976244
vt 0.485644 0.773202
vt 0.485864 0.759508
vt 0.633761 0.807909
vt 0.653371 0.942021
vt 0.650617 0.930854
vt 0.653632 0.935033
vt 0.991508 0.756420
vt 0.283506 0.644850
vt 0.518257 0.975547
vt 0.996514 0.752709
vt 0.996514 0.744276
vt 0.997456 0.747035
vt 0.985697 0.390964
vt 0.985697 0.432152
vt 0.984655 0.402046
vt 0.174844 0.939072
vt 0.749382 0.007513
vt 0.749382 0.000527
vt 0.753131 0.001798
vt 0.207350 0.429574
vt 0.216461 0.434777
vt 0.834481 0.011404
vt 0.823810 0.007937
vt 0.826712 0.007189
vt 0.651209 0.941902
vt 0.640835 0.787393
vt 0.255996 0.661363
vt 0.517133 0.625948
vt 0.520766 0.628997
vt 0.513446 0.628807
vt 0.246411 0.014335
vt 0.241864 0.006047
vt 0.242698 0.003755
vt 0.641433 0.793442
vt 0.163996 0.933827
vt 0.508407 0.984905
vt 0.074660 0.522450
vt 0.221012 0.935354
vt 0.909075 0.163174
vt 0.916868 0.166045
vt 0.879419 0.039594
vt 0.644322 0.941229
vt 0.924381 0.005375
vt 0.922352 0.012947
vt 0.922392 0.003134
vt 0.556738 0.264416
vt 0.287259 0.648073
vt 0.273512 0.628280
vt 0.267674 0.616982
vt 0.926825 0.592589
vt 0.954951 0.313580
vt 0.644396 0.787649
vt 0.928471 0.188539
vt 0.920885 0.174555
vt 0.261712 0.631058
vt 0.071733 0.907608
vt 0.531375 0.625144
vt 0.840944 0.130841
vt 0.861066 0.193066
vt 0.858189 0.225943
vt 0.520382 0.979585
vt 0.071290 0.002084
vt 0.071290 0.008972
vt 0.069413 0.006915
vt 0.015995 0.627154
vt 0.465028 0.906848
vt 0.935492 0.617649
vt 0.098228 0.978596
vt 0.115458 0.983213
vt 0.082531 0.981944
vt 0.497954 0.957510
vt 0.565626 0.262775
vt 0.271101 0.616814
vt 0.013653 0.734309
vt 0.017000 0.730320
vt 0.016519 0.739120
vt 0.659283 0.916654
vt 0.655717 0.932888
vt 0.032477 0.768638
vt 0.033663 0.774513
vt 0.027475 0.776888
vt 0.502078 0.625968
vt 0.051511 0.611162
vt 0.051511 0.644114
vt 0.032408 0.620039
vt 0.318092 0.637962
vt 0.339158 0.642830
vt 0.309782 0.641704
vt 0.964713 0.314393
vt 0.636697 0.924169
vt 0.035959 0.771738
vt 0.444710 0.994933
vt 0.414586 0.994933
vt 0.419893 0.986474
vt 0.014266 0.725898
vt 0.218890 0.418745
vt 0.444953 0.176068
vt 0.443710 0.186052
vt 0.468042 0.200486
vt 0.462707 0.188462
vt 0.465097 0.187894
vt 0.170497 0.934273
vt 0.503923 0.959299
vt 0.028355 0.780924
vt 0.027852 0.763241
vt 0.345831 0.004659
vt 0.346884 0.001215
vt 0.348641 0.007328
vt 0.272563 0.658262
vt 0.446544 0.007955
vt 0.444411 0.006165
vt 0.446530 0.001091
vt 0.650463 0.918022
vt 0.534188 0.880590
vt 0.554801 0.878902
vt 0.008923 0.792463
vt 0.008923 0.809547
vt 0.007158 0.802914
vt 0.884005 0.030787
vt 0.887880 0.031882
vt 0.551253 0.625110
vt 0.883586 0.053159
vt 0.872465 0.058456
vt 0.208749 0.984471
vt 0.234969 0.984471
vt 0.222223 0.985378
vt 0.987834 0.243101
vt 0.980508 0.242718
vt 0.980508 0.227442
vt 0.458535 0.177920
vt 0.300377 0.638057
vt 0.305491 0.646091
vt 0.464339 0.178662
vt 0.467414 0.186068
vt 0.885413 0.005980
vt 0.879914 0.005980
vt 0.884233 0.000051
vt 0.460686 0.176356
vt 0.583682 0.888142
vt 0.016959 0.714649
vt 0.079075 0.906923
vt 0.089290 0.912351
vt 0.288625 0.655733
vt 0.282595 0.685963
vt 0.305996 0.736148
vt 0.259727 0.689499
vt 0.975702 0.326439
vt 0.309020 0.648375
vt 0.029030 0.628512
vt 0.887287 0.039185
vt 0.034105 0.778363
vt 0.017509 0.762403
vt 0.634236 0.772461
vt 0.448441 0.171134
vt 0.707226 0.031873
vt 0.740672 0.055292
vt 0.678993 0.057072
vt 0.018364 0.194581
vt 0.010921 0.204974
vt 0.010887 0.200635
vt 0.033801 0.763834
vt 0.456120 0.167619
vt 0.255333 0.735759
vt 0.214985 0.148831
vt 0.689445 0.040682
vt 0.832955 0.994926
vt 0.807186 0.992671
vt 0.833518 0.991506
vt 0.029902 0.783069
vt 0.246578 0.004449
vt 0.519771 0.964935
vt 0.640851 0.917296
vt 0.007767 0.205419
vt 0.029679 0.762104
vt 0.674403 0.047454
vt 0.162595 0.937302
vt 0.277688 0.663813
vt 0.842221 0.219675
vt 0.465782 0.171601
vt 0.986400 0.234359
vt 0.647213 0.768363
vt 0.022006 0.782322
vt 0.075836 0.509919
vt 0.074670 0.515120
vt 0.071993 0.514686
vt 0.934721 0.944962
vt 0.924523 0.954536
vt 0.919169 0.946890
vt 0.022752 0.784221
vt 0.647185 0.783016
vt 0.461119 0.891676
vt 0.194281 0.937203
vt 0.890473 0.050282
vt 0.855371 0.789285
vt 0.841441 0.798206
vt 0.835347 0.789819
vt 0.941249 0.950238
vt 0.470257 0.309744
vt 0.474568 0.289193
vt 0.486348 0.256828
vt 0.503789 0.948582
vt 0.849511 0.779737
vt 0.948694 0.951845
vt 0.285485 0.670031
vt 0.553639 0.620730
vt 0.567732 0.625854
vt 0.562039 0.620250
vt 0.587548 0.626891
vt 0.009950 0.716230
vt 0.006654 0.728530
vt 0.006081 0.711168
vt 0.461323 0.163299
vt 0.579457 0.265503
vt 0.623539 0.016989
vt 0.602592 0.016989
vt 0.619705 0.014670
vt 0.935033 0.584661
vt 0.027735 0.754975
vt 0.154762 0.165432
vt 0.153948 0.122819
vt 0.178381 0.131700
vt 0.868694 0.778303
vt 0.014260 0.778750
vt 0.922944 0.483722
vt 0.919485 0.509357
vt 0.914427 0.509357
vt 0.531084 0.946617
vt 0.010000 0.726567
vt 0.196092 0.145617
vt 0.885007 0.078592
vt 0.869272 0.058298
vt 0.197545 0.441633
vt 0.049525 0.909205
vt 0.049325 0.896031
vt 0.064328 0.905448
vt 0.241171 0.866641
vt 0.226743 0.869728
vt 0.233831 0.863525
vt 0.059694 0.899059
vt 0.018453 0.828843
vt 0.018453 0.852564
vt 0.013708 0.845553
vt 0.215612 0.725076
vt 0.869308 0.772893
vt 0.888448 0.012041
vt 0.890650 0.007557
vt 0.898365 0.012011
vt 0.212760 0.388930
vt 0.223817 0.409939
vt 0.608447 0.723776
vt 0.677799 0.693496
vt 0.652036 0.729128
vt 0.900497 0.007792
vt 0.503214 0.952281
vt 0.602948 0.625963
vt 0.309719 0.660118
vt 0.986491 0.223961
vt 0.631983 0.761830
vt 0.582363 0.290328
vt 0.893279 0.045013
vt 0.184810 0.936671
vt 0.013789 0.766075
vt 0.341168 0.164311
vt 0.345981 0.159288
vt 0.367132 0.161138
vt 0.516769 0.954023
vt 0.194837 0.433198
vt 0.022304 0.758360
vt 0.002039 0.915570
vt 0.004516 0.908765
vt 0.004996 0.921386
vt 0.639224 0.905624
vt 0.587145 0.898879
vt 0.955308 0.948655
vt 0.229737 0.403096
vt 0.997408 0.044344
vt 0.998261 0.048357
vt 0.995206 0.051635
vt 0.477079 0.162274
vt 0.343092 0.650443
vt 0.575319 0.820281
vt 0.628650 0.851071
vt 0.565128 0.848755
vt 0.916071 0.491499
vt 0.247806 0.880271
vt 0.138863 0.984035
vt 0.146205 0.992785
vt 0.123085 0.992849
vt 0.639973 0.756301
vt 0.703921 0.714598
vt 0.012734 0.175656
vt 0.009149 0.173624
vt 0.009149 0.165829
vt 0.004299 0.949333
vt 0.001782 0.956249
vt 0.001228 0.943751
vt 0.231886 0.990368
vt 0.248110 0.989584
vt 0.237161 0.992828
vt 0.355757 0.155930
vt 0.987878 0.557503
vt 0.984493 0.547085
vt 0.992392 0.559644
vt 0.012961 0.158012
vt 0.936229 0.647817
vt 0.938957 0.640323
vt 0.935893 0.660403
vt 0.335549 0.178278
vt 0.374081 0.176365
vt 0.369171 0.209633
vt 0.913307 0.565466
vt 0.921094 0.590453
vt 0.914870 0.583332
vt 0.921484 0.565609
vt 0.588928 0.885916
vt 0.319666 0.652500
vt 0.185974 0.399222
vt 0.248604 0.992792
vt 0.209634 0.997420
vt 0.203021 0.995860
vt 0.209470 0.995545
vt 0.470580 0.157942
vt 0.499259 0.931020
vt 0.504058 0.929810
vt 0.335336 0.215083
vt 0.337121 0.192456
vt 0.474022 0.141781
vt 0.464337 0.148320
vt 0.930155 0.202871
vt 0.224617 0.995918
vt 0.335648 0.223491
vt 0.368340 0.238276
vt 0.338836 0.264674
vt 0.465731 0.247839
vt 0.468782 0.230537
vt 0.475471 0.250572
vt 0.999806 0.695470
vt 0.996545 0.689821
vt 0.999938 0.686942
vt 0.593633 0.012995
vt 0.593633 0.003086
vt 0.595814 0.006560
vt 0.467421 0.343345
vt 0.987579 0.545381
vt 0.020622 0.468734
vt 0.025842 0.468452
vt 0.024210 0.471246
vt 0.014710 0.470828
vt 0.915834 0.470883
vt 0.320968 0.654397
vt 0.874313 0.764341
vt 0.619351 0.711268
vt 0.010366 0.062196
vt 0.006216 0.067142
vt 0.007065 0.050446
vt 0.046983 0.382918
vt 0.051559 0.373555
vt 0.052157 0.385744
vt 0.050116 0.574644
vt 0.037264 0.567596
vt 0.050116 0.563864
vt 0.914914 0.460109
vt 0.652100 0.663653
vt 0.606129 0.679582
vt 0.592813 0.001159
vt 0.592813 0.007887
vt 0.590102 0.004687
vt 0.643091 0.008752
vt 0.654355 0.012479
vt 0.642732 0.012857
vt 0.999836 0.736005
vt 0.996725 0.742675
vt 0.996647 0.734209
vt 0.647708 0.757030
vt 0.965253 0.954137
vt 0.036286 0.365609
vt 0.037164 0.359511
vt 0.042408 0.364476
vt 0.191015 0.423527
vt 0.426601 0.034362
vt 0.412795 0.044962
vt 0.420002 0.033785
vt 0.454466 0.227904
vt 0.461081 0.209696
vt 0.654755 0.008977
vt 0.677379 0.662329
vt 0.210442 0.159098
vt 0.893296 0.780917
vt 0.914347 0.603943
vt 0.943948 0.124541
vt 0.951179 0.098041
vt 0.955047 0.122584
vt 0.931999 0.288907
vt 0.926292 0.273228
vt 0.928956 0.230691
vt 0.030516 0.470034
vt 0.646937 0.899721
vt 0.981966 0.200115
vt 0.987084 0.212925
vt 0.877219 0.916077
vt 0.894051 0.906921
vt 0.911815 0.918021
vt 0.913237 0.446910
vt 0.919840 0.446421
vt 0.590393 0.264644
vt 0.605364 0.283446
vt 0.448927 0.859918
vt 0.459791 0.914453
vt 0.448927 0.871207
vt 0.931167 0.412289
vt 0.935165 0.457986
vt 0.932086 0.473138
vt 0.947450 0.069931
vt 0.464867 0.267064
vt 0.415354 0.050637
vt 0.044959 0.372789
vt 0.997393 0.074590
vt 0.995069 0.076218
vt 0.995072 0.068506
vt 0.041005 0.361216
vt 0.888428 0.055879
vt 0.880435 0.768681
vt 0.035814 0.574059
vt 0.237141 0.398437
vt 0.529914 0.938887
vt 0.460621 0.864665
vt 0.602753 0.817875
vt 0.633722 0.748398
vt 0.623071 0.750004
vt 0.386642 0.634200
vt 0.346773 0.623517
vt 0.390916 0.627856
vt 0.889088 0.079716
vt 0.918243 0.618665
vt 0.482559 0.156449
vt 0.637535 0.894663
vt 0.913783 0.614741
vt 0.945228 0.071330
vt 0.369170 0.218814
vt 0.947485 0.209133
vt 0.612812 0.739480
vt 0.620250 0.738514
vt 0.316384 0.985448
vt 0.334983 0.987075
vt 0.307228 0.987417
vt 0.963221 0.993795
vt 0.960734 0.995949
vt 0.957337 0.989821
vt 0.040861 0.580330
vt 0.942122 0.656896
vt 0.944583 0.640341
vt 0.947226 0.642872
vt 0.945484 0.660671
vt 0.944835 0.670941
vt 0.941796 0.690815
vt 0.941718 0.670986
vt 0.286000 0.380535
vt 0.280485 0.401118
vt 0.287857 0.322269
vt 0.989991 0.308063
vt 0.991415 0.324339
vt 0.990302 0.339174
vt 0.175243 0.291368
vt 0.207191 0.253159
vt 0.224114 0.288807
vt 0.930717 0.572869
vt 0.942499 0.642243
vt 0.726442 0.987774
vt 0.698684 0.987774
vt 0.716842 0.985592
vt 0.259571 0.992598
vt 0.945124 0.689310
vt 0.049003 0.365905
vt 0.569654 0.008634
vt 0.578818 0.011969
vt 0.566911 0.011835
vt 0.577871 0.009294
vt 0.001069 0.396310
vt 0.001328 0.384037
vt 0.004961 0.387966
vt 0.612091 0.728774
vt 0.430977 0.041119
vt 0.003493 0.397872
vt 0.374227 0.190460
vt 0.952357 0.987970
vt 0.120629 0.988050
vt 0.446153 0.219379
vt 0.476187 0.335367
vt 0.385769 0.209848
vt 0.489656 0.158019
vt 0.045743 0.355965
vt 0.617109 0.731359
vt 0.488670 0.143037
vt 0.627529 0.741401
vt 0.253610 0.868593
vt 0.446178 0.041608
vt 0.912687 0.628001
vt 0.609521 0.266748
vt 0.483756 0.162210
vt 0.280623 0.350390
vt 0.270826 0.354958
vt 0.282250 0.325633
vt 0.827686 0.619582
vt 0.856234 0.531719
vt 0.854364 0.620542
vt 0.395508 0.692902
vt 0.406517 0.681960
vt 0.429351 0.679962
vt 0.187939 0.412584
vt 0.545588 0.929292
vt 0.544521 0.939191
vt 0.539219 0.939990
vt 0.605372 0.863336
vt 0.605372 0.916563
vt 0.588598 0.888951
vt 0.910480 0.906623
vt 0.768974 0.752488
vt 0.771065 0.747308
vt 0.782299 0.749289
vt 0.260197 0.989764
vt 0.253359 0.986116
vt 0.260707 0.986873
vt 0.250465 0.989181
vt 0.462243 0.286497
vt 0.478181 0.275862
vt 0.929183 0.501513
vt 0.934501 0.535104
vt 0.925567 0.522022
vt 0.271382 0.986280
vt 0.278178 0.987831
vt 0.268528 0.989620
vt 0.005373 0.182149
vt 0.002700 0.187883
vt 0.001539 0.178745
vt 0.005496 0.173424
vt 0.985742 0.015670
vt 0.977372 0.016402
vt 0.987302 0.013246
vt 0.159273 0.309392
vt 0.136187 0.306084
vt 0.926109 0.901702
vt 0.006278 0.068986
vt 0.010305 0.077623
vt 0.006463 0.085788
vt 0.891625 0.645650
vt 0.892795 0.663078
vt 0.889648 0.646572
vt 0.591027 0.797801
vt 0.433103 0.248041
vt 0.971492 0.013337
vt 0.020675 0.500445
vt 0.014086 0.498047
vt 0.029632 0.498295
vt 0.036596 0.594930
vt 0.272504 0.888131
vt 0.248085 0.885755
vt 0.440164 0.049559
vt 0.006657 0.265734
vt 0.006657 0.247834
vt 0.009926 0.264108
vt 0.178012 0.250838
vt 0.870373 0.894260
vt 0.554594 0.800792
vt 0.551358 0.816748
vt 0.183314 0.223130
vt 0.170759 0.226494
vt 0.201346 0.215612
vt 0.493812 0.153061
vt 0.532276 0.937568
vt 0.494988 0.134234
vt 0.433016 0.225670
vt 0.928268 0.212988
vt 0.502921 0.151054
vt 0.224351 0.378827
vt 0.866016 0.015391
vt 0.854286 0.012248
vt 0.877372 0.013184
vt 0.900597 0.884237
vt 0.658015 0.992193
vt 0.679256 0.994051
vt 0.649890 0.994741
vt 0.914786 0.375579
vt 0.919307 0.372413
vt 0.919887 0.383806
vt 0.890347 0.821088
vt 0.874623 0.843197
vt 0.296486 0.535918
vt 0.299313 0.549360
vt 0.282938 0.550792
vt 0.539168 0.918889
vt 0.548564 0.930140
vt 0.940255 0.665238
vt 0.190068 0.206297
vt 0.319003 0.820701
vt 0.309034 0.843281
vt 0.299005 0.846540
vt 0.654085 0.959274
vt 0.654085 0.980596
vt 0.633965 0.966321
vt 0.490422 0.690132
vt 0.276050 0.876671
vt 0.620959 0.252665
vt 0.640957 0.267859
vt 0.932834 0.517937
vt 0.951921 0.577010
vt 0.951174 0.601377
vt 0.946637 0.583307
vt 0.594236 0.876322
vt 0.567980 0.880377
vt 0.586541 0.862994
vt 0.448113 0.953252
vt 0.442263 0.955616
vt 0.447886 0.947250
vt 0.996526 0.712547
vt 0.996788 0.704035
vt 0.997477 0.708996
vt 0.022807 0.893507
vt 0.038235 0.895635
vt 0.030624 0.910390
vt 0.279034 0.849517
vt 0.792972 0.750130
vt 0.442260 0.941686
vt 0.438451 0.286260
vt 0.306928 0.850813
vt 0.295046 0.860784
vt 0.306699 0.848068
vt 0.916425 0.879314
vt 0.918876 0.361715
vt 0.607226 0.724620
vt 0.631658 0.728928
vt 0.567166 0.724885
vt 0.631054 0.775060
vt 0.924795 0.500504
vt 0.393864 0.636666
vt 0.370306 0.633917
vt 0.536398 0.916658
vt 0.766736 0.988765
vt 0.759568 0.993784
vt 0.738792 0.988628
vt 0.924634 0.759156
vt 0.933469 0.735947
vt 0.936981 0.735071
vt 0.192676 0.990475
vt 0.193222 0.993483
vt 0.187913 0.993948
vt 0.205146 0.742196
vt 0.221546 0.746506
vt 0.223934 0.765660
vt 0.181902 0.226286
vt 0.801130 0.750664
vt 0.815568 0.697893
vt 0.720613 0.697893
vt 0.793620 0.695072
vt 0.264196 0.377863
vt 0.261972 0.356447
vt 0.145666 0.229779
vt 0.293644 0.823374
vt 0.449600 0.934660
vt 0.932172 0.509585
vt 0.179475 0.993391
vt 0.197120 0.367134
vt 0.219187 0.366334
vt 0.516260 0.932765
vt 0.520201 0.928557
vt 0.312361 0.841891
vt 0.111762 0.097531
vt 0.164620 0.108848
vt 0.127075 0.144659
vt 0.279659 0.387667
vt 0.625374 0.980276
vt 0.619282 0.952443
vt 0.135093 0.027158
vt 0.140003 0.028474
vt 0.131889 0.032594
vt 0.840789 0.964508
vt 0.831305 0.972963
vt 0.822432 0.973739
vt 0.285654 0.426977
vt 0.792579 0.339665
vt 0.807268 0.318687
vt 0.804921 0.349230
vt 0.140321 0.033542
vt 0.256917 0.568004
vt 0.261629 0.548238
vt 0.280865 0.533179
vt 0.210593 0.712224
vt 0.043358 0.895537
vt 0.048550 0.909278
vt 0.952135 0.566101
vt 0.153377 0.211854
vt 0.523548 0.922677
vt 0.839778 0.955836
vt 0.843592 0.959196
vt 0.824510 0.956665
vt 0.929451 0.474953
vt 0.456916 0.039669
vt 0.925784 0.634719
vt 0.931869 0.661901
vt 0.315622 0.838089
vt 0.262122 0.617547
vt 0.238735 0.611182
vt 0.273690 0.574762
vt 0.560378 0.862839
vt 0.569948 0.723651
vt 0.449465 0.923042
vt 0.435272 0.918994
vt 0.442176 0.902730
vt 0.918579 0.353545
vt 0.444239 0.930894
vt 0.125982 0.979816
vt 0.120208 0.972618
vt 0.126149 0.972779
vt 0.454867 0.927478
vt 0.824127 0.964197
vt 0.119260 0.982690
vt 0.062311 0.979011
vt 0.062713 0.981290
vt 0.030755 0.979589
vt 0.169084 0.221547
vt 0.009023 0.836705
vt 0.009988 0.840733
vt 0.007202 0.842683
vt 0.007744 0.125440
vt 0.007744 0.114945
vt 0.011034 0.127956
vt 0.134597 0.977329
vt 0.128657 0.970417
vt 0.130726 0.972344
vt 0.120683 0.970388
vt 0.127045 0.971247
vt 0.596465 0.948906
vt 0.575508 0.952601
vt 0.551776 0.950229
vt 0.167079 0.990562
vt 0.028477 0.397664
vt 0.020295 0.400021
vt 0.025485 0.393588
vt 0.834074 0.328137
vt 0.769776 0.051870
vt 0.739996 0.049035
vt 0.755865 0.026774
vt 0.932040 0.504577
vt 0.833379 0.757734
vt 0.481677 0.047833
vt 0.983780 0.387517
vt 0.983780 0.429066
vt 0.982049 0.406848
vt 0.653595 0.984240
vt 0.450510 0.924792
vt 0.388717 0.993863
vt 0.359022 0.993863
vt 0.386630 0.988046
vt 0.873429 0.872326
vt 0.529671 0.947942
vt 0.521323 0.952197
vt 0.519572 0.948441
vt 0.344780 0.841372
vt 0.442824 0.930215
vt 0.988360 0.243829
vt 0.988360 0.285820
vt 0.986012 0.264241
vt 0.015932 0.394735
vt 0.287181 0.820999
vt 0.492117 0.950902
vt 0.135565 0.967881
vt 0.008546 0.847466
vt 0.281799 0.891823
vt 0.019972 0.402928
vt 0.016922 0.402809
vt 0.436243 0.927424
vt 0.518611 0.924489
vt 0.516340 0.929887
vt 0.455618 0.919403
vt 0.814364 0.975155
vt 0.030652 0.389740
vt 0.272711 0.826658
vt 0.007098 0.849209
vt 0.945855 0.549377
vt 0.043382 0.914787
vt 0.108226 0.971918
vt 0.912412 0.989488
vt 0.912412 0.995939
vt 0.911206 0.993463
vt 0.816237 0.750969
vt 0.518814 0.921699
vt 0.997282 0.881691
vt 0.994678 0.883877
vt 0.994751 0.875922
vt 0.330365 0.985561
vt 0.358580 0.985561
vt 0.343388 0.986801
vt 0.011854 0.110737
vt 0.361857 0.847317
vt 0.359835 0.861779
vt 0.909856 0.676854
vt 0.647474 0.016415
vt 0.638418 0.015759
vt 0.642577 0.015552
vt 0.112362 0.981249
vt 0.530496 0.954067
vt 0.643900 0.013759
vt 0.718079 0.033010
vt 0.922701 0.017059
vt 0.924720 0.009158
vt 0.925905 0.012126
vt 0.798919 0.459423
vt 0.797209 0.492040
vt 0.770967 0.469439
vt 0.035790 0.762856
vt 0.038080 0.736685
vt 0.037966 0.773366
vt 0.000926 0.017029
vt 0.000065 0.014974
vt 0.003159 0.012726
vt 0.051817 0.915873
vt 0.057731 0.921261
vt 0.053000 0.948091
vt 0.029001 0.910411
vt 0.028119 0.914349
vt 0.025668 0.913183
vt 0.052633 0.494324
vt 0.056541 0.466592
vt 0.059206 0.469794
vt 0.007446 0.397902
vt 0.006122 0.405414
vt 0.006295 0.387551
vt 0.007020 0.013318
vt 0.157955 0.032438
vt 0.458630 0.920203
vt 0.057166 0.908191
vt 0.012852 0.398084
vt 0.031101 0.591414
vt 0.030439 0.583034
vt 0.036149 0.591820
vt 0.018557 0.384721
vt 0.649348 0.014234
vt 0.769243 0.189116
vt 0.797385 0.191931
vt 0.780923 0.197918
vt 0.933113 0.481018
vt 0.811441 0.974405
vt 0.011228 0.009625
vt 0.026963 0.009625
vt 0.026648 0.011983
vt 0.005744 0.016542
vt 0.464235 0.307482
vt 0.432874 0.308796
vt 0.917701 0.338461
vt 0.622239 0.984222
vt 0.199250 0.718674
vt 0.999454 0.707671
vt 0.950879 0.090208
vt 0.953644 0.038938
vt 0.955150 0.074269
vt 0.044675 0.825902
vt 0.047375 0.810096
vt 0.048078 0.823046
vt 0.281616 0.892255
vt 0.940606 0.690833
vt 0.308568 0.814746
vt 0.313565 0.815644
vt 0.994706 0.525918
vt 0.994706 0.515288
vt 0.995747 0.521311
vt 0.823342 0.948346
vt 0.869120 0.948346
vt 0.842900 0.951151
vt 0.038566 0.583967
vt 0.042877 0.810406
vt 0.237887 0.549661
vt 0.028493 0.577310
vt 0.027364 0.583727
vt 0.405149 0.628431
vt 0.000491 0.022481
vt 0.009256 0.853748
vt 0.108901 0.967534
vt 0.651483 0.016089
vt 0.915529 0.321722
vt 0.459247 0.917249
vt 0.647097 0.574540
vt 0.620576 0.567962
vt 0.631320 0.555737
vt 0.034040 0.913941
vt 0.193287 0.099042
vt 0.185515 0.122002
vt 0.552648 0.046181
vt 0.530354 0.038241
vt 0.544164 0.040241
vt 0.833113 0.750652
vt 0.989970 0.651671
vt 0.989970 0.612651
vt 0.991437 0.635044
vt 0.158673 0.223676
vt 0.058349 0.437950
vt 0.522943 0.916697
vt 0.164994 0.607168
vt 0.154446 0.556285
vt 0.171424 0.570702
vt 0.954763 0.718794
vt 0.940162 0.717729
vt 0.807664 0.969351
vt 0.236773 0.579703
vt 0.332663 0.000072
vt 0.327571 0.001436
vt 0.323619 0.000219
vt 0.282899 0.816349
vt 0.005824 0.011586
vt 0.484641 0.380358
vt 0.976510 0.569501
vt 0.979771 0.599630
vt 0.977154 0.600850
vt 0.705601 0.028580
vt 0.716957 0.036690
vt 0.023597 0.379869
vt 0.012645 0.015871
vt 0.725783 0.043134
vt 0.154730 0.024360
vt 0.494891 0.358100
vt 0.500814 0.355801
vt 0.485438 0.380880
vt 0.267726 0.402633
vt 0.744686 0.963530
vt 0.731716 0.952957
vt 0.744686 0.952903
vt 0.095938 0.969154
vt 0.086499 0.965531
vt 0.098717 0.953459
vt 0.544757 0.875835
vt 0.021233 0.576841
vt 0.654694 0.013307
vt 0.033403 0.180915
vt 0.034979 0.181193
vt 0.032861 0.215065
vt 0.006918 0.027610
vt 0.003856 0.026737
vt 0.035372 0.578022
vt 0.156853 0.610093
vt 0.032737 0.916086
vt 0.030313 0.915543
vt 0.742742 0.008093
vt 0.743058 0.003578
vt 0.748715 0.012000
vt 0.012061 0.401183
vt 0.103775 0.957259
vt 0.555076 0.040816
vt 0.808305 0.953991
vt 0.458195 0.915579
vt 0.047608 0.846688
vt 0.615094 0.578361
vt 0.044809 0.840592
vt 0.445915 0.327490
vt 0.714128 0.962466
vt 0.009473 0.821116
vt 0.009211 0.832874
vt 0.006608 0.828987
vt 0.979539 0.584941
vt 0.739272 0.052383
vt 0.928052 0.006057
vt 0.745019 0.011545
vt 0.010413 0.018594
vt 0.417352 0.636511
vt 0.174295 0.017941
vt 0.173422 0.012992
vt 0.174316 0.006180
vt 0.330945 0.820244
vt 0.280912 0.809772
vt 0.655342 0.015157
vt 0.153018 0.223034
vt 0.649044 0.534350
vt 0.624046 0.521213
vt 0.651711 0.511702
vt 0.350429 0.823254
vt 0.222939 0.689701
vt 0.186237 0.702949
vt 0.453455 0.895587
vt 0.310333 0.808555
vt 0.136894 0.155998
vt 0.152427 0.168515
vt 0.136206 0.187845
vt 0.466840 0.002149
vt 0.464963 0.009216
vt 0.464932 0.003038
vt 0.657602 0.017021
vt 0.997789 0.091697
vt 0.995679 0.095352
vt 0.995882 0.087563
vt 0.993852 0.656429
vt 0.992361 0.682357
vt 0.990068 0.657443
vt 0.571186 0.040086
vt 0.260258 0.519137
vt 0.031218 0.921066
vt 0.931304 0.637846
vt 0.031210 0.887814
vt 0.042253 0.881584
vt 0.036591 0.887908
vt 0.708078 0.953610
vt 0.051850 0.420752
vt 0.092037 0.425284
vt 0.096100 0.430274
vt 0.093701 0.430903
vt 0.955123 0.088466
vt 0.012194 0.393110
vt 0.012361 0.383588
vt 0.092367 0.507379
vt 0.097573 0.491491
vt 0.100966 0.488592
vt 0.755603 0.059032
vt 0.467229 0.009409
vt 0.539656 0.897548
vt 0.101118 0.967058
vt 0.146785 0.004032
vt 0.153060 0.005252
vt 0.154722 0.010038
vt 0.203325 0.015076
vt 0.207056 0.029256
vt 0.194214 0.026328
vt 0.279734 0.402253
vt 0.525511 0.045489
vt 0.523437 0.041042
vt 0.532059 0.040156
vt 0.153241 0.181687
vt 0.152063 0.212507
vt 0.657651 0.012125
vt 0.220787 0.536580
vt 0.593713 0.574890
vt 0.034421 0.571034
vt 0.154212 0.011355
vt 0.153613 0.014435
vt 0.146291 0.009282
vt 0.015073 0.381397
vt 0.146312 0.005666
vt 0.266425 0.804027
vt 0.932075 0.637840
vt 0.934702 0.662919
vt 0.007242 0.838181
vt 0.022872 0.277840
vt 0.022767 0.272689
vt 0.029878 0.276905
vt 0.031494 0.567240
vt 0.158672 0.088900
vt 0.756441 0.061668
vt 0.097812 0.949011
vt 0.935477 0.636558
vt 0.935208 0.645221
vt 0.990292 0.515688
vt 0.980941 0.526523
vt 0.980470 0.524226
vt 0.000209 0.876691
vt 0.000209 0.864012
vt 0.004816 0.874259
vt 0.140236 0.446376
vt 0.130656 0.450237
vt 0.133045 0.446277
vt 0.555433 0.725080
vt 0.993902 0.518256
vt 0.838011 0.006392
vt 0.831838 0.006392
vt 0.837286 0.004161
vt 0.461332 0.327453
vt 0.505739 0.041551
vt 0.028554 0.566471
vt 0.781809 0.317604
vt 0.506579 0.044822
vt 0.590651 0.038638
vt 0.014473 0.022834
vt 0.182480 0.077975
vt 0.080205 0.003023
vt 0.080205 0.005520
vt 0.078087 0.003850
vt 0.028218 0.268974
vt 0.406435 0.624937
vt 0.437287 0.620118
vt 0.671594 0.877819
vt 0.696423 0.884472
vt 0.660344 0.881137
vt 0.724856 0.945531
vt 0.736005 0.946925
vt 0.730671 0.947647
vt 0.633273 0.546697
vt 0.997274 0.903331
vt 0.995691 0.902680
vt 0.997122 0.899610
vt 0.126269 0.449324
vt 0.130967 0.445716
vt 0.598290 0.039843
vt 0.101971 0.438063
vt 0.659572 0.013527
vt 0.184067 0.726337
vt 0.335961 0.815105
vt 0.519520 0.316819
vt 0.098341 0.948936
vt 0.019595 0.376971
vt 0.382367 0.943166
vt 0.376727 0.913773
vt 0.397245 0.915568
vt 0.111258 0.088753
vt 0.414000 0.011556
vt 0.411079 0.005941
vt 0.413435 0.007984
vt 0.047223 0.887875
vt 0.064064 0.949515
vt 0.015011 0.017167
vt 0.447197 0.629306
vt 0.912228 0.856853
vt 0.103737 0.494541
vt 0.669537 0.885094
vt 0.813812 0.303069
vt 0.805131 0.003759
vt 0.796996 0.010312
vt 0.795678 0.006830
vt 0.449508 0.879109
vt 0.097680 0.437597
vt 0.542443 0.892171
vt 0.182684 0.032889
vt 0.132966 0.458760
vt 0.124073 0.454216
vt 0.934331 0.473941
vt 0.405095 0.005027
vt 0.287601 0.054840
vt 0.268725 0.057206
vt 0.268657 0.054840
vt 0.627593 0.007400
vt 0.617131 0.008482
vt 0.622179 0.005744
vt 0.064783 0.005134
vt 0.062514 0.008936
vt 0.059036 0.005458
vt 0.996278 0.907425
vt 0.195303 0.591812
vt 0.142454 0.227604
vt 0.619934 0.009833
vt 0.146019 0.437476
vt 0.143997 0.448586
vt 0.265735 0.002086
vt 0.268224 0.007422
vt 0.265445 0.011482
vt 0.029942 0.254320
vt 0.030085 0.259122
vt 0.023607 0.260181
vt 0.260628 0.072936
vt 0.287745 0.056872
vt 0.805327 0.006245
vt 0.221365 0.611245
vt 0.351573 0.018969
vt 0.359788 0.029062
vt 0.350699 0.031458
vt 0.238843 0.002494
vt 0.241078 0.001681
vt 0.240989 0.008507
vt 0.177148 0.754713
vt 0.069105 0.008567
vt 0.720051 0.948141
vt 0.670984 0.520969
vt 0.466636 0.010067
vt 0.472229 0.010754
vt 0.466774 0.012546
vt 0.288128 0.075311
vt 0.485529 0.280052
vt 0.487295 0.277412
vt 0.533642 0.313693
vt 0.365255 0.833533
vt 0.744283 0.969207
vt 0.727685 0.967592
vt 0.346333 0.017766
vt 0.124294 0.449485
vt 0.196029 0.028080
vt 0.223903 0.562057
vt 0.282859 0.801975
vt 0.024212 0.254604
vt 0.007053 0.243676
vt 0.010033 0.237286
vt 0.009276 0.248350
vt 0.238822 0.008872
vt 0.910436 0.998462
vt 0.898107 0.994546
vt 0.900475 0.991488
vt 0.565812 0.032407
vt 0.564989 0.027738
vt 0.587820 0.029561
vt 0.888810 0.008968
vt 0.887572 0.004349
vt 0.888768 0.002088
vt 0.902252 0.997703
vt 0.761452 0.491218
vt 0.105212 0.446745
vt 0.194066 0.993026
vt 0.210576 0.990115
vt 0.221010 0.993805
vt 0.107695 0.478343
vt 0.245664 0.063501
vt 0.428466 0.001174
vt 0.428466 0.006866
vt 0.426307 0.001581
vt 0.909746 0.991500
vt 0.159758 0.844227
vt 0.154787 0.852597
vt 0.136798 0.861150
vt 0.045477 0.874023
vt 0.087895 0.008872
vt 0.083476 0.008563
vt 0.083462 0.003188
vt 0.957923 0.982610
vt 0.988766 0.982610
vt 0.957465 0.984727
vt 0.036154 0.692068
vt 0.032708 0.721500
vt 0.032696 0.703378
vt 0.934373 0.696437
vt 0.110267 0.448431
vt 0.019335 0.262231
vt 0.992591 0.643271
vt 0.460434 0.012464
vt 0.295789 0.067716
vt 0.118300 0.446920
vt 0.109649 0.451853
vt 0.167014 0.065220
vt 0.343384 0.040525
vt 0.656341 0.460545
vt 0.674178 0.499842
vt 0.675759 0.509419
vt 0.658413 0.884004
vt 0.646772 0.986948
vt 0.672163 0.986948
vt 0.643918 0.987926
vt 0.634029 0.408045
vt 0.860820 0.123640
vt 0.877116 0.118257
vt 0.878013 0.135370
vt 0.018156 0.267734
vt 0.136414 0.054336
vt 0.023645 0.696114
vt 0.049047 0.863851
vt 0.005132 0.188021
vt 0.005470 0.202431
vt 0.002127 0.188827
vt 0.819660 0.514937
vt 0.771867 0.515454
vt 0.001063 0.195077
vt 0.349992 0.944519
vt 0.685412 0.355908
vt 0.665577 0.375281
vt 0.952843 0.008295
vt 0.952843 0.002258
vt 0.954193 0.006123
vt 0.051202 0.878484
vt 0.009479 0.255176
vt 0.403169 0.622864
vt 0.986026 0.492281
vt 0.980089 0.492427
vt 0.976427 0.490312
vt 0.592441 0.558599
vt 0.225819 0.055055
vt 0.053834 0.599994
vt 0.054700 0.605459
vt 0.044754 0.603196
vt 0.389465 0.974962
vt 0.389465 0.956090
vt 0.392904 0.975271
vt 0.991915 0.489299
vt 0.980270 0.488981
vt 0.708157 0.968614
vt 0.714519 0.948187
vt 0.636400 0.403515
vt 0.213826 0.030150
vt 0.637120 0.419727
vt 0.035728 0.748165
vt 0.035728 0.712137
vt 0.037639 0.731598
vt 0.150935 0.126689
vt 0.519826 0.320057
vt 0.001976 0.200350
vt 0.294968 0.794156
vt 0.014685 0.809577
vt 0.018481 0.809396
vt 0.018481 0.828063
vt 0.016864 0.807680
vt 0.018096 0.804098
vt 0.212230 0.683549
vt 0.146310 0.988900
vt 0.142907 0.987108
vt 0.143565 0.985697
vt 0.178096 0.026186
vt 0.171154 0.024247
vt 0.273481 0.419593
vt 0.117924 0.583102
vt 0.113314 0.590580
vt 0.113892 0.583455
vt 0.472323 0.038933
vt 0.110786 0.604289
vt 0.394957 0.939302
vt 0.389598 0.949950
vt 0.757332 0.202815
vt 0.115958 0.458389
vt 0.785257 0.295625
vt 0.773741 0.015922
vt 0.751384 0.015922
vt 0.764941 0.012721
vt 0.113752 0.494892
vt 0.638433 0.554427
vt 0.622671 0.554164
vt 0.690629 0.945280
vt 0.595442 0.389359
vt 0.166475 0.622042
vt 0.538191 0.729113
vt 0.878604 0.147640
vt 0.622925 0.540487
vt 0.590180 0.529881
vt 0.604899 0.531882
vt 0.654399 0.546036
vt 0.114764 0.572948
vt 0.842731 0.128162
vt 0.854719 0.147678
vt 0.154858 0.818704
vt 0.165976 0.840851
vt 0.970738 0.231488
vt 0.959678 0.222823
vt 0.960272 0.216031
vt 0.998463 0.009100
vt 0.995044 0.012519
vt 0.995004 0.005068
vt 0.996363 0.985481
vt 0.996363 0.992910
vt 0.995094 0.989018
vt 0.969499 0.238835
vt 0.965220 0.232187
vt 0.999473 0.575893
vt 0.997674 0.580837
vt 0.997512 0.575219
vt 0.999325 0.571927
vt 0.659469 0.877391
vt 0.864635 0.597821
vt 0.860415 0.600775
vt 0.861637 0.580948
vt 0.989272 0.394913
vt 0.979573 0.378113
vt 0.988463 0.353328
vt 0.169165 0.743155
vt 0.113539 0.464200
vt 0.157565 0.983975
vt 0.180457 0.699965
vt 0.196862 0.002224
vt 0.192967 0.006399
vt 0.193132 0.001566
vt 0.855649 0.747291
vt 0.115960 0.557466
vt 0.855968 0.587857
vt 0.006632 0.965971
vt 0.009449 0.966609
vt 0.007229 0.972708
vt 0.376722 0.590571
vt 0.394270 0.605296
vt 0.369097 0.600712
vt 0.848235 0.470440
vt 0.842776 0.463294
vt 0.843224 0.456890
vt 0.965015 0.237192
vt 0.196982 0.008987
vt 0.252032 0.000174
vt 0.258233 0.001836
vt 0.249305 0.001669
vt 0.030225 0.605965
vt 0.048847 0.580467
vt 0.069450 0.247344
vt 0.079173 0.235914
vt 0.076797 0.245376
vt 0.531393 0.864248
vt 0.177026 0.856792
vt 0.957452 0.210575
vt 0.799516 0.987554
vt 0.802208 0.985559
vt 0.814964 0.987808
vt 0.184351 0.698533
vt 0.167638 0.679469
vt 0.486654 0.941321
vt 0.489245 0.958066
vt 0.485127 0.949980
vt 0.593281 0.033921
vt 0.329156 0.021311
vt 0.654337 0.953203
vt 0.667333 0.950912
vt 0.699432 0.953611
vt 0.006278 0.407348
vt 0.007793 0.404724
vt 0.007428 0.422411
vt 0.351902 0.918915
vt 0.152817 0.136305
vt 0.058649 0.142495
vt 0.054196 0.143244
vt 0.053412 0.134285
vt 0.034542 0.304679
vt 0.033308 0.336478
vt 0.031790 0.336130
vt 0.105964 0.497259
vt 0.689442 0.520609
vt 0.675603 0.543681
vt 0.714108 0.903116
vt 0.750236 0.903618
vt 0.733433 0.904806
vt 0.691594 0.898596
vt 0.735961 0.896701
vt 0.032484 0.303221
vt 0.066096 0.009562
vt 0.054935 0.010538
vt 0.050989 0.009571
vt 0.953885 0.203695
vt 0.058223 0.151214
vt 0.942580 0.388189
vt 0.937851 0.422553
vt 0.938491 0.411381
vt 0.120453 0.553773
vt 0.121881 0.069192
vt 0.068063 0.283312
vt 0.144745 0.454969
vt 0.191121 0.442611
vt 0.186157 0.433757
vt 0.186157 0.408598
vt 0.556685 0.373618
vt 0.752654 0.300426
vt 0.225891 0.519791
vt 0.025496 0.001752
vt 0.025496 0.004781
vt 0.022243 0.004513
vt 0.840026 0.523818
vt 0.804137 0.529860
vt 0.463921 0.040891
vt 0.985947 0.326490
vt 0.985947 0.284565
vt 0.988928 0.288665
vt 0.354264 0.968762
vt 0.317093 0.968762
vt 0.320570 0.966916
vt 0.176414 0.676551
vt 0.059151 0.105454
vt 0.758653 0.001633
vt 0.758653 0.007412
vt 0.756422 0.005029
vt 0.957993 0.243693
vt 0.117231 0.542698
vt 0.526649 0.364035
vt 0.274472 0.773096
vt 0.805284 0.952933
vt 0.805284 0.984755
vt 0.791199 0.953686
vt 0.038071 0.716490
vt 0.035798 0.708006
vt 0.038041 0.680495
vt 0.074335 0.265177
vt 0.118178 0.533870
vt 0.941833 0.981320
vt 0.941833 0.977474
vt 0.974750 0.981150
vt 0.189109 0.642207
vt 0.925448 0.217944
vt 0.919778 0.239105
vt 0.921007 0.210590
vt 0.117247 0.221684
vt 0.570954 0.566272
vt 0.964553 0.977531
vt 0.992447 0.261326
vt 0.992447 0.282732
vt 0.990651 0.258474
vt 0.325300 0.788610
vt 0.299603 0.808411
vt 0.308176 0.798900
vt 0.053969 0.100545
vt 0.688458 0.904244
vt 0.192233 0.464700
vt 0.187999 0.453625
vt 0.298676 0.782934
vt 0.339067 0.765193
vt 0.323785 0.787113
vt 0.989965 0.281043
vt 0.596140 0.771274
vt 0.576009 0.758228
vt 0.610883 0.775710
vt 0.073934 0.275874
vt 0.088195 0.932766
vt 0.074961 0.939351
vt 0.069205 0.939854
vt 0.600358 0.064473
vt 0.564838 0.071062
vt 0.548940 0.071062
vt 0.957917 0.224121
vt 0.078715 0.386719
vt 0.069367 0.376439
vt 0.076700 0.375291
vt 0.884938 0.743420
vt 0.893454 0.711638
vt 0.891642 0.777809
vt 0.805084 0.282863
vt 0.161928 0.694655
vt 0.632723 0.882025
vt 0.742337 0.207150
vt 0.803009 0.157286
vt 0.780737 0.115234
vt 0.830695 0.115234
vt 0.540934 0.316866
vt 0.831079 0.149443
vt 0.167428 0.742940
vt 0.172653 0.759731
vt 0.147928 0.762097
vt 0.829035 0.546352
vt 0.662577 0.557774
vt 0.058412 0.936848
vt 0.029696 0.311799
vt 0.031108 0.295657
vt 0.030137 0.327961
vt 0.824605 0.986361
vt 0.161170 0.795820
vt 0.179618 0.778595
vt 0.006867 0.982270
vt 0.157602 0.695547
vt 0.156468 0.728176
vt 0.485783 0.977272
vt 0.066736 0.934043
vt 0.860696 0.568700
vt 0.783277 0.277274
vt 0.770925 0.287801
vt 0.343204 0.562605
vt 0.188669 0.464309
vt 0.146154 0.458107
vt 0.552971 0.143742
vt 0.566284 0.154887
vt 0.536325 0.164109
vt 0.993376 0.786968
vt 0.990128 0.822212
vt 0.991139 0.799655
vt 0.880842 0.497031
vt 0.869613 0.500850
vt 0.993791 0.827102
vt 0.694372 0.947650
vt 0.705931 0.953110
vt 0.668541 0.949839
vt 0.713871 0.949403
vt 0.172323 0.804449
vt 0.140449 0.814346
vt 0.335173 0.757636
vt 0.954658 0.248566
vt 0.134269 0.533823
vt 0.074137 0.282429
vt 0.935309 0.386159
vt 0.534897 0.026669
vt 0.564701 0.031925
vt 0.496606 0.029548
vt 0.075018 0.350038
vt 0.920390 0.375090
vt 0.919227 0.315205
vt 0.930062 0.354348
vt 0.647157 0.571910
vt 0.742285 0.166978
vt 0.729237 0.180347
vt 0.558255 0.314951
vt 0.278432 0.631172
vt 0.293577 0.626399
vt 0.312644 0.626399
vt 0.930522 0.375749
vt 0.102894 0.942541
vt 0.074815 0.943615
vt 0.105205 0.062133
vt 0.188807 0.470865
vt 0.022316 0.285461
vt 0.027520 0.304884
vt 0.021223 0.310016
vt 0.354590 0.746362
vt 0.067495 0.344051
vt 0.697938 0.541636
vt 0.715244 0.209627
vt 0.012718 0.687108
vt 0.019627 0.665846
vt 0.035021 0.691441
vt 0.074686 0.288757
vt 0.787560 0.139495
vt 0.590272 0.162051
vt 0.598952 0.147521
vt 0.824479 0.289128
vt 0.474047 0.370651
vt 0.460173 0.376931
vt 0.456894 0.340889
vt 0.605732 0.162977
vt 0.647001 0.885926
vt 0.865095 0.164610
vt 0.138765 0.555677
vt 0.117009 0.597001
vt 0.154322 0.577981
vt 0.470377 0.387137
vt 0.155118 0.604913
vt 0.731653 0.211165
vt 0.192235 0.481974
vt 0.479622 0.487621
vt 0.486720 0.481451
vt 0.478725 0.515812
vt 0.210439 0.861196
vt 0.188611 0.477214
vt 0.566662 0.559898
vt 0.135235 0.617498
vt 0.475446 0.536154
vt 0.473992 0.509313
vt 0.936898 0.441982
vt 0.922986 0.180493
vt 0.860468 0.426286
vt 0.022818 0.581074
vt 0.025927 0.584184
vt 0.010254 0.584253
vt 0.608595 0.997393
vt 0.605226 0.994566
vt 0.616381 0.995022
vt 0.484612 0.543045
vt 0.501894 0.531113
vt 0.543705 0.513542
vt 0.191897 0.795861
vt 0.607678 0.029448
vt 0.650793 0.101823
vt 0.635382 0.081803
vt 0.671254 0.086762
vt 0.949078 0.843621
vt 0.941069 0.839541
vt 0.953306 0.835271
vt 0.957853 0.839083
vt 0.778930 0.535065
vt 0.165928 0.983964
vt 0.349686 0.773400
vt 0.237356 0.739884
vt 0.249125 0.750510
vt 0.255962 0.780125
vt 0.932079 0.846160
vt 0.929307 0.856220
vt 0.075610 0.297648
vt 0.561349 0.987505
vt 0.582764 0.989379
vt 0.552412 0.989289
vt 0.769534 0.144055
vt 0.554891 0.075783
vt 0.939426 0.849748
vt 0.136532 0.216310
vt 0.152033 0.219725
vt 0.805181 0.549787
vt 0.929240 0.845785
vt 0.926707 0.854730
vt 0.569843 0.139373
vt 0.188373 0.486150
vt 0.009432 0.951010
vt 0.006648 0.943361
vt 0.009182 0.934417
vt 0.542142 0.994167
vt 0.533475 0.997322
vt 0.530722 0.993633
vt 0.413384 0.357807
vt 0.391100 0.331355
vt 0.406750 0.318222
vt 0.144064 0.231565
vt 0.134699 0.255078
vt 0.122011 0.271318
vt 0.124037 0.184677
vt 0.120616 0.173142
vt 0.136130 0.162181
vt 0.273196 0.770563
vt 0.419135 0.918712
vt 0.448704 0.878013
vt 0.425616 0.923997
vt 0.858433 0.531656
vt 0.860645 0.553703
vt 0.954957 0.843779
vt 0.395882 0.388762
vt 0.756273 0.122170
vt 0.707911 0.735940
vt 0.702765 0.740619
vt 0.684369 0.737375
vt 0.480426 0.967534
vt 0.481514 0.973703
vt 0.471203 0.967573
vt 0.677093 0.563914
vt 0.838572 0.273828
vt 0.126212 0.226340
vt 0.072535 0.313332
vt 0.484893 0.971360
vt 0.631996 0.030227
vt 0.584790 0.521608
vt 0.508869 0.033130
vt 0.076758 0.327348
vt 0.990125 0.131687
vt 0.993289 0.139050
vt 0.990566 0.136731
vt 0.685837 0.452506
vt 0.688298 0.417313
vt 0.698831 0.451496
vt 0.993662 0.130054
vt 0.783610 0.157198
vt 0.188257 0.495759
vt 0.130971 0.716527
vt 0.150421 0.691632
vt 0.156019 0.724053
vt 0.713019 0.514028
vt 0.476282 0.975619
vt 0.029652 0.039859
vt 0.031462 0.030353
vt 0.031654 0.039506
vt 0.076881 0.307173
vt 0.738227 0.120354
vt 0.311610 0.994122
vt 0.313115 0.990877
vt 0.322430 0.990877
vt 0.127030 0.206503
vt 0.122275 0.194652
vt 0.123380 0.189101
vt 0.207380 0.849657
vt 0.158541 0.821460
vt 0.226393 0.822440
vt 0.171203 0.841689
vt 0.126457 0.276289
vt 0.322620 0.989062
vt 0.936360 0.859893
vt 0.944028 0.849681
vt 0.130636 0.006680
vt 0.136555 0.007094
vt 0.127646 0.013923
vt 0.041403 0.494895
vt 0.046749 0.486605
vt 0.049751 0.491522
vt 0.052623 0.012268
vt 0.052623 0.028436
vt 0.047880 0.016672
vt 0.145973 0.618439
vt 0.990143 0.127766
vt 0.644621 0.081180
vt 0.168651 0.988073
vt 0.052704 0.482857
vt 0.345552 0.616589
vt 0.587329 0.774675
vt 0.799411 0.720334
vt 0.845695 0.724721
vt 0.819940 0.729907
vt 0.247437 0.773075
vt 0.011435 0.108713
vt 0.007158 0.112991
vt 0.007686 0.096054
vt 0.623807 0.166617
vt 0.235989 0.006990
vt 0.228333 0.006990
vt 0.234971 0.000548
vt 0.939293 0.862473
vt 0.878877 0.162635
vt 0.572534 0.308132
vt 0.000187 0.767957
vt 0.004299 0.767957
vt 0.000107 0.780786
vt 0.926353 0.862375
vt 0.482852 0.986463
vt 0.487729 0.651265
vt 0.459417 0.653199
vt 0.448966 0.630787
vt 0.678885 0.100003
vt 0.964486 0.850174
vt 0.526257 0.518017
vt 0.040000 0.491649
vt 0.253303 0.791621
vt 0.124751 0.011482
vt 0.999892 0.753330
vt 0.996820 0.759653
vt 0.996591 0.753330
vt 0.000100 0.006894
vt 0.000100 0.001649
vt 0.003417 0.002705
vt 0.718038 0.715345
vt 0.755964 0.699594
vt 0.779258 0.713043
vt 0.192066 0.499442
vt 0.992476 0.252615
vt 0.992476 0.243365
vt 0.996469 0.246973
vt 0.112686 0.021621
vt 0.114808 0.019679
vt 0.116337 0.021834
vt 0.326477 0.990524
vt 0.311876 0.624425
vt 0.108853 0.024671
vt 0.109209 0.019156
vt 0.119458 0.169119
vt 0.898344 0.467914
vt 0.900320 0.471014
vt 0.898240 0.494794
vt 0.716624 0.216466
vt 0.031121 0.046532
vt 0.535415 0.140079
vt 0.607800 0.955790
vt 0.590520 0.970290
vt 0.571095 0.955338
vt 0.841397 0.713897
vt 0.462052 0.983836
vt 0.004415 0.779433
vt 0.999473 0.761746
vt 0.996584 0.695487
vt 0.999801 0.696226
vt 0.996671 0.702938
vt 0.971022 0.012340
vt 0.979156 0.008766
vt 0.983249 0.012200
vt 0.315551 0.585212
vt 0.965220 0.840929
vt 0.459481 0.974550
vt 0.518132 0.502292
vt 0.503360 0.516223
vt 0.929979 0.866939
vt 0.329452 0.988953
vt 0.009433 0.352166
vt 0.006540 0.354191
vt 0.006037 0.347884
vt 0.971055 0.009414
vt 0.100245 0.025517
vt 0.708299 0.202279
vt 0.799411 0.605872
vt 0.775020 0.590032
vt 0.825931 0.598753
vt 0.998562 0.133066
vt 0.999320 0.137364
vt 0.995152 0.132368
vt 0.999899 0.704011
vt 0.107267 0.016509
vt 0.101885 0.020885
vt 0.460950 0.608764
vt 0.433871 0.652749
vt 0.156976 0.677867
vt 0.927621 0.477253
vt 0.922846 0.472494
vt 0.923719 0.462514
vt 0.198370 0.804814
vt 0.185537 0.782301
vt 0.011691 0.360028
vt 0.878780 0.454992
vt 0.875527 0.455346
vt 0.259602 0.798411
vt 0.048417 0.479342
vt 0.958836 0.741116
vt 0.960968 0.725299
vt 0.969475 0.736154
vt 0.053612 0.475869
vt 0.516271 0.004904
vt 0.519978 0.000624
vt 0.520915 0.004904
vt 0.476317 0.986183
vt 0.115946 0.016027
vt 0.995378 0.140496
vt 0.031610 0.495442
vt 0.458386 0.000724
vt 0.461119 0.002710
vt 0.457474 0.006311
vt 0.816926 0.571256
vt 0.686068 0.698725
vt 0.122174 0.696404
vt 0.001584 0.943133
vt 0.005451 0.931233
vt 0.005371 0.943139
vt 0.583165 0.310721
vt 0.826644 0.260331
vt 0.080244 0.309764
vt 0.993795 0.120247
vt 0.500047 0.399022
vt 0.262898 0.213252
vt 0.253947 0.249219
vt 0.252430 0.228771
vt 0.071041 0.315531
vt 0.999853 0.062952
vt 0.999853 0.070214
vt 0.999142 0.066975
vt 0.011892 0.004119
vt 0.001676 0.007439
vt 0.003565 0.004850
vt 0.516756 0.001189
vt 0.782344 0.713637
vt 0.009381 0.343316
vt 0.803451 0.016434
vt 0.787512 0.015640
vt 0.795365 0.012664
vt 0.307837 0.985507
vt 0.305195 0.987357
vt 0.280103 0.986848
vt 0.542067 0.559753
vt 0.904862 0.194676
vt 0.900665 0.218480
vt 0.901451 0.154384
vt 0.678802 0.011788
vt 0.666927 0.011951
vt 0.666927 0.007570
vt 0.644148 0.729375
vt 0.072530 0.006357
vt 0.075926 0.001683
vt 0.076716 0.004344
vt 0.457143 0.971421
vt 0.453801 0.980858
vt 0.974422 0.848484
vt 0.597037 0.853463
vt 0.585106 0.856148
vt 0.585566 0.850389
vt 0.772729 0.159076
vt 0.591910 0.858690
vt 0.102854 0.006759
vt 0.107292 0.009321
vt 0.097231 0.008897
vt 0.696358 0.089693
vt 0.591951 0.423035
vt 0.589638 0.410141
vt 0.602553 0.444574
vt 0.937703 0.869814
vt 0.117785 0.202835
vt 0.564015 0.778222
vt 0.543174 0.766274
vt 0.851181 0.915069
vt 0.824362 0.917416
vt 0.794548 0.914745
vt 0.755764 0.541466
vt 0.009585 0.616364
vt 0.008152 0.613280
vt 0.012329 0.611593
vt 0.030308 0.488916
vt 0.586156 0.395645
vt 0.580463 0.023892
vt 0.601333 0.022211
vt 0.585113 0.028543
vt 0.119706 0.292896
vt 0.756669 0.159608
vt 0.678300 0.007144
vt 0.811463 0.165948
vt 0.822228 0.173105
vt 0.967283 0.790524
vt 0.967283 0.840632
vt 0.963872 0.839082
vt 0.738964 0.145678
vt 0.717824 0.144685
vt 0.715153 0.116141
vt 0.654094 0.735693
vt 0.835602 0.814557
vt 0.752840 0.814557
vt 0.834193 0.807554
vt 0.046404 0.474220
vt 0.100732 0.015689
vt 0.974293 0.793987
vt 0.972722 0.842639
vt 0.970894 0.813265
vt 0.762310 0.009408
vt 0.768647 0.012055
vt 0.763448 0.012043
vt 0.013714 0.800774
vt 0.017944 0.802747
vt 0.013736 0.805509
vt 0.770635 0.008302
vt 0.779505 0.729964
vt 0.200873 0.000628
vt 0.200873 0.005299
vt 0.197619 0.000626
vt 0.488380 0.570444
vt 0.873987 0.444069
vt 0.979969 0.286775
vt 0.979969 0.243879
vt 0.982845 0.244420
vt 0.967974 0.859786
vt 0.993317 0.209172
vt 0.993317 0.233039
vt 0.990100 0.233022
vt 0.081701 0.739260
vt 0.080125 0.734333
vt 0.084304 0.732226
vt 0.115229 0.287429
vt 0.888163 0.645342
vt 0.891093 0.661964
vt 0.891737 0.711442
vt 0.970430 0.844204
vt 0.042868 0.877120
vt 0.034916 0.878810
vt 0.046436 0.865425
vt 0.597452 0.856690
vt 0.766931 0.005031
vt 0.017355 0.360250
vt 0.069184 0.878481
vt 0.077667 0.885237
vt 0.077045 0.892354
vt 0.927114 0.429510
vt 0.930052 0.447244
vt 0.998221 0.171821
vt 0.995309 0.167816
vt 0.999226 0.168644
vt 0.072537 0.876632
vt 0.656454 0.591775
vt 0.457838 0.986224
vt 0.124123 0.319214
vt 0.131963 0.313725
vt 0.140701 0.340155
vt 0.165107 0.807728
vt 0.115378 0.160427
vt 0.878506 0.174567
vt 0.317801 0.012795
vt 0.336973 0.012795
vt 0.333927 0.017355
vt 0.335401 0.992449
vt 0.995048 0.163397
vt 0.999425 0.163354
vt 0.378700 0.327353
vt 0.034922 0.862193
vt 0.149309 0.535520
vt 0.150456 0.542605
vt 0.006614 0.703964
vt 0.006614 0.686488
vt 0.009969 0.691910
vt 0.873015 0.176795
vt 0.017031 0.798331
vt 0.010488 0.608115
vt 0.135873 0.314092
vt 0.002097 0.734245
vt 0.005440 0.739019
vt 0.002659 0.747162
vt 0.016917 0.341760
vt 0.554253 0.858512
vt 0.336754 0.991074
vt 0.750845 0.269368
vt 0.201733 0.786066
vt 0.601380 0.306807
vt 0.923784 0.453019
vt 0.385194 0.007698
vt 0.387784 0.011397
vt 0.377560 0.011206
vt 0.585524 0.861467
vt 0.150319 0.922890
vt 0.118090 0.905754
vt 0.165619 0.919905
vt 0.937151 0.875894
vt 0.378307 0.985479
vt 0.370898 0.989251
vt 0.348829 0.987321
vt 0.504536 0.066909
vt 0.621983 0.026883
vt 0.197889 0.005405
vt 0.532196 0.862384
vt 0.076665 0.735251
vt 0.997657 0.071183
vt 0.995115 0.065730
vt 0.997850 0.063491
vt 0.969335 0.780242
vt 0.961820 0.789198
vt 0.968494 0.756797
vt 0.046847 0.464752
vt 0.029741 0.441209
vt 0.049656 0.434745
vt 0.467064 0.994531
vt 0.154710 0.731205
vt 0.136682 0.738547
vt 0.053560 0.495554
vt 0.053654 0.499444
vt 0.042982 0.499292
vt 0.475854 0.402719
vt 0.765149 0.567017
vt 0.762023 0.005107
vt 0.075567 0.745636
vt 0.014156 0.795546
vt 0.376035 0.007833
vt 0.050004 0.469176
vt 0.697158 0.553296
vt 0.111256 0.157550
vt 0.128828 0.149469
vt 0.134949 0.005680
vt 0.130163 0.000117
vt 0.134949 0.000028
vt 0.704540 0.219990
vt 0.314933 0.604459
vt 0.589728 0.430070
vt 0.269583 0.229285
vt 0.698876 0.211034
vt 0.752597 0.594604
vt 0.772435 0.600962
vt 0.477741 0.994063
vt 0.901300 0.454384
vt 0.516535 0.492572
vt 0.508296 0.493208
vt 0.129876 0.006002
vt 0.474263 0.915224
vt 0.476776 0.894755
vt 0.481366 0.917947
vt 0.076286 0.892757
vt 0.049468 0.889084
vt 0.468559 0.892468
vt 0.041652 0.861445
vt 0.049085 0.852346
vt 0.930358 0.875535
vt 0.022606 0.357195
vt 0.014163 0.606915
vt 0.694311 0.221460
vt 0.043678 0.467875
vt 0.083675 0.804457
vt 0.077696 0.752082
vt 0.078807 0.748955
vt 0.038362 0.503806
vt 0.962875 0.723485
vt 0.107749 0.219246
vt 0.106186 0.239807
vt 0.998224 0.875924
vt 0.999766 0.880162
vt 0.998370 0.883875
vt 0.030140 0.867121
vt 0.184687 0.039284
vt 0.151917 0.036137
vt 0.173175 0.033916
vt 0.000560 0.054607
vt 0.000560 0.039866
vt 0.003963 0.045655
vt 0.809976 0.012209
vt 0.950193 0.877643
vt 0.135881 0.034453
vt 0.185231 0.036708
vt 0.706258 0.470960
vt 0.710282 0.542817
vt 0.068236 0.868168
vt 0.058710 0.860322
vt 0.592241 0.864184
vt 0.259069 0.805164
vt 0.793886 0.164699
vt 0.976160 0.862159
vt 0.370482 0.373739
vt 0.897491 0.429480
vt 0.900445 0.418453
vt 0.901899 0.429976
vt 0.904016 0.397123
vt 0.655206 0.000009
vt 0.659747 0.004080
vt 0.654324 0.005016
vt 0.687497 0.082105
vt 0.527611 0.553800
vt 0.566632 0.558537
vt 0.683006 0.453967
vt 0.698301 0.480126
vt 0.698904 0.507119
vt 0.114784 0.912086
vt 0.517162 0.576335
vt 0.017534 0.794396
vt 0.038865 0.500079
vt 0.014793 0.814771
vt 0.016004 0.828612
vt 0.013645 0.838495
vt 0.105237 0.265377
vt 0.875708 0.914467
vt 0.825901 0.912662
vt 0.862198 0.909549
vt 0.825068 0.908649
vt 0.376549 0.989395
vt 0.105312 0.282704
vt 0.568825 0.725798
vt 0.555024 0.744840
vt 0.325201 0.535865
vt 0.120296 0.041964
vt 0.251148 0.008736
vt 0.247345 0.020441
vt 0.247917 0.008705
vt 0.156592 0.616233
vt 0.160570 0.617669
vt 0.462147 0.994778
vt 0.530334 0.132221
vt 0.999401 0.092892
vt 0.996999 0.085500
vt 0.999985 0.088495
vt 0.029307 0.873173
vt 0.901501 0.391530
vt 0.005335 0.305471
vt 0.005436 0.313161
vt 0.002601 0.315540
vt 0.152781 0.551789
vt 0.525429 0.481508
vt 0.659491 0.000261
vt 0.814521 0.853873
vt 0.829159 0.855154
vt 0.802127 0.866115
vt 0.749218 0.165574
vt 0.861249 0.533720
vt 0.862148 0.541860
vt 0.014239 0.792619
vt 0.898192 0.365502
vt 0.259047 0.199578
vt 0.921797 0.431908
vt 0.001599 0.307914
vt 0.759516 0.006465
vt 0.340651 0.994967
vt 0.003149 0.301545
vt 0.042755 0.470765
vt 0.559732 0.123892
vt 0.676697 0.120372
vt 0.677754 0.123179
vt 0.663900 0.122081
vt 0.546022 0.499625
vt 0.069967 0.737890
vt 0.037586 0.634224
vt 0.030770 0.620249
vt 0.050637 0.645581
vt 0.500583 0.626918
vt 0.536926 0.490717
vt 0.534974 0.655272
vt 0.966917 0.867405
vt 0.970567 0.871513
vt 0.070679 0.732507
vt 0.022603 0.346329
vt 0.059828 0.848702
vt 0.818262 0.908775
vt 0.124541 0.729407
vt 0.758745 0.722634
vt 0.052626 0.877522
vt 0.012192 0.602284
vt 0.833136 0.904921
vt 0.809426 0.903502
vt 0.701740 0.121018
vt 0.010375 0.037449
vt 0.008152 0.043556
vt 0.010943 0.028259
vt 0.152966 0.748894
vt 0.783371 0.172463
vt 0.956744 0.877410
vt 0.955961 0.882850
vt 0.709055 0.108700
vt 0.728637 0.108313
vt 0.818656 0.912582
vt 0.003764 0.421465
vt 0.001583 0.415474
vt 0.003944 0.407681
vt 0.629135 0.302150
vt 0.072508 0.744495
vt 0.944990 0.884477
vt 0.806659 0.249679
vt 0.004979 0.590577
vt 0.004979 0.603895
vt 0.001051 0.597709
vt 0.690435 0.567243
vt 0.032157 0.496520
vt 0.010913 0.044605
vt 0.761034 0.918722
vt 0.803277 0.918616
vt 0.781340 0.923410
vt 0.038294 0.469301
vt 0.472953 0.415805
vt 0.638994 0.112758
vt 0.885430 0.495222
vt 0.888781 0.497136
vt 0.886984 0.517678
vt 0.937935 0.884320
vt 0.660457 0.003620
vt 0.664393 0.003896
vt 0.666177 0.011455
vt 0.014461 0.602229
vt 0.096495 0.381250
vt 0.103127 0.356498
vt 0.104008 0.416783
vt 0.583122 0.115292
vt 0.587583 0.120082
vt 0.699128 0.139620
vt 0.545998 0.778142
vt 0.041718 0.513976
vt 0.050171 0.511387
vt 0.724473 0.094929
vt 0.885660 0.543231
vt 0.883580 0.555485
vt 0.676676 0.593076
vt 0.219009 0.000742
vt 0.219009 0.007513
vt 0.215779 0.000673
vt 0.963281 0.740417
vt 0.017475 0.788287
vt 0.945700 0.013966
vt 0.938723 0.005129
vt 0.943906 0.008758
vt 0.885921 0.560557
vt 0.939972 0.010980
vt 0.215665 0.007870
vt 0.214417 0.788478
vt 0.202470 0.986005
vt 0.201956 0.989874
vt 0.185502 0.989874
vt 0.629719 0.027581
vt 0.274353 0.217974
vt 0.792641 0.711744
vt 0.913008 0.013581
vt 0.892519 0.019071
vt 0.889504 0.012587
vt 0.214492 0.805087
vt 0.483872 0.898496
vt 0.014018 0.787916
vt 0.623496 0.730318
vt 0.030006 0.499830
vt 0.689520 0.142706
vt 0.686084 0.144688
vt 0.009098 0.389621
vt 0.009879 0.398550
vt 0.008714 0.408369
vt 0.008351 0.920469
vt 0.009452 0.914229
vt 0.008829 0.926018
vt 0.738947 0.651244
vt 0.732581 0.649111
vt 0.688937 0.618711
vt 0.017744 0.781426
vt 0.775128 0.250742
vt 0.514441 0.064645
vt 0.102669 0.300855
vt 0.099207 0.423392
vt 0.103638 0.438477
vt 0.711853 0.556675
vt 0.264773 0.804628
vt 0.467726 0.868401
vt 0.817851 0.917941
vt 0.761547 0.917941
vt 0.778794 0.914723
vt 0.976341 0.492620
vt 0.976341 0.540546
vt 0.973910 0.520950
vt 0.014393 0.781708
vt 0.767450 0.989528
vt 0.794862 0.989528
vt 0.792952 0.993386
vt 0.158201 0.736080
vt 0.004018 0.869165
vt 0.002122 0.862087
vt 0.004411 0.856463
vt 0.038149 0.027158
vt 0.038461 0.034150
vt 0.035911 0.033307
vt 0.279834 0.213621
vt 0.580625 0.642585
vt 0.575731 0.638479
vt 0.611412 0.632054
vt 0.967153 0.739445
vt 0.330144 0.623775
vt 0.125821 0.289145
vt 0.130850 0.311206
vt 0.006126 0.920023
vt 0.006233 0.909157
vt 0.719488 0.626170
vt 0.764077 0.916489
vt 0.707782 0.915480
vt 0.742148 0.912622
vt 0.993902 0.468114
vt 0.990520 0.466650
vt 0.992947 0.438909
vt 0.900361 0.440493
vt 0.979250 0.920947
vt 0.975789 0.940573
vt 0.973514 0.914881
vt 0.794730 0.006825
vt 0.791199 0.001965
vt 0.794085 0.001718
vt 0.966843 0.883440
vt 0.954750 0.887342
vt 0.235931 0.805619
vt 0.009914 0.671863
vt 0.009914 0.689443
vt 0.007172 0.672113
vt 0.920702 0.417327
vt 0.877752 0.185261
vt 0.463559 0.876792
vt 0.978246 0.900131
vt 0.704225 0.610845
vt 0.226898 0.789486
vt 0.998949 0.162737
vt 0.995021 0.162737
vt 0.998316 0.154349
vt 0.705639 0.147387
vt 0.268581 0.188242
vt 0.992903 0.511685
vt 0.976946 0.525075
vt 0.977113 0.492010
vt 0.529836 0.484266
vt 0.108283 0.663273
vt 0.179220 0.644265
vt 0.191717 0.662883
vt 0.549737 0.638748
vt 0.003389 0.115961
vt 0.000837 0.121433
vt 0.000631 0.111565
vt 0.577519 0.099532
vt 0.601772 0.100259
vt 0.577783 0.102560
vt 0.839468 0.761195
vt 0.858668 0.774639
vt 0.825836 0.758869
vt 0.789674 0.758527
vt 0.975577 0.992300
vt 0.970327 0.996343
vt 0.964405 0.988483
vt 0.757215 0.910647
vt 0.651313 0.123208
vt 0.599485 0.124683
vt 0.609639 0.122666
vt 0.558432 0.598151
vt 0.558480 0.580154
vt 0.592398 0.580154
vt 0.825201 0.593340
vt 0.864430 0.531386
vt 0.690363 0.993908
vt 0.662036 0.991430
vt 0.691230 0.990011
vt 0.492155 0.007162
vt 0.497261 0.006535
vt 0.501814 0.010551
vt 0.034111 0.510131
vt 0.965285 0.994402
vt 0.002950 0.126123
vt 0.556532 0.643113
vt 0.537002 0.639509
vt 0.943498 0.068152
vt 0.947119 0.062071
vt 0.947119 0.067835
vt 0.480330 0.886634
vt 0.592056 0.121165
vt 0.953482 0.485196
vt 0.946408 0.481508
vt 0.954433 0.459458
vt 0.054033 0.353105
vt 0.051962 0.353859
vt 0.051908 0.346277
vt 0.716659 0.592466
vt 0.723422 0.570364
vt 0.061337 0.188433
vt 0.060032 0.162746
vt 0.099959 0.149773
vt 0.641332 0.737302
vt 0.511366 0.631259
vt 0.053203 0.381706
vt 0.055576 0.379055
vt 0.052707 0.418045
vt 0.600243 0.457990
vt 0.035921 0.810455
vt 0.035921 0.773464
vt 0.069104 0.792813
vt 0.029763 0.513688
vt 0.052144 0.358268
vt 0.728944 0.088520
vt 0.052188 0.365952
vt 0.706715 0.576945
vt 0.614398 0.472927
vt 0.612254 0.453057
vt 0.991010 0.432389
vt 0.540879 0.104890
vt 0.943464 0.045470
vt 0.947547 0.032853
vt 0.510699 0.633624
vt 0.263560 0.815895
vt 0.847734 0.764367
vt 0.675080 0.620989
vt 0.226928 0.009411
vt 0.221003 0.000639
vt 0.224632 0.000843
vt 0.051460 0.415795
vt 0.993376 0.433161
vt 0.226419 0.002575
vt 0.096243 0.009760
vt 0.108958 0.010872
vt 0.094057 0.011346
vt 0.310143 0.548375
vt 0.963854 0.789120
vt 0.964086 0.804904
vt 0.962311 0.797869
vt 0.943408 0.059298
vt 0.758851 0.729074
vt 0.699829 0.602829
vt 0.107952 0.182163
vt 0.602403 0.589434
vt 0.634611 0.579018
vt 0.211986 0.989107
vt 0.030783 0.234225
vt 0.033064 0.225712
vt 0.033538 0.259715
vt 0.289148 0.618380
vt 0.516228 0.013992
vt 0.530286 0.012079
vt 0.530812 0.015057
vt 0.594891 0.779267
vt 0.593244 0.781634
vt 0.582532 0.779578
vt 0.993917 0.950828
vt 0.987993 0.945617
vt 0.993068 0.916833
vt 0.677191 0.615345
vt 0.620163 0.894588
vt 0.630466 0.861908
vt 0.628685 0.881465
vt 0.052483 0.840314
vt 0.056570 0.834893
vt 0.472920 0.455998
vt 0.706091 0.083020
vt 0.827703 0.246508
vt 0.818933 0.181646
vt 0.498381 0.062459
vt 0.950490 0.504833
vt 0.963040 0.839021
vt 0.956517 0.820474
vt 0.235430 0.789789
vt 0.064711 0.805994
vt 0.461354 0.866977
vt 0.050870 0.859142
vt 0.037331 0.043194
vt 0.960193 0.803648
vt 0.807016 0.184766
vt 0.682514 0.221967
vt 0.291691 0.997019
vt 0.308543 0.995545
vt 0.311324 0.997420
vt 0.568887 0.787728
vt 0.089922 0.678825
vt 0.083279 0.726647
vt 0.081990 0.694394
vt 0.621121 0.133383
vt 0.516219 0.565301
vt 0.136247 0.750696
vt 0.915843 0.739656
vt 0.916880 0.754529
vt 0.913385 0.748827
vt 0.549196 0.778996
vt 0.801171 0.932640
vt 0.050017 0.851596
vt 0.634582 0.741500
vt 0.627786 0.740012
vt 0.619727 0.732893
vt 0.910720 0.790888
vt 0.605396 0.082583
vt 0.621615 0.101068
vt 0.550925 0.784113
vt 0.923831 0.416215
vt 0.648568 0.100982
vt 0.637267 0.092361
vt 0.654334 0.129110
vt 0.033892 0.527059
vt 0.557135 0.090892
vt 0.640964 0.141837
vt 0.645545 0.144060
vt 0.288183 0.209965
vt 0.808815 0.922575
vt 0.461709 0.470813
vt 0.474963 0.462714
vt 0.630525 0.135266
vt 0.691585 0.997472
vt 0.691585 0.992478
vt 0.695350 0.995632
vt 0.536536 0.012593
vt 0.999876 0.830607
vt 0.998577 0.836963
vt 0.997631 0.833282
vt 0.028319 0.441725
vt 0.044043 0.463367
vt 0.031476 0.471341
vt 0.736306 0.539279
vt 0.000545 0.071559
vt 0.003475 0.080030
vt 0.000676 0.083366
vt 0.610336 0.028058
vt 0.997612 0.828866
vt 0.088081 0.674906
vt 0.732255 0.090085
vt 0.254856 0.967185
vt 0.218118 0.963971
vt 0.255751 0.963987
vt 0.532833 0.775651
vt 0.993908 0.185700
vt 0.990515 0.182307
vt 0.992976 0.162038
vt 0.001678 0.960865
vt 0.004352 0.966600
vt 0.001747 0.973306
vt 0.039532 0.523583
vt 0.134486 0.291923
vt 0.031053 0.247587
vt 0.989384 0.955528
vt 0.474009 0.874858
vt 0.699834 0.081091
vt 0.080696 0.006057
vt 0.077672 0.010003
vt 0.076496 0.007421
vt 0.072086 0.008066
vt 0.078121 0.005072
vt 0.012528 0.970036
vt 0.012528 0.986245
vt 0.008578 0.980658
vt 0.053632 0.829354
vt 0.094402 0.711056
vt 0.091168 0.748538
vt 0.708572 0.497600
vt 0.691238 0.213235
vt 0.984520 0.285892
vt 0.982428 0.261977
vt 0.985411 0.243756
vt 0.414761 0.012126
vt 0.434485 0.013359
vt 0.417218 0.016380
vt 0.082688 0.008334
vt 0.179213 0.953074
vt 0.178524 0.970640
vt 0.158901 0.970640
vt 0.597269 0.605404
vt 0.756315 0.717896
vt 0.426170 0.016518
vt 0.976801 0.998451
vt 0.329117 0.011865
vt 0.317114 0.011865
vt 0.322401 0.010748
vt 0.644973 0.620534
vt 0.768869 0.177797
vt 0.342761 0.626223
vt 0.633862 0.086433
vt 0.580375 0.789694
vt 0.637409 0.747510
vt 0.909250 0.737578
vt 0.738910 0.012251
vt 0.749884 0.013264
vt 0.744558 0.014885
vt 0.785173 0.590615
vt 0.688967 0.206994
vt 0.999761 0.086794
vt 0.998229 0.084139
vt 0.999485 0.079035
vt 0.536715 0.011987
vt 0.541789 0.009621
vt 0.548712 0.011581
vt 0.632078 0.122815
vt 0.293167 0.586780
vt 0.543562 0.780129
vt 0.023754 0.500722
vt 0.024341 0.506988
vt 0.019115 0.503264
vt 0.992950 0.423826
vt 0.995754 0.432455
vt 0.992186 0.431532
vt 0.356992 0.278574
vt 0.724321 0.578349
vt 0.957576 0.831952
vt 0.996028 0.661160
vt 0.994579 0.655753
vt 0.996376 0.651905
vt 0.103384 0.145440
vt 0.114413 0.128673
vt 0.653726 0.003707
vt 0.651816 0.007853
vt 0.643762 0.007853
vt 0.263809 0.011940
vt 0.255217 0.010428
vt 0.253994 0.007547
vt 0.614869 0.126324
vt 0.220811 0.008373
vt 0.423124 0.001064
vt 0.427127 0.006575
vt 0.423178 0.006976
vt 0.365461 0.016425
vt 0.381672 0.014690
vt 0.375374 0.016425
vt 0.013477 0.528587
vt 0.013222 0.534962
vt 0.010713 0.533926
vt 0.639179 0.124525
vt 0.560928 0.005407
vt 0.563350 0.001212
vt 0.563695 0.008011
vt 0.991938 0.250390
vt 0.989972 0.257726
vt 0.990734 0.233731
vt 0.647285 0.003704
vt 0.522000 0.412915
vt 0.598995 0.091072
vt 0.909517 0.732730
vt 0.379022 0.012348
vt 0.388932 0.012097
vt 0.390267 0.017079
vt 0.543086 0.792745
vt 0.521770 0.779394
vt 0.561078 0.001034
vt 0.996349 0.603980
vt 0.994606 0.597473
vt 0.996231 0.594010
vt 0.492105 0.062408
vt 0.012355 0.045812
vt 0.011851 0.060253
vt 0.006238 0.044772
vt 0.990037 0.051119
vt 0.992606 0.048963
vt 0.993380 0.060162
vt 0.685702 0.609605
vt 0.297795 0.566341
vt 0.622640 0.900980
vt 0.854331 0.760327
vt 0.758317 0.178237
vt 0.170427 0.022576
vt 0.183708 0.013103
vt 0.182402 0.025562
vt 0.735853 0.562854
vt 0.751076 0.574570
vt 0.538592 0.759132
vt 0.307816 0.012678
vt 0.310499 0.014227
vt 0.305671 0.015551
vt 0.011279 0.536174
vt 0.015561 0.539599
vt 0.013364 0.540538
vt 0.658358 0.614598
vt 0.999964 0.914721
vt 0.999964 0.922465
vt 0.996518 0.917106
vt 0.363406 0.578258
vt 0.378010 0.517920
vt 0.388855 0.502431
vt 0.958221 0.812085
vt 0.230906 0.480203
vt 0.220691 0.511919
vt 0.224990 0.487120
vt 0.859069 0.754004
vt 0.656316 0.134492
vt 0.761090 0.012504
vt 0.188798 0.000988
vt 0.191321 0.006514
vt 0.188579 0.007792
vt 0.415389 0.015254
vt 0.411854 0.016897
vt 0.407201 0.012244
vt 0.659860 0.608726
vt 0.681614 0.605680
vt 0.996810 0.877367
vt 0.994539 0.871413
vt 0.996489 0.873698
vt 0.336012 0.193725
vt 0.854034 0.869101
vt 0.131420 0.738167
vt 0.993458 0.270069
vt 0.995307 0.276969
vt 0.993136 0.279177
vt 0.253277 0.015569
vt 0.611249 0.591627
vt 0.602351 0.780946
vt 0.599298 0.784285
vt 0.697542 0.598042
vt 0.690623 0.609119
vt 0.880925 0.984147
vt 0.894824 0.982931
vt 0.913044 0.984405
vt 0.897695 0.430332
vt 0.659209 0.594741
vt 0.614878 0.601355
vt 0.394136 0.016606
vt 0.308162 0.017859
vt 0.736169 0.094429
vt 0.402965 0.012773
vt 0.199319 0.018153
vt 0.189417 0.028407
vt 0.198130 0.013302
vt 0.191133 0.000750
vt 0.029675 0.502952
vt 0.026946 0.506236
vt 0.551711 0.728366
vt 0.736735 0.573525
vt 0.403897 0.008787
vt 0.399621 0.013372
vt 0.402911 0.003211
vt 0.017221 0.535052
vt 0.642262 0.994841
vt 0.641907 0.988576
vt 0.668130 0.988576
vt 0.397846 0.000112
vt 0.397828 0.006923
vt 0.394376 0.006315
vt 0.799161 0.901011
vt 0.809880 0.904912
vt 0.747909 0.901252
vt 0.095383 0.665374
vt 0.317584 0.018730
vt 0.990124 0.083262
vt 0.990124 0.066487
vt 0.993293 0.068166
vt 0.955100 0.511899
vt 0.614605 0.488032
vt 0.551484 0.092282
vt 0.574349 0.078025
vt 0.589105 0.081469
vt 0.720668 0.166687
vt 0.395666 0.016901
vt 0.658817 0.140348
vt 0.317629 0.013804
vt 0.000196 0.550248
vt 0.000600 0.536687
vt 0.003824 0.540279
vt 0.004021 0.169753
vt 0.000436 0.171058
vt 0.000166 0.160860
vt 0.318434 0.526343
vt 0.963512 0.691548
vt 0.696899 0.142601
vt 0.186108 0.022135
vt 0.303520 0.019482
vt 0.777318 0.006900
vt 0.775446 0.006900
vt 0.776911 0.000637
vt 0.225820 0.484404
vt 0.801147 0.897600
vt 0.813032 0.239682
vt 0.943641 0.993040
vt 0.943641 0.996407
vt 0.941284 0.993357
vt 0.366843 0.005343
vt 0.367543 0.001435
vt 0.370343 0.001190
vt 0.394114 0.001409
vt 0.003404 0.548768
vt 0.036828 0.003174
vt 0.041032 0.003915
vt 0.036985 0.008666
vt 0.791912 0.184314
vt 0.557984 0.081454
vt 0.641661 0.093446
vt 0.005287 0.994864
vt 0.004106 0.988165
vt 0.005442 0.982524
vt 0.996797 0.102598
vt 0.999765 0.102598
vt 0.996488 0.107150
vt 0.024065 0.332385
vt 0.021603 0.325622
vt 0.027757 0.334599
vt 0.004859 0.165467
vt 0.095529 0.139452
vt 0.557374 0.605323
vt 0.552679 0.789466
vt 0.534436 0.483767
vt 0.315642 0.012977
vt 0.307047 0.011769
vt 0.316569 0.010107
vt 0.999994 0.110467
vt 0.996918 0.869367
vt 0.049113 0.065705
vt 0.039465 0.061839
vt 0.049762 0.062024
vt 0.003266 0.086230
vt 0.000064 0.810691
vt 0.005478 0.815728
vt 0.000050 0.823479
vt 0.618691 0.485457
vt 0.060558 0.076323
vt 0.048157 0.074253
vt 0.058468 0.071149
vt 0.004753 0.810864
vt 0.306045 0.006118
vt 0.001907 0.668159
vt 0.000103 0.673117
vt 0.000562 0.660049
vt 0.590614 0.088613
vt 0.018712 0.528096
vt 0.227459 0.472644
vt 0.234915 0.470299
vt 0.538423 0.483139
vt 0.189243 0.031906
vt 0.186326 0.042058
vt 0.187336 0.031906
vt 0.627233 0.915478
vt 0.638403 0.994013
vt 0.281869 0.011937
vt 0.276824 0.008534
vt 0.275920 0.003641
vt 0.046590 0.008886
vt 0.810675 0.013063
vt 0.813939 0.003017
vt 0.813949 0.010215
vt 0.001129 0.445899
vt 0.004901 0.451287
vt 0.001694 0.459629
vt 0.115486 0.012307
vt 0.114664 0.015375
vt 0.114724 0.009248
vt 0.094848 0.679650
vt 0.097507 0.711666
vt 0.099832 0.688949
vt 0.101577 0.702535
vt 0.620461 0.117512
vt 0.628404 0.106037
vt 0.024044 0.585044
vt 0.013654 0.588826
vt 0.008620 0.585213
vt 0.046375 0.069837
vt 0.699162 0.010971
vt 0.691518 0.009897
vt 0.702955 0.008760
vt 0.018022 0.523725
vt 0.014283 0.522250
vt 0.640015 0.004201
vt 0.642143 0.012142
vt 0.639767 0.014895
vt 0.999544 0.624085
vt 0.997001 0.625010
vt 0.996986 0.618275
vt 0.558198 0.005404
vt 0.561775 0.007909
vt 0.551792 0.008435
vt 0.496781 0.995771
vt 0.490605 0.994681
vt 0.501858 0.994840
vt 0.544870 0.486049
vt 0.398365 0.012067
vt 0.990080 0.105216
vt 0.993839 0.113277
vt 0.990702 0.123930
vt 0.049213 0.850310
vt 0.027933 0.865771
vt 0.024154 0.852120
vt 0.739398 0.090364
vt 0.740319 0.095477
vt 0.812880 0.002509
vt 0.811241 0.007013
vt 0.811284 0.001530
vt 0.961748 0.007159
vt 0.969819 0.007441
vt 0.959327 0.010931
vt 0.322611 0.017296
vt 0.495736 0.012396
vt 0.498403 0.010810
vt 0.501406 0.011503
vt 0.049996 0.070950
vt 0.990561 0.065453
vt 0.999999 0.616196
vt 0.370306 0.003715
vt 0.166381 0.943559
vt 0.167189 0.940415
vt 0.004472 0.797124
vt 0.004472 0.809912
vt 0.002563 0.804791
vt 0.158956 0.002493
vt 0.161530 0.001657
vt 0.161647 0.005378
vt 0.384791 0.016968
vt 0.478575 0.162976
vt 0.495002 0.182436
vt 0.470839 0.177021
vt 0.569218 0.006943
vt 0.565455 0.011428
vt 0.567605 0.005639
vt 0.036664 0.504150
vt 0.619035 0.024335
vt 0.186134 0.025781
vt 0.742005 0.092460
vt 0.256364 0.024546
vt 0.254308 0.016872
vt 0.256747 0.012138
vt 0.999915 0.637844
vt 0.999915 0.646578
vt 0.998578 0.642309
vt 0.484394 0.572661
vt 0.001166 0.990882
vt 0.001814 0.980795
vt 0.003169 0.985380
vt 0.568526 0.003048
vt 0.828339 0.006903
vt 0.828495 0.001598
vt 0.830560 0.000635
vt 0.537232 0.796883
vt 0.492661 0.011600
vt 0.492597 0.008710
vt 0.029108 0.920423
vt 0.032015 0.928411
vt 0.024682 0.924049
vt 0.028753 0.322225
vt 0.990935 0.009705
vt 0.990935 0.017537
vt 0.988521 0.006141
vt 0.000212 0.559684
vt 0.002078 0.558606
vt 0.002301 0.564253
vt 0.202330 0.005118
vt 0.207813 0.003751
vt 0.201735 0.011827
vt 0.141311 0.763168
vt 0.137252 0.759547
vt 0.508060 0.006131
vt 0.514888 0.001170
vt 0.515559 0.009886
vt 0.541603 0.481924
vt 0.532656 0.001024
vt 0.529656 0.005509
vt 0.529948 0.001749
vt 0.937424 0.009080
vt 0.939593 0.012838
vt 0.928498 0.009527
vt 0.325723 0.008550
vt 0.336086 0.011917
vt 0.331390 0.012053
vt 0.027439 0.016854
vt 0.026308 0.022896
vt 0.024758 0.017674
vt 0.532577 0.005183
vt 0.877407 0.001525
vt 0.879284 0.006681
vt 0.876998 0.008525
vt 0.003643 0.456956
vt 0.005402 0.457427
vt 0.004284 0.470682
vt 0.726675 0.472971
vt 0.629396 0.007751
vt 0.636137 0.009683
vt 0.638443 0.014863
vt 0.928689 0.006314
vt 0.929102 0.002392
vt 0.931612 0.002228
vt 0.029601 0.023057
vt 0.635616 0.894022
vt 0.966798 0.002520
vt 0.969149 0.000557
vt 0.972142 0.001248
vt 0.444206 0.852231
vt 0.433179 0.811676
vt 0.478325 0.811676
vt 0.986527 0.009141
vt 0.986879 0.012490
vt 0.981479 0.009031
vt 0.786506 0.005792
vt 0.787475 0.001233
vt 0.789374 0.007812
vt 0.642670 0.001102
vt 0.644080 0.004976
vt 0.642352 0.007943
vt 0.002863 0.175321
vt 0.992270 0.561395
vt 0.995906 0.561332
vt 0.988014 0.566809
vt 0.007238 0.156891
vt 0.007238 0.146194
vt 0.012862 0.155651
vt 0.040490 0.564183
vt 0.027267 0.565628
vt 0.014284 0.558431
vt 0.610035 0.007550
vt 0.609779 0.004624
vt 0.615442 0.005689
vt 0.097930 0.025406
vt 0.092605 0.025477
vt 0.094155 0.021217
vt 0.965546 0.006301
vt 0.809523 0.011387
vt 0.798015 0.011387
vt 0.807226 0.006704
vt 0.021319 0.318759
vt 0.025219 0.321003
vt 0.546604 0.796291
vt 0.960081 0.704345
vt 0.823642 0.000877
vt 0.825958 0.000504
vt 0.825958 0.005811
vt 0.525395 0.790704
vt 0.736796 0.088665
vt 0.103113 0.000919
vt 0.105980 0.000150
vt 0.103065 0.005289
vt 0.099608 0.688822
vt 0.213514 0.008534
vt 0.213969 0.013741
vt 0.208623 0.006094
vt 0.105857 0.006885
vt 0.301272 0.018773
vt 0.301272 0.034996
vt 0.294708 0.023170
vt 0.229068 0.097015
vt 0.226802 0.069962
vt 0.245566 0.064934
vt 0.969807 0.711059
vt 0.830958 0.005978
vt 0.791584 0.243520
vt 0.552518 0.005132
vt 0.490051 0.009833
vt 0.733755 0.083595
vt 0.411074 0.004140
vt 0.412240 0.001255
vt 0.414051 0.006785
vt 0.994133 0.977918
vt 0.999335 0.978292
vt 0.998076 0.982988
vt 0.527262 0.764455
vt 0.023311 0.914151
vt 0.029635 0.916930
vt 0.544100 0.481461
vt 0.545347 0.478564
vt 0.730538 0.081949
vt 0.480356 0.571864
vt 0.991460 0.257362
vt 0.994791 0.251592
vt 0.994615 0.259740
vt 0.009305 0.161745
vt 0.693539 0.003100
vt 0.549820 0.005374
vt 0.551005 0.010951
vt 0.544877 0.009061
vt 0.028543 0.939115
vt 0.031871 0.936282
vt 0.579351 0.000667
vt 0.579351 0.006368
vt 0.575926 0.001763
vt 0.994156 0.532361
vt 0.987738 0.534614
vt 0.987046 0.529685
vt 0.615653 0.008313
vt 0.543739 0.004626
vt 0.027358 0.514633
vt 0.019262 0.511845
vt 0.032276 0.507908
vt 0.478695 0.994607
vt 0.489800 0.994607
vt 0.478541 0.998357
vt 0.303318 0.000745
vt 0.303318 0.006290
vt 0.300702 0.002429
vt 0.996372 0.526693
vt 0.096986 0.675284
vt 0.956460 0.018587
vt 0.970102 0.013621
vt 0.976706 0.019042
vt 0.728065 0.561171
vt 0.823288 0.007034
vt 0.019957 0.540564
vt 0.165509 0.003100
vt 0.167720 0.007840
vt 0.165446 0.013483
vt 0.732547 0.008903
vt 0.731207 0.005180
vt 0.733617 0.005402
vt 0.522059 0.380295
vt 0.522267 0.371415
vt 0.525011 0.378530
vt 0.995025 0.505493
vt 0.994478 0.501362
vt 0.996476 0.502381
vt 0.639013 0.003109
vt 0.639013 0.013473
vt 0.636867 0.006073
vt 0.525859 0.397885
vt 0.534345 0.413467
vt 0.524514 0.426381
vt 0.028862 0.013362
vt 0.031408 0.017329
vt 0.970200 0.006478
vt 0.171535 0.013122
vt 0.173210 0.017270
vt 0.165809 0.017493
vt 0.729412 0.006288
vt 0.723866 0.006414
vt 0.727996 0.003251
vt 0.166684 0.013430
vt 0.169099 0.009795
vt 0.996329 0.516872
vt 0.995129 0.513574
vt 0.996003 0.506244
vt 0.437960 0.005284
vt 0.433809 0.006633
vt 0.436701 0.001312
vt 0.087107 0.003077
vt 0.087413 0.005986
vt 0.084447 0.002054
vt 0.994719 0.985399
vt 0.017685 0.074891
vt 0.020812 0.076921
vt 0.015693 0.078983
vt 0.017968 0.096313
vt 0.016117 0.090682
vt 0.025302 0.089517
vt 0.000222 0.709274
vt 0.003942 0.699054
vt 0.004300 0.712001
vt 0.017904 0.082476
vt 0.927241 0.013031
vt 0.617156 0.006929
vt 0.617156 0.000106
vt 0.622040 0.004408
vt 0.565521 0.002140
vt 0.996382 0.257555
vt 0.020246 0.537699
vt 0.999776 0.203167
vt 0.999776 0.211909
vt 0.996706 0.209962
vt 0.089288 0.018934
vt 0.796161 0.002101
vt 0.800215 0.000231
vt 0.801327 0.003652
vt 0.173131 0.008884
vt 0.171090 0.002602
vt 0.172589 0.002171
vt 0.263216 0.172982
vt 0.344052 0.624884
vt 0.027198 0.429454
vt 0.030158 0.404776
vt 0.043483 0.418051
vt 0.184347 0.034133
vt 0.012448 0.144285
vt 0.019241 0.917241
vt 0.996844 0.812590
vt 0.999794 0.811215
vt 0.996688 0.817518
vt 0.104749 0.665030
vt 0.541457 0.008074
vt 0.004361 0.982539
vt 0.732130 0.001650
vt 0.455760 0.001824
vt 0.456713 0.007229
vt 0.448293 0.001199
vt 0.022848 0.532122
vt 0.003800 0.697342
vt 0.000220 0.702455
vt 0.000429 0.689505
vt 0.240993 0.464226
vt 0.991862 0.985846
vt 0.987988 0.992382
vt 0.985265 0.983965
vt 0.999374 0.214773
vt 0.998919 0.221385
vt 0.996298 0.218188
vt 0.938835 0.996355
vt 0.932243 0.998246
vt 0.941124 0.991201
vt 0.230808 0.466987
vt 0.600443 0.791040
vt 0.519042 0.350850
vt 0.525885 0.364090
vt 0.001021 0.490409
vt 0.000744 0.482470
vt 0.005287 0.477430
vt 0.017663 0.404759
vt 0.029070 0.404759
vt 0.025944 0.427905
vt 0.452538 0.082529
vt 0.456054 0.060328
vt 0.465709 0.081136
vt 0.017995 0.086066
vt 0.447809 0.007846
vt 0.987959 0.018482
vt 0.001230 0.978465
vt 0.870393 0.008153
vt 0.876341 0.003893
vt 0.875975 0.010523
vt 0.996077 0.495010
vt 0.999877 0.989285
vt 0.999646 0.995908
vt 0.997108 0.989016
vt 0.997422 0.561873
vt 0.999975 0.564092
vt 0.991482 0.566458
vt 0.092779 0.014498
vt 0.435454 0.087626
vt 0.448235 0.091210
vt 0.864204 0.901162
vt 0.171669 0.019705
vt 0.430444 0.000057
vt 0.474232 0.055518
vt 0.019313 0.935341
vt 0.010741 0.900893
vt 0.014916 0.897865
vt 0.016623 0.903118
vt 0.796459 0.005296
vt 0.034347 0.020048
vt 0.980960 0.003879
vt 0.022851 0.080323
vt 0.615849 0.000230
vt 0.011820 0.896587
vt 0.233172 0.015927
vt 0.239082 0.017734
vt 0.232319 0.020505
vt 0.025156 0.575739
vt 0.229638 0.458573
vt 0.237779 0.021471
vt 0.035465 0.011964
vt 0.301739 0.538135
vt 0.004684 0.007850
vt 0.014914 0.004526
vt 0.005686 0.009544
vt 0.608754 0.488921
vt 0.991251 0.990441
vt 0.873066 0.000532
vt 0.993151 0.065610
vt 0.771939 0.008906
vt 0.772118 0.001647
vt 0.774795 0.006509
vt 0.058041 0.094824
vt 0.039620 0.081223
vt 0.996148 0.098494
vt 0.997755 0.094081
vt 0.997821 0.101899
vt 0.335905 0.008051
vt 0.336959 0.004117
vt 0.336883 0.011461
vt 0.027712 0.010593
vt 0.033936 0.009718
vt 0.995528 0.200651
vt 0.999982 0.200728
vt 0.994992 0.207892
vt 0.000268 0.554057
vt 0.348880 0.012392
vt 0.343123 0.013934
vt 0.349623 0.009093
vt 0.998984 0.571293
vt 0.983469 0.991046
vt 0.023251 0.522772
vt 0.026481 0.492355
vt 0.023355 0.491742
vt 0.025990 0.483122
vt 0.349476 0.008406
vt 0.349476 0.000136
vt 0.354544 0.004323
vt 0.999060 0.078274
vt 0.999060 0.070972
vt 0.999936 0.075528
vt 0.338746 0.009086
vt 0.078954 0.026054
vt 0.995582 0.155163
vt 0.995388 0.152030
vt 0.997601 0.148870
vt 0.068696 0.000644
vt 0.068696 0.006894
vt 0.065475 0.003168
vt 0.000367 0.532766
vt 0.002472 0.529760
vt 0.003553 0.537959
vt 0.236325 0.009684
vt 0.229228 0.011979
vt 0.103399 0.673417
vt 0.723352 0.002632
vt 0.028932 0.321447
vt 0.027915 0.314739
vt 0.632230 0.126977
vt 0.742069 0.000233
vt 0.742069 0.008812
vt 0.734815 0.005681
vt 0.994372 0.243488
vt 0.992113 0.240684
vt 0.995324 0.237473
vt 0.024914 0.912314
vt 0.021277 0.912276
vt 0.026947 0.909590
vt 0.021519 0.520105
vt 0.982197 0.003088
vt 0.522283 0.777688
vt 0.966808 0.696463
vt 0.809115 0.225090
vt 0.840110 0.222630
vt 0.363619 0.011522
vt 0.361002 0.007662
vt 0.363621 0.002046
vt 0.023586 0.904990
vt 0.477935 0.009074
vt 0.478109 0.003449
vt 0.480288 0.002191
vt 0.457536 0.007700
vt 0.463203 0.003111
vt 0.457400 0.011462
vt 0.035856 0.063321
vt 0.217801 0.433517
vt 0.221144 0.419739
vt 0.226437 0.443339
vt 0.999483 0.819439
vt 0.283977 0.009829
vt 0.283977 0.003738
vt 0.285370 0.003898
vt 0.020476 0.097817
vt 0.695605 0.002536
vt 0.701729 0.000546
vt 0.703390 0.007494
vt 0.894031 0.003583
vt 0.896402 0.006969
vt 0.889732 0.006620
vt 0.166411 0.564947
vt 0.204443 0.552396
vt 0.192222 0.579850
vt 0.517690 0.591004
vt 0.699972 0.593323
vt 0.000704 0.602654
vt 0.004442 0.609295
vt 0.001344 0.615939
vt 0.039368 0.477997
vt 0.046997 0.480244
vt 0.042483 0.487605
vt 0.414052 0.108977
vt 0.419958 0.113658
vt 0.413490 0.122138
vt 0.488841 0.004303
vt 0.482874 0.012516
vt 0.487920 0.003062
vt 0.014779 0.893980
vt 0.625418 0.998388
vt 0.620178 0.992567
vt 0.631079 0.995676
vt 0.998361 0.031898
vt 0.998361 0.039459
vt 0.995609 0.032923
vt 0.998489 0.250813
vt 0.003158 0.112659
vt 0.005468 0.102500
vt 0.004973 0.112818
vt 0.628292 0.003039
vt 0.630520 0.002139
vt 0.628274 0.007911
vt 0.998512 0.152989
vt 0.993090 0.694223
vt 0.993090 0.685174
vt 0.996357 0.687470
vt 0.999876 0.767958
vt 0.999876 0.776263
vt 0.996606 0.771339
vt 0.201609 0.014006
vt 0.014271 0.966001
vt 0.014814 0.962927
vt 0.019058 0.970297
vt 0.480859 0.011879
vt 0.979862 0.989746
vt 0.981189 0.984037
vt 0.772902 0.961132
vt 0.781778 0.981111
vt 0.759636 0.984223
vt 0.241546 0.020753
vt 0.409666 0.994806
vt 0.403101 0.993648
vt 0.413984 0.993134
vt 0.035811 0.024544
vt 0.526857 0.352179
vt 0.998364 0.259120
vt 0.026975 0.526809
vt 0.992178 0.234401
vt 0.159513 0.012878
vt 0.161756 0.023571
vt 0.156387 0.022499
vt 0.995103 0.146847
vt 0.204259 0.506482
vt 0.996274 0.649797
vt 0.994681 0.652072
vt 0.994707 0.642400
vt 0.026126 0.521609
vt 0.029692 0.518967
vt 0.995098 0.213809
vt 0.357629 0.993042
vt 0.356210 0.997410
vt 0.354431 0.994146
vt 0.627623 0.006028
vt 0.622628 0.004405
vt 0.624774 0.000002
vt 0.049266 0.008815
vt 0.049266 0.002241
vt 0.051237 0.003262
vt 0.997773 0.642946
vt 0.997323 0.648083
vt 0.997202 0.639354
vt 0.889527 0.004481
vt 0.999190 0.890886
vt 0.994544 0.884491
vt 0.999426 0.885175
vt 0.361605 0.003875
vt 0.325202 0.007118
vt 0.331442 0.005210
vt 0.335602 0.010368
vt 0.732253 0.011501
vt 0.734798 0.007092
vt 0.743626 0.011255
vt 0.030805 0.483472
vt 0.164183 0.017775
vt 0.999872 0.148786
vt 0.024447 0.077265
vt 0.235262 0.457690
vt 0.676814 0.000575
vt 0.674396 0.006144
vt 0.674589 0.002133
vt 0.281434 0.021408
vt 0.279763 0.012484
vt 0.287272 0.014218
vt 0.022788 0.899633
vt 0.108104 0.685922
vt 0.005326 0.605863
vt 0.154303 0.870617
vt 0.149415 0.856814
vt 0.163975 0.859500
vt 0.419694 0.889743
vt 0.437870 0.878158
vt 0.422885 0.892061
vt 0.024582 0.309119
vt 0.158846 0.946867
vt 0.470296 0.191943
vt 0.426411 0.097508
vt 0.431306 0.104321
vt 0.287324 0.023472
vt 0.998361 0.238621
vt 0.995107 0.234742
vt 0.998066 0.229721
vt 0.527676 0.395742
vt 0.774755 0.002859
vt 0.001132 0.109536
vt 0.001065 0.103419
vt 0.086713 0.012137
vt 0.681339 0.006876
vt 0.689253 0.005745
vt 0.687161 0.010803
vt 0.481511 0.009401
vt 0.680147 0.003639
vt 0.688941 0.003131
vt 0.000748 0.754370
vt 0.004148 0.755382
vt 0.003874 0.758514
vt 0.753711 0.555490
vt 0.168455 0.023050
vt 0.028327 0.525912
vt 0.990971 0.995047
vt 0.991856 0.998447
vt 0.987882 0.995279
vt 0.637537 0.996825
vt 0.635679 0.994611
vt 0.637688 0.992622
vt 0.022806 0.310358
vt 0.485739 0.860603
vt 0.515543 0.860695
vt 0.505311 0.869730
vt 0.429879 0.007983
vt 0.033211 0.479122
vt 0.709716 0.009396
vt 0.706761 0.007326
vt 0.709822 0.002162
vt 0.910384 0.009908
vt 0.910186 0.006196
vt 0.917391 0.006196
vt 0.353952 0.350639
vt 0.337815 0.012190
vt 0.078988 0.017712
vt 0.958643 0.012429
vt 0.946382 0.012247
vt 0.951920 0.009295
vt 0.295409 0.918190
vt 0.270363 0.952664
vt 0.264893 0.939526
vt 0.254652 0.097268
vt 0.241620 0.115282
vt 0.021551 0.005032
vt 0.021467 0.009038
vt 0.014136 0.009038
vt 0.682759 0.012949
vt 0.998286 0.860809
vt 0.998347 0.868780
vt 0.994618 0.865180
vt 0.010609 0.008688
vt 0.016182 0.005219
vt 0.107282 0.700813
vt 0.250093 0.075274
vt 0.260498 0.996023
vt 0.276736 0.997444
vt 0.256430 0.997317
vt 0.527680 0.011473
vt 0.530178 0.006115
vt 0.533920 0.011412
vt 0.025817 0.093477
vt 0.525900 0.001134
vt 0.525900 0.007408
vt 0.524352 0.003575
vt 0.027175 0.097261
vt 0.112543 0.701963
vt 0.016842 0.971553
vt 0.614076 0.124214
vt 0.059859 0.044665
vt 0.079633 0.027042
vt 0.108065 0.043457
vt 0.469479 0.222463
vt 0.482447 0.217204
vt 0.502422 0.481221
vt 0.996518 0.117544
vt 0.996518 0.109591
vt 0.999965 0.112845
vt 0.916456 0.013904
vt 0.998344 0.212283
vt 0.997285 0.907667
vt 0.998798 0.909470
vt 0.997182 0.915449
vt 0.998899 0.177088
vt 0.998899 0.185726
vt 0.995071 0.181736
vt 0.021323 0.893214
vt 0.671876 0.003063
vt 0.667229 0.006409
vt 0.666998 0.002637
vt 0.002069 0.550823
vt 0.113320 0.026692
vt 0.131278 0.389636
vt 0.118125 0.355604
vt 0.134571 0.370957
vt 0.999784 0.656934
vt 0.999477 0.662792
vt 0.997201 0.665176
vt 0.994674 0.945934
vt 0.997501 0.945934
vt 0.994992 0.952445
vt 0.337981 0.015537
vt 0.997845 0.953563
vt 0.520614 0.012024
vt 0.516206 0.009479
vt 0.527010 0.011276
vt 0.038869 0.014095
vt 0.276909 0.010196
vt 0.275993 0.020199
vt 0.028098 0.099481
vt 0.170647 0.872278
vt 0.958400 0.008676
vt 0.029895 0.069873
vt 0.673706 0.006148
vt 0.007524 0.869906
vt 0.006333 0.865462
vt 0.009952 0.870823
vt 0.985132 0.598997
vt 0.986983 0.588500
vt 0.993733 0.601695
vt 0.863120 0.005613
vt 0.858427 0.007801
vt 0.863293 0.003471
vt 0.126209 0.354220
vt 0.140084 0.341854
vt 0.398448 0.124382
vt 0.269654 0.008742
vt 0.265864 0.020404
vt 0.264015 0.015109
vt 0.442635 0.004551
vt 0.442635 0.011027
vt 0.441285 0.004931
vt 0.997600 0.954488
vt 0.995086 0.958639
vt 0.995328 0.954488
vt 0.994494 0.638248
vt 0.996100 0.633835
vt 0.996461 0.643551
vt 0.982862 0.993757
vt 0.484688 0.003959
vt 0.481643 0.007004
vt 0.481931 0.000534
vt 0.528901 0.373705
vt 0.523300 0.005786
vt 0.018464 0.975307
vt 0.227526 0.113463
vt 0.995282 0.868840
vt 0.005408 0.757763
vt 0.714742 0.440922
vt 0.710802 0.431512
vt 0.706433 0.408166
vt 0.908353 0.008893
vt 0.903185 0.003211
vt 0.908353 0.001588
vt 0.988128 0.998367
vt 0.677581 0.005759
vt 0.921473 0.012352
vt 0.118560 0.009032
vt 0.116615 0.006254
vt 0.118452 0.002024
vt 0.107749 0.676226
vt 0.129296 0.348146
vt 0.126604 0.342479
vt 0.388833 0.262736
vt 0.407653 0.277032
vt 0.396317 0.278785
vt 0.308887 0.026508
vt 0.329450 0.018200
vt 0.321570 0.040594
vt 0.000243 0.526523
vt 0.011226 0.580143
vt 0.007102 0.579038
vt 0.011619 0.578015
vt 0.704532 0.008541
vt 0.704532 0.002012
vt 0.707529 0.003244
vt 0.483505 0.515482
vt 0.506315 0.476514
vt 0.514068 0.477382
vt 0.040043 0.095073
vt 0.997387 0.030954
vt 0.995921 0.031637
vt 0.995578 0.027934
vt 0.115083 0.008298
vt 0.114237 0.003499
vt 0.115411 0.002255
vt 0.229548 0.014714
vt 0.233662 0.027375
vt 0.215584 0.030010
vt 0.421937 0.306534
vt 0.401080 0.288770
vt 0.413777 0.281421
vt 0.506031 0.164260
vt 0.604884 0.009853
vt 0.596635 0.008603
vt 0.600476 0.003318
vt 0.954906 0.001325
vt 0.962180 0.000043
vt 0.954989 0.007562
vt 0.925949 0.000737
vt 0.925949 0.006298
vt 0.923800 0.001295
vt 0.856091 0.003254
vt 0.461230 0.996299
vt 0.458870 0.996299
vt 0.459475 0.992646
vt 0.038763 0.021834
vt 0.439144 0.066021
vt 0.029257 0.080299
vt 0.517064 0.005564
vt 0.902702 0.008566
vt 0.163976 0.023371
vt 0.018459 0.432623
vt 0.023680 0.425669
vt 0.023922 0.431159
vt 0.978629 0.601952
vt 0.235001 0.135619
vt 0.997301 0.024141
vt 0.834367 0.994843
vt 0.835016 0.991147
vt 0.849283 0.994970
vt 0.999296 0.949659
vt 0.676860 0.006461
vt 0.882050 0.991818
vt 0.883724 0.985569
vt 0.904382 0.990700
vt 0.404452 0.106679
vt 0.399031 0.003529
vt 0.400467 0.006609
vt 0.399308 0.010541
vt 0.682054 0.821623
vt 0.690644 0.822093
vt 0.686527 0.823939
vt 0.702603 0.414793
vt 0.961405 0.005451
vt 0.958885 0.007998
vt 0.026548 0.075263
vt 0.913921 0.066803
vt 0.935053 0.044141
vt 0.921646 0.084915
vt 0.475315 0.245064
vt 0.427932 0.879616
vt 0.999844 0.899115
vt 0.999844 0.906915
vt 0.997643 0.906349
vt 0.003777 0.524353
vt 0.418128 0.907576
vt 0.414070 0.912741
vt 0.411170 0.908477
vt 0.723702 0.441180
vt 0.716617 0.449193
vt 0.596576 0.006376
vt 0.597010 0.002240
vt 0.599907 0.001664
vt 0.006453 0.318833
vt 0.006551 0.310579
vt 0.009596 0.312093
vt 0.975977 0.990752
vt 0.776551 0.699643
vt 0.770796 0.705191
vt 0.761548 0.698715
vt 0.009407 0.328617
vt 0.006243 0.325088
vt 0.503124 0.473935
vt 0.244641 0.014988
vt 0.408030 0.282693
vt 0.534476 0.465842
vt 0.017845 0.577594
vt 0.022546 0.580195
vt 0.179305 0.004633
vt 0.187263 0.007529
vt 0.177561 0.007467
vt 0.141259 0.009929
vt 0.141548 0.004408
vt 0.143666 0.003136
vt 0.882279 0.993060
vt 0.882127 0.997409
vt 0.880033 0.992038
vt 0.572214 0.825278
vt 0.567209 0.838669
vt 0.532883 0.832617
vt 0.318198 0.171446
vt 0.998381 0.957606
vt 0.530034 0.379383
vt 0.935977 0.991446
vt 0.913772 0.991446
vt 0.915415 0.985941
vt 0.686260 0.819670
vt 0.717494 0.506034
vt 0.009838 0.320731
vt 0.852788 0.007606
vt 0.112000 0.673209
vt 0.816044 0.994784
vt 0.788981 0.994784
vt 0.802382 0.993658
vt 0.846388 0.990960
vt 0.841189 0.007141
vt 0.835462 0.010447
vt 0.830168 0.007252
vt 0.750885 0.955475
vt 0.041407 0.017618
vt 0.242676 0.010368
vt 0.488227 0.011251
vt 0.483510 0.013866
vt 0.490359 0.005230
vt 0.524019 0.463857
vt 0.425525 0.897296
vt 0.982751 0.997609
vt 0.937705 0.005054
vt 0.928677 0.008542
vt 0.931642 0.004524
vt 0.009024 0.426486
vt 0.271612 0.001669
vt 0.269594 0.007879
vt 0.269656 0.002598
vt 0.713773 0.995088
vt 0.716377 0.993197
vt 0.716200 0.998261
vt 0.101285 0.005036
vt 0.099361 0.006961
vt 0.099217 0.001337
vt 0.140887 0.953812
vt 0.124061 0.038953
vt 0.112741 0.038851
vt 0.375265 0.009856
vt 0.364936 0.009816
vt 0.366348 0.006610
vt 0.373316 0.004717
vt 0.998726 0.094101
vt 0.999767 0.097985
vt 0.998884 0.101879
vt 0.986456 0.998344
vt 0.673065 0.985944
vt 0.690621 0.988428
vt 0.673738 0.987794
vt 0.225830 0.453116
vt 0.182837 0.004029
vt 0.392810 0.506906
vt 0.399207 0.477978
vt 0.415432 0.492491
vt 0.427272 0.320634
vt 0.428942 0.334464
vt 0.422602 0.320445
vt 0.995096 0.064140
vt 0.995096 0.056463
vt 0.997869 0.060846
vt 0.041574 0.013646
vt 0.415014 0.902452
vt 0.414059 0.908069
vt 0.035434 0.086517
vt 0.033751 0.085477
vt 0.033237 0.077619
vt 0.694494 0.821647
vt 0.000455 0.831157
vt 0.005460 0.824261
vt 0.004201 0.831485
vt 0.506483 0.007526
vt 0.502798 0.002860
vt 0.505042 0.002147
vt 0.038644 0.025960
vt 0.502562 0.011420
vt 0.000068 0.824520
vt 0.683288 0.817331
vt 0.637105 0.504601
vt 0.306228 0.021830
vt 0.164216 0.010097
vt 0.979162 0.995133
vt 0.724920 0.463322
vt 0.101081 0.001079
vt 0.029469 0.087859
vt 0.014108 0.981294
vt 0.539155 0.009498
vt 0.530121 0.445002
vt 0.852406 0.005855
vt 0.852406 0.001181
vt 0.854630 0.002376
vt 0.004227 0.098237
vt 0.000622 0.766436
vt 0.004812 0.764638
vt 0.002133 0.767238
vt 0.031164 0.077320
vt 0.696292 0.886598
vt 0.688966 0.889533
vt 0.685396 0.887472
vt 0.455775 0.963028
vt 0.470302 0.965589
vt 0.445551 0.974661
vt 0.607888 0.005368
vt 0.234314 0.451176
vt 0.080229 0.675988
vt 0.069943 0.699988
vt 0.071346 0.691373
vt 0.422301 0.905965
vt 0.538843 0.008009
vt 0.164364 0.003109
vt 0.164712 0.008090
vt 0.158403 0.011967
vt 0.905385 0.000153
vt 0.994580 0.924466
vt 0.994580 0.916740
vt 0.998887 0.923218
vt 0.417337 0.913750
vt 0.416983 0.916871
vt 0.419156 0.898961
vt 0.003861 0.793332
vt 0.001667 0.785144
vt 0.003725 0.780538
vt 0.004934 0.837045
vt 0.995158 0.962095
vt 0.298711 0.169758
vt 0.994545 0.887009
vt 0.996912 0.890390
vt 0.994811 0.894901
vt 0.033592 0.087812
vt 0.244925 0.780530
vt 0.237286 0.750456
vt 0.262211 0.820398
vt 0.999902 0.723914
vt 0.997585 0.717612
vt 0.999902 0.718060
vt 0.997923 0.726106
vt 0.434723 0.963810
vt 0.903640 0.094304
vt 0.116424 0.203257
vt 0.902923 0.000341
vt 0.999980 0.708564
vt 0.999980 0.717065
vt 0.998512 0.713935
vt 0.938157 0.008375
vt 0.784523 0.700994
vt 0.732185 0.484664
vt 0.073137 0.719415
vt 0.070050 0.709847
vt 0.081555 0.715819
vt 0.138176 0.370204
vt 0.046803 0.411072
vt 0.156649 0.006339
vt 0.154909 0.007800
vt 0.155085 0.001245
vt 0.659558 0.154768
vt 0.411919 0.316122
vt 0.418889 0.313065
vt 0.000085 0.250567
vt 0.000085 0.236368
vt 0.003433 0.241697
vt 0.034056 0.080953
vt 0.032539 0.085997
vt 0.422724 0.910376
vt 0.418479 0.915105
vt 0.499920 0.007363
vt 0.498070 0.001644
vt 0.499800 0.001180
vt 0.535020 0.391886
vt 0.001153 0.368457
vt 0.000517 0.356333
vt 0.005513 0.369295
vt 0.240957 0.798984
vt 0.283376 0.011379
vt 0.277428 0.003194
vt 0.283355 0.005309
vt 0.605755 0.003212
vt 0.342596 0.003314
vt 0.337806 0.006795
vt 0.340440 0.002250
vt 0.305310 0.011994
vt 0.299213 0.006106
vt 0.299432 0.003081
vt 0.728143 0.518946
vt 0.731715 0.496646
vt 0.290664 0.375831
vt 0.317185 0.390299
vt 0.309168 0.391359
vt 0.870278 0.189926
vt 0.862541 0.202308
vt 0.861628 0.184062
vt 0.129066 0.717692
vt 0.117144 0.715396
vt 0.033595 0.096452
vt 0.033448 0.090869
vt 0.996495 0.803106
vt 0.998982 0.802667
vt 0.996745 0.808476
vt 0.498228 0.005567
vt 0.998304 0.810901
vt 0.429782 0.451914
vt 0.440824 0.469554
vt 0.051754 0.398437
vt 0.029653 0.398437
vt 0.040108 0.389502
vt 0.009694 0.855496
vt 0.999442 0.845504
vt 0.997712 0.840751
vt 0.999775 0.837411
vt 0.060666 0.008879
vt 0.050389 0.008879
vt 0.053615 0.003182
vt 0.466203 0.855261
vt 0.008238 0.431543
vt 0.006129 0.853801
vt 0.474475 0.003996
vt 0.476064 0.001243
vt 0.476279 0.005290
vt 0.736898 0.494897
vt 0.448630 0.874586
vt 0.682771 0.416566
vt 0.069560 0.704552
vt 0.998018 0.891555
vt 0.999469 0.892572
vt 0.998110 0.899399
vt 0.750583 0.996455
vt 0.747792 0.991988
vt 0.758238 0.995409
vt 0.579972 0.005681
vt 0.579965 0.000660
vt 0.581749 0.000816
vt 0.141551 0.970449
vt 0.993433 0.988245
vt 0.992546 0.998382
vt 0.992497 0.987045
vt 0.995247 0.910320
vt 0.994702 0.913413
vt 0.995016 0.905682
vt 0.744409 0.494919
vt 0.031119 0.095907
vt 0.031103 0.089260
vt 0.440467 0.006461
vt 0.438930 0.003798
vt 0.440337 0.002081
vt 0.581844 0.005873
vt 0.415201 0.991642
vt 0.391447 0.993720
vt 0.417035 0.986198
vt 0.968449 0.625980
vt 0.966115 0.620675
vt 0.970315 0.613400
vt 0.240684 0.997486
vt 0.219617 0.997486
vt 0.233095 0.996483
vt 0.930737 0.137485
vt 0.941163 0.143875
vt 0.940728 0.150105
vt 0.556929 0.078333
vt 0.052199 0.419700
vt 0.163613 0.875164
vt 0.140700 0.395797
vt 0.139842 0.388719
vt 0.142561 0.390683
vt 0.949009 0.072305
vt 0.947880 0.066981
vt 0.951115 0.067264
vt 0.006751 0.094185
vt 0.006751 0.087941
vt 0.010675 0.096408
vt 0.979745 0.984583
vt 0.973540 0.989789
vt 0.958949 0.985749
vt 0.073375 0.731772
vt 0.070259 0.673158
vt 0.070680 0.679086
vt 0.720056 0.835448
vt 0.702907 0.827857
vt 0.386985 0.986179
vt 0.080846 0.700549
vt 0.591288 0.507556
vt 0.153506 0.943900
vt 0.438089 0.890137
vt 0.582581 0.518928
vt 0.975684 0.468601
vt 0.970553 0.450825
vt 0.975020 0.461013
vt 0.646657 0.500822
vt 0.669712 0.510856
vt 0.677218 0.518735
vt 0.028830 0.181725
vt 0.015313 0.163120
vt 0.030415 0.151944
vt 0.010729 0.640126
vt 0.006052 0.625729
vt 0.015054 0.624698
vt 0.974652 0.498421
vt 0.970505 0.488503
vt 0.976228 0.484234
vt 0.229090 0.425250
vt 0.509949 0.012221
vt 0.518920 0.012221
vt 0.507544 0.014915
vt 0.875774 0.315799
vt 0.876636 0.319016
vt 0.872992 0.316495
vt 0.930998 0.900269
vt 0.925821 0.906019
vt 0.929300 0.898989
vt 0.917881 0.042881
vt 0.451793 0.859918
vt 0.073604 0.658057
vt 0.079434 0.670143
vt 0.935269 0.894844
vt 0.941092 0.895917
vt 0.240065 0.770131
vt 0.498845 0.215040
vt 0.864352 0.295533
vt 0.871973 0.303035
vt 0.872016 0.316533
vt 0.379683 0.646492
vt 0.367816 0.652400
vt 0.370169 0.638230
vt 0.117246 0.760326
vt 0.122273 0.758670
vt 0.611881 0.971772
vt 0.594009 0.982303
vt 0.607109 0.968305
vt 0.645650 0.232386
vt 0.679928 0.245892
vt 0.661478 0.274828
vt 0.009936 0.879266
vt 0.006145 0.887396
vt 0.006345 0.870393
vt 0.802949 0.708357
vt 0.536589 0.454345
vt 0.622369 0.251787
vt 0.581562 0.249237
vt 0.612424 0.216956
vt 0.864202 0.058071
vt 0.858720 0.053681
vt 0.865262 0.051452
vt 0.975711 0.478461
vt 0.570935 0.991398
vt 0.572220 0.993624
vt 0.561428 0.990278
vt 0.537243 0.433438
vt 0.110982 0.752445
vt 0.448679 0.455395
vt 0.079402 0.657803
vt 0.409348 0.095111
vt 0.888722 0.577771
vt 0.886981 0.557874
vt 0.893231 0.577842
vt 0.860608 0.994403
vt 0.014110 0.699095
vt 0.015430 0.714175
vt 0.013716 0.723518
vt 0.056699 0.552118
vt 0.053795 0.542953
vt 0.053795 0.531762
vt 0.389162 0.656545
vt 0.376686 0.661078
vt 0.550445 0.016334
vt 0.557966 0.014319
vt 0.571163 0.015297
vt 0.990733 0.756038
vt 0.990064 0.749452
vt 0.992999 0.751177
vt 0.135180 0.771279
vt 0.961703 0.611856
vt 0.360287 0.630729
vt 0.687140 0.892898
vt 0.668881 0.891228
vt 0.584837 0.514108
vt 0.976213 0.622319
vt 0.976224 0.637952
vt 0.138553 0.275056
vt 0.891441 0.561847
vt 0.498668 0.012956
vt 0.126488 0.769611
vt 0.724284 0.374386
vt 0.746818 0.330606
vt 0.752164 0.320659
vt 0.023341 0.360742
vt 0.023987 0.354879
vt 0.030256 0.357161
vt 0.957295 0.807845
vt 0.957391 0.792213
vt 0.960972 0.797743
vt 0.209171 0.463931
vt 0.214950 0.453921
vt 0.210821 0.483574
vt 0.005385 0.082654
vt 0.005385 0.097246
vt 0.003157 0.091466
vt 0.982919 0.316603
vt 0.979934 0.326048
vt 0.980346 0.318404
vt 0.404949 0.280179
vt 0.377347 0.633009
vt 0.999441 0.961554
vt 0.998818 0.968885
vt 0.994529 0.963845
vt 0.987299 0.197850
vt 0.987230 0.209448
vt 0.983855 0.201294
vt 0.993855 0.716324
vt 0.132863 0.389847
vt 0.519065 0.577739
vt 0.234549 0.945237
vt 0.240083 0.944916
vt 0.237819 0.951137
vt 0.991166 0.730484
vt 0.284546 0.032447
vt 0.280057 0.030354
vt 0.287326 0.030613
vt 0.637584 0.502673
vt 0.143386 0.423791
vt 0.143386 0.394431
vt 0.149579 0.447234
vt 0.437978 0.476728
vt 0.451897 0.589371
vt 0.429331 0.575563
vt 0.635273 0.408143
vt 0.697614 0.989591
vt 0.701463 0.993441
vt 0.692187 0.989615
vt 0.807523 0.701310
vt 0.593438 0.994949
vt 0.589085 0.994568
vt 0.595629 0.989785
vt 0.990955 0.719984
vt 0.979639 0.304908
vt 0.984180 0.286809
vt 0.656681 0.887633
vt 0.983555 0.166431
vt 0.342671 0.867093
vt 0.275420 0.867093
vt 0.307272 0.865068
vt 0.358352 0.944896
vt 0.378057 0.946542
vt 0.377181 0.952069
vt 0.715986 0.991705
vt 0.706986 0.998244
vt 0.704618 0.994606
vt 0.027282 0.399189
vt 0.604145 0.988971
vt 0.610928 0.993398
vt 0.354675 0.867199
vt 0.320675 0.864225
vt 0.387868 0.861444
vt 0.993809 0.371965
vt 0.993809 0.407432
vt 0.990111 0.381792
vt 0.211176 0.496210
vt 0.703539 0.811487
vt 0.692185 0.809137
vt 0.701019 0.783111
vt 0.705248 0.990065
vt 0.711392 0.989855
vt 0.443314 0.959718
vt 0.462007 0.957841
vt 0.446653 0.962055
vt 0.214871 0.514602
vt 0.212880 0.513025
vt 0.665309 0.814897
vt 0.667079 0.805453
vt 0.347058 0.992712
vt 0.346671 0.994911
vt 0.337406 0.989971
vt 0.242490 0.915530
vt 0.242112 0.926025
vt 0.233404 0.908160
vt 0.148168 0.359298
vt 0.148771 0.386559
vt 0.395527 0.664593
vt 0.451658 0.017043
vt 0.431759 0.017043
vt 0.437715 0.012606
vt 0.171942 0.891852
vt 0.956665 0.206241
vt 0.965659 0.204977
vt 0.961241 0.213469
vt 0.213157 0.526593
vt 0.002080 0.054151
vt 0.005458 0.046906
vt 0.005189 0.061637
vt 0.011340 0.079472
vt 0.133882 0.412822
vt 0.701307 0.986125
vt 0.268647 0.030221
vt 0.277962 0.028357
vt 0.139894 0.256830
vt 0.416517 0.335666
vt 0.460704 0.427121
vt 0.470726 0.457062
vt 0.035135 0.121306
vt 0.030694 0.123870
vt 0.031687 0.117198
vt 0.362475 0.647853
vt 0.944701 0.521730
vt 0.944381 0.474086
vt 0.948081 0.502563
vt 0.452522 0.859178
vt 0.510037 0.858190
vt 0.081696 0.732147
vt 0.880199 0.959617
vt 0.858676 0.964783
vt 0.850682 0.964084
vt 0.937930 0.134802
vt 0.210818 0.544571
vt 0.214677 0.541869
vt 0.137998 0.425482
vt 0.710497 0.399037
vt 0.723811 0.372425
vt 0.844424 0.956837
vt 0.948693 0.376348
vt 0.948693 0.390476
vt 0.945277 0.355970
vt 0.612914 0.014548
vt 0.595057 0.012986
vt 0.615998 0.012085
vt 0.231604 0.930106
vt 0.748344 0.008988
vt 0.745408 0.004796
vt 0.748561 0.001564
vt 0.987207 0.941311
vt 0.987207 0.976779
vt 0.982139 0.948820
vt 0.720878 0.989474
vt 0.288532 0.164162
vt 0.959234 0.604652
vt 0.349888 0.012280
vt 0.358496 0.012387
vt 0.356437 0.016865
vt 0.237377 0.152671
vt 0.247173 0.140538
vt 0.051792 0.551547
vt 0.955970 0.191524
vt 0.807219 0.779647
vt 0.820584 0.782003
vt 0.792685 0.803513
vt 0.736555 0.015565
vt 0.716225 0.013787
vt 0.738047 0.012073
vt 0.105115 0.757337
vt 0.852614 0.068735
vt 0.788525 0.709867
vt 0.001156 0.790087
vt 0.003773 0.795701
vt 0.000749 0.802877
vt 0.173879 0.857451
vt 0.927986 0.129754
vt 0.140198 0.371774
vt 0.947809 0.410864
vt 0.221813 0.888565
vt 0.226542 0.882929
vt 0.223382 0.892317
vt 0.000701 0.070179
vt 0.000701 0.055449
vt 0.005329 0.065372
vt 0.366614 0.989511
vt 0.684798 0.812682
vt 0.994796 0.969100
vt 0.949281 0.021162
vt 0.610749 0.989891
vt 0.484324 0.962762
vt 0.122380 0.209329
vt 0.003326 0.648073
vt 0.000544 0.637689
vt 0.003477 0.634841
vt 0.838521 0.784643
vt 0.830637 0.793425
vt 0.010357 0.236548
vt 0.007733 0.235324
vt 0.010183 0.218729
vt 0.140669 0.425100
vt 0.736696 0.773635
vt 0.727822 0.766873
vt 0.742002 0.759226
vt 0.362089 0.011398
vt 0.350474 0.011398
vt 0.358650 0.008703
vt 0.772676 0.948360
vt 0.796865 0.948360
vt 0.772315 0.949611
vt 0.867416 0.170610
vt 0.226929 0.162119
vt 0.875284 0.956322
vt 0.141965 0.363654
vt 0.208060 0.968800
vt 0.229441 0.966112
vt 0.245708 0.967535
vt 0.271191 0.142529
vt 0.445326 0.434444
vt 0.395544 0.661603
vt 0.884156 0.585261
vt 0.675875 0.075610
vt 0.662372 0.079242
vt 0.660420 0.076916
vt 0.037664 0.050478
vt 0.035619 0.062192
vt 0.033015 0.055126
vt 0.947897 0.526416
vt 0.778290 0.773919
vt 0.790828 0.775529
vt 0.752828 0.783473
vt 0.981160 0.284002
vt 0.022177 0.334736
vt 0.218495 0.965873
vt 0.719100 0.808148
vt 0.710950 0.807493
vt 0.657727 0.077030
vt 0.127334 0.772689
vt 0.946754 0.013265
vt 0.967819 0.013265
vt 0.947888 0.018394
vt 0.031683 0.061338
vt 0.221699 0.894917
vt 0.514192 0.186339
vt 0.940826 0.117420
vt 0.935402 0.109622
vt 0.941673 0.100666
vt 0.320569 0.376198
vt 0.368451 0.660454
vt 0.613027 0.955386
vt 0.957342 0.593073
vt 0.725187 0.811788
vt 0.962466 0.194968
vt 0.224931 0.922097
vt 0.632854 0.886499
vt 0.957853 0.785241
vt 0.974665 0.212543
vt 0.966246 0.217874
vt 0.871953 0.280474
vt 0.579682 0.994362
vt 0.936815 0.717556
vt 0.935457 0.711177
vt 0.938926 0.691505
vt 0.861914 0.854902
vt 0.471262 0.660201
vt 0.460766 0.681409
vt 0.468607 0.660669
vt 0.955781 0.158325
vt 0.955781 0.124265
vt 0.969847 0.162220
vt 0.937622 0.126498
vt 0.005325 0.279635
vt 0.005205 0.293732
vt 0.000705 0.289543
vt 0.427599 0.079253
vt 0.986723 0.140417
vt 0.986723 0.180176
vt 0.984648 0.136909
vt 0.696789 0.810558
vt 0.758632 0.772460
vt 0.975834 0.615342
vt 0.040881 0.355524
vt 0.654442 0.892589
vt 0.355593 0.651264
vt 0.854030 0.695661
vt 0.363632 0.016048
vt 0.385080 0.262955
vt 0.403656 0.304077
vt 0.032837 0.139135
vt 0.854646 0.101781
vt 0.923215 0.874503
vt 0.975186 0.219931
vt 0.837048 0.076900
vt 0.844351 0.066161
vt 0.616555 0.078803
vt 0.628264 0.078853
vt 0.616758 0.082868
vt 0.418676 0.008426
vt 0.420886 0.001624
vt 0.422529 0.006339
vt 0.645831 0.078417
vt 0.433513 0.349813
vt 0.388329 0.668499
vt 0.628379 0.080042
vt 0.649854 0.820468
vt 0.682286 0.820468
vt 0.637208 0.822472
vt 0.065416 0.242690
vt 0.552853 0.009543
vt 0.564577 0.008736
vt 0.564577 0.012370
vt 0.730241 0.825975
vt 0.452440 0.998471
vt 0.458615 0.989971
vt 0.457726 0.997600
vt 0.476197 0.574966
vt 0.149053 0.345305
vt 0.618955 0.994249
vt 0.895158 0.002780
vt 0.898310 0.000135
vt 0.897979 0.006900
vt 0.032606 0.027758
vt 0.378910 0.090719
vt 0.397259 0.095977
vt 0.924851 0.893238
vt 0.936638 0.691685
vt 0.415527 0.335872
vt 0.340127 0.391954
vt 0.146958 0.924997
vt 0.143426 0.938401
vt 0.142555 0.930632
vt 0.616059 0.816724
vt 0.825330 0.709851
vt 0.608481 0.078492
vt 0.992579 0.582225
vt 0.992579 0.573052
vt 0.995863 0.573533
vt 0.428998 0.368421
vt 0.413015 0.336131
vt 0.000823 0.279850
vt 0.957903 0.470046
vt 0.963155 0.471769
vt 0.960048 0.478431
vt 0.347981 0.658939
vt 0.467877 0.008383
vt 0.468715 0.003092
vt 0.474334 0.010476
vt 0.427975 0.011963
vt 0.416247 0.011070
vt 0.422294 0.007986
vt 0.154790 0.939444
vt 0.379337 0.972692
vt 0.453269 0.662973
vt 0.282887 0.155057
vt 0.859145 0.183004
vt 0.604146 0.817782
vt 0.266214 0.094166
vt 0.511241 0.581427
vt 0.961298 0.757984
vt 0.369207 0.012589
vt 0.514508 0.234881
vt 0.995922 0.861600
vt 0.992018 0.863589
vt 0.994660 0.855004
vt 0.378193 0.013521
vt 0.370509 0.014962
vt 0.375041 0.010876
vt 0.155095 0.923351
vt 0.252083 0.124621
vt 0.059138 0.588038
vt 0.591336 0.989055
vt 0.475734 0.054966
vt 0.511249 0.075359
vt 0.460219 0.105371
vt 0.641550 0.201978
vt 0.000027 0.139165
vt 0.000027 0.124655
vt 0.004998 0.130508
vt 0.426293 0.368618
vt 0.948350 0.694749
vt 0.953082 0.707299
vt 0.732095 0.811733
vt 0.751683 0.804509
vt 0.040309 0.959903
vt 0.033118 0.958916
vt 0.037431 0.955985
vt 0.353506 0.671550
vt 0.429995 0.265292
vt 0.595396 0.077078
vt 0.024161 0.670255
vt 0.035136 0.673899
vt 0.028800 0.678291
vt 0.512283 0.655925
vt 0.520669 0.673189
vt 0.500621 0.656977
vt 0.956478 0.184300
vt 0.963666 0.177054
vt 0.398345 0.009958
vt 0.388087 0.006625
vt 0.397938 0.007987
vt 0.004843 0.561390
vt 0.004843 0.574791
vt 0.001187 0.569624
vt 0.042605 0.378883
vt 0.030014 0.369236
vt 0.041749 0.366892
vt 0.334293 0.376247
vt 0.356341 0.378279
vt 0.229872 0.917540
vt 0.174476 0.995703
vt 0.186722 0.995703
vt 0.164988 0.997472
vt 0.874962 0.281540
vt 0.968894 0.589184
vt 0.047549 0.953102
vt 0.546878 0.670489
vt 0.533691 0.655888
vt 0.548741 0.655950
vt 0.752140 0.833849
vt 0.056614 0.606429
vt 0.050912 0.581876
vt 0.593956 0.979788
vt 0.590637 0.981266
vt 0.594515 0.968964
vt 0.579785 0.012713
vt 0.579021 0.016433
vt 0.570295 0.014095
vt 0.674228 0.837284
vt 0.679900 0.821701
vt 0.705858 0.841571
vt 0.034931 0.151646
vt 0.000117 0.160247
vt 0.000109 0.149125
vt 0.004202 0.158342
vt 0.956247 0.170207
vt 0.539004 0.843063
vt 0.975655 0.604374
vt 0.552508 0.011724
vt 0.417048 0.370210
vt 0.004315 0.346114
vt 0.002869 0.356217
vt 0.000208 0.350221
vt 0.168797 0.490502
vt 0.690304 0.994911
vt 0.680048 0.998243
vt 0.680345 0.994219
vt 0.164534 0.995493
vt 0.752171 0.813574
vt 0.519161 0.215308
vt 0.755144 0.504609
vt 0.775235 0.760971
vt 0.745328 0.778857
vt 0.295544 0.967114
vt 0.281115 0.969658
vt 0.296547 0.963508
vt 0.033878 0.680658
vt 0.404594 0.660353
vt 0.887083 0.644507
vt 0.885528 0.635690
vt 0.892361 0.643721
vt 0.492448 0.127148
vt 0.444381 0.133181
vt 0.568849 0.073413
vt 0.582680 0.078827
vt 0.339412 0.672594
vt 0.864195 0.268598
vt 0.028533 0.656420
vt 0.995033 0.142553
vt 0.998937 0.139820
vt 0.998789 0.148120
vt 0.427885 0.007635
vt 0.029876 0.386470
vt 0.027244 0.375510
vt 0.037770 0.388443
vt 0.342212 0.654306
vt 0.346253 0.647408
vt 0.520362 0.655807
vt 0.675951 0.214723
vt 0.252373 0.030852
vt 0.370138 0.011817
vt 0.899906 0.219655
vt 0.894567 0.221086
vt 0.897875 0.206902
vt 0.864700 0.067556
vt 0.976326 0.592261
vt 0.768298 0.753350
vt 0.404671 0.663941
vt 0.410643 0.668640
vt 0.043547 0.949464
vt 0.321637 0.370583
vt 0.401628 0.672663
vt 0.936233 0.113226
vt 0.589909 0.992410
vt 0.264769 0.136208
vt 0.093811 0.005423
vt 0.088098 0.005255
vt 0.088543 0.000170
vt 0.752887 0.752479
vt 0.920535 0.564607
vt 0.919395 0.546917
vt 0.921044 0.550051
vt 0.093359 0.000105
vt 0.297681 0.034586
vt 0.289441 0.033865
vt 0.297406 0.029777
vt 0.256454 0.963493
vt 0.293797 0.963493
vt 0.256549 0.966658
vt 0.453076 0.027089
vt 0.440004 0.035756
vt 0.429896 0.037538
vt 0.029209 0.954474
vt 0.971842 0.403549
vt 0.972394 0.421361
vt 0.969869 0.450220
vt 0.034360 0.654015
vt 0.483206 0.659322
vt 0.424404 0.061409
vt 0.915830 0.557343
vt 0.839634 0.798038
vt 0.829483 0.799550
vt 0.066570 0.539935
vt 0.078618 0.536707
vt 0.072364 0.571710
vt 0.890384 0.578608
vt 0.892093 0.629999
vt 0.017795 0.269496
vt 0.018243 0.275909
vt 0.014172 0.269547
vt 0.001123 0.571951
vt 0.002300 0.573584
vt 0.000715 0.576982
vt 0.142525 0.350321
vt 0.600370 0.926086
vt 0.603791 0.936590
vt 0.599459 0.932432
vt 0.036140 0.950170
vt 0.547001 0.582368
vt 0.004917 0.145783
vt 0.817254 0.802324
vt 0.190749 0.859921
vt 0.204497 0.876761
vt 0.395769 0.389996
vt 0.366028 0.010666
vt 0.991048 0.678913
vt 0.993861 0.711061
vt 0.990561 0.718575
vt 0.926057 0.096284
vt 0.937841 0.090942
vt 0.316254 0.366394
vt 0.966480 0.184960
vt 0.738819 0.987251
vt 0.722193 0.985796
vt 0.749666 0.985614
vt 0.994681 0.938525
vt 0.994681 0.930821
vt 0.999289 0.934869
vt 0.000444 0.342275
vt 0.472309 0.416517
vt 0.468875 0.444487
vt 0.459258 0.379721
vt 0.813937 0.909231
vt 0.818088 0.913382
vt 0.760807 0.912500
vt 0.331585 0.367745
vt 0.412324 0.069209
vt 0.752033 0.791088
vt 0.997363 0.084765
vt 0.995284 0.084359
vt 0.997476 0.078337
vt 0.282394 0.147124
vt 0.043150 0.344271
vt 0.931404 0.997105
vt 0.925333 0.997976
vt 0.926392 0.991974
vt 0.964631 0.006323
vt 0.963007 0.006323
vt 0.963539 0.000712
vt 0.984132 0.163839
vt 0.999304 0.969871
vt 0.994164 0.977365
vt 0.994199 0.969871
vt 0.890872 0.532979
vt 0.413636 0.252393
vt 0.287438 0.040206
vt 0.998671 0.976663
vt 0.452486 0.034563
vt 0.216473 0.914365
vt 0.211130 0.884065
vt 0.218016 0.863023
vt 0.032985 0.953655
vt 0.381157 0.247789
vt 0.558908 0.013329
vt 0.200028 0.896254
vt 0.197417 0.899468
vt 0.892027 0.522186
vt 0.470651 0.471433
vt 0.149568 0.940668
vt 0.134855 0.959061
vt 0.044236 0.943868
vt 0.397203 0.079991
vt 0.537134 0.000115
vt 0.537134 0.006418
vt 0.533217 0.005449
vt 0.013653 0.275159
vt 0.432887 0.422544
vt 0.755156 0.952112
vt 0.743770 0.951171
vt 0.741013 0.945257
vt 0.979936 0.007958
vt 0.978457 0.002437
vt 0.980337 0.001590
vt 0.755132 0.826498
vt 0.236286 0.031015
vt 0.364756 0.461943
vt 0.302929 0.040723
vt 0.757030 0.738569
vt 0.790630 0.010962
vt 0.790494 0.003204
vt 0.796441 0.011871
vt 0.337266 0.677736
vt 0.641520 0.987789
vt 0.616236 0.985577
vt 0.644568 0.985788
vt 0.397579 0.463067
vt 0.862985 0.119629
vt 0.098257 0.000695
vt 0.098257 0.005838
vt 0.095713 0.004424
vt 0.503211 0.689865
vt 0.702860 0.261880
vt 0.045645 0.389194
vt 0.960897 0.488459
vt 0.953211 0.535532
vt 0.948932 0.533745
vt 0.948932 0.501533
vt 0.141172 0.327706
vt 0.411846 0.674911
vt 0.023808 0.961157
vt 0.024718 0.646351
vt 0.022673 0.644869
vt 0.030133 0.642084
vt 0.001593 0.585336
vt 0.652422 0.823602
vt 0.994986 0.077044
vt 0.000033 0.848604
vt 0.003987 0.843891
vt 0.003477 0.856611
vt 0.996297 0.472860
vt 0.994658 0.470756
vt 0.996218 0.467410
vt 0.651283 0.949466
vt 0.653628 0.952816
vt 0.646312 0.954051
vt 0.746076 0.993744
vt 0.717743 0.993827
vt 0.739570 0.989988
vt 0.915061 0.005307
vt 0.909562 0.005307
vt 0.914810 0.001729
vt 0.608683 0.950641
vt 0.798748 0.987315
vt 0.771845 0.987315
vt 0.771604 0.986052
vt 0.728460 0.769033
vt 0.304417 0.037870
vt 0.809657 0.804394
vt 0.909894 0.549216
vt 0.937481 0.992281
vt 0.195566 0.013265
vt 0.192147 0.007576
vt 0.198378 0.011419
vt 0.990010 0.161274
vt 0.990010 0.137721
vt 0.990895 0.160976
vt 0.460357 0.034353
vt 0.922879 0.912186
vt 0.953225 0.892007
vt 0.954595 0.906593
vt 0.910269 0.002167
vt 0.753311 0.818836
vt 0.026159 0.645499
vt 0.028927 0.644656
vt 0.874068 0.263464
vt 0.010320 0.214089
vt 0.007268 0.225480
vt 0.007494 0.207686
vt 0.763225 0.527411
vt 0.294050 0.021507
vt 0.304950 0.013748
vt 0.301250 0.017181
vt 0.808191 0.015072
vt 0.816054 0.012332
vt 0.821025 0.016504
vt 0.260352 0.973164
vt 0.243198 0.973633
vt 0.246986 0.968300
vt 0.331732 0.666178
vt 0.995017 0.467213
vt 0.717406 0.057003
vt 0.740062 0.057003
vt 0.695929 0.060280
vt 0.898030 0.197524
vt 0.921864 0.540708
vt 0.972781 0.430569
vt 0.000112 0.853602
vt 0.187741 0.019058
vt 0.186912 0.010383
vt 0.919988 0.281188
vt 0.919769 0.254015
vt 0.924267 0.280433
vt 0.589983 0.205621
vt 0.691693 0.855097
vt 0.019559 0.281843
vt 0.287009 0.012138
vt 0.297314 0.006131
vt 0.329318 0.677545
vt 0.146444 0.312872
vt 0.993901 0.208261
vt 0.990520 0.208857
vt 0.991493 0.185113
vt 0.925458 0.221827
vt 0.057330 0.012082
vt 0.066258 0.014242
vt 0.060433 0.017048
vt 0.051650 0.391704
vt 0.255985 0.967904
vt 0.262268 0.967573
vt 0.025770 0.639952
vt 0.260694 0.138869
vt 0.818352 0.002679
vt 0.822883 0.008408
vt 0.817038 0.007581
vt 0.260672 0.162202
vt 0.410727 0.956343
vt 0.421184 0.933216
vt 0.436445 0.933216
vt 0.385029 0.494068
vt 0.846681 0.001019
vt 0.843879 0.006016
vt 0.843771 0.001019
vt 0.794598 0.808215
vt 0.270517 0.009121
vt 0.272794 0.002115
vt 0.274207 0.009443
vt 0.949135 0.541906
vt 0.028279 0.335708
vt 0.864067 0.251839
vt 0.067481 0.019576
vt 0.737481 0.951374
vt 0.731939 0.950567
vt 0.723871 0.989088
vt 0.466482 0.013879
vt 0.477679 0.010241
vt 0.477739 0.012271
vt 0.051559 0.910561
vt 0.049807 0.919622
vt 0.045712 0.916540
vt 0.869977 0.244841
vt 0.858877 0.226599
vt 0.879762 0.252847
vt 0.391818 0.005944
vt 0.387636 0.005944
vt 0.391872 0.001600
vt 0.998205 0.790419
vt 0.999785 0.789094
vt 0.999378 0.797339
vt 0.915845 0.001146
vt 0.918179 0.002349
vt 0.918443 0.005360
vt 0.921141 0.089766
vt 0.875285 0.997885
vt 0.862104 0.997885
vt 0.875765 0.992407
vt 0.816661 0.000134
vt 0.821996 0.001132
vt 0.915728 0.005386
vt 0.051472 0.517588
vt 0.059075 0.474468
vt 0.059081 0.548648
vt 0.288981 0.044092
vt 0.849658 0.110375
vt 0.920957 0.849760
vt 0.915655 0.853289
vt 0.663617 0.776836
vt 0.020818 0.278924
vt 0.693675 0.013404
vt 0.715371 0.012255
vt 0.700068 0.013963
vt 0.425958 0.676355
vt 0.870193 0.000230
vt 0.870730 0.003205
vt 0.869416 0.006814
vt 0.090167 0.530605
vt 0.754354 0.811361
vt 0.941451 0.091452
vt 0.063055 0.977916
vt 0.095739 0.977916
vt 0.065753 0.981883
vt 0.047720 0.926792
vt 0.815899 0.069024
vt 0.140050 0.321387
vt 0.032821 0.641507
vt 0.866959 0.000221
vt 0.185541 0.015362
vt 0.330848 0.363322
vt 0.887903 0.519764
vt 0.846379 0.004295
vt 0.551378 0.993010
vt 0.553647 0.994658
vt 0.551897 0.996940
vt 0.387525 0.000086
vt 0.867252 0.006040
vt 0.195867 0.330229
vt 0.193359 0.329601
vt 0.190037 0.291625
vt 0.591883 0.934236
vt 0.814851 0.002881
vt 0.032335 0.639417
vt 0.578100 0.940491
vt 0.577448 0.943696
vt 0.573581 0.942020
vt 0.861421 0.992065
vt 0.907078 0.105172
vt 0.728486 0.951839
vt 0.611373 0.954915
vt 0.384159 0.233557
vt 0.049764 0.393410
vt 0.035757 0.690248
vt 0.035757 0.654476
vt 0.038112 0.672420
vt 0.033299 0.633067
vt 0.017588 0.282416
vt 0.569512 0.941759
vt 0.567415 0.931150
vt 0.091833 0.498578
vt 0.074831 0.018683
vt 0.726444 0.086715
vt 0.556174 0.229644
vt 0.825886 0.012139
vt 0.475893 0.034220
vt 0.207871 0.869803
vt 0.451796 0.390758
vt 0.425536 0.404547
vt 0.993218 0.776429
vt 0.995813 0.773834
vt 0.995655 0.779984
vt 0.038368 0.939856
vt 0.045068 0.935213
vt 0.041655 0.943208
vt 0.050331 0.925905
vt 0.051660 0.939113
vt 0.993496 0.772598
vt 0.814806 0.008126
vt 0.451193 0.383726
vt 0.422666 0.677814
vt 0.995512 0.462819
vt 0.467409 0.685215
vt 0.993132 0.781674
vt 0.942320 0.992403
vt 0.946739 0.986951
vt 0.948050 0.987708
vt 0.399234 0.057355
vt 0.831005 0.014556
vt 0.398816 0.443640
vt 0.948296 0.553744
vt 0.037195 0.641524
vt 0.922467 0.530009
vt 0.962348 0.499532
vt 0.786108 0.809198
vt 0.714332 0.015383
vt 0.046572 0.645200
vt 0.047678 0.647565
vt 0.040142 0.644091
vt 0.042159 0.643194
vt 0.792887 0.760799
vt 0.958920 0.505233
vt 0.644167 0.840298
vt 0.553745 0.186425
vt 0.551271 0.207219
vt 0.030066 0.278665
vt 0.028565 0.282675
vt 0.027098 0.280102
vt 0.886051 0.683127
vt 0.887599 0.665430
vt 0.890304 0.702592
vt 0.865658 0.217212
vt 0.894662 0.229123
vt 0.027808 0.633640
vt 0.493728 0.026783
vt 0.960690 0.988070
vt 0.963208 0.991706
vt 0.955180 0.987090
vt 0.954987 0.311313
vt 0.956129 0.265572
vt 0.963173 0.299622
vt 0.483914 0.034577
vt 0.039180 0.917291
vt 0.023943 0.280175
vt 0.228184 0.969476
vt 0.922207 0.404735
vt 0.924397 0.393528
vt 0.930557 0.376606
vt 0.137882 0.307218
vt 0.571028 0.929576
vt 0.585478 0.935342
vt 0.903193 0.925187
vt 0.954585 0.926084
vt 0.009928 0.713964
vt 0.008162 0.703950
vt 0.009895 0.696589
vt 0.709668 0.952733
vt 0.463393 0.015893
vt 0.481216 0.012750
vt 0.483341 0.015754
vt 0.310747 0.764516
vt 0.330503 0.759349
vt 0.320205 0.763689
vt 0.525387 0.986811
vt 0.514590 0.994371
vt 0.494714 0.986031
vt 0.956694 0.986051
vt 0.032762 0.932757
vt 0.032870 0.941136
vt 0.993755 0.076915
vt 0.993785 0.084662
vt 0.990768 0.084503
vt 0.952954 0.985486
vt 0.031309 0.630044
vt 0.085001 0.574534
vt 0.771431 0.811962
vt 0.524656 0.691932
vt 0.935360 0.666867
vt 0.363517 0.454231
vt 0.704384 0.762308
vt 0.900036 0.535501
vt 0.057779 0.432928
vt 0.054982 0.400961
vt 0.058586 0.360037
vt 0.033537 0.923237
vt 0.023493 0.283770
vt 0.974171 0.790108
vt 0.970448 0.804979
vt 0.971022 0.791927
vt 0.990948 0.296059
vt 0.989957 0.307386
vt 0.990499 0.283066
vt 0.454723 0.682090
vt 0.990134 0.093437
vt 0.515159 0.691608
vt 0.876985 0.269545
vt 0.164653 0.060679
vt 0.133416 0.040369
vt 0.149062 0.047126
vt 0.059500 0.147611
vt 0.064859 0.089022
vt 0.068098 0.098847
vt 0.750435 0.715113
vt 0.591350 0.679821
vt 0.618457 0.634879
vt 0.662697 0.659272
vt 0.986646 0.071003
vt 0.989233 0.041432
vt 0.988094 0.085202
vt 0.139602 0.007459
vt 0.137785 0.006503
vt 0.139237 0.001084
vt 0.886158 0.697054
vt 0.170788 0.063181
vt 0.163311 0.044774
vt 0.936018 0.061474
vt 0.309491 0.963835
vt 0.498747 0.036320
vt 0.307417 0.769206
vt 0.137995 0.002126
vt 0.424491 0.232728
vt 0.275821 0.076132
vt 0.278919 0.117523
vt 0.802197 0.065035
vt 0.443118 0.962764
vt 0.031986 0.625300
vt 0.911672 0.851529
vt 0.179355 0.054641
vt 0.952694 0.361565
vt 0.949413 0.368745
vt 0.949420 0.360988
vt 0.671899 0.035030
vt 0.648799 0.039103
vt 0.690231 0.025391
vt 0.380147 0.060450
vt 0.030941 0.625324
vt 0.060809 0.107109
vt 0.953602 0.389260
vt 0.897343 0.186830
vt 0.899885 0.175914
vt 0.699949 0.955038
vt 0.692030 0.961703
vt 0.684303 0.961027
vt 0.905045 0.263145
vt 0.893343 0.274861
vt 0.402108 0.960349
vt 0.974855 0.446463
vt 0.533438 0.910184
vt 0.529584 0.868190
vt 0.537447 0.895225
vt 0.940625 0.075445
vt 0.846318 0.385051
vt 0.858707 0.417451
vt 0.853278 0.423921
vt 0.762843 0.771464
vt 0.800958 0.771042
vt 0.793019 0.774104
vt 0.665115 0.851801
vt 0.065644 0.120728
vt 0.529483 0.129076
vt 0.521925 0.180712
vt 0.555154 0.577709
vt 0.417750 0.414330
vt 0.637910 0.024213
vt 0.868722 0.211199
vt 0.896224 0.177615
vt 0.920068 0.511366
vt 0.666340 0.183837
vt 0.701430 0.196834
vt 0.844295 0.136888
vt 0.846818 0.966365
vt 0.880318 0.963986
vt 0.880318 0.984758
vt 0.660353 0.954378
vt 0.376028 0.222728
vt 0.387048 0.210273
vt 0.406200 0.211601
vt 0.648514 0.636019
vt 0.650844 0.781200
vt 0.672307 0.769480
vt 0.863739 0.121412
vt 0.505359 0.834594
vt 0.095239 0.543974
vt 0.899965 0.235490
vt 0.907957 0.210064
vt 0.972652 0.281582
vt 0.661988 0.960881
vt 0.853281 0.391906
vt 0.974848 0.773740
vt 0.299032 0.508690
vt 0.279399 0.508690
vt 0.298174 0.489150
vt 0.743995 0.729547
vt 0.681397 0.728728
vt 0.707240 0.719699
vt 0.681149 0.765539
vt 0.588234 0.899520
vt 0.524933 0.908522
vt 0.529564 0.912850
vt 0.950810 0.391016
vt 0.294521 0.774601
vt 0.296314 0.084414
vt 0.065878 0.137109
vt 0.653611 0.161855
vt 0.999424 0.987451
vt 0.997541 0.988212
vt 0.999946 0.981135
vt 0.922587 0.520727
vt 0.852418 0.382529
vt 0.092045 0.568958
vt 0.885451 0.711015
vt 0.975100 0.768048
vt 0.819414 0.769686
vt 0.296724 0.532081
vt 0.638441 0.032949
vt 0.857279 0.984300
vt 0.265019 0.962600
vt 0.287710 0.931370
vt 0.293775 0.959841
vt 0.751376 0.947876
vt 0.668481 0.061389
vt 0.817478 0.954251
vt 0.806473 0.947898
vt 0.822586 0.955117
vt 0.016738 0.167455
vt 0.029424 0.184915
vt 0.012285 0.185309
vt 0.584469 0.987257
vt 0.575108 0.985607
vt 0.604792 0.985752
vt 0.971284 0.755825
vt 0.492610 0.826072
vt 0.158780 0.504659
vt 0.155507 0.539668
vt 0.155970 0.504991
vt 0.690667 0.763266
vt 0.290668 0.772207
vt 0.521595 0.858507
vt 0.522505 0.869754
vt 0.783133 0.953976
vt 0.776911 0.952157
vt 0.790563 0.950296
vt 0.551599 0.076055
vt 0.852093 0.373701
vt 0.315933 0.526320
vt 0.353908 0.073699
vt 0.066060 0.142804
vt 0.520994 0.888215
vt 0.929264 0.399623
vt 0.928270 0.418221
vt 0.047467 0.748674
vt 0.043642 0.776703
vt 0.044024 0.768201
vt 0.815869 0.774687
vt 0.283859 0.473887
vt 0.806236 0.949918
vt 0.314994 0.968365
vt 0.689971 0.003156
vt 0.691436 0.004002
vt 0.690468 0.010412
vt 0.142204 0.873783
vt 0.078399 0.873783
vt 0.122581 0.836267
vt 0.048681 0.776226
vt 0.950965 0.402290
vt 0.006202 0.373692
vt 0.006202 0.355453
vt 0.007868 0.366614
vt 0.884570 0.718839
vt 0.701059 0.761201
vt 0.520845 0.903201
vt 0.810439 0.947985
vt 0.816603 0.950639
vt 0.432593 0.851310
vt 0.445212 0.853563
vt 0.446734 0.859242
vt 0.307777 0.741693
vt 0.034002 0.269393
vt 0.034002 0.302969
vt 0.031325 0.293572
vt 0.067403 0.154839
vt 0.500090 0.841914
vt 0.223029 0.868115
vt 0.221157 0.878732
vt 0.219182 0.868024
vt 0.956443 0.518396
vt 0.220265 0.919413
vt 0.893815 0.917823
vt 0.893033 0.940225
vt 0.863422 0.927703
vt 0.976285 0.755996
vt 0.769914 0.053248
vt 0.993292 0.415468
vt 0.990125 0.433430
vt 0.991282 0.397726
vt 0.560171 0.986768
vt 0.546428 0.987747
vt 0.545850 0.986157
vt 0.564364 0.985620
vt 0.434223 0.359258
vt 0.445081 0.387597
vt 0.440294 0.384276
vt 0.574617 0.659566
vt 0.594098 0.643519
vt 0.313761 0.305474
vt 0.267476 0.316011
vt 0.277044 0.294946
vt 0.893492 0.522990
vt 0.888637 0.508760
vt 0.852116 0.364164
vt 0.186685 0.079732
vt 0.195262 0.351387
vt 0.923024 0.511052
vt 0.287151 0.777371
vt 0.053731 0.249590
vt 0.056761 0.288368
vt 0.051279 0.251005
vt 0.818660 0.766629
vt 0.149453 0.520853
vt 0.382926 0.420023
vt 0.092961 0.574789
vt 0.895059 0.168001
vt 0.897631 0.156803
vt 0.290180 0.770787
vt 0.293987 0.741478
vt 0.044254 0.758686
vt 0.430484 0.855654
vt 0.709598 0.740762
vt 0.697361 0.162129
vt 0.918632 0.734407
vt 0.923366 0.707561
vt 0.924884 0.748056
vt 0.321359 0.738962
vt 0.304734 0.738237
vt 0.950528 0.414892
vt 0.044307 0.749530
vt 0.704870 0.741631
vt 0.993839 0.303269
vt 0.991085 0.308038
vt 0.993212 0.282940
vt 0.453913 0.359240
vt 0.932616 0.270362
vt 0.940087 0.284283
vt 0.933932 0.285399
vt 0.317389 0.964861
vt 0.908634 0.015878
vt 0.921562 0.020584
vt 0.898564 0.019928
vt 0.993869 0.621542
vt 0.993869 0.641028
vt 0.991056 0.614894
vt 0.852066 0.327837
vt 0.854038 0.342091
vt 0.406374 0.390688
vt 0.709560 0.736360
vt 0.922039 0.014090
vt 0.887210 0.731554
vt 0.939746 0.278743
vt 0.009121 0.067721
vt 0.011796 0.061983
vt 0.011985 0.078720
vt 0.911712 0.705140
vt 0.915220 0.731074
vt 0.287148 0.006392
vt 0.287547 0.000680
vt 0.291761 0.005644
vt 0.543290 0.310719
vt 0.592322 0.288526
vt 0.601321 0.297524
vt 0.855816 0.330348
vt 0.768562 0.990963
vt 0.788413 0.994464
vt 0.760834 0.994379
vt 0.993468 0.612395
vt 0.116721 0.969694
vt 0.102226 0.961325
vt 0.125430 0.966711
vt 0.903850 0.390279
vt 0.899629 0.339223
vt 0.903850 0.371664
vt 0.228116 0.014970
vt 0.214598 0.015397
vt 0.226517 0.010578
vt 0.865281 0.916123
vt 0.887273 0.918047
vt 0.829812 0.917826
vt 0.576261 0.986856
vt 0.237688 0.006791
vt 0.236214 0.002254
vt 0.238158 0.003868
vt 0.898149 0.357032
vt 0.216394 0.008724
vt 0.846916 0.984123
vt 0.169777 0.474004
vt 0.931288 0.258558
vt 0.940351 0.255610
vt 0.124512 0.969266
vt 0.637143 0.619045
vt 0.903316 0.359934
vt 0.384626 0.192152
vt 0.407378 0.201162
vt 0.993773 0.560142
vt 0.989142 0.545888
vt 0.992314 0.548270
vt 0.184750 0.461226
vt 0.965001 0.519889
vt 0.966701 0.502780
vt 0.972687 0.506577
vt 0.068138 0.159219
vt 0.777552 0.876418
vt 0.801389 0.875953
vt 0.792413 0.888888
vt 0.923497 0.764709
vt 0.916626 0.738153
vt 0.027424 0.954252
vt 0.031176 0.946424
vt 0.041188 0.943741
vt 0.923423 0.498207
vt 0.373973 0.166160
vt 0.394008 0.161918
vt 0.993532 0.314045
vt 0.991584 0.313919
vt 0.635428 0.001142
vt 0.635428 0.005391
vt 0.632914 0.001387
vt 0.557580 0.913669
vt 0.565814 0.915640
vt 0.969878 0.934042
vt 0.969878 0.893596
vt 0.974846 0.898882
vt 0.908785 0.727531
vt 0.122283 0.954687
vt 0.116925 0.949862
vt 0.133384 0.952246
vt 0.551134 0.917640
vt 0.095216 0.997473
vt 0.106364 0.996497
vt 0.118352 0.996993
vt 0.632823 0.012190
vt 0.637672 0.016259
vt 0.630267 0.016956
vt 0.114604 0.953308
vt 0.285123 0.009872
vt 0.190683 0.382747
vt 0.125690 0.944649
vt 0.138518 0.946864
vt 0.274263 0.020397
vt 0.270790 0.010461
vt 0.274802 0.010119
vt 0.305514 0.009854
vt 0.304034 0.007290
vt 0.305202 0.002708
vt 0.043279 0.739880
vt 0.498626 0.689976
vt 0.466972 0.720596
vt 0.462345 0.698352
vt 0.839004 0.222098
vt 0.831812 0.182586
vt 0.841053 0.210478
vt 0.300650 0.274481
vt 0.555897 0.649259
vt 0.154418 0.481225
vt 0.164175 0.462759
vt 0.570520 0.913446
vt 0.576280 0.910473
vt 0.176453 0.456411
vt 0.172617 0.455570
vt 0.326771 0.515803
vt 0.017372 0.864339
vt 0.017372 0.887922
vt 0.014789 0.882343
vt 0.266404 0.022544
vt 0.616599 0.012418
vt 0.136355 0.527828
vt 0.094604 0.623386
vt 0.104391 0.611721
vt 0.101775 0.639991
vt 0.779618 0.889678
vt 0.931823 0.229676
vt 0.030663 0.288847
vt 0.030663 0.254871
vt 0.033658 0.263117
vt 0.318382 0.966542
vt 0.546276 0.693690
vt 0.574607 0.695531
vt 0.566848 0.697317
vt 0.944343 0.305666
vt 0.950679 0.308496
vt 0.954652 0.323321
vt 0.895152 0.955544
vt 0.871802 0.952617
vt 0.942079 0.241399
vt 0.642061 0.598068
vt 0.953651 0.306145
vt 0.893360 0.962718
vt 0.915495 0.956490
vt 0.903247 0.969640
vt 0.993446 0.602690
vt 0.996449 0.449502
vt 0.996449 0.454059
vt 0.995511 0.449241
vt 0.182065 0.997159
vt 0.199756 0.995611
vt 0.203864 0.997354
vt 0.881546 0.967566
vt 0.018967 0.977087
vt 0.018967 0.995275
vt 0.014199 0.983418
vt 0.429150 0.377013
vt 0.993833 0.852328
vt 0.990491 0.864801
vt 0.990086 0.839285
vt 0.857464 0.953750
vt 0.855191 0.951476
vt 0.869204 0.953507
vt 0.589315 0.220559
vt 0.546729 0.712762
vt 0.533693 0.706066
vt 0.845700 0.773390
vt 0.898672 0.030394
vt 0.898071 0.042865
vt 0.889561 0.061115
vt 0.137500 0.965246
vt 0.555028 0.857178
vt 0.533765 0.853429
vt 0.584247 0.853256
vt 0.114599 0.940557
vt 0.136420 0.940433
vt 0.118674 0.014938
vt 0.125045 0.006168
vt 0.123026 0.013160
vt 0.438925 0.006697
vt 0.439445 0.009644
vt 0.434129 0.007742
vt 0.319571 0.799201
vt 0.312908 0.811451
vt 0.312252 0.800057
vt 0.720611 0.012346
vt 0.731651 0.008759
vt 0.731415 0.011470
vt 0.996123 0.444434
vt 0.101702 0.498508
vt 0.103922 0.508375
vt 0.102659 0.515535
vt 0.578445 0.906226
vt 0.094733 0.559506
vt 0.281101 0.427215
vt 0.300043 0.456915
vt 0.897711 0.144581
vt 0.901284 0.103745
vt 0.899965 0.167611
vt 0.594071 0.698035
vt 0.334981 0.002228
vt 0.334981 0.007822
vt 0.333863 0.004083
vt 0.167263 0.462956
vt 0.440830 0.007729
vt 0.141651 0.930740
vt 0.421257 0.737240
vt 0.102570 0.946980
vt 0.431580 0.011434
vt 0.880987 0.956804
vt 0.186545 0.369469
vt 0.434327 0.349027
vt 0.916334 0.738139
vt 0.706149 0.021636
vt 0.728495 0.023591
vt 0.678037 0.022046
vt 0.896965 0.992187
vt 0.895299 0.996255
vt 0.885447 0.992669
vt 0.102963 0.587452
vt 0.317295 0.474719
vt 0.296501 0.924737
vt 0.297478 0.937338
vt 0.290465 0.934031
vt 0.429705 0.009718
vt 0.018109 0.943738
vt 0.885961 0.996256
vt 0.606267 0.900050
vt 0.606267 0.865540
vt 0.608809 0.916369
vt 0.004930 0.589610
vt 0.000662 0.590915
vt 0.005368 0.578432
vt 0.598911 0.696138
vt 0.756086 0.006760
vt 0.761661 0.011438
vt 0.750400 0.011833
vt 0.654498 0.729520
vt 0.857563 0.667347
vt 0.855643 0.650056
vt 0.857788 0.637896
vt 0.029049 0.467009
vt 0.019530 0.464318
vt 0.027917 0.446333
vt 0.015173 0.467737
vt 0.018222 0.459292
vt 0.082820 0.001610
vt 0.082820 0.006431
vt 0.080999 0.004408
vt 0.706414 0.353316
vt 0.726147 0.334946
vt 0.723131 0.371202
vt 0.096082 0.523794
vt 0.005085 0.626428
vt 0.005398 0.634523
vt 0.001246 0.633077
vt 0.264385 0.755432
vt 0.139985 0.959954
vt 0.437055 0.011505
vt 0.946080 0.336768
vt 0.005453 0.611704
vt 0.005453 0.624979
vt 0.002587 0.615946
vt 0.169987 0.918584
vt 0.124306 0.906343
vt 0.175192 0.905537
vt 0.001135 0.621256
vt 0.421361 0.209548
vt 0.914399 0.985604
vt 0.909225 0.990778
vt 0.892134 0.985977
vt 0.029783 0.225585
vt 0.029783 0.191501
vt 0.033031 0.224954
vt 0.322437 0.000185
vt 0.324561 0.004514
vt 0.320777 0.002389
vt 0.521118 0.716398
vt 0.456647 0.010466
vt 0.453681 0.013002
vt 0.446562 0.012380
vt 0.141191 0.492639
vt 0.540479 0.857203
vt 0.891552 0.034576
vt 0.889026 0.033398
vt 0.894941 0.026808
vt 0.497292 0.005961
vt 0.492657 0.005961
vt 0.494526 0.000069
vt 0.403930 0.182123
vt 0.101285 0.529791
vt 0.138056 0.495349
vt 0.997291 0.843411
vt 0.999777 0.851062
vt 0.997208 0.850054
vt 0.930530 0.437464
vt 0.456132 0.008159
vt 0.603277 0.294856
vt 0.611913 0.045624
vt 0.659231 0.039740
vt 0.650427 0.045624
vt 0.776623 0.021141
vt 0.785203 0.026095
vt 0.762112 0.022201
vt 0.378829 0.898908
vt 0.338909 0.903306
vt 0.363239 0.883852
vt 0.993656 0.845060
vt 0.441652 0.012398
vt 0.434061 0.012151
vt 0.019142 0.626579
vt 0.019142 0.601060
vt 0.040657 0.612643
vt 0.292667 0.947153
vt 0.113287 0.023642
vt 0.120596 0.021852
vt 0.125406 0.029857
vt 0.633840 0.856691
vt 0.510800 0.725405
vt 0.849995 0.655975
vt 0.592247 0.708635
vt 0.968311 0.892837
vt 0.969156 0.917509
vt 0.964370 0.891661
vt 0.321871 0.431903
vt 0.276671 0.278073
vt 0.124996 0.037947
vt 0.899220 0.073746
vt 0.447133 0.208227
vt 0.960123 0.914484
vt 0.582131 0.243980
vt 0.997600 0.593196
vt 0.998008 0.588531
vt 0.999592 0.593581
vt 0.892079 0.024357
vt 0.376065 0.662815
vt 0.380263 0.692685
vt 0.352856 0.677217
vt 0.887139 0.007014
vt 0.887706 0.011484
vt 0.876616 0.011484
vt 0.906362 0.053271
vt 0.888028 0.027694
vt 0.818355 0.022203
vt 0.831331 0.021953
vt 0.825128 0.026114
vt 0.997560 0.596259
vt 0.314133 0.002358
vt 0.318097 0.009363
vt 0.432144 0.929948
vt 0.422169 0.927312
vt 0.432624 0.926056
vt 0.511363 0.858043
vt 0.845591 0.020619
vt 0.425691 0.930450
vt 0.102026 0.542749
vt 0.990274 0.824144
vt 0.323652 0.008894
vt 0.843108 0.951935
vt 0.837810 0.173156
vt 0.452628 0.008584
vt 0.144954 0.470493
vt 0.999755 0.597398
vt 0.733001 0.021224
vt 0.997406 0.943589
vt 0.995083 0.939871
vt 0.999892 0.936311
vt 0.418280 0.491534
vt 0.428455 0.533919
vt 0.409071 0.525903
vt 0.007693 0.995368
vt 0.006034 0.991187
vt 0.008036 0.983716
vt 0.039467 0.847582
vt 0.041629 0.811662
vt 0.042622 0.829690
vt 0.999928 0.589506
vt 0.880731 0.006607
vt 0.256938 0.000185
vt 0.266178 0.000185
vt 0.263893 0.001825
vt 0.461418 0.888891
vt 0.461885 0.875498
vt 0.466545 0.892460
vt 0.291824 0.737855
vt 0.875201 0.033844
vt 0.872354 0.030035
vt 0.871390 0.021736
vt 0.633523 0.282558
vt 0.668538 0.290332
vt 0.611739 0.282846
vt 0.579557 0.716863
vt 0.846420 0.954419
vt 0.951901 0.418562
vt 0.954129 0.393093
vt 0.953888 0.446606
vt 0.966863 0.484726
vt 0.003476 0.712959
vt 0.005520 0.716499
vt 0.000008 0.713346
vt 0.000124 0.711123
vt 0.323887 0.933243
vt 0.331645 0.935591
vt 0.323403 0.943079
vt 0.447906 0.009837
vt 0.615946 0.071652
vt 0.585507 0.055467
vt 0.648562 0.077227
vt 0.157426 0.453419
vt 0.013035 0.301966
vt 0.020254 0.305282
vt 0.019808 0.310382
vt 0.903810 0.348880
vt 0.144866 0.003563
vt 0.145133 0.011218
vt 0.141299 0.013523
vt 0.367127 0.404472
vt 0.429017 0.186505
vt 0.417613 0.854584
vt 0.037780 0.811212
vt 0.956920 0.908609
vt 0.441475 0.752909
vt 0.006589 0.983024
vt 0.797029 0.023090
vt 0.993516 0.681397
vt 0.993516 0.672372
vt 0.995931 0.675290
vt 0.030840 0.005684
vt 0.032060 0.009035
vt 0.022212 0.008955
vt 0.011678 0.305502
vt 0.054560 0.217662
vt 0.956804 0.926232
vt 0.333540 0.795257
vt 0.641648 0.040230
vt 0.304792 0.948844
vt 0.761488 0.877656
vt 0.967802 0.932081
vt 0.628046 0.053929
vt 0.634210 0.060984
vt 0.629396 0.059563
vt 0.028628 0.550934
vt 0.023401 0.554594
vt 0.013081 0.551319
vt 0.022486 0.005537
vt 0.889400 0.016291
vt 0.417647 0.933452
vt 0.104421 0.563958
vt 0.175214 0.000557
vt 0.177300 0.001091
vt 0.177300 0.005976
vt 0.412495 0.924655
vt 0.329567 0.947062
vt 0.923622 0.959173
vt 0.941078 0.956532
vt 0.941078 0.982161
vt 0.956570 0.984716
vt 0.924837 0.984716
vt 0.949227 0.982118
vt 0.999840 0.924216
vt 0.997453 0.931563
vt 0.994633 0.927164
vt 0.011752 0.291410
vt 0.037289 0.437483
vt 0.030664 0.430858
vt 0.045446 0.431284
vt 0.275196 0.253254
vt 0.004993 0.248436
vt 0.004250 0.252663
vt 0.000032 0.252294
vt 0.443353 0.007732
vt 0.282139 0.737239
vt 0.679366 0.292823
vt 0.269567 0.741552
vt 0.446711 0.328377
vt 0.523894 0.989586
vt 0.534404 0.992402
vt 0.519661 0.993542
vt 0.000720 0.497706
vt 0.003802 0.499875
vt 0.003061 0.508342
vt 0.001124 0.262619
vt 0.004653 0.259062
vt 0.952912 0.346110
vt 0.414731 0.002157
vt 0.418089 0.006159
vt 0.414574 0.011411
vt 0.624241 0.289639
vt 0.571267 0.994829
vt 0.567213 0.997775
vt 0.565417 0.992678
vt 0.298644 0.953145
vt 0.294203 0.951260
vt 0.174961 0.005910
vt 0.616466 0.296434
vt 0.783554 0.023834
vt 0.911590 0.978605
vt 0.021670 0.192995
vt 0.029143 0.191038
vt 0.029090 0.194983
vt 0.891646 0.074607
vt 0.329397 0.448908
vt 0.000606 0.724052
vt 0.955044 0.230367
vt 0.952786 0.256170
vt 0.951489 0.203487
vt 0.000789 0.511340
vt 0.608242 0.703782
vt 0.729370 0.023346
vt 0.323470 0.951622
vt 0.671428 0.292035
vt 0.004302 0.721718
vt 0.149178 0.447769
vt 0.533682 0.986094
vt 0.884869 0.018474
vt 0.096672 0.555070
vt 0.306041 0.688940
vt 0.329548 0.682599
vt 0.337505 0.707368
vt 0.608443 0.709181
vt 0.550189 0.994308
vt 0.508216 0.852510
vt 0.407909 0.854520
vt 0.951691 0.928143
vt 0.956485 0.932786
vt 0.389292 0.540425
vt 0.020986 0.289115
vt 0.979603 0.426054
vt 0.979603 0.389665
vt 0.982206 0.384499
vt 0.626266 0.062007
vt 0.022546 0.204756
vt 0.756919 0.086098
vt 0.730272 0.080995
vt 0.741777 0.070339
vt 0.825492 0.646416
vt 0.814683 0.642512
vt 0.823084 0.639660
vt 0.753748 0.890946
vt 0.377535 0.997408
vt 0.369993 0.996359
vt 0.370716 0.994927
vt 0.358634 0.814656
vt 0.347634 0.815451
vt 0.954250 0.336967
vt 0.006874 0.948746
vt 0.009191 0.952977
vt 0.006275 0.955894
vt 0.984525 0.002984
vt 0.987334 0.001018
vt 0.987219 0.008027
vt 0.985498 0.050995
vt 0.979465 0.083253
vt 0.980205 0.070751
vt 0.052250 0.431680
vt 0.906661 0.967563
vt 0.851446 0.008015
vt 0.841932 0.008015
vt 0.851536 0.004045
vt 0.101770 0.579382
vt 0.940894 0.934477
vt 0.943635 0.930522
vt 0.471758 0.750594
vt 0.543446 0.911152
vt 0.443931 0.013374
vt 0.294063 0.006488
vt 0.294063 0.001050
vt 0.295887 0.005023
vt 0.470344 0.906075
vt 0.327584 0.260981
vt 0.028785 0.213987
vt 0.837952 0.954715
vt 0.313979 0.951204
vt 0.881423 0.012157
vt 0.843058 0.006290
vt 0.838852 0.006290
vt 0.841073 0.000242
vt 0.360162 0.275181
vt 0.910439 0.054886
vt 0.818268 0.674073
vt 0.995392 0.171093
vt 0.998831 0.174532
vt 0.995138 0.179661
vt 0.839257 0.657727
vt 0.362943 0.393423
vt 0.996180 0.219838
vt 0.998928 0.228295
vt 0.995042 0.229408
vt 0.948090 0.934565
vt 0.904489 0.340434
vt 0.258251 0.014931
vt 0.264610 0.022529
vt 0.257501 0.029638
vt 0.381263 0.994551
vt 0.379906 0.852428
vt 0.219351 0.989945
vt 0.218269 0.991494
vt 0.209129 0.986217
vt 0.873773 0.016538
vt 0.307755 0.957173
vt 0.000136 0.024263
vt 0.003885 0.032303
vt 0.000679 0.039054
vt 0.383245 0.888200
vt 0.229531 0.988880
vt 0.236600 0.984980
vt 0.229232 0.990946
vt 0.888515 0.012635
vt 0.810414 0.002606
vt 0.810414 0.009956
vt 0.807676 0.004922
vt 0.967312 0.943514
vt 0.952675 0.937994
vt 0.002034 0.958675
vt 0.004997 0.952321
vt 0.005001 0.964764
vt 0.341405 0.499983
vt 0.009303 0.962938
vt 0.830185 0.652985
vt 0.355163 0.768117
vt 0.355171 0.753718
vt 0.371453 0.752380
vt 0.342963 0.470886
vt 0.321427 0.955852
vt 0.007254 0.965324
vt 0.168950 0.006494
vt 0.169998 0.003065
vt 0.172759 0.012513
vt 0.733160 0.284478
vt 0.016302 0.199678
vt 0.385812 0.000084
vt 0.385812 0.006858
vt 0.382027 0.006951
vt 0.369320 0.710376
vt 0.849737 0.676182
vt 0.315248 0.956473
vt 0.627218 0.298852
vt 0.314253 0.005147
vt 0.315971 0.008520
vt 0.307144 0.005048
vt 0.917882 0.954085
vt 0.404057 0.932474
vt 0.627514 0.040024
vt 0.614561 0.715147
vt 0.945781 0.353959
vt 0.791007 0.096985
vt 0.756322 0.114456
vt 0.627353 0.074682
vt 0.675480 0.255251
vt 0.415247 0.557343
vt 0.607769 0.011445
vt 0.611754 0.008655
vt 0.619366 0.011205
vt 0.271061 0.736699
vt 0.262363 0.012573
vt 0.224176 0.993412
vt 0.759685 0.876044
vt 0.535311 0.985443
vt 0.546763 0.988744
vt 0.556560 0.993954
vt 0.910001 0.069680
vt 0.965995 0.471568
vt 0.191648 0.027808
vt 0.194381 0.028922
vt 0.188344 0.049976
vt 0.231685 0.992913
vt 0.892310 0.083823
vt 0.189015 0.037496
vt 0.990037 0.925481
vt 0.989175 0.914440
vt 0.992454 0.914153
vt 0.396834 0.855130
vt 0.427068 0.583744
vt 0.020603 0.212468
vt 0.823258 0.955056
vt 0.409134 0.940431
vt 0.255438 0.006864
vt 0.263754 0.006573
vt 0.264663 0.010512
vt 0.345160 0.788431
vt 0.474765 0.868815
vt 0.474332 0.870526
vt 0.463929 0.864877
vt 0.944296 0.140267
vt 0.955202 0.124691
vt 0.954735 0.179329
vt 0.396773 0.945382
vt 0.401050 0.953737
vt 0.376293 0.872662
vt 0.989693 0.979329
vt 0.993086 0.970007
vt 0.993222 0.986274
vt 0.981163 0.901751
vt 0.983144 0.925434
vt 0.014073 0.207390
vt 0.051944 0.679817
vt 0.064908 0.666853
vt 0.067865 0.691202
vt 0.992960 0.866403
vt 0.973045 0.872417
vt 0.977698 0.861444
vt 0.475768 0.924502
vt 0.949180 0.124759
vt 0.979908 0.909118
vt 0.631436 0.303150
vt 0.701729 0.270615
vt 0.902048 0.334057
vt 0.382809 0.794360
vt 0.350821 0.780368
vt 0.917626 0.382605
vt 0.919060 0.409705
vt 0.915925 0.445536
vt 0.387146 0.007654
vt 0.397779 0.011109
vt 0.389996 0.011441
vt 0.799677 0.642597
vt 0.785570 0.662718
vt 0.992229 0.568459
vt 0.983665 0.594817
vt 0.977117 0.567494
vt 0.905671 0.085740
vt 0.742066 0.876109
vt 0.395516 0.938617
vt 0.896021 0.093727
vt 0.443933 0.765802
vt 0.912745 0.413961
vt 0.313635 0.728140
vt 0.905871 0.325802
vt 0.520728 0.969862
vt 0.542188 0.940325
vt 0.559674 0.972237
vt 0.297626 0.715170
vt 0.953221 0.356681
vt 0.185881 0.048476
vt 0.919571 0.421113
vt 0.805574 0.665749
vt 0.261108 0.737053
vt 0.987336 0.938778
vt 0.608384 0.038296
vt 0.967076 0.890036
vt 0.384206 0.874666
vt 0.386908 0.855946
vt 0.207810 0.062152
vt 0.213270 0.031730
vt 0.760917 0.063325
vt 0.740293 0.886370
vt 0.280181 0.214642
vt 0.905438 0.294257
vt 0.898079 0.271467
vt 0.901337 0.270998
vt 0.446778 0.188679
vt 0.007719 0.653504
vt 0.009869 0.665698
vt 0.008095 0.671119
vt 0.948146 0.360666
vt 0.968826 0.028990
vt 0.988900 0.021226
vt 0.989207 0.038826
vt 0.656705 0.065224
vt 0.063043 0.705199
vt 0.676425 0.015435
vt 0.689444 0.013139
vt 0.697947 0.015504
vt 0.363033 0.727120
vt 0.988695 0.114360
vt 0.987819 0.124375
vt 0.986682 0.080650
vt 0.401091 0.600426
vt 0.383320 0.871569
vt 0.367837 0.478995
vt 0.739597 0.303899
vt 0.351827 0.456038
vt 0.059222 0.709918
vt 0.242864 0.743020
vt 0.144522 0.858820
vt 0.174751 0.904376
vt 0.142598 0.880809
vt 0.980900 0.937000
vt 0.030356 0.186739
vt 0.034707 0.164872
vt 0.034556 0.175200
vt 0.985559 0.941465
vt 0.985862 0.094734
vt 0.954343 0.214323
vt 0.050793 0.718314
vt 0.737807 0.892891
vt 0.244027 0.739915
vt 0.387232 0.026821
vt 0.437982 0.027725
vt 0.418085 0.029521
vt 0.592025 0.042637
vt 0.365646 0.438339
vt 0.180075 0.071187
vt 0.787314 0.062930
vt 0.388943 0.578642
vt 0.181802 0.059931
vt 0.233493 0.028580
vt 0.993728 0.909410
vt 0.920923 0.433197
vt 0.564690 0.993716
vt 0.912859 0.439673
vt 0.901854 0.003043
vt 0.901854 0.010022
vt 0.900659 0.005188
vt 0.783121 0.659441
vt 0.875385 0.844731
vt 0.906175 0.867360
vt 0.877827 0.872649
vt 0.020449 0.497319
vt 0.014132 0.497290
vt 0.006184 0.492128
vt 0.029674 0.124074
vt 0.029674 0.089493
vt 0.031130 0.111742
vt 0.820043 0.681662
vt 0.365641 0.066281
vt 0.341735 0.042450
vt 0.368509 0.031085
vt 0.918487 0.947240
vt 0.008229 0.495190
vt 0.140175 0.904999
vt 0.523969 0.764931
vt 0.663759 0.313484
vt 0.069307 0.716874
vt 0.829312 0.697783
vt 0.322989 0.042080
vt 0.331096 0.026782
vt 0.797688 0.666521
vt 0.962112 0.421828
vt 0.963627 0.433266
vt 0.957736 0.438210
vt 0.976393 0.960915
vt 0.973237 0.962811
vt 0.977844 0.953125
vt 0.370352 0.858480
vt 0.079247 0.651095
vt 0.099268 0.637076
vt 0.095373 0.664710
vt 0.031294 0.152818
vt 0.004489 0.905476
vt 0.001541 0.904647
vt 0.004072 0.897693
vt 0.426945 0.031343
vt 0.381287 0.029505
vt 0.050983 0.677755
vt 0.052961 0.627035
vt 0.968870 0.967304
vt 0.963991 0.971316
vt 0.964790 0.962763
vt 0.969521 0.956841
vt 0.956739 0.969847
vt 0.034971 0.152457
vt 0.321367 0.066829
vt 0.304716 0.035452
vt 0.947836 0.646632
vt 0.954046 0.641422
vt 0.946457 0.678724
vt 0.414900 0.033888
vt 0.975698 0.949258
vt 0.486443 0.873319
vt 0.491164 0.870961
vt 0.969797 0.588279
vt 0.961359 0.570185
vt 0.967529 0.539861
vt 0.992131 0.325669
vt 0.993861 0.338775
vt 0.991566 0.345081
vt 0.836390 0.692858
vt 0.999807 0.739242
vt 0.999807 0.747693
vt 0.997681 0.743814
vt 0.001103 0.993062
vt 0.008445 0.998396
vt 0.001311 0.998036
vt 0.375565 0.556448
vt 0.386415 0.781587
vt 0.002502 0.910347
vt 0.790381 0.670767
vt 0.907752 0.808255
vt 0.908032 0.835269
vt 0.996531 0.769756
vt 0.996531 0.761400
vt 0.998444 0.762916
vt 0.478166 0.879988
vt 0.482767 0.878529
vt 0.952645 0.200614
vt 0.920348 0.444570
vt 0.970569 0.588809
vt 0.970569 0.540337
vt 0.972647 0.563106
vt 0.950972 0.667024
vt 0.006137 0.326759
vt 0.009440 0.332480
vt 0.006453 0.345101
vt 0.654040 0.331180
vt 0.685385 0.318572
vt 0.681766 0.331484
vt 0.840790 0.119108
vt 0.411258 0.044676
vt 0.403186 0.042515
vt 0.414717 0.036029
vt 0.384228 0.056246
vt 0.364342 0.007888
vt 0.364342 0.002162
vt 0.365809 0.003805
vt 0.393555 0.049672
vt 0.407261 0.050566
vt 0.371943 0.606660
vt 0.380959 0.606448
vt 0.375089 0.609299
vt 0.814140 0.113057
vt 0.539892 0.008960
vt 0.539892 0.002095
vt 0.541515 0.004937
vt 0.743562 0.302455
vt 0.736413 0.285762
vt 0.114697 0.903311
vt 0.976803 0.069226
vt 0.971231 0.059309
vt 0.448173 0.994848
vt 0.426780 0.987062
vt 0.457140 0.987287
vt 0.562923 0.984249
vt 0.564739 0.976344
vt 0.566911 0.977931
vt 0.000182 0.263548
vt 0.002833 0.264784
vt 0.001267 0.277658
vt 0.485174 0.879325
vt 0.221551 0.585464
vt 0.198485 0.569493
vt 0.221551 0.571869
vt 0.394863 0.607017
vt 0.419137 0.606102
vt 0.402333 0.608543
vt 0.386578 0.609871
vt 0.396479 0.797276
vt 0.431612 0.811041
vt 0.406552 0.821008
vt 0.447708 0.605262
vt 0.461300 0.605526
vt 0.443966 0.608250
vt 0.220208 0.614015
vt 0.196165 0.596121
vt 0.362894 0.610217
vt 0.360613 0.607900
vt 0.975641 0.590709
vt 0.972600 0.579361
vt 0.975576 0.541955
vt 0.951178 0.675849
vt 0.714648 0.251412
vt 0.337109 0.070705
vt 0.995583 0.036914
vt 0.998387 0.041770
vt 0.995640 0.044493
vt 0.907759 0.849885
vt 0.381624 0.804891
vt 0.429348 0.608402
vt 0.010554 0.477544
vt 0.016128 0.475840
vt 0.010792 0.483146
vt 0.014873 0.473402
vt 0.222161 0.638228
vt 0.192054 0.629860
vt 0.926819 0.557521
vt 0.926692 0.586408
vt 0.924137 0.572733
vt 0.959106 0.964635
vt 0.741790 0.253424
vt 0.495146 0.873369
vt 0.973436 0.938747
vt 0.976318 0.944254
vt 0.356288 0.611823
vt 0.378206 0.041258
vt 0.993613 0.969271
vt 0.991547 0.957555
vt 0.993880 0.952839
vt 0.831537 0.076807
vt 0.080419 0.626520
vt 0.016726 0.482143
vt 0.032338 0.995537
vt 0.057612 0.995537
vt 0.035645 0.997428
vt 0.224579 0.651932
vt 0.194000 0.639055
vt 0.950400 0.682637
vt 0.386684 0.032544
vt 0.386810 0.816464
vt 0.597155 0.009728
vt 0.606835 0.011434
vt 0.595175 0.011881
vt 0.063861 0.854576
vt 0.060868 0.845213
vt 0.068171 0.856047
vt 0.969282 0.945737
vt 0.194007 0.615109
vt 0.951711 0.961975
vt 0.565571 0.983742
vt 0.936925 0.019888
vt 0.922841 0.018498
vt 0.934702 0.013781
vt 0.485694 0.881710
vt 0.965916 0.958243
vt 0.634761 0.290166
vt 0.666621 0.300402
vt 0.089498 0.633765
vt 0.754981 0.850762
vt 0.721132 0.851134
vt 0.730347 0.844792
vt 0.150060 0.997253
vt 0.141367 0.995720
vt 0.156889 0.997465
vt 0.966232 0.947185
vt 0.049177 0.029033
vt 0.040749 0.021276
vt 0.046158 0.016232
vt 0.952104 0.003072
vt 0.946400 0.010923
vt 0.941364 0.002142
vt 0.661508 0.314645
vt 0.969598 0.937730
vt 0.582899 0.974640
vt 0.564966 0.952495
vt 0.591818 0.973305
vt 0.961706 0.452591
vt 0.001148 0.493759
vt 0.004694 0.484034
vt 0.005385 0.490566
vt 0.786483 0.675607
vt 0.813328 0.696661
vt 0.013788 0.049045
vt 0.014031 0.024825
vt 0.019378 0.033688
vt 0.866587 0.345598
vt 0.853364 0.373954
vt 0.856435 0.337376
vt 0.563140 0.975397
vt 0.563942 0.966434
vt 0.947459 0.689043
vt 0.867677 0.352842
vt 0.865448 0.379663
vt 0.062608 0.830699
vt 0.052958 0.816012
vt 0.069243 0.810879
vt 0.927936 0.013843
vt 0.425209 0.791657
vt 0.163658 0.995500
vt 0.495376 0.880800
vt 0.991145 0.594302
vt 0.991362 0.584182
vt 0.994733 0.583587
vt 0.951562 0.691744
vt 0.075647 0.838324
vt 0.950968 0.969510
vt 0.798115 0.065033
vt 0.389090 0.774431
vt 0.567783 0.973956
vt 0.308491 0.992391
vt 0.310372 0.988550
vt 0.313979 0.988865
vt 0.013902 0.552817
vt 0.013371 0.555703
vt 0.006099 0.553754
vt 0.479504 0.993479
vt 0.493654 0.990984
vt 0.510446 0.993940
vt 0.993431 0.357246
vt 0.942132 0.013783
vt 0.946004 0.016118
vt 0.070766 0.827682
vt 0.959884 0.611191
vt 0.968256 0.632466
vt 0.963755 0.633145
vt 0.571623 0.972974
vt 0.006562 0.556457
vt 0.028408 0.123085
vt 0.023803 0.119113
vt 0.028916 0.100031
vt 0.003088 0.497876
vt 0.738179 0.277295
vt 0.014290 0.493640
vt 0.110175 0.002573
vt 0.112446 0.002213
vt 0.110167 0.005325
vt 0.232514 0.632891
vt 0.246363 0.663342
vt 0.229602 0.643363
vt 0.761308 0.679650
vt 0.005300 0.067008
vt 0.005300 0.081736
vt 0.002237 0.071467
vt 0.567642 0.979906
vt 0.932144 0.535840
vt 0.256138 0.681934
vt 0.296846 0.685851
vt 0.306829 0.687922
vt 0.646438 0.348600
vt 0.669168 0.347994
vt 0.900380 0.335535
vt 0.057445 0.739177
vt 0.740058 0.840774
vt 0.541177 0.015900
vt 0.537414 0.012743
vt 0.558063 0.013031
vt 0.995287 0.593893
vt 0.050709 0.028032
vt 0.022975 0.475617
vt 0.944903 0.453617
vt 0.954594 0.456031
vt 0.945441 0.475659
vt 0.686861 0.312397
vt 0.873951 0.665665
vt 0.871859 0.673447
vt 0.871055 0.662035
vt 0.046484 0.339877
vt 0.051230 0.366650
vt 0.043745 0.347402
vt 0.906649 0.119044
vt 0.909527 0.111673
vt 0.914243 0.120155
vt 0.904559 0.109827
vt 0.904971 0.104035
vt 0.873871 0.508643
vt 0.879247 0.511355
vt 0.878293 0.522251
vt 0.999854 0.940403
vt 0.999854 0.948039
vt 0.998638 0.944495
vt 0.457320 0.789702
vt 0.468401 0.808718
vt 0.017541 0.044794
vt 0.413724 0.772664
vt 0.872969 0.523496
vt 0.877123 0.542149
vt 0.884800 0.995903
vt 0.883039 0.997382
vt 0.883169 0.993402
vt 0.993258 0.486390
vt 0.977093 0.486390
vt 0.986474 0.448785
vt 0.019325 0.109814
vt 0.950994 0.033821
vt 0.050642 0.333350
vt 0.132035 0.409903
vt 0.125154 0.397019
vt 0.127595 0.396238
vt 0.123167 0.411481
vt 0.137456 0.432999
vt 0.871409 0.678174
vt 0.869660 0.670328
vt 0.941754 0.956002
vt 0.884470 0.992568
vt 0.754336 0.002645
vt 0.754586 0.006213
vt 0.748932 0.010420
vt 0.857704 0.008567
vt 0.857573 0.011534
vt 0.846316 0.011534
vt 0.843867 0.624749
vt 0.836048 0.621114
vt 0.845755 0.622086
vt 0.960724 0.660165
vt 0.963456 0.660151
vt 0.076440 0.847922
vt 0.880800 0.533171
vt 0.639776 0.314825
vt 0.518889 0.992707
vt 0.518889 0.997243
vt 0.517292 0.994343
vt 0.572277 0.974245
vt 0.114778 0.875932
vt 0.701751 0.998292
vt 0.692620 0.991658
vt 0.703360 0.995271
vt 0.566310 0.967190
vt 0.392270 0.812183
vt 0.264751 0.681660
vt 0.927532 0.546731
vt 0.864268 0.000870
vt 0.865800 0.000668
vt 0.865800 0.005865
vt 0.007858 0.371103
vt 0.006649 0.385812
vt 0.006641 0.378002
vt 0.562980 0.960840
vt 0.564582 0.961330
vt 0.583175 0.006274
vt 0.583124 0.003722
vt 0.587582 0.003956
vt 0.745044 0.253435
vt 0.230989 0.649403
vt 0.358427 0.994647
vt 0.369714 0.994647
vt 0.363614 0.995303
vt 0.007932 0.389198
vt 0.853240 0.985637
vt 0.857628 0.985637
vt 0.853770 0.991750
vt 0.021539 0.556730
vt 0.849767 0.008567
vt 0.677008 0.910495
vt 0.688231 0.914580
vt 0.650802 0.916026
vt 0.444012 0.976652
vt 0.442899 0.979557
vt 0.441264 0.975998
vt 0.440696 0.972877
vt 0.573224 0.976877
vt 0.976370 0.661019
vt 0.973540 0.665185
vt 0.970961 0.654824
vt 0.863848 0.005607
vt 0.931897 0.561676
vt 0.426671 0.969664
vt 0.432399 0.964071
vt 0.433325 0.966675
vt 0.991942 0.573445
vt 0.991527 0.581371
vt 0.987455 0.587862
vt 0.926171 0.525150
vt 0.358217 0.975065
vt 0.358040 0.967660
vt 0.366691 0.969186
vt 0.364040 0.954830
vt 0.358366 0.957812
vt 0.075830 0.825015
vt 0.422487 0.749344
vt 0.435729 0.966339
vt 0.432559 0.970865
vt 0.968081 0.655899
vt 0.618413 0.343354
vt 0.989422 0.527614
vt 0.979582 0.528130
vt 0.993784 0.523629
vt 0.354917 0.948771
vt 0.355674 0.982887
vt 0.945154 0.427782
vt 0.948527 0.422834
vt 0.880743 0.508703
vt 0.845590 0.986759
vt 0.879475 0.568774
vt 0.869225 0.643700
vt 0.094145 0.009348
vt 0.088743 0.006229
vt 0.098457 0.006592
vt 0.302574 0.988993
vt 0.880944 0.988399
vt 0.881207 0.991410
vt 0.868719 0.989175
vt 0.024604 0.497452
vt 0.429035 0.976376
vt 0.257511 0.889961
vt 0.240484 0.894617
vt 0.223640 0.878910
vt 0.858491 0.991420
vt 0.088477 0.009187
vt 0.557934 0.326255
vt 0.565623 0.331303
vt 0.536726 0.318273
vt 0.477744 0.785404
vt 0.592253 0.009343
vt 0.030150 0.479654
vt 0.961687 0.664379
vt 0.876312 0.499567
vt 0.994568 0.462282
vt 0.994568 0.452291
vt 0.996386 0.457380
vt 0.084172 0.845569
vt 0.087476 0.844931
vt 0.155074 0.022101
vt 0.140404 0.027129
vt 0.145791 0.018351
vt 0.081564 0.835732
vt 0.935259 0.985443
vt 0.939107 0.990939
vt 0.924158 0.986961
vt 0.076113 0.819043
vt 0.006626 0.279982
vt 0.009899 0.288972
vt 0.006182 0.297908
vt 0.706987 0.910213
vt 0.858647 0.985464
vt 0.117318 0.357411
vt 0.125702 0.379294
vt 0.438005 0.758208
vt 0.081416 0.823630
vt 0.296807 0.917372
vt 0.301358 0.914297
vt 0.306032 0.917044
vt 0.003432 0.403959
vt 0.001432 0.411425
vt 0.001090 0.397620
vt 0.871157 0.640347
vt 0.832170 0.624414
vt 0.854789 0.635006
vt 0.247734 0.680218
vt 0.400268 0.957785
vt 0.400268 0.970035
vt 0.395957 0.946885
vt 0.878111 0.656980
vt 0.228097 0.656074
vt 0.876316 0.646068
vt 0.864590 0.634826
vt 0.190999 0.659652
vt 0.291982 0.915078
vt 0.285118 0.910034
vt 0.007749 0.277589
vt 0.009895 0.265414
vt 0.009150 0.283330
vt 0.141269 0.014863
vt 0.433355 0.973758
vt 0.610086 0.986132
vt 0.628426 0.987737
vt 0.599212 0.987446
vt 0.227694 0.001172
vt 0.229593 0.003884
vt 0.227836 0.005863
vt 0.994401 0.003054
vt 0.994401 0.013026
vt 0.991529 0.005198
vt 0.946194 0.985641
vt 0.071764 0.610896
vt 0.268109 0.918074
vt 0.272842 0.892025
vt 0.125118 0.003649
vt 0.119103 0.011929
vt 0.119808 0.007009
vt 0.216169 0.655258
vt 0.225635 0.656753
vt 0.647370 0.373413
vt 0.053339 0.608944
vt 0.069439 0.602647
vt 0.975322 0.673459
vt 0.968579 0.669474
vt 0.068541 0.801304
vt 0.076447 0.808854
vt 0.880188 0.501574
vt 0.993188 0.259987
vt 0.996260 0.263648
vt 0.993244 0.269159
vt 0.610738 0.988574
vt 0.640518 0.988574
vt 0.632788 0.994843
vt 0.905867 0.124980
vt 0.078160 0.812381
vt 0.962421 0.470131
vt 0.424270 0.962492
vt 0.423947 0.972376
vt 0.135048 0.024389
vt 0.128003 0.036591
vt 0.127766 0.018183
vt 0.566435 0.961536
vt 0.046185 0.012675
vt 0.837790 0.985700
vt 0.440975 0.983698
vt 0.446076 0.982285
vt 0.863184 0.628270
vt 0.868544 0.627020
vt 0.880895 0.614791
vt 0.875295 0.623316
vt 0.273565 0.995596
vt 0.293772 0.995596
vt 0.281670 0.997369
vt 0.186398 0.001751
vt 0.187872 0.006289
vt 0.185494 0.004239
vt 0.745401 0.836765
vt 0.151437 0.014911
vt 0.311048 0.915516
vt 0.527228 0.009350
vt 0.527228 0.002208
vt 0.529054 0.005256
vt 0.580441 0.321411
vt 0.136631 0.022966
vt 0.127353 0.015896
vt 0.133074 0.014553
vt 0.171580 0.983953
vt 0.194993 0.983953
vt 0.169518 0.988409
vt 0.991064 0.031771
vt 0.993251 0.036398
vt 0.990166 0.047911
vt 0.510906 0.872491
vt 0.501804 0.883906
vt 0.285519 0.988514
vt 0.953847 0.370962
vt 0.971339 0.366296
vt 0.956846 0.402969
vt 0.436332 0.979436
vt 0.147973 0.012067
vt 0.563992 0.955206
vt 0.919027 0.130393
vt 0.591580 0.013256
vt 0.601411 0.015890
vt 0.580499 0.015627
vt 0.369053 0.029605
vt 0.839668 0.987458
vt 0.958382 0.684153
vt 0.957801 0.671863
vt 0.106263 0.356448
vt 0.631907 0.002635
vt 0.636110 0.008420
vt 0.630222 0.006716
vt 0.767012 0.831841
vt 0.515746 0.869987
vt 0.394365 0.969286
vt 0.993779 0.154490
vt 0.991145 0.164320
vt 0.992802 0.153639
vt 0.038223 0.561253
vt 0.043905 0.551788
vt 0.047343 0.560934
vt 0.190690 0.664240
vt 0.213612 0.663999
vt 0.215060 0.667103
vt 0.139984 0.021759
vt 0.571596 0.954547
vt 0.600367 0.949474
vt 0.616344 0.953894
vt 0.970737 0.682879
vt 0.415233 0.966218
vt 0.617749 0.395907
vt 0.867287 0.383647
vt 0.869249 0.398972
vt 0.215784 0.681409
vt 0.154872 0.015820
vt 0.091766 0.808609
vt 0.562454 0.952435
vt 0.003993 0.895959
vt 0.000640 0.892831
vt 0.003079 0.886132
vt 0.227221 0.904895
vt 0.865116 0.755724
vt 0.879318 0.751115
vt 0.871771 0.763613
vt 0.701957 0.916452
vt 0.006185 0.272991
vt 0.431847 0.978489
vt 0.178450 0.669670
vt 0.074094 0.780134
vt 0.109307 0.009394
vt 0.106773 0.006859
vt 0.109274 0.002164
vt 0.004306 0.547281
vt 0.004306 0.560759
vt 0.003232 0.558885
vt 0.065657 0.892037
vt 0.059178 0.894395
vt 0.033338 0.893901
vt 0.575257 0.334344
vt 0.992919 0.048128
vt 0.417265 0.980766
vt 0.418786 0.981948
vt 0.416632 0.984242
vt 0.138101 0.007687
vt 0.422901 0.979089
vt 0.580338 0.376843
vt 0.308577 0.902491
vt 0.970110 0.008625
vt 0.969290 0.012481
vt 0.959539 0.012263
vt 0.195306 0.986697
vt 0.431688 0.980062
vt 0.433069 0.980403
vt 0.976049 0.703970
vt 0.904229 0.115998
vt 0.248508 0.003085
vt 0.248508 0.007970
vt 0.247472 0.005760
vt 0.437567 0.984221
vt 0.435900 0.981735
vt 0.972659 0.681634
vt 0.418209 0.974204
vt 0.000530 0.898793
vt 0.292071 0.894268
vt 0.416543 0.979593
vt 0.928508 0.144663
vt 0.922506 0.145972
vt 0.710749 0.007601
vt 0.712749 0.002105
vt 0.712869 0.011463
vt 0.834835 0.990064
vt 0.957035 0.566159
vt 0.963085 0.535084
vt 0.964840 0.542418
vt 0.912296 0.135858
vt 0.214405 0.028474
vt 0.205271 0.014742
vt 0.214190 0.016165
vt 0.933465 0.151467
vt 0.277436 0.908550
vt 0.282873 0.891773
vt 0.400851 0.980753
vt 0.776974 0.355314
vt 0.799956 0.370784
vt 0.789028 0.367412
vt 0.868376 0.405338
vt 0.772373 0.836221
vt 0.786902 0.860721
vt 0.925423 0.992209
vt 0.916629 0.995410
vt 0.913270 0.992028
vt 0.856638 0.402557
vt 0.213268 0.000723
vt 0.214045 0.007521
vt 0.209071 0.004920
vt 0.394124 0.980632
vt 0.050720 0.550980
vt 0.962361 0.559637
vt 0.847004 0.736579
vt 0.832782 0.734844
vt 0.832196 0.728141
vt 0.611648 0.864427
vt 0.622528 0.882469
vt 0.614627 0.904337
vt 0.706263 0.917426
vt 0.978521 0.397873
vt 0.354581 0.016903
vt 0.341769 0.016611
vt 0.346432 0.014720
vt 0.966449 0.532361
vt 0.107757 0.634688
vt 0.145662 0.638783
vt 0.109173 0.642718
vt 0.132176 0.664992
vt 0.500585 0.007093
vt 0.501528 0.001745
vt 0.501928 0.008808
vt 0.043109 0.540437
vt 0.022636 0.540492
vt 0.026725 0.528964
vt 0.230604 0.688317
vt 0.756051 0.985590
vt 0.770611 0.986864
vt 0.743460 0.987776
vt 0.209256 0.000519
vt 0.779429 0.005122
vt 0.782274 0.001206
vt 0.785898 0.005829
vt 0.006109 0.732350
vt 0.008308 0.740876
vt 0.006308 0.745164
vt 0.809023 0.358048
vt 0.503975 0.015366
vt 0.483965 0.015366
vt 0.489691 0.012273
vt 0.608846 0.895984
vt 0.608169 0.866528
vt 0.319184 0.915459
vt 0.268919 0.327594
vt 0.256158 0.325484
vt 0.266555 0.315402
vt 0.621622 0.865760
vt 0.023463 0.190999
vt 0.015421 0.193926
vt 0.008195 0.191609
vt 0.902801 0.135218
vt 0.957223 0.519558
vt 0.047246 0.536264
vt 0.053140 0.539069
vt 0.515521 0.887590
vt 0.051234 0.527850
vt 0.956589 0.363575
vt 0.962551 0.366958
vt 0.877150 0.742845
vt 0.997201 0.625760
vt 0.998869 0.627160
vt 0.997111 0.634542
vt 0.991531 0.140705
vt 0.019828 0.990637
vt 0.022689 0.970384
vt 0.027700 0.979801
vt 0.047788 0.463241
vt 0.054724 0.468086
vt 0.050713 0.468308
vt 0.632139 0.852290
vt 0.618751 0.853109
vt 0.778929 0.842909
vt 0.772747 0.828908
vt 0.514447 0.882061
vt 0.226068 0.700381
vt 0.224880 0.016539
vt 0.960464 0.517760
vt 0.927542 0.159539
vt 0.969647 0.524771
vt 0.335850 0.875345
vt 0.338240 0.869978
vt 0.337430 0.902465
vt 0.778301 0.364051
vt 0.335854 0.974863
vt 0.316745 0.969743
vt 0.351597 0.969358
vt 0.957478 0.461488
vt 0.809074 0.731153
vt 0.813351 0.738743
vt 0.804718 0.733264
vt 0.489526 0.919240
vt 0.505164 0.908634
vt 0.502810 0.918662
vt 0.776001 0.815159
vt 0.780997 0.815193
vt 0.125707 0.008819
vt 0.125707 0.001734
vt 0.128062 0.006768
vt 0.335369 0.017441
vt 0.499140 0.927223
vt 0.997169 0.677998
vt 0.999815 0.669855
vt 0.999125 0.678386
vt 0.172200 0.633895
vt 0.191740 0.645099
vt 0.811090 0.366400
vt 0.053234 0.533219
vt 0.049761 0.455554
vt 0.826725 0.736953
vt 0.383748 0.864872
vt 0.053265 0.445451
vt 0.783419 0.838501
vt 0.788820 0.841234
vt 0.935459 0.448667
vt 0.932380 0.413464
vt 0.934493 0.389021
vt 0.997919 0.012591
vt 0.997919 0.020072
vt 0.995045 0.013814
vt 0.217536 0.964228
vt 0.188584 0.967690
vt 0.179449 0.963430
vt 0.598617 0.857127
vt 0.598011 0.851812
vt 0.602370 0.856005
vt 0.779670 0.828039
vt 0.490158 0.886455
vt 0.485025 0.915264
vt 0.517478 0.891878
vt 0.790061 0.845704
vt 0.070328 0.791859
vt 0.059663 0.784694
vt 0.059663 0.762012
vt 0.608267 0.851442
vt 0.509806 0.927690
vt 0.509798 0.922631
vt 0.841456 0.008757
vt 0.844919 0.011663
vt 0.835269 0.011912
vt 0.846641 0.008691
vt 0.245992 0.997243
vt 0.237366 0.995722
vt 0.258111 0.995795
vt 0.413723 0.975780
vt 0.052266 0.435712
vt 0.670838 0.916536
vt 0.669797 0.920678
vt 0.663986 0.916959
vt 0.008853 0.144658
vt 0.007177 0.142656
vt 0.011416 0.136603
vt 0.508579 0.902962
vt 0.206425 0.968228
vt 0.996279 0.613193
vt 0.996279 0.622988
vt 0.994675 0.615997
vt 0.028539 0.997455
vt 0.974121 0.530177
vt 0.665682 0.012487
vt 0.655743 0.011090
vt 0.655424 0.009121
vt 0.304948 0.893512
vt 0.921272 0.009364
vt 0.919302 0.006551
vt 0.921401 0.002193
vt 0.058818 0.752259
vt 0.759026 0.730223
vt 0.008464 0.749559
vt 0.068469 0.720704
vt 0.134399 0.631786
vt 0.486507 0.882145
vt 0.515580 0.928408
vt 0.719148 0.012424
vt 0.716136 0.003154
vt 0.719543 0.006651
vt 0.978817 0.360893
vt 0.975851 0.364952
vt 0.976099 0.359534
vt 0.967945 0.358840
vt 0.910317 0.148199
vt 0.233919 0.703576
vt 0.685363 0.635276
vt 0.699538 0.650983
vt 0.679717 0.641724
vt 0.844534 0.739222
vt 0.826783 0.743537
vt 0.994730 0.317401
vt 0.994052 0.325976
vt 0.992217 0.324307
vt 0.942157 0.778047
vt 0.932979 0.783450
vt 0.929918 0.780355
vt 0.008492 0.134005
vt 0.011110 0.130486
vt 0.819086 0.344376
vt 0.817915 0.363774
vt 0.785194 0.746102
vt 0.224497 0.715350
vt 0.113915 0.783233
vt 0.113715 0.790469
vt 0.091200 0.771052
vt 0.081445 0.072082
vt 0.060108 0.088297
vt 0.066699 0.077742
vt 0.992205 0.316738
vt 0.994704 0.626706
vt 0.996069 0.623778
vt 0.996385 0.630008
vt 0.135500 0.773546
vt 0.139035 0.774117
vt 0.134289 0.779507
vt 0.219753 0.301965
vt 0.225081 0.315807
vt 0.215764 0.315790
vt 0.153524 0.817749
vt 0.152860 0.836072
vt 0.137533 0.815594
vt 0.994570 0.633508
vt 0.858508 0.744754
vt 0.873551 0.732677
vt 0.514499 0.924498
vt 0.003157 0.930824
vt 0.005479 0.925352
vt 0.002058 0.937462
vt 0.138921 0.776625
vt 0.129973 0.781744
vt 0.131500 0.775946
vt 0.681071 0.924307
vt 0.043992 0.984358
vt 0.009971 0.881994
vt 0.009971 0.898911
vt 0.008119 0.886827
vt 0.681262 0.916098
vt 0.234878 0.323568
vt 0.238640 0.311278
vt 0.007559 0.127201
vt 0.510844 0.911925
vt 0.112814 0.050882
vt 0.114409 0.044869
vt 0.864296 0.702748
vt 0.877866 0.699859
vt 0.876621 0.718691
vt 0.027468 0.369311
vt 0.015766 0.363854
vt 0.035490 0.364508
vt 0.026857 0.044875
vt 0.029106 0.043827
vt 0.031414 0.051871
vt 0.314192 0.891942
vt 0.096522 0.786047
vt 0.798941 0.842937
vt 0.996983 0.001218
vt 0.998967 0.007325
vt 0.995505 0.003898
vt 0.876414 0.726583
vt 0.857841 0.724702
vt 0.691951 0.622281
vt 0.863531 0.006676
vt 0.859848 0.011414
vt 0.858947 0.009113
vt 0.019291 0.045065
vt 0.025090 0.049096
vt 0.516469 0.909596
vt 0.999930 0.579469
vt 0.999930 0.588370
vt 0.997557 0.584155
vt 0.725321 0.996829
vt 0.717238 0.994663
vt 0.728491 0.994628
vt 0.698683 0.927859
vt 0.708978 0.917090
vt 0.715606 0.930992
vt 0.869696 0.008064
vt 0.013812 0.051888
vt 0.803993 0.844673
vt 0.918311 0.788570
vt 0.925150 0.784293
vt 0.515850 0.011382
vt 0.504250 0.011382
vt 0.510120 0.008719
vt 0.079869 0.052772
vt 0.050918 0.061308
vt 0.521508 0.905462
vt 0.132494 0.787164
vt 0.996144 0.124139
vt 0.998831 0.125324
vt 0.998831 0.132142
vt 0.133461 0.828016
vt 0.000487 0.832304
vt 0.003465 0.834757
vt 0.001159 0.838051
vt 0.688420 0.928595
vt 0.123669 0.791408
vt 0.126478 0.784419
vt 0.913649 0.790693
vt 0.918417 0.784461
vt 0.022682 0.061025
vt 0.140516 0.834700
vt 0.996509 0.131297
vt 0.085938 0.052134
vt 0.261539 0.309330
vt 0.092158 0.048231
vt 0.705857 0.009104
vt 0.706339 0.012001
vt 0.700099 0.012001
vt 0.018584 0.233321
vt 0.025538 0.232334
vt 0.023841 0.234730
vt 0.853910 0.736833
vt 0.696894 0.923771
vt 0.124681 0.794788
vt 0.146941 0.848918
vt 0.144542 0.840125
vt 0.102808 0.801280
vt 0.702951 0.965262
vt 0.697946 0.968752
vt 0.696240 0.966923
vt 0.711459 0.011112
vt 0.009281 0.997422
vt 0.016284 0.995545
vt 0.024387 0.997922
vt 0.003093 0.842853
vt 0.066774 0.045494
vt 0.725280 0.943211
vt 0.031414 0.057657
vt 0.689313 0.971904
vt 0.828915 0.350408
vt 0.702848 0.939312
vt 0.697710 0.943083
vt 0.698206 0.933039
vt 0.475843 0.006570
vt 0.475600 0.010047
vt 0.471393 0.004023
vt 0.701927 0.943701
vt 0.024003 0.250015
vt 0.030084 0.238251
vt 0.029504 0.248637
vt 0.121703 0.798715
vt 0.006652 0.451980
vt 0.015458 0.464100
vt 0.009818 0.460608
vt 0.013897 0.058755
vt 0.116142 0.794712
vt 0.130761 0.809657
vt 0.025150 0.253107
vt 0.014601 0.063960
vt 0.021281 0.066050
vt 0.141607 0.811158
vt 0.930616 0.723439
vt 0.930637 0.729404
vt 0.928690 0.722293
vt 0.016719 0.236230
vt 0.693814 0.936090
vt 0.932232 0.811081
vt 0.802974 0.746733
vt 0.864261 0.758121
vt 0.129545 0.795062
vt 0.999732 0.630266
vt 0.999938 0.636156
vt 0.997047 0.638578
vt 0.706868 0.959050
vt 0.903993 0.798707
vt 0.022667 0.238805
vt 0.000052 0.845083
vt 0.907362 0.151180
vt 0.905936 0.147928
vt 0.926879 0.736542
vt 0.925546 0.730823
vt 0.136775 0.808259
vt 0.929494 0.715164
vt 0.934615 0.714469
vt 0.702631 0.954820
vt 0.027995 0.063901
vt 0.023998 0.068233
vt 0.011936 0.235739
vt 0.019025 0.255103
vt 0.016002 0.252269
vt 0.722209 0.423381
vt 0.713633 0.419605
vt 0.737017 0.395320
vt 0.744425 0.934751
vt 0.066651 0.997253
vt 0.050861 0.997423
vt 0.066028 0.995542
vt 0.134694 0.803904
vt 0.987095 0.544653
vt 0.993503 0.542936
vt 0.996322 0.545004
vt 0.329097 0.891170
vt 0.693341 0.962537
vt 0.824006 0.363545
vt 0.941665 0.803671
vt 0.999822 0.868375
vt 0.999822 0.876348
vt 0.997666 0.871915
vt 0.016375 0.243453
vt 0.687602 0.968047
vt 0.862943 0.011809
vt 0.868584 0.009756
vt 0.874745 0.011852
vt 0.745711 0.923216
vt 0.414001 0.013320
vt 0.405856 0.010193
vt 0.405094 0.006781
vt 0.736783 0.417513
vt 0.831308 0.333058
vt 0.226372 0.293695
vt 0.690862 0.657799
vt 0.679065 0.669679
vt 0.118602 0.832922
vt 0.010791 0.243216
vt 0.010620 0.249722
vt 0.012042 0.237345
vt 0.932956 0.707040
vt 0.991514 0.020884
vt 0.991514 0.008764
vt 0.993411 0.014269
vt 0.680088 0.972316
vt 0.925828 0.719592
vt 0.748051 0.917116
vt 0.055456 0.286021
vt 0.056252 0.357195
vt 0.052594 0.293884
vt 0.672027 0.965752
vt 0.679588 0.962275
vt 0.679325 0.970533
vt 0.114542 0.836671
vt 0.092737 0.844108
vt 0.714304 0.647656
vt 0.933929 0.699151
vt 0.929595 0.696996
vt 0.252139 0.302945
vt 0.350376 0.009938
vt 0.354547 0.005957
vt 0.359674 0.007046
vt 0.851632 0.713859
vt 0.075772 0.997407
vt 0.993772 0.497062
vt 0.990148 0.498909
vt 0.983615 0.493554
vt 0.911638 0.158113
vt 0.924764 0.711140
vt 0.909714 0.678533
vt 0.917290 0.685225
vt 0.909606 0.684737
vt 0.078474 0.011455
vt 0.083432 0.009650
vt 0.093385 0.010638
vt 0.878868 0.992188
vt 0.878868 0.998264
vt 0.876408 0.992297
vt 0.702188 0.651912
vt 0.923130 0.695098
vt 0.923832 0.704372
vt 0.736555 0.433273
vt 0.708001 0.651255
vt 0.915357 0.692148
vt 0.009934 0.660375
vt 0.019934 0.664685
vt 0.014399 0.666301
vt 0.003925 0.424543
vt 0.001658 0.433003
vt 0.001100 0.419258
vt 0.001607 0.342151
vt 0.000587 0.331786
vt 0.001913 0.338657
vt 0.359178 0.004635
vt 0.723610 0.659983
vt 0.721717 0.657382
vt 0.002428 0.328201
vt 0.398541 0.916588
vt 0.408035 0.923486
vt 0.378900 0.954266
vt 0.095656 0.819770
vt 0.001146 0.319470
vt 0.003678 0.324961
vt 0.001230 0.326102
vt 0.242047 0.292538
vt 0.051285 0.336354
vt 0.104342 0.849552
vt 0.000222 0.890251
vt 0.000222 0.877588
vt 0.002291 0.881920
vt 0.578891 0.008317
vt 0.570378 0.003517
vt 0.573743 0.001231
vt 0.270364 0.298504
vt 0.996552 0.793620
vt 0.998423 0.797631
vt 0.996822 0.801858
vt 0.012501 0.657847
vt 0.828151 0.357100
vt 0.826093 0.011476
vt 0.814611 0.011476
vt 0.817996 0.008625
vt 0.755915 0.422046
vt 0.570356 0.007619
vt 0.010017 0.646342
vt 0.014536 0.646262
vt 0.008606 0.651413
vt 0.004978 0.329101
vt 0.837992 0.327918
vt 0.836681 0.336773
vt 0.005387 0.315120
vt 0.833236 0.330410
vt 0.731683 0.651299
vt 0.848359 0.721928
vt 0.027575 0.653870
vt 0.024575 0.663397
vt 0.749055 0.656353
vt 0.734520 0.664135
vt 0.855156 0.697191
vt 0.025340 0.650150
vt 0.748203 0.439322
vt 0.820666 0.393925
vt 0.814303 0.399786
vt 0.261527 0.287278
vt 0.906546 0.159731
vt 0.993435 0.535189
vt 0.990962 0.541632
vt 0.986967 0.543706
vt 0.899054 0.797998
vt 0.824476 0.381123
vt 0.731853 0.389932
vt 0.741788 0.392754
vt 0.745379 0.668238
vt 0.937159 0.809373
vt 0.909496 0.161794
vt 0.842482 0.341422
vt 0.902716 0.159910
vt 0.269504 0.291545
vt 0.759550 0.400303
vt 0.821672 0.420602
vt 0.812885 0.423573
vt 0.838046 0.323400
vt 0.845371 0.319239
vt 0.924471 0.819642
vt 0.822105 0.398658
vt 0.847287 0.705631
vt 0.742610 0.652439
vt 0.812074 0.427053
vt 0.814784 0.426118
vt 0.809819 0.434871
vt 0.751385 0.361747
vt 0.770684 0.445229
vt 0.757356 0.659529
vt 0.831978 0.397273
vt 0.765503 0.451820
vt 0.435103 0.860740
vt 0.442979 0.859748
vt 0.434208 0.867100
vt 0.829035 0.417897
vt 0.255789 0.282505
vt 0.223723 0.283101
vt 0.331013 0.995532
vt 0.320236 0.997432
vt 0.311700 0.996236
vt 0.817884 0.446910
vt 0.238126 0.280207
vt 0.935638 0.811845
vt 0.822782 0.442381
vt 0.844997 0.328010
vt 0.842290 0.713160
vt 0.815586 0.453625
vt 0.807201 0.440983
vt 0.827094 0.439437
vt 0.762164 0.404865
vt 0.445816 0.871540
vt 0.229321 0.278457
vt 0.220356 0.274525
vt 0.859750 0.302489
vt 0.861493 0.318158
vt 0.851973 0.317774
vt 0.761342 0.374000
vt 0.422165 0.865238
vt 0.765930 0.426867
vt 0.864592 0.303251
vt 0.776316 0.458076
vt 0.867249 0.318419
vt 0.843192 0.333686
vt 0.835339 0.415064
vt 0.852130 0.301951
vt 0.917860 0.825156
vt 0.427192 0.873500
vt 0.943157 0.834246
vt 0.847044 0.317266
vt 0.008692 0.736024
vt 0.009370 0.728271
vt 0.009901 0.745599
vt 0.855762 0.287690
vt 0.862076 0.288655
vt 0.934552 0.842556
vt 0.432481 0.874382
vt 0.250727 0.272365
vt 0.258564 0.264300
vt 0.272245 0.252261
vt 0.269757 0.275638
vt 0.842499 0.300888
vt 0.775709 0.658205
vt 0.774200 0.654518
vt 0.582249 0.169713
vt 0.567553 0.166823
vt 0.583409 0.164074
vt 0.233482 0.268219
vt 0.851245 0.286985
vt 0.835898 0.435315
vt 0.863250 0.274472
vt 0.853824 0.273086
vt 0.841191 0.316981
vt 0.783267 0.435359
vt 0.779165 0.413349
vt 0.565221 0.175365
vt 0.548878 0.164761
vt 0.598516 0.165472
vt 0.845580 0.287215
vt 0.771473 0.668803
vt 0.848134 0.272099
vt 0.836851 0.302031
vt 0.546244 0.171580
vt 0.446107 0.874288
vt 0.243496 0.258489
vt 0.265083 0.254118
vt 0.598289 0.169651
vt 0.221452 0.254575
vt 0.841467 0.429401
vt 0.849459 0.258901
vt 0.840612 0.286565
vt 0.855862 0.259868
vt 0.861828 0.261546
vt 0.778081 0.409189
vt 0.580942 0.173672
vt 0.835341 0.316130
vt 0.547585 0.175191
vt 0.530234 0.172074
vt 0.406519 0.860221
vt 0.420316 0.873772
vt 0.612881 0.165571
vt 0.254052 0.253494
vt 0.420491 0.879528
vt 0.596142 0.173865
vt 0.768776 0.360419
vt 0.563369 0.183503
vt 0.228163 0.241460
vt 0.217971 0.238515
vt 0.757087 0.333194
vt 0.747333 0.332059
vt 0.840902 0.438303
vt 0.839423 0.297161
vt 0.769174 0.377454
vt 0.783205 0.395214
vt 0.402208 0.869109
vt 0.395842 0.856903
vt 0.579872 0.179609
vt 0.853856 0.248586
vt 0.845411 0.258840
vt 0.840614 0.274043
vt 0.005493 0.653508
vt 0.004727 0.662259
vt 0.004558 0.649299
vt 0.611158 0.170554
vt 0.830589 0.316506
vt 0.075241 0.016959
vt 0.065006 0.012186
vt 0.083738 0.012439
vt 0.240453 0.244082
vt 0.545095 0.177773
vt 0.018292 0.148688
vt 0.029678 0.125182
vt 0.032965 0.148688
vt 0.846645 0.438795
vt 0.833438 0.292167
vt 0.714556 0.010352
vt 0.714176 0.003113
vt 0.717984 0.012967
vt 0.856964 0.249978
vt 0.229970 0.237472
vt 0.215694 0.233713
vt 0.697628 0.893256
vt 0.697343 0.886639
vt 0.706447 0.885754
vt 0.006116 0.768636
vt 0.006116 0.751464
vt 0.007452 0.761511
vt 0.791858 0.012171
vt 0.784788 0.015468
vt 0.769449 0.013147
vt 0.716977 0.849420
vt 0.703913 0.851607
vt 0.705332 0.844432
vt 0.215505 0.861020
vt 0.211082 0.879868
vt 0.207358 0.881394
vt 0.847321 0.246916
vt 0.696152 0.875635
vt 0.418451 0.882923
vt 0.019103 0.128074
vt 0.594411 0.181189
vt 0.393312 0.866778
vt 0.388597 0.858431
vt 0.000620 0.214478
vt 0.000620 0.200094
vt 0.002395 0.206504
vt 0.770712 0.640735
vt 0.751477 0.651419
vt 0.748865 0.647490
vt 0.794284 0.631716
vt 0.800192 0.633495
vt 0.773173 0.643111
vt 0.760399 0.327829
vt 0.776458 0.349441
vt 0.245390 0.030597
vt 0.251231 0.012619
vt 0.256620 0.029697
vt 0.706270 0.864057
vt 0.698791 0.865005
vt 0.610821 0.175545
vt 0.778155 0.365520
vt 0.578353 0.186444
vt 0.827809 0.305132
vt 0.622505 0.168564
vt 0.284097 0.012534
vt 0.289270 0.007177
vt 0.293290 0.006562
vt 0.621445 0.170745
vt 0.826721 0.317533
vt 0.601313 0.181877
vt 0.543510 0.181446
vt 0.587464 0.204834
vt 0.589739 0.213235
vt 0.580804 0.216567
vt 0.202993 0.900267
vt 0.400061 0.877204
vt 0.823298 0.009067
vt 0.833989 0.012541
vt 0.830408 0.012058
vt 0.567367 0.193341
vt 0.842491 0.555384
vt 0.837817 0.579321
vt 0.833841 0.578879
vt 0.062081 0.951838
vt 0.074320 0.967551
vt 0.068908 0.967178
vt 0.995066 0.444666
vt 0.995066 0.435234
vt 0.995888 0.438471
vt 0.825514 0.603177
vt 0.199815 0.899969
vt 0.417844 0.890918
vt 0.416096 0.889457
vt 0.783122 0.367537
vt 0.845192 0.556446
vt 0.973731 0.000508
vt 0.978835 0.007533
vt 0.970914 0.008537
vt 0.595139 0.185692
vt 0.817205 0.625663
vt 0.819608 0.632965
vt 0.779603 0.334527
vt 0.787875 0.332484
vt 0.999168 0.860055
vt 0.999827 0.856313
vt 0.999497 0.864290
vt 0.590866 0.203635
vt 0.599261 0.192089
vt 0.601721 0.194978
vt 0.855281 0.236723
vt 0.726557 0.869083
vt 0.589247 0.207300
vt 0.849362 0.235287
vt 0.828765 0.600804
vt 0.738310 0.864553
vt 0.570393 0.198336
vt 0.614505 0.188164
vt 0.612802 0.184680
vt 0.065898 0.968073
vt 0.038708 0.962808
vt 0.044841 0.977223
vt 0.035731 0.965953
vt 0.528306 0.174143
vt 0.840955 0.650146
vt 0.588552 0.194018
vt 0.582746 0.196615
vt 0.625641 0.179530
vt 0.394877 0.882120
vt 0.576855 0.209375
vt 0.624691 0.173138
vt 0.831451 0.601532
vt 0.821651 0.621390
vt 0.767413 0.319406
vt 0.387290 0.878985
vt 0.730532 0.893031
vt 0.733684 0.881866
vt 0.016541 0.405105
vt 0.022367 0.423035
vt 0.009292 0.409447
vt 0.418512 0.897661
vt 0.384547 0.865819
vt 0.825990 0.621448
vt 0.737684 0.874575
vt 0.572913 0.203567
vt 0.402778 0.893920
vt 0.944317 0.998430
vt 0.951405 0.988504
vt 0.953709 0.996089
vt 0.835772 0.648402
vt 0.056008 0.968743
vt 0.035983 0.003000
vt 0.031168 0.003421
vt 0.026329 0.002609
vt 0.062659 0.940119
vt 0.054155 0.951436
vt 0.738636 0.888421
vt 0.841159 0.648159
vt 0.410767 0.902896
vt 0.177963 0.905632
vt 0.199581 0.902093
vt 0.772419 0.316799
vt 0.044285 0.958592
vt 0.051385 0.973240
vt 0.639644 0.163835
vt 0.031087 0.941645
vt 0.011125 0.941645
vt 0.013278 0.934234
vt 0.956983 0.998156
vt 0.004911 0.875575
vt 0.004911 0.888244
vt 0.003631 0.882277
vt 0.132912 0.996086
vt 0.141965 0.996878
vt 0.119341 0.996502
vt 0.852924 0.231225
vt 0.391599 0.892397
vt 0.764150 0.865257
vt 0.048924 0.953830
vt 0.045938 0.939862
vt 0.849428 0.231540
vt 0.648579 0.175208
vt 0.763447 0.871824
vt 0.006230 0.797244
vt 0.006230 0.780143
vt 0.008343 0.790783
vt 0.008500 0.811299
vt 0.007378 0.824119
vt 0.006576 0.807037
vt 0.957191 0.997784
vt 0.592280 0.010743
vt 0.580824 0.014465
vt 0.580082 0.006641
vt 0.031452 0.149471
vt 0.014779 0.161585
vt 0.014999 0.149819
vt 0.011644 0.958729
vt 0.010594 0.946730
vt 0.012019 0.942276
vt 0.208034 0.908972
vt 0.843861 0.635766
vt 0.848070 0.015427
vt 0.830730 0.013430
vt 0.853325 0.012211
vt 0.852064 0.226807
vt 0.210539 0.916367
vt 0.849125 0.655169
vt 0.993983 0.989591
vt 0.995464 0.994146
vt 0.994170 0.994329
vt 0.853692 0.014142
usemtl hat_viking
f 2346/1/1 2368/2/2 2347/3/3
f 2346/4/1 2348/5/4 2353/6/5
f 2349/7/6 2350/8/7 2351/9/8
f 2346/10/1 2352/11/9 2368/12/2
f 2352/11/9 2346/10/1 2353/13/5
f 2351/14/8 2350/15/7 2509/16/10
f 2354/17/11 2349/7/6 2351/9/8
f 2350/8/7 2349/7/6 2355/18/12
f 2351/14/8 2509/16/10 2504/19/13
f 2348/5/4 2346/20/1 2356/21/14
f 2349/7/6 2371/22/15 2357/23/16
f 2354/17/11 2351/9/8 2506/24/17
f 2351/14/8 2505/25/18 2506/26/17
f 2351/14/8 2504/19/13 2507/27/19
f 2357/23/16 2355/18/12 2349/7/6
f 2354/17/11 2371/22/15 2349/7/6
f 2355/18/12 2358/28/20 2350/8/7
f 2357/23/16 2359/29/21 2355/18/12
f 2506/24/17 2360/30/22 2354/17/11
f 2361/31/23 2371/22/15 2354/17/11
f 2356/21/14 2362/32/24 2348/5/4
f 2371/22/15 2363/33/25 2357/23/16
f 2364/34/26 2356/21/14 2346/20/1
f 2362/32/24 2353/6/5 2348/5/4
f 2365/35/27 2357/23/16 2363/33/25
f 2354/17/11 2428/36/28 2361/31/23
f 2350/15/7 2358/37/20 2509/16/10
f 2357/23/16 2365/35/27 2359/29/21
f 2363/33/25 2371/22/15 2366/38/29
f 2506/26/17 2505/25/18 2508/39/30
f 2352/40/9 2369/41/31 2368/42/2
f 2567/43/32 2505/25/18 2351/14/8
f 2354/17/11 2367/44/33 2428/36/28
f 2347/45/3 2368/46/2 2369/47/31
f 2504/48/34 2509/49/34 2507/50/34
f 2370/51/35 2372/52/36 2363/53/25
f 2366/54/29 2370/51/35 2363/53/25
f 2360/30/22 2367/44/33 2354/17/11
f 2371/55/37 2361/56/37 2428/57/37
f 2371/22/15 2428/58/28 2366/38/29
f 2507/27/19 2509/59/10 2638/60/38
f 2355/18/12 2359/29/21 2358/28/20
f 2351/14/8 2507/27/19 2567/43/32
f 2356/21/14 2364/34/26 2388/61/39
f 2638/60/38 2510/62/40 2507/27/19
f 2372/63/41 2427/64/41 2363/65/41
f 2362/66/24 2373/67/42 2353/13/5
f 2373/67/42 2352/11/9 2353/13/5
f 2360/30/22 2506/24/17 2429/68/43
f 2370/51/35 2366/54/29 2385/69/44
f 2370/51/35 2385/69/44 2425/70/45
f 2370/51/35 2425/70/45 2372/52/36
f 2374/71/46 2347/45/3 2369/47/31
f 2507/27/19 2510/62/40 2511/72/47
f 2509/73/10 2637/74/48 2638/75/38
f 2427/76/49 2365/35/27 2363/33/25
f 2356/77/14 2388/78/39 2376/79/50
f 2428/36/28 2367/44/33 2375/80/51
f 2643/81/52 2358/28/20 2359/29/21
f 2507/27/19 2511/72/47 2567/43/32
f 2383/82/53 2356/21/14 2376/83/50
f 2426/84/54 2385/69/44 2366/54/29
f 2352/11/9 2373/67/42 2386/85/55
f 2643/81/52 2359/29/21 2377/86/56
f 2346/1/1 2347/3/3 2374/87/46
f 2385/69/44 2376/79/50 2388/78/39
f 2385/88/44 2384/89/57 2376/83/50
f 2360/30/22 2375/80/51 2367/44/33
f 2385/69/44 2388/78/39 2425/70/45
f 2637/90/48 2509/16/10 2358/37/20
f 2383/82/53 2362/32/24 2356/21/14
f 2379/91/58 2378/92/58 2385/93/58
f 2379/94/59 2385/69/44 2426/84/54
f 2429/95/43 2506/26/17 2508/39/30
f 2425/96/45 2380/97/60 2372/98/36
f 2366/38/29 2428/58/28 2426/99/54
f 2358/100/20 2639/101/61 2637/74/48
f 2427/76/49 2381/102/62 2365/35/27
f 2365/35/27 2381/102/62 2359/29/21
f 2382/103/63 2362/66/24 2383/104/53
f 2567/43/32 2512/105/64 2505/25/18
f 2378/106/65 2384/107/65 2385/108/65
f 2352/40/9 2386/109/55 2387/110/66
f 2383/82/53 2376/83/50 2384/89/57
f 2364/111/26 2346/1/1 2374/87/46
f 2372/98/36 2380/97/60 2427/112/49
f 2360/30/22 2429/68/43 2375/80/51
f 2425/96/45 2388/113/39 2380/97/60
f 2505/25/18 2512/105/64 2508/39/30
f 2359/29/21 2381/102/62 2377/86/56
f 2510/114/40 2638/75/38 2646/115/67
f 2387/110/66 2369/41/31 2352/40/9
f 2639/116/68 2358/117/68 2643/118/68
f 2373/67/42 2362/66/24 2382/103/63
f 2510/62/40 2513/119/69 2511/72/47
f 2379/120/59 2426/121/54 2378/122/70
f 2638/75/38 2637/74/48 2640/123/71
f 2426/121/54 2428/124/28 2389/125/72
f 2640/123/71 2646/115/67 2638/75/38
f 2384/126/57 2378/127/70 2383/104/53
f 2508/39/30 2514/128/73 2429/95/43
f 2510/114/40 2646/115/67 2641/129/74
f 2512/105/64 2514/128/73 2508/39/30
f 2512/105/64 2567/43/32 2566/130/75
f 2641/129/74 2513/131/69 2510/114/40
f 2390/132/76 2374/71/46 2369/47/31
f 2428/124/28 2375/133/51 2405/134/77
f 2364/111/26 2374/87/46 2391/135/78
f 2378/127/70 2382/103/63 2383/104/53
f 2388/113/39 2364/111/26 2391/135/78
f 2392/136/79 2427/76/49 2380/137/60
f 2640/123/71 2637/74/48 2642/138/80
f 2426/121/54 2389/125/72 2393/139/81
f 2373/67/42 2407/140/82 2386/85/55
f 2381/102/62 2394/141/83 2377/86/56
f 2386/142/55 2395/143/84 2387/110/66
f 2387/110/66 2390/144/76 2369/41/31
f 2373/67/42 2382/145/63 2407/140/82
f 2515/146/85 2567/43/32 2511/72/47
f 2637/74/48 2639/101/61 2642/138/80
f 2381/102/62 2427/76/49 2392/136/79
f 2516/147/86 2566/148/75 2567/149/32
f 2515/146/85 2511/72/47 2513/119/69
f 2405/134/77 2389/125/72 2428/124/28
f 2646/115/67 2640/123/71 2647/150/87
f 2393/139/81 2378/122/70 2426/121/54
f 2570/151/88 2641/129/74 2646/115/67
f 2643/81/52 2377/86/56 2396/152/89
f 2429/153/43 2521/154/90 2375/155/51
f 2512/156/64 2566/148/75 2516/147/86
f 2391/157/78 2374/158/46 2397/159/91
f 2516/147/86 2567/149/32 2517/160/92
f 2398/161/93 2397/162/91 2374/71/46
f 2398/161/93 2374/71/46 2390/132/76
f 2386/163/55 2407/164/82 2395/165/84
f 2643/166/52 2644/167/94 2639/101/61
f 2391/135/78 2380/97/60 2388/113/39
f 2639/101/61 2645/168/95 2642/138/80
f 2380/137/60 2391/157/78 2399/169/96
f 2400/170/97 2375/171/51 2521/172/90
f 2381/102/62 2392/136/79 2394/141/83
f 2521/154/90 2429/153/43 2514/173/73
f 2393/139/81 2401/174/98 2378/175/70
f 2382/145/63 2378/176/70 2430/177/99
f 2647/150/87 2640/123/71 2642/138/80
f 2389/125/72 2401/174/98 2393/139/81
f 2512/156/64 2531/178/100 2514/179/73
f 2513/131/69 2641/129/74 2570/151/88
f 2402/180/101 2378/175/70 2401/174/98
f 2646/181/102 2648/182/102 2570/183/102
f 2400/184/103 2405/185/103 2375/186/103
f 2403/187/104 2387/110/66 2395/143/84
f 2523/188/105 2643/81/52 2396/152/89
f 2644/167/94 2643/166/52 2698/189/106
f 2513/190/69 2570/191/88 2571/192/107
f 2397/159/91 2399/169/96 2391/157/78
f 2646/193/108 2647/194/108 2648/195/108
f 2570/196/109 2648/197/109 2571/198/109
f 2390/144/76 2387/110/66 2398/199/93
f 2515/200/85 2517/160/92 2567/149/32
f 2531/178/100 2512/156/64 2516/147/86
f 2407/140/82 2382/145/63 2430/177/99
f 2402/180/101 2430/201/99 2378/175/70
f 2648/202/110 2647/203/110 2650/204/110
f 2404/205/111 2389/125/72 2405/206/77
f 2518/207/112 2513/119/69 2571/208/107
f 2396/152/89 2377/86/56 2394/141/83
f 2572/209/113 2648/210/113 2650/211/113
f 2572/212/114 2571/213/107 2648/214/115
f 2647/150/87 2653/215/116 2650/216/117
f 2572/217/114 2650/218/118 2573/219/119
f 2515/146/85 2513/119/69 2518/207/112
f 2407/164/82 2403/220/104 2395/165/84
f 2406/221/120 2394/141/83 2392/136/79
f 2380/137/60 2399/169/96 2406/221/120
f 2515/146/85 2518/207/112 2530/222/121
f 2653/223/122 2649/224/122 2650/225/122
f 2387/110/66 2403/187/104 2398/199/93
f 2392/136/79 2380/137/60 2406/221/120
f 2654/226/123 2647/150/87 2642/138/80
f 2401/174/98 2389/125/72 2404/205/111
f 2515/146/85 2530/222/121 2522/227/124
f 2405/228/77 2400/170/97 2404/229/111
f 2431/230/125 2399/169/96 2397/159/91
f 2639/101/61 2644/167/94 2645/168/95
f 2410/231/126 2403/220/104 2407/164/82
f 2518/232/112 2571/213/107 2572/212/114
f 2519/233/127 2516/147/86 2517/160/92
f 2520/234/128 2521/235/128 2514/236/128
f 2645/168/95 2654/226/123 2642/138/80
f 2430/237/129 2410/238/129 2407/239/129
f 2649/240/130 2651/241/131 2650/242/118
f 2394/141/83 2406/221/120 2418/243/132
f 2522/244/124 2517/160/92 2515/200/85
f 2574/245/133 2572/217/114 2573/219/119
f 2402/180/101 2401/174/98 2404/205/111
f 2573/219/119 2650/218/118 2575/246/134
f 2650/242/118 2651/241/131 2575/247/134
f 2432/248/135 2396/152/89 2394/141/83
f 2524/249/136 2523/188/105 2396/152/89
f 2398/250/93 2403/251/104 2408/252/137
f 2698/253/106 2643/254/52 2523/255/105
f 2522/244/124 2519/233/127 2517/160/92
f 2408/256/137 2431/257/125 2398/161/93
f 2574/258/133 2518/207/112 2572/259/114
f 2654/226/123 2653/215/116 2647/150/87
f 2415/260/138 2430/201/99 2402/180/101
f 2514/261/139 2531/262/139 2520/263/139
f 2406/221/120 2416/264/140 2418/243/132
f 2523/255/105 2524/265/136 2698/253/106
f 2403/251/104 2409/266/141 2408/252/137
f 2398/161/93 2431/257/125 2397/162/91
f 2431/230/125 2406/221/120 2399/169/96
f 2409/266/141 2403/251/104 2430/267/99
f 2432/248/135 2524/249/136 2396/152/89
f 2403/251/104 2410/268/126 2430/267/99
f 2416/264/140 2406/221/120 2431/230/125
f 2520/269/142 2400/170/97 2521/172/90
f 2518/207/112 2574/258/133 2525/270/143
f 2652/271/144 2649/240/130 2653/272/145
f 2519/233/127 2568/273/146 2516/147/86
f 2573/219/119 2575/246/134 2576/274/147
f 2531/178/100 2516/147/86 2568/273/146
f 2417/275/148 2421/276/149 2409/266/141
f 2404/229/111 2400/170/97 2411/277/150
f 2530/222/121 2518/207/112 2525/270/143
f 2404/278/151 2411/279/151 2412/280/151
f 2579/281/152 2574/245/133 2573/219/119
f 2404/205/111 2412/282/153 2402/180/101
f 2432/248/135 2394/141/83 2418/243/132
f 2408/256/137 2421/283/149 2431/257/125
f 2409/266/141 2421/276/149 2408/252/137
f 2430/267/99 2417/275/148 2409/266/141
f 2400/170/97 2413/284/154 2411/277/150
f 2577/285/155 2576/274/147 2575/246/134
f 2653/286/156 2655/287/156 2652/288/156
f 2400/170/97 2414/289/157 2413/284/154
f 2417/275/148 2430/267/99 2415/290/138
f 2414/289/157 2400/170/97 2520/269/142
f 2421/283/149 2416/291/140 2431/257/125
f 2415/292/138 2421/293/149 2417/294/148
f 2415/260/138 2402/180/101 2412/282/153
f 2524/249/136 2432/248/135 2533/295/158
f 2653/296/159 2654/297/159 2655/298/159
f 2649/240/130 2652/271/144 2651/241/131
f 2526/299/160 2519/233/127 2522/244/124
f 2527/300/161 2531/301/100 2568/302/146
f 2418/303/132 2533/304/158 2432/305/135
f 2576/274/147 2579/281/152 2573/219/119
f 2421/306/149 2415/307/138 2412/308/153
f 2419/309/162 2418/303/132 2416/291/140
f 2524/265/136 2659/310/163 2698/253/106
f 2645/168/95 2655/311/164 2654/226/123
f 2421/283/149 2419/309/162 2416/291/140
f 2420/312/165 2419/313/162 2421/314/149
f 2412/308/153 2420/315/165 2421/306/149
f 2537/316/166 2414/317/166 2520/318/166
f 2526/299/160 2528/319/167 2568/273/146
f 2526/299/160 2568/273/146 2519/233/127
f 2413/320/168 2412/321/168 2411/322/168
f 2422/323/169 2420/315/165 2413/324/154
f 2419/309/162 2533/304/158 2418/303/132
f 2540/325/170 2420/312/165 2422/326/169
f 2575/247/134 2651/241/131 2656/327/171
f 2413/284/154 2414/289/157 2423/328/172
f 2652/271/144 2656/327/171 2651/241/131
f 2420/315/165 2412/308/153 2413/324/154
f 2568/302/146 2543/329/173 2527/300/161
f 2420/312/165 2540/325/170 2419/313/162
f 2524/249/136 2533/295/158 2535/330/174
f 2422/323/169 2413/324/154 2423/331/172
f 2699/332/175 2645/168/95 2644/167/94
f 2659/310/163 2524/265/136 2529/333/176
f 2656/327/171 2652/271/144 2657/334/177
f 2424/335/178 2414/336/178 2537/337/178
f 2522/338/179 2530/339/179 2526/340/179
f 2531/341/180 2537/342/180 2520/343/180
f 2540/344/170 2533/304/158 2419/309/162
f 2575/246/134 2586/345/181 2577/285/155
f 2581/346/182 2579/281/152 2576/274/147
f 2652/271/144 2655/347/164 2657/334/177
f 2576/274/147 2577/285/155 2581/346/182
f 2422/323/169 2423/331/172 2424/348/183
f 2422/326/169 2536/349/184 2540/325/170
f 2424/350/185 2423/351/185 2414/352/185
f 2655/311/164 2645/168/95 2699/332/175
f 2644/167/94 2698/189/106 2699/332/175
f 2532/353/186 2537/354/187 2531/355/100
f 2533/304/158 2540/344/170 2534/356/188
f 2533/357/189 2534/358/189 2535/359/189
f 2433/360/190 2530/361/121 2525/362/143
f 2424/348/183 2536/363/184 2422/323/169
f 2536/364/184 2424/365/183 2537/366/187
f 2531/301/100 2527/300/161 2532/367/186
f 2578/368/191 2574/245/133 2579/281/152
f 2535/369/174 2529/333/176 2524/265/136
f 2527/300/161 2543/329/173 2538/370/192
f 2525/362/143 2574/371/133 2433/360/190
f 2536/372/193 2541/373/193 2540/374/193
f 2434/375/194 2433/360/190 2574/371/133
f 2537/366/187 2539/376/195 2536/364/184
f 2540/377/196 2541/378/196 2534/379/196
f 2537/354/187 2532/353/186 2539/380/195
f 2579/381/197 2581/382/197 2580/383/197
f 2541/384/198 2536/364/184 2539/376/195
f 2579/281/152 2580/385/199 2578/368/191
f 2434/375/194 2574/371/133 2578/386/191
f 2541/387/200 2535/388/200 2534/389/200
f 2656/390/171 2586/345/181 2575/246/134
f 2541/384/198 2542/391/201 2535/392/174
f 2580/393/199 2581/394/182 2582/395/202
f 2659/310/163 2529/333/176 2546/396/203
f 2543/397/173 2544/398/204 2538/370/192
f 2527/300/161 2538/370/192 2532/367/186
f 2583/399/205 2586/345/181 2656/390/171
f 2584/400/206 2582/401/202 2581/402/182
f 2541/384/198 2539/376/195 2542/391/201
f 2580/393/199 2582/395/202 2578/403/191
f 2577/404/155 2585/405/207 2581/402/182
f 2655/406/164 2658/407/208 2657/408/177
f 2549/409/209 2659/410/209 2546/411/209
f 2539/376/195 2532/367/186 2544/398/204
f 2698/412/106 2659/413/163 2660/414/210
f 2532/367/186 2538/370/192 2544/398/204
f 2526/299/160 2545/415/211 2528/319/167
f 2586/416/212 2583/417/212 2577/418/212
f 2582/401/202 2587/419/213 2578/420/191
f 2542/391/201 2539/376/195 2548/421/214
f 2548/421/214 2535/369/174 2542/391/201
f 2587/419/213 2582/401/202 2584/400/206
f 2569/422/215 2529/333/176 2535/369/174
f 2549/423/216 2660/414/210 2659/413/163
f 2581/402/182 2585/405/207 2584/400/206
f 2436/424/217 2526/425/160 2530/426/121
f 2433/360/190 2434/375/194 2435/427/218
f 2588/428/219 2577/404/155 2583/399/205
f 2433/360/190 2436/429/217 2530/361/121
f 2528/319/167 2551/430/220 2568/273/146
f 2539/376/195 2544/398/204 2548/421/214
f 2585/405/207 2577/404/155 2588/428/219
f 2529/333/176 2569/422/215 2546/431/203
f 2543/432/173 2555/433/221 2544/434/204
f 2526/425/160 2436/424/217 2440/435/222
f 2655/406/164 2699/436/175 2658/407/208
f 2578/386/191 2587/437/213 2434/375/194
f 2546/438/223 2569/439/223 2549/440/223
f 2551/430/220 2543/432/173 2568/273/146
f 2548/421/214 2569/422/215 2535/369/174
f 2699/436/175 2698/412/106 2660/414/210
f 2656/390/171 2589/441/224 2583/399/205
f 2551/430/220 2555/433/221 2543/432/173
f 2545/442/211 2526/443/160 2440/444/222
f 2544/445/225 2547/446/225 2548/447/225
f 2569/448/215 2547/449/226 2549/450/216
f 2435/427/218 2434/375/194 2587/437/213
f 2544/434/204 2550/451/227 2547/449/226
f 2699/436/175 2660/414/210 2658/407/208
f 2660/414/210 2661/452/228 2658/407/208
f 2569/422/215 2548/421/214 2547/453/226
f 2589/454/224 2656/327/171 2657/334/177
f 2528/319/167 2545/415/211 2551/455/220
f 2590/456/229 2584/400/206 2585/405/207
f 2589/441/224 2588/428/219 2583/399/205
f 2441/457/230 2433/360/190 2435/427/218
f 2545/442/211 2440/444/222 2551/458/220
f 2550/451/227 2544/434/204 2552/459/231
f 2587/437/213 2437/460/232 2435/427/218
f 2591/461/233 2587/419/213 2584/400/206
f 2549/450/216 2547/449/226 2664/462/234
f 2547/449/226 2550/451/227 2552/459/231
f 2552/459/231 2544/434/204 2555/433/221
f 2592/463/235 2584/400/206 2590/456/229
f 2662/464/236 2658/407/208 2661/452/228
f 2657/334/177 2663/465/237 2589/454/224
f 2549/423/216 2664/466/234 2660/414/210
f 2436/429/217 2433/360/190 2502/467/238
f 2547/449/226 2552/459/231 2553/468/239
f 2664/462/234 2547/449/226 2554/469/240
f 2433/360/190 2441/457/230 2502/467/238
f 2587/437/213 2591/470/233 2438/471/241
f 2547/449/226 2553/468/239 2554/469/240
f 2585/405/207 2593/472/242 2590/456/229
f 2588/428/219 2593/472/242 2585/405/207
f 2658/407/208 2662/464/236 2665/473/243
f 2437/460/232 2441/457/230 2435/427/218
f 2438/471/241 2437/460/232 2587/437/213
f 2588/428/219 2589/441/224 2594/474/244
f 2657/408/177 2658/407/208 2665/473/243
f 2502/475/238 2439/476/245 2436/477/217
f 2436/477/217 2439/476/245 2440/478/222
f 2598/479/246 2595/480/247 2596/481/248
f 2595/480/247 2598/479/246 811/482/249
f 2597/483/250 2591/461/233 2584/400/206
f 2592/463/235 2597/483/250 2584/400/206
f 811/484/251 807/485/251 2595/486/251
f 2663/487/237 2657/408/177 2665/473/243
f 2596/481/248 2595/480/247 806/488/252
f 2598/489/253 2700/490/253 811/491/253
f 2661/452/228 2660/414/210 2662/464/236
f 2700/492/254 2598/493/246 2601/494/255
f 2595/495/247 809/496/256 806/497/252
f 807/498/257 809/496/256 2595/495/247
f 2596/481/248 806/488/252 810/499/258
f 2596/500/248 2601/501/255 2598/502/246
f 2589/454/224 2668/503/259 2594/504/244
f 807/505/257 811/506/260 808/507/261
f 2660/414/210 2664/466/234 2666/508/262
f 2700/509/254 2702/510/263 811/511/264
f 2668/503/259 2589/454/224 2663/465/237
f 809/512/256 807/505/257 808/507/261
f 813/513/265 806/514/265 809/515/265
f 2700/509/254 2701/516/266 2702/510/263
f 2700/492/254 2601/494/255 2701/517/266
f 810/518/258 2601/501/255 2596/500/248
f 813/519/267 810/520/267 806/521/267
f 2636/522/268 2605/523/269 2599/524/270
f 2592/463/235 2590/456/229 2600/525/271
f 2601/526/255 810/527/258 2602/528/272
f 2601/526/255 2602/528/272 2603/529/273
f 2599/524/270 2605/523/269 817/530/274
f 2602/528/272 2604/531/275 2603/529/273
f 2502/532/238 2441/533/230 2437/460/232
f 2442/534/276 2440/478/222 2439/476/245
f 808/507/261 812/535/277 809/512/256
f 2601/526/255 2603/529/273 2701/536/266
f 815/537/278 808/538/278 811/539/278
f 2660/414/210 2666/540/262 2667/541/279
f 2602/528/272 810/527/258 814/542/280
f 812/543/281 813/544/281 809/545/281
f 2603/529/273 2609/546/282 2701/536/266
f 814/547/280 810/548/258 813/549/283
f 813/549/283 2610/550/284 814/547/280
f 817/551/274 2605/552/269 2604/531/275
f 2605/552/269 2606/553/285 2607/554/286
f 2591/470/233 2608/555/287 2438/471/241
f 2609/556/282 2710/557/288 2701/516/266
f 811/558/289 2702/559/289 815/560/289
f 2666/561/290 2664/562/290 2554/563/290
f 812/564/291 808/565/291 815/566/291
f 817/551/274 2604/531/275 2602/528/272
f 2636/567/268 2599/568/270 2600/569/271
f 2552/459/231 2554/469/240 2553/468/239
f 2703/570/292 2711/571/293 2704/572/294
f 2711/571/293 2703/570/292 2705/573/295
f 2636/522/268 2606/574/285 2605/523/269
f 2701/516/266 2710/557/288 2702/510/263
f 2502/532/238 2437/460/232 2443/575/296
f 813/549/283 816/576/297 2610/550/284
f 2605/552/269 2607/554/286 2604/531/275
f 2604/577/298 2607/578/298 2603/579/298
f 817/580/274 818/581/299 2599/582/270
f 2555/583/300 2551/584/300 2552/585/300
f 2591/461/233 2597/483/250 2608/586/287
f 817/551/274 2602/528/272 814/542/280
f 2667/541/279 2662/464/236 2660/414/210
f 2603/587/301 2607/588/301 2609/589/301
f 2666/590/302 2554/591/302 2556/592/302
f 2706/593/303 2704/572/294 2711/571/293
f 815/594/304 2702/510/263 2707/595/305
f 2703/596/292 2719/597/306 2705/598/295
f 2712/599/307 2711/600/293 2705/598/295
f 2712/599/307 2705/598/295 2726/601/308
f 2442/534/276 2446/602/309 2440/478/222
f 2702/510/263 2710/557/288 2707/595/305
f 751/603/310 749/604/311 750/605/312
f 812/606/313 816/607/297 813/608/283
f 814/542/280 2610/609/284 817/551/274
f 818/581/299 817/580/274 765/610/314
f 2600/525/271 2590/456/229 2593/472/242
f 2668/611/315 2663/612/315 2671/613/315
f 2600/525/271 2597/483/250 2592/463/235
f 2714/614/316 2704/572/294 2706/593/303
f 2708/615/317 2704/616/294 2714/617/316
f 2704/618/318 2708/619/318 2703/620/318
f 812/606/313 815/621/304 819/622/319
f 2593/472/242 2588/428/219 2594/474/244
f 2703/596/292 2720/623/320 2719/597/306
f 2662/464/236 2669/624/321 2665/473/243
f 751/625/322 759/626/322 754/627/322
f 2439/476/245 2502/475/238 2444/628/323
f 2556/629/324 2667/630/324 2666/631/324
f 2714/614/316 2706/593/303 2709/632/325
f 2706/633/326 2711/634/326 2713/635/326
f 2708/615/317 2720/623/320 2703/596/292
f 816/607/297 812/606/313 819/622/319
f 2708/615/317 2714/617/316 2613/636/327
f 754/637/328 749/638/328 751/639/328
f 770/640/329 752/641/330 2599/642/270
f 2551/643/220 2446/644/309 2552/645/231
f 815/594/304 2707/595/305 2717/646/331
f 753/647/332 2599/642/270 818/648/299
f 2609/649/282 2607/650/286 2710/651/288
f 749/604/311 687/652/333 750/605/312
f 2711/653/293 2712/654/307 2713/655/334
f 2662/464/236 2667/541/279 2670/656/335
f 2726/601/308 2705/598/295 2719/597/306
f 2613/636/327 2720/623/320 2708/615/317
f 2671/657/336 2663/658/336 2665/659/336
f 2713/660/334 2724/661/337 2706/593/303
f 2710/651/288 2607/650/286 2715/662/338
f 688/663/339 749/664/339 685/665/339
f 759/666/340 751/667/340 750/668/340
f 749/669/341 754/670/341 685/671/341
f 2706/593/303 2724/661/337 2709/632/325
f 2717/672/331 2722/673/342 815/621/304
f 2613/674/343 2714/675/343 2718/676/343
f 2610/550/284 765/610/314 817/580/274
f 763/677/344 754/678/345 755/679/346
f 2600/680/271 2593/681/242 2636/522/268
f 763/677/344 755/679/346 757/682/347
f 2600/525/271 2611/683/348 2597/483/250
f 2707/595/305 2710/557/288 2715/684/338
f 2709/685/349 2718/686/349 2714/687/349
f 2716/688/350 2715/689/338 2607/690/286
f 2446/644/309 2551/643/220 2440/691/222
f 2722/673/342 819/622/319 815/621/304
f 2607/554/286 2606/553/285 2718/692/351
f 754/678/345 759/693/352 755/679/346
f 2606/553/285 2612/694/353 2613/695/354
f 2593/472/242 2594/474/244 2626/696/355
f 2607/690/286 2718/697/351 2716/688/350
f 2777/698/356 2720/623/320 2613/636/327
f 765/610/314 2610/550/284 816/576/297
f 804/699/357 753/647/332 818/648/299
f 2709/632/325 2724/661/337 2716/700/350
f 2707/595/305 2715/684/338 2717/701/331
f 2709/702/358 2716/703/358 2718/704/358
f 749/705/311 686/706/359 687/707/333
f 2726/601/308 2719/597/306 2721/708/360
f 2613/695/354 2718/692/351 2606/553/285
f 754/678/345 763/677/344 685/709/361
f 2719/710/306 2720/711/320 2728/712/362
f 2437/460/232 2438/471/241 2445/713/363
f 2606/574/285 2636/522/268 2795/714/364
f 2725/715/365 2716/700/350 2724/661/337
f 755/716/346 756/717/366 757/718/347
f 685/709/361 763/677/344 758/719/367
f 2712/654/307 2723/720/368 2713/655/334
f 820/721/369 765/610/314 816/576/297
f 759/722/370 750/723/370 760/724/370
f 819/725/319 820/721/369 816/576/297
f 2502/475/238 2443/726/296 2444/628/323
f 756/717/366 755/716/346 761/727/371
f 757/728/372 764/729/372 763/730/372
f 2735/731/373 2717/732/331 2715/689/338
f 2614/733/374 2626/696/355 2594/474/244
f 2665/473/243 2668/734/259 2671/735/375
f 688/736/376 686/706/359 749/705/311
f 2727/737/377 2712/599/307 2726/601/308
f 2552/645/231 2446/644/309 2450/738/378
f 760/739/379 755/679/346 759/693/352
f 762/740/380 755/679/346 760/739/379
f 819/725/319 2722/741/342 820/721/369
f 755/716/346 762/742/380 761/727/371
f 2721/743/360 2719/710/306 2728/712/362
f 2593/681/242 2795/714/364 2636/522/268
f 756/744/381 764/745/381 757/746/381
f 2717/732/331 2735/731/373 2722/747/342
f 2667/748/382 2556/749/382 2554/750/382
f 2599/568/270 2611/751/348 2600/569/271
f 763/752/383 764/753/383 758/754/383
f 2593/681/242 2615/755/384 2795/714/364
f 753/647/332 770/640/329 2599/642/270
f 820/721/369 2722/741/342 2735/756/373
f 688/757/385 689/758/385 686/759/385
f 764/760/386 818/761/299 765/762/314
f 2723/763/368 2712/764/307 2727/765/377
f 2445/713/363 2443/575/296 2437/460/232
f 2725/766/365 2724/767/337 2713/655/334
f 2716/688/350 2725/768/365 2715/689/338
f 764/760/386 756/769/366 818/761/299
f 2728/770/362 2720/623/320 2777/698/356
f 2612/694/353 2780/771/387 2613/695/354
f 687/772/388 760/773/388 750/774/388
f 686/706/359 690/775/389 687/707/333
f 688/776/390 685/777/390 689/778/390
f 2727/765/377 2730/779/391 2723/763/368
f 2725/768/365 2735/731/373 2715/689/338
f 2723/720/368 2725/766/365 2713/655/334
f 2777/780/392 2613/781/392 2780/782/392
f 2726/783/308 2730/784/391 2727/785/377
f 2438/471/241 2608/555/287 2445/713/363
f 2606/574/285 2795/714/364 2612/786/353
f 760/739/379 694/787/393 762/740/380
f 764/788/394 766/789/394 758/790/394
f 761/791/371 818/761/299 756/769/366
f 2779/792/395 2721/793/395 2728/794/395
f 2726/783/308 2721/795/360 2779/796/396
f 764/760/386 765/762/314 766/797/397
f 2669/798/321 2662/464/236 2670/656/335
f 2450/738/378 2554/799/240 2552/645/231
f 2593/472/242 2626/696/355 2615/800/384
f 2777/801/356 2778/802/398 2728/803/362
f 2616/804/399 2614/733/374 2594/474/244
f 2668/734/259 2617/805/400 2594/806/244
f 690/807/401 693/808/401 687/809/401
f 2451/810/402 2446/811/402 2442/812/402
f 2439/476/245 2444/628/323 2442/534/276
f 758/813/367 692/814/403 685/815/361
f 2723/720/368 2731/816/404 2725/766/365
f 693/817/405 760/818/405 687/819/405
f 686/820/359 689/821/406 691/822/407
f 690/823/389 686/820/359 691/822/407
f 752/824/330 2611/751/348 2599/568/270
f 2445/713/363 2608/555/287 2447/825/408
f 2778/802/398 2779/826/396 2728/803/362
f 767/827/409 818/761/299 761/791/371
f 690/828/410 691/829/410 693/830/410
f 762/831/411 697/832/411 761/833/411
f 2726/783/308 2779/796/396 2730/784/391
f 2729/834/412 2735/731/373 2725/768/365
f 685/815/361 692/814/403 689/821/406
f 692/835/413 758/836/413 766/837/413
f 2668/734/259 2673/838/414 2617/805/400
f 818/839/415 767/840/415 804/841/415
f 2594/474/244 2617/842/400 2616/804/399
f 2597/483/250 2447/843/408 2608/586/287
f 765/844/314 692/814/403 766/845/397
f 2778/802/398 2777/801/356 2780/846/387
f 2781/847/416 2730/848/391 2779/849/396
f 2442/534/276 2444/628/323 2448/850/417
f 2723/720/368 2730/848/391 2733/851/418
f 2611/683/348 2622/852/419 2597/483/250
f 697/853/420 762/854/420 694/855/420
f 2733/851/418 2731/816/404 2723/720/368
f 697/856/421 767/827/409 761/791/371
f 2781/857/416 2779/826/396 2778/802/398
f 768/858/422 770/640/329 753/647/332
f 2597/483/250 2622/852/419 2447/843/408
f 693/859/423 694/860/393 760/861/379
f 2778/802/398 2780/862/387 2612/863/353
f 804/864/357 767/865/409 753/866/332
f 2781/847/416 2733/851/418 2730/848/391
f 2729/834/412 2725/768/365 2731/867/404
f 2450/738/378 2453/868/424 2554/799/240
f 2665/473/243 2669/624/321 2672/869/425
f 769/870/426 770/871/329 768/872/422
f 771/873/427 777/874/428 772/875/429
f 771/873/427 773/876/430 777/874/428
f 2827/877/431 2612/878/353 2795/879/364
f 2778/802/398 2782/880/432 2781/857/416
f 777/874/428 779/881/433 772/875/429
f 2665/473/243 2673/838/414 2668/734/259
f 2618/882/434 2795/714/364 2615/755/384
f 693/859/423 695/883/435 694/860/393
f 2619/884/436 2622/852/419 2611/683/348
f 771/873/427 772/875/429 774/885/437
f 692/814/403 696/886/438 689/821/406
f 769/870/426 768/872/422 773/876/430
f 820/887/369 2735/888/373 2737/889/439
f 2620/890/440 2611/751/348 752/824/330
f 775/891/441 773/876/430 771/873/427
f 2781/847/416 2734/892/442 2733/851/418
f 765/844/314 820/893/369 718/894/443
f 694/860/393 695/883/435 698/895/444
f 769/870/426 773/876/430 775/891/441
f 2827/896/431 2778/802/398 2612/863/353
f 694/897/445 698/898/445 697/899/445
f 770/640/329 2623/900/446 752/641/330
f 2554/799/240 2453/868/424 2667/901/279
f 2451/902/447 2450/903/447 2446/904/447
f 776/905/448 772/875/429 779/881/433
f 774/885/437 775/906/441 771/873/427
f 777/907/428 773/908/430 783/909/449
f 770/640/329 778/910/450 2623/900/446
f 783/909/449 779/911/433 777/907/428
f 765/844/314 696/886/438 692/814/403
f 2665/473/243 2672/869/425 2677/912/451
f 2781/913/452 2782/914/452 2734/915/452
f 2611/751/348 2620/890/440 2621/916/453
f 752/917/330 2622/918/419 2619/919/436
f 752/917/330 2619/919/436 2620/920/440
f 691/822/407 689/821/406 699/921/454
f 2611/751/348 2621/916/453 2624/922/455
f 2732/923/456 2733/924/418 2734/925/442
f 752/917/330 2447/926/408 2622/918/419
f 2447/926/408 752/917/330 2623/927/446
f 2669/928/457 2670/929/457 2672/930/457
f 2731/867/404 2733/924/418 2729/834/412
f 2611/683/348 2624/931/455 2619/884/436
f 2732/923/456 2729/834/412 2733/924/418
f 2795/879/364 2794/932/458 2827/877/431
f 783/933/449 773/876/430 768/872/422
f 2616/934/399 2617/935/400 2625/936/459
f 2616/934/399 2625/936/459 2614/937/374
f 696/886/438 699/921/454 689/821/406
f 2449/938/460 2448/850/417 2444/628/323
f 695/883/435 693/859/423 699/939/454
f 769/940/426 780/941/461 770/942/329
f 2667/943/279 2453/944/424 2670/945/335
f 2625/936/459 2617/935/400 2675/946/462
f 699/939/454 693/859/423 691/947/407
f 2455/948/463 769/949/426 775/950/441
f 2619/919/436 2621/951/453 2620/920/440
f 820/887/369 2737/889/439 720/952/464
f 695/953/465 745/954/465 698/955/465
f 779/881/433 783/956/449 776/905/448
f 772/957/466 784/958/466 774/959/466
f 2675/946/462 2627/960/467 2625/936/459
f 769/949/426 2455/948/463 780/961/461
f 699/962/468 745/963/468 695/964/468
f 787/965/469 753/866/332 767/865/409
f 770/640/329 781/966/470 778/910/450
f 2623/967/446 778/968/450 782/969/471
f 2732/923/456 2734/925/442 2782/970/432
f 767/971/409 697/972/421 745/973/472
f 2827/896/431 2732/974/456 2782/880/432
f 2459/975/473 2443/575/296 2445/713/363
f 698/976/474 745/977/474 697/978/474
f 776/979/475 783/980/475 784/981/475
f 772/875/429 776/905/448 784/982/476
f 2442/534/276 2448/850/417 2451/983/477
f 2450/984/478 2451/985/478 2453/986/478
f 2627/960/467 2628/987/479 2625/936/459
f 2617/988/400 2676/989/480 2675/990/462
f 2827/896/431 2782/880/432 2778/802/398
f 2625/936/459 2628/987/479 2614/991/374
f 2735/992/373 2729/993/412 2750/994/481
f 2451/995/477 2452/996/482 2453/997/424
f 2455/948/463 775/950/441 774/998/437
f 2626/999/355 2614/1000/374 2618/1001/434
f 2677/912/451 2673/838/414 2665/473/243
f 770/942/329 780/941/461 781/1002/470
f 2626/999/355 2618/1001/434 2615/1003/384
f 2557/1004/483 2672/869/425 2670/1005/335
f 2445/713/363 2447/825/408 2459/975/473
f 2443/726/296 2454/1006/484 2444/628/323
f 2621/951/453 2619/919/436 2624/1007/455
f 783/933/449 785/1008/485 784/1009/486
f 2631/1010/487 2618/1001/434 2614/1000/374
f 699/1011/488 696/1012/488 745/1013/488
f 2623/1014/446 2456/1015/489 2447/1016/408
f 791/1017/490 785/1008/485 783/933/449
f 2618/1001/434 2631/1010/487 2629/1018/491
f 2670/945/335 2453/944/424 2557/1019/483
f 791/1017/490 783/933/449 768/872/422
f 2628/1020/492 2631/1021/492 2614/1022/492
f 782/969/471 2456/1015/489 2623/1014/446
f 700/1023/493 745/1024/472 696/886/438
f 2736/1025/494 2729/834/412 2732/923/456
f 2735/992/373 2750/994/481 2737/1026/439
f 700/1023/493 696/886/438 765/844/314
f 765/844/314 718/894/443 717/1027/495
f 2617/988/400 2673/1028/414 2676/989/480
f 768/858/422 753/647/332 791/1029/490
f 2794/1030/458 2928/1031/496 2827/1032/431
f 2738/1033/497 2739/1034/498 2740/1035/499
f 2455/948/463 774/998/437 784/1036/486
f 2627/1037/467 2675/1038/462 2630/1039/500
f 2628/1040/479 2627/1037/467 2630/1039/500
f 780/1041/461 2455/1042/463 794/1043/501
f 2741/1044/502 2738/1033/497 2740/1035/499
f 2447/1045/408 2456/1046/489 2457/1047/503
f 2456/1015/489 782/969/471 781/1048/470
f 2629/1049/491 2795/714/364 2618/882/434
f 2630/1050/500 2632/1051/504 2628/1052/479
f 700/1023/493 765/844/314 717/1027/495
f 2557/1004/483 2674/1053/505 2672/869/425
f 2631/1054/487 2628/1052/479 2632/1051/504
f 781/1048/470 782/969/471 778/968/450
f 2783/1055/506 2788/1056/507 2784/1057/508
f 2748/1058/509 823/1059/510 822/1060/511
f 790/1061/512 2456/1015/489 781/1048/470
f 2785/1062/513 2786/1063/514 2828/1064/515
f 2795/714/364 2684/1065/516 2683/1066/517
f 2783/1055/506 2784/1057/508 2789/1067/518
f 2786/1068/514 2787/1069/519 2828/1070/515
f 767/865/409 786/1071/520 787/965/469
f 2739/1034/498 2738/1033/497 2752/1072/521
f 2786/1063/514 2785/1062/513 2802/1073/522
f 2679/1074/523 2675/1075/523 2676/1076/523
f 781/1077/524 780/1078/524 790/1079/524
f 2451/983/477 2479/1080/525 2452/996/482
f 2788/1081/526 2783/1082/526 2786/1083/526
f 2447/1045/408 2458/1084/527 2459/1085/473
f 2789/1086/528 2784/1087/528 2790/1088/528
f 2786/1068/514 2783/1089/506 2787/1069/519
f 2788/1056/507 2791/1090/529 2784/1057/508
f 2748/1058/509 2740/1091/499 2739/1034/498
f 2742/1092/530 2748/1093/509 822/1094/511
f 2454/1006/484 2449/938/460 2444/628/323
f 2447/1045/408 2457/1047/503 2458/1084/527
f 2557/1095/483 2453/1096/424 2558/1097/531
f 2791/1090/529 2792/1098/532 2784/1057/508
f 2684/1065/516 2795/714/364 2629/1049/491
f 2452/996/482 2558/1099/531 2453/997/424
f 2788/1100/507 2786/1063/514 2802/1073/522
f 791/1029/490 753/647/332 787/1101/469
f 785/1008/485 791/1017/490 784/1009/486
f 2454/1006/484 2443/726/296 2459/1102/473
f 2792/1103/532 2827/1032/431 2790/1104/533
f 745/973/472 746/1105/534 767/971/409
f 2783/1089/506 2789/1106/518 2787/1069/519
f 2784/1107/535 2792/1108/535 2790/1109/535
f 2792/1110/532 2732/974/456 2827/896/431
f 2743/1111/536 2739/1034/498 2752/1072/521
f 2744/1112/537 2738/1033/497 2741/1113/502
f 2738/1033/497 2744/1112/537 2752/1072/521
f 2736/1114/494 2750/994/481 2729/993/412
f 2631/1010/487 2684/1115/516 2629/1018/491
f 2792/1098/532 2791/1090/529 2793/1116/538
f 2827/1032/431 2796/1117/539 2789/1118/518
f 2748/1119/509 2741/1044/502 2740/1035/499
f 2677/1120/451 2676/989/480 2673/1028/414
f 2748/1093/509 2742/1092/530 2745/1121/540
f 2927/1122/541 2794/1123/458 2795/1124/364
f 2802/1073/522 2803/1125/542 2788/1100/507
f 2827/1032/431 2789/1118/518 2790/1104/533
f 2741/1126/543 2746/1127/543 2747/1128/543
f 823/1059/510 2748/1058/509 2739/1034/498
f 2630/1050/500 2678/1129/544 2632/1051/504
f 2456/1015/489 790/1061/512 788/1130/545
f 2750/994/481 2749/1131/546 2737/1026/439
f 2741/1132/547 2748/1133/547 2750/1134/547
f 2828/1064/515 2807/1135/548 2785/1062/513
f 2732/974/456 2792/1110/532 2793/1136/538
f 2747/1137/549 2744/1112/537 2741/1113/502
f 2744/1112/537 2747/1137/549 2752/1072/521
f 2675/1138/462 2678/1139/544 2630/1140/500
f 2807/1141/548 2828/1142/515 2787/1069/519
f 701/1143/550 706/1144/551 702/1145/552
f 2677/912/451 2672/869/425 2674/1053/505
f 2742/1092/530 822/1094/511 2766/1146/553
f 2750/1147/554 2748/1148/554 2749/1149/554
f 2741/1150/555 2750/1151/481 2746/1152/556
f 2632/1153/504 2684/1115/516 2631/1010/487
f 2789/1106/518 2796/1154/539 2787/1069/519
f 706/1144/551 701/1143/550 707/1155/557
f 790/1156/558 780/1157/558 2462/1158/558
f 2675/1138/462 2679/1159/559 2678/1139/544
f 2459/1085/473 2458/1084/527 2454/1160/484
f 745/1024/472 703/1161/560 746/1162/534
f 746/1163/534 703/1164/560 747/1165/561
f 2558/1099/531 2452/996/482 2464/1166/562
f 2827/1032/431 2928/1031/496 2796/1117/539
f 2479/1080/525 2464/1166/562 2452/996/482
f 2785/1062/513 2807/1135/548 2797/1167/563
f 706/1144/551 704/1168/564 702/1145/552
f 705/1169/565 701/1143/550 702/1145/552
f 706/1170/566 707/1171/566 711/1172/566
f 2739/1034/498 2751/1173/567 823/1059/510
f 2747/1174/568 2746/1175/568 2754/1176/568
f 2787/1069/519 2798/1177/569 2807/1141/548
f 784/1036/486 791/1178/490 789/1179/570
f 2752/1180/571 2747/1181/571 2754/1182/571
f 747/1183/561 707/1184/557 746/1105/534
f 2745/1121/540 2749/1185/546 2748/1093/509
f 708/1186/572 786/1187/520 767/971/409
f 2751/1173/567 2739/1034/498 2743/1111/536
f 790/1188/573 2462/1189/573 788/1190/573
f 2462/1191/574 780/1192/461 2460/1193/575
f 713/1194/576 747/1165/561 703/1164/560
f 2752/1072/521 2754/1195/577 2753/1196/578
f 747/1165/561 711/1197/579 707/1198/557
f 2754/1199/580 2746/1200/580 2753/1201/580
f 709/1202/581 711/1197/579 747/1165/561
f 784/1036/486 789/1179/570 2469/1203/582
f 2455/948/463 784/1036/486 2469/1203/582
f 2743/1111/536 2752/1072/521 2753/1196/578
f 2479/1080/525 2451/983/477 2448/850/417
f 2680/1204/583 2678/1139/544 2679/1159/559
f 713/1194/576 709/1202/581 747/1165/561
f 2676/989/480 2680/1205/583 2679/1206/559
f 2743/1111/536 2755/1207/584 2751/1173/567
f 720/1208/464 2737/1209/439 821/1210/585
f 2632/1153/504 2686/1211/586 2684/1115/516
f 2746/1152/556 2750/1151/481 2756/1212/587
f 2632/1051/504 2678/1129/544 2686/1213/586
f 746/1105/534 707/1184/557 710/1214/588
f 704/1168/564 706/1144/551 711/1215/579
f 2677/1120/451 2680/1205/583 2676/989/480
f 712/1216/589 705/1169/565 702/1145/552
f 2803/1217/542 2791/1090/529 2788/1056/507
f 713/1218/576 745/1024/472 700/1023/493
f 2760/1219/590 824/1220/591 2737/1221/439
f 822/1222/511 823/1223/510 2766/1224/553
f 701/1143/550 710/1225/588 707/1155/557
f 700/1023/493 714/1226/592 713/1218/576
f 821/1210/585 2737/1209/439 824/1227/591
f 2674/1053/505 2557/1004/483 2681/1228/593
f 2753/1196/578 2756/1212/587 2743/1111/536
f 745/1024/472 713/1218/576 703/1161/560
f 2759/1229/594 2760/1219/590 2737/1221/439
f 792/1230/595 789/1231/595 791/1232/595
f 715/1233/596 704/1168/564 711/1215/579
f 2753/1196/578 2746/1152/556 2756/1212/587
f 709/1202/581 713/1194/576 714/1226/592
f 2557/1095/483 2558/1097/531 2681/1234/593
f 2785/1062/513 2799/1235/597 2802/1073/522
f 2796/1154/539 2800/1236/598 2787/1069/519
f 823/1223/510 825/1237/599 2766/1224/553
f 710/1225/588 701/1143/550 705/1238/565
f 2759/1229/594 2737/1221/439 2749/1239/546
f 746/1105/534 708/1186/572 767/971/409
f 2558/1099/531 2464/1166/562 2681/1240/593
f 2757/1241/600 2751/1173/567 2755/1207/584
f 2927/1122/541 2795/1124/364 2683/1242/517
f 2797/1167/563 2799/1235/597 2785/1062/513
f 711/1197/579 709/1202/581 715/1243/596
f 2460/1193/575 2467/1244/601 2462/1191/574
f 2801/1245/602 2791/1090/529 2803/1217/542
f 702/1145/552 704/1168/564 724/1246/603
f 792/1247/604 731/1248/605 793/1249/606
f 2680/1250/583 2686/1251/586 2678/1252/544
f 715/1233/596 724/1253/603 704/1168/564
f 2798/1177/569 2787/1069/519 2800/1236/598
f 823/1059/510 2751/1173/567 2757/1241/600
f 2793/1254/538 2791/1090/529 2801/1245/602
f 788/1130/545 2462/1255/574 2456/1015/489
f 792/1247/604 791/1029/490 731/1248/605
f 2449/938/460 2454/1006/484 2461/1256/607
f 746/1105/534 710/1214/588 716/1257/608
f 2682/1258/609 2683/1259/517 2684/1260/516
f 2686/1251/586 2680/1250/583 2685/1261/610
f 717/1262/495 718/1263/443 820/1264/369
f 708/1186/572 746/1105/534 716/1257/608
f 2460/1265/575 780/1041/461 794/1043/501
f 2684/1260/516 2686/1266/586 2682/1258/609
f 2687/1267/611 2685/1261/610 2680/1250/583
f 2757/1241/600 2764/1268/612 823/1059/510
f 2745/1121/540 2758/1269/613 2749/1185/546
f 2759/1270/594 2769/1271/614 2760/1272/590
f 2761/1273/615 823/1274/510 2762/1275/616
f 2756/1212/587 2755/1207/584 2743/1111/536
f 2749/1185/546 2758/1269/613 2759/1270/594
f 714/1226/592 719/1276/617 709/1202/581
f 2732/974/456 2793/1136/538 2801/1277/602
f 2690/1278/618 2686/1279/618 2685/1280/618
f 2750/994/481 2736/1114/494 2818/1281/619
f 710/1225/588 705/1238/565 721/1282/620
f 730/1283/621 720/1284/464 821/1285/585
f 2682/1258/609 2686/1266/586 2688/1286/622
f 702/1145/552 724/1246/603 728/1287/623
f 2769/1271/614 2759/1270/594 2758/1269/613
f 789/1288/570 792/1289/604 793/1290/606
f 794/1043/501 2476/1291/624 2460/1265/575
f 2761/1273/615 825/1292/599 823/1274/510
f 2763/1293/625 2736/1025/494 2732/923/456
f 599/1294/626 787/1295/469 786/1187/520
f 2462/1296/574 2457/1047/503 2456/1046/489
f 2681/1297/593 2689/1298/627 2674/1299/505
f 2463/1300/628 2681/1301/593 2464/1302/562
f 2677/1120/451 2560/1303/629 2680/1205/583
f 823/1304/630 2764/1305/630 2762/1306/630
f 2634/1307/631 821/1210/585 824/1227/591
f 2688/1286/622 2686/1266/586 2690/1308/632
f 2799/1309/597 2809/1310/633 2802/1311/522
f 2454/1160/484 2465/1312/634 2461/1313/607
f 709/1202/581 719/1276/617 715/1243/596
f 2760/1314/590 2633/1315/635 824/1316/591
f 2802/1311/522 2809/1310/633 2803/1317/542
f 702/1145/552 728/1287/623 712/1216/589
f 2807/1135/548 2804/1318/636 2797/1167/563
f 2769/1271/614 2765/1319/637 2760/1272/590
f 787/1101/469 731/1248/605 791/1029/490
f 2755/1207/584 2773/1320/638 2764/1268/612
f 2460/1193/575 2471/1321/639 2467/1244/601
f 2801/1245/602 2803/1217/542 2809/1322/633
f 2763/1323/625 2732/974/456 2801/1277/602
f 710/1214/588 721/1324/620 716/1257/608
f 2448/850/417 2449/938/460 2466/1325/640
f 712/1216/589 728/1287/623 725/1326/641
f 2764/1268/612 2757/1241/600 2755/1207/584
f 2766/1327/553 825/1328/599 2771/1329/642
f 2449/938/460 2461/1256/607 2466/1325/640
f 2799/1235/597 2797/1167/563 2805/1330/643
f 2457/1047/503 2462/1296/574 2467/1331/601
f 700/1023/493 719/1276/617 714/1226/592
f 721/1332/620 705/1169/565 712/1216/589
f 724/1333/644 715/1334/644 727/1335/644
f 2800/1236/598 2810/1336/645 2798/1177/569
f 2674/1299/505 2689/1298/627 2677/1120/451
f 2805/1330/643 2797/1167/563 2804/1318/636
f 2455/948/463 2469/1203/582 794/1337/501
f 2773/1320/638 2755/1207/584 2756/1212/587
f 2560/1338/629 2687/1267/611 2680/1250/583
f 2465/1312/634 2466/1339/640 2461/1313/607
f 2687/1340/646 2690/1341/646 2685/1342/646
f 715/1243/596 719/1276/617 727/1343/647
f 2818/1344/619 2756/1212/587 2750/1151/481
f 2475/1345/648 821/1346/585 2634/1347/631
f 789/1288/570 793/1290/606 795/1348/649
f 2468/1349/650 2681/1301/593 2463/1300/628
f 2689/1350/627 2681/1351/593 2468/1352/650
f 2466/1325/640 2479/1080/525 2448/850/417
f 2815/1353/651 2801/1245/602 2809/1322/633
f 2677/1120/451 2689/1298/627 2560/1303/629
f 2634/1354/631 824/1316/591 2633/1315/635
f 2806/1355/652 2804/1356/636 2807/1357/548
f 2762/1358/653 2771/1359/653 2761/1360/653
f 2796/1361/539 2808/1362/654 2800/1363/598
f 2761/1364/615 2771/1329/642 825/1328/599
f 2799/1365/597 2805/1366/643 2809/1367/633
f 2798/1368/569 2806/1355/652 2807/1357/548
f 2463/1369/628 2464/1370/562 2482/1371/655
f 2742/1372/530 2767/1373/656 2774/1374/657
f 793/1375/606 799/1376/658 795/1377/649
f 731/1378/605 799/1376/658 793/1375/606
f 789/1179/570 2188/1379/659 2469/1203/582
f 2818/1344/619 2768/1380/660 2756/1212/587
f 2458/1084/527 2193/1381/661 2454/1160/484
f 2800/1363/598 2808/1362/654 2810/1382/645
f 2691/1383/662 2687/1384/663 2692/1385/664
f 727/1343/647 719/1276/617 722/1386/665
f 2469/1387/582 2188/1388/659 794/1043/501
f 2758/1389/613 2745/1390/540 2774/1374/657
f 748/1391/666 723/1392/667 717/1027/495
f 2796/1117/539 2928/1031/496 2808/1393/654
f 2756/1212/587 2768/1380/660 2773/1320/638
f 2473/1394/668 2691/1383/662 2692/1385/664
f 719/1276/617 700/1023/493 723/1392/667
f 2742/1372/530 2774/1374/657 2745/1390/540
f 2769/1395/614 2812/1396/669 2765/1397/637
f 2470/1398/670 2634/1399/631 2633/1400/635
f 724/1401/671 727/1402/671 728/1403/671
f 2691/1404/672 2690/1405/672 2687/1406/672
f 820/1264/369 748/1407/666 717/1262/495
f 2805/1366/643 2811/1408/673 2809/1367/633
f 712/1409/589 725/1410/641 726/1411/674
f 726/1411/674 721/1412/620 712/1409/589
f 797/1413/675 789/1288/570 795/1348/649
f 2818/1344/619 2770/1414/676 2768/1380/660
f 2690/1308/632 2691/1415/662 2688/1286/622
f 2633/1315/635 2760/1314/590 2765/1416/637
f 2692/1417/677 2687/1418/677 2693/1419/677
f 721/1420/620 736/1421/678 716/1422/608
f 2693/1423/679 2473/1424/668 2692/1425/664
f 789/1288/570 797/1413/675 796/1426/680
f 2484/1427/681 2765/1416/637 2813/1428/682
f 727/1429/683 732/1430/683 728/1431/683
f 2806/1432/652 2805/1433/643 2804/1434/636
f 2771/1435/684 2762/1436/684 2764/1437/684
f 717/1027/495 723/1392/667 700/1023/493
f 2801/1245/602 2815/1353/651 2814/1438/685
f 2560/1338/629 2693/1439/686 2687/1267/611
f 725/1440/641 728/1441/623 729/1442/687
f 2471/1443/639 2457/1047/503 2467/1331/601
f 2193/1381/661 2465/1312/634 2454/1160/484
f 719/1276/617 723/1392/667 722/1386/665
f 2472/1444/688 2691/1445/662 2473/1446/668
f 2474/1447/689 2475/1448/648 2634/1399/631
f 2811/1449/673 2805/1433/643 2806/1432/652
f 2484/1427/681 2635/1450/690 2633/1315/635
f 2634/1399/631 2470/1398/670 2474/1447/689
f 730/1283/621 821/1285/585 800/1451/691
f 2688/1286/622 2694/1452/692 2682/1258/609
f 797/1453/675 795/1377/649 799/1376/658
f 798/1454/693 799/1455/658 731/1456/605
f 820/1457/694 720/1458/694 730/1459/694
f 725/1410/641 729/1460/687 726/1411/674
f 2810/1336/645 2806/1461/652 2798/1177/569
f 2460/1193/575 2476/1462/624 2477/1463/695
f 2813/1464/682 2695/1465/696 2484/1466/681
f 789/1288/570 430/1467/697 2188/1468/659
f 2763/1323/625 2814/1469/685 2949/1470/698
f 731/1471/605 626/1472/699 798/1473/693
f 2926/1474/700 2928/1475/700 2794/1476/700
f 798/1454/693 801/1477/701 799/1455/658
f 2633/1400/635 2635/1478/690 2470/1398/670
f 2691/1445/662 2472/1444/688 2503/1479/702
f 736/1421/678 721/1420/620 726/1480/674
f 716/1481/703 734/1482/703 708/1483/703
f 2477/1463/695 2471/1321/639 2460/1193/575
f 2484/1427/681 2633/1315/635 2765/1416/637
f 2770/1414/676 2773/1320/638 2768/1380/660
f 728/1441/623 732/1484/704 729/1442/687
f 786/1187/520 708/1186/572 734/1485/705
f 2688/1286/622 2691/1415/662 2503/1486/702
f 2693/1423/679 2472/1487/688 2473/1424/668
f 2465/1312/634 2479/1488/525 2466/1339/640
f 2187/1489/706 2476/1291/624 794/1043/501
f 2767/1373/656 2742/1372/530 2771/1329/642
f 731/1471/605 787/1490/469 626/1472/699
f 800/1491/691 821/1346/585 2475/1345/648
f 2809/1322/633 2816/1492/707 2815/1353/651
f 2809/1322/633 2811/1493/673 2816/1492/707
f 2926/1494/708 2794/1495/458 2927/1496/541
f 786/1187/520 734/1485/705 597/1497/709
f 789/1288/570 796/1426/680 430/1467/697
f 2193/1381/661 2457/1047/503 2471/1443/639
f 797/1453/675 799/1376/658 801/1498/701
f 738/1499/710 727/1343/647 722/1386/665
f 2810/1336/645 2824/1500/711 2806/1461/652
f 801/1498/701 796/1501/680 797/1453/675
f 2193/1381/661 2458/1084/527 2457/1047/503
f 801/1477/701 798/1454/693 805/1502/712
f 2769/1395/614 2772/1503/713 2812/1396/669
f 2928/1031/496 2929/1504/714 2808/1393/654
f 2811/1493/673 2806/1505/652 2819/1506/715
f 2689/1507/716 2559/1508/716 2560/1509/716
f 2763/1323/625 2801/1277/602 2814/1469/685
f 2766/1327/553 2771/1329/642 2742/1372/530
f 2478/1510/717 2479/1511/718 2480/1512/719
f 2693/1423/679 2481/1513/720 2472/1487/688
f 2767/1514/656 2771/1515/642 2764/1516/612
f 2773/1517/638 2767/1514/656 2764/1516/612
f 2770/1518/676 2774/1519/657 2775/1520/721
f 730/1521/621 744/1522/722 820/1523/369
f 2926/1524/723 2929/1525/723 2928/1526/723
f 2812/1527/669 2813/1528/682 2765/1529/637
f 2763/1530/625 2818/1281/619 2736/1114/494
f 2482/1371/655 2464/1370/562 2479/1531/525
f 2560/1532/724 2559/1533/724 2693/1534/724
f 2775/1520/721 2767/1514/656 2773/1517/638
f 2810/1382/645 2808/1362/654 2824/1535/711
f 2770/1518/676 2818/1536/619 2774/1519/657
f 729/1442/687 732/1484/704 733/1537/725
f 2188/1388/659 2187/1489/706 794/1043/501
f 598/1538/726 716/1539/608 736/1540/678
f 2775/1520/721 2773/1517/638 2770/1518/676
f 734/1541/705 716/1539/608 598/1538/726
f 726/1480/674 729/1442/687 733/1537/725
f 2821/1542/727 2814/1543/685 2815/1544/651
f 2819/1506/715 2806/1505/652 2824/1545/711
f 2503/1479/702 2472/1444/688 2481/1546/720
f 2816/1547/707 2821/1542/727 2815/1544/651
f 2774/1374/657 2767/1373/656 2775/1548/721
f 2479/1511/718 2487/1549/728 2480/1512/719
f 2468/1352/650 2559/1550/729 2689/1350/627
f 2474/1447/689 803/1551/730 2475/1448/648
f 744/1552/722 748/1407/666 820/1264/369
f 2769/1395/614 2758/1389/613 2772/1503/713
f 2774/1374/657 2776/1553/731 2772/1503/713
f 737/1554/732 727/1343/647 738/1499/710
f 597/1497/709 599/1294/626 786/1187/520
f 733/1537/725 732/1484/704 737/1555/732
f 2824/1545/711 2822/1556/733 2819/1506/715
f 735/1557/734 722/1386/665 723/1392/667
f 2811/1493/673 2817/1558/735 2816/1492/707
f 2758/1389/613 2774/1374/657 2772/1503/713
f 736/1421/678 726/1480/674 733/1537/725
f 2482/1559/655 2468/1349/650 2463/1300/628
f 2481/1546/720 2483/1560/736 2503/1479/702
f 796/1501/680 801/1498/701 430/1561/697
f 2814/1469/685 2821/1562/727 2949/1470/698
f 737/1554/732 732/1563/704 727/1343/647
f 2186/1564/737 2187/1565/706 2188/1566/659
f 722/1386/665 735/1557/734 738/1499/710
f 2682/1567/738 2927/1568/738 2683/1569/738
f 2818/1570/619 2763/1571/625 2949/1572/698
f 2503/1486/702 2694/1452/692 2688/1286/622
f 2471/1443/639 2477/1573/695 2193/1381/661
f 597/1574/709 734/1575/705 598/1576/726
f 2819/1506/715 2817/1558/735 2811/1493/673
f 805/1577/739 798/1578/739 802/1579/739
f 2695/1465/696 2696/1580/740 2484/1466/681
f 2188/1581/659 430/1582/697 2189/1583/741
f 682/1584/742 736/1585/678 733/1586/725
f 598/1587/726 736/1585/678 682/1584/742
f 748/1391/666 735/1557/734 723/1392/667
f 2697/1588/743 2635/1478/690 2484/1589/681
f 2190/1590/744 2477/1591/695 2476/1592/624
f 737/1593/732 738/1594/710 739/1595/745
f 2819/1596/715 2822/1597/733 2820/1598/746
f 2819/1596/715 2820/1598/746 2817/1599/735
f 2816/1600/707 2817/1601/735 2821/1602/727
f 733/1586/725 737/1593/732 739/1595/745
f 2812/1527/669 2772/1603/713 2776/1604/731
f 2697/1605/743 2484/1466/681 2696/1580/740
f 2191/1606/747 430/1607/747 801/1608/747
f 805/1609/712 2191/1610/748 801/1611/701
f 604/1612/749 800/1491/691 2475/1345/648
f 682/1584/742 733/1586/725 739/1595/745
f 2474/1447/689 2470/1398/670 2201/1613/750
f 2817/1601/735 2820/1614/746 2821/1602/727
f 2822/1615/751 2824/1616/751 2820/1617/751
f 2483/1618/736 2481/1513/720 2693/1423/679
f 2468/1349/650 2485/1619/752 2559/1620/729
f 2483/1560/736 2491/1621/753 2503/1479/702
f 2818/1622/754 2776/1623/754 2774/1624/754
f 2823/1625/755 2813/1528/682 2812/1527/669
f 2825/1626/756 2695/1465/696 2813/1464/682
f 2475/1345/648 2192/1627/757 604/1612/749
f 2470/1398/670 2635/1478/690 2201/1613/750
f 2192/1627/757 2475/1345/648 803/1628/730
f 599/1629/626 600/1630/758 787/1631/469
f 739/1632/745 738/1499/710 735/1557/734
f 597/1574/709 598/1576/726 682/1633/742
f 748/1391/666 740/1634/759 735/1557/734
f 2486/1635/760 803/1551/730 2474/1447/689
f 2929/1504/714 2824/1636/711 2808/1393/654
f 2823/1625/755 2812/1527/669 2776/1604/731
f 682/1637/742 739/1632/745 735/1557/734
f 2479/1488/525 2465/1312/634 2488/1638/761
f 2487/1639/762 2488/1640/762 2479/1641/762
f 2695/1465/696 2839/1642/763 2696/1580/740
f 601/1643/764 798/1644/764 626/1645/764
f 2191/1646/748 2189/1647/741 430/1648/697
f 2830/1649/765 2927/1650/766 2682/1258/609
f 2192/1651/757 803/1652/730 2486/1653/760
f 600/1654/758 599/1655/626 597/1574/709
f 2479/1531/525 2488/1656/767 2482/1371/655
f 800/1451/691 741/1657/768 730/1283/621
f 3016/1658/769 2820/1659/746 2824/1660/711
f 798/1661/770 601/1662/771 802/1663/772
f 2818/1570/619 2949/1572/698 2977/1664/773
f 2489/1665/774 2468/1349/650 2482/1559/655
f 2820/1666/746 3016/1667/769 2821/1562/727
f 2682/1258/609 2694/1452/692 2830/1649/765
f 2477/1591/695 2190/1590/744 2194/1668/775
f 2483/1669/736 2693/1670/679 2559/1671/776
f 2503/1672/702 2492/1673/777 2694/1674/692
f 2937/1675/778 2954/1676/779 2934/1677/780
f 601/1678/771 626/1679/699 624/1680/781
f 3016/1667/769 2949/1470/698 2821/1562/727
f 682/1681/742 735/1682/734 683/1683/782
f 2839/1642/763 2695/1465/696 2825/1626/756
f 2824/1660/711 2929/1684/714 3016/1658/769
f 2188/1581/659 2189/1583/741 2195/1685/783
f 2934/1677/780 2954/1676/779 2930/1686/784
f 2697/1588/743 2490/1687/785 2635/1478/690
f 2193/1688/661 2477/1689/695 2194/1690/775
f 2474/1447/689 2201/1613/750 2486/1635/760
f 2497/1691/786 2697/1605/743 2696/1580/740
f 2189/1647/741 2191/1646/748 2195/1692/783
f 2186/1693/737 2188/1694/659 2204/1695/787
f 741/1696/768 800/1491/691 604/1612/749
f 2201/1613/750 2635/1478/690 2490/1687/785
f 2476/1592/624 2214/1697/788 2190/1590/744
f 2931/1698/789 2929/1699/714 2926/1494/708
f 597/1574/709 682/1633/742 602/1700/790
f 3016/1701/791 2932/1702/791 2949/1703/791
f 2503/1704/702 2491/1705/753 2492/1706/777
f 2488/1707/792 2493/1708/793 2494/1709/794
f 603/1710/795 604/1711/749 2192/1712/757
f 2813/1528/682 2823/1625/755 2825/1713/756
f 2195/1685/783 2202/1714/796 2188/1581/659
f 2818/1715/797 2977/1716/797 2776/1717/797
f 2187/1565/706 2214/1718/788 2476/1719/624
f 2823/1625/755 2776/1604/731 2826/1720/798
f 2943/1721/799 3016/1658/769 2929/1684/714
f 2489/1665/774 2485/1619/752 2468/1349/650
f 2933/1722/800 2934/1677/780 2930/1686/784
f 2826/1720/798 2825/1713/756 2823/1625/755
f 2190/1590/744 2196/1723/801 2194/1668/775
f 602/1700/790 600/1654/758 597/1574/709
f 2488/1707/792 2494/1709/794 2495/1724/802
f 2205/1725/803 2495/1726/804 2465/1312/634
f 682/1633/742 683/1727/782 607/1728/805
f 2194/1690/775 2196/1729/801 2193/1688/661
f 2977/1730/806 2826/1731/798 2776/1732/731
f 2187/1565/706 2186/1564/737 2197/1733/807
f 432/1734/808 802/1663/772 601/1662/771
f 432/1734/808 805/1735/712 802/1663/772
f 2839/1642/763 2497/1691/786 2696/1580/740
f 2937/1736/778 2936/1737/809 2954/1738/779
f 2934/1739/780 2933/1740/800 2935/1741/810
f 730/1521/621 742/1742/811 744/1522/722
f 2200/1743/812 431/1744/813 2192/1745/757
f 2938/1746/814 2954/1738/779 2936/1737/809
f 2486/1653/760 2198/1747/815 2199/1748/816
f 2200/1749/812 2192/1651/757 2486/1653/760
f 741/1750/768 604/1711/749 603/1710/795
f 735/1682/734 740/1751/759 684/1752/817
f 2559/1671/776 2296/1753/818 2483/1669/736
f 741/1657/768 742/1754/811 730/1283/621
f 682/1633/742 607/1728/805 605/1755/819
f 2936/1756/809 2937/1757/778 2970/1758/820
f 2190/1590/744 2214/1697/788 2098/1759/821
f 2296/1760/818 2491/1621/753 2483/1560/736
f 805/1609/712 432/1761/808 433/1762/822
f 2193/1688/661 2196/1729/801 2203/1763/823
f 2490/1764/785 2293/1765/824 2201/1766/750
f 2201/1766/750 2198/1747/815 2486/1653/760
f 2465/1312/634 2193/1381/661 2205/1725/803
f 2694/1674/692 2492/1673/777 2561/1767/825
f 2197/1768/807 2186/1693/737 2204/1695/787
f 2930/1769/784 2938/1770/814 2939/1771/826
f 2191/1646/748 2202/1772/796 2195/1692/783
f 2495/1726/804 2488/1638/761 2465/1312/634
f 2933/1722/800 2930/1686/784 2932/1773/827
f 2945/1774/828 2940/1775/829 2941/1776/830
f 2935/1777/810 2933/1722/800 2932/1773/827
f 605/1755/819 602/1700/790 682/1633/742
f 2937/1757/778 2934/1739/780 2935/1741/810
f 2942/1778/831 2937/1757/778 2935/1741/810
f 2940/1775/829 2945/1774/828 2944/1779/832
f 2932/1780/833 2973/1781/833 2949/1782/833
f 626/1783/699 787/1631/469 600/1630/758
f 2945/1784/828 2943/1785/799 2944/1786/832
f 2945/1787/828 2958/1788/834 2943/1789/799
f 2941/1776/830 2958/1790/834 2945/1774/828
f 2946/1791/835 2961/1792/836 2941/1776/830
f 2941/1776/830 2947/1793/837 2946/1794/835
f 2091/1795/838 2489/1796/838 2482/1797/838
f 2488/1707/767 2495/1724/804 2206/1798/839
f 2946/1799/835 2947/1800/837 2948/1801/840
f 2192/1745/757 431/1744/813 603/1802/795
f 2961/1792/836 2958/1790/834 2941/1776/830
f 2561/1803/825 2829/1804/841 2694/1805/692
f 2196/1723/801 2190/1590/744 2203/1806/823
f 2204/1807/787 2188/1581/659 2202/1714/796
f 2940/1775/829 2947/1793/837 2941/1776/830
f 2295/1808/842 2491/1621/753 2296/1760/818
f 2491/1809/843 2295/1810/843 2499/1811/843
f 2187/1565/706 2197/1733/807 2214/1718/788
f 432/1734/808 601/1662/771 624/1812/781
f 2935/1777/810 2932/1773/827 3016/1813/769
f 2927/1814/844 2830/1815/844 2957/1816/844
f 2825/1626/756 2969/1817/845 2839/1642/763
f 2927/1818/541 2831/1819/846 2971/1820/847
f 2205/1821/803 2193/1688/661 2203/1763/823
f 2930/1686/784 2973/1822/848 2932/1773/827
f 2977/1823/849 2949/1824/849 2973/1825/849
f 2950/1826/850 2948/1801/840 2947/1800/837
f 2929/1684/714 2952/1827/851 2943/1721/799
f 2831/1819/846 2951/1828/852 2971/1820/847
f 2946/1791/835 2966/1829/853 2961/1792/836
f 2944/1786/832 2943/1785/799 2952/1830/851
f 2489/1665/774 2496/1831/854 2485/1619/752
f 2942/1778/831 2970/1758/820 2937/1757/778
f 2940/1832/829 2953/1833/855 2947/1800/837
f 2930/1769/784 2954/1834/779 2938/1770/814
f 609/1835/856 607/1728/805 608/1836/857
f 2935/1777/810 3016/1813/769 2978/1837/858
f 2955/1838/859 2942/1778/831 2935/1741/810
f 805/1609/712 433/1762/822 2191/1610/748
f 2948/1801/840 2966/1839/853 2946/1799/835
f 2931/1840/789 2952/1827/851 2929/1684/714
f 2944/1786/832 2952/1830/851 2956/1841/860
f 2296/1753/818 2559/1671/776 2500/1842/861
f 684/1752/817 606/1843/862 735/1682/734
f 607/1728/805 609/1835/856 605/1755/819
f 2974/1844/863 2940/1775/829 2944/1779/832
f 607/1845/864 683/1846/864 608/1847/864
f 2204/1807/787 2202/1714/796 2208/1848/865
f 609/1835/856 623/1849/866 605/1755/819
f 2966/1850/867 2962/1851/867 2961/1852/867
f 2957/1853/868 2830/1854/868 2834/1855/868
f 2958/1788/834 2959/1856/869 2943/1789/799
f 2206/1857/839 2495/1858/804 2205/1821/803
f 2212/1859/870 2191/1610/748 433/1762/822
f 609/1860/856 608/1861/857 610/1862/871
f 2974/1844/863 2944/1779/832 2956/1863/860
f 2957/1864/872 2831/1819/846 2927/1818/541
f 609/1860/856 610/1862/871 611/1865/873
f 2829/1804/841 2830/1866/765 2694/1805/692
f 2958/1867/834 2964/1868/874 2959/1869/869
f 2490/1870/785 2498/1871/875 2293/1872/824
f 2294/1873/876 2295/1874/876 2296/1875/876
f 611/1876/873 610/1877/871 612/1878/877
f 2831/1879/846 2834/1880/878 2832/1881/879
f 608/1882/857 612/1883/877 610/1884/871
f 2831/1885/846 2832/1886/879 2951/1887/852
f 2200/1749/812 2486/1653/760 2199/1748/816
f 2294/1888/880 2296/1889/880 2500/1890/880
f 636/1891/881 611/1876/873 612/1878/877
f 2936/1737/809 2939/1892/826 2938/1746/814
f 2935/1777/810 2978/1837/858 2955/1893/859
f 2834/1880/878 2831/1879/846 2957/1894/872
f 2953/1833/855 2960/1895/882 2947/1800/837
f 2961/1896/836 2962/1897/883 2958/1898/834
f 2948/1801/840 2950/1826/850 2963/1899/884
f 611/1865/873 613/1900/885 609/1860/856
f 2295/1901/886 2294/1902/887 2227/1903/888
f 2207/1904/889 2203/1806/823 2190/1590/744
f 2942/1778/831 2955/1838/859 2964/1905/874
f 683/1683/782 735/1682/734 606/1843/862
f 2960/1895/882 2950/1826/850 2947/1800/837
f 617/1906/890 624/1907/890 614/1908/890
f 636/1891/881 615/1909/891 611/1876/873
f 2497/1910/786 2498/1911/875 2697/1588/743
f 2202/1772/796 2191/1646/748 2208/1912/865
f 432/1734/808 624/1812/781 435/1913/892
f 741/1750/768 603/1710/795 616/1914/893
f 624/1680/781 626/1679/699 614/1915/894
f 2091/1916/895 2482/1917/655 2206/1918/839
f 617/1919/896 626/1920/699 618/1921/897
f 2559/1620/729 2485/1619/752 2496/1922/854
f 2206/1923/839 2482/1371/655 2488/1656/767
f 3016/1658/769 2959/1924/869 2978/1925/858
f 2963/1899/884 2966/1839/853 2948/1801/840
f 2940/1926/898 2965/1927/898 2953/1928/898
f 743/1929/899 744/1930/899 742/1931/899
f 2490/1687/785 2697/1588/743 2498/1911/875
f 2964/1932/874 2958/1898/834 2962/1897/883
f 614/1933/894 626/1920/699 617/1919/896
f 2198/1747/815 2209/1934/900 2199/1748/816
f 2980/1935/901 2962/1897/883 2966/1936/853
f 2967/1937/902 2926/1494/708 2927/1496/541
f 613/1938/885 611/1876/873 615/1909/891
f 2952/1830/851 2968/1939/903 2956/1841/860
f 3016/1658/769 2943/1721/799 2959/1924/869
f 2965/1940/904 2940/1775/829 2974/1844/863
f 613/1900/885 619/1941/905 609/1860/856
f 2191/1646/748 2210/1942/906 2208/1912/865
f 2955/1893/859 2978/1837/858 2964/1943/874
f 2489/1944/774 2228/1945/907 2496/1946/854
f 620/1947/908 683/1683/782 606/1843/862
f 2826/1731/798 2969/1948/845 2825/1949/756
f 2832/1950/879 2834/1951/878 2835/1952/909
f 2204/1807/787 2208/1848/865 2210/1953/906
f 748/1954/910 684/1955/910 740/1956/910
f 600/1630/758 621/1957/911 626/1783/699
f 2832/1886/879 2833/1958/912 2951/1887/852
f 605/1755/819 622/1959/913 602/1700/790
f 608/1882/857 683/1683/782 620/1947/908
f 2211/1960/914 2191/1961/748 2212/1962/870
f 2562/1963/915 2491/1705/753 2499/1964/916
f 2964/1905/874 2990/1965/917 2942/1778/831
f 2293/1765/824 2213/1966/918 2201/1766/750
f 605/1967/919 623/1968/919 622/1969/919
f 2198/1747/815 2201/1766/750 2213/1966/918
f 2968/1970/903 2952/1827/851 2931/1840/789
f 636/1891/881 612/1878/877 635/1971/920
f 748/1407/666 744/1552/722 743/1972/921
f 624/1973/781 631/1974/922 435/1975/892
f 2834/1976/878 2830/1866/765 2835/1977/909
f 2981/1978/923 2966/1839/853 2963/1899/884
f 2990/1965/917 2970/1758/820 2942/1778/831
f 625/1979/924 615/1909/891 636/1891/881
f 2830/1866/765 2836/1980/925 2835/1977/909
f 2939/1892/826 2936/1737/809 2970/1981/820
f 2500/1982/926 2227/1983/888 2294/1984/887
f 2830/1866/765 2829/1804/841 2836/1980/925
f 2225/1985/927 2214/1718/788 2197/1733/807
f 621/1986/911 618/1987/897 626/1988/699
f 2927/1989/541 2971/1990/847 2972/1991/928
f 2562/1992/915 2561/1767/825 2492/1673/777
f 2981/1993/923 2980/1935/901 2966/1936/853
f 628/1994/929 619/1941/905 613/1900/885
f 2496/1995/930 2500/1996/930 2559/1997/930
f 613/1938/885 627/1998/931 628/1999/929
f 2964/1932/874 2962/1897/883 2990/2000/917
f 2211/1960/914 2210/2001/906 2191/1961/748
f 613/1938/885 615/1909/891 627/1998/931
f 612/1883/877 629/2002/932 635/2003/920
f 623/2004/866 609/2005/856 630/2006/933
f 2965/2007/904 2960/1895/882 2953/1833/855
f 629/2002/932 612/1883/877 608/1882/857
f 2927/1989/541 2972/1991/928 2967/2008/902
f 2835/1952/909 2836/2009/925 2832/1950/879
f 2990/1965/917 2989/2010/934 2970/1758/820
f 2939/1771/826 2973/2011/848 2930/1769/784
f 617/1919/896 618/1921/897 437/2012/935
f 2091/2013/895 2228/1945/907 2489/1944/774
f 617/1919/896 437/2012/935 631/2014/922
f 629/2002/932 608/1882/857 620/1947/908
f 2207/1904/889 2190/1590/744 2098/1759/821
f 2498/1911/875 2497/1910/786 2849/2015/936
f 618/1987/897 621/1986/911 440/2016/937
f 2956/2017/860 2996/2018/938 2974/2019/863
f 631/1974/922 624/1973/781 617/2020/896
f 2837/2021/939 2836/1980/925 2829/1804/841
f 2964/1868/874 2975/2022/940 2959/1869/869
f 623/2004/866 630/2006/933 622/2023/913
f 632/2024/941 615/1909/891 625/1979/924
f 2926/1494/708 2967/1937/902 2976/2025/942
f 2990/2000/917 2962/1897/883 2980/1935/901
f 2956/2026/943 2968/2027/943 2996/2028/943
f 2203/1763/823 2207/2029/889 2205/1821/803
f 2996/2030/938 2968/1970/903 2931/1840/789
f 619/1941/905 628/1994/929 633/2031/944
f 600/1630/758 646/2032/945 621/1957/911
f 2976/2025/942 2931/1698/789 2926/1494/708
f 2838/2033/946 2839/2034/763 2969/2035/845
f 2205/1821/803 2094/2036/947 2206/1857/839
f 742/2037/811 741/1750/768 634/2038/948
f 2939/1771/826 2977/2039/806 2973/2011/848
f 2978/1925/858 2959/1924/869 2975/2040/940
f 2833/2041/912 2853/2042/949 2951/2043/852
f 635/2044/920 625/2045/924 636/2046/881
f 619/1941/905 630/2047/933 609/1860/856
f 2964/2048/950 2978/2049/950 2975/2050/950
f 2098/2051/821 2214/2052/788 2225/2053/927
f 2836/2009/925 2837/2054/939 2832/1950/879
f 2199/1748/816 2215/2055/951 2200/1749/812
f 635/2003/920 629/2002/932 640/2056/952
f 432/1761/808 435/2057/892 433/1762/822
f 2988/2058/953 2987/2059/954 2979/2060/955
f 618/1987/897 440/2016/937 437/2061/935
f 2302/2062/956 2833/1958/912 2832/1886/879
f 2562/1963/915 2492/1706/777 2491/1705/753
f 619/2063/905 633/2064/944 630/2065/933
f 2091/1916/895 2206/1918/839 2092/2066/957
f 2950/1826/850 2960/2067/882 2984/2068/958
f 602/2069/790 622/2070/913 637/2071/959
f 2840/2072/960 2829/1804/841 2561/1803/825
f 635/2044/920 640/2073/952 625/2045/924
f 600/1654/758 602/1700/790 638/2074/961
f 632/2024/941 627/1998/931 615/1909/891
f 2965/1940/904 2974/1844/863 3017/2075/962
f 2980/2076/963 2981/2077/963 2992/2078/963
f 2561/2079/825 2564/2080/964 2840/2081/960
f 2225/1985/927 2197/1733/807 2097/2082/965
f 437/2083/935 434/2084/966 631/2085/922
f 2951/2043/852 2842/2086/967 2841/2087/968
f 2963/1899/884 2950/1826/850 2984/2068/958
f 633/2031/944 628/1994/929 627/2088/931
f 2215/2055/951 2199/1748/816 2117/2089/969
f 2228/1945/907 2091/2013/895 2229/2090/970
f 2990/2000/917 2980/1935/901 2982/2091/971
f 2960/2092/882 2965/2093/904 2983/2094/972
f 2963/1899/884 2993/2095/973 2981/1978/923
f 2983/2094/972 2984/2096/958 2960/2092/882
f 2951/2043/852 2853/2042/949 2842/2086/967
f 616/1914/893 634/2038/948 741/1750/768
f 2976/2097/942 2996/2030/938 2931/1840/789
f 433/1762/822 435/2098/892 436/2099/974
f 2963/1899/884 2984/2068/958 2993/2095/973
f 3017/2100/962 2974/2019/863 2996/2018/938
f 3017/2101/962 2985/2102/975 2965/2103/904
f 2980/1935/901 3018/2104/976 2982/2091/971
f 2826/1731/798 2977/1730/806 2986/2105/977
f 2563/2106/978 2829/1804/841 2840/2072/960
f 2841/2107/968 2972/1991/928 2971/1990/847
f 631/2108/922 434/2109/966 435/2098/892
f 3002/2110/979 2990/2111/917 2997/2112/980
f 2987/2113/981 2988/2114/981 3000/2115/981
f 606/2116/862 639/2117/982 620/2118/908
f 2197/1768/807 2204/1695/787 2097/2119/965
f 2989/2120/934 2990/2111/917 3002/2110/979
f 2990/2121/983 2982/2122/983 2997/2123/983
f 2849/2015/936 2497/1910/786 2501/2124/984
f 434/2084/966 437/2083/935 436/2125/974
f 2992/2126/985 3018/2104/976 2980/1935/901
f 431/1744/813 2200/1743/812 2215/2127/951
f 2829/1804/841 2563/2106/978 2837/2021/939
f 437/2083/935 439/2128/986 436/2125/974
f 2832/1950/879 2837/2054/939 2563/2129/978
f 627/1998/931 632/2024/941 650/2130/987
f 2969/1948/845 2986/2105/977 2991/2131/988
f 2209/1934/900 2117/2089/969 2199/1748/816
f 640/2132/989 652/2133/989 625/2134/989
f 436/2099/974 435/2098/892 434/2109/966
f 2985/2102/975 2983/2135/972 2965/2103/904
f 2967/1937/902 2994/2136/990 3035/2137/991
f 684/2138/817 748/2139/666 880/2140/992
f 3000/2141/993 2988/2142/953 2979/2143/955
f 2501/2144/984 2839/2034/763 2838/2033/946
f 630/2145/933 637/2146/959 622/2147/913
f 640/2148/952 629/2149/932 620/2118/908
f 2302/2150/956 2832/1950/879 2563/2129/978
f 641/2151/994 630/2065/933 633/2064/944
f 627/2088/931 641/2152/994 633/2031/944
f 640/2148/952 620/2118/908 639/2117/982
f 603/1710/795 642/2153/995 616/1914/893
f 2216/2154/996 2205/1821/803 2207/2029/889
f 2500/1982/926 2230/2155/997 2227/1983/888
f 2972/1991/928 2841/2156/968 2967/2008/902
f 2981/1978/923 2993/2095/973 2992/2157/985
f 2295/2158/886 2562/2159/915 2499/2160/916
f 3013/2161/998 2986/2105/977 2977/1730/806
f 650/2130/987 632/2024/941 625/1979/924
f 2983/2162/972 2993/2163/973 2984/2164/958
f 2979/2060/955 2987/2059/954 2998/2165/999
f 2841/2107/968 2971/1990/847 2951/2166/852
f 625/1979/924 652/2167/1000 650/2130/987
f 2967/1937/902 3035/2137/991 3019/2168/1001
f 2839/1642/763 2501/2169/984 2497/1691/786
f 638/2170/961 602/2069/790 637/2071/959
f 880/2140/992 748/2139/666 743/2171/921
f 603/1802/795 431/1744/813 645/2172/1002
f 2841/2173/968 2994/2174/990 2967/2175/902
f 2995/2176/1003 2977/2039/806 2939/1771/826
f 648/2177/1004 630/2065/933 641/2151/994
f 600/1654/758 638/2074/961 514/2178/1005
f 2939/1892/826 2970/1981/820 2995/2179/1003
f 643/2180/1006 644/2181/1007 639/2117/982
f 2207/1904/889 2098/1759/821 2216/2182/996
f 2993/2163/973 2983/2162/972 2992/2183/985
f 437/2184/935 438/2185/1008 439/2186/986
f 2996/2187/938 3005/2188/1009 3017/2189/962
f 3018/2190/976 3010/2191/1010 2982/2192/971
f 630/2145/933 648/2193/1004 637/2146/959
f 2211/1960/914 2212/1962/870 2103/2194/1011
f 514/2195/1005 646/2032/945 600/1630/758
f 2996/2187/938 2999/2196/1012 3005/2188/1009
f 606/2116/862 684/2197/817 663/2198/1013
f 2216/2154/996 2094/2036/947 2205/1821/803
f 2997/2199/1014 2982/2200/1014 3010/2201/1014
f 3018/2202/976 2992/2203/985 3008/2204/1015
f 2967/1937/902 3019/2168/1001 2976/2025/942
f 444/2205/1016 438/2185/1008 437/2206/935
f 2994/2174/990 2841/2173/968 3001/2207/1017
f 2213/1966/918 2293/1765/824 2107/2208/1018
f 2986/2105/977 2969/1948/845 2826/1731/798
f 3002/2209/979 2997/2210/980 3010/2211/1010
f 641/2212/994 627/2213/931 650/2214/987
f 645/2215/1002 642/2153/995 603/1710/795
f 639/2117/982 644/2181/1007 640/2148/952
f 3018/2190/976 3007/2216/1019 3010/2191/1010
f 2979/2143/955 2998/2217/999 3000/2141/993
f 2838/2033/946 2969/2035/845 2991/2218/988
f 2985/2219/975 3017/2220/962 3005/2221/1009
f 654/2222/1020 444/2205/1016 437/2206/935
f 2500/2223/926 2496/2224/854 2231/2225/1021
f 2092/2226/957 2206/1857/839 2094/2036/947
f 646/2227/945 647/2228/1022 621/1986/911
f 3002/2209/979 3010/2211/1010 3012/2229/1023
f 640/2148/952 644/2181/1007 652/2230/1024
f 2564/2080/964 2563/2231/978 2840/2081/960
f 2198/1747/815 2106/2232/1025 2209/1934/900
f 639/2117/982 606/2116/862 643/2180/1006
f 2976/2097/942 2999/2233/1012 2996/2030/938
f 2985/2102/975 3008/2204/1015 2983/2135/972
f 3007/2234/1019 3018/2202/976 3008/2204/1015
f 2302/2235/956 2563/2236/978 2564/2237/964
f 2983/2135/972 3008/2204/1015 2992/2203/985
f 650/2214/987 651/2238/1026 641/2212/994
f 2496/1946/854 2228/1945/907 2229/2090/970
f 2846/2239/1027 3000/2240/993 2994/2241/990
f 2091/2242/895 2092/2243/957 2096/2244/1028
f 637/2245/1029 648/2246/1029 649/2247/1029
f 2987/2248/954 3000/2240/993 2846/2239/1027
f 2297/2249/1030 2293/1872/824 2498/1871/875
f 648/2177/1004 641/2151/994 662/2250/1031
f 2833/2251/1032 2302/2252/1032 2307/2253/1032
f 637/2071/959 649/2254/1033 638/2170/961
f 438/2185/1008 444/2205/1016 445/2255/1034
f 650/2256/1035 652/2257/1035 651/2258/1035
f 3001/2259/1017 2846/2239/1027 2994/2241/990
f 2093/2260/1036 2100/2261/1037 2225/2262/927
f 2998/2165/999 2987/2059/954 2846/2263/1027
f 2989/2264/1038 3002/2265/1038 3012/2266/1038
f 2841/2267/1039 2842/2268/1039 3001/2269/1039
f 2306/2270/1040 2833/2271/912 2565/2272/1041
f 2103/2273/1011 433/1762/822 436/2099/974
f 647/2228/1022 440/2016/937 621/1986/911
f 662/2250/1031 641/2151/994 651/2274/1026
f 2212/1859/870 433/1762/822 2103/2273/1011
f 2230/2155/997 2500/2223/926 2231/2225/1021
f 2985/2102/975 3003/2275/1042 3008/2204/1015
f 2225/2053/927 2100/2276/1037 2098/2051/821
f 3005/2221/1009 3004/2277/1043 2985/2219/975
f 654/2222/1020 437/2206/935 440/2278/937
f 651/2274/1026 652/2279/1024 661/2280/1044
f 652/2279/1024 644/2181/1007 661/2280/1044
f 2855/2281/1045 2991/2131/988 2986/2105/977
f 3010/2211/1010 3011/2282/1046 3012/2229/1023
f 2843/2283/1047 2846/2284/1027 3001/2285/1017
f 743/2171/921 671/2286/1048 880/2140/992
f 653/2287/1049 743/2288/1049 634/2289/1049
f 3001/2285/1017 2844/2290/1050 2843/2283/1047
f 2094/2291/947 2216/2292/996 2099/2293/1051
f 2985/2102/975 3004/2294/1043 3003/2275/1042
f 2986/2105/977 3041/2295/1052 2855/2281/1045
f 2307/2296/1053 2565/2272/1041 2833/2271/912
f 2846/2263/1027 2848/2297/1054 2998/2165/999
f 2999/2298/1012 3011/2299/1046 3005/2300/1009
f 2849/2301/936 2298/2302/1055 2498/1871/875
f 3005/2300/1009 3011/2299/1046 3004/2303/1043
f 2562/2159/915 2295/2158/886 2299/2304/1056
f 642/2153/995 634/2038/948 616/1914/893
f 2843/2305/1047 2844/2290/1050 2845/2306/1057
f 648/2307/1058 662/2308/1058 649/2309/1058
f 2307/2296/1053 2306/2270/1040 2565/2272/1041
f 662/2250/1031 651/2274/1026 661/2280/1044
f 2848/2297/1054 3006/2310/1059 2998/2165/999
f 2302/2235/956 2564/2237/964 2300/2311/1060
f 2213/1966/918 2106/2232/1025 2198/1747/815
f 2994/2136/990 3000/2312/993 3035/2137/991
f 3007/2313/1019 3008/2314/1015 3003/2315/1042
f 2231/2316/1021 2496/1946/854 2229/2090/970
f 2219/2317/1061 438/2185/1008 445/2255/1034
f 2297/2249/1030 2498/1871/875 2298/2302/1055
f 3009/2318/1062 2998/2319/999 3006/2320/1059
f 669/2321/1063 655/2322/1064 646/2323/945
f 3010/2324/1010 3007/2313/1019 3011/2325/1046
f 654/2326/1020 440/2016/937 647/2228/1022
f 3009/2327/1062 3000/2141/993 2998/2217/999
f 2844/2290/1050 2852/2328/1065 2845/2306/1057
f 2300/2329/1060 2564/2080/964 2561/2079/825
f 2842/2330/1066 2844/2290/1050 3001/2285/1017
f 646/2331/1067 654/2332/1067 647/2333/1067
f 3011/2325/1046 3007/2313/1019 3003/2315/1042
f 2306/2334/1040 2853/2042/949 2833/2041/912
f 2230/2155/997 2232/2335/1068 2227/1983/888
f 3011/2299/1046 3003/2336/1042 3004/2303/1043
f 2999/2233/1012 2976/2097/942 3011/2337/1046
f 669/2338/1063 658/2339/1069 655/2340/1064
f 658/2339/1069 668/2341/1070 667/2342/1071
f 634/2038/948 743/2343/1072 742/2037/811
f 439/2186/986 438/2185/1008 2219/2317/1061
f 676/2344/1073 672/2345/1074 656/2346/1075
f 3012/2347/1076 2970/1981/820 2989/2348/934
f 2215/2127/951 645/2172/1002 431/1744/813
f 2097/2082/965 2093/2349/1036 2225/1985/927
f 2847/2350/1077 2843/2351/1047 2845/2352/1057
f 439/2128/986 2103/2353/1011 436/2125/974
f 669/2338/1063 668/2341/1070 658/2339/1069
f 2847/2350/1077 2846/2354/1027 2843/2351/1047
f 654/2355/1078 655/2322/1064 442/2356/1079
f 2295/1901/886 2227/1903/888 2232/2357/1068
f 661/2280/1044 644/2181/1007 657/2358/1080
f 645/2172/1002 2215/2127/951 441/2359/1081
f 2846/2360/1082 2847/2361/1082 2848/2362/1082
f 516/2363/1083 638/2170/961 649/2254/1033
f 2303/2364/1084 2849/2365/936 2501/2144/984
f 2213/1966/918 2107/2208/1018 2106/2232/1025
f 3035/2366/991 3000/2141/993 3009/2327/1062
f 646/2323/945 655/2322/1064 654/2355/1078
f 644/2181/1007 643/2180/1006 657/2358/1080
f 2844/2290/1050 2842/2330/1066 2850/2367/1085
f 2217/2368/1086 2210/2001/906 2211/1960/914
f 2097/2119/965 2204/1695/787 2218/2369/1087
f 2099/2293/1051 2095/2370/1088 2094/2291/947
f 2091/2371/895 2101/2372/1089 2229/2373/970
f 2501/2144/984 2838/2033/946 2851/2374/1090
f 2845/2352/1057 2852/2375/1065 2847/2350/1077
f 2092/2376/957 2094/2291/947 2096/2377/1028
f 2838/2033/946 2991/2218/988 2851/2374/1090
f 2970/1981/820 3012/2347/1076 2995/2179/1003
f 2097/2378/965 2218/2379/1087 2093/2260/1036
f 658/2380/1069 520/2381/1091 655/2382/1064
f 667/2383/1092 659/2384/1092 658/2385/1092
f 665/2386/1093 649/2387/1093 662/2388/1093
f 658/2380/1069 659/2389/1094 660/2390/1095
f 661/2391/1044 657/2392/1080 665/2393/1096
f 2303/2364/1084 2501/2144/984 2851/2374/1090
f 662/2394/1031 661/2391/1044 665/2393/1096
f 2852/2328/1065 2844/2290/1050 2850/2367/1085
f 684/2138/817 880/2140/992 663/2395/1013
f 2216/2396/996 2098/2397/821 2099/2398/1051
f 658/2380/1069 660/2390/1095 520/2381/1091
f 2301/2399/1097 2300/2400/1097 2561/2401/1097
f 645/2215/1002 664/2402/1098 642/2153/995
f 665/2403/1096 516/2363/1083 649/2254/1033
f 675/2404/1099 676/2344/1073 656/2346/1075
f 642/2153/995 666/2405/1100 634/2038/948
f 668/2406/1070 659/2407/1094 667/2408/1071
f 2204/1807/787 2210/1953/906 2102/2409/1101
f 2850/2410/1085 2847/2350/1077 2852/2375/1065
f 2100/2411/1037 2099/2398/1051 2098/2397/821
f 668/2412/1070 669/2413/1063 670/2414/1102
f 2107/2415/1018 2293/2416/824 2297/2417/1030
f 1081/2418/1103 1079/2419/1104 1107/2420/1105
f 670/2421/1102 660/2390/1095 659/2389/1094
f 668/2406/1070 670/2422/1102 659/2407/1094
f 1107/2423/1106 1079/2424/1106 1105/2425/1106
f 3006/2320/1059 2848/2426/1054 3036/2427/1107
f 654/2428/1078 442/2429/1079 673/2430/1108
f 2096/2377/1028 2094/2291/947 2095/2370/1088
f 2301/2431/1109 2561/1767/825 2562/1992/915
f 2093/2260/1036 2181/2432/1110 2100/2261/1037
f 520/2381/1091 442/2433/1079 655/2382/1064
f 643/2180/1006 516/2363/1083 657/2358/1080
f 666/2405/1100 642/2153/995 664/2402/1098
f 1107/2434/1105 1105/2435/1111 1106/2436/1112
f 653/2437/1113 666/2405/1100 671/2438/1048
f 634/2038/948 666/2405/1100 653/2437/1113
f 2977/2439/806 2995/2440/1003 3013/2441/998
f 2101/2442/1089 2091/2242/895 2096/2244/1028
f 663/2198/1013 643/2180/1006 606/2116/862
f 3011/2282/1046 3020/2443/1114 3012/2229/1023
f 2842/2444/1115 2853/2445/1115 2854/2446/1115
f 443/2447/1116 445/2448/1116 444/2449/1116
f 2562/2159/915 2299/2304/1056 2301/2450/1109
f 2854/2451/1117 2853/2042/949 2306/2334/1040
f 1080/2452/1118 1079/2453/1104 1081/2454/1103
f 868/2455/1119 656/2456/1075 672/2457/1074
f 638/2170/961 516/2363/1083 514/2458/1005
f 2991/2218/988 2855/2459/1045 2856/2460/1120
f 2301/2461/1109 2302/2462/956 2300/2463/1060
f 2237/2464/1121 2307/2465/1053 2302/2462/956
f 868/2455/1119 672/2457/1074 870/2466/1122
f 444/2467/1123 446/2468/1123 443/2469/1123
f 673/2470/1108 442/2433/1079 520/2381/1091
f 1080/2452/1118 1105/2471/1111 1079/2453/1104
f 2210/2472/906 2119/2473/1124 2102/2474/1101
f 2857/2475/1125 2847/2350/1077 2850/2410/1085
f 2986/2105/977 3013/2161/998 3014/2476/1126
f 452/2477/1127 654/2428/1078 673/2430/1108
f 663/2198/1013 674/2478/1128 643/2180/1006
f 2302/2462/956 2301/2461/1109 2237/2464/1121
f 456/2479/1129 673/2480/1108 520/2481/1091
f 2103/2194/1011 2217/2368/1086 2211/1960/914
f 2842/2330/1066 2858/2482/1130 2850/2367/1085
f 441/2359/1081 2215/2127/951 2226/2483/1131
f 2117/2089/969 2226/2484/1131 2215/2055/951
f 445/2485/1132 443/2486/1132 450/2487/1132
f 2303/2488/1084 2304/2489/1133 2849/2301/936
f 2103/2353/1011 439/2128/986 2219/2490/1061
f 516/2363/1083 665/2403/1096 657/2358/1080
f 2851/2374/1090 2991/2218/988 2856/2460/1120
f 2976/2491/1134 3019/2492/1134 3021/2493/1134
f 3014/2476/1126 3041/2295/1052 2986/2105/977
f 1081/2494/1135 1082/2495/1135 869/2496/1135
f 671/2438/1048 743/2497/921 653/2437/1113
f 1081/2454/1103 1085/2498/1136 1080/2452/1118
f 446/2499/1137 450/2500/1137 443/2501/1137
f 660/2390/1095 670/2421/1102 543/2502/1138
f 2850/2410/1085 2858/2503/1130 2857/2475/1125
f 2854/2504/1117 2858/2482/1130 2842/2330/1066
f 3071/2505/1139 3011/2337/1046 2976/2097/942
f 656/2506/1140 868/2507/1140 675/2508/1140
f 452/2509/1141 444/2510/1141 654/2511/1141
f 452/2477/1127 673/2430/1108 447/2512/1142
f 2857/2475/1125 2858/2503/1130 2315/2513/1143
f 672/2514/1074 676/2515/1073 870/2516/1122
f 2103/2194/1011 2115/2517/1144 2217/2368/1086
f 2219/2518/1061 445/2519/1034 2220/2520/1145
f 646/2032/945 514/2195/1005 542/2521/1146
f 2231/2316/1021 2229/2090/970 2233/2522/1147
f 676/2515/1073 679/2523/1148 870/2516/1122
f 1082/2524/1149 868/2525/1119 869/2526/1150
f 2305/2527/1151 2854/2528/1117 2306/2529/1040
f 869/2530/1150 1085/2498/1136 1081/2454/1103
f 2299/2531/1056 2237/2464/1121 2301/2461/1109
f 673/2480/1108 448/2532/1152 447/2533/1142
f 2307/2534/1053 2308/2535/1153 2309/2536/1154
f 870/2537/1122 869/2526/1150 868/2525/1119
f 1106/2538/1112 1103/2539/1155 1107/2540/1105
f 454/2541/1156 452/2477/1127 447/2512/1142
f 2117/2089/969 2209/1934/900 2106/2232/1025
f 449/2542/1157 450/2543/1158 446/2544/1159
f 2103/2545/1011 2104/2546/1160 2115/2547/1144
f 456/2479/1129 448/2532/1152 673/2480/1108
f 543/2502/1138 520/2548/1091 660/2390/1095
f 2858/2549/1130 2854/2550/1117 2315/2551/1143
f 828/2552/1161 880/2553/1161 217/2554/1161
f 645/2172/1002 441/2359/1081 451/2555/1162
f 3036/2427/1107 3009/2318/1062 3006/2320/1059
f 666/2405/1100 551/2556/1163 671/2438/1048
f 828/2557/1164 663/2395/1013 880/2140/992
f 2232/2357/1068 2234/2558/1165 2295/1901/886
f 2105/2559/1166 2106/2560/1025 2107/2561/1018
f 2232/2335/1068 2230/2155/997 2234/2562/1165
f 2108/2563/1167 2105/2559/1166 2107/2561/1018
f 3071/2564/1139 3022/2565/1168 3011/2566/1046
f 2304/2489/1133 2303/2488/1084 2310/2567/1169
f 2859/2568/1170 2851/2374/1090 2856/2460/1120
f 449/2542/1157 446/2544/1159 444/2569/1171
f 674/2570/1172 663/2571/1172 828/2572/1172
f 1106/2436/1112 1105/2435/1111 1108/2573/1173
f 3020/2574/1114 3011/2566/1046 3028/2575/1174
f 670/2414/1102 669/2413/1063 543/2576/1138
f 551/2556/1163 566/2577/1175 671/2438/1048
f 666/2405/1100 664/2402/1098 463/2578/1176
f 2995/2440/1003 3015/2579/1177 3013/2441/998
f 452/2580/1178 449/2542/1157 444/2569/1171
f 2099/2398/1051 2100/2411/1037 2095/2581/1088
f 453/2582/1179 441/2359/1081 2128/2583/1180
f 2107/2415/1018 2297/2417/1030 2108/2584/1167
f 454/2585/1156 447/2533/1142 448/2532/1152
f 516/2363/1083 643/2180/1006 523/2586/1181
f 455/2587/1182 456/2588/1129 520/2589/1091
f 2298/2302/1055 2849/2301/936 2304/2489/1133
f 679/2590/1148 869/2591/1150 870/2592/1122
f 2181/2432/1110 2093/2260/1036 2218/2379/1087
f 1081/2418/1103 680/2593/1183 1082/2594/1149
f 2306/2529/1040 2307/2534/1053 2309/2536/1154
f 679/2590/1148 1085/2595/1136 869/2591/1150
f 2851/2374/1090 2859/2568/1170 2303/2364/1084
f 3009/2327/1062 3036/2596/1107 3035/2366/991
f 2219/2597/1184 2221/2598/1184 2103/2599/1184
f 3020/2574/1114 3045/2600/1185 3012/2601/1023
f 2307/2534/1053 2237/2602/1121 2308/2535/1153
f 520/2548/1091 543/2502/1138 677/2603/1186
f 2857/2475/1125 2315/2513/1143 2860/2604/1187
f 452/2477/1127 454/2541/1156 457/2605/1188
f 2102/2474/1101 2119/2473/1124 2204/2606/787
f 2218/2607/1087 2204/2608/787 2180/2609/1189
f 2311/2610/1190 2315/2551/1143 2854/2550/1117
f 680/2611/1183 675/2612/1099 868/2613/1119
f 2303/2364/1084 2859/2568/1170 2310/2614/1169
f 2299/2615/1056 2295/1901/886 2238/2616/1191
f 680/2593/1183 1081/2418/1103 1107/2420/1105
f 2231/2225/1021 2235/2617/1192 2230/2155/997
f 514/2618/1005 516/2619/1083 542/2620/1146
f 868/2613/1119 1082/2621/1149 680/2611/1183
f 2230/2155/997 2235/2617/1192 2234/2562/1165
f 2220/2622/1145 445/2623/1034 449/2542/1157
f 3015/2624/1177 3014/2476/1126 3013/2161/998
f 454/2585/1156 448/2532/1152 457/2625/1188
f 3045/2626/1193 2995/2627/1193 3012/2628/1193
f 2306/2529/1040 2309/2536/1154 2305/2527/1151
f 2308/2535/1153 2237/2602/1121 2312/2629/1194
f 2305/2630/1151 2311/2610/1190 2854/2550/1117
f 2861/2631/1195 2856/2460/1120 2855/2459/1045
f 2295/1901/886 2236/2632/1196 2238/2616/1191
f 2236/2632/1196 2295/1901/886 2234/2558/1165
f 676/2633/1197 678/2634/1197 679/2635/1197
f 452/2477/1127 457/2605/1188 460/2636/1198
f 2109/2637/1199 2106/2560/1025 2105/2559/1166
f 448/2638/1152 456/2588/1129 458/2639/1200
f 451/2555/1162 664/2640/1098 645/2172/1002
f 3021/2641/1201 3071/2642/1139 2976/2643/942
f 448/2638/1152 458/2639/1200 459/2644/1202
f 880/2140/992 671/2286/1048 681/2645/1203
f 2111/2646/1204 2096/2377/1028 2095/2370/1088
f 2862/2647/1205 2847/2350/1077 2857/2475/1125
f 2848/2648/1054 2847/2350/1077 2871/2649/1206
f 3021/2641/1201 3048/2650/1207 3071/2642/1139
f 2848/2648/1054 2871/2649/1206 2863/2651/1208
f 2236/2632/1196 2234/2558/1165 2235/2652/1192
f 457/2625/1188 448/2532/1152 459/2653/1202
f 1105/2654/1111 1080/2655/1118 1110/2656/1209
f 2181/2432/1110 2218/2379/1087 2180/2657/1189
f 457/2625/1188 459/2653/1202 460/2658/1198
f 2231/2316/1021 2233/2522/1147 2251/2659/1210
f 2862/2647/1205 2871/2649/1206 2847/2350/1077
f 2848/2648/1054 2863/2651/1208 3036/2660/1107
f 2226/2483/1131 2128/2583/1180 441/2359/1081
f 1105/2654/1111 1109/2661/1211 1108/2662/1173
f 2119/2473/1124 2182/2663/1212 2204/2606/787
f 1105/2654/1111 1110/2656/1209 1109/2661/1211
f 449/2542/1157 445/2623/1034 450/2543/1158
f 453/2582/1179 451/2555/1162 441/2359/1081
f 2220/2520/1145 2221/2664/1213 2219/2518/1061
f 1107/2420/1105 1103/2665/1155 680/2593/1183
f 3023/2666/1214 3022/2667/1214 3071/2668/1214
f 3022/2669/1215 3023/2670/1215 3025/2671/1215
f 643/2180/1006 674/2478/1128 523/2586/1181
f 2100/2672/1037 2181/2673/1110 2110/2674/1216
f 3020/2574/1114 3024/2675/1217 3045/2600/1185
f 2101/2442/1089 2096/2244/1028 2111/2676/1204
f 2220/2677/1145 449/2678/1157 2112/2679/1218
f 3029/2680/1219 3023/2681/1220 3071/2682/1139
f 3029/2680/1219 3071/2682/1139 3034/2683/1221
f 2313/2684/1222 2298/2302/1055 2304/2489/1133
f 676/2344/1073 675/2404/1099 540/2685/1223
f 2309/2536/1154 2247/2686/1224 2305/2527/1151
f 3024/2675/1217 3020/2574/1114 3028/2575/1174
f 2210/2687/906 2217/2688/1086 2113/2689/1225
f 3025/2690/1226 3023/2681/1220 3026/2691/1227
f 3028/2575/1174 3011/2566/1046 3022/2565/1168
f 452/2477/1127 460/2636/1198 462/2692/1228
f 449/2693/1229 452/2694/1229 2222/2695/1229
f 2109/2637/1199 2114/2696/1230 2106/2560/1025
f 2103/2545/1011 2221/2697/1213 2104/2546/1160
f 3023/2681/1220 3027/2698/1231 3026/2691/1227
f 543/2699/1138 669/2700/1063 646/2032/945
f 2314/2701/1232 2304/2489/1133 2310/2567/1169
f 3025/2702/1226 3026/2691/1227 3028/2703/1174
f 3029/2680/1219 3027/2698/1231 3023/2681/1220
f 461/2704/1233 456/2588/1129 455/2587/1182
f 2247/2686/1224 2309/2536/1154 2308/2535/1153
f 551/2556/1163 666/2405/1100 463/2578/1176
f 462/2705/1228 460/2658/1198 459/2653/1202
f 3022/2706/1234 3025/2707/1234 3028/2708/1234
f 3029/2709/1235 3033/2710/1235 3027/2711/1235
f 679/2712/1148 1083/2713/1236 1085/2714/1136
f 2315/2715/1143 2311/2716/1190 2316/2717/1237
f 517/2718/1238 515/2719/1239 516/2720/1083
f 2217/2688/1086 2115/2721/1144 2113/2689/1225
f 675/2722/1099 680/2723/1183 540/2724/1223
f 2100/2411/1037 2110/2725/1216 2116/2726/1240
f 3029/2680/1219 3034/2683/1221 3030/2727/1241
f 1083/2713/1236 679/2712/1148 678/2728/1242
f 2117/2729/969 2106/2560/1025 2114/2696/1230
f 2237/2730/1121 2299/2731/1056 2238/2732/1191
f 3029/2733/1219 3039/2734/1243 3033/2735/1244
f 2864/2736/1245 2856/2460/1120 2861/2631/1195
f 463/2737/1176 664/2640/1098 451/2555/1162
f 2316/2717/1237 2860/2738/1187 2315/2715/1143
f 2222/2739/1246 452/2477/1127 462/2692/1228
f 3029/2733/1219 3030/2740/1241 3039/2734/1243
f 2101/2442/1089 2111/2676/1204 2110/2741/1216
f 2229/2373/970 2110/2674/1216 2233/2742/1147
f 2180/2609/1189 2204/2608/787 2182/2743/1212
f 2095/2581/1088 2100/2411/1037 2116/2726/1240
f 2305/2630/1151 2317/2744/1247 2311/2610/1190
f 2860/2604/1187 2862/2647/1205 2857/2475/1125
f 524/2745/1248 525/2746/1249 517/2747/1238
f 1110/2748/1209 1080/2749/1118 1084/2750/1250
f 525/2746/1249 524/2745/1248 518/2751/1251
f 2118/2752/1252 2114/2696/1230 2109/2637/1199
f 462/2705/1228 459/2653/1202 2223/2753/1253
f 519/2754/1254 520/2755/1091 677/2756/1186
f 2855/2459/1045 3041/2757/1052 2861/2631/1195
f 2313/2684/1222 2304/2489/1133 2314/2701/1232
f 3033/2735/1244 3039/2734/1243 3031/2758/1255
f 521/2759/1256 525/2760/1249 522/2761/1257
f 2222/2739/1246 462/2692/1228 2223/2762/1253
f 2114/2696/1230 2226/2763/1131 2117/2729/969
f 517/2764/1238 525/2765/1249 515/2766/1239
f 523/2767/1181 526/2768/1258 524/2769/1248
f 1080/2770/1118 1083/2771/1236 1084/2772/1250
f 1083/2771/1236 1080/2770/1118 1085/2773/1136
f 2311/2716/1190 2317/2774/1247 2316/2717/1237
f 521/2775/1256 515/2766/1239 525/2765/1249
f 2229/2373/970 2101/2372/1089 2110/2674/1216
f 3032/2776/1259 3027/2698/1231 3033/2777/1244
f 3034/2778/1221 3071/2779/1139 3048/2780/1207
f 2310/2614/1169 2859/2568/1170 2864/2736/1245
f 524/2769/1248 517/2718/1238 523/2767/1181
f 518/2781/1251 531/2782/1260 525/2783/1249
f 674/2784/1261 828/2785/1261 523/2786/1261
f 2109/2637/1199 2105/2559/1166 2118/2752/1252
f 3036/2660/1107 2863/2651/1208 3037/2787/1262
f 526/2788/1258 518/2751/1251 524/2745/1248
f 2222/2789/1263 2112/2679/1218 449/2678/1157
f 678/2790/1264 676/2344/1073 540/2685/1223
f 3032/2776/1259 3026/2691/1227 3027/2698/1231
f 531/2782/1260 522/2791/1257 525/2783/1249
f 2108/2584/1167 2297/2417/1030 2298/2792/1055
f 523/2767/1181 517/2718/1238 516/2720/1083
f 1103/2539/1155 1106/2538/1112 1108/2793/1173
f 2239/2794/1265 2308/2795/1153 2312/2796/1194
f 2113/2689/1225 2119/2797/1124 2210/2687/906
f 3035/2798/1266 3036/2799/1266 3037/2800/1266
f 458/2639/1200 464/2801/1267 459/2644/1202
f 2222/2802/1268 2223/2803/1268 2224/2804/1268
f 3032/2776/1259 3033/2777/1244 3038/2805/1269
f 2111/2646/1204 2095/2370/1088 2116/2806/1240
f 2231/2225/1021 2251/2807/1210 2235/2617/1192
f 3039/2808/1243 3030/2809/1241 3040/2810/1270
f 3028/2703/1174 3026/2691/1227 3051/2811/1271
f 3040/2812/1270 3031/2758/1255 3039/2734/1243
f 3041/2813/1052 3014/2814/1126 3015/2815/1177
f 2221/2816/1213 2220/2677/1145 2112/2679/1218
f 461/2704/1233 458/2639/1200 456/2588/1129
f 3030/2727/1241 3034/2683/1221 3044/2817/1272
f 2120/2818/1273 2110/2674/1216 2181/2673/1110
f 531/2782/1260 518/2781/1251 538/2819/1274
f 2182/2820/1212 2119/2797/1124 2113/2689/1225
f 2864/2736/1245 2859/2568/1170 2856/2460/1120
f 3034/2778/1221 3048/2780/1207 3042/2821/1275
f 531/2822/1260 527/2823/1276 528/2824/1277
f 871/2825/1278 873/2826/1278 881/2827/1278
f 680/2828/1183 1092/2829/1279 540/2830/1223
f 464/2831/1267 2223/2753/1253 459/2653/1202
f 2224/2832/1280 2223/2833/1280 464/2834/1280
f 873/2835/1281 872/2836/1282 874/2837/1283
f 521/2775/1256 529/2838/1284 515/2766/1239
f 530/2839/1285 542/2620/1146 516/2619/1083
f 871/2840/1286 876/2841/1287 873/2835/1281
f 2115/2547/1144 2104/2546/1160 2221/2697/1213
f 516/2720/1083 515/2719/1239 529/2842/1284
f 1109/2843/1211 1111/2844/1288 1108/2845/1173
f 876/2841/1287 872/2836/1282 873/2835/1281
f 2235/2652/1192 2241/2846/1289 2236/2632/1196
f 521/2759/1256 522/2761/1257 533/2847/1290
f 519/2848/1254 461/2704/1233 455/2587/1182
f 2128/2849/1291 2226/2850/1291 2127/2851/1291
f 2247/2852/1224 2308/2795/1153 2239/2794/1265
f 3033/2735/1244 3031/2758/1255 3043/2853/1292
f 3040/2810/1270 3030/2809/1241 3044/2854/1272
f 527/2823/1276 531/2822/1260 538/2855/1274
f 531/2856/1260 528/2857/1277 532/2858/1293
f 882/2859/1294 871/2860/1286 881/2861/1295
f 2298/2792/1055 2240/2862/1296 2108/2584/1167
f 3034/2683/1221 3042/2863/1275 3044/2817/1272
f 3043/2853/1292 3038/2864/1269 3033/2735/1244
f 2180/2865/1189 2120/2818/1273 2181/2866/1110
f 3032/2776/1259 3052/2867/1297 3026/2691/1227
f 533/2868/1290 529/2838/1284 521/2775/1256
f 534/2869/1298 528/2870/1277 527/2871/1276
f 883/2872/1299 871/2860/1286 882/2859/1294
f 871/2840/1286 883/2873/1299 876/2841/1287
f 2236/2632/1196 2244/2874/1300 2238/2616/1191
f 3052/2867/1297 3051/2811/1271 3026/2691/1227
f 3045/2875/1185 3046/2876/1301 2995/2877/1003
f 873/2878/1281 874/2879/1283 881/2880/1295
f 535/2881/1302 532/2858/1293 528/2857/1277
f 980/2882/1303 876/2841/1287 884/2883/1304
f 3046/2884/1301 3015/2815/1177 2995/2885/1003
f 681/2886/1203 671/2438/1048 566/2577/1175
f 2222/2887/1263 2224/2888/1305 2121/2889/1306
f 3045/2600/1185 3024/2675/1217 3074/2890/1307
f 3028/2575/1174 3051/2891/1271 3024/2675/1217
f 535/2892/1302 528/2870/1277 534/2869/1298
f 1086/2893/1308 680/2593/1183 1087/2894/1309
f 542/2521/1146 543/2699/1138 646/2032/945
f 2182/2820/1212 2113/2689/1225 2122/2895/1310
f 522/2791/1257 531/2782/1260 532/2896/1293
f 3035/2897/991 2869/2898/1311 3019/2899/1001
f 522/2791/1257 532/2896/1293 533/2900/1290
f 1088/2901/1312 1087/2902/1309 1089/2903/1313
f 3047/2904/1314 3031/2758/1255 3040/2812/1270
f 872/2836/1282 876/2841/1287 879/2905/1315
f 881/2880/1295 874/2879/1283 875/2906/1316
f 536/2907/1317 538/2819/1274 518/2781/1251
f 527/2908/1318 538/2909/1318 537/2910/1318
f 2310/2567/1169 2318/2911/1319 2314/2701/1232
f 1086/2912/1308 1092/2829/1279 680/2828/1183
f 519/2754/1254 455/2913/1182 520/2755/1091
f 3048/2914/1320 3061/2915/1320 3042/2916/1320
f 2241/2917/1289 2235/2617/1192 2251/2807/1210
f 552/2918/1321 463/2737/1176 451/2555/1162
f 2319/2919/1322 2317/2744/1247 2305/2630/1151
f 526/2788/1258 536/2920/1317 518/2751/1251
f 3021/2641/1201 2910/2921/1323 3048/2650/1207
f 826/2922/1324 523/2923/1181 828/2924/1325
f 2305/2630/1151 2247/2925/1224 2319/2919/1322
f 879/2926/1326 876/2927/1326 980/2928/1326
f 526/2929/1327 830/2930/1327 536/2931/1327
f 1087/2902/1309 1088/2901/1312 1086/2932/1308
f 2239/2794/1265 2242/2933/1328 2247/2852/1224
f 527/2871/1276 537/2934/1329 534/2869/1298
f 2869/2935/1311 3035/2936/991 3037/2937/1262
f 3021/2938/1330 3019/2939/1330 2910/2940/1330
f 2243/2941/1331 2251/2659/1210 2233/2522/1147
f 2312/2942/1332 2237/2943/1332 2245/2944/1332
f 1094/2945/1333 1089/2946/1313 1087/2947/1309
f 2245/2948/1334 2237/2730/1121 2238/2732/1191
f 876/2841/1287 883/2873/1299 884/2883/1304
f 1089/2949/1335 1090/2950/1335 1088/2951/1335
f 3032/2952/1259 3038/2864/1269 3049/2953/1336
f 3044/2817/1272 3042/2863/1275 3061/2954/1337
f 1094/2955/1333 1090/2956/1338 1089/2957/1313
f 2114/2696/1230 2118/2752/1252 2123/2958/1339
f 1094/2955/1333 1091/2959/1340 1090/2956/1338
f 537/2960/1341 538/2961/1341 829/2962/1341
f 2112/2679/1218 2124/2963/1342 2221/2816/1213
f 539/2964/1343 677/2965/1186 546/2966/1344
f 3032/2776/1259 3049/2967/1336 3052/2867/1297
f 523/2767/1181 830/2968/1345 526/2768/1258
f 3031/2758/1255 3047/2904/1314 3043/2853/1292
f 1111/2969/1288 1112/2970/1346 1108/2793/1173
f 1087/2894/1309 680/2593/1183 1103/2665/1155
f 217/2971/1347 827/2972/1347 828/2973/1347
f 2320/2974/1348 2298/2302/1055 2313/2684/1222
f 532/2975/1293 535/2976/1302 541/2977/1349
f 536/2907/1317 829/2978/1350 538/2819/1274
f 543/2979/1138 546/2966/1344 677/2965/1186
f 540/2980/1223 836/2981/1351 678/2982/1264
f 2319/2983/1322 2316/2717/1237 2317/2774/1247
f 2125/2984/1352 2114/2696/1230 2123/2958/1339
f 1094/2945/1333 1087/2947/1309 1114/2985/1353
f 2126/2986/1354 2108/2563/1167 2252/2987/1355
f 883/2988/1356 1086/2989/1356 1088/2990/1356
f 2127/2991/1357 465/2992/1358 2128/2993/1180
f 2245/2948/1334 2238/2732/1191 2244/2994/1300
f 1104/2995/1359 1092/2996/1359 1086/2997/1359
f 541/2998/1349 533/2900/1290 532/2896/1293
f 884/2883/1304 887/2999/1360 980/2882/1303
f 883/3000/1361 1088/3001/1362 1093/3002/1363
f 877/3003/1364 872/3004/1282 879/3005/1315
f 878/3006/1365 875/3007/1316 874/3008/1283
f 2114/2696/1230 2125/2984/1352 2226/2763/1131
f 872/3004/1282 877/3003/1364 874/3009/1283
f 2245/3010/1334 2239/2794/1265 2312/2796/1194
f 1094/3011/1333 1114/3012/1353 1095/3013/1366
f 1110/2656/1209 1113/3014/1367 1109/2661/1211
f 1103/2665/1155 1114/3015/1353 1087/2894/1309
f 1086/3016/1368 883/3017/1368 882/3018/1368
f 3044/2817/1272 3061/2954/1337 3053/3019/1369
f 1103/3020/1370 1098/3021/1370 1114/3022/1370
f 887/3023/1360 879/3024/1315 980/3025/1303
f 2249/3026/1371 2316/2717/1237 2319/2983/1322
f 880/3027/1372 681/3028/1372 217/3029/1372
f 1088/3001/1362 1090/3030/1338 1093/3002/1363
f 881/3031/1295 875/3032/1316 882/3033/1294
f 1091/2959/1340 1094/2955/1333 1095/3034/1366
f 874/3009/1283 877/3003/1364 878/3035/1365
f 535/2892/1302 534/2869/1298 545/3036/1373
f 2129/3037/1374 2224/3038/1305 464/3039/1267
f 2222/2887/1263 2136/3040/1375 2112/3041/1218
f 883/3042/1299 885/3043/1376 884/3044/1304
f 2224/3038/1305 2129/3037/1374 2121/3045/1306
f 2310/2614/1169 2864/2736/1245 2318/3046/1319
f 3043/2853/1292 3050/3047/1377 3038/2864/1269
f 542/3048/1146 562/3049/1378 543/3050/1138
f 1096/3051/1379 1084/2772/1250 1083/2771/1236
f 516/2720/1083 529/2842/1284 544/3052/1380
f 2111/2646/1204 2116/2806/1240 2139/3053/1381
f 1093/3054/1382 885/3055/1382 883/3056/1382
f 529/2838/1284 533/2868/1290 544/3057/1380
f 886/3058/1383 887/3059/1360 884/3044/1304
f 1096/3060/1379 1083/2713/1236 678/2728/1242
f 882/3033/1294 875/3032/1316 900/3061/1384
f 2105/2559/1166 2108/2563/1167 2126/2986/1354
f 2324/3062/1385 2875/3063/1386 2860/2604/1187
f 3048/3064/1207 3063/3065/1387 3061/3066/1388
f 2139/3053/1381 2131/3067/1389 2111/2646/1204
f 875/3007/1316 878/3006/1365 888/3068/1390
f 545/3069/1373 541/2977/1349 535/2976/1302
f 543/3050/1138 562/3049/1378 546/3070/1344
f 3051/3071/1391 3052/3072/1391 3056/3073/1391
f 537/2934/1329 547/3074/1392 534/2869/1298
f 1093/3075/1363 1090/2956/1338 1091/2959/1340
f 533/2868/1290 548/3076/1393 544/3057/1380
f 465/3077/1358 453/2582/1179 2128/2583/1180
f 2127/2991/1357 2226/2763/1131 2125/2984/1352
f 3024/2675/1217 3051/2891/1271 3056/3078/1394
f 2251/2807/1210 2246/3079/1395 2241/2917/1289
f 2121/2889/1306 2130/3080/1396 2222/2887/1263
f 3040/3081/1270 3044/3082/1272 3053/3083/1369
f 1093/3075/1363 1091/2959/1340 891/3084/1397
f 893/3085/1398 1086/3086/1399 882/3087/1294
f 3052/2867/1297 3049/2967/1336 3054/3088/1400
f 3038/2864/1269 3050/3047/1377 3049/2953/1336
f 1097/3089/1401 1098/3090/1402 1103/3091/1155
f 2145/3092/1403 2115/2547/1144 2221/2697/1213
f 2110/2741/1216 2111/2676/1204 2131/3093/1389
f 1095/3013/1366 1114/3012/1353 1098/3094/1402
f 1093/3075/1363 891/3084/1397 885/3095/1376
f 879/3024/1315 887/3023/1360 877/3096/1364
f 537/3097/1404 829/3098/1404 547/3099/1404
f 2319/3100/1322 2247/3101/1224 2250/3102/1405
f 1092/3103/1406 836/3104/1406 540/3105/1406
f 3057/3106/1407 3043/2853/1292 3047/2904/1314
f 539/3107/1343 563/3108/1408 677/2756/1186
f 536/3109/1317 830/3110/1345 829/3111/1350
f 2910/2921/1323 3063/3112/1387 3048/2650/1207
f 2321/3113/1409 2320/2974/1348 2313/2684/1222
f 878/3035/1365 877/3003/1364 889/3114/1410
f 886/3115/1383 877/3096/1364 887/3023/1360
f 888/3068/1390 878/3006/1365 889/3116/1410
f 3015/2815/1177 3046/2884/1301 3041/2813/1052
f 3040/3081/1270 3053/3083/1369 3055/3117/1411
f 541/2998/1349 548/3118/1393 533/2900/1290
f 2864/2736/1245 2861/2631/1195 2865/3119/1412
f 569/3120/1413 530/3121/1285 516/2720/1083
f 884/3044/1304 885/3043/1376 886/3058/1383
f 3057/3106/1407 3050/3047/1377 3043/2853/1292
f 2115/2721/1144 2122/2895/1310 2113/2689/1225
f 1099/3122/1414 1095/3123/1366 1098/3124/1402
f 2241/2846/1289 2246/3125/1395 2236/2632/1196
f 2240/2862/1296 2298/2792/1055 2320/3126/1348
f 539/2964/1343 546/2966/1344 556/3127/1415
f 830/3128/1345 523/2923/1181 826/2922/1324
f 2260/3129/1416 2244/2874/1300 2236/2632/1196
f 3069/3130/1417 3045/2875/1185 3074/3131/1307
f 3055/3132/1411 3047/2904/1314 3040/2812/1270
f 1115/3133/1418 1111/2844/1288 1109/2843/1211
f 2134/3134/1419 2180/2865/1189 2182/3135/1212
f 1095/3123/1366 1099/3122/1414 1091/3136/1340
f 2319/3137/1322 2248/3138/1420 2249/3139/1371
f 2129/3037/1374 464/3140/1267 2132/3141/1421
f 2250/3142/1405 2248/3138/1420 2319/3137/1322
f 882/3033/1294 890/3143/1422 893/3144/1398
f 3052/2867/1297 3054/3088/1400 3056/3145/1394
f 545/3036/1373 534/2869/1298 549/3146/1423
f 545/3069/1373 550/3147/1424 541/2977/1349
f 2266/3148/1425 2236/2632/1196 2246/3125/1395
f 548/3118/1393 541/2998/1349 564/3149/1426
f 516/2720/1083 544/3052/1380 569/3120/1413
f 534/2869/1298 547/3074/1392 549/3146/1423
f 891/3150/1397 896/3151/1427 885/3152/1376
f 830/3110/1345 831/3153/1428 829/3111/1350
f 3019/2899/1001 2869/2898/1311 2907/3154/1429
f 2324/3155/1385 2860/2738/1187 2322/3156/1430
f 875/3157/1431 888/3158/1431 894/3159/1431
f 875/3032/1316 897/3160/1432 900/3061/1384
f 2869/3161/1311 2866/3162/1433 2867/3163/1434
f 3058/3164/1435 3049/3165/1435 3050/3166/1435
f 3037/2937/1262 2868/3167/1436 2869/2935/1311
f 2136/3040/1375 2222/2887/1263 2130/3080/1396
f 3049/2967/1336 3058/3168/1437 3054/3088/1400
f 2866/3162/1433 2874/3169/1438 2867/3163/1434
f 2869/3161/1311 2867/3163/1434 2907/3170/1429
f 1110/2748/1209 1084/2750/1250 984/3171/1439
f 3047/2904/1314 3055/3132/1411 3057/3106/1407
f 2861/2631/1195 3041/2757/1052 3059/3172/1440
f 2130/3173/1396 2121/3045/1306 2133/3174/1441
f 1100/3175/1442 891/3084/1397 1091/2959/1340
f 2182/2820/1212 2122/2895/1310 2134/3176/1419
f 2135/3177/1443 2118/2752/1252 2105/2559/1166
f 3053/3019/1369 3061/2954/1337 3065/3178/1444
f 678/2728/1242 892/3179/1445 1096/3060/1379
f 2870/3180/1446 2863/3181/1208 2869/3182/1311
f 2866/3183/1433 2869/3182/1311 2863/3181/1208
f 2321/3113/1409 2313/2684/1222 2314/2701/1232
f 2133/3174/1441 2121/3045/1306 2129/3037/1374
f 1099/3184/1414 1100/3185/1442 1091/3186/1340
f 2136/3187/1375 2124/2963/1342 2112/2679/1218
f 2278/3188/1447 2251/3189/1210 2243/2941/1331
f 1110/3190/1209 1116/3191/1448 1113/3192/1367
f 893/3085/1398 1104/3193/1449 1086/3086/1399
f 2141/3194/1450 2243/2941/1331 2233/2522/1147
f 888/3068/1390 889/3116/1410 894/3195/1451
f 829/3111/1350 831/3153/1428 547/3196/1392
f 596/3197/1452 566/3198/1452 551/3199/1452
f 2316/2717/1237 2326/3200/1453 2860/2738/1187
f 896/3201/1427 891/3202/1397 893/3203/1398
f 893/3203/1398 891/3202/1397 1104/3204/1449
f 1097/3089/1401 1099/3205/1414 1098/3090/1402
f 2316/2717/1237 2323/3206/1454 2326/3200/1453
f 1097/3207/1401 1103/2539/1155 1117/3208/1455
f 2108/2584/1167 2240/2862/1296 2252/3209/1355
f 2866/3162/1433 2877/3210/1456 2874/3169/1438
f 896/3211/1457 893/3212/1457 890/3213/1457
f 677/2756/1186 563/3108/1408 519/2754/1254
f 3037/2787/1262 2870/3214/1446 2868/3215/1436
f 3058/3216/1437 3050/3047/1377 3057/3106/1407
f 1108/2793/1173 1112/2970/1346 1103/2539/1155
f 469/3217/1458 461/2704/1233 519/2848/1254
f 2869/3218/1459 2868/3219/1459 2870/3220/1459
f 875/3032/1316 894/3221/1451 897/3160/1432
f 2266/3148/1425 2260/3129/1416 2236/2632/1196
f 2863/3181/1208 2871/3222/1206 2866/3183/1433
f 3057/3223/1407 3055/3224/1411 3053/3225/1369
f 2862/2647/1205 2860/2604/1187 2875/3063/1386
f 886/3115/1383 885/3152/1376 896/3151/1427
f 2877/3226/1456 2871/2649/1206 2862/2647/1205
f 2180/2865/1189 2134/3134/1419 2155/3227/1460
f 1100/3185/1442 1099/3184/1414 1097/3228/1401
f 552/3229/1321 480/3230/1461 463/3231/1176
f 2137/3232/1462 2127/2991/1357 2125/2984/1352
f 2116/2726/1240 2138/3233/1463 2139/3234/1381
f 889/3116/1410 895/3235/1464 894/3195/1451
f 882/3033/1294 900/3061/1384 890/3143/1422
f 2866/3183/1433 2871/3222/1206 2877/3236/1456
f 826/2922/1324 828/2924/1325 827/3237/1465
f 2316/2717/1237 2249/3026/1371 2323/3206/1454
f 2136/3040/1375 2130/3080/1396 2140/3238/1466
f 3057/3223/1407 3053/3225/1369 3072/3239/1467
f 877/3003/1364 895/3240/1464 889/3114/1410
f 1110/2748/1209 984/3171/1439 1116/3191/1448
f 544/3057/1380 548/3076/1393 569/3241/1413
f 3058/3242/1437 3057/3223/1407 3072/3239/1467
f 541/2998/1349 550/3243/1424 564/3149/1426
f 3037/2787/1262 2863/2651/1208 2870/3214/1446
f 2875/3063/1386 2877/3226/1456 2862/2647/1205
f 469/3217/1458 476/3244/1468 461/2704/1233
f 2874/3245/1438 2872/3246/1469 2873/3247/1470
f 2110/2674/1216 2120/2818/1273 2141/3248/1450
f 877/3096/1364 886/3115/1383 899/3249/1471
f 2877/3250/1472 2876/3251/1472 2874/3252/1472
f 2886/3253/1473 3041/2813/1052 3046/2884/1301
f 2120/2818/1273 2180/2865/1189 2142/3254/1474
f 3059/3255/1440 3041/2813/1052 2886/3253/1473
f 3072/3256/1467 3053/3019/1369 3060/3257/1475
f 895/3258/1464 877/3096/1364 899/3249/1471
f 560/3259/1476 549/3146/1423 547/3074/1392
f 2322/3156/1430 2860/2738/1187 2326/3200/1453
f 2130/3173/1396 2133/3174/1441 2140/3260/1466
f 1104/3204/1449 891/3202/1397 1097/3261/1401
f 469/3262/1458 519/2754/1254 563/3108/1408
f 2274/3263/1477 2239/2794/1265 2245/3010/1334
f 2129/3037/1374 2132/3141/1421 2158/3264/1478
f 550/3147/1424 545/3069/1373 549/3265/1423
f 480/3230/1461 596/3266/1479 551/3267/1163
f 2141/3248/1450 2233/2742/1147 2110/2674/1216
f 2874/3245/1438 2329/3268/1480 2872/3246/1469
f 2875/3269/1386 2876/3270/1481 2877/3271/1456
f 553/3272/1482 563/3108/1408 539/3107/1343
f 2135/3177/1443 2143/3273/1483 2118/2752/1252
f 463/3231/1176 480/3230/1461 551/3267/1163
f 3072/3274/1467 3060/3275/1475 3058/3168/1437
f 2876/3276/1481 2878/3277/1484 2874/3245/1438
f 1097/3261/1401 891/3202/1397 1100/3278/1442
f 3061/3279/1485 3063/3280/1485 3065/3281/1485
f 2251/2807/1210 2278/3282/1447 2246/3079/1395
f 896/3151/1427 898/3283/1486 886/3115/1383
f 3058/3168/1437 3062/3284/1487 3054/3088/1400
f 3059/3172/1440 2865/3119/1412 2861/2631/1195
f 2314/2701/1232 2318/2911/1319 2321/3113/1409
f 466/3285/1488 552/2918/1321 451/2555/1162
f 3063/3286/1489 3064/3287/1489 3065/3288/1489
f 2865/3119/1412 2879/3289/1490 2864/2736/1245
f 899/3249/1471 886/3115/1383 898/3283/1486
f 2329/3268/1480 2874/3245/1438 2878/3277/1484
f 831/3153/1428 560/3290/1476 547/3196/1392
f 2324/3291/1385 2876/3270/1481 2875/3269/1386
f 901/3292/1491 1104/3293/1449 1101/3294/1492
f 554/3295/1493 564/3149/1426 550/3243/1424
f 3063/3112/1387 2910/2921/1323 3064/3296/1494
f 2874/3245/1438 2873/3247/1470 2867/3297/1434
f 2876/3298/1481 2324/3299/1385 2322/3300/1430
f 3056/3145/1394 3054/3088/1400 3066/3301/1495
f 2144/3302/1496 2138/3303/1496 2131/3304/1496
f 554/3305/1493 550/3147/1424 549/3265/1423
f 2878/3306/1484 2876/3307/1481 2325/3308/1497
f 461/2704/1233 467/3309/1498 468/3310/1499
f 2329/3268/1480 2880/3311/1500 2872/3246/1469
f 1115/3312/1418 1112/2970/1346 1111/2969/1288
f 832/3313/1501 831/3153/1428 830/3110/1345
f 832/3313/1501 830/3110/1345 833/3314/1502
f 2124/2963/1342 2145/3315/1403 2221/2816/1213
f 2326/3316/1453 2325/3317/1497 2876/3298/1481
f 1401/3318/1503 2318/3046/1319 2864/2736/1245
f 2158/3264/1478 2133/3174/1441 2129/3037/1374
f 890/3319/1422 900/3320/1384 896/3321/1427
f 2250/3102/1405 2247/3101/1224 2258/3322/1504
f 2876/3298/1481 2322/3300/1430 2326/3316/1453
f 897/3323/1432 894/3195/1451 895/3235/1464
f 548/3324/1393 571/3325/1505 569/3326/1413
f 2138/3233/1463 2116/2726/1240 2110/2725/1216
f 2326/3316/1453 2323/3327/1454 2325/3317/1497
f 564/3328/1426 571/3325/1505 548/3324/1393
f 896/3321/1427 900/3320/1384 898/3329/1486
f 3056/3078/1394 3066/3330/1495 3024/2675/1217
f 3058/3168/1437 3060/3275/1475 3062/3284/1487
f 2255/3331/1506 2256/3332/1507 2250/3333/1405
f 2110/2741/1216 2131/3093/1389 2138/3334/1463
f 826/2922/1324 833/3335/1502 830/3128/1345
f 2247/2852/1224 2242/2933/1328 2258/3336/1504
f 461/3337/1508 476/3338/1508 467/3339/1508
f 1103/2539/1155 1112/2970/1346 1117/3208/1455
f 3024/2675/1217 3066/3330/1495 3073/3340/1509
f 2249/3139/1371 2248/3138/1420 2327/3341/1510
f 3066/3301/1495 3054/3088/1400 3062/3284/1487
f 897/3323/1432 895/3235/1464 899/3342/1471
f 2253/3343/1511 2245/2948/1334 2244/2994/1300
f 560/3290/1476 831/3153/1428 561/3344/1512
f 2872/3246/1469 2903/3345/1513 2881/3346/1514
f 451/2555/1162 453/2582/1179 466/3285/1488
f 2278/3347/1515 2266/3348/1515 2246/3349/1515
f 554/3350/1493 559/3351/1516 564/3352/1426
f 2873/3247/1470 2872/3246/1469 2881/3346/1514
f 2141/3248/1450 2120/2818/1273 2142/3254/1474
f 2325/3353/1497 2323/3354/1454 2258/3355/1504
f 3060/3257/1475 3053/3019/1369 3065/3178/1444
f 899/3342/1471 900/3356/1384 897/3323/1432
f 2118/2752/1252 2143/3273/1483 2123/2958/1339
f 5/3357/1517 466/3285/1488 453/2582/1179
f 2145/3092/1403 2146/3358/1518 2115/2547/1144
f 2327/3359/1510 2323/3206/1454 2249/3026/1371
f 2330/3360/1519 2325/3308/1497 2328/3361/1520
f 2878/3306/1484 2325/3308/1497 2330/3360/1519
f 2865/3119/1412 3059/3172/1440 2882/3362/1521
f 2115/2721/1144 2146/3363/1518 2122/2895/1310
f 2248/3138/1420 2250/3142/1405 2254/3364/1522
f 471/3365/1523 562/3366/1523 555/3367/1523
f 2258/3368/1524 2323/3369/1524 2327/3370/1524
f 900/3356/1384 899/3342/1471 898/3371/1486
f 989/3372/1525 908/3373/1525 1102/3374/1525
f 553/3272/1482 539/3107/1343 556/3375/1415
f 3065/3376/1526 3064/3377/1526 3068/3378/1526
f 833/3379/1502 834/3380/1527 832/3381/1501
f 833/3335/1502 826/2922/1324 834/3382/1527
f 471/3383/1528 476/3384/1468 469/3385/1458
f 2258/3322/1504 2255/3386/1506 2250/3102/1405
f 542/2620/1146 530/2839/1285 557/3387/1529
f 542/3048/1146 573/3388/1530 558/3389/1531
f 2872/3246/1469 2880/3311/1500 2903/3345/1513
f 559/3351/1516 549/3390/1423 560/3391/1476
f 2325/3353/1497 2258/3355/1504 2328/3392/1520
f 562/3393/1532 471/3394/1528 469/3395/1458
f 1102/3396/1533 908/3397/1534 903/3398/1535
f 549/3390/1423 559/3351/1516 554/3350/1493
f 1128/3399/1536 1115/3133/1418 1109/2843/1211
f 1101/3400/1492 989/3401/1537 1102/3402/1533
f 559/3403/1538 560/3404/1538 561/3405/1538
f 3065/3406/1444 3068/3407/1539 3060/3275/1475
f 984/3408/1439 1084/2772/1250 1096/3051/1379
f 558/3409/1540 555/3410/1540 562/3411/1540
f 3062/3284/1487 3060/3275/1475 3068/3407/1539
f 2136/3040/1375 2140/3238/1466 2156/3412/1541
f 2135/3177/1443 2105/2559/1166 2126/2986/1354
f 2139/3053/1381 2144/3413/1542 2131/3067/1389
f 2250/3142/1405 2256/3414/1507 2254/3364/1522
f 1102/3402/1533 901/3415/1491 1101/3400/1492
f 2258/3355/1504 2257/3416/1543 2328/3392/1520
f 3073/3340/1509 3066/3330/1495 3067/3417/1544
f 546/3418/1545 562/3419/1545 563/3420/1545
f 2883/3421/1546 2880/3311/1500 2329/3268/1480
f 826/2922/1324 835/3422/1547 834/3382/1527
f 568/3423/1548 892/3424/1548 678/3425/1548
f 2242/2933/1328 2239/2794/1265 2274/3263/1477
f 2180/2865/1189 2155/3227/1460 2154/3426/1549
f 1096/3427/1550 983/3428/1550 984/3429/1550
f 478/3430/1551 476/3384/1468 471/3383/1528
f 3062/3431/1487 3067/3432/1544 3066/3433/1495
f 470/3434/1552 474/3435/1553 471/3436/1528
f 907/3437/1554 1092/3438/1555 901/3439/1491
f 901/3439/1491 1092/3438/1555 1104/3440/1449
f 3074/2890/1307 3024/2675/1217 3073/3340/1509
f 559/3441/1516 572/3442/1556 564/3443/1426
f 562/3393/1532 469/3395/1458 563/3444/1408
f 2867/3297/1434 2873/3247/1470 2884/3445/1557
f 458/2639/1200 472/3446/1558 473/3447/1559
f 2883/3448/1546 2329/3449/1480 2878/3450/1484
f 2321/3113/1409 2318/2911/1319 1401/3451/1503
f 2139/3234/1381 2138/3233/1463 2144/3452/1542
f 2258/3453/1560 2327/3454/1560 2255/3455/1560
f 3067/3456/1561 3068/3457/1561 3064/3458/1561
f 831/3153/1428 832/3313/1501 561/3459/1512
f 542/3048/1146 558/3389/1531 562/3049/1378
f 572/3442/1556 571/3460/1505 564/3443/1426
f 3062/3431/1487 3068/3461/1539 3067/3432/1544
f 471/3383/1528 474/3462/1553 483/3463/1562
f 2122/2895/1310 2146/3363/1518 2134/3176/1419
f 902/3464/1563 903/3465/1535 904/3466/1564
f 2248/3138/1420 2259/3467/1565 2327/3341/1510
f 471/3383/1528 483/3463/1562 478/3430/1551
f 475/3468/1566 458/2639/1200 468/3310/1499
f 458/2639/1200 461/2704/1233 468/3310/1499
f 987/3469/1567 989/3470/1537 1101/3471/1492
f 476/3472/1468 468/3473/1499 467/3474/1498
f 2328/3475/1520 2257/3416/1543 2330/3476/1519
f 580/3477/1568 836/3478/1351 1092/3479/1555
f 2244/2994/1300 2260/3480/1416 2253/3343/1511
f 477/3481/1569 478/3430/1551 483/3463/1562
f 479/3482/1570 478/3483/1551 477/3484/1569
f 553/3485/1482 556/3127/1415 546/2966/1344
f 565/3486/1571 681/3487/1203 566/3488/1175
f 832/3313/1501 559/3489/1516 561/3459/1512
f 476/3472/1468 475/3490/1566 468/3473/1499
f 2124/2963/1342 2184/3491/1572 2145/3315/1403
f 472/3492/1558 476/3472/1468 478/3483/1551
f 2879/3289/1490 2865/3119/1412 2885/3493/1573
f 567/3494/1574 546/2966/1344 563/3495/1575
f 478/3483/1551 479/3482/1570 472/3492/1558
f 903/3398/1535 908/3397/1534 906/3496/1576
f 470/3434/1552 471/3436/1528 555/3497/1577
f 472/3446/1558 458/2639/1200 475/3468/1566
f 901/3498/1491 1102/3499/1533 903/3465/1535
f 513/3500/1578 477/3481/1569 483/3463/1562
f 2134/3176/1419 2146/3363/1518 2155/3501/1460
f 907/3437/1554 902/3502/1563 1092/3438/1555
f 2257/3416/1543 2258/3355/1504 2242/3503/1328
f 905/3504/1579 902/3505/1563 904/3506/1564
f 479/3482/1570 477/3484/1569 2148/3507/1580
f 906/3496/1576 904/3508/1564 903/3398/1535
f 904/3506/1564 906/3509/1576 905/3504/1579
f 477/3510/1581 2147/3511/1581 2148/3512/1581
f 476/3472/1468 472/3492/1558 475/3490/1566
f 2252/3209/1355 2240/2862/1296 2261/3513/1582
f 472/3514/1558 479/3515/1570 473/3516/1559
f 902/3464/1563 907/3517/1554 903/3465/1535
f 2245/3010/1334 2253/3518/1511 2274/3263/1477
f 901/3498/1491 903/3465/1535 907/3517/1554
f 2257/3416/1543 2262/3519/1583 2330/3476/1519
f 837/3520/1584 580/3477/1568 1092/3479/1555
f 2338/3521/1585 2878/3450/1484 2330/3522/1519
f 2256/3332/1507 2255/3331/1506 2265/3523/1586
f 2263/3524/1587 2254/3525/1522 2327/3526/1510
f 2240/2862/1296 2320/3126/1348 2321/3527/1409
f 2140/3528/1466 2149/3529/1588 2156/3530/1541
f 477/3531/1569 513/3532/1578 2147/3533/1589
f 2254/3534/1522 2255/3535/1506 2327/3536/1510
f 2242/3503/1328 2264/3537/1590 2257/3416/1543
f 906/3538/1576 908/3539/1534 910/3540/1591
f 2140/3260/1466 2160/3541/1592 2149/3542/1588
f 3073/3543/1509 3064/3296/1494 2910/2921/1323
f 2124/2963/1342 2136/3187/1375 2183/3544/1593
f 480/3545/1461 552/2918/1321 466/3285/1488
f 2126/2986/1354 2252/2987/1355 2279/3546/1594
f 2145/3092/1403 2154/3547/1595 2146/3358/1518
f 453/2582/1179 465/3077/1358 5/3357/1517
f 987/3469/1567 985/3548/1596 989/3470/1537
f 2148/3549/1580 481/3550/1597 479/3515/1570
f 3064/3551/1494 3073/3340/1509 3067/3417/1544
f 566/3488/1175 596/3552/1479 565/3486/1571
f 2864/2736/1245 2879/3289/1490 1401/3318/1503
f 2256/3414/1507 2265/3553/1586 2254/3364/1522
f 2140/3260/1466 2133/3174/1441 2160/3541/1592
f 2158/3264/1478 2157/3554/1598 2133/3174/1441
f 575/3555/1599 832/3381/1501 834/3380/1527
f 473/3516/1559 479/3515/1570 484/3556/1600
f 2259/3467/1565 2248/3138/1420 2254/3364/1522
f 2126/2986/1354 2150/3557/1601 2135/3177/1443
f 2260/3129/1416 2266/3148/1425 2267/3558/1602
f 908/3559/1603 909/3560/1603 910/3561/1603
f 513/3532/1578 2151/3562/1604 2147/3533/1589
f 986/3563/1605 908/3564/1606 989/3565/1607
f 464/2801/1267 458/2639/1200 482/3566/1608
f 2243/2941/1331 2141/3194/1450 2167/3567/1609
f 567/3568/1574 563/3108/1408 553/3272/1482
f 2148/3569/1580 2147/3570/1610 2158/3571/1478
f 2152/3572/1611 2147/3533/1589 2151/3562/1604
f 1104/3293/1449 987/3573/1567 1101/3294/1492
f 2157/3554/1598 2161/3574/1612 2133/3174/1441
f 2268/3575/1613 2275/3576/1614 2260/3480/1416
f 2260/3480/1416 2275/3576/1614 2270/3577/1615
f 2147/3570/1610 2156/3578/1616 2158/3571/1478
f 498/3579/1617 483/3580/1562 474/3435/1553
f 2151/3562/1604 2166/3581/1618 2152/3572/1611
f 2136/3040/1375 2156/3412/1541 2152/3582/1611
f 513/3583/1578 483/3580/1562 3/3584/1619
f 2884/3445/1557 2873/3247/1470 2893/3585/1620
f 838/3586/1621 559/3489/1516 832/3313/1501
f 2260/3480/1416 2270/3577/1615 2253/3343/1511
f 555/3497/1577 491/3587/1622 470/3434/1552
f 464/2801/1267 2162/3588/1623 2132/3589/1421
f 835/3422/1547 575/3590/1599 834/3382/1527
f 2160/3541/1592 2133/3174/1441 2161/3574/1612
f 1097/3591/1401 987/3573/1567 1104/3293/1449
f 3074/3592/1307 3073/3543/1509 3069/3593/1417
f 481/3594/1597 464/2801/1267 482/3566/1608
f 2154/3426/1549 2142/3254/1474 2180/2865/1189
f 1122/3595/1624 1117/3596/1624 1119/3597/1624
f 2156/3530/1541 2149/3529/1588 2159/3598/1625
f 2884/3599/1557 2893/3600/1620 2896/3601/1626
f 991/3602/1627 987/3603/1627 1097/3604/1627
f 2243/2941/1331 2167/3567/1609 2278/3188/1447
f 2882/3362/1521 3059/3172/1440 2886/3605/1473
f 2266/3606/1425 2278/3607/1447 2267/3608/1602
f 678/2982/1264 836/2981/1351 568/3609/1628
f 2884/3599/1557 2896/3601/1626 2887/3610/1629
f 989/3565/1607 988/3611/1630 986/3563/1605
f 2145/3315/1403 2184/3491/1572 2153/3612/1631
f 2156/3613/1632 2147/3614/1632 2152/3615/1632
f 1112/2970/1346 1115/3312/1418 1128/3616/1536
f 985/3617/1633 988/3618/1633 989/3619/1633
f 569/3620/1634 571/3621/1634 574/3622/1634
f 838/3586/1621 832/3313/1501 575/3623/1599
f 2150/3557/1601 2126/2986/1354 2279/3546/1594
f 573/3388/1530 570/3624/1635 558/3389/1531
f 2327/3526/1510 2259/3625/1565 2263/3524/1587
f 2265/3626/1586 2255/3535/1506 2254/3534/1522
f 2259/3467/1565 2254/3364/1522 2263/3627/1587
f 2183/3544/1593 2136/3187/1375 2152/3628/1611
f 2150/3557/1601 2143/3273/1483 2135/3177/1443
f 2896/3629/1626 2901/3630/1636 2887/3631/1629
f 2888/3632/1637 2884/3633/1557 2887/3631/1629
f 2146/3634/1638 2154/3635/1638 2155/3636/1638
f 2159/3637/1625 2149/3542/1588 2160/3541/1592
f 908/3564/1606 1001/3638/1639 909/3639/1640
f 984/3171/1439 1118/3640/1641 1116/3191/1448
f 2260/3129/1416 2267/3558/1602 2268/3641/1613
f 2156/3642/1642 2157/3643/1642 2158/3644/1642
f 1117/3645/1455 1120/3646/1643 1119/3647/1644
f 2888/3632/1637 2887/3631/1629 2901/3630/1636
f 2889/3648/1645 2901/3630/1636 2896/3629/1626
f 826/2922/1324 827/3237/1465 835/3422/1547
f 555/3649/1577 558/3650/1531 570/3651/1635
f 2331/3652/1646 2878/3450/1484 2338/3521/1585
f 2274/3263/1477 2269/3653/1647 2242/2933/1328
f 1120/3646/1643 1127/3654/1648 1119/3647/1644
f 572/3442/1556 559/3441/1516 838/3655/1621
f 838/3656/1649 571/3657/1649 572/3658/1649
f 482/3566/1608 458/2639/1200 473/3447/1559
f 2242/3503/1328 2269/3659/1647 2264/3537/1590
f 1220/3660/1650 2125/2984/1352 2123/2958/1339
f 542/2620/1146 557/3387/1529 573/3661/1530
f 3/3584/1619 483/3580/1562 9/3662/1651
f 513/3532/1578 1240/3663/1652 2151/3562/1604
f 2272/3664/1653 2275/3576/1614 2268/3575/1613
f 2132/3665/1421 2148/3569/1580 2158/3571/1478
f 2159/3666/1625 2160/3667/1592 2156/3668/1541
f 2321/3113/1409 1401/3451/1503 2332/3669/1654
f 2272/3670/1653 2268/3641/1613 2267/3558/1602
f 2865/3119/1412 2882/3362/1521 2885/3493/1573
f 2880/3671/1655 2899/3672/1655 2903/3673/1655
f 838/3674/1656 574/3675/1656 571/3676/1656
f 2867/3297/1434 2884/3445/1557 2924/3677/1657
f 465/2992/1358 2127/2991/1357 2137/3232/1462
f 2240/2862/1296 2321/3527/1409 2333/3678/1658
f 2152/3572/1611 2166/3581/1618 2183/3679/1593
f 2889/3680/1645 2890/3681/1659 2901/3682/1636
f 1220/3660/1650 2123/2958/1339 2143/3273/1483
f 1119/3683/1660 1126/3684/1660 1121/3685/1660
f 892/3179/1445 983/3686/1661 1096/3060/1379
f 3069/3130/1417 2038/3687/1662 3045/2875/1185
f 481/3550/1597 2148/3549/1580 2162/3688/1623
f 574/3689/1663 838/3690/1663 575/3691/1663
f 569/3120/1413 574/3692/1664 577/3693/1665
f 2253/3694/1511 2270/3695/1615 2269/3696/1647
f 2275/3697/1614 2271/3698/1666 2270/3699/1615
f 484/3700/1600 482/3566/1608 473/3447/1559
f 902/3505/1563 905/3504/1579 840/3701/1667
f 2901/3702/1668 2891/3703/1668 2888/3704/1668
f 2272/3705/1653 2267/3706/1602 2273/3707/1669
f 2898/3708/1670 2892/3709/1671 2899/3710/1672
f 2924/3677/1657 2884/3445/1557 2919/3711/1673
f 2893/3712/1620 2895/3713/1674 2896/3714/1626
f 2161/3715/1675 2157/3716/1675 2156/3717/1675
f 2274/3718/1477 2253/3694/1511 2269/3696/1647
f 3073/3543/1509 2910/2921/1323 2917/3719/1676
f 474/3435/1553 494/3720/1677 498/3579/1617
f 2132/3665/1421 2162/3721/1623 2148/3569/1580
f 2272/3722/1653 2273/3723/1669 2275/3724/1614
f 2166/3581/1618 2170/3725/1678 2184/3726/1572
f 2893/3712/1620 2894/3727/1679 2895/3713/1674
f 2884/3728/1680 2888/3729/1680 2919/3730/1680
f 2145/3092/1403 2163/3731/1681 2154/3547/1595
f 905/3732/1682 911/3733/1682 840/3734/1682
f 910/3735/1591 909/3736/1640 912/3737/1683
f 2257/3416/1543 2264/3537/1590 2281/3738/1684
f 2240/2862/1296 2333/3678/1658 2276/3739/1685
f 910/3540/1591 905/3740/1579 906/3538/1576
f 840/3741/1667 1092/3438/1555 902/3502/1563
f 498/3579/1617 9/3662/1651 483/3580/1562
f 1217/3742/1686 2125/2984/1352 1220/3660/1650
f 2166/3743/1618 2151/3744/1604 1228/3745/1687
f 2333/3746/1658 2321/3113/1409 2334/3747/1688
f 1112/2970/1346 1120/3748/1643 1117/3208/1455
f 464/2801/1267 481/3594/1597 2162/3588/1623
f 2338/3749/1689 2335/3750/1690 2340/3751/1691
f 2899/3752/1672 2902/3753/1692 2903/3754/1693
f 2284/3755/1694 2264/3537/1590 2269/3659/1647
f 1119/3756/1695 1121/3757/1695 1122/3758/1695
f 681/3759/1203 841/3760/1696 217/3761/1697
f 479/3515/1570 481/3550/1597 482/3762/1608
f 2124/2963/1342 2183/3544/1593 2184/3491/1572
f 909/3763/1640 1001/3764/1639 981/3765/1698
f 2166/3581/1618 2184/3726/1572 2183/3679/1593
f 837/3766/1584 1092/3438/1555 840/3741/1667
f 2873/3247/1470 2894/3767/1679 2893/3585/1620
f 2156/3668/1541 2160/3667/1592 2161/3768/1612
f 2895/3769/1674 2889/3770/1645 2896/3771/1626
f 2275/3772/1614 2278/3773/1447 2271/3774/1666
f 1316/3775/1699 1324/3776/1700 2264/3537/1590
f 1122/3777/1701 1121/3778/1702 1125/3779/1703
f 3046/2876/1301 3045/2875/1185 2038/3687/1662
f 575/3590/1599 835/3422/1547 577/3780/1665
f 479/3515/1570 482/3762/1608 484/3556/1600
f 596/3266/1479 480/3230/1461 47/3781/1704
f 2902/3753/1692 2899/3752/1672 2892/3709/1671
f 576/3782/1705 563/3108/1706 567/3568/1707
f 2336/3783/1708 2335/3784/1708 2338/3785/1708
f 2269/3786/1647 2270/3699/1615 2271/3698/1666
f 2330/3522/1519 2336/3787/1709 2338/3521/1585
f 513/3532/1578 1/3788/1710 1154/3789/1711
f 2330/3476/1519 2262/3519/1583 2277/3790/1712
f 2283/3791/1713 2257/3416/1543 2281/3738/1684
f 577/3792/1714 557/3793/1714 530/3794/1714
f 1109/2843/1211 1123/3795/1715 1128/3399/1536
f 2257/3416/1543 2283/3791/1713 2262/3519/1583
f 2330/3522/1519 2277/3796/1712 1390/3797/1716
f 2278/3798/1447 2275/3724/1614 2273/3723/1669
f 2337/3799/1717 2340/3751/1691 2335/3750/1690
f 2145/3315/1403 2153/3612/1631 2163/3800/1681
f 2271/3774/1666 2278/3773/1447 2288/3801/1718
f 1122/3802/1701 990/3803/1719 1117/3804/1455
f 2889/3770/1645 2895/3769/1674 2909/3805/1720
f 2909/3806/1720 2897/3807/1721 2889/3680/1645
f 1097/3207/1401 1117/3208/1455 991/3808/1722
f 3070/3809/1723 3046/2876/1301 2038/3687/1662
f 2898/3810/1724 2899/3811/1724 2883/3812/1724
f 1217/3742/1686 2137/3232/1462 2125/2984/1352
f 2892/3709/1671 2898/3708/1670 2900/3813/1725
f 911/3814/1726 839/3815/1727 840/3816/1728
f 2891/3817/1729 2901/3818/1636 2890/3819/1659
f 911/3820/1726 841/3821/1696 681/3822/1203
f 988/3611/1630 990/3823/1719 986/3563/1605
f 569/3120/1413 577/3693/1665 530/3121/1285
f 2890/3681/1659 2889/3680/1645 2897/3807/1721
f 2335/3750/1690 2339/3824/1730 2337/3799/1717
f 2331/3825/1731 2338/3826/1731 2340/3827/1731
f 991/3828/1722 985/3548/1596 987/3469/1567
f 578/3829/1732 553/3485/1482 546/2966/1344
f 492/3830/1733 491/3587/1622 555/3497/1577
f 470/3434/1552 485/3831/1734 28/3832/1735
f 1221/3833/1736 465/2992/1358 2137/3232/1462
f 2278/3773/1447 2167/3834/1609 2288/3801/1718
f 2911/3835/1737 2873/3247/1470 2881/3346/1514
f 2335/3750/1690 2336/3836/1738 2339/3824/1730
f 2892/3709/1671 2900/3813/1725 2902/3753/1692
f 2262/3837/1583 2283/3838/1713 2287/3839/1739
f 998/3840/1740 1012/3841/1741 992/3842/1742
f 2261/3513/1582 2279/3843/1594 2252/3209/1355
f 2907/3154/1429 1928/3844/1743 3019/2899/1001
f 2899/3845/1744 2880/3311/1500 2883/3421/1546
f 991/3846/1722 1117/3804/1455 990/3803/1719
f 2337/3799/1717 2345/3847/1745 2340/3751/1691
f 2163/3848/1746 2164/3849/1746 2154/3850/1746
f 909/3763/1640 981/3765/1698 915/3851/1747
f 565/3852/1571 911/3820/1726 681/3822/1203
f 480/3545/1461 466/3285/1488 486/3853/1748
f 2902/3854/1749 2881/3855/1749 2903/3856/1749
f 2331/3652/1646 2883/3448/1546 2878/3450/1484
f 2888/3857/1750 2891/3858/1729 2904/3859/1751
f 2890/3819/1659 2905/3860/1752 2891/3817/1729
f 2280/3861/1753 2262/3837/1583 2287/3839/1739
f 2271/3862/1666 2288/3863/1718 2269/3864/1647
f 2143/3273/1483 2165/3865/1754 1220/3660/1650
f 487/3866/1755 470/3434/1552 491/3587/1622
f 513/3583/1578 3/3584/1619 1/3867/1710
f 1228/3868/1756 2168/3869/1756 2166/3870/1756
f 2150/3557/1601 2165/3865/1754 2143/3273/1483
f 2281/3871/1684 2282/3872/1757 2283/3873/1713
f 994/3874/1758 993/3875/1759 1000/3876/1760
f 992/3842/1742 1001/3877/1639 998/3840/1740
f 575/3878/1599 577/3693/1665 574/3692/1664
f 2331/3652/1646 1863/3879/1761 2883/3448/1546
f 2166/3581/1618 2168/3880/1762 2170/3725/1678
f 2142/3254/1474 2154/3426/1549 2164/3881/1763
f 2167/3882/1609 2141/3883/1450 2172/3884/1764
f 2240/2862/1296 2276/3739/1685 2261/3513/1582
f 2283/3873/1713 2282/3872/1757 2287/3885/1739
f 1121/3778/1702 1124/3886/1765 1125/3779/1703
f 1125/3887/1703 990/3888/1719 1122/3889/1701
f 2330/3522/1519 1390/3797/1716 2336/3787/1709
f 1113/3192/1367 1116/3191/1448 1118/3640/1641
f 2286/3890/1766 2267/3608/1602 2278/3607/1447
f 2344/3891/1767 2337/3892/1717 2339/3893/1730
f 567/3494/1574 579/3894/1768 578/3829/1732
f 1127/3895/1648 1126/3896/1769 1119/3897/1644
f 2345/3898/1745 2337/3892/1717 2344/3891/1767
f 2141/3883/1450 2173/3899/1770 2172/3884/1764
f 2285/3900/1771 2284/3901/1771 2269/3902/1771
f 567/3494/1574 578/3829/1732 546/2966/1344
f 474/3435/1553 488/3903/1772 494/3720/1677
f 2906/3904/1773 2900/3813/1725 2898/3708/1670
f 909/3763/1640 924/3905/1774 912/3906/1683
f 2142/3254/1474 2185/3907/1775 2141/3248/1450
f 993/3908/1759 992/3909/1742 1012/3910/1741
f 841/3911/1776 905/3740/1579 910/3540/1591
f 911/3814/1726 565/3912/1571 839/3815/1727
f 1154/3789/1711 1240/3663/1652 513/3532/1578
f 2168/3913/1777 2169/3914/1777 2170/3915/1777
f 2269/3864/1647 2288/3863/1718 1322/3916/1778
f 992/3917/1779 993/3918/1779 994/3919/1779
f 1001/3920/1780 992/3921/1780 995/3922/1780
f 919/3923/1781 913/3924/1781 922/3925/1781
f 996/3926/1782 908/3564/1606 986/3563/1605
f 1001/3927/1639 1008/3928/1783 997/3929/1784
f 2924/3677/1657 2908/3930/1785 2907/3931/1429
f 2340/3932/1786 2343/3933/1786 2331/3934/1786
f 909/3763/1640 915/3851/1747 924/3905/1774
f 1125/3887/1703 1124/3935/1765 990/3888/1719
f 985/3936/1596 991/3937/1722 988/3938/1630
f 2915/3939/1787 2898/3708/1670 2883/3940/1546
f 2285/3941/1788 2269/3942/1788 2289/3943/1788
f 915/3944/1747 920/3945/1789 916/3946/1790
f 998/3947/1740 1001/3948/1639 997/3949/1784
f 2171/3950/1791 2172/3951/1791 2173/3952/1791
f 2173/3953/1770 2141/3248/1450 2185/3907/1775
f 2273/3723/1669 2286/3954/1766 2278/3798/1447
f 1127/3955/1792 1120/3956/1792 1129/3957/1792
f 1310/3958/1793 2151/3959/1793 1240/3960/1793
f 2898/3708/1670 2915/3939/1787 2906/3904/1773
f 2163/3800/1681 2174/3961/1794 2142/3962/1474
f 2163/3963/1795 2142/3964/1795 2164/3965/1795
f 2345/3966/1796 2343/3967/1796 2340/3968/1796
f 2339/3824/1730 2336/3836/1738 2341/3969/1797
f 913/3970/1798 917/3971/1799 925/3972/1800
f 1124/3935/1765 1121/3973/1702 1126/3896/1769
f 910/3735/1591 912/3737/1683 914/3974/1801
f 915/3944/1747 916/3946/1790 924/3975/1774
f 908/3564/1606 996/3926/1782 1001/3638/1639
f 2888/3857/1750 2904/3859/1751 2919/3976/1673
f 555/3649/1577 489/3977/1802 492/3978/1733
f 470/3434/1552 488/3903/1772 474/3435/1553
f 2344/3979/1803 2339/3980/1803 2342/3981/1803
f 920/3982/1804 915/3983/1804 981/3984/1804
f 2273/3707/1669 2267/3706/1602 2286/3985/1766
f 2334/3986/1688 1313/3987/1805 2333/3988/1658
f 916/3989/1790 917/3990/1799 932/3991/1806
f 2897/3807/1721 2909/3806/1720 2914/3992/1807
f 836/2981/1351 580/3993/1568 568/3609/1628
f 993/3908/1759 1012/3910/1741 1015/3994/1808
f 2185/3995/1775 2142/3962/1474 2174/3961/1794
f 1018/3996/1809 999/3997/1809 1000/3998/1809
f 494/3999/1810 488/4000/1810 490/4001/1810
f 1109/2661/1211 1113/3014/1367 1123/4002/1715
f 916/4003/1790 918/4004/1811 917/4005/1799
f 916/3989/1790 932/3991/1806 923/4006/1812
f 2918/4007/1813 2895/4008/1674 2894/4009/1679
f 2184/3726/1572 2170/3725/1678 1311/4010/1814
f 913/3970/1798 919/4011/1815 932/4012/1806
f 2280/4013/1753 2287/4014/1739 1323/4015/1816
f 1018/4016/1817 1000/3876/1760 993/3875/1759
f 1000/4017/1760 1021/4018/1818 994/4019/1758
f 921/4020/1819 918/4021/1820 920/4022/1821
f 920/4023/1822 918/4024/1822 916/4025/1822
f 913/3970/1798 932/4012/1806 917/3971/1799
f 582/4026/1823 579/4027/1768 553/3272/1482
f 2167/4028/1824 2290/4029/1824 2288/4030/1824
f 2173/3953/1770 2185/3907/1775 2175/4031/1825
f 1/4032/1710 6/4033/1826 2/4034/1827
f 992/4035/1828 994/4036/1758 995/4037/1829
f 2184/4038/1830 2176/4039/1830 1222/4040/1830
f 2/4041/1827 1154/4042/1711 1/4043/1710
f 1/4032/1710 3/4044/1619 6/4033/1826
f 1007/4045/1831 1004/4046/1831 1003/4047/1831
f 995/4048/1832 1002/4049/1832 1001/4050/1832
f 984/3171/1439 983/4051/1661 1118/3640/1641
f 1316/3775/1699 2264/3537/1590 2284/3755/1694
f 1007/4052/1833 1003/4053/1833 1008/4054/1833
f 2153/3612/1631 2174/3961/1794 2163/3800/1681
f 920/4055/1834 981/4056/1834 921/4057/1834
f 1154/4042/1711 2/4041/1827 4/4058/1835
f 910/3540/1591 914/4059/1801 841/3911/1776
f 492/4060/1733 489/4061/1802 583/4062/1836
f 565/4063/1571 596/4064/1479 581/4065/1837
f 2881/4066/1514 2902/4067/1692 1858/4068/1838
f 494/4069/1839 490/4070/1839 495/4071/1839
f 490/4072/1840 493/4073/1840 495/4074/1840
f 1012/3841/1741 998/3840/1740 1011/4075/1841
f 2289/4076/1842 2269/4077/1842 1322/4078/1842
f 2285/4079/1843 2289/4080/1844 1314/4081/1845
f 1001/4082/1639 1002/4083/1846 981/4084/1698
f 1003/4085/1847 1004/4086/1848 1029/4087/1849
f 1000/4088/1850 999/4089/1851 1005/4090/1852
f 502/4091/1853 492/4060/1733 583/4062/1836
f 1007/4092/1854 1008/4093/1854 996/4094/1854
f 1015/4095/1808 1006/4096/1855 993/3875/1759
f 2170/3725/1678 2169/4097/1856 1311/4010/1814
f 2907/3154/1429 2908/4098/1785 1928/3844/1743
f 2867/3297/1434 2924/3677/1657 2907/3931/1429
f 2909/4099/1720 2895/4100/1674 2918/4101/1813
f 2176/4102/1857 2184/3726/1572 1311/4010/1814
f 2184/3491/1572 2177/4103/1858 2153/3612/1631
f 2282/4104/1757 2281/4105/1684 1319/4106/1859
f 996/3926/1782 1008/4107/1783 1001/3638/1639
f 2339/4108/1730 2341/4109/1797 2342/4110/1860
f 2281/4105/1684 2291/4111/1861 1319/4106/1859
f 840/4112/1862 839/4113/1862 837/4114/1862
f 5/4115/1517 465/4116/1358 1221/4117/1736
f 993/3875/1759 1006/4096/1855 1018/4016/1817
f 2910/4118/1323 3019/2899/1001 1928/3844/1743
f 2894/4009/1679 2911/4119/1737 2918/4007/1813
f 17/4120/1863 466/3285/1488 5/3357/1517
f 998/3947/1740 997/3949/1784 1011/4121/1841
f 922/4122/1864 932/4012/1806 919/4011/1815
f 2184/3491/1572 2178/4123/1865 2177/4103/1858
f 502/4124/1866 491/4125/1866 492/4126/1866
f 1007/4127/1867 996/4128/1782 1009/4129/1868
f 1112/2970/1346 1152/4130/1869 1120/3748/1643
f 485/3831/1734 470/3434/1552 487/3866/1755
f 2280/4013/1753 2277/4131/1712 2262/4132/1583
f 1218/4133/1870 2171/4134/1871 2173/3953/1770
f 2184/3491/1572 1222/4135/1872 2178/4123/1865
f 3070/4136/1723 2886/3253/1473 3046/2884/1301
f 2177/4103/1858 2174/3961/1794 2153/3612/1631
f 2905/4137/1752 2923/4138/1873 2891/4139/1729
f 2285/4079/1843 1314/4081/1845 2284/4140/1694
f 2175/4031/1825 1218/4133/1870 2173/3953/1770
f 988/3938/1630 991/3937/1722 990/4141/1719
f 913/4142/1874 926/4143/1875 928/4144/1876
f 1319/4145/1859 2287/4014/1739 2282/4146/1757
f 926/4147/1877 913/4148/1877 925/4149/1877
f 2168/4150/1878 1228/4151/1879 1236/4152/1880
f 1029/4087/1849 1008/4153/1783 1003/4085/1847
f 913/4142/1874 928/4144/1876 922/4154/1864
f 2912/4155/1881 2905/4156/1752 2890/3681/1659
f 2890/3681/1659 2897/3807/1721 2912/4155/1881
f 2914/3992/1807 2912/4157/1881 2897/3807/1721
f 486/3853/1748 466/3285/1488 17/4120/1863
f 1129/4158/1882 1120/4159/1882 1152/4160/1882
f 502/4161/1853 504/4162/1883 491/4163/1622
f 2168/4150/1878 1236/4152/1880 2169/4164/1884
f 996/3926/1782 986/3563/1605 1009/4165/1868
f 986/4166/1885 990/4167/1885 1010/4168/1885
f 2882/3362/1521 2886/3605/1473 2913/4169/1886
f 2918/4101/1813 2914/4170/1807 2909/4099/1720
f 1324/3776/1700 2281/3738/1684 2264/3537/1590
f 2902/3753/1692 2900/3813/1725 1858/4171/1838
f 1390/4172/1887 2341/4173/1887 2336/4174/1887
f 916/4175/1790 923/4176/1812 924/4177/1774
f 2284/4178/1694 1314/4179/1845 1315/4180/1888
f 493/4181/1889 497/4182/1890 495/4183/1891
f 1311/4184/1892 2169/4185/1892 1231/4186/1892
f 1316/4187/1699 1317/4188/1893 1324/4189/1700
f 6/4190/1826 7/4191/1894 2/4041/1827
f 502/4091/1853 583/4062/1836 500/4192/1895
f 490/4193/1896 488/4194/1897 20/4195/1898
f 2883/4196/1546 1863/4197/1761 2915/4198/1787
f 496/4199/1899 493/4200/1889 490/4193/1896
f 494/4201/1900 495/4202/1900 498/4203/1900
f 493/4204/1889 496/4205/1899 497/4206/1890
f 2172/4207/1901 1243/4208/1901 2167/4209/1901
f 1007/4127/1867 1009/4129/1868 1019/4210/1902
f 2174/4211/1794 1216/4212/1903 2185/4213/1775
f 2172/4214/1904 2171/4215/1871 1246/4216/1905
f 1124/3935/1765 1126/3896/1769 990/3888/1719
f 1011/4217/1906 1030/4218/1906 1012/4219/1906
f 1216/4212/1903 2175/4220/1825 2185/4213/1775
f 994/4036/1758 1013/4221/1907 995/4037/1829
f 2873/3247/1470 2911/3835/1737 2894/3767/1679
f 2289/4222/1908 1322/4223/1908 1321/4224/1908
f 7/4191/1894 4/4058/1835 2/4041/1827
f 923/4006/1812 932/3991/1806 942/4225/1909
f 553/3272/1482 579/4027/1768 567/3568/1574
f 2904/4226/1751 2891/4139/1729 2923/4138/1873
f 2900/3813/1725 2916/4227/1910 1858/4171/1838
f 2288/4228/1911 2290/4229/1911 1322/4230/1911
f 999/4089/1851 1014/4231/1912 1005/4090/1852
f 20/4195/1898 496/4199/1899 490/4193/1896
f 931/4232/1913 926/4233/1875 925/4234/1800
f 2281/4235/1914 1324/4236/1914 2291/4237/1914
f 835/3422/1547 827/3237/1465 217/4238/1697
f 573/3661/1530 557/3387/1529 577/4239/1665
f 2151/4240/1604 1310/4241/1915 2179/4242/1916
f 1228/3745/1687 2151/3744/1604 2179/4243/1916
f 1314/4081/1845 2289/4080/1844 1321/4244/1917
f 2292/4245/1918 2277/4131/1712 2280/4013/1753
f 583/4246/1836 489/4247/1802 507/4248/1919
f 986/3563/1605 1010/4249/1920 1009/4165/1868
f 938/4250/1921 922/4154/1864 928/4144/1876
f 925/4251/1800 917/4005/1799 918/4004/1811
f 924/4177/1774 923/4176/1812 937/4252/1922
f 1004/4253/1848 1007/4254/1867 1023/4255/1923
f 2916/4256/1910 2900/3813/1725 2906/3904/1773
f 1323/4015/1816 2292/4245/1918 2280/4013/1753
f 1015/4257/1924 1012/4258/1924 1030/4259/1924
f 944/4260/1925 912/3906/1683 924/3905/1774
f 926/4261/1875 927/4262/1926 928/4263/1876
f 929/4264/1927 922/4265/1864 938/4266/1921
f 1005/4267/1928 1016/4268/1928 1000/4269/1928
f 944/4260/1925 924/3905/1774 937/4270/1922
f 2334/3747/1688 2321/3113/1409 2332/3669/1654
f 1154/3789/1711 1155/4271/1929 1240/3663/1652
f 1314/4179/1845 1321/4272/1917 1318/4273/1930
f 999/4274/1931 1018/4275/1931 1039/4276/1931
f 841/4277/1932 911/4278/1932 905/4279/1932
f 1217/4280/1686 1156/4281/1933 2137/4282/1462
f 2171/4215/1871 1218/4283/1870 1246/4216/1905
f 1022/4284/1934 1023/4255/1923 1007/4254/1867
f 1013/4285/1907 994/4019/1758 1021/4018/1818
f 925/4251/1800 918/4004/1811 936/4286/1935
f 2343/4287/1936 2344/4288/1767 1388/4289/1937
f 498/4290/1938 495/4183/1891 497/4182/1890
f 922/4291/1864 929/4292/1927 932/4293/1806
f 1019/4294/1902 1031/4295/1939 1007/4296/1867
f 1005/4090/1852 1014/4231/1912 1016/4297/1940
f 1219/4298/1941 1217/4280/1686 1220/4299/1650
f 596/3266/1479 47/3781/1704 581/4300/1837
f 488/4194/1897 499/4301/1942 20/4195/1898
f 497/4206/1890 496/4205/1899 15/4302/1943
f 1221/4303/1736 2137/4282/1462 1156/4281/1933
f 2287/4014/1739 1325/4304/1944 1323/4015/1816
f 1222/4305/1872 1223/4306/1945 2178/4307/1865
f 1152/4130/1869 1112/2970/1346 1128/3616/1536
f 931/4232/1913 925/4234/1800 936/4308/1935
f 2913/4169/1886 2885/3493/1573 2882/3362/1521
f 7/4191/1894 8/4309/1946 4/4058/1835
f 2881/4066/1514 1858/4068/1838 1865/4310/1947
f 1218/4283/1870 2175/4220/1825 1224/4311/1948
f 1029/4087/1849 1004/4086/1848 1023/4312/1923
f 1222/4305/1872 2176/4313/1857 1223/4306/1945
f 500/4314/1895 501/4315/1949 502/4316/1853
f 935/4317/1950 981/4084/1698 1002/4083/1846
f 937/4270/1922 930/4318/1951 944/4260/1925
f 501/4315/1949 504/4319/1883 502/4316/1853
f 6/4190/1826 11/4320/1952 7/4191/1894
f 1328/4321/1953 2279/3843/1594 2261/3513/1582
f 1319/4145/1859 1325/4304/1944 2287/4014/1739
f 1315/4180/1888 1316/4187/1699 2284/4178/1694
f 1153/4322/1954 1128/4323/1954 1123/4324/1954
f 578/3829/1732 582/4325/1823 553/3485/1482
f 926/4261/1875 931/4326/1913 927/4262/1926
f 2343/4287/1936 2345/4327/1745 2344/4288/1767
f 944/4328/1925 914/3974/1801 912/3737/1683
f 2175/4220/1825 1216/4212/1903 1224/4311/1948
f 2174/4329/1794 1229/4330/1955 1216/4331/1903
f 1129/4332/1956 1130/4333/1957 1126/3896/1769
f 1133/4334/1958 1010/4335/1958 990/4336/1958
f 1129/4332/1956 1126/3896/1769 1127/3895/1648
f 942/4337/1959 932/4338/1959 929/4339/1959
f 3/4340/1619 9/4341/1651 6/4190/1826
f 2174/4342/1960 2177/4343/1960 1229/4344/1960
f 921/4020/1819 948/4345/1961 918/4021/1820
f 997/4346/1784 1017/4347/1962 1011/4348/1841
f 1031/4295/1939 1022/4349/1934 1007/4296/1867
f 927/4262/1926 933/4350/1963 928/4263/1876
f 2915/3939/1787 1857/4351/1964 2906/3904/1773
f 1319/4352/1859 2291/4353/1861 1337/4354/1965
f 1322/4355/1966 1320/4356/1966 1321/4357/1966
f 488/4358/1967 28/4359/1967 499/4360/1967
f 1030/4361/1968 1011/4348/1841 1017/4347/1962
f 999/4089/1851 1039/4362/1969 1014/4231/1912
f 923/4363/1812 942/4364/1909 934/4365/1970
f 2906/3904/1773 1857/4351/1964 2916/4256/1910
f 11/4320/1952 6/4190/1826 9/4341/1651
f 2290/4366/1971 2167/4367/1971 1243/4368/1971
f 1330/4369/1972 1320/4370/1973 1322/4371/1974
f 503/4372/1975 500/4314/1895 583/4373/1836
f 1009/4165/1868 1010/4249/1920 1020/4374/1976
f 2915/4198/1787 1863/4197/1761 1857/4375/1964
f 1018/4376/1817 1006/4096/1855 1039/4377/1969
f 2924/3677/1657 2919/3711/1673 2925/4378/1977
f 28/3832/1735 488/3903/1772 470/3434/1552
f 1387/4379/1978 2344/4380/1978 2342/4381/1978
f 1314/4179/1845 1318/4273/1930 1315/4180/1888
f 1322/4382/1979 2290/4383/1980 1332/4384/1981
f 1244/4385/1982 2177/4386/1858 1225/4387/1983
f 2923/4388/1873 2905/4156/1752 2912/4155/1881
f 1865/4310/1947 1864/4389/1984 2881/4066/1514
f 1128/3616/1536 1153/4390/1985 1152/4130/1869
f 2917/4391/1676 2910/4118/1323 1928/3844/1743
f 486/3853/1748 23/4392/1986 47/4393/1704
f 491/4394/1622 504/4395/1883 487/4396/1755
f 2177/4386/1858 2178/4307/1865 1226/4397/1987
f 948/4398/1961 921/4399/1819 981/4400/1698
f 4/4401/1988 1157/4402/1988 1154/4403/1988
f 1133/4404/1989 1126/3896/1769 1130/4333/1957
f 981/4405/1698 935/4406/1950 955/4407/1990
f 489/4247/1802 584/4408/1991 507/4248/1919
f 1322/4409/1992 1332/4410/1992 1330/4411/1992
f 1246/4216/1905 1243/4412/1993 2172/4214/1904
f 1387/4413/1994 1388/4414/1994 2344/4415/1994
f 1019/4416/1902 1009/4417/1868 1020/4418/1976
f 190/4419/1995 892/4420/1445 568/4421/1628
f 2886/3253/1473 3070/4136/1723 2033/4422/1996
f 1401/3318/1503 2885/3493/1573 1868/4423/1997
f 2341/4424/1797 1391/4425/1998 1394/4426/1999
f 1340/4427/2000 2292/4428/1918 1323/4429/1816
f 1227/4430/2001 2150/4431/1601 2279/4432/1594
f 1324/4433/1700 1338/4434/2002 2291/4435/1861
f 1223/4306/1945 2176/4313/1857 1233/4436/2003
f 1021/4437/2004 1000/4438/2004 1016/4439/2004
f 2918/4440/2005 2921/4441/2005 2914/4442/2005
f 2923/4138/1873 2925/4443/1977 2904/4226/1751
f 1006/4096/1855 1015/4095/1808 1039/4377/1969
f 995/4444/1829 935/4445/1950 1002/4446/1846
f 936/4447/2006 918/4448/2006 952/4449/2006
f 923/4363/1812 934/4365/1970 937/4450/1922
f 1154/4451/2007 1157/4452/2007 1155/4453/2007
f 1228/4454/2008 2179/4455/2008 1236/4456/2008
f 2342/4110/1860 2341/4109/1797 1394/4457/1999
f 1013/4458/1907 1021/4459/1818 1048/4460/2009
f 948/4398/1961 981/4400/1698 955/4461/1990
f 928/4263/1876 940/4462/2010 938/4463/1921
f 837/4464/1584 839/4465/2011 843/4466/2012
f 501/4315/1949 505/4467/2013 504/4319/1883
f 2331/4468/2014 2343/4469/2014 1389/4470/2014
f 4/4058/1835 8/4309/1946 1157/4471/2015
f 1318/4273/1930 1321/4272/1917 1335/4472/2016
f 2925/4443/1977 2919/4473/1673 2904/4226/1751
f 8/4309/1946 7/4191/1894 11/4320/1952
f 2916/4256/1910 1857/4351/1964 2920/4474/2017
f 2290/4383/1980 1331/4475/2018 1332/4384/1981
f 1347/4476/2019 2290/4477/1980 1243/4478/2020
f 934/4365/1970 942/4364/1909 939/4479/2021
f 1056/4480/2022 892/4420/1445 190/4419/1995
f 2918/4481/1813 2911/4482/1737 2921/4483/2023
f 1401/3318/1503 2879/3289/1490 2885/3493/1573
f 2922/4484/2024 2912/4155/1881 2914/4485/1807
f 938/4266/1921 940/4486/2010 929/4264/1927
f 990/3888/1719 1126/3896/1769 1133/4404/1989
f 1019/4487/2025 1037/4488/2025 1031/4489/2025
f 1022/4490/2026 1038/4491/2026 1023/4492/2026
f 486/3853/1748 17/4120/1863 23/4392/1986
f 1321/4493/2027 1320/4494/2027 1335/4495/2027
f 1244/4496/2028 1229/4497/2028 2177/4498/2028
f 1020/4418/1976 1037/4499/2029 1019/4416/1902
f 503/4500/2030 583/4501/2030 507/4502/2030
f 487/4396/1755 504/4395/1883 505/4503/2013
f 2343/4504/2031 1388/4505/2031 1389/4506/2031
f 1394/4507/2032 1387/4508/2032 2342/4509/2032
f 2261/3513/1582 2276/3739/1685 1328/4321/1953
f 1337/4354/1965 1325/4510/1944 1319/4352/1859
f 1331/4511/2018 2290/4477/1980 1347/4476/2019
f 934/4365/1970 930/4512/1951 937/4450/1922
f 2923/4388/1873 2912/4155/1881 2922/4484/2024
f 1235/4513/2033 1224/4311/1948 1216/4212/1903
f 930/4318/1951 941/4514/2034 944/4260/1925
f 9/4515/1651 10/4516/2035 11/4517/1952
f 1230/4518/2036 1231/4519/2037 2169/4520/1884
f 1223/4306/1945 1248/4521/2038 2178/4307/1865
f 997/3929/1784 1008/3928/1783 1024/4522/2039
f 2341/4424/1797 1390/4523/1716 1391/4425/1998
f 1152/4524/1869 1153/4525/1985 1137/4526/2040
f 2176/4527/1857 1232/4528/2041 1233/4529/2003
f 1248/4521/2038 1226/4397/1987 2178/4307/1865
f 1015/4095/1808 1025/4530/2042 1039/4377/1969
f 584/4531/1991 489/3977/1802 555/3649/1577
f 2333/3988/1658 1313/3987/1805 2276/4532/1685
f 1234/4533/2043 1219/4298/1941 2165/4534/1754
f 1236/4535/1880 1230/4518/2036 2169/4520/1884
f 2277/4536/2044 2292/4537/2044 1339/4538/2044
f 1316/4187/1699 1315/4180/1888 1326/4539/2045
f 1235/4540/2033 1216/4331/1903 1229/4330/1955
f 995/4444/1829 1013/4541/1907 1026/4542/2046
f 1016/4297/1940 1014/4231/1912 1027/4543/2047
f 1233/4436/2003 1248/4521/2038 1223/4306/1945
f 1028/4544/2048 1029/4545/1849 1023/4546/1923
f 2291/4435/1861 1338/4434/2002 1337/4547/1965
f 1024/4548/2039 1008/4549/1783 1028/4544/2048
f 942/4550/1909 929/4551/1927 939/4552/2021
f 2886/3605/1473 2033/4553/1996 2913/4169/1886
f 499/4301/1942 28/4554/2049 20/4195/1898
f 1317/4188/1893 1316/4187/1699 1326/4539/2045
f 995/4444/1829 1026/4542/2046 935/4445/1950
f 2922/4484/2024 2914/4485/1807 2921/4555/2023
f 931/4556/1913 936/4557/1935 943/4558/2050
f 1863/4559/2051 1860/4560/2051 1857/4561/2051
f 1015/4095/1808 1030/4562/2052 1025/4530/2042
f 190/4563/1995 568/4564/1628 580/4565/1568
f 15/4302/1943 496/4205/1899 20/4566/1898
f 1218/4283/1870 1224/4311/1948 1246/4216/1905
f 1327/4567/2053 1323/4429/1816 1325/4510/1944
f 1858/4568/2054 2916/4569/2054 2920/4570/2054
f 1031/4571/1939 1037/4572/2029 1032/4573/2055
f 2177/4386/1858 1226/4397/1987 1225/4387/1983
f 1056/4574/2022 983/3686/1661 892/3179/1445
f 940/4462/2010 928/4263/1876 933/4350/1963
f 1028/4544/2048 1008/4549/1783 1029/4545/1849
f 1030/4361/1968 1017/4347/1962 1033/4575/2056
f 1039/4362/1969 1034/4576/2057 1014/4231/1912
f 1044/4577/2058 1021/4578/2059 1016/4579/1940
f 914/4580/2060 842/4581/2060 841/4582/2060
f 12/4583/2061 13/4584/2062 5/4115/1517
f 1396/4585/2063 1394/4586/1999 1391/4587/1998
f 1023/4546/1923 1038/4588/2064 1028/4544/2048
f 931/4556/1913 943/4558/2050 927/4262/1926
f 1858/4589/1838 2920/4590/2017 1865/4591/1947
f 2165/4534/1754 2150/4431/1601 1227/4430/2001
f 1391/4587/1998 1390/4592/1716 1398/4593/2065
f 997/3929/1784 1024/4522/2039 1017/4594/1962
f 14/4595/2066 5/4115/1517 1221/4117/1736
f 1397/4596/2067 1392/4597/2067 2331/4598/2067
f 1236/4599/1880 2179/4600/1916 1230/4601/2036
f 1243/4412/1993 1246/4216/1905 1237/4602/2068
f 1863/4603/2069 1859/4604/2069 1860/4605/2069
f 1237/4602/2068 1245/4606/2070 1243/4412/1993
f 1024/4522/2039 1035/4607/2071 1017/4594/1962
f 1026/4608/2046 1013/4458/1907 1048/4460/2009
f 1876/4609/2072 2908/3930/1785 2924/3677/1657
f 500/4314/1895 503/4372/1975 501/4315/1949
f 2277/4610/1712 1393/4611/2073 1390/4612/1716
f 1328/4613/1953 2276/4532/1685 1329/4614/2074
f 3069/3593/1417 3073/3543/1509 2038/4615/1662
f 2292/4616/2075 1340/4617/2075 1339/4618/2075
f 1031/4571/1939 1032/4573/2055 1022/4619/1934
f 929/4264/1927 940/4486/2010 949/4620/2076
f 956/4621/2077 952/4622/2077 918/4623/2077
f 47/4393/1704 480/3545/1461 486/3853/1748
f 497/4624/2078 16/4625/2078 498/4626/2078
f 1248/4521/2038 1233/4436/2003 1238/4627/2079
f 2922/4628/2024 2925/4629/1977 2923/4630/1873
f 948/4345/1961 956/4631/2080 918/4021/1820
f 1393/4611/2073 1392/4632/2081 1390/4612/1716
f 1927/4633/2082 2881/4634/1514 1861/4635/2083
f 497/4636/2084 15/4637/2084 16/4638/2084
f 1027/4543/2047 1014/4231/1912 1034/4576/2057
f 1857/4639/1964 1860/4640/2085 2920/4641/2017
f 1033/4575/2056 1017/4347/1962 1035/4642/2071
f 2920/4641/2017 1860/4640/2085 1862/4643/2086
f 1387/4644/2087 1394/4645/1999 1388/4646/2088
f 10/4647/2035 8/4309/1946 11/4320/1952
f 1219/4298/1941 1220/4299/1650 2165/4534/1754
f 1311/4648/1814 1231/4519/2037 1232/4649/2041
f 1243/4412/1993 1245/4606/2070 1239/4650/2089
f 1152/4524/1869 1137/4526/2040 1131/4651/2090
f 1027/4652/2047 1044/4577/2058 1016/4579/1940
f 1132/4653/2091 1133/4404/1989 1130/4333/1957
f 2922/4628/2024 2921/4654/2023 2925/4629/1977
f 944/4655/1925 941/4656/2034 914/4657/1801
f 1391/4587/1998 1398/4593/2065 1396/4585/2063
f 2921/4658/2023 2911/4659/1737 1927/4660/2082
f 1020/4661/1976 1036/4662/2092 1037/4663/2029
f 1861/4635/2083 1864/4664/1984 1403/4665/2093
f 1234/4533/2043 2165/4534/1754 1227/4430/2001
f 2279/4432/1594 1328/4666/1953 1227/4430/2001
f 1021/4667/2094 1044/4668/2094 1048/4669/2094
f 1332/4670/2095 1344/4671/2095 1330/4672/2095
f 934/4673/1970 945/4674/2096 930/4675/1951
f 1010/4676/2097 1133/4677/2097 1132/4678/2097
f 927/4262/1926 946/4679/2098 933/4350/1963
f 1331/4680/2099 1344/4681/2099 1332/4682/2099
f 1230/4518/2036 1232/4649/2041 1231/4519/2037
f 1333/4683/2100 1326/4539/2045 1315/4180/1888
f 1337/4354/1965 1327/4567/2053 1325/4510/1944
f 1388/4646/2088 1394/4645/1999 1389/4684/2101
f 1026/4608/2046 1048/4460/2009 1047/4685/2102
f 17/4686/1863 5/4115/1517 13/4584/2062
f 1323/4429/1816 1327/4567/2053 1340/4427/2000
f 1865/4591/1947 2920/4590/2017 1862/4687/2086
f 1318/4273/1930 1333/4683/2100 1315/4180/1888
f 939/4552/2021 929/4551/1927 949/4688/2076
f 18/4689/2103 35/4690/2104 19/4691/2105
f 20/4692/1898 21/4693/2106 15/4694/1943
f 943/4558/2050 936/4557/1935 947/4695/2107
f 1024/4548/2039 1028/4544/2048 1040/4696/2108
f 1022/4619/1934 1032/4573/2055 1038/4697/2064
f 507/4698/2109 584/4699/2109 585/4700/2109
f 1020/4374/1976 1010/4249/1920 1036/4701/2092
f 1859/4702/2110 1863/4703/1761 1403/4665/2093
f 1156/4704/1933 14/4705/2066 1221/4706/1736
f 1155/4707/1929 1310/4708/1915 1240/4709/1652
f 1320/4370/1973 1330/4369/1972 1344/4710/2111
f 1397/4711/2112 2331/4712/2113 1389/4713/2101
f 1043/4714/2114 1030/4715/2114 1033/4716/2114
f 1393/4717/2073 2277/4718/1712 1339/4719/2115
f 1134/4720/2116 1130/4333/1957 1129/4332/1956
f 1864/4721/1984 1865/4722/1947 1862/4723/2086
f 936/4724/2117 952/4725/2117 947/4726/2117
f 1876/4727/2118 1877/4728/2118 2908/4729/2118
f 498/4730/1617 1161/4731/2119 9/4732/1651
f 1313/3987/1805 2334/3986/1688 1400/4733/2120
f 1034/4734/2057 1039/4735/1969 1025/4736/2042
f 1038/4737/2064 1032/4738/2055 1028/4739/2048
f 2881/4634/1514 1864/4664/1984 1861/4635/2083
f 1320/4740/2121 1334/4741/2121 1335/4742/2121
f 1032/4743/2055 1037/4663/2029 1036/4662/2092
f 955/4744/2122 956/4745/2122 948/4746/2122
f 8/4309/1946 31/4747/2123 1157/4471/2015
f 1165/4748/2124 1156/4281/1933 1217/4280/1686
f 1241/4749/2125 1224/4311/1948 1235/4513/2033
f 1396/4750/2063 1389/4684/2101 1394/4645/1999
f 940/4462/2010 933/4350/1963 946/4679/2098
f 927/4262/1926 943/4558/2050 946/4679/2098
f 20/4692/1898 22/4751/2126 21/4693/2106
f 20/4195/1898 28/4554/2049 22/4752/2126
f 1132/4753/2127 1135/4754/2128 1010/4755/1920
f 1927/4660/2082 2925/4756/1977 2921/4658/2023
f 13/4584/2062 23/4757/1986 17/4686/1863
f 1862/4723/2086 1859/4758/2110 1864/4721/1984
f 1129/4759/1956 1152/4760/1869 1134/4761/2116
f 1860/4640/2085 1859/4762/2110 1862/4643/2086
f 9/4515/1651 25/4763/2129 10/4516/2035
f 839/4764/2130 565/4765/2130 843/4766/2130
f 1336/4767/2131 1227/4430/2001 1328/4666/1953
f 1244/4768/2132 1225/4769/2132 1242/4770/2132
f 1335/4771/2016 1333/4772/2100 1318/4773/1930
f 8/4309/1946 10/4647/2035 31/4747/2123
f 34/4774/2133 19/4691/2105 35/4690/2104
f 1028/4739/2048 1042/4775/2134 1040/4776/2108
f 1229/4777/1955 1241/4749/2125 1235/4513/2033
f 1395/4778/2135 1863/4779/1761 2331/4780/1646
f 1864/4664/1984 1859/4702/2110 1403/4665/2093
f 1336/4781/2131 1328/4613/1953 1329/4614/2074
f 2176/4527/1857 1311/4782/1814 1232/4528/2041
f 1243/4783/2136 1239/4784/2136 1347/4785/2136
f 1334/4786/2137 1320/4370/1973 1344/4710/2111
f 1242/4787/2138 1229/4788/1955 1244/4789/2139
f 18/4689/2103 42/4790/2140 30/4791/2141
f 930/4792/2142 945/4793/2142 950/4794/2142
f 1327/4795/2053 1337/4796/1965 1338/4797/2002
f 949/4798/2076 940/4462/2010 946/4679/2098
f 1041/4799/2143 1054/4800/2144 1135/4801/2128
f 1246/4216/1905 1224/4311/1948 1241/4749/2125
f 1327/4795/2053 1339/4802/2115 1340/4803/2000
f 3073/3543/1509 2917/3719/1676 2086/4804/2145
f 501/4315/1949 506/4805/2146 505/4467/2013
f 1161/4731/2119 25/4806/2129 9/4732/1651
f 1219/4298/1941 1165/4748/2124 1217/4280/1686
f 1341/4807/2147 1393/4717/2073 1339/4719/2115
f 1397/4711/2112 1396/4808/2063 1398/4809/2065
f 1389/4713/2101 1396/4808/2063 1397/4711/2112
f 1040/4810/2108 1036/4811/2092 1024/4812/2039
f 498/4813/2148 16/4814/2148 32/4815/2148
f 585/4816/2149 584/4817/2149 510/4818/2149
f 3070/4819/1723 2038/4820/1662 2017/4821/2150
f 577/3780/1665 835/3422/1547 592/4822/2151
f 934/4673/1970 939/4823/2021 945/4674/2096
f 1326/4539/2045 1333/4683/2100 1342/4824/2152
f 565/4825/2153 842/4826/2153 843/4827/2153
f 1333/4772/2100 1335/4771/2016 1334/4828/2137
f 1118/3640/1641 1136/4829/2154 1113/3192/1367
f 1338/4797/2002 1343/4830/2155 1327/4795/2053
f 1036/4662/2092 1042/4831/2134 1032/4743/2055
f 1046/4832/2156 1036/4701/2092 1010/4249/1920
f 1927/4833/2157 2924/4834/2157 2925/4835/2157
f 1152/4760/1869 1145/4836/2158 1134/4761/2116
f 507/4837/2159 585/4838/2159 508/4839/2159
f 844/4840/2160 837/4464/1584 843/4466/2012
f 24/4841/2161 31/4747/2123 10/4647/2035
f 508/4842/2162 501/4315/1949 503/4372/1975
f 1032/4738/2055 1042/4775/2134 1028/4739/2048
f 503/4843/2163 507/4844/2163 508/4845/2163
f 1339/4719/2115 1343/4846/2155 1341/4807/2147
f 1232/4528/2041 1238/4847/2079 1233/4529/2003
f 1339/4802/2115 1327/4795/2053 1343/4830/2155
f 953/4848/2164 946/4679/2098 943/4558/2050
f 1033/4849/2056 1049/4850/2165 1043/4851/2166
f 1132/4753/2127 1140/4852/2167 1135/4754/2128
f 1030/4853/2168 1043/4854/2168 1025/4855/2168
f 1157/4856/2169 26/4857/2169 1155/4858/2169
f 487/4859/1755 505/4860/2013 506/4861/2146
f 501/4315/1949 508/4842/2162 506/4805/2146
f 584/4531/1991 555/3649/1577 58/4862/2170
f 1392/4632/2081 1397/4863/2112 1398/4864/2065
f 1135/4865/2128 1054/4866/2144 1045/4867/2171
f 1135/4865/2128 1045/4867/2171 1010/4868/1920
f 1245/4869/2172 1237/4870/2172 1246/4871/2172
f 943/4558/2050 947/4872/2107 953/4848/2164
f 1123/4873/2173 1137/4874/2040 1153/4875/1985
f 950/4876/2174 941/4514/2034 930/4318/1951
f 1036/4811/2092 1040/4810/2108 1042/4877/2134
f 2033/4878/1996 1866/4879/2175 2913/4880/1886
f 28/4881/1735 485/4882/1734 37/4883/2176
f 1331/4884/2177 1349/4885/2177 1344/4886/2177
f 10/4647/2035 25/4887/2129 24/4841/2161
f 1226/4888/1987 1242/4787/2138 1225/4889/1983
f 1130/4333/1957 1143/4890/2178 1138/4891/2179
f 1130/4333/1957 1138/4892/2179 1132/4653/2091
f 1334/4828/2137 1342/4893/2152 1333/4772/2100
f 1027/4894/2047 1050/4895/2180 1044/4896/2058
f 1130/4333/1957 1134/4720/2116 1143/4890/2178
f 951/4897/2181 952/4898/2182 956/4899/2183
f 2038/4615/1662 3073/3543/1509 2086/4804/2145
f 26/4900/2184 1157/4471/2015 31/4747/2123
f 952/4898/2182 951/4897/2181 939/4901/2021
f 1027/4894/2047 1034/4902/2057 1050/4895/2180
f 1342/4893/2152 1334/4828/2137 1344/4903/2111
f 578/3829/1732 579/3894/1768 586/4904/2185
f 1310/4708/1915 1155/4707/1929 26/4905/2186
f 1331/4511/2018 1347/4476/2019 1349/4906/2187
f 953/4907/2164 949/4798/2076 946/4679/2098
f 27/4908/2188 30/4791/2141 42/4790/2140
f 487/4859/1755 506/4861/2146 511/4909/2189
f 1246/4216/1905 1241/4749/2125 1250/4910/2190
f 1049/4911/2191 1026/4608/2046 1047/4685/2102
f 2179/4600/1916 1232/4912/2041 1230/4601/2036
f 1317/4188/1893 1338/4913/2002 1324/4189/1700
f 28/4914/2192 37/4915/2192 22/4916/2192
f 1026/4542/2046 1052/4917/2193 935/4445/1950
f 952/4918/2182 953/4919/2164 947/4920/2107
f 1241/4749/2125 1229/4777/1955 1255/4921/2194
f 1010/4922/1920 1045/4923/2171 1046/4924/2156
f 1036/4701/2092 1046/4832/2156 1024/4522/2039
f 960/4925/2195 842/4926/2196 914/4927/1801
f 1341/4807/2147 1343/4846/2155 1338/4913/2002
f 1034/4734/2057 1025/4736/2042 1050/4928/2180
f 954/4929/2197 941/4514/2034 950/4876/2174
f 570/3651/1635 58/4862/2170 555/3649/1577
f 29/4930/2198 30/4931/2141 27/4932/2188
f 1226/4888/1987 1247/4933/2199 1242/4787/2138
f 1258/4934/2200 1232/4912/2041 2179/4600/1916
f 1043/4935/2201 1049/4936/2201 1047/4937/2201
f 16/4938/2202 15/4694/1943 21/4693/2106
f 1250/4939/2203 1245/4940/2203 1246/4941/2203
f 1253/4942/2204 1229/4788/1955 1242/4787/2138
f 939/4552/2021 949/4688/2076 953/4919/2164
f 1229/4788/1955 1253/4942/2204 1255/4943/2194
f 1226/4888/1987 1248/4944/2038 1247/4933/2199
f 1050/4945/2205 1047/4946/2205 1048/4947/2205
f 1050/4895/2180 1048/4948/2206 1044/4896/2058
f 939/4823/2021 951/4949/2181 945/4674/2096
f 835/3422/1547 850/4950/2207 592/4822/2151
f 26/4951/2208 31/4952/2208 24/4953/2208
f 1313/3987/1805 1329/4614/2074 2276/4532/1685
f 1143/4890/2178 1142/4954/2209 1138/4891/2179
f 2018/4955/2210 2086/4956/2145 2917/4957/1676
f 939/4552/2021 953/4919/2164 952/4918/2182
f 950/4958/2174 956/4959/2211 955/4960/1990
f 950/4958/2174 945/4961/2212 956/4959/2211
f 960/4925/2195 914/4927/1801 957/4962/2213
f 1392/4963/2214 1395/4778/2135 2331/4780/1646
f 837/3520/1584 844/4964/2160 580/3477/1568
f 16/4938/2202 21/4693/2106 32/4965/2215
f 956/4966/2216 945/4967/2216 951/4968/2216
f 1049/4850/2165 1033/4849/2056 1035/4969/2071
f 1051/4970/2217 1054/4800/2144 1041/4799/2143
f 33/4971/2218 27/4908/2188 42/4790/2140
f 34/4972/2133 35/4973/2104 48/4974/2219
f 1861/4635/2083 1403/4665/2093 1872/4975/2220
f 2179/4242/1916 1310/4241/1915 1249/4976/2221
f 1347/4977/2222 1239/4978/2222 1350/4979/2222
f 1247/4933/2199 1248/4944/2038 1238/4847/2079
f 1253/4942/2204 1242/4787/2138 1247/4933/2199
f 1927/4980/2082 2911/3835/1737 2881/3346/1514
f 36/4981/2223 498/4730/1617 32/4982/2215
f 1035/4983/2224 1052/4984/2224 1049/4985/2224
f 1317/4188/1893 1341/4807/2147 1338/4913/2002
f 1241/4749/2125 1261/4986/2225 1250/4987/2190
f 1253/4942/2204 1269/4988/2226 1251/4989/2227
f 585/4990/2228 509/4991/2229 508/4992/2162
f 1317/4188/1893 1326/4539/2045 1342/4993/2152
f 1052/4994/2230 1059/4995/2230 935/4996/2230
f 2018/4955/2210 2917/4957/1676 2022/4997/2231
f 1026/4998/2232 1049/4999/2232 1052/5000/2232
f 1241/4749/2125 1255/4921/2194 1261/4986/2225
f 1269/4988/2226 1253/4942/2204 1247/4933/2199
f 1025/4736/2042 1043/5001/2233 1050/4928/2180
f 1245/5002/2234 1252/5003/2234 1239/5004/2234
f 1047/5005/2235 1050/5006/2235 1043/5007/2235
f 1139/5008/2236 1113/3192/1367 1136/4829/2154
f 1118/3640/1641 983/4051/1661 1057/5009/2237
f 1140/5010/2238 1051/5011/2217 1041/5012/2143
f 935/4406/1950 954/4929/2197 955/4407/1990
f 954/4929/2197 950/4876/2174 955/4407/1990
f 1928/5013/1743 2908/5014/1785 1877/5015/2239
f 1392/4632/2081 1398/4864/2065 1390/4612/1716
f 1035/4607/2071 1059/5016/2240 1052/5017/2241
f 1134/4720/2116 1146/5018/2242 1144/5019/2243
f 22/5020/2126 37/5021/2176 21/5022/2106
f 585/4990/2228 510/5023/2244 509/4991/2229
f 32/5024/2215 21/5022/2106 37/5021/2176
f 2913/4880/1886 1867/5025/2245 2885/5026/1573
f 1140/5027/2246 1041/5028/2246 1135/5029/2246
f 957/5030/2213 914/4657/1801 941/4656/2034
f 12/4583/2061 5/4115/1517 14/4595/2066
f 511/5031/2247 509/5032/2247 510/5033/2247
f 1141/5034/2248 1132/5035/2248 1138/5036/2248
f 565/4063/1571 581/4065/1837 842/5037/2249
f 1035/4607/2071 1024/4522/2039 1046/4832/2156
f 1140/4852/2167 1132/4753/2127 1141/5038/2250
f 941/4656/2034 954/5039/2197 957/5030/2213
f 1142/5040/2251 1143/5041/2251 1144/5042/2251
f 42/4790/2140 38/5043/2252 33/4971/2218
f 1232/4528/2041 1249/5044/2221 1238/4847/2079
f 19/4691/2105 34/4774/2133 39/5045/2253
f 18/5046/2103 48/4974/2219 35/4973/2104
f 1253/5047/2254 1251/5048/2254 1254/5049/2254
f 1250/5050/2255 1261/5051/2255 1245/5052/2255
f 1134/4720/2116 1144/5019/2243 1143/4890/2178
f 506/5053/2146 508/5054/2162 509/5055/2229
f 570/3651/1635 587/5056/2256 58/4862/2170
f 18/4689/2103 19/4691/2105 42/4790/2140
f 1258/5057/2257 1249/5058/2257 1232/5059/2257
f 1255/5060/2258 1253/5061/2258 1261/5062/2258
f 41/5063/2259 38/5043/2252 42/4790/2140
f 1141/5064/2260 1138/5065/2261 1144/5019/2243
f 1138/5066/2262 1142/5067/2262 1144/5068/2262
f 511/5069/2189 506/5053/2146 509/5055/2229
f 842/5070/2196 960/5071/2195 843/5072/2012
f 1260/5073/2263 1256/5074/2264 1257/5075/2265
f 960/5076/2266 957/5077/2266 958/5078/2266
f 1353/5079/2267 1345/5080/2268 1346/5081/2269
f 485/3831/1734 487/3866/1755 511/5082/2189
f 1249/4976/2221 1258/5083/2200 2179/4242/1916
f 1152/4524/1869 1131/4651/2090 1145/5084/2158
f 1347/5085/2019 1350/5086/2270 1348/5087/2271
f 1347/5088/2019 1348/5089/2271 1349/5090/2187
f 1346/5091/2269 1345/5092/2268 1350/5093/2270
f 511/5094/2272 510/5095/2272 58/5096/2272
f 1035/4607/2071 1046/4832/2156 1059/5016/2240
f 39/5097/2253 34/4972/2133 48/4974/2219
f 38/5098/2252 29/4930/2198 33/5099/2218
f 1342/4893/2152 1352/5100/2273 1317/5101/1893
f 844/5102/2160 843/5072/2012 960/5071/2195
f 30/4931/2141 40/5103/2274 18/5046/2103
f 578/3829/1732 589/5104/2275 582/4325/1823
f 58/4862/2170 510/5105/2276 584/4531/1991
f 1238/4847/2079 1249/5044/2221 1270/5106/2277
f 1270/5106/2277 1247/4933/2199 1238/4847/2079
f 578/3829/1732 586/5107/2185 589/5104/2275
f 1264/5108/2278 56/5109/2279 1259/5110/2280
f 588/5111/2281 512/5112/2282 594/5113/2283
f 2913/4880/1886 1866/4879/2175 1867/5025/2245
f 1927/5114/2284 1876/5115/2284 2924/5116/2284
f 512/5117/2285 39/5118/2285 78/5119/2285
f 1265/5120/2286 1267/5121/2287 1260/5122/2263
f 954/4929/2197 935/4406/1950 1059/5123/2288
f 2018/5124/2210 2019/5125/2289 2020/5126/2290
f 1268/5127/2291 1269/5128/2226 1247/5129/2199
f 1261/5130/2292 1253/5131/2293 1254/5132/2294
f 1403/5133/2093 1863/4779/1761 1395/4778/2135
f 580/4565/1568 180/5134/2295 190/4563/1995
f 498/4730/1617 36/4981/2223 1161/4731/2119
f 38/5098/2296 1159/5135/2297 41/5136/2298
f 1252/5137/2299 1245/5138/2300 1254/5132/2294
f 1245/5138/2300 1261/5130/2292 1254/5132/2294
f 2024/5139/2301 2086/4956/2145 2018/4955/2210
f 1336/4781/2131 1329/4614/2074 1351/5140/2302
f 1270/5141/2277 1262/5142/2303 1247/5143/2199
f 2019/5144/2289 2021/5145/2304 2020/5146/2290
f 1267/5121/2287 56/5109/2279 1264/5108/2278
f 579/4027/2305 43/5147/2306 588/5148/2281
f 1159/5149/2307 56/5150/2279 1158/5151/2308
f 1399/5152/2309 1400/5153/2120 2334/5154/1688
f 2019/5155/2310 2018/5156/2310 2022/5157/2310
f 1051/4970/2217 1053/5158/2311 1054/4800/2144
f 1341/4807/2147 1317/4188/1893 1404/5159/2312
f 2332/5160/1654 1401/5161/1503 1402/5162/2313
f 36/4981/2223 32/4982/2215 37/4883/2176
f 1269/5163/2226 1254/5164/2294 1251/5165/2227
f 1256/5166/2264 1260/5122/2263 1267/5121/2287
f 2022/5167/2231 2023/5168/2314 2019/5169/2289
f 1317/4188/1893 1354/5170/2315 1404/5159/2312
f 43/5147/2306 512/5171/2282 588/5148/2281
f 1868/5172/1997 2885/5026/1573 1867/5025/2245
f 1159/5135/2297 1158/5173/2316 41/5136/2298
f 1234/4533/2043 1263/5174/2317 1219/4298/1941
f 1350/5175/2270 1386/5176/2318 1346/5177/2269
f 1146/5178/2242 1134/4761/2116 1145/4836/2158
f 39/5179/2319 512/5180/2319 43/5181/2319
f 1352/5182/2273 1354/5183/2315 1317/5184/1893
f 2019/5144/2289 2023/5185/2314 2029/5186/2320
f 1159/5187/2307 1160/5188/2321 56/5189/2279
f 1358/5190/2322 1357/5191/2323 1355/5192/2324
f 582/4026/1823 589/5193/2275 579/4027/1768
f 1256/5074/2264 1264/5194/2278 1257/5075/2265
f 2020/5146/2290 2021/5145/2304 2035/5195/2325
f 1054/5196/2144 1055/5197/2326 1045/4923/2171
f 1393/5198/2073 1341/4807/2147 1404/5159/2312
f 1260/5073/2263 1266/5199/2327 1265/5200/2286
f 587/5201/2256 570/3624/1635 573/3388/1530
f 30/4931/2141 29/4930/2198 40/5103/2274
f 1267/5121/2287 1264/5108/2278 1256/5166/2264
f 1353/5202/2267 1346/5177/2269 1386/5176/2318
f 2018/5124/2210 2020/5126/2290 2024/5203/2301
f 2021/5145/2304 2019/5144/2289 2029/5186/2320
f 48/4974/2219 18/5046/2103 40/5103/2274
f 590/5204/2328 43/5147/2306 579/4027/2305
f 42/5205/2140 29/5206/2198 41/5207/2259
f 1159/5208/2307 1158/5209/2308 1160/5210/2321
f 1045/4923/2171 1055/5197/2326 1046/4924/2156
f 1265/5211/2286 1266/5212/2327 1267/5213/2287
f 1879/5214/2329 1403/5215/2093 1410/5216/2330
f 2020/5217/2331 2035/5218/2331 2024/5219/2331
f 1141/5064/2260 1144/5019/2243 1146/5018/2242
f 961/5220/2332 960/5221/2195 958/5222/2333
f 1161/4731/2119 24/5223/2161 25/4806/2129
f 577/4239/1665 591/5224/2334 573/3661/1530
f 960/5225/2195 959/5226/2335 844/5227/2160
f 1404/5228/2312 1354/5229/2315 1355/5230/2324
f 1355/5192/2324 1357/5191/2323 1361/5231/2336
f 1927/5232/2082 1861/4635/2083 1872/4975/2220
f 1113/3014/1367 1139/5233/2236 1123/4002/1715
f 33/5099/2218 29/4930/2198 27/4932/2188
f 38/5098/2252 41/5136/2259 29/4930/2198
f 1356/5234/2337 1357/5235/2323 1358/5236/2322
f 1359/5237/2338 1361/5231/2336 1357/5191/2323
f 1268/5238/2291 1288/5239/2339 1269/5240/2226
f 579/3894/2305 588/5111/2281 590/5241/2328
f 1395/5242/2135 1392/5243/2214 1403/5244/2093
f 1056/5245/2022 1057/5246/2237 983/5247/1661
f 594/5113/2283 590/5241/2328 588/5111/2281
f 19/4691/2105 39/5045/2253 43/5248/2306
f 1869/5249/2340 1870/5250/2341 1871/5251/2342
f 1051/4970/2217 1061/5252/2343 1053/5158/2311
f 850/5253/2207 851/5254/2344 845/5255/2345
f 1361/5231/2336 1359/5237/2338 1360/5256/2346
f 1227/4430/2001 1263/5174/2317 1234/4533/2043
f 957/5257/2347 965/5258/2348 961/5220/2332
f 1058/5259/2349 1046/4924/2156 1055/5197/2326
f 1262/5142/2303 1268/5127/2291 1247/5129/2199
f 1355/5230/2324 1361/5260/2336 1404/5228/2312
f 1392/5261/2350 1404/5262/2350 1361/5263/2350
f 577/5264/1665 592/5265/2151 593/5266/2351
f 1259/5267/2352 56/5268/2352 1163/5269/2352
f 1310/4241/1915 56/5270/2279 1249/4976/2221
f 1257/5075/2265 1266/5199/2327 1260/5073/2263
f 845/5255/2345 846/5271/2353 592/5272/2151
f 850/5253/2207 845/5255/2345 592/5272/2151
f 1393/5273/2354 1404/5274/2354 1392/5275/2354
f 1872/5276/2355 1879/5277/2355 1871/5278/2355
f 1403/5215/2093 1411/5279/2356 1410/5216/2330
f 1874/5280/2357 1871/5281/2342 1873/5282/2358
f 1874/5283/2357 1875/5284/2359 1870/5250/2341
f 1869/5249/2340 1874/5283/2357 1870/5250/2341
f 1270/5285/2277 1249/5286/2221 1267/5287/2287
f 1405/5288/2360 1407/5289/2361 1411/5279/2356
f 1879/5290/2329 1412/5291/2362 1871/5281/2342
f 1870/5292/2341 1872/5293/2220 1871/5294/2342
f 1360/5295/2346 1359/5296/2338 1409/5297/2363
f 1361/5298/2336 1405/5299/2360 1392/5243/2214
f 2023/5185/2314 2025/5300/2364 2029/5186/2320
f 1145/5301/2365 1140/5302/2365 1146/5303/2365
f 1145/5084/2158 1131/4651/2090 1140/5304/2238
f 845/5305/2345 854/5306/2366 846/5307/2353
f 1406/5308/2367 1407/5289/2361 1405/5288/2360
f 851/5309/2368 848/5310/2368 845/5311/2368
f 1362/5312/2369 1350/5093/2270 1345/5092/2268
f 1872/4975/2220 1876/5313/2370 1927/5232/2082
f 1351/5140/2302 1329/4614/2074 1313/3987/1805
f 1137/4874/2371 1123/4873/2372 1147/5314/2371
f 1271/5315/2373 1273/5316/2374 1288/5239/2339
f 591/5317/2334 587/5201/2256 573/3388/1530
f 485/4882/1734 44/5318/2375 37/4883/2176
f 1402/5319/2313 1401/5320/1503 1868/5172/1997
f 1355/5321/2324 1356/5322/2337 1358/5323/2322
f 2021/5145/2304 2036/5324/2376 2035/5195/2325
f 1405/5288/2360 1411/5279/2356 1403/5215/2093
f 1059/5325/2240 1046/5326/2156 1058/5327/2349
f 957/5257/2347 961/5220/2332 958/5222/2333
f 841/5328/1696 842/5037/2249 866/5329/2377
f 39/5097/2253 48/4974/2219 78/5330/2378
f 1310/5331/1915 26/5332/2186 24/5333/2161
f 1227/4430/2001 1336/4767/2131 1263/5174/2317
f 1362/5334/2369 1345/5080/2268 1353/5079/2267
f 1118/3640/1641 1057/5009/2237 1136/4829/2154
f 1360/5335/2346 1406/5308/2367 1361/5336/2336
f 1268/5238/2291 1271/5315/2373 1288/5239/2339
f 2332/5160/1654 1399/5152/2309 2334/5154/1688
f 1361/5336/2336 1406/5308/2367 1405/5288/2360
f 1872/4975/2220 1877/5337/2239 1876/5313/2370
f 19/4691/2105 43/5248/2306 48/5338/2219
f 29/5206/2198 42/5205/2140 40/5339/2274
f 590/5241/2379 586/4904/2185 579/3894/1768
f 24/5333/2161 1161/5340/2119 1310/5331/1915
f 1883/5341/2380 1878/5342/2381 1872/5343/2220
f 954/5344/2382 1059/5345/2382 957/5346/2382
f 1359/5296/2338 1357/5235/2323 1363/5347/2383
f 1140/5348/2384 1141/5349/2384 1146/5350/2384
f 1879/5351/2385 1872/5352/2385 1403/5353/2385
f 1883/5354/2380 1870/5250/2341 1875/5284/2359
f 835/3422/1547 847/5355/2386 850/4950/2207
f 579/4027/1768 589/5193/2275 590/5204/2379
f 1264/5194/2278 1259/5356/2280 1257/5075/2265
f 851/5357/2387 847/5358/2386 848/5359/2388
f 45/5360/2389 23/4757/1986 46/5361/2390
f 1403/5244/2093 1392/5243/2214 1405/5299/2360
f 42/5205/2140 19/4691/2105 48/5338/2219
f 1355/5362/2324 1354/5183/2315 1352/5182/2273
f 848/5363/2388 854/5306/2366 845/5305/2345
f 1407/5364/2361 1406/5365/2367 1408/5366/2391
f 1880/5367/2392 1878/5368/2392 1886/5369/2392
f 43/5147/2306 590/5204/2328 594/5370/2283
f 42/5205/2140 48/5338/2219 40/5339/2274
f 44/5318/2375 36/4981/2223 37/4883/2176
f 1399/5152/2309 2332/5160/1654 1402/5162/2313
f 1269/5163/2226 1272/5371/2393 1254/5164/2294
f 1054/4800/2144 1053/5158/2311 1055/5372/2326
f 2024/5373/2394 2035/5374/2394 2026/5375/2394
f 1137/4526/2040 1147/5376/2395 1131/4651/2090
f 1362/5334/2369 1353/5079/2267 1364/5377/2396
f 1350/5086/2270 1362/5378/2369 1348/5087/2271
f 1878/5342/2381 1880/5379/2397 1872/5343/2220
f 959/5380/2335 960/5381/2195 961/5382/2332
f 512/5383/2398 78/5384/2398 594/5385/2398
f 1870/5292/2341 1883/5386/2380 1872/5293/2220
f 1349/5387/2187 1342/4893/2152 1344/4903/2111
f 844/5227/2160 959/5226/2335 963/5388/2399
f 1348/5089/2271 1365/5389/2400 1349/5090/2187
f 846/5271/2353 849/5390/2401 592/5272/2151
f 56/5391/2279 1267/5287/2287 1249/5286/2221
f 963/5392/2399 580/3477/1568 844/4964/2160
f 1160/5393/2402 1163/5394/2402 56/5395/2402
f 1406/5365/2367 1360/5396/2346 1409/5397/2363
f 1288/5398/2403 1273/5399/2403 1289/5400/2403
f 1880/5401/2397 1877/5337/2239 1872/4975/2220
f 2086/5402/2145 2024/5403/2301 2026/5404/2404
f 850/5405/2405 847/5406/2405 851/5407/2405
f 591/5408/2334 577/5409/1665 595/5410/2406
f 1928/5013/1743 1877/5015/2239 1881/5411/2407
f 45/5360/2389 47/5412/1704 23/4757/1986
f 1161/5340/2119 56/5413/2279 1310/5331/1915
f 1356/5234/2337 1363/5347/2383 1357/5235/2323
f 1366/5414/2408 1348/5087/2271 1362/5378/2369
f 43/5415/2306 78/5416/2378 48/5417/2219
f 1409/5397/2363 1408/5366/2391 1406/5365/2367
f 852/5418/2409 847/5355/2386 835/3422/1547
f 1882/5419/2410 1868/5172/1997 1867/5025/2245
f 2023/5185/2314 2027/5420/2411 2025/5300/2364
f 1386/5176/2318 1350/5175/2270 1239/5421/2412
f 1158/5422/2308 49/5423/2413 50/5424/2414
f 962/5425/2415 963/5426/2399 964/5427/2416
f 965/5428/2348 1059/5325/2240 1058/5327/2349
f 13/4584/2062 46/5361/2390 23/4757/1986
f 1410/5429/2330 1411/5430/2356 1412/5431/2362
f 957/5257/2347 1059/5432/2240 965/5258/2348
f 1162/5433/2417 1160/5210/2321 1158/5209/2308
f 78/5416/2378 43/5415/2306 594/5434/2283
f 1883/5435/2380 1875/5436/2359 1873/5282/2358
f 29/5437/2418 50/5424/2414 49/5423/2413
f 590/5204/2379 589/5193/2275 586/5438/2185
f 1252/5439/2419 1386/5440/2419 1239/5441/2419
f 964/5427/2416 963/5426/2399 959/5442/2335
f 964/5443/2416 959/5380/2335 961/5382/2332
f 1313/3987/1805 1400/4733/2120 1417/5444/2420
f 1273/5445/2374 1271/5446/2373 1289/5447/2421
f 1051/5011/2217 1140/5010/2238 1064/5448/2422
f 2021/5145/2304 2029/5186/2320 2028/5449/2423
f 49/5450/2413 1158/5151/2308 56/5150/2279
f 1259/5356/2280 1163/5451/2424 1257/5075/2265
f 1349/5387/2187 1365/5452/2400 1342/4893/2152
f 860/5453/2425 854/5306/2366 848/5363/2388
f 961/5382/2332 965/5454/2348 964/5443/2416
f 2021/5145/2304 2028/5449/2423 2036/5324/2376
f 1058/5259/2349 1055/5197/2326 965/5455/2348
f 1267/5213/2287 1266/5212/2327 1274/5456/2426
f 846/5307/2353 182/5457/2427 849/5458/2401
f 846/5307/2353 854/5306/2366 182/5457/2427
f 1270/5141/2277 1275/5459/2428 1262/5142/2303
f 1874/5280/2357 1873/5282/2358 1875/5436/2359
f 835/3422/1547 217/4238/1697 852/5418/2409
f 2023/5168/2314 2022/5167/2231 2027/5460/2411
f 2917/5461/1676 1928/5462/1743 2053/5463/2429
f 47/3781/1704 45/5464/2389 581/4300/1837
f 29/5465/2418 1162/5466/2417 50/5467/2414
f 962/5468/2415 1061/5469/2343 966/5470/2430
f 1362/5334/2369 1364/5377/2396 1366/5471/2408
f 2034/5472/2431 2028/5473/2423 2029/5474/2320
f 1276/5475/2432 1165/4748/2124 1219/4298/1941
f 1267/5476/2287 1175/5477/2433 1270/5478/2277
f 1869/5479/2340 1871/5281/2342 1874/5280/2357
f 1879/5480/2329 1410/5429/2330 1412/5431/2362
f 1274/5481/2426 1266/5199/2327 1257/5075/2265
f 842/5037/2249 581/4065/1837 866/5329/2377
f 1276/5475/2432 1219/4298/1941 1263/5174/2317
f 1163/5482/2424 1160/5210/2321 1162/5433/2417
f 1053/5483/2311 965/5455/2348 1055/5197/2326
f 2036/5324/2376 2028/5449/2423 2030/5484/2434
f 1417/5444/2420 1351/5140/2302 1313/3987/1805
f 962/5485/2415 1053/5158/2311 1061/5252/2343
f 847/5358/2386 859/5486/2435 848/5359/2388
f 56/5487/2279 1161/4731/2119 51/5488/2436
f 1356/5322/2337 1355/5321/2324 1363/5489/2383
f 36/4981/2223 51/5488/2436 1161/4731/2119
f 1277/5490/2437 1272/5371/2393 1269/5163/2226
f 1254/5132/2294 1278/5491/2438 1252/5137/2299
f 182/5457/2427 853/5492/2439 849/5458/2401
f 1254/5164/2294 1279/5493/2440 1285/5494/2441
f 52/5495/2442 61/5496/2443 53/5497/2444
f 1407/5364/2361 1408/5366/2391 1411/5430/2356
f 1254/5164/2294 1272/5371/2393 1279/5493/2440
f 970/5498/2445 968/5499/2445 967/5500/2445
f 29/5437/2418 49/5423/2413 54/5501/2446
f 511/5502/2189 44/5318/2375 485/4882/1734
f 2029/5186/2320 2025/5300/2364 2031/5503/2447
f 55/5504/2448 61/5496/2443 54/5501/2446
f 49/5505/2413 56/5506/2279 51/5507/2436
f 580/3477/1568 963/5392/2399 180/5508/2295
f 58/5509/2170 587/5510/2256 175/5511/2449
f 1367/5512/2450 1342/4893/2152 1365/5452/2400
f 854/5513/2451 860/5514/2451 855/5515/2451
f 1057/5246/2237 1056/5245/2022 1060/5516/2452
f 1365/5517/2400 1348/5087/2271 1366/5414/2408
f 592/5272/2151 849/5390/2401 593/5518/2351
f 968/5519/2453 971/5520/2453 967/5521/2453
f 962/5425/2415 964/5427/2416 965/5522/2348
f 55/5504/2448 54/5501/2446 49/5423/2413
f 1336/4767/2131 1280/5523/2454 1281/5524/2455
f 1254/5132/2294 1285/5525/2441 1278/5491/2438
f 2053/5463/2429 1928/5462/1743 1881/5526/2407
f 44/5527/2375 51/5488/2436 36/4981/2223
f 61/5496/2443 55/5504/2448 53/5497/2444
f 1061/5528/2343 1051/5011/2217 1064/5448/2422
f 1352/5100/2273 1342/4893/2152 1367/5512/2450
f 970/5529/2456 974/5530/2457 968/5531/2458
f 49/5505/2413 51/5507/2436 55/5532/2448
f 1053/5158/2311 962/5485/2415 965/5533/2348
f 1882/5419/2410 1402/5319/2313 1868/5172/1997
f 52/5495/2442 53/5497/2444 57/5534/2459
f 849/5535/2460 853/5536/2460 593/5537/2460
f 58/5538/2170 44/5318/2375 511/5502/2189
f 51/5488/2436 44/5527/2375 53/5539/2444
f 2029/5474/2320 2031/5540/2447 2034/5472/2431
f 1282/5541/2461 1285/5542/2441 1291/5543/2462
f 2030/5484/2434 2028/5449/2423 2032/5544/2463
f 854/5545/2464 855/5546/2464 856/5547/2464
f 182/5548/2427 854/5549/2366 856/5550/2465
f 969/5551/2466 974/5530/2457 970/5529/2456
f 595/5552/2406 577/5264/1665 593/5266/2351
f 1158/5553/2308 50/5467/2414 1162/5466/2417
f 852/5418/2409 857/5554/2467 847/5355/2386
f 1881/5411/2407 1877/5015/2239 1880/5555/2397
f 51/5507/2436 53/5556/2444 55/5532/2448
f 12/4583/2061 14/4595/2066 1164/5557/2468
f 1123/4002/1715 1139/5233/2236 1147/5558/2469
f 1175/5559/2433 1267/5213/2287 1274/5456/2426
f 857/5560/2467 859/5486/2435 847/5358/2386
f 1336/4781/2131 1351/5140/2302 1280/5561/2454
f 970/5562/2470 967/5563/2470 973/5564/2470
f 968/5565/2458 974/5566/2457 971/5567/2471
f 969/5551/2466 970/5529/2456 188/5568/2472
f 13/4584/2062 59/5569/2473 46/5361/2390
f 1355/5362/2324 1352/5182/2273 1420/5570/2474
f 13/4584/2062 12/4583/2061 59/5569/2473
f 2027/5460/2411 2022/5167/2231 1884/5571/2475
f 3070/5572/1723 2017/5573/2150 2033/5574/1996
f 1400/5153/2120 1399/5152/2309 1889/5575/2476
f 862/5576/2477 855/5577/2477 860/5578/2477
f 1281/5524/2455 1263/5174/2317 1336/4767/2131
f 179/5579/2478 44/5318/2375 58/5538/2170
f 2917/5461/1676 1884/5580/2475 2022/5581/2231
f 1878/5582/2381 1883/5435/2380 1885/5583/2479
f 967/5584/2480 971/5585/2471 972/5586/2481
f 2032/5544/2463 2028/5449/2423 2034/5587/2431
f 1156/4704/1933 1164/5588/2468 14/4705/2066
f 1359/5296/2338 1363/5347/2383 1409/5297/2363
f 57/5534/2459 53/5497/2444 177/5589/2482
f 855/5590/2483 858/5591/2484 856/5592/2465
f 52/5593/2442 60/5594/2485 61/5595/2443
f 859/5596/2435 186/5597/2486 848/5363/2388
f 848/5363/2388 186/5597/2486 860/5453/2425
f 586/5598/2487 176/5599/2487 195/5600/2487
f 2047/5601/2488 2036/5602/2488 2030/5603/2488
f 2047/5604/2489 2035/5605/2325 2036/5606/2376
f 975/5607/2490 1061/5528/2343 1064/5448/2422
f 977/5608/2491 1061/5528/2343 975/5607/2490
f 1409/5297/2363 1363/5347/2383 1414/5609/2492
f 176/5610/2493 177/5611/2482 175/5612/2449
f 1295/5613/2494 1268/5127/2291 1262/5142/2303
f 1214/5614/2495 1257/5075/2265 1163/5451/2424
f 967/5584/2480 972/5586/2481 973/5615/2496
f 117/5616/2497 177/5617/2482 176/5618/2493
f 1352/5100/2273 1367/5512/2450 1420/5619/2474
f 1368/5620/2498 1414/5621/2492 1355/5362/2324
f 175/5622/2449 587/5623/2256 591/5624/2334
f 1880/5625/2499 1886/5626/2500 1885/5627/2479
f 178/5628/2501 581/5629/1837 45/5630/2389
f 1363/5489/2383 1355/5321/2324 1414/5631/2492
f 2031/5632/2447 2050/5633/2502 2034/5634/2431
f 966/5470/2430 963/5635/2399 962/5468/2415
f 2017/4821/2150 2038/4820/1662 2037/5636/2503
f 1293/5637/2504 1274/5481/2426 1257/5075/2265
f 179/5638/2478 58/5509/2170 175/5511/2449
f 179/5639/2478 53/5539/2444 44/5527/2375
f 186/5640/2486 859/5641/2435 857/5642/2467
f 1056/4480/2022 190/4419/1995 1071/5643/2505
f 860/5644/2506 861/5645/2506 862/5646/2506
f 175/5612/2449 195/5647/2507 176/5610/2493
f 1885/5583/2479 1886/5648/2500 1878/5582/2381
f 1369/5649/2508 1351/5140/2302 1417/5444/2420
f 1057/5009/2237 1060/5650/2452 1136/4829/2154
f 2086/5402/2145 2037/5651/2503 2038/5652/1662
f 191/5653/2509 190/5654/1995 180/5655/2295
f 856/5592/2465 858/5591/2484 183/5656/2510
f 2025/5300/2364 2027/5420/2411 2039/5657/2511
f 1065/5658/2512 1062/5659/2513 1064/5660/2422
f 2033/5574/1996 2040/5661/2514 1866/5662/2175
f 175/5663/2449 177/5589/2482 179/5664/2478
f 2032/5544/2463 2034/5587/2431 2041/5665/2515
f 177/5589/2482 53/5497/2444 179/5664/2478
f 1275/5459/2428 1270/5141/2277 1283/5666/2516
f 858/5591/2484 855/5590/2483 862/5667/2517
f 973/5668/2518 188/5669/2518 970/5670/2518
f 183/5671/2510 182/5548/2427 856/5550/2465
f 2048/5672/2519 2026/5673/2404 2035/5605/2325
f 2049/5674/2520 2048/5672/2519 2035/5605/2325
f 2030/5484/2434 2042/5675/2521 2047/5676/2522
f 117/5616/2497 57/5677/2459 177/5617/2482
f 1889/5575/2476 1413/5678/2523 1400/5153/2120
f 1284/5679/2524 1271/5315/2373 1268/5238/2291
f 974/5566/2457 1067/5680/2525 971/5567/2471
f 1285/5681/2441 1282/5682/2461 1286/5683/2526
f 1277/5490/2437 1269/5163/2226 1288/5684/2339
f 2033/5574/1996 2017/5573/2150 2040/5661/2514
f 1214/5614/2495 1166/5685/2527 1257/5075/2265
f 52/5593/2442 57/5677/2459 60/5594/2485
f 2086/5402/2145 2043/5686/2528 2037/5651/2503
f 2035/5605/2325 2047/5604/2489 2049/5674/2520
f 2025/5300/2364 2039/5687/2511 2044/5688/2529
f 972/5586/2481 196/5689/2530 973/5615/2496
f 1293/5637/2504 1257/5075/2265 1166/5685/2527
f 1355/5362/2324 1420/5570/2474 1368/5620/2498
f 1063/5690/2531 1064/5448/2422 1140/5010/2238
f 2031/5503/2447 2044/5688/2529 2050/5691/2502
f 2025/5300/2364 2044/5688/2529 2031/5503/2447
f 1364/5377/2396 1375/5692/2532 1366/5471/2408
f 2027/5460/2411 1884/5571/2475 2039/5693/2511
f 217/4238/1697 216/5694/2533 852/5418/2409
f 1064/5695/2422 1063/5696/2531 1066/5697/2534
f 2086/5402/2145 2026/5404/2404 2048/5698/2519
f 1282/5699/2461 1287/5700/2535 1286/5701/2526
f 1065/5702/2512 1064/5695/2422 1066/5697/2534
f 1066/5703/2534 1062/5704/2513 1065/5705/2512
f 974/5706/2536 975/5707/2536 1067/5708/2536
f 1368/5709/2498 1415/5710/2537 1414/5711/2492
f 972/5586/2481 971/5585/2471 982/5712/2538
f 1288/5713/2339 1289/5714/2421 1290/5715/2539
f 862/5667/2517 863/5716/2540 858/5591/2484
f 54/5717/2446 1162/5466/2417 29/5465/2418
f 1165/4748/2124 1276/5475/2432 1170/5718/2541
f 1282/5699/2461 1291/5719/2462 1287/5700/2535
f 1409/5397/2363 1414/5720/2492 1415/5721/2537
f 963/5722/2399 966/5723/2430 180/5724/2295
f 1067/5725/2542 975/5726/2490 1062/5659/2513
f 182/5727/2427 181/5728/2543 853/5729/2439
f 586/5730/2544 195/5731/2545 192/5732/2546
f 1365/5517/2400 1366/5414/2408 1375/5733/2532
f 2030/5484/2434 2032/5544/2463 2042/5675/2521
f 1064/5660/2422 1062/5659/2513 975/5726/2490
f 595/5734/2406 593/5735/2351 185/5736/2547
f 972/5586/2481 976/5737/2548 196/5689/2530
f 1149/5738/2549 1147/5558/2469 1139/5233/2236
f 2034/5634/2431 2050/5633/2502 2046/5739/2550
f 2053/5463/2429 1884/5580/2475 2917/5461/1676
f 1409/5397/2363 1415/5721/2537 1416/5740/2551
f 2048/5698/2519 2043/5686/2528 2086/5402/2145
f 1150/5741/2552 1131/4651/2090 1147/5376/2395
f 1150/5741/2552 253/5742/2553 1131/4651/2090
f 1061/5528/2343 977/5608/2491 966/5743/2430
f 1067/5680/2525 1068/5744/2554 971/5567/2471
f 1370/5745/2555 1364/5746/2555 1353/5747/2555
f 1271/5446/2373 1284/5748/2524 1292/5749/2556
f 1140/5010/2238 1070/5750/2557 1063/5690/2531
f 860/5453/2425 186/5597/2486 861/5751/2558
f 1293/5752/2559 1175/5753/2559 1274/5754/2559
f 12/4583/2061 1164/5557/2468 59/5569/2473
f 1416/5740/2551 1408/5366/2391 1409/5397/2363
f 188/5755/2560 973/5756/2560 864/5757/2560
f 857/5642/2467 865/5758/2561 186/5640/2486
f 1386/5759/2318 1252/5760/2299 1371/5761/2562
f 1068/5762/2563 1067/5763/2563 1062/5764/2563
f 975/5607/2564 1069/5765/2565 977/5608/2566
f 1178/5766/2567 1276/5475/2432 1263/5174/2317
f 1883/5435/2380 1887/5767/2568 1885/5583/2479
f 182/5768/2427 183/5769/2510 181/5770/2543
f 865/5771/2561 857/5554/2467 852/5418/2409
f 1214/5772/2495 1163/5482/2424 1162/5433/2417
f 864/5773/2569 973/5774/2496 196/5775/2530
f 593/5776/2570 853/5777/2570 184/5778/2570
f 1270/5478/2277 1175/5477/2433 1283/5779/2516
f 1063/5780/2531 1074/5781/2571 1066/5782/2534
f 1353/5202/2267 1386/5176/2318 1372/5783/2572
f 1164/5588/2468 1156/4704/1933 67/5784/2573
f 1075/5785/2574 1062/5704/2513 1066/5703/2534
f 1063/5780/2531 1070/5786/2557 1074/5781/2571
f 1368/5709/2498 1416/5787/2551 1415/5710/2537
f 974/5788/2575 977/5789/2575 975/5790/2575
f 972/5586/2481 982/5712/2538 976/5791/2548
f 1165/5792/2124 67/5784/2573 1156/4704/1933
f 1885/5627/2479 1887/5793/2568 1880/5625/2499
f 1072/5794/2576 1070/5795/2557 1140/5304/2238
f 1295/5613/2494 1262/5142/2303 1275/5459/2428
f 1372/5783/2572 1370/5796/2577 1353/5202/2267
f 1071/5797/2505 1060/5516/2452 1056/5245/2022
f 974/5530/2457 978/5798/2578 977/5799/2579
f 976/5737/2548 194/5800/2580 196/5689/2530
f 1263/5174/2317 1281/5524/2455 1294/5801/2581
f 863/5802/2582 862/5803/2582 861/5804/2582
f 853/5729/2439 181/5728/2543 184/5805/2583
f 1882/5419/2410 1888/5806/2584 1402/5319/2313
f 1293/5807/2504 1166/5808/2527 1175/5809/2433
f 1140/5304/2238 1131/4651/2090 1072/5794/2576
f 593/5810/2585 184/5811/2585 185/5812/2585
f 1399/5152/2309 1402/5162/2313 1889/5575/2476
f 1424/5813/2586 1420/5619/2474 1367/5512/2450
f 1068/5814/2554 1062/5704/2513 1075/5785/2574
f 841/3760/1696 866/5815/2377 217/3761/1697
f 1075/5785/2574 1066/5703/2534 1076/5816/2587
f 2043/5686/2528 2048/5698/2519 2045/5817/2588
f 864/5818/2589 867/5819/2589 188/5820/2589
f 2046/5821/2550 2041/5665/2515 2034/5587/2431
f 1884/5822/2590 2052/5823/2590 2039/5824/2590
f 1866/4879/2175 2067/5825/2591 1867/5025/2245
f 1290/5826/2539 1277/5490/2437 1288/5684/2339
f 974/5530/2457 969/5551/2466 978/5798/2578
f 188/5827/2592 867/5828/2592 193/5829/2592
f 54/5717/2446 61/5595/2443 71/5830/2593
f 1271/5446/2373 1292/5749/2556 1289/5447/2421
f 1417/5831/2420 1400/5153/2120 1413/5678/2523
f 2047/5604/2489 2087/5832/2594 2049/5674/2520
f 1296/5833/2595 1291/5543/2462 1285/5542/2441
f 1295/5834/2494 1284/5835/2524 1268/5836/2291
f 1375/5733/2532 1373/5837/2596 1365/5517/2400
f 2050/5691/2502 2044/5688/2529 2059/5838/2597
f 982/5712/2538 971/5585/2471 1068/5839/2554
f 861/5840/2558 186/5841/2486 187/5842/2598
f 192/5732/2546 195/5731/2545 118/5843/2599
f 178/5628/2501 866/5844/2377 581/5629/1837
f 181/5770/2543 183/5769/2510 209/5845/2600
f 1072/5794/2576 1131/4651/2090 253/5742/2553
f 202/5846/2601 969/5847/2466 188/5848/2472
f 186/5849/2486 865/5850/2561 189/5851/2602
f 197/5852/2603 982/5853/2538 1068/5854/2554
f 2039/5855/2511 2052/5856/2604 2044/5857/2529
f 1072/5858/2576 1076/5859/2587 1070/5860/2557
f 1068/5854/2554 1075/5861/2574 197/5852/2603
f 1069/5862/2605 977/5863/2605 1073/5864/2605
f 1887/5767/2568 1883/5435/2380 1902/5865/2606
f 1867/5025/2245 1888/5806/2584 1882/5419/2410
f 1873/5282/2358 1871/5281/2342 1412/5291/2362
f 1066/5703/2534 1074/5866/2571 1076/5816/2587
f 1408/5366/2391 1416/5740/2551 1418/5867/2607
f 1296/5868/2595 1287/5700/2535 1291/5719/2462
f 867/5869/2608 864/5773/2569 196/5775/2530
f 858/5870/2484 209/5871/2600 183/5872/2510
f 977/5873/2609 978/5874/2609 1073/5875/2609
f 1418/5876/2607 1416/5787/2551 1368/5709/2498
f 1071/5877/2505 190/5878/1995 191/5879/2509
f 1076/5859/2587 1074/5880/2571 1070/5860/2557
f 1367/5512/2450 1365/5452/2400 1374/5881/2610
f 861/5882/2558 187/5842/2598 863/5883/2540
f 1275/5459/2428 1297/5884/2611 1295/5613/2494
f 2042/5885/2612 2051/5886/2612 2047/5887/2612
f 1136/4829/2154 1060/5650/2452 1148/5888/2613
f 118/5889/2599 586/5890/2544 192/5891/2546
f 2048/5892/2519 2049/5893/2520 2045/5894/2588
f 1214/5895/2495 66/5896/2614 1169/5897/2615
f 2032/5544/2463 2041/5665/2515 2051/5898/2616
f 865/5850/2561 200/5899/2617 189/5851/2602
f 1373/5900/2596 1375/5901/2532 1427/5902/2618
f 1298/5903/2619 1285/5681/2441 1286/5683/2526
f 1286/5701/2526 1287/5700/2535 1298/5904/2619
f 2032/5544/2463 2051/5898/2616 2042/5675/2521
f 1299/5905/2620 1290/5715/2539 1289/5714/2421
f 188/5848/2472 193/5906/2621 202/5846/2601
f 858/5870/2484 863/5907/2540 210/5908/2622
f 1069/5909/2623 1073/5910/2624 1075/5911/2574
f 1402/5162/2313 1888/5912/2584 1889/5575/2476
f 178/5628/2501 45/5630/2389 63/5913/2625
f 184/5805/2583 181/5728/2543 221/5914/2626
f 117/5915/2497 176/5916/2493 586/5890/2544
f 2041/5665/2515 2046/5821/2550 2054/5917/2627
f 1374/5918/2610 1365/5517/2400 1373/5837/2596
f 978/5919/2628 197/5920/2628 1073/5921/2628
f 1075/5911/2574 1073/5910/2624 197/5922/2603
f 1351/5140/2302 1369/5649/2508 1280/5561/2454
f 2050/5923/2502 2059/5924/2597 2046/5925/2550
f 2047/5604/2489 2051/5926/2616 2087/5832/2594
f 1167/5927/2629 1166/5928/2527 1214/5895/2495
f 186/5841/2486 189/5929/2602 187/5842/2598
f 62/5930/2630 46/5361/2390 59/5569/2473
f 194/5931/2580 976/5932/2548 979/5933/2631
f 63/5934/2625 45/5360/2389 46/5361/2390
f 2052/5935/2604 1884/5936/2475 2053/5937/2429
f 2040/5938/2514 2067/5825/2591 1866/4879/2175
f 867/5939/2608 202/5940/2601 193/5941/2621
f 1408/5366/2391 1418/5867/2607 1419/5942/2632
f 982/5943/2633 979/5944/2633 976/5945/2633
f 858/5870/2484 210/5908/2622 209/5871/2600
f 1173/5946/2634 1284/5835/2524 1295/5834/2494
f 1169/5897/2615 1167/5927/2629 1214/5895/2495
f 66/5947/2614 1214/5772/2495 1162/5433/2417
f 1283/5666/2516 1175/5948/2433 1275/5459/2428
f 2059/5924/2597 2054/5949/2627 2046/5925/2550
f 1166/5808/2527 1167/5950/2629 1168/5951/2635
f 2044/5857/2529 2052/5856/2604 2062/5952/2636
f 118/5953/2637 195/5954/2637 175/5955/2637
f 2049/5956/2520 2087/5957/2594 2055/5958/2638
f 586/5890/2544 118/5889/2599 117/5915/2497
f 1279/5493/2440 1272/5371/2393 1277/5490/2437
f 1368/5959/2498 1420/5960/2474 1421/5961/2639
f 1075/5962/2574 1077/5963/2640 1069/5964/2623
f 185/5965/2641 184/5966/2641 220/5967/2641
f 969/5968/2466 203/5969/2642 197/5970/2603
f 1284/5748/2524 1173/5971/2634 1292/5749/2556
f 1072/5972/2576 1078/5973/2643 1076/5974/2587
f 867/5975/2608 196/5976/2530 194/5931/2580
f 1275/5459/2428 1175/5948/2433 1297/5884/2611
f 969/5968/2466 197/5970/2603 978/5977/2578
f 1887/5978/2644 1940/5979/2644 1880/5980/2644
f 1178/5766/2567 1170/5718/2541 1276/5475/2432
f 1075/5785/2574 1076/5816/2587 1077/5981/2640
f 1279/5493/2440 1277/5490/2437 1304/5982/2645
f 1166/5808/2527 1168/5951/2635 1175/5809/2433
f 1873/5282/2358 1902/5865/2606 1883/5435/2380
f 117/5616/2497 60/5594/2485 57/5677/2459
f 1300/5983/2646 1252/5137/2299 1278/5491/2438
f 1278/5491/2438 1285/5525/2441 1301/5984/2647
f 1873/5282/2358 1412/5291/2362 1422/5985/2648
f 221/5914/2626 181/5728/2543 208/5986/2649
f 1373/5987/2596 1427/5988/2618 1376/5989/2650
f 2044/5688/2529 2062/5990/2636 2059/5838/2597
f 197/5991/2603 203/5992/2642 204/5993/2651
f 966/5723/2430 198/5994/2652 180/5724/2295
f 1411/5430/2356 1408/5366/2391 1422/5995/2648
f 1299/5996/2620 1289/5447/2421 1292/5749/2556
f 1377/5997/2653 1375/5998/2532 1370/5999/2577
f 1148/5888/2613 1139/5008/2236 1136/4829/2154
f 2056/6000/2654 2055/5958/2638 2087/5957/2594
f 1285/5494/2441 1279/5493/2440 1312/6001/2655
f 1376/6002/2650 1374/5918/2610 1373/5837/2596
f 863/5883/2540 187/5842/2598 199/6003/2656
f 197/5991/2603 204/5993/2651 982/6004/2538
f 199/6005/2656 210/5908/2622 863/5907/2540
f 966/5743/2430 977/5608/2491 1078/6006/2643
f 1377/6007/2653 1372/5783/2572 1386/5176/2318
f 202/5940/2601 867/5939/2608 206/6008/2657
f 181/6009/2658 209/6010/2658 208/6011/2658
f 1069/5964/2623 1077/5963/2640 1078/6012/2643
f 979/6013/2631 982/6004/2538 204/5993/2651
f 1371/6014/2562 1377/6015/2653 1386/6016/2318
f 595/5734/2406 185/5736/2547 207/6017/2659
f 867/5975/2608 194/5931/2580 206/6018/2657
f 1078/6006/2643 977/5608/2491 1069/5765/2623
f 187/5842/2598 212/6019/2660 199/6003/2656
f 200/6020/2617 865/6021/2561 852/6022/2409
f 1178/5766/2567 1263/5174/2317 1294/5801/2581
f 1078/5973/2643 1077/6023/2640 1076/5974/2587
f 2041/5665/2515 2054/5917/2627 2051/5898/2616
f 1375/5692/2532 1364/5377/2396 1370/6024/2577
f 979/5933/2631 206/6018/2657 194/5931/2580
f 1167/5950/2629 1169/6025/2615 1168/5951/2635
f 1367/5512/2450 1374/5881/2610 1424/5813/2586
f 175/5622/2449 591/5624/2334 120/6026/2661
f 67/5784/2573 1165/5792/2124 1170/6027/2541
f 2056/6028/2654 2087/5832/2594 2051/5926/2616
f 1147/6029/2662 1149/6030/2662 1150/6031/2662
f 213/6032/2663 187/5842/2598 189/5929/2602
f 184/5805/2583 221/5914/2626 220/6033/2664
f 187/5842/2598 213/6032/2663 212/6019/2660
f 216/6034/2533 201/6035/2665 852/6022/2409
f 966/5723/2430 1078/6036/2643 198/5994/2652
f 2054/5949/2627 2059/5924/2597 2058/6037/2666
f 1412/5431/2362 1411/5430/2356 1422/5995/2648
f 1377/6038/2653 1427/5902/2618 1375/5901/2532
f 1369/5649/2508 1308/6039/2667 1280/5561/2454
f 2045/5894/2588 2049/5893/2520 2055/6040/2638
f 1419/6041/2632 1418/5876/2607 1368/5709/2498
f 253/5742/2553 1150/5741/2552 1151/6042/2668
f 1889/6043/2476 1888/5806/2584 1890/6044/2669
f 204/6045/2651 969/6046/2466 202/6047/2601
f 2057/6048/2670 2058/6049/2666 2059/6050/2597
f 2051/6051/2616 2054/6052/2627 2056/6000/2654
f 203/6053/2642 969/6046/2466 204/6045/2651
f 206/6018/2657 979/5933/2631 204/6054/2651
f 1371/5761/2562 1252/5760/2299 1300/6055/2646
f 2059/5838/2597 2062/5990/2636 2057/6056/2670
f 205/6057/2671 189/5851/2602 200/5899/2617
f 71/5830/2593 64/6058/2672 54/5717/2446
f 202/6047/2601 206/6059/2657 204/6045/2651
f 185/6060/2547 220/6061/2664 207/6062/2659
f 2054/6052/2627 2058/6049/2666 2056/6000/2654
f 2056/6000/2654 2058/6049/2666 2057/6048/2670
f 1280/5523/2454 1294/5801/2581 1281/5524/2455
f 1178/5766/2567 1294/5801/2581 1179/6063/2673
f 2045/5894/2588 2055/6040/2638 2060/6064/2674
f 1891/6065/2675 1867/5025/2245 2067/5825/2591
f 1174/6066/2676 1173/5946/2634 1295/5834/2494
f 199/6003/2656 212/6019/2660 214/6067/2677
f 1306/6068/2678 1298/5904/2619 1287/5700/2535
f 1164/5557/2468 62/5930/2630 59/5569/2473
f 1312/6069/2655 1296/5833/2595 1285/5542/2441
f 1408/5366/2391 1419/5942/2632 1423/6070/2679
f 1427/5988/2618 1378/6071/2680 1376/5989/2650
f 208/6072/2649 209/6073/2600 210/6074/2622
f 208/6072/2649 210/6074/2622 211/6075/2681
f 2088/6076/2682 2037/5651/2503 2043/5686/2528
f 1312/6069/2655 1302/6077/2683 1296/5833/2595
f 229/6078/2684 866/5844/2377 178/5628/2501
f 1417/5444/2420 1413/6079/2523 1429/6080/2685
f 212/6081/2660 213/6082/2663 214/6083/2677
f 1174/6084/2676 1295/6085/2494 1171/6086/2686
f 1420/5960/2474 1424/6087/2586 1425/6088/2687
f 205/6089/2671 213/6032/2663 189/5929/2602
f 1368/5709/2498 1426/6090/2688 1419/6041/2632
f 205/6091/2671 200/6092/2617 215/6093/2689
f 1887/6094/2568 1902/6095/2606 2061/6096/2690
f 64/6058/2672 1162/5466/2417 54/5717/2446
f 1419/6041/2632 1426/6090/2688 1423/6097/2679
f 2055/5958/2638 2056/6000/2654 2060/6098/2674
f 221/5914/2626 208/5986/2649 211/6099/2681
f 1169/5897/2615 66/5896/2614 65/6100/2691
f 1417/5444/2420 1429/6080/2685 1369/5649/2508
f 201/6101/2665 216/6102/2533 217/6103/1697
f 199/6003/2656 214/6067/2677 210/6074/2622
f 1378/6104/2680 1374/5918/2610 1376/6002/2650
f 1423/6070/2679 1422/5995/2648 1408/5366/2391
f 200/6020/2617 218/6105/2692 215/6106/2689
f 256/6107/2693 1071/5877/2505 232/6108/2694
f 218/6105/2692 200/6020/2617 852/6022/2409
f 2045/6109/2695 2060/6110/2695 2066/6111/2695
f 1169/6025/2615 65/6112/2691 1168/5951/2635
f 210/6074/2622 214/6067/2677 211/6075/2681
f 1420/5960/2474 1425/6088/2687 1421/5961/2639
f 1150/6113/2696 1149/6114/2696 1151/6115/2696
f 1172/6116/2697 1173/6117/2634 1174/6118/2676
f 1078/6119/2643 1072/6120/2576 253/6121/2553
f 215/6093/2689 219/6122/2698 205/6091/2671
f 2063/6123/2699 2057/6048/2670 2062/6124/2636
f 2062/6125/2636 2052/6126/2604 2063/6127/2699
f 207/6062/2659 220/6061/2664 222/6128/2700
f 213/6082/2663 211/6099/2681 214/6083/2677
f 205/6089/2671 219/6129/2698 213/6032/2663
f 232/6108/2694 1071/5877/2505 191/5879/2509
f 180/5724/2295 198/5994/2652 223/6130/2701
f 1422/5995/2648 1423/6070/2679 1895/6131/2702
f 60/5594/2485 117/5616/2497 83/6132/2703
f 2053/5463/2429 1881/5526/2407 2089/6133/2704
f 1891/6065/2675 2067/5825/2591 1892/6134/2705
f 1902/5865/2606 1873/5282/2358 1893/6135/2706
f 2056/6000/2654 2057/6048/2670 2063/6123/2699
f 1302/6136/2683 1287/5700/2535 1296/5868/2595
f 2043/6137/2707 2066/6138/2707 2064/6139/2707
f 2056/6000/2654 2063/6123/2699 2066/6140/2708
f 221/5914/2626 211/6099/2681 224/6141/2709
f 2066/6140/2708 2060/6098/2674 2056/6000/2654
f 65/6142/2691 66/6143/2614 64/6144/2672
f 118/6145/2710 175/6146/2710 230/6147/2710
f 215/6106/2689 218/6105/2692 207/6017/2659
f 201/6035/2665 218/6105/2692 852/6022/2409
f 1162/5466/2417 64/6058/2672 66/6148/2614
f 2063/6127/2699 2052/6126/2604 2066/6149/2708
f 81/6150/2711 71/5830/2593 61/5595/2443
f 215/6093/2689 207/6062/2659 222/6128/2700
f 1893/6135/2706 1873/5282/2358 1422/5985/2648
f 1421/5961/2639 1426/6151/2688 1368/5959/2498
f 1171/6152/2686 1295/6153/2494 1297/6154/2611
f 86/6155/2712 1175/6156/2433 1168/6157/2635
f 2043/5686/2528 2045/5817/2588 2066/6158/2713
f 2064/6159/2714 2065/6160/2715 2043/6161/2528
f 2061/6162/2716 1940/6163/2716 1887/6164/2716
f 595/5734/2406 207/6017/2659 218/6105/2692
f 220/6165/2664 221/6166/2626 222/6167/2700
f 1176/6168/2717 1174/6084/2676 1171/6086/2686
f 1888/5806/2584 1867/5025/2245 1891/6065/2675
f 74/6169/2718 1297/6154/2611 1175/6170/2433
f 1173/5971/2634 1303/6171/2719 1292/5749/2556
f 180/5655/2295 223/6172/2701 191/5653/2509
f 1895/6173/2702 1423/6097/2679 1426/6090/2688
f 224/6141/2709 211/6099/2681 213/6082/2663
f 215/6093/2689 222/6128/2700 219/6122/2698
f 1172/6116/2697 1174/6118/2676 1176/6174/2717
f 221/6166/2626 224/6175/2709 222/6167/2700
f 67/5784/2573 1170/6027/2541 69/6176/2720
f 67/6177/2573 68/6178/2721 1164/5557/2468
f 1304/6179/2645 1312/6001/2655 1279/5493/2440
f 1370/5796/2577 1372/5783/2572 1377/6007/2653
f 2053/5937/2429 2064/6180/2714 2052/5935/2604
f 81/6150/2711 61/5595/2443 60/5594/2485
f 213/6032/2663 219/6129/2698 224/6181/2709
f 1301/5984/2647 1285/5525/2441 1305/6182/2722
f 1175/6170/2433 1177/6183/2723 74/6169/2718
f 1303/6171/2719 1299/5996/2620 1292/5749/2556
f 1427/6184/2618 1428/6185/2724 1378/6186/2680
f 256/6187/2693 254/6188/2725 1071/6189/2505
f 1189/6190/2726 1179/6063/2673 1294/5801/2581
f 1297/6154/2611 74/6169/2718 1171/6152/2686
f 224/6181/2709 219/6129/2698 222/6191/2700
f 86/6155/2712 1177/6192/2723 1175/6156/2433
f 1428/6185/2724 1427/6184/2618 1629/6193/2727
f 1298/5903/2619 1306/6194/2678 1305/6195/2722
f 1374/6196/2610 1378/6197/2680 1428/6198/2724
f 1421/5961/2639 1601/6199/2728 1426/6200/2688
f 2064/6180/2714 2066/6201/2708 2052/5935/2604
f 63/5934/2625 46/5361/2390 62/5930/2630
f 1305/6195/2722 1285/5681/2441 1298/5903/2619
f 1280/5523/2454 1189/6190/2726 1294/5801/2581
f 1299/5905/2620 1182/6202/2729 1290/5715/2539
f 253/6203/2553 198/6204/2652 1078/6205/2643
f 1303/6171/2719 1182/6206/2729 1299/5996/2620
f 1894/6207/2730 1895/6208/2702 1426/6209/2688
f 2053/6210/2429 2089/6211/2704 2064/6212/2714
f 225/6213/2731 229/6078/2684 178/5628/2501
f 1168/6157/2635 65/6214/2691 86/6155/2712
f 1892/6215/2705 2067/6216/2591 2040/5661/2514
f 1148/6217/2613 1149/5738/2549 1139/5233/2236
f 225/6213/2731 178/5628/2501 63/5913/2625
f 1888/5806/2584 1891/6065/2675 1896/6218/2732
f 1601/6199/2728 1421/5961/2639 1425/6088/2687
f 254/6188/2725 1060/6219/2452 1071/6189/2505
f 1374/6220/2610 1425/6088/2687 1424/6087/2586
f 1306/6194/2678 1307/6221/2733 1305/6195/2722
f 1200/6222/2734 1306/6068/2678 1287/5700/2535
f 1413/5678/2523 1908/6223/2735 1429/6224/2685
f 62/5930/2630 1164/5557/2468 68/6178/2721
f 1881/5411/2407 1880/5555/2397 1940/6225/2736
f 123/6226/2737 117/6227/2497 118/6228/2599
f 1374/6196/2610 1428/6198/2724 1430/6229/2738
f 1278/5491/2438 1301/5984/2647 1300/5983/2646
f 1178/6230/2567 1179/6231/2673 1180/6232/2739
f 1200/6222/2734 1287/5700/2535 1302/6136/2683
f 2088/6233/2682 2043/6161/2528 2065/6160/2715
f 1895/6234/2702 1897/6235/2740 1422/5985/2648
f 1277/5490/2437 1290/6236/2539 1304/5982/2645
f 1429/6080/2685 1308/6039/2667 1369/5649/2508
f 2017/4821/2150 2037/5636/2503 1933/6237/2741
f 226/6238/2742 223/6130/2701 198/5994/2652
f 1430/6239/2738 1425/6088/2687 1374/6240/2610
f 1902/6095/2606 2071/6241/2743 2061/6096/2690
f 1892/6215/2705 2040/5661/2514 2017/5573/2150
f 1428/6198/2724 1431/6242/2744 1430/6229/2738
f 1895/6208/2702 1894/6207/2730 1897/6243/2740
f 65/6142/2691 64/6144/2672 70/6244/2745
f 79/6245/2746 62/6246/2630 80/6247/2747
f 1908/6223/2735 1413/5678/2523 1889/5575/2476
f 1881/6248/2407 1940/6249/2736 2089/6250/2704
f 1898/6251/2748 1422/5985/2648 1897/6235/2740
f 218/6105/2692 227/6252/2749 595/5734/2406
f 257/6253/2750 253/6203/2553 1151/6254/2668
f 1629/6193/2727 1431/6255/2744 1428/6185/2724
f 1181/6256/2751 1172/6116/2697 1176/6174/2717
f 68/6178/2721 67/6177/2573 69/6257/2720
f 65/6214/2691 70/6258/2745 86/6155/2712
f 81/6150/2711 60/5594/2485 83/6132/2703
f 1908/6223/2735 1889/5575/2476 1890/6259/2669
f 1151/6260/2752 1149/6261/2752 257/6262/2752
f 1307/6263/2733 1306/6068/2678 1200/6222/2734
f 1897/6243/2740 1894/6207/2730 1898/6264/2748
f 226/6238/2742 228/6265/2753 223/6130/2701
f 1176/6168/2717 1171/6086/2686 1181/6266/2751
f 64/6144/2672 72/6267/2754 70/6244/2745
f 2037/5651/2503 2088/6076/2682 1935/6268/2755
f 63/6269/2625 62/6246/2630 79/6245/2746
f 1060/6219/2452 254/6188/2725 1148/6270/2613
f 123/6226/2737 118/6228/2599 230/6271/2756
f 83/6272/2757 117/6273/2757 123/6274/2757
f 227/6275/2749 591/5408/2334 595/5410/2406
f 1427/5902/2618 1377/6038/2653 1629/6276/2727
f 1898/6251/2748 1893/6135/2706 1422/5985/2648
f 1148/6277/2613 262/6278/2758 1149/6279/2549
f 1600/6280/2759 1426/6281/2759 1601/6282/2759
f 2071/6283/2760 1940/6284/2760 2061/6285/2760
f 72/6267/2754 64/6144/2672 71/6286/2593
f 2017/4821/2150 1933/6237/2741 1931/6287/2761
f 1896/6218/2732 1890/6044/2669 1888/5806/2584
f 1894/6288/2730 1426/6289/2688 1899/6290/2762
f 1180/6232/2739 1170/6027/2541 1178/6230/2567
f 1893/6135/2706 1898/6251/2748 1900/6291/2763
f 1172/6116/2697 1181/6256/2751 1184/6292/2764
f 69/6176/2720 1170/6027/2541 1180/6232/2739
f 226/6293/2742 198/6204/2652 255/6294/2765
f 256/6295/2693 259/6296/2766 258/6297/2767
f 2017/5573/2150 1931/6298/2761 1892/6215/2705
f 1601/6199/2728 1425/6088/2687 1430/6239/2738
f 1898/6264/2748 1894/6207/2730 1900/6299/2763
f 63/6269/2625 79/6245/2746 119/6300/2768
f 1189/6190/2726 1280/5523/2454 1308/6301/2667
f 86/6155/2712 70/6258/2745 72/6302/2754
f 260/6303/2769 255/6294/2765 198/6204/2652
f 201/6101/2665 866/6304/2377 229/6305/2684
f 1605/6306/2770 1431/6307/2744 1432/6308/2771
f 2089/6211/2704 2068/6309/2772 2064/6212/2714
f 68/6310/2721 80/6247/2747 62/6246/2630
f 254/6311/2725 256/6295/2693 258/6297/2767
f 223/6172/2701 232/6312/2694 191/5653/2509
f 255/6313/2773 259/6314/2773 256/6315/2773
f 1629/6316/2774 1377/6317/2774 1380/6318/2774
f 1430/6319/2738 1431/6307/2744 1605/6306/2770
f 1629/6193/2727 1432/6320/2771 1431/6255/2744
f 256/6321/2775 226/6322/2775 255/6323/2775
f 866/6304/2377 201/6101/2665 217/6103/1697
f 1183/6324/2776 1181/6266/2751 1171/6086/2686
f 1893/6135/2706 1900/6291/2763 1901/6325/2777
f 257/6253/2750 261/6326/2778 253/6203/2553
f 261/6327/2778 257/6328/2750 1149/6279/2549
f 1192/6329/2779 1290/6330/2539 1182/6331/2729
f 1303/6332/2719 1173/6117/2634 1172/6116/2697
f 175/6333/2780 93/6334/2780 230/6335/2780
f 86/6155/2712 72/6302/2754 82/6336/2781
f 1933/6237/2741 2037/5636/2503 1935/6337/2755
f 235/6338/2782 231/6339/2783 232/6340/2694
f 1302/6077/2683 1312/6069/2655 1193/6341/2784
f 256/6342/2693 232/6340/2694 231/6339/2783
f 1380/6343/2785 1602/6344/2786 1629/6345/2727
f 71/6286/2593 82/6346/2781 72/6267/2754
f 1191/6347/2787 1312/6001/2655 1304/6179/2645
f 226/6348/2788 256/6349/2788 231/6350/2788
f 258/6351/2767 259/6352/2766 255/6353/2765
f 258/6351/2767 255/6353/2765 260/6354/2769
f 1382/6355/2789 1301/6356/2647 1305/6357/2722
f 2064/6159/2714 2068/6358/2772 1939/6359/2790
f 225/6360/2731 63/6361/2625 119/6362/2768
f 1193/6363/2784 1215/6364/2791 1302/6136/2683
f 1894/6207/2730 1901/6365/2777 1900/6299/2763
f 1171/6152/2686 74/6169/2718 1187/6366/2792
f 1377/6015/2653 1371/6014/2562 1379/6367/2793
f 1307/6263/2733 1200/6222/2734 1309/6368/2794
f 1181/6256/2751 1183/6369/2776 1184/6292/2764
f 120/6370/2661 591/6371/2334 227/6372/2749
f 1935/6268/2755 2088/6076/2682 2090/6373/2795
f 1426/6289/2688 1600/6374/2796 1899/6290/2762
f 1891/6065/2675 1892/6134/2705 1937/6375/2797
f 1939/6359/2790 2065/6160/2715 2064/6159/2714
f 228/6265/2753 233/6376/2798 223/6130/2701
f 1309/6377/2794 1382/6378/2789 1307/6221/2733
f 1184/6379/2764 1185/6380/2799 1172/6116/2697
f 1432/6308/2771 1434/6381/2800 1605/6306/2770
f 1192/6329/2779 1182/6331/2729 1186/6382/2801
f 1893/6135/2706 1901/6325/2777 1902/6383/2606
f 1908/6223/2735 1433/6384/2802 1429/6224/2685
f 262/6278/2758 261/6327/2778 1149/6279/2549
f 261/6326/2778 260/6303/2769 198/6204/2652
f 73/6385/2803 1177/6386/2723 86/6387/2712
f 1148/6277/2613 254/6311/2725 262/6278/2758
f 1182/6388/2729 1303/6332/2719 1186/6389/2801
f 1382/6378/2789 1305/6195/2722 1307/6221/2733
f 1629/6193/2727 1434/6390/2800 1432/6320/2771
f 261/6326/2778 198/6204/2652 253/6203/2553
f 1434/6381/2800 1603/6391/2804 1605/6306/2770
f 254/6311/2725 258/6297/2767 262/6278/2758
f 1903/6392/2805 1902/6383/2606 1901/6325/2777
f 231/6393/2783 228/6394/2753 226/6395/2742
f 1300/6055/2646 1379/6396/2793 1371/5761/2562
f 81/6397/2711 82/6398/2781 71/6399/2593
f 1937/6375/2797 1896/6218/2732 1891/6065/2675
f 1302/6136/2683 1215/6364/2791 1200/6222/2734
f 223/6172/2701 233/6400/2798 232/6312/2694
f 2069/6401/2806 2071/6402/2743 1902/6403/2606
f 1434/6404/2800 1629/6405/2727 1604/6406/2807
f 1901/6365/2777 1905/6407/2808 1903/6408/2805
f 1896/6218/2732 1714/6409/2809 1890/6044/2669
f 2069/6410/2806 1902/6383/2606 1903/6392/2805
f 2072/6411/2810 2071/6402/2743 2069/6401/2806
f 1905/6407/2808 1901/6365/2777 1894/6207/2730
f 1187/6412/2792 1183/6324/2776 1171/6086/2686
f 81/6397/2711 85/6413/2811 82/6398/2781
f 1185/6380/2799 1303/6332/2719 1172/6116/2697
f 2076/6414/2812 2065/6415/2812 2073/6416/2812
f 74/6417/2718 1177/6386/2723 77/6418/2813
f 2070/6419/2814 2071/6420/2743 2072/6421/2810
f 175/6422/2449 120/6423/2661 93/6424/2815
f 73/6385/2803 77/6418/2813 1177/6386/2723
f 1300/6055/2646 1301/6356/2647 1379/6396/2793
f 2069/6425/2806 1903/6408/2805 1905/6407/2808
f 1601/6426/2816 1430/6427/2816 1605/6428/2816
f 1604/6406/2807 1603/6429/2804 1434/6404/2800
f 2073/6430/2817 2065/6431/2715 1939/6432/2790
f 1312/6433/2655 1210/6434/2818 1193/6435/2784
f 2072/6436/2810 2069/6437/2806 2070/6438/2814
f 1383/6439/2819 1380/6440/2819 1377/6441/2819
f 258/6351/2767 260/6354/2769 262/6442/2758
f 77/6443/2820 73/6444/2820 76/6445/2820
f 1191/6446/2787 1210/6434/2818 1312/6433/2655
f 2070/6438/2814 2069/6437/2806 1905/6447/2808
f 230/6271/2756 126/6448/2821 123/6226/2737
f 1894/6288/2730 1899/6290/2762 1904/6449/2822
f 83/6450/2703 125/6451/2823 81/6397/2711
f 2074/6452/2824 2073/6430/2817 1939/6432/2790
f 125/6451/2823 85/6413/2811 81/6397/2711
f 2090/6453/2795 2088/6233/2682 2065/6160/2715
f 1193/6435/2784 1210/6434/2818 1188/6454/2825
f 1179/6231/2673 1189/6455/2726 1190/6456/2826
f 260/6457/2827 261/6458/2827 262/6459/2827
f 1905/6460/2808 1894/6288/2730 1904/6449/2822
f 1309/6461/2794 1381/6462/2828 1382/6463/2789
f 86/6155/2712 82/6336/2781 85/6464/2811
f 1191/6465/2787 1304/6466/2645 1290/6467/2539
f 86/6387/2712 75/6468/2829 90/6469/2830
f 93/6470/2831 126/6471/2821 230/6472/2756
f 1200/6222/2734 1381/6473/2828 1309/6368/2794
f 1189/6455/2726 1308/6474/2667 1612/6475/2832
f 235/6476/2782 233/6477/2798 231/6393/2783
f 73/6478/2833 90/6479/2833 76/6480/2833
f 218/6105/2692 150/6481/2834 247/6482/2835
f 233/6477/2798 228/6394/2753 231/6393/2783
f 1377/6483/2836 1435/6484/2836 1383/6485/2836
f 74/6417/2718 77/6418/2813 1187/6486/2792
f 2073/6487/2817 2075/6488/2837 2076/6489/2838
f 201/6035/2665 263/6490/2839 218/6105/2692
f 125/6491/2840 84/6492/2840 85/6493/2840
f 2065/6494/2715 2076/6495/2838 1938/6496/2841
f 2073/6487/2817 2074/6497/2824 2075/6488/2837
f 90/6469/2830 73/6385/2803 86/6387/2712
f 1940/6498/2736 2071/6420/2743 2070/6419/2814
f 1377/6015/2653 1379/6367/2793 1608/6499/2842
f 2076/6489/2838 2080/6500/2843 1938/6501/2841
f 2076/6489/2838 2075/6488/2837 2080/6500/2843
f 1905/6502/2808 1940/6503/2736 2070/6504/2814
f 77/6505/2844 76/6506/2844 90/6507/2844
f 1605/6306/2770 1603/6391/2804 1606/6508/2845
f 1931/6509/2761 1932/6510/2846 1892/6511/2705
f 1933/6512/2741 1934/6513/2847 1931/6514/2761
f 225/6360/2731 119/6362/2768 121/6515/2848
f 1950/6516/2849 1939/6359/2790 2068/6358/2772
f 1904/6449/2822 1906/6517/2850 1913/6518/2851
f 218/6105/2692 236/6519/2852 234/6520/2853
f 1905/6521/2808 1904/6449/2822 1941/6522/2854
f 1904/6449/2822 1899/6290/2762 1906/6517/2850
f 80/6247/2747 131/6523/2855 79/6245/2746
f 98/6524/2856 1184/6525/2856 1183/6526/2856
f 1905/6502/2808 1941/6527/2854 1940/6503/2736
f 150/6481/2834 218/6105/2692 263/6490/2839
f 2065/6494/2715 1938/6496/2841 1936/6528/2857
f 1899/6290/2762 1600/6374/2796 1601/6529/2858
f 85/6530/2811 87/6531/2859 86/6532/2712
f 1290/6467/2539 1192/6533/2779 1191/6465/2787
f 125/6451/2823 83/6450/2703 123/6534/2860
f 1907/6535/2861 1601/6536/2861 1605/6537/2861
f 232/6312/2694 233/6400/2798 235/6538/2782
f 86/6539/2712 87/6540/2859 75/6541/2829
f 1933/6542/2741 1935/6543/2755 2077/6544/2862
f 1602/6344/2786 1607/6545/2863 1629/6345/2727
f 1607/6545/2863 1604/6546/2807 1629/6345/2727
f 119/6300/2768 79/6245/2746 131/6523/2855
f 88/6547/2864 125/6451/2823 123/6534/2860
f 2090/6453/2795 2065/6160/2715 2077/6548/2862
f 1935/6543/2755 2090/6549/2795 2077/6544/2862
f 1180/6232/2739 1179/6231/2673 1190/6456/2826
f 122/6550/2865 88/6551/2864 123/6552/2860
f 1606/6553/2845 1603/6429/2804 1604/6406/2807
f 234/6554/2853 236/6555/2852 237/6556/2866
f 123/6557/2867 126/6558/2867 124/6559/2867
f 124/6560/2868 122/6550/2865 123/6552/2860
f 98/6561/2869 1183/6562/2869 1187/6563/2869
f 1908/6564/2735 1890/6044/2669 1714/6409/2809
f 247/6482/2835 236/6519/2852 218/6105/2692
f 1606/6565/2845 1604/6566/2807 1929/6567/2870
f 1188/6568/2825 1215/6569/2791 1193/6570/2784
f 1433/6571/2802 1308/6039/2667 1429/6080/2685
f 227/6252/2749 218/6105/2692 234/6520/2853
f 75/6541/2829 89/6572/2871 90/6573/2830
f 2089/6211/2704 1950/6574/2849 2068/6309/2772
f 2065/6575/2715 1936/6576/2857 2077/6577/2862
f 1186/6389/2801 1303/6332/2719 1185/6380/2799
f 2074/6452/2824 1939/6432/2790 2079/6578/2872
f 98/6579/2873 91/6580/2874 1184/6581/2875
f 2075/6488/2837 1954/6582/2876 2080/6500/2843
f 1943/6583/2877 1938/6501/2841 2080/6500/2843
f 1941/6584/2878 1909/6585/2878 1910/6586/2878
f 236/6587/2852 242/6588/2879 237/6589/2866
f 140/6590/2880 227/6591/2749 238/6592/2881
f 1941/6593/2882 1912/6594/2882 1909/6595/2882
f 237/6556/2866 238/6596/2881 234/6554/2853
f 1605/6597/2770 1606/6598/2845 1911/6599/2883
f 234/6520/2853 238/6600/2881 227/6252/2749
f 87/6531/2859 85/6530/2811 93/6601/2884
f 69/6602/2720 92/6603/2885 68/6310/2721
f 125/6604/2886 93/6605/2886 85/6606/2886
f 130/6607/2887 75/6541/2829 87/6540/2859
f 236/6608/2888 247/6609/2888 239/6610/2888
f 1941/6522/2854 1904/6449/2822 1912/6611/2889
f 1904/6449/2822 1913/6518/2851 1912/6611/2889
f 239/6612/2890 242/6588/2879 236/6587/2852
f 1938/6501/2841 1943/6583/2877 2078/6613/2891
f 1892/6511/2705 1932/6510/2846 1937/6614/2797
f 2074/6497/2824 2079/6615/2872 2075/6488/2837
f 172/6616/2892 237/6589/2866 242/6588/2879
f 122/6550/2865 124/6560/2868 127/6617/2893
f 1377/6015/2653 1608/6499/2842 1435/6618/2894
f 1382/6355/2789 1611/6619/2895 1301/6356/2647
f 1187/6486/2792 77/6418/2813 90/6620/2830
f 95/6621/2896 1184/6622/2896 91/6623/2896
f 2080/6624/2843 2084/6625/2897 1943/6626/2877
f 87/6531/2859 93/6601/2884 128/6627/2898
f 1937/6375/2797 1714/6409/2809 1896/6218/2732
f 1301/6356/2647 1611/6619/2895 1379/6396/2793
f 94/6628/2899 68/6310/2721 92/6603/2885
f 1938/6629/2841 2078/6630/2891 1936/6631/2857
f 172/6616/2892 238/6632/2881 237/6589/2866
f 126/6471/2821 93/6470/2831 127/6633/2900
f 2083/6634/2901 1943/6626/2877 2084/6625/2897
f 88/6635/2902 127/6636/2902 125/6637/2902
f 124/6638/2903 126/6639/2903 127/6640/2903
f 87/6540/2859 128/6641/2898 130/6607/2887
f 127/6617/2893 88/6551/2864 122/6550/2865
f 1910/6642/2904 1909/6643/2904 1952/6644/2904
f 1942/6645/2905 2089/6250/2704 1940/6249/2736
f 1950/6646/2849 2081/6647/2906 1939/6648/2790
f 1940/6649/2736 1941/6650/2854 1942/6651/2905
f 1941/6650/2854 1910/6652/2907 1952/6653/2908
f 1913/6654/2909 1909/6655/2909 1912/6656/2909
f 95/6657/2910 96/6658/2911 1184/6659/2764
f 1911/6599/2883 1907/6660/2912 1605/6597/2770
f 2085/6661/2913 2084/6662/2897 2080/6663/2843
f 96/6664/2911 1185/6380/2799 1184/6379/2764
f 1939/6432/2790 2081/6665/2906 2079/6578/2872
f 242/6588/2879 243/6666/2914 172/6616/2892
f 2077/6544/2862 1944/6667/2915 1933/6542/2741
f 1952/6668/2916 1909/6669/2916 1918/6670/2916
f 93/6671/2917 125/6672/2917 127/6673/2917
f 2080/6663/2843 1954/6674/2876 2085/6661/2913
f 1190/6456/2826 1194/6675/2918 1180/6232/2739
f 1383/6676/2919 1435/6677/2919 1380/6678/2919
f 129/6679/2920 128/6680/2920 93/6681/2920
f 1909/6682/2921 1913/6683/2922 1915/6684/2923
f 90/6573/2830 89/6572/2871 1187/6685/2792
f 239/6686/2890 247/6687/2924 240/6688/2925
f 1601/6529/2858 1914/6689/2926 1899/6290/2762
f 91/6580/2874 98/6579/2873 97/6690/2927
f 1943/6691/2877 2083/6692/2901 2078/6693/2891
f 1954/6694/2928 1949/6695/2928 2085/6696/2928
f 1189/6455/2726 1612/6475/2832 1195/6697/2929
f 1911/6599/2883 1917/6698/2930 1907/6660/2912
f 1601/6529/2858 1907/6699/2912 1914/6689/2926
f 1918/6700/2931 1909/6701/2931 1915/6702/2931
f 68/6310/2721 94/6628/2899 80/6247/2747
f 201/6101/2665 229/6305/2684 241/6703/2932
f 242/6704/2879 239/6686/2890 240/6688/2925
f 120/6423/2661 129/6705/2933 93/6424/2815
f 1623/6706/2934 1435/6707/2894 1608/6708/2842
f 98/6709/2873 1187/6710/2792 97/6711/2927
f 1934/6712/2847 1933/6713/2741 1944/6714/2915
f 1899/6290/2762 1914/6689/2926 1906/6517/2850
f 1911/6715/2883 1606/6565/2845 1929/6567/2870
f 243/6666/2914 242/6588/2879 244/6716/2935
f 134/6717/2936 172/6616/2892 243/6666/2914
f 1929/6718/2937 1604/6719/2937 1607/6720/2937
f 1936/6631/2857 2078/6630/2891 1945/6721/2938
f 2082/6722/2939 2083/6723/2901 2084/6724/2897
f 2075/6488/2837 2079/6615/2872 1954/6582/2876
f 225/6213/2731 241/6725/2932 229/6078/2684
f 1946/6726/2940 1932/6510/2846 1931/6509/2761
f 1190/6456/2826 1189/6455/2726 1195/6697/2929
f 2081/6647/2906 1950/6646/2849 1962/6727/2941
f 1180/6232/2739 1194/6675/2918 69/6176/2720
f 75/6541/2829 130/6607/2887 99/6728/2942
f 128/6729/2898 129/6730/2933 130/6731/2887
f 1518/6732/2943 92/6603/2885 69/6602/2720
f 119/6362/2768 131/6733/2855 121/6515/2848
f 2085/6734/2913 2082/6722/2939 2084/6724/2897
f 2077/6577/2862 1936/6576/2857 1947/6735/2944
f 69/6176/2720 1194/6675/2918 1518/6736/2943
f 129/6730/2933 132/6737/2945 130/6731/2887
f 1308/6039/2667 1433/6571/2802 1612/6738/2832
f 243/6739/2914 244/6740/2935 245/6741/2946
f 2078/6693/2891 2083/6692/2901 1948/6742/2947
f 1908/6743/2735 1609/6744/2948 1433/6745/2802
f 238/6746/2881 172/6747/2892 133/6748/2949
f 1945/6749/2938 1947/6735/2944 1936/6576/2857
f 1948/6742/2947 2083/6692/2901 2082/6750/2939
f 1916/6751/2950 1917/6752/2930 1930/6753/2951
f 245/6741/2946 134/6754/2936 243/6739/2914
f 1918/6755/2952 1915/6684/2923 1919/6756/2953
f 134/6757/2936 133/6758/2949 172/6759/2892
f 100/6760/2954 91/6580/2874 97/6690/2927
f 1917/6752/2930 1911/6761/2883 1930/6753/2951
f 134/6757/2936 135/6762/2955 133/6758/2949
f 1916/6763/2950 1907/6660/2912 1917/6698/2930
f 1930/6764/2951 1911/6715/2883 1929/6567/2870
f 1913/6683/2922 1920/6765/2956 1915/6684/2923
f 1215/6569/2791 1188/6568/2825 1204/6766/2957
f 1934/6513/2847 1946/6767/2940 1931/6514/2761
f 242/6704/2879 240/6688/2925 244/6768/2935
f 1923/6769/2958 1906/6517/2850 1914/6689/2926
f 245/6741/2946 136/6770/2959 134/6754/2936
f 97/6711/2927 1187/6710/2792 100/6771/2954
f 1915/6684/2923 1920/6765/2956 1919/6756/2953
f 134/6772/2960 136/6773/2960 135/6774/2960
f 1908/6775/2735 1714/6776/2809 1609/6777/2948
f 2079/6778/2872 2081/6779/2906 1961/6780/2961
f 1200/6781/2734 1384/6782/2962 1381/6783/2828
f 245/6741/2946 244/6740/2935 246/6784/2963
f 238/6746/2881 133/6748/2949 140/6785/2880
f 1952/6653/2908 1942/6651/2905 1941/6650/2854
f 247/6786/2964 150/6787/2964 240/6788/2964
f 1380/6789/2785 1435/6790/2894 1610/6791/2965
f 1186/6389/2801 1185/6380/2799 1196/6792/2966
f 2085/6793/2913 1949/6794/2967 1965/6795/2968
f 89/6796/2871 101/6797/2969 1187/6798/2792
f 89/6572/2871 75/6541/2829 101/6799/2969
f 1188/6568/2825 1197/6800/2970 1204/6766/2957
f 2085/6793/2913 1965/6795/2968 2082/6750/2939
f 91/6801/2971 104/6802/2971 95/6803/2971
f 1381/6462/2828 1384/6804/2962 1382/6463/2789
f 245/6805/2946 246/6806/2963 248/6807/2972
f 245/6805/2946 248/6807/2972 136/6808/2959
f 1954/6809/2876 2079/6810/2872 1966/6811/2973
f 244/6768/2935 240/6688/2925 249/6812/2974
f 1950/6813/2849 2089/6814/2704 1951/6815/2975
f 1906/6517/2850 1953/6816/2976 1913/6518/2851
f 1953/6817/2976 1952/6818/2908 1918/6819/2952
f 1210/6434/2818 1197/6820/2970 1188/6454/2825
f 1953/6821/2977 1920/6822/2977 1913/6823/2977
f 1937/6375/2797 1921/6824/2978 1714/6409/2809
f 1190/6456/2826 1617/6825/2979 1194/6675/2918
f 1186/6382/2801 1196/6826/2966 1192/6329/2779
f 1384/6782/2962 1200/6781/2734 1199/6827/2980
f 130/6731/2887 132/6737/2945 173/6828/2981
f 1921/6829/2978 1937/6614/2797 1932/6510/2846
f 2081/6779/2906 1962/6830/2941 1961/6780/2961
f 101/6799/2969 75/6541/2829 99/6728/2942
f 1930/6753/2951 1922/6831/2982 1916/6751/2950
f 1920/6832/2983 1953/6833/2983 1919/6834/2983
f 1949/6835/2967 1954/6836/2876 1966/6837/2973
f 1918/6819/2952 1919/6838/2953 1953/6817/2976
f 120/6370/2661 227/6372/2749 137/6839/2984
f 129/6730/2933 138/6840/2985 132/6737/2945
f 94/6628/2899 131/6523/2855 80/6247/2747
f 140/6590/2880 141/6841/2986 227/6591/2749
f 1623/6706/2934 1610/6842/2965 1435/6707/2894
f 1981/6843/2987 1945/6721/2938 2078/6630/2891
f 1191/6465/2787 1192/6533/2779 1198/6844/2988
f 129/6730/2933 139/6845/2989 138/6840/2985
f 1955/6846/2990 1984/6847/2991 1968/6848/2992
f 140/6849/2993 133/6850/2993 141/6851/2993
f 1923/6769/2958 1914/6689/2926 1907/6699/2912
f 1966/6837/2973 1965/6852/2968 1949/6835/2967
f 1948/6742/2947 2082/6750/2939 1956/6853/2994
f 1923/6769/2958 1953/6816/2976 1906/6517/2850
f 135/6762/2955 142/6854/2995 133/6758/2949
f 1916/6763/2950 1922/6855/2982 1907/6660/2912
f 246/6856/2963 244/6857/2935 249/6858/2974
f 141/6859/2986 133/6758/2949 142/6854/2995
f 2079/6810/2872 1961/6860/2961 1966/6811/2973
f 1620/6861/2996 1199/6862/2980 1200/6863/2734
f 1382/6864/2997 1615/6865/2997 1611/6866/2997
f 136/6867/2998 144/6868/2998 135/6869/2998
f 1952/6818/2908 1953/6817/2976 1957/6870/2999
f 1984/6871/2991 1955/6872/2990 1924/6873/3000
f 121/6515/2848 131/6733/2855 105/6874/3001
f 138/6875/2985 145/6876/3002 132/6877/2945
f 249/6812/2974 240/6688/2925 149/6878/3003
f 1196/6792/2966 1185/6380/2799 1202/6879/3004
f 104/6880/3005 96/6658/2911 95/6657/2910
f 1185/6380/2799 96/6664/2911 1201/6881/3006
f 1379/6396/2793 1611/6619/2895 1608/6882/2842
f 1968/6883/2992 1924/6884/3000 1955/6885/2990
f 2078/6886/2891 1948/6887/2947 1956/6888/2994
f 173/6889/2981 132/6877/2945 143/6890/3007
f 1987/6891/3008 1944/6667/2915 2077/6544/2862
f 135/6892/3009 144/6893/3009 142/6894/3009
f 137/6895/2984 129/6705/2933 120/6423/2661
f 173/6896/3010 143/6897/3010 147/6898/3010
f 1945/6721/2938 1958/6899/3011 1964/6900/3012
f 246/6856/2963 249/6858/2974 252/6901/3013
f 137/6895/2984 139/6902/2989 129/6705/2933
f 1930/6753/2951 1924/6903/3000 1922/6831/2982
f 1215/6904/2791 1620/6861/2996 1200/6863/2734
f 143/6890/3007 132/6877/2945 145/6876/3002
f 144/6905/3014 136/6906/2959 248/6907/2972
f 1947/6735/2944 1963/6908/3015 2077/6577/2862
f 1617/6825/2979 1190/6456/2826 1195/6697/2929
f 92/6603/2885 102/6909/3016 94/6628/2899
f 246/6806/2963 250/6910/3017 248/6807/2972
f 1203/6911/3018 1192/6912/2779 112/6913/3019
f 1981/6914/2987 2078/6886/2891 1956/6888/2994
f 99/6728/2942 130/6607/2887 173/6915/2981
f 100/6771/2954 1187/6710/2792 103/6916/3020
f 1966/6811/2973 1961/6860/2961 1960/6917/3021
f 1187/6798/2792 101/6797/2969 103/6918/3020
f 250/6910/3017 246/6806/2963 252/6919/3013
f 1923/6769/2958 1957/6920/2999 1953/6816/2976
f 1957/6921/2999 1924/6884/3000 1968/6883/2992
f 2082/6750/2939 1959/6922/3022 1956/6853/2994
f 1922/6855/2982 1923/6923/2958 1907/6660/2912
f 1195/6924/2929 1612/6925/2832 1613/6926/3023
f 99/6728/2942 173/6915/2981 147/6927/3024
f 1922/6928/2982 1924/6884/3000 1957/6921/2999
f 91/6580/2874 100/6760/2954 104/6929/3025
f 1196/6826/2966 1202/6930/3004 1192/6329/2779
f 145/6931/3002 138/6840/2985 152/6932/3026
f 1714/6776/2809 1715/6933/3027 1609/6777/2948
f 1957/6870/2999 1942/6934/2905 1952/6818/2908
f 1930/6935/2951 1967/6936/3028 1924/6937/3000
f 1968/6848/2992 1984/6847/2991 1942/6938/2905
f 99/6728/2942 147/6927/3024 101/6799/2969
f 144/6905/3014 248/6907/2972 146/6939/3029
f 1925/6940/3030 1929/6941/3031 1607/6942/2863
f 1976/6943/3032 1988/6944/3033 1964/6945/3012
f 1959/6922/3022 2082/6750/2939 1965/6795/2968
f 1203/6946/3018 1198/6844/2988 1192/6533/2779
f 1433/6745/2802 1613/6926/3023 1612/6925/2832
f 1960/6947/3021 1961/6948/2961 1962/6949/2941
f 227/6591/2749 169/6950/3034 137/6951/2984
f 1987/6891/3008 2077/6544/2862 1963/6952/3015
f 1964/6953/3012 1958/6954/3011 1976/6955/3032
f 1965/6956/3035 1966/6957/3035 1973/6958/3035
f 201/6959/2665 266/6960/3036 263/6961/2839
f 1967/6962/3028 1984/6871/2991 1924/6873/3000
f 1215/6904/2791 1204/6963/2957 1620/6861/2996
f 1942/6964/3037 1957/6965/3037 1968/6966/3037
f 1922/6855/2982 1957/6967/2999 1923/6923/2958
f 145/6931/3002 147/6968/3038 143/6969/3007
f 1946/6726/2940 1754/6970/3039 1932/6510/2846
f 150/6481/2834 263/6490/2839 251/6971/3040
f 149/6878/3003 240/6688/2925 150/6972/2834
f 249/6973/3041 250/6974/3041 252/6975/3041
f 1380/6789/2785 1610/6791/2965 1614/6976/3042
f 1981/6843/2987 1958/6899/3011 1945/6721/2938
f 121/6515/2848 105/6874/3001 265/6977/3043
f 248/6907/2972 250/6978/3017 146/6939/3029
f 1197/6800/2970 1205/6979/3044 1204/6766/2957
f 1960/6917/3021 1969/6980/3045 1966/6811/2973
f 1959/6922/3022 1980/6981/3046 1956/6853/2994
f 100/6982/3047 103/6983/3047 104/6984/3047
f 265/6977/3043 241/6985/2932 225/6360/2731
f 102/6909/3016 92/6603/2885 1518/6732/2943
f 1964/6986/3012 1947/6735/2944 1945/6749/2938
f 1988/6944/3033 1976/6943/3032 1970/6987/3048
f 148/6988/3049 142/6989/3049 144/6990/3049
f 1971/6991/3050 1962/6727/2941 1950/6646/2849
f 1921/6824/2978 1991/6992/3051 1714/6409/2809
f 249/6993/3052 149/6994/3052 250/6995/3052
f 151/6996/3053 147/6968/3038 145/6931/3002
f 1951/6815/2975 2089/6814/2704 1942/6938/2905
f 1210/6434/2818 1205/6997/3044 1197/6820/2970
f 155/6998/3054 149/6999/3003 150/7000/2834
f 151/6996/3053 145/6931/3002 152/6932/3026
f 1962/6949/2941 1972/7001/3055 1960/6947/3021
f 1192/6329/2779 1202/6930/3004 112/7002/3019
f 152/6932/3026 138/6840/2985 139/6845/2989
f 1971/7003/3050 1972/7004/3055 1962/7005/2941
f 1965/6795/2968 1973/7006/3056 1959/6922/3022
f 1958/6899/3011 1981/6843/2987 1978/7007/3057
f 1964/7008/3058 1988/7009/3058 1986/7010/3058
f 1944/6714/2915 1974/7011/3059 1934/6712/2847
f 1975/7012/3060 1976/7013/3032 1977/7014/3061
f 1956/6853/2994 1980/6981/3046 1981/7015/2987
f 151/7016/3062 152/7017/3062 153/7018/3062
f 152/6932/3026 154/7019/3063 153/7020/3064
f 1973/7021/3065 1966/7022/3065 1969/7023/3065
f 169/6950/3034 227/6591/2749 141/6841/2986
f 94/6628/2899 105/7024/3001 131/6523/2855
f 1976/6955/3032 1958/6954/3011 1978/7025/3057
f 1975/7026/3060 1970/6987/3048 1976/6943/3032
f 155/7027/3054 150/7028/2834 251/7029/3040
f 106/7030/3066 94/6628/2899 102/6909/3016
f 1960/6917/3021 1972/7031/3055 1969/6980/3045
f 1976/6955/3032 1978/7025/3057 1977/7032/3061
f 151/7033/3067 153/7034/3067 147/7035/3067
f 1975/7012/3060 1977/7014/3061 1971/7003/3050
f 96/6658/2911 104/6880/3005 107/7036/3068
f 1980/6981/3046 1959/6922/3022 1973/7006/3056
f 146/6939/3029 148/7037/3069 144/6905/3014
f 1973/7038/3070 1969/7039/3070 1980/7040/3070
f 1433/6745/2802 1609/6744/2948 1715/7041/3027
f 1971/6991/3050 1979/7042/3071 1975/7026/3060
f 1983/7043/3072 1969/6980/3045 1972/7031/3055
f 139/6902/2989 137/6895/2984 154/7044/3063
f 1980/7045/3073 1969/7046/3073 1981/7047/3073
f 1753/7048/3074 1602/6344/2786 1380/6343/2785
f 156/7049/3075 141/6859/2986 142/6854/2995
f 1975/7026/3060 1979/7042/3071 1970/6987/3048
f 1614/7050/3042 1610/6842/2965 1623/6706/2934
f 1977/7014/3061 1972/7004/3055 1971/7003/3050
f 147/6927/3024 153/7051/3064 101/6799/2969
f 1987/6891/3008 1982/7052/3076 1944/6667/2915
f 1925/6940/3030 1926/7053/3077 1930/7054/3078
f 1950/6813/2849 1951/6815/2975 1979/7055/3071
f 101/6797/2969 162/7056/3079 103/6918/3020
f 1613/6926/3023 1433/6745/2802 1715/7041/3027
f 94/6628/2899 106/7030/3066 105/7024/3001
f 1715/6933/3027 1714/6776/2809 1716/7057/3080
f 142/7058/3081 148/7059/3081 158/7060/3081
f 1185/6380/2799 1206/7061/3082 1202/6879/3004
f 160/7062/3083 149/6999/3003 155/6998/3054
f 1972/7004/3055 1977/7014/3061 1983/7063/3072
f 1983/7043/3072 1981/6843/2987 1969/6980/3045
f 1210/7064/2818 1191/6465/2787 1198/6844/2988
f 1984/7065/2991 1985/7066/3084 1769/7067/3085
f 1947/6735/2944 1964/6986/3012 1986/7068/3086
f 1978/7007/3057 1981/6843/2987 1983/7043/3072
f 1607/6545/2863 1602/6344/2786 1753/7048/3074
f 1384/6804/2962 1385/7069/3087 1382/6463/2789
f 1384/7070/2962 1199/7071/2980 1514/7072/3088
f 1978/7073/3057 1983/7063/3072 1977/7014/3061
f 1947/6735/2944 1987/7074/3008 1963/6908/3015
f 1385/7075/3087 1384/7070/2962 1514/7072/3088
f 1974/7076/3059 1989/7077/3089 1934/7078/2847
f 154/7019/3063 152/6932/3026 139/6845/2989
f 1206/7079/3082 112/7002/3019 1202/6930/3004
f 1716/7057/3080 1714/6776/2809 1991/7080/3051
f 250/6978/3017 157/7081/3090 146/6939/3029
f 1205/6979/3044 1207/7082/3091 1204/6766/2957
f 1194/6675/2918 1617/6825/2979 1518/6736/2943
f 1951/6815/2975 1942/6938/2905 1984/6847/2991
f 156/7049/3075 142/6854/2995 158/7083/3092
f 157/7084/3093 250/7085/3093 149/7086/3093
f 156/7087/3075 169/6950/3034 141/6841/2986
f 266/7088/3036 251/7089/3040 263/7090/2839
f 153/7091/3064 162/7092/3079 101/7093/2969
f 146/6939/3029 157/7081/3090 148/7037/3069
f 265/6977/3043 225/6360/2731 121/6515/2848
f 160/7094/3083 158/7083/3092 149/7095/3003
f 1974/7011/3059 1944/6714/2915 1982/7096/3076
f 157/7097/3094 149/7098/3094 158/7099/3094
f 1988/7100/3033 1989/7077/3089 1990/7101/3095
f 148/7037/3069 157/7081/3090 158/7102/3096
f 1608/7103/2842 1611/7104/2895 1615/7105/3097
f 1967/7106/3028 1985/7107/3084 1984/7108/2991
f 1380/6789/2785 1614/6976/3042 1627/7109/3098
f 154/7110/3063 162/7092/3079 153/7091/3064
f 1988/7100/3033 1990/7101/3095 1986/7111/3086
f 1932/6510/2846 1754/6970/3039 1921/6829/2978
f 1206/7061/3082 1185/6380/2799 1201/6881/3006
f 154/7044/3063 137/6895/2984 162/7112/3079
f 104/6880/3005 108/7113/3099 107/7036/3068
f 103/6918/3020 162/7056/3079 104/6880/3005
f 1515/7114/3100 1205/6997/3044 1210/6434/2818
f 167/7115/3101 159/7116/3102 155/7027/3054
f 1382/7117/2789 1385/7118/3087 1526/7119/3103
f 155/7120/3104 159/7121/3104 160/7122/3104
f 1989/7123/3089 1988/6944/3033 1766/7124/3105
f 1929/7125/3106 1925/7126/3106 1930/7127/3106
f 1986/7068/3086 1990/7128/3095 1947/6735/2944
f 1210/7064/2818 1198/6844/2988 1521/7129/3107
f 156/7049/3075 160/7094/3083 159/7130/3102
f 158/7083/3092 160/7094/3083 156/7049/3075
f 1994/7131/3108 1987/7074/3008 1947/6735/2944
f 1754/6970/3039 1991/7132/3051 1921/6829/2978
f 1382/7117/2789 1526/7119/3103 1615/7133/3097
f 1613/6926/3023 1616/7134/3109 1195/6924/2929
f 156/7087/3075 167/7115/3101 169/6950/3034
f 251/7029/3040 167/7115/3101 155/7027/3054
f 1515/7114/3100 1207/7135/3091 1205/6997/3044
f 1926/7136/3110 1967/7137/3110 1930/7138/3110
f 1617/7139/2979 1195/6924/2929 1616/7134/3109
f 1982/7052/3076 1987/6891/3008 1994/7140/3108
f 1974/7076/3059 1990/7101/3095 1989/7077/3089
f 1618/7141/3111 1385/7075/3087 1514/7072/3088
f 1618/7142/3111 1526/7119/3103 1385/7118/3087
f 1970/6987/3048 1996/7143/3112 1988/6944/3033
f 1206/7061/3082 1201/6881/3006 1208/7144/3113
f 1974/7076/3059 1992/7145/3114 1990/7101/3095
f 1623/6706/2934 1627/7146/3098 1614/7050/3042
f 1967/7106/3028 1770/7147/3115 1985/7107/3084
f 1982/7096/3076 1992/7148/3114 1974/7011/3059
f 167/7115/3101 156/7087/3075 159/7116/3102
f 1208/7149/3113 112/7002/3019 1206/7079/3082
f 108/7113/3099 104/6880/3005 162/7056/3079
f 1619/7150/3116 1199/7071/2980 1620/7151/2996
f 1753/7152/3074 1925/6940/3030 1607/6942/2863
f 1198/6844/2988 1519/7153/3117 1521/7129/3107
f 105/6874/3001 109/7154/3118 265/6977/3043
f 1788/7155/3119 1934/7156/2847 1989/7157/3089
f 1209/7158/3120 1518/6736/2943 1617/6825/2979
f 1521/7159/3121 1515/7160/3121 1210/7161/3121
f 1993/7162/3122 1982/7052/3076 1994/7140/3108
f 264/7163/3123 241/7164/2932 265/7165/3043
f 1769/7166/3085 1951/6815/2975 1984/6847/2991
f 1994/7131/3108 1947/6735/2944 1990/7128/3095
f 1608/7103/2842 1615/7105/3097 1621/7167/3124
f 264/7168/3125 267/7169/3125 241/7170/3125
f 1613/6926/3023 1715/7041/3027 1522/7171/3126
f 241/7172/3127 267/7173/3127 201/7174/3127
f 1716/7057/3080 1991/7080/3051 1755/7175/3128
f 1992/7148/3114 1982/7096/3076 1993/7176/3122
f 106/7030/3066 109/7177/3118 105/7024/3001
f 110/7178/3129 96/6658/2911 107/7036/3068
f 106/7030/3066 102/6909/3016 311/7179/3130
f 1608/7103/2842 1621/7167/3124 1622/7180/3131
f 110/7181/3129 1201/6881/3006 96/6664/2911
f 108/7182/3099 162/7183/3079 161/7184/3132
f 1990/7101/3095 1992/7145/3114 1994/7185/3108
f 1514/7072/3088 1199/7071/2980 1619/7150/3116
f 162/7186/3133 163/7187/3134 164/7188/3135
f 1994/7185/3108 1992/7145/3114 1993/7189/3122
f 267/7190/3136 266/6960/3036 201/6959/2665
f 112/6913/3019 1213/7191/3137 1203/6911/3018
f 1979/7042/3071 1971/6991/3050 1950/6646/2849
f 1623/7192/2934 1608/7103/2842 1622/7180/3131
f 1519/7153/3117 1198/6844/2988 1203/6946/3018
f 1213/7193/3137 1519/7153/3117 1203/6946/3018
f 1996/7143/3112 1766/7124/3105 1988/6944/3033
f 1208/7144/3113 1201/6881/3006 1211/7194/3138
f 1513/7195/3139 1204/7196/2957 1207/7197/3091
f 1624/7198/3140 1627/7146/3098 1623/6706/2934
f 102/6909/3016 1518/6732/2943 1517/7199/3141
f 1514/7072/3088 1625/7200/3142 1618/7141/3111
f 1717/7201/3143 1925/6940/3030 1753/7152/3074
f 1755/7175/3128 1630/7202/3144 1716/7057/3080
f 1625/7200/3142 1626/7203/3145 1618/7141/3111
f 1619/7150/3116 1620/7151/2996 1204/7204/2957
f 106/7030/3066 311/7179/3130 109/7177/3118
f 1770/7147/3115 1967/7106/3028 1926/7205/3077
f 1526/7119/3103 1618/7142/3111 1626/7206/3145
f 1985/7066/3084 1770/7207/3115 1769/7067/3085
f 1525/7208/3146 1615/7133/3097 1526/7119/3103
f 1519/7209/3147 1213/7210/3147 1212/7211/3147
f 1788/7212/3119 1989/7123/3089 1766/7124/3105
f 1754/7213/3039 1755/7214/3128 1991/7215/3051
f 1716/7057/3080 1630/7202/3144 1715/6933/3027
f 1970/7216/3048 1995/7217/3148 1996/7218/3112
f 165/7219/3149 162/7220/3149 163/7221/3149
f 2000/7222/3150 1970/6987/3048 1979/7042/3071
f 1201/6881/3006 110/7181/3129 1211/7194/3138
f 1631/7223/3151 1616/7224/3109 1613/7225/3023
f 1753/7048/3074 1380/6343/2785 1627/7226/3098
f 311/7179/3130 102/6909/3016 1517/7199/3141
f 1996/7218/3112 1995/7217/3148 1998/7227/3152
f 165/7228/3153 161/7184/3132 162/7183/3079
f 1754/6970/3039 1946/6726/2940 1757/7229/3154
f 137/6895/2984 174/7230/3155 162/7112/3079
f 1615/7105/3097 1525/7231/3146 1621/7167/3124
f 1979/7042/3071 1997/7232/3156 2000/7222/3150
f 1616/7224/3109 1209/7233/3120 1617/7234/2979
f 1996/7143/3112 1999/7235/3157 1766/7124/3105
f 266/7236/3036 267/7237/3136 268/7238/3158
f 1996/7239/3112 1998/7240/3152 1999/7241/3157
f 1208/7149/3113 1211/7242/3138 112/7002/3019
f 1619/7243/3116 1628/7244/3159 1514/7245/3088
f 1717/7201/3143 1926/7053/3077 1925/6940/3030
f 174/7246/3155 163/7187/3160 162/7186/3079
f 2000/7247/3150 2001/7248/3161 1970/7249/3048
f 1515/7250/3100 1516/7251/3162 1207/7197/3091
f 1619/7243/3116 1204/7252/2957 1513/7253/3139
f 1995/7254/3148 1970/7255/3048 2007/7256/3163
f 1995/7254/3148 2006/7257/3164 1998/7240/3152
f 2001/7258/3161 2007/7256/3163 1970/7255/3048
f 165/7259/3153 163/7187/3160 174/7246/3155
f 1209/7233/3120 1517/7260/3141 1518/7261/2943
f 1753/7262/3074 1627/7263/3098 1717/7264/3143
f 1516/7251/3162 1515/7250/3100 1521/7265/3107
f 1999/7241/3157 1998/7240/3152 2002/7266/3165
f 266/7088/3036 269/7267/3166 251/7089/3040
f 266/7088/3036 268/7268/3158 269/7267/3166
f 1627/7269/3167 1624/7270/3167 1724/7271/3167
f 267/7272/3136 264/7273/3123 277/7274/3168
f 1979/7042/3071 1951/7275/2975 1997/7232/3156
f 2007/7256/3163 2006/7257/3164 1995/7254/3148
f 2003/7276/3169 1999/7277/3169 2002/7278/3169
f 1213/7279/3170 1520/7280/3170 1212/7281/3170
f 1522/7282/3126 1715/6933/3027 1630/7202/3144
f 1623/7192/2934 1622/7180/3131 1525/7231/3146
f 251/7029/3040 271/7283/3171 167/7115/3101
f 2001/7248/3161 2000/7247/3150 2004/7284/3172
f 1766/7124/3105 1999/7235/3157 2003/7285/3173
f 1757/7286/3154 1761/7287/3174 1754/7213/3039
f 1520/7288/3175 1519/7289/3175 1212/7290/3175
f 251/7089/3040 269/7267/3166 271/7291/3171
f 269/7267/3166 278/7292/3176 271/7291/3171
f 113/7293/3177 1213/7191/3137 112/6913/3019
f 1625/7294/3142 1526/7119/3103 1626/7206/3145
f 1627/7295/3178 1724/7296/3178 1718/7297/3178
f 1627/7263/3098 1718/7298/3179 1717/7264/3143
f 271/7299/3180 272/7300/3180 167/7301/3180
f 1525/7231/3146 1622/7180/3131 1621/7167/3124
f 310/7302/3181 311/7303/3130 1517/7304/3141
f 1946/6767/2940 1934/6513/2847 2005/7305/3182
f 1519/7306/3117 1520/7307/3183 1521/7308/3107
f 1631/7223/3151 1613/7225/3023 1522/7309/3126
f 271/7310/3184 278/7311/3184 270/7312/3184
f 113/7313/3177 1520/7307/3183 1213/7314/3137
f 1767/7315/3185 1851/7316/3186 1765/7317/3187
f 1770/7318/3115 1926/7053/3077 1717/7201/3143
f 270/7319/3188 272/7320/3188 271/7321/3188
f 2002/7266/3165 1998/7240/3152 2006/7257/3164
f 1211/7322/3138 110/7178/3129 111/7323/3189
f 161/7184/3132 165/7228/3153 276/7324/3190
f 109/7325/3118 313/7326/3191 265/7165/3043
f 1625/7327/3192 1514/7328/3193 1628/7329/3194
f 272/7330/3195 270/7331/3196 281/7332/3197
f 166/7333/3198 167/7334/3198 272/7335/3198
f 278/7292/3176 269/7267/3166 282/7336/3199
f 1758/7337/3200 1852/7338/3201 1755/7339/3128
f 1762/7340/3202 1756/7341/3203 1757/7342/3154
f 1762/7340/3202 1771/7343/3204 1851/7316/3186
f 1630/7344/3144 1631/7345/3151 1522/7346/3126
f 1758/7347/3200 1755/7348/3128 1759/7349/3205
f 1758/7337/3200 1756/7350/3203 1781/7351/3206
f 1760/7352/3207 407/7353/3208 1767/7315/3185
f 2005/7354/3209 1757/7355/3209 1946/7356/3209
f 1717/7264/3143 1718/7298/3179 1720/7357/3210
f 1616/7224/3109 1517/7260/3141 1209/7233/3120
f 1765/7317/3187 1760/7352/3207 1767/7315/3185
f 1756/7341/3203 1758/7347/3200 1759/7349/3205
f 107/7036/3068 108/7113/3099 161/7358/3132
f 1616/7224/3109 1631/7223/3151 1634/7359/3211
f 1765/7317/3187 1851/7316/3186 1771/7343/3204
f 2007/7360/3212 2011/7361/3212 2006/7362/3212
f 1516/7251/3162 1513/7195/3139 1207/7197/3091
f 1754/7213/3039 1759/7363/3205 1755/7214/3128
f 168/7364/3213 169/6950/3034 167/7115/3101
f 1757/7342/3154 1756/7341/3203 1761/7365/3174
f 1771/7343/3204 1762/7340/3202 1757/7342/3154
f 2007/7366/3163 2008/7367/3214 2011/7368/3215
f 2008/7367/3214 2007/7366/3163 2009/7369/3216
f 1762/7370/3202 1763/7371/3217 1756/7350/3203
f 313/7326/3191 264/7163/3123 265/7165/3043
f 111/7372/3189 112/7373/3019 1211/7374/3138
f 2007/7256/3163 2001/7258/3161 2009/7375/3216
f 1761/7365/3174 1756/7341/3203 1759/7349/3205
f 107/7036/3068 161/7358/3132 316/7376/3218
f 268/7268/3158 273/7377/3219 269/7267/3166
f 2002/7266/3165 2013/7378/3220 2003/7379/3173
f 407/7353/3208 1760/7352/3207 1764/7380/3221
f 113/7313/3177 114/7381/3222 1520/7307/3183
f 1774/7382/3223 2004/7383/3223 2000/7384/3223
f 1770/7318/3115 1717/7201/3143 1719/7385/3224
f 1761/7287/3174 1759/7363/3205 1754/7213/3039
f 1513/7253/3139 1534/7386/3225 1619/7243/3116
f 2011/7368/3215 2008/7367/3214 2010/7387/3226
f 112/7388/3019 116/7389/3227 113/7390/3177
f 1851/7391/3186 1791/7392/3228 1762/7370/3202
f 1717/7264/3143 1720/7357/3210 1721/7393/3229
f 1521/7308/3107 1520/7307/3183 1523/7394/3230
f 170/7395/3231 169/6950/3034 168/7364/3213
f 166/7396/3232 168/7397/3232 167/7398/3232
f 1760/7399/3207 1765/7400/3187 1764/7401/3221
f 2002/7266/3165 2006/7257/3164 1777/7402/3233
f 1780/7403/3234 1756/7350/3203 1763/7371/3217
f 2001/7258/3161 1799/7404/3235 2009/7375/3216
f 272/7330/3195 281/7332/3197 274/7405/3236
f 166/7406/3237 272/7407/3195 287/7408/3238
f 282/7336/3199 283/7409/3239 278/7292/3176
f 2006/7257/3164 2011/7410/3215 1777/7402/3233
f 169/7411/3034 170/7412/3231 137/6895/2984
f 1628/7244/3159 1619/7243/3116 1528/7413/3240
f 107/7036/3068 111/7323/3189 110/7178/3129
f 1787/7414/3241 1766/7415/3105 2013/7416/3220
f 1720/7417/3210 1718/7418/3179 1721/7419/3229
f 1777/7402/3233 2011/7410/3215 2012/7420/3242
f 174/7421/3155 275/7422/3243 276/7423/3190
f 1628/7424/3194 1524/7425/3244 1625/7426/3192
f 1634/7359/3211 1517/7260/3141 1616/7224/3109
f 311/7303/3130 310/7302/3181 109/7427/3118
f 1791/7392/3228 1763/7371/3217 1762/7370/3202
f 2013/7378/3220 2002/7266/3165 1782/7428/3245
f 1767/7429/3185 1768/7430/3246 1851/7431/3186
f 267/7237/3136 277/7432/3168 268/7238/3158
f 408/7433/3247 407/7434/3208 1764/7435/3221
f 1766/7124/3105 2003/7285/3173 2013/7436/3220
f 1997/7232/3156 1774/7437/3248 2000/7222/3150
f 1768/7438/3246 407/7439/3208 408/7440/3247
f 1769/7441/3085 1775/7442/3249 1951/7443/2975
f 278/7444/3176 283/7445/3239 270/7331/3196
f 1721/7393/3229 1725/7446/3250 1717/7264/3143
f 1769/7441/3085 1770/7447/3115 1719/7448/3224
f 1771/7449/3204 1757/7450/3154 2005/7451/3182
f 272/7407/3195 274/7452/3236 287/7408/3238
f 1632/7453/3251 1631/7345/3151 1630/7344/3144
f 1534/7386/3225 1528/7413/3240 1619/7243/3116
f 1721/7419/3229 1718/7418/3179 1725/7454/3252
f 269/7267/3166 289/7455/3253 282/7336/3199
f 1625/7456/3142 1524/7457/3254 1529/7458/3255
f 1721/7393/3256 1722/7459/3257 1725/7446/3258
f 1771/7449/3204 1772/7460/3259 1765/7400/3187
f 2001/7258/3161 2004/7461/3172 1799/7404/3235
f 1717/7201/3143 1725/7462/3250 1719/7385/3224
f 1521/7265/3107 1523/7394/3230 1516/7251/3162
f 1755/7463/3128 1632/7453/3251 1630/7344/3144
f 1772/7460/3259 1764/7401/3221 1765/7400/3187
f 1780/7403/3234 1781/7351/3206 1756/7350/3203
f 281/7332/3197 270/7331/3196 279/7464/3260
f 1516/7465/3162 1531/7466/3261 1513/7467/3139
f 1799/7468/3235 2014/7469/3262 2009/7470/3216
f 1624/7471/3263 1723/7472/3263 1724/7473/3263
f 285/7474/3264 277/7274/3168 264/7273/3123
f 166/7406/3237 293/7475/3265 168/7476/3213
f 2002/7266/3165 1777/7402/3233 1782/7428/3245
f 2005/7451/3182 1773/7477/3266 1771/7449/3204
f 1718/7478/3179 1724/7479/3267 1725/7480/3252
f 1768/7430/3246 1767/7429/3185 407/7481/3208
f 2009/7470/3216 2014/7469/3262 2008/7482/3214
f 1525/7483/3146 1526/7484/3103 1727/7485/3268
f 410/7486/3269 408/7433/3247 1764/7435/3221
f 107/7036/3068 115/7487/3270 111/7323/3189
f 2011/7368/3215 2010/7387/3226 2012/7488/3242
f 280/7489/3271 274/7490/3271 281/7491/3271
f 1997/7492/3156 1784/7493/3272 1774/7494/3248
f 1766/7124/3105 1787/7495/3241 1788/7212/3119
f 269/7267/3166 273/7377/3219 289/7455/3253
f 166/7406/3237 287/7408/3238 293/7475/3265
f 2015/7496/3273 2004/7497/3273 1774/7498/3273
f 281/7332/3197 279/7464/3260 280/7499/3274
f 321/7500/3275 112/7373/3019 111/7372/3189
f 1775/7501/3249 1997/7502/3156 1951/7503/2975
f 312/7504/3276 1517/7304/3141 1634/7505/3211
f 1934/7156/2847 1788/7155/3119 2005/7506/3182
f 1623/7192/2934 1525/7231/3146 1727/7507/3268
f 1776/7508/3277 1787/7414/3241 2013/7416/3220
f 1722/7509/3278 1725/7510/3278 1726/7511/3278
f 1529/7458/3255 1526/7512/3103 1625/7456/3142
f 114/7381/3222 1523/7394/3230 1520/7307/3183
f 165/7513/3153 174/7421/3155 276/7423/3190
f 283/7445/3239 279/7464/3260 270/7331/3196
f 2014/7514/3262 2010/7387/3226 2008/7367/3214
f 116/7515/3227 114/7516/3222 113/7517/3177
f 174/7230/3155 137/6895/2984 275/7518/3243
f 310/7302/3181 1517/7304/3141 312/7504/3276
f 1771/7449/3204 1773/7477/3266 1772/7460/3259
f 1782/7519/3245 1777/7520/3233 1778/7521/3279
f 1786/7522/3280 1725/7523/3281 1726/7524/3282
f 1527/7525/3283 1628/7526/3159 1528/7527/3240
f 1628/7526/3159 1532/7528/3284 1524/7529/3285
f 1763/7530/3217 1804/7531/3286 1779/7532/3287
f 282/7533/3288 289/7534/3288 283/7535/3288
f 1758/7337/3200 1781/7351/3206 1852/7338/3201
f 316/7376/3218 115/7487/3270 107/7036/3068
f 1631/7345/3151 1633/7536/3289 1634/7537/3211
f 408/7440/3247 409/7538/3290 1768/7438/3246
f 1632/7453/3251 1755/7463/3128 1852/7539/3201
f 1780/7540/3234 1779/7532/3287 1781/7541/3206
f 274/7542/3236 280/7543/3274 284/7544/3291
f 1768/7545/3292 1803/7546/3292 1851/7547/3292
f 1727/7485/3268 1526/7484/3103 1529/7548/3255
f 264/7163/3123 313/7326/3191 285/7549/3264
f 1725/7523/3250 1786/7522/3293 1719/7550/3224
f 1624/7551/3140 1736/7552/3294 1723/7553/3295
f 1727/7554/3268 1624/7551/3140 1623/7555/2934
f 1777/7520/3233 2012/7556/3242 1793/7557/3296
f 2004/7461/3172 2015/7558/3297 1799/7404/3235
f 284/7544/3291 287/7559/3238 274/7542/3236
f 2013/7560/3298 1782/7561/3298 1776/7562/3298
f 412/7563/3299 409/7564/3290 408/7565/3247
f 137/6895/2984 170/7412/3231 275/7518/3243
f 2015/7566/3297 1774/7567/3248 1783/7568/3300
f 1786/7569/3293 1725/7480/3252 1785/7570/3301
f 1772/7460/3259 411/7571/3302 1764/7401/3221
f 1790/7572/3303 1781/7541/3206 1779/7532/3287
f 313/7573/3191 109/7427/3118 310/7302/3181
f 1777/7520/3233 1793/7557/3296 1778/7521/3279
f 279/7574/3304 295/7575/3304 286/7576/3304
f 279/7464/3260 286/7577/3305 280/7499/3274
f 1628/7526/3159 1527/7525/3283 1532/7528/3284
f 161/7184/3132 276/7324/3190 316/7578/3218
f 1524/7579/3306 1530/7580/3306 1529/7581/3306
f 295/7582/3307 279/7464/3260 283/7445/3239
f 170/7395/3231 168/7364/3213 171/7583/3308
f 1775/7501/3249 1784/7584/3272 1997/7502/3156
f 1632/7453/3251 1633/7536/3289 1631/7345/3151
f 111/7372/3189 115/7585/3270 321/7500/3275
f 287/7586/3238 284/7587/3291 288/7588/3309
f 327/7589/3310 1531/7590/3261 318/7591/3311
f 283/7445/3239 289/7592/3253 290/7593/3312
f 1786/7594/3293 1785/7595/3301 1638/7596/3313
f 316/7376/3218 315/7597/3314 115/7487/3270
f 1783/7598/3300 1774/7494/3248 1784/7493/3272
f 1530/7599/3315 1524/7600/3315 1532/7601/3315
f 1531/7590/3261 327/7589/3310 1513/7602/3139
f 1814/7603/3316 1719/7604/3224 1786/7605/3293
f 1724/7479/3267 1785/7570/3301 1725/7480/3252
f 2014/7469/3262 1799/7468/3235 2016/7606/3317
f 412/7563/3299 408/7565/3247 410/7607/3269
f 1787/7608/3241 2005/7609/3182 1788/7610/3119
f 1736/7552/3294 1624/7551/3140 1727/7554/3268
f 280/7611/3274 309/7612/3318 291/7613/3319
f 291/7613/3319 284/7614/3291 280/7611/3274
f 286/7577/3305 309/7615/3318 280/7499/3274
f 411/7616/3302 1792/7617/3320 1764/7618/3221
f 287/7586/3238 288/7588/3309 292/7619/3321
f 116/7620/3227 112/7373/3019 321/7500/3275
f 171/7621/3308 168/7622/3213 293/7623/3265
f 412/7624/3322 410/7625/3322 1764/7626/3322
f 1779/7532/3287 1780/7540/3234 1763/7530/3217
f 115/7585/3270 315/7627/3314 321/7500/3275
f 1733/7628/3323 1728/7629/3324 1727/7630/3268
f 1728/7629/3324 1736/7631/3294 1727/7630/3268
f 1729/7632/3325 1736/7631/3294 1728/7629/3324
f 1773/7477/3266 1789/7633/3326 1772/7460/3259
f 1632/7453/3251 1852/7539/3201 1635/7634/3327
f 287/7635/3238 292/7636/3321 293/7623/3265
f 1785/7570/3301 1724/7479/3267 1734/7637/3328
f 310/7302/3181 312/7504/3276 314/7638/3329
f 1729/7639/3330 1728/7640/3330 1730/7641/3330
f 1736/7631/3294 1729/7632/3325 1731/7642/3331
f 1727/7630/3268 1529/7643/3255 1733/7628/3323
f 321/7644/3275 401/7645/3332 116/7515/3227
f 1763/7530/3217 1811/7646/3333 1804/7531/3286
f 1786/7605/3293 1816/7647/3334 1814/7603/3316
f 1790/7572/3303 1852/7648/3201 1781/7541/3206
f 1810/7649/3335 1782/7519/3245 1778/7521/3279
f 1768/7650/3246 412/7651/3299 415/7652/3336
f 1516/7465/3162 318/7653/3311 1531/7466/3261
f 315/7654/3314 316/7655/3218 317/7656/3337
f 2012/7488/3242 2010/7387/3226 1793/7657/3296
f 171/7621/3308 293/7623/3265 294/7658/3338
f 1790/7659/3303 1635/7660/3327 1852/7661/3201
f 316/7655/3218 276/7662/3190 317/7656/3337
f 295/7582/3307 283/7445/3239 290/7593/3312
f 409/7663/3290 412/7651/3299 1768/7650/3246
f 285/7664/3264 335/7665/3339 277/7666/3168
f 312/7667/3276 1634/7537/3211 1633/7536/3289
f 1816/7668/3334 1786/7594/3293 1638/7596/3313
f 2010/7387/3226 2014/7514/3262 2016/7669/3317
f 1764/7618/3221 1792/7617/3320 412/7670/3299
f 1791/7671/3228 1811/7646/3333 1763/7530/3217
f 1532/7672/3340 1527/7673/3340 1530/7674/3340
f 411/7675/3302 1772/7460/3259 1792/7676/3320
f 1793/7677/3296 2010/7678/3226 1794/7679/3341
f 293/7623/3265 292/7636/3321 294/7658/3338
f 1772/7460/3259 1817/7680/3342 1792/7676/3320
f 1779/7681/3287 1795/7682/3343 1790/7683/3303
f 1773/7477/3266 2005/7451/3182 1796/7684/3344
f 1639/7685/3345 1731/7686/3345 1729/7687/3345
f 1787/7608/3241 1818/7688/3346 2005/7609/3182
f 1772/7460/3259 1789/7633/3326 1817/7680/3342
f 323/7689/3347 317/7656/3337 276/7662/3190
f 1734/7690/3328 1724/7691/3267 1723/7553/3295
f 1632/7453/3251 1636/7692/3348 1633/7536/3289
f 1789/7633/3326 1796/7684/3344 1853/7693/3349
f 1728/7694/3324 1732/7695/3350 1730/7696/3351
f 2016/7697/3352 1799/7698/3352 1797/7699/3352
f 1810/7649/3335 1798/7700/3353 1782/7519/3245
f 1799/7701/3235 2015/7566/3297 1797/7702/3354
f 1784/7493/3272 1800/7703/3355 1783/7598/3300
f 315/7704/3314 317/7705/3337 321/7706/3275
f 1776/7707/3277 1782/7519/3245 1798/7700/3353
f 1789/7633/3326 1773/7477/3266 1796/7684/3344
f 1800/7703/3355 1801/7708/3356 1783/7598/3300
f 1798/7700/3353 1805/7709/3357 1776/7707/3277
f 2015/7566/3297 1802/7710/3358 1797/7702/3354
f 1851/7391/3186 1803/7711/3359 1791/7392/3228
f 1728/7712/3324 1733/7713/3323 1732/7695/3350
f 1730/7714/3351 1639/7715/3360 1729/7716/3361
f 1794/7679/3341 2010/7678/3226 2016/7717/3317
f 284/7614/3291 291/7613/3319 288/7718/3309
f 401/7645/3332 114/7516/3222 116/7515/3227
f 1731/7719/3362 1735/7720/3362 1736/7721/3362
f 286/7722/3305 295/7723/3363 298/7724/3364
f 314/7638/3329 313/7573/3191 310/7302/3181
f 1817/7725/3365 1789/7726/3365 1853/7727/3365
f 2015/7566/3297 1783/7568/3300 1802/7710/3358
f 1779/7681/3287 1804/7728/3286 1795/7682/3343
f 1534/7386/3225 1513/7253/3139 1536/7729/3366
f 1635/7660/3327 1790/7659/3303 414/7730/3367
f 1795/7731/3343 414/7730/3367 1790/7659/3303
f 1810/7732/3368 1778/7733/3368 1793/7734/3368
f 1805/7735/3357 1808/7736/3369 1800/7703/3355
f 1633/7737/3289 314/7638/3329 312/7504/3276
f 327/7738/3310 1533/7739/3370 1513/7253/3139
f 1792/7617/3320 1817/7740/3342 413/7741/3371
f 1806/7742/3372 1807/7743/3373 2005/7451/3182
f 1791/7671/3228 1812/7744/3374 1811/7646/3333
f 1638/7745/3375 1785/7746/3375 1734/7747/3375
f 414/7748/3376 1795/7749/3376 1804/7750/3376
f 1528/7527/3240 1535/7751/3377 1527/7525/3283
f 1796/7684/3344 2005/7451/3182 1854/7752/3378
f 335/7753/3339 268/7238/3158 277/7432/3168
f 170/7754/3231 171/7621/3308 296/7755/3379
f 1639/7756/3380 1735/7757/3380 1731/7758/3380
f 295/7582/3307 290/7593/3312 297/7759/3381
f 1800/7703/3355 1808/7736/3369 1801/7708/3356
f 275/7422/3243 323/7760/3347 276/7423/3190
f 1816/7647/3334 1815/7761/3382 1814/7603/3316
f 298/7762/3364 309/7612/3318 286/7763/3305
f 1783/7568/3300 1801/7764/3356 1802/7710/3358
f 1854/7752/3378 1853/7693/3349 1796/7684/3344
f 1808/7765/3369 1805/7766/3357 1798/7767/3353
f 318/7768/3383 328/7769/3383 327/7770/3383
f 295/7771/3384 297/7772/3384 298/7773/3384
f 1719/7448/3224 1775/7442/3249 1769/7441/3085
f 1854/7752/3378 2005/7451/3182 1807/7743/3373
f 1776/7508/3277 1805/7774/3357 1787/7414/3241
f 1794/7679/3341 1809/7775/3385 1793/7677/3296
f 1732/7695/3350 1739/7776/3386 1730/7696/3351
f 1797/7777/3387 1810/7778/3387 1809/7779/3387
f 314/7638/3329 285/7780/3264 313/7573/3191
f 1853/7781/3349 1854/7782/3378 418/7783/3388
f 1791/7784/3228 1803/7785/3359 1812/7786/3374
f 1768/7787/3246 415/7788/3336 1803/7789/3359
f 288/7718/3309 294/7658/3338 292/7636/3321
f 273/7377/3219 299/7790/3389 302/7791/3390
f 318/7653/3311 1516/7465/3162 328/7792/3391
f 401/7793/3332 319/7794/3392 114/7795/3222
f 288/7718/3309 309/7612/3318 300/7796/3393
f 2016/7717/3317 1797/7797/3394 1809/7775/3385
f 289/7592/3253 304/7798/3395 290/7593/3312
f 1534/7799/3225 1535/7751/3377 1528/7527/3240
f 1530/7800/3396 1541/7801/3396 1529/7802/3396
f 1801/7764/3356 1808/7765/3369 1802/7710/3358
f 1516/7251/3162 1523/7394/3230 402/7803/3397
f 1816/7647/3334 1640/7804/3398 1815/7761/3382
f 1797/7702/3354 1802/7710/3358 1810/7649/3335
f 412/7670/3299 419/7805/3399 415/7806/3336
f 1723/7553/3295 1736/7552/3294 1637/7807/3400
f 1811/7808/3333 1812/7809/3374 1806/7810/3372
f 1635/7634/3327 1636/7692/3348 1632/7453/3251
f 1855/7811/3401 1787/7414/3241 1805/7774/3357
f 301/7812/3402 299/7790/3389 268/7268/3158
f 321/7706/3275 317/7705/3337 322/7813/3403
f 412/7670/3299 1792/7617/3320 413/7741/3371
f 1541/7814/3404 1530/7815/3405 1535/7816/3377
f 1734/7817/3328 1637/7818/3400 1638/7819/3313
f 414/7820/3367 1804/7821/3286 1811/7822/3333
f 418/7783/3388 1813/7823/3406 1853/7781/3349
f 1798/7767/3353 1802/7710/3358 1808/7765/3369
f 171/7621/3308 294/7658/3338 296/7755/3379
f 1736/7824/3407 1735/7825/3407 1637/7826/3407
f 412/7670/3299 413/7741/3371 417/7827/3408
f 1637/7807/3400 1734/7690/3328 1723/7553/3295
f 296/7755/3379 347/7828/3409 170/7754/3231
f 314/7638/3329 1633/7737/3289 1636/7829/3348
f 1794/7679/3341 2016/7717/3317 1809/7775/3385
f 1719/7448/3224 1814/7830/3316 1815/7831/3382
f 1798/7700/3353 1810/7649/3335 1802/7710/3358
f 1805/7735/3357 1800/7703/3355 1855/7832/3401
f 1533/7739/3370 1536/7729/3366 1513/7253/3139
f 1809/7775/3385 1810/7833/3410 1793/7677/3296
f 412/7670/3299 417/7827/3408 419/7805/3399
f 1854/7752/3378 1807/7743/3373 417/7834/3408
f 302/7835/3390 304/7798/3395 289/7592/3253
f 1643/7836/3411 1816/7837/3334 1638/7838/3313
f 414/7730/3367 1636/7839/3348 1635/7660/3327
f 1742/7840/3412 1735/7841/3413 1639/7842/3360
f 1806/7843/3372 2005/7609/3182 1818/7688/3346
f 413/7741/3371 1817/7740/3342 417/7827/3408
f 1730/7714/3351 1739/7844/3386 1639/7715/3360
f 303/7845/3414 294/7658/3338 288/7718/3309
f 414/7820/3367 1811/7822/3333 416/7846/3415
f 1806/7742/3372 419/7847/3399 1807/7743/3373
f 289/7455/3253 273/7377/3219 302/7791/3390
f 1817/7848/3416 1853/7849/3416 1813/7850/3416
f 170/7851/3417 347/7852/3417 275/7853/3417
f 1806/7854/3418 1812/7855/3418 419/7856/3418
f 268/7268/3158 299/7790/3389 273/7377/3219
f 285/7780/3264 314/7638/3329 320/7857/3419
f 415/7788/3336 419/7858/3399 1803/7789/3359
f 309/7612/3318 288/7718/3309 291/7613/3319
f 304/7859/3395 297/7860/3381 290/7861/3312
f 1854/7782/3378 417/7862/3408 418/7783/3388
f 305/7863/3420 296/7755/3379 294/7658/3338
f 1636/7829/3348 414/7864/3367 314/7638/3329
f 1737/7865/3421 1739/7776/3386 1732/7695/3350
f 417/7866/3422 1813/7867/3422 418/7868/3422
f 419/7869/3399 1812/7786/3374 1803/7785/3359
f 305/7863/3420 297/7860/3381 304/7859/3395
f 294/7870/3338 303/7845/3414 305/7871/3420
f 419/7805/3399 417/7827/3408 1807/7872/3373
f 1530/7873/3405 1527/7525/3283 1535/7751/3377
f 297/7874/3423 305/7875/3423 306/7876/3423
f 298/7762/3364 297/7877/3424 306/7878/3425
f 417/7827/3408 1817/7740/3342 1813/7879/3426
f 307/7880/3427 296/7755/3379 305/7863/3420
f 285/7664/3264 320/7857/3419 335/7665/3339
f 320/7857/3419 314/7638/3329 414/7864/3367
f 309/7612/3318 298/7762/3364 300/7796/3393
f 1643/7836/3411 1640/7881/3398 1816/7837/3334
f 1733/7713/3323 1738/7882/3428 1732/7695/3350
f 300/7796/3393 303/7845/3414 288/7718/3309
f 304/7859/3395 302/7883/3390 305/7863/3420
f 298/7762/3364 306/7878/3425 300/7796/3393
f 1534/7799/3225 1536/7884/3366 1537/7885/3429
f 307/7880/3427 305/7863/3420 302/7883/3390
f 1642/7886/3430 1640/7887/3430 1646/7888/3430
f 1642/7889/3431 1815/7761/3382 1640/7804/3398
f 305/7871/3420 303/7845/3414 306/7878/3425
f 321/7890/3275 322/7891/3403 337/7892/3432
f 1538/7893/3433 1535/7751/3377 1534/7799/3225
f 1637/7894/3400 1735/7895/3413 1647/7896/3434
f 300/7796/3393 306/7878/3425 303/7845/3414
f 1536/7884/3366 1533/7897/3370 1537/7885/3429
f 1733/7713/3323 1529/7898/3255 1743/7899/3435
f 317/7705/3337 323/7900/3347 322/7813/3403
f 1529/7901/3255 1539/7902/3436 1540/7903/3437
f 1641/7904/3438 1719/7448/3224 1815/7831/3382
f 1787/7414/3241 1819/7905/3439 1818/7906/3346
f 335/7665/3339 320/7857/3419 414/7864/3367
f 1646/7907/3440 1640/7908/3440 1643/7909/3440
f 1662/7910/3441 1775/7442/3249 1719/7448/3224
f 1641/7911/3438 1815/7912/3382 1642/7913/3431
f 322/7813/3403 323/7900/3347 324/7914/3442
f 1637/7818/3400 1643/7915/3411 1638/7819/3313
f 321/7890/3275 337/7892/3432 401/7916/3332
f 402/7803/3397 1523/7394/3230 114/7381/3222
f 275/7917/3243 324/7918/3442 323/7919/3347
f 325/7920/3443 328/7921/3391 1516/7922/3162
f 1818/7688/3346 1811/7923/3333 1806/7843/3372
f 1787/7414/3241 1855/7811/3401 1819/7905/3439
f 402/7924/3397 114/7795/3222 319/7794/3392
f 1739/7925/3386 1740/7926/3444 1639/7927/3360
f 326/7928/3445 337/7892/3432 322/7891/3403
f 1818/7929/3346 416/7930/3415 1811/7931/3333
f 335/7932/3339 414/7820/3367 416/7846/3415
f 1820/7933/3446 1819/7934/3446 1855/7935/3446
f 1533/7936/3370 327/7937/3310 328/7938/3447
f 1800/7703/3355 1829/7939/3448 1855/7832/3401
f 329/7940/3449 333/7941/3449 328/7942/3449
f 1642/7913/3431 1646/7943/3450 1641/7911/3438
f 330/7944/3451 334/7945/3451 333/7946/3451
f 1784/7584/3272 1775/7501/3249 1800/7703/3355
f 1739/7947/3386 1741/7948/3452 1740/7949/3444
f 1529/7901/3255 1541/7950/3404 1539/7902/3436
f 329/7951/3453 330/7952/3453 333/7953/3453
f 402/7954/3397 319/7955/3392 325/7920/3443
f 1741/7956/3452 1739/7776/3386 1737/7865/3421
f 1533/7957/3370 1644/7958/3454 1645/7959/3455
f 329/7960/3456 328/7921/3391 325/7920/3443
f 1737/7865/3421 1732/7695/3350 1738/7882/3428
f 1829/7961/3457 1821/7962/3457 1855/7963/3457
f 347/7828/3409 296/7755/3379 307/7880/3427
f 1641/7904/3438 1662/7910/3441 1719/7448/3224
f 1538/7893/3433 1542/7964/3458 1535/7751/3377
f 322/7891/3403 324/7965/3442 326/7928/3445
f 1743/7899/3435 1738/7882/3428 1733/7713/3323
f 1649/7966/3459 1646/7967/3450 1643/7915/3411
f 299/7790/3389 308/7968/3460 302/7791/3390
f 1533/7936/3370 328/7938/3447 1644/7969/3454
f 401/7793/3332 337/7970/3432 341/7971/3461
f 1742/7840/3412 1647/7972/3434 1735/7841/3413
f 1820/7973/3462 1855/7974/3462 1821/7975/3462
f 1541/7814/3404 1535/7816/3377 1542/7976/3458
f 1818/7977/3346 1822/7978/3463 1833/7979/3464
f 1648/7980/3465 1641/7981/3438 1646/7982/3450
f 330/7983/3466 329/7960/3456 331/7984/3467
f 341/7971/3461 319/7794/3392 401/7793/3332
f 1822/7985/3463 1819/7905/3439 1820/7986/3468
f 299/7790/3389 338/7987/3469 308/7968/3460
f 1829/7939/3448 1800/7703/3355 1835/7988/3470
f 1649/7989/3459 1637/7894/3400 1647/7896/3434
f 1643/7915/3411 1637/7818/3400 1649/7966/3459
f 325/7920/3443 1516/7922/3162 402/7954/3397
f 326/7928/3445 324/7965/3442 332/7990/3471
f 1533/7897/3370 1645/7991/3455 1537/7885/3429
f 1538/7893/3433 1534/7799/3225 1537/7885/3429
f 403/7992/3472 326/7928/3445 332/7990/3471
f 333/7993/3473 334/7994/3474 328/7995/3475
f 1540/7903/3437 1743/7996/3435 1529/7901/3255
f 335/7997/3476 343/7998/3476 301/7999/3476
f 335/7753/3339 301/8000/3402 268/7238/3158
f 330/8001/3466 331/8002/3467 334/8003/3474
f 299/8004/3389 404/8005/3477 336/8006/3478
f 1818/7906/3346 1819/7905/3439 1822/7985/3463
f 1820/7986/3468 1821/8007/3479 1823/8008/3480
f 337/8009/3481 326/8010/3481 340/8011/3481
f 1740/7926/3444 1742/8012/3412 1639/7927/3360
f 299/8004/3389 336/8006/3478 338/8013/3469
f 1826/8014/3482 1821/8015/3482 1829/8016/3482
f 343/8017/3483 335/8018/3339 416/7930/3415
f 1546/8019/3484 1539/7902/3436 1541/7950/3404
f 1649/7966/3459 1648/8020/3465 1646/7967/3450
f 1653/8021/3485 1641/7981/3438 1648/7980/3465
f 324/7918/3442 275/7917/3243 332/8022/3471
f 334/7994/3474 339/8023/3486 328/7995/3475
f 1641/7981/3438 1653/8021/3485 1650/8024/3487
f 1822/7985/3463 1827/8025/3488 1824/8026/3489
f 339/8027/3490 1644/8028/3490 328/8029/3490
f 340/8030/3491 341/8031/3491 337/8032/3491
f 339/8033/3486 1652/8034/3492 1644/8035/3493
f 403/8036/3472 332/8037/3471 345/8038/3494
f 1827/8025/3488 1820/7986/3468 1825/8039/3495
f 405/8040/3496 299/8004/3389 301/8041/3402
f 1827/8025/3488 1822/7985/3463 1820/7986/3468
f 302/7791/3390 308/7968/3460 349/8042/3497
f 1822/7985/3463 1824/8026/3489 1833/8043/3464
f 1662/8044/3441 1641/8045/3438 1650/8046/3487
f 332/8037/3471 331/8047/3467 345/8038/3494
f 1820/7986/3468 1823/8008/3480 1825/8039/3495
f 338/8048/3469 336/8006/3478 353/8049/3498
f 344/8050/3499 308/8051/3460 338/8052/3469
f 344/8050/3499 351/8053/3500 308/8051/3460
f 1738/8054/3501 1743/8055/3501 1744/8056/3501
f 307/7880/3427 302/8057/3390 347/7828/3409
f 1653/8021/3485 339/8058/3486 1650/8024/3487
f 1826/8059/3502 1823/8060/3480 1821/8061/3479
f 1825/8062/3495 1831/8063/3503 1827/8064/3488
f 349/8042/3497 347/8065/3409 302/7791/3390
f 339/8033/3486 1651/8066/3504 1652/8034/3492
f 349/8067/3505 308/8068/3505 342/8069/3505
f 1833/7979/3464 1828/8070/3506 1818/7977/3346
f 404/8005/3477 299/8004/3389 405/8040/3496
f 326/7928/3445 403/7992/3472 340/8071/3507
f 1835/8072/3508 1826/8073/3508 1829/8074/3508
f 1738/7882/3428 1744/8075/3509 1737/7865/3421
f 308/8076/3510 351/8077/3510 342/8078/3510
f 332/8022/3471 275/7917/3243 331/8002/3467
f 1818/7929/3346 343/8017/3483 416/7930/3415
f 1662/8044/3441 1650/8046/3487 339/8079/3486
f 331/8002/3467 339/8080/3486 334/8003/3474
f 1740/7949/3444 1741/7948/3452 1657/8081/3511
f 331/8047/3467 319/7955/3392 345/8038/3494
f 329/7960/3456 325/7920/3443 331/7984/3467
f 339/8079/3486 1663/8082/3512 1662/8044/3441
f 319/7955/3392 331/8047/3467 325/7920/3443
f 1818/7929/3346 420/8083/3513 343/8017/3483
f 301/8041/3402 343/8084/3483 405/8040/3496
f 353/8049/3498 344/8085/3499 338/8048/3469
f 345/8086/3514 319/8087/3514 346/8088/3514
f 345/8089/3494 346/8090/3515 403/8091/3472
f 319/7794/3392 341/7971/3461 340/8092/3507
f 1538/7893/3433 1537/7885/3429 1543/8093/3516
f 1775/7501/3249 1662/8094/3441 1800/7703/3355
f 346/8090/3515 340/8092/3507 403/8091/3472
f 1540/8095/3437 1544/8096/3517 1743/8097/3435
f 340/8092/3507 346/8090/3515 319/7794/3392
f 275/7917/3243 347/8098/3409 348/8099/3518
f 1825/8100/3495 1823/8101/3480 1830/8102/3519
f 1743/8103/3435 1745/8104/3520 1744/8105/3509
f 1841/8106/3521 1827/8064/3488 1831/8063/3503
f 1841/8106/3521 1824/8107/3489 1827/8064/3488
f 1542/8108/3458 1545/8109/3522 1541/7950/3404
f 331/8002/3467 1663/8110/3512 339/8080/3486
f 1546/8019/3484 1541/7950/3404 1545/8109/3522
f 1800/7703/3355 1856/8111/3523 1835/7988/3470
f 349/8112/3497 362/8113/3524 347/8114/3409
f 420/8115/3513 1818/8116/3346 1828/8117/3506
f 1825/8100/3495 1830/8102/3519 1831/8118/3503
f 349/8119/3497 342/8120/3525 350/8121/3526
f 351/8122/3500 344/8123/3499 364/8124/3527
f 1709/8125/3528 1651/8126/3504 339/8127/3486
f 336/8006/3478 404/8005/3477 353/8049/3498
f 404/8128/3477 405/8129/3496 358/8130/3529
f 362/8131/3524 349/8119/3497 350/8121/3526
f 1658/8132/3530 1649/8133/3459 1647/7972/3434
f 344/8085/3499 353/8049/3498 355/8134/3531
f 1539/8135/3532 1546/8136/3532 1540/8137/3532
f 355/8138/3531 364/8124/3527 344/8123/3499
f 350/8139/3526 342/8140/3525 351/8122/3500
f 1826/8059/3502 1840/8141/3533 1823/8060/3480
f 1543/8093/3516 1537/7885/3429 1645/7991/3455
f 1828/8070/3506 1833/7979/3464 1832/8142/3534
f 1832/8143/3535 1833/8144/3535 1834/8145/3535
f 1800/7703/3355 1662/8094/3441 1856/8111/3523
f 1826/8059/3502 1835/8146/3470 1840/8141/3533
f 1652/8147/3492 1651/8126/3504 352/8148/3536
f 1824/8107/3489 1841/8106/3521 1836/8149/3537
f 1647/7972/3434 1742/7840/3412 1658/8132/3530
f 353/8049/3498 404/8005/3477 357/8150/3538
f 343/8151/3483 420/8115/3513 405/8152/3496
f 1709/8153/3528 339/8154/3486 1653/8155/3485
f 1652/8156/3539 352/8157/3539 1644/8158/3539
f 1830/8159/3519 1823/8160/3480 1837/8161/3540
f 351/8122/3500 364/8124/3527 350/8139/3526
f 1744/8075/3509 1747/8162/3541 1737/7865/3421
f 348/8163/3518 347/8114/3409 362/8113/3524
f 1824/8026/3489 1838/8164/3542 1833/8043/3464
f 1742/8165/3543 1740/8166/3543 1657/8167/3543
f 1648/8168/3465 1654/8169/3544 1653/8155/3485
f 1540/8095/3437 1546/8170/3484 1544/8096/3517
f 353/8171/3498 354/8172/3545 355/8173/3531
f 1831/8174/3503 1830/8159/3519 1839/8175/3546
f 404/8005/3477 380/8176/3547 357/8150/3538
f 1838/8177/3548 1824/8178/3548 1836/8179/3548
f 1837/8180/3549 1823/8181/3549 1840/8182/3549
f 1830/8159/3519 1837/8161/3540 1839/8175/3546
f 1835/8183/3470 1856/8184/3523 1845/8185/3550
f 353/8171/3498 356/8186/3551 354/8172/3545
f 1841/8187/3521 1831/8174/3503 1839/8175/3546
f 1833/8043/3464 1838/8164/3542 1834/8188/3552
f 1745/8104/3520 1746/8189/3553 1744/8190/3509
f 353/8191/3554 357/8192/3554 356/8193/3554
f 421/8194/3555 1828/8117/3506 1832/8195/3534
f 275/7917/3243 1663/8110/3512 331/8002/3467
f 380/8176/3547 404/8005/3477 358/8196/3529
f 350/8139/3526 364/8124/3527 359/8197/3556
f 365/8198/3557 364/8199/3527 355/8200/3531
f 1654/8169/3544 1648/8168/3465 1649/8133/3459
f 405/8129/3496 360/8201/3558 358/8130/3529
f 1542/7964/3458 1538/7893/3433 1543/8093/3516
f 1837/8202/3540 1840/8203/3533 1842/8204/3559
f 1840/8141/3533 1835/8146/3470 1843/8205/3560
f 421/8194/3555 420/8115/3513 1828/8117/3506
f 361/8206/3561 362/8207/3524 350/8139/3526
f 1747/8208/3541 1744/8209/3509 1746/8189/3553
f 1841/8187/3521 1839/8175/3546 1844/8210/3562
f 360/8201/3558 405/8129/3496 372/8211/3563
f 355/8200/3531 354/8212/3545 365/8198/3557
f 420/8115/3513 421/8194/3555 422/8213/3564
f 1655/8214/3565 1645/7959/3455 1644/7958/3454
f 420/8115/3513 422/8213/3564 367/8215/3566
f 357/8216/3538 363/8217/3567 356/8218/3551
f 359/8219/3556 364/8220/3527 365/8221/3557
f 1658/8132/3530 1656/8222/3568 1649/8133/3459
f 367/8215/3566 405/8152/3496 420/8115/3513
f 1845/8223/3550 1843/8205/3560 1835/8146/3470
f 350/8139/3526 359/8197/3556 366/8224/3569
f 352/8148/3536 1655/8214/3565 1644/7958/3454
f 405/8129/3496 367/8225/3566 368/8226/3570
f 362/8113/3524 375/8227/3571 348/8163/3518
f 422/8228/3564 421/8229/3555 423/8230/3572
f 357/8216/3538 380/8231/3547 363/8217/3567
f 1832/8232/3573 1846/8233/3573 1845/8234/3573
f 1840/8203/3533 1843/8235/3560 1842/8204/3559
f 421/8194/3555 1832/8195/3534 428/8236/3574
f 1856/8184/3523 1832/8237/3534 1845/8185/3550
f 350/8139/3526 366/8224/3569 361/8206/3561
f 1842/8238/3559 1839/8175/3546 1837/8161/3540
f 421/8229/3555 424/8239/3575 423/8230/3572
f 1545/8109/3522 1542/8108/3458 1547/8240/3576
f 1832/8241/3577 1838/8242/3542 1846/8243/3578
f 1847/8244/3579 1848/8245/3579 1838/8246/3579
f 405/8129/3496 368/8226/3570 372/8211/3563
f 1834/8247/3552 1838/8242/3542 1832/8241/3577
f 369/8248/3580 354/8249/3545 356/8250/3551
f 361/8206/3561 366/8224/3569 370/8251/3581
f 421/8252/3582 428/8253/3582 424/8254/3582
f 1841/8187/3521 1844/8210/3562 1836/8255/3537
f 361/8256/3561 375/8227/3571 362/8113/3524
f 370/8251/3581 371/8257/3583 375/8227/3571
f 356/8250/3551 363/8258/3567 369/8248/3580
f 1838/8259/3584 1836/8255/3537 1847/8260/3585
f 380/8261/3547 358/8130/3529 371/8257/3583
f 372/8262/3563 368/8263/3570 373/8264/3586
f 359/8219/3556 365/8221/3557 374/8265/3587
f 1838/8242/3542 1848/8266/3588 1846/8243/3578
f 1748/8267/3589 1746/8189/3553 1745/8104/3520
f 1843/8205/3560 1845/8223/3550 1846/8243/3578
f 275/7917/3243 348/8099/3518 375/8268/3571
f 1742/7840/3412 1657/8269/3511 1658/8132/3530
f 382/8270/3590 366/8224/3569 359/8197/3556
f 1846/8243/3578 1848/8266/3588 1843/8205/3560
f 1848/8271/3591 1849/8272/3591 1843/8273/3591
f 423/8230/3572 367/8274/3566 422/8228/3564
f 371/8257/3583 358/8130/3529 360/8201/3558
f 1746/8189/3553 1671/8275/3592 1747/8208/3541
f 365/8221/3557 354/8249/3545 376/8276/3593
f 1651/8126/3504 1709/8125/3528 352/8148/3536
f 1843/8235/3560 1849/8277/3594 1842/8204/3559
f 1847/8260/3585 1836/8255/3537 1844/8210/3562
f 1543/8093/3516 1560/8278/3595 1542/7964/3458
f 1542/7964/3458 1560/8278/3595 1548/8279/3596
f 1844/8210/3562 1839/8175/3546 1842/8238/3559
f 368/8263/3570 367/8280/3566 377/8281/3597
f 384/8282/3598 380/8261/3547 371/8257/3583
f 372/8262/3563 378/8283/3599 360/8284/3558
f 367/8274/3566 423/8230/3572 377/8285/3597
f 375/8227/3571 361/8256/3561 370/8251/3581
f 1849/8286/3594 1848/8287/3600 1847/8260/3585
f 359/8219/3556 374/8265/3587 382/8288/3590
f 371/8257/3583 370/8251/3581 366/8224/3569
f 375/8268/3571 1663/8110/3512 275/7917/3243
f 369/8248/3580 376/8276/3593 354/8249/3545
f 380/8289/3547 379/8290/3601 363/8258/3567
f 1657/8291/3511 1741/8292/3452 1749/8293/3602
f 1844/8210/3562 1842/8238/3559 1849/8286/3594
f 375/8227/3571 371/8257/3583 360/8201/3558
f 1849/8286/3594 1847/8260/3585 1844/8210/3562
f 374/8265/3587 365/8221/3557 376/8276/3593
f 428/8294/3574 1832/8237/3534 1856/8184/3523
f 1658/8295/3530 1657/8296/3511 1659/8297/3603
f 379/8290/3601 369/8248/3580 363/8258/3567
f 384/8298/3598 371/8257/3583 382/8270/3590
f 424/8299/3604 428/8300/3604 425/8301/3604
f 1737/7865/3421 1749/8302/3602 1741/7956/3452
f 426/8303/3605 377/8285/3597 423/8230/3572
f 1545/8109/3522 1593/8304/3606 1546/8019/3484
f 1549/8305/3607 1745/8104/3520 1743/8103/3435
f 380/8306/3608 384/8307/3608 379/8308/3608
f 381/8309/3609 376/8276/3593 369/8248/3580
f 366/8224/3569 382/8270/3590 371/8257/3583
f 427/8310/3610 423/8230/3572 424/8239/3575
f 372/8262/3563 373/8264/3586 378/8283/3599
f 382/8311/3611 383/8312/3611 384/8313/3611
f 368/8263/3570 377/8281/3597 373/8264/3586
f 428/8294/3574 1856/8184/3523 1850/8314/3612
f 1709/8153/3528 1653/8155/3485 1654/8169/3544
f 1850/8315/3613 425/8316/3613 428/8317/3613
f 1749/8293/3602 1660/8318/3614 1657/8291/3511
f 1542/8108/3458 1548/8319/3596 1547/8240/3576
f 352/8148/3536 1709/8125/3528 1661/8320/3615
f 1743/8097/3435 1551/8321/3616 1549/8322/3607
f 427/8310/3610 426/8303/3605 423/8230/3572
f 385/8323/3617 375/8227/3571 360/8201/3558
f 383/8324/3618 379/8290/3601 384/8325/3619
f 1544/8096/3517 1551/8321/3616 1743/8097/3435
f 374/8265/3587 383/8324/3618 382/8326/3590
f 1737/7865/3421 1747/8162/3541 1749/8302/3602
f 386/8327/3620 360/8284/3558 378/8283/3599
f 1746/8189/3553 1748/8267/3589 1671/8275/3592
f 374/8265/3587 381/8309/3609 383/8324/3618
f 376/8276/3593 381/8309/3609 374/8265/3587
f 385/8328/3621 360/8329/3621 386/8330/3621
f 1649/8133/3459 1656/8222/3568 1654/8169/3544
f 425/8331/3622 427/8310/3610 424/8239/3575
f 377/8281/3597 392/8332/3623 373/8264/3586
f 1856/8184/3523 406/8333/3624 1850/8314/3612
f 381/8309/3609 369/8248/3580 379/8290/3601
f 378/8283/3599 373/8264/3586 392/8332/3623
f 1662/8334/3441 1663/8335/3512 1856/8336/3523
f 379/8290/3601 383/8324/3618 381/8309/3609
f 1850/8337/3612 398/8338/3625 425/8339/3622
f 389/8340/3626 375/8227/3571 385/8323/3617
f 427/8310/3610 398/8338/3625 426/8303/3605
f 389/8340/3626 1666/8341/3627 375/8227/3571
f 1544/8096/3517 1546/8170/3484 1589/8342/3628
f 385/8343/3617 386/8327/3620 389/8344/3626
f 352/8148/3536 1664/8345/3629 1655/8214/3565
f 377/8346/3597 387/8347/3630 392/8348/3623
f 1709/8153/3528 1654/8169/3544 1665/8349/3631
f 1748/8267/3589 1745/8104/3520 1549/8305/3607
f 1659/8297/3603 1656/8350/3568 1658/8295/3530
f 427/8310/3610 425/8339/3622 398/8338/3625
f 426/8351/3632 429/8352/3632 377/8353/3632
f 1543/8093/3516 1645/7991/3455 1668/8354/3633
f 378/8283/3599 392/8332/3623 388/8355/3634
f 1850/8356/3612 406/8357/3624 398/8358/3625
f 389/8359/3635 390/8360/3635 406/8361/3635
f 391/8362/3636 388/8363/3636 392/8364/3636
f 1550/8365/3637 1551/8321/3616 1544/8096/3517
f 378/8283/3599 388/8355/3634 386/8327/3620
f 390/8366/3638 389/8344/3626 393/8367/3639
f 1660/8318/3614 1659/8368/3603 1657/8291/3511
f 389/8344/3626 386/8327/3620 393/8367/3639
f 386/8327/3620 388/8355/3634 393/8367/3639
f 1589/8342/3628 1550/8369/3637 1544/8096/3517
f 406/8357/3624 395/8370/3640 398/8358/3625
f 429/8371/3641 387/8372/3630 377/8373/3597
f 399/8374/3642 426/8375/3642 398/8376/3642
f 1549/8377/3607 1551/8378/3616 1556/8379/3643
f 392/8348/3623 387/8347/3630 391/8380/3644
f 406/8357/3624 390/8366/3638 395/8370/3640
f 1551/8381/3616 1550/8369/3637 1552/8382/3645
f 1551/8378/3616 1552/8383/3645 1556/8379/3643
f 1666/8384/3646 406/8385/3646 1856/8386/3646
f 1663/8387/3512 375/8227/3571 1666/8341/3627
f 388/8388/3634 394/8389/3647 393/8390/3639
f 352/8148/3536 1667/8391/3648 1664/8345/3629
f 1663/8335/3512 1666/8392/3627 1856/8336/3523
f 393/8367/3639 395/8370/3640 390/8366/3638
f 389/8340/3626 406/8393/3649 1666/8341/3627
f 395/8394/3650 393/8395/3650 400/8396/3650
f 399/8397/3651 429/8398/3641 426/8399/3652
f 1645/7959/3455 1655/8214/3565 1668/8400/3633
f 395/8401/3653 397/8402/3653 398/8403/3653
f 429/8371/3641 396/8404/3654 387/8372/3630
f 1545/8109/3522 1547/8240/3576 1593/8405/3606
f 400/8406/3655 397/8407/3655 395/8408/3655
f 1659/8368/3603 1660/8318/3614 1669/8409/3656
f 399/8397/3651 396/8410/3654 429/8398/3641
f 398/8411/3657 397/8412/3658 399/8413/3651
f 394/8389/3647 400/8414/3659 393/8390/3639
f 1547/8240/3576 1553/8415/3660 1554/8416/3661
f 391/8417/3644 394/8389/3647 388/8388/3634
f 1548/8319/3596 1560/8418/3595 1553/8415/3660
f 1550/8369/3637 1590/8419/3662 1552/8382/3645
f 1656/8222/3568 1670/8420/3663 1654/8169/3544
f 1547/8240/3576 1548/8319/3596 1553/8415/3660
f 394/8421/3647 391/8422/3644 387/8372/3630
f 1552/8382/3645 1590/8419/3662 1555/8423/3664
f 1555/8423/3664 1556/8424/3643 1552/8382/3645
f 397/8412/3658 396/8404/3654 399/8413/3651
f 1709/8153/3528 1665/8349/3631 1661/8425/3615
f 396/8404/3654 397/8412/3658 394/8421/3647
f 396/8404/3654 394/8421/3647 387/8372/3630
f 397/8412/3658 400/8426/3659 394/8421/3647
f 1659/8368/3603 1669/8409/3656 1656/8427/3568
f 1546/8019/3484 1557/8428/3665 1589/8429/3628
f 1668/8400/3633 1655/8214/3565 1683/8430/3666
f 1543/8093/3516 1668/8354/3633 1558/8431/3667
f 1558/8431/3667 1560/8278/3595 1543/8093/3516
f 1750/8432/3668 1549/8433/3668 1556/8434/3668
f 1671/8275/3592 1749/8435/3602 1747/8208/3541
f 1667/8391/3648 352/8148/3536 1661/8320/3615
f 1546/8019/3484 1593/8304/3606 1592/8436/3669
f 1664/8345/3629 1683/8430/3666 1655/8214/3565
f 1590/8419/3662 1550/8369/3637 1589/8342/3628
f 1671/8437/3592 1672/8438/3670 1749/8293/3602
f 1555/8423/3664 1750/8439/3671 1556/8424/3643
f 1557/8428/3665 1546/8019/3484 1592/8436/3669
f 1549/8305/3607 1750/8440/3671 1748/8267/3589
f 1558/8431/3667 1668/8354/3633 1687/8441/3672
f 1547/8240/3576 1554/8416/3661 1559/8442/3673
f 1558/8431/3667 1687/8441/3672 1560/8443/3595
f 1687/8444/3672 1668/8400/3633 1683/8430/3666
f 1749/8293/3602 1673/8445/3674 1660/8318/3614
f 1547/8240/3576 1559/8442/3673 1593/8405/3606
f 1589/8429/3628 1561/8446/3675 1590/8447/3662
f 1553/8415/3660 1560/8448/3595 1687/8449/3672
f 1671/8275/3592 1748/8267/3589 1751/8450/3676
f 1665/8349/3631 1654/8169/3544 1670/8420/3663
f 1673/8445/3674 1669/8409/3656 1660/8318/3614
f 1589/8429/3628 1557/8428/3665 1562/8451/3677
f 1674/8452/3678 1661/8425/3615 1665/8349/3631
f 1555/8423/3664 1590/8419/3662 1591/8453/3679
f 1664/8345/3629 1667/8391/3648 1683/8430/3666
f 1590/8454/3662 1563/8455/3680 1591/8456/3679
f 1749/8293/3602 1672/8438/3670 1673/8445/3674
f 1675/8457/3681 1672/8438/3670 1671/8437/3592
f 1590/8447/3662 1561/8446/3675 1563/8455/3680
f 1656/8427/3568 1669/8409/3656 1676/8458/3682
f 1555/8423/3664 1752/8459/3683 1750/8439/3671
f 1592/8436/3669 1564/8460/3684 1557/8428/3665
f 1656/8427/3568 1676/8458/3682 1670/8461/3663
f 1592/8462/3669 1593/8463/3606 1565/8464/3685
f 1589/8429/3628 1566/8465/3686 1561/8446/3675
f 1566/8465/3686 1589/8429/3628 1562/8451/3677
f 1683/8430/3666 1667/8391/3648 1684/8466/3687
f 1661/8320/3615 1674/8467/3678 1667/8391/3648
f 1674/8452/3678 1665/8349/3631 1670/8420/3663
f 1593/8468/3688 1559/8469/3688 1594/8470/3688
f 1437/8471/3689 1591/8456/3679 1563/8455/3680
f 1674/8467/3678 1677/8472/3690 1667/8391/3648
f 1750/8473/3671 1751/8450/3676 1748/8267/3589
f 1567/8474/3691 1437/8471/3689 1563/8455/3680
f 1568/8475/3692 1554/8416/3661 1553/8415/3660
f 1678/8476/3693 1674/8452/3678 1670/8420/3663
f 1591/8456/3679 1437/8471/3689 1446/8477/3694
f 1591/8456/3679 1446/8477/3694 1555/8478/3664
f 1687/8449/3672 1568/8475/3692 1553/8415/3660
f 1569/8479/3695 1563/8455/3680 1561/8446/3675
f 1557/8428/3665 1564/8460/3684 1562/8451/3677
f 1673/8445/3674 1679/8480/3696 1669/8409/3656
f 1569/8479/3695 1567/8474/3691 1563/8455/3680
f 1593/8463/3606 1594/8481/3697 1565/8464/3685
f 1674/8467/3678 1680/8482/3698 1677/8472/3690
f 1678/8483/3693 1680/8482/3698 1674/8467/3678
f 1436/8484/3699 1437/8485/3689 1567/8486/3691
f 1569/8479/3695 1561/8446/3675 1566/8465/3686
f 1672/8438/3670 1675/8457/3681 1681/8487/3700
f 1667/8391/3648 1677/8472/3690 1684/8466/3687
f 1564/8488/3684 1592/8462/3669 1565/8464/3685
f 1679/8480/3696 1682/8489/3701 1669/8409/3656
f 1501/8490/3702 1437/8485/3689 1436/8484/3699
f 1676/8458/3682 1678/8491/3693 1670/8461/3663
f 1501/8490/3702 1446/8492/3694 1437/8485/3689
f 1554/8416/3661 1594/8493/3697 1559/8442/3673
f 1562/8451/3677 1595/8494/3703 1566/8465/3686
f 1438/8495/3704 1436/8484/3699 1567/8486/3691
f 1682/8489/3701 1676/8458/3682 1669/8409/3656
f 1671/8275/3592 1751/8450/3676 1675/8496/3681
f 1564/8488/3684 1565/8464/3685 1570/8497/3705
f 1751/8450/3676 1750/8473/3671 1752/8498/3683
f 1438/8495/3704 1567/8486/3691 1569/8499/3695
f 1683/8500/3706 1684/8501/3706 1687/8502/3706
f 1436/8484/3699 1438/8495/3704 1439/8503/3707
f 1436/8484/3699 1502/8504/3708 1501/8490/3702
f 1691/8505/3709 1751/8450/3676 1752/8498/3683
f 1594/8481/3697 1571/8506/3710 1565/8464/3685
f 1684/8466/3687 1677/8472/3690 1685/8507/3711
f 1686/8508/3712 1568/8509/3692 1687/8510/3672
f 1569/8499/3695 1440/8511/3713 1438/8495/3704
f 1436/8484/3699 1439/8503/3707 1502/8504/3708
f 1572/8512/3714 1555/8423/3664 1446/8513/3694
f 1686/8508/3712 1687/8510/3672 1684/8466/3687
f 1562/8451/3677 1564/8460/3684 1595/8494/3703
f 1441/8514/3715 1501/8515/3702 1502/8516/3708
f 1677/8472/3690 1680/8482/3698 1688/8517/3716
f 1568/8475/3692 1594/8493/3697 1554/8416/3661
f 1442/8518/3717 1438/8495/3704 1440/8511/3713
f 1439/8503/3707 1438/8495/3704 1442/8518/3717
f 1673/8445/3674 1672/8438/3670 1681/8487/3700
f 1444/8519/3718 1569/8479/3695 1566/8465/3686
f 1439/8503/3707 1503/8520/3719 1502/8504/3708
f 1439/8503/3707 1442/8518/3717 1443/8521/3720
f 1595/8494/3703 1444/8519/3718 1566/8465/3686
f 1440/8511/3713 1569/8499/3695 1444/8522/3718
f 1676/8458/3682 1682/8489/3701 1710/8523/3721
f 1752/8459/3683 1555/8423/3664 1572/8512/3714
f 1682/8489/3701 1679/8480/3696 1711/8524/3722
f 1685/8507/3711 1686/8508/3712 1684/8466/3687
f 1677/8472/3690 1688/8517/3716 1685/8507/3711
f 1445/8525/3723 1446/8526/3694 1501/8515/3702
f 1502/8516/3708 1503/8527/3719 1441/8514/3715
f 1680/8482/3698 1678/8483/3693 1688/8517/3716
f 1682/8489/3701 1711/8524/3722 1710/8523/3721
f 1443/8521/3720 1503/8520/3719 1439/8503/3707
f 1447/8528/3724 1442/8518/3717 1440/8511/3713
f 1752/8459/3683 1572/8512/3714 1691/8529/3709
f 1570/8497/3705 1565/8464/3685 1571/8506/3710
f 1447/8528/3724 1448/8530/3725 1442/8518/3717
f 1442/8518/3717 1448/8530/3725 1443/8521/3720
f 1449/8531/3726 1440/8511/3713 1444/8522/3718
f 1446/8526/3694 1445/8525/3723 1572/8532/3714
f 1501/8515/3702 1441/8514/3715 1445/8525/3723
f 1568/8533/3692 1571/8506/3710 1594/8481/3697
f 1710/8523/3721 1678/8491/3693 1676/8458/3682
f 1686/8508/3712 1685/8507/3711 1689/8534/3727
f 1688/8517/3716 1689/8534/3727 1685/8507/3711
f 1568/8509/3692 1686/8508/3712 1695/8535/3728
f 1441/8514/3715 1503/8527/3719 1450/8536/3729
f 1751/8450/3676 1691/8505/3709 1675/8496/3681
f 1678/8483/3693 1710/8537/3721 1688/8517/3716
f 1596/8538/3730 1444/8519/3718 1595/8494/3703
f 1443/8521/3720 1448/8530/3725 1451/8539/3731
f 1447/8528/3724 1452/8540/3732 1448/8530/3725
f 1453/8541/3733 1504/8542/3734 1503/8520/3719
f 1711/8524/3722 1679/8480/3696 1698/8543/3735
f 1454/8544/3736 1445/8525/3723 1441/8514/3715
f 1455/8545/3737 1449/8531/3726 1444/8522/3718
f 1456/8546/3738 1691/8547/3709 1572/8532/3714
f 1452/8540/3732 1447/8528/3724 1440/8511/3713
f 1595/8548/3703 1564/8488/3684 1573/8549/3739
f 1504/8550/3734 1450/8536/3729 1503/8527/3719
f 1689/8534/3727 1693/8551/3740 1686/8508/3712
f 1443/8521/3720 1451/8539/3731 1453/8541/3733
f 1564/8488/3684 1570/8497/3705 1573/8549/3739
f 1695/8535/3728 1686/8508/3712 1693/8551/3740
f 1571/8506/3710 1568/8533/3692 1574/8552/3741
f 1441/8514/3715 1450/8536/3729 1457/8553/3742
f 1673/8445/3674 1698/8543/3735 1679/8480/3696
f 1441/8514/3715 1457/8553/3742 1454/8544/3736
f 1703/8554/3743 1681/8487/3700 1675/8457/3681
f 1443/8521/3720 1453/8541/3733 1503/8520/3719
f 1456/8546/3738 1445/8525/3723 1458/8555/3744
f 1458/8555/3744 1445/8525/3723 1454/8544/3736
f 1690/8556/3745 1710/8537/3721 1711/8557/3722
f 1700/8558/3746 1675/8457/3681 1691/8559/3709
f 1455/8560/3737 1444/8519/3718 1596/8538/3730
f 1459/8561/3747 1440/8511/3713 1449/8531/3726
f 1440/8511/3713 1459/8561/3747 1452/8540/3732
f 1681/8487/3700 1692/8562/3748 1673/8445/3674
f 1673/8445/3674 1692/8562/3748 1712/8563/3749
f 1574/8552/3741 1570/8497/3705 1571/8506/3710
f 1595/8548/3703 1575/8564/3750 1596/8565/3730
f 1454/8544/3736 1457/8553/3742 1460/8566/3751
f 1673/8445/3674 1712/8563/3749 1698/8543/3735
f 1710/8537/3721 1689/8534/3727 1688/8517/3716
f 1445/8525/3723 1456/8546/3738 1572/8532/3714
f 1692/8562/3748 1681/8487/3700 1703/8554/3743
f 1453/8541/3733 1451/8539/3731 1461/8567/3752
f 1451/8539/3731 1448/8530/3725 1467/8568/3753
f 1468/8569/3754 1448/8530/3725 1452/8540/3732
f 1694/8570/3755 1695/8571/3755 1693/8572/3755
f 1690/8556/3745 1689/8534/3727 1710/8537/3721
f 1450/8536/3729 1504/8550/3734 1462/8573/3756
f 1455/8545/3737 1597/8574/3757 1449/8531/3726
f 1458/8555/3744 1454/8544/3736 1460/8566/3751
f 1695/8575/3758 1576/8576/3758 1568/8577/3758
f 1690/8556/3745 1696/8578/3759 1689/8534/3727
f 1456/8546/3738 1578/8579/3760 1691/8547/3709
f 1675/8457/3681 1700/8558/3746 1703/8554/3743
f 1576/8580/3761 1574/8581/3741 1568/8582/3692
f 1570/8497/3705 1574/8552/3741 1573/8549/3739
f 1597/8583/3757 1455/8560/3737 1596/8538/3730
f 1452/8540/3732 1459/8561/3747 1463/8584/3762
f 1693/8585/3763 1697/8586/3763 1694/8587/3763
f 1453/8541/3733 1464/8588/3764 1504/8542/3734
f 1696/8589/3759 1711/8557/3722 1698/8590/3735
f 1695/8591/3765 1694/8592/3766 1576/8593/3761
f 1693/8594/3767 1696/8595/3767 1697/8596/3767
f 1696/8578/3759 1693/8551/3740 1689/8534/3727
f 1690/8556/3745 1711/8557/3722 1696/8589/3759
f 1698/8597/3768 1699/8598/3768 1696/8599/3768
f 1712/8600/3749 1699/8601/3769 1698/8602/3735
f 1504/8603/3734 1464/8604/3764 1465/8605/3770
f 1451/8539/3731 1482/8606/3771 1461/8567/3752
f 1697/8607/3772 1576/8593/3761 1694/8592/3766
f 1575/8564/3750 1595/8548/3703 1573/8549/3739
f 1468/8569/3754 1467/8568/3753 1448/8530/3725
f 1573/8549/3739 1574/8552/3741 1579/8608/3773
f 1576/8580/3761 1598/8609/3774 1574/8581/3741
f 1464/8588/3764 1453/8541/3733 1461/8567/3752
f 1457/8553/3742 1466/8610/3775 1460/8566/3751
f 1577/8611/3776 1596/8565/3730 1575/8564/3750
f 1577/8611/3776 1597/8612/3757 1596/8565/3730
f 1691/8613/3777 1599/8614/3777 1700/8615/3777
f 1578/8579/3760 1456/8546/3738 1458/8555/3744
f 1476/8616/3778 1452/8617/3732 1463/8618/3762
f 1457/8553/3742 1450/8536/3729 1462/8573/3756
f 1451/8539/3731 1467/8568/3753 1482/8606/3771
f 1478/8619/3779 1467/8620/3753 1476/8616/3778
f 1452/8617/3732 1476/8616/3778 1468/8621/3754
f 1468/8621/3754 1476/8616/3778 1467/8620/3753
f 1599/8622/3780 1704/8623/3781 1703/8554/3743
f 1691/8624/3782 1578/8625/3782 1599/8626/3782
f 1701/8627/3783 1696/8628/3784 1699/8601/3769
f 1457/8553/3742 1462/8573/3756 1469/8629/3785
f 1702/8630/3786 1692/8562/3748 1703/8554/3743
f 1458/8555/3744 1460/8566/3751 1470/8631/3787
f 1463/8584/3762 1459/8561/3747 1507/8632/3788
f 1599/8622/3780 1703/8554/3743 1700/8558/3746
f 1459/8561/3747 1449/8531/3726 1507/8632/3788
f 1697/8607/3772 1696/8628/3784 1701/8627/3783
f 1597/8574/3757 1507/8632/3788 1449/8531/3726
f 1470/8631/3787 1460/8566/3751 1466/8610/3775
f 1462/8573/3756 1504/8550/3734 1465/8633/3770
f 1598/8634/3789 1579/8635/3789 1574/8636/3789
f 1699/8601/3769 1712/8600/3749 1701/8627/3783
f 1462/8573/3756 1465/8633/3770 1471/8637/3790
f 1508/8638/3791 1507/8632/3788 1597/8574/3757
f 1457/8553/3742 1469/8629/3785 1472/8639/3792
f 1701/8627/3783 1576/8593/3761 1697/8607/3772
f 1573/8549/3739 1579/8608/3773 1575/8564/3750
f 1462/8573/3756 1471/8637/3790 1469/8629/3785
f 1578/8579/3760 1458/8555/3744 1582/8640/3793
f 1473/8641/3794 1463/8642/3762 1507/8643/3788
f 1474/8644/3795 1465/8605/3770 1464/8604/3764
f 1692/8562/3748 1702/8630/3786 1712/8563/3749
f 1575/8564/3750 1580/8645/3796 1577/8611/3776
f 1703/8646/3797 1704/8647/3797 1702/8648/3797
f 1470/8631/3787 1486/8649/3798 1458/8555/3744
f 1463/8650/3762 1475/8651/3799 1476/8652/3778
f 1582/8653/3793 1458/8654/3744 1477/8655/3800
f 1458/8656/3801 1486/8657/3801 1477/8658/3801
f 1466/8610/3775 1457/8553/3742 1472/8639/3792
f 1478/8659/3779 1476/8652/3778 1475/8651/3799
f 1474/8644/3795 1479/8660/3802 1465/8605/3770
f 1579/8608/3773 1598/8661/3774 1708/8662/3803
f 1712/8563/3749 1702/8630/3786 1704/8663/3781
f 1505/8664/3804 1475/8651/3799 1463/8650/3762
f 1577/8665/3805 1583/8666/3805 1597/8667/3805
f 1466/8610/3775 1480/8668/3806 1470/8631/3787
f 1481/8669/3807 1482/8670/3771 1467/8620/3753
f 1704/8623/3781 1713/8671/3808 1712/8672/3749
f 1580/8645/3796 1575/8564/3750 1579/8608/3773
f 1466/8610/3775 1472/8639/3792 1480/8668/3806
f 1508/8673/3809 1597/8674/3809 1583/8675/3809
f 1505/8676/3804 1483/8677/3810 1475/8678/3799
f 1464/8588/3764 1461/8567/3752 1474/8679/3795
f 1705/8680/3811 1701/8627/3783 1712/8600/3749
f 1467/8620/3753 1478/8619/3779 1481/8669/3807
f 1463/8642/3762 1473/8641/3794 1505/8681/3804
f 1484/8682/3812 1461/8567/3752 1482/8606/3771
f 1701/8627/3783 1705/8680/3811 1576/8593/3761
f 1506/8683/3813 1478/8659/3779 1475/8651/3799
f 1713/8684/3808 1705/8680/3811 1712/8600/3749
f 1491/8685/3814 1486/8649/3798 1470/8631/3787
f 1708/8662/3803 1580/8645/3796 1579/8608/3773
f 1475/8678/3799 1483/8677/3810 1506/8686/3813
f 1469/8629/3785 1485/8687/3815 1472/8639/3792
f 1477/8655/3800 1486/8688/3816 1582/8653/3793
f 1583/8689/3817 1507/8690/3788 1508/8691/3791
f 1599/8692/3818 1578/8579/3760 1582/8640/3793
f 1498/8693/3819 1482/8670/3771 1481/8669/3807
f 1483/8677/3810 1472/8639/3792 1485/8687/3815
f 1480/8668/3806 1472/8639/3792 1483/8677/3810
f 1470/8631/3787 1480/8668/3806 1487/8694/3820
f 1487/8694/3820 1480/8668/3806 1483/8677/3810
f 1461/8567/3752 1484/8682/3812 1474/8679/3795
f 1485/8687/3815 1506/8686/3813 1483/8677/3810
f 1488/8695/3821 1470/8631/3787 1487/8694/3820
f 1509/8696/3822 1485/8687/3815 1469/8629/3785
f 1580/8645/3796 1708/8662/3803 1588/8697/3823
f 1491/8685/3814 1470/8631/3787 1488/8695/3821
f 1473/8641/3794 1507/8643/3788 1511/8698/3824
f 1509/8696/3822 1469/8629/3785 1471/8699/3790
f 1506/8683/3813 1481/8669/3807 1478/8659/3779
f 1506/8683/3813 1485/8700/3815 1489/8701/3825
f 1599/8622/3780 1492/8702/3826 1704/8623/3781
f 1577/8611/3776 1580/8645/3796 1581/8703/3827
f 1505/8676/3804 1487/8694/3820 1483/8677/3810
f 1598/8704/3774 1576/8593/3761 1706/8705/3828
f 1599/8706/3829 1582/8707/3829 1492/8708/3829
f 1487/8694/3820 1505/8676/3804 1488/8695/3821
f 1489/8701/3825 1481/8669/3807 1506/8683/3813
f 1708/8662/3803 1598/8661/3774 1706/8709/3828
f 1581/8703/3827 1583/8710/3830 1577/8611/3776
f 1489/8701/3825 1485/8700/3815 1509/8711/3822
f 1576/8593/3761 1705/8680/3811 1706/8705/3828
f 1505/8676/3804 1473/8641/3794 1488/8695/3821
f 1473/8641/3794 1511/8698/3824 1488/8695/3821
f 1707/8712/3831 1705/8680/3811 1713/8684/3808
f 1488/8695/3821 1510/8713/3832 1491/8685/3814
f 1584/8714/3833 1588/8697/3823 1708/8662/3803
f 1583/8715/3830 1581/8716/3827 1490/8717/3834
f 1706/8705/3828 1705/8680/3811 1707/8712/3831
f 1588/8697/3823 1581/8703/3827 1580/8645/3796
f 1484/8718/3812 1482/8670/3771 1498/8693/3819
f 1511/8698/3824 1510/8713/3832 1488/8695/3821
f 1510/8719/3832 1582/8653/3793 1486/8688/3816
f 1486/8720/3835 1491/8721/3835 1510/8722/3835
f 1492/8723/3836 1582/8653/3793 1585/8724/3837
f 1708/8725/3803 1706/8705/3828 1707/8712/3831
f 1498/8693/3819 1481/8669/3807 1493/8726/3838
f 1708/8662/3803 1707/8727/3831 1584/8714/3833
f 1465/8728/3770 1479/8660/3802 1494/8729/3839
f 1704/8623/3781 1497/8730/3840 1713/8671/3808
f 1507/8690/3788 1583/8689/3817 1495/8731/3841
f 1497/8730/3840 1704/8623/3781 1492/8702/3826
f 1511/8732/3824 1507/8690/3788 1495/8731/3841
f 1465/8633/3770 1499/8733/3842 1471/8637/3790
f 1511/8732/3824 1495/8731/3841 1510/8719/3832
f 1585/8734/3843 1497/8735/3843 1492/8736/3843
f 1583/8715/3830 1490/8717/3834 1512/8737/3844
f 1583/8738/3845 1512/8739/3845 1495/8740/3845
f 1510/8719/3832 1585/8724/3837 1582/8653/3793
f 1494/8741/3839 1499/8742/3842 1465/8743/3770
f 1484/8682/3812 1496/8744/3846 1474/8679/3795
f 1588/8697/3823 1584/8714/3833 1586/8745/3847
f 1707/8712/3831 1713/8684/3808 1497/8746/3840
f 1512/8747/3848 1510/8719/3832 1495/8731/3841
f 1497/8748/3849 1585/8724/3837 1512/8747/3848
f 1585/8724/3837 1510/8719/3832 1512/8747/3848
f 1496/8744/3846 1484/8682/3812 1498/8749/3819
f 1499/8750/3842 1509/8696/3822 1471/8699/3790
f 1707/8727/3831 1586/8745/3847 1584/8714/3833
f 1586/8751/3847 1707/8712/3831 1497/8746/3840
f 1497/8752/3850 1588/8753/3850 1586/8754/3850
f 1587/8755/3851 1588/8756/3851 1497/8757/3851
f 1581/8716/3827 1512/8758/3844 1490/8717/3834
f 1587/8759/3852 1581/8760/3852 1588/8761/3852
f 1497/8762/3853 1512/8763/3853 1581/8764/3853
f 1581/8765/3854 1587/8766/3854 1497/8767/3854
f 1474/8644/3795 1496/8768/3846 1479/8660/3802
f 1489/8701/3825 1493/8726/3838 1481/8669/3807
f 1509/8711/3822 1499/8769/3842 1489/8701/3825
f 1493/8770/3838 1489/8771/3825 1499/8772/3842
f 1500/8773/3855 1496/8744/3846 1498/8749/3819
f 1479/8660/3802 1496/8768/3846 1499/8774/3842
f 1479/8660/3802 1499/8774/3842 1494/8729/3839
f 1493/8726/3838 1500/8775/3855 1498/8693/3819
f 1496/8776/3856 1500/8777/3856 1499/8778/3856
f 1499/8772/3842 1500/8779/3855 1493/8770/3838
