# totem_frost: normalized for CS2Warcraft (Y-up, ground at y=0, scale 33.6483)
o totem_frost
v 1.2789 59.0673 2.3591
v 1.1490 53.5268 2.2127
v 0.1157 51.6473 6.9885
v 1.4036 55.1693 2.7174
v 0.8801 54.5033 6.2123
v 1.9256 50.8744 6.0319
v 2.0259 58.9801 1.8757
v 0.8856 54.1804 6.1818
v 0.9139 50.4552 6.4806
v 0.6216 50.7201 6.0858
v 1.5728 47.7281 6.1272
v 0.7376 47.8483 6.0987
v 0.9520 52.7927 6.3044
v 0.8555 50.2248 6.0511
v 0.9002 53.4269 4.4924
v 0.7598 47.9507 6.3998
v 0.5226 48.4554 6.4691
v 1.6757 49.8825 6.4584
v 0.7231 48.7496 6.0705
v 1.5921 53.0384 3.6341
v 0.9330 54.3799 4.6898
v 1.2807 54.3374 4.7656
v 1.6976 57.2172 2.6018
v 0.8983 52.8370 4.0907
v 1.6739 47.9621 6.1513
v 1.0296 54.2862 5.4397
v 2.0982 55.0796 4.6784
v 1.5949 48.0416 6.4301
v 1.1400 53.5800 6.1918
v 1.4651 49.8793 6.0634
v 3.1926 57.9061 -0.0191
v 1.7371 53.4561 3.6409
v 2.4010 56.1873 6.6995
v 1.4600 48.3062 6.0987
v 1.2100 51.8937 6.9704
v 2.4846 51.3049 6.8927
v 0.2836 53.0045 3.9635
v 2.5551 53.0359 3.2427
v 1.4077 48.3591 6.4430
v 2.6679 56.9171 1.8608
v 1.9400 49.8006 6.4638
v 2.2675 50.6874 6.7932
v 2.5794 48.4975 6.4053
v 1.9064 49.0724 6.4334
v 3.4477 55.0473 4.2077
v 2.1019 49.7683 6.0453
v 3.0039 55.0379 0.7145
v 2.4605 53.5882 0.8230
v 2.1821 49.7530 6.3971
v 2.6981 48.7114 6.3652
v 2.7232 48.5515 6.1170
v 2.8932 49.6726 6.4238
v 2.5741 53.5924 -0.2260
v 3.0063 49.7865 6.0002
v 3.0041 56.8077 6.6877
v 3.5902 56.9466 6.6180
v 3.4119 57.1922 7.8227
v 3.5106 55.1520 7.8732
v 4.0889 54.5212 1.1697
v 2.8877 53.3021 1.9337
v 3.0037 49.8891 6.7778
v 3.5846 48.3041 6.6742
v 3.4313 48.9425 6.0006
v 4.1442 54.2392 0.7295
v 3.5722 50.8043 6.4172
v 3.9395 50.5892 5.6218
v 3.9668 57.7659 8.1639
v 3.9969 49.1981 6.7942
v 4.1598 55.1474 7.3173
v 3.4990 52.1175 6.2622
v 3.5614 47.0351 6.7593
v 4.5902 55.1057 3.2412
v 2.8594 51.7085 6.1473
v 3.2191 52.8692 3.1378
v 4.2141 49.8669 5.8989
v 4.4557 54.1222 4.7491
v 4.2258 50.7136 5.3455
v 4.5157 51.7507 5.3092
v 3.7669 53.0273 3.5002
v 4.4506 48.3784 6.1961
v 4.5151 47.3144 6.0324
v 4.4832 53.2982 5.1398
v 4.9259 54.3911 0.5717
v 4.4678 53.4200 4.4401
v 4.1202 52.2129 4.1954
v 5.7711 53.4844 0.1585
v 5.1626 48.7549 6.5336
v 5.0926 53.4195 3.9867
v 4.5494 52.7094 5.3756
v 4.3277 51.9699 3.9596
v 5.2264 50.3614 4.4129
v 5.3792 47.3704 6.5328
v 6.1263 48.7673 6.8349
v 4.9708 53.2059 5.3824
v 4.9838 52.9557 5.5433
v 5.8323 53.0704 4.8820
v 6.0796 51.3467 3.8168
v 5.3232 51.4755 4.7174
v 5.6805 52.7196 -0.0317
v 5.3831 49.3946 4.2615
v 6.0314 50.3123 3.8643
v 5.4696 52.1839 4.4561
v 5.8586 53.1338 4.0266
v 5.6684 52.3480 4.7518
v 6.1607 52.8084 4.0295
v 6.6212 55.9307 2.0517
v 6.2422 47.5667 4.5959
v 5.7146 47.8948 4.3074
v 5.6334 50.4427 4.2925
v 6.7997 49.9645 2.3377
v 5.3662 48.3635 3.9940
v 6.9029 48.8153 5.8957
v 6.7906 48.8378 6.7304
v 5.9439 49.1761 3.6408
v 5.6966 46.7006 4.4871
v 6.5708 52.5285 4.0756
v 6.9467 51.5932 1.6950
v 6.5327 51.2470 2.9285
v 6.5892 51.8752 2.7429
v 6.6539 52.8090 3.9325
v 7.3071 47.8137 4.2948
v 7.3312 48.7760 4.3548
v 6.7302 51.1839 1.8795
v 7.0545 52.6928 2.6985
v 7.4069 52.4041 1.7195
v 7.4638 52.3285 1.0540
v 7.1807 55.5019 2.2566
v 6.6714 52.7469 0.6602
v 11.4318 53.3818 -0.2611
v 7.1470 52.4133 2.8668
v 7.1040 52.5613 1.8472
v 7.1956 51.8839 1.8310
v 7.4330 51.4909 1.7095
v 7.3923 57.2128 3.8076
v 7.0137 50.2436 1.9243
v 8.9632 50.0892 3.1914
v 7.1114 50.0250 1.4971
v 9.3806 52.3434 0.9069
v 7.2327 48.4211 -0.0584
v 7.3893 49.6022 1.2876
v 8.2658 48.8085 1.2097
v 7.7154 48.8997 0.4853
v 8.8197 48.6533 1.9282
v 9.6689 51.6438 0.8104
v 2.7120 57.8928 1.5429
v -6.3612 47.5194 5.2085
v -5.2890 47.3233 6.4836
v -4.0746 50.6896 5.3348
v -4.4457 48.3141 6.1303
v -5.9811 48.6960 6.7937
v -4.1711 49.8309 5.8877
v -4.5019 51.9537 5.7395
v -4.5029 47.7310 5.8922
v -3.5668 50.9983 5.7342
v -3.5890 50.7657 6.3430
v -5.5415 55.1572 6.4833
v -3.2984 50.5361 6.7925
v -3.6089 48.5505 6.6726
v -4.1563 48.8146 6.6441
v -3.2519 53.4520 5.6457
v -3.1206 49.9594 6.7915
v -2.5644 51.8381 6.2136
v -2.5001 53.9220 4.5589
v -3.5012 48.7366 5.9011
v -2.7937 52.2981 5.7527
v -2.7139 50.2472 5.9342
v -1.5330 51.4208 6.9303
v -2.6643 48.4533 6.0179
v -2.6472 48.5557 6.3321
v -1.8818 54.1033 4.6726
v -2.7323 53.9217 4.9987
v -2.7942 52.9886 5.4530
v -1.9635 52.7912 5.8409
v -2.9949 49.7397 5.9209
v -2.1059 49.7331 6.2768
v -2.2027 49.8164 5.9670
v -1.7923 51.7578 6.8885
v -1.4757 48.3200 6.0853
v -2.9438 49.7209 6.2382
v -1.8413 49.2097 6.3031
v -2.3013 53.2589 2.6328
v -2.8668 54.5522 3.1742
v -2.6030 48.9068 6.2214
v -1.2410 49.0116 6.4446
v -1.0158 52.4634 6.4769
v -1.7573 52.4454 4.3935
v -1.0538 53.5771 2.2474
v -1.8588 53.4334 4.7860
v -1.8676 54.6563 4.1872
v -1.7068 47.6296 6.0583
v -1.8379 49.8981 6.3022
v -1.4823 49.9299 6.0192
v -0.8389 50.3126 6.0336
v -2.0402 53.7530 6.2749
v -1.8084 52.9035 3.8068
v -1.7928 54.0742 6.0342
v -1.3344 53.5530 6.1957
v -1.4633 54.3521 6.5595
v -1.0058 51.3956 6.0643
v -1.8238 54.4480 6.0551
v -1.3117 47.1855 6.3945
v -1.4166 48.3450 6.3483
v -1.4982 49.7493 6.4015
v 0.0224 55.3419 3.4483
v -0.7232 47.8906 6.0166
v -0.8002 53.6242 6.5326
v -0.6375 47.8062 6.3535
v -0.4048 54.2079 6.8371
v -1.7069 47.9968 6.0601
v -1.5976 48.0846 6.3318
v -0.3883 57.6206 3.2589
v -1.6441 52.9607 3.7817
v -1.1722 54.7141 4.5040
v -0.5750 50.7689 6.0663
v -0.6426 48.6980 6.0646
v -0.7449 49.3648 6.3381
v -0.8054 50.4082 6.3922
v -0.7742 49.3925 6.0341
v 0.0981 54.5260 3.3180
v -0.3282 49.2392 6.0484
v -0.7619 52.8685 6.3444
v 0.2489 53.6267 6.4977
v -0.0822 51.4609 6.1317
v -0.0466 51.4620 6.4243
v 0.1583 52.7217 6.5677
v -1.5973 52.6778 6.3641
v 0.1490 52.9084 6.3637
v -0.4940 50.6555 6.4361
v 0.0856 53.5248 2.5784
v 0.4944 54.3456 6.7241
v 0.8776 54.6637 4.3418
v 0.5327 60.0869 2.2834
v -0.6955 61.4711 1.5196
v 0.3289 47.3018 6.4369
v 0.5726 50.7681 6.3550
v 1.2822 51.2745 6.8302
v 0.5340 53.4902 6.1069
v 0.1097 51.4646 6.0974
v 0.8098 52.9360 5.9324
v -0.2668 49.1141 6.4724
v 0.7621 49.2097 6.4889
v 0.4274 49.2221 6.0532
v 0.3606 49.1820 6.4133
v 0.7875 49.4496 6.0627
v -4.1077 51.6099 5.5347
v -9.0241 50.9739 1.0086
v -9.3972 52.2469 0.9029
v -7.0132 50.2070 1.8113
v -8.7157 49.2484 2.0731
v -6.9569 50.8527 1.7336
v -8.9573 50.0255 3.1022
v -6.9923 48.8495 4.3148
v -7.4745 48.6601 0.2863
v -7.3239 49.6724 1.3207
v -7.1803 48.4380 -0.0452
v -7.1184 45.8434 3.8631
v -7.1108 51.6598 1.5627
v -7.3146 52.3868 1.7368
v -7.4274 52.2997 1.0226
v -6.0760 52.8463 1.5521
v -6.7594 50.8343 2.6405
v -6.6601 51.9967 2.5634
v -6.7902 52.6433 2.9590
v -6.8499 51.5945 1.5957
v -6.7882 48.8027 6.6934
v -6.7205 51.9886 3.2072
v -6.6614 51.2141 1.7413
v -6.2910 49.9852 3.1383
v -6.9122 52.3871 2.9293
v -6.0717 52.1463 4.1344
v -6.4908 51.7880 3.0763
v -6.2456 48.5435 4.7712
v -5.8207 49.0797 3.7569
v -6.0722 51.3778 3.5901
v -6.3084 54.1401 4.8366
v -6.4272 57.2453 6.1698
v -6.4925 55.9165 5.7446
v -5.4161 52.4814 5.4719
v -5.8292 56.1341 4.5779
v -5.3368 56.3524 6.0249
v -5.3330 48.5525 3.9902
v -6.0037 52.6911 4.1794
v -5.6828 47.8812 4.2910
v -5.7619 52.1219 4.0238
v -6.8545 48.8175 5.7634
v -5.1054 50.3926 4.4847
v -5.9335 52.0153 1.4314
v -5.7163 51.5210 1.6485
v -5.8817 52.3863 0.9778
v -6.2017 52.7084 0.7354
v -5.4346 51.5504 4.0245
v -5.4518 51.5407 4.4424
v -5.6466 53.7435 3.1053
v -4.8984 56.1578 4.7620
v -5.7391 52.1671 2.3271
v -5.6677 52.9099 2.3833
v -5.5435 51.5190 2.2951
v -5.1401 51.6868 2.6548
v -3.5487 53.7902 1.9910
v -5.1717 52.3103 0.5955
v -5.1033 52.4761 0.0177
v -3.8857 53.0425 1.7455
v -2.3287 56.6159 2.2267
v -2.9828 53.2843 1.8852
v -2.5834 53.5325 0.8488
v -2.8440 54.8898 1.4310
v 0.0317 64.0000 -0.1274
v 0.8019 56.5834 -3.3970
v -1.4560 59.1231 -2.7747
v 0.6395 62.1886 -1.1674
v 0.0149 63.9803 -0.2427
v 1.0197 62.3966 -0.1741
v 2.4175 58.0376 -2.4738
v 3.2848 53.3576 0.9569
v 2.9087 57.2120 -1.8539
v 2.4317 53.2943 -2.7560
v 3.1186 53.3066 -2.0647
v 3.1710 55.4347 -0.5742
v 4.1869 53.0696 -0.0441
v 3.5471 53.8912 -2.2894
v 5.1559 52.4301 -0.2262
v 4.7606 52.5004 -1.9170
v 6.0134 56.2044 -4.9312
v 5.2673 51.6231 -2.8219
v 5.7679 53.9597 -3.4018
v 5.8807 52.9149 -2.4003
v 5.5997 51.5951 -4.0518
v 5.7003 52.6369 -5.5630
v 5.1678 50.4172 -4.6069
v 5.9779 50.2970 -4.0687
v 5.2337 52.2436 -1.0533
v 6.1353 52.8200 -2.0838
v 5.8281 52.0553 -4.0182
v 5.9323 52.0805 -2.2829
v 6.0253 52.4190 -1.8004
v 6.1538 51.1692 -3.9953
v 5.6907 51.6084 -2.3385
v 5.7822 51.5742 -1.8033
v 6.1068 52.2495 -4.2852
v 6.0551 52.6683 -4.2020
v 5.6597 53.0030 -3.2417
v 6.4756 56.2581 -5.4648
v 6.5328 52.8215 -1.3475
v 6.5051 57.2932 -6.4365
v 6.4561 49.9475 -3.0359
v 7.1374 52.4943 -2.0494
v 6.2911 52.7089 -4.1200
v 6.5860 56.0033 -5.9110
v 6.7896 51.9429 -3.2182
v 6.4281 51.3456 -2.8548
v 6.8489 52.2681 -2.7543
v 6.6800 51.1997 -2.2780
v 7.0117 52.4231 -3.1211
v 7.0331 50.2602 -2.3140
v 6.8499 52.6363 -2.8313
v 7.5938 52.3995 -1.4778
v 6.9164 51.7578 -2.0156
v 7.5452 52.3310 -1.8704
v 9.5018 52.3173 -1.3627
v 10.5382 52.3820 -0.8406
v 7.2783 48.5305 -4.5788
v 7.7185 50.1540 -2.1640
v 9.0103 50.1113 -3.5524
v 7.6016 48.3225 -0.1884
v 9.2162 49.2625 -2.7913
v 8.7569 48.4531 -1.5556
v 8.5861 47.6435 -2.9039
v 7.8106 48.7171 -0.7164
v 7.9417 49.8337 -2.0362
v 5.8943 54.9399 -6.5189
v -0.8391 50.4582 -6.6093
v -0.3751 49.5961 -6.2194
v -0.7477 49.2754 -6.5901
v -0.2982 49.1249 -6.6244
v -0.2886 50.2619 -6.6931
v -0.3103 49.1877 -6.2161
v -0.7726 54.1538 -6.3206
v -0.3775 48.3741 -6.7035
v -0.2906 49.6557 -6.6248
v -0.5269 50.6884 -6.5668
v -0.1217 51.4949 -6.2551
v 0.8615 52.9921 -4.1596
v 1.6069 51.1848 -7.0215
v 0.4990 48.5202 -6.6037
v 0.8518 53.6123 -6.6911
v 1.9704 52.4956 -6.5316
v -0.6977 54.7457 -4.5535
v -0.0229 51.3641 -6.6852
v 0.2884 48.9950 -6.6951
v 0.6379 50.7056 -6.6182
v 0.8840 50.3288 -6.2184
v 0.7724 49.2286 -6.6178
v 0.3711 49.2200 -6.2171
v 1.2945 52.0061 -7.0457
v 0.7863 49.4458 -6.2413
v 0.6129 47.7356 -6.6203
v 0.5575 48.5642 -6.2481
v 0.7946 50.6634 -6.2476
v 0.8250 50.4939 -6.6833
v 1.0867 48.8427 -6.6773
v 1.2575 53.6953 -6.7493
v 1.4380 53.5771 -6.3742
v 2.3833 50.6081 -6.2200
v 1.8252 52.9369 -3.9462
v 1.5272 48.0431 -6.6175
v 0.7356 47.7453 -6.2494
v 1.5760 53.6113 -1.9672
v 2.6605 52.4658 -5.6208
v 1.5084 54.3598 -6.7532
v 1.9347 52.1977 -6.5127
v 1.8559 54.4192 -6.3555
v 1.9497 49.7676 -6.6174
v 0.8215 52.9207 -6.4913
v 1.4613 49.8518 -6.2222
v 1.5965 49.8504 -6.6199
v 1.4243 48.3134 -6.2782
v 1.6002 47.7198 -6.2916
v 2.0820 49.7449 -6.2209
v 1.4445 48.3758 -6.5770
v 2.1676 53.8257 -6.4197
v 1.9390 54.0416 -6.1753
v 1.9699 54.6628 -4.3999
v 1.9047 49.0875 -6.5708
v 2.1691 49.6788 -6.5637
v 2.5868 48.5045 -6.5621
v 3.0402 54.5809 -3.3328
v 2.1424 54.1206 -4.7793
v 1.9737 53.4145 -4.8794
v 2.8859 52.9780 -5.5977
v 2.0529 53.4648 -6.3596
v 1.9439 52.4446 -4.5815
v 2.6858 53.9880 -4.9521
v 3.5151 51.0026 -6.4802
v 2.8318 49.1149 -6.5628
v 2.6035 48.7274 -6.6170
v 3.3633 51.2921 -6.0550
v 3.0548 49.7683 -6.1357
v 4.1948 51.5807 -5.7004
v 3.0014 52.1484 -5.9902
v 2.9068 49.7203 -6.5195
v 3.8904 49.4824 -6.9769
v 3.4962 47.1700 -6.1904
v 3.1491 49.7348 -6.9618
v 3.9779 53.5362 -6.2336
v 3.3560 53.5366 -5.7963
v 3.4516 48.9155 -6.1436
v 3.5886 48.5221 -6.9316
v 4.2031 48.0098 -6.9196
v 5.5767 56.2715 -6.3636
v 4.7396 51.8601 -5.7798
v 5.6254 51.4822 -4.4649
v 4.4510 48.3662 -6.3862
v 4.3470 50.7338 -5.3957
v 3.8581 50.7363 -5.6951
v 4.1886 49.9820 -6.0915
v 6.0642 48.8080 -6.9962
v 5.9136 49.0354 -3.8587
v 6.8542 48.8535 -6.3905
v 5.4023 48.2692 -4.2184
v 5.7824 47.8371 -4.5611
v 5.6763 46.8509 -4.5306
v 6.8508 48.7202 -5.7940
v 6.1823 47.2187 -5.3333
v -0.0611 53.5925 -6.6778
v -0.1301 52.5308 -6.7222
v -9.5099 52.2971 -1.3737
v -9.7740 51.8600 0.7401
v -6.8171 51.7557 -2.0469
v -11.4166 53.2409 -0.2588
v -11.4318 53.3857 -0.2919
v -8.1440 53.0046 -0.9475
v -7.8319 49.9983 -2.0773
v -9.2192 49.1623 -2.9383
v -7.6468 48.3539 -0.2405
v -9.0239 50.0830 -3.5628
v -7.7825 48.9140 -0.9818
v -7.5506 48.6183 -0.3881
v -6.7781 50.1742 -2.7292
v -7.2734 48.5702 -4.5807
v -8.6636 48.3591 -1.4726
v -6.9831 46.6328 -0.4062
v -7.4457 52.2686 -1.9600
v -7.0152 52.0901 -2.1469
v -6.4873 52.8690 -1.1401
v -6.9203 55.6659 -2.6173
v -6.5253 51.8520 -2.9305
v -7.3963 52.4221 -1.5095
v -6.8799 52.5631 -2.6876
v -7.2773 57.1289 -4.2020
v -6.8112 52.7568 -3.0513
v -6.2919 47.3871 -5.3905
v -6.5003 52.6271 -4.2255
v -6.8871 52.0163 -2.9354
v -7.0362 52.4940 -3.1965
v -6.5444 48.7911 -5.3725
v -6.8982 48.7493 -6.1285
v -6.4150 49.8674 -3.1544
v -7.0378 50.5552 -2.2757
v -6.3735 51.2799 -2.9205
v -6.5972 51.1813 -2.2537
v -5.8654 47.8066 -4.6778
v -6.4491 51.2141 -3.1833
v -6.1145 55.8023 -2.1407
v -5.1926 50.2928 -4.5620
v -5.3717 48.3363 -4.2183
v -7.1565 57.1739 -4.2821
v -5.8832 52.0352 -4.0021
v -5.8369 50.2796 -4.2227
v -5.3670 53.4657 -0.3713
v -6.1787 52.8549 -4.1627
v -5.7611 51.5099 -3.9842
v -5.3034 52.1595 -4.6393
v -5.2587 53.3272 -4.4794
v -5.6811 53.0235 -5.0909
v -5.6699 53.0715 -4.5156
v -6.1729 48.7450 -7.0072
v -5.5076 52.3482 -4.9445
v -6.1015 56.5247 -3.2649
v -5.1499 51.5758 -4.9504
v -5.2080 51.6558 -4.5785
v -4.4901 54.5152 -0.8385
v -3.7088 54.6021 -1.5700
v -3.7802 53.8448 -3.8071
v -4.7987 52.9228 -5.6849
v -4.6886 53.3929 -4.2612
v -3.7003 50.9199 -5.9096
v -4.3123 53.4806 -4.5311
v -4.6822 53.2038 -5.5634
v -4.2543 52.6083 -5.4657
v -3.9503 51.8807 -5.5291
v -4.2263 53.3024 -5.3696
v -3.9141 50.6580 -5.6509
v -3.6644 51.7224 -5.9925
v -4.1577 52.6098 -4.1524
v -4.4082 48.4869 -6.3363
v -4.3873 48.7616 -6.1549
v -4.0238 48.9847 -6.9468
v -3.8129 53.2891 -0.1931
v -4.5028 47.4993 -6.0970
v -4.2885 53.9625 -4.6775
v -3.6347 55.4577 -7.4327
v -4.3564 55.1087 -3.5946
v -2.9077 53.7975 -2.4135
v -3.4253 51.0709 -6.5284
v -3.2555 51.9149 -5.9782
v -3.5197 53.7889 -3.4789
v -4.0316 46.8092 -6.9470
v -3.3732 55.0437 -4.0580
v -3.5672 47.4497 -6.1556
v -3.4696 48.8328 -6.1514
v -2.6132 53.3692 -2.3264
v -3.0544 53.4347 -1.0820
v -2.7942 53.1823 -2.8876
v -3.0949 49.7026 -6.1214
v -3.4918 57.6218 -8.0466
v -1.7026 54.0691 -3.5066
v -3.2177 50.5660 -7.0414
v -3.2408 55.8656 0.5272
v -2.6814 57.1387 -2.3272
v -3.0904 57.9110 0.5446
v -2.8464 58.6597 -0.5323
v -1.8284 55.1038 -4.5019
v -2.9178 55.3480 -7.7999
v -3.3857 57.6745 -8.1639
v -1.8064 54.5401 -2.6782
v -2.8374 53.5555 -0.6860
v -1.6441 51.1359 -6.2188
v -2.9521 49.6369 -6.5570
v -2.2089 53.5549 -1.7447
v -2.4156 51.4272 -7.0440
v -1.5522 48.3248 -6.2540
v -2.7916 48.5872 -6.2129
v -2.6208 48.6806 -6.6106
v -1.3155 53.2439 -3.3805
v -2.2139 49.6676 -6.6047
v -1.9052 55.0357 -7.1412
v -2.3300 50.7009 -6.8841
v -3.2919 49.7071 -6.9820
v -2.6296 48.8784 -6.4340
v -0.7898 52.9118 -6.0329
v -2.0879 49.7809 -6.1564
v -2.6666 56.8371 -6.5745
v -1.1514 53.5794 -2.3555
v -1.8242 49.0606 -6.5494
v -1.1054 51.3978 -6.9881
v -1.4367 49.7769 -6.2187
v -1.8906 49.7531 -6.6175
v -0.7029 47.8829 -6.2181
v 0.0640 52.2588 -7.0613
v -1.8984 52.4826 -6.3589
v -1.1184 48.8811 -6.6699
v -1.7412 47.9947 -6.2758
v -1.6660 48.0397 -6.5545
v -0.5786 54.1223 -3.1005
v -0.7372 50.6704 -6.2520
v 0.0200 53.4961 -2.7714
v -0.7779 53.3363 -5.9582
v 0.4887 54.6845 -3.4136
v -0.4617 48.5319 -6.2424
v -0.7440 53.0649 -4.0582
v -0.8892 54.4669 -5.1504
v -0.1022 52.9563 -6.4950
v -1.2637 53.7732 -6.3704
v -0.7442 54.5495 -6.1963
v -0.8537 54.3936 -4.6977
v -0.7777 49.3798 -6.2265
v -0.3509 54.1602 -6.9453
v -0.4459 54.4998 -6.6606
v -6.6696 48.8156 -6.9517
v -3.0418 55.1176 -0.8363
v 1.1477 42.1810 5.3587
v 0.0646 44.1822 6.4505
v 0.1767 44.2150 6.1600
v 0.0671 45.3263 6.4675
v 0.3726 46.4039 5.9986
v 0.2146 46.3361 6.3960
v 0.8335 45.1378 6.3786
v -1.3969 42.7898 7.0553
v 0.7142 39.9753 5.4420
v 1.3498 42.7574 7.0609
v 0.3987 43.5095 6.6889
v 0.5936 40.9702 5.6554
v 0.7550 46.8404 6.3783
v 0.5903 44.9379 6.1085
v 1.0432 41.4129 5.4353
v 0.9212 45.2684 6.0703
v 1.8976 40.9197 5.3723
v 0.8664 46.1866 6.0644
v 1.0157 46.7107 6.0300
v 0.7546 46.2712 6.3597
v -0.9962 43.6718 6.8295
v 1.1709 43.2398 7.0535
v 2.3522 43.5386 5.7653
v 0.6232 39.4270 5.4389
v 0.8812 42.0466 6.0150
v 1.9387 41.5549 5.8550
v 2.4747 45.1245 6.7928
v 1.5431 44.5036 6.1140
v 1.6605 45.6123 6.1006
v 1.0715 47.3059 6.4840
v 1.4022 47.3039 6.1034
v 1.5642 47.5667 6.3992
v 1.2527 46.5855 6.4293
v 1.0652 39.1211 5.7483
v 1.1865 38.5998 5.4293
v 1.2227 39.0450 5.3994
v 1.2343 40.2373 5.6200
v 1.7052 40.2054 5.3728
v 1.6728 45.6743 6.3454
v 1.5894 40.2466 5.5990
v 2.1555 39.2922 5.5507
v 1.9891 45.7764 6.3655
v 2.5880 47.0496 6.4542
v 2.1245 45.8486 6.1267
v 1.9824 46.3434 6.3262
v 1.2446 42.0452 5.6214
v 2.6276 43.8864 6.0429
v 2.3172 40.0734 5.6053
v 2.5920 46.7421 6.3029
v 3.0239 41.2925 5.4175
v 2.5839 40.0342 5.2390
v 2.5601 40.3025 5.7447
v 3.0472 40.3064 5.5593
v 2.9305 40.6037 5.3594
v 2.3140 45.8755 6.4281
v 2.1179 39.4338 5.3104
v 0.9859 42.3974 5.3573
v 2.5543 47.2569 6.1422
v 3.2848 44.4122 5.9473
v 2.9015 39.0695 5.5812
v 2.4728 43.5250 6.0077
v 2.8094 38.3768 5.1770
v 3.6608 45.7409 6.7574
v 2.6762 46.8260 6.0984
v 3.0340 46.0307 6.1101
v 2.9882 43.5061 5.7223
v 2.9050 45.9422 6.3940
v 5.3503 43.3790 4.5959
v 2.8385 43.5351 5.4399
v 2.8401 43.6698 6.1423
v 3.6097 44.2027 5.2271
v 3.9261 44.3617 5.5646
v 3.9833 43.5250 4.7798
v 3.4362 41.2313 5.2614
v 3.3667 38.5493 5.4419
v 3.5652 47.5126 6.0003
v 3.6307 44.3987 5.9689
v 3.4328 38.7134 5.1138
v 3.2191 42.3749 4.5664
v 5.8059 44.2969 3.4016
v 4.0026 42.7684 5.9641
v 3.9609 44.8393 4.9198
v 4.7258 45.8726 5.8413
v 4.3007 46.4193 5.8917
v 4.1181 39.5193 4.4281
v 4.3360 40.5158 4.0755
v 4.1654 42.1091 4.9342
v 4.3155 42.3638 3.9921
v 4.1487 39.5610 3.8509
v 5.3260 44.6468 4.0504
v 3.8777 44.7014 5.3929
v 4.7525 41.9690 3.9664
v 5.4383 42.4211 4.2985
v 4.9271 43.5021 3.9486
v 5.0431 44.7583 3.9968
v 4.7691 42.3661 3.6571
v 4.7639 39.9833 4.1316
v 5.4026 42.7890 4.7871
v 3.6588 44.8268 5.3393
v 5.1676 43.5033 3.6618
v 5.2679 40.8286 3.7830
v 5.9002 47.2861 6.2721
v 5.4466 40.2629 2.8313
v 6.8457 43.4206 1.7445
v 5.2583 42.3637 3.1944
v 6.1943 43.1818 3.7829
v 5.3675 39.7293 2.7814
v 6.0098 40.5725 1.5912
v 5.7696 45.0556 3.7678
v 4.9738 46.0131 4.1884
v 5.2236 44.7970 3.5605
v 5.9054 42.3737 1.3839
v 6.2765 44.6319 2.5339
v 6.0772 43.5005 2.1739
v 6.6451 42.4054 1.8746
v 5.5850 44.7084 3.1585
v 6.7902 44.2275 0.5888
v 6.2435 42.7850 3.7193
v 6.0779 42.3837 -0.3574
v 6.7872 44.2333 -0.7458
v 7.0145 43.1879 1.9082
v 6.9556 42.7247 2.0859
v 6.6575 44.5965 1.1561
v 6.6272 44.9426 0.0697
v 6.4840 44.6834 0.5280
v 6.7875 44.5601 2.2614
v 7.0176 42.7832 -2.1680
v 7.4424 45.0121 1.2373
v 8.3397 47.5343 2.8329
v 7.1385 45.9093 3.8987
v 7.7413 45.6250 0.8404
v 3.8699 42.4155 5.6370
v -8.3259 47.5701 2.8290
v -8.1661 46.5304 1.4450
v -8.7612 48.4876 1.8267
v -6.7581 44.6279 2.3527
v -7.3409 48.5606 4.3735
v -6.5532 45.9670 3.9283
v -7.3579 42.8704 -0.2651
v -6.5986 42.3986 1.8246
v -6.9612 42.7606 2.1402
v -6.4595 44.6639 0.5749
v -6.4728 44.5007 2.0732
v -6.4232 43.2570 3.2818
v -5.8865 47.1761 4.5713
v -6.1733 42.8415 3.8483
v -6.8232 43.4260 1.7715
v -6.1612 43.5072 1.7555
v -5.8667 44.1322 2.7480
v -4.8608 46.0313 5.8709
v -5.7241 42.3942 2.0413
v -5.7428 39.8851 2.2063
v -5.1837 43.5245 3.6429
v -4.1624 43.3436 5.7012
v -5.9949 40.5874 1.5963
v -6.0292 39.9009 -0.4073
v -5.6390 39.7590 -0.8104
v -5.6963 39.7818 0.7473
v -5.3255 44.1503 3.6192
v -5.5316 42.4510 4.1294
v -4.8831 44.6252 4.5171
v -5.2776 40.8117 3.7635
v -5.8665 39.6311 1.2677
v -5.5584 39.5381 -1.2590
v -5.4528 44.7482 3.2875
v -5.2865 40.1872 3.0248
v -5.1402 44.7867 3.6632
v -5.1576 39.6994 2.8727
v -4.0163 42.7202 5.9162
v -5.0361 44.7720 3.9791
v -5.0084 46.0726 4.2233
v -4.6996 41.9011 3.9712
v -4.9083 39.5608 2.6328
v -5.4263 39.5280 2.2056
v -4.7059 45.6939 4.4044
v -5.3513 40.2929 3.4840
v -4.4408 47.1067 5.9896
v -3.3857 43.5250 5.1958
v -5.0920 44.3191 4.2460
v -4.2865 42.3749 3.9588
v -4.7505 40.0188 4.1315
v -4.4030 41.8416 3.8850
v -4.3181 39.9225 4.0926
v -4.2441 39.4473 4.3384
v -4.2164 42.3626 4.5504
v -4.2533 39.5908 3.7619
v -3.9828 45.3918 5.5358
v -3.8529 45.3696 6.1286
v -3.9754 42.3916 5.5025
v -3.2344 42.3597 4.4873
v -3.9211 46.3427 6.6912
v -2.8616 45.4590 6.7890
v -3.6185 44.1802 5.1984
v -3.8314 44.2460 5.6329
v -3.5745 44.2808 5.9736
v -3.4677 44.6253 5.8032
v -3.6319 44.8222 5.3105
v -3.5022 47.0512 5.8982
v -2.6644 43.6896 6.1684
v -4.2291 42.1033 4.8867
v -3.2696 38.0683 5.4756
v -2.8745 43.5422 5.4504
v -3.2365 39.5884 5.2088
v -3.3047 39.2051 5.4757
v -2.7137 46.7781 6.0025
v -0.8883 42.1804 5.3630
v -1.3303 43.1427 7.0696
v -2.9930 45.8934 6.0188
v -1.3165 42.4543 6.7718
v -2.9155 46.0239 6.3394
v -2.7361 47.1785 5.9953
v -2.6144 46.8633 6.3334
v -1.8909 46.5638 6.3625
v -2.6466 47.1228 6.3339
v -3.3024 41.2047 5.2782
v -1.4471 44.4178 6.8019
v -2.4340 43.5279 5.9828
v -2.1199 42.0957 5.4095
v -2.1081 39.1495 5.2789
v -2.7539 40.7319 5.4170
v -2.2344 45.8902 6.3468
v -1.4798 41.8376 5.5757
v -2.1454 45.8803 6.0603
v -1.3465 44.4441 6.0942
v -2.3682 40.2400 5.2333
v -1.1273 38.9903 5.4029
v -1.6129 45.6630 6.0877
v -1.9757 45.7905 6.3560
v -2.0056 40.8962 5.8914
v -3.0348 44.8782 6.7935
v -2.0236 39.2064 5.5761
v -2.1787 41.2573 5.8403
v -0.8715 41.4711 5.4098
v -1.1949 43.5081 6.4492
v -1.4287 47.2548 6.0657
v -2.2696 40.0770 5.5664
v -1.1848 41.4201 6.0115
v -0.4545 42.1278 6.0047
v -1.3540 39.6957 5.7015
v -1.3812 40.3514 5.3743
v -0.8150 46.2834 6.0836
v -1.1691 38.7758 5.6403
v -0.8954 45.2008 6.0936
v -1.2343 40.2511 5.6388
v -0.3851 39.2227 5.7776
v -1.2488 46.7437 6.4324
v -1.0396 46.6966 6.0654
v -0.4940 45.0294 6.3476
v -0.5269 44.9708 6.0859
v -0.7417 45.1370 6.4295
v -0.3101 39.8515 5.4391
v -0.3619 46.4175 5.9804
v -0.4596 39.3254 5.4564
v -0.4491 46.9206 5.9969
v -0.4954 46.8761 6.3705
v -0.2562 47.6551 6.4938
v -0.7380 46.7294 6.3649
v -0.2338 46.4178 6.3765
v -0.1170 41.3955 5.7372
v -0.5797 40.8305 5.7079
v -0.1767 44.1956 6.1282
v 1.3128 42.4234 6.7247
v -0.3036 47.2331 6.0173
v -0.2715 46.9701 6.4002
v 0.4185 39.2080 5.7863
v -0.5486 39.9015 5.7071
v -0.3307 47.2635 6.3781
v 2.0141 44.0559 6.8248
v 0.5554 41.6555 6.0908
v 0.0646 41.6049 5.5969
v -1.1326 43.3378 6.9855
v 0.7005 40.8962 5.4391
v 0.3432 39.8268 5.4415
v 0.6203 39.8747 5.6858
v -7.6303 45.4420 0.8931
v -5.0463 39.4007 3.3714
v 0.7243 36.6902 5.4614
v 0.6631 37.9717 5.6885
v 0.7354 38.7798 5.7009
v 0.3304 38.1345 5.6817
v 1.4118 34.1204 5.4318
v 0.4069 33.7760 5.4724
v 0.6239 37.5192 5.4815
v 0.3443 37.7256 5.4425
v 0.6634 33.7733 5.4676
v 0.5818 34.9334 6.1000
v 0.6122 34.4417 5.4725
v 1.2814 37.1510 5.6776
v 1.2649 34.3727 6.0332
v 1.6950 36.5720 5.4044
v 1.1236 32.8791 5.6563
v 1.2625 31.8746 5.4061
v 1.8143 35.9241 5.6996
v 1.3143 37.0232 5.4624
v 1.6578 37.2805 5.5146
v 1.2804 33.2070 5.4269
v 1.1442 31.9942 5.7390
v 1.6645 33.0182 5.4140
v 1.5782 33.1760 5.6250
v 2.1187 38.1952 5.3590
v 1.2217 38.3631 5.4591
v 2.4197 33.1131 5.2671
v 2.3135 37.2676 5.5721
v 2.4839 33.2195 5.7058
v 1.4570 34.7653 5.7677
v 2.1872 32.1338 5.5454
v 2.1683 31.0684 5.3193
v 2.4188 33.0009 5.5188
v 2.5141 37.4908 5.2440
v 1.7549 34.5438 5.9051
v 2.8898 36.9889 5.2923
v 2.8255 34.4883 5.3049
v 2.7978 33.7328 5.3066
v 3.1710 32.9613 5.4433
v 2.8752 36.9989 5.5449
v 2.5402 37.2594 5.7032
v 2.9561 32.0418 5.5606
v 3.1760 34.3475 5.2830
v 3.6260 33.6479 5.0779
v 3.6299 31.1580 5.0190
v 4.0834 36.6359 3.7305
v 4.0615 34.0942 3.6772
v 4.3658 33.4714 3.2453
v 4.4557 31.9258 3.5837
v 4.1116 32.7114 3.5175
v 4.0543 32.0536 4.1019
v 4.1876 38.7784 3.8978
v 4.1115 37.6444 4.2730
v 4.6620 38.0374 3.7172
v 4.1845 38.3002 3.8530
v 5.3050 32.0584 2.2278
v 4.5788 37.6848 3.2704
v 4.5693 38.2017 3.4543
v 4.5176 36.7697 3.7371
v 4.6787 32.6956 2.6444
v 4.0655 36.0985 3.8356
v 5.1557 36.1312 2.8077
v 4.6207 36.3305 3.6224
v 4.6653 34.1928 3.2571
v 4.0883 38.8533 4.4332
v 5.0099 33.3529 3.3056
v 5.0417 34.9198 3.1678
v 4.7110 34.9830 3.4675
v 4.4295 35.1826 4.0385
v 5.1321 31.6566 1.4762
v 5.1378 33.6956 3.0651
v 5.0708 33.8314 2.4066
v 5.0566 38.7633 2.6584
v 4.5863 34.0404 3.8653
v 5.0651 31.8556 1.6470
v 5.1466 34.2747 3.0176
v 4.9001 33.0082 2.3042
v 5.2492 33.5145 2.1980
v 5.3429 35.0890 2.0912
v 4.9767 35.6576 2.5843
v 4.9668 32.6780 -2.2001
v 5.2211 32.8814 -1.5060
v 5.4801 38.9246 2.5956
v 5.3679 34.5313 1.6131
v 5.6053 36.8786 1.3849
v 5.1044 36.3724 2.3317
v 4.9776 34.7235 2.6876
v 5.2196 38.2576 2.2354
v 5.4644 35.4865 1.2479
v 5.0082 39.5648 2.5074
v 5.5290 39.5610 1.4908
v 5.3997 37.2039 1.6053
v 5.3040 33.6511 1.1700
v 5.6018 32.4661 1.2846
v 5.3950 32.6908 0.2458
v 5.5119 35.0800 -1.2775
v 5.3052 31.8448 -0.7955
v 5.5952 32.0659 -1.4698
v 5.5903 34.8829 -0.3958
v 4.8394 32.6697 2.8743
v 5.5634 33.1119 0.6381
v 5.6986 37.8250 0.9487
v 5.7895 39.3955 1.7482
v 5.3645 32.6897 -0.3998
v 5.4489 34.1271 -0.4575
v 5.5349 38.6600 0.2710
v 5.4364 38.7778 1.9945
v 5.8496 37.2432 -1.0421
v 5.5054 35.3982 -1.0302
v 5.6932 33.8835 -0.7618
v 4.7455 31.8468 -2.6039
v 5.5379 39.5669 1.0667
v 5.7416 32.0488 0.0014
v 5.9444 38.8921 0.2071
v 5.6318 34.0942 1.2619
v 5.5995 34.8978 0.2454
v 4.8503 39.3972 3.7067
v 5.5002 35.2631 0.9055
v 5.5672 36.9398 0.9391
v 5.7822 34.9502 0.6946
v 5.7956 37.4949 1.1653
v 5.6820 33.7641 0.5609
v 5.9692 37.9575 0.6874
v 5.8108 35.0472 -0.8832
v 5.6668 38.4427 0.2171
v 6.0281 37.3027 0.1182
v 5.7299 32.4933 0.3654
v 5.8036 39.9220 -0.8503
v 5.4994 39.6731 -0.0946
v 5.9965 40.2717 0.7428
v 5.8361 37.5435 -0.8556
v 5.5998 37.2271 -0.4361
v 6.0322 37.3621 -0.3085
v 5.9478 38.8579 -0.3567
v 5.8670 39.3532 -1.6438
v 5.5501 38.6566 -0.4232
v 5.8370 39.6262 1.4225
v 5.9620 38.2621 0.7045
v 1.1184 38.2701 5.6859
v 1.9824 37.9190 5.5701
v 3.7652 36.7260 4.9262
v -6.0636 37.4992 -0.2738
v -5.6686 38.8101 -0.3732
v -5.9993 38.9555 0.1749
v -6.0320 37.4318 0.1858
v -5.6028 36.3516 0.2828
v -5.6136 37.9066 1.3270
v -5.4696 38.7822 2.0015
v -5.9733 38.2091 0.8000
v -5.9156 37.2767 0.7255
v -5.5963 36.7565 1.3187
v -5.6918 31.9449 -0.4301
v -5.5285 32.5259 1.3188
v -5.6356 38.8106 0.2489
v -5.5025 34.4825 -0.4354
v -5.6386 33.9772 -1.4014
v -5.4723 34.1101 0.2833
v -5.7320 39.5326 -1.4133
v -5.8466 37.6071 -0.8864
v -5.8122 34.9158 0.8584
v -5.4962 33.0756 0.2454
v -5.7498 33.8718 0.8562
v -5.3566 32.9432 1.3264
v -5.5415 35.3216 0.9116
v -5.6106 34.2171 1.3689
v -5.6155 32.6177 -0.3253
v -5.4726 32.4331 -1.8562
v -5.3072 32.8937 -1.4904
v -5.5257 39.5278 1.0555
v -5.5688 36.9412 -1.1461
v -5.5306 35.3679 -1.0814
v -5.5675 38.4820 0.8910
v -5.5381 35.4045 1.2992
v -5.6085 36.9956 0.9454
v -5.4263 32.6813 -0.4274
v -5.7012 33.9513 -0.8278
v -5.2754 33.5501 -1.3607
v -5.4089 31.7853 -0.6203
v -5.3700 31.8118 0.4969
v -5.3683 34.7410 1.4591
v -5.0760 33.8447 2.4467
v -5.5451 38.7099 2.5444
v -5.6280 38.9410 2.2957
v -4.7653 32.6883 -2.6595
v -5.3434 32.0357 1.9985
v -5.1975 38.2017 2.2385
v -4.9827 32.4545 2.8117
v -5.1200 33.2725 3.1254
v -4.9911 34.7186 2.6985
v -5.3217 35.1980 1.9762
v -5.3072 33.5166 1.1697
v -5.3571 38.8592 2.6719
v -4.1952 37.9060 4.2641
v -5.1107 34.2943 3.1417
v -4.5310 34.0098 3.8656
v -4.6857 36.9172 3.5043
v -5.1398 36.3465 2.2667
v -5.0667 33.0573 2.3889
v -5.0446 38.7765 2.6489
v -4.4851 37.4600 3.4365
v -4.4190 35.2910 4.0316
v -4.6489 34.2066 3.2358
v -4.7773 34.1911 3.5853
v -4.4979 37.1329 3.9440
v -4.7981 32.6880 2.4354
v -5.2190 36.2687 2.6985
v -4.0916 32.6317 3.8667
v -4.3120 33.5579 3.2686
v -4.6553 38.1511 3.6680
v -4.0889 34.1872 3.6979
v -4.1463 36.7559 3.7613
v -4.1403 31.8878 3.5222
v -3.7304 35.7188 4.8506
v -4.1210 36.0863 3.8280
v -4.0915 28.8241 3.7652
v -3.3034 38.2524 5.1782
v -3.0131 34.5172 5.2403
v -3.2430 33.9379 5.2515
v -2.8594 34.2392 5.4268
v -2.8293 36.9499 5.5562
v -2.7439 37.6335 5.6742
v -2.7754 39.5918 5.6744
v -2.4322 33.2822 5.7432
v -2.2789 34.1377 5.5027
v -3.1726 32.7292 5.1128
v -2.6526 33.7263 5.5848
v -2.0387 32.0179 5.2937
v -1.7436 35.9447 5.8563
v -2.3343 33.1429 5.2345
v -2.7815 38.5557 5.1345
v -1.9469 37.9035 5.5584
v -1.9869 37.8925 5.3387
v -2.2027 37.1746 5.5311
v -1.3484 37.1502 5.6863
v -1.0764 34.2136 5.4395
v -1.5543 32.4833 5.6825
v -2.2929 32.9018 5.5499
v -0.7541 34.9469 5.8838
v -2.0186 38.2192 5.5392
v -1.5784 33.0848 5.3718
v -0.6869 35.5706 6.0096
v -0.2491 32.0788 5.8041
v -0.1326 36.0001 5.4549
v -1.5773 37.0866 5.3472
v -1.2498 37.0157 5.4587
v -2.2523 37.1108 5.3100
v -0.6328 36.5589 5.4410
v -1.0648 38.3218 5.6331
v -2.1188 32.1878 5.5021
v -1.2489 31.5408 5.3745
v -1.2137 32.0158 5.7044
v -1.2551 31.8598 5.3692
v -1.4411 33.1930 5.6090
v -0.6802 37.8929 5.4387
v -1.1032 38.5478 5.4115
v -0.6996 31.5341 5.7230
v 0.3242 35.4093 5.9102
v -0.6447 38.7373 5.6771
v -0.6118 37.5578 5.6447
v -0.5668 37.9983 5.7318
v -1.1505 33.1407 5.4320
v -0.4220 32.1940 5.4587
v -0.5533 32.8449 5.4891
v -0.2840 37.6567 5.4481
v -0.6112 33.6905 5.4818
v -0.1074 34.4561 5.4973
v 0.4235 32.1538 5.7428
v -0.1356 37.6664 5.7827
v -0.0372 35.9814 5.7883
v -0.6070 36.6489 5.7013
v -0.6263 34.5070 6.0996
v -0.0559 34.3757 5.7419
v -0.2739 32.7228 5.4362
v -0.4605 36.5560 5.6533
v -0.5477 32.7683 5.7090
v -0.5688 33.7004 5.7700
v -1.1827 34.7507 6.0172
v -1.9092 36.4720 5.8950
v 1.8073 36.5230 5.8599
v 0.2125 35.9832 5.4752
v 0.6674 36.7230 5.6958
v 0.3702 32.7240 5.4360
v 0.3603 37.8731 5.7589
v 0.1050 33.5090 5.8193
v 0.6476 33.6671 5.7769
v 0.5055 32.2212 5.4662
v 0.6395 32.5307 5.7709
v 0.4816 36.5789 5.4999
v 0.6584 32.9100 5.4980
v 4.0477 42.4197 -5.6877
v 1.0907 41.4756 -6.1854
v -1.0390 41.4525 -6.1409
v 0.3399 47.3798 -6.6834
v -0.7157 44.1783 -7.0215
v 0.4755 44.8565 -6.6174
v 0.7789 46.2935 -6.5583
v 0.2772 47.2242 -6.2203
v 0.5784 40.8823 -5.8949
v 0.1092 44.2016 -6.2857
v 1.0175 44.3511 -6.2797
v 0.8454 42.0420 -6.2281
v 0.7086 40.8089 -5.6054
v 0.3156 46.3509 -6.1939
v 0.6477 39.9978 -5.6369
v 0.3390 39.8203 -5.5912
v 0.8859 45.0676 -6.2820
v 0.1768 41.6036 -5.6290
v 1.1003 41.4075 -5.5940
v 2.1002 44.1519 -7.0172
v -0.4612 43.5048 -6.8120
v 0.4862 46.9451 -6.2393
v 0.2946 46.4898 -6.6262
v 0.5236 44.9380 -6.3069
v 0.8098 45.1112 -6.6215
v 0.4075 41.0082 -5.5955
v 1.3462 43.5031 -6.5336
v 0.7045 46.8283 -6.5837
v 0.8645 46.2303 -6.2519
v 1.3041 42.3967 -5.4551
v 1.8377 44.5571 -7.0435
v 0.5682 39.3960 -5.5926
v 1.2446 40.3033 -5.5899
v 1.5125 47.5990 -6.5923
v 1.5004 45.7208 -6.2841
v 2.0690 45.8507 -6.2838
v 2.0351 40.8036 -5.5488
v 0.8203 46.8000 -6.2183
v 2.0824 44.8917 -6.2923
v 2.1996 40.7319 -5.9787
v 1.2678 47.3039 -6.5889
v 0.9293 46.8847 -6.6514
v 1.6543 45.8113 -6.6505
v 2.3239 43.5322 -5.9202
v 2.6047 47.2510 -6.4693
v 2.1539 45.9736 -6.6172
v 1.2475 42.0220 -5.8208
v 1.5953 40.2138 -5.7628
v 1.9762 39.1864 -5.7915
v 2.6073 46.7873 -6.2536
v 4.0119 43.4091 -5.8756
v 2.9639 43.3181 -6.5286
v 2.8626 40.7648 -5.5292
v 2.3505 40.1262 -5.6994
v 2.5979 43.8541 -6.1965
v 1.3282 47.2871 -6.2885
v 2.5211 46.7781 -6.4950
v 2.9567 45.9243 -6.4692
v 2.1210 39.4077 -5.5094
v 2.9361 41.1746 -5.6001
v 2.7771 46.5664 -6.5491
v 2.6991 43.4746 -6.1852
v 2.7131 45.8169 -6.2799
v 3.6894 47.2958 -6.9778
v 3.1620 42.3646 -4.7409
v 3.3633 44.4795 -6.0899
v 2.6741 40.8746 -5.8588
v 3.4213 43.8255 -5.9123
v 3.6653 44.4235 -6.0955
v 3.2364 40.8133 -5.5332
v 3.3013 39.7616 -5.3357
v 2.7332 48.5553 -6.2361
v 4.0208 42.7258 -6.0810
v 3.0053 46.0045 -6.2546
v 3.3026 39.6930 -5.5993
v 3.5081 41.2609 -5.3036
v 3.9936 40.2208 -5.1408
v 3.8827 44.3462 -5.8265
v 3.6597 45.8089 -6.9466
v 3.6287 44.8228 -5.5313
v 4.1055 45.8237 -5.9101
v 4.2399 42.3680 -4.6647
v 4.0221 43.5078 -4.9729
v 2.9376 43.5434 -5.5967
v 3.8690 44.3385 -5.5158
v 4.1517 42.1928 -5.0720
v 5.5956 43.1684 -4.7294
v 4.3197 41.8635 -4.0538
v 4.7528 41.9925 -4.1138
v 4.8115 40.0120 -4.2860
v 5.4320 42.4205 -4.4346
v 4.9420 43.5250 -4.1175
v 4.5480 47.7523 -6.2202
v 5.1965 47.4029 -6.6765
v 5.1763 40.9370 -4.0150
v 5.1367 40.0644 -3.9785
v 4.1506 39.5818 -4.0149
v 5.0057 44.7990 -4.2468
v 3.9233 44.8590 -5.1016
v 5.4957 42.7239 -4.8114
v 4.3209 42.3568 -4.0886
v 5.3203 39.7591 -3.0175
v 5.5410 41.8486 -3.1252
v 5.8268 46.9813 -6.1561
v 5.1914 45.0659 -4.0065
v 5.0725 46.0756 -4.3467
v 5.0662 44.6126 -4.5632
v 5.4271 40.3206 -3.0850
v 5.6836 42.3803 -2.3947
v 4.8834 46.0211 -6.0284
v 5.7087 47.2267 -6.5454
v 6.0148 40.6497 -1.6588
v 5.9943 43.5082 -2.5429
v 5.8726 39.6450 -1.5088
v 5.9575 39.7995 -0.2843
v 6.5207 43.3791 -3.0618
v 6.3275 44.0918 -1.8624
v 6.7848 48.7373 -6.8807
v 5.2661 44.7533 -3.6763
v 6.5086 44.6324 -2.8940
v 6.7117 42.4557 -2.1014
v 6.1613 44.6236 -2.9377
v 6.4389 43.5561 -0.6836
v 6.3376 43.5046 1.2820
v 6.0257 44.2639 -3.2025
v 6.5516 44.5647 -2.0333
v 6.6172 45.4325 -3.9037
v 6.4629 44.4124 -2.3609
v 6.8216 44.5623 -0.1903
v 7.0546 43.1079 -2.0362
v 6.4536 44.6889 -0.7189
v 6.6049 45.7923 -0.3574
v 7.0752 46.7763 -0.3898
v 7.1490 43.3455 -0.0936
v 7.7562 45.6131 -1.7347
v 0.1566 46.1079 -6.6539
v -6.6340 45.2008 -0.1274
v -6.5897 45.5939 -4.0200
v -8.4801 47.4923 -2.8812
v -6.6030 42.3958 -2.0239
v -6.9835 42.7862 -2.2778
v -6.5536 45.7537 -0.3771
v -7.7065 45.5774 -1.7492
v -6.5206 44.5939 -1.9786
v -6.5943 45.0581 -0.5502
v -6.3992 44.4066 -2.3963
v -6.3255 44.1000 -1.5576
v -6.3910 44.2600 2.1278
v -6.8834 43.3808 -1.9248
v -5.9730 43.5231 -2.4946
v -6.8046 44.4456 -0.4315
v -6.0740 42.3899 0.2916
v -6.3862 43.5068 0.1683
v -5.4083 42.4204 -4.4409
v -5.8507 44.1398 -2.9890
v -5.1265 45.0695 -4.0706
v -5.5744 46.6271 -4.4877
v -5.5561 46.5349 -5.7201
v -6.1903 43.3756 -3.5866
v -5.2913 43.5219 -3.7423
v -5.7668 42.3607 -2.1101
v -5.9585 40.1447 -0.8679
v -5.6688 44.3638 -3.8169
v -5.6686 42.7828 -4.6462
v -5.4027 40.4696 -3.6034
v -5.5457 41.8517 -3.1207
v -6.0457 44.6364 -3.0191
v -4.9207 44.6336 -4.6853
v -5.4079 40.2491 -3.0211
v -5.0964 42.3636 -3.5790
v -4.8599 39.9897 -4.1774
v -5.1469 40.8866 -4.0530
v -4.6815 42.3098 -3.8297
v -4.3672 42.7851 -5.8512
v -5.2634 44.7692 -3.6477
v -4.9765 45.9827 -4.3475
v -4.6288 40.2787 -4.3950
v -3.8797 44.3485 -5.4519
v -3.9738 42.4222 -5.7494
v -5.5684 43.2216 -4.6959
v -3.4965 44.6751 -5.9165
v -4.0981 44.8393 -4.9156
v -4.8054 46.0299 -6.0990
v -5.3400 47.3419 -6.7105
v -4.3824 41.7587 -4.0516
v -5.0744 44.7555 -4.1034
v -4.1946 43.4104 -5.7211
v -4.2758 42.3420 -4.1363
v -3.5957 44.8065 -5.4937
v -4.2394 42.3482 -4.6954
v -4.2552 39.5643 -3.9888
v -4.3528 46.6683 -6.0899
v -3.8911 43.5354 -5.0360
v -3.8335 45.4111 -6.4325
v -3.8615 44.3835 -5.8324
v -2.9959 43.5062 -5.8779
v -1.3564 42.8098 -7.2645
v -3.6307 45.6798 -6.9445
v -3.6504 48.4998 -6.9232
v -3.3088 43.9593 -6.1604
v -3.5338 44.0997 -5.4030
v -3.2105 46.0671 -6.9460
v -2.8704 43.5451 -5.6150
v -3.2163 42.3484 -4.6708
v -3.2427 43.2130 -6.4890
v -3.2761 40.7710 -5.4689
v -3.0406 40.2231 -5.4662
v -4.2229 42.1599 -5.0393
v -1.1998 41.9965 -5.7627
v -2.0260 44.1082 -7.0449
v -2.3798 40.3524 -5.8841
v -2.5729 40.9209 -5.8486
v -2.8155 45.9922 -6.6168
v -2.5285 43.5271 -6.2011
v -3.2370 44.2982 -6.0908
v -2.7781 47.0437 -6.2225
v -2.6795 46.9898 -6.5495
v -2.4099 41.1344 -5.6575
v -2.0814 42.3624 -5.1367
v -2.1028 45.8522 -6.4023
v -2.2699 45.0943 -6.2693
v -1.9221 44.6572 -7.0136
v -2.2864 43.5410 -5.9244
v -2.5474 47.2715 -6.2719
v -2.1760 45.9237 -6.5921
v -3.0407 46.0042 -6.2216
v -1.2833 43.2949 -7.1734
v -2.5371 46.7536 -6.5022
v -1.3075 46.5393 -6.6179
v -2.0380 46.6471 -6.6133
v -1.2840 47.2404 -6.6031
v -2.2887 40.1270 -5.6701
v -1.6112 40.2061 -5.4894
v -1.5437 39.6476 -5.8295
v -1.5711 45.6847 -6.2544
v -1.8886 45.6662 -6.2656
v -0.9051 42.1943 -5.5001
v -1.2827 43.5054 -6.5752
v -1.3589 47.2807 -6.2793
v -1.2143 40.3048 -5.5572
v -1.6949 45.7411 -6.5844
v -0.9875 42.0049 -6.1751
v -0.8555 44.2872 -6.2784
v -1.4443 41.2151 -5.5493
v -0.0850 43.0362 -7.4083
v -1.5983 47.6508 -6.5532
v -1.4786 40.2375 -5.8110
v 1.1783 43.3840 -7.0784
v -0.6377 40.9619 -5.5646
v -0.8046 45.4508 -6.2544
v -0.7874 45.2008 -6.6257
v -0.7898 45.0252 -6.2821
v -0.4629 39.3517 -5.5925
v -0.3401 46.4396 -6.1864
v -0.6055 40.9054 -5.8223
v -1.0523 42.4231 -6.9376
v -0.1410 44.2041 -6.2844
v -0.3065 39.8435 -5.6172
v -0.4295 45.0692 -6.5499
v -0.3242 47.2595 -6.5306
v -0.2792 47.1174 -6.2192
v -0.5544 46.8767 -6.6175
v -0.8364 46.7651 -6.2201
v -0.2606 46.4166 -6.5679
v -0.1766 41.4029 -5.8928
v -0.1419 41.6041 -5.5968
v -0.7569 46.2952 -6.5606
v 0.0950 44.1861 -6.5998
v -0.5564 47.7573 -6.6719
v 1.3917 42.7801 -7.2084
v -5.9996 40.6301 -1.7630
v -4.7655 43.5208 -4.3032
v -0.4603 39.3188 -5.8780
v 0.5744 36.6079 -5.8955
v -0.5392 36.7213 -5.9273
v 0.3279 38.0710 -5.8778
v 0.5903 37.6528 -5.8982
v 0.3288 39.7797 -5.8723
v 0.6114 39.8321 -5.8950
v 0.1320 35.9809 -5.9568
v 0.5565 39.3902 -5.8460
v -0.2494 34.9665 -6.2551
v 0.5438 34.5085 -6.2003
v 0.4885 32.1869 -5.8675
v 0.6224 32.9452 -5.6252
v 0.2091 36.0095 -5.6238
v 0.2946 32.5827 -5.9403
v 0.3705 32.7225 -5.5923
v 0.7388 33.6841 -5.5987
v 0.2289 34.4842 -5.6190
v 0.3398 37.7646 -5.6245
v 0.4722 33.8412 -5.5969
v 0.7250 37.9132 -5.6150
v 0.7296 36.6869 -5.6204
v 1.2456 37.0201 -5.5912
v 1.3800 37.1188 -5.8350
v 0.7691 38.8104 -5.5910
v 1.2003 38.5174 -5.8308
v 0.7256 38.8193 -5.9004
v 1.3048 33.1179 -5.8221
v 1.6376 34.7186 -5.8686
v 0.6442 32.3005 -5.6256
v 1.1963 39.0414 -5.5633
v 1.4029 38.7859 -5.5689
v 2.0770 34.3586 -5.9789
v 1.2971 31.9099 -5.5659
v 0.9378 34.8954 -6.2197
v 1.2804 38.3435 -5.5934
v 1.6584 37.2987 -5.6968
v 1.9637 39.0638 -5.5040
v 2.1501 32.1075 -5.6958
v 1.2966 36.3451 -5.5986
v 2.4962 37.1541 -5.8893
v 1.2802 33.2060 -5.5894
v 1.6846 33.0207 -5.5914
v 1.6110 33.1753 -5.7815
v 2.5948 33.1413 -5.8785
v 2.2032 32.3527 -5.4547
v 1.8863 37.1935 -5.7669
v 2.0541 37.9388 -5.5031
v 2.4139 37.2932 -5.4690
v 2.2936 37.3340 -5.7624
v 2.0556 38.2189 -5.7329
v 1.2799 34.2011 -5.6137
v 2.4305 33.1322 -5.3966
v 2.3648 33.0359 -5.7048
v 2.5300 36.4897 -5.5902
v 1.6989 35.8802 -5.9993
v 2.6577 33.7573 -5.8381
v 3.6993 35.7551 -4.9896
v 2.7538 38.1662 -5.3489
v 2.9052 32.2013 -5.7269
v 2.7530 34.4324 -5.4951
v 2.6617 33.8317 -5.5492
v 2.8073 38.0912 -5.7294
v 3.1694 34.3400 -5.4338
v 2.4316 40.3049 -5.4226
v 3.3387 32.3767 -5.5628
v 3.6985 33.6808 -5.1706
v 2.6596 40.0405 -5.8464
v 2.8421 36.9354 -5.7193
v 3.3991 32.2335 -5.2362
v 3.3790 38.2831 -5.3193
v 3.3329 38.0846 -5.5767
v 4.1843 38.0796 -4.2888
v 4.1558 38.8083 -4.1537
v 4.2687 39.9446 -4.2434
v 5.2662 39.3795 -3.2243
v 4.5347 31.3663 -3.8239
v 4.1122 31.9603 -4.0393
v 4.0865 36.6034 -3.9498
v 4.5303 36.5942 -3.7818
v 4.0577 36.2831 -4.1708
v 4.4585 37.0973 -4.1206
v 4.3364 35.3429 -4.2307
v 4.7758 36.0861 -3.4251
v 4.6493 38.0730 -3.9035
v 4.6068 34.0897 -4.0214
v 4.0870 33.9543 -3.7222
v 5.1089 32.3992 -2.8678
v 4.0894 38.8763 -4.5788
v 4.8496 31.9107 -2.9667
v 4.0855 31.8820 -3.5507
v 4.6772 34.2000 -3.3805
v 4.8204 34.1228 -3.7137
v 4.7112 39.0038 -4.0537
v 5.5281 31.4138 -2.5362
v 4.9170 39.9532 -3.1176
v 4.8641 33.0318 -2.5920
v 5.0355 38.7846 -2.7664
v 5.3376 38.8760 -2.8370
v 5.1076 33.8458 -2.4769
v 5.0601 33.2394 -3.2500
v 5.1182 37.7745 -2.7891
v 4.1067 32.6692 -4.0017
v 4.6610 35.3429 -3.7420
v 4.9793 34.9993 -3.3966
v 5.1092 34.4130 -3.3290
v 5.2179 36.1834 -2.8889
v 4.9775 34.7769 -2.7539
v 5.4581 37.7164 -2.0750
v 5.3040 33.6883 -1.3596
v 4.4502 37.3941 -3.6575
v 5.6652 38.9610 -2.3281
v 5.3238 39.5503 -2.6246
v 5.1299 36.4332 -2.4739
v 5.2472 33.5030 -2.3863
v 5.2407 35.1531 -1.8396
v 5.6040 32.4185 -1.4661
v 5.0377 39.5727 -2.6329
v 5.3424 35.0957 -2.2078
v 5.8355 38.1065 -1.3247
v 5.5926 34.2905 -1.3887
v 5.5334 38.5187 -1.1206
v 5.4457 36.5761 -1.5425
v 5.5696 36.9121 -1.0917
v 5.4657 38.7532 -2.1318
v 5.9800 38.1688 -0.8503
v 5.7269 39.5302 -1.5482
v 0.2421 37.4236 -5.9323
v -5.9705 38.8589 -0.3498
v -5.8667 39.3720 -1.5808
v -5.7892 35.2199 -0.8833
v -5.6020 36.8771 -1.5222
v -5.3518 33.6126 -2.1647
v -5.6516 39.7636 -2.4617
v -5.4641 38.7828 -2.1289
v -5.6317 38.8954 -2.3298
v -5.8051 37.4988 -1.2328
v -5.3363 37.1229 -1.9001
v -5.1500 37.8375 -2.7566
v -5.9984 38.1598 -0.8262
v -5.5551 38.4646 -1.1132
v -5.2604 35.2443 -1.9676
v -4.9231 33.0261 -2.3606
v -5.1338 36.4383 -2.4545
v -5.2121 33.7185 -3.1119
v -5.1088 33.2564 -3.2927
v -4.8093 32.4048 -3.3053
v -5.1770 34.4064 -3.2006
v -5.3268 39.5474 -2.5287
v -5.1977 39.6656 -2.9715
v -4.9283 39.7121 -2.8897
v -4.6516 34.1729 -4.0429
v -4.9308 34.0293 -3.2496
v -5.0128 35.0334 -3.2417
v -4.7440 36.9194 -3.5757
v -5.2576 32.0657 -2.4116
v -5.0101 31.8374 -1.9779
v -5.0141 34.6649 -2.8406
v -4.4241 35.3368 -4.1958
v -5.6185 31.5007 -2.0177
v -4.6493 34.2077 -3.3926
v -4.2570 38.7759 -4.0221
v -4.0441 32.6600 -4.1735
v -5.2219 36.2630 -2.8548
v -4.8049 36.2609 -3.5813
v -4.4166 33.4239 -3.2959
v -5.0138 38.7725 -2.8405
v -4.1213 32.6914 -3.6555
v -4.4821 37.3823 -3.6117
v -4.6300 38.1963 -3.7749
v -4.0905 31.8776 -3.5576
v -4.1501 36.6828 -3.8862
v -4.0895 34.1273 -3.8196
v -4.1816 37.9642 -4.4019
v -4.1237 36.0425 -3.9883
v -3.2308 33.9599 -5.4193
v -3.0728 37.4000 -5.4306
v -3.7645 31.3519 -5.0756
v -3.2402 34.3439 -5.4043
v -3.1070 39.9278 -5.7181
v -2.8265 33.9575 -5.5638
v -2.7549 33.6321 -5.4830
v -3.1054 32.9569 -5.6276
v -3.3027 32.3320 -5.2022
v -2.2675 34.1287 -5.9000
v -3.2135 37.8699 -5.6527
v -2.8735 38.8946 -5.7655
v -2.7794 38.9785 -5.2987
v -2.7113 38.2191 -5.3042
v -2.4673 33.1436 -5.8434
v -2.3927 40.1617 -5.3668
v -2.7135 32.4046 -5.2659
v -2.4263 36.4926 -5.8657
v -2.0197 37.9266 -5.4959
v -2.0887 32.3855 -5.4356
v -2.7642 31.2664 -5.2245
v -1.9390 37.8702 -5.7377
v -1.9310 39.2800 -5.7956
v -2.2578 37.2579 -5.7340
v -0.3548 34.5378 -6.2541
v -1.5275 33.0091 -5.7130
v -2.2837 33.0248 -5.6962
v -2.0686 38.2650 -5.4583
v -2.2328 37.0872 -5.4635
v -1.6858 37.1309 -5.7342
v -1.9790 31.9579 -5.4378
v -2.0910 32.1649 -5.7011
v -1.9676 39.0644 -5.4678
v -1.6441 35.9198 -6.0251
v -1.1860 33.1661 -5.5791
v -2.4160 32.9306 -5.3355
v -1.5784 33.9558 -5.5545
v -0.3641 38.0698 -5.8706
v -2.1573 32.5290 -5.7009
v -1.1424 38.8260 -5.8336
v -1.5567 37.1776 -5.5493
v -1.3125 38.7304 -5.5600
v -1.1979 31.8780 -5.5936
v -1.1261 32.0498 -5.8929
v -1.0330 38.2898 -5.8255
v -0.1146 35.9830 -5.6299
v -0.7128 38.6842 -5.5684
v -1.1106 38.4896 -5.8337
v -1.2378 31.6758 -5.7356
v -1.2236 37.1502 -5.8329
v 0.2811 35.9505 -6.1922
v -2.2595 36.7792 -5.9587
v -1.2344 33.0586 -5.8609
v -0.4429 35.5839 -6.2207
v -0.4450 38.8171 -5.9501
v -0.6397 37.8949 -5.5952
v -0.6228 33.6022 -5.6197
v -0.5528 33.7891 -5.8450
v -1.2358 34.7373 -6.1621
v -0.8728 34.8996 -6.0280
v -0.3960 32.1706 -5.5972
v -0.3592 32.1659 -5.8417
v -0.6059 39.9370 -5.5954
v -0.6105 37.5604 -5.7931
v -0.2727 32.7233 -5.5917
v -0.2430 37.6732 -5.8805
v 0.5470 35.4365 -6.0545
v -0.3064 37.7000 -5.6178
v -0.6656 36.7075 -5.6006
v -0.0586 34.3051 -5.9334
v -0.5296 32.7090 -5.8971
v -0.2956 39.7789 -5.8775
v -0.5269 33.6342 -5.9451
v 0.2203 34.3047 -5.8320
v 0.6098 33.6879 -5.9255
v -3.7712 35.9398 -4.9815
v 0.6051 29.4785 5.7076
v 1.2670 31.4843 5.6421
v 0.2946 28.8420 5.4385
v 0.2516 31.1198 5.6943
v 0.6732 30.4611 5.7073
v 0.3427 25.1044 5.4699
v 1.2460 25.7148 5.4651
v 0.6705 29.4138 5.4826
v 0.7669 30.7641 5.4381
v 0.2788 24.5310 5.7382
v 0.4430 26.8495 5.4738
v 1.7076 26.3168 5.4501
v 0.7307 26.8803 5.9703
v 0.3407 30.5395 5.4392
v 0.6532 30.3842 5.4633
v 0.8637 31.6163 5.3740
v 1.3790 31.6298 5.3883
v 1.1693 29.9291 5.4216
v 0.7201 30.8186 5.7255
v 1.2080 24.1706 5.6782
v 1.2285 31.2541 5.3757
v 1.7380 27.0270 5.6954
v 1.5661 30.1307 5.6489
v 1.7245 25.5669 5.7051
v 1.6597 30.1046 5.4054
v 1.2662 30.0299 5.6753
v 1.8719 29.3088 5.8007
v 1.6418 25.6270 5.4654
v 2.2182 32.1358 5.3152
v 1.1914 24.3089 5.4368
v 2.2154 24.5879 5.5372
v 2.5119 25.7053 5.6932
v 2.9716 25.7620 5.5059
v 2.7402 29.5146 5.3412
v 2.9703 28.7827 5.3148
v 2.0026 31.1584 5.5572
v 2.2916 29.9211 5.3040
v 2.3975 30.0212 5.5317
v 2.3824 25.6361 5.3748
v 2.8312 30.9411 5.5269
v 1.7219 28.7135 5.8363
v 2.9755 29.9331 5.4801
v 2.7734 23.3637 5.2797
v 2.4437 30.1612 5.3025
v 2.8121 26.5442 5.4105
v 2.8417 31.9400 5.1131
v 3.7616 24.8110 5.0162
v 3.3482 24.8629 5.1718
v 3.4022 31.1979 5.1172
v 3.4923 28.2074 4.9823
v 3.3982 23.6051 5.1429
v 4.1080 31.0391 3.8143
v 4.0101 28.1411 3.4623
v 4.6108 24.1616 2.4924
v 4.6667 31.3959 4.0606
v 4.0833 31.8853 3.5633
v 3.9956 28.9095 3.9669
v 4.2910 28.9564 4.0614
v 5.1101 29.5803 3.8688
v 4.6501 26.2644 1.3800
v 4.7217 27.9004 2.1483
v 4.9062 28.1324 1.6654
v 5.3466 25.2978 0.5047
v 5.0045 26.7132 0.4107
v 4.9846 28.7907 0.6984
v 4.9479 25.0391 0.5859
v 5.1282 28.4489 -0.0411
v 5.5024 29.0809 0.0149
v 5.0296 23.7554 0.1356
v 4.9819 30.8462 4.0837
v 5.8489 29.7027 1.9734
v 5.5406 30.6675 1.5412
v 5.8980 30.5782 1.1479
v 5.8449 31.1369 0.4969
v 6.0657 31.3517 0.6452
v 5.3770 31.6799 -0.0064
v 5.8123 30.4640 0.4079
v 5.8627 31.6119 -0.1670
v 6.0184 31.2870 0.0906
v 5.8026 31.6162 -1.1978
v -0.1654 31.1629 5.7662
v -5.7411 30.9697 0.5318
v -5.9954 31.1581 0.9683
v -5.4852 31.4436 0.5958
v -5.8699 31.2746 0.2278
v -4.8231 24.7001 1.0235
v -5.6462 23.7248 1.9903
v -5.3424 29.5704 3.5256
v -5.0584 28.2985 2.7851
v -5.6339 29.9495 1.9959
v -5.5045 26.9781 0.0918
v -4.5617 31.9277 3.4563
v -4.7129 26.4719 1.0576
v -5.9033 31.3553 0.7690
v -5.0743 31.8178 1.4890
v -4.8508 31.4841 3.8668
v -4.3834 28.9764 3.9620
v -4.5494 25.9218 1.6634
v -4.7122 23.7595 3.6030
v -4.5829 24.6424 2.6511
v -4.9502 27.6882 1.9119
v -4.0557 27.4025 3.4575
v -4.1543 24.0167 3.4998
v -4.4839 28.1137 3.0695
v -3.7314 28.0923 4.7180
v -3.2721 26.5593 5.1170
v -2.7644 26.1422 5.1719
v -3.3590 24.6959 4.9961
v -3.7313 34.1147 4.9826
v -3.2378 22.8726 5.0482
v -3.3692 31.5168 5.3411
v -2.3839 26.5541 5.3442
v -3.2370 30.5941 5.1125
v -2.9135 25.8136 5.4794
v -3.0412 30.1342 5.4765
v -2.8924 26.4776 5.2742
v -2.8445 29.7057 5.2130
v -2.2687 25.9446 5.6497
v -2.8765 31.9732 5.5414
v -2.8931 23.3177 5.5151
v -2.6421 25.3634 5.5438
v -1.1382 27.1810 5.9098
v -2.7784 31.9754 5.0799
v -2.3498 25.4516 5.4622
v -2.3518 30.0099 5.2500
v -2.6952 30.4780 5.5822
v -2.0705 29.4984 5.7859
v -1.9901 31.1206 5.5287
v -2.2205 30.0631 5.5411
v -1.1689 28.3594 5.7724
v -2.5155 29.3122 5.6078
v -2.4665 25.5166 5.1691
v -1.5485 26.4082 5.3353
v -1.4630 30.0609 5.6726
v -2.0795 24.7950 5.2996
v -0.9208 28.9337 5.4300
v -1.5784 30.0146 5.3677
v -1.5947 25.6002 5.3100
v -1.0964 24.3253 5.3687
v -0.8766 24.4596 5.6732
v -1.7447 25.5150 5.5644
v -1.0683 31.4473 5.7075
v -0.6664 28.7017 6.0484
v -1.2617 23.6559 5.3411
v -2.0265 31.1383 5.2936
v -1.1339 31.2185 5.4088
v -1.5455 24.9593 5.5918
v -1.4980 25.6020 5.5749
v -0.6439 26.9413 6.0012
v -1.1915 24.1049 5.5326
v -1.2498 29.8753 5.4051
v -0.6456 30.4524 5.6782
v -0.6111 26.0374 5.4138
v -0.3307 24.4211 5.7088
v -0.7331 31.6187 5.3733
v -0.6882 30.7750 5.4238
v -0.5926 30.3090 5.4367
v -0.3400 24.5049 5.3671
v -1.2426 25.6924 5.3415
v -0.0408 28.7829 5.6314
v -0.3297 30.5509 5.7146
v -0.2640 24.9867 5.6496
v -0.5606 25.0552 5.6475
v -0.5857 29.5596 5.7115
v -0.3833 29.4171 5.4404
v 1.0524 27.2290 5.9446
v 0.5572 24.9836 5.7272
v -0.2800 30.5303 5.4404
v -0.2788 25.0392 5.4044
v -0.5530 26.1097 5.5905
v -0.3064 29.2976 5.7046
v -0.0505 26.8323 5.4512
v -0.2466 28.2626 5.9979
v 0.6232 26.1763 5.4661
v 0.5166 26.1302 5.7088
v 0.4869 24.6042 5.4797
v 0.6235 25.2540 5.4671
v 1.3941 25.6663 5.7060
v 0.9850 24.5065 5.7307
v 0.6716 23.9900 5.4087
v 1.2308 23.8232 5.4438
v -5.5844 28.8114 1.8836
v -5.0762 28.6090 0.6504
v -4.8487 24.5204 0.3864
v -2.1238 24.5450 5.4124
v -0.2953 16.8535 5.7449
v 0.0281 19.4358 5.4613
v 0.6120 21.8820 5.7090
v 1.6747 21.5419 5.8960
v 0.4886 18.7495 5.5982
v 0.3790 22.9730 5.4662
v 0.5903 17.6214 5.7092
v 0.5237 16.5126 5.7211
v 0.1126 23.6067 5.7342
v 0.6953 21.7696 5.4438
v 0.3601 21.9249 5.6576
v 0.4163 23.9585 5.7394
v 0.5739 17.2158 5.4740
v 1.3301 19.2555 5.8648
v 1.5703 21.6841 5.4345
v 0.3151 17.5196 5.6736
v 0.7595 18.6173 5.4340
v 0.6708 18.5845 5.7036
v 0.6114 22.9031 5.7087
v 0.6154 17.7499 5.4439
v 1.1625 16.1967 5.5345
v 1.1480 16.3148 5.7127
v 0.6910 23.2480 5.6857
v 0.7381 23.1686 5.4422
v 1.2652 22.4415 5.5711
v 0.3606 16.8739 5.7639
v 1.4914 18.2061 5.6718
v 1.3461 16.5750 5.5020
v 2.0908 23.5051 5.5797
v 1.2495 18.2209 5.4339
v 1.0852 16.9090 5.7070
v 2.2929 17.9765 5.7048
v 2.2342 17.3358 5.4317
v 1.8719 22.4663 5.6173
v 1.1883 16.8490 5.4675
v 1.8628 18.8365 5.4364
v 2.0845 21.2961 5.7365
v 1.6387 18.2199 5.4329
v 2.8703 17.7143 5.7051
v 2.1151 17.1241 5.7130
v 1.5438 22.3626 5.4047
v 2.0700 16.0551 5.6898
v 2.8305 19.5289 5.4447
v 1.6073 19.6889 5.8209
v 2.6605 21.7390 5.3657
v 1.6090 17.5658 5.7270
v 2.3169 17.5821 5.6748
v 2.4962 18.0587 5.3693
v 2.4321 22.5268 5.5021
v 2.0504 23.2381 5.4059
v 2.9384 21.3580 5.3438
v 2.5622 22.5606 5.6910
v 2.2157 24.8278 5.3756
v 2.6731 21.8835 5.6410
v 2.8723 16.6624 5.3130
v 2.4861 22.6062 5.3328
v 2.6003 19.0117 5.4328
v 2.8999 22.1991 5.3002
v 3.2389 22.9554 5.4601
v 2.9746 18.4378 5.5713
v 2.9546 23.8388 5.5975
v 2.8717 16.0810 5.7406
v 3.4004 16.4576 5.5432
v 3.7020 20.6239 4.9862
v 3.1360 18.1386 5.3093
v 3.2696 19.3594 5.3118
v 4.1224 21.5329 4.0947
v 4.3153 16.8833 3.6497
v 4.1953 19.8331 3.5163
v 5.1401 20.8821 3.7649
v 4.8669 16.7643 3.6757
v 4.1202 23.3990 3.4734
v 5.1488 18.7938 2.4825
v 5.3618 22.8081 0.7450
v 5.3058 20.1738 3.4332
v 4.6224 22.7836 3.8165
v 5.1420 22.3121 -0.2403
v 5.7169 21.3631 0.7080
v 5.2375 18.7536 1.7818
v 5.5793 21.4777 0.0453
v 5.2469 20.7201 -0.3253
v 5.2347 18.1349 2.3455
v 6.0443 17.9474 1.9683
v 5.9562 16.8831 2.5789
v 6.3893 14.6538 1.2612
v 6.2832 17.6272 0.0859
v 6.4223 14.5277 0.6830
v 6.2718 16.8152 -0.1498
v 6.4638 17.2805 1.6613
v -6.5693 15.8934 1.0271
v -5.5738 17.4146 0.8650
v -5.1290 18.3317 1.4753
v -6.1007 23.2044 0.8819
v -5.8037 23.0894 0.0665
v -5.3064 22.3745 3.4662
v -5.9958 22.8278 1.8463
v -5.2918 18.8355 2.1064
v -5.6045 20.3046 2.6129
v -4.7207 20.2385 2.9138
v -4.7431 16.9162 3.3503
v -4.5191 21.9539 3.5582
v -4.9496 23.2588 3.7046
v -4.1559 21.7610 3.3699
v -4.1489 22.8872 3.7814
v -3.9007 24.8800 4.7580
v -3.3113 17.5314 5.0325
v -3.3850 19.6372 5.0107
v -3.2751 19.1228 5.1816
v -3.2081 15.4771 5.4777
v -3.3711 24.3536 5.3116
v -2.9078 18.4663 5.4688
v -2.9716 19.5911 5.2792
v -3.1553 21.2135 5.1044
v -3.3662 17.0818 5.3779
v -2.7414 18.7598 5.1771
v -2.9141 21.3914 5.3102
v -2.3574 19.1328 5.6121
v -2.7445 15.9434 5.1127
v -2.7749 17.6074 5.5120
v -3.2696 22.9966 5.3525
v -2.6763 21.7390 5.2428
v -2.8109 24.3189 5.0794
v -2.0056 18.8231 5.7100
v -1.7626 18.8991 5.2733
v -2.3536 22.3408 5.1776
v -2.1125 21.8594 5.7103
v -2.1050 19.4071 5.3348
v -2.0924 23.4717 5.4477
v -2.1456 23.4806 5.2392
v -2.6809 17.6507 5.0767
v -2.1052 16.0883 5.2682
v -2.0116 17.0915 5.5385
v -1.5127 17.5658 5.5596
v -2.0055 17.3695 5.4813
v -2.3540 18.0117 5.4413
v -1.7764 18.0714 5.5055
v -0.9239 19.9025 5.8801
v -2.1655 17.0415 5.2274
v -2.0290 21.9499 5.2442
v -1.6205 22.4377 5.3165
v -1.2804 16.6462 5.4018
v -1.8217 21.1018 5.8018
v -0.9702 19.4198 5.8733
v -1.6215 18.0729 5.2770
v -0.5308 21.0717 5.9992
v -1.1484 16.4182 5.3907
v -0.9480 16.9652 5.6945
v -1.3032 18.0844 5.6053
v -1.2943 18.2363 5.3101
v -1.3943 22.4404 5.5755
v -1.1334 16.1690 5.4105
v -0.6081 17.2831 5.4078
v -0.9408 16.0538 5.7116
v -1.2015 20.7704 5.6373
v -0.7898 19.3918 5.3748
v -0.7060 23.1710 5.3423
v -0.6058 23.9548 5.3714
v -1.1078 23.8270 5.5409
v -0.4633 23.8984 5.7056
v -1.2348 22.3496 5.3759
v -0.6118 22.8051 5.5758
v -0.2969 22.9118 5.4021
v -0.2799 17.6135 5.3757
v -0.6745 21.9433 5.4420
v -0.1530 20.6043 5.7406
v -0.5583 16.5196 5.6241
v -0.6776 18.6354 5.3766
v -0.0011 19.3318 5.6782
v -0.5429 17.5330 5.6720
v -0.2640 23.6569 5.6762
v -0.3954 21.8047 5.4568
v -0.1126 21.1619 5.4695
v -0.3225 21.6427 5.7164
v -0.6049 18.5850 5.6400
v -0.4255 18.7167 5.5809
v -0.5505 21.8832 5.6762
v 0.7296 20.7360 5.9327
v 0.1283 21.1775 5.7108
v -5.9284 20.8495 0.3696
v 0.1311 20.0180 5.9386
v 0.0953 28.8059 -5.8753
v 1.1918 26.7664 -6.1097
v 1.3087 26.5677 -5.6301
v 0.8669 27.3098 -6.1232
v 0.5293 26.0779 -5.8946
v 0.3425 25.1047 -5.5960
v 0.1975 24.9454 -5.8859
v 0.6864 29.3984 -5.6107
v 0.6215 26.2066 -5.6206
v 0.3409 30.5391 -5.5955
v 0.5903 29.5267 -5.9107
v 0.3583 30.6122 -5.8866
v 0.6704 25.2004 -5.6293
v 0.9831 28.7911 -6.2230
v 0.5062 24.6494 -5.6267
v 0.7001 30.4732 -5.8568
v 1.2975 31.7779 -5.8290
v 0.5938 30.3947 -5.6467
v 1.1186 31.1721 -5.8703
v 0.6708 23.9919 -5.5632
v 0.2289 28.8164 -5.6258
v 1.3813 30.0223 -5.8600
v 1.1952 29.9678 -5.6029
v 0.7709 30.7601 -5.5978
v 1.7550 30.0347 -5.7632
v 1.4261 25.7629 -5.6298
v 1.2356 31.4534 -5.8322
v 1.4495 25.7014 -5.8316
v 0.7189 24.5762 -5.9010
v 1.2978 23.6958 -5.6006
v 0.8324 31.6126 -5.5645
v 1.2241 31.2456 -5.5613
v 1.3023 24.0513 -5.7713
v 1.6641 29.3098 -5.5642
v 2.0898 31.1261 -5.7083
v 2.7083 29.5433 -5.7894
v 1.1649 24.3848 -5.5982
v 1.9788 24.5852 -5.8266
v 2.3709 29.8488 -5.9021
v 2.0370 24.4671 -5.5596
v 2.1633 31.0731 -5.4862
v 2.3396 25.4408 -5.8234
v 2.3968 30.0218 -5.6828
v 2.3995 25.5838 -5.5618
v 2.9586 27.0367 -5.4350
v 2.9417 28.8191 -5.5008
v 1.6602 28.5902 -6.0177
v 2.2333 25.9886 -5.8974
v 2.8599 24.9037 -5.7905
v 2.8760 31.5969 -5.2977
v 2.4691 30.1920 -5.4507
v 2.8582 30.6347 -5.7901
v 3.3702 31.1980 -5.5746
v 2.8718 25.9909 -5.4977
v 3.2684 25.1378 -5.3671
v 3.2358 25.1445 -5.6009
v 3.2421 22.9211 -5.5658
v 2.8386 29.7128 -5.4647
v 3.3652 30.9520 -5.3004
v 3.5299 28.0368 -5.1002
v 4.0595 28.5877 -3.9239
v 3.8561 19.4856 -5.1726
v 4.0645 20.9896 -4.5636
v 4.8666 29.0047 -3.6190
v 4.0231 28.2212 -3.7483
v 4.0575 26.2335 -3.8950
v 4.5126 26.5447 -2.8516
v 4.6181 25.6887 -3.3324
v 4.9794 31.2616 -3.5922
v 5.1812 27.1368 -1.6312
v 4.1216 21.6792 -3.7871
v 4.5434 28.2141 -2.8845
v 5.0760 29.0689 -3.3324
v 5.1613 28.8408 -1.2302
v 5.1645 30.4673 -3.4977
v 5.5188 25.4036 -1.4498
v 5.6106 25.9305 -0.2980
v 0.0646 31.2354 -5.9358
v 2.0675 26.8314 -5.7874
v 4.9898 24.6995 -3.5383
v -5.1174 29.1763 -3.2891
v -5.9007 31.4499 -0.3001
v -5.6062 24.7852 -0.3782
v -5.4963 28.6407 0.0634
v -5.5123 25.1998 -0.7116
v -4.7489 28.3719 -2.7253
v -4.4609 24.7020 -3.8547
v -4.8452 28.8384 -3.5126
v -4.7840 31.2158 -3.7431
v -5.0780 31.1274 -3.4777
v -4.0581 28.3301 -3.7242
v -4.1512 22.9550 -4.0823
v -4.1230 25.1408 -3.9206
v -3.8622 24.8747 -4.9414
v -4.0587 28.9581 -3.9867
v -4.1202 31.4778 -3.8548
v -4.0499 32.0572 -4.2328
v -3.7101 28.0723 -4.8809
v -3.3357 31.1615 -5.2357
v -3.2064 26.4844 -5.3044
v -2.7789 26.9478 -5.3687
v -3.3042 31.0521 -5.5672
v -3.3702 24.4642 -5.4528
v -2.8670 32.0691 -5.7038
v -2.6479 30.3961 -5.7949
v -2.9230 23.4484 -5.6690
v -2.9019 24.7080 -5.6646
v -2.8989 25.8475 -5.6154
v -2.2233 26.6233 -5.8329
v -2.3992 29.8888 -5.9014
v -2.5168 25.4386 -5.3003
v -2.3187 25.4727 -5.6326
v -1.9827 28.9066 -5.9722
v -2.5413 29.3536 -5.4926
v -2.7226 29.6009 -5.7137
v -2.0909 26.0958 -5.8228
v -1.5638 26.4226 -5.4983
v -2.1575 24.5715 -5.4059
v -1.9557 31.0869 -5.7297
v -1.7734 30.0957 -5.7920
v -1.5120 29.2319 -5.5159
v -0.3292 28.7550 -6.2222
v -1.0045 24.3325 -5.7635
v -2.0557 24.6544 -5.6976
v -1.5572 30.0508 -5.5175
v -2.3825 30.1327 -5.3670
v -1.0937 24.3349 -5.5250
v -0.4097 28.3261 -6.2198
v -2.6956 26.4708 -5.3754
v -0.8738 27.2759 -6.1249
v -1.4685 25.6356 -5.7009
v -1.0855 31.1794 -5.8206
v -0.6056 23.9931 -5.5588
v -1.0077 28.3583 -5.9647
v -0.8067 31.6986 -5.8449
v -1.2282 31.4665 -5.5797
v -0.7272 31.6201 -5.5525
v -1.2374 23.9911 -5.5000
v 0.1037 26.8494 -5.5976
v -0.6080 25.9360 -5.5645
v -0.2971 23.6755 -5.8393
v -1.1531 29.9232 -5.5538
v -1.2318 25.6663 -5.5003
v -0.9384 25.1036 -5.5300
v -0.3626 24.4917 -5.8043
v -0.5926 30.3409 -5.5890
v -0.6639 30.7771 -5.5795
v -0.5667 30.8703 -5.8939
v -0.6049 25.1002 -5.5635
v -0.5105 25.0414 -5.8286
v -0.6104 29.6070 -5.8280
v -0.3076 30.5010 -5.5638
v -0.5405 30.4621 -5.8947
v -0.2734 30.5431 -5.8796
v -0.1750 28.8170 -5.5972
v 0.9664 28.3970 -6.1906
v -0.6283 29.4257 -5.5942
v -0.9335 26.9124 -6.1464
v -0.5114 25.9910 -5.8291
v 0.3434 24.4335 -5.8830
v -1.9823 31.2127 -5.4323
v -0.2312 17.5001 -5.8456
v 1.2102 19.2267 -5.5978
v 0.2942 17.4992 -5.8685
v -0.2828 17.9812 -5.7970
v 0.0646 19.4494 -5.5921
v 0.4961 21.7702 -5.6369
v 0.4918 18.7738 -5.7387
v 0.3704 22.9762 -5.5932
v 1.1225 20.7415 -5.8581
v -1.1281 19.8801 -5.7596
v 0.6072 18.6343 -5.8944
v 0.7382 22.0182 -5.5985
v 0.5903 17.5987 -5.8820
v 0.2982 23.0158 -5.8493
v 1.0014 21.3945 -5.5972
v 0.3718 17.6052 -5.5631
v 0.5552 16.5809 -5.8725
v 1.3286 18.2076 -5.7688
v 0.4390 17.0519 -5.6221
v 0.7668 23.2039 -5.5949
v 1.5880 21.5608 -5.9956
v 2.3516 22.4165 -5.5253
v 1.9288 19.5703 -5.7372
v 1.7587 19.6193 -5.9582
v 0.6632 16.9885 -5.9423
v 1.1950 16.8637 -5.6283
v 0.5564 24.0069 -5.8381
v 2.0535 23.4637 -5.7994
v 0.6816 23.2506 -5.8337
v 1.2474 16.1807 -5.6342
v 0.6395 16.5307 -5.6312
v 1.4182 16.6458 -5.6557
v 1.5969 17.3810 -5.9289
v 1.6747 18.0790 -5.7015
v 2.2005 18.7159 -5.9863
v 2.0533 21.2708 -5.8938
v 1.4952 22.4874 -5.8291
v 1.6238 22.5463 -5.5647
v 2.3824 18.0115 -5.8295
v 1.7727 22.5264 -5.7873
v 1.9507 16.1686 -5.6298
v 2.0844 16.0371 -5.8633
v 2.1862 17.2521 -5.8640
v 2.9039 23.4832 -5.7634
v 2.2836 17.0916 -5.5659
v 2.4722 22.6680 -5.4318
v 2.0175 23.2373 -5.5638
v 2.0878 15.7257 -5.6391
v 2.7487 18.7740 -5.8342
v 3.1688 21.4296 -5.3999
v 2.1132 23.5143 -5.5497
v 2.3826 22.5692 -5.7318
v 2.5174 18.1157 -5.5613
v 2.9471 19.0922 -5.5662
v 2.7104 17.7153 -5.4990
v 2.9082 17.1597 -5.8271
v 3.2254 19.4737 -5.4507
v 3.3357 17.5488 -5.6938
v 2.2816 21.4279 -5.6632
v 2.8027 18.7579 -5.5611
v 2.7776 24.6547 -5.4319
v 3.4324 17.1157 -5.3998
v 4.4153 13.2701 -4.3720
v 4.2539 18.4408 -3.9219
v 4.2939 16.1717 -3.5012
v 4.8896 18.1904 -3.8657
v 4.7639 20.0878 -3.8485
v 4.8859 21.7827 -3.4812
v 5.3499 16.9255 -3.3554
v 4.7803 16.1350 -3.1346
v 5.2287 20.7576 -3.1293
v 4.1237 20.8707 -3.5640
v 4.6140 21.0297 -3.1657
v 5.3019 21.6214 -2.9711
v 5.1512 21.0490 -2.0661
v 5.5191 20.1635 -3.4670
v 5.1800 21.0751 -0.8860
v 5.4445 19.0297 -3.6448
v 5.8062 17.4452 -2.4701
v 5.6672 24.8395 0.0117
v 5.5854 24.1047 -0.0615
v 5.5215 18.2307 0.0772
v 5.8423 20.5031 -0.8198
v 6.0793 17.6307 -0.9396
v 5.9853 17.5402 -0.3576
v 1.1040 16.3497 -5.9042
v -6.6570 16.0445 0.0591
v -6.3483 16.0493 -0.7016
v -6.1371 20.4269 -1.4736
v -5.9735 15.6909 -2.7829
v -6.1240 18.7664 -0.0408
v -6.2649 16.2927 -0.2958
v -5.6965 16.8838 0.0697
v -5.5701 20.1856 -3.4091
v -5.2413 21.2622 -0.6733
v -5.9992 22.2095 -1.4859
v -5.6292 23.8802 -3.4677
v -5.6361 21.7570 -0.2417
v -5.4042 19.6031 0.1816
v -5.7652 22.0627 -2.9084
v -5.2700 21.8673 -3.5243
v -5.2636 19.1514 -3.8987
v -4.9180 20.0977 -3.9374
v -5.0258 17.4793 -3.7485
v -5.1403 15.7511 -3.8596
v -5.1730 21.3119 -2.3686
v -5.3941 20.7593 -3.2422
v -5.3069 23.4002 -3.9877
v -4.7839 18.8058 -4.0079
v -4.1577 21.7891 -3.8237
v -4.1896 20.2329 -3.7886
v -4.7987 21.3651 -2.9293
v -4.2552 17.6163 -3.7249
v -2.8830 19.1631 -5.4316
v -3.1723 15.3486 -5.3359
v -3.3683 17.1600 -5.5069
v -3.1813 15.4231 -5.6524
v -3.3080 19.1538 -5.3079
v -3.3107 21.3945 -5.2735
v -3.1212 21.7047 -5.4029
v -3.0401 22.3816 -5.2694
v -2.7259 21.8736 -5.7114
v -2.9098 18.4703 -5.5999
v -3.2090 22.9087 -5.5730
v -2.9108 16.9746 -5.6599
v -2.7044 15.7833 -5.2722
v -2.8117 17.1263 -5.2016
v -2.2767 18.5749 -5.8227
v -2.8112 23.6547 -5.2035
v -1.7230 21.7250 -5.4707
v -2.3546 18.0152 -5.5715
v -2.0321 16.9563 -5.4019
v -2.0531 23.2007 -5.4004
v -2.3520 19.1978 -5.4351
v -2.4024 22.4593 -5.3237
v -1.2029 21.2634 -6.0918
v -1.1996 19.2249 -5.5012
v -2.4184 18.2089 -5.3006
v -2.0282 23.5650 -5.5673
v -2.0201 15.7075 -5.6947
v -2.3510 22.5750 -5.5990
v -1.5873 22.5548 -5.5923
v -1.9903 19.3926 -5.8626
v -2.0906 17.1183 -5.6661
v -1.7922 18.0432 -5.6996
v -1.1663 16.3632 -5.7613
v -2.0532 16.0692 -5.6957
v -1.9910 23.3658 -5.6975
v -0.8307 19.4879 -6.0612
v -2.7035 21.8047 -5.3939
v -2.1434 21.3469 -5.8979
v -0.8437 20.7368 -6.0570
v -1.1327 16.8245 -5.5630
v -1.5927 18.0698 -5.4324
v -1.1841 18.2559 -5.4701
v -1.1676 23.7937 -5.6978
v -1.2420 23.6449 -5.5016
v -0.8555 19.9238 -6.0107
v -1.1319 16.1857 -5.5921
v -1.1905 16.6344 -5.6868
v -1.2367 18.0770 -5.7623
v -0.7029 23.2050 -5.5266
v -1.2566 22.3068 -5.5011
v -0.9852 16.9919 -5.8430
v -0.2791 22.9076 -5.5641
v -0.4036 21.7897 -5.5974
v -0.8084 17.4802 -5.5617
v -0.3766 17.0537 -5.6557
v -0.3665 16.8831 -5.9013
v -0.5814 22.0170 -5.8609
v -0.2464 17.6111 -5.5642
v -0.7077 21.9193 -5.5657
v -0.2852 23.5721 -5.5585
v -0.7017 16.5970 -5.5650
v -0.4445 18.7645 -5.5983
v -0.0516 19.3247 -5.8291
v -0.5202 18.7032 -5.7997
v 0.6972 19.9472 -6.0958
v 0.5892 21.8447 -5.8465
v -0.3484 21.6571 -5.8316
v -0.1473 21.1966 -5.5976
v -0.2343 22.9606 -5.8345
v 0.5959 21.1659 -6.0940
v 0.8170 19.5339 -6.1234
v 0.2296 23.5748 -5.8642
v 0.2021 21.1924 -5.6245
v 0.1642 21.1597 -5.8460
v 0.6751 22.8718 -5.8306
v -5.6026 20.6368 -0.3392
v -0.6454 22.8659 -5.7671
v -3.4748 13.7213 5.1856
v -3.4690 14.1006 5.1809
v -3.0584 13.6237 5.2637
v -1.9209 13.7085 5.5726
v -3.1722 15.3801 5.1800
v -3.2025 12.0620 5.0150
v -2.6046 12.0572 4.8502
v -1.5480 14.0534 6.0385
v -2.9258 15.9335 5.6206
v -2.4582 10.4931 5.7651
v -1.8385 11.4939 6.1517
v -2.0847 15.7069 5.3079
v -2.0047 12.1717 5.0310
v -1.0573 12.4397 6.0902
v -2.6455 14.4949 5.7358
v -1.8226 13.7429 5.9671
v -0.9320 13.2390 5.6688
v -1.5048 15.0371 5.6453
v -2.2903 15.0481 5.5149
v -0.8810 11.1408 6.8209
v -2.2240 10.3044 6.3266
v -0.4366 13.2093 6.1289
v -2.0511 16.1010 5.5030
v -1.4568 12.1693 4.9790
v -0.9212 13.8922 5.4630
v -1.2770 9.4548 6.4860
v -1.8515 9.3659 6.2075
v -1.1952 13.1148 6.1353
v -1.1509 14.9434 5.4559
v -2.3875 15.0125 5.2418
v -1.3224 7.8239 6.8567
v -1.3517 9.3214 5.6956
v -0.3627 15.7791 5.7065
v -1.0375 10.3866 5.6702
v -0.7971 9.6138 5.7000
v 0.1200 13.6425 6.1714
v -1.1671 10.5331 6.5277
v -0.9699 9.8908 6.4953
v -0.6958 10.1667 5.6959
v -0.6575 15.7283 5.6781
v -1.0780 7.5348 6.8165
v -0.6463 15.3432 5.6780
v -0.3182 15.4515 5.4720
v -0.5094 10.0577 6.3594
v 0.1410 13.7017 5.5036
v -0.5469 14.3572 5.7416
v -0.6362 14.3456 5.4717
v -0.3288 15.5262 5.7192
v -0.4422 8.6839 6.4244
v -0.0571 13.8285 5.8050
v -0.1530 9.9513 6.8861
v 0.6246 15.7244 5.7521
v 0.1273 7.2885 7.2066
v 0.4716 9.1943 6.5863
v 0.6059 14.3981 5.8033
v 0.3269 15.4908 5.7202
v 0.7050 14.3303 5.5078
v 1.1890 5.8328 6.3465
v 0.2430 5.1711 7.6419
v 1.5761 14.1725 6.1025
v 0.8012 7.5178 6.2868
v 0.6232 15.2214 5.5378
v 1.0524 9.0732 6.4923
v 0.7709 15.6435 5.5079
v 1.2306 14.9185 5.7046
v 1.2604 8.8697 5.7967
v 0.6385 10.0604 6.3607
v 0.8292 10.2645 5.6991
v 1.1494 14.9039 5.5285
v 1.1360 10.3557 5.7010
v 1.6747 14.3208 5.5034
v 1.2497 9.4191 5.6942
v 1.4430 10.9468 6.6865
v 2.1208 11.3713 6.0465
v 1.0602 9.9250 6.5207
v 1.6947 15.1045 5.7717
v 1.5132 9.3491 6.3371
v 0.9464 11.2710 6.7937
v 2.3131 6.9143 6.9204
v 0.9680 13.2439 5.6393
v 1.9229 13.2439 5.4856
v 2.3721 14.2071 5.5667
v 0.3620 13.1273 6.2851
v 2.1031 11.6202 5.1727
v 2.2511 14.8853 5.4407
v 1.3946 9.5303 6.5596
v 1.5183 12.1650 5.1057
v 1.9986 15.6928 5.6826
v 1.5201 12.1792 5.2286
v 1.9712 12.1459 5.1043
v 2.8895 12.1779 4.8576
v 2.2489 15.0511 5.7384
v 2.5148 10.0709 6.0083
v 2.9072 14.9211 5.7484
v 1.9934 13.8962 6.0072
v 2.3150 10.3529 6.3303
v 2.0735 9.5283 6.3905
v 2.1135 9.4366 5.4709
v 3.0568 14.1815 5.4685
v 2.7023 10.3181 5.0705
v 2.9789 13.6972 5.4773
v 3.2674 15.7767 5.3116
v 4.2149 12.6048 4.9529
v -0.3979 12.4716 6.2318
v 3.5019 10.9825 4.5520
v 2.8132 12.1676 4.7482
v 3.3648 11.8942 5.0490
v 3.6134 12.1354 4.1837
v 3.9538 8.3129 6.0395
v 2.4793 7.5595 5.7387
v 4.2058 12.1771 4.4586
v 4.1826 10.7858 4.8438
v 3.1012 13.2118 5.1234
v 3.4665 13.0820 5.3770
v 3.8876 10.4463 4.3220
v 4.3180 11.0051 4.9200
v 1.2149 12.4376 6.0821
v 4.3044 10.6656 4.6760
v 4.5438 10.5451 4.8149
v 4.3719 11.4253 4.5406
v 4.5142 13.4088 2.5809
v 4.4514 13.2777 4.0951
v 4.1453 13.3532 4.8802
v 4.8113 9.5378 4.0945
v 4.4021 14.8569 3.9977
v 4.4497 14.0361 3.5989
v 4.9669 10.2961 4.0260
v 5.2638 13.7580 3.0744
v 5.2564 13.3364 2.8987
v 4.8168 14.7264 4.1308
v 5.3645 8.3579 3.9870
v 5.5902 12.5636 3.6767
v 5.7366 13.1172 3.4449
v 6.1646 11.9880 2.5426
v 5.8649 13.2807 2.3546
v 5.6670 14.4420 -0.0762
v 6.5094 10.2047 2.1726
v 6.3810 12.5573 2.3980
v 5.0634 11.4539 3.0600
v 5.0724 11.4988 3.5304
v 6.2369 11.6375 2.0484
v 6.6525 13.1126 1.6948
v 5.9287 10.3177 1.9584
v 5.9624 11.2401 1.2358
v 5.6304 13.3400 -0.6023
v 6.2424 10.3383 2.8878
v 6.5225 13.2106 0.9730
v 6.7527 12.6205 1.4382
v 6.4871 12.3247 1.3919
v 6.5046 13.2678 -0.0302
v 6.5859 11.5032 0.9708
v 6.9839 12.6230 -0.5072
v 6.6540 12.2893 -0.0441
v 1.0607 4.9875 6.4560
v 1.2865 2.9821 6.8270
v 1.2264 3.9242 6.3700
v 2.0853 2.2037 6.3951
v 1.2971 7.4538 6.8563
v 1.9540 5.6442 6.1961
v 3.1407 4.7072 6.5438
v 1.8895 0.0022 6.9869
v 3.0119 1.1941 6.4377
v 2.4766 5.8677 7.0181
v 2.9590 5.3222 6.9222
v 4.8362 2.6648 5.8409
v 3.0538 4.3261 6.1248
v 3.7124 5.8200 6.1449
v 3.5879 6.5680 6.6887
v 2.7651 7.4051 6.2544
v 3.7608 5.9194 5.3759
v 4.8483 8.6778 3.7992
v 4.8172 0.0628 6.0657
v 4.2898 0.0045 6.0298
v 5.6638 0.0323 5.5418
v 5.8314 6.4437 3.1091
v 6.0428 2.9067 4.7859
v 4.9741 10.7527 3.4682
v 5.5649 8.8678 2.9614
v 6.0295 7.9880 2.4166
v 6.6700 0.0501 4.7032
v 7.6999 5.8271 2.5927
v 5.5663 11.1413 3.4750
v 6.4839 7.2952 1.8600
v 6.0772 8.9566 2.0084
v 6.6356 9.6706 2.0516
v 6.2030 6.5420 3.3202
v 6.7226 9.2892 0.7955
v 6.2644 10.2100 0.5187
v 6.3895 8.1483 1.1681
v 6.4264 9.4141 2.2570
v 6.1228 10.7190 0.6536
v 7.8699 0.8272 2.9124
v 6.6513 4.8068 2.3520
v 6.7202 10.7577 1.5830
v 7.0775 9.2565 0.7088
v 6.8994 7.2709 2.0084
v 6.7819 6.8742 -0.0781
v 6.8494 9.8185 -0.0785
v 6.9925 5.6698 0.1333
v 7.7406 7.0235 0.8796
v 6.8001 11.0959 0.2018
v 7.4766 6.7881 2.2711
v 7.9679 5.0235 0.9833
v 7.6696 2.7531 1.1388
v 7.3076 2.9687 2.0565
v 8.3587 0.0416 -2.0134
v 7.7786 0.7746 2.2726
v 8.3654 0.0839 1.8787
v 7.8994 1.2837 1.5358
v 8.1645 1.4817 1.8620
v 7.6036 1.4120 1.9210
v 8.1915 4.7977 1.6676
v 8.3082 2.3163 1.5293
v 8.5603 1.1152 0.4060
v 8.3765 2.2411 1.8570
v 8.3833 0.7899 1.7584
v -8.3610 0.8680 1.1697
v -8.3300 0.0035 1.4947
v -8.5287 0.0018 0.2872
v -8.1984 2.0758 1.6623
v -7.6903 0.0001 2.1977
v -7.7061 1.1849 1.6947
v -8.0694 1.6441 1.8611
v -8.0007 0.9536 1.8588
v -7.5819 0.9100 2.2685
v -7.7750 0.0601 2.9501
v -7.7415 0.6961 2.9068
v -7.5448 2.6147 1.1682
v -7.3796 5.8586 0.4260
v -8.2060 3.3263 1.7747
v -7.7832 4.4194 2.2437
v -7.4100 1.4784 1.8930
v -6.8274 3.9291 2.1267
v -6.8836 5.4051 -0.4076
v -7.5805 6.9409 0.8492
v -6.7041 9.2073 0.7988
v -6.7840 0.0395 4.3881
v -6.4448 5.4822 2.8391
v -6.6212 6.6349 -0.0781
v -6.6189 7.9437 -0.0788
v -6.4389 2.4467 4.2752
v -6.9136 9.2591 -0.8966
v -6.4924 7.0797 3.3763
v -6.6464 14.5472 0.8600
v -6.2304 8.1360 3.2072
v -7.2843 6.6625 2.4358
v -6.3924 13.2121 0.9080
v -6.5557 10.3621 1.4081
v -5.9978 10.7148 0.6117
v -6.4881 12.2516 0.1108
v -6.4582 9.7954 2.2644
v -6.5570 11.1116 1.2234
v -6.3746 10.2305 2.1102
v -6.5906 13.0408 1.6001
v -6.8573 12.6239 0.3431
v -6.1927 15.3472 2.2725
v -5.8643 14.6684 2.8016
v -6.2263 12.5846 2.4612
v -6.5909 11.1655 -0.4326
v -6.5520 11.7837 0.9734
v -6.3778 13.2941 -0.0628
v -6.6140 11.1582 0.2012
v -4.9538 4.5621 4.8682
v -4.4019 3.4629 5.7898
v -5.9244 8.9546 2.0413
v -6.3892 5.1330 2.5148
v -6.2773 7.3190 1.7842
v -6.2276 9.1698 0.7430
v -5.7991 11.2351 1.2344
v -6.0824 11.6714 2.1432
v -6.0724 10.2091 2.9347
v -6.3090 11.4564 1.1181
v -5.8186 13.0996 3.1287
v -5.6433 10.2554 3.1533
v -5.5351 8.6742 2.8165
v -5.4487 12.6012 3.7027
v -4.7814 10.6140 3.4722
v -5.4793 13.2557 2.9848
v -5.1493 8.4487 3.9950
v -5.4437 11.1470 3.4739
v -5.7330 10.3187 1.9919
v -5.4047 7.2343 3.4031
v -5.5051 13.6615 -0.7644
v -5.1938 15.0688 3.5719
v -5.1726 14.8187 3.8038
v -5.5050 14.8369 3.6059
v -5.0850 9.3113 4.1216
v -4.9444 11.5365 3.5312
v -4.7514 10.6080 4.0295
v -3.9656 2.8260 6.1333
v -5.2587 13.6476 3.1345
v -4.3542 13.8385 2.9436
v -4.9875 14.1571 3.5187
v -4.9584 15.7736 3.3014
v -4.3715 10.5804 4.8164
v -4.0911 13.1127 4.9154
v -4.3179 10.7749 4.6173
v -3.9789 11.7706 4.4890
v -4.6810 8.7463 3.8628
v -3.6352 6.2438 6.2822
v -4.3846 13.4714 3.1041
v -4.0359 12.5300 4.9478
v -4.3634 13.2937 3.9793
v -3.7258 8.2153 6.1036
v -4.3498 14.6742 3.4651
v -4.1336 14.6790 4.8213
v -4.1240 13.3443 4.6852
v -3.9267 7.0013 4.9147
v -3.3990 5.0135 5.7645
v -3.9073 11.1531 5.0323
v -3.7686 10.4843 4.3568
v -3.9317 0.0334 5.8371
v -2.8596 12.1925 4.6582
v -3.5340 11.9964 4.2598
v -2.6026 13.2458 5.1768
v -3.5337 9.8877 4.7499
v -3.0239 4.2911 6.0921
v -4.1920 12.2602 4.4552
v -0.8360 5.2009 6.4577
v -2.0402 11.4872 5.0895
v -2.9440 5.7414 6.9437
v -2.8421 4.8963 6.7160
v -2.5386 1.3421 6.9262
v -2.2708 2.1245 6.2593
v -3.6999 7.3999 6.3956
v -2.0775 7.7934 6.2634
v -2.2301 5.8401 6.9535
v -2.3836 9.7957 5.6282
v -2.8898 1.1373 5.8841
v -5.2884 0.0489 5.6368
v -2.4327 4.7177 6.1756
v -1.7076 2.3855 6.2768
v -1.4416 1.4007 7.6830
v -2.3111 0.3789 6.8856
v -2.4131 9.9027 5.2402
v -1.7500 5.8181 6.1983
v -3.3371 6.5319 6.7584
v -0.3474 0.0034 7.5693
v -2.1586 0.0339 6.6503
v -1.0013 6.0403 6.3277
v -2.3450 7.5872 5.7298
v -0.7760 7.3677 6.1600
v -0.7240 1.0703 7.8956
v 0.2857 0.0000 5.6385
v 0.0124 5.1152 7.6153
v -0.9142 2.4437 6.5949
v -0.2794 3.3886 6.1641
v -0.0158 1.6411 7.0108
v 0.1244 3.7988 7.3324
v 0.1163 2.8210 6.6608
v 0.1775 2.1355 5.9340
v 0.4249 2.2854 5.9940
v 1.0333 2.1016 6.1650
v 0.8332 3.8962 6.3277
v 0.2956 1.4016 6.0819
v 1.2157 0.0229 5.6565
v 1.5933 0.0029 6.8205
v 1.9359 1.8221 7.0214
v 3.6256 0.0842 6.4832
v -7.1148 4.3041 0.6455
v -3.0742 13.2132 -5.1722
v -3.3676 14.1307 -5.4004
v -1.3014 12.6047 -6.2873
v -3.4630 13.6809 -5.3653
v -3.1357 13.6360 -5.4687
v -4.1239 12.5585 -5.0739
v -2.1524 13.0796 -5.9925
v -2.1908 13.9954 -6.0302
v -2.5340 14.2765 -5.5834
v -2.6950 15.4631 -5.8134
v -1.0453 13.2747 -5.7658
v -2.0258 16.1399 -5.4402
v -2.3862 15.0137 -5.4279
v -2.0478 11.2930 -6.0912
v -2.0523 10.8532 -6.3675
v -2.3868 10.0699 -6.0944
v -1.4267 12.1576 -5.2309
v -1.7646 14.3581 -5.5270
v -1.5612 15.2511 -5.7618
v -1.8647 9.4020 -6.3469
v -2.2889 15.0805 -5.7324
v -1.2179 9.3528 -5.8457
v -0.3284 13.1320 -6.4282
v -0.9819 11.2615 -6.7544
v -1.1602 12.3498 -6.1173
v -1.5602 14.9548 -5.5317
v -1.2355 14.9515 -5.7961
v -1.0122 9.6765 -6.4777
v -1.1339 10.5828 -6.5517
v -0.7708 9.5908 -5.8565
v -1.0115 10.3889 -5.7932
v -0.6344 15.2501 -5.6309
v -0.7404 15.6443 -5.5978
v -0.4359 15.8571 -5.8679
v -1.3539 7.6480 -7.0399
v -0.1945 10.2680 -6.8593
v -0.3027 12.3782 -6.2849
v -1.1021 13.8565 -6.2533
v -0.5511 10.1680 -6.3836
v -0.3478 9.2660 -6.6175
v -0.3126 15.4813 -5.6296
v -0.3300 15.5570 -5.8948
v 0.5674 13.5866 -6.3596
v -0.5420 14.3624 -5.8896
v -0.6236 14.3773 -5.6241
v -0.0818 13.7046 -5.6306
v 0.5752 14.3612 -5.9608
v -0.0323 13.6953 -5.9428
v 0.0797 13.7043 -5.6639
v 1.2617 5.7783 -6.5171
v 1.2926 12.3822 -6.1203
v 0.5405 8.9129 -6.5827
v 0.7055 10.1521 -6.2890
v 0.5099 9.5819 -6.5868
v 0.3766 15.4143 -5.6635
v 0.2931 15.4667 -5.9012
v 0.6555 14.2806 -5.6841
v 1.3644 14.0982 -5.6952
v 1.2640 15.0161 -5.9595
v 0.3718 15.8029 -5.8879
v 0.6054 10.2742 -6.7484
v 0.9828 9.2531 -6.4986
v 1.2798 7.3424 -6.9842
v 0.9048 7.3357 -6.2850
v 1.0021 9.3029 -5.8623
v 1.1131 10.3038 -5.7810
v 1.6748 9.2771 -5.7772
v 1.2147 14.8385 -5.6726
v 1.1528 9.5809 -5.8450
v 1.0774 10.0502 -6.4846
v 1.2523 9.6600 -6.6199
v 2.2499 14.0333 -6.1244
v 1.2801 10.5326 -6.5295
v 1.3228 11.1532 -6.7283
v 2.1548 15.5171 -5.8966
v 1.6228 14.9879 -5.6620
v 1.5234 14.9561 -5.8909
v 0.7192 13.2041 -6.2364
v 1.3934 13.0730 -6.2933
v 1.0324 13.2450 -5.7610
v 2.0835 13.8707 -5.7939
v 2.1677 7.8462 -6.3771
v 1.6703 9.2860 -6.2993
v 2.2547 9.7689 -6.4194
v 2.8884 15.5351 -5.9679
v 1.5229 12.1246 -5.1982
v 2.4796 7.5601 -5.8614
v 2.0905 11.3780 -6.1351
v 1.6826 13.2446 -5.7275
v 2.3138 15.0546 -5.8253
v 2.7429 12.1612 -4.8406
v 2.4089 15.1131 -5.5632
v 4.4914 12.6414 -4.9113
v 2.5627 10.2272 -6.0160
v 2.0364 11.6195 -5.2286
v 2.9234 13.6422 -5.5637
v 2.9891 14.1526 -5.6616
v 2.8092 16.0971 -5.4987
v 4.3331 13.1485 -4.9625
v 3.3658 16.0123 -5.7297
v 3.2341 13.6704 -5.5355
v 2.8406 14.6918 -5.5981
v 3.8648 10.4475 -4.5112
v 3.9443 11.9141 -4.4904
v 4.2822 12.2279 -4.5457
v 4.1136 11.0838 -5.1193
v 3.5674 12.1292 -4.2823
v 3.0883 12.1724 -5.0247
v 4.3722 10.7013 -4.7858
v 4.3700 11.3884 -4.6285
v 5.6387 12.4757 -3.6977
v 4.3803 13.3703 -3.5572
v 4.8939 13.3664 -3.1498
v 5.0168 11.4539 -3.7359
v 5.8997 13.0431 -3.4107
v 4.9439 10.2536 -3.6643
v 5.2325 16.2195 -2.1868
v 5.7023 9.6626 -2.6743
v 5.0751 11.4718 -3.1329
v 4.9777 10.6461 -3.5289
v 5.6455 11.1400 -3.4829
v 6.6534 13.1123 -1.8460
v 5.5362 16.3266 -0.5259
v 5.8743 10.3897 -2.0190
v 6.3573 12.3240 -2.2794
v 7.0145 13.0488 -0.1150
v 6.4559 11.8592 -2.1450
v 6.5564 11.2631 -0.8177
v 6.1351 10.6653 -0.7518
v 0.6831 15.2652 -5.7124
v 0.8388 15.6128 -5.6948
v -7.6742 5.4462 -2.6955
v -7.6010 6.9615 -1.0595
v -8.2341 2.2887 -2.0511
v -7.3526 5.8656 -0.5681
v -8.3936 1.0863 -0.7057
v -7.3464 6.7511 -2.4487
v -7.1181 6.5759 -3.1310
v -6.8182 3.9499 -2.3444
v -6.4205 5.0463 -2.6689
v -7.0094 7.1533 -2.2550
v -6.4574 7.1468 -3.6214
v -6.2012 5.4735 -3.0423
v -5.9382 8.5574 -3.3485
v -6.6214 13.0782 -1.5558
v -6.3873 12.1191 -1.9440
v -6.5893 10.3700 -1.6087
v -5.8069 12.3468 -3.1271
v -6.2275 9.0712 -0.9327
v -6.4447 11.4539 -1.0803
v -6.8602 12.6219 -0.4781
v -6.0364 10.0546 -3.0990
v -6.0959 11.8056 -2.5014
v -5.8647 8.0148 -2.6046
v -6.2549 12.3427 -2.1964
v -5.9957 10.7171 -0.7634
v -6.0266 14.2379 -0.4739
v -6.2583 7.2956 -2.0149
v -5.9288 8.9159 -2.2633
v -6.3637 9.4369 -2.2273
v -5.1105 8.4140 -4.1760
v -5.7975 11.2790 -1.4219
v -5.0697 4.4691 -5.0247
v -5.5382 13.9976 -3.1133
v -6.1621 13.0800 -2.7394
v -5.4380 13.0644 -3.8904
v -5.3051 9.1660 -3.2714
v -5.4740 11.1436 -3.5959
v -6.4644 10.1199 -2.2659
v -4.9788 11.4370 -3.1991
v -5.4474 12.5788 -3.8816
v -5.7354 10.3180 -2.1480
v -5.6323 6.7473 -3.4601
v -5.0849 14.1593 -3.6244
v -4.6535 8.6280 -4.0233
v -5.5679 13.4051 -0.5984
v -4.8158 10.7133 -3.6278
v -4.7988 10.4948 -4.1744
v -4.3527 14.3343 -3.7897
v -4.8987 11.4514 -3.7993
v -4.2936 13.3785 -3.5637
v -4.9765 13.3431 -3.0321
v -4.3170 13.8077 -3.5248
v -4.7206 9.0951 -4.2538
v -4.2410 11.4203 -4.7052
v -4.1847 13.2440 -4.5090
v -3.5134 6.0880 -6.6792
v -3.6646 6.1808 -5.5327
v -4.0979 9.3091 -5.7339
v -4.0290 13.0834 -5.1402
v -4.1309 12.2630 -4.6085
v -3.6821 12.1757 -4.3611
v -4.4252 10.6526 -4.9117
v -4.1088 10.6003 -4.8579
v -4.0896 11.0856 -5.1724
v -3.6976 7.4941 -6.5514
v -3.7143 10.2428 -4.7328
v -4.1960 13.4106 -4.8385
v -3.6481 10.5981 -4.6286
v -2.9602 4.2591 -6.3425
v -2.6176 7.4518 -6.3499
v -3.2008 12.1553 -4.5772
v -3.0296 12.1088 -5.2069
v -2.3426 12.1648 -5.0683
v -2.3407 7.5563 -5.8898
v -3.3649 6.5380 -6.9535
v -2.3822 9.8038 -5.7478
v -2.5580 10.2710 -5.2741
v -2.7884 4.7715 -6.9535
v -1.9736 9.4195 -5.6451
v -1.4383 9.5251 -6.6175
v -2.2326 5.9045 -7.2693
v -1.8574 5.5554 -6.3872
v -1.6236 8.2114 -5.9557
v -0.9902 9.1616 -6.3683
v -0.9040 7.0004 -6.3223
v -0.5712 7.8957 -6.4162
v -8.0404 1.4107 -1.9011
v -8.1478 0.9184 -1.9305
v -8.2993 0.0686 -1.9497
v -7.9703 1.4293 -2.0436
v -7.7713 1.3306 -1.6051
v -7.5083 1.3803 -2.0487
v -7.7737 0.7732 -2.9577
v -7.4434 3.0202 -1.2631
v -7.8051 0.0020 -3.0082
v -5.8197 2.8912 -5.0779
v -6.9878 0.0578 -4.3875
v -4.7506 0.0010 -6.1914
v -4.2288 2.7536 -6.2572
v -3.5061 0.0310 -6.6204
v -3.9891 1.1500 -6.3213
v -3.1362 4.5597 -6.6045
v -2.9533 4.8791 -7.0149
v -1.7282 1.8116 -7.1780
v -1.5005 0.0421 -7.1402
v -0.8055 5.0661 -6.6822
v -0.9141 3.7878 -6.6442
v -1.2325 2.3601 -7.1802
v -0.0525 2.7269 -7.1448
v -0.5007 3.5927 -6.6151
v -0.9383 5.7364 -6.5518
v -0.8577 1.7933 -6.4668
v -0.2425 2.2790 -6.3197
v -0.0197 1.5445 -6.4866
v 0.1471 5.1903 -7.8346
v 0.1326 4.1102 -7.7355
v 0.1199 0.8004 -6.2847
v 1.0867 4.9395 -6.6732
v 0.1779 3.0277 -7.3061
v 0.8600 2.0072 -6.7331
v 0.5435 1.6897 -7.0233
v 0.2434 1.9022 -6.2216
v 0.7322 0.5794 -8.0983
v 0.4095 0.0343 -7.7999
v 0.1722 7.4368 -7.2102
v 1.8876 1.9394 -6.5182
v 1.8562 5.8182 -6.3866
v 1.5947 0.8920 -8.0624
v 2.5291 4.7506 -6.3997
v 3.0732 0.6252 -7.3062
v 1.7262 1.8869 -7.1821
v 2.7289 1.7926 -6.5161
v 2.3573 5.7621 -7.2110
v 1.7713 7.4237 -7.0753
v 3.1168 4.2533 -6.3276
v 3.0335 5.0439 -7.0800
v 7.9317 0.0442 2.9358
v 3.7730 7.4163 -6.5697
v 2.8255 7.4076 -6.3916
v 2.8422 0.0747 -7.3078
v 3.4069 9.2297 -5.1350
v 3.3391 4.5558 -6.2052
v 3.4932 0.7417 -6.0879
v 3.5552 6.4901 -6.9003
v 5.4440 0.0291 -5.7995
v 4.5960 2.5790 -6.1396
v 3.9236 8.2605 -6.2248
v 3.7619 6.1884 -6.4426
v 4.0233 6.9063 -5.1374
v 4.8125 3.6454 -5.7367
v 4.8118 8.7123 -3.9870
v 4.5153 9.9470 -5.2018
v 4.1392 0.0436 -6.0551
v 4.8601 10.5695 -4.1775
v 6.2944 2.8087 -4.7232
v 5.5642 8.8689 -3.1075
v 6.4280 8.1448 -3.2601
v 5.6929 6.8536 -3.4558
v 7.0788 0.7721 -4.3579
v 6.3972 7.2994 -2.0222
v 5.6038 10.6821 -3.5304
v 6.3879 8.3089 -1.2910
v 6.1830 10.4268 -3.1061
v 6.0604 8.9121 -2.1774
v 6.4253 9.5426 -2.5464
v 6.2088 5.7986 -3.0843
v 5.4071 8.5261 -4.1869
v 7.1075 9.2611 -0.8343
v 5.9948 11.2722 -1.3909
v 6.6616 9.8959 -1.8294
v 7.6662 5.8924 -2.8083
v 6.8502 7.2638 -2.1804
v 6.6323 10.0592 -2.2945
v 6.5957 11.4868 -1.0475
v 7.2817 0.0306 -4.1264
v 6.7513 11.1244 -0.4403
v 7.9057 0.6176 -3.1201
v 8.0713 5.2837 -1.3417
v 6.6525 4.7601 -2.5092
v 7.1448 4.9619 -0.5715
v 7.3986 5.8516 -0.4477
v 7.1476 7.0795 -2.5333
v 7.4306 3.8634 -1.0072
v 7.7024 1.0494 -2.3619
v 6.5877 5.5269 -3.0668
v 7.2467 3.0972 -2.2493
v 7.9290 0.0069 -2.7891
v 8.2290 1.6313 -2.0183
v 7.5701 1.4975 -2.0782
v 7.8646 1.2104 -1.9139
v 7.8161 0.0057 -2.4330
v 7.8631 1.9246 -1.4640
v 8.3844 2.1875 -1.9347
v 8.4574 0.8300 -1.6496
v 8.7246 0.0295 -0.0228
v -2.8498 1.1289 -6.6495
v -0.9526 0.0156 -5.9778
vn -0.8269 0.4605 -0.3228
vn -0.4379 0.3226 -0.8391
vn -0.9843 -0.1227 0.1265
vn -0.8437 0.1657 -0.5106
vn -0.5862 -0.1848 0.7888
vn -0.6639 -0.0727 -0.7443
vn -0.3413 0.1446 0.9288
vn -0.6516 -0.2873 0.7020
vn -0.0582 0.6713 0.7389
vn 0.0126 0.9041 -0.4271
vn -0.9650 0.0735 0.2516
vn -0.9087 -0.3978 0.1265
vn -0.1513 0.8008 0.5795
vn -0.3224 0.9464 0.0194
vn -0.7265 0.6285 0.2777
vn -0.9246 -0.3659 -0.1060
vn -0.9017 -0.3175 0.2935
vn -0.7399 0.4533 -0.4971
vn -0.9821 0.1719 -0.0767
vn -0.9566 -0.0295 -0.2899
vn -0.7615 0.2879 -0.5807
vn 0.0948 0.4833 0.8703
vn -0.8474 0.4172 0.3285
vn -0.7443 0.2511 0.6188
vn -0.7107 0.1564 0.6859
vn -0.7706 -0.6369 0.0224
vn -0.9630 0.2590 -0.0751
vn -0.9875 0.0769 -0.1378
vn -0.9474 0.1630 0.2754
vn -0.7024 -0.6257 0.3393
vn -0.7139 -0.3714 -0.5936
vn -0.2515 0.2245 -0.9415
vn -0.5559 -0.8131 0.1729
vn -0.9005 -0.0752 0.4282
vn -0.0869 0.9882 0.1260
vn -0.8306 0.4997 -0.2459
vn -0.6918 0.4927 0.5278
vn -0.6970 0.1668 0.6974
vn -0.0726 0.6427 -0.7627
vn -0.1458 -0.1805 0.9727
vn -0.9876 0.0183 0.1559
vn -0.9441 -0.2039 -0.2591
vn -0.8750 -0.4727 -0.1044
vn -0.6070 -0.7114 0.3541
vn -0.9514 0.3017 0.0612
vn -0.9693 -0.1687 -0.1787
vn -0.9399 -0.3315 0.0816
vn -0.8511 -0.2652 -0.4531
vn -0.3781 0.0939 0.9210
vn -0.9725 0.1421 0.1845
vn -0.7665 -0.0614 -0.6393
vn -0.9571 -0.2570 0.1342
vn -0.7109 -0.0777 0.6990
vn -0.0181 -0.1589 -0.9871
vn -0.2246 0.0621 -0.9725
vn -0.9708 0.0927 -0.2211
vn -0.7050 0.4248 0.5679
vn -0.7983 -0.0051 -0.6022
vn -0.7697 -0.4421 -0.4606
vn -0.7976 0.4508 -0.4007
vn -0.1058 -0.9780 -0.1798
vn -0.7825 -0.3618 -0.5067
vn -0.6487 0.0403 0.7600
vn -0.9599 0.1872 -0.2088
vn 0.1008 0.7173 -0.6894
vn -0.8271 -0.5090 -0.2382
vn -0.7206 0.0396 0.6922
vn 0.1948 0.9621 0.1909
vn -0.9536 0.2609 0.1503
vn -0.9846 0.0659 -0.1620
vn -0.5616 -0.8015 -0.2053
vn -0.9663 0.2187 0.1361
vn -0.8030 -0.5579 0.2095
vn -0.9281 0.1139 0.3544
vn -0.8255 0.2614 -0.5002
vn -0.9385 0.2966 0.1769
vn -0.2467 -0.9676 -0.0542
vn -0.3633 0.3603 0.8592
vn -0.6643 -0.5584 -0.4968
vn -0.7979 0.0933 0.5956
vn -0.0225 -0.1083 -0.9939
vn -0.9043 0.4097 -0.1199
vn -0.6918 -0.0432 -0.7208
vn -0.7594 0.5522 -0.3440
vn -0.6612 0.0803 0.7459
vn -0.9260 -0.3375 0.1694
vn -0.2024 0.2914 0.9349
vn -0.8748 0.3322 0.3525
vn -0.6919 0.1375 -0.7088
vn -0.3646 0.2457 0.8982
vn -0.5660 -0.3817 0.7307
vn -0.6169 -0.0311 -0.7864
vn -0.5712 -0.8046 0.1621
vn -0.6133 0.0762 -0.7862
vn -0.5719 -0.7553 0.3201
vn -0.8616 0.0240 0.5070
vn -0.7963 0.2423 -0.5543
vn -0.5302 -0.1070 0.8411
vn -0.5962 0.4461 -0.6675
vn -0.4751 0.6695 -0.5709
vn -0.9339 -0.3060 0.1847
vn -0.9017 -0.3138 -0.2975
vn -0.5862 0.3999 -0.7046
vn -0.9988 0.0167 0.0460
vn -0.6286 -0.1918 -0.7537
vn 0.2323 0.9126 -0.3365
vn -0.9474 0.2699 0.1720
vn -0.5975 -0.6448 0.4767
vn -0.6355 0.7678 0.0815
vn -0.6933 0.7176 -0.0655
vn -0.9923 -0.1156 0.0442
vn -0.2118 -0.2987 0.9305
vn -0.9304 -0.2592 0.2591
vn -0.8287 -0.3464 -0.4396
vn -0.5117 -0.5100 -0.6914
vn -0.4832 -0.5617 -0.6716
vn -0.5420 0.7641 0.3498
vn -0.9388 -0.2554 -0.2312
vn -0.3914 -0.9188 -0.0509
vn -0.3771 -0.9236 0.0692
vn -0.7690 0.6222 0.1469
vn -0.5624 0.3382 -0.7545
vn -0.4711 -0.0805 -0.8784
vn -0.8074 -0.5773 0.1216
vn -0.8584 0.5119 -0.0345
vn -0.8387 0.3420 0.4238
vn -0.1886 -0.2785 0.9417
vn -0.4449 -0.2287 0.8659
vn 0.1907 -0.6515 0.7343
vn -0.9433 -0.1265 0.3070
vn -0.7967 -0.2921 0.5291
vn -0.9104 -0.3462 -0.2266
vn -0.9984 -0.0526 0.0226
vn -0.8835 -0.2200 -0.4136
vn -0.7660 0.2004 0.6108
vn -0.9376 0.1723 -0.3020
vn -0.8658 0.2303 -0.4442
vn -0.5581 0.1996 -0.8054
vn -0.9384 -0.3401 0.0607
vn -0.9407 -0.2738 0.2002
vn -0.7606 0.2573 0.5960
vn -0.8540 0.4492 0.2625
vn 0.3149 0.8761 -0.3652
vn -0.9889 0.1016 0.1085
vn -0.7161 0.1886 -0.6721
vn -0.9757 -0.2077 -0.0703
vn -0.8768 0.4808 0.0122
vn -0.8477 0.4560 -0.2711
vn -0.6109 0.2014 -0.7657
vn -0.8891 0.1975 0.4129
vn -0.9849 -0.1564 0.0740
vn -0.5529 0.3511 -0.7556
vn -0.8566 -0.4623 0.2293
vn -0.6842 -0.7081 -0.1746
vn -0.3562 -0.7676 0.5328
vn -0.6164 -0.0732 0.7840
vn -0.8365 -0.5469 0.0326
vn -0.8633 0.0294 -0.5038
vn -0.1130 -0.2204 0.9688
vn -0.3477 -0.6567 0.6692
vn -0.5276 0.7165 0.4563
vn -0.2138 0.7383 0.6397
vn -0.9243 -0.3768 0.0599
vn -0.8426 0.4570 -0.2849
vn -0.8722 -0.4842 0.0694
vn -0.9931 0.0868 -0.0791
vn -0.8997 0.1892 -0.3933
vn -0.8519 -0.4002 0.3379
vn -0.9459 -0.1220 0.3005
vn -0.1183 0.8194 -0.5609
vn -0.1622 -0.3188 0.9338
vn -0.9884 -0.0437 -0.1457
vn -0.7435 -0.6603 0.1058
vn -0.7318 0.6311 0.2572
vn -0.7165 -0.6660 -0.2075
vn -0.6617 -0.7478 -0.0550
vn -0.4157 0.9065 -0.0738
vn -0.7776 -0.0693 0.6249
vn -0.9320 0.3309 -0.1481
vn -0.9802 -0.0965 0.1728
vn -0.9394 0.2892 0.1842
vn -0.7942 -0.1077 0.5980
vn -0.8352 0.5301 0.1467
vn -0.9092 0.3023 0.2862
vn -0.8206 -0.3807 -0.4263
vn -0.7829 0.5226 0.3375
vn -0.8790 -0.4737 -0.0547
vn -0.9286 -0.3310 0.1679
vn -0.7594 0.6489 -0.0471
vn -0.7928 0.5610 -0.2383
vn -0.8164 0.0353 0.5765
vn -0.7989 0.5878 0.1277
vn -0.6238 -0.7760 -0.0937
vn -0.9431 -0.3326 0.0005
vn -0.6775 0.7318 0.0737
vn -0.8705 0.4896 0.0501
vn -0.9149 -0.2737 0.2968
vn -0.8819 0.1798 0.4359
vn -0.9111 -0.3012 -0.2813
vn -0.7461 0.0383 0.6647
vn -0.9930 0.0029 0.1177
vn -0.9743 0.0054 0.2251
vn -0.9809 0.0425 -0.1900
vn -0.9336 -0.1400 -0.3298
vn -0.6613 -0.7467 -0.0715
vn -0.5105 0.8598 -0.0113
vn -0.4924 0.2786 0.8246
vn -0.8561 0.5068 -0.1016
vn -0.8429 0.0621 -0.5344
vn -0.7073 0.3312 -0.6245
vn -0.8303 -0.3242 -0.4533
vn -0.7981 0.4983 -0.3388
vn -0.5454 0.8207 -0.1703
vn -0.5433 -0.0994 0.8336
vn -0.8920 0.4462 -0.0725
vn -0.8715 -0.3556 -0.3377
vn -0.8302 0.2362 -0.5050
vn -0.9579 -0.1254 0.2584
vn -0.7675 -0.4202 0.4840
vn -0.7543 0.4449 0.4828
vn -0.8809 -0.4732 0.0112
vn -0.8637 -0.1298 0.4870
vn -0.7703 -0.5302 0.3544
vn -0.8555 -0.2864 -0.4313
vn -0.9169 -0.1145 0.3823
vn -0.8582 0.1397 0.4940
vn -0.8449 -0.0215 0.5345
vn -0.1741 -0.1984 -0.9645
vn -0.9223 -0.3580 0.1456
vn -0.1905 0.0586 0.9799
vn -0.7478 -0.3783 -0.5456
vn -0.6524 -0.2779 -0.7051
vn -0.7083 0.6412 -0.2952
vn -0.8905 0.4541 -0.0271
vn -0.7413 -0.5848 0.3293
vn -0.4309 -0.6724 -0.6018
vn -0.5326 0.2804 -0.7985
vn -0.3016 0.2733 -0.9134
vn -0.4797 -0.2760 -0.8329
vn -0.7486 -0.2829 -0.5996
vn -0.7143 -0.6777 -0.1748
vn -0.6855 -0.7278 0.0193
vn 0.2670 0.9481 0.1726
vn -0.8330 0.4836 -0.2687
vn -0.6753 -0.7037 -0.2209
vn -0.7002 -0.5263 0.4825
vn -0.7020 0.2564 0.6645
vn -0.6482 0.5013 -0.5732
vn -0.9695 -0.0770 0.2327
vn -0.6510 0.7559 -0.0691
vn -0.8971 0.3652 0.2485
vn -0.9307 0.0356 -0.3640
vn -0.7401 0.5720 -0.3537
vn -0.5122 0.8122 -0.2794
vn -0.6717 -0.4383 0.5972
vn -0.6383 -0.3355 -0.6928
vn -0.6030 0.1836 0.7763
vn -0.7790 0.5720 0.2568
vn -0.7818 -0.5091 -0.3599
vn -0.9294 -0.0137 0.3689
vn 0.9761 -0.0426 0.2132
vn -0.4251 -0.4465 0.7874
vn -0.8377 0.5413 0.0725
vn -0.4490 -0.1330 -0.8836
vn -0.0142 -0.9841 0.1773
vn -0.6507 0.1888 0.7355
vn -0.7407 0.6551 -0.1489
vn -0.9869 -0.0225 0.1595
vn -0.3879 -0.8811 -0.2704
vn -0.4545 -0.1535 0.8774
vn -0.6967 -0.1465 0.7022
vn -0.9003 0.0442 -0.4331
vn -0.7980 -0.2526 -0.5472
vn -0.7841 0.0249 0.6201
vn -0.7719 -0.1530 -0.6171
vn -0.0343 0.6011 -0.7984
vn -0.8496 -0.3941 -0.3506
vn -0.4856 0.5052 -0.7134
vn -0.9344 -0.0012 -0.3561
vn -0.6073 -0.2891 0.7400
vn -0.8852 -0.3197 0.3380
vn -0.2952 -0.1872 0.9369
vn -0.1659 -0.1544 -0.9740
vn -0.9253 -0.0832 -0.3699
vn -0.8629 0.4401 0.2486
vn -0.5332 0.3395 0.7749
vn -0.8419 -0.0201 -0.5393
vn -0.7560 -0.1153 0.6443
vn 0.0743 0.6308 0.7724
vn -0.7048 0.5287 0.4730
vn -0.4625 -0.8490 0.2554
vn -0.7350 -0.6031 0.3099
vn -0.6650 0.4072 -0.6261
vn -0.8090 -0.3394 0.4799
vn -0.6779 0.5090 -0.5304
vn -0.7542 0.5633 0.3374
vn -0.8220 -0.1128 0.5583
vn -0.8982 0.3462 0.2708
vn -0.4359 0.6088 -0.6628
vn -0.0954 -0.3331 -0.9381
vn -0.9441 0.3159 0.0947
vn -0.1928 0.3192 0.9279
vn -0.8698 -0.0342 -0.4922
vn -0.9964 -0.0743 -0.0399
vn -0.9880 -0.0136 0.1539
vn -0.9835 -0.0900 -0.1572
vn -0.7307 0.1584 -0.6641
vn -0.6433 0.2612 -0.7197
vn -0.5986 -0.5641 -0.5687
vn -0.6842 -0.4173 0.5981
vn -0.1908 -0.5073 0.8404
vn -0.7446 0.4670 -0.4769
vn -0.7695 -0.3325 -0.5452
vn -0.8455 -0.0255 -0.5334
vn -0.7610 0.0723 0.6447
vn -0.9677 -0.1572 0.1973
vn -0.8091 0.5052 0.3004
vn -0.1302 -0.3717 0.9192
vn 0.8429 0.2055 -0.4973
vn -0.8883 -0.2723 -0.3698
vn -0.8389 -0.5104 0.1892
vn -0.3025 -0.6417 0.7048
vn -0.9802 0.1918 -0.0489
vn -0.6410 0.3224 -0.6966
vn 0.7698 0.5994 -0.2196
vn -0.8150 0.5397 -0.2111
vn -0.1467 -0.2873 -0.9465
vn -0.6157 0.5880 -0.5245
vn -0.9614 0.0167 -0.2748
vn -0.9966 0.0496 0.0659
vn -0.2272 0.9672 -0.1137
vn 0.3501 0.2826 0.8931
vn -0.3108 -0.7169 -0.6241
vn -0.6997 -0.6844 0.2049
vn 0.9380 0.1675 -0.3034
vn -0.3212 -0.1333 0.9376
vn -0.8807 0.4736 -0.0100
vn 0.0854 -0.3691 0.9255
vn 0.0475 0.1668 0.9848
vn -0.1587 0.0525 0.9859
vn 0.9150 0.3769 0.1436
vn 0.5867 0.5755 0.5697
vn -0.9269 -0.3027 0.2219
vn -0.8685 -0.2976 0.3965
vn -0.9146 -0.3144 -0.2543
vn -0.6825 -0.0096 0.7308
vn -0.7281 -0.4667 0.5020
vn -0.5825 -0.2445 0.7752
vn -0.9835 -0.1140 -0.1404
vn -0.9753 0.2192 -0.0266
vn -0.8819 -0.1076 0.4590
vn -0.5127 0.6623 0.5464
vn -0.9362 0.3202 -0.1451
vn -0.7124 0.2629 -0.6506
vn -0.6641 -0.6139 -0.4268
vn -0.9487 -0.0189 -0.3157
vn -0.7757 -0.2983 0.5562
vn -0.4955 0.6041 0.6241
vn -0.4452 -0.5209 -0.7283
vn -0.5980 -0.6198 -0.5082
vn -0.8249 -0.4176 -0.3810
vn -0.9190 -0.0341 0.3929
vn -0.6498 -0.1349 0.7481
vn -0.3406 -0.9402 0.0012
vn -0.8425 0.4804 0.2439
vn -0.9908 0.0604 -0.1211
vn -0.9697 -0.2437 -0.0199
vn -0.9373 -0.1379 -0.3201
vn -0.7990 -0.6013 0.0058
vn -0.7707 -0.2978 -0.5633
vn -0.8844 -0.4652 0.0382
vn -0.7352 -0.5303 0.4223
vn 0.3256 -0.1182 0.9381
vn -0.9106 0.2626 -0.3192
vn 0.0542 -0.3341 0.9410
vn -0.9956 -0.0767 -0.0536
vn -0.8895 -0.0757 0.4506
vn -0.8075 -0.5898 -0.0107
vn -0.9631 -0.2099 -0.1686
vn -0.5210 0.8345 -0.1796
vn -0.9764 -0.0301 0.2137
vn -0.9141 0.3534 0.1988
vn -0.9195 0.3776 0.1088
vn -0.9990 -0.0430 0.0151
vn -0.6099 -0.5912 0.5278
vn -0.9305 -0.3432 -0.1279
vn -0.8191 -0.0411 -0.5722
vn -0.6800 0.6189 -0.3932
vn -0.2114 0.8163 -0.5375
vn -0.8617 -0.2241 -0.4553
vn -0.5307 0.6012 -0.5974
vn -0.6443 0.7626 0.0580
vn -0.9916 0.1261 -0.0296
vn -0.9334 -0.0381 0.3568
vn -0.7937 -0.6072 -0.0379
vn 0.3187 0.9317 0.1740
vn -0.6718 0.5421 -0.5048
vn -0.9816 -0.1434 -0.1258
vn -0.3347 -0.8738 0.3527
vn -0.9356 -0.1831 -0.3018
vn -0.8754 -0.0744 -0.4777
vn -0.7504 -0.5724 0.3307
vn -0.3009 0.0020 0.9537
vn -0.8918 -0.3281 -0.3114
vn -0.9935 -0.0240 -0.1114
vn -0.9244 -0.0308 0.3802
vn -0.8901 -0.3675 -0.2697
vn -0.2120 0.8519 0.4789
vn -0.7248 0.3082 0.6162
vn -0.6862 -0.0503 0.7256
vn -0.2291 0.9060 0.3559
vn -0.7310 0.3768 0.5689
vn 0.0049 -0.1516 -0.9884
vn -0.8542 -0.4420 -0.2739
vn -0.9461 0.2202 -0.2376
vn -0.3821 0.0107 -0.9241
vn -0.8186 -0.4238 0.3877
vn -0.7925 -0.1852 -0.5811
vn -0.9073 -0.4192 0.0320
vn -0.8527 0.5162 0.0800
vn -0.8767 0.4357 0.2040
vn -0.8216 -0.3309 0.4643
vn -0.9033 0.1249 0.4105
vn -0.8848 0.4649 0.0326
vn -0.9831 0.1708 0.0654
vn -0.9646 -0.1977 -0.1745
vn -0.8458 -0.4120 0.3390
vn -0.8895 -0.3760 0.2595
vn -0.9190 -0.3671 0.1436
vn -0.8111 0.5629 -0.1589
vn -0.0314 0.5547 -0.8315
vn -0.7058 0.3315 -0.6261
vn -0.5692 0.7059 0.4216
vn 0.6238 0.5805 -0.5234
vn -0.0223 0.6415 -0.7668
vn -0.4203 0.3405 -0.8411
vn 0.0010 0.9993 -0.0367
vn -0.4788 -0.7890 -0.3850
vn -0.3685 -0.7882 -0.4929
vn -0.9368 0.1627 0.3099
vn -0.9427 -0.3308 -0.0431
vn -0.8933 -0.0337 0.4482
vn -0.5553 0.6029 0.5728
vn -0.6563 -0.1535 0.7388
vn -0.9303 -0.0271 0.3659
vn -0.9948 -0.0460 0.0914
vn -0.8511 0.4918 0.1837
vn -0.9500 -0.2787 -0.1411
vn -0.7749 -0.4001 0.4894
vn 0.4092 0.8681 -0.2808
vn -0.9499 -0.1983 0.2417
vn -0.9052 0.0365 -0.4234
vn -0.8405 -0.4478 -0.3051
vn -0.8923 0.2508 0.3753
vn -0.5943 0.8008 -0.0740
vn 0.3381 0.8800 -0.3336
vn -0.4001 0.2734 0.8747
vn -0.7257 0.0069 0.6880
vn -0.6021 0.7894 -0.1195
vn 0.2901 0.9570 0.0001
vn -0.3061 -0.8747 0.3757
vn -0.5883 -0.5457 0.5967
vn -0.9105 0.1270 0.3936
vn -0.7362 0.0070 0.6767
vn -0.9297 -0.1343 0.3430
vn -0.9540 -0.0726 0.2908
vn -0.5780 0.1306 0.8055
vn -0.8583 -0.2763 -0.4324
vn -0.9269 0.1058 -0.3600
vn -0.9740 -0.1308 0.1851
vn -0.7906 -0.3296 -0.5160
vn -0.9346 0.0512 -0.3521
vn -0.9592 0.0585 -0.2767
vn -0.9122 0.4015 -0.0815
vn -0.2686 0.9632 0.0114
vn -0.4361 0.8155 0.3806
vn -0.6983 -0.3185 -0.6410
vn -0.9574 -0.2475 -0.1490
vn -0.9902 -0.0808 -0.1140
vn -0.9205 0.3906 0.0028
vn -0.8786 -0.4769 -0.0246
vn -0.9315 -0.3556 0.0768
vn -0.7636 -0.6140 0.1996
vn -0.9536 -0.2563 -0.1580
vn -0.9357 -0.2398 -0.2588
vn -0.7342 0.4337 -0.5224
vn -0.0392 -0.3582 0.9328
vn -0.8114 0.4040 -0.4224
vn -0.3482 0.9129 -0.2129
vn 0.1292 0.7033 0.6990
vn -0.8310 -0.0435 0.5546
vn -0.2995 0.7530 0.5860
vn -0.8211 -0.5405 -0.1834
vn -0.9527 -0.0825 0.2924
vn -0.5964 0.7718 -0.2205
vn -0.7125 0.1689 -0.6810
vn 0.4005 0.1241 -0.9079
vn -0.3652 0.3196 -0.8744
vn 0.4544 -0.0543 -0.8891
vn -0.5166 -0.8299 -0.2107
vn -0.8371 0.4856 -0.2519
vn -0.9567 -0.2731 0.1008
vn -0.6747 -0.5476 0.4949
vn -0.9983 0.0586 -0.0054
vn -0.9315 -0.3635 0.0116
vn 0.1530 0.6663 0.7298
vn -0.9491 -0.2743 0.1546
vn -0.5902 -0.0475 -0.8058
vn -0.8175 -0.5756 -0.0217
vn -0.7729 -0.5070 -0.3815
vn -0.9244 -0.3782 0.0495
vn -0.9063 -0.1009 -0.4104
vn -0.8519 -0.2136 -0.4782
vn -0.9801 -0.1314 -0.1488
vn -0.5795 0.5280 -0.6208
vn -0.7413 -0.4121 -0.5298
vn -0.5302 0.0022 -0.8479
vn -0.9953 -0.0226 0.0939
vn -0.9554 -0.0757 0.2854
vn -0.9340 0.0557 0.3530
vn -0.8765 -0.1019 0.4705
vn -0.4863 -0.3576 0.7973
vn -0.5189 -0.5311 -0.6699
vn -0.4451 0.8651 0.2312
vn -0.4798 -0.6975 -0.5323
vn -0.4823 0.4516 0.7506
vn 0.0656 0.0690 -0.9955
vn -0.7040 -0.4642 -0.5375
vn -0.6819 -0.3138 0.6607
vn -0.8719 -0.0347 0.4885
vn -0.9529 0.2371 -0.1889
vn -0.9513 -0.0552 0.3033
vn -0.0649 -0.2754 0.9591
vn -0.8903 0.2365 -0.3891
vn -0.5579 -0.5377 -0.6322
vn -0.9509 -0.2177 0.2201
vn -0.9270 0.1970 0.3191
vn -0.2527 0.6643 -0.7035
vn -0.4613 -0.1124 -0.8801
vn -0.7518 -0.6499 -0.1114
vn -0.6596 -0.0376 -0.7507
vn -0.4841 -0.8545 -0.1884
vn -0.9715 0.1889 0.1434
vn 0.6327 0.6666 0.3942
vn -0.9282 -0.3155 -0.1970
vn -0.5387 0.2283 0.8110
vn -0.9324 0.1027 -0.3465
vn -0.8403 0.0850 -0.5355
vn -0.9548 -0.0462 0.2938
vn -0.4302 -0.1338 0.8928
vn -0.6265 0.6354 0.4514
vn -0.0136 -0.0578 -0.9982
vn -0.5748 -0.6582 -0.4862
vn -0.4392 -0.3824 -0.8129
vn -0.9785 -0.0252 0.2046
vn -0.2199 0.2739 -0.9363
vn -0.8596 0.2832 -0.4253
vn -0.4277 0.1664 -0.8885
vn -0.9825 0.0236 -0.1846
vn -0.9166 -0.1085 -0.3848
vn -0.8728 -0.1909 -0.4493
vn -0.2826 -0.0331 -0.9587
vn -0.9334 0.0736 0.3511
vn -0.2988 0.9421 0.1519
vn -0.6043 -0.1214 0.7875
vn -0.9988 0.0011 0.0492
vn -0.9857 0.1475 -0.0810
vn -0.6379 0.2640 0.7234
vn -0.5220 0.8313 -0.1912
vn -0.4999 0.2105 0.8401
vn -0.9353 -0.3527 -0.0300
vn -0.7033 0.1704 -0.6902
vn -0.4382 0.6215 0.6494
vn -0.2722 -0.9593 0.0749
vn -0.5140 0.3022 -0.8028
vn -0.7852 0.5325 0.3160
vn -0.9087 0.2409 0.3409
vn -0.8945 0.1841 0.4074
vn -0.8253 -0.0947 -0.5567
vn -0.9910 0.0693 -0.1141
vn -0.7366 0.3099 -0.6012
vn 0.8134 0.0203 -0.5814
vn -0.6994 -0.0560 -0.7126
vn 0.0575 -0.5056 0.8609
vn 0.0413 -0.0294 0.9987
vn -0.8329 -0.3530 0.4261
vn -0.3634 -0.0456 0.9305
vn -0.5285 0.0733 -0.8458
vn -0.6762 -0.5658 -0.4718
vn -0.5881 0.8032 0.0944
vn -0.4512 -0.3480 -0.8218
vn -0.5386 -0.3879 -0.7479
vn -0.4451 -0.8754 0.1885
vn -0.8875 -0.4430 -0.1270
vn -0.9524 -0.0356 -0.3029
vn -0.3797 0.6115 0.6942
vn -0.8658 -0.4336 0.2498
vn -0.9012 -0.3396 0.2693
vn -0.5549 0.2165 -0.8032
vn -0.6002 0.2000 -0.7744
vn -0.8999 -0.1242 0.4180
vn -0.8847 -0.2798 -0.3728
vn -0.9183 0.3337 -0.2129
vn -0.3554 0.7341 -0.5786
vn -0.6427 -0.0380 -0.7652
vn -0.4762 0.8729 -0.1064
vn -0.8177 -0.3270 0.4737
vn -0.8274 0.4108 0.3829
vn -0.9679 0.0833 -0.2373
vn -0.5060 0.0929 -0.8575
vn -0.0613 0.8236 -0.5639
vn -0.2977 0.9216 -0.2491
vn -0.7665 -0.0035 0.6422
vn -0.6254 0.5892 -0.5115
vn -0.5473 0.8314 0.0961
vn -0.6579 -0.2229 -0.7194
vn 0.0638 -0.1561 0.9857
vn -0.9776 0.1397 0.1577
vn -0.9404 0.2336 -0.2472
vn -0.7224 -0.4879 -0.4900
vn -0.1352 0.4563 0.8795
vn 0.8370 -0.3666 -0.4061
vn -0.2941 0.7288 0.6183
vn -0.8799 0.2281 -0.4168
vn -0.5519 -0.4579 -0.6970
vn -0.0077 0.5844 -0.8114
vn -0.9606 -0.0269 -0.2765
vn -0.9274 -0.1237 -0.3531
vn -0.9055 -0.0682 -0.4188
vn -0.7123 -0.3703 -0.5962
vn -0.9579 0.1495 0.2452
vn -0.7670 -0.4403 -0.4668
vn -0.5870 0.7431 -0.3214
vn 0.2229 -0.9561 -0.1901
vn -0.7408 0.5728 -0.3507
vn 0.0260 -0.2703 -0.9624
vn -0.9014 0.2890 -0.3224
vn -0.8203 0.0312 0.5711
vn -0.5964 -0.1149 -0.7944
vn -0.2685 -0.6535 0.7077
vn -0.8785 0.4189 0.2295
vn -0.8423 0.3569 -0.4040
vn -0.9496 -0.0381 0.3111
vn -0.7477 0.5294 -0.4007
vn -0.5826 -0.0101 0.8127
vn -0.3682 -0.4038 0.8375
vn 0.0910 0.0821 0.9925
vn -0.2056 -0.9247 0.3204
vn 0.6135 0.7486 0.2516
vn -0.8446 0.2345 -0.4813
vn -0.2638 -0.9002 -0.3465
vn -0.2906 0.3706 -0.8822
vn -0.3628 0.9104 -0.1989
vn -0.4040 0.4423 0.8007
vn -0.4798 0.8665 -0.1377
vn -0.8612 0.1948 -0.4694
vn -0.8366 -0.1643 0.5226
vn -0.6227 0.7471 -0.2326
vn -0.4420 0.5042 -0.7420
vn -0.6090 -0.0581 0.7910
vn -0.7808 -0.1987 -0.5923
vn 0.2871 0.0220 -0.9577
vn 0.1187 -0.0559 -0.9914
vn -0.6643 0.2417 -0.7073
vn -0.4436 -0.4062 -0.7989
vn -0.4508 -0.4560 -0.7674
vn -0.6266 -0.7216 0.2945
vn -0.9014 0.2986 0.3136
vn -0.7024 -0.6224 0.3452
vn -0.8990 0.2691 0.3456
vn -0.9248 0.1093 0.3645
vn -0.9231 -0.1242 -0.3640
vn 0.1788 0.6358 -0.7508
vn -0.9349 0.1627 0.3153
vn -0.9361 0.2605 0.2364
vn 0.6782 -0.0494 0.7332
vn -0.7676 -0.5899 0.2507
vn -0.3500 0.1933 -0.9166
vn -0.3466 -0.6429 -0.6830
vn -0.6741 -0.5592 -0.4826
vn -0.4536 -0.0835 0.8873
vn -0.9608 -0.1987 -0.1932
vn -0.4440 -0.3560 0.8222
vn -0.8715 0.0213 0.4900
vn -0.8873 -0.1193 -0.4455
vn 0.5842 0.5967 0.5502
vn -0.5593 -0.7919 -0.2452
vn -0.7103 -0.3202 0.6269
vn -0.3338 0.2157 -0.9176
vn -0.4573 0.8551 -0.2444
vn 0.0198 -0.7899 0.6129
vn -0.8140 -0.1219 -0.5680
vn 0.6077 -0.7494 0.2629
vn -0.2435 -0.0086 0.9699
vn -0.4603 -0.6474 0.6075
vn -0.3839 0.3809 0.8412
vn -0.8325 0.0124 0.5539
vn -0.4672 -0.5785 0.6686
vn -0.2252 -0.8555 -0.4663
vn -0.2016 0.0127 0.9794
vn -0.7571 -0.4057 0.5121
vn -0.4614 -0.2784 -0.8423
vn -0.4911 0.8305 0.2629
vn -0.4008 -0.1925 0.8957
vn -0.4597 0.8489 0.2608
vn -0.5167 0.3695 -0.7723
vn -0.5708 -0.0760 0.8176
vn -0.7692 0.6390 -0.0053
vn -0.3812 -0.8909 -0.2467
vn -0.4122 0.6229 0.6649
vn -0.1247 -0.8126 0.5694
vn 0.2249 -0.9346 -0.2757
vn 0.0663 -0.1362 0.9885
vn -0.8345 0.5051 0.2200
vn -0.2612 0.5295 0.8071
vn -0.8791 0.2010 -0.4322
vn -0.9525 0.0645 -0.2977
vn -0.9950 -0.0918 0.0406
vn -0.3739 0.7200 0.5847
vn -0.5405 -0.7908 0.2872
vn -0.7309 0.6631 -0.1617
vn -0.8357 -0.2909 -0.4658
vn -0.5792 -0.0897 -0.8102
vn -0.7490 -0.5630 -0.3492
vn -0.9129 0.0952 0.3968
vn -0.5819 -0.3914 0.7129
vn -0.4237 -0.8732 -0.2407
vn -0.5963 0.4494 -0.6651
vn -0.8428 0.4839 0.2355
vn -0.8926 0.0094 0.4507
vn -0.6150 0.0377 -0.7876
vn -0.8647 0.4032 -0.2996
vn -0.6510 0.1615 -0.7417
vn -0.8641 0.0842 -0.4962
vn -0.5702 -0.3209 -0.7562
vn -0.9735 0.2191 0.0658
vn 0.1078 0.6956 -0.7103
vn 0.5291 0.1820 0.8288
vn -0.9424 -0.2215 -0.2506
vn 0.2084 0.5658 0.7978
vn -0.9816 0.1910 -0.0066
vn -0.6909 0.1632 -0.7043
vn -0.9121 -0.1608 -0.3772
vn -0.5607 -0.1961 0.8045
vn 0.9733 -0.1962 -0.1194
vn -0.9395 -0.2916 0.1799
vn -0.9623 -0.2617 0.0740
vn -0.1608 -0.1175 -0.9800
vn -0.5173 0.1570 0.8413
vn -0.5921 0.0772 0.8022
vn -0.5478 0.7017 -0.4555
vn -0.6039 -0.3489 0.7166
vn -0.6904 0.3749 -0.6187
vn -0.2168 0.7303 0.6478
vn -0.8244 -0.0978 -0.5575
vn -0.7776 0.4437 -0.4455
vn 0.7490 -0.2224 0.6241
vn -0.2832 0.0744 -0.9562
vn -0.9410 -0.0471 0.3351
vn -0.1166 -0.5363 -0.8359
vn -0.3457 -0.2745 0.8973
vn -0.9683 -0.0118 0.2496
vn -0.6728 0.2535 0.6950
vn -0.8189 0.0688 0.5698
vn -0.1795 0.0250 -0.9834
vn -0.1165 0.0572 -0.9915
vn -0.9399 0.1086 -0.3236
vn -0.4370 0.7528 -0.4923
vn -0.7644 0.1079 0.6357
vn 0.5890 0.7376 -0.3301
vn -0.8981 -0.0406 -0.4379
vn -0.2366 0.7261 0.6456
vn -0.9197 0.0749 0.3855
vn -0.9005 0.0636 0.4303
vn -0.7810 0.0480 0.6226
vn -0.9441 0.0074 0.3295
vn 0.2062 0.0398 0.9777
vn -0.9459 -0.0699 0.3169
vn -0.8566 -0.2141 -0.4694
vn -0.6360 0.3909 -0.6654
vn -0.1270 0.9887 -0.0790
vn 0.0450 -0.4069 -0.9124
vn -0.6867 -0.3522 -0.6359
vn -0.4422 0.4409 0.7811
vn -0.3327 -0.1709 -0.9274
vn -0.3438 0.1242 0.9308
vn -0.4921 -0.5108 -0.7049
vn -0.7143 0.2317 -0.6604
vn -0.7161 0.6554 -0.2401
vn 0.5162 -0.1209 -0.8479
vn -0.0958 -0.7121 0.6955
vn -0.8051 -0.4827 0.3447
vn -0.7455 0.3472 0.5689
vn -0.6982 0.3911 0.5996
vn -0.8569 -0.1256 -0.5000
vn -0.1304 -0.1061 0.9858
vn -0.7424 0.1781 -0.6459
vn -0.2496 -0.6597 -0.7089
vn 0.7576 0.0252 -0.6522
vn -0.3592 -0.6564 0.6634
vn -0.8628 -0.0701 -0.5007
vn -0.4901 0.0490 -0.8703
vn -0.9390 -0.1152 0.3240
vn -0.8107 0.0147 -0.5852
vn -0.3491 -0.3241 -0.8793
vn -0.4691 0.2841 -0.8362
vn 0.6165 -0.7476 -0.2471
vn 0.1105 0.3905 0.9139
vn -0.1384 0.8787 0.4568
vn -0.6479 0.1698 -0.7426
vn 0.4828 -0.6039 0.6343
vn -0.5626 -0.3476 0.7501
vn -0.0445 0.0296 0.9986
vn -0.4607 -0.4264 0.7784
vn -0.7469 0.3581 -0.5603
vn 0.1858 -0.9519 -0.2438
vn -0.6366 -0.7217 -0.2716
vn -0.3583 -0.8498 -0.3866
vn -0.8847 -0.0209 0.4656
vn -0.4506 0.8921 0.0320
vn -0.8299 0.1713 -0.5310
vn -0.5064 0.6254 -0.5936
vn 0.5509 -0.0222 0.8343
vn -0.8340 0.5517 0.0089
vn -0.2615 0.3305 0.9069
vn 0.4615 0.4214 0.7807
vn -0.2352 -0.0226 0.9717
vn -0.5160 0.4303 0.7406
vn -0.6719 -0.6446 -0.3647
vn -0.1849 -0.3708 -0.9101
vn -0.7982 -0.2417 -0.5518
vn -0.4622 0.5334 -0.7084
vn -0.4208 0.3974 -0.8155
vn 0.0488 -0.3984 0.9159
vn -0.5928 0.1141 -0.7972
vn -0.8725 0.0524 0.4857
vn -0.6021 -0.1206 0.7893
vn 0.1786 0.4039 -0.8972
vn -0.2661 0.0577 -0.9622
vn -0.6580 0.0548 0.7511
vn -0.9918 -0.1011 -0.0784
vn -0.6026 0.3483 0.7180
vn -0.9732 0.1974 0.1180
vn -0.9839 0.0327 -0.1758
vn -0.9120 -0.0767 0.4030
vn -0.8574 0.1537 0.4912
vn -0.6439 0.4575 -0.6133
vn -0.1643 0.0233 -0.9861
vn -0.7123 -0.0881 0.6963
vn -0.5675 -0.1009 -0.8172
vn -0.9039 -0.0639 -0.4229
vn -0.9454 -0.0398 0.3235
vn 0.4878 0.0364 -0.8722
vn 0.0871 -0.7212 0.6873
vn -0.4045 -0.8775 -0.2578
vn -0.4810 0.1187 -0.8687
vn -0.4770 0.5855 -0.6555
vn -0.8828 -0.4064 0.2357
vn -0.2923 -0.0780 0.9531
vn -0.9039 -0.0737 0.4213
vn -0.5301 0.3747 -0.7607
vn 0.3515 0.0047 -0.9362
vn -0.6144 -0.1311 -0.7780
vn -0.9477 0.2917 0.1294
vn -0.7442 -0.0478 -0.6662
vn -0.8182 -0.4114 0.4016
vn -0.7875 -0.0077 0.6163
vn -0.7486 0.0044 0.6630
vn -0.7041 -0.2398 0.6683
vn 0.0018 -0.9994 0.0344
vn -0.1355 -0.1955 0.9713
vn -0.8819 -0.3864 -0.2700
vn -0.7561 -0.0310 0.6537
vn -0.9346 -0.0292 0.3545
vn -0.3237 0.3538 -0.8775
vn 0.3201 0.3890 0.8638
vn -0.7305 -0.2345 -0.6414
vn -0.9117 0.4027 0.0815
vn -0.9945 0.0988 -0.0335
vn -0.7637 -0.0106 0.6455
vn -0.7167 0.2680 0.6438
vn 0.7913 0.6080 -0.0644
vn -0.8900 0.0787 0.4492
vn -0.5737 0.6161 -0.5397
vn -0.5540 0.1805 -0.8127
vn -0.6538 0.6357 -0.4104
vn 0.1480 0.2689 -0.9517
vn -0.7884 0.5033 -0.3536
vn -0.1880 0.8311 -0.5234
vn -0.7603 0.0632 0.6465
vn -0.4547 0.3766 -0.8071
vn -0.2602 -0.6626 0.7023
vn -0.2781 -0.8610 -0.4259
vn -0.4636 0.8615 0.2071
vn -0.7208 0.0122 -0.6930
vn -0.7487 -0.0458 -0.6613
vn -0.6025 0.4723 -0.6434
vn 0.1039 0.9636 0.2464
vn -0.3442 -0.2650 -0.9007
vn -0.1204 -0.1595 -0.9798
vn -0.7649 0.4637 0.4471
vn -0.7314 0.0008 -0.6820
vn 0.3572 0.2183 0.9081
vn 0.5466 0.8332 0.0838
vn -0.5712 0.7226 -0.3894
vn -0.6176 0.7854 0.0427
vn -0.4343 0.0604 -0.8987
vn 0.0358 0.4007 0.9155
vn -0.8071 -0.0104 0.5903
vn -0.7205 -0.3915 -0.5724
vn -0.1558 -0.1757 -0.9720
vn -0.5385 -0.3102 -0.7835
vn -0.7444 0.0339 0.6669
vn 0.1345 0.1074 0.9851
vn -0.0617 -0.0099 -0.9980
vn -0.1894 0.2369 0.9529
vn -0.2485 -0.1872 0.9504
vn 0.5370 -0.3168 -0.7818
vn 0.6168 -0.0637 -0.7845
vn -0.3917 0.0206 0.9199
vn -0.7262 0.4722 0.4996
vn -0.1891 -0.5864 -0.7876
vn -0.5239 0.1242 -0.8427
vn -0.4381 0.2772 0.8551
vn 0.5732 -0.1097 0.8121
vn -0.9635 0.2118 -0.1637
vn -0.3922 0.2490 -0.8856
vn 0.4903 0.2578 -0.8326
vn -0.2600 0.0009 0.9656
vn -0.4159 0.0407 0.9085
vn -0.7187 0.1322 0.6827
vn -0.4372 0.1018 0.8936
vn -0.5370 -0.2134 -0.8161
vn -0.1514 -0.1436 -0.9780
vn -0.8252 -0.0215 -0.5645
vn -0.1239 -0.5812 0.8042
vn -0.4585 0.0749 0.8855
vn -0.4413 -0.0236 -0.8971
vn -0.5381 -0.2192 -0.8139
vn -0.4660 0.0608 0.8827
vn 0.6325 -0.1985 0.7487
vn 0.7365 0.2041 0.6449
vn -0.4529 0.2057 -0.8675
vn -0.4222 0.6562 0.6255
vn -0.5927 -0.0783 0.8016
vn -0.5323 0.2447 0.8104
vn 0.2598 -0.1834 0.9481
vn 0.4154 -0.2847 0.8639
vn 0.7121 0.1112 -0.6932
vn -0.7683 -0.1283 0.6270
vn -0.7776 0.1293 0.6153
vn 0.6502 -0.2204 -0.7271
vn 0.3176 0.3390 0.8855
vn -0.2965 0.0464 0.9539
vn -0.2062 -0.0764 -0.9755
vn -0.4624 -0.0512 -0.8852
vn -0.3936 -0.0053 -0.9193
vn 0.5924 -0.5829 0.5562
vn -0.3058 -0.1947 -0.9320
vn -0.6001 -0.1005 -0.7936
vn 0.3025 0.0102 0.9531
vn -0.6787 0.6493 0.3431
vn -0.5418 0.0378 -0.8397
vn -0.3716 -0.0432 -0.9274
vn -0.6506 0.1593 0.7425
vn -0.3828 -0.0552 0.9222
vn -0.7474 -0.1091 0.6554
vn -0.5894 0.0038 0.8078
vn -0.2843 -0.0723 0.9560
vn -0.4067 0.0243 -0.9132
vn -0.2605 -0.3637 0.8943
vn -0.5930 -0.1450 -0.7920
vn -0.6048 -0.7760 -0.1789
vn -0.0927 0.6954 -0.7126
vn -0.3620 0.9289 0.0782
vn -0.3706 0.9115 0.1785
vn -0.6106 0.4210 0.6707
vn 0.7100 0.0366 0.7032
vn -0.6856 -0.3018 0.6625
vn -0.0440 0.6757 -0.7359
vn -0.4822 -0.1988 -0.8532
vn -0.3955 -0.3036 0.8668
vn -0.1147 -0.9934 -0.0098
vn -0.1087 -0.9828 -0.1492
vn -0.0708 0.0354 -0.9969
vn -0.5103 -0.7830 0.3556
vn -0.5236 -0.7892 0.3209
vn -0.5474 -0.6837 0.4826
vn -0.8751 0.0536 0.4809
vn -0.7318 -0.0350 0.6806
vn -0.8725 0.0158 0.4883
vn -0.8369 -0.1854 0.5150
vn -0.7833 0.2629 0.5633
vn -0.3520 0.0501 0.9347
vn -0.3503 0.0034 -0.9366
vn 0.0294 0.0344 0.9990
vn -0.6889 -0.4149 -0.5943
vn -0.7303 -0.4617 -0.5035
vn -0.9470 0.0891 -0.3085
vn -0.8214 -0.1194 -0.5577
vn -0.3508 -0.0078 -0.9364
vn -0.8188 0.0248 -0.5735
vn -0.7338 -0.5084 0.4505
vn -0.9420 -0.1218 0.3128
vn -0.9942 -0.1073 0.0031
vn 0.0107 0.9974 -0.0707
vn -0.4471 0.1379 0.8838
vn -0.4188 -0.0014 0.9081
vn -0.2736 -0.0498 0.9605
vn -0.9016 0.3021 -0.3096
vn -0.9441 -0.0729 -0.3215
vn -0.8284 0.0165 0.5598
vn -0.9575 -0.0295 -0.2869
vn -0.8445 -0.1191 0.5222
vn 0.3913 0.9096 0.1398
vn -0.8336 0.1084 -0.5417
vn 0.2796 -0.0144 0.9600
vn -0.3084 -0.1237 0.9432
vn 0.0219 -0.8869 -0.4615
vn -0.7275 0.1695 -0.6649
vn -0.3176 -0.0271 -0.9478
vn 0.0807 0.4217 0.9031
vn -0.0648 -0.0881 -0.9940
vn 0.3110 0.9307 -0.1925
vn 0.0726 0.2814 -0.9568
vn -0.3379 0.0043 -0.9412
vn -0.5144 0.4433 0.7341
vn -0.1326 -0.7818 0.6093
vn -0.2639 -0.4570 0.8494
vn 0.2620 0.9049 0.3355
vn -0.4043 0.0140 0.9145
vn 0.7422 -0.1287 -0.6577
vn -0.2476 0.0460 0.9678
vn -0.4533 -0.2761 -0.8475
vn -0.8029 -0.5357 -0.2616
vn -0.6663 0.3089 0.6787
vn -0.6484 -0.2832 0.7067
vn -0.7831 -0.1896 0.5923
vn -0.4696 -0.0186 0.8827
vn -0.1583 -0.2773 0.9477
vn -0.5176 -0.1162 0.8477
vn -0.1260 0.4464 0.8859
vn 0.1956 -0.2063 0.9587
vn -0.4338 0.0830 0.8972
vn 0.2103 0.9627 0.1701
vn -0.8154 -0.3689 -0.4461
vn -0.7392 -0.3207 -0.5922
vn 0.0751 0.3077 0.9485
vn -0.0779 0.0039 0.9970
vn 0.3591 0.3544 -0.8634
vn -0.8690 0.3637 0.3354
vn 0.4246 0.3291 0.8435
vn -0.2332 -0.1391 -0.9624
vn -0.5171 -0.4631 0.7198
vn -0.9472 0.3195 -0.0274
vn -0.5723 0.2060 0.7938
vn -0.4726 -0.0666 -0.8788
vn -0.7421 -0.3621 -0.5641
vn -0.6014 0.2112 0.7705
vn -0.8148 0.1735 0.5532
vn -0.3052 -0.0002 -0.9523
vn -0.0727 -0.1416 -0.9873
vn -0.2844 0.8464 -0.4501
vn -0.4078 0.3377 0.8483
vn -0.7202 0.1467 0.6781
vn -0.3401 0.5438 0.7672
vn -0.5479 0.8062 -0.2233
vn 0.3548 0.9136 0.1984
vn -0.0752 0.1014 -0.9920
vn -0.2591 0.0415 0.9650
vn -0.0218 0.2368 -0.9713
vn -0.6965 0.1947 -0.6906
vn -0.4321 0.1866 -0.8823
vn -0.3933 0.0770 -0.9162
vn 0.3607 -0.0856 0.9287
vn -0.4182 0.0795 0.9049
vn 0.0963 0.0694 -0.9929
vn -0.1287 0.9150 0.3823
vn -0.2971 -0.4019 -0.8662
vn 0.4668 0.4820 0.7415
vn 0.1167 0.3513 0.9290
vn -0.1842 -0.1434 0.9724
vn -0.8559 0.2263 0.4649
vn -0.8331 -0.2209 0.5071
vn -0.7339 0.1076 0.6707
vn -0.9551 0.0993 0.2791
vn 0.0041 -0.9403 -0.3402
vn 0.4245 -0.0016 -0.9054
vn -0.6148 -0.2133 -0.7593
vn 0.4099 -0.3769 -0.8307
vn 0.5323 -0.0802 -0.8428
vn -0.4039 -0.0021 0.9148
vn -0.9893 -0.0566 0.1346
vn -0.9583 -0.1407 -0.2489
vn -0.2279 0.1382 -0.9638
vn -0.1309 0.0028 0.9914
vn -0.4154 0.0248 -0.9093
vn 0.1948 0.0124 -0.9808
vn -0.0910 -0.0046 -0.9958
vn -0.1742 0.8368 -0.5190
vn -0.7806 0.0614 -0.6220
vn -0.3569 0.1883 0.9150
vn -0.2672 0.4977 -0.8251
vn -0.8864 0.4170 0.2013
vn 0.1443 -0.0943 -0.9850
vn -0.9284 0.3676 -0.0538
vn 0.0289 0.9910 -0.1310
vn 0.2293 0.3494 -0.9085
vn -0.3195 0.0756 0.9446
vn -0.9614 -0.2364 0.1407
vn -0.2326 -0.0520 -0.9712
vn -0.1937 0.0334 -0.9805
vn -0.1616 0.0396 -0.9861
vn 0.0447 0.1946 0.9799
vn 0.3906 0.7419 0.5450
vn 0.6944 0.0667 -0.7165
vn -0.0280 0.0515 -0.9983
vn -0.2976 0.0055 0.9547
vn 0.5036 -0.2099 0.8381
vn -0.7339 0.5728 0.3651
vn -0.3867 -0.0334 0.9216
vn -0.1496 0.7336 0.6629
vn -0.2532 0.0207 -0.9672
vn -0.6633 -0.2579 0.7025
vn -0.6706 0.0537 0.7398
vn 0.1993 -0.4045 0.8926
vn -0.6293 0.4396 0.6409
vn -0.5580 -0.2739 -0.7833
vn 0.5293 -0.4547 0.7163
vn -0.9342 -0.2318 -0.2713
vn -0.1744 -0.0237 -0.9844
vn -0.2610 -0.7682 0.5846
vn -0.1930 -0.7049 0.6825
vn -0.7196 0.3154 -0.6186
vn 0.0853 -0.5984 -0.7967
vn 0.3003 0.3173 -0.8995
vn 0.1297 -0.6500 -0.7488
vn -0.5359 -0.4641 -0.7053
vn -0.5337 0.1894 -0.8242
vn -0.5827 0.6679 -0.4631
vn -0.2000 -0.3223 0.9253
vn -0.6492 -0.4609 -0.6051
vn 0.2699 -0.2560 -0.9282
vn 0.0020 -0.2518 0.9678
vn -0.3034 0.0142 -0.9528
vn -0.3342 0.2120 0.9184
vn -0.8326 -0.4200 -0.3612
vn -0.5700 -0.2294 -0.7890
vn 0.2194 -0.4051 0.8876
vn -0.4221 -0.1873 0.8870
vn -0.2206 0.0307 -0.9749
vn -0.4891 -0.3383 -0.8039
vn -0.1842 0.6488 -0.7383
vn 0.0136 -0.2921 0.9563
vn -0.8074 -0.5827 0.0924
vn 0.2606 0.0140 0.9654
vn 0.4530 -0.3391 0.8245
vn 0.7821 -0.0670 -0.6196
vn 0.5886 -0.1573 -0.7930
vn 0.5538 0.2276 -0.8009
vn -0.5840 0.3491 0.7329
vn -0.6382 -0.0312 0.7693
vn -0.1800 -0.1462 0.9727
vn -0.0167 0.3796 0.9250
vn 0.2293 -0.4566 -0.8596
vn -0.3764 -0.0130 0.9264
vn 0.8959 0.1403 -0.4216
vn -0.3065 0.1308 -0.9428
vn 0.9678 -0.0340 0.2494
vn -0.9805 -0.1129 0.1606
vn 0.9990 0.0161 -0.0422
vn -0.7985 0.4895 -0.3503
vn 0.3698 -0.6437 -0.6700
vn -0.3167 0.0777 -0.9454
vn -0.3030 0.0578 0.9512
vn 0.1320 -0.4793 0.8677
vn -0.5898 -0.2627 0.7636
vn 0.2077 0.1622 0.9647
vn -0.6839 -0.5249 -0.5067
vn 0.5946 -0.1226 -0.7946
vn 0.6247 0.2306 -0.7461
vn 0.8625 -0.2378 0.4467
vn 0.8043 -0.4560 0.3809
vn -0.6476 0.4787 -0.5929
vn 0.9887 -0.1201 -0.0894
vn 0.2434 -0.2319 -0.9418
vn 0.8721 0.3342 -0.3576
vn 0.5805 0.6105 -0.5388
vn 0.0301 -0.6319 0.7745
vn -0.1012 0.4947 -0.8632
vn 0.7594 0.2062 0.6170
vn -0.6180 0.0596 0.7839
vn 0.6576 -0.1322 0.7417
vn -0.9088 0.2546 -0.3307
vn -0.5797 0.4967 0.6460
vn -0.1460 0.0647 -0.9872
vn 0.4171 0.3084 -0.8549
vn -0.9047 -0.3217 0.2792
vn -0.6673 -0.5109 0.5419
vn -0.7132 0.1548 0.6837
vn -0.2033 -0.0075 0.9791
vn -0.6130 0.1141 -0.7818
vn 0.3076 -0.0244 -0.9512
vn -0.6447 0.5587 -0.5218
vn 0.1531 -0.4356 -0.8870
vn -0.9916 0.1288 0.0121
vn -0.3375 0.3965 -0.8538
vn -0.6875 -0.3784 0.6198
vn -0.7000 0.6402 -0.3166
vn 0.4989 0.4782 -0.7228
vn -0.0632 0.0803 -0.9948
vn -0.2432 -0.0081 0.9699
vn 0.8177 0.2234 0.5305
vn 0.6076 -0.7862 -0.1125
vn -0.8303 -0.5331 -0.1623
vn -0.5355 -0.4184 -0.7336
vn -0.2471 -0.1033 0.9635
vn -0.0542 -0.0125 0.9985
vn -0.7162 -0.3239 0.6182
vn -0.3071 0.1321 -0.9425
vn 0.9520 -0.2619 -0.1586
vn 0.3704 0.8103 -0.4541
vn -0.4260 -0.0548 -0.9031
vn 0.3518 -0.2864 0.8912
vn 0.3584 -0.2749 0.8922
vn 0.0034 -0.6720 0.7406
vn 0.0866 0.3053 0.9483
vn -0.9426 0.3299 -0.0513
vn -0.3237 -0.2397 -0.9153
vn 0.3991 -0.5661 -0.7212
vn 0.4341 -0.4237 0.7950
vn -0.8625 0.4651 0.1992
vn 0.2137 -0.5031 -0.8374
vn 0.4075 -0.3644 -0.8374
vn 0.8646 -0.4960 0.0809
vn 0.7499 -0.5705 0.3350
vn 0.8116 0.5525 -0.1900
vn 0.8697 0.3776 0.3178
vn 0.5318 -0.5829 -0.6143
vn -0.2449 -0.5555 0.7946
vn -0.8198 -0.2502 -0.5151
vn -0.3381 -0.4100 -0.8471
vn -0.2070 -0.0018 0.9783
vn -0.7143 0.5669 -0.4104
vn 0.7164 -0.6205 -0.3190
vn -0.3013 0.2592 -0.9176
vn 0.2814 -0.6304 -0.7235
vn -0.4917 0.3857 0.7807
vn 0.6306 -0.2920 0.7190
vn 0.1724 0.3123 -0.9342
vn -0.7559 0.6036 0.2537
vn -0.2472 0.9390 -0.2390
vn 0.1360 0.1473 -0.9797
vn -0.4025 -0.4395 -0.8031
vn -0.1360 0.3538 0.9254
vn -0.2831 -0.5581 0.7800
vn -0.2972 -0.1825 0.9372
vn -0.3100 -0.1017 -0.9453
vn -0.4143 -0.2741 -0.8679
vn 0.3112 -0.5787 0.7538
vn -0.2728 -0.0133 0.9620
vn -0.3869 0.0315 0.9216
vn -0.2964 0.0137 0.9550
vn -0.3509 0.1091 0.9300
vn -0.2315 0.1130 0.9663
vn -0.1633 0.6312 0.7583
vn -0.0694 -0.4596 -0.8854
vn -0.4054 -0.0216 -0.9139
vn 0.3493 0.5133 -0.7839
vn -0.8753 -0.4774 0.0773
vn -0.9530 0.1578 0.2585
vn -0.9356 0.1920 -0.2964
vn 0.3291 0.9408 -0.0808
vn -0.8149 -0.5787 0.0328
vn -0.8590 -0.0139 -0.5118
vn -0.3637 0.3481 0.8640
vn 0.0808 0.0594 0.9950
vn -0.2324 -0.0262 -0.9723
vn 0.5091 0.7262 0.4620
vn 0.1470 -0.1250 0.9812
vn -0.6931 0.4445 -0.5674
vn 0.3414 -0.5721 0.7457
vn 0.6442 0.4349 -0.6292
vn -0.7222 -0.0483 0.6900
vn 0.7679 0.3466 0.5387
vn 0.7908 0.4729 0.3885
vn -0.6383 0.0205 -0.7695
vn -0.6221 0.1603 0.7663
vn -0.1778 -0.0027 0.9841
vn -0.4036 -0.3359 0.8511
vn -0.7398 0.0089 -0.6728
vn -0.0519 -0.4277 0.9024
vn -0.1566 0.7294 -0.6659
vn -0.2069 -0.9290 -0.3070
vn -0.4209 0.4514 0.7868
vn -0.1641 0.5201 0.8382
vn -0.3264 0.4434 0.8348
vn -0.3004 -0.9208 0.2488
vn 0.7384 0.6419 0.2067
vn 0.5173 0.5616 -0.6458
vn -0.2044 -0.3104 0.9284
vn 0.2847 0.5737 0.7680
vn 0.2889 0.9289 0.2315
vn 0.7491 0.5056 0.4281
vn 0.1835 0.4700 0.8634
vn -0.5249 -0.0270 -0.8507
vn -0.1724 0.1257 -0.9770
vn -0.2909 0.0585 0.9550
vn 0.4661 -0.2936 0.8346
vn -0.2185 0.0384 0.9751
vn -0.2403 0.0318 0.9702
vn -0.8334 0.4364 -0.3391
vn -0.5422 0.5135 -0.6651
vn -0.3968 -0.2970 -0.8685
vn -0.4322 0.4742 0.7670
vn -0.2117 0.0230 0.9771
vn -0.2680 0.0467 0.9623
vn -0.3758 0.0759 0.9236
vn -0.0484 0.4010 -0.9148
vn -0.0526 0.8011 0.5963
vn -0.1185 0.0046 0.9929
vn -0.0787 0.3213 -0.9437
vn 0.0582 -0.2746 0.9598
vn -0.8708 -0.4212 0.2534
vn -0.7081 0.3011 0.6387
vn -0.7267 -0.4161 0.5466
vn -0.3857 -0.1402 0.9119
vn -0.3449 -0.0816 0.9351
vn 0.1539 0.9392 0.3069
vn -0.8817 -0.0907 -0.4630
vn -0.9311 0.2327 0.2811
vn -0.4776 -0.0788 0.8751
vn -0.5644 -0.4989 0.6577
vn 0.8317 0.5484 0.0870
vn -0.9052 -0.3255 -0.2733
vn -0.2783 0.4166 0.8655
vn -0.9592 -0.2214 0.1756
vn -0.6964 -0.6674 0.2638
vn -0.8334 -0.1700 0.5258
vn -0.3943 -0.1397 0.9083
vn -0.0818 -0.7344 -0.6738
vn -0.3695 0.2150 -0.9040
vn -0.4800 0.0750 -0.8740
vn -0.7426 0.3526 -0.5694
vn -0.3060 -0.0247 -0.9517
vn -0.5420 -0.4520 0.7084
vn -0.6796 0.5036 0.5333
vn -0.8918 0.3631 0.2699
vn -0.0820 -0.1584 0.9840
vn 0.1079 -0.9165 0.3851
vn -0.1354 0.1150 0.9841
vn -0.0991 -0.0244 0.9948
vn -0.2552 0.6369 -0.7275
vn -0.4545 -0.5956 -0.6624
vn -0.4282 0.3603 -0.8288
vn 0.1454 0.0400 -0.9886
vn 0.3351 -0.5769 -0.7449
vn -0.4927 0.1599 -0.8554
vn -0.1063 0.9477 -0.3009
vn -0.0567 0.9896 -0.1322
vn -0.6324 -0.4424 -0.6359
vn -0.2735 -0.3446 -0.8980
vn -0.9059 0.4226 0.0279
vn -0.8201 0.3200 -0.4744
vn -0.9041 0.4272 0.0108
vn -0.8299 0.4342 0.3505
vn -0.1546 0.1465 -0.9771
vn -0.8945 -0.2244 -0.3867
vn -0.8015 -0.2152 -0.5580
vn -0.7591 -0.5717 0.3114
vn -0.6809 -0.3654 0.6347
vn -0.9380 0.3186 0.1366
vn -0.6204 0.7641 -0.1767
vn -0.5485 0.5008 -0.6695
vn -0.2693 0.0595 0.9612
vn -0.3677 -0.1349 0.9201
vn -0.2067 -0.0206 0.9782
vn -0.1427 0.1327 -0.9808
vn 0.2796 -0.3583 0.8908
vn -0.9547 0.1607 0.2506
vn 0.2497 0.6057 0.7555
vn -0.6935 0.6243 -0.3595
vn -0.9189 0.3272 -0.2205
vn -0.6950 0.0480 -0.7174
vn -0.0610 0.0020 0.9981
vn 0.8206 -0.5569 0.1280
vn 0.6158 -0.3625 -0.6996
vn -0.1487 0.0856 0.9852
vn 0.7015 0.0193 -0.7124
vn -0.3682 0.0798 -0.9263
vn 0.0547 -0.2511 -0.9664
vn -0.2624 0.5048 0.8224
vn -0.1564 0.2522 0.9550
vn -0.3821 0.2147 0.8988
vn -0.1262 0.2055 0.9705
vn -0.4212 0.1422 0.8958
vn 0.0289 -0.7413 -0.6706
vn -0.4729 0.3334 0.8156
vn 0.2221 -0.6622 -0.7156
vn -0.4254 -0.3034 0.8526
vn -0.6202 -0.6262 -0.4725
vn 0.2664 -0.1612 -0.9503
vn -0.4219 -0.4986 0.7573
vn -0.0942 0.2616 0.9606
vn 0.0053 0.7083 -0.7059
vn -0.6504 0.7575 -0.0564
vn -0.0271 -0.1416 -0.9895
vn -0.0311 0.0568 -0.9979
vn 0.2259 -0.2100 -0.9513
vn -0.0780 0.0253 -0.9966
vn -0.8554 -0.4569 -0.2440
vn -0.6367 0.1396 0.7584
vn -0.8899 -0.3290 -0.3158
vn -0.4252 0.3181 0.8474
vn -0.3292 -0.0013 -0.9443
vn -0.2757 -0.6711 -0.6882
vn 0.3769 -0.6748 -0.6345
vn -0.0998 -0.1765 -0.9792
vn 0.4618 0.6197 -0.6346
vn -0.8979 0.1073 0.4270
vn -0.1396 0.4357 -0.8892
vn -0.0879 0.0578 -0.9945
vn -0.1567 -0.0224 0.9874
vn -0.2299 -0.6586 0.7165
vn -0.0220 0.0038 -0.9998
vn -0.5664 -0.4703 0.6767
vn -0.5976 -0.6556 0.4616
vn -0.5107 -0.7831 -0.3549
vn -0.9736 -0.0288 0.2262
vn 0.3380 -0.2194 0.9152
vn -0.4668 0.6854 0.5589
vn 0.8923 -0.1823 -0.4130
vn -0.5895 0.6351 0.4992
vn 0.5558 -0.1222 -0.8223
vn -0.0994 -0.9648 -0.2435
vn -0.1356 -0.0129 -0.9907
vn -0.2101 0.1285 -0.9692
vn -0.4109 0.0928 -0.9070
vn -0.3020 -0.3571 -0.8839
vn -0.1865 -0.8385 -0.5120
vn -0.0846 0.4538 0.8871
vn 0.3642 0.6912 -0.6241
vn -0.5717 0.3616 -0.7364
vn 0.0461 0.8178 -0.5737
vn 0.8524 -0.4413 0.2803
vn -0.7221 -0.4247 -0.5461
vn -0.3467 0.5653 0.7485
vn 0.1979 -0.5863 -0.7855
vn -0.1761 0.7736 0.6087
vn -0.9741 -0.0360 -0.2234
vn -0.2203 0.1438 0.9648
vn -0.0080 -0.5225 -0.8526
vn -0.1433 -0.0067 -0.9897
vn -0.0650 -0.9860 -0.1538
vn -0.9607 -0.2068 0.1851
vn 0.8031 0.4838 -0.3479
vn -0.9873 -0.0899 0.1307
vn 0.1462 0.3700 0.9174
vn 0.2898 -0.6570 0.6959
vn -0.1744 -0.0443 0.9837
vn -0.1634 0.0507 0.9853
vn -0.1151 0.0462 0.9923
vn -0.3262 0.9205 -0.2149
vn -0.0209 -0.9202 -0.3909
vn -0.2231 -0.6414 0.7341
vn 0.0258 0.9649 0.2613
vn 0.2872 0.6761 0.6786
vn -0.0884 -0.7128 -0.6957
vn -0.4749 0.8691 -0.1384
vn -0.6625 0.5613 0.4959
vn -0.4133 -0.7980 -0.4386
vn -0.0658 0.6261 -0.7770
vn -0.6311 -0.2429 0.7367
vn -0.1750 -0.2706 -0.9466
vn 0.1489 -0.9784 0.1431
vn 0.0373 -0.7519 -0.6582
vn 0.1208 -0.9792 0.1629
vn -0.7007 0.4555 -0.5491
vn -0.3856 -0.1458 -0.9111
vn 0.0313 0.0627 -0.9975
vn -0.4146 0.3176 -0.8528
vn -0.9148 -0.1254 -0.3839
vn -0.1822 0.0856 0.9795
vn -0.6974 -0.2692 0.6642
vn -0.2144 -0.0483 0.9755
vn -0.2591 0.6520 0.7126
vn -0.1827 0.6204 0.7627
vn -0.0689 0.9710 0.2289
vn 0.2333 0.4009 -0.8859
vn 0.0658 -0.6057 0.7930
vn -0.0774 -0.9705 0.2284
vn -0.0375 -0.9891 0.1423
vn -0.1896 0.7493 -0.6345
vn -0.1367 -0.4936 0.8589
vn -0.2040 0.9745 0.0938
vn 0.2225 -0.1554 -0.9625
vn -0.3024 0.3553 0.8845
vn 0.2732 -0.6650 0.6951
vn -0.1494 0.3385 0.9290
vn 0.1144 -0.8031 -0.5848
vn -0.1603 0.0781 -0.9840
vn 0.5419 0.3578 -0.7604
vn 0.0163 -0.1261 -0.9919
vn 0.0289 0.5674 -0.8230
vn -0.4387 -0.8277 0.3499
vn 0.0283 -0.3000 -0.9535
vn -0.1662 0.6816 -0.7127
vn -0.1745 0.0002 0.9847
vn -0.1332 0.0024 0.9911
vn -0.0781 0.9871 -0.1397
vn -0.8519 0.0891 0.5160
vn -0.0638 0.9966 -0.0516
vn -0.0085 0.9921 -0.1255
vn 0.5614 -0.7436 0.3633
vn -0.1855 -0.3272 -0.9266
vn -0.1215 0.0286 0.9922
vn 0.1395 0.6590 0.7391
vn -0.1617 -0.0175 -0.9867
vn -0.1585 0.3114 0.9370
vn -0.2370 -0.7353 -0.6350
vn -0.1653 0.8657 0.4724
vn -0.1796 -0.0992 -0.9787
vn -0.1093 -0.8570 0.5035
vn -0.3051 0.2389 0.9218
vn 0.3464 -0.6703 0.6562
vn -0.1378 0.9078 -0.3962
vn -0.1135 -0.2852 -0.9517
vn -0.3742 -0.9250 -0.0662
vn -0.0422 -0.1515 -0.9876
vn 0.1545 -0.7097 0.6874
vn -0.5088 0.6480 -0.5667
vn -0.9982 -0.0516 -0.0295
vn 0.2564 -0.1466 -0.9554
vn -0.3216 0.9209 -0.2204
vn -0.0381 0.1008 -0.9942
vn -0.2490 0.0517 0.9671
vn 0.2828 -0.1767 -0.9428
vn -0.0088 -0.0051 0.9999
vn -0.2015 0.0218 0.9792
vn -0.7551 0.5599 0.3411
vn 0.0579 -0.5199 0.8523
vn 0.1609 0.5275 -0.8342
vn -0.1546 0.2309 -0.9606
vn 0.0037 0.5204 -0.8539
vn 0.1111 -0.6093 -0.7851
vn -0.1802 -0.3039 0.9355
vn 0.0245 -0.4649 -0.8850
vn -0.1184 -0.1344 0.9838
vn -0.2913 -0.4412 -0.8488
vn -0.3049 -0.5540 -0.7747
vn -0.0237 0.0253 0.9994
vn -0.3880 -0.1430 0.9105
vn 0.1530 -0.9805 -0.1236
vn -0.1062 -0.0119 0.9943
vn -0.4430 0.8891 -0.1155
vn -0.2626 0.1659 0.9505
vn 0.1822 -0.4675 0.8650
vn -0.1733 -0.2833 -0.9432
vn -0.2606 0.5694 -0.7797
vn 0.5992 -0.3010 0.7418
vn -0.3386 -0.4797 0.8095
vn -0.0239 -0.3438 0.9387
vn -0.0614 0.5441 0.8368
vn -0.4162 0.4597 -0.7845
vn -0.1892 0.0678 -0.9796
vn -0.1962 -0.0064 -0.9805
vn -0.0908 0.4256 0.9003
vn -0.2573 0.4945 -0.8302
vn -0.1526 0.0790 0.9851
vn -0.2933 -0.2692 0.9173
vn -0.0016 -0.0052 -1.0000
vn -0.0878 0.0682 0.9938
vn -0.1487 0.0544 -0.9874
vn -0.0845 0.4113 0.9076
vn 0.0638 -0.9795 -0.1913
vn 0.0005 0.9982 -0.0600
vn 0.2278 0.4654 0.8553
vn -0.2155 0.2002 -0.9558
vn -0.1114 0.8898 -0.4425
vn -0.1497 0.9857 -0.0772
vn -0.1587 -0.2470 0.9559
vn -0.2378 -0.7727 -0.5885
vn -0.1617 -0.8545 0.4936
vn -0.1302 -0.9549 0.2670
vn 0.3170 0.3340 -0.8876
vn 0.1949 0.2004 -0.9601
vn -0.4655 0.4358 0.7703
vn -0.4155 -0.0850 0.9056
vn -0.1925 0.4312 -0.8815
vn -0.1569 0.3794 0.9118
vn -0.0097 -0.5152 -0.8570
vn -0.4508 0.5662 -0.6900
vn 0.4677 -0.1401 0.8727
vn -0.0837 0.0302 -0.9960
vn -0.1830 0.0374 0.9824
vn -0.1194 0.0015 0.9928
vn -0.5019 -0.8430 -0.1935
vn -0.1204 0.0821 -0.9893
vn -0.1260 -0.0822 -0.9886
vn -0.3707 0.2116 -0.9043
vn -0.0004 -0.5950 -0.8037
vn -0.5420 0.4632 0.7012
vn 0.0778 0.9225 -0.3780
vn 0.1026 -0.3696 0.9235
vn 0.1239 -0.6980 0.7053
vn -0.7615 -0.3563 -0.5414
vn -0.1409 0.7226 0.6768
vn 0.7416 0.4409 0.5056
vn 0.1101 0.2709 0.9563
vn 0.1527 0.7130 0.6843
vn -0.0169 -0.0120 -0.9998
vn 0.0549 0.9963 -0.0665
vn -0.2015 0.0327 0.9789
vn -0.2718 -0.4440 -0.8538
vn 0.0800 0.1720 0.9818
vn -0.2731 0.1065 0.9561
vn -0.0526 -0.0193 0.9984
vn -0.3539 -0.8536 0.3821
vn -0.3527 0.9274 0.1243
vn 0.0539 0.1285 0.9902
vn -0.2732 0.1478 0.9505
vn 0.0547 0.4476 0.8925
vn -0.4168 -0.1716 -0.8927
vn -0.2675 -0.0360 -0.9629
vn -0.1569 -0.2276 0.9610
vn 0.1119 0.6516 -0.7503
vn 0.0525 -0.6239 -0.7798
vn -0.0054 0.4541 -0.8909
vn -0.0207 -0.5138 0.8576
vn -0.8105 0.5531 0.1926
vn -0.3043 0.3880 0.8700
vn -0.2744 0.3569 0.8929
vn -0.0852 0.9941 -0.0668
vn -0.0653 0.0068 -0.9978
vn -0.0098 0.3737 -0.9275
vn -0.2626 0.8896 -0.3737
vn -0.1117 -0.0129 0.9937
vn -0.6743 0.4373 0.5950
vn -0.2471 0.2659 -0.9318
vn -0.4600 0.8683 -0.1855
vn 0.0319 -0.0491 0.9983
vn -0.0879 0.1902 -0.9778
vn 0.3407 0.7280 0.5950
vn 0.7725 0.3043 0.5573
vn 0.0074 0.7931 -0.6090
vn -0.1119 0.0164 0.9936
vn 0.0775 0.4938 -0.8661
vn 0.3042 -0.3043 0.9027
vn -0.2338 0.9275 0.2917
vn 0.2577 0.8695 0.4215
vn -0.0787 -0.0746 -0.9941
vn -0.8663 0.4542 -0.2079
vn -0.7035 0.2248 0.6742
vn -0.8091 0.2351 0.5386
vn -0.6988 0.0547 0.7133
vn -0.7943 -0.5863 0.1591
vn 0.3254 -0.4657 0.8229
vn -0.0519 -0.1401 0.9888
vn -0.1134 0.0400 -0.9927
vn -0.3074 0.7487 0.5873
vn -0.5440 -0.5159 -0.6618
vn 0.1672 -0.1353 0.9766
vn -0.9366 0.0783 0.3415
vn -0.2932 0.8259 -0.4815
vn -0.4947 0.7252 0.4790
vn 0.0753 -0.9844 0.1591
vn -0.2062 -0.1079 0.9725
vn -0.0572 -0.1403 -0.9885
vn 0.0830 0.0036 -0.9965
vn -0.2471 0.3529 0.9024
vn 0.5230 0.2521 0.8142
vn -0.0202 -0.0135 -0.9997
vn -0.4414 0.8033 0.3998
vn 0.0786 0.1320 0.9881
vn -0.2134 -0.0260 0.9766
vn -0.1245 -0.0226 -0.9920
vn -0.3168 -0.8703 0.3771
vn -0.0666 0.9218 -0.3819
vn 0.0008 0.8448 0.5350
vn -0.5963 0.1763 0.7831
vn -0.0418 -0.1455 -0.9885
vn -0.7955 -0.5959 -0.1099
vn -0.0927 -0.0627 0.9937
vn 0.3891 0.5322 -0.7519
vn 0.2290 0.1350 -0.9640
vn -0.2596 0.9617 0.0882
vn -0.0929 0.0148 0.9956
vn -0.1290 -0.1456 0.9809
vn -0.4765 -0.1260 0.8701
vn -0.0373 -0.0889 0.9953
vn 0.0437 -0.0051 0.9990
vn -0.0378 0.6127 -0.7894
vn 0.0865 -0.3491 0.9331
vn -0.4076 0.8096 -0.4224
vn -0.1788 -0.9824 0.0540
vn -0.1316 -0.1793 0.9750
vn 0.6578 -0.4201 -0.6252
vn -0.1092 0.0452 -0.9930
vn -0.2063 -0.0544 -0.9770
vn -0.1234 0.0126 0.9923
vn 0.1466 0.6983 -0.7007
vn -0.1849 -0.2251 0.9566
vn -0.2500 -0.9410 0.2280
vn -0.2828 -0.3446 -0.8951
vn -0.7115 -0.5226 0.4697
vn -0.0949 0.0200 -0.9953
vn -0.0550 -0.0340 -0.9979
vn -0.5191 0.2655 -0.8124
vn 0.0673 0.0750 -0.9949
vn -0.3795 0.2302 -0.8961
vn -0.0482 0.0886 0.9949
vn -0.1301 0.8131 0.5674
vn -0.7221 -0.0639 0.6888
vn -0.1223 -0.1183 -0.9854
vn 0.5519 -0.8146 -0.1783
vn -0.1097 0.0299 -0.9935
vn -0.1214 -0.0840 -0.9890
vn -0.1370 0.8927 0.4293
vn 0.1395 0.6365 -0.7586
vn -0.0633 -0.0980 0.9932
vn -0.3022 0.2277 -0.9256
vn -0.1502 0.0694 0.9862
vn -0.2068 0.2396 -0.9486
vn -0.0928 0.0059 -0.9957
vn -0.2623 0.0007 -0.9650
vn -0.1892 -0.8314 -0.5225
vn -0.4454 0.5669 -0.6930
vn 0.0768 0.4227 -0.9030
vn 0.5167 -0.1626 -0.8406
vn 0.5615 0.4164 0.7151
vn 0.9224 0.3331 0.1957
vn -0.1928 -0.9404 -0.2803
vn -0.9445 0.2424 -0.2219
vn 0.1628 0.7565 0.6334
vn -0.0512 -0.0600 -0.9969
vn -0.1762 0.0199 -0.9842
vn 0.5002 0.5444 -0.6734
vn -0.2181 -0.8743 0.4337
vn 0.1235 0.1035 -0.9869
vn -0.1622 0.9457 -0.2818
vn 0.7040 0.6421 0.3036
vn 0.8363 -0.0431 0.5466
vn -0.9913 -0.0172 0.1305
vn -0.4777 -0.1400 0.8673
vn 0.6866 -0.2130 0.6952
vn 0.1556 0.1227 0.9802
vn -0.0648 0.3776 -0.9237
vn 0.0855 0.6961 0.7129
vn 0.0194 0.0456 -0.9988
vn 0.1440 -0.4073 0.9019
vn -0.0341 0.0351 -0.9988
vn -0.8739 -0.3530 -0.3343
vn -0.9731 -0.0574 -0.2231
vn 0.6968 0.1054 -0.7094
vn -0.8844 0.4120 -0.2195
vn -0.7688 0.5606 0.3077
vn -0.6209 0.2994 -0.7245
vn 0.2932 -0.5175 0.8039
vn -0.1160 0.0416 -0.9924
vn -0.0879 0.0249 -0.9958
vn 0.0066 0.0480 -0.9988
vn -0.3046 -0.0458 0.9514
vn 0.2957 -0.1365 -0.9455
vn -0.2688 -0.3429 0.9001
vn -0.3956 0.7978 0.4550
vn -0.8762 -0.2700 0.3993
vn -0.9640 0.2514 -0.0869
vn -0.5238 -0.0670 -0.8492
vn -0.8436 -0.0079 0.5369
vn -0.5825 0.3728 0.7223
vn -0.0171 0.1929 0.9811
vn -0.2389 0.5507 0.7998
vn -0.2855 -0.1491 0.9467
vn 0.0037 -0.4175 0.9087
vn -0.3408 -0.4945 0.7996
vn -0.1819 -0.2239 -0.9575
vn -0.0714 -0.0761 0.9945
vn -0.1451 0.0850 0.9858
vn 0.0157 0.3516 0.9360
vn -0.0598 0.1960 0.9788
vn -0.4747 -0.4782 0.7389
vn 0.1248 -0.8610 0.4931
vn -0.0423 -0.2121 -0.9763
vn 0.2161 -0.9155 0.3394
vn -0.0313 0.0311 0.9990
vn -0.0175 -0.0554 0.9983
vn -0.8786 0.3431 -0.3321
vn 0.5511 0.4603 -0.6960
vn -0.0862 -0.9373 0.3377
vn -0.2268 0.1929 0.9547
vn 0.0515 0.2420 -0.9689
vn -0.7613 -0.1015 -0.6404
vn -0.9150 0.0649 -0.3983
vn -0.0105 -0.9974 0.0712
vn 0.0033 -0.0144 -0.9999
vn -0.1311 0.9438 -0.3035
vn -0.0929 -0.4582 0.8840
vn -0.1290 0.0385 0.9909
vn -0.5412 0.5228 0.6586
vn 0.4241 0.1542 -0.8924
vn 0.8735 -0.3833 -0.3001
vn -0.1551 0.1980 0.9678
vn -0.0919 0.1278 -0.9875
vn 0.4354 0.7737 0.4602
vn 0.0951 -0.3834 0.9187
vn -0.3116 0.0315 0.9497
vn 0.1741 0.6015 0.7797
vn 0.2111 -0.4434 -0.8711
vn -0.1397 0.9309 0.3374
vn -0.1793 0.9367 0.3007
vn -0.0138 -0.9667 -0.2557
vn -0.5148 0.0016 -0.8573
vn 0.3673 0.7808 -0.5054
vn -0.4374 0.2416 0.8662
vn 0.3070 0.8314 0.4632
vn 0.5479 0.7760 0.3125
vn 0.4847 0.6257 0.6112
vn 0.6988 -0.4409 0.5632
vn 0.1919 -0.7402 -0.6444
vn 0.5721 0.6300 -0.5252
vn -0.4529 0.1664 -0.8759
vn -0.2304 -0.7012 -0.6747
vn -0.0847 0.0396 0.9956
vn -0.3382 -0.6112 -0.7155
vn -0.4939 -0.2181 0.8417
vn -0.2936 0.9003 0.3215
vn 0.0660 -0.0384 -0.9971
vn -0.2223 -0.6578 -0.7196
vn -0.1009 -0.7192 0.6874
vn -0.1164 0.0316 -0.9927
vn 0.0704 0.2366 0.9691
vn 0.0143 0.0465 0.9988
vn -0.2644 0.9148 -0.3053
vn -0.1299 0.0620 0.9896
vn 0.7358 -0.6759 -0.0415
vn -0.3933 0.4712 0.7895
vn -0.2469 -0.4753 0.8445
vn -0.3277 -0.1001 -0.9395
vn -0.3909 0.5954 0.7019
vn 0.1323 -0.0608 -0.9893
vn -0.6283 -0.5198 -0.5788
vn 0.6648 0.7428 -0.0795
vn 0.0505 -0.1005 0.9937
vn 0.6350 -0.3722 0.6769
vn 0.4085 -0.9121 0.0338
vn -0.4207 -0.3568 -0.8341
vn -0.0118 -0.9926 0.1206
vn -0.5778 -0.5930 -0.5608
vn 0.0503 0.7679 -0.6385
vn -0.0735 -0.9711 0.2272
vn -0.1746 -0.0718 0.9820
vn -0.0816 0.0259 0.9963
vn -0.0583 0.0157 0.9982
vn -0.0488 0.0013 0.9988
vn -0.4075 -0.5764 0.7083
vn -0.0058 -0.8349 0.5504
vn 0.0752 0.0748 0.9944
vn 0.6350 0.4558 0.6236
vn -0.7937 0.6053 -0.0612
vn -0.5738 0.7751 -0.2645
vn -0.0425 -0.1326 0.9903
vn -0.4297 -0.0920 -0.8983
vn -0.0520 0.5706 0.8196
vn -0.0810 0.0002 0.9967
vn -0.2166 -0.3229 -0.9213
vn -0.0596 -0.0650 -0.9961
vn 0.0096 0.0021 1.0000
vn 0.2286 -0.0006 -0.9735
vn -0.4024 0.2746 -0.8733
vn -0.6672 -0.1735 -0.7244
vn 0.0014 0.0219 -0.9998
vn -0.1975 0.2774 0.9402
vn 0.1441 -0.9586 -0.2457
vn -0.1283 -0.0904 -0.9876
vn -0.0303 -0.0417 -0.9987
vn 0.9530 0.2878 0.0949
vn 0.9499 -0.2297 -0.2120
vn -0.1905 0.7836 0.5913
vn -0.4868 0.6890 0.5369
vn -0.0533 0.7938 -0.6058
vn -0.1003 0.2555 0.9616
vn -0.1516 -0.0147 -0.9883
vn 0.1690 0.9004 -0.4009
vn -0.0948 -0.0318 -0.9950
vn -0.9194 0.1286 0.3718
vn 0.1353 -0.4155 -0.8995
vn -0.0514 0.2160 -0.9750
vn 0.6766 0.6654 0.3153
vn 0.5640 0.6858 -0.4600
vn -0.3571 0.8273 -0.4336
vn -0.8788 0.4767 -0.0229
vn 0.6315 -0.3788 0.6766
vn 0.1935 -0.8640 -0.4648
vn 0.1251 0.7119 -0.6910
vn -0.8667 -0.2795 0.4133
vn 0.3197 0.9319 0.1712
vn 0.3782 -0.3772 -0.8454
vn -0.1826 -0.9067 -0.3802
vn -0.0094 0.1618 0.9868
vn -0.0808 -0.1604 0.9837
vn -0.0626 0.0126 -0.9980
vn -0.4067 -0.0017 -0.9136
vn -0.6452 0.2716 -0.7141
vn -0.8628 0.5027 -0.0536
vn -0.0260 0.5582 0.8293
vn -0.0695 0.0113 -0.9975
vn -0.0703 0.0103 -0.9975
vn 0.0030 -0.0342 0.9994
vn -0.0092 -0.0068 -0.9999
vn -0.2710 -0.9477 -0.1684
vn -0.0443 0.1069 -0.9933
vn 0.0877 -0.1982 0.9762
vn 0.6683 -0.4043 -0.6244
vn -0.0566 0.7245 -0.6870
vn 0.0058 0.4976 -0.8674
vn 0.5916 -0.2370 -0.7706
vn 0.8337 -0.3040 0.4610
vn 0.8628 -0.4907 0.1212
vn -0.1802 -0.0171 -0.9835
vn 0.0535 0.1716 -0.9837
vn 0.6534 0.3041 0.6933
vn -0.1655 0.9585 0.2323
vn -0.3144 -0.1469 0.9379
vn -0.3692 0.4571 -0.8091
vn -0.0580 0.0154 -0.9982
vn -0.4917 0.0996 -0.8651
vn -0.2420 -0.0125 -0.9702
vn -0.9992 -0.0334 -0.0239
vn 0.7314 -0.6815 0.0236
vn -0.6876 -0.7011 0.1890
vn -0.7063 -0.3581 0.6107
vn -0.8225 0.2358 -0.5175
vn -0.3515 -0.2929 0.8892
vn -0.4493 0.7653 0.4609
vn -0.6236 0.7344 -0.2680
vn -0.0765 -0.9237 -0.3755
vn -0.9368 0.1641 -0.3090
vn -0.0754 0.0182 -0.9970
vn -0.7741 -0.3962 -0.4938
vn -0.5218 -0.0598 -0.8510
vn -0.0161 0.0200 0.9997
vn -0.0998 0.0779 -0.9920
vn 0.1181 0.0680 -0.9907
vn -0.0421 0.1600 -0.9862
vn 0.0787 0.2466 -0.9659
vn -0.4410 0.8975 0.0032
vn -0.0769 -0.0236 -0.9968
vn -0.5610 -0.4700 0.6815
vn 0.0120 -0.0651 0.9978
vn -0.4870 0.3067 -0.8178
vn -0.9832 -0.0001 -0.1823
vn -0.8660 -0.4361 -0.2447
vn -0.9378 0.2631 -0.2266
vn 0.7043 -0.6461 0.2941
vn -0.1739 -0.0094 0.9847
vn -0.4805 -0.1394 -0.8658
vn -0.9366 -0.3496 0.0229
vn -0.9401 0.1744 0.2928
vn -0.2944 -0.0089 0.9557
vn -0.1451 -0.3249 -0.9345
vn -0.2442 0.3312 0.9114
vn -0.2026 -0.4885 -0.8487
vn -0.8458 -0.3303 0.4190
vn -0.2551 -0.0495 0.9656
vn -0.3150 0.1761 0.9326
vn 0.3723 0.0836 0.9243
vn 0.2201 0.7882 -0.5747
vn 0.3401 0.9228 -0.1812
vn -0.2469 0.2949 -0.9231
vn 0.5562 0.8067 -0.1996
vn -0.5474 0.0583 -0.8348
vn -0.4752 0.6855 -0.5516
vn -0.9801 -0.1824 0.0780
vn -0.0420 0.9833 -0.1771
vn 0.0589 0.0283 0.9979
vn -0.6255 0.2989 0.7207
vn -0.2611 -0.9639 -0.0513
vn 0.3920 -0.5859 -0.7093
vn -0.3118 0.0166 0.9500
vn -0.0037 -0.1176 0.9931
vn 0.5282 0.4174 0.7394
vn -0.4867 0.3988 -0.7772
vn -0.0781 -0.0339 -0.9964
vn -0.1284 -0.3423 -0.9308
vn -0.9261 -0.3752 -0.0405
vn -0.1829 -0.7680 -0.6138
vn -0.8080 0.2286 -0.5431
vn -0.4628 -0.2861 0.8390
vn 0.6940 0.7034 0.1537
vn 0.0749 -0.6182 0.7825
vn -0.4104 0.5343 -0.7390
vn 0.0869 -0.7998 -0.5939
vn -0.0377 0.6406 -0.7669
vn -0.2246 -0.8670 -0.4448
vn 0.0740 -0.4905 0.8683
vn 0.1483 0.3714 0.9166
vn -0.3107 -0.2323 -0.9217
vn -0.9724 0.2013 0.1178
vn -0.1015 -0.2431 0.9647
vn -0.4355 -0.3980 0.8074
vn -0.9748 -0.2025 -0.0937
vn -0.4133 -0.8531 -0.3185
vn -0.9575 -0.1072 -0.2676
vn -0.3887 -0.5636 -0.7288
vn -0.8075 -0.1995 -0.5551
vn -0.6560 0.0199 0.7545
vn -0.4295 0.3492 0.8328
vn -0.2122 -0.4371 0.8740
vn 0.5760 0.6823 -0.4502
vn -0.3428 -0.5813 0.7380
vn -0.5578 0.1588 -0.8146
vn -0.8324 -0.1975 -0.5178
vn -0.7970 0.0999 0.5956
vn -0.0552 -0.0044 0.9985
vn -0.2478 -0.0096 0.9688
vn -0.4490 -0.1599 -0.8791
vn -0.6063 0.4900 0.6264
vn 0.5102 0.6893 0.5144
vn -0.5898 -0.3384 -0.7332
vn -0.7048 -0.5255 0.4766
vn -0.6483 -0.2413 -0.7221
vn -0.2259 0.2145 0.9502
vn -0.8661 -0.2833 0.4119
vn -0.9355 0.0258 0.3524
vn 0.0203 -0.0048 -0.9998
vn 0.7804 0.5951 -0.1920
vn -0.7617 0.2795 -0.5845
vn 0.3767 0.9149 0.1450
vn -0.8820 0.4664 0.0676
vn -0.8898 -0.2232 -0.3981
vn 0.1771 0.0211 0.9840
vn -0.5287 0.1626 0.8331
vn -0.0842 0.0850 0.9928
vn 0.0226 0.9615 -0.2740
vn 0.0946 0.9863 0.1354
vn -0.9857 0.1655 0.0326
vn -0.6636 0.6183 -0.4212
vn -0.8952 0.0860 0.4373
vn -0.9360 -0.1341 -0.3255
vn -0.2430 0.8802 -0.4077
vn -0.2420 -0.5095 0.8257
vn -0.9457 -0.2729 0.1764
vn -0.3576 0.0220 0.9336
vn -0.4896 -0.0135 0.8718
vn -0.8423 0.3227 0.4316
vn -0.7170 -0.0469 0.6955
vn -0.3053 -0.5432 -0.7821
vn -0.4393 0.1759 -0.8810
vn -0.0736 0.0108 0.9972
vn -0.6251 -0.1724 -0.7613
vn -0.0183 -0.1923 -0.9812
vn 0.1972 -0.9677 -0.1569
vn -0.8742 0.0117 -0.4855
vn -0.4072 -0.1361 -0.9031
vn -0.5990 0.7694 -0.2221
vn -0.9413 -0.3091 -0.1355
vn -0.6132 -0.3167 -0.7236
vn -0.7592 0.1048 -0.6423
vn -0.4499 0.0018 -0.8931
vn -0.8252 -0.0741 0.5600
vn -0.7773 0.0233 0.6287
vn -0.7135 0.1657 0.6808
vn -0.5059 0.0978 -0.8570
vn -0.2124 0.9051 -0.3685
vn -0.1301 0.9893 0.0658
vn 0.4886 -0.6991 0.5221
vn 0.4071 -0.8440 0.3493
vn 0.1259 -0.6579 0.7425
vn -0.0003 -1.0000 -0.0015
vn -0.6252 0.3343 0.7053
vn -0.9316 -0.3318 0.1487
vn 0.2648 -0.9606 -0.0848
vn -0.9366 -0.3454 -0.0592
vn -0.4724 0.1579 -0.8672
vn -0.8096 -0.0291 -0.5862
vn -0.9641 -0.2162 0.1544
vn -0.2938 -0.5673 0.7693
vn -0.7753 -0.2135 0.5944
vn 0.0867 -0.5781 0.8114
vn -0.4852 -0.0070 -0.8744
vn -0.5009 0.8140 0.2940
vn -0.4449 -0.8956 0.0059
vn 0.2032 0.0352 0.9785
vn 0.0999 -0.0344 0.9944
vn -0.1235 -0.1869 -0.9746
vn -0.5601 -0.0162 0.8283
vn -0.5951 0.2141 -0.7746
vn -0.0321 -0.2212 0.9747
vn -0.4938 0.7527 -0.4354
vn 0.4309 -0.0546 -0.9008
vn -0.6804 -0.5665 -0.4650
vn 0.0643 0.9409 -0.3325
vn -0.0371 0.9924 0.1173
vn -0.9713 -0.2372 0.0186
vn -0.2806 -0.2026 -0.9382
vn -0.9511 0.2710 -0.1481
vn 0.1877 0.2558 -0.9483
vn -0.6913 -0.0789 0.7183
vn 0.3375 -0.3255 0.8833
vn 0.1880 -0.1374 -0.9725
vn 0.1634 0.4235 -0.8910
vn 0.2193 0.9566 0.1916
vn 0.6456 0.2080 0.7348
vn -0.8695 -0.2372 -0.4332
vn 0.0979 -0.9094 -0.4042
vn -0.0755 -0.0172 -0.9970
vn -0.9158 -0.3566 0.1847
vn -0.0155 -0.0129 0.9998
vn -0.2787 0.0252 0.9601
vn 0.0041 0.3824 -0.9240
vn 0.9178 -0.3913 0.0671
vn 0.9096 -0.4069 0.0836
vn 0.9099 -0.4065 0.0832
vn -0.3932 0.9175 0.0605
vn 0.8964 -0.4022 -0.1861
vn 0.2761 0.9355 -0.2206
vn -0.2463 -0.2868 0.9258
vn -0.5280 -0.3967 0.7508
vn 0.2401 -0.0771 0.9677
vn 0.1953 0.0219 0.9805
vn -0.2186 -0.0426 -0.9749
vn -0.4054 0.0516 -0.9127
vn 0.1436 -0.8740 0.4642
vn -0.7126 -0.4347 0.5506
vn 0.4287 0.8565 0.2874
vn 0.4530 -0.8478 0.2757
vn 0.8424 -0.4339 -0.3197
vn -0.0904 -0.8511 0.5171
vn -0.1621 0.9859 -0.0413
vn 0.5639 -0.7836 -0.2608
vn -0.4925 0.2423 0.8359
vn 0.4377 0.0638 0.8968
vn -0.4258 -0.5770 0.6970
vn -0.3115 0.4837 0.8179
vn -0.1390 -0.2811 -0.9496
vn -0.1963 -0.9120 0.3602
vn -0.2960 0.0951 0.9505
vn -0.2455 0.3317 0.9109
vn -0.3029 -0.1967 -0.9325
vn 0.0452 -0.9724 0.2288
vn 0.3265 -0.9292 0.1733
vn -0.2737 -0.5747 0.7713
vn 0.8990 -0.4255 0.1036
vn 0.3167 0.2057 0.9260
vn -0.0824 0.0216 -0.9964
vn 0.4042 -0.3292 0.8534
vn 0.2264 0.3293 0.9167
vn -0.0051 0.5865 0.8099
vn -0.0466 -0.0424 0.9980
vn -0.5611 0.3402 -0.7546
vn -0.6485 -0.1386 -0.7485
vn 0.1759 0.4746 0.8625
vn -0.3052 0.0730 0.9495
vn -0.7191 0.0260 -0.6944
vn -0.7229 0.5046 -0.4720
vn -0.4596 0.2829 -0.8419
vn -0.7763 0.6286 -0.0469
vn -0.6263 0.6170 -0.4764
vn 0.0165 0.1021 0.9946
vn 0.0622 0.3166 0.9465
vn 0.2525 0.9674 -0.0180
vn 0.0271 -0.0931 0.9953
vn 0.1482 -0.6507 -0.7448
vn -0.0442 0.0770 -0.9960
vn -0.6555 0.3461 0.6713
vn -0.2713 -0.6577 0.7027
vn -0.8628 0.3800 0.3333
vn -0.8505 -0.2610 0.4566
vn 0.7537 0.3604 0.5495
vn -0.0079 -0.0352 0.9993
vn -0.0978 0.0381 0.9945
vn 0.0878 0.0319 0.9956
vn -0.0139 -0.9925 -0.1217
vn -0.9221 -0.3155 0.2242
vn -0.8106 -0.5499 0.2011
vn -0.9503 0.2460 -0.1907
vn -0.0659 0.0486 0.9966
vn -0.0352 0.0375 0.9987
vn 0.1255 0.0140 0.9920
vn -0.0794 0.0967 -0.9921
vn 0.0294 0.7325 -0.6802
vn 0.0249 0.7975 -0.6028
vn -0.6823 -0.1698 -0.7111
vn -0.9488 -0.3158 -0.0102
vn -0.0202 0.0452 -0.9988
vn -0.7009 -0.6766 -0.2256
vn -0.6687 -0.1651 -0.7250
vn 0.1381 -0.7134 0.6870
vn 0.2436 -0.9666 -0.0800
vn -0.1775 -0.9841 0.0012
vn 0.4122 0.0513 -0.9096
vn -0.0417 0.0187 -0.9990
vn 0.0558 0.3105 -0.9489
vn -0.2019 -0.0141 0.9793
vn -0.8175 0.5749 0.0335
vn -0.9778 -0.2016 -0.0566
vn -0.4063 0.1141 -0.9066
vn -0.7449 0.6352 0.2043
vn -0.3504 -0.9092 -0.2250
vn 0.0208 -0.0003 -0.9998
vn -0.0151 -0.1847 -0.9827
vn -0.7030 0.0306 -0.7105
vn -0.4476 0.0816 -0.8905
vn -0.1044 -0.0130 0.9944
vn -0.0059 0.9863 0.1650
vn -0.0651 0.4178 -0.9062
vn 0.0273 0.9996 0.0115
vn -0.1113 -0.0854 0.9901
vn -0.0069 -0.0035 1.0000
vn -0.0688 -0.9975 0.0156
vn 0.0960 0.1387 -0.9857
vn -0.0031 -0.1093 -0.9940
vn -0.0428 -0.0457 0.9980
vn -0.0139 0.1158 -0.9932
vn -0.8294 -0.0142 0.5584
vn 0.1455 0.4406 -0.8858
vn -0.0641 0.1833 0.9810
vn -0.3437 0.0609 -0.9371
vn -0.7376 -0.0639 -0.6722
vn -0.6700 -0.2811 0.6871
vn -0.7814 0.6031 -0.1601
vn 0.3803 0.0259 -0.9245
vn 0.1702 -0.0649 -0.9833
vn 0.1267 0.0043 0.9919
vn -0.0597 -0.0440 0.9972
vn 0.0388 0.0052 0.9992
vn 0.3719 0.3652 0.8534
vn 0.0500 -0.9287 0.3674
vn -0.6830 0.6934 0.2297
vn -0.9179 -0.3967 0.0084
vn -0.1274 -0.0097 -0.9918
vn -0.0126 -0.4748 0.8800
vn 0.0981 -0.1912 -0.9766
vn -0.2709 0.3650 -0.8907
vn 0.0017 0.8404 0.5420
vn -0.6848 -0.0836 0.7239
vn -0.0674 -0.4415 0.8947
vn -0.2397 -0.1648 0.9568
vn -0.2206 -0.4731 0.8529
vn 0.1113 0.2189 0.9694
vn 0.6316 -0.1179 -0.7663
vn 0.0795 -0.1293 0.9884
vn 0.0029 -0.0079 1.0000
vn -0.2738 0.7794 0.5635
vn -0.0711 -0.9970 0.0303
vn -0.6909 -0.5045 -0.5178
vn -0.0013 0.0279 -0.9996
vn -0.5413 0.3908 -0.7444
vn -0.0678 -0.0656 0.9955
vn 0.0950 -0.3545 -0.9302
vn 0.0619 -0.0639 -0.9960
vn 0.0855 0.1313 0.9876
vn 0.0686 0.7013 0.7095
vn -0.1977 0.0058 -0.9802
vn 0.6819 0.4778 -0.5538
vn 0.6457 0.2364 -0.7261
vn -0.5573 -0.5566 -0.6161
vn -0.6324 0.0266 0.7742
vn -0.1760 0.8381 -0.5164
vn -0.1344 -0.4215 0.8968
vn -0.0548 0.8289 -0.5568
vn -0.0095 -0.1132 -0.9935
vn -0.1531 -0.3352 -0.9296
vn -0.1127 0.4016 0.9089
vn 0.0070 0.0761 0.9971
vn 0.5593 -0.0527 -0.8273
vn -0.1114 0.1108 0.9876
vn 0.6737 -0.0174 0.7388
vn 0.6121 -0.0140 -0.7907
vn 0.3669 -0.0038 -0.9303
vn 0.6236 -0.1604 -0.7651
vn 0.0028 -0.9999 0.0139
vn 0.2089 -0.1163 0.9710
vn 0.0732 0.1319 0.9886
vn 0.0223 -0.0422 0.9989
vn 0.1110 -0.7234 -0.6815
vn 0.0458 0.1326 -0.9901
vn 0.0796 -0.1375 0.9873
vn 0.0647 0.0508 0.9966
vn 0.3557 -0.1301 0.9255
vn -0.0117 0.1699 -0.9854
vn -0.1111 0.2620 0.9587
vn 0.1198 0.0013 -0.9928
vn -0.0978 -0.4470 -0.8892
vn -0.0100 -0.1207 0.9926
vn 0.2311 0.7394 -0.6324
vn 0.0145 -0.1357 0.9906
vn 0.4556 0.8129 -0.3628
vn 0.5702 0.5113 -0.6430
vn -0.0607 -0.2146 0.9748
vn 0.4546 -0.4614 -0.7619
vn -0.1581 0.1906 0.9689
vn 0.5733 0.3121 -0.7576
vn -0.0163 0.0038 0.9999
vn -0.0077 -0.1203 -0.9927
vn 0.0263 -0.1824 -0.9829
vn -0.2903 -0.4972 -0.8176
vn 0.1402 -0.0881 -0.9862
vn 0.0035 -0.0282 -0.9996
vn 0.0413 0.0144 -0.9990
vn 0.5139 -0.0699 -0.8550
vn 0.4508 0.4981 0.7408
vn 0.0070 0.4606 -0.8876
vn 0.3607 0.1808 0.9150
vn -0.0655 0.0801 0.9946
vn -0.4659 -0.8519 -0.2394
vn -0.3565 -0.5681 -0.7418
vn -0.1254 -0.4333 -0.8925
vn 0.1744 0.1031 0.9793
vn 0.1534 0.6634 0.7323
vn -0.0649 0.0529 0.9965
vn 0.3321 -0.2918 -0.8970
vn -0.2129 0.3515 0.9116
vn 0.3269 -0.2510 0.9111
vn 0.0229 0.0987 -0.9949
vn -0.2114 -0.0755 0.9745
vn -0.0859 0.3163 -0.9447
vn 0.1009 -0.6955 -0.7114
vn -0.4842 -0.3819 -0.7872
vn 0.0354 -0.3306 -0.9431
vn 0.0960 0.1287 0.9870
vn 0.3310 0.4831 -0.8105
vn -0.1682 -0.5820 -0.7956
vn 0.1892 -0.0586 -0.9802
vn 0.1778 -0.3773 -0.9089
vn 0.4021 -0.0791 -0.9122
vn 0.0385 -0.0517 0.9979
vn 0.1726 -0.0592 -0.9832
vn 0.2763 -0.8797 0.3870
vn 0.1129 0.0379 -0.9929
vn 0.7401 -0.4214 -0.5241
vn -0.6079 0.6557 -0.4477
vn 0.9619 -0.2296 0.1486
vn 0.6316 -0.0918 0.7699
vn -0.0717 0.7059 0.7047
vn 0.3260 0.2282 -0.9174
vn 0.1680 0.4324 -0.8859
vn -0.1293 -0.8993 0.4177
vn 0.1920 0.0862 0.9776
vn 0.3334 -0.2167 -0.9175
vn 0.6851 0.0192 -0.7282
vn 0.3568 -0.2455 -0.9013
vn 0.0021 0.0083 1.0000
vn -0.3880 0.4264 -0.8171
vn 0.0397 0.9910 0.1275
vn 0.3681 0.4725 0.8008
vn -0.0134 -0.1472 0.9890
vn -0.0744 -0.1035 0.9918
vn 0.5729 -0.2679 0.7746
vn 0.7360 0.1489 0.6604
vn 0.3632 0.1420 0.9208
vn 0.9491 0.2358 -0.2089
vn -0.2490 0.9500 0.1882
vn -0.2161 0.3213 0.9220
vn 0.7320 -0.3547 0.5817
vn 0.6337 0.6599 0.4037
vn -0.2448 -0.6699 0.7009
vn 0.1302 0.5518 0.8238
vn 0.3698 -0.2895 0.8829
vn 0.7352 0.5672 0.3712
vn 0.6604 0.5929 0.4607
vn 0.5663 0.4337 0.7009
vn 0.2340 0.0922 -0.9678
vn -0.0495 0.1077 -0.9930
vn 0.5596 0.7286 -0.3950
vn -0.1293 0.8189 -0.5592
vn -0.0180 0.0104 -0.9998
vn 0.0970 -0.0138 -0.9952
vn 0.1649 -0.0148 -0.9862
vn -0.0484 0.5290 -0.8472
vn 0.5573 0.4028 -0.7260
vn 0.1083 0.5948 0.7966
vn -0.0116 -0.3809 -0.9246
vn 0.1136 -0.2943 -0.9489
vn 0.6626 0.4735 -0.5803
vn 0.4320 -0.2390 -0.8696
vn 0.6252 0.5214 -0.5807
vn -0.4372 -0.7461 -0.5021
vn -0.6626 0.5194 -0.5396
vn 0.8349 -0.5178 0.1864
vn 0.9188 -0.3644 -0.1520
vn 0.7118 -0.5129 -0.4798
vn 0.0864 0.4484 -0.8897
vn -0.1033 0.5306 -0.8413
vn 0.1896 0.0494 0.9806
vn 0.2109 0.4637 0.8605
vn 0.5974 0.4321 -0.6755
vn 0.5580 0.4164 0.7178
vn 0.1446 -0.0462 -0.9884
vn 0.7522 0.6410 0.1524
vn 0.4458 0.1289 -0.8858
vn 0.6469 -0.0941 0.7567
vn 0.6712 0.5581 -0.4879
vn 0.6894 -0.5941 -0.4145
vn 0.9190 0.2618 0.2948
vn 0.9327 0.2557 0.2542
vn 0.9327 0.2557 0.2543
vn 0.9496 0.2630 -0.1707
vn 0.7833 -0.1327 -0.6073
vn 0.7818 -0.0918 0.6167
vn 0.1735 -0.2909 0.9409
vn 0.0835 -0.7534 0.6523
vn 0.0824 -0.1335 -0.9876
vn 0.1388 0.9576 0.2526
vn 0.5678 -0.4764 0.6713
vn 0.2358 0.5316 -0.8135
vn 0.2067 -0.0642 -0.9763
vn 0.8873 -0.4534 -0.0846
vn 0.8432 -0.4631 0.2729
vn 0.9333 -0.3262 -0.1502
vn 0.5463 0.0082 0.8375
vn 0.9230 0.3420 0.1762
vn -0.0345 0.5109 0.8590
vn -0.6903 -0.5081 0.5150
vn 0.2381 0.1246 0.9632
vn 0.0114 0.0100 0.9999
vn 0.1497 -0.0110 0.9887
vn 0.5589 -0.0136 0.8291
vn 0.4593 -0.6048 0.6506
vn 0.3443 -0.6535 0.6741
vn 0.4456 -0.6403 -0.6257
vn 0.0083 -0.0711 0.9974
vn 0.7164 0.6920 -0.0887
vn 0.7053 -0.6903 -0.1614
vn -0.1576 -0.9281 0.3374
vn 0.7747 0.5602 0.2932
vn 0.4399 0.0135 -0.8979
vn 0.8551 0.2651 -0.4456
vn 0.9137 0.3519 -0.2033
vn 0.9026 -0.1204 -0.4132
vn 0.6307 0.6760 -0.3810
vn 0.9068 -0.4195 0.0407
vn 0.7362 0.1929 -0.6487
vn 0.3988 -0.1370 -0.9068
vn 0.8682 0.3559 0.3458
vn 0.6517 -0.0997 0.7519
vn -0.7624 -0.6342 -0.1284
vn -0.0404 -0.9581 0.2836
vn 0.6764 0.1411 0.7229
vn -0.1102 0.0088 0.9939
vn -0.0158 0.0643 -0.9978
vn 0.1738 0.0594 0.9830
vn -0.0216 0.0380 -0.9990
vn 0.4247 0.1159 -0.8979
vn -0.1318 0.7408 -0.6586
vn -0.1042 0.6350 0.7654
vn 0.4476 0.2378 0.8620
vn 0.7872 -0.0368 0.6156
vn 0.5223 -0.0750 0.8495
vn 0.5344 -0.5711 -0.6231
vn -0.4375 -0.8225 -0.3634
vn 0.7125 -0.1955 -0.6739
vn 0.1994 -0.0618 -0.9780
vn 0.4294 -0.0996 -0.8976
vn -0.2327 0.2433 0.9416
vn 0.3327 0.0057 -0.9430
vn 0.1458 0.1613 0.9761
vn 0.1255 -0.3104 -0.9423
vn 0.5961 0.1470 -0.7894
vn 0.0531 0.0898 -0.9945
vn -0.2624 -0.6589 -0.7050
vn 0.0139 -0.0203 -0.9997
vn 0.0759 0.9968 -0.0260
vn 0.1276 0.0516 0.9905
vn 0.7441 0.1348 -0.6544
vn 0.2138 0.0640 -0.9748
vn 0.4661 0.4909 0.7360
vn -0.0876 0.0563 0.9946
vn -0.5851 -0.7232 0.3668
vn 0.8696 -0.4937 -0.0052
vn 0.9324 0.2574 0.2537
vn 0.1341 -0.1845 -0.9736
vn 0.0528 -0.0201 -0.9984
vn -0.3637 0.8513 0.3781
vn -0.2681 0.9406 -0.2085
vn -0.3031 0.9354 0.1823
vn 0.9521 0.1389 -0.2725
vn 0.8096 -0.0546 0.5844
vn 0.3764 -0.0646 0.9242
vn 0.0168 0.0085 -0.9998
vn 0.8896 -0.3427 -0.3018
vn 0.9265 -0.3055 -0.2197
vn 0.2252 -0.0649 -0.9721
vn 0.4866 -0.1333 -0.8634
vn 0.5579 0.1833 -0.8094
vn -0.6658 0.7312 -0.1484
vn -0.3191 0.9176 -0.2372
vn 0.8154 0.4172 0.4013
vn 0.0902 -0.1740 0.9806
vn 0.7770 0.0394 0.6283
vn 0.6394 0.3781 -0.6695
vn 0.2196 -0.2167 0.9512
vn 0.0777 0.8086 0.5831
vn 0.2915 -0.6202 0.7283
vn 0.0645 0.0344 -0.9973
vn -0.0350 0.9000 -0.4344
vn -0.3724 -0.5615 0.7389
vn 0.5617 0.0316 -0.8267
vn 0.2529 0.3006 -0.9196
vn 0.7720 0.0172 -0.6354
vn -0.2264 -0.7014 -0.6759
vn 0.6153 0.1100 0.7806
vn 0.2939 0.2727 -0.9161
vn 0.1486 -0.3264 0.9335
vn 0.3395 0.0977 0.9355
vn 0.5240 0.5793 -0.6243
vn 0.1905 -0.0041 -0.9817
vn 0.5778 0.4264 0.6959
vn 0.4032 0.5132 0.7577
vn 0.1421 -0.3326 -0.9323
vn -0.0513 -0.2824 0.9579
vn -0.3619 0.6907 0.6261
vn 0.5377 0.0210 0.8428
vn -0.2220 -0.9209 0.3204
vn -0.6466 -0.2443 -0.7226
vn -0.7355 -0.2053 0.6456
vn -0.0449 -0.0234 0.9987
vn 0.0013 -0.0824 -0.9966
vn 0.3195 0.1385 0.9374
vn -0.0944 0.1580 -0.9829
vn -0.2950 0.8920 -0.3426
vn -0.1976 0.9486 -0.2472
vn -0.6592 0.3033 0.6881
vn 0.9474 -0.1907 -0.2571
vn 0.3322 -0.4160 0.8465
vn -0.3546 -0.9340 -0.0445
vn 0.9125 -0.3893 0.1259
vn -0.4424 -0.8958 -0.0423
vn 0.9723 -0.2126 -0.0968
vn 0.1485 -0.1073 -0.9831
vn 0.2048 -0.3842 0.9003
vn 0.2546 0.8329 0.4913
vn -0.0033 -0.1049 -0.9945
vn 0.0570 -0.0636 -0.9963
vn 0.1737 -0.0383 -0.9841
vn 0.5036 -0.0951 0.8587
vn 0.0839 0.1362 0.9871
vn -0.3441 0.5453 0.7643
vn 0.4053 -0.0844 -0.9103
vn 0.4688 0.6198 -0.6293
vn -0.1469 0.7902 0.5951
vn 0.2131 -0.3914 -0.8952
vn 0.1202 -0.1745 -0.9773
vn 0.2324 0.1156 -0.9657
vn -0.4761 0.6286 -0.6150
vn -0.3568 0.0420 -0.9332
vn 0.8207 0.4491 -0.3532
vn 0.7325 0.4639 -0.4983
vn 0.8946 -0.2114 0.3937
vn 0.4684 -0.1283 -0.8742
vn 0.8992 -0.2517 -0.3578
vn 0.9055 -0.2357 0.3529
vn 0.2305 0.2019 0.9519
vn -0.6223 -0.1290 0.7721
vn 0.1251 0.0695 0.9897
vn -0.2843 0.5416 0.7911
vn 0.8778 -0.1651 0.4497
vn -0.2657 -0.8333 0.4848
vn -0.1711 -0.2452 0.9543
vn 0.2814 -0.4055 -0.8697
vn -0.2543 -0.1766 -0.9509
vn -0.7708 -0.5633 -0.2976
vn 0.4203 -0.2657 0.8676
vn 0.8717 -0.2064 -0.4445
vn 0.9496 0.2460 0.1944
vn 0.7532 -0.4516 0.4783
vn 0.1053 -0.4030 0.9091
vn 0.9723 0.0980 0.2121
vn -0.0358 -0.6700 0.7415
vn 0.8994 -0.2696 -0.3441
vn -0.3616 0.9027 0.2332
vn -0.0449 0.0303 -0.9985
vn 0.0018 0.0416 -0.9991
vn 0.0168 0.0208 -0.9996
vn -0.0488 0.0355 -0.9982
vn 0.5516 0.7866 0.2774
vn 0.0460 -0.0089 -0.9989
vn 0.0442 0.9249 0.3776
vn -0.1149 -0.1522 0.9816
vn -0.1703 -0.0445 0.9844
vn 0.0161 -0.0384 0.9991
vn -0.5626 -0.3923 -0.7277
vn 0.1577 0.9402 0.3020
vn 0.0124 0.0230 -0.9997
vn -0.0266 0.0040 -0.9996
vn -0.0226 0.6519 -0.7580
vn 0.2665 -0.0538 -0.9623
vn -0.4218 0.7164 -0.5557
vn 0.0549 0.1610 -0.9854
vn 0.7890 -0.1568 -0.5941
vn 0.9416 -0.1579 0.2974
vn 0.6114 0.4416 -0.6567
vn 0.8932 -0.0300 0.4486
vn -0.5018 -0.6235 0.5995
vn 0.9428 -0.3214 -0.0882
vn 0.4420 0.1998 0.8745
vn 0.9130 -0.3124 0.2624
vn 0.5914 -0.1595 0.7904
vn -0.2583 0.5875 -0.7669
vn -0.4249 -0.6638 0.6155
vn 0.0152 -0.0031 0.9999
vn -0.2551 -0.9504 -0.1781
vn 0.3576 0.2313 -0.9048
vn 0.4349 0.0280 0.9000
vn 0.3019 -0.5312 -0.7917
vn -0.5341 0.8454 -0.0051
vn -0.4104 -0.1062 0.9057
vn 0.8218 -0.2735 0.4999
vn 0.4978 0.8470 -0.1866
vn 0.0829 -0.9204 0.3820
vn 0.4353 -0.8710 0.2277
vn -0.5243 -0.0292 -0.8511
vn 0.2691 0.4015 -0.8754
vn -0.5154 -0.1284 -0.8473
vn 0.0791 0.7101 -0.6996
vn 0.0080 0.0069 0.9999
vn -0.0094 0.0171 0.9998
vn 0.0363 0.2411 0.9698
vn 0.1109 0.0530 0.9924
vn 0.2046 -0.0896 0.9747
vn -0.3461 -0.6135 0.7098
vn 0.0099 0.6440 -0.7649
vn 0.9909 -0.1278 -0.0426
vn 0.9906 -0.1291 -0.0445
vn 0.9897 -0.1337 -0.0512
vn 0.0275 -0.0979 0.9948
vn 0.0172 -0.0009 0.9999
vn 0.9116 -0.4010 0.0911
vn 0.9781 -0.2050 0.0363
vn 0.5507 0.8339 -0.0363
vn 0.9895 -0.1346 -0.0525
vn -0.6715 0.6496 -0.3565
vn -0.1088 -0.7498 0.6526
vn 0.6107 -0.7538 0.2426
vn 0.7409 0.3840 0.5510
vn 0.5611 0.4837 0.6717
vn 0.1321 -0.3101 0.9415
vn 0.3524 -0.0350 -0.9352
vn 0.0624 0.0058 -0.9980
vn 0.2163 -0.1378 0.9666
vn 0.0482 -0.0609 0.9970
vn -0.0027 0.0031 1.0000
vn 0.0134 0.1177 0.9930
vn -0.2710 -0.5893 0.7611
vn 0.2757 0.2874 -0.9173
vn 0.0249 0.0673 0.9974
vn -0.3270 0.1893 0.9259
vn 0.2545 0.1722 0.9516
vn -0.2041 -0.3031 -0.9308
vn 0.3045 0.0079 0.9525
vn 0.7596 -0.0727 0.6464
vn 0.1092 0.0330 0.9935
vn 0.9722 -0.2109 0.1013
vn -0.0293 0.7640 -0.6445
vn 0.7960 -0.2391 0.5560
vn -0.7702 0.6361 -0.0467
vn 0.8060 0.0063 0.5919
vn 0.1503 -0.7622 -0.6296
vn 0.9414 -0.0211 -0.3366
vn 0.1395 0.8295 -0.5408
vn -0.5352 -0.5710 0.6226
vn 0.3025 -0.8596 -0.4118
vn 0.3310 -0.7323 -0.5951
vn 0.0806 0.2493 -0.9651
vn 0.0039 -0.0061 -1.0000
vn 0.1855 0.0197 0.9824
vn 0.1029 0.0120 0.9946
vn 0.6970 -0.7097 -0.1024
vn 0.3421 -0.9192 -0.1948
vn -0.0378 -0.1037 0.9939
vn -0.1496 0.8654 0.4782
vn 0.3578 -0.1162 -0.9265
vn -0.5878 -0.6264 0.5120
vn 0.1704 -0.3783 -0.9099
vn 0.8536 -0.4491 0.2640
vn -0.1633 0.3113 -0.9362
vn 0.0630 -0.0745 0.9952
vn 0.1772 0.6696 0.7212
vn -0.6984 0.4843 0.5270
vn -0.0132 0.0222 0.9997
vn 0.0044 0.0205 0.9998
vn -0.4337 -0.6753 0.5966
vn -0.1648 -0.3223 0.9322
vn -0.0123 0.0011 -0.9999
vn 0.6974 0.6830 -0.2171
vn -0.5014 -0.5177 -0.6933
vn 0.0499 0.0532 0.9973
vn 0.6900 0.4579 0.5605
vn 0.8125 0.5829 -0.0011
vn 0.9226 -0.2994 0.2431
vn 0.4722 -0.8532 -0.2217
vn 0.0461 -0.4128 -0.9096
vn 0.3281 0.1545 0.9319
vn 0.3176 0.7725 0.5499
vn 0.1389 -0.0578 0.9886
vn 0.2533 -0.2282 -0.9401
vn 0.0811 -0.1652 0.9829
vn -0.2459 0.3455 -0.9056
vn -0.2243 0.2102 0.9516
vn 0.4015 0.3299 0.8544
vn -0.0924 0.2112 -0.9731
vn 0.1234 -0.0891 -0.9883
vn 0.2359 0.1350 -0.9624
vn 0.4460 0.8773 0.1774
vn 0.3903 0.9190 0.0549
vn 0.4351 0.8780 -0.1995
vn -0.0512 -0.1513 0.9872
vn 0.5201 -0.1074 0.8473
vn 0.5629 0.2551 0.7862
vn 0.2580 -0.4980 0.8279
vn -0.0224 -0.0071 0.9997
vn -0.0033 0.0131 0.9999
vn 0.0026 0.0738 -0.9973
vn 0.2917 0.0584 -0.9547
vn -0.1591 0.2481 -0.9556
vn 0.1474 0.0219 -0.9888
vn 0.5753 0.7603 -0.3016
vn -0.0378 -0.9990 -0.0235
vn 0.1983 0.7300 -0.6540
vn 0.0464 -0.5576 0.8288
vn 0.2013 -0.9696 -0.1388
vn 0.4078 0.8549 -0.3208
vn 0.2520 0.0999 0.9626
vn -0.0377 0.0182 0.9991
vn -0.0160 0.0149 0.9998
vn 0.9745 0.2241 -0.0053
vn 0.1717 -0.3011 0.9380
vn -0.8280 0.5586 0.0497
vn 0.7847 -0.0368 -0.6188
vn 0.6536 0.4193 -0.6300
vn 0.6441 0.5964 -0.4790
vn 0.7748 0.3602 -0.5195
vn -0.2054 0.2750 -0.9392
vn -0.4274 0.5836 0.6905
vn -0.2573 -0.9228 -0.2867
vn 0.2083 0.0637 -0.9760
vn 0.3665 0.1124 -0.9236
vn -0.3932 0.7069 -0.5879
vn 0.0495 -0.3763 0.9252
vn 0.7291 0.6340 -0.2578
vn 0.7629 0.5474 -0.3439
vn 0.2253 -0.0942 -0.9697
vn -0.4199 0.4804 -0.7700
vn 0.4712 0.4880 -0.7347
vn 0.9958 -0.0915 0.0077
vn -0.8783 -0.4671 -0.1018
vn 0.9657 0.2541 -0.0535
vn 0.1055 0.8538 0.5098
vn -0.6848 0.4548 -0.5695
vn -0.0757 -0.7159 0.6941
vn 0.1086 -0.7737 0.6241
vn -0.2516 -0.3844 0.8882
vn 0.3589 0.3992 0.8437
vn 0.0594 -0.2984 -0.9526
vn -0.4835 0.8749 -0.0287
vn -0.7874 0.6114 -0.0786
vn -0.1202 -0.0832 0.9893
vn -0.8120 -0.5827 0.0331
vn -0.7757 -0.5670 -0.2771
vn 0.9663 0.2554 -0.0320
vn -0.3586 0.3776 0.8537
vn -0.8612 0.2674 0.4323
vn -0.7216 0.4002 0.5649
vn -0.8994 -0.4322 -0.0646
vn 0.1225 0.9862 0.1117
vn -0.1390 -0.6956 -0.7048
vn 0.0964 -0.1364 -0.9860
vn 0.0363 -0.8738 -0.4850
vn -0.0600 0.4093 0.9104
vn -0.7446 0.5561 0.3693
vn -0.2254 0.4110 0.8833
vn -0.5767 0.5324 0.6197
vn -0.6353 -0.6650 0.3926
vn -0.7081 -0.5206 0.4770
vn -0.7214 0.6910 -0.0455
vn 0.1386 -0.1040 0.9849
vn -0.4001 0.4661 -0.7891
vn 0.1237 0.0727 -0.9897
vn 0.0680 0.1059 -0.9920
vn -0.0816 -0.3361 0.9383
vn 0.4016 -0.2977 -0.8661
vn 0.0573 -0.2130 -0.9754
vn 0.4176 0.9001 -0.1245
vn -0.0804 0.1496 0.9855
vn -0.3599 0.4002 0.8428
vn -0.8015 0.5975 0.0232
vn 0.6754 0.4654 0.5721
vn 0.2312 0.1897 -0.9542
vn 0.2797 -0.9372 -0.2086
vn -0.8165 -0.4065 0.4100
vn 0.4033 -0.1905 -0.8950
vn -0.1038 -0.3096 0.9452
vn -0.4551 -0.8904 -0.0091
vn 0.8795 0.1244 0.4594
vn -0.8427 0.1021 0.5286
vn 0.3602 0.6773 -0.6415
vn 0.0665 -0.9944 -0.0821
vn 0.4204 0.8152 -0.3983
vn 0.1263 0.2313 0.9646
vn 0.1469 -0.4287 -0.8914
vn 0.0816 -0.8836 0.4611
vn 0.2650 -0.1801 0.9473
vn -0.0641 -0.1096 -0.9919
vn -0.8446 -0.2811 -0.4557
vn -0.7757 -0.5874 0.2307
vn 0.3293 -0.0691 0.9417
vn 0.2073 -0.5378 0.8172
vn -0.0036 0.0212 0.9998
vn 0.0212 0.0430 0.9988
vn 0.1378 -0.9237 -0.3574
vn -0.4588 0.2620 -0.8490
vn -0.2859 0.2115 0.9346
vn -0.7075 -0.4274 -0.5629
vn -0.1951 0.3799 -0.9042
vn -0.2358 -0.9064 0.3505
vn -0.3331 0.5220 0.7852
vn 0.2269 -0.1585 0.9609
vn 0.6712 -0.2783 0.6871
vn -0.2108 0.7090 0.6729
vn 0.6636 0.5863 -0.4647
vn 0.0615 -0.1113 -0.9919
vn -0.8390 -0.1379 0.5263
vn 0.7976 -0.4911 -0.3502
vn -0.9990 -0.0070 -0.0441
vn -0.8104 -0.5810 -0.0757
vn -0.1267 0.4264 0.8956
vn -0.7106 -0.3767 -0.5942
vn 0.1277 0.0662 -0.9896
vn 0.2192 0.1436 -0.9651
vn 0.1341 -0.9598 -0.2467
vn 0.0952 -0.2607 0.9607
vn 0.0063 0.0419 0.9991
vn -0.8856 0.4634 -0.0305
vn -0.1452 -0.2035 -0.9683
vn 0.0961 -0.0208 -0.9952
vn 0.2394 0.2004 -0.9500
vn 0.1357 0.0490 -0.9895
vn 0.1403 0.0162 0.9900
vn 0.1787 -0.2139 -0.9604
vn -0.1988 -0.3481 -0.9161
vn 0.1148 0.8327 0.5417
vn 0.6278 -0.3983 0.6687
vn -0.1282 0.9136 0.3858
vn -0.8219 -0.4102 -0.3953
vn 0.0965 0.9891 0.1111
vn -0.7883 -0.6010 -0.1322
vn -0.3467 0.0522 0.9365
vn 0.3130 0.2103 0.9262
vn 0.2809 0.8644 0.4169
vn -0.1833 -0.0966 0.9783
vn 0.0894 0.9621 0.2576
vn 0.0909 -0.6170 -0.7817
vn -0.3097 -0.8883 -0.3391
vn 0.0836 0.0975 -0.9917
vn 0.4421 0.1094 0.8903
vn -0.6272 0.5332 -0.5677
vn 0.6181 0.5476 -0.5640
vn -0.1664 0.9711 0.1711
vn -0.0165 0.0829 0.9964
vn 0.5857 0.7051 -0.3997
vn -0.5949 0.5144 -0.6177
vn 0.3304 -0.4355 0.8374
vn 0.5482 0.6018 -0.5808
vn 0.1674 0.2660 -0.9493
vn 0.6477 0.5386 -0.5388
vn -0.8034 0.5374 -0.2565
vn 0.9096 -0.3475 -0.2279
vn 0.1265 0.0340 0.9914
vn -0.5428 -0.5115 -0.6661
vn 0.5070 0.5976 -0.6211
vn 0.2198 -0.3477 -0.9115
vn 0.3759 -0.7938 -0.4781
vn 0.2285 0.5911 -0.7736
vn 0.3049 -0.0460 -0.9513
vn -0.5776 -0.6466 -0.4983
vn 0.0873 0.6498 0.7551
vn 0.6861 -0.6981 0.2049
vn 0.7458 0.4671 0.4750
vn 0.4498 0.7136 -0.5371
vn 0.8261 0.5117 0.2362
vn -0.3742 -0.1986 -0.9058
vn -0.6740 -0.3801 -0.6335
vn -0.3477 -0.7847 -0.5133
vn -0.4493 0.1061 -0.8871
vn 0.0338 0.0253 -0.9991
vn 0.1891 0.5748 -0.7961
vn 0.3733 -0.5033 -0.7793
vn 0.0358 -0.3602 -0.9322
vn 0.2971 0.0189 0.9547
vn 0.1139 0.0296 0.9930
vn 0.2678 -0.5888 0.7626
vn 0.1094 -0.6087 0.7858
vn 0.0029 -0.0107 0.9999
vn -0.5622 -0.6687 0.4866
vn -0.5556 -0.8258 -0.0967
vn -0.4938 0.6689 -0.5556
vn 0.0517 -0.3012 -0.9522
vn 0.0480 0.1434 -0.9885
vn 0.0127 0.1422 -0.9898
vn 0.2674 0.7443 -0.6120
vn -0.0637 -0.0088 -0.9979
vn 0.0446 -0.4083 -0.9117
vn 0.1828 0.5260 0.8306
vn -0.3985 0.4024 0.8242
vn 0.5591 0.1559 0.8143
vn -0.4478 -0.4949 0.7447
vn 0.8947 0.4134 0.1692
vn -0.8349 0.5358 0.1261
vn 0.4814 0.4321 -0.7626
vn -0.3481 -0.2872 0.8924
vn 0.2451 0.2874 -0.9259
vn 0.1083 0.1812 -0.9775
vn -0.0326 -0.3123 0.9494
vn 0.4776 0.1823 -0.8595
vn 0.5298 0.2307 -0.8161
vn -0.3506 0.9336 0.0741
vn 0.2603 -0.0833 -0.9619
vn 0.5864 0.6305 0.5085
vn -0.3441 -0.9295 0.1324
vn -0.0143 -0.3336 0.9426
vn -0.0547 -0.8447 -0.5324
vn 0.3234 -0.3276 0.8877
vn -0.5310 0.5116 -0.6755
vn -0.0551 -0.7150 -0.6969
vn 0.3020 -0.1288 0.9446
vn -0.2339 0.4487 0.8625
vn 0.3683 -0.1443 0.9184
vn 0.7497 -0.1180 -0.6511
vn 0.4799 -0.7696 0.4212
vn 0.2508 0.2528 0.9344
vn 0.6660 0.4654 0.5829
vn 0.9965 0.0805 -0.0226
vn 0.3407 -0.2530 0.9055
vn 0.2120 0.0833 0.9737
vn 0.2131 0.0820 0.9736
vn 0.8304 0.5072 0.2306
vn -0.3507 0.7232 0.5950
vn 0.0535 -0.0128 -0.9985
vn 0.4678 -0.7265 0.5033
vn 0.1652 0.7924 0.5872
vn -0.2961 0.4582 -0.8381
vn -0.2880 0.4760 -0.8309
vn 0.4361 -0.5775 -0.6901
vn 0.3673 0.1127 -0.9233
vn 0.9604 0.2764 0.0359
vn 0.6786 0.2415 -0.6937
vn 0.9068 -0.0454 0.4191
vn -0.3882 0.4974 -0.7758
vn -0.4652 0.1754 -0.8677
vn 0.2758 0.8952 0.3502
vn 0.4870 -0.6030 0.6318
vn 0.1474 -0.5245 0.8385
vn 0.2249 -0.9402 0.2560
vn 0.0280 -0.1348 0.9905
vn 0.1026 -0.0056 -0.9947
vn -0.0333 -0.7881 -0.6147
vn 0.0761 -0.2669 -0.9607
vn 0.1741 0.7275 0.6636
vn 0.1570 -0.1553 0.9753
vn 0.1770 -0.1956 0.9646
vn 0.1473 -0.0585 0.9874
vn 0.3825 -0.9185 -0.1001
vn 0.0887 0.3011 -0.9494
vn 0.1209 0.6485 0.7515
vn 0.2261 -0.7234 -0.6524
vn -0.0938 0.7647 -0.6375
vn 0.3574 -0.7480 -0.5592
vn -0.0671 -0.9903 0.1217
vn -0.0857 0.6829 0.7255
vn 0.1953 0.9369 -0.2899
vn 0.3822 0.8081 -0.4482
vn -0.2202 0.2820 -0.9338
vn 0.0920 0.4749 -0.8752
vn 0.5881 -0.3087 0.7475
vn -0.6639 -0.7478 -0.0069
vn 0.9612 0.2637 0.0813
vn 0.5198 -0.5420 -0.6603
vn 0.7259 -0.3565 -0.5882
vn 0.1011 -0.0239 0.9946
vn -0.2379 -0.2815 -0.9296
vn 0.7155 -0.3168 -0.6227
vn -0.3053 -0.6686 0.6781
vn 0.9156 -0.3578 -0.1834
vn 0.5535 -0.8323 -0.0319
vn 0.5387 -0.7575 0.3688
vn -0.0052 -0.2181 -0.9759
vn 0.0027 0.9982 0.0595
vn 0.0487 -0.0233 0.9985
vn 0.0731 -0.9851 -0.1558
vn 0.8164 -0.2496 0.5207
vn -0.2878 -0.4547 -0.8428
vn 0.0351 0.9982 0.0485
vn 0.5064 -0.1538 -0.8485
vn -0.2319 0.7541 -0.6144
vn 0.1580 0.0043 -0.9874
vn 0.8294 0.1974 0.5227
vn 0.1339 -0.1120 0.9846
vn 0.1333 0.6709 0.7295
vn 0.1474 -0.0144 0.9890
vn -0.2902 -0.2741 0.9169
vn 0.0967 -0.4957 -0.8631
vn -0.1498 -0.6513 -0.7439
vn 0.8296 -0.5230 -0.1958
vn 0.6145 0.1424 -0.7760
vn 0.3618 -0.8794 -0.3096
vn -0.3412 -0.2063 -0.9171
vn 0.5868 -0.7325 -0.3453
vn -0.1250 0.9235 -0.3626
vn 0.4141 -0.3283 0.8489
vn 0.4947 -0.8634 0.0985
vn 0.6830 -0.2652 0.6806
vn 0.1999 -0.9346 0.2941
vn 0.0844 0.4545 -0.8867
vn 0.1923 -0.9293 0.3154
vn 0.2724 -0.2888 -0.9178
vn 0.5587 -0.3135 0.7679
vn 0.2231 -0.6169 -0.7547
vn 0.9671 0.1342 0.2163
vn 0.6600 0.4143 0.6267
vn -0.0122 0.6197 -0.7847
vn 0.4475 -0.6013 -0.6620
vn 0.6512 0.6209 -0.4364
vn 0.0938 -0.7082 -0.6997
vn -0.2696 -0.2500 0.9299
vn 0.0115 0.8504 0.5261
vn 0.2601 0.1036 -0.9600
vn 0.0447 0.0445 -0.9980
vn 0.0397 0.9988 0.0292
vn 0.2123 0.7243 -0.6560
vn 0.3587 0.8615 -0.3595
vn 0.4248 0.7541 -0.5008
vn -0.3168 -0.2710 0.9090
vn 0.3168 0.0984 -0.9434
vn 0.1912 0.4334 0.8807
vn 0.1487 -0.7692 0.6215
vn 0.2692 -0.0301 0.9626
vn 0.1743 0.9550 -0.2399
vn 0.2126 0.8662 0.4522
vn 0.6237 -0.7341 -0.2686
vn 0.0513 -0.0743 0.9959
vn 0.0334 -0.0093 0.9994
vn 0.2322 0.4193 0.8777
vn 0.2219 -0.4796 -0.8490
vn -0.0865 -0.6260 0.7750
vn -0.9166 0.1103 0.3842
vn -0.2166 0.4085 0.8867
vn 0.0680 0.1290 -0.9893
vn -0.3776 -0.6778 -0.6309
vn 0.0853 0.1404 0.9864
vn 0.1658 -0.7197 0.6742
vn 0.3225 -0.2190 -0.9209
vn 0.1365 -0.6058 -0.7838
vn -0.5330 -0.5884 -0.6080
vn 0.1950 -0.7323 0.6524
vn 0.0602 0.0639 -0.9961
vn 0.1923 0.6678 0.7191
vn 0.4830 0.3556 -0.8001
vn 0.1047 0.0117 0.9944
vn 0.3159 0.2513 -0.9149
vn 0.6040 0.3960 -0.6916
vn 0.7824 -0.1858 -0.5945
vn -0.5707 0.1495 0.8075
vn -0.0037 0.9008 -0.4342
vn 0.6233 -0.0963 -0.7761
vn 0.2186 0.2164 -0.9515
vn 0.1906 -0.0717 0.9790
vn -0.0707 0.9811 -0.1801
vn 0.8576 0.2993 -0.4182
vn -0.3658 0.3542 -0.8607
vn 0.1050 0.0094 -0.9944
vn 0.3623 -0.8119 -0.4578
vn 0.4476 -0.4153 -0.7919
vn 0.0504 0.0184 0.9986
vn 0.1095 0.0946 0.9895
vn 0.0920 0.0105 0.9957
vn 0.4066 0.7382 -0.5383
vn 0.2100 0.8450 0.4918
vn 0.6358 -0.0311 0.7712
vn 0.0965 0.0525 -0.9939
vn 0.0640 0.6190 -0.7828
vn -0.3147 -0.3834 0.8683
vn 0.3705 0.0601 -0.9269
vn 0.6239 0.7098 0.3272
vn 0.7662 0.4088 -0.4958
vn 0.5267 0.4314 -0.7324
vn 0.5390 -0.8355 0.1067
vn 0.4631 0.1642 0.8710
vn 0.3961 0.2942 0.8698
vn 0.2979 0.0599 -0.9527
vn 0.1834 -0.6692 0.7201
vn -0.3357 -0.6271 0.7028
vn 0.3047 0.0709 0.9498
vn 0.2471 0.0202 0.9688
vn 0.0483 -0.5229 0.8510
vn 0.2023 -0.0072 0.9793
vn 0.0077 0.9732 0.2296
vn 0.8654 -0.1000 0.4910
vn -0.1206 0.3554 0.9269
vn 0.3884 0.2957 -0.8727
vn -0.2384 -0.3411 0.9093
vn -0.5613 -0.7714 0.3000
vn -0.2842 -0.1973 -0.9383
vn 0.3229 -0.6570 0.6812
vn 0.4200 -0.1721 -0.8911
vn 0.9886 -0.1500 -0.0111
vn -0.0385 0.0884 0.9953
vn 0.8522 0.0057 0.5232
vn 0.1852 0.0954 -0.9781
vn 0.2970 -0.0668 0.9525
vn 0.2610 0.1885 0.9468
vn 0.1094 -0.8070 -0.5803
vn 0.0906 0.0614 -0.9940
vn 0.0196 -0.0195 -0.9996
vn 0.3613 -0.3032 -0.8818
vn -0.2216 -0.2540 -0.9415
vn 0.2990 0.8945 -0.3325
vn -0.0415 -0.9925 0.1150
vn 0.6058 -0.5860 -0.5381
vn 0.0647 0.0725 -0.9953
vn -0.0191 0.1140 0.9933
vn 0.6692 0.2053 -0.7141
vn 0.6880 -0.2999 -0.6608
vn -0.3189 -0.5904 -0.7414
vn -0.1053 0.0503 -0.9932
vn -0.1156 0.3654 -0.9236
vn 0.4113 -0.2968 0.8618
vn -0.2509 0.5971 -0.7619
vn 0.7840 -0.0823 -0.6153
vn -0.3380 -0.2358 -0.9111
vn -0.0945 -0.8564 0.5076
vn 0.2450 -0.7897 -0.5625
vn 0.9423 0.3345 0.0111
vn 0.1980 0.9176 0.3448
vn -0.1829 -0.7882 0.5876
vn -0.4241 -0.5509 0.7188
vn 0.6121 -0.1911 -0.7674
vn 0.2703 0.6154 -0.7404
vn 0.8962 -0.1552 -0.4157
vn 0.2400 0.0306 -0.9703
vn 0.8631 0.0452 0.5029
vn -0.6418 0.6471 0.4116
vn -0.4273 -0.1889 0.8842
vn 0.7226 0.1515 0.6744
vn -0.0062 -0.1623 -0.9867
vn 0.4214 0.4153 -0.8062
vn 0.3245 -0.4276 -0.8437
vn 0.6480 -0.3642 0.6689
vn 0.5130 0.5672 0.6443
vn 0.3612 0.2877 0.8870
vn 0.2663 0.1637 0.9499
vn 0.5050 -0.4241 0.7517
vn 0.0751 -0.0713 0.9946
vn 0.1519 -0.9603 0.2341
vn 0.0934 -0.0408 -0.9948
vn 0.2275 -0.5443 -0.8075
vn 0.1509 0.8307 0.5359
vn 0.0650 0.0109 0.9978
vn 0.9296 -0.0581 0.3640
vn 0.9438 -0.0844 -0.3197
vn 0.3254 0.7295 -0.6016
vn 0.2723 0.5587 -0.7834
vn -0.5893 0.5353 0.6051
vn -0.2449 -0.1063 0.9637
vn -0.8006 -0.5990 -0.0146
vn -0.2174 0.3823 0.8981
vn 0.4164 0.1827 0.8906
vn 0.3401 0.0124 0.9403
vn 0.4840 0.1312 -0.8652
vn 0.3034 -0.5441 0.7822
vn 0.6060 0.2609 -0.7514
vn -0.0106 -0.6230 0.7821
vn 0.1339 0.2389 -0.9618
vn -0.0356 0.9129 0.4067
vn 0.2542 0.5974 -0.7606
vn 0.2441 -0.3331 0.9107
vn -0.8704 0.3927 -0.2968
vn 0.4690 -0.7268 -0.5018
vn 0.6435 -0.7655 0.0017
vn 0.1620 0.7784 0.6065
vn 0.1417 0.8122 -0.5660
vn -0.3030 0.8537 0.4235
vn 0.2353 0.0939 0.9674
vn 0.5050 -0.2387 0.8295
vn 0.3528 -0.4847 -0.8004
vn 0.9801 0.1228 0.1558
vn 0.9452 0.3260 -0.0180
vn 0.0680 -0.7122 0.6986
vn -0.6780 -0.5900 0.4385
vn 0.5306 0.5693 0.6279
vn 0.6063 0.1570 0.7796
vn 0.3176 -0.9127 -0.2570
vn 0.9245 0.2388 0.2970
vn 0.4600 -0.6980 -0.5489
vn 0.8377 0.2349 0.4931
vn 0.9355 -0.3151 -0.1600
vn 0.0411 0.9233 0.3819
vn -0.8997 0.3762 0.2214
vn -0.7504 -0.4209 0.5096
vn 0.9000 -0.4138 -0.1373
vn 0.3145 -0.1277 0.9406
vn 0.2104 0.8104 0.5468
vn 0.0498 -0.6261 -0.7781
vn 0.0951 -0.6379 -0.7643
vn -0.5195 -0.1475 -0.8417
vn 0.4631 -0.3965 0.7927
vn -0.7277 0.1297 0.6735
vn 0.1390 0.4183 0.8976
vn 0.4919 0.4216 -0.7618
vn 0.8416 0.3929 0.3707
vn -0.4587 0.7971 -0.3928
vn -0.6080 -0.1146 0.7856
vn 0.7143 0.2568 -0.6510
vn 0.8932 0.2690 0.3602
vn 0.4875 -0.1090 0.8663
vn 0.3141 0.3201 0.8938
vn 0.0830 0.0906 -0.9924
vn -0.0818 -0.0788 -0.9935
vn 0.7179 0.3003 -0.6280
vn 0.3269 0.0177 0.9449
vn -0.5431 0.7651 0.3459
vn -0.0688 0.9564 -0.2840
vn 0.2536 -0.1949 0.9475
vn 0.8486 0.5038 -0.1613
vn 0.1512 0.0082 -0.9885
vn 0.1463 -0.0840 -0.9857
vn -0.6136 -0.6447 -0.4559
vn 0.7549 0.4672 0.4602
vn 0.3328 0.0492 0.9417
vn 0.4254 0.0127 0.9049
vn -0.4817 0.2240 0.8472
vn -0.5202 -0.1627 -0.8384
vn 0.6290 0.4476 -0.6356
vn 0.7281 0.5684 0.3832
vn -0.2823 0.9378 0.2020
vn 0.5493 0.1870 -0.8144
vn 0.8643 0.2746 0.4214
vn 0.8367 0.2449 0.4899
vn -0.3156 0.4301 -0.8458
vn 0.8834 0.2977 -0.3620
vn 0.8441 0.4555 -0.2829
vn 0.9239 -0.1192 0.3636
vn -0.0480 0.6661 0.7443
vn -0.5170 -0.2202 0.8272
vn 0.1044 -0.6836 0.7224
vn -0.7837 0.6139 0.0943
vn -0.0314 -0.0733 -0.9968
vn 0.1658 -0.6767 0.7173
vn 0.6242 -0.0352 0.7805
vn -0.1549 -0.9006 -0.4061
vn -0.8553 0.4314 -0.2870
vn 0.2904 -0.0063 -0.9569
vn 0.2511 -0.0011 -0.9680
vn -0.7603 0.3557 -0.5436
vn 0.7422 -0.3473 -0.5732
vn 0.9324 -0.3342 -0.1378
vn 0.3422 0.0483 0.9384
vn 0.9210 0.3432 -0.1842
vn 0.4138 -0.0195 -0.9102
vn 0.6794 -0.5806 -0.4486
vn 0.9527 -0.2223 -0.2072
vn -0.5415 -0.0163 -0.8406
vn -0.2966 0.3135 0.9021
vn 0.5769 0.3954 0.7147
vn 0.4429 0.0099 -0.8965
vn 0.7594 -0.1768 0.6261
vn -0.5426 -0.2788 -0.7924
vn 0.9221 0.3107 -0.2308
vn 0.8959 0.2656 -0.3561
vn 0.6722 -0.5444 0.5017
vn 0.9386 -0.1938 -0.2856
vn 0.9297 -0.3667 -0.0359
vn -0.1408 0.2946 0.9452
vn 0.1426 0.8963 -0.4200
vn 0.5503 0.1061 -0.8282
vn 0.2678 0.0184 0.9633
vn 0.3532 0.2039 0.9130
vn 0.2350 -0.0356 -0.9713
vn 0.2399 -0.0334 -0.9702
vn -0.6156 0.1757 0.7682
vn 0.5199 -0.1225 -0.8454
vn 0.2973 -0.0886 0.9507
vn -0.0353 -0.0417 0.9985
vn 0.9121 -0.3829 -0.1464
vn 0.6582 0.4416 -0.6097
vn -0.8453 -0.1767 0.5042
vn 0.1904 0.0779 0.9786
vn 0.9405 -0.3389 0.0233
vn 0.7812 -0.2029 0.5903
vn 0.7554 -0.6201 0.2118
vn 0.2279 -0.2658 -0.9367
vn 0.6613 -0.5954 -0.4563
vn -0.8416 0.3180 0.4366
vn 0.5628 0.4784 -0.6741
vn 0.6749 -0.1155 0.7288
vn 0.4830 0.5491 -0.6820
vn 0.0168 0.5742 -0.8185
vn -0.8917 0.4489 -0.0574
vn 0.2611 -0.0951 -0.9606
vn 0.7248 0.0707 0.6853
vn 0.8539 0.0123 0.5204
vn -0.1186 -0.3161 0.9413
vn 0.8582 -0.0947 -0.5046
vn 0.5524 0.8244 0.1233
vn -0.3518 -0.1662 -0.9212
vn -0.6094 0.1504 -0.7784
vn 0.5510 -0.2792 -0.7864
vn 0.2377 0.1004 -0.9661
vn 0.3386 0.1261 0.9324
vn 0.6643 0.5134 0.5432
vn 0.4377 0.2495 0.8638
vn 0.5109 0.1971 -0.8368
vn -0.3582 -0.0280 -0.9332
vn -0.0122 0.6450 -0.7641
vn 0.3607 0.0472 0.9315
vn 0.2304 0.0519 0.9717
vn 0.2835 0.0823 -0.9554
vn 0.2804 -0.0176 -0.9597
vn 0.7308 0.5546 0.3981
vn 0.7252 0.0197 -0.6882
vn 0.2021 0.6235 -0.7553
vn 0.9714 -0.1546 0.1803
vn -0.2278 0.8643 0.4484
vn 0.7480 -0.0085 0.6637
vn 0.6561 0.6816 -0.3239
vn 0.1123 -0.0223 0.9934
vn 0.6477 0.6465 -0.4031
vn -0.6222 -0.3038 -0.7215
vn 0.4532 -0.0189 0.8912
vn 0.0924 0.0172 -0.9956
vn -0.2615 0.9496 -0.1728
vn -0.6682 0.4374 0.6019
vn -0.8177 0.3443 0.4614
vn 0.8156 -0.3987 -0.4195
vn 0.6371 -0.1250 -0.7606
vn 0.2331 -0.4767 -0.8476
vn 0.7763 0.2256 -0.5886
vn 0.6223 0.3646 -0.6927
vn 0.7189 -0.0559 0.6929
vn 0.5478 -0.1938 -0.8139
vn 0.0558 0.0129 -0.9984
vn 0.7066 -0.2726 0.6530
vn 0.2159 0.7542 -0.6202
vn -0.5858 -0.1796 -0.7903
vn -0.9016 0.4255 0.0780
vn 0.6517 -0.7475 0.1287
vn -0.1796 -0.1442 -0.9731
vn -0.5387 0.7751 -0.3303
vn 0.0756 -0.8562 0.5110
vn -0.0954 0.2088 -0.9733
vn 0.3733 0.0518 0.9263
vn 0.2645 -0.0309 0.9639
vn 0.3077 0.0215 0.9512
vn 0.2832 0.0033 0.9590
vn -0.3662 0.0665 0.9282
vn 0.1532 -0.1199 0.9809
vn 0.4169 0.0302 0.9084
vn -0.2408 -0.5452 0.8030
vn 0.6651 -0.1353 -0.7344
vn 0.1689 -0.0138 0.9855
vn 0.2148 -0.1548 0.9643
vn 0.1965 0.0134 0.9804
vn 0.2279 0.0399 -0.9729
vn 0.2306 0.8117 -0.5367
vn 0.7625 -0.3242 0.5599
vn 0.5574 0.3987 0.7282
vn -0.8154 0.3851 -0.4323
vn -0.5039 0.1417 -0.8521
vn 0.1530 0.9097 -0.3859
vn 0.9139 0.2428 0.3253
vn -0.2183 -0.1378 -0.9661
vn -0.4564 -0.2189 -0.8624
vn -0.8597 -0.1648 0.4835
vn -0.2450 0.9398 -0.2381
vn 0.7575 0.2662 -0.5961
vn 0.2975 0.1153 -0.9477
vn 0.6691 0.3009 -0.6795
vn 0.5689 -0.5572 0.6049
vn 0.9332 -0.1474 -0.3278
vn 0.8438 0.5298 -0.0855
vn -0.6063 -0.0738 -0.7918
vn 0.1068 -0.3852 0.9167
vn 0.5202 0.2870 -0.8044
vn 0.9616 0.2646 0.0723
vn -0.7642 0.3465 -0.5440
vn 0.7669 -0.4644 -0.4428
vn -0.8723 -0.4852 0.0611
vn 0.5881 0.7725 -0.2395
vn 0.1207 0.9434 0.3090
vn 0.2778 -0.0048 0.9606
vn -0.7585 -0.2289 0.6102
vn 0.4732 -0.2810 0.8349
vn 0.3328 -0.2744 -0.9022
vn 0.2258 -0.2321 0.9461
vn -0.0511 0.4399 -0.8966
vn -0.4903 -0.0040 -0.8716
vn 0.6880 -0.3157 0.6535
vn 0.5983 0.2813 -0.7503
vn -0.7944 0.2883 -0.5346
vn -0.8375 0.3243 0.4398
vn -0.4274 -0.1089 0.8975
vn 0.4339 -0.2998 -0.8496
vn 0.0385 -0.0897 0.9952
vn 0.5773 0.0426 -0.8154
vn 0.7968 0.0984 -0.5961
vn -0.0039 0.0330 0.9994
vn 0.7726 0.0181 -0.6346
vn 0.1977 -0.8877 0.4157
vn 0.3038 0.6567 0.6902
vn 0.3721 0.0685 -0.9257
vn -0.7298 0.1121 -0.6744
vn -0.8879 0.1840 0.4217
vn -0.7985 0.2376 0.5531
vn 0.5600 -0.1921 0.8059
vn -0.9992 0.0310 -0.0243
vn 0.7920 -0.5070 -0.3402
vn -1.0000 -0.0009 -0.0027
vn 0.3391 0.0167 0.9406
vn 0.8783 0.4464 0.1710
vn 0.8167 -0.2813 0.5039
vn -0.5557 -0.2382 0.7965
vn 0.5457 -0.2813 -0.7894
vn 0.2028 -0.5924 0.7797
vn 0.2173 0.7739 -0.5949
vn 0.8046 -0.1431 -0.5763
vn 0.7288 -0.1499 0.6681
vn 0.9323 0.0808 -0.3524
vn 0.5106 0.1994 -0.8364
vn 0.4386 0.0221 0.8984
vn 0.4358 -0.0629 -0.8978
vn 0.7257 0.0306 0.6873
vn 0.7586 0.3855 0.5252
vn 0.9293 0.2234 -0.2940
vn 0.6899 -0.0183 0.7237
vn 0.8327 0.1410 -0.5355
vn 0.6091 -0.7487 -0.2617
vn 0.8382 0.1777 -0.5156
vn 0.3529 0.7288 -0.5868
vn 0.3275 0.7599 0.5615
vn 0.9642 0.2085 0.1638
vn 0.5051 -0.4406 0.7421
vn 0.8099 0.2166 -0.5451
vn -0.1367 0.3585 0.9235
vn 0.0760 -0.2208 0.9724
vn 0.6630 -0.5768 0.4772
vn 0.7918 -0.1083 0.6011
vn 0.6815 -0.0148 0.7317
vn 0.5911 -0.0284 0.8061
vn 0.3360 -0.0491 -0.9406
vn 0.5040 0.1197 -0.8554
vn 0.2766 -0.3845 -0.8807
vn 0.1999 -0.0757 -0.9769
vn -0.1448 0.0769 -0.9865
vn 0.4406 -0.0721 -0.8948
vn 0.7212 -0.0211 -0.6924
vn 0.1924 -0.0809 0.9780
vn 0.8124 -0.2480 -0.5277
vn -0.8072 0.0797 0.5849
vn -0.1193 0.4362 0.8919
vn 0.7286 0.0187 -0.6847
vn -0.5397 0.7994 -0.2641
vn -0.9055 0.3136 0.2860
vn 0.3446 -0.8848 0.3135
vn -0.6433 0.1465 -0.7514
vn 0.9024 0.0419 -0.4289
vn 0.0823 0.0950 -0.9921
vn 0.7476 0.0150 0.6640
vn 0.4750 -0.0532 0.8784
vn 0.4774 0.5686 0.6699
vn 0.4920 0.1977 -0.8478
vn 0.8962 -0.0273 -0.4428
vn 0.6795 -0.7126 0.1749
vn 0.7131 -0.0104 0.7009
vn -0.8235 0.3915 -0.4106
vn 0.5221 0.0616 -0.8507
vn 0.4981 -0.0377 0.8663
vn -0.6703 -0.2534 -0.6975
vn -0.7275 -0.3075 0.6134
vn 0.6545 -0.0935 -0.7503
vn 0.6512 -0.0213 0.7586
vn 0.8742 -0.1540 -0.4604
vn -0.3046 0.0578 -0.9507
vn 0.4616 0.2058 0.8629
vn 0.5186 -0.0400 0.8541
vn 0.8283 0.3191 -0.4605
vn 0.8682 -0.3833 -0.3151
vn 0.9317 -0.2661 0.2471
vn 0.8226 0.4645 -0.3280
vn 0.0702 0.3219 -0.9442
vn 0.9429 -0.1922 0.2721
vn 0.4302 -0.1561 0.8891
vn 0.4181 0.0262 -0.9080
vn -0.1498 -0.0746 0.9859
vn 0.8746 0.0492 0.4824
vn 0.7091 -0.0372 0.7041
vn 0.7424 -0.2327 0.6283
vn 0.9442 0.1897 -0.2692
vn 0.8880 -0.3718 -0.2706
vn 0.6033 0.0943 0.7919
vn -0.9764 -0.2153 0.0143
vn 0.3179 0.0489 0.9469
vn -0.6706 -0.0486 -0.7402
vn -0.1919 -0.1319 0.9725
vn -0.0223 -0.9981 0.0572
vn 0.4824 0.7981 0.3611
vn 0.5644 0.3043 0.7674
vn 0.7439 -0.5283 -0.4092
vn -0.4977 0.5364 -0.6816
vn 0.5884 0.5264 0.6137
vn 0.3150 0.0543 0.9475
vn 0.4084 0.0747 -0.9097
vn 0.9329 0.2099 0.2926
vn 0.6155 0.1433 -0.7750
vn 0.7480 -0.0191 0.6634
vn 0.1325 0.0259 0.9908
vn 0.3753 -0.1207 0.9190
vn 0.6734 0.1087 0.7312
vn 0.9067 -0.3279 -0.2651
vn 0.2603 0.7939 0.5496
vn 0.7830 -0.0464 -0.6203
vn 0.1518 0.8239 -0.5460
vn 0.4316 -0.0127 0.9020
vn 0.3912 -0.0315 0.9198
vn 0.9601 0.0253 -0.2784
vn 0.4997 0.2027 0.8422
vn 0.4982 0.3073 0.8108
vn -0.5058 0.5603 0.6559
vn -0.4745 0.7357 0.4833
vn 0.1402 0.8124 -0.5660
vn 0.4087 0.0195 -0.9125
vn 0.8961 0.0339 -0.4426
vn 0.4117 0.0039 -0.9113
vn -0.6730 -0.6403 -0.3702
vn 0.0274 -0.9954 0.0921
vn 0.5110 -0.2275 0.8289
vn 0.8662 -0.1761 0.4677
vn 0.8181 -0.2580 0.5140
vn 0.3977 0.8944 -0.2046
vn -0.0028 0.8270 0.5622
vn 0.8940 -0.0779 0.4412
vn -0.3677 -0.5122 0.7762
vn 0.5226 -0.3268 0.7874
vn -0.0108 0.8837 0.4679
vn 0.8037 -0.1594 -0.5733
vn 0.7119 -0.1765 -0.6797
vn 0.7928 -0.0155 0.6093
vn -0.1136 0.3673 0.9232
vn 0.4064 0.3628 -0.8386
vn 0.6028 0.3546 -0.7148
vn -0.6104 0.6303 0.4797
vn 0.2590 -0.4017 0.8784
vn 0.3373 -0.3385 -0.8784
vn 0.8812 0.3057 -0.3606
vn -0.7124 0.0316 0.7011
vn -0.4210 -0.0446 0.9060
vn 0.6723 0.5979 0.4365
vn 0.1855 0.0565 0.9810
vn -0.0327 0.9432 0.3305
vn 0.5149 0.5307 -0.6732
vn 0.5536 0.3499 -0.7557
vn 0.8167 -0.0792 -0.5716
vn 0.3785 -0.7449 -0.5494
vn 0.5003 -0.4119 -0.7616
vn 0.3026 -0.0522 -0.9517
vn 0.8587 0.1980 0.4727
vn 0.9516 0.0721 0.2987
vn 0.5590 0.6682 0.4910
vn 0.8700 -0.1387 -0.4731
vn 0.0407 0.3631 -0.9309
vn 0.4668 -0.2698 0.8422
vn 0.3274 0.8447 -0.4235
vn 0.6137 0.2560 -0.7469
vn 0.0433 0.4556 0.8891
vn 0.3761 -0.7443 0.5519
vn 0.0932 -0.9887 -0.1177
vn 0.7604 -0.2035 -0.6168
vn 0.9193 -0.1091 0.3780
vn 0.8849 -0.0656 0.4612
vn 0.7550 0.0281 0.6551
vn 0.9508 -0.0619 -0.3035
vn 0.9482 -0.0021 -0.3175
vn 0.9197 -0.0836 -0.3837
vn 0.8977 0.0898 -0.4313
vn 0.5840 0.0437 0.8106
vn 0.9261 -0.0157 0.3768
vn 0.2889 0.3871 0.8756
vn 0.6806 0.2747 -0.6792
vn 0.7760 -0.3023 0.5535
vn 0.8163 0.0353 0.5766
vn 0.3217 -0.3841 0.8655
vn 0.9261 -0.0269 -0.3762
vn 0.4002 -0.3262 -0.8564
vn 0.6123 -0.0228 -0.7903
vn 0.9615 0.0380 -0.2720
vn 0.4034 0.1250 0.9064
vn 0.8649 0.3271 0.3807
vn 0.9232 -0.1101 0.3683
vn 0.5926 -0.1520 0.7911
vn 0.7983 -0.2236 -0.5592
vn 0.7696 0.1706 -0.6153
vn 0.9373 -0.2311 -0.2609
vn 0.9807 0.0448 -0.1905
vn -0.1085 -0.1258 0.9861
vn 0.4212 -0.4882 0.7644
vn 0.8303 0.5234 0.1912
vn 0.9860 0.0692 -0.1516
vn 0.7441 0.4417 0.5012
vn -0.1765 -0.5426 0.8212
vn 0.4791 0.0994 -0.8721
vn 0.6225 0.3735 0.6877
vn 0.7910 0.1490 0.5934
vn 0.8326 0.1797 0.5239
vn 0.2043 0.3539 -0.9127
vn 0.9798 0.0347 -0.1971
vn 0.8744 -0.0594 -0.4815
vn -0.3644 0.2335 -0.9015
vn 0.3011 -0.6278 0.7178
vn 0.9094 -0.0367 0.4144
vn 0.0867 -0.9496 0.3013
vn -0.4213 0.0058 0.9069
vn 0.7681 -0.5338 -0.3537
vn 0.7014 0.2170 -0.6789
vn 0.9322 0.1712 0.3188
vn 0.3353 -0.2823 0.8988
vn 0.8276 0.2267 0.5135
vn 0.7556 -0.5148 0.4051
vn 0.9691 0.0757 0.2349
vn 0.5348 -0.0192 0.8448
vn 0.8635 -0.0680 -0.4997
vn 0.9127 0.2675 -0.3089
vn 0.8669 0.2251 0.4447
vn 0.7258 0.4652 -0.5067
vn 0.8457 0.1536 -0.5111
vn 0.7078 0.0630 -0.7036
vn 0.6154 0.1465 -0.7745
vn 0.2016 0.0079 0.9794
vn -0.4569 -0.1738 -0.8724
vn 0.1113 -0.4060 0.9071
vn 0.5786 0.3599 0.7319
vn 0.5661 0.5802 -0.5856
vn -0.1103 0.2279 -0.9674
vn -0.1629 -0.2106 -0.9639
vn 0.8053 0.3913 0.4454
vn 0.0882 0.4938 -0.8651
vn 0.8061 -0.3319 -0.4900
vn 0.2968 0.5165 0.8032
vn 0.3394 -0.1064 -0.9346
vn 0.1254 -0.1057 0.9865
vn 0.6687 -0.5960 0.4447
vn 0.4586 -0.5307 0.7128
vn 0.9062 0.2468 0.3433
vn 0.8003 -0.1896 0.5688
vn 0.7822 0.6071 0.1400
vn 0.4617 0.4414 0.7694
vn 0.8739 -0.2910 -0.3893
vn 0.6163 0.4168 -0.6682
vn 0.3087 0.0512 -0.9498
vn 0.2479 0.0685 0.9664
vn -0.0003 -0.5328 -0.8462
vn 0.6150 0.3570 -0.7031
vn 0.3848 -0.2112 0.8985
vn 0.3114 0.5208 -0.7949
vn 0.3655 -0.5066 0.7808
vn 0.8295 -0.1821 -0.5280
vn 0.5699 0.0258 -0.8213
vn 0.6696 -0.5567 -0.4916
vn 0.9988 0.0300 0.0392
vn 0.9310 -0.1168 -0.3459
vn 0.5245 0.7928 0.3105
vn 0.6646 0.6966 0.2703
vn -0.4851 0.3523 -0.8003
vn 0.6399 0.3561 0.6810
vn 0.2792 0.4041 0.8711
vn 0.0271 0.8428 -0.5376
vn 0.2573 -0.5888 0.7662
vn -0.2580 0.1528 0.9540
vn 0.2653 -0.1262 -0.9559
vn 0.6378 0.0464 -0.7688
vn 0.5369 0.2416 0.8083
vn -0.9141 -0.2505 -0.3189
vn 0.8446 0.1792 -0.5045
vn -0.1112 0.6400 0.7603
vn 0.8495 -0.3498 0.3950
vn 0.6341 0.7657 0.1082
vn 0.7435 0.0848 -0.6633
vn 0.7266 0.2559 -0.6377
vn 0.7807 0.1672 -0.6021
vn 0.8420 -0.3994 0.3628
vn 0.9176 -0.2158 0.3338
vn -0.2038 -0.2586 0.9442
vn 0.1281 0.3390 -0.9320
vn 0.2965 -0.5039 -0.8113
vn 0.5336 -0.4186 -0.7349
vn 0.6184 -0.3443 -0.7065
vn 0.2674 0.9417 -0.2043
vn 0.7070 0.3850 0.5933
vn -0.2529 0.3054 0.9180
vn 0.7339 -0.0730 0.6753
vn 0.7524 0.1577 0.6395
vn 0.9316 -0.0258 0.3625
vn 0.9266 -0.0747 0.3685
vn 0.7696 0.5622 0.3028
vn 0.7226 0.4400 0.5331
vn 0.8012 0.3794 -0.4627
vn 0.6020 -0.5594 0.5698
vn 0.4727 0.0870 0.8769
vn -0.0996 0.6685 -0.7370
vn -0.0042 -1.0000 0.0065
vn 0.1505 -0.4595 0.8753
vn 0.2746 -0.4067 -0.8713
vn 0.9137 -0.1103 -0.3911
vn 0.6675 0.1994 0.7174
vn 0.9954 -0.0788 0.0542
vn -0.8787 0.4755 -0.0421
vn 0.6927 0.5120 -0.5080
vn 0.2449 0.9517 -0.1849
vn 0.3674 0.4437 -0.8174
vn 0.3563 -0.8918 -0.2787
vn 0.7453 -0.2672 -0.6109
vn 0.4106 0.7556 -0.5104
vn 0.5598 0.6845 -0.4670
vn -0.4636 -0.0084 0.8860
vn 0.7112 -0.0077 -0.7029
vn 0.5867 -0.2773 -0.7609
vn 0.8268 0.0662 -0.5586
vn 0.8218 -0.4249 -0.3796
vn 0.9548 -0.2945 -0.0399
vn 0.9613 -0.2237 0.1607
vn 0.4236 -0.6501 0.6308
vn 0.4868 0.6565 -0.5762
vn 0.7532 -0.0648 -0.6546
vn 0.3837 0.2700 -0.8831
vn 0.3176 -0.4185 -0.8509
vn 0.1589 0.9764 0.1466
vn 0.8771 0.1961 -0.4384
vn 0.7493 0.4231 -0.5094
vn 0.0965 0.9943 0.0448
vn 0.6201 0.5950 0.5113
vn 0.6350 -0.0195 0.7723
vn 0.4548 0.6927 -0.5597
vn 0.5050 0.7555 -0.4175
vn 0.4030 -0.8743 -0.2704
vn -0.3804 0.0580 0.9230
vn 0.4880 -0.6668 -0.5633
vn 0.6774 -0.0599 -0.7332
vn 0.2335 -0.9722 -0.0137
vn -0.2376 0.6670 0.7061
vn 0.4353 0.3004 0.8487
vn 0.6037 -0.3920 -0.6942
vn 0.6233 0.3970 0.6737
vn 0.7017 -0.2776 0.6561
vn 0.8055 0.2648 -0.5302
vn 0.6112 0.5203 -0.5964
vn 0.5542 -0.7416 -0.3780
vn -0.5753 0.0005 -0.8179
vn 0.8159 -0.3209 -0.4810
vn 0.4320 0.4856 0.7599
vn 0.8947 0.1066 -0.4337
vn 0.5584 -0.1402 -0.8176
vn 0.9401 -0.3191 -0.1197
vn 0.9245 0.1350 -0.3565
vn 0.8409 0.0569 0.5382
vn 0.6081 0.5623 -0.5604
vn 0.8005 0.3205 0.5065
vn 0.7920 -0.4702 -0.3894
vn 0.4901 -0.7160 0.4971
vn 0.7547 -0.1555 0.6374
vn 0.8679 0.2521 0.4280
vn 0.4348 -0.2583 0.8627
vn 0.1942 0.9549 -0.2247
vn 0.8458 0.4176 -0.3321
vn 0.8067 -0.4973 0.3193
vn 0.8903 0.1595 -0.4265
vn -0.3945 -0.4200 0.8173
vn 0.0011 0.2179 0.9760
vn 0.3318 -0.0177 -0.9432
vn 0.2903 -0.9480 -0.1303
vn 0.1448 -0.9793 -0.1413
vn 0.0762 0.0757 0.9942
vn -0.0252 0.8526 0.5219
vn 0.9883 -0.0274 0.1501
vn 0.9609 0.0691 0.2682
vn 0.6652 -0.4186 0.6183
vn 0.1719 -0.4500 -0.8763
vn 0.8786 -0.1812 -0.4418
vn 0.6032 0.0039 0.7976
vn 0.8225 0.1892 0.5363
vn 0.8145 0.1775 0.5524
vn 0.6984 -0.0065 0.7156
vn 0.9216 0.1289 0.3662
vn 0.8644 0.1406 0.4827
vn 0.7402 0.2840 -0.6094
vn 0.7899 -0.4398 0.4274
vn 0.7580 0.1057 -0.6437
vn 0.9767 -0.2141 -0.0118
vn 0.9559 -0.0545 -0.2887
vn 0.6696 -0.6258 -0.4001
vn 0.4405 -0.8937 -0.0848
vn -0.4665 0.7815 0.4143
vn 0.6063 0.5939 0.5288
vn 0.6677 -0.3968 -0.6299
vn 0.6821 -0.2925 -0.6702
vn -0.0481 0.2225 0.9738
vn 0.4811 0.8220 -0.3048
vn 0.7736 -0.3906 -0.4991
vn 0.5709 0.5688 0.5921
vn 0.3260 -0.7141 0.6195
vn 0.8789 -0.1352 0.4575
vn 0.8693 -0.3212 0.3757
vn 0.6236 -0.5645 0.5408
vn 0.9181 0.2716 0.2886
vn 0.2020 -0.8892 0.4105
vn 0.9220 0.3088 0.2337
vn 0.7574 -0.1432 0.6370
vn 0.5692 -0.5946 0.5678
vn 0.8009 -0.1152 0.5876
vn 0.9832 -0.0551 0.1738
vn 0.9519 0.0710 -0.2980
vn 0.9175 0.3977 0.0059
vn 0.7984 0.4152 0.4361
vn 0.2523 -0.2885 -0.9236
vn 0.7114 0.0076 0.7028
vn -0.3502 0.6054 -0.7147
vn 0.3199 0.7683 0.5545
vn 0.8936 -0.4255 -0.1428
vn 0.6826 -0.1943 -0.7045
vn 0.6451 -0.2218 0.7312
vn 0.8911 -0.4177 0.1772
vn 0.8172 -0.1539 0.5554
vn 0.5662 0.8226 0.0527
vn 0.9493 0.2322 0.2121
vn 0.5699 -0.4796 -0.6672
vn 0.9089 0.3560 -0.2171
vn 0.9057 -0.0596 -0.4198
vn 0.9514 0.0187 0.3074
vn 0.9964 0.0768 0.0347
vn 0.9297 -0.1366 0.3420
vn 0.8533 -0.1506 0.4991
vn 0.4784 0.0755 0.8749
vn 0.1369 0.0986 0.9857
vn 0.4303 -0.7518 -0.4996
vn -0.3975 -0.3471 0.8494
vn 0.9339 -0.1641 -0.3176
vn 0.9392 -0.0788 -0.3341
vn 0.9147 -0.1726 -0.3654
vn 0.9166 -0.3894 0.0910
vn 0.8840 -0.4255 0.1937
vn 0.8161 0.2182 -0.5352
vn 0.9342 0.0416 -0.3544
vn 0.9743 0.2051 -0.0929
vn 0.7608 -0.0486 -0.6471
vn 0.8452 -0.0530 0.5318
vn 0.1308 -0.1181 -0.9843
vn 0.3416 -0.7714 0.5369
vn 0.6223 -0.1608 0.7660
vn 0.6695 -0.0919 0.7371
vn 0.9379 -0.2349 -0.2552
vn 0.9113 0.4034 0.0824
vn 0.5987 0.7044 -0.3813
vn 0.3848 -0.7691 0.5103
vn 0.6778 -0.5567 0.4802
vn -0.4240 -0.0556 -0.9040
vn 0.9464 -0.2491 0.2056
vn 0.7296 -0.2086 0.6513
vn 0.9814 -0.1563 -0.1118
vn 0.9912 -0.0279 -0.1295
vn -0.0044 -0.1555 0.9878
vn 0.9065 -0.1006 -0.4101
vn 0.8605 -0.1837 -0.4752
vn 0.4945 0.4881 0.7191
vn -0.4353 0.7544 -0.4914
vn 0.9370 -0.3115 0.1580
vn 0.9816 0.0395 0.1867
vn 0.9393 -0.0414 0.3405
vn 0.4011 -0.0047 -0.9160
vn 0.7569 0.2502 -0.6038
vn 0.9543 0.2671 -0.1342
vn 0.8491 0.3297 -0.4126
vn 0.9658 -0.2302 0.1196
vn 0.8435 0.5200 -0.1342
vn 0.5600 -0.5623 -0.6085
vn 0.9390 -0.3339 -0.0819
vn 0.5123 -0.3090 -0.8013
vn 0.6586 0.2065 0.7236
vn 0.8992 -0.4313 -0.0742
vn 0.2357 -0.1639 0.9579
vn 0.9898 -0.1164 0.0826
vn 0.4411 0.1930 0.8764
vn 0.8361 -0.2234 -0.5010
vn 0.7228 0.4710 0.5057
vn 0.9172 0.2341 -0.3224
vn 0.6882 -0.0559 -0.7234
vn 0.9324 -0.2195 -0.2870
vn 0.8102 -0.5417 0.2240
vn 0.9449 0.0976 0.3124
vn 0.9599 -0.0546 0.2748
vn 0.0915 0.8520 0.5155
vn 0.4935 -0.8697 0.0136
vn 0.9153 0.0241 0.4020
vn 0.8826 0.4684 0.0399
vn 0.7797 -0.6239 -0.0531
vn 0.5341 0.8022 0.2668
vn 0.6479 0.5550 -0.5217
vn 0.3182 -0.5083 0.8003
vn 0.9624 -0.0209 -0.2710
vn 0.8178 0.5441 0.1877
vn 0.6195 -0.2646 -0.7391
vn 0.6144 -0.2725 0.7405
vn 0.9420 -0.0290 -0.3344
vn 0.4218 0.6348 0.6474
vn 0.9884 -0.1248 0.0860
vn 0.9263 0.3762 0.0186
vn 0.2091 0.9663 0.1504
vn 0.7461 -0.4204 -0.5163
vn -0.6111 0.0166 0.7914
vn 0.7621 -0.0948 0.6405
vn 0.9108 -0.0341 0.4115
vn 0.6417 0.1754 -0.7466
vn -0.3997 0.8824 -0.2481
vn 0.9689 0.1609 0.1882
vn 0.8785 -0.2498 0.4072
vn 0.6138 0.7579 0.2210
vn 0.9741 0.0600 -0.2178
vn 0.7095 -0.6616 -0.2428
vn 0.9293 -0.0818 0.3602
vn 0.9099 -0.3823 0.1607
vn 0.0460 0.8489 -0.5265
vn 0.7379 0.4110 -0.5353
vn 0.6137 0.6798 0.4016
vn 0.1745 0.6652 0.7260
vn 0.9955 0.0190 0.0932
vn 0.4344 -0.1952 0.8793
vn 0.3772 -0.1642 -0.9115
vn 0.8490 0.2498 -0.4657
vn 0.9906 0.1120 0.0788
vn 0.9916 -0.0915 0.0909
vn 0.9943 0.0557 -0.0906
vn 0.7329 -0.6038 0.3134
vn 0.9481 -0.2074 0.2409
vn -0.2416 -0.7916 -0.5612
vn 0.7456 0.6350 0.2022
vn 0.8574 0.4627 -0.2255
vn 0.8078 -0.5235 -0.2709
vn 0.8233 0.3381 0.4560
vn 0.8526 0.1048 0.5119
vn 0.6141 -0.2728 0.7406
vn 0.9113 -0.2513 -0.3262
vn -0.4137 0.9072 -0.0769
vn -0.3508 0.8974 0.2677
vn -0.0128 0.9994 0.0328
vn 0.9451 -0.2075 0.2526
vn 0.1699 -0.1494 -0.9741
vn 0.9679 -0.1661 0.1887
vn 0.8620 0.3721 -0.3443
vn 0.9043 -0.3304 0.2704
vn 0.9812 -0.1616 -0.1057
vn 0.9605 -0.1272 -0.2473
vn 0.2866 -0.7481 -0.5985
vn 0.7300 -0.6425 -0.2332
vn 0.9761 -0.1809 0.1207
vn 0.8877 0.3638 0.2821
vn 0.8967 0.4292 -0.1088
vn 0.8588 0.2717 0.4344
vn 0.7929 -0.1868 0.5800
vn 0.9185 -0.2678 -0.2908
vn -0.3166 -0.9467 0.0587
vn 0.7225 0.2626 0.6395
vn 0.5990 -0.7107 0.3690
vn 0.1834 -0.3083 -0.9334
vn 0.9293 0.2731 0.2486
vn 0.9598 -0.0919 -0.2653
vn 0.7453 0.3327 0.5778
vn 0.7529 -0.3852 0.5335
vn -0.0554 -0.8819 -0.4682
vn 0.5064 0.8501 0.1449
vn 0.7203 0.5021 0.4787
vn 0.2439 0.7760 0.5817
vn 0.8773 0.4479 0.1724
vn 0.9291 -0.0437 -0.3673
vn 0.8778 -0.4761 -0.0521
vn 0.9148 -0.0094 -0.4038
vn 0.8858 0.1281 -0.4461
vn 0.9817 -0.0727 -0.1758
vn 0.9082 0.4177 0.0259
vn 0.7871 0.5787 -0.2133
vn 0.8520 0.2370 0.4669
vn 0.9816 0.1389 0.1312
vn 0.7293 -0.4280 0.5338
vn 0.8274 -0.3360 0.4500
vn 0.5603 -0.6331 -0.5340
vn -0.2359 0.2675 -0.9342
vn 0.5254 -0.7966 -0.2989
vn 0.8808 -0.4226 -0.2133
vn 0.2769 -0.4588 -0.8443
vn 0.9926 -0.0895 0.0823
vn 0.7949 0.0671 -0.6031
vn 0.5852 0.7173 0.3782
vn 0.9757 -0.1584 -0.1513
vn 0.9761 -0.1063 -0.1895
vn 0.9771 -0.0947 -0.1903
vn 0.7302 0.0937 0.6768
vn 0.7193 -0.5736 0.3920
vn -0.8282 0.2527 0.5002
vn 0.8586 -0.3240 -0.3973
vn 0.6512 0.0832 -0.7543
vn 0.8473 0.0883 0.5237
vn 0.2216 0.9749 -0.0198
vn 0.7717 0.5511 -0.3173
vn 0.6173 -0.3119 0.7223
vn 0.1879 0.7243 -0.6634
vn 0.9745 -0.1918 0.1167
vn 0.9708 -0.2159 0.1049
vn 0.7366 0.2372 0.6333
vn 0.9606 -0.1507 0.2334
vn 0.6998 0.4938 0.5162
vn 0.9991 -0.0362 0.0236
vn 0.9145 0.4024 0.0408
vn 0.9618 0.1001 -0.2548
vn 0.9306 -0.2228 -0.2904
vn 0.9165 -0.1720 0.3612
vn 0.8002 -0.5997 0.0085
vn 0.9598 -0.1778 -0.2173
vn 0.9782 -0.1860 -0.0922
vn 0.3697 0.9261 0.0756
vn 0.9048 -0.0876 0.4168
vn 0.9833 -0.0077 0.1819
vn 0.8979 -0.0830 -0.4323
vn 0.6865 0.1673 0.7076
vn 0.9941 0.0994 -0.0435
vn 0.6101 0.7165 -0.3382
vn 0.2350 -0.9587 0.1601
vn 0.9250 0.3769 0.0487
vn 0.5499 -0.0670 -0.8325
vn 0.0142 -0.4699 -0.8826
vn 0.7533 -0.1200 -0.6466
vn 0.1993 0.9768 0.0785
vn 0.8094 -0.5765 -0.1120
vn 0.6872 -0.0694 -0.7232
vn 0.5496 0.8314 0.0824
vn 0.9970 -0.0636 -0.0451
vn 0.6542 -0.5189 -0.5502
vn 0.4864 0.8437 -0.2273
vn 0.7126 0.1330 0.6888
vn 0.9362 -0.3350 -0.1061
vn 0.9687 -0.0799 0.2351
vn 0.8874 0.4517 0.0917
vn 0.7671 0.4913 0.4126
vn 0.7721 0.5510 -0.3166
vn 0.7719 -0.0198 0.6355
vn 0.8608 -0.1383 0.4899
vn 0.9556 0.2904 -0.0496
vn 0.8935 -0.2922 -0.3409
vn 0.8791 -0.2030 -0.4313
vn 0.9639 -0.1244 -0.2355
vn 0.9637 -0.2602 -0.0595
vn -0.7984 0.5925 0.1071
vn 0.5736 -0.6301 0.5234
vn 0.1179 -0.5921 0.7972
vn 0.5930 -0.5878 -0.5503
vn 0.9439 -0.1527 0.2928
vn 0.9975 -0.0136 -0.0698
vn 0.9893 0.0348 -0.1417
vn 0.7107 -0.6435 0.2844
vn 0.7735 -0.0971 0.6263
vn 0.7353 0.5385 0.4114
vn 0.9804 -0.1415 0.1369
vn 0.9523 0.1562 -0.2621
vn 0.8799 0.4744 -0.0275
vn 0.6599 0.7486 -0.0644
vn -0.1710 0.6152 -0.7696
vn 0.8712 0.3067 0.3833
vn 0.7289 0.1257 -0.6730
vn 0.2408 -0.4977 -0.8333
vn 0.4640 0.3167 0.8273
vn 0.8124 0.5399 0.2201
vn 0.3640 0.9282 -0.0774
vn 0.7043 -0.7090 0.0358
vn 0.1234 -0.2920 -0.9484
vn 0.9371 0.2383 -0.2550
vn 0.6561 -0.6125 0.4410
vn 0.7051 -0.6922 0.1537
vn 0.8690 0.1246 0.4789
vn 0.3681 0.8726 0.3212
vn 0.9957 -0.0900 -0.0222
vn 0.7731 0.1601 0.6137
vn 0.7825 -0.3895 0.4858
vn 0.9811 -0.0159 0.1927
vn 0.8683 -0.0193 0.4957
vn 0.9578 -0.0799 0.2762
vn 0.7880 -0.0708 0.6116
vn 0.6729 0.1330 0.7277
vn 0.6850 -0.0556 0.7264
vn 0.5501 0.8209 0.1535
vn 0.9104 -0.0900 -0.4038
vn 0.9961 0.0816 0.0329
vn 0.9240 -0.0659 -0.3767
vn 0.8866 0.1824 0.4250
vn 0.9992 -0.0383 0.0118
vn 0.6406 -0.0684 -0.7648
vn 0.8810 -0.4258 0.2063
vn 0.7442 0.2368 0.6245
vn 0.8765 0.1938 -0.4406
vn 0.1288 0.9776 0.1665
vn 0.7710 0.5129 0.3775
vn 0.3963 -0.9125 0.1013
vn 0.9769 -0.1577 -0.1443
vn 0.6669 0.7278 -0.1599
vn 0.4851 0.7751 0.4049
vn 0.5383 0.7811 0.3163
vn 0.4534 -0.8827 -0.1234
vn 0.1559 0.6355 -0.7562
vn -0.7896 0.3441 0.5081
vn 0.8985 -0.1115 0.4245
vn 0.9772 -0.0320 -0.2099
vn 0.1598 -0.9549 -0.2501
vn 0.3871 -0.8432 0.3730
vn 0.4515 -0.8020 0.3912
vn 0.9407 0.2751 -0.1985
vn 0.5219 0.8201 -0.2348
vn 0.9746 -0.2235 0.0134
vn 0.8166 0.0757 -0.5722
vn 0.7831 0.0894 -0.6154
vn 0.6113 0.7723 -0.1731
vn 0.9582 -0.1145 -0.2620
vn 0.6709 -0.7382 0.0708
vn 0.8211 -0.0509 -0.5685
vn 0.1022 -0.9270 -0.3609
vn 0.9218 -0.3812 0.0709
vn -0.6033 -0.3433 -0.7199
vn 0.5328 0.5007 0.6823
vn 0.8346 0.1780 0.5213
vn 0.9445 0.2136 0.2496
vn 0.8738 0.2797 0.3979
vn 0.6534 0.6303 -0.4193
vn -0.6955 0.2025 -0.6894
vn 0.6890 0.1080 -0.7166
vn 0.2779 -0.4804 -0.8318
vn 0.1135 0.0161 -0.9934
vn 0.6123 -0.1470 0.7768
vn 0.5377 -0.2982 -0.7886
vn 0.4615 -0.2226 0.8588
vn 0.1249 -0.0262 0.9918
vn 0.5423 0.6773 -0.4971
vn 0.0407 -0.3653 0.9300
vn -0.9772 -0.0308 0.2101
vn 0.9936 -0.0785 -0.0807
vn 0.0782 -0.0691 -0.9945
vn 0.7476 0.5702 0.3407
vn 0.7449 -0.5809 -0.3282
vn 0.6358 -0.5483 -0.5433
vn 0.6607 -0.7501 -0.0277
vn 0.2997 0.5303 -0.7931
vn 0.7334 0.6104 0.2993
vn 0.5707 0.6605 0.4878
vn 0.9174 -0.3206 -0.2356
vn 0.6831 0.5657 0.4619
vn 0.9410 -0.2821 0.1867
vn 0.8318 0.5042 -0.2321
vn 0.9276 -0.0928 0.3619
vn 0.7109 -0.7026 -0.0316
vn 0.9159 0.3980 -0.0518
vn 0.8648 0.4243 -0.2684
vn 0.4516 0.5862 0.6726
vn -0.5416 0.5791 0.6093
vn 0.5518 0.7943 -0.2543
vn 0.8976 -0.3635 -0.2494
vn 0.9973 -0.0737 -0.0040
vn -0.4054 0.1420 0.9030
vn -0.9373 0.3420 0.0677
vn 0.1074 -0.5367 0.8369
vn 0.9763 -0.2155 -0.0198
vn 0.1877 0.3554 0.9157
vn 0.3803 -0.2254 0.8970
vn 0.6109 -0.6602 -0.4369
vn 0.2861 0.2205 -0.9325
vn -0.1982 -0.1304 0.9714
vn 0.3390 0.9407 0.0095
vn 0.7188 0.1286 0.6832
vn 0.6918 0.2010 0.6935
vn 0.9646 -0.1603 -0.2093
vn 0.3997 0.5158 0.7578
vn 0.4096 -0.1728 -0.8957
vn 0.0534 0.9909 -0.1239
vn 0.6936 -0.0895 -0.7148
vn -0.1753 -0.9754 0.1340
vn 0.8280 0.1728 -0.5334
vn 0.9405 0.0870 -0.3286
vn 0.2747 0.7052 -0.6536
vn 0.9815 0.1383 -0.1324
vn 0.8437 0.2158 0.4915
vn 0.8811 0.3909 0.2663
vn 0.0630 -0.5540 0.8301
vn 0.2469 -0.8120 -0.5289
vn 0.8187 0.5564 0.1415
vn 0.9511 -0.0386 -0.3066
vn 0.8974 0.4156 -0.1483
vn 0.9561 -0.1200 -0.2672
vn 0.4893 0.4609 -0.7404
vn 0.0202 -0.9893 0.1446
vn 0.8746 0.4839 -0.0293
vn 0.4921 0.5959 -0.6346
vn 0.5981 0.2755 0.7525
vn -0.7176 0.5796 0.3863
vn 0.5295 -0.4480 0.7204
vn 0.9696 -0.2177 -0.1114
vn 0.2551 0.5816 0.7725
vn 0.4228 0.4400 -0.7922
vn 0.7422 0.6551 0.1413
vn 0.9570 -0.0476 -0.2862
vn 0.9402 -0.3402 -0.0202
vn 0.8772 -0.4039 0.2595
vn 0.9158 0.0162 0.4014
vn 0.9158 -0.0280 -0.4006
vn 0.7032 0.0701 -0.7075
vn 0.6698 0.7071 -0.2267
vn 0.5706 0.8080 -0.1470
vn 0.8006 -0.4252 0.4221
vn 0.7736 -0.4678 -0.4276
vn 0.6838 0.3814 -0.6220
vn 0.9694 -0.1229 -0.2125
vn -0.0391 0.8574 -0.5132
vn -0.0407 0.5831 -0.8114
vn 0.9261 -0.1757 0.3338
vn 0.9543 0.1537 -0.2563
vn 0.0026 -0.0312 -0.9995
vn 0.8982 0.2951 0.3258
vn 0.7764 -0.0641 0.6269
vn 0.8664 -0.2539 0.4299
vn 0.7207 0.5704 -0.3940
vn 0.1842 0.2928 0.9383
vn 0.1895 0.1845 0.9644
vn 0.1842 0.2927 0.9383
vn 0.9320 0.2560 -0.2568
vn 0.7520 0.6423 0.1479
vn -0.7209 0.5541 0.4163
vn 0.1376 0.3052 0.9423
vn 0.7865 -0.6169 0.0304
vn 0.9186 -0.1675 0.3581
vn 0.2840 -0.8745 0.3931
vn 0.9934 0.0247 -0.1116
vn 0.8060 -0.2157 0.5513
vn 0.6871 -0.2212 0.6921
vn 0.8287 -0.4951 -0.2610
vn 0.9047 0.3829 0.1868
vn 0.9273 -0.3284 0.1796
vn 0.5754 -0.0561 0.8159
vn 0.6499 -0.5817 0.4891
vn 0.9494 -0.2893 -0.1225
vn 0.7103 -0.0135 -0.7037
vn 0.8009 0.0192 0.5984
vn 0.8875 -0.3334 -0.3181
vn 0.7746 -0.6322 -0.0203
vn 0.6655 -0.5534 -0.5008
vn 0.8443 -0.4856 0.2265
vn 0.9718 -0.0528 -0.2299
vn 0.2968 0.6447 0.7045
vn 0.1896 0.6487 -0.7370
vn 0.9992 0.0270 0.0294
vn 0.9952 0.0943 0.0253
vn 0.7419 0.1571 -0.6518
vn 0.8443 0.3917 0.3656
vn 0.8311 -0.5528 0.0607
vn 0.1759 0.4057 0.8969
vn 0.9735 -0.2256 0.0366
vn 0.9423 -0.2722 0.1947
vn 0.6793 -0.6846 -0.2643
vn 0.9304 0.3391 0.1390
vn 0.8253 -0.5108 -0.2407
vn 0.8754 -0.4080 -0.2593
vn 0.9964 -0.0576 0.0616
vn 0.8692 0.4935 -0.0300
vn 0.8590 0.5099 0.0465
vn 0.2659 0.1949 -0.9441
vn 0.8142 -0.2738 -0.5120
vn 0.6775 0.0763 0.7315
vn 0.8354 0.5160 -0.1894
vn 0.7595 -0.6464 -0.0733
vn 0.9269 -0.3741 -0.0296
vn 0.9712 -0.2101 -0.1123
vn 0.3803 0.9246 0.0228
vn 0.2821 0.2498 -0.9263
vn 0.9874 0.1372 0.0788
vn 0.9847 0.1239 -0.1222
vn 0.8206 -0.5520 0.1481
vn 0.7547 -0.5548 -0.3501
vn 0.4279 0.3836 0.8184
vn 0.6758 0.3441 0.6519
vn 0.6377 -0.7642 -0.0965
vn -0.0868 0.5089 0.8564
vn 0.4003 0.5056 0.7643
vn 0.9977 -0.0371 -0.0570
vn 0.3815 0.9236 0.0369
vn 0.9171 0.3503 -0.1902
vn 0.7986 -0.0128 -0.6017
vn 0.9105 0.0803 -0.4056
vn 0.8472 0.0969 0.5223
vn 0.2432 -0.1989 0.9494
vn 0.8960 0.0885 0.4351
vn 0.4327 0.6116 -0.6624
vn 0.9085 -0.4133 -0.0617
vn 0.8868 -0.3604 -0.2892
vn 0.9413 -0.1172 0.3166
vn 0.6839 0.7250 0.0809
vn 0.6779 0.1102 -0.7268
vn 0.9764 -0.2157 -0.0114
vn 0.6594 0.6858 0.3078
vn 0.7880 0.4693 0.3985
vn 0.2065 0.1939 0.9590
vn 0.9775 0.2007 -0.0654
vn 0.9892 0.1149 -0.0910
vn 0.9396 -0.2977 -0.1688
vn 0.5001 -0.0113 0.8659
vn 0.9024 0.4281 0.0495
vn 0.3416 0.7281 0.5943
vn 0.6899 -0.0674 0.7208
vn 0.6020 0.2061 0.7714
vn 0.1869 0.6600 -0.7276
vn 0.7467 0.0316 -0.6644
vn -0.1090 0.9871 0.1172
vn 0.6456 0.6343 -0.4253
vn 0.8115 0.4742 0.3416
vn -0.4075 -0.0769 0.9100
vn 0.9721 0.0871 0.2176
vn 0.9539 0.2520 -0.1632
vn 0.9740 0.2260 -0.0180
vn 0.8154 0.0593 0.5759
vn 0.7549 -0.5128 -0.4089
vn 0.4407 0.8734 -0.2071
vn 0.3477 -0.1468 -0.9260
vn 0.2730 -0.2151 0.9377
vn -0.9057 -0.3595 0.2249
vn 0.4026 0.0326 0.9148
vn 0.8714 -0.4022 0.2809
vn 0.8258 0.0211 0.5636
vn 0.8629 0.0691 -0.5006
vn 0.8693 -0.4939 0.0175
vn 0.7784 -0.1806 0.6013
vn 0.0246 0.8391 -0.5435
vn 0.8935 0.2027 -0.4008
vn 0.7917 0.1052 -0.6018
vn 0.9135 0.3642 -0.1816
vn 0.8347 0.3151 0.4517
vn 0.9921 -0.0948 -0.0819
vn 0.7989 -0.4164 0.4340
vn 0.6669 -0.7436 0.0473
vn 0.8832 0.0099 -0.4689
vn 0.8650 -0.4638 -0.1915
vn -0.8406 -0.3632 -0.4018
vn 0.9100 0.3814 0.1629
vn 0.0929 0.5991 -0.7953
vn 0.7374 0.3322 -0.5881
vn 0.8879 -0.3329 0.3177
vn 0.3017 -0.8129 -0.4982
vn 0.2495 0.3762 0.8923
vn 0.4012 0.6504 0.6450
vn 0.9393 -0.3110 -0.1447
vn 0.6407 0.5112 -0.5728
vn 0.9424 0.3010 0.1459
vn 0.1166 -0.9931 0.0106
vn -0.0552 0.9984 -0.0141
vn 0.7220 -0.6910 -0.0355
vn 0.9351 0.2503 0.2507
vn 0.8385 -0.4049 -0.3647
vn 0.9640 0.1665 0.2075
vn 0.9532 0.1226 -0.2764
vn 0.4705 0.7042 -0.5317
vn 0.8031 0.4840 0.3476
vn 0.1553 -0.8954 0.4173
vn 0.9594 0.2817 0.0158
vn 0.7780 0.4123 0.4740
vn 0.9983 0.0480 0.0317
vn 0.5414 -0.3485 0.7651
vn 0.8704 0.4782 0.1171
vn 0.9738 -0.0243 -0.2262
vn 0.8973 0.2533 -0.3616
vn 0.8211 0.0925 -0.5633
vn 0.8995 0.0511 0.4339
vn 0.9081 -0.0785 0.4112
vn 0.8980 -0.1078 0.4267
vn 0.7833 -0.0565 -0.6191
vn 0.7849 -0.1574 -0.5993
vn 0.6196 0.5426 0.5673
vn 0.6588 0.4538 0.6000
vn 0.5971 -0.1780 -0.7822
vn 0.9543 0.2779 0.1099
vn 0.7368 -0.3279 0.5913
vn 0.9973 0.0731 0.0005
vn -0.0924 -0.9957 0.0110
vn 0.0739 0.5936 -0.8013
vn 0.9245 -0.3670 0.1033
vn 0.4405 0.1217 -0.8894
vt 0.696898 0.599570
vt 0.687425 0.579893
vt 0.697750 0.598555
vt 0.687486 0.553861
vt 0.034959 0.523152
vt 0.038609 0.543850
vt 0.033899 0.522356
vt 0.481103 0.821141
vt 0.525946 0.832116
vt 0.500896 0.830370
vt 0.033923 0.545619
vt 0.813323 0.346946
vt 0.797223 0.360456
vt 0.819385 0.338275
vt 0.850374 0.238603
vt 0.840542 0.217519
vt 0.851301 0.190903
vt 0.511056 0.820481
vt 0.797451 0.314600
vt 0.810843 0.311741
vt 0.904171 0.162905
vt 0.899592 0.164535
vt 0.895913 0.154950
vt 0.013730 0.573278
vt 0.013730 0.557639
vt 0.027056 0.566893
vt 0.568590 0.941079
vt 0.557573 0.938127
vt 0.585428 0.938653
vt 0.670924 0.560965
vt 0.897938 0.366031
vt 0.892772 0.332405
vt 0.901754 0.344393
vt 0.689184 0.041836
vt 0.681394 0.048154
vt 0.674511 0.033393
vt 0.560746 0.807862
vt 0.576836 0.814220
vt 0.565627 0.812743
vt 0.890882 0.350236
vt 0.561718 0.973835
vt 0.577912 0.955396
vt 0.584033 0.974614
vt 0.665755 0.048178
vt 0.653770 0.040592
vt 0.053348 0.924516
vt 0.043884 0.934497
vt 0.032394 0.924856
vt 0.855124 0.849004
vt 0.842145 0.853390
vt 0.838954 0.842260
vt 0.832323 0.847695
vt 0.181440 0.947755
vt 0.194730 0.957061
vt 0.173824 0.967149
vt 0.691697 0.400762
vt 0.690708 0.412073
vt 0.687563 0.392972
vt 0.816998 0.310722
vt 0.939338 0.969575
vt 0.929010 0.964976
vt 0.945860 0.953890
vt 0.196267 0.966972
vt 0.441615 0.973081
vt 0.435241 0.963978
vt 0.456502 0.965021
vt 0.032251 0.932897
vt 0.833217 0.837814
vt 0.903557 0.137659
vt 0.661893 0.038714
vt 0.519225 0.825866
vt 0.975416 0.556869
vt 0.979770 0.541806
vt 0.978353 0.553369
vt 0.822616 0.312934
vt 0.018988 0.245996
vt 0.018133 0.242292
vt 0.027239 0.248001
vt 0.824868 0.842984
vt 0.909861 0.672650
vt 0.888729 0.643564
vt 0.908972 0.644007
vt 0.997975 0.031815
vt 0.997975 0.040189
vt 0.996486 0.040174
vt 0.258040 0.834412
vt 0.258699 0.856159
vt 0.254780 0.856502
vt 0.100261 0.224464
vt 0.148964 0.215566
vt 0.133006 0.232024
vt 0.531422 0.808577
vt 0.033730 0.237396
vt 0.630815 0.242957
vt 0.639513 0.275418
vt 0.624394 0.236319
vt 0.490810 0.017322
vt 0.497309 0.013719
vt 0.488592 0.025052
vt 0.408417 0.223404
vt 0.401446 0.217555
vt 0.415661 0.217337
vt 0.007671 0.485211
vt 0.007061 0.474789
vt 0.013080 0.474789
vt 0.859422 0.814788
vt 0.997945 0.749185
vt 0.996013 0.743878
vt 0.997943 0.739737
vt 0.005950 0.461776
vt 0.002321 0.462886
vt 0.004109 0.454756
vt 0.279105 0.012820
vt 0.293403 0.012820
vt 0.281582 0.023434
vt 0.995239 0.671450
vt 0.996724 0.671338
vt 0.998888 0.675087
vt 0.975917 0.530745
vt 0.468192 0.122644
vt 0.495271 0.144980
vt 0.483564 0.144597
vt 0.994062 0.675065
vt 0.655658 0.038496
vt 0.699670 0.548893
vt 0.678436 0.547412
vt 0.690155 0.528567
vt 0.209940 0.923882
vt 0.195882 0.915766
vt 0.231107 0.923428
vt 0.007419 0.469976
vt 0.886104 0.580396
vt 0.870109 0.558910
vt 0.885713 0.538939
vt 0.801774 0.599674
vt 0.816446 0.552390
vt 0.812460 0.592997
vt 0.822596 0.564647
vt 0.061897 0.375194
vt 0.044347 0.360373
vt 0.045392 0.330431
vt 0.828417 0.835230
vt 0.877527 0.266537
vt 0.878778 0.259441
vt 0.884685 0.274189
vt 0.560216 0.178838
vt 0.563698 0.183631
vt 0.554492 0.182948
vt 0.095199 0.969593
vt 0.091288 0.959913
vt 0.111129 0.965928
vt 0.835575 0.834652
vt 0.847104 0.826337
vt 0.006514 0.467198
vt 0.949413 0.959689
vt 0.958704 0.968110
vt 0.630522 0.927392
vt 0.619994 0.924571
vt 0.651406 0.925641
vt 0.557457 0.963308
vt 0.078166 0.180533
vt 0.082549 0.173012
vt 0.089045 0.188903
vt 0.864148 0.574008
vt 0.734085 0.811311
vt 0.733638 0.815571
vt 0.728472 0.811937
vt 0.560374 0.189122
vt 0.983171 0.603330
vt 0.983171 0.629298
vt 0.979065 0.604701
vt 0.315079 0.863904
vt 0.301963 0.882635
vt 0.301235 0.844454
vt 0.370773 0.221395
vt 0.408173 0.226122
vt 0.397145 0.229874
vt 0.362090 0.228053
vt 0.146927 0.230096
vt 0.879848 0.136069
vt 0.892374 0.136644
vt 0.719972 0.834654
vt 0.710627 0.831022
vt 0.543023 0.819530
vt 0.547272 0.819087
vt 0.566785 0.948580
vt 0.463525 0.137106
vt 0.000032 0.466506
vt 0.145520 0.237573
vt 0.447656 0.113329
vt 0.916772 0.330847
vt 0.916539 0.354745
vt 0.639957 0.289100
vt 0.626271 0.283570
vt 0.651199 0.036835
vt 0.024010 0.859773
vt 0.020785 0.836602
vt 0.032348 0.848297
vt 0.202699 0.893842
vt 0.877148 0.297961
vt 0.821318 0.308728
vt 0.297239 0.002712
vt 0.300494 0.005443
vt 0.297189 0.011890
vt 0.384613 0.216231
vt 0.226679 0.895187
vt 0.819142 0.591081
vt 0.561023 0.195608
vt 0.672296 0.555368
vt 0.909054 0.142357
vt 0.454187 0.144716
vt 0.173657 0.215143
vt 0.647232 0.808300
vt 0.677858 0.808718
vt 0.652210 0.811173
vt 0.577141 0.212671
vt 0.006227 0.007512
vt 0.004164 0.001161
vt 0.010439 0.001048
vt 0.125749 0.026114
vt 0.108107 0.030794
vt 0.106880 0.013237
vt 0.678725 0.553147
vt 0.943135 0.176221
vt 0.932656 0.180256
vt 0.937552 0.175535
vt 0.349847 0.218546
vt 0.035106 0.844676
vt 0.896166 0.755146
vt 0.883783 0.762295
vt 0.882787 0.738241
vt 0.624773 0.264957
vt 0.626125 0.277322
vt 0.994582 0.398248
vt 0.991101 0.395811
vt 0.998325 0.395826
vt 0.862686 0.551815
vt 0.866168 0.529535
vt 0.876489 0.513643
vt 0.575252 0.170538
vt 0.561046 0.178334
vt 0.201226 0.378759
vt 0.156443 0.374516
vt 0.177212 0.367561
vt 0.801196 0.203139
vt 0.814988 0.233976
vt 0.808152 0.235863
vt 0.152631 0.229395
vt 0.284232 0.684939
vt 0.310653 0.687250
vt 0.281712 0.694012
vt 0.022707 0.173824
vt 0.020523 0.176976
vt 0.020443 0.171923
vt 0.202856 0.748843
vt 0.180819 0.776573
vt 0.165269 0.752627
vt 0.044991 0.375218
vt 0.152285 0.367101
vt 0.276687 0.531145
vt 0.252693 0.531145
vt 0.294446 0.509947
vt 0.206009 0.023336
vt 0.212190 0.022246
vt 0.207622 0.034626
vt 0.677017 0.541929
vt 0.636550 0.298809
vt 0.209378 0.778935
vt 0.777216 0.831267
vt 0.735069 0.810224
vt 0.761919 0.819316
vt 0.938179 0.988436
vt 0.939968 0.986935
vt 0.939697 0.994938
vt 0.713787 0.845425
vt 0.710023 0.847803
vt 0.999485 0.259227
vt 0.994473 0.259227
vt 0.997547 0.254872
vt 0.027509 0.180857
vt 0.029560 0.174571
vt 0.252853 0.538461
vt 0.361532 0.215241
vt 0.023036 0.167709
vt 0.907510 0.136905
vt 0.587322 0.219785
vt 0.646818 0.016397
vt 0.646240 0.019678
vt 0.636582 0.014739
vt 0.430100 0.771112
vt 0.420218 0.783409
vt 0.390280 0.783409
vt 0.115441 0.032080
vt 0.841797 0.690068
vt 0.823410 0.716328
vt 0.839591 0.670379
vt 0.321500 0.228173
vt 0.586733 0.189989
vt 0.440041 0.776648
vt 0.432330 0.784276
vt 0.525835 0.818941
vt 0.223823 0.023182
vt 0.214746 0.033453
vt 0.821296 0.237958
vt 0.805105 0.199556
vt 0.817423 0.215994
vt 0.649935 0.020004
vt 0.113005 0.173110
vt 0.482240 0.876115
vt 0.439639 0.871416
vt 0.479957 0.873192
vt 0.594922 0.761339
vt 0.575395 0.764782
vt 0.602194 0.752977
vt 0.475724 0.857017
vt 0.440903 0.157590
vt 0.413226 0.158081
vt 0.411954 0.150863
vt 0.943171 0.168221
vt 0.821296 0.680438
vt 0.587922 0.764347
vt 0.796711 0.991652
vt 0.798455 0.996441
vt 0.796820 0.998278
vt 0.026883 0.436270
vt 0.032622 0.432956
vt 0.031828 0.444600
vt 0.206503 0.963216
vt 0.213922 0.947306
vt 0.217393 0.964577
vt 0.967725 0.652703
vt 0.967725 0.680127
vt 0.947179 0.667689
vt 0.444060 0.781471
vt 0.023826 0.444923
vt 0.036422 0.964549
vt 0.040735 0.946093
vt 0.055723 0.956588
vt 0.164256 0.065452
vt 0.199213 0.076810
vt 0.152637 0.097416
vt 0.316545 0.006574
vt 0.311748 0.013425
vt 0.311350 0.002184
vt 0.883318 0.774347
vt 0.170979 0.096913
vt 0.001357 0.568221
vt 0.003514 0.573096
vt 0.001018 0.575592
vt 0.690073 0.386388
vt 0.673862 0.356541
vt 0.684456 0.371188
vt 0.857140 0.374515
vt 0.864033 0.355575
vt 0.865418 0.384128
vt 0.909678 0.140107
vt 0.782999 0.730268
vt 0.789490 0.707068
vt 0.790485 0.726454
vt 0.295389 0.974498
vt 0.293819 0.987288
vt 0.288196 0.970919
vt 0.734869 0.824656
vt 0.588297 0.755782
vt 0.843357 0.678261
vt 0.985453 0.330115
vt 0.986249 0.315363
vt 0.993399 0.312761
vt 0.000531 0.154956
vt 0.005511 0.152457
vt 0.005223 0.156948
vt 0.439210 0.870138
vt 0.944841 0.039442
vt 0.951937 0.054660
vt 0.945281 0.068816
vt 0.810931 0.198725
vt 0.191408 0.952770
vt 0.190965 0.947684
vt 0.265730 0.689840
vt 0.164915 0.622888
vt 0.205779 0.638191
vt 0.174195 0.628041
vt 0.807091 0.002766
vt 0.807091 0.012339
vt 0.795628 0.003567
vt 0.022969 0.671795
vt 0.030562 0.663653
vt 0.025828 0.679751
vt 0.576382 0.814771
vt 0.566926 0.827373
vt 0.567255 0.814771
vt 0.935716 0.162506
vt 0.021805 0.679710
vt 0.445411 0.139481
vt 0.158704 0.098921
vt 0.393037 0.974367
vt 0.395465 0.974751
vt 0.386891 0.985272
vt 0.063992 0.002615
vt 0.068622 0.014904
vt 0.063992 0.012985
vt 0.993353 0.578644
vt 0.989997 0.597681
vt 0.988520 0.573014
vt 0.182955 0.626412
vt 0.256721 0.650401
vt 0.222991 0.737181
vt 0.202050 0.721400
vt 0.233792 0.729624
vt 0.573796 0.840315
vt 0.391350 0.986903
vt 0.397130 0.978932
vt 0.168538 0.243623
vt 0.020248 0.443455
vt 0.020530 0.426678
vt 0.780170 0.522287
vt 0.780495 0.553941
vt 0.777487 0.552950
vt 0.859614 0.323792
vt 0.865462 0.307723
vt 0.864509 0.329234
vt 0.152883 0.244760
vt 0.588401 0.937547
vt 0.557621 0.937547
vt 0.575643 0.934054
vt 0.066775 0.810187
vt 0.055783 0.820730
vt 0.048506 0.810337
vt 0.859654 0.331411
vt 0.223956 0.761459
vt 0.927431 0.049440
vt 0.929385 0.054529
vt 0.916665 0.047366
vt 0.580278 0.759954
vt 0.882922 0.035679
vt 0.884763 0.020190
vt 0.886967 0.027005
vt 0.934632 0.047544
vt 0.791404 0.038790
vt 0.786439 0.044305
vt 0.782112 0.030179
vt 0.883454 0.013667
vt 0.036896 0.941796
vt 0.948242 0.787039
vt 0.951570 0.797888
vt 0.940460 0.796128
vt 0.868499 0.514168
vt 0.583883 0.816088
vt 0.804653 0.189319
vt 0.823736 0.188024
vt 0.003216 0.150751
vt 0.181993 0.718668
vt 0.357105 0.933263
vt 0.369523 0.937783
vt 0.338433 0.937835
vt 0.859611 0.354962
vt 0.860478 0.340444
vt 0.024646 0.185765
vt 0.797264 0.194672
vt 0.926850 0.016940
vt 0.917982 0.022188
vt 0.914524 0.013182
vt 0.001541 0.580822
vt 0.738337 0.057480
vt 0.749553 0.052502
vt 0.762598 0.052502
vt 0.915382 0.253868
vt 0.899321 0.230708
vt 0.906930 0.230646
vt 0.018275 0.182308
vt 0.033875 0.735913
vt 0.032741 0.717171
vt 0.035235 0.720375
vt 0.991475 0.919273
vt 0.991475 0.895429
vt 0.993922 0.898234
vt 0.808417 0.491845
vt 0.807511 0.484463
vt 0.812800 0.502169
vt 0.957521 0.695885
vt 0.962906 0.700870
vt 0.963123 0.713346
vt 0.792390 0.226081
vt 0.027407 0.809409
vt 0.031593 0.808219
vt 0.046183 0.809495
vt 0.960424 0.689402
vt 0.258849 0.695765
vt 0.231611 0.987984
vt 0.231611 0.995958
vt 0.229114 0.987929
vt 0.767628 0.060288
vt 0.564771 0.839805
vt 0.314000 0.012343
vt 0.748385 0.219160
vt 0.740650 0.213386
vt 0.738906 0.200974
vt 0.034815 0.713735
vt 0.554528 0.817842
vt 0.547913 0.823254
vt 0.032777 0.408978
vt 0.037650 0.422367
vt 0.032340 0.431908
vt 0.782507 0.188578
vt 0.927877 0.155853
vt 0.864281 0.351391
vt 0.992022 0.408561
vt 0.998411 0.406486
vt 0.996354 0.414763
vt 0.428750 0.144604
vt 0.220481 0.752994
vt 0.798086 0.451693
vt 0.815146 0.459880
vt 0.819095 0.497451
vt 0.258414 0.873543
vt 0.076492 0.011943
vt 0.134613 0.376368
vt 0.948195 0.882634
vt 0.955413 0.879337
vt 0.959157 0.884684
vt 0.749891 0.203265
vt 0.753873 0.203763
vt 0.755526 0.213567
vt 0.936306 0.071466
vt 0.525580 0.421763
vt 0.514959 0.432275
vt 0.490497 0.443166
vt 0.676636 0.440035
vt 0.676994 0.815986
vt 0.026313 0.879732
vt 0.031797 0.864666
vt 0.033102 0.883068
vt 0.031661 0.429360
vt 0.024827 0.425747
vt 0.031694 0.411022
vt 0.974877 0.229107
vt 0.977283 0.246137
vt 0.973018 0.255284
vt 0.568039 0.650916
vt 0.556146 0.623960
vt 0.576215 0.644755
vt 0.733201 0.050711
vt 0.747535 0.051965
vt 0.724393 0.058662
vt 0.948500 0.856504
vt 0.992491 0.337793
vt 0.350873 0.586581
vt 0.340982 0.630090
vt 0.349407 0.548346
vt 0.130417 0.996956
vt 0.137890 0.991526
vt 0.141990 0.998403
vt 0.607494 0.203192
vt 0.004507 0.144160
vt 0.539729 0.850541
vt 0.528611 0.822304
vt 0.531726 0.810679
vt 0.789581 0.026645
vt 0.527656 0.839541
vt 0.248600 0.946015
vt 0.219175 0.946015
vt 0.229708 0.944721
vt 0.116895 0.548995
vt 0.136981 0.584395
vt 0.141593 0.605691
vt 0.655786 0.818588
vt 0.230547 0.035156
vt 0.830470 0.482447
vt 0.830470 0.451339
vt 0.835344 0.493451
vt 0.949086 0.691204
vt 0.592401 0.163525
vt 0.612100 0.189698
vt 0.351321 0.621661
vt 0.880673 0.940408
vt 0.890544 0.935125
vt 0.892508 0.944363
vt 0.807711 0.507291
vt 0.960605 0.100071
vt 0.951489 0.097509
vt 0.950988 0.087952
vt 0.944732 0.075659
vt 0.955711 0.079597
vt 0.028443 0.950491
vt 0.029966 0.946307
vt 0.029735 0.966080
vt 0.545011 0.614929
vt 0.538939 0.620327
vt 0.527741 0.604334
vt 0.296913 0.933891
vt 0.283007 0.932675
vt 0.314173 0.933539
vt 0.607865 0.872496
vt 0.594777 0.871259
vt 0.601090 0.847696
vt 0.617565 0.823700
vt 0.597741 0.831605
vt 0.608489 0.820926
vt 0.626992 0.298515
vt 0.617339 0.017540
vt 0.617339 0.006629
vt 0.619821 0.008013
vt 0.810536 0.036023
vt 0.796938 0.024678
vt 0.783579 0.632417
vt 0.793009 0.616084
vt 0.815615 0.653444
vt 0.220148 0.535273
vt 0.050961 0.664292
vt 0.060701 0.667305
vt 0.056590 0.686647
vt 0.948902 0.148927
vt 0.814064 0.505670
vt 0.810771 0.515759
vt 0.597529 0.230474
vt 0.602480 0.231470
vt 0.606089 0.274401
vt 0.923556 0.785940
vt 0.747433 0.050621
vt 0.694158 0.815756
vt 0.024198 0.413372
vt 0.150338 0.615645
vt 0.634991 0.017905
vt 0.903751 0.089550
vt 0.884758 0.090967
vt 0.884758 0.068930
vt 0.539984 0.820731
vt 0.315992 0.201402
vt 0.298892 0.199906
vt 0.335890 0.193614
vt 0.864736 0.434526
vt 0.876955 0.436432
vt 0.866316 0.465664
vt 0.913308 0.674332
vt 0.906976 0.688707
vt 0.895714 0.683214
vt 0.630721 0.022816
vt 0.628342 0.027517
vt 0.620899 0.021271
vt 0.216439 0.735667
vt 0.006297 0.442174
vt 0.002767 0.442483
vt 0.003908 0.434699
vt 0.867311 0.928749
vt 0.870208 0.935102
vt 0.584538 0.298569
vt 0.663878 0.978495
vt 0.674026 0.980285
vt 0.653768 0.980719
vt 0.937724 0.782669
vt 0.027332 0.801272
vt 0.561238 0.231508
vt 0.353958 0.976705
vt 0.349053 0.990182
vt 0.347955 0.975578
vt 0.545982 0.645239
vt 0.382348 0.156135
vt 0.908885 0.516474
vt 0.908885 0.483023
vt 0.920420 0.498543
vt 0.598412 0.823400
vt 0.937682 0.698592
vt 0.339042 0.644638
vt 0.119026 0.376268
vt 0.244825 0.861967
vt 0.747378 0.227790
vt 0.677930 0.980443
vt 0.692160 0.985066
vt 0.686521 0.994884
vt 0.389094 0.149069
vt 0.909426 0.022148
vt 0.907490 0.015661
vt 0.949917 0.298916
vt 0.941335 0.302918
vt 0.949067 0.290823
vt 0.629521 0.019909
vt 0.539631 0.826296
vt 0.630278 0.317627
vt 0.606098 0.559537
vt 0.601954 0.588165
vt 0.589269 0.603283
vt 0.598239 0.298403
vt 0.919541 0.785451
vt 0.928554 0.776482
vt 0.934476 0.781451
vt 0.784785 0.757067
vt 0.587390 0.921473
vt 0.578560 0.923875
vt 0.568001 0.920032
vt 0.155625 0.161136
vt 0.125245 0.158478
vt 0.165942 0.154235
vt 0.886797 0.694704
vt 0.005339 0.430125
vt 0.147647 0.072285
vt 0.761558 0.119751
vt 0.761825 0.136553
vt 0.749708 0.129010
vt 0.139070 0.135149
vt 0.049542 0.013857
vt 0.049034 0.008055
vt 0.057396 0.014309
vt 0.975548 0.938699
vt 0.980645 0.938983
vt 0.977251 0.958234
vt 0.946021 0.287525
vt 0.960693 0.682424
vt 0.244895 0.737599
vt 0.251030 0.728179
vt 0.901650 0.061941
vt 0.095507 0.124987
vt 0.097244 0.130134
vt 0.079731 0.133222
vt 0.796536 0.327479
vt 0.795628 0.361305
vt 0.787552 0.352164
vt 0.800218 0.257082
vt 0.968060 0.325907
vt 0.959765 0.322056
vt 0.961791 0.311728
vt 0.319723 0.187803
vt 0.076072 0.002216
vt 0.079706 0.126988
vt 0.975065 0.777250
vt 0.975065 0.751451
vt 0.982135 0.764347
vt 0.688593 0.823730
vt 0.712925 0.826718
vt 0.686998 0.834150
vt 0.150287 0.164677
vt 0.025890 0.968065
vt 0.026836 0.948350
vt 0.027655 0.958052
vt 0.548602 0.293438
vt 0.997405 0.456652
vt 0.993161 0.462493
vt 0.993028 0.455936
vt 0.071151 0.113934
vt 0.461555 0.031523
vt 0.458385 0.028353
vt 0.460598 0.013794
vt 0.947666 0.158036
vt 0.590706 0.319532
vt 0.603931 0.306170
vt 0.074049 0.147180
vt 0.109784 0.204110
vt 0.247515 0.760577
vt 0.268622 0.751768
vt 0.260510 0.761714
vt 0.956113 0.867160
vt 0.197122 0.961807
vt 0.208719 0.977770
vt 0.198216 0.973966
vt 0.528132 0.091033
vt 0.527206 0.094489
vt 0.512448 0.088263
vt 0.673675 0.523255
vt 0.046696 0.745949
vt 0.067293 0.720257
vt 0.068029 0.749710
vt 0.598255 0.609581
vt 0.954350 0.315137
vt 0.032142 0.790706
vt 0.234888 0.751248
vt 0.117413 0.136958
vt 0.797576 0.753900
vt 0.679820 0.518758
vt 0.072604 0.816947
vt 0.913016 0.039347
vt 0.897944 0.040244
vt 0.893415 0.033774
vt 0.353727 0.987751
vt 0.958451 0.306580
vt 0.960977 0.304088
vt 0.947812 0.768074
vt 0.129899 0.169987
vt 0.118157 0.167835
vt 0.340835 0.663588
vt 0.057708 0.006587
vt 0.754356 0.231371
vt 0.780755 0.584212
vt 0.007712 0.720440
vt 0.007712 0.705038
vt 0.010918 0.714528
vt 0.515351 0.887267
vt 0.547644 0.887267
vt 0.510261 0.896800
vt 0.940818 0.279995
vt 0.554457 0.631576
vt 0.554714 0.671918
vt 0.329382 0.185533
vt 0.760152 0.937674
vt 0.756352 0.951551
vt 0.749413 0.943874
vt 0.811452 0.033651
vt 0.792778 0.020083
vt 0.808023 0.013680
vt 0.381049 0.002585
vt 0.376444 0.008924
vt 0.374238 0.002154
vt 0.015079 0.138264
vt 0.009090 0.134806
vt 0.014368 0.123569
vt 0.638521 0.551144
vt 0.664671 0.513761
vt 0.669204 0.545734
vt 0.543218 0.836159
vt 0.754892 0.162940
vt 0.741521 0.142616
vt 0.738861 0.124030
vt 0.769128 0.948663
vt 0.559249 0.760957
vt 0.687717 0.064312
vt 0.669963 0.065330
vt 0.657175 0.060676
vt 0.526737 0.853470
vt 0.252389 0.870455
vt 0.939172 0.147035
vt 0.830338 0.980337
vt 0.825354 0.975353
vt 0.844334 0.975823
vt 0.552061 0.298834
vt 0.651398 0.517921
vt 0.543564 0.898232
vt 0.257411 0.764441
vt 0.275854 0.761677
vt 0.275854 0.780395
vt 0.620018 0.910225
vt 0.653899 0.910053
vt 0.635241 0.911556
vt 0.963404 0.054061
vt 0.966708 0.078907
vt 0.959738 0.056010
vt 0.119531 0.370782
vt 0.084052 0.157969
vt 0.333504 0.664118
vt 0.994921 0.177082
vt 0.994042 0.174379
vt 0.999412 0.175545
vt 0.226632 0.782273
vt 0.051736 0.643501
vt 0.050652 0.651539
vt 0.907716 0.426938
vt 0.900852 0.431494
vt 0.891819 0.422139
vt 0.962447 0.091254
vt 0.969578 0.081070
vt 0.968688 0.108256
vt 0.024562 0.569646
vt 0.019431 0.585440
vt 0.019244 0.571970
vt 0.910289 0.029114
vt 0.874466 0.858157
vt 0.839225 0.864317
vt 0.836064 0.857540
vt 0.909635 0.437703
vt 0.375429 0.772642
vt 0.357311 0.766841
vt 0.368144 0.765357
vt 0.437325 0.790525
vt 0.398933 0.785455
vt 0.435241 0.787549
vt 0.758660 0.765911
vt 0.773125 0.780376
vt 0.743211 0.776357
vt 0.949446 0.279220
vt 0.580309 0.093109
vt 0.528234 0.108658
vt 0.531030 0.057755
vt 0.491955 0.014875
vt 0.491955 0.003252
vt 0.499485 0.011493
vt 0.033948 0.177559
vt 0.033948 0.155271
vt 0.039063 0.174219
vt 0.598720 0.317631
vt 0.078449 0.041551
vt 0.052600 0.041138
vt 0.065242 0.033926
vt 0.579000 0.677443
vt 0.800844 0.471868
vt 0.981948 0.253713
vt 0.441397 0.952864
vt 0.446562 0.959019
vt 0.418997 0.958433
vt 0.068692 0.740824
vt 0.119123 0.735523
vt 0.072399 0.768363
vt 0.787723 0.314978
vt 0.795095 0.300830
vt 0.559498 0.764663
vt 0.018340 0.223782
vt 0.018992 0.216333
vt 0.025352 0.229540
vt 0.955016 0.303189
vt 0.776553 0.053179
vt 0.843972 0.868039
vt 0.604382 0.644705
vt 0.591234 0.634160
vt 0.379305 0.974326
vt 0.914866 0.873092
vt 0.906595 0.867808
vt 0.911994 0.867223
vt 0.877508 0.006077
vt 0.882561 0.013294
vt 0.877257 0.017589
vt 0.839721 0.474212
vt 0.850999 0.975405
vt 0.869545 0.975405
vt 0.863882 0.984817
vt 0.590522 0.917033
vt 0.621619 0.919754
vt 0.589358 0.921838
vt 0.902679 0.444790
vt 0.346747 0.773542
vt 0.105237 0.793255
vt 0.109418 0.791222
vt 0.123164 0.806488
vt 0.238430 0.759218
vt 0.316597 0.668908
vt 0.137857 0.629795
vt 0.057272 0.386084
vt 0.509783 0.016604
vt 0.506628 0.012707
vt 0.514718 0.017764
vt 0.277379 0.007540
vt 0.270456 0.005290
vt 0.276937 0.001524
vt 0.627635 0.522988
vt 0.518888 0.012167
vt 0.516995 0.021569
vt 0.777151 0.588488
vt 0.283964 0.934054
vt 0.307636 0.936125
vt 0.276453 0.937547
vt 0.776826 0.943116
vt 0.225393 0.690539
vt 0.151729 0.114466
vt 0.882871 0.055055
vt 0.000823 0.467815
vt 0.006317 0.480322
vt 0.000229 0.474601
vt 0.476752 0.091597
vt 0.220011 0.541247
vt 0.720396 0.590152
vt 0.713879 0.610731
vt 0.712524 0.591540
vt 0.787099 0.766516
vt 0.685864 0.060048
vt 0.245671 0.868419
vt 0.579288 0.894434
vt 0.617087 0.894434
vt 0.603437 0.897107
vt 0.888063 0.423711
vt 0.876273 0.399288
vt 0.887494 0.385916
vt 0.123212 0.810805
vt 0.106430 0.165327
vt 0.097315 0.157863
vt 0.318545 0.175411
vt 0.085354 0.442927
vt 0.078536 0.451053
vt 0.074767 0.435701
vt 0.865873 0.429150
vt 0.871622 0.425660
vt 0.992121 0.419298
vt 0.992121 0.411014
vt 0.997305 0.419194
vt 0.006400 0.710832
vt 0.002160 0.716888
vt 0.002274 0.704059
vt 0.498504 0.830849
vt 0.521563 0.838342
vt 0.486872 0.847697
vt 0.554100 0.923506
vt 0.914962 0.691494
vt 0.879585 0.999966
vt 0.872747 0.994998
vt 0.883044 0.995306
vt 0.832548 0.071057
vt 0.851045 0.096544
vt 0.836188 0.109010
vt 0.169048 0.001165
vt 0.165253 0.006388
vt 0.161768 0.001274
vt 0.204118 0.935247
vt 0.235459 0.935247
vt 0.205816 0.937361
vt 0.993462 0.483259
vt 0.993462 0.477970
vt 0.998482 0.478502
vt 0.996846 0.336284
vt 0.994967 0.331122
vt 0.996977 0.326354
vt 0.006268 0.469411
vt 0.690010 0.675564
vt 0.675780 0.679966
vt 0.694345 0.657390
vt 0.076108 0.478807
vt 0.139127 0.027612
vt 0.147420 0.036199
vt 0.135422 0.032090
vt 0.320608 0.775296
vt 0.320442 0.762468
vt 0.329696 0.767140
vt 0.126532 0.631279
vt 0.025466 0.212555
vt 0.622515 0.816116
vt 0.319688 0.813044
vt 0.341035 0.805256
vt 0.338747 0.812714
vt 0.706762 0.809354
vt 0.778340 0.766399
vt 0.078822 0.033474
vt 0.785926 0.548233
vt 0.784631 0.528062
vt 0.791913 0.531784
vt 0.894801 0.898130
vt 0.670140 0.563956
vt 0.643515 0.571733
vt 0.643978 0.003025
vt 0.643978 0.015102
vt 0.636485 0.012502
vt 0.717855 0.566579
vt 0.607014 0.231771
vt 0.455252 0.087786
vt 0.543278 0.959092
vt 0.515635 0.959092
vt 0.529143 0.951785
vt 0.831959 0.109853
vt 0.081317 0.493302
vt 0.957875 0.541932
vt 0.966596 0.548039
vt 0.958760 0.569347
vt 0.951627 0.306825
vt 0.000167 0.831702
vt 0.004179 0.819355
vt 0.005372 0.826212
vt 0.507507 0.954845
vt 0.511038 0.959053
vt 0.483423 0.958785
vt 0.032296 0.695373
vt 0.035680 0.690540
vt 0.034265 0.712783
vt 0.243512 0.746104
vt 0.630982 0.060184
vt 0.395387 0.937365
vt 0.398283 0.933229
vt 0.426365 0.935719
vt 0.995615 0.814832
vt 0.997840 0.817057
vt 0.995908 0.823637
vt 0.796117 0.604170
vt 0.790249 0.243643
vt 0.110116 0.918192
vt 0.101217 0.921595
vt 0.101471 0.915875
vt 0.110827 0.911413
vt 0.107077 0.905042
vt 0.128840 0.905042
vt 0.487961 0.955293
vt 0.862316 0.772050
vt 0.850172 0.772388
vt 0.851090 0.759671
vt 0.045959 0.769559
vt 0.062439 0.762577
vt 0.147838 0.122191
vt 0.926827 0.035376
vt 0.451017 0.784500
vt 0.317171 0.808343
vt 0.033998 0.245347
vt 0.038683 0.259148
vt 0.033825 0.261414
vt 0.559875 0.055319
vt 0.868389 0.424064
vt 0.005961 0.678107
vt 0.002096 0.672587
vt 0.005503 0.665297
vt 0.997876 0.772594
vt 0.997876 0.781786
vt 0.995578 0.779008
vt 0.859084 0.089349
vt 0.863327 0.116665
vt 0.860189 0.101983
vt 0.180051 0.012912
vt 0.187735 0.018122
vt 0.181715 0.016178
vt 0.487275 0.030196
vt 0.467911 0.016128
vt 0.481688 0.020530
vt 0.879620 0.681690
vt 0.854669 0.683626
vt 0.863052 0.668247
vt 0.977959 0.896699
vt 0.977959 0.871176
vt 0.980752 0.889027
vt 0.139408 0.130838
vt 0.151910 0.134337
vt 0.748697 0.955012
vt 0.736243 0.946178
vt 0.746914 0.939248
vt 0.405381 0.986717
vt 0.420904 0.983971
vt 0.417469 0.986717
vt 0.905202 0.928004
vt 0.876269 0.929930
vt 0.878041 0.928004
vt 0.152587 0.012860
vt 0.152830 0.007738
vt 0.157126 0.007362
vt 0.702666 0.058122
vt 0.715060 0.672840
vt 0.036498 0.266937
vt 0.042052 0.272492
vt 0.037428 0.289457
vt 0.602055 0.036394
vt 0.566623 0.039160
vt 0.582582 0.034691
vt 0.970272 0.080380
vt 0.719820 0.618792
vt 0.893866 0.934030
vt 0.923203 0.151326
vt 0.993894 0.797469
vt 0.989489 0.785966
vt 0.992957 0.773025
vt 0.220622 0.740677
vt 0.053504 0.926729
vt 0.056152 0.943440
vt 0.043842 0.937843
vt 0.035738 0.767568
vt 0.035738 0.789330
vt 0.032238 0.782624
vt 0.972183 0.172453
vt 0.972183 0.199651
vt 0.969911 0.176845
vt 0.700548 0.639832
vt 0.711513 0.649368
vt 0.071043 0.732644
vt 0.382356 0.964720
vt 0.377238 0.961765
vt 0.404233 0.962618
vt 0.885513 0.773458
vt 0.888769 0.780299
vt 0.883349 0.796981
vt 0.677029 0.022603
vt 0.655273 0.020700
vt 0.680578 0.020843
vt 0.130842 0.804335
vt 0.205151 0.034659
vt 0.201960 0.016561
vt 0.205391 0.014183
vt 0.035580 0.428610
vt 0.035580 0.451551
vt 0.032396 0.447327
vt 0.455754 0.090354
vt 0.983176 0.251093
vt 0.189192 0.998990
vt 0.180395 0.998990
vt 0.181389 0.993960
vt 0.902211 0.206594
vt 0.897073 0.195575
vt 0.917509 0.205952
vt 0.259879 0.725143
vt 0.776282 0.058162
vt 0.750343 0.783938
vt 0.917099 0.190017
vt 0.920926 0.189538
vt 0.219614 0.774379
vt 0.812602 0.013648
vt 0.816175 0.021309
vt 0.812224 0.034187
vt 0.902777 0.468596
vt 0.904367 0.460546
vt 0.908959 0.461089
vt 0.081792 0.138505
vt 0.417619 0.139020
vt 0.769840 0.123799
vt 0.747859 0.099806
vt 0.767900 0.108272
vt 0.222509 0.698243
vt 0.228434 0.754484
vt 0.595224 0.832942
vt 0.610661 0.856321
vt 0.618930 0.061026
vt 0.935769 0.013246
vt 0.939897 0.020395
vt 0.935229 0.034085
vt 0.570300 0.670431
vt 0.465436 0.917061
vt 0.470617 0.911101
vt 0.492958 0.911101
vt 0.069852 0.769272
vt 0.669830 0.600539
vt 0.651240 0.579579
vt 0.000133 0.295388
vt 0.001253 0.289037
vt 0.001377 0.301094
vt 0.035040 0.267745
vt 0.906764 0.441661
vt 0.605432 0.027571
vt 0.499821 0.918204
vt 0.032294 0.971833
vt 0.052299 0.965333
vt 0.048153 0.972230
vt 0.002995 0.886802
vt 0.000521 0.893599
vt 0.000026 0.881829
vt 0.127230 0.811497
vt 0.837015 0.444615
vt 0.777274 0.950674
vt 0.482788 0.974922
vt 0.482788 0.987313
vt 0.465349 0.977180
vt 0.794701 0.462948
vt 0.524087 0.012540
vt 0.353658 0.157497
vt 0.129328 0.020699
vt 0.911097 0.904176
vt 0.031609 0.851567
vt 0.050275 0.857632
vt 0.027771 0.861927
vt 0.948355 0.331977
vt 0.951057 0.333266
vt 0.137828 0.099548
vt 0.154680 0.984855
vt 0.154680 0.978388
vt 0.172108 0.981532
vt 0.258032 0.005017
vt 0.263483 0.001056
vt 0.267144 0.006497
vt 0.794023 0.495915
vt 0.274421 0.760417
vt 0.539993 0.276675
vt 0.586276 0.917308
vt 0.562576 0.916648
vt 0.567177 0.912190
vt 0.754462 0.079731
vt 0.796218 0.660960
vt 0.807751 0.656957
vt 0.815982 0.665189
vt 0.435545 0.803855
vt 0.447081 0.809961
vt 0.440372 0.811498
vt 0.874967 0.424759
vt 0.910823 0.711311
vt 0.639419 0.812403
vt 0.895288 0.205094
vt 0.125362 0.913573
vt 0.046046 0.648931
vt 0.572804 0.035786
vt 0.251771 0.017158
vt 0.245943 0.014701
vt 0.251110 0.006744
vt 0.910424 0.060442
vt 0.910684 0.084587
vt 0.899413 0.055083
vt 0.746058 0.938189
vt 0.729894 0.943409
vt 0.731048 0.938189
vt 0.544063 0.299876
vt 0.538477 0.292390
vt 0.062182 0.014562
vt 0.062245 0.007237
vt 0.127566 0.189401
vt 0.320398 0.792612
vt 0.583618 0.913812
vt 0.596538 0.911997
vt 0.951057 0.387165
vt 0.958850 0.386759
vt 0.964246 0.406894
vt 0.530336 0.253724
vt 0.890938 0.451085
vt 0.576618 0.034406
vt 0.130964 0.103948
vt 0.150873 0.111195
vt 0.128485 0.116210
vt 0.689729 0.952121
vt 0.682006 0.938188
vt 0.696260 0.947381
vt 0.903004 0.218806
vt 0.302982 0.951775
vt 0.302982 0.966654
vt 0.280603 0.958911
vt 0.852374 0.572878
vt 0.855822 0.576327
vt 0.846661 0.572088
vt 0.876926 0.867537
vt 0.899871 0.264318
vt 0.746397 0.039491
vt 0.732955 0.044165
vt 0.715325 0.034368
vt 0.173470 0.941235
vt 0.173747 0.944395
vt 0.169398 0.941039
vt 0.975376 0.478266
vt 0.981825 0.481429
vt 0.976642 0.500769
vt 0.007113 0.509234
vt 0.011014 0.517601
vt 0.007344 0.524502
vt 0.033268 0.387653
vt 0.039240 0.371247
vt 0.038813 0.394111
vt 0.721091 0.947670
vt 0.976254 0.964121
vt 0.824284 0.400379
vt 0.829290 0.419061
vt 0.826364 0.447557
vt 0.850181 0.726790
vt 0.855314 0.740395
vt 0.847724 0.754668
vt 0.377037 0.785935
vt 0.392186 0.789994
vt 0.358615 0.791482
vt 0.684827 0.640399
vt 0.712583 0.707828
vt 0.679156 0.696374
vt 0.797804 0.522919
vt 0.341226 0.793481
vt 0.888824 0.429530
vt 0.584174 0.060814
vt 0.478288 0.937570
vt 0.503834 0.937570
vt 0.473003 0.939066
vt 0.788163 0.771483
vt 0.827086 0.878591
vt 0.818983 0.878581
vt 0.800343 0.871797
vt 0.412339 0.990599
vt 0.405444 0.990309
vt 0.128008 0.026980
vt 0.742291 0.967843
vt 0.741092 0.951370
vt 0.753053 0.960585
vt 0.541462 0.228806
vt 0.951552 0.232892
vt 0.944481 0.236812
vt 0.943235 0.225320
vt 0.283397 0.991398
vt 0.280047 0.992752
vt 0.283210 0.983079
vt 0.626066 0.321035
vt 0.794571 0.058883
vt 0.552232 0.980698
vt 0.532361 0.980698
vt 0.537065 0.978517
vt 0.446815 0.824175
vt 0.174300 0.014718
vt 0.764707 0.227517
vt 0.115490 0.102547
vt 0.710240 0.947010
vt 0.627266 0.918245
vt 0.892873 0.764953
vt 0.300890 0.791634
vt 0.293474 0.813568
vt 0.600003 0.661510
vt 0.994606 0.854807
vt 0.994606 0.851638
vt 0.997842 0.853247
vt 0.829259 0.429566
vt 0.828193 0.476778
vt 0.827189 0.453231
vt 0.871489 0.118425
vt 0.860636 0.089349
vt 0.869511 0.095816
vt 0.790078 0.119600
vt 0.783732 0.089237
vt 0.797940 0.112270
vt 0.027987 0.965369
vt 0.726162 0.702735
vt 0.730142 0.657237
vt 0.780402 0.690717
vt 0.190272 0.255150
vt 0.733869 0.034028
vt 0.751661 0.029261
vt 0.758075 0.034183
vt 0.828145 0.494818
vt 0.824927 0.506827
vt 0.825438 0.458429
vt 0.865745 0.122796
vt 0.018182 0.031674
vt 0.018182 0.015154
vt 0.026129 0.016853
vt 0.689048 0.931565
vt 0.715114 0.629256
vt 0.982230 0.854875
vt 0.980126 0.878929
vt 0.979502 0.853196
vt 0.069496 0.775211
vt 0.627178 0.980123
vt 0.606961 0.980123
vt 0.621311 0.977581
vt 0.292331 0.987742
vt 0.286722 0.990357
vt 0.287718 0.974396
vt 0.575015 0.108043
vt 0.950155 0.414349
vt 0.624422 0.596708
vt 0.470343 0.767924
vt 0.483052 0.748385
vt 0.522507 0.776012
vt 0.137423 0.874318
vt 0.114477 0.880466
vt 0.101752 0.874872
vt 0.909492 0.057730
vt 0.098189 0.373982
vt 0.471853 0.743428
vt 0.084862 0.037056
vt 0.100782 0.103416
vt 0.103875 0.115002
vt 0.826833 0.465304
vt 0.135440 0.911124
vt 0.459271 0.810932
vt 0.460749 0.817913
vt 0.774031 0.750066
vt 0.810592 0.601843
vt 0.992404 0.471117
vt 0.988462 0.456405
vt 0.992202 0.446305
vt 0.507530 0.977221
vt 0.505036 0.970368
vt 0.507552 0.959838
vt 0.717185 0.937255
vt 0.395599 0.785558
vt 0.259077 0.336367
vt 0.271396 0.336033
vt 0.240133 0.344952
vt 0.536120 0.308756
vt 0.709050 0.924517
vt 0.711932 0.927950
vt 0.680314 0.927696
vt 0.301419 0.784662
vt 0.318353 0.776251
vt 0.841947 0.329195
vt 0.851432 0.293797
vt 0.849418 0.342155
vt 0.587584 0.094271
vt 0.303210 0.167913
vt 0.007187 0.778373
vt 0.007187 0.762916
vt 0.012954 0.766812
vt 0.428041 0.815885
vt 0.443508 0.831376
vt 0.175663 0.011586
vt 0.980375 0.474558
vt 0.024970 0.195058
vt 0.024970 0.211794
vt 0.018837 0.195054
vt 0.508996 0.002061
vt 0.511836 0.010799
vt 0.499745 0.013045
vt 0.033570 0.997516
vt 0.027264 0.998856
vt 0.026349 0.995102
vt 0.392611 0.025462
vt 0.369222 0.025462
vt 0.370305 0.013813
vt 0.475785 0.807435
vt 0.841349 0.910503
vt 0.848238 0.916284
vt 0.814903 0.915501
vt 0.908390 0.776902
vt 0.557770 0.427281
vt 0.542995 0.409729
vt 0.558714 0.382504
vt 0.259272 0.018090
vt 0.135423 0.923759
vt 0.878884 0.690591
vt 0.094495 0.812227
vt 0.883054 0.085054
vt 0.867198 0.079283
vt 0.883044 0.063292
vt 0.980171 0.441951
vt 0.975163 0.439461
vt 0.979248 0.430699
vt 0.199182 0.939690
vt 0.782116 0.782269
vt 0.839133 0.870654
vt 0.902382 0.778528
vt 0.620134 0.241150
vt 0.927036 0.664193
vt 0.932309 0.668039
vt 0.928892 0.669905
vt 0.943593 0.983468
vt 0.959469 0.986268
vt 0.942344 0.987327
vt 0.649682 0.941547
vt 0.664655 0.936056
vt 0.661218 0.940942
vt 0.894695 0.966528
vt 0.884767 0.959047
vt 0.907781 0.958734
vt 0.210226 0.998790
vt 0.205686 0.998790
vt 0.209504 0.990636
vt 0.677609 0.937565
vt 0.702139 0.048601
vt 0.842068 0.750260
vt 0.975576 0.856562
vt 0.978674 0.858731
vt 0.975506 0.882108
vt 0.990333 0.780020
vt 0.727310 0.968952
vt 0.059081 0.943390
vt 0.851324 0.109018
vt 0.815155 0.611378
vt 0.367941 0.012731
vt 0.367941 0.027048
vt 0.365191 0.023680
vt 0.987576 0.162687
vt 0.993794 0.168905
vt 0.988572 0.183738
vt 0.695535 0.617952
vt 0.937472 0.842499
vt 0.933157 0.864695
vt 0.918017 0.866463
vt 0.848591 0.592526
vt 0.837765 0.580543
vt 0.871996 0.103104
vt 0.796325 0.893412
vt 0.788809 0.898199
vt 0.770575 0.899794
vt 0.397404 0.996411
vt 0.397404 0.986469
vt 0.400179 0.987338
vt 0.050186 0.643441
vt 0.947595 0.273618
vt 0.837047 0.323368
vt 0.000565 0.998914
vt 0.000565 0.990008
vt 0.003464 0.991920
vt 0.532176 0.274292
vt 0.288180 0.783928
vt 0.033858 0.241519
vt 0.041167 0.238110
vt 0.040873 0.259183
vt 0.035179 0.236789
vt 0.755714 0.110633
vt 0.592769 0.988758
vt 0.609648 0.986149
vt 0.595399 0.993919
vt 0.882491 0.660061
vt 0.127925 0.170795
vt 0.703284 0.035139
vt 0.692459 0.035139
vt 0.706813 0.021607
vt 0.944062 0.668153
vt 0.198604 0.538515
vt 0.927428 0.830685
vt 0.897841 0.830685
vt 0.930457 0.823897
vt 0.841519 0.110150
vt 0.813306 0.036770
vt 0.855375 0.036770
vt 0.843500 0.046815
vt 0.993242 0.446259
vt 0.998414 0.450017
vt 0.993026 0.455050
vt 0.994622 0.368813
vt 0.996817 0.374844
vt 0.994821 0.378921
vt 0.735066 0.914403
vt 0.702584 0.910520
vt 0.715495 0.910952
vt 0.700618 0.810754
vt 0.606627 0.994809
vt 0.944063 0.027713
vt 0.938220 0.030074
vt 0.943195 0.014740
vt 0.938720 0.227946
vt 0.152567 0.806861
vt 0.919738 0.223352
vt 0.701490 0.915763
vt 0.915317 0.713885
vt 0.987215 0.423590
vt 0.985541 0.429836
vt 0.985092 0.405008
vt 0.412373 0.890559
vt 0.382893 0.889780
vt 0.396814 0.886390
vt 0.888226 0.969765
vt 0.965849 0.057386
vt 0.961945 0.045369
vt 0.970583 0.056378
vt 0.902150 0.765276
vt 0.726032 0.665913
vt 0.046392 0.631581
vt 0.681405 0.020686
vt 0.874857 0.446361
vt 0.582343 0.099396
vt 0.897674 0.780412
vt 0.685639 0.037723
vt 0.300936 0.759947
vt 0.450955 0.888522
vt 0.436764 0.893055
vt 0.429434 0.886905
vt 0.033015 0.749339
vt 0.035746 0.764825
vt 0.032230 0.771306
vt 0.656743 0.026160
vt 0.678090 0.024292
vt 0.682129 0.027571
vt 0.721370 0.640057
vt 0.723339 0.652058
vt 0.936750 0.253531
vt 0.945922 0.831484
vt 0.939860 0.838708
vt 0.916112 0.831726
vt 0.788115 0.985956
vt 0.791945 0.985956
vt 0.790667 0.996420
vt 0.798078 0.783635
vt 0.087862 0.105800
vt 0.034469 0.813867
vt 0.048443 0.814600
vt 0.054655 0.821077
vt 0.224695 0.349709
vt 0.073306 0.808645
vt 0.046507 0.806161
vt 0.044529 0.790046
vt 0.560926 0.986147
vt 0.548842 0.994926
vt 0.549879 0.981408
vt 0.867727 0.422689
vt 0.721515 0.638059
vt 0.763683 0.241750
vt 0.196729 0.532156
vt 0.615075 0.182444
vt 0.832820 0.582190
vt 0.084690 0.014866
vt 0.086103 0.006223
vt 0.090903 0.013201
vt 0.958879 0.226123
vt 0.958879 0.209581
vt 0.966598 0.224355
vt 0.595440 0.979007
vt 0.860148 0.755926
vt 0.657950 0.944608
vt 0.467770 0.912295
vt 0.435050 0.922927
vt 0.437058 0.909903
vt 0.590585 0.057836
vt 0.878640 0.381542
vt 0.878346 0.363365
vt 0.888018 0.373672
vt 0.832858 0.306311
vt 0.481930 0.842221
vt 0.040777 0.062491
vt 0.036248 0.046354
vt 0.040777 0.048913
vt 0.959058 0.236542
vt 0.218458 0.946563
vt 0.188894 0.946563
vt 0.207740 0.944172
vt 0.371704 0.705417
vt 0.118684 0.646234
vt 0.062832 0.914651
vt 0.048989 0.919690
vt 0.041397 0.914668
vt 0.181950 0.006546
vt 0.195190 0.006546
vt 0.193987 0.016113
vt 0.292153 0.989093
vt 0.297509 0.995949
vt 0.286076 0.993205
vt 0.543415 0.674060
vt 0.162323 0.005714
vt 0.165598 0.008319
vt 0.884590 0.127314
vt 0.868179 0.130802
vt 0.881309 0.094270
vt 0.730622 0.103424
vt 0.414101 0.891627
vt 0.306591 0.162896
vt 0.296120 0.164584
vt 0.480955 0.824508
vt 0.781411 0.077451
vt 0.759222 0.073346
vt 0.041347 0.639942
vt 0.041347 0.616352
vt 0.043245 0.630900
vt 0.095217 0.006904
vt 0.097586 0.014925
vt 0.628918 0.325615
vt 0.009944 0.357230
vt 0.009944 0.372378
vt 0.007679 0.367466
vt 0.276671 0.747972
vt 0.966599 0.230423
vt 0.523428 0.257804
vt 0.870123 0.645763
vt 0.565257 0.681401
vt 0.295105 0.987938
vt 0.194942 0.945003
vt 0.975016 0.457015
vt 0.466814 0.951848
vt 0.449964 0.959028
vt 0.445680 0.955434
vt 0.885266 0.501799
vt 0.899418 0.474759
vt 0.899729 0.481143
vt 0.798465 0.086041
vt 0.056976 0.251667
vt 0.052491 0.254257
vt 0.052302 0.244319
vt 0.847394 0.974643
vt 0.825818 0.974643
vt 0.836709 0.971479
vt 0.993533 0.660570
vt 0.984414 0.641015
vt 0.993934 0.636006
vt 0.553410 0.752338
vt 0.080481 0.107294
vt 0.075210 0.113738
vt 0.651601 0.998324
vt 0.648600 0.989088
vt 0.653012 0.989538
vt 0.275091 0.684201
vt 0.014178 0.975232
vt 0.014178 0.959310
vt 0.018048 0.961292
vt 0.306840 0.154254
vt 0.015033 0.149246
vt 0.015033 0.163946
vt 0.008129 0.158245
vt 0.447333 0.843174
vt 0.042172 0.068450
vt 0.161406 0.017448
vt 0.777954 0.995399
vt 0.783980 0.987105
vt 0.783908 0.996782
vt 0.039042 0.363802
vt 0.032388 0.349533
vt 0.040119 0.341133
vt 0.895994 0.970333
vt 0.917198 0.970333
vt 0.898374 0.973272
vt 0.031195 0.768305
vt 0.024353 0.753632
vt 0.032042 0.749318
vt 0.530423 0.293410
vt 0.585073 0.112588
vt 0.320874 0.164933
vt 0.128370 0.117670
vt 0.106024 0.120653
vt 0.592633 0.009549
vt 0.584105 0.003353
vt 0.590763 0.002536
vt 0.629599 0.021254
vt 0.648647 0.020884
vt 0.642895 0.027454
vt 0.047581 0.946383
vt 0.045667 0.258641
vt 0.438796 0.923369
vt 0.448942 0.919676
vt 0.473088 0.923727
vt 0.886065 0.467128
vt 0.012996 0.388211
vt 0.008312 0.402626
vt 0.007649 0.387908
vt 0.793690 0.533664
vt 0.790408 0.060995
vt 0.645288 0.975971
vt 0.631121 0.986265
vt 0.630140 0.977961
vt 0.602179 0.090839
vt 0.088531 0.450948
vt 0.111688 0.480674
vt 0.097006 0.489933
vt 0.165641 0.015969
vt 0.329650 0.885820
vt 0.321824 0.895147
vt 0.293210 0.887714
vt 0.420605 0.994378
vt 0.403715 0.908782
vt 0.375968 0.913674
vt 0.369196 0.908078
vt 0.860407 0.131698
vt 0.812181 0.010427
vt 0.807658 0.013039
vt 0.808148 0.002067
vt 0.748129 0.969577
vt 0.032911 0.906188
vt 0.043351 0.890900
vt 0.040196 0.909131
vt 0.861522 0.130691
vt 0.006418 0.815931
vt 0.004749 0.818314
vt 0.001550 0.812576
vt 0.467422 0.776210
vt 0.260456 0.736696
vt 0.278506 0.725995
vt 0.985524 0.931940
vt 0.990087 0.954278
vt 0.986315 0.954943
vt 0.782009 0.502020
vt 0.210669 0.394537
vt 0.200811 0.375159
vt 0.214781 0.365275
vt 0.015158 0.176363
vt 0.016345 0.162803
vt 0.016564 0.178586
vt 0.768660 0.061409
vt 0.106450 0.588567
vt 0.116062 0.579640
vt 0.124755 0.592055
vt 0.986501 0.520649
vt 0.996883 0.520649
vt 0.995039 0.529703
vt 0.565077 0.333514
vt 0.568787 0.446949
vt 0.969245 0.071449
vt 0.123341 0.466469
vt 0.780887 0.635634
vt 0.298507 0.153329
vt 0.050170 0.911214
vt 0.957825 0.210094
vt 0.957958 0.233006
vt 0.952918 0.223577
vt 0.042588 0.530942
vt 0.042588 0.553650
vt 0.040493 0.537729
vt 0.212362 0.873022
vt 0.193872 0.869762
vt 0.234123 0.868669
vt 0.730608 0.638102
vt 0.030199 0.835021
vt 0.022018 0.835737
vt 0.029763 0.817838
vt 0.035370 0.066611
vt 0.085361 0.439233
vt 0.757102 0.248698
vt 0.865563 0.291196
vt 0.870701 0.282298
vt 0.876632 0.297571
vt 0.713359 0.645405
vt 0.979103 0.365635
vt 0.982058 0.354608
vt 0.982629 0.381042
vt 0.000701 0.313690
vt 0.000701 0.301617
vt 0.001313 0.307786
vt 0.893622 0.464968
vt 0.601364 0.097277
vt 0.285871 0.751556
vt 0.867361 0.063059
vt 0.981797 0.646402
vt 0.974999 0.630018
vt 0.983208 0.630274
vt 0.977724 0.994860
vt 0.974617 0.999298
vt 0.974441 0.990128
vt 0.543464 0.036672
vt 0.410770 0.791365
vt 0.654893 0.024146
vt 0.793295 0.974247
vt 0.794584 0.960697
vt 0.802958 0.965847
vt 0.062341 0.268545
vt 0.325311 0.168002
vt 0.357070 0.144461
vt 0.604458 0.158648
vt 0.933769 0.246008
vt 0.478263 0.444062
vt 0.858703 0.959144
vt 0.841105 0.952739
vt 0.867858 0.953076
vt 0.065963 0.973899
vt 0.084591 0.979952
vt 0.066082 0.980280
vt 0.124306 0.072578
vt 0.132580 0.051531
vt 0.419725 0.886629
vt 0.494616 0.229150
vt 0.053176 0.300998
vt 0.921942 0.964739
vt 0.918574 0.954374
vt 0.945474 0.952683
vt 0.993905 0.685895
vt 0.993905 0.710379
vt 0.990486 0.699129
vt 0.768593 0.241018
vt 0.514806 0.236480
vt 0.953566 0.239050
vt 0.263121 0.006583
vt 0.457261 0.920147
vt 0.490876 0.920147
vt 0.488727 0.923257
vt 0.763335 0.002167
vt 0.763335 0.010925
vt 0.759827 0.003428
vt 0.218609 0.355379
vt 0.934433 0.684365
vt 0.831992 0.595432
vt 0.992508 0.496092
vt 0.993311 0.519076
vt 0.984534 0.519518
vt 0.856713 0.125474
vt 0.857134 0.109578
vt 0.504181 0.993962
vt 0.513442 0.993962
vt 0.511410 0.999492
vt 0.762258 0.246967
vt 0.091423 0.805053
vt 0.885486 0.351503
vt 0.930623 0.252583
vt 0.000278 0.818673
vt 0.077004 0.943571
vt 0.714170 0.921807
vt 0.698482 0.917908
vt 0.710610 0.918247
vt 0.456796 0.432196
vt 0.572338 0.700109
vt 0.568397 0.687452
vt 0.773374 0.894869
vt 0.990810 0.930757
vt 0.546144 0.756325
vt 0.974825 0.433862
vt 0.974825 0.407527
vt 0.982879 0.424732
vt 0.982958 0.452492
vt 0.981066 0.441759
vt 0.983184 0.426158
vt 0.531839 0.785166
vt 0.582965 0.785166
vt 0.533952 0.789860
vt 0.892744 0.023684
vt 0.887719 0.029673
vt 0.888339 0.013630
vt 0.045414 0.284330
vt 0.473253 0.958598
vt 0.995798 0.308499
vt 0.991614 0.308499
vt 0.993530 0.300263
vt 0.364773 0.706057
vt 0.090335 0.117382
vt 0.539296 0.757396
vt 0.529887 0.295715
vt 0.414980 0.895080
vt 0.807772 0.952757
vt 0.834725 0.952757
vt 0.817137 0.959126
vt 0.021664 0.823070
vt 0.795902 0.053523
vt 0.322277 0.148349
vt 0.009782 0.083668
vt 0.013884 0.078780
vt 0.013328 0.093426
vt 0.007403 0.938401
vt 0.014580 0.934257
vt 0.014132 0.947918
vt 0.052329 0.506390
vt 0.050446 0.504147
vt 0.057661 0.500722
vt 0.726900 0.809624
vt 0.252486 0.798506
vt 0.269143 0.810890
vt 0.261569 0.809329
vt 0.785733 0.766749
vt 0.772414 0.763664
vt 0.694275 0.002064
vt 0.694275 0.013041
vt 0.689914 0.004509
vt 0.292482 0.753465
vt 0.119311 0.210302
vt 0.122125 0.201283
vt 0.238197 0.286084
vt 0.231986 0.289311
vt 0.243726 0.280048
vt 0.098843 0.382007
vt 0.449042 0.984409
vt 0.462508 0.989648
vt 0.450274 0.994443
vt 0.135053 0.784292
vt 0.133514 0.772597
vt 0.140222 0.772597
vt 0.093603 0.788235
vt 0.080565 0.797364
vt 0.044363 0.788941
vt 0.841992 0.668121
vt 0.168061 0.783073
vt 0.170752 0.767997
vt 0.186723 0.785376
vt 0.007071 0.942114
vt 0.132512 0.779785
vt 0.342949 0.803772
vt 0.343927 0.792587
vt 0.350231 0.804089
vt 0.303080 0.149283
vt 0.000128 0.805697
vt 0.166122 0.023285
vt 0.152669 0.027143
vt 0.164441 0.017638
vt 0.162851 0.779056
vt 0.600551 0.051057
vt 0.143646 0.180727
vt 0.875844 0.257313
vt 0.342116 0.797005
vt 0.964096 0.025645
vt 0.276453 0.558311
vt 0.291507 0.552831
vt 0.290471 0.573956
vt 0.061692 0.519613
vt 0.051963 0.515445
vt 0.395548 0.793986
vt 0.376856 0.801451
vt 0.976906 0.655984
vt 0.628176 0.106406
vt 0.622428 0.119722
vt 0.618299 0.109238
vt 0.007268 0.448431
vt 0.007268 0.433240
vt 0.012873 0.437317
vt 0.106276 0.004959
vt 0.114633 0.002243
vt 0.116282 0.007324
vt 0.018271 0.734039
vt 0.023413 0.720644
vt 0.028557 0.720862
vt 0.905754 0.825472
vt 0.296371 0.002736
vt 0.296371 0.013880
vt 0.288221 0.006016
vt 0.272370 0.719083
vt 0.459943 0.992446
vt 0.592414 0.885953
vt 0.605511 0.883303
vt 0.617101 0.893635
vt 0.355199 0.968911
vt 0.358296 0.980470
vt 0.355476 0.986275
vt 0.448369 0.990439
vt 0.800665 0.958538
vt 0.167634 0.775848
vt 0.624011 0.221368
vt 0.843886 0.118268
vt 0.850315 0.395718
vt 0.849348 0.412218
vt 0.846165 0.411203
vt 0.845708 0.464489
vt 0.844088 0.484583
vt 0.835626 0.496669
vt 0.638571 0.698037
vt 0.636610 0.687673
vt 0.641369 0.687110
vt 0.215712 0.285309
vt 0.302327 0.666977
vt 0.288627 0.609478
vt 0.634514 0.691539
vt 0.308139 0.511271
vt 0.239335 0.811220
vt 0.239853 0.803842
vt 0.189983 0.359998
vt 0.169680 0.668181
vt 0.282744 0.678073
vt 0.127629 0.686218
vt 0.173534 0.958322
vt 0.175205 0.961215
vt 0.169055 0.962230
vt 0.789656 0.698854
vt 0.782714 0.695640
vt 0.784952 0.691762
vt 0.119547 0.478069
vt 0.115758 0.527434
vt 0.102192 0.550746
vt 0.886949 0.343030
vt 0.044552 0.487220
vt 0.255062 0.286221
vt 0.295150 0.537021
vt 0.364941 0.843819
vt 0.348976 0.842423
vt 0.394730 0.841981
vt 0.112176 0.571233
vt 0.580571 0.643899
vt 0.592101 0.640699
vt 0.593145 0.652637
vt 0.793544 0.958281
vt 0.148078 0.036239
vt 0.604165 0.118805
vt 0.077192 0.427107
vt 0.106375 0.432484
vt 0.263974 0.689321
vt 0.093062 0.572042
vt 0.095541 0.606479
vt 0.078931 0.602348
vt 0.954315 0.214356
vt 0.586834 0.893551
vt 0.702067 0.556891
vt 0.711218 0.540995
vt 0.703589 0.564113
vt 0.112726 0.491322
vt 0.297337 0.744832
vt 0.297020 0.235656
vt 0.280239 0.237125
vt 0.316550 0.212560
vt 0.812420 0.684320
vt 0.789061 0.705054
vt 0.822052 0.666776
vt 0.115585 0.549284
vt 0.118221 0.541882
vt 0.354161 0.156020
vt 0.094497 0.666614
vt 0.097162 0.706278
vt 0.091207 0.715471
vt 0.094156 0.991729
vt 0.088586 0.999395
vt 0.087617 0.990031
vt 0.154976 0.354780
vt 0.624574 0.201445
vt 0.851439 0.752994
vt 0.695382 0.038014
vt 0.046869 0.292238
vt 0.549355 0.033347
vt 0.592837 0.110765
vt 0.288572 0.150682
vt 0.993205 0.670369
vt 0.984382 0.679192
vt 0.984136 0.658920
vt 0.342495 0.143205
vt 0.098637 0.656724
vt 0.052515 0.481781
vt 0.142017 0.467610
vt 0.841841 0.407616
vt 0.286208 0.713410
vt 0.292123 0.709820
vt 0.096796 0.568734
vt 0.083769 0.382144
vt 0.689021 0.059288
vt 0.770661 0.249870
vt 0.846950 0.993302
vt 0.850106 0.981523
vt 0.850432 0.994811
vt 0.810935 0.961444
vt 0.228344 0.336761
vt 0.137466 0.334567
vt 0.790819 0.706880
vt 0.798650 0.715595
vt 0.937079 0.693309
vt 0.991347 0.667108
vt 0.754101 0.248179
vt 0.907474 0.515959
vt 0.902295 0.502745
vt 0.908177 0.502544
vt 0.557616 0.693687
vt 0.267475 0.279821
vt 0.721397 0.566285
vt 0.079274 0.652777
vt 0.098023 0.632203
vt 0.994505 0.103504
vt 0.994505 0.098410
vt 0.999453 0.103106
vt 0.077093 0.704485
vt 0.842252 0.654638
vt 0.863978 0.662619
vt 0.852164 0.658592
vt 0.845423 0.620362
vt 0.116398 0.991145
vt 0.122273 0.992076
vt 0.121753 0.998784
vt 0.994964 0.022775
vt 0.997852 0.027776
vt 0.994595 0.031103
vt 0.897272 0.506434
vt 0.264331 0.288256
vt 0.270396 0.284127
vt 0.922216 0.867752
vt 0.924916 0.893300
vt 0.915721 0.875493
vt 0.410535 0.249575
vt 0.385343 0.271915
vt 0.331319 0.273500
vt 0.791503 0.713871
vt 0.395455 0.969874
vt 0.379847 0.971848
vt 0.380678 0.967268
vt 0.160174 0.525828
vt 0.718094 0.488095
vt 0.608724 0.124705
vt 0.144544 0.448174
vt 0.609141 0.013783
vt 0.616260 0.014112
vt 0.614425 0.020961
vt 0.840880 0.411358
vt 0.626799 0.170052
vt 0.673633 0.845712
vt 0.668978 0.835487
vt 0.686280 0.832961
vt 0.793185 0.280791
vt 0.789573 0.270195
vt 0.794772 0.271793
vt 0.214013 0.562606
vt 0.262227 0.549331
vt 0.234153 0.570714
vt 0.994765 0.677955
vt 0.997830 0.682173
vt 0.993610 0.684583
vt 0.213845 0.475599
vt 0.760573 0.892754
vt 0.915169 0.868536
vt 0.171001 0.953682
vt 0.353299 0.140287
vt 0.229049 0.805626
vt 0.267278 0.275143
vt 0.048820 0.532892
vt 0.056167 0.532039
vt 0.044035 0.558350
vt 0.395587 0.973447
vt 0.783679 0.255979
vt 0.058361 0.484954
vt 0.046861 0.484227
vt 0.673378 0.080122
vt 0.687579 0.083434
vt 0.674585 0.086969
vt 0.230789 0.812163
vt 0.285702 0.281579
vt 0.332535 0.293589
vt 0.351766 0.303365
vt 0.247823 0.567707
vt 0.626767 0.193605
vt 0.588573 0.121996
vt 0.440542 0.326320
vt 0.422092 0.325995
vt 0.425098 0.318787
vt 0.702392 0.098445
vt 0.595724 0.020050
vt 0.523492 0.337912
vt 0.422752 0.231854
vt 0.425299 0.240973
vt 0.276295 0.477970
vt 0.229354 0.488384
vt 0.120483 0.478859
vt 0.028429 0.566545
vt 0.034008 0.568040
vt 0.028723 0.575910
vt 0.882534 0.132316
vt 0.079257 0.589022
vt 0.086063 0.447232
vt 0.089647 0.513508
vt 0.844853 0.505215
vt 0.210662 0.804951
vt 0.212658 0.797502
vt 0.226882 0.805419
vt 0.133808 0.210876
vt 0.627989 0.703897
vt 0.829821 0.497455
vt 0.829015 0.488135
vt 0.541760 0.689010
vt 0.051393 0.517196
vt 0.007811 0.208970
vt 0.012387 0.223054
vt 0.007754 0.219642
vt 0.384756 0.973619
vt 0.045706 0.520706
vt 0.695742 0.470856
vt 0.704998 0.483733
vt 0.695070 0.500930
vt 0.154171 0.959453
vt 0.298975 0.527270
vt 0.270610 0.550272
vt 0.564560 0.808073
vt 0.572984 0.800137
vt 0.576801 0.806748
vt 0.376081 0.150457
vt 0.852637 0.629948
vt 0.671667 0.831911
vt 0.642723 0.700641
vt 0.213529 0.381783
vt 0.243101 0.377217
vt 0.224799 0.382477
vt 0.579274 0.885499
vt 0.288366 0.387431
vt 0.273958 0.367905
vt 0.347901 0.371409
vt 0.199278 0.495643
vt 0.992757 0.268425
vt 0.992757 0.293509
vt 0.990627 0.279580
vt 0.298457 0.658697
vt 0.297613 0.664721
vt 0.263817 0.661765
vt 0.883364 0.507848
vt 0.592759 0.116286
vt 0.998833 0.298527
vt 0.993614 0.298527
vt 0.993974 0.294625
vt 0.095005 0.509553
vt 0.583965 0.863688
vt 0.579379 0.865021
vt 0.576156 0.852992
vt 0.842071 0.605213
vt 0.849452 0.048203
vt 0.870377 0.037396
vt 0.888211 0.047692
vt 0.219526 0.366262
vt 0.247131 0.375972
vt 0.266273 0.402390
vt 0.841311 0.340637
vt 0.845451 0.359918
vt 0.836027 0.373376
vt 0.168537 0.557325
vt 0.116936 0.526695
vt 0.389757 0.964951
vt 0.299250 0.278175
vt 0.681107 0.227911
vt 0.666173 0.237800
vt 0.688217 0.202015
vt 0.291128 0.139987
vt 0.348196 0.328413
vt 0.322956 0.316364
vt 0.373345 0.318390
vt 0.659966 0.841440
vt 0.654457 0.852964
vt 0.660786 0.831872
vt 0.242938 0.491353
vt 0.007259 0.056643
vt 0.011474 0.045062
vt 0.012379 0.059671
vt 0.840142 0.372652
vt 0.033939 0.996279
vt 0.026805 0.993990
vt 0.025315 0.989119
vt 0.376470 0.716004
vt 0.199843 0.804865
vt 0.836846 0.511674
vt 0.823530 0.666683
vt 0.297173 0.651931
vt 0.262115 0.658347
vt 0.283975 0.649213
vt 0.232788 0.791563
vt 0.004557 0.795632
vt 0.000013 0.804117
vt 0.000182 0.798695
vt 0.182035 0.538554
vt 0.283907 0.710672
vt 0.772669 0.982683
vt 0.760917 0.986355
vt 0.760747 0.979931
vt 0.717753 0.919993
vt 0.098538 0.970429
vt 0.085752 0.981699
vt 0.093327 0.970611
vt 0.247768 0.627366
vt 0.261792 0.657595
vt 0.248333 0.633331
vt 0.952723 0.521407
vt 0.952723 0.499814
vt 0.956792 0.522496
vt 0.957146 0.493617
vt 0.147342 0.493381
vt 0.507297 0.900704
vt 0.527339 0.898314
vt 0.525424 0.902290
vt 0.032466 0.573794
vt 0.480229 0.822832
vt 0.471792 0.842708
vt 0.479560 0.803314
vt 0.086326 0.985765
vt 0.439264 0.790952
vt 0.466858 0.786087
vt 0.491250 0.790886
vt 0.355689 0.335007
vt 0.851982 0.623441
vt 0.851218 0.374876
vt 0.393597 0.339102
vt 0.235300 0.496535
vt 0.982689 0.676109
vt 0.976525 0.659176
vt 0.982079 0.650174
vt 0.624970 0.790040
vt 0.622667 0.795056
vt 0.604284 0.793448
vt 0.786751 0.413923
vt 0.795643 0.380738
vt 0.795827 0.440510
vt 0.953314 0.651043
vt 0.953314 0.622371
vt 0.957058 0.634698
vt 0.836684 0.325012
vt 0.216255 0.795379
vt 0.956533 0.629180
vt 0.952833 0.608196
vt 0.956465 0.600427
vt 0.991215 0.436397
vt 0.987080 0.412946
vt 0.991269 0.411538
vt 0.034100 0.991534
vt 0.677899 0.982924
vt 0.680611 0.987621
vt 0.678250 0.993914
vt 0.005023 0.808598
vt 0.105716 0.252951
vt 0.140332 0.267151
vt 0.101854 0.262558
vt 0.670699 0.239119
vt 0.428889 0.233470
vt 0.360632 0.315599
vt 0.360877 0.304729
vt 0.363134 0.315599
vt 0.891578 0.180788
vt 0.894544 0.212696
vt 0.890899 0.219010
vt 0.778611 0.983550
vt 0.783820 0.985979
vt 0.765022 0.986239
vt 0.833942 0.928399
vt 0.849313 0.925670
vt 0.851948 0.928811
vt 0.990895 0.657215
vt 0.198309 0.796272
vt 0.895103 0.184789
vt 0.774557 0.931535
vt 0.805000 0.931535
vt 0.804906 0.937549
vt 0.831266 0.505699
vt 0.045010 0.822420
vt 0.058323 0.836936
vt 0.049375 0.846531
vt 0.243105 0.383726
vt 0.695297 0.757990
vt 0.683929 0.750852
vt 0.695748 0.752835
vt 0.030224 0.472030
vt 0.016814 0.472733
vt 0.031524 0.467348
vt 0.818903 0.687493
vt 0.618023 0.652192
vt 0.690778 0.037176
vt 0.945531 0.001643
vt 0.943490 0.007923
vt 0.938155 0.001771
vt 0.283527 0.329849
vt 0.348217 0.336538
vt 0.856234 0.741151
vt 0.004882 0.482596
vt 0.001716 0.489386
vt 0.001160 0.476878
vt 0.756913 0.262773
vt 0.861338 0.627023
vt 0.865051 0.623999
vt 0.096959 0.539064
vt 0.091989 0.562258
vt 0.585209 0.806432
vt 0.689702 0.759533
vt 0.721903 0.768161
vt 0.657251 0.767294
vt 0.370839 0.141348
vt 0.373033 0.147177
vt 0.228610 0.593986
vt 0.180941 0.567863
vt 0.373130 0.146528
vt 0.609028 0.047127
vt 0.609662 0.066277
vt 0.604877 0.054316
vt 0.872288 0.226230
vt 0.890087 0.232040
vt 0.890087 0.239018
vt 0.116399 0.250393
vt 0.950956 0.766966
vt 0.953891 0.758904
vt 0.961544 0.769189
vt 0.404044 0.273580
vt 0.994578 0.362295
vt 0.994578 0.352206
vt 0.996862 0.357578
vt 0.726268 0.327852
vt 0.722490 0.347143
vt 0.718927 0.339600
vt 0.689491 0.048843
vt 0.649702 0.790237
vt 0.960290 0.818244
vt 0.962168 0.811234
vt 0.961474 0.839320
vt 0.682354 0.818642
vt 0.354365 0.165076
vt 0.341125 0.191061
vt 0.348256 0.161315
vt 0.046652 0.843790
vt 0.704027 0.502444
vt 0.461185 0.032552
vt 0.437104 0.032552
vt 0.454819 0.028375
vt 0.284615 0.276638
vt 0.854968 0.038815
vt 0.238248 0.385437
vt 0.094654 0.984541
vt 0.654094 0.819651
vt 0.292309 0.719937
vt 0.658159 0.705281
vt 0.532100 0.919942
vt 0.555173 0.921960
vt 0.521866 0.923966
vt 0.351376 0.290081
vt 0.584083 0.798674
vt 0.899399 0.958194
vt 0.892829 0.952682
vt 0.908428 0.953681
vt 0.952887 0.568929
vt 0.952725 0.553602
vt 0.956789 0.549537
vt 0.236603 0.606967
vt 0.850421 0.363713
vt 0.469418 0.835675
vt 0.727909 0.369674
vt 0.739225 0.374954
vt 0.745607 0.388641
vt 0.583784 0.825815
vt 0.187044 0.692226
vt 0.809190 0.989172
vt 0.817186 0.975925
vt 0.819209 0.987043
vt 0.752507 0.986104
vt 0.860247 0.730130
vt 0.847767 0.661763
vt 0.849779 0.658134
vt 0.856915 0.665776
vt 0.610745 0.735769
vt 0.593380 0.749620
vt 0.593803 0.747875
vt 0.055891 0.463566
vt 0.151122 0.107929
vt 0.173054 0.133260
vt 0.155148 0.122954
vt 0.844911 0.513356
vt 0.005801 0.628179
vt 0.000241 0.620239
vt 0.005722 0.615527
vt 0.670226 0.748646
vt 0.672680 0.739269
vt 0.684575 0.724580
vt 0.781868 0.242726
vt 0.797773 0.261751
vt 0.788421 0.260731
vt 0.762735 0.422281
vt 0.763856 0.414180
vt 0.779657 0.400921
vt 0.731025 0.917569
vt 0.236821 0.599453
vt 0.705607 0.362181
vt 0.707488 0.346663
vt 0.714905 0.342720
vt 0.850780 0.352692
vt 0.654187 0.757948
vt 0.277933 0.244137
vt 0.646715 0.086243
vt 0.654028 0.716604
vt 0.912631 0.900994
vt 0.420330 0.263580
vt 0.654024 0.794332
vt 0.967246 0.109441
vt 0.962260 0.123138
vt 0.962888 0.095895
vt 0.663659 0.168766
vt 0.670419 0.184331
vt 0.653588 0.194048
vt 0.000233 0.514630
vt 0.003895 0.504569
vt 0.004299 0.517083
vt 0.679238 0.720020
vt 0.689602 0.701303
vt 0.422897 0.754533
vt 0.412555 0.755986
vt 0.424840 0.741778
vt 0.797070 0.287408
vt 0.429506 0.239105
vt 0.586599 0.140793
vt 0.542835 0.708420
vt 0.427123 0.026163
vt 0.423626 0.013112
vt 0.439057 0.025375
vt 0.648999 0.006634
vt 0.645630 0.010510
vt 0.648751 0.002582
vt 0.164728 0.920903
vt 0.175600 0.938997
vt 0.138096 0.933715
vt 0.648814 0.196567
vt 0.163072 0.157783
vt 0.171727 0.160103
vt 0.158665 0.175039
vt 0.770827 0.973618
vt 0.938254 0.756868
vt 0.081878 0.853310
vt 0.541090 0.680619
vt 0.370335 0.803810
vt 0.393639 0.809878
vt 0.374167 0.808377
vt 0.330841 0.242395
vt 0.336725 0.229777
vt 0.349612 0.254854
vt 0.958151 0.578358
vt 0.274349 0.666441
vt 0.261312 0.972841
vt 0.254800 0.981176
vt 0.260077 0.962429
vt 0.985087 0.681165
vt 0.993765 0.671858
vt 0.986204 0.695211
vt 0.354907 0.228729
vt 0.362166 0.238092
vt 0.791661 0.489749
vt 0.682862 0.699491
vt 0.467172 0.043121
vt 0.452210 0.047130
vt 0.466738 0.036174
vt 0.694049 0.082427
vt 0.701397 0.095154
vt 0.681349 0.075732
vt 0.245273 0.573188
vt 0.006009 0.678923
vt 0.002047 0.691115
vt 0.002943 0.678472
vt 0.846185 0.675487
vt 0.865957 0.927664
vt 0.411210 0.282048
vt 0.427696 0.309435
vt 0.412336 0.290211
vt 0.638265 0.720736
vt 0.499757 0.793528
vt 0.480436 0.784518
vt 0.508690 0.786975
vt 0.721439 0.094510
vt 0.916296 0.571119
vt 0.916130 0.598572
vt 0.913790 0.585335
vt 0.233859 0.581520
vt 0.352300 0.179930
vt 0.106568 0.092827
vt 0.072655 0.092948
vt 0.095082 0.091008
vt 0.995751 0.731816
vt 0.997805 0.736219
vt 0.995650 0.741497
vt 0.101599 0.547967
vt 0.716739 0.327469
vt 0.539350 0.709008
vt 0.024302 0.865633
vt 0.017487 0.857218
vt 0.028040 0.864240
vt 0.899660 0.988797
vt 0.895484 0.989904
vt 0.892629 0.979949
vt 0.604839 0.041210
vt 0.103523 0.541141
vt 0.111288 0.080327
vt 0.115447 0.085191
vt 0.893919 0.497226
vt 0.194257 0.804916
vt 0.408136 0.002094
vt 0.408136 0.012005
vt 0.404049 0.002555
vt 0.722726 0.098991
vt 0.762794 0.533963
vt 0.767010 0.569608
vt 0.756853 0.536485
vt 0.780746 0.369058
vt 0.776717 0.366463
vt 0.778667 0.355403
vt 0.644556 0.008918
vt 0.774929 0.626935
vt 0.759713 0.635719
vt 0.772087 0.612155
vt 0.785995 0.304257
vt 0.443947 0.013413
vt 0.835087 0.375107
vt 0.006164 0.884965
vt 0.011259 0.882802
vt 0.009850 0.894219
vt 0.723678 0.350280
vt 0.187752 0.696546
vt 0.033061 0.154351
vt 0.033061 0.174478
vt 0.029379 0.154324
vt 0.920825 0.158828
vt 0.907908 0.154206
vt 0.914076 0.142604
vt 0.654912 0.833810
vt 0.773587 0.401105
vt 0.031034 0.586526
vt 0.183148 0.146233
vt 0.943845 0.751815
vt 0.673541 0.967603
vt 0.669359 0.973574
vt 0.669565 0.951904
vt 0.326194 0.262207
vt 0.722800 0.365776
vt 0.609573 0.033924
vt 0.818339 0.991850
vt 0.239459 0.994955
vt 0.242098 0.997332
vt 0.232222 0.996496
vt 0.283093 0.114589
vt 0.293498 0.131818
vt 0.287683 0.131721
vt 0.180919 0.128638
vt 0.654448 0.176396
vt 0.837069 0.952117
vt 0.838123 0.948185
vt 0.865348 0.951649
vt 0.287144 0.041670
vt 0.287509 0.034471
vt 0.310349 0.034471
vt 0.916439 0.721934
vt 0.915998 0.702096
vt 0.923881 0.718464
vt 0.858980 0.486189
vt 0.865271 0.483899
vt 0.865330 0.502226
vt 0.908628 0.958101
vt 0.870235 0.233720
vt 0.880418 0.244961
vt 0.677030 0.248528
vt 0.890046 0.264706
vt 0.400617 0.965265
vt 0.020179 0.606252
vt 0.024981 0.621030
vt 0.015805 0.622851
vt 0.926745 0.901130
vt 0.195730 0.151674
vt 0.844261 0.771699
vt 0.309619 0.040406
vt 0.882677 0.980936
vt 0.869243 0.981766
vt 0.870879 0.975434
vt 0.812105 0.716593
vt 0.908611 0.916867
vt 0.875881 0.916867
vt 0.901825 0.910927
vt 0.028873 0.168713
vt 0.923386 0.689949
vt 0.863796 0.909451
vt 0.896526 0.909451
vt 0.879390 0.914818
vt 0.858260 0.507023
vt 0.044262 0.887299
vt 0.031952 0.904242
vt 0.030763 0.890239
vt 0.039642 0.367136
vt 0.033881 0.379491
vt 0.032866 0.356662
vt 0.790291 0.970098
vt 0.781186 0.976240
vt 0.792329 0.959813
vt 0.603327 0.805791
vt 0.916760 0.926890
vt 0.932053 0.918512
vt 0.934992 0.928760
vt 0.388533 0.317696
vt 0.016270 0.875914
vt 0.044615 0.503351
vt 0.006306 0.641785
vt 0.004268 0.637416
vt 0.006078 0.629111
vt 0.788482 0.243788
vt 0.853180 0.947829
vt 0.881462 0.947829
vt 0.867846 0.950963
vt 0.544063 0.901914
vt 0.666460 0.807125
vt 0.665397 0.800666
vt 0.675720 0.800666
vt 0.931077 0.698855
vt 0.923684 0.679033
vt 0.932811 0.684732
vt 0.153569 0.924278
vt 0.588131 0.958544
vt 0.601452 0.952332
vt 0.615796 0.958230
vt 0.051869 0.463267
vt 0.731951 0.361112
vt 0.606354 0.981102
vt 0.622246 0.981102
vt 0.622074 0.988183
vt 0.149569 0.953885
vt 0.012383 0.298877
vt 0.013054 0.311671
vt 0.008094 0.297594
vt 0.633908 0.006389
vt 0.623896 0.005351
vt 0.631880 0.002575
vt 0.015488 0.895144
vt 0.963805 0.002857
vt 0.965212 0.006721
vt 0.957232 0.002715
vt 0.307132 0.947246
vt 0.293867 0.953432
vt 0.279978 0.946367
vt 0.889962 0.975856
vt 0.888588 0.981513
vt 0.174672 0.946732
vt 0.174633 0.953066
vt 0.154409 0.953066
vt 0.994196 0.236753
vt 0.997747 0.236753
vt 0.997367 0.239078
vt 0.886846 0.978847
vt 0.851766 0.870631
vt 0.866049 0.878877
vt 0.847083 0.878258
vt 0.846883 0.012490
vt 0.837789 0.003436
vt 0.846883 0.002112
vt 0.645561 0.807346
vt 0.533660 0.013094
vt 0.521224 0.030209
vt 0.521403 0.019136
vt 0.859148 0.537820
vt 0.859148 0.513883
vt 0.862077 0.548331
vt 0.419696 0.899885
vt 0.392135 0.902296
vt 0.383425 0.898811
vt 0.162573 0.913974
vt 0.850622 0.600412
vt 0.842047 0.652448
vt 0.663612 0.737557
vt 0.362458 0.808603
vt 0.997844 0.842167
vt 0.994659 0.842167
vt 0.994603 0.838598
vt 0.060509 0.474727
vt 0.043955 0.922876
vt 0.061474 0.916500
vt 0.076387 0.922536
vt 0.994683 0.655067
vt 0.994683 0.651076
vt 0.998772 0.654080
vt 0.986040 0.654645
vt 0.704112 0.516964
vt 0.857228 0.462765
vt 0.210556 0.990575
vt 0.220462 0.991626
vt 0.220462 0.997981
vt 0.959829 0.093644
vt 0.959829 0.066477
vt 0.966153 0.080636
vt 0.781624 0.229514
vt 0.761737 0.570939
vt 0.147583 0.947234
vt 0.596361 0.799595
vt 0.846451 0.994631
vt 0.850428 0.996000
vt 0.849703 0.999327
vt 0.069550 0.837980
vt 0.499123 0.034403
vt 0.893976 0.825372
vt 0.891480 0.811804
vt 0.896852 0.818464
vt 0.886679 0.818025
vt 0.960018 0.749132
vt 0.879995 0.521206
vt 0.893938 0.528464
vt 0.885690 0.531562
vt 0.305297 0.841744
vt 0.305776 0.836259
vt 0.321393 0.844309
vt 0.983983 0.889440
vt 0.988323 0.905640
vt 0.984203 0.913682
vt 0.694433 0.936406
vt 0.689858 0.930954
vt 0.699445 0.930748
vt 0.014282 0.678257
vt 0.025497 0.681901
vt 0.016476 0.695358
vt 0.320341 0.838140
vt 0.251049 0.568620
vt 0.933838 0.472202
vt 0.938872 0.476604
vt 0.933617 0.482867
vt 0.079227 0.934971
vt 0.085011 0.929428
vt 0.093114 0.927999
vt 0.788347 0.227956
vt 0.013923 0.840421
vt 0.019955 0.842235
vt 0.019955 0.847023
vt 0.890467 0.516808
vt 0.877278 0.503576
vt 0.989783 0.879872
vt 0.989783 0.904115
vt 0.987055 0.895140
vt 0.341395 0.995914
vt 0.347188 0.987940
vt 0.351455 0.998465
vt 0.525866 0.930494
vt 0.538545 0.936610
vt 0.530312 0.936844
vt 0.775594 0.352826
vt 0.137846 0.035225
vt 0.112406 0.035225
vt 0.125474 0.028219
vt 0.941537 0.986312
vt 0.923519 0.986312
vt 0.933801 0.983476
vt 0.669777 0.245486
vt 0.725214 0.937014
vt 0.712551 0.929703
vt 0.743139 0.929552
vt 0.844862 0.013050
vt 0.831876 0.013050
vt 0.832005 0.006084
vt 0.864221 0.468229
vt 0.465151 0.940185
vt 0.449202 0.942997
vt 0.436158 0.940388
vt 0.062799 0.903260
vt 0.057475 0.898786
vt 0.045962 0.871664
vt 0.415449 0.268897
vt 0.845756 0.647107
vt 0.576459 0.980168
vt 0.556472 0.980168
vt 0.570456 0.977536
vt 0.319700 0.984155
vt 0.313255 0.988182
vt 0.304671 0.979089
vt 0.865631 0.359476
vt 0.874741 0.336758
vt 0.881756 0.350467
vt 0.823828 0.570132
vt 0.829051 0.565615
vt 0.827692 0.578410
vt 0.696332 0.809102
vt 0.181570 0.945921
vt 0.151763 0.945921
vt 0.157058 0.943807
vt 0.773324 0.603185
vt 0.008982 0.855953
vt 0.007266 0.851751
vt 0.022442 0.855860
vt 0.412222 0.763297
vt 0.718675 0.368452
vt 0.031183 0.658499
vt 0.015645 0.658499
vt 0.018108 0.653183
vt 0.692845 0.897535
vt 0.680349 0.902959
vt 0.669793 0.892402
vt 0.548783 0.705720
vt 0.844857 0.981263
vt 0.829363 0.986298
vt 0.844761 0.976945
vt 0.003287 0.223533
vt 0.000102 0.223533
vt 0.003422 0.211512
vt 0.541483 0.929722
vt 0.919356 0.952776
vt 0.608916 0.069717
vt 0.602728 0.067122
vt 0.602728 0.051954
vt 0.316790 0.242593
vt 0.903377 0.918672
vt 0.921116 0.916597
vt 0.021706 0.659299
vt 0.039724 0.659299
vt 0.033982 0.662956
vt 0.060202 0.904319
vt 0.045677 0.893667
vt 0.045538 0.885711
vt 0.921648 0.199843
vt 0.935786 0.209559
vt 0.934218 0.218116
vt 0.021623 0.810104
vt 0.032692 0.811268
vt 0.019850 0.822055
vt 0.780752 0.602897
vt 0.882455 0.146788
vt 0.866591 0.155947
vt 0.863769 0.129632
vt 0.759536 0.359512
vt 0.764133 0.345310
vt 0.773272 0.334851
vt 0.918607 0.484077
vt 0.927359 0.480180
vt 0.924302 0.494375
vt 0.253313 0.411813
vt 0.695388 0.524182
vt 0.328990 0.041624
vt 0.536144 0.012046
vt 0.532404 0.012223
vt 0.532635 0.005597
vt 0.037496 0.851111
vt 0.034359 0.834974
vt 0.047715 0.851330
vt 0.782971 0.489028
vt 0.764385 0.993974
vt 0.765001 0.986930
vt 0.768767 0.994943
vt 0.365391 0.289991
vt 0.936934 0.452179
vt 0.946119 0.472417
vt 0.199560 0.144009
vt 0.655745 0.023319
vt 0.681113 0.023319
vt 0.664698 0.024012
vt 0.891586 0.833115
vt 0.885423 0.834230
vt 0.882541 0.818409
vt 0.019525 0.636422
vt 0.018758 0.625453
vt 0.029077 0.622893
vt 0.331215 0.035244
vt 0.692424 0.802231
vt 0.526771 0.006330
vt 0.708716 0.372696
vt 0.075296 0.944328
vt 0.064418 0.950435
vt 0.057226 0.944400
vt 0.905676 0.478738
vt 0.575728 0.129597
vt 0.912233 0.141559
vt 0.640508 0.811185
vt 0.991654 0.089656
vt 0.993856 0.099681
vt 0.984996 0.101243
vt 0.893507 0.533844
vt 0.890359 0.547280
vt 0.623907 0.009006
vt 0.491564 0.987164
vt 0.490166 0.982287
vt 0.504799 0.976078
vt 0.319556 0.002177
vt 0.319556 0.013432
vt 0.315892 0.012006
vt 0.004300 0.925291
vt 0.001239 0.916594
vt 0.004300 0.917616
vt 0.795664 0.297763
vt 0.289533 0.262832
vt 0.601641 0.015448
vt 0.593727 0.019481
vt 0.597709 0.006703
vt 0.834386 0.005768
vt 0.898679 0.249211
vt 0.890847 0.235382
vt 0.890847 0.221645
vt 0.390578 0.288665
vt 0.120000 0.948696
vt 0.126374 0.954639
vt 0.117836 0.956643
vt 0.258854 0.237707
vt 0.965710 0.789042
vt 0.971768 0.791238
vt 0.968891 0.796027
vt 0.663641 0.717246
vt 0.847508 0.641901
vt 0.834369 0.637517
vt 0.993432 0.113264
vt 0.686785 0.786657
vt 0.701837 0.790690
vt 0.679825 0.794007
vt 0.164667 0.190429
vt 0.993787 0.379795
vt 0.984669 0.385060
vt 0.984561 0.360157
vt 0.488868 0.038143
vt 0.203579 0.130742
vt 0.358028 0.804252
vt 0.027685 0.083141
vt 0.029164 0.100044
vt 0.027231 0.103666
vt 0.842727 0.870092
vt 0.031529 0.176766
vt 0.031529 0.194836
vt 0.025369 0.187423
vt 0.146979 0.946711
vt 0.133319 0.954598
vt 0.119889 0.947115
vt 0.121014 0.971747
vt 0.779422 0.987425
vt 0.263729 0.978576
vt 0.258929 0.981937
vt 0.263249 0.971522
vt 0.947383 0.931032
vt 0.941537 0.932833
vt 0.935800 0.920528
vt 0.964517 0.919521
vt 0.963166 0.936436
vt 0.942835 0.937858
vt 0.122926 0.006226
vt 0.110380 0.013236
vt 0.118040 0.007088
vt 0.719079 0.380703
vt 0.061582 0.882439
vt 0.668973 0.760729
vt 0.000866 0.212024
vt 0.883774 0.653464
vt 0.881603 0.641950
vt 0.885865 0.645662
vt 0.001263 0.924671
vt 0.964384 0.935281
vt 0.974039 0.950626
vt 0.963135 0.944168
vt 0.047616 0.502073
vt 0.947009 0.902514
vt 0.874134 0.255181
vt 0.667378 0.271193
vt 0.459113 0.016888
vt 0.455769 0.007699
vt 0.459639 0.005770
vt 0.332600 0.019661
vt 0.329031 0.022656
vt 0.331698 0.011116
vt 0.941705 0.223326
vt 0.940605 0.213134
vt 0.540564 0.974269
vt 0.539296 0.959769
vt 0.553283 0.973813
vt 0.032200 0.348206
vt 0.028033 0.346241
vt 0.027237 0.331049
vt 0.221884 0.021196
vt 0.206112 0.021467
vt 0.207360 0.017305
vt 0.824552 0.023411
vt 0.816938 0.028168
vt 0.821860 0.013121
vt 0.434828 0.991308
vt 0.421566 0.987755
vt 0.435936 0.987544
vt 0.917502 0.346413
vt 0.921651 0.332842
vt 0.946043 0.335589
vt 0.329146 0.009066
vt 0.956914 0.007795
vt 0.970579 0.007914
vt 0.959251 0.011843
vt 0.554361 0.959965
vt 0.875068 0.006740
vt 0.875068 0.017429
vt 0.861588 0.012020
vt 0.733525 0.059996
vt 0.729031 0.069913
vt 0.707638 0.069913
vt 0.123256 0.014922
vt 0.233111 0.989982
vt 0.004966 0.097187
vt 0.003606 0.104899
vt 0.000573 0.093819
vt 0.574045 0.144061
vt 0.776206 0.007660
vt 0.772678 0.016350
vt 0.772636 0.008617
vt 0.377961 0.364401
vt 0.970270 0.011728
vt 0.850816 0.813965
vt 0.830532 0.805997
vt 0.842209 0.796084
vt 0.047565 0.949385
vt 0.317108 0.253520
vt 0.080692 0.002657
vt 0.084464 0.002657
vt 0.083886 0.011946
vt 0.177495 0.796674
vt 0.865424 0.525245
vt 0.930698 0.196073
vt 0.636362 0.993312
vt 0.621946 0.993312
vt 0.624715 0.981512
vt 0.583726 0.704268
vt 0.001071 0.105577
vt 0.876962 0.648382
vt 0.873464 0.647696
vt 0.881235 0.635724
vt 0.309748 0.701646
vt 0.784451 0.910959
vt 0.771788 0.915829
vt 0.767961 0.911268
vt 0.859580 0.621118
vt 0.850101 0.591943
vt 0.877450 0.609922
vt 0.248000 0.874979
vt 0.256445 0.882066
vt 0.234654 0.881441
vt 0.822892 0.989864
vt 0.820122 0.978462
vt 0.823622 0.977971
vt 0.926474 0.667207
vt 0.848247 0.821165
vt 0.415666 0.233413
vt 0.844890 0.554380
vt 0.853654 0.527407
vt 0.854760 0.572323
vt 0.024195 0.334066
vt 0.997452 0.811320
vt 0.995499 0.814109
vt 0.995647 0.805227
vt 0.013712 0.013408
vt 0.017269 0.022533
vt 0.013704 0.024591
vt 0.538411 0.002890
vt 0.549202 0.002216
vt 0.543700 0.009193
vt 0.001593 0.144387
vt 0.005276 0.133055
vt 0.005456 0.142398
vt 0.214664 0.598688
vt 0.035555 0.944285
vt 0.035596 0.965080
vt 0.030869 0.948217
vt 0.012996 0.296697
vt 0.007648 0.296980
vt 0.008252 0.290079
vt 0.847519 0.002589
vt 0.850110 0.003502
vt 0.847773 0.012223
vt 0.241598 0.907410
vt 0.248197 0.912030
vt 0.230166 0.912832
vt 0.384935 0.863505
vt 0.390186 0.878542
vt 0.376259 0.877813
vt 0.211505 0.998348
vt 0.239062 0.987563
vt 0.993778 0.675831
vt 0.992032 0.688254
vt 0.986584 0.699295
vt 0.016505 0.179347
vt 0.016505 0.195275
vt 0.013707 0.194600
vt 0.679996 0.787566
vt 0.911498 0.594383
vt 0.985398 0.917292
vt 0.990433 0.929793
vt 0.985398 0.927295
vt 0.031652 0.664379
vt 0.031652 0.682550
vt 0.026757 0.681105
vt 0.223788 0.134578
vt 0.232939 0.123504
vt 0.232466 0.129363
vt 0.369906 0.260584
vt 0.633125 0.196040
vt 0.873833 0.970520
vt 0.895049 0.970520
vt 0.891494 0.974092
vt 0.110602 0.934564
vt 0.016233 0.893045
vt 0.016233 0.876844
vt 0.018006 0.882003
vt 0.956189 0.748943
vt 0.956238 0.006852
vt 0.522983 0.787790
vt 0.897728 0.211011
vt 0.017515 0.010656
vt 0.556712 0.936731
vt 0.135790 0.279117
vt 0.980657 0.068833
vt 0.970328 0.071260
vt 0.972761 0.060722
vt 0.850366 0.012517
vt 0.328084 0.019479
vt 0.323176 0.028333
vt 0.315881 0.013199
vt 0.018164 0.811500
vt 0.696992 0.808913
vt 0.702110 0.801663
vt 0.718686 0.807696
vt 0.824671 0.591732
vt 0.005865 0.657787
vt 0.002015 0.669636
vt 0.001688 0.656145
vt 0.918727 0.818647
vt 0.915148 0.805769
vt 0.925590 0.806683
vt 0.346093 0.193262
vt 0.634332 0.173311
vt 0.458963 0.443972
vt 0.242202 0.994313
vt 0.237717 0.980511
vt 0.243149 0.986563
vt 0.896658 0.159805
vt 0.884122 0.163285
vt 0.883396 0.142503
vt 0.030461 0.039034
vt 0.034403 0.028205
vt 0.034997 0.048834
vt 0.956897 0.363831
vt 0.965189 0.358689
vt 0.952910 0.370449
vt 0.961220 0.374731
vt 0.775879 0.021041
vt 0.873084 0.938711
vt 0.848195 0.939551
vt 0.860063 0.929594
vt 0.221872 0.017994
vt 0.012880 0.536923
vt 0.012880 0.552200
vt 0.008772 0.540327
vt 0.316851 0.976220
vt 0.305291 0.971797
vt 0.309605 0.963683
vt 0.011916 0.288050
vt 0.848238 0.612805
vt 0.840484 0.628413
vt 0.836527 0.613009
vt 0.602793 0.084511
vt 0.409891 0.873939
vt 0.396155 0.875184
vt 0.400305 0.866163
vt 0.709674 0.929656
vt 0.101495 0.025829
vt 0.092844 0.015123
vt 0.098450 0.016455
vt 0.999322 0.211362
vt 0.994635 0.211362
vt 0.994749 0.207570
vt 0.591279 0.916133
vt 0.604595 0.911903
vt 0.605960 0.916994
vt 0.228897 0.003447
vt 0.235308 0.007149
vt 0.227641 0.005440
vt 0.474591 0.004615
vt 0.468402 0.009252
vt 0.466496 0.002138
vt 0.934161 0.570861
vt 0.924523 0.589384
vt 0.923393 0.573949
vt 0.008260 0.558225
vt 0.012023 0.556053
vt 0.011565 0.566543
vt 0.126682 0.998483
vt 0.124541 0.991894
vt 0.134774 0.991447
vt 0.002085 0.412061
vt 0.006475 0.412994
vt 0.005823 0.423789
vt 0.134426 0.005547
vt 0.136411 0.008723
vt 0.126629 0.002654
vt 0.153879 0.943937
vt 0.124067 0.943937
vt 0.146011 0.940252
vt 0.524782 0.015551
vt 0.994439 0.905539
vt 0.999321 0.907125
vt 0.993630 0.908660
vt 0.941149 0.202820
vt 0.949318 0.192954
vt 0.949172 0.204970
vt 0.034345 0.125665
vt 0.034345 0.103439
vt 0.040680 0.109711
vt 0.996842 0.341910
vt 0.996842 0.351947
vt 0.994598 0.350588
vt 0.032909 0.786076
vt 0.035659 0.801671
vt 0.032820 0.807580
vt 0.855723 0.616733
vt 0.822500 0.720024
vt 0.997982 0.064370
vt 0.994466 0.063228
vt 0.997099 0.054965
vt 0.931722 0.805577
vt 0.935280 0.794625
vt 0.946432 0.813273
vt 0.338609 0.962701
vt 0.324937 0.962701
vt 0.334069 0.947168
vt 0.569347 0.995668
vt 0.568004 0.999800
vt 0.561066 0.995954
vt 0.310407 0.275818
vt 0.322556 0.286220
vt 0.302609 0.272346
vt 0.887555 0.975771
vt 0.827305 0.880160
vt 0.010942 0.246344
vt 0.010942 0.261209
vt 0.008192 0.256008
vt 0.006320 0.973376
vt 0.002762 0.984328
vt 0.001736 0.973830
vt 0.586561 0.995780
vt 0.585432 0.999256
vt 0.577588 0.993695
vt 0.008315 0.285069
vt 0.012043 0.282073
vt 0.801525 0.915306
vt 0.870539 0.163638
vt 0.392176 0.762295
vt 0.701757 0.860779
vt 0.659773 0.860779
vt 0.682219 0.859261
vt 0.994595 0.182609
vt 0.994595 0.177915
vt 0.997852 0.182291
vt 0.780412 0.379431
vt 0.736685 0.326720
vt 0.050686 0.889211
vt 0.263418 0.987692
vt 0.998467 0.670031
vt 0.993980 0.670031
vt 0.995387 0.667834
vt 0.834401 0.995607
vt 0.840825 0.995607
vt 0.840763 0.999861
vt 0.965991 0.006462
vt 0.965475 0.001556
vt 0.969570 0.007004
vt 0.844058 0.910579
vt 0.861366 0.909896
vt 0.850980 0.916387
vt 0.948888 0.734038
vt 0.941360 0.728740
vt 0.948360 0.730281
vt 0.865078 0.346861
vt 0.943836 0.721497
vt 0.951632 0.721063
vt 0.008044 0.746809
vt 0.010564 0.761101
vt 0.007059 0.762254
vt 0.000652 0.925669
vt 0.004383 0.927409
vt 0.001472 0.937372
vt 0.760388 0.967951
vt 0.763059 0.957983
vt 0.774894 0.968756
vt 0.549190 0.015914
vt 0.539344 0.013091
vt 0.538927 0.007751
vt 0.917789 0.514157
vt 0.909330 0.532303
vt 0.899031 0.533204
vt 0.651669 0.090914
vt 0.090265 0.031034
vt 0.160803 0.518668
vt 0.261129 0.908054
vt 0.560402 0.974772
vt 0.859580 0.543536
vt 0.817868 0.974386
vt 0.503810 0.995567
vt 0.508341 0.998859
vt 0.503743 0.999398
vt 0.758523 0.568712
vt 0.099021 0.924042
vt 0.070145 0.824870
vt 0.096709 0.831917
vt 0.079576 0.834636
vt 0.223648 0.989896
vt 0.222099 0.981757
vt 0.225030 0.980690
vt 0.758880 0.968831
vt 0.762229 0.969311
vt 0.865937 0.317765
vt 0.641779 0.204377
vt 0.832639 0.647049
vt 0.902437 0.173647
vt 0.138453 0.008894
vt 0.133954 0.002702
vt 0.138414 0.002687
vt 0.340500 0.810490
vt 0.019684 0.352135
vt 0.031192 0.356324
vt 0.015636 0.356143
vt 0.715656 0.990985
vt 0.725432 0.999211
vt 0.715656 0.999448
vt 0.004434 0.864950
vt 0.000654 0.854570
vt 0.004434 0.856669
vt 0.829598 0.981971
vt 0.239126 0.012477
vt 0.865509 0.567945
vt 0.909638 0.397234
vt 0.920111 0.381255
vt 0.920954 0.390961
vt 0.296663 0.989737
vt 0.299688 0.977566
vt 0.299930 0.987850
vt 0.031892 0.961857
vt 0.656262 0.746767
vt 0.004549 0.168180
vt 0.001968 0.169119
vt 0.004825 0.158048
vt 0.004874 0.291810
vt 0.002170 0.290826
vt 0.004880 0.279690
vt 0.802363 0.994984
vt 0.810427 0.994984
vt 0.806591 0.999981
vt 0.001637 0.913581
vt 0.339758 0.837704
vt 0.706822 0.061239
vt 0.751986 0.004029
vt 0.759184 0.013936
vt 0.749879 0.014098
vt 0.683219 0.924490
vt 0.661946 0.928481
vt 0.651625 0.924725
vt 0.075467 0.832505
vt 0.081748 0.843308
vt 0.244326 0.014540
vt 0.244326 0.003587
vt 0.250639 0.005178
vt 0.015146 0.950594
vt 0.015146 0.934602
vt 0.019597 0.941326
vt 0.949185 0.405204
vt 0.944454 0.414338
vt 0.942046 0.405204
vt 0.159488 0.204281
vt 0.270701 0.111919
vt 0.309942 0.006762
vt 0.309942 0.019925
vt 0.305868 0.009079
vt 0.012942 0.609153
vt 0.008683 0.609616
vt 0.008683 0.594311
vt 0.344080 0.974835
vt 0.347266 0.987197
vt 0.339420 0.987197
vt 0.125710 0.065687
vt 0.983535 0.206623
vt 0.986786 0.212652
vt 0.978693 0.215439
vt 0.340475 0.033634
vt 0.333784 0.029771
vt 0.342785 0.025358
vt 0.785013 0.994749
vt 0.785013 0.985110
vt 0.788502 0.992954
vt 0.027291 0.126567
vt 0.032125 0.127990
vt 0.032125 0.145337
vt 0.609256 0.091047
vt 0.720514 0.935863
vt 0.501461 0.995469
vt 0.498937 0.998943
vt 0.492496 0.991993
vt 0.011554 0.735694
vt 0.007580 0.733489
vt 0.008264 0.725673
vt 0.240314 0.022795
vt 0.254555 0.020284
vt 0.256162 0.024026
vt 0.322773 0.915973
vt 0.357489 0.915973
vt 0.338040 0.922899
vt 0.925208 0.904742
vt 0.019931 0.801812
vt 0.680346 0.273452
vt 0.288663 0.882293
vt 0.264514 0.881788
vt 0.272490 0.874751
vt 0.466645 0.012968
vt 0.081102 0.816682
vt 0.000601 0.866477
vt 0.960251 0.785661
vt 0.961559 0.809780
vt 0.954380 0.794366
vt 0.920863 0.298235
vt 0.917728 0.311136
vt 0.904859 0.310010
vt 0.027845 0.253761
vt 0.032650 0.250987
vt 0.033043 0.264258
vt 0.004527 0.951035
vt 0.000953 0.962032
vt 0.000005 0.949851
vt 0.631543 0.754037
vt 0.947280 0.358552
vt 0.480041 0.970356
vt 0.481658 0.973824
vt 0.469498 0.974760
vt 0.901595 0.002159
vt 0.910157 0.004899
vt 0.907519 0.008738
vt 0.329150 0.965206
vt 0.311086 0.959832
vt 0.012259 0.700222
vt 0.007193 0.700844
vt 0.012445 0.686366
vt 0.382203 0.007878
vt 0.386823 0.006640
vt 0.387182 0.020047
vt 0.415839 0.239934
vt 0.993469 0.282459
vt 0.993469 0.275447
vt 0.996964 0.279963
vt 0.926242 0.788896
vt 0.857182 0.150347
vt 0.865376 0.164738
vt 0.857566 0.174046
vt 0.566101 0.030669
vt 0.562873 0.017963
vt 0.566225 0.023585
vt 0.916591 0.477355
vt 0.002550 0.693655
vt 0.006514 0.681455
vt 0.006133 0.694174
vt 0.349839 0.954029
vt 0.196526 0.589561
vt 0.897496 0.008918
vt 0.945666 0.362781
vt 0.953421 0.746743
vt 0.532152 0.788859
vt 0.887495 0.639915
vt 0.888066 0.643566
vt 0.552373 0.020178
vt 0.578543 0.017525
vt 0.576072 0.014885
vt 0.825444 0.753017
vt 0.842742 0.742208
vt 0.836427 0.770363
vt 0.872544 0.268452
vt 0.865574 0.283399
vt 0.866783 0.242640
vt 0.622041 0.959080
vt 0.605894 0.952808
vt 0.617276 0.949312
vt 0.346349 0.002797
vt 0.340012 0.008588
vt 0.335423 0.002035
vt 0.997790 0.088888
vt 0.989118 0.088888
vt 0.996547 0.084828
vt 0.944414 0.194136
vt 0.975950 0.516384
vt 0.978423 0.509591
vt 0.978732 0.535726
vt 0.663184 0.988547
vt 0.674178 0.989075
vt 0.673289 0.992225
vt 0.084815 0.952813
vt 0.089080 0.956019
vt 0.080211 0.964584
vt 0.963170 0.782477
vt 0.963272 0.775269
vt 0.031329 0.012165
vt 0.033076 0.022069
vt 0.030872 0.026103
vt 0.457098 0.013751
vt 0.457683 0.024755
vt 0.447914 0.021768
vt 0.027272 0.072436
vt 0.030130 0.067486
vt 0.029572 0.088103
vt 0.245664 0.114440
vt 0.822808 0.820749
vt 0.774554 0.375326
vt 0.124415 0.008927
vt 0.312585 0.025234
vt 0.498365 0.970679
vt 0.494062 0.960866
vt 0.504867 0.959921
vt 0.389051 0.768293
vt 0.987250 0.094937
vt 0.974027 0.083943
vt 0.982391 0.081585
vt 0.049537 0.903463
vt 0.328968 0.972408
vt 0.393277 0.873529
vt 0.386775 0.865453
vt 0.206494 0.123860
vt 0.767946 0.881186
vt 0.774631 0.875287
vt 0.780925 0.882678
vt 0.436237 0.009388
vt 0.435771 0.005586
vt 0.438348 0.002696
vt 0.429481 0.997013
vt 0.426145 0.999437
vt 0.421979 0.990996
vt 0.360998 0.367525
vt 0.724980 0.010930
vt 0.718610 0.002162
vt 0.732548 0.004258
vt 0.553795 0.013137
vt 0.608899 0.799163
vt 0.294444 0.874755
vt 0.017096 0.039774
vt 0.009541 0.037025
vt 0.016520 0.030912
vt 0.002644 0.337039
vt 0.005916 0.337039
vt 0.005722 0.349265
vt 0.622132 0.948632
vt 0.788836 0.208463
vt 0.929342 0.404945
vt 0.933291 0.413415
vt 0.923263 0.410042
vt 0.754894 0.868104
vt 0.775935 0.871813
vt 0.909731 0.520443
vt 0.900581 0.529290
vt 0.982813 0.055250
vt 0.994535 0.546121
vt 0.994535 0.541492
vt 0.997912 0.544225
vt 0.747287 0.999883
vt 0.747287 0.994074
vt 0.751203 0.997748
vt 0.993110 0.470571
vt 0.993110 0.463467
vt 0.997323 0.468883
vt 0.019486 0.307827
vt 0.020961 0.324685
vt 0.019321 0.325104
vt 0.769392 0.331136
vt 0.302854 0.698182
vt 0.290380 0.705696
vt 0.996767 0.271815
vt 0.993666 0.274916
vt 0.993954 0.267883
vt 0.987356 0.073525
vt 0.934941 0.737876
vt 0.351297 0.948330
vt 0.976554 0.977024
vt 0.990650 0.977763
vt 0.992731 0.982694
vt 0.723587 0.991139
vt 0.001218 0.161261
vt 0.238955 0.002125
vt 0.961857 0.949835
vt 0.668625 0.228854
vt 0.656500 0.253114
vt 0.994817 0.318811
vt 0.996346 0.322088
vt 0.994591 0.328722
vt 0.753192 0.076882
vt 0.719869 0.795968
vt 0.677885 0.795968
vt 0.727452 0.791619
vt 0.958104 0.033816
vt 0.944375 0.029355
vt 0.963616 0.026714
vt 0.725548 0.800719
vt 0.726755 0.333967
vt 0.933538 0.453149
vt 0.679225 0.017483
vt 0.671746 0.007189
vt 0.687771 0.007687
vt 0.437784 0.971351
vt 0.439067 0.986856
vt 0.425820 0.979729
vt 0.279965 0.032988
vt 0.288712 0.028909
vt 0.304124 0.033528
vt 0.955790 0.427753
vt 0.964886 0.420839
vt 0.972200 0.433507
vt 0.917698 0.464957
vt 0.913556 0.468089
vt 0.273620 0.994391
vt 0.273620 0.979929
vt 0.279250 0.991534
vt 0.979655 0.281196
vt 0.983289 0.286019
vt 0.963308 0.282503
vt 0.007615 0.568524
vt 0.119259 0.066314
vt 0.174427 0.805943
vt 0.831937 0.785120
vt 0.843341 0.780043
vt 0.689068 0.994086
vt 0.692062 0.996450
vt 0.689655 0.997418
vt 0.969870 0.202739
vt 0.992365 0.195572
vt 0.981308 0.204143
vt 0.049484 0.003208
vt 0.056764 0.005573
vt 0.048976 0.006863
vt 0.429133 0.263422
vt 0.476956 0.157595
vt 0.469045 0.149684
vt 0.492828 0.146411
vt 0.816521 0.597741
vt 0.812198 0.594399
vt 0.678528 0.927695
vt 0.262481 0.102959
vt 0.192594 0.990822
vt 0.194206 0.988030
vt 0.209219 0.989756
vt 0.782411 0.957730
vt 0.901261 0.518049
vt 0.967918 0.424871
vt 0.849894 0.026914
vt 0.856230 0.013328
vt 0.856755 0.037024
vt 0.837156 0.741931
vt 0.014734 0.957564
vt 0.019423 0.944682
vt 0.019506 0.960656
vt 0.962591 0.275159
vt 0.773807 0.930731
vt 0.762553 0.934828
vt 0.743313 0.930959
vt 0.010461 0.066712
vt 0.010461 0.081324
vt 0.007666 0.079761
vt 0.511033 0.047168
vt 0.157792 0.531413
vt 0.864409 0.504035
vt 0.649121 0.204589
vt 0.290839 0.012078
vt 0.278648 0.012078
vt 0.282531 0.004035
vt 0.549032 0.013897
vt 0.902049 0.478502
vt 0.222045 0.524044
vt 0.209961 0.519497
vt 0.797793 0.208138
vt 0.318343 0.033989
vt 0.988604 0.999293
vt 0.988604 0.995169
vt 0.997298 0.998436
vt 0.456063 0.012559
vt 0.448267 0.019578
vt 0.451888 0.006605
vt 0.033344 0.658196
vt 0.032878 0.634977
vt 0.042651 0.642075
vt 0.728233 0.376419
vt 0.842446 0.568486
vt 0.378188 0.946604
vt 0.381954 0.942116
vt 0.407311 0.945411
vt 0.921328 0.985407
vt 0.917757 0.990927
vt 0.910523 0.985862
vt 0.926863 0.402233
vt 0.925483 0.403213
vt 0.873600 0.241777
vt 0.217386 0.965265
vt 0.221315 0.982085
vt 0.217386 0.978378
vt 0.954236 0.037115
vt 0.994631 0.626942
vt 0.997238 0.628309
vt 0.994774 0.630774
vt 0.874534 0.635723
vt 0.310356 0.033125
vt 0.997312 0.631365
vt 0.795677 0.911602
vt 0.829197 0.911602
vt 0.805493 0.915689
vt 0.617554 0.021021
vt 0.620417 0.012211
vt 0.633705 0.016971
vt 0.735776 0.096411
vt 0.786700 0.945393
vt 0.765976 0.937850
vt 0.793944 0.937286
vt 0.731256 0.388430
vt 0.347190 0.844289
vt 0.293375 0.940861
vt 0.287657 0.945112
vt 0.272992 0.939774
vt 0.655935 0.795418
vt 0.478879 0.995681
vt 0.482232 0.988492
vt 0.482349 0.997913
vt 0.007049 0.072764
vt 0.007050 0.058153
vt 0.011077 0.061324
vt 0.424926 0.009155
vt 0.408911 0.012072
vt 0.415115 0.002026
vt 0.638850 0.100140
vt 0.902108 0.826027
vt 0.593870 0.014471
vt 0.593870 0.003656
vt 0.596966 0.005166
vt 0.994626 0.570421
vt 0.994626 0.566035
vt 0.997821 0.567893
vt 0.270884 0.874732
vt 0.989620 0.905554
vt 0.389808 0.997144
vt 0.396194 0.992503
vt 0.395243 0.999943
vt 0.844439 0.929532
vt 0.335935 0.011560
vt 0.850996 0.989996
vt 0.853938 0.996305
vt 0.851075 0.998927
vt 0.696518 0.999249
vt 0.693570 0.990177
vt 0.697668 0.992117
vt 0.982254 0.002103
vt 0.977330 0.004946
vt 0.973939 0.002249
vt 0.971353 0.090293
vt 0.974482 0.098009
vt 0.018333 0.128310
vt 0.023863 0.118501
vt 0.033530 0.120380
vt 0.218502 0.153960
vt 0.826825 0.630751
vt 0.535006 0.703654
vt 0.973103 0.771427
vt 0.653633 0.727736
vt 0.049015 0.986364
vt 0.051275 0.981493
vt 0.059366 0.986165
vt 0.994534 0.575385
vt 0.994534 0.571140
vt 0.998920 0.573590
vt 0.016188 0.529290
vt 0.021466 0.539785
vt 0.017130 0.540053
vt 0.012963 0.685684
vt 0.007337 0.684706
vt 0.012299 0.671071
vt 0.899775 0.990002
vt 0.899775 0.999424
vt 0.896298 0.991499
vt 0.234397 0.964926
vt 0.232407 0.976212
vt 0.231363 0.962206
vt 0.158771 0.179612
vt 0.882181 0.010040
vt 0.876738 0.002548
vt 0.887109 0.003327
vt 0.943341 0.190283
vt 0.429568 0.973557
vt 0.416999 0.973801
vt 0.425157 0.967797
vt 0.719057 0.389376
vt 0.001702 0.353724
vt 0.002078 0.342958
vt 0.006354 0.354424
vt 0.980372 0.052443
vt 0.459933 0.970394
vt 0.958266 0.958697
vt 0.942706 0.221813
vt 0.345096 0.040920
vt 0.058293 0.001052
vt 0.061887 0.005998
vt 0.057449 0.005887
vt 0.865099 0.152792
vt 0.594933 0.813324
vt 0.593078 0.850795
vt 0.585229 0.834135
vt 0.264027 0.946429
vt 0.923457 0.569041
vt 0.977889 0.220725
vt 0.920605 0.089328
vt 0.927631 0.073548
vt 0.932420 0.091073
vt 0.922438 0.432054
vt 0.001653 0.157165
vt 0.992674 0.194517
vt 0.997758 0.194517
vt 0.995641 0.197225
vt 0.000536 0.138382
vt 0.001224 0.130518
vt 0.001478 0.142392
vt 0.330359 0.999421
vt 0.330359 0.991516
vt 0.333790 0.999215
vt 0.033081 0.244302
vt 0.258786 0.962197
vt 0.244143 0.967618
vt 0.254682 0.959323
vt 0.891356 0.998243
vt 0.896468 0.994529
vt 0.897667 0.998421
vt 0.353128 0.872863
vt 0.321401 0.872661
vt 0.333113 0.852849
vt 0.665654 0.720917
vt 0.007770 0.741094
vt 0.882153 0.335578
vt 0.012969 0.596612
vt 0.994495 0.560805
vt 0.994495 0.557020
vt 0.998960 0.558779
vt 0.577227 0.013964
vt 0.577227 0.003156
vt 0.580377 0.005140
vt 0.538649 0.951448
vt 0.519001 0.947595
vt 0.527884 0.946428
vt 0.762979 0.866026
vt 0.961282 0.740882
vt 0.781983 0.316529
vt 0.811303 0.813563
vt 0.037464 0.657249
vt 0.007178 0.670308
vt 0.188091 0.005874
vt 0.181496 0.005874
vt 0.185953 0.001679
vt 0.777962 0.331710
vt 0.957503 0.948053
vt 0.717896 0.789127
vt 0.993410 0.985039
vt 0.991980 0.994216
vt 0.989536 0.993345
vt 0.012015 0.571339
vt 0.009242 0.026785
vt 0.007073 0.031683
vt 0.933754 0.906297
vt 0.222420 0.975361
vt 0.330939 0.987941
vt 0.345295 0.987941
vt 0.342282 0.992421
vt 0.705982 0.536691
vt 0.296243 0.973506
vt 0.993047 0.119563
vt 0.998394 0.119563
vt 0.996467 0.122633
vt 0.438591 0.031063
vt 0.656098 0.903166
vt 0.870585 0.577271
vt 0.879507 0.585463
vt 0.510697 0.950358
vt 0.864405 0.962142
vt 0.844491 0.963320
vt 0.849586 0.958171
vt 0.938714 0.822573
vt 0.933384 0.811468
vt 0.017150 0.077937
vt 0.017150 0.061539
vt 0.027664 0.066683
vt 0.421344 0.012067
vt 0.925506 0.460452
vt 0.915617 0.529197
vt 0.005917 0.355213
vt 0.002139 0.366841
vt 0.002530 0.356075
vt 0.949586 0.221950
vt 0.876990 0.915762
vt 0.400724 0.858571
vt 0.222834 0.150084
vt 0.726521 0.196377
vt 0.701130 0.185881
vt 0.734045 0.178833
vt 0.974968 0.011317
vt 0.976931 0.006692
vt 0.987658 0.016472
vt 0.082808 0.987582
vt 0.099468 0.987582
vt 0.095588 0.990767
vt 0.331813 0.987310
vt 0.807527 0.884857
vt 0.792641 0.901238
vt 0.798841 0.892145
vt 0.217255 0.982872
vt 0.855375 0.969114
vt 0.923483 0.541257
vt 0.925852 0.536038
vt 0.692100 0.987477
vt 0.968279 0.957615
vt 0.941130 0.187047
vt 0.618791 0.912000
vt 0.265302 0.910932
vt 0.865823 0.170973
vt 0.653968 0.216207
vt 0.083483 0.015541
vt 0.078148 0.014407
vt 0.080070 0.004600
vt 0.818281 0.626416
vt 0.382600 0.018708
vt 0.301020 0.968798
vt 0.302882 0.979359
vt 0.300844 0.983367
vt 0.919539 0.415253
vt 0.822340 0.643013
vt 0.100530 0.922401
vt 0.078790 0.922293
vt 0.083786 0.914593
vt 0.937453 0.722338
vt 0.974250 0.013563
vt 0.971369 0.010683
vt 0.973810 0.003556
vt 0.932811 0.071761
vt 0.923649 0.071028
vt 0.923423 0.058132
vt 0.995534 0.755639
vt 0.995534 0.746375
vt 0.997920 0.752551
vt 0.085152 0.017129
vt 0.407620 0.865263
vt 0.028423 0.143797
vt 0.104718 0.825224
vt 0.987947 0.286978
vt 0.987947 0.261864
vt 0.992416 0.263897
vt 0.953480 0.799098
vt 0.663939 0.992822
vt 0.254857 0.976226
vt 0.237930 0.976111
vt 0.280014 0.972322
vt 0.282423 0.981313
vt 0.280400 0.986893
vt 0.078309 0.960450
vt 0.444358 0.015783
vt 0.246142 0.128847
vt 0.000136 0.063635
vt 0.002885 0.069529
vt 0.000402 0.075338
vt 0.455022 0.002159
vt 0.455022 0.008919
vt 0.452833 0.005170
vt 0.915800 0.785583
vt 0.738004 0.187579
vt 0.073979 0.972626
vt 0.053413 0.965944
vt 0.072699 0.967562
vt 0.324345 0.975018
vt 0.570716 0.153917
vt 0.005897 0.694996
vt 0.005897 0.707824
vt 0.002664 0.695922
vt 0.929301 0.899538
vt 0.371473 0.859497
vt 0.470490 0.994064
vt 0.479661 0.991084
vt 0.475506 0.998342
vt 0.030104 0.721078
vt 0.027473 0.734612
vt 0.020249 0.734568
vt 0.389926 0.995404
vt 0.388466 0.989954
vt 0.389983 0.987476
vt 0.857545 0.575312
vt 0.100472 0.910428
vt 0.998419 0.869030
vt 0.993021 0.869030
vt 0.995782 0.866116
vt 0.529605 0.785999
vt 0.142541 0.996475
vt 0.146985 0.994496
vt 0.143636 0.999462
vt 0.332804 0.021398
vt 0.635385 0.994041
vt 0.631483 0.999413
vt 0.631484 0.994060
vt 0.991055 0.205113
vt 0.993729 0.196883
vt 0.997364 0.205433
vt 0.905169 0.985164
vt 0.900134 0.986897
vt 0.890904 0.974835
vt 0.990289 0.006690
vt 0.851337 0.161976
vt 0.841403 0.154604
vt 0.848334 0.144008
vt 0.145753 0.519349
vt 0.923929 0.522956
vt 0.900690 0.477603
vt 0.829496 0.598723
vt 0.221929 0.005599
vt 0.221929 0.017060
vt 0.218656 0.007989
vt 0.994037 0.878878
vt 0.998913 0.880462
vt 0.994617 0.883458
vt 0.998858 0.219102
vt 0.998858 0.222490
vt 0.994092 0.222223
vt 0.944787 0.393011
vt 0.712738 0.999818
vt 0.711484 0.996715
vt 0.715001 0.993133
vt 0.106775 0.884361
vt 0.136931 0.875713
vt 0.108170 0.896693
vt 0.083620 0.034701
vt 0.625237 0.917906
vt 0.401046 0.273946
vt 0.906951 0.032795
vt 0.885329 0.033105
vt 0.894381 0.025538
vt 0.409660 0.002168
vt 0.412882 0.003215
vt 0.408870 0.009413
vt 0.930319 0.426657
vt 0.864948 0.968986
vt 0.871467 0.627134
vt 0.884603 0.626910
vt 0.904960 0.407668
vt 0.818019 0.604813
vt 0.638252 0.992479
vt 0.645316 0.997611
vt 0.636155 0.999968
vt 0.920772 0.353707
vt 0.919749 0.364616
vt 0.903063 0.364907
vt 0.859527 0.577687
vt 0.697246 0.539865
vt 0.486773 0.967170
vt 0.606188 0.528506
vt 0.554846 0.534743
vt 0.576225 0.522682
vt 0.454256 0.837139
vt 0.456506 0.862859
vt 0.449335 0.830707
vt 0.310837 0.014999
vt 0.421456 0.986751
vt 0.711864 0.009447
vt 0.710640 0.003693
vt 0.714335 0.002134
vt 0.253230 0.668647
vt 0.022293 0.092045
vt 0.019259 0.088676
vt 0.027065 0.076132
vt 0.873361 0.329897
vt 0.819838 0.993942
vt 0.819838 0.984407
vt 0.822659 0.993102
vt 0.831057 0.592107
vt 0.009656 0.433828
vt 0.009656 0.418639
vt 0.011996 0.430730
vt 0.922809 0.822817
vt 0.639209 0.748492
vt 0.908621 0.096057
vt 0.772542 0.483567
vt 0.780832 0.514507
vt 0.773607 0.549665
vt 0.959383 0.386161
vt 0.997311 0.192040
vt 0.989003 0.194739
vt 0.988086 0.190457
vt 0.288186 0.261102
vt 0.301149 0.245635
vt 0.986872 0.050089
vt 0.682472 0.998760
vt 0.682472 0.990666
vt 0.685605 0.997538
vt 0.025308 0.879125
vt 0.020805 0.880502
vt 0.023259 0.868986
vt 0.016676 0.025180
vt 0.355256 0.849695
vt 0.192474 0.985478
vt 0.206031 0.983087
vt 0.210849 0.986198
vt 0.037403 0.504084
vt 0.033670 0.518014
vt 0.033353 0.502265
vt 0.345787 0.033858
vt 0.980207 0.229724
vt 0.987232 0.240507
vt 0.914834 0.317177
vt 0.032427 0.345410
vt 0.032427 0.322768
vt 0.041088 0.338939
vt 0.993083 0.259436
vt 0.997826 0.261659
vt 0.993049 0.266437
vt 0.011706 0.009548
vt 0.006775 0.009462
vt 0.011855 0.002536
vt 0.921094 0.098998
vt 0.930359 0.188608
vt 0.897939 0.188608
vt 0.928289 0.180979
vt 0.871658 0.636758
vt 0.965803 0.770859
vt 0.914333 0.606625
vt 0.356626 0.964729
vt 0.354573 0.947932
vt 0.361839 0.946651
vt 0.829462 0.631159
vt 0.029119 0.472989
vt 0.032136 0.475434
vt 0.028287 0.489795
vt 0.750475 0.967568
vt 0.753553 0.964986
vt 0.753261 0.984158
vt 0.005411 0.318661
vt 0.001639 0.330269
vt 0.002142 0.318271
vt 0.018145 0.080388
vt 0.026349 0.074854
vt 0.019543 0.084916
vt 0.065317 0.981410
vt 0.166289 0.183024
vt 0.946930 0.830752
vt 0.019791 0.110864
vt 0.411642 0.960347
vt 0.428993 0.963407
vt 0.402326 0.964628
vt 0.952160 0.812198
vt 0.991156 0.952464
vt 0.991156 0.943810
vt 0.995753 0.950678
vt 0.272505 0.996034
vt 0.280365 0.993480
vt 0.280013 0.999974
vt 0.242642 0.948795
vt 0.235871 0.969634
vt 0.234700 0.955105
vt 0.791028 0.002105
vt 0.791028 0.005951
vt 0.785004 0.003340
vt 0.965210 0.378318
vt 0.955284 0.779148
vt 0.948851 0.781387
vt 0.993373 0.173931
vt 0.993755 0.184871
vt 0.988118 0.189614
vt 0.631787 0.949636
vt 0.022079 0.523894
vt 0.580489 0.023205
vt 0.578683 0.012964
vt 0.587374 0.023432
vt 0.886862 0.021586
vt 0.883754 0.009986
vt 0.887142 0.008122
vt 0.998486 0.968435
vt 0.995971 0.976177
vt 0.991443 0.968879
vt 0.558995 0.007429
vt 0.561041 0.001131
vt 0.563866 0.002594
vt 0.420098 0.867107
vt 0.990008 0.204730
vt 0.692251 0.061121
vt 0.949232 0.380612
vt 0.617212 0.806255
vt 0.069459 0.987426
vt 0.069459 0.990923
vt 0.052897 0.988725
vt 0.892685 0.843379
vt 0.032005 0.491764
vt 0.013049 0.024456
vt 0.007596 0.026123
vt 0.012503 0.012649
vt 0.865965 0.987427
vt 0.865965 0.997468
vt 0.861125 0.993783
vt 0.638015 0.990826
vt 0.646980 0.978486
vt 0.644616 0.994827
vt 0.993974 0.989245
vt 0.993974 0.984068
vt 0.998977 0.985453
vt 0.652141 0.787147
vt 0.921907 0.331674
vt 0.993672 0.445464
vt 0.991155 0.437718
vt 0.997264 0.441113
vt 0.124083 0.825730
vt 0.136239 0.810740
vt 0.131056 0.827598
vt 0.315377 0.068312
vt 0.297772 0.070325
vt 0.307745 0.066773
vt 0.939247 0.798694
vt 0.943743 0.803231
vt 0.381832 0.989294
vt 0.378607 0.976467
vt 0.385485 0.985511
vt 0.669964 0.728738
vt 0.615588 0.977431
vt 0.605185 0.979266
vt 0.595389 0.978016
vt 0.777475 0.022451
vt 0.781549 0.013300
vt 0.788991 0.013871
vt 0.593019 0.012318
vt 0.841996 0.053906
vt 0.882576 0.053906
vt 0.874188 0.060898
vt 0.000228 0.744113
vt 0.000228 0.731215
vt 0.004807 0.741002
vt 0.392402 0.917764
vt 0.415283 0.913431
vt 0.406659 0.917764
vt 0.475111 0.958677
vt 0.468830 0.951192
vt 0.486602 0.952173
vt 0.163448 0.203564
vt 0.454703 0.158010
vt 0.924675 0.559260
vt 0.241416 0.962616
vt 0.237689 0.967355
vt 0.527034 0.934252
vt 0.014908 0.922613
vt 0.005233 0.933771
vt 0.005261 0.919479
vt 0.957157 0.954793
vt 0.802255 0.820737
vt 0.992515 0.827888
vt 0.996388 0.830806
vt 0.988002 0.833240
vt 0.933105 0.427479
vt 0.931133 0.437451
vt 0.852447 0.004605
vt 0.862790 0.003700
vt 0.851208 0.012108
vt 0.736270 0.006727
vt 0.747076 0.003216
vt 0.747617 0.011890
vt 0.860666 0.012413
vt 0.030051 0.864714
vt 0.300944 0.882550
vt 0.822949 0.639195
vt 0.775815 0.996285
vt 0.772635 0.993974
vt 0.781746 0.987603
vt 0.858615 0.924707
vt 0.890630 0.924707
vt 0.872369 0.928264
vt 0.799276 0.883934
vt 0.456345 0.822941
vt 0.935476 0.396313
vt 0.931647 0.398926
vt 0.934435 0.556227
vt 0.922500 0.687986
vt 0.914454 0.674318
vt 0.923411 0.665361
vt 0.736405 0.917510
vt 0.747580 0.922721
vt 0.715159 0.922872
vt 0.836779 0.020923
vt 0.515663 0.730521
vt 0.041543 0.658578
vt 0.972972 0.306412
vt 0.955784 0.300821
vt 0.233706 0.955308
vt 0.943987 0.096020
vt 0.934917 0.112016
vt 0.933012 0.104290
vt 0.928321 0.008572
vt 0.927383 0.012073
vt 0.914579 0.009484
vt 0.092219 0.955592
vt 0.077057 0.944976
vt 0.104212 0.944710
vt 0.322035 0.674284
vt 0.320195 0.690621
vt 0.363123 0.995364
vt 0.372023 0.992472
vt 0.364326 0.998968
vt 0.731944 0.900594
vt 0.726599 0.892960
vt 0.762827 0.895531
vt 0.593098 0.993046
vt 0.593098 0.999905
vt 0.587667 0.998838
vt 0.435984 0.875454
vt 0.073132 0.933292
vt 0.066420 0.923707
vt 0.091909 0.924709
vt 0.682687 0.286060
vt 0.075974 0.973169
vt 0.171875 0.004261
vt 0.175557 0.009519
vt 0.172074 0.015377
vt 0.833073 0.026462
vt 0.249156 0.242039
vt 0.899597 0.186802
vt 0.886938 0.173662
vt 0.026669 0.069666
vt 0.768411 0.304155
vt 0.420595 0.845941
vt 0.813231 0.975024
vt 0.813949 0.979097
vt 0.796323 0.975833
vt 0.998262 0.826340
vt 0.997153 0.829752
vt 0.993178 0.826432
vt 0.170071 0.210801
vt 0.323619 0.204806
vt 0.749833 0.169418
vt 0.111312 0.836322
vt 0.007118 0.805350
vt 0.013023 0.809040
vt 0.012119 0.820027
vt 0.904684 0.020269
vt 0.733251 0.321827
vt 0.949200 0.955917
vt 0.302073 0.985107
vt 0.302073 0.994249
vt 0.298632 0.994097
vt 0.252360 0.660003
vt 0.365270 0.984931
vt 0.871419 0.017582
vt 0.857181 0.017582
vt 0.860492 0.013133
vt 0.113490 0.999285
vt 0.107944 0.991652
vt 0.114614 0.991906
vt 0.997959 0.936872
vt 0.991467 0.941588
vt 0.992209 0.930517
vt 0.972824 0.275516
vt 0.983370 0.270520
vt 0.983370 0.281383
vt 0.686795 0.197194
vt 0.020387 0.586677
vt 0.025909 0.569682
vt 0.029965 0.586914
vt 0.066608 0.981551
vt 0.084953 0.981551
vt 0.081543 0.985720
vt 0.837492 0.143804
vt 0.067299 0.985328
vt 0.036598 0.598769
vt 0.036598 0.622278
vt 0.034399 0.612516
vt 0.997357 0.252853
vt 0.993076 0.258746
vt 0.993495 0.249814
vt 0.451137 0.823673
vt 0.434020 0.964365
vt 0.426129 0.964266
vt 0.584826 0.812052
vt 0.966104 0.412262
vt 0.954781 0.417515
vt 0.301322 0.021915
vt 0.993128 0.126961
vt 0.998312 0.128645
vt 0.994880 0.131850
vt 0.040503 0.136239
vt 0.036938 0.122936
vt 0.041108 0.114013
vt 0.319688 0.982774
vt 0.316121 0.977764
vt 0.319529 0.978211
vt 0.997976 0.662038
vt 0.993553 0.668125
vt 0.991954 0.661180
vt 0.543035 0.997460
vt 0.541455 0.991950
vt 0.547375 0.994610
vt 0.988518 0.868736
vt 0.993794 0.865690
vt 0.984978 0.877449
vt 0.073558 0.967066
vt 0.978529 0.983615
vt 0.988877 0.986724
vt 0.979484 0.987181
vt 0.990206 0.865017
vt 0.496426 0.951327
vt 0.414055 0.843076
vt 0.447561 0.983508
vt 0.440153 0.987288
vt 0.440153 0.978452
vt 0.236870 0.977006
vt 0.254066 0.977262
vt 0.245038 0.986740
vt 0.968962 0.226542
vt 0.874694 0.166637
vt 0.642847 0.956594
vt 0.243148 0.176736
vt 0.997888 0.266747
vt 0.750367 0.087507
vt 0.010323 0.935002
vt 0.333803 0.995371
vt 0.330823 0.989523
vt 0.340376 0.992998
vt 0.971984 0.407882
vt 0.309784 0.690424
vt 0.314789 0.980773
vt 0.974264 0.964517
vt 0.733827 0.206641
vt 0.037437 0.569807
vt 0.034615 0.554825
vt 0.041077 0.553685
vt 0.931824 0.393709
vt 0.954214 0.983515
vt 0.971264 0.983515
vt 0.966877 0.987280
vt 0.362539 0.859121
vt 0.905847 0.324278
vt 0.066640 0.914649
vt 0.984554 0.853166
vt 0.243663 0.991635
vt 0.246146 0.999278
vt 0.242776 0.999302
vt 0.569911 0.009020
vt 0.558991 0.009020
vt 0.565758 0.003064
vt 0.255410 0.116150
vt 0.731706 0.209469
vt 0.002180 0.236391
vt 0.005802 0.228624
vt 0.006380 0.240661
vt 0.907961 0.566213
vt 0.910058 0.560337
vt 0.397989 0.911038
vt 0.426359 0.868279
vt 0.956742 0.050829
vt 0.952095 0.044619
vt 0.945240 0.037492
vt 0.945222 0.415018
vt 0.144453 0.524152
vt 0.928206 0.519839
vt 0.303487 0.075649
vt 0.052589 0.911766
vt 0.050511 0.907310
vt 0.083930 0.913145
vt 0.997505 0.154513
vt 0.991644 0.155546
vt 0.997942 0.147072
vt 0.640730 0.742719
vt 0.796740 0.979155
vt 0.873898 0.171857
vt 0.863242 0.174554
vt 0.715060 0.937239
vt 0.704165 0.945440
vt 0.694596 0.937411
vt 0.909331 0.998333
vt 0.906379 0.998333
vt 0.907393 0.991597
vt 0.703890 0.548781
vt 0.926515 0.740669
vt 0.332490 0.206952
vt 0.154584 0.278305
vt 0.036340 0.038104
vt 0.041203 0.034700
vt 0.040850 0.047758
vt 0.637020 0.003173
vt 0.641955 0.003259
vt 0.635487 0.011430
vt 0.015554 0.261781
vt 0.014657 0.266867
vt 0.015484 0.250757
vt 0.548172 0.987434
vt 0.798437 0.199981
vt 0.052421 0.966956
vt 0.072956 0.973628
vt 0.053024 0.971717
vt 0.586660 0.148037
vt 0.587388 0.149542
vt 0.578858 0.153996
vt 0.989471 0.983125
vt 0.885710 0.979875
vt 0.894753 0.992322
vt 0.887078 0.993438
vt 0.989847 0.343527
vt 0.989847 0.368457
vt 0.987998 0.356598
vt 0.971848 0.984008
vt 0.903430 0.090415
vt 0.649606 0.178784
vt 0.038486 0.183052
vt 0.042235 0.161788
vt 0.043085 0.184133
vt 0.926104 0.114624
vt 0.935590 0.085276
vt 0.988799 0.150759
vt 0.993902 0.166462
vt 0.987971 0.160718
vt 0.921338 0.452755
vt 0.005506 0.257785
vt 0.001740 0.251263
vt 0.005813 0.245739
vt 0.922154 0.815006
vt 0.736073 0.809553
vt 0.411002 0.012743
vt 0.420644 0.012911
vt 0.422331 0.020993
vt 0.931784 0.510102
vt 0.994488 0.109095
vt 0.994488 0.104399
vt 0.998967 0.105923
vt 0.996728 0.387490
vt 0.994519 0.384857
vt 0.996922 0.377364
vt 0.308559 0.241907
vt 0.253410 0.421754
vt 0.994554 0.697267
vt 0.994554 0.693468
vt 0.997390 0.695278
vt 0.337256 0.790908
vt 0.320327 0.786372
vt 0.372522 0.786131
vt 0.037077 0.025756
vt 0.256605 0.006034
vt 0.251407 0.006034
vt 0.257657 0.001519
vt 0.491053 0.999980
vt 0.491053 0.992971
vt 0.495855 0.997607
vt 0.443270 0.993703
vt 0.447025 0.998871
vt 0.443207 0.999248
vt 0.829180 0.997764
vt 0.822557 0.999916
vt 0.826075 0.993538
vt 0.365637 0.002670
vt 0.374040 0.005400
vt 0.367575 0.011932
vt 0.000779 0.618107
vt 0.000119 0.614312
vt 0.003909 0.613981
vt 0.744783 0.389999
vt 0.991647 0.005788
vt 0.993806 0.013848
vt 0.991088 0.016870
vt 0.955321 0.997937
vt 0.959934 0.994586
vt 0.962101 0.999875
vt 0.990486 0.113896
vt 0.997853 0.113896
vt 0.997933 0.117725
vt 0.005909 0.385845
vt 0.005909 0.398143
vt 0.001644 0.395674
vt 0.819863 0.995251
vt 0.037644 0.525428
vt 0.011845 0.240283
vt 0.007344 0.252649
vt 0.007289 0.237784
vt 0.980585 0.233875
vt 0.149834 0.015718
vt 0.161123 0.018743
vt 0.147279 0.020032
vt 0.908729 0.028027
vt 0.900436 0.470374
vt 0.951863 0.776160
vt 0.082741 0.865618
vt 0.082592 0.839661
vt 0.124357 0.836007
vt 0.760228 0.858309
vt 0.635965 0.777494
vt 0.657914 0.769694
vt 0.649942 0.776271
vt 0.033129 0.541734
vt 0.028728 0.534111
vt 0.033206 0.521710
vt 0.019566 0.408720
vt 0.017639 0.404588
vt 0.032272 0.404472
vt 0.627721 0.936690
vt 0.462355 0.016208
vt 0.465027 0.006234
vt 0.465138 0.017431
vt 0.994602 0.540597
vt 0.994602 0.535939
vt 0.998349 0.539638
vt 0.616430 0.004260
vt 0.623247 0.002045
vt 0.623111 0.008529
vt 0.107400 0.987495
vt 0.124222 0.987495
vt 0.120930 0.990854
vt 0.107596 0.993599
vt 0.112142 0.999855
vt 0.106891 0.999337
vt 0.227943 0.998691
vt 0.223915 0.995673
vt 0.228456 0.995783
vt 0.010749 0.739770
vt 0.012532 0.741553
vt 0.008112 0.742878
vt 0.650825 0.166286
vt 0.956757 0.821086
vt 0.031117 0.683909
vt 0.021971 0.697762
vt 0.027051 0.684193
vt 0.521654 0.934420
vt 0.906970 0.988052
vt 0.375269 0.964373
vt 0.141739 0.987987
vt 0.158865 0.987987
vt 0.149955 0.989354
vt 0.160258 0.871613
vt 0.200769 0.871613
vt 0.176011 0.873603
vt 0.152026 0.014807
vt 0.138508 0.014872
vt 0.139019 0.011321
vt 0.994129 0.220495
vt 0.994129 0.215557
vt 0.999325 0.217042
vt 0.021178 0.919208
vt 0.024510 0.913436
vt 0.025146 0.921139
vt 0.488812 0.030122
vt 0.483321 0.020364
vt 0.485063 0.014664
vt 0.907185 0.010025
vt 0.902036 0.012426
vt 0.893419 0.009729
vt 0.995777 0.401011
vt 0.998855 0.405247
vt 0.993593 0.405636
vt 0.562072 0.992197
vt 0.577027 0.994834
vt 0.561442 0.994802
vt 0.993765 0.552105
vt 0.989115 0.565972
vt 0.990133 0.552105
vt 0.440369 0.995131
vt 0.436757 0.988610
vt 0.439221 0.987461
vt 0.994549 0.535058
vt 0.994549 0.530400
vt 0.998905 0.533561
vt 0.200243 0.999955
vt 0.191499 0.999955
vt 0.193074 0.991485
vt 0.734599 0.213568
vt 0.411160 0.025329
vt 0.411469 0.029846
vt 0.402934 0.032620
vt 0.629723 0.779232
vt 0.644851 0.764341
vt 0.811734 0.995586
vt 0.817170 0.997353
vt 0.811732 0.999379
vt 0.629935 0.098197
vt 0.039944 0.916482
vt 0.047618 0.920225
vt 0.040133 0.921886
vt 0.993901 0.208363
vt 0.992734 0.225468
vt 0.988468 0.213429
vt 0.991484 0.147620
vt 0.997885 0.053753
vt 0.994562 0.054161
vt 0.997200 0.046041
vt 0.532859 0.996984
vt 0.540384 0.991517
vt 0.541159 0.999419
vt 0.010375 0.342032
vt 0.010375 0.356264
vt 0.007274 0.341118
vt 0.868227 0.760646
vt 0.882529 0.750632
vt 0.882347 0.771176
vt 0.980679 0.254871
vt 0.400358 0.991164
vt 0.402781 0.998619
vt 0.398831 0.999773
vt 0.148484 0.267847
vt 0.455100 0.149356
vt 0.311153 0.998809
vt 0.309744 0.994471
vt 0.318655 0.992631
vt 0.230903 0.978904
vt 0.229387 0.983153
vt 0.225794 0.980346
vt 0.327070 0.056082
vt 0.998232 0.074638
vt 0.998794 0.078433
vt 0.993653 0.078433
vt 0.924359 0.115274
vt 0.857294 0.138608
vt 0.201873 0.747546
vt 0.104270 0.747546
vt 0.139705 0.732816
vt 0.931614 0.537261
vt 0.003392 0.518120
vt 0.000294 0.529681
vt 0.000133 0.517147
vt 0.619173 0.994931
vt 0.618380 0.999938
vt 0.613455 0.993516
vt 0.895260 0.993637
vt 0.888139 0.998810
vt 0.886210 0.994498
vt 0.692994 0.987818
vt 0.692994 0.974500
vt 0.697583 0.990757
vt 0.398337 0.969989
vt 0.401914 0.966988
vt 0.403274 0.984617
vt 0.686975 0.003035
vt 0.688275 0.007036
vt 0.679802 0.005912
vt 0.360097 0.862542
vt 0.914584 0.418342
vt 0.991300 0.929412
vt 0.994113 0.927908
vt 0.994478 0.929977
vt 0.993764 0.074684
vt 0.969341 0.072685
vt 0.575340 0.929577
vt 0.565992 0.934975
vt 0.544499 0.929877
vt 0.252004 0.002468
vt 0.437482 0.970288
vt 0.994638 0.701186
vt 0.994638 0.698109
vt 0.998313 0.700655
vt 0.127244 0.051564
vt 0.994479 0.710275
vt 0.994479 0.706643
vt 0.997968 0.708925
vt 0.460566 0.228546
vt 0.504993 0.218643
vt 0.479716 0.240877
vt 0.013538 0.862290
vt 0.007106 0.859723
vt 0.010317 0.856710
vt 0.896235 0.021472
vt 0.934672 0.035847
vt 0.933229 0.999994
vt 0.930615 0.991950
vt 0.935447 0.994477
vt 0.325570 0.855476
vt 0.442008 0.993854
vt 0.974568 0.986974
vt 0.150452 0.010808
vt 0.951577 0.385937
vt 0.616686 0.012950
vt 0.604865 0.012950
vt 0.605875 0.002156
vt 0.031950 0.601274
vt 0.021851 0.608085
vt 0.032026 0.593325
vt 0.657515 0.253187
vt 0.179681 0.011503
vt 0.176311 0.009558
vt 0.179600 0.002092
vt 0.012068 0.194778
vt 0.007184 0.205252
vt 0.007066 0.192520
vt 0.483048 0.959834
vt 0.355094 0.789848
vt 0.436268 0.997433
vt 0.368211 0.760312
vt 0.547196 0.985306
vt 0.532847 0.981461
vt 0.547710 0.981667
vt 0.838491 0.609854
vt 0.823055 0.607654
vt 0.252168 0.985183
vt 0.864273 0.009567
vt 0.864273 0.002014
vt 0.875404 0.004677
vt 0.998770 0.688232
vt 0.994684 0.688232
vt 0.995059 0.684880
vt 0.645176 0.012142
vt 0.649221 0.009202
vt 0.653918 0.022520
vt 0.991015 0.920665
vt 0.965725 0.408456
vt 0.777347 0.309403
vt 0.268118 0.402706
vt 0.362917 0.386395
vt 0.331034 0.394981
vt 0.950025 0.384756
vt 0.654882 0.001106
vt 0.654882 0.005510
vt 0.649750 0.000029
vt 0.219760 0.946769
vt 0.232616 0.953619
vt 0.230998 0.958065
vt 0.008280 0.096956
vt 0.008280 0.082299
vt 0.011861 0.095979
vt 0.991044 0.003433
vt 0.986091 0.002106
vt 0.994272 0.002206
vt 0.531847 0.984645
vt 0.723329 0.944689
vt 0.222702 0.999795
vt 0.994166 0.580877
vt 0.994569 0.576278
vt 0.999288 0.580614
vt 0.994672 0.112768
vt 0.994672 0.109789
vt 0.999286 0.112597
vt 0.003898 0.198928
vt 0.003898 0.210941
vt 0.000130 0.209407
vt 0.996888 0.240567
vt 0.993063 0.240500
vt 0.992538 0.237278
vt 0.558510 0.516250
vt 0.895313 0.329927
vt 0.003719 0.771331
vt 0.000190 0.767893
vt 0.003839 0.766191
vt 0.813679 0.879855
vt 0.950912 0.048031
vt 0.918855 0.425201
vt 0.917120 0.430250
vt 0.848776 0.726113
vt 0.882383 0.847813
vt 0.997746 0.721873
vt 0.989162 0.719261
vt 0.991627 0.711674
vt 0.547550 0.149220
vt 0.553874 0.157491
vt 0.537994 0.159828
vt 0.969194 0.763389
vt 0.584347 0.146086
vt 0.994670 0.837696
vt 0.994670 0.834978
vt 0.998281 0.837731
vt 0.998822 0.173196
vt 0.993626 0.173196
vt 0.995112 0.170208
vt 0.649845 0.005192
vt 0.577560 0.999835
vt 0.577560 0.995633
vt 0.583065 0.999235
vt 0.011649 0.755194
vt 0.000801 0.605458
vt 0.304683 0.972916
vt 0.517096 0.995018
vt 0.516164 0.999405
vt 0.514122 0.994049
vt 0.228555 0.994769
vt 0.225166 0.994473
vt 0.228144 0.984082
vt 0.068074 0.905083
vt 0.737854 0.212029
vt 0.403624 0.281514
vt 0.226522 0.112335
vt 0.997529 0.947105
vt 0.991678 0.942854
vt 0.998252 0.940105
vt 0.999094 0.509048
vt 0.999395 0.505608
vt 0.999364 0.512015
vt 0.955823 0.287268
vt 0.950804 0.273003
vt 0.959204 0.277980
vt 0.135835 0.853409
vt 0.828197 0.935623
vt 0.841724 0.938008
vt 0.811347 0.938496
vt 0.416693 0.022514
vt 0.405448 0.015758
vt 0.419326 0.020648
vt 0.770319 0.026105
vt 0.765960 0.023381
vt 0.765934 0.012666
vt 0.697742 0.974620
vt 0.816414 0.647014
vt 0.398340 0.985681
vt 0.024764 0.940254
vt 0.020537 0.956887
vt 0.020216 0.940652
vt 0.214229 0.934533
vt 0.223863 0.931026
vt 0.245489 0.932914
vt 0.998879 0.436570
vt 0.997743 0.440066
vt 0.993568 0.437112
vt 0.943063 0.064645
vt 0.943851 0.082428
vt 0.938264 0.088015
vt 0.998774 0.576223
vt 0.797521 0.926772
vt 0.773662 0.926772
vt 0.805391 0.925191
vt 0.252034 0.107516
vt 0.934546 0.863505
vt 0.947629 0.857405
vt 0.944000 0.874143
vt 0.707246 0.545352
vt 0.888925 0.847244
vt 0.997337 0.711661
vt 0.986727 0.528133
vt 0.986727 0.545091
vt 0.984068 0.528279
vt 0.844902 0.608694
vt 0.832773 0.613193
vt 0.087661 0.872782
vt 0.770994 0.025515
vt 0.772326 0.019248
vt 0.777607 0.024172
vt 0.197989 0.991529
vt 0.206027 0.994938
vt 0.197989 0.994762
vt 0.333513 0.013060
vt 0.338189 0.012235
vt 0.334507 0.026536
vt 0.408465 0.012732
vt 0.207852 0.990963
vt 0.737969 0.838870
vt 0.737893 0.828811
vt 0.745519 0.834152
vt 0.730271 0.012260
vt 0.732473 0.019462
vt 0.719189 0.015117
vt 0.736183 0.984687
vt 0.726137 0.975642
vt 0.739426 0.982610
vt 0.022112 0.128007
vt 0.026343 0.126034
vt 0.021730 0.139954
vt 0.001092 0.756383
vt 0.004447 0.747164
vt 0.003818 0.757727
vt 0.985958 0.206556
vt 0.269248 0.007082
vt 0.277264 0.008496
vt 0.263521 0.008527
vt 0.000052 0.043504
vt 0.000451 0.038947
vt 0.000348 0.050177
vt 0.290041 0.064170
vt 0.288175 0.067542
vt 0.689315 0.287411
vt 0.036235 0.290999
vt 0.032245 0.290295
vt 0.035028 0.268417
vt 0.735815 0.879009
vt 0.733173 0.877238
vt 0.733323 0.869516
vt 0.334384 0.996541
vt 0.340298 0.994620
vt 0.340842 0.999338
vt 0.007248 0.355325
vt 0.011533 0.207279
vt 0.003283 0.758376
vt 0.003620 0.605782
vt 0.040704 0.547210
vt 0.793170 0.525595
vt 0.797594 0.485325
vt 0.807031 0.505800
vt 0.765129 0.023652
vt 0.762565 0.019990
vt 0.764388 0.010084
vt 0.007022 0.904053
vt 0.006071 0.900503
vt 0.016368 0.904119
vt 0.993479 0.288451
vt 0.993479 0.283050
vt 0.997458 0.287090
vt 0.520190 0.002088
vt 0.525127 0.002088
vt 0.525052 0.010500
vt 0.361906 0.013702
vt 0.361906 0.024628
vt 0.350139 0.013281
vt 0.184514 0.615665
vt 0.634829 0.007556
vt 0.634829 0.016110
vt 0.621465 0.010758
vt 0.137467 0.015967
vt 0.280132 0.077706
vt 0.265767 0.056106
vt 0.748441 0.862031
vt 0.920982 0.055095
vt 0.523332 0.719433
vt 0.950162 0.289023
vt 0.307044 0.267080
vt 0.988141 0.237026
vt 0.988141 0.216146
vt 0.991718 0.228430
vt 0.025605 0.957027
vt 0.994886 0.919469
vt 0.949881 0.987603
vt 0.964017 0.987603
vt 0.950767 0.991249
vt 0.304845 0.977819
vt 0.971863 0.877870
vt 0.972149 0.887581
vt 0.963904 0.890582
vt 0.634776 0.763568
vt 0.613465 0.767775
vt 0.676963 0.988249
vt 0.663642 0.987366
vt 0.661130 0.981980
vt 0.588682 0.807312
vt 0.942918 0.011412
vt 0.929186 0.011374
vt 0.929186 0.008225
vt 0.576179 0.991571
vt 0.208040 0.007555
vt 0.208924 0.004533
vt 0.218445 0.004533
vt 0.822401 0.011349
vt 0.825104 0.008128
vt 0.825132 0.019566
vt 0.019409 0.366228
vt 0.029065 0.379518
vt 0.018770 0.381003
vt 0.034262 0.546507
vt 0.780912 0.598464
vt 0.994690 0.551230
vt 0.994690 0.546957
vt 0.999268 0.550715
vt 0.315942 0.862613
vt 0.197073 0.017026
vt 0.198524 0.008796
vt 0.199201 0.019905
vt 0.527619 0.970197
vt 0.515331 0.959866
vt 0.525790 0.959826
vt 0.945057 0.894034
vt 0.937163 0.915724
vt 0.935607 0.885384
vt 0.435466 0.012469
vt 0.423043 0.012469
vt 0.434580 0.004650
vt 0.351300 0.835953
vt 0.942168 0.008376
vt 0.771617 0.360668
vt 0.338182 0.026527
vt 0.048326 0.007165
vt 0.046986 0.009485
vt 0.035259 0.007131
vt 0.268878 0.006322
vt 0.265545 0.001734
vt 0.269198 0.001912
vt 0.021891 0.931982
vt 0.734361 0.840007
vt 0.423832 0.021761
vt 0.033217 0.408145
vt 0.826234 0.012242
vt 0.828594 0.025623
vt 0.825484 0.026530
vt 0.019105 0.900010
vt 0.000615 0.980978
vt 0.003487 0.989818
vt 0.000541 0.988982
vt 0.832450 0.138152
vt 0.836406 0.114459
vt 0.850386 0.124633
vt 0.003957 0.523692
vt 0.003957 0.536227
vt 0.000071 0.533878
vt 0.425867 0.025797
vt 0.076574 0.025268
vt 0.027407 0.916896
vt 0.323381 0.212300
vt 0.930206 0.546064
vt 0.707677 0.020795
vt 0.732907 0.020795
vt 0.711955 0.023515
vt 0.916706 0.698687
vt 0.919539 0.692544
vt 0.230528 0.964984
vt 0.355031 0.863389
vt 0.300830 0.089230
vt 0.290098 0.081250
vt 0.070079 0.904429
vt 0.103637 0.904429
vt 0.086592 0.912791
vt 0.564949 0.895372
vt 0.564949 0.883885
vt 0.582433 0.898592
vt 0.026977 0.703751
vt 0.025398 0.696395
vt 0.031374 0.699354
vt 0.869235 0.616847
vt 0.548872 0.171231
vt 0.936597 0.855731
vt 0.523536 0.970482
vt 0.518039 0.987399
vt 0.515235 0.969801
vt 0.361533 0.873066
vt 0.800528 0.473902
vt 0.793831 0.475208
vt 0.008979 0.097898
vt 0.013587 0.099039
vt 0.013587 0.112575
vt 0.582804 0.004221
vt 0.592500 0.011266
vt 0.579202 0.011891
vt 0.480976 0.014188
vt 0.666273 0.014113
vt 0.669449 0.009741
vt 0.679145 0.019967
vt 0.403024 0.015537
vt 0.403024 0.004100
vt 0.406644 0.012763
vt 0.048146 0.986729
vt 0.029900 0.986729
vt 0.046409 0.982556
vt 0.964394 0.441123
vt 0.963645 0.455815
vt 0.956851 0.454994
vt 0.109633 0.814908
vt 0.098894 0.818395
vt 0.720852 0.394586
vt 0.712818 0.395144
vt 0.697466 0.373219
vt 0.759541 0.849950
vt 0.764665 0.839057
vt 0.763552 0.848783
vt 0.756692 0.835978
vt 0.958637 0.286900
vt 0.816423 0.616661
vt 0.002660 0.292259
vt 0.005900 0.294130
vt 0.003468 0.304418
vt 0.020746 0.691627
vt 0.677238 0.981035
vt 0.027112 0.142848
vt 0.001269 0.744790
vt 0.700088 0.990577
vt 0.703739 0.991353
vt 0.703025 0.998849
vt 0.842130 0.135437
vt 0.220203 0.111477
vt 0.729206 0.948720
vt 0.732890 0.955101
vt 0.717683 0.949518
vt 0.689176 0.064943
vt 0.216049 0.951984
vt 0.004527 0.486443
vt 0.004527 0.498955
vt 0.001516 0.494307
vt 0.522998 0.156935
vt 0.200083 0.045837
vt 0.223882 0.051331
vt 0.205387 0.070529
vt 0.381581 0.948208
vt 0.994591 0.035231
vt 0.995842 0.031795
vt 0.995467 0.040209
vt 0.033949 0.564368
vt 0.873552 0.729328
vt 0.879784 0.738400
vt 0.753920 0.873128
vt 0.748509 0.870768
vt 0.662678 0.777240
vt 0.225121 0.984574
vt 0.557496 0.897471
vt 0.453779 0.595048
vt 0.429208 0.583007
vt 0.467690 0.571754
vt 0.951718 0.439908
vt 0.680701 0.606025
vt 0.671858 0.600488
vt 0.688389 0.584739
vt 0.993445 0.576797
vt 0.718847 0.966296
vt 0.706102 0.977281
vt 0.713725 0.965848
vt 0.701170 0.973052
vt 0.697743 0.958210
vt 0.709400 0.970515
vt 0.866486 0.955861
vt 0.433927 0.612525
vt 0.537598 0.002601
vt 0.537598 0.012505
vt 0.533398 0.002803
vt 0.601424 0.937430
vt 0.572729 0.932370
vt 0.603504 0.930647
vt 0.008568 0.110222
vt 0.007197 0.871890
vt 0.301334 0.008062
vt 0.303399 0.009508
vt 0.301834 0.019129
vt 0.985971 0.699994
vt 0.991370 0.706429
vt 0.986124 0.724477
vt 0.926538 0.156133
vt 0.926764 0.169042
vt 0.901031 0.176697
vt 0.738501 0.395592
vt 0.380071 0.395619
vt 0.822300 0.893649
vt 0.810723 0.893095
vt 0.544958 0.897092
vt 0.221717 0.217276
vt 0.792447 0.012713
vt 0.806128 0.012713
vt 0.792059 0.019009
vt 0.569289 0.843041
vt 0.526381 0.870626
vt 0.549838 0.838551
vt 0.217804 0.008055
vt 0.908104 0.989580
vt 0.913144 0.991617
vt 0.911015 0.998839
vt 0.944415 0.094972
vt 0.669516 0.774637
vt 0.796592 0.380248
vt 0.810658 0.400336
vt 0.797144 0.432441
vt 0.862100 0.131594
vt 0.008227 0.010207
vt 0.011956 0.010077
vt 0.007178 0.023156
vt 0.092400 0.804922
vt 0.828205 0.902119
vt 0.818388 0.900847
vt 0.761884 0.357175
vt 0.682887 0.270725
vt 0.994540 0.593563
vt 0.994540 0.589666
vt 0.998914 0.593617
vt 0.031501 0.685473
vt 0.000078 0.125347
vt 0.004957 0.120468
vt 0.004825 0.132302
vt 0.601149 0.149059
vt 0.876625 0.396092
vt 0.865570 0.411880
vt 0.866322 0.371101
vt 0.735293 0.225382
vt 0.967400 0.864504
vt 0.532175 0.960715
vt 0.119480 0.834131
vt 0.106608 0.796569
vt 0.257330 0.069276
vt 0.726426 0.964310
vt 0.725196 0.977033
vt 0.722469 0.962659
vt 0.712498 0.960772
vt 0.125091 0.973536
vt 0.138607 0.978455
vt 0.125027 0.990677
vt 0.947612 0.885457
vt 0.631354 0.437713
vt 0.619793 0.503280
vt 0.616380 0.407093
vt 0.780006 0.029184
vt 0.791060 0.014119
vt 0.410967 0.740833
vt 0.381590 0.743403
vt 0.416368 0.718679
vt 0.964429 0.863698
vt 0.965155 0.459082
vt 0.736362 0.014835
vt 0.759106 0.014835
vt 0.737593 0.026958
vt 0.073228 0.014644
vt 0.329033 0.946578
vt 0.339914 0.944660
vt 0.358278 0.946394
vt 0.619058 0.742141
vt 0.380790 0.914021
vt 0.181847 0.992698
vt 0.191265 0.989637
vt 0.190720 0.998278
vt 0.471630 0.169347
vt 0.471202 0.190441
vt 0.468635 0.167252
vt 0.738156 0.949067
vt 0.688629 0.973815
vt 0.859685 0.278167
vt 0.865494 0.299847
vt 0.859078 0.321531
vt 0.141338 0.990714
vt 0.979013 0.304444
vt 0.248459 0.052477
vt 0.463668 0.850309
vt 0.457290 0.833723
vt 0.458960 0.821838
vt 0.673269 0.615189
vt 0.515374 0.968099
vt 0.560582 0.870916
vt 0.537035 0.959813
vt 0.747620 0.804594
vt 0.052083 0.412059
vt 0.050012 0.393084
vt 0.063803 0.383427
vt 0.955590 0.001152
vt 0.955590 0.007408
vt 0.953272 0.004433
vt 0.243165 0.946891
vt 0.997317 0.609837
vt 0.997317 0.618260
vt 0.990095 0.614035
vt 0.921426 0.004842
vt 0.910900 0.004842
vt 0.914919 0.003718
vt 0.589793 0.163242
vt 0.886786 0.736328
vt 0.907960 0.743711
vt 0.896853 0.753082
vt 0.552178 0.011663
vt 0.551086 0.024151
vt 0.550037 0.011095
vt 0.449633 0.960995
vt 0.437079 0.962187
vt 0.433757 0.960270
vt 0.926701 0.952152
vt 0.898843 0.949714
vt 0.927441 0.949157
vt 0.026339 0.799464
vt 0.022961 0.799049
vt 0.029202 0.791612
vt 0.738051 0.224256
vt 0.955786 0.457861
vt 0.504078 0.993373
vt 0.505907 0.978429
vt 0.515265 0.982793
vt 0.517070 0.993219
vt 0.382168 0.939731
vt 0.375612 0.946472
vt 0.370403 0.941263
vt 0.302534 0.519608
vt 0.298110 0.502591
vt 0.305704 0.499889
vt 0.032340 0.472258
vt 0.032340 0.449192
vt 0.036643 0.464074
vt 0.521711 0.181798
vt 0.543083 0.179754
vt 0.743871 0.973256
vt 0.791797 0.810136
vt 0.741436 0.810136
vt 0.757288 0.800136
vt 0.166565 0.273699
vt 0.747521 0.232046
vt 0.344825 0.032608
vt 0.791443 0.024240
vt 0.422975 0.961550
vt 0.274433 0.937457
vt 0.271825 0.931864
vt 0.286001 0.929613
vt 0.741932 0.848198
vt 0.734852 0.841012
vt 0.992774 0.472835
vt 0.992774 0.489134
vt 0.984993 0.467462
vt 0.958313 0.493055
vt 0.961004 0.501399
vt 0.957717 0.520037
vt 0.253648 0.141133
vt 0.262751 0.141954
vt 0.476245 0.808804
vt 0.750531 0.241587
vt 0.742455 0.242465
vt 0.115211 0.821168
vt 0.781467 0.033622
vt 0.780800 0.037054
vt 0.761332 0.022866
vt 0.094694 0.788049
vt 0.700018 0.879212
vt 0.727108 0.876841
vt 0.739055 0.881467
vt 0.992167 0.878168
vt 0.993217 0.872212
vt 0.993734 0.896166
vt 0.061163 0.930958
vt 0.745005 0.317804
vt 0.745865 0.864326
vt 0.945335 0.006750
vt 0.948749 0.002050
vt 0.955974 0.009531
vt 0.787438 0.569345
vt 0.797154 0.592970
vt 0.782192 0.574592
vt 0.267475 0.994391
vt 0.270147 0.984022
vt 0.272805 0.979929
vt 0.959780 0.431653
vt 0.294528 0.091889
vt 0.910465 0.433530
vt 0.909106 0.419370
vt 0.526660 0.951669
vt 0.513563 0.955179
vt 0.499019 0.952231
vt 0.581123 0.739462
vt 0.346513 0.079311
vt 0.328517 0.072512
vt 0.326841 0.061910
vt 0.219185 0.954732
vt 0.230966 0.959492
vt 0.226075 0.974774
vt 0.000858 0.456070
vt 0.000149 0.464166
vt 0.000432 0.451746
vt 0.342824 0.019116
vt 0.339001 0.013213
vt 0.728773 0.970139
vt 0.254046 0.173685
vt 0.271931 0.132971
vt 0.233675 0.669015
vt 0.925981 0.349594
vt 0.305489 0.908745
vt 0.314140 0.913740
vt 0.279516 0.912897
vt 0.415898 0.974375
vt 0.424363 0.974671
vt 0.405935 0.981248
vt 0.858028 0.994246
vt 0.854071 0.993548
vt 0.865555 0.986117
vt 0.776716 0.849437
vt 0.990616 0.362941
vt 0.990616 0.337966
vt 0.993271 0.339950
vt 0.665266 0.068841
vt 0.899340 0.054309
vt 0.874633 0.035659
vt 0.885483 0.037197
vt 0.993836 0.798223
vt 0.993836 0.822622
vt 0.990051 0.798875
vt 0.523761 0.521519
vt 0.523562 0.500924
vt 0.535784 0.543211
vt 0.468870 0.010888
vt 0.478763 0.003701
vt 0.478475 0.013922
vt 0.954110 0.132601
vt 0.954585 0.141875
vt 0.952069 0.140786
vt 0.684356 0.963208
vt 0.426711 0.659604
vt 0.425045 0.624436
vt 0.011961 0.789720
vt 0.007173 0.804454
vt 0.008103 0.789202
vt 0.840439 0.258032
vt 0.842133 0.248426
vt 0.847879 0.278159
vt 0.328569 0.053905
vt 0.745574 0.396216
vt 0.748183 0.981132
vt 0.023945 0.997360
vt 0.020365 0.994356
vt 0.023788 0.987535
vt 0.004968 0.573278
vt 0.001075 0.561296
vt 0.004629 0.560659
vt 0.698570 0.401165
vt 0.702221 0.383701
vt 0.703159 0.383359
vt 0.953216 0.300512
vt 0.811587 0.956998
vt 0.806633 0.958483
vt 0.799592 0.952781
vt 0.007357 0.191370
vt 0.008251 0.181146
vt 0.010512 0.192155
vt 0.417650 0.712584
vt 0.422558 0.717986
vt 0.420753 0.722452
vt 0.532555 0.966048
vt 0.278103 0.010060
vt 0.278103 0.002025
vt 0.281313 0.003085
vt 0.981688 0.391690
vt 0.976275 0.394787
vt 0.979519 0.390900
vt 0.400756 0.014067
vt 0.387764 0.014067
vt 0.395250 0.006074
vt 0.121194 0.825761
vt 0.456523 0.199048
vt 0.446529 0.189903
vt 0.445793 0.893319
vt 0.451273 0.890042
vt 0.460848 0.895570
vt 0.453237 0.887411
vt 0.801149 0.949973
vt 0.184700 0.689582
vt 0.156617 0.690325
vt 0.703534 0.232365
vt 0.696284 0.224379
vt 0.707633 0.229060
vt 0.065168 0.991502
vt 0.075316 0.991533
vt 0.066018 0.994674
vt 0.951812 0.121836
vt 0.086383 0.992022
vt 0.086383 0.995798
vt 0.076255 0.991614
vt 0.951690 0.992507
vt 0.954513 0.991590
vt 0.954655 0.999850
vt 0.627202 0.966190
vt 0.611970 0.971235
vt 0.611370 0.959782
vt 0.000086 0.092627
vt 0.004894 0.082195
vt 0.004949 0.093485
vt 0.828415 0.018495
vt 0.827403 0.010363
vt 0.829696 0.011230
vt 0.360165 0.088253
vt 0.359740 0.091793
vt 0.983203 0.851542
vt 0.983203 0.875548
vt 0.982557 0.867921
vt 0.448420 0.202999
vt 0.929875 0.993889
vt 0.924440 0.996882
vt 0.921386 0.988012
vt 0.137044 0.811836
vt 0.141182 0.809889
vt 0.146440 0.811803
vt 0.983144 0.296645
vt 0.828070 0.890420
vt 0.352486 0.091137
vt 0.001530 0.904960
vt 0.003884 0.902985
vt 0.004009 0.914739
vt 0.267634 0.193213
vt 0.305972 0.001568
vt 0.309946 0.004329
vt 0.304202 0.008503
vt 0.004188 0.991652
vt 0.014442 0.994983
vt 0.004872 0.995257
vt 0.611509 0.984969
vt 0.617781 0.987655
vt 0.613551 0.992353
vt 0.979488 0.603629
vt 0.978858 0.579547
vt 0.982874 0.594328
vt 0.816879 0.023159
vt 0.817540 0.010536
vt 0.821591 0.010073
vt 0.933292 0.352051
vt 0.957397 0.627249
vt 0.957397 0.599841
vt 0.965564 0.604577
vt 0.964965 0.501201
vt 0.423298 0.731843
vt 0.416828 0.748125
vt 0.400586 0.751875
vt 0.982673 0.790040
vt 0.977942 0.775938
vt 0.982783 0.765557
vt 0.916550 0.994929
vt 0.632136 0.236338
vt 0.645024 0.250855
vt 0.636010 0.250798
vt 0.984567 0.492256
vt 0.959110 0.288437
vt 0.723327 0.212640
vt 0.722945 0.236371
vt 0.855152 0.814022
vt 0.855152 0.788767
vt 0.882642 0.814001
vt 0.850961 0.986373
vt 0.612677 0.994552
vt 0.609881 0.995856
vt 0.610499 0.986017
vt 0.003858 0.226241
vt 0.001209 0.236128
vt 0.000674 0.224093
vt 0.043923 0.001102
vt 0.047757 0.006379
vt 0.042877 0.006451
vt 0.299822 0.002289
vt 0.529969 0.970963
vt 0.529969 0.986741
vt 0.526426 0.986633
vt 0.012431 0.266465
vt 0.012431 0.281370
vt 0.010227 0.278538
vt 0.002547 0.014910
vt 0.006517 0.012618
vt 0.006021 0.024139
vt 0.675741 0.615945
vt 0.037107 0.084131
vt 0.034455 0.076119
vt 0.041577 0.068997
vt 0.041001 0.091124
vt 0.907754 0.288448
vt 0.900307 0.279273
vt 0.910451 0.283775
vt 0.900662 0.271424
vt 0.909082 0.049589
vt 0.803607 0.012069
vt 0.791560 0.012069
vt 0.792863 0.003037
vt 0.568080 0.003176
vt 0.573360 0.002610
vt 0.571416 0.008971
vt 0.264902 0.980499
vt 0.172589 0.890170
vt 0.165659 0.897100
vt 0.165812 0.885162
vt 0.997457 0.722732
vt 0.997457 0.732455
vt 0.995997 0.724671
vt 0.000233 0.190786
vt 0.000233 0.178801
vt 0.002788 0.188290
vt 0.000991 0.546340
vt 0.002445 0.551768
vt 0.000576 0.558897
vt 0.766338 0.002220
vt 0.769291 0.007335
vt 0.765956 0.009865
vt 0.604420 0.964164
vt 0.006390 0.384336
vt 0.003729 0.373279
vt 0.006390 0.373904
vt 0.809176 0.970808
vt 0.830804 0.970808
vt 0.823105 0.974811
vt 0.281304 0.968072
vt 0.281052 0.960858
vt 0.295500 0.971757
vt 0.760897 0.024388
vt 0.780392 0.038552
vt 0.762156 0.032678
vt 0.967765 0.990853
vt 0.955197 0.994936
vt 0.967614 0.987944
vt 0.938987 0.004978
vt 0.928586 0.004978
vt 0.935682 0.002072
vt 0.040971 0.991553
vt 0.051174 0.991510
vt 0.041852 0.994841
vt 0.051074 0.994895
vt 0.036777 0.990917
vt 0.025383 0.987864
vt 0.041586 0.987432
vt 0.059507 0.990472
vt 0.063857 0.991801
vt 0.062404 0.999458
vt 0.040313 0.972999
vt 0.058165 0.973161
vt 0.051721 0.977151
vt 0.970782 0.512862
vt 0.191813 0.027428
vt 0.188167 0.019473
vt 0.195772 0.016244
vt 0.043952 0.386249
vt 0.045203 0.412859
vt 0.648702 0.970485
vt 0.649240 0.964959
vt 0.653817 0.965848
vt 0.762731 0.994670
vt 0.755829 0.994791
vt 0.763808 0.988593
vt 0.887918 0.034312
vt 0.932033 0.246558
vt 0.925993 0.238418
vt 0.934840 0.235881
vt 0.004347 0.008004
vt 0.002768 0.002110
vt 0.006386 0.011378
vt 0.499038 0.486681
vt 0.521979 0.490125
vt 0.906541 0.567230
vt 0.886928 0.566887
vt 0.901744 0.547630
vt 0.001034 0.331807
vt 0.004505 0.331503
vt 0.001666 0.335176
vt 0.010811 0.537014
vt 0.007185 0.539108
vt 0.010942 0.523833
vt 0.074572 0.995406
vt 0.141830 0.981254
vt 0.142586 0.971614
vt 0.145389 0.974561
vt 0.234230 0.660893
vt 0.010974 0.177432
vt 0.839069 0.206355
vt 0.843484 0.191731
vt 0.850518 0.189847
vt 0.300829 0.906502
vt 0.409408 0.993015
vt 0.416241 0.990483
vt 0.421408 0.998439
vt 0.971007 0.025801
vt 0.980638 0.019836
vt 0.977956 0.029041
vt 0.982126 0.484896
vt 0.982126 0.511076
vt 0.976585 0.507020
vt 0.896786 0.040885
vt 0.032042 0.149480
vt 0.019495 0.149261
vt 0.018814 0.139543
vt 0.704455 0.020520
vt 0.709975 0.007279
vt 0.711759 0.012408
vt 0.531293 0.186556
vt 0.949983 0.374402
vt 0.940610 0.382550
vt 0.945192 0.366368
vt 0.880450 0.617926
vt 0.888064 0.617582
vt 0.153106 0.003005
vt 0.157065 0.002018
vt 0.153645 0.007046
vt 0.077144 0.995404
vt 0.019010 0.938515
vt 0.015230 0.924406
vt 0.018888 0.922513
vt 0.000213 0.834186
vt 0.005830 0.839257
vt 0.000291 0.841839
vt 0.971487 0.006997
vt 0.968937 0.003959
vt 0.971647 0.001060
vt 0.007116 0.669567
vt 0.007320 0.657010
vt 0.012521 0.668119
vt 0.857797 0.213479
vt 0.857674 0.185464
vt 0.862575 0.210133
vt 0.533777 0.968982
vt 0.059552 0.035669
vt 0.060250 0.030962
vt 0.069264 0.029373
vt 0.701251 0.366031
vt 0.480137 0.989675
vt 0.465482 0.994437
vt 0.465654 0.978876
vt 0.158973 0.897045
vt 0.988509 0.965209
vt 0.989858 0.955288
vt 0.989721 0.961878
vt 0.920160 0.981345
vt 0.917522 0.975688
vt 0.936959 0.981044
vt 0.431762 0.749998
vt 0.699303 0.012079
vt 0.694957 0.013408
vt 0.698333 0.002705
vt 0.172442 0.995226
vt 0.168219 0.991682
vt 0.177703 0.991867
vt 0.994603 0.850784
vt 0.994603 0.847605
vt 0.997845 0.848561
vt 0.018243 0.409614
vt 0.023550 0.409402
vt 0.023550 0.425946
vt 0.415446 0.652614
vt 0.007100 0.808701
vt 0.008510 0.816697
vt 0.007669 0.824229
vt 0.554870 0.177469
vt 0.000800 0.081742
vt 0.250900 0.932099
vt 0.269136 0.936985
vt 0.237913 0.936108
vt 0.989636 0.119485
vt 0.993827 0.133213
vt 0.986205 0.128423
vt 0.011012 0.514428
vt 0.007118 0.503656
vt 0.011513 0.499968
vt 0.662552 0.993708
vt 0.654165 0.981919
vt 0.662454 0.988089
vt 0.402928 0.969480
vt 0.013061 0.719637
vt 0.013061 0.735046
vt 0.008087 0.721322
vt 0.929056 0.493133
vt 0.940276 0.487479
vt 0.944076 0.496885
vt 0.264455 0.986965
vt 0.766442 0.634824
vt 0.775058 0.629231
vt 0.775770 0.634498
vt 0.393609 0.750155
vt 0.912359 0.287283
vt 0.007708 0.701467
vt 0.012486 0.701634
vt 0.012936 0.715955
vt 0.004475 0.335796
vt 0.433522 0.729491
vt 0.440798 0.737549
vt 0.412510 0.681366
vt 0.424088 0.697869
vt 0.887786 0.008964
vt 0.888027 0.002357
vt 0.892173 0.004577
vt 0.299512 0.966843
vt 0.132653 0.521196
vt 0.163250 0.535521
vt 0.160254 0.540522
vt 0.412158 0.809671
vt 0.397149 0.813693
vt 0.360752 0.812630
vt 0.166773 0.008372
vt 0.170168 0.008075
vt 0.166186 0.021015
vt 0.809526 0.993937
vt 0.809404 0.990450
vt 0.817925 0.993281
vt 0.817988 0.995954
vt 0.742104 0.968989
vt 0.141748 0.002665
vt 0.150862 0.009287
vt 0.139672 0.010427
vt 0.575425 0.008949
vt 0.995078 0.900501
vt 0.998945 0.903311
vt 0.994005 0.904635
vt 0.016603 0.209018
vt 0.016603 0.225020
vt 0.013608 0.213848
vt 0.427261 0.748784
vt 0.424021 0.764680
vt 0.419733 0.763768
vt 0.785703 0.996111
vt 0.788818 0.994524
vt 0.786947 0.999937
vt 0.431985 0.992081
vt 0.428962 0.994803
vt 0.421993 0.989084
vt 0.020857 0.968898
vt 0.037552 0.968898
vt 0.022497 0.973197
vt 0.000269 0.581805
vt 0.004947 0.589907
vt 0.000088 0.594428
vt 0.190110 0.903112
vt 0.183007 0.887886
vt 0.190399 0.897607
vt 0.183014 0.875674
vt 0.178149 0.889257
vt 0.167821 0.884868
vt 0.899827 0.288548
vt 0.987174 0.039914
vt 0.982217 0.028268
vt 0.988430 0.035797
vt 0.486582 0.458278
vt 0.485611 0.445463
vt 0.496960 0.442924
vt 0.812481 0.001585
vt 0.814575 0.005211
vt 0.812313 0.008485
vt 0.145585 0.956667
vt 0.141366 0.954030
vt 0.148320 0.949654
vt 0.996964 0.081912
vt 0.989944 0.087012
vt 0.993362 0.079151
vt 0.320522 0.999378
vt 0.312912 0.999378
vt 0.319062 0.994077
vt 0.997752 0.189761
vt 0.990163 0.189761
vt 0.995952 0.185365
vt 0.432944 0.758025
vt 0.445441 0.746523
vt 0.998438 0.156117
vt 0.997308 0.159593
vt 0.993003 0.156192
vt 0.003177 0.385533
vt 0.003752 0.058922
vt 0.004301 0.069404
vt 0.000231 0.058492
vt 0.994547 0.604453
vt 0.997424 0.604909
vt 0.993009 0.608034
vt 0.571020 0.952167
vt 0.598667 0.952167
vt 0.587617 0.956191
vt 0.946308 0.623486
vt 0.932849 0.623083
vt 0.935292 0.620816
vt 0.738083 0.228707
vt 0.684962 0.610258
vt 0.704031 0.182684
vt 0.721768 0.165757
vt 0.733935 0.173658
vt 0.142037 0.995310
vt 0.142037 0.989584
vt 0.152525 0.990430
vt 0.944957 0.946550
vt 0.955074 0.952158
vt 0.934248 0.951493
vt 0.829551 0.007688
vt 0.067242 0.023475
vt 0.005300 0.828855
vt 0.732995 0.959392
vt 0.011829 0.654199
vt 0.332380 0.093461
vt 0.308515 0.033534
vt 0.285644 0.026103
vt 0.296459 0.021350
vt 0.909481 0.233787
vt 0.913518 0.228347
vt 0.926354 0.233809
vt 0.018129 0.784625
vt 0.625874 0.959804
vt 0.028649 0.892149
vt 0.018682 0.905679
vt 0.022135 0.891808
vt 0.998287 0.661014
vt 0.994880 0.656793
vt 0.998287 0.656710
vt 0.022319 0.907790
vt 0.989596 0.237132
vt 0.992134 0.232153
vt 0.997816 0.234702
vt 0.620113 0.993883
vt 0.936271 0.975352
vt 0.724781 0.992261
vt 0.724781 0.977932
vt 0.728391 0.992359
vt 0.891774 0.001610
vt 0.035033 0.236054
vt 0.026397 0.216622
vt 0.033845 0.222467
vt 0.299855 0.210816
vt 0.303592 0.205399
vt 0.003993 0.548320
vt 0.000035 0.542964
vt 0.003645 0.537808
vt 0.981822 0.676378
vt 0.981822 0.702273
vt 0.975378 0.693661
vt 0.969190 0.566365
vt 0.958805 0.572854
vt 0.968372 0.547992
vt 0.658926 0.981619
vt 0.283759 0.887223
vt 0.273636 0.895255
vt 0.272473 0.888210
vt 0.569567 0.151555
vt 0.538343 0.138696
vt 0.569881 0.142568
vt 0.701131 0.009949
vt 0.287277 0.994691
vt 0.294557 0.997056
vt 0.287014 0.999770
vt 0.942417 0.128370
vt 0.994664 0.660244
vt 0.025815 0.607292
vt 0.032091 0.602897
vt 0.031256 0.621576
vt 0.033598 0.001093
vt 0.033598 0.006544
vt 0.026824 0.001009
vt 0.170044 0.021633
vt 0.982400 0.577640
vt 0.824739 0.991717
vt 0.828007 0.979519
vt 0.828158 0.992391
vt 0.930287 0.995202
vt 0.930287 0.999763
vt 0.924194 0.998913
vt 0.007640 0.525433
vt 0.876337 0.614411
vt 0.662574 0.005967
vt 0.656297 0.005967
vt 0.661351 0.002131
vt 0.008218 0.499167
vt 0.996860 0.371364
vt 0.994580 0.365100
vt 0.996568 0.361265
vt 0.145078 0.961848
vt 0.841287 0.278851
vt 0.994206 0.870214
vt 0.998744 0.870214
vt 0.997804 0.873492
vt 0.320355 0.993012
vt 0.329191 0.995882
vt 0.321658 0.998932
vt 0.445873 0.567931
vt 0.952012 0.631274
vt 0.951808 0.617144
vt 0.043127 0.308847
vt 0.032400 0.319637
vt 0.033136 0.306170
vt 0.007153 0.177730
vt 0.994665 0.650341
vt 0.994665 0.646235
vt 0.998286 0.649029
vt 0.763827 0.925510
vt 0.751177 0.928899
vt 0.732145 0.925078
vt 0.729168 0.832903
vt 0.731290 0.827821
vt 0.734302 0.845983
vt 0.007243 0.556230
vt 0.007243 0.540950
vt 0.012395 0.554284
vt 0.195631 0.006001
vt 0.189062 0.006001
vt 0.194889 0.002559
vt 0.709893 0.217850
vt 0.882067 0.772080
vt 0.976400 0.134772
vt 0.973524 0.132022
vt 0.434891 0.155022
vt 0.246384 0.207473
vt 0.244367 0.183412
vt 0.259245 0.182839
vt 0.950252 0.458639
vt 0.380639 0.997969
vt 0.373217 0.997969
vt 0.383077 0.989946
vt 0.007070 0.386981
vt 0.007070 0.375070
vt 0.012697 0.386110
vt 0.039015 0.976593
vt 0.070163 0.999326
vt 0.065089 0.995639
vt 0.071870 0.996346
vt 0.158098 0.725013
vt 0.160300 0.719096
vt 0.191790 0.724649
vt 0.002184 0.030193
vt 0.002184 0.018649
vt 0.006376 0.028408
vt 0.512109 0.008522
vt 0.514147 0.002251
vt 0.517833 0.008777
vt 0.101361 0.021094
vt 0.098346 0.012809
vt 0.101554 0.007607
vt 0.174769 0.999421
vt 0.173817 0.996098
vt 0.179080 0.996737
vt 0.057702 0.990926
vt 0.041492 0.990926
vt 0.043048 0.987422
vt 0.487993 0.466891
vt 0.502247 0.458263
vt 0.027515 0.004837
vt 0.980794 0.400028
vt 0.957046 0.170548
vt 0.961501 0.188123
vt 0.953063 0.184436
vt 0.140110 0.976476
vt 0.569145 0.990762
vt 0.556076 0.981267
vt 0.573833 0.981041
vt 0.340686 0.094397
vt 0.326077 0.680976
vt 0.314254 0.724765
vt 0.318248 0.698560
vt 0.934465 0.120947
vt 0.920102 0.124532
vt 0.917408 0.119864
vt 0.935647 0.120462
vt 0.869592 0.996534
vt 0.872100 0.994026
vt 0.871890 0.999932
vt 0.025943 0.621675
vt 0.794165 0.809665
vt 0.793823 0.799881
vt 0.816554 0.810590
vt 0.950534 0.456051
vt 0.008764 0.038999
vt 0.011858 0.038891
vt 0.007276 0.052750
vt 0.955195 0.991550
vt 0.516851 0.011290
vt 0.052168 0.994188
vt 0.055887 0.999307
vt 0.050860 0.999770
vt 0.120789 0.999970
vt 0.116835 0.998608
vt 0.116371 0.993484
vt 0.324079 0.062354
vt 0.994528 0.692801
vt 0.994528 0.688871
vt 0.997919 0.689906
vt 0.956722 0.545110
vt 0.952932 0.551674
vt 0.958096 0.524992
vt 0.476493 0.190094
vt 0.024423 0.535219
vt 0.022404 0.542754
vt 0.023121 0.523208
vt 0.938507 0.185978
vt 0.941016 0.182606
vt 0.948265 0.175386
vt 0.940356 0.497244
vt 0.057603 0.952094
vt 0.063410 0.952807
vt 0.057975 0.958701
vt 0.159870 0.890116
vt 0.555342 0.799776
vt 0.564853 0.806435
vt 0.548959 0.806340
vt 0.634942 0.931869
vt 0.605909 0.936989
vt 0.604232 0.930081
vt 0.994750 0.400028
vt 0.991661 0.406653
vt 0.991151 0.397980
vt 0.657161 0.954837
vt 0.647842 0.953796
vt 0.649628 0.946060
vt 0.006528 0.029717
vt 0.006528 0.041280
vt 0.003039 0.031840
vt 0.096564 0.996763
vt 0.090747 0.998766
vt 0.096139 0.991667
vt 0.994463 0.640383
vt 0.994463 0.636052
vt 0.997984 0.637744
vt 0.938407 0.993031
vt 0.938407 0.999416
vt 0.934705 0.999321
vt 0.203278 0.031980
vt 0.199542 0.034596
vt 0.200191 0.013239
vt 0.374672 0.991306
vt 0.262072 0.999398
vt 0.260500 0.994559
vt 0.270215 0.995278
vt 0.579304 0.640346
vt 0.487467 0.568233
vt 0.793253 0.489847
vt 0.786277 0.480380
vt 0.792632 0.475929
vt 0.983382 0.960617
vt 0.290391 0.105629
vt 0.919567 0.983437
vt 0.927775 0.984155
vt 0.909586 0.984841
vt 0.903374 0.405695
vt 0.901978 0.391827
vt 0.904405 0.382093
vt 0.996765 0.509761
vt 0.996765 0.519947
vt 0.995179 0.517227
vt 0.948278 0.487697
vt 0.934733 0.484899
vt 0.938593 0.481878
vt 0.302179 0.923845
vt 0.297267 0.916830
vt 0.309655 0.916538
vt 0.550236 0.132826
vt 0.917750 0.245931
vt 0.928020 0.259654
vt 0.916092 0.261704
vt 0.701959 0.007174
vt 0.979737 0.791341
vt 0.180665 0.991516
vt 0.000241 0.535769
vt 0.038483 0.910094
vt 0.035064 0.914176
vt 0.033797 0.910920
vt 0.002657 0.369261
vt 0.005772 0.360703
vt 0.006407 0.372933
vt 0.527246 0.004971
vt 0.531652 0.001687
vt 0.532494 0.004971
vt 0.410902 0.997834
vt 0.170176 0.007422
vt 0.166354 0.007355
vt 0.170504 0.001642
vt 0.591247 0.979697
vt 0.574564 0.978238
vt 0.594620 0.976999
vt 0.002427 0.254790
vt 0.004380 0.265867
vt 0.002166 0.266862
vt 0.001582 0.498693
vt 0.003897 0.499924
vt 0.000427 0.502367
vt 0.142395 0.965250
vt 0.127108 0.956691
vt 0.945502 0.532306
vt 0.947009 0.558158
vt 0.938887 0.545869
vt 0.091922 0.365527
vt 0.085131 0.328685
vt 0.102764 0.306911
vt 0.256562 0.025023
vt 0.258662 0.023261
vt 0.256214 0.031120
vt 0.986440 0.139076
vt 0.969919 0.136333
vt 0.888234 0.377286
vt 0.906963 0.303391
vt 0.915712 0.255963
vt 0.382176 0.006356
vt 0.385559 0.001700
vt 0.387209 0.005612
vt 0.554879 0.002641
vt 0.550423 0.005879
vt 0.550358 0.001674
vt 0.156787 0.883804
vt 0.002174 0.013500
vt 0.250399 0.102937
vt 0.824410 0.977901
vt 0.037710 0.494805
vt 0.033016 0.501509
vt 0.032783 0.478350
vt 0.526922 0.001071
vt 0.240854 0.024261
vt 0.996494 0.232413
vt 0.992173 0.230812
vt 0.994294 0.224284
vt 0.994521 0.214933
vt 0.994521 0.212056
vt 0.998933 0.213194
vt 0.997757 0.226056
vt 0.668015 0.957795
vt 0.835908 0.035604
vt 0.812790 0.036125
vt 0.815131 0.030037
vt 0.053817 0.913251
vt 0.288269 0.097602
vt 0.948671 0.271770
vt 0.945394 0.263028
vt 0.958201 0.253023
vt 0.028914 0.375229
vt 0.032001 0.357726
vt 0.032515 0.376413
vt 0.932256 0.183105
vt 0.670273 0.949824
vt 0.676425 0.954565
vt 0.674190 0.965081
vt 0.955916 0.475126
vt 0.951934 0.498958
vt 0.585178 0.407858
vt 0.586122 0.425299
vt 0.579903 0.422991
vt 0.908177 0.269821
vt 0.901834 0.267770
vt 0.920163 0.270848
vt 0.286591 0.816006
vt 0.292193 0.811137
vt 0.288124 0.829860
vt 0.299345 0.974188
vt 0.290646 0.834691
vt 0.307512 0.844291
vt 0.266136 0.839272
vt 0.449923 0.767779
vt 0.644371 0.943637
vt 0.063271 0.567789
vt 0.056279 0.534681
vt 0.062743 0.520692
vt 0.961949 0.995714
vt 0.969571 0.995714
vt 0.966385 0.999754
vt 0.732081 0.991642
vt 0.737576 0.991450
vt 0.734675 0.999487
vt 0.593760 0.995007
vt 0.601608 0.995007
vt 0.599388 0.999958
vt 0.885309 0.383356
vt 0.077107 0.350372
vt 0.264685 0.026892
vt 0.677406 0.626149
vt 0.673792 0.632061
vt 0.247983 0.994638
vt 0.257053 0.994638
vt 0.255861 0.998816
vt 0.932947 0.452815
vt 0.932888 0.470945
vt 0.926067 0.456023
vt 0.791137 0.948428
vt 0.798938 0.937287
vt 0.934295 0.141161
vt 0.944561 0.519571
vt 0.265872 0.027331
vt 0.278889 0.032068
vt 0.259826 0.033092
vt 0.991064 0.028178
vt 0.992807 0.041637
vt 0.956002 0.487253
vt 0.548676 0.443021
vt 0.543693 0.423959
vt 0.548973 0.418679
vt 0.012469 0.316413
vt 0.007835 0.330674
vt 0.007169 0.315348
vt 0.995031 0.011274
vt 0.995485 0.005229
vt 0.997920 0.006271
vt 0.722571 0.846218
vt 0.019396 0.425065
vt 0.602283 0.995593
vt 0.608190 0.995593
vt 0.607563 0.999372
vt 0.530600 0.808744
vt 0.528089 0.817674
vt 0.514158 0.817674
vt 0.013071 0.371831
vt 0.666958 0.622446
vt 0.918868 0.775822
vt 0.906342 0.770969
vt 0.921801 0.765752
vt 0.935420 0.538157
vt 0.927142 0.544773
vt 0.181246 0.027067
vt 0.176491 0.016397
vt 0.194752 0.886899
vt 0.304032 0.088928
vt 0.974506 0.332355
vt 0.978777 0.324022
vt 0.979529 0.333240
vt 0.002169 0.430881
vt 0.002169 0.418565
vt 0.006391 0.428021
vt 0.637316 0.756183
vt 0.661917 0.765138
vt 0.635469 0.762222
vt 0.303888 0.713861
vt 0.539453 0.144387
vt 0.994675 0.135379
vt 0.994675 0.132483
vt 0.999283 0.135392
vt 0.201221 0.005607
vt 0.201221 0.013023
vt 0.198577 0.005810
vt 0.402598 0.025398
vt 0.398926 0.033692
vt 0.398266 0.030209
vt 0.998796 0.645293
vt 0.994805 0.645293
vt 0.998832 0.642982
vt 0.866111 0.974815
vt 0.849262 0.970300
vt 0.869462 0.971044
vt 0.425940 0.899974
vt 0.443935 0.903148
vt 0.407525 0.902786
vt 0.776912 0.005285
vt 0.770581 0.007471
vt 0.768405 0.002345
vt 0.035651 0.757272
vt 0.032828 0.741264
vt 0.035525 0.735175
vt 0.503336 0.987152
vt 0.503336 0.994721
vt 0.492636 0.990685
vt 0.775351 0.001592
vt 0.223879 0.886871
vt 0.224043 0.894096
vt 0.213507 0.891272
vt 0.287084 0.801731
vt 0.277642 0.824528
vt 0.806676 0.971510
vt 0.816204 0.974128
vt 0.807420 0.974287
vt 0.271137 0.140320
vt 0.668062 0.955259
vt 0.648530 0.963916
vt 0.920061 0.543479
vt 0.655653 0.002089
vt 0.000132 0.511377
vt 0.000104 0.897500
vt 0.003420 0.890389
vt 0.003255 0.902159
vt 0.311047 0.518457
vt 0.316844 0.481824
vt 0.912553 0.389549
vt 0.489372 0.890931
vt 0.510037 0.894575
vt 0.472843 0.896078
vt 0.007117 0.468462
vt 0.007117 0.454880
vt 0.013024 0.470095
vt 0.414382 0.022902
vt 0.406947 0.024007
vt 0.400486 0.015187
vt 0.297533 0.470902
vt 0.042419 0.307620
vt 0.032267 0.296120
vt 0.040883 0.301885
vt 0.993984 0.876963
vt 0.993984 0.871779
vt 0.997960 0.876069
vt 0.726170 0.996369
vt 0.635463 0.912586
vt 0.646072 0.915127
vt 0.640355 0.918416
vt 0.035970 0.295444
vt 0.915386 0.998795
vt 0.912912 0.997895
vt 0.914815 0.991134
vt 0.008895 0.262044
vt 0.012915 0.262255
vt 0.007729 0.276224
vt 0.273509 0.117528
vt 0.170793 0.016448
vt 0.777034 0.953346
vt 0.784255 0.948322
vt 0.005214 0.905084
vt 0.006008 0.914157
vt 0.005070 0.918683
vt 0.198245 0.904619
vt 0.727944 0.825793
vt 0.510948 0.806977
vt 0.497996 0.795573
vt 0.511498 0.800688
vt 0.851340 0.681934
vt 0.843756 0.709192
vt 0.823886 0.718038
vt 0.923029 0.987133
vt 0.937495 0.987133
vt 0.936874 0.993230
vt 0.994287 0.635428
vt 0.988593 0.635428
vt 0.993319 0.624895
vt 0.043262 0.285028
vt 0.633159 0.986594
vt 0.646297 0.977049
vt 0.638755 0.987201
vt 0.429437 0.692993
vt 0.433990 0.689892
vt 0.441491 0.702883
vt 0.487591 0.008678
vt 0.490758 0.010155
vt 0.488124 0.022037
vt 0.027754 0.006190
vt 0.038744 0.009135
vt 0.025708 0.009419
vt 0.161201 0.803762
vt 0.166785 0.795787
vt 0.173479 0.806429
vt 0.992995 0.090640
vt 0.998445 0.090640
vt 0.995100 0.097678
vt 0.985707 0.520367
vt 0.801454 0.296886
vt 0.798263 0.295398
vt 0.803212 0.290737
vt 0.920779 0.012511
vt 0.907016 0.012511
vt 0.909005 0.009141
vt 0.523641 0.011344
vt 0.040821 0.291365
vt 0.932681 0.618184
vt 0.993391 0.976233
vt 0.982654 0.973910
vt 0.656293 0.974732
vt 0.162015 0.004477
vt 0.155709 0.006526
vt 0.159730 0.001027
vt 0.013014 0.807596
vt 0.010652 0.798780
vt 0.012456 0.792102
vt 0.394371 0.034573
vt 0.397036 0.023649
vt 0.037106 0.588412
vt 0.033269 0.610175
vt 0.032884 0.586704
vt 0.930527 0.023259
vt 0.934160 0.013278
vt 0.934528 0.034053
vt 0.943790 0.011868
vt 0.945099 0.008273
vt 0.957519 0.010881
vt 0.528585 0.488645
vt 0.004326 0.866203
vt 0.004326 0.878007
vt 0.001213 0.867704
vt 0.786138 0.455253
vt 0.048972 0.038143
vt 0.104054 0.771168
vt 0.088712 0.763912
vt 0.094566 0.754833
vt 0.383758 0.989202
vt 0.387642 0.986482
vt 0.387511 0.996902
vt 0.405813 0.967392
vt 0.535925 0.203864
vt 0.993486 0.477247
vt 0.993486 0.471897
vt 0.998457 0.475920
vt 0.692426 0.223794
vt 0.694032 0.251643
vt 0.678885 0.996159
vt 0.681639 0.988594
vt 0.681589 0.998314
vt 0.994622 0.641213
vt 0.758138 0.956500
vt 0.755813 0.974620
vt 0.754115 0.961295
vt 0.792574 0.988723
vt 0.794931 0.975358
vt 0.795543 0.989395
vt 0.511706 0.808249
vt 0.997462 0.041015
vt 0.994830 0.049116
vt 0.994481 0.041023
vt 0.913173 0.544049
vt 0.733445 0.017499
vt 0.730273 0.008782
vt 0.733474 0.006166
vt 0.811095 0.024565
vt 0.809230 0.013992
vt 0.811616 0.013200
vt 0.692876 0.211361
vt 0.632108 0.869352
vt 0.638997 0.867190
vt 0.651009 0.869308
vt 0.468344 0.994610
vt 0.473116 0.998077
vt 0.466461 0.999851
vt 0.145257 0.830337
vt 0.309081 0.994658
vt 0.309081 0.998796
vt 0.302198 0.996171
vt 0.651016 0.865174
vt 0.416054 0.772805
vt 0.221361 0.998763
vt 0.221091 0.991028
vt 0.224529 0.990663
vt 0.974779 0.321061
vt 0.984641 0.998894
vt 0.978433 0.993685
vt 0.987719 0.993553
vt 0.133550 0.505580
vt 0.196953 0.729231
vt 0.214321 0.734436
vt 0.198314 0.736948
vt 0.040884 0.995670
vt 0.048743 0.995670
vt 0.041309 0.998288
vt 0.549189 0.190143
vt 0.030856 0.840143
vt 0.030856 0.819978
vt 0.039134 0.823455
vt 0.175205 0.990828
vt 0.158129 0.990828
vt 0.160506 0.988024
vt 0.191396 0.287875
vt 0.002963 0.035276
vt 0.006544 0.046295
vt 0.001009 0.045958
vt 0.433863 0.147013
vt 0.931584 0.942774
vt 0.938258 0.929010
vt 0.932084 0.506225
vt 0.905351 0.275893
vt 0.013093 0.012558
vt 0.013093 0.002044
vt 0.017622 0.007915
vt 0.559322 0.989014
vt 0.557735 0.995377
vt 0.550950 0.995292
vt 0.975022 0.728930
vt 0.975228 0.704256
vt 0.983185 0.720766
vt 0.729936 0.899564
vt 0.713122 0.900081
vt 0.721302 0.893519
vt 0.031593 0.591743
vt 0.021497 0.605639
vt 0.018256 0.602073
vt 0.976016 0.405684
vt 0.532956 0.414786
vt 0.528534 0.426935
vt 0.527354 0.314254
vt 0.080086 0.767138
vt 0.749740 0.853480
vt 0.724585 0.854406
vt 0.570929 0.956877
vt 0.563359 0.954705
vt 0.570340 0.952612
vt 0.564482 0.956983
vt 0.557108 0.942312
vt 0.123629 0.866957
vt 0.944178 0.615040
vt 0.032795 0.215357
vt 0.032246 0.202614
vt 0.042779 0.208366
vt 0.004317 0.789524
vt 0.004884 0.783045
vt 0.004490 0.794119
vt 0.525123 0.988654
vt 0.529767 0.996385
vt 0.521541 0.996334
vt 0.019106 0.964314
vt 0.019615 0.978878
vt 0.014121 0.979291
vt 0.006979 0.987880
vt 0.003595 0.986302
vt 0.006750 0.976370
vt 0.707395 0.398711
vt 0.848060 0.974200
vt 0.008091 0.486711
vt 0.011235 0.483567
vt 0.012050 0.498809
vt 0.290889 0.500620
vt 0.269456 0.521316
vt 0.232643 0.524537
vt 0.519279 0.987563
vt 0.026415 0.236550
vt 0.797550 0.077832
vt 0.793639 0.067086
vt 0.804530 0.074627
vt 0.997656 0.791795
vt 0.995583 0.784061
vt 0.997871 0.782727
vt 0.652358 0.627366
vt 0.646932 0.613787
vt 0.975391 0.975880
vt 0.102893 0.761677
vt 0.109993 0.770029
vt 0.114446 0.768170
vt 0.137436 0.768865
vt 0.926740 0.509439
vt 0.353007 0.098178
vt 0.922219 0.223882
vt 0.328105 0.015937
vt 0.325403 0.011256
vt 0.328173 0.004708
vt 0.390920 0.990264
vt 0.397599 0.980983
vt 0.395574 0.990754
vt 0.073873 0.962015
vt 0.903813 0.995688
vt 0.900316 0.997319
vt 0.900363 0.987575
vt 0.283876 0.993055
vt 0.283876 0.999392
vt 0.281079 0.994085
vt 0.530066 0.987502
vt 0.001065 0.598272
vt 0.004474 0.592368
vt 0.004285 0.605013
vt 0.709063 0.776003
vt 0.705773 0.768947
vt 0.721888 0.777455
vt 0.667232 0.909036
vt 0.681670 0.909102
vt 0.671878 0.913682
vt 0.328065 0.018016
vt 0.320870 0.014028
vt 0.320475 0.007160
vt 0.868277 0.694365
vt 0.873924 0.726390
vt 0.867768 0.736149
vt 0.001088 0.343723
vt 0.670514 0.917248
vt 0.923584 0.217022
vt 0.046002 0.859862
vt 0.075829 0.856200
vt 0.085418 0.873408
vt 0.352547 0.100578
vt 0.514182 0.473364
vt 0.529703 0.767287
vt 0.523863 0.766216
vt 0.517150 0.760972
vt 0.040102 0.990102
vt 0.040102 0.999325
vt 0.036938 0.993495
vt 0.854015 0.773305
vt 0.033374 0.574763
vt 0.035575 0.567564
vt 0.039075 0.582733
vt 0.632649 0.601284
vt 0.005201 0.955185
vt 0.005201 0.941593
vt 0.006883 0.943929
vt 0.846210 0.181178
vt 0.915295 0.365705
vt 0.164665 0.999140
vt 0.168748 0.993520
vt 0.173704 0.999933
vt 0.907054 0.226038
vt 0.913314 0.716707
vt 0.997875 0.013401
vt 0.651883 0.270616
vt 0.283981 0.029369
vt 0.705086 0.990330
vt 0.705927 0.988018
vt 0.721400 0.989811
vt 0.994478 0.846695
vt 0.994478 0.843134
vt 0.997970 0.845003
vt 0.042775 0.193002
vt 0.012499 0.579713
vt 0.012499 0.595010
vt 0.009656 0.591547
vt 0.997808 0.808084
vt 0.996150 0.801898
vt 0.997785 0.799166
vt 0.980107 0.937983
vt 0.975442 0.930127
vt 0.980107 0.928983
vt 0.278036 0.019605
vt 0.281932 0.026354
vt 0.265740 0.026541
vt 0.476451 0.199406
vt 0.864381 0.186950
vt 0.993747 0.017275
vt 0.012294 0.455837
vt 0.392756 0.020390
vt 0.868702 0.982527
vt 0.884067 0.982527
vt 0.872208 0.993304
vt 0.425413 0.564629
vt 0.030838 0.814449
vt 0.050733 0.820913
vt 0.037637 0.820999
vt 0.994018 0.990169
vt 0.998399 0.993352
vt 0.993041 0.993718
vt 0.007894 0.840128
vt 0.007597 0.824813
vt 0.013047 0.824813
vt 0.171612 0.881427
vt 0.156958 0.874593
vt 0.173667 0.874328
vt 0.004633 0.267116
vt 0.005296 0.278437
vt 0.002257 0.268224
vt 0.996976 0.338954
vt 0.994464 0.344341
vt 0.994713 0.334410
vt 0.512297 0.036907
vt 0.510331 0.043762
vt 0.507286 0.036357
vt 0.018710 0.650617
vt 0.030867 0.643041
vt 0.032650 0.657565
vt 0.472357 0.247615
vt 0.028862 0.789812
vt 0.018379 0.782660
vt 0.019675 0.778670
vt 0.914023 0.029314
vt 0.915581 0.030767
vt 0.908048 0.033005
vt 0.693539 0.892359
vt 0.864649 0.882461
vt 0.871647 0.876362
vt 0.875054 0.882753
vt 0.817234 0.002104
vt 0.826121 0.002104
vt 0.816879 0.008974
vt 0.512764 0.765065
vt 0.513878 0.752358
vt 0.848920 0.981027
vt 0.844995 0.994702
vt 0.840485 0.986933
vt 0.685156 0.946644
vt 0.688085 0.954143
vt 0.680783 0.953504
vt 0.955567 0.249303
vt 0.688087 0.960187
vt 0.792249 0.721626
vt 0.806311 0.724105
vt 0.793214 0.733400
vt 0.048301 0.998131
vt 0.987831 0.997424
vt 0.704725 0.973447
vt 0.703665 0.980249
vt 0.701029 0.974438
vt 0.693528 0.903714
vt 0.404166 0.563197
vt 0.399883 0.557179
vt 0.422201 0.572264
vt 0.362445 0.989822
vt 0.360149 0.994744
vt 0.360113 0.986625
vt 0.494540 0.752492
vt 0.679996 0.240786
vt 0.519679 0.003676
vt 0.022601 0.717690
vt 0.017436 0.732461
vt 0.016831 0.718917
vt 0.579827 0.304702
vt 0.587374 0.336912
vt 0.582700 0.337541
vt 0.129970 0.964751
vt 0.903117 0.764759
vt 0.119691 0.780824
vt 0.787267 0.987788
vt 0.785642 0.978572
vt 0.787369 0.973441
vt 0.242822 0.071310
vt 0.233840 0.087958
vt 0.851443 0.178995
vt 0.550420 0.996070
vt 0.556327 0.996070
vt 0.551423 0.999902
vt 0.339040 0.012475
vt 0.344896 0.005614
vt 0.351795 0.012513
vt 0.002346 0.279208
vt 0.008426 0.497950
vt 0.237025 0.987325
vt 0.229239 0.987325
vt 0.235369 0.971386
vt 0.994656 0.556370
vt 0.994656 0.551888
vt 0.997288 0.554710
vt 0.755445 0.995594
vt 0.763185 0.995594
vt 0.761396 0.999874
vt 0.934145 0.221577
vt 0.693266 0.014262
vt 0.680349 0.018459
vt 0.690044 0.007724
vt 0.258696 0.219020
vt 0.244983 0.214635
vt 0.249390 0.211923
vt 0.119242 0.286199
vt 0.085735 0.323196
vt 0.108642 0.280714
vt 0.753946 0.953376
vt 0.391609 0.994345
vt 0.271072 0.809512
vt 0.246346 0.792199
vt 0.299475 0.792721
vt 0.282154 0.001256
vt 0.288339 0.001256
vt 0.286891 0.006297
vt 0.481484 0.820118
vt 0.488926 0.804252
vt 0.082587 0.999867
vt 0.078101 0.996608
vt 0.084537 0.996745
vt 0.470838 0.888016
vt 0.399978 0.758605
vt 0.953268 0.334957
vt 0.960595 0.342284
vt 0.932154 0.342281
vt 0.913007 0.753744
vt 0.860426 0.993569
vt 0.860426 0.999885
vt 0.858103 0.996306
vt 0.192632 0.988009
vt 0.184444 0.990372
vt 0.176439 0.988227
vt 0.919018 0.119113
vt 0.939928 0.111502
vt 0.949059 0.118976
vt 0.013619 0.497997
vt 0.018590 0.493972
vt 0.018606 0.501720
vt 0.736171 0.005363
vt 0.736171 0.001686
vt 0.742177 0.003581
vt 0.077302 0.959313
vt 0.993817 0.590353
vt 0.993279 0.604393
vt 0.988575 0.605393
vt 0.153325 0.892259
vt 0.118415 0.873459
vt 0.232519 0.111311
vt 0.348804 0.006517
vt 0.018855 0.358059
vt 0.028973 0.367835
vt 0.027689 0.375114
vt 0.043979 0.573739
vt 0.032799 0.583902
vt 0.043129 0.324022
vt 0.151379 0.007907
vt 0.145197 0.003415
vt 0.150682 0.003171
vt 0.529233 0.757853
vt 0.531796 0.760492
vt 0.794930 0.443245
vt 0.041136 0.584444
vt 0.037917 0.572432
vt 0.040982 0.561074
vt 0.022153 0.332521
vt 0.027050 0.347312
vt 0.021660 0.346644
vt 0.900940 0.305112
vt 0.304862 0.096781
vt 0.392098 0.026371
vt 0.392642 0.031446
vt 0.380128 0.032541
vt 0.947156 0.472760
vt 0.880187 0.814706
vt 0.859208 0.846779
vt 0.860529 0.818172
vt 0.823054 0.026816
vt 0.830329 0.066979
vt 0.842706 0.068682
vt 0.846501 0.081917
vt 0.486754 0.007764
vt 0.486754 0.015901
vt 0.485049 0.009612
vt 0.952780 0.522847
vt 0.362501 0.906134
vt 0.350055 0.905045
vt 0.382574 0.905128
vt 0.945838 0.610215
vt 0.949482 0.601858
vt 0.033696 0.322467
vt 0.853465 0.013312
vt 0.841245 0.014381
vt 0.829818 0.014192
vt 0.279313 0.969514
vt 0.279313 0.987183
vt 0.274060 0.977998
vt 0.003325 0.775999
vt 0.003325 0.788955
vt 0.000200 0.786656
vt 0.998838 0.293043
vt 0.993610 0.293043
vt 0.994064 0.289031
vt 0.137867 0.853253
vt 0.041985 0.598286
vt 0.039223 0.604209
vt 0.038410 0.591726
vt 0.691211 0.179147
vt 0.636062 0.856042
vt 0.822779 0.008607
vt 0.709828 0.996361
vt 0.704446 0.995777
vt 0.705279 0.991051
vt 0.240358 0.021616
vt 0.240358 0.017659
vt 0.254607 0.018989
vt 0.359236 0.945644
vt 0.008017 0.991439
vt 0.021423 0.988706
vt 0.018610 0.994881
vt 0.014660 0.731076
vt 0.994067 0.462815
vt 0.997876 0.462815
vt 0.996723 0.465181
vt 0.669169 0.919310
vt 0.993025 0.125630
vt 0.991118 0.120090
vt 0.997805 0.125016
vt 0.524999 0.930226
vt 0.515548 0.936844
vt 0.494134 0.931731
vt 0.841191 0.994405
vt 0.994507 0.565328
vt 0.994507 0.561560
vt 0.998947 0.564307
vt 0.936737 0.533105
vt 0.405832 0.772465
vt 0.372511 0.994125
vt 0.371608 0.997747
vt 0.367167 0.998322
vt 0.022265 0.886835
vt 0.040675 0.886835
vt 0.023706 0.890607
vt 0.694782 0.955955
vt 0.041970 0.602651
vt 0.790842 0.553505
vt 0.015860 0.922958
vt 0.015860 0.906850
vt 0.019387 0.907899
vt 0.560343 0.449621
vt 0.470661 0.015504
vt 0.465884 0.014323
vt 0.470069 0.012719
vt 0.496413 0.206222
vt 0.981713 0.703094
vt 0.029684 0.502503
vt 0.792188 0.990122
vt 0.795929 0.990581
vt 0.795085 0.999304
vt 0.044029 0.020769
vt 0.009641 0.408463
vt 0.009119 0.403935
vt 0.012444 0.404826
vt 0.137759 0.009634
vt 0.126058 0.014894
vt 0.125081 0.009634
vt 0.362930 0.103601
vt 0.321772 0.917038
vt 0.259132 0.888844
vt 0.481616 0.800827
vt 0.041458 0.683215
vt 0.048506 0.666319
vt 0.051851 0.671672
vt 0.000936 0.796009
vt 0.000655 0.789886
vt 0.813576 0.268579
vt 0.811844 0.290650
vt 0.700612 0.978612
vt 0.860937 0.250290
vt 0.865323 0.255033
vt 0.858242 0.257610
vt 0.502863 0.934915
vt 0.471961 0.934915
vt 0.479593 0.931148
vt 0.990328 0.149901
vt 0.912967 0.137806
vt 0.995108 0.598207
vt 0.998989 0.599468
vt 0.993962 0.603203
vt 0.257470 0.894178
vt 0.007781 0.983107
vt 0.013036 0.410150
vt 0.044497 0.037918
vt 0.012776 0.840343
vt 0.882594 0.028570
vt 0.880703 0.017844
vt 0.882640 0.014733
vt 0.998302 0.302567
vt 0.994648 0.299678
vt 0.998047 0.299648
vt 0.713171 0.850672
vt 0.020084 0.894436
vt 0.019089 0.899118
vt 0.007107 0.898991
vt 0.864038 0.262289
vt 0.013371 0.959207
vt 0.013371 0.972587
vt 0.009791 0.958934
vt 0.015277 0.431438
vt 0.019081 0.426005
vt 0.016143 0.441568
vt 0.135690 0.023598
vt 0.092126 0.969465
vt 0.085114 0.980263
vt 0.090463 0.961328
vt 0.995270 0.302100
vt 0.944040 0.059742
vt 0.938639 0.043703
vt 0.943930 0.039998
vt 0.855089 0.891356
vt 0.854664 0.879189
vt 0.864405 0.896106
vt 0.249736 0.887306
vt 0.162152 0.100770
vt 0.185984 0.103614
vt 0.184082 0.110710
vt 0.361338 0.986199
vt 0.360220 0.981441
vt 0.366859 0.981906
vt 0.018771 0.332446
vt 0.368687 0.026909
vt 0.981002 0.417257
vt 0.940063 0.057479
vt 0.666160 0.909492
vt 0.997984 0.764528
vt 0.997945 0.767408
vt 0.995470 0.766254
vt 0.019467 0.440633
vt 0.790953 0.430093
vt 0.997973 0.754447
vt 0.997973 0.763680
vt 0.995482 0.761149
vt 0.441111 0.217944
vt 0.976212 0.915077
vt 0.268436 0.466491
vt 0.877257 0.869392
vt 0.347379 0.958264
vt 0.352905 0.975271
vt 0.329874 0.971038
vt 0.031539 0.341161
vt 0.027877 0.327491
vt 0.031508 0.322485
vt 0.941535 0.741825
vt 0.942733 0.748217
vt 0.928052 0.745449
vt 0.254785 0.931256
vt 0.020238 0.985494
vt 0.026920 0.982658
vt 0.026364 0.986796
vt 0.931095 0.145165
vt 0.767534 0.799682
vt 0.714990 0.991214
vt 0.715202 0.411505
vt 0.725502 0.421816
vt 0.730333 0.439848
vt 0.018345 0.400892
vt 0.021990 0.387287
vt 0.022944 0.403750
vt 0.941094 0.247108
vt 0.000719 0.641483
vt 0.004437 0.639981
vt 0.000598 0.652063
vt 0.007274 0.655467
vt 0.007274 0.640103
vt 0.010350 0.653113
vt 0.988560 0.614582
vt 0.367362 0.398076
vt 0.146727 0.902701
vt 0.143985 0.894079
vt 0.554823 0.950761
vt 0.922748 0.180338
vt 0.911622 0.183953
vt 0.931401 0.172568
vt 0.000220 0.051755
vt 0.005822 0.047055
vt 0.005461 0.058685
vt 0.957986 0.077704
vt 0.954845 0.077978
vt 0.958077 0.049917
vt 0.423691 0.144608
vt 0.155562 0.989631
vt 0.158538 0.998788
vt 0.148109 0.996371
vt 0.439673 0.003240
vt 0.448613 0.002041
vt 0.448613 0.013569
vt 0.871187 0.886524
vt 0.374039 0.914177
vt 0.339455 0.914266
vt 0.350947 0.907990
vt 0.029447 0.029075
vt 0.034199 0.024797
vt 0.027231 0.044186
vt 0.675996 0.655020
vt 0.408794 0.991913
vt 0.407865 0.999486
vt 0.404901 0.990947
vt 0.500766 0.028857
vt 0.505637 0.039080
vt 0.178888 0.039143
vt 0.143020 0.900985
vt 0.936464 0.756586
vt 0.555210 0.942741
vt 0.540052 0.123446
vt 0.075268 0.945840
vt 0.887751 0.884265
vt 0.950980 0.714949
vt 0.954151 0.699548
vt 0.957581 0.710153
vt 0.332139 0.923098
vt 0.026499 0.099967
vt 0.022343 0.096479
vt 0.026382 0.082813
vt 0.367484 0.908675
vt 0.930142 0.365711
vt 0.833859 0.994804
vt 0.679720 0.938606
vt 0.201497 0.884219
vt 0.914066 0.840945
vt 0.912419 0.831903
vt 0.914011 0.836943
vt 0.765706 0.035075
vt 0.783769 0.041649
vt 0.751336 0.045793
vt 0.267565 0.015251
vt 0.025806 0.204643
vt 0.026560 0.196028
vt 0.026423 0.215855
vt 0.013919 0.980446
vt 0.481111 0.892022
vt 0.821309 0.088043
vt 0.510703 0.029937
vt 0.007673 0.786412
vt 0.011136 0.773488
vt 0.011965 0.788949
vt 0.834318 0.986883
vt 0.268536 0.973278
vt 0.262852 0.970255
vt 0.280216 0.963562
vt 0.314867 0.104444
vt 0.826246 0.720382
vt 0.137924 0.884285
vt 0.032238 0.664702
vt 0.035564 0.680463
vt 0.267778 0.825027
vt 0.318027 0.946013
vt 0.288720 0.945817
vt 0.298178 0.940694
vt 0.426129 0.008884
vt 0.421551 0.002584
vt 0.432426 0.002193
vt 0.854565 0.892866
vt 0.282462 0.128955
vt 0.787110 0.548663
vt 0.942623 0.708371
vt 0.908348 0.049337
vt 0.437087 0.010418
vt 0.672773 0.947242
vt 0.033214 0.772688
vt 0.720144 0.437766
vt 0.246506 0.170886
vt 0.247230 0.182078
vt 0.241438 0.166293
vt 0.452764 0.212651
vt 0.586493 0.436685
vt 0.097279 0.991763
vt 0.105218 0.997746
vt 0.099532 0.997954
vt 0.998909 0.429270
vt 0.993538 0.428967
vt 0.995353 0.425715
vt 0.996248 0.773740
vt 0.796831 0.048190
vt 0.673791 0.003259
vt 0.680186 0.003259
vt 0.674421 0.006297
vt 0.140350 0.802495
vt 0.697893 0.853900
vt 0.711050 0.860086
vt 0.535941 0.752903
vt 0.909203 0.756581
vt 0.638081 0.964217
vt 0.987343 0.992613
vt 0.980140 0.992767
vt 0.973475 0.988099
vt 0.794571 0.974612
vt 0.377119 0.989383
vt 0.363566 0.993787
vt 0.363579 0.986072
vt 0.000172 0.782913
vt 0.000172 0.769957
vt 0.002346 0.771693
vt 0.974719 0.967962
vt 0.955291 0.981832
vt 0.957599 0.970981
vt 0.980176 0.309223
vt 0.678506 0.006308
vt 0.352978 0.940435
vt 0.042226 0.590039
vt 0.141889 0.796035
vt 0.877790 0.541017
vt 0.865786 0.551826
vt 0.877920 0.513128
vt 0.365366 0.977787
vt 0.085908 0.298993
vt 0.643642 0.290629
vt 0.952799 0.061209
vt 0.479231 0.018499
vt 0.899951 0.757925
vt 0.001408 0.034592
vt 0.000103 0.038177
vt 0.000724 0.027281
vt 0.947903 0.170041
vt 0.020716 0.004783
vt 0.021091 0.014597
vt 0.018184 0.014236
vt 0.927865 0.765535
vt 0.917138 0.750687
vt 0.319447 0.946382
vt 0.317425 0.940828
vt 0.346724 0.942620
vt 0.816403 0.382314
vt 0.822602 0.409164
vt 0.803765 0.388071
vt 0.861738 0.170711
vt 0.238942 0.943423
vt 0.212576 0.944579
vt 0.217317 0.939610
vt 0.522089 0.464213
vt 0.030490 0.358018
vt 0.399961 0.550871
vt 0.463535 0.023704
vt 0.463024 0.017870
vt 0.470454 0.025090
vt 0.224031 0.127810
vt 0.449345 0.009414
vt 0.449345 0.003174
vt 0.451964 0.003405
vt 0.265030 0.016619
vt 0.102387 0.014393
vt 0.102387 0.005245
vt 0.114128 0.008486
vt 0.293867 0.014137
vt 0.297470 0.019095
vt 0.282591 0.026145
vt 0.969646 0.742537
vt 0.949784 0.736083
vt 0.971667 0.733038
vt 0.107152 0.991472
vt 0.212461 0.084325
vt 0.915459 0.508992
vt 0.235846 0.209324
vt 0.931467 0.002445
vt 0.922548 0.004835
vt 0.921000 0.002214
vt 0.997656 0.425743
vt 0.611320 0.859215
vt 0.175948 0.990843
vt 0.649842 0.997892
vt 0.648244 0.997892
vt 0.648282 0.992037
vt 0.478734 0.015314
vt 0.980094 0.048524
vt 0.989932 0.044943
vt 0.993723 0.048712
vt 0.670308 0.633532
vt 0.033652 0.355463
vt 0.018715 0.350525
vt 0.029797 0.350347
vt 0.241195 0.005793
vt 0.243646 0.005578
vt 0.240205 0.016502
vt 0.499014 0.201727
vt 0.981255 0.912470
vt 0.208815 0.873830
vt 0.297191 0.106216
vt 0.299880 0.099287
vt 0.925558 0.031653
vt 0.376085 0.970585
vt 0.355621 0.965468
vt 0.376504 0.965804
vt 0.666527 0.002580
vt 0.672467 0.004510
vt 0.664391 0.013533
vt 0.038171 0.982489
vt 0.244883 0.893091
vt 0.153738 0.882999
vt 0.859782 0.441205
vt 0.865455 0.467609
vt 0.856600 0.459254
vt 0.107730 0.944069
vt 0.077567 0.944069
vt 0.088107 0.941127
vt 0.910400 0.645543
vt 0.920034 0.666692
vt 0.911819 0.673586
vt 0.005399 0.079947
vt 0.000139 0.081065
vt 0.004028 0.069992
vt 0.966001 0.159741
vt 0.951970 0.144261
vt 0.971663 0.144187
vt 0.001571 0.727250
vt 0.005176 0.729503
vt 0.005479 0.739518
vt 0.974813 0.306740
vt 0.195485 0.546600
vt 0.781862 0.622533
vt 0.472169 0.938112
vt 0.447759 0.930541
vt 0.469881 0.931825
vt 0.879733 0.862543
vt 0.921926 0.640110
vt 0.468259 0.963567
vt 0.441610 0.963567
vt 0.457211 0.960401
vt 0.838386 0.158700
vt 0.656071 0.998787
vt 0.652589 0.998787
vt 0.653935 0.992149
vt 0.061432 0.439836
vt 0.919549 0.944697
vt 0.949518 0.160316
vt 0.441225 0.939046
vt 0.412461 0.556895
vt 0.987754 0.988231
vt 0.928072 0.399507
vt 0.938817 0.405092
vt 0.933413 0.407731
vt 0.388929 0.760604
vt 0.145205 0.874301
vt 0.097726 0.011053
vt 0.097726 0.002039
vt 0.102677 0.002624
vt 0.907616 0.858667
vt 0.907367 0.851577
vt 0.915242 0.865341
vt 0.950966 0.660339
vt 0.945983 0.667455
vt 0.921642 0.661628
vt 0.957251 0.037269
vt 0.977702 0.053554
vt 0.971494 0.054244
vt 0.402161 0.003207
vt 0.402161 0.013913
vt 0.397436 0.005642
vt 0.006355 0.314500
vt 0.003716 0.307250
vt 0.005977 0.302318
vt 0.259357 0.019218
vt 0.013077 0.439785
vt 0.013077 0.454978
vt 0.009582 0.453429
vt 0.703264 0.861015
vt 0.183053 0.981293
vt 0.180342 0.977562
vt 0.196295 0.967850
vt 0.919873 0.022397
vt 0.552786 0.956872
vt 0.176226 0.007814
vt 0.172213 0.002292
vt 0.175917 0.001753
vt 0.544500 0.032388
vt 0.556592 0.028841
vt 0.568290 0.033098
vt 0.994338 0.393709
vt 0.988039 0.385040
vt 0.993702 0.381719
vt 0.018994 0.346954
vt 0.428634 0.663713
vt 0.684940 0.644338
vt 0.575039 0.453284
vt 0.572157 0.441946
vt 0.929485 0.285791
vt 0.922518 0.276793
vt 0.784870 0.627147
vt 0.924624 0.170888
vt 0.929479 0.484245
vt 0.748462 0.005176
vt 0.750120 0.008047
vt 0.748370 0.011440
vt 0.898053 0.861418
vt 0.481910 0.124250
vt 0.489001 0.121528
vt 0.490680 0.138747
vt 0.242107 0.939896
vt 0.043855 0.742179
vt 0.044623 0.718546
vt 0.053156 0.735666
vt 0.967952 0.113227
vt 0.983207 0.105214
vt 0.981123 0.116268
vt 0.462985 0.035503
vt 0.040179 0.328775
vt 0.020533 0.640018
vt 0.013036 0.394986
vt 0.107416 0.780917
vt 0.968364 0.982189
vt 0.272886 0.983627
vt 0.272886 0.994721
vt 0.268907 0.994192
vt 0.518099 0.741239
vt 0.307883 0.725565
vt 0.000137 0.203385
vt 0.000137 0.191378
vt 0.004898 0.194409
vt 0.307920 0.963238
vt 0.302856 0.974098
vt 0.304625 0.962206
vt 0.545797 0.799966
vt 0.042242 0.611824
vt 0.715916 0.014001
vt 0.712583 0.011667
vt 0.715841 0.003119
vt 0.548447 0.017026
vt 0.550351 0.024664
vt 0.536759 0.013604
vt 0.504511 0.150869
vt 0.518651 0.124225
vt 0.535195 0.127063
vt 0.003937 0.943751
vt 0.003084 0.949641
vt 0.000803 0.945946
vt 0.996328 0.118594
vt 0.986552 0.118594
vt 0.987964 0.114034
vt 0.937572 0.521399
vt 0.994672 0.316533
vt 0.996620 0.309262
vt 0.996768 0.319137
vt 0.483638 0.244791
vt 0.467018 0.270935
vt 0.143781 0.284694
vt 0.387745 0.012059
vt 0.387745 0.002040
vt 0.391207 0.008158
vt 0.012955 0.315461
vt 0.007689 0.312778
vt 0.007976 0.301357
vt 0.923656 0.766299
vt 0.529917 0.475458
vt 0.994551 0.887030
vt 0.994551 0.884369
vt 0.997393 0.885272
vt 0.662409 0.800319
vt 0.635775 0.808593
vt 0.636542 0.800319
vt 0.247047 0.095654
vt 0.897049 0.001222
vt 0.900054 0.001222
vt 0.897025 0.007338
vt 0.088769 0.005350
vt 0.090122 0.001186
vt 0.095522 0.005864
vt 0.118757 0.001015
vt 0.123861 0.004723
vt 0.117831 0.006034
vt 0.457306 0.702269
vt 0.450332 0.710963
vt 0.458030 0.678408
vt 0.018142 0.760720
vt 0.018142 0.748908
vt 0.019118 0.766701
vt 0.633537 0.391260
vt 0.627453 0.378213
vt 0.637684 0.392821
vt 0.664950 0.942833
vt 0.700859 0.989795
vt 0.920261 0.151536
vt 0.892915 0.852311
vt 0.019277 0.715941
vt 0.019277 0.699467
vt 0.025033 0.701585
vt 0.984494 0.880377
vt 0.988708 0.879481
vt 0.985981 0.892723
vt 0.843012 0.294953
vt 0.916056 0.620021
vt 0.889949 0.615417
vt 0.916194 0.607280
vt 0.945802 0.630424
vt 0.950932 0.645916
vt 0.940993 0.645223
vt 0.289304 0.141334
vt 0.998329 0.918927
vt 0.993615 0.918927
vt 0.996603 0.916420
vt 0.482706 0.889187
vt 0.900633 0.866486
vt 0.901570 0.750828
vt 0.695707 0.913499
vt 0.037992 0.664307
vt 0.681370 0.178870
vt 0.993351 0.869613
vt 0.243682 0.017080
vt 0.477207 0.796198
vt 0.284556 0.147447
vt 0.082880 0.952026
vt 0.000595 0.938073
vt 0.915742 0.641704
vt 0.891692 0.642972
vt 0.001147 0.653894
vt 0.005902 0.643696
vt 0.005902 0.656404
vt 0.884649 0.994264
vt 0.873156 0.994264
vt 0.884237 0.985091
vt 0.903013 0.596636
vt 0.908641 0.608705
vt 0.891677 0.608472
vt 0.053829 0.732586
vt 0.519981 0.022781
vt 0.704345 0.989019
vt 0.611624 0.763367
vt 0.884042 0.849077
vt 0.251427 0.887704
vt 0.858076 0.221827
vt 0.864408 0.209645
vt 0.862691 0.222231
vt 0.461255 0.015523
vt 0.461255 0.004618
vt 0.463720 0.005478
vt 0.441346 0.225640
vt 0.442342 0.235516
vt 0.697599 0.440891
vt 0.205016 0.987935
vt 0.221469 0.987935
vt 0.218566 0.990413
vt 0.373420 0.977809
vt 0.803240 0.928597
vt 0.805049 0.926357
vt 0.816532 0.928381
vt 0.944187 0.350495
vt 0.935277 0.355422
vt 0.968620 0.994006
vt 0.973788 0.994917
vt 0.960754 0.994391
vt 0.018146 0.767589
vt 0.403776 0.777903
vt 0.105727 0.014205
vt 0.102881 0.028723
vt 0.102255 0.016210
vt 0.983333 0.032774
vt 0.246859 0.997302
vt 0.243807 0.987910
vt 0.247130 0.987592
vt 0.603048 0.003603
vt 0.603048 0.015028
vt 0.597858 0.004129
vt 0.523559 0.446581
vt 0.512655 0.435434
vt 0.972843 0.098341
vt 0.960110 0.623331
vt 0.968540 0.607492
vt 0.971337 0.611292
vt 0.176046 0.734368
vt 0.993170 0.241701
vt 0.996130 0.242222
vt 0.993161 0.249236
vt 0.948061 0.424536
vt 0.965012 0.032362
vt 0.202299 0.003123
vt 0.205823 0.012311
vt 0.202032 0.014500
vt 0.000229 0.881026
vt 0.000229 0.869226
vt 0.003799 0.880917
vt 0.471327 0.270361
vt 0.972130 0.171523
vt 0.949320 0.158776
vt 0.106204 0.030105
vt 0.804593 0.366529
vt 0.796734 0.365257
vt 0.953260 0.239811
vt 0.684223 0.774303
vt 0.137079 0.888402
vt 0.412253 0.958969
vt 0.384826 0.958969
vt 0.393516 0.954425
vt 0.374422 0.974023
vt 0.738910 0.151226
vt 0.730201 0.154787
vt 0.801712 0.038341
vt 0.789164 0.045398
vt 0.595970 0.027544
vt 0.570697 0.027544
vt 0.583948 0.025326
vt 0.939059 0.070274
vt 0.010866 0.161831
vt 0.010540 0.173259
vt 0.007261 0.176538
vt 0.513593 0.120413
vt 0.816047 0.006653
vt 0.816047 0.018020
vt 0.812855 0.009683
vt 0.408193 0.705862
vt 0.380454 0.734233
vt 0.400386 0.705800
vt 0.303673 0.952891
vt 0.895062 0.832119
vt 0.882484 0.842747
vt 0.873118 0.856493
vt 0.509279 0.021193
vt 0.382388 0.754094
vt 0.927111 0.210139
vt 0.543874 0.954601
vt 0.548275 0.949654
vt 0.376931 0.724080
vt 0.819376 0.732474
vt 0.490426 0.986040
vt 0.490426 0.996336
vt 0.484398 0.995392
vt 0.011875 0.223983
vt 0.011875 0.238533
vt 0.008505 0.223702
vt 0.441383 0.111634
vt 0.408185 0.110772
vt 0.426293 0.098971
vt 0.191333 0.015912
vt 0.189024 0.017463
vt 0.180268 0.011101
vt 0.032861 0.610820
vt 0.036043 0.628867
vt 0.032436 0.634396
vt 0.198337 0.034019
vt 0.196426 0.030709
vt 0.197492 0.019858
vt 0.993787 0.967531
vt 0.990522 0.966412
vt 0.993869 0.953919
vt 0.180870 0.007714
vt 0.990798 0.955649
vt 0.007682 0.164365
vt 0.414842 0.959054
vt 0.400414 0.952326
vt 0.427884 0.952985
vt 0.003818 0.938159
vt 0.003930 0.398681
vt 0.001105 0.409223
vt 0.001222 0.396920
vt 0.528636 0.971035
vt 0.519702 0.986669
vt 0.523822 0.974043
vt 0.971636 0.630117
vt 0.633986 0.369183
vt 0.283452 0.203285
vt 0.051861 0.437045
vt 0.707055 0.019955
vt 0.712007 0.014285
vt 0.714944 0.014803
vt 0.938172 0.844493
vt 0.950549 0.827458
vt 0.947255 0.848649
vt 0.311889 0.455699
vt 0.870214 0.361604
vt 0.881482 0.352149
vt 0.874849 0.368795
vt 0.749126 0.013880
vt 0.735769 0.013880
vt 0.736130 0.008275
vt 0.994545 0.858314
vt 0.994545 0.855684
vt 0.997398 0.857417
vt 0.729377 0.655456
vt 0.726933 0.664575
vt 0.727786 0.641717
vt 0.037818 0.615222
vt 0.845780 0.296371
vt 0.405963 0.146485
vt 0.828855 0.988374
vt 0.833280 0.986585
vt 0.829697 0.996294
vt 0.558337 0.002716
vt 0.558337 0.013900
vt 0.553446 0.011218
vt 0.026439 0.046363
vt 0.026439 0.064412
vt 0.021899 0.057213
vt 0.239704 0.152001
vt 0.982451 0.833132
vt 0.978596 0.824864
vt 0.983136 0.807351
vt 0.278097 0.189284
vt 0.493472 0.002522
vt 0.496789 0.002754
vt 0.497465 0.007549
vt 0.234135 0.162355
vt 0.651657 0.284445
vt 0.950795 0.462271
vt 0.601294 0.756010
vt 0.915143 0.034137
vt 0.550530 0.956118
vt 0.939380 0.774791
vt 0.942883 0.763931
vt 0.007124 0.638616
vt 0.007130 0.627008
vt 0.012687 0.626028
vt 0.559539 0.028332
vt 0.725338 0.473986
vt 0.746026 0.459694
vt 0.938797 0.659606
vt 0.227617 0.207251
vt 0.564475 0.903085
vt 0.574623 0.898990
vt 0.575703 0.903021
vt 0.057301 0.577495
vt 0.885057 0.887180
vt 0.881302 0.903792
vt 0.761246 0.009213
vt 0.759680 0.012038
vt 0.756831 0.002564
vt 0.008266 0.236778
vt 0.381381 0.999760
vt 0.383842 0.992184
vt 0.385991 0.997113
vt 0.650596 0.830547
vt 0.882446 0.824102
vt 0.753356 0.003433
vt 0.708366 0.006484
vt 0.700999 0.006484
vt 0.704807 0.001572
vt 0.838267 0.030567
vt 0.796474 0.545140
vt 0.235991 0.181648
vt 0.858079 0.441496
vt 0.899701 0.879566
vt 0.896074 0.891607
vt 0.513544 0.150108
vt 0.099554 0.901820
vt 0.079285 0.891360
vt 0.080164 0.886372
vt 0.907468 0.177253
vt 0.900925 0.184601
vt 0.721443 0.456773
vt 0.864970 0.293517
vt 0.525055 0.986164
vt 0.551880 0.909950
vt 0.561717 0.916838
vt 0.547921 0.915757
vt 0.388384 0.771984
vt 0.358057 0.970579
vt 0.032104 0.641320
vt 0.023787 0.639820
vt 0.024429 0.632481
vt 0.690614 0.659671
vt 0.260066 0.957236
vt 0.387733 0.014773
vt 0.110545 0.034627
vt 0.086333 0.034627
vt 0.099724 0.028313
vt 0.729534 0.556289
vt 0.732684 0.552481
vt 0.742991 0.557733
vt 0.218086 0.955367
vt 0.224513 0.975147
vt 0.220348 0.973142
vt 0.932147 0.717874
vt 0.343536 0.443566
vt 0.247460 0.892959
vt 0.746822 0.037635
vt 0.031704 0.278429
vt 0.022375 0.270962
vt 0.034020 0.268396
vt 0.576500 0.995574
vt 0.576500 0.999391
vt 0.570025 0.995610
vt 0.109397 0.982233
vt 0.116716 0.964897
vt 0.124175 0.981975
vt 0.502934 0.901722
vt 0.471406 0.898963
vt 0.507950 0.898882
vt 0.772010 0.932692
vt 0.792432 0.936293
vt 0.761949 0.936895
vt 0.559636 0.480690
vt 0.490090 0.029094
vt 0.493553 0.026124
vt 0.695563 0.349717
vt 0.948251 0.988607
vt 0.940632 0.996910
vt 0.941133 0.987984
vt 0.039815 0.660706
vt 0.926150 0.361556
vt 0.939351 0.855321
vt 0.811441 0.253633
vt 0.269419 0.462532
vt 0.932630 0.770334
vt 0.144477 0.882619
vt 0.431660 0.703157
vt 0.420975 0.709331
vt 0.887630 0.892712
vt 0.030959 0.622527
vt 0.566825 0.476327
vt 0.085714 0.233702
vt 0.195465 0.662853
vt 0.964738 0.712649
vt 0.018306 0.003530
vt 0.201339 0.102329
vt 0.078568 0.239934
vt 0.089812 0.209210
vt 0.093841 0.222972
vt 0.311662 0.940883
vt 0.999095 0.501602
vt 0.999395 0.498174
vt 0.999324 0.504847
vt 0.197145 0.668656
vt 0.770964 0.994471
vt 0.775863 0.998031
vt 0.771578 0.999990
vt 0.770168 0.022075
vt 0.767093 0.010599
vt 0.770112 0.008639
vt 0.567870 0.976904
vt 0.551485 0.979793
vt 0.547940 0.977009
vt 0.370696 0.937155
vt 0.365158 0.933958
vt 0.379712 0.933106
vt 0.536204 0.806709
vt 0.988955 0.288064
vt 0.992918 0.296562
vt 0.989443 0.313145
vt 0.491468 0.745983
vt 0.551679 0.376043
vt 0.487166 0.033170
vt 0.920752 0.742305
vt 0.511228 0.205450
vt 0.674124 0.769117
vt 0.454304 0.535371
vt 0.444918 0.550194
vt 0.438109 0.532900
vt 0.126815 0.025071
vt 0.112359 0.015289
vt 0.122868 0.017950
vt 0.855395 0.082833
vt 0.840831 0.296388
vt 0.028028 0.308350
vt 0.032043 0.305642
vt 0.031173 0.310684
vt 0.461715 0.257753
vt 0.119220 0.015211
vt 0.989710 0.338140
vt 0.986401 0.356909
vt 0.985114 0.331913
vt 0.364802 0.732518
vt 0.661050 0.013204
vt 0.675170 0.019789
vt 0.654639 0.020028
vt 0.044949 0.604642
vt 0.046276 0.575610
vt 0.052133 0.577830
vt 0.681136 0.667024
vt 0.660857 0.953823
vt 0.032074 0.589539
vt 0.018279 0.599562
vt 0.021592 0.589259
vt 0.582752 0.439757
vt 0.996768 0.248146
vt 0.393343 0.536989
vt 0.850864 0.488477
vt 0.847200 0.488057
vt 0.847200 0.465949
vt 0.456101 0.897296
vt 0.481255 0.901731
vt 0.444726 0.902805
vt 0.035480 0.101873
vt 0.041056 0.096296
vt 0.039733 0.107015
vt 0.027683 0.257322
vt 0.382419 0.937488
vt 0.200268 0.108626
vt 0.143750 0.279993
vt 0.028866 0.111777
vt 0.030046 0.098294
vt 0.029775 0.118725
vt 0.852746 0.696117
vt 0.857986 0.713058
vt 0.838389 0.720975
vt 0.046780 0.656665
vt 0.998909 0.619655
vt 0.998909 0.622557
vt 0.994715 0.619371
vt 0.619625 0.806107
vt 0.013017 0.641344
vt 0.123305 0.796820
vt 0.948804 0.343029
vt 0.937867 0.347029
vt 0.879879 0.607562
vt 0.040381 0.160432
vt 0.037298 0.140116
vt 0.040691 0.138158
vt 0.033327 0.152943
vt 0.780321 0.964449
vt 0.780448 0.974729
vt 0.775660 0.969811
vt 0.852453 0.678823
vt 0.389892 0.777823
vt 0.339582 0.470749
vt 0.342531 0.478442
vt 0.951110 0.995332
vt 0.574253 0.363692
vt 0.022334 0.004069
vt 0.024892 0.004986
vt 0.022692 0.006100
vt 0.764488 0.995709
vt 0.770255 0.995709
vt 0.764931 0.998752
vt 0.122090 0.803600
vt 0.300445 0.023534
vt 0.297238 0.014723
vt 0.300052 0.009699
vt 0.962625 0.356944
vt 0.948996 0.357366
vt 0.945247 0.350872
vt 0.000001 0.152991
vt 0.000001 0.141068
vt 0.001510 0.147257
vt 0.774956 0.973351
vt 0.812868 0.372738
vt 0.727487 0.019713
vt 0.415357 0.694846
vt 0.247449 0.465273
vt 0.993538 0.623831
vt 0.000564 0.249225
vt 0.000564 0.237179
vt 0.006485 0.243046
vt 0.024899 0.329111
vt 0.020656 0.326562
vt 0.031465 0.320420
vt 0.946225 0.014299
vt 0.967168 0.014299
vt 0.949217 0.016416
vt 0.536765 0.800208
vt 0.994464 0.597459
vt 0.994464 0.594384
vt 0.998487 0.597129
vt 0.537503 0.440276
vt 0.528390 0.433072
vt 0.540572 0.425067
vt 0.957367 0.632185
vt 0.028921 0.734260
vt 0.031687 0.718573
vt 0.033012 0.738627
vt 0.706002 0.341208
vt 0.252911 0.828725
vt 0.021657 0.014208
vt 0.483495 0.975365
vt 0.502910 0.975365
vt 0.489082 0.981332
vt 0.409420 0.097781
vt 0.138014 0.874731
vt 0.300658 0.733031
vt 0.725798 0.034771
vt 0.855328 0.076495
vt 0.823122 0.064987
vt 0.506555 0.166521
vt 0.581623 0.899411
vt 0.817289 0.925650
vt 0.719320 0.439179
vt 0.035998 0.084828
vt 0.597246 0.027029
vt 0.589830 0.020806
vt 0.615105 0.022152
vt 0.722946 0.642219
vt 0.435533 0.709877
vt 0.536060 0.910088
vt 0.162760 0.726406
vt 0.481188 0.865982
vt 0.475005 0.848996
vt 0.479728 0.826868
vt 0.581919 0.376447
vt 0.554721 0.386852
vt 0.734256 0.549129
vt 0.524890 0.120969
vt 0.467522 0.808016
vt 0.354480 0.399471
vt 0.420314 0.977586
vt 0.419500 0.982227
vt 0.404963 0.982989
vt 0.725693 0.115906
vt 0.859732 0.247148
vt 0.865489 0.252591
vt 0.753169 0.166762
vt 0.016794 0.999916
vt 0.015213 0.995049
vt 0.022048 0.997411
vt 0.908501 0.985812
vt 0.893424 0.974859
vt 0.910705 0.972898
vt 0.348640 0.466460
vt 0.196885 0.958345
vt 0.207201 0.965304
vt 0.208452 0.975189
vt 0.704728 0.447415
vt 0.236640 0.101644
vt 0.232208 0.109430
vt 0.527407 0.914904
vt 0.974826 0.744429
vt 0.980864 0.731482
vt 0.978846 0.755610
vt 0.972175 0.350086
vt 0.281071 0.731618
vt 0.974849 0.729788
vt 0.031601 0.464028
vt 0.026304 0.452668
vt 0.031536 0.445841
vt 0.025171 0.015568
vt 0.031710 0.312379
vt 0.396171 0.933981
vt 0.040608 0.614347
vt 0.040608 0.637919
vt 0.036432 0.625342
vt 0.610501 0.798155
vt 0.035695 0.214643
vt 0.039340 0.220456
vt 0.035458 0.231122
vt 0.587733 0.959453
vt 0.609649 0.959453
vt 0.595655 0.965018
vt 0.636666 0.305405
vt 0.100900 0.976577
vt 0.269502 0.187570
vt 0.205801 0.005003
vt 0.246431 0.138590
vt 0.040071 0.237018
vt 0.902465 0.989058
vt 0.906196 0.985928
vt 0.905743 0.996449
vt 0.372572 0.758959
vt 0.013619 0.240926
vt 0.014578 0.246362
vt 0.014475 0.257060
vt 0.186740 0.296578
vt 0.407943 0.985154
vt 0.827440 0.858683
vt 0.813875 0.867904
vt 0.799650 0.866659
vt 0.934509 0.843957
vt 0.914937 0.834080
vt 0.932856 0.837787
vt 0.492580 0.742911
vt 0.492766 0.737869
vt 0.519466 0.212726
vt 0.180597 0.286425
vt 0.652477 0.988043
vt 0.648630 0.971942
vt 0.652477 0.974710
vt 0.327159 0.851890
vt 0.308724 0.845180
vt 0.348375 0.845097
vt 0.063588 0.903821
vt 0.430082 0.644717
vt 0.944048 0.561553
vt 0.951639 0.556038
vt 0.950422 0.567879
vt 0.855472 0.103716
vt 0.217580 0.132712
vt 0.460411 0.279605
vt 0.373947 0.681276
vt 0.370338 0.701741
vt 0.373304 0.674073
vt 0.523276 0.126800
vt 0.432634 0.991999
vt 0.435443 0.991999
vt 0.434131 0.999944
vt 0.504236 0.108950
vt 0.480936 0.745945
vt 0.481225 0.002128
vt 0.484025 0.002890
vt 0.480419 0.012796
vt 0.539838 0.453266
vt 0.531538 0.466375
vt 0.308105 0.152384
vt 0.302817 0.144705
vt 0.308344 0.137880
vt 0.791510 0.958375
vt 0.484334 0.013481
vt 0.649220 0.988279
vt 0.209098 0.983812
vt 0.210201 0.973702
vt 0.215373 0.979419
vt 0.528790 0.937688
vt 0.556809 0.937688
vt 0.545959 0.947005
vt 0.368714 0.642266
vt 0.616354 0.701209
vt 0.612539 0.702182
vt 0.603143 0.671449
vt 0.022990 0.321246
vt 0.538628 0.747805
vt 0.936408 0.426777
vt 0.726268 0.616248
vt 0.928599 0.397299
vt 0.926719 0.398096
vt 0.931788 0.388947
vt 0.797703 0.263643
vt 0.580353 0.984884
vt 0.592710 0.980970
vt 0.593134 0.984884
vt 0.286495 0.034203
vt 0.285777 0.042411
vt 0.273540 0.033376
vt 0.458651 0.721624
vt 0.792505 0.967775
vt 0.792089 0.984045
vt 0.788207 0.976993
vt 0.150378 0.946086
vt 0.120519 0.946086
vt 0.134302 0.944649
vt 0.445197 0.566797
vt 0.586707 0.446149
vt 0.785360 0.956288
vt 0.720536 0.318350
vt 0.830409 0.928832
vt 0.075682 0.886955
vt 0.074896 0.874124
vt 0.592131 0.903629
vt 0.229661 0.149148
vt 0.237261 0.148982
vt 0.454031 0.896920
vt 0.443365 0.899656
vt 0.443282 0.896920
vt 0.993480 0.858826
vt 0.989394 0.857111
vt 0.985004 0.840730
vt 0.822803 0.048660
vt 0.469065 0.726034
vt 0.368086 0.465871
vt 0.450963 0.547478
vt 0.244457 0.456316
vt 0.928494 0.020879
vt 0.279406 0.043160
vt 0.222551 0.117343
vt 0.458794 0.808153
vt 0.387815 0.710090
vt 0.242676 0.259161
vt 0.244431 0.274425
vt 0.235730 0.277811
vt 0.717964 0.460548
vt 0.022338 0.317043
vt 0.833274 0.724479
vt 0.211489 0.456649
vt 0.048450 0.631842
vt 0.942067 0.874315
vt 0.936429 0.884487
vt 0.924649 0.866794
vt 0.721278 0.613100
vt 0.845345 0.158959
vt 0.796790 0.980395
vt 0.809627 0.985528
vt 0.796283 0.986193
vt 0.042762 0.520137
vt 0.040319 0.533994
vt 0.040776 0.511323
vt 0.532706 0.213366
vt 0.767442 0.927041
vt 0.789275 0.928951
vt 0.757553 0.928304
vt 0.122913 0.723653
vt 0.606884 0.333662
vt 0.609024 0.317593
vt 0.616675 0.325446
vt 0.336982 0.745854
vt 0.373847 0.764014
vt 0.375825 0.771017
vt 0.667709 0.920918
vt 0.676189 0.917556
vt 0.700368 0.921819
vt 0.491633 0.920460
vt 0.512441 0.919994
vt 0.494531 0.923913
vt 0.716770 0.481244
vt 0.472578 0.310552
vt 0.472865 0.297137
vt 0.577057 0.979869
vt 0.365222 0.748743
vt 0.437975 0.246065
vt 0.186693 0.289060
vt 0.945945 0.888997
vt 0.666833 0.780902
vt 0.835229 0.926372
vt 0.649485 0.404769
vt 0.486915 0.115309
vt 0.236115 0.529412
vt 0.865809 0.473191
vt 0.874352 0.447165
vt 0.878401 0.471645
vt 0.458857 0.069031
vt 0.481603 0.082953
vt 0.462396 0.078753
vt 0.325952 0.854426
vt 0.644010 0.308786
vt 0.933558 0.580921
vt 0.951246 0.573889
vt 0.797365 0.535932
vt 0.612934 0.685363
vt 0.932335 0.032193
vt 0.867166 0.487881
vt 0.348439 0.741420
vt 0.098597 0.770904
vt 0.095564 0.780639
vt 0.094918 0.770904
vt 0.630594 0.322575
vt 0.468297 0.543350
vt 0.601688 0.900926
vt 0.510256 0.923664
vt 0.329982 0.136756
vt 0.463682 0.644793
vt 0.950622 0.098427
vt 0.937595 0.110215
vt 0.944749 0.098632
vt 0.920122 0.378017
vt 0.573120 0.845349
vt 0.583980 0.819763
vt 0.573499 0.857981
vt 0.469609 0.022526
vt 0.466408 0.016752
vt 0.485757 0.031083
vt 0.991869 0.443884
vt 0.987151 0.454002
vt 0.986480 0.429181
vt 0.971584 0.124720
vt 0.696706 0.917911
vt 0.018662 0.304030
vt 0.020828 0.291742
vt 0.021117 0.308963
vt 0.456342 0.061477
vt 0.477014 0.070826
vt 0.849907 0.514917
vt 0.071571 0.892489
vt 0.787855 0.600664
vt 0.916097 0.865819
vt 0.331405 0.898536
vt 0.367487 0.898536
vt 0.335951 0.902068
vt 0.701156 0.332319
vt 0.983971 0.182141
vt 0.987006 0.170813
vt 0.987328 0.196256
vt 0.977822 0.782055
vt 0.975909 0.803925
vt 0.975350 0.778149
vt 0.661506 0.994693
vt 0.655946 0.994790
vt 0.653196 0.983055
vt 0.081278 0.375432
vt 0.076766 0.365757
vt 0.134211 0.367095
vt 0.522765 0.801607
vt 0.528353 0.807084
vt 0.700845 0.915345
vt 0.214495 0.449242
vt 0.081827 0.785022
vt 0.387967 0.109930
vt 0.514395 0.961784
vt 0.514395 0.981317
vt 0.510277 0.973466
vt 0.344128 0.737544
vt 0.325557 0.426011
vt 0.318876 0.132413
vt 0.541934 0.499410
vt 0.595213 0.940113
vt 0.603837 0.937760
vt 0.604582 0.951968
vt 0.845511 0.511732
vt 0.812478 0.980071
vt 0.932007 0.040047
vt 0.865749 0.364747
vt 0.463425 0.285154
vt 0.200037 0.100966
vt 0.201695 0.064190
vt 0.211191 0.091607
vt 0.213444 0.964828
vt 0.560236 0.109716
vt 0.543935 0.114474
vt 0.373607 0.477862
vt 0.246847 0.259921
vt 0.668340 0.868326
vt 0.672645 0.874474
vt 0.659212 0.871997
vt 0.077798 0.855326
vt 0.046069 0.855326
vt 0.051602 0.848098
vt 0.394668 0.097662
vt 0.219182 0.188882
vt 0.840834 0.867292
vt 0.511229 0.141871
vt 0.417570 0.898836
vt 0.762628 0.446714
vt 0.760522 0.470779
vt 0.760476 0.404850
vt 0.975933 0.687180
vt 0.975933 0.661259
vt 0.979254 0.670619
vt 0.767218 0.443956
vt 0.764914 0.470104
vt 0.979046 0.792245
vt 0.983190 0.794178
vt 0.979199 0.818027
vt 0.729349 0.597258
vt 0.298693 0.901194
vt 0.325764 0.898825
vt 0.334741 0.902786
vt 0.239879 0.135647
vt 0.514512 0.535282
vt 0.118840 0.214310
vt 0.013739 0.239951
vt 0.013739 0.223795
vt 0.026543 0.238313
vt 0.330945 0.731250
vt 0.963109 0.864250
vt 0.963109 0.892044
vt 0.959852 0.865913
vt 0.524983 0.921525
vt 0.265770 0.918110
vt 0.245896 0.923821
vt 0.230705 0.915051
vt 0.593769 0.651807
vt 0.603197 0.716556
vt 0.591206 0.749501
vt 0.081627 0.779568
vt 0.811717 0.246417
vt 0.065192 0.880138
vt 0.883589 0.596521
vt 0.470479 0.116448
vt 0.419204 0.210596
vt 0.417967 0.212134
vt 0.593146 0.991463
vt 0.589001 0.994942
vt 0.577548 0.992418
vt 0.310771 0.854803
vt 0.659288 0.862590
vt 0.680859 0.861679
vt 0.475471 0.741225
vt 0.144429 0.768308
vt 0.160551 0.748308
vt 0.164404 0.756776
vt 0.993796 0.910040
vt 0.997300 0.911178
vt 0.992630 0.918258
vt 0.993847 0.835348
vt 0.181774 0.136662
vt 0.218671 0.147741
vt 0.838668 0.734064
vt 0.788059 0.985396
vt 0.297087 0.864897
vt 0.290016 0.843298
vt 0.297448 0.844221
vt 0.722526 0.556249
vt 0.867716 0.974518
vt 0.876447 0.972979
vt 0.889082 0.974655
vt 0.032811 0.865084
vt 0.041711 0.860550
vt 0.034150 0.880135
vt 0.427767 0.756530
vt 0.455994 0.773549
vt 0.429228 0.768428
vt 0.298417 0.742906
vt 0.005326 0.105384
vt 0.005326 0.117174
vt 0.000716 0.108285
vt 0.516411 0.807475
vt 0.613847 0.002102
vt 0.616735 0.010990
vt 0.609851 0.003563
vt 0.482704 0.061651
vt 0.053238 0.614628
vt 0.792973 0.607135
vt 0.335340 0.541219
vt 0.333396 0.507339
vt 0.334693 0.492514
vt 0.926660 0.368318
vt 0.202778 0.283766
vt 0.028493 0.106896
vt 0.021423 0.107020
vt 0.018335 0.093887
vt 0.728172 0.532237
vt 0.408614 0.677428
vt 0.426172 0.596797
vt 0.368658 0.110121
vt 0.367277 0.097329
vt 0.350744 0.496172
vt 0.350490 0.535304
vt 0.512186 0.801328
vt 0.381105 0.469796
vt 0.395115 0.439751
vt 0.396266 0.478761
vt 0.946860 0.082132
vt 0.693404 0.953816
vt 0.718479 0.945669
vt 0.707716 0.963697
vt 0.155571 0.214450
vt 0.478330 0.734223
vt 0.209745 0.965310
vt 0.395937 0.523774
vt 0.937405 0.567031
vt 0.737735 0.193598
vt 0.753156 0.171575
vt 0.756574 0.203361
vt 0.571359 0.488471
vt 0.223919 0.282541
vt 0.220800 0.256802
vt 0.482084 0.689195
vt 0.249527 0.915178
vt 0.643004 0.406389
vt 0.360264 0.040778
vt 0.388376 0.033334
vt 0.385433 0.045216
vt 0.106972 0.749112
vt 0.103975 0.757590
vt 0.057558 0.999248
vt 0.052066 0.991688
vt 0.058206 0.992141
vt 0.423571 0.771396
vt 0.930708 0.368983
vt 0.405609 0.043193
vt 0.402380 0.038593
vt 0.585251 0.460314
vt 0.569567 0.383682
vt 0.567712 0.374884
vt 0.178033 0.831729
vt 0.192871 0.817314
vt 0.196164 0.825130
vt 0.603658 0.684826
vt 0.317268 0.717619
vt 0.253807 0.271009
vt 0.916148 0.368109
vt 0.842433 0.460586
vt 0.849763 0.461444
vt 0.849025 0.465629
vt 0.797624 0.154385
vt 0.793765 0.175680
vt 0.791371 0.161837
vt 0.462510 0.080935
vt 0.389454 0.080935
vt 0.454404 0.069618
vt 0.598908 0.760879
vt 0.283382 0.312513
vt 0.269667 0.288758
vt 0.293038 0.304049
vt 0.623820 0.938386
vt 0.620385 0.946357
vt 0.850804 0.049306
vt 0.835878 0.054683
vt 0.826451 0.044213
vt 0.178853 0.818224
vt 0.028140 0.153656
vt 0.027851 0.170614
vt 0.019695 0.162102
vt 0.193415 0.552362
vt 0.879292 0.392564
vt 0.702897 0.101239
vt 0.725846 0.104390
vt 0.723742 0.128436
vt 0.263234 0.310141
vt 0.265493 0.840541
vt 0.601701 0.668467
vt 0.056997 0.602778
vt 0.063403 0.631126
vt 0.063403 0.658551
vt 0.224830 0.291609
vt 0.381508 0.428215
vt 0.305934 0.289204
vt 0.597324 0.833810
vt 0.639332 0.816286
vt 0.606071 0.845849
vt 0.072592 0.786683
vt 0.213813 0.199467
vt 0.224861 0.209185
vt 0.828635 0.006116
vt 0.827053 0.008855
vt 0.826955 0.001719
vt 0.862380 0.423629
vt 0.483583 0.978371
vt 0.489730 0.984518
vt 0.484295 0.992928
vt 0.266227 0.099246
vt 0.695744 0.345186
vt 0.695043 0.293094
vt 0.704252 0.296936
vt 0.991523 0.977054
vt 0.998406 0.979290
vt 0.994675 0.982160
vt 0.719245 0.491613
vt 0.211287 0.302163
vt 0.193703 0.299648
vt 0.207793 0.704390
vt 0.252164 0.716279
vt 0.196012 0.717981
vt 0.722615 0.162388
vt 0.705302 0.177202
vt 0.708447 0.171668
vt 0.669442 0.077645
vt 0.599943 0.100165
vt 0.618192 0.084847
vt 0.921290 0.070651
vt 0.918454 0.086734
vt 0.911665 0.056022
vt 0.161205 0.734819
vt 0.702847 0.112821
vt 0.627020 0.928928
vt 0.642563 0.927568
vt 0.658479 0.928040
vt 0.183995 0.299757
vt 0.678423 0.870832
vt 0.098289 0.717066
vt 0.021026 0.154401
vt 0.621386 0.290715
vt 0.234030 0.308047
vt 0.276599 0.746571
vt 0.629077 0.076172
vt 0.049387 0.637497
vt 0.360192 0.665470
vt 0.154839 0.817784
vt 0.151268 0.826962
vt 0.333042 0.640417
vt 0.218110 0.279762
vt 0.321376 0.510809
vt 0.312862 0.587854
vt 0.305834 0.602926
vt 0.113075 0.248798
vt 0.098218 0.246668
vt 0.109554 0.237283
vt 0.378015 0.441720
vt 0.477235 0.782242
vt 0.455089 0.780601
vt 0.375059 0.542658
vt 0.383441 0.567253
vt 0.374504 0.479993
vt 0.226209 0.309623
vt 0.783963 0.579677
vt 0.699507 0.134018
vt 0.497591 0.172123
vt 0.447548 0.743134
vt 0.463935 0.756615
vt 0.459585 0.761119
vt 0.666859 0.720385
vt 0.666859 0.697272
vt 0.669254 0.724465
vt 0.204917 0.043600
vt 0.220206 0.035006
vt 0.233976 0.040018
vt 0.272278 0.317867
vt 0.403297 0.996264
vt 0.400869 0.987204
vt 0.403763 0.985609
vt 0.687795 0.052083
vt 0.616854 0.058289
vt 0.615831 0.051479
vt 0.650880 0.064430
vt 0.346657 0.034735
vt 0.547549 0.503443
vt 0.185381 0.314767
vt 0.366328 0.014335
vt 0.363184 0.026068
vt 0.362776 0.012200
vt 0.911540 0.088490
vt 0.924673 0.365247
vt 0.669999 0.636059
vt 0.827544 0.400708
vt 0.824779 0.399172
vt 0.828720 0.394476
vt 0.374440 0.430615
vt 0.563943 0.500738
vt 0.313454 0.666431
vt 0.320924 0.581014
vt 0.320766 0.534699
vt 0.507561 0.087566
vt 0.460292 0.993858
vt 0.464642 0.990580
vt 0.461951 0.998846
vt 0.707030 0.863212
vt 0.724896 0.855823
vt 0.729154 0.863199
vt 0.318288 0.731406
vt 0.201681 0.308286
vt 0.991983 0.428334
vt 0.991983 0.420105
vt 0.997443 0.420287
vt 0.030556 0.492419
vt 0.032118 0.502285
vt 0.018738 0.492176
vt 0.617091 0.077825
vt 0.848306 0.440492
vt 0.064085 0.788008
vt 0.360396 0.532835
vt 0.530063 0.062209
vt 0.794650 0.835248
vt 0.788230 0.824128
vt 0.808791 0.834525
vt 0.194721 0.307588
vt 0.118147 0.704237
vt 0.078340 0.274462
vt 0.073701 0.262063
vt 0.084851 0.242751
vt 0.285867 0.986390
vt 0.280150 0.968796
vt 0.286819 0.971653
vt 0.084644 0.308963
vt 0.841576 0.454382
vt 0.306883 0.118556
vt 0.100566 0.411588
vt 0.097997 0.418951
vt 0.082120 0.417259
vt 0.797872 0.822859
vt 0.950597 0.148025
vt 0.936284 0.144385
vt 0.935103 0.121864
vt 0.323069 0.589265
vt 0.318984 0.613933
vt 0.211057 0.812280
vt 0.219453 0.810799
vt 0.212665 0.818704
vt 0.985801 0.622272
vt 0.985106 0.614323
vt 0.993746 0.617759
vt 0.049522 0.710824
vt 0.062792 0.691872
vt 0.055522 0.732976
vt 0.044032 0.870617
vt 0.044557 0.860598
vt 0.080843 0.874044
vt 0.452780 0.996010
vt 0.992089 0.624332
vt 0.320408 0.737434
vt 0.316616 0.746961
vt 0.305887 0.729290
vt 0.541174 0.989839
vt 0.531792 0.994871
vt 0.531851 0.985491
vt 0.985022 0.514085
vt 0.984434 0.497231
vt 0.992404 0.490447
vt 0.071242 0.274062
vt 0.417789 0.904906
vt 0.408503 0.908286
vt 0.385332 0.905753
vt 0.626989 0.391766
vt 0.617740 0.386048
vt 0.628616 0.387868
vt 0.364643 0.846059
vt 0.360694 0.854527
vt 0.353001 0.845296
vt 0.824503 0.057671
vt 0.841798 0.054930
vt 0.835906 0.065077
vt 0.212397 0.229384
vt 0.190223 0.240177
vt 0.265568 0.749537
vt 0.240388 0.744286
vt 0.631626 0.492145
vt 0.633783 0.504064
vt 0.619544 0.505310
vt 0.661731 0.996533
vt 0.663830 0.993536
vt 0.664049 0.999918
vt 0.145294 0.699220
vt 0.184873 0.696923
vt 0.717175 0.002560
vt 0.724464 0.012592
vt 0.716623 0.014560
vt 0.228107 0.036132
vt 0.751857 0.986915
vt 0.763248 0.986915
vt 0.753355 0.994958
vt 0.820206 0.505137
vt 0.830012 0.511505
vt 0.806718 0.523907
vt 0.864496 0.061880
vt 0.137824 0.731471
vt 0.542416 0.526506
vt 0.552999 0.524415
vt 0.546758 0.986745
vt 0.689613 0.864658
vt 0.447476 0.986944
vt 0.447476 0.996943
vt 0.444266 0.992686
vt 0.622580 0.416844
vt 0.392719 0.842968
vt 0.203239 0.035618
vt 0.377185 0.010563
vt 0.381627 0.004220
vt 0.381303 0.015417
vt 0.353530 0.923727
vt 0.359043 0.915649
vt 0.365484 0.921053
vt 0.865326 0.067238
vt 0.322849 0.637076
vt 0.857662 0.072933
vt 0.863501 0.073972
vt 0.532515 0.910714
vt 0.501868 0.918926
vt 0.498200 0.910379
vt 0.986761 0.834528
vt 0.073218 0.239375
vt 0.048371 0.771461
vt 0.044908 0.787460
vt 0.324762 0.002699
vt 0.324762 0.010896
vt 0.320253 0.004070
vt 0.514406 0.033299
vt 0.518124 0.048776
vt 0.511712 0.048576
vt 0.366871 0.103406
vt 0.625241 0.300791
vt 0.623898 0.324987
vt 0.105027 0.762077
vt 0.880633 0.587037
vt 0.894873 0.583430
vt 0.985420 0.638950
vt 0.440786 0.616636
vt 0.346850 0.908876
vt 0.315917 0.914331
vt 0.312264 0.908429
vt 0.723087 0.768172
vt 0.710588 0.748315
vt 0.717467 0.747197
vt 0.023447 0.264817
vt 0.018236 0.248778
vt 0.028089 0.248876
vt 0.388162 0.921870
vt 0.383474 0.916365
vt 0.534889 0.898980
vt 0.571859 0.898980
vt 0.555974 0.901121
vt 0.819790 0.527950
vt 0.892651 0.006721
vt 0.892651 0.019966
vt 0.888315 0.010045
vt 0.929044 0.643263
vt 0.917480 0.635463
vt 0.941567 0.637385
vt 0.503026 0.500628
vt 0.497195 0.512494
vt 0.478755 0.501764
vt 0.259166 0.959199
vt 0.252326 0.957108
vt 0.259012 0.952755
vt 0.225051 0.161983
vt 0.214647 0.162701
vt 0.434291 0.620162
vt 0.942036 0.624479
vt 0.820976 0.826439
vt 0.354822 0.483522
vt 0.552520 0.534493
vt 0.806296 0.037462
vt 0.631870 0.427800
vt 0.220590 0.549674
vt 0.698290 0.862377
vt 0.746646 0.855012
vt 0.706551 0.731243
vt 0.193032 0.043124
vt 0.515728 0.497986
vt 0.520972 0.501703
vt 0.507786 0.504473
vt 0.951554 0.679571
vt 0.937670 0.697342
vt 0.944448 0.671421
vt 0.936363 0.660013
vt 0.976441 0.367230
vt 0.982751 0.384568
vt 0.975456 0.393596
vt 0.967934 0.026013
vt 0.967934 0.013262
vt 0.983727 0.016218
vt 0.145098 0.905479
vt 0.150234 0.911601
vt 0.130134 0.904640
vt 0.056328 0.687894
vt 0.265696 0.842452
vt 0.297012 0.866764
vt 0.270543 0.873057
vt 0.810371 0.534459
vt 0.415885 0.118246
vt 0.412498 0.113079
vt 0.419309 0.111878
vt 0.047983 0.677900
vt 0.052010 0.684812
vt 0.318359 0.733275
vt 0.252185 0.249042
vt 0.141803 0.285530
vt 0.392446 0.847103
vt 0.765116 0.198801
vt 0.146184 0.914009
vt 0.061762 0.685572
vt 0.368258 0.858130
vt 0.000538 0.111413
vt 0.004878 0.118930
vt 0.000158 0.123230
vt 0.013569 0.978822
vt 0.007676 0.967502
vt 0.010813 0.968538
vt 0.780116 0.731957
vt 0.770599 0.755059
vt 0.768541 0.748487
vt 0.262785 0.271752
vt 0.262416 0.256504
vt 0.381934 0.398215
vt 0.648852 0.423754
vt 0.618023 0.903361
vt 0.618023 0.871633
vt 0.625441 0.903492
vt 0.893467 0.010666
vt 0.895748 0.019179
vt 0.893276 0.024580
vt 0.245229 0.963573
vt 0.243222 0.948544
vt 0.453776 0.498495
vt 0.478467 0.510487
vt 0.676883 0.119342
vt 0.341312 0.886361
vt 0.333951 0.896117
vt 0.325816 0.892323
vt 0.551437 0.355779
vt 0.554599 0.369254
vt 0.658621 0.930522
vt 0.689315 0.930522
vt 0.667102 0.935540
vt 0.501018 0.521057
vt 0.892939 0.096855
vt 0.901189 0.098310
vt 0.884309 0.101546
vt 0.407433 0.940082
vt 0.430548 0.940921
vt 0.431963 0.946201
vt 0.408118 0.946625
vt 0.497607 0.199099
vt 0.490473 0.177003
vt 0.507223 0.191312
vt 0.254074 0.945289
vt 0.267855 0.948343
vt 0.012982 0.411099
vt 0.012982 0.426263
vt 0.009173 0.412626
vt 0.482473 0.166864
vt 0.512254 0.180865
vt 0.306718 0.062303
vt 0.282634 0.063336
vt 0.295919 0.049433
vt 0.504585 0.013305
vt 0.510408 0.019549
vt 0.498790 0.014608
vt 0.210254 0.524856
vt 0.610291 0.051899
vt 0.946267 0.451101
vt 0.939202 0.440452
vt 0.945984 0.437848
vt 0.957632 0.901974
vt 0.957632 0.922113
vt 0.947706 0.903433
vt 0.436475 0.941137
vt 0.946072 0.135369
vt 0.960697 0.968196
vt 0.958299 0.965339
vt 0.979264 0.966578
vt 0.007579 0.981139
vt 0.085951 0.041963
vt 0.084211 0.049337
vt 0.058786 0.043468
vt 0.696487 0.727668
vt 0.740335 0.865532
vt 0.139425 0.726155
vt 0.177142 0.035068
vt 0.152163 0.035068
vt 0.169891 0.022334
vt 0.456140 0.357671
vt 0.469273 0.356058
vt 0.467693 0.374111
vt 0.678034 0.109166
vt 0.127866 0.251655
vt 0.681652 0.100744
vt 0.258232 0.033592
vt 0.234215 0.033592
vt 0.235684 0.023306
vt 0.585674 0.405894
vt 0.283626 0.327675
vt 0.250982 0.816543
vt 0.221408 0.819005
vt 0.172187 0.667469
vt 0.764418 0.740151
vt 0.767910 0.733605
vt 0.362502 0.894702
vt 0.385285 0.858945
vt 0.448696 0.505042
vt 0.022240 0.295333
vt 0.028935 0.294273
vt 0.038184 0.305425
vt 0.421012 0.969142
vt 0.401968 0.965784
vt 0.422805 0.964896
vt 0.610950 0.050133
vt 0.619638 0.034459
vt 0.631245 0.034470
vt 0.322211 0.052283
vt 0.296911 0.918766
vt 0.268443 0.923667
vt 0.262002 0.920663
vt 0.073854 0.019919
vt 0.052027 0.019919
vt 0.065769 0.015328
vt 0.018206 0.478760
vt 0.026620 0.473902
vt 0.018412 0.490685
vt 0.152846 0.923277
vt 0.147162 0.919199
vt 0.164427 0.904518
vt 0.208415 0.272183
vt 0.886310 0.582612
vt 0.670284 0.113558
vt 0.279090 0.333598
vt 0.837094 0.530786
vt 0.014882 0.920862
vt 0.008281 0.918718
vt 0.014880 0.906429
vt 0.805797 0.931115
vt 0.836197 0.931115
vt 0.809027 0.937969
vt 0.456308 0.808149
vt 0.421001 0.798688
vt 0.473763 0.796081
vt 0.052173 0.449123
vt 0.048158 0.453908
vt 0.044503 0.435428
vt 0.048212 0.428245
vt 0.585927 0.473233
vt 0.381630 0.018047
vt 0.372064 0.012761
vt 0.376381 0.012010
vt 0.352827 0.003118
vt 0.353756 0.012133
vt 0.350599 0.007137
vt 0.027614 0.490851
vt 0.786434 0.212905
vt 0.757786 0.205127
vt 0.444866 0.434719
vt 0.463054 0.461314
vt 0.448402 0.475901
vt 0.916946 0.438074
vt 0.926831 0.449854
vt 0.908554 0.450144
vt 0.790621 0.137064
vt 0.626146 0.378678
vt 0.616179 0.380834
vt 0.483906 0.850780
vt 0.522136 0.839385
vt 0.495812 0.866019
vt 0.597141 0.794428
vt 0.576268 0.792062
vt 0.585459 0.784626
vt 0.269902 0.981845
vt 0.265007 0.978288
vt 0.280310 0.965285
vt 0.762178 0.956963
vt 0.756022 0.953408
vt 0.781742 0.957021
vt 0.844541 0.438096
vt 0.733719 0.910621
vt 0.767288 0.911720
vt 0.760117 0.915275
vt 0.405447 0.064184
vt 0.406848 0.041524
vt 0.409967 0.053785
vt 0.447510 0.394028
vt 0.442489 0.398411
vt 0.034281 0.886184
vt 0.040813 0.866082
vt 0.048297 0.884509
vt 0.133371 0.975204
vt 0.142876 0.966085
vt 0.138775 0.975204
vt 0.354720 0.997790
vt 0.352168 0.990780
vt 0.355284 0.988111
vt 0.347943 0.480569
vt 0.827619 0.377035
vt 0.728952 0.756266
vt 0.729039 0.766422
vt 0.469116 0.944391
vt 0.494683 0.940927
vt 0.494856 0.944391
vt 0.274646 0.916107
vt 0.936379 0.701499
vt 0.950934 0.699969
vt 0.927213 0.717956
vt 0.819938 0.959645
vt 0.838904 0.952742
vt 0.846729 0.959353
vt 0.606204 0.786776
vt 0.507447 0.873606
vt 0.804367 0.545666
vt 0.209422 0.288331
vt 0.610247 0.302213
vt 0.012933 0.206600
vt 0.012933 0.221396
vt 0.011236 0.209769
vt 0.264922 0.865900
vt 0.033082 0.542333
vt 0.022266 0.561491
vt 0.023339 0.543185
vt 0.785573 0.089637
vt 0.798461 0.095852
vt 0.795083 0.101259
vt 0.932662 0.434310
vt 0.893849 0.298329
vt 0.894580 0.278990
vt 0.899706 0.264907
vt 0.938785 0.428678
vt 0.013822 0.211407
vt 0.013822 0.195441
vt 0.015382 0.205030
vt 0.885742 0.130969
vt 0.699979 0.268611
vt 0.692321 0.980775
vt 0.674905 0.979330
vt 0.679203 0.964341
vt 0.949322 0.930352
vt 0.442511 0.454046
vt 0.432658 0.428862
vt 0.374303 0.007129
vt 0.635901 0.419784
vt 0.490096 0.025467
vt 0.188978 0.034446
vt 0.624911 0.872136
vt 0.457340 0.491374
vt 0.992731 0.064686
vt 0.981086 0.071963
vt 0.988166 0.049387
vt 0.357038 0.971412
vt 0.376597 0.971412
vt 0.360003 0.978739
vt 0.451704 0.608130
vt 0.046059 0.102494
vt 0.044934 0.081518
vt 0.055771 0.083428
vt 0.317389 0.937330
vt 0.314751 0.932761
vt 0.345874 0.934925
vt 0.948587 0.457525
vt 0.243146 0.042274
vt 0.677608 0.351593
vt 0.654831 0.373085
vt 0.634663 0.329835
vt 0.630662 0.355035
vt 0.952031 0.432017
vt 0.980028 0.121507
vt 0.983083 0.128369
vt 0.971930 0.126378
vt 0.215653 0.555340
vt 0.071247 0.307933
vt 0.074058 0.310697
vt 0.074058 0.340283
vt 0.033175 0.915344
vt 0.022213 0.911782
vt 0.029180 0.894323
vt 0.371140 0.010462
vt 0.851222 0.516212
vt 0.175893 0.042767
vt 0.935828 0.974640
vt 0.914625 0.974640
vt 0.919015 0.970476
vt 0.969187 0.136085
vt 0.962281 0.128346
vt 0.969239 0.121388
vt 0.738074 0.915663
vt 0.629991 0.509848
vt 0.146177 0.974249
vt 0.153182 0.960561
vt 0.167518 0.968838
vt 0.984739 0.121684
vt 0.655544 0.130072
vt 0.963491 0.143314
vt 0.033122 0.561897
vt 0.596035 0.966991
vt 0.590187 0.971863
vt 0.584619 0.959359
vt 0.729831 0.233376
vt 0.754268 0.253854
vt 0.749504 0.276266
vt 0.983991 0.783603
vt 0.991336 0.794093
vt 0.984537 0.808039
vt 0.032889 0.127093
vt 0.038108 0.130747
vt 0.033025 0.149342
vt 0.018934 0.659768
vt 0.026451 0.662211
vt 0.018867 0.677090
vt 0.009664 0.151358
vt 0.009664 0.136658
vt 0.015513 0.147562
vt 0.939381 0.442726
vt 0.432847 0.492705
vt 0.626824 0.152260
vt 0.654502 0.152265
vt 0.632928 0.171529
vt 0.840482 0.239586
vt 0.850857 0.245675
vt 0.849982 0.270741
vt 0.908473 0.040418
vt 0.933400 0.042030
vt 0.910559 0.048202
vt 0.176557 0.661034
vt 0.889642 0.374266
vt 0.898730 0.371517
vt 0.907737 0.375527
vt 0.192651 0.333219
vt 0.617279 0.405999
vt 0.808562 0.986474
vt 0.808562 0.994392
vt 0.796674 0.987444
vt 0.783433 0.456115
vt 0.782557 0.436428
vt 0.787936 0.439310
vt 0.706224 0.502414
vt 0.712820 0.509411
vt 0.706769 0.531994
vt 0.898532 0.303069
vt 0.893655 0.948143
vt 0.900612 0.952159
vt 0.872299 0.951002
vt 0.295246 0.923772
vt 0.325162 0.753308
vt 0.335065 0.748041
vt 0.636792 0.871130
vt 0.048783 0.053095
vt 0.887328 0.346024
vt 0.309079 0.756043
vt 0.708556 0.720375
vt 0.697557 0.725482
vt 0.701712 0.720325
vt 0.009581 0.111992
vt 0.015105 0.121560
vt 0.009064 0.126679
vt 0.176614 0.852907
vt 0.163841 0.852907
vt 0.192170 0.838758
vt 0.092125 0.201484
vt 0.085640 0.209213
vt 0.085580 0.189575
vt 0.809593 0.106647
vt 0.802301 0.112074
vt 0.285298 0.047943
vt 0.635480 0.356268
vt 0.608273 0.154789
vt 0.683252 0.157735
vt 0.680676 0.163341
vt 0.205738 0.122812
vt 0.193103 0.122286
vt 0.189794 0.114096
vt 0.360174 0.012339
vt 0.631480 0.139133
vt 0.739674 0.765161
vt 0.146346 0.246530
vt 0.612629 0.669937
vt 0.935032 0.888170
vt 0.929719 0.898596
vt 0.923478 0.867265
vt 0.997891 0.798210
vt 0.995563 0.799057
vt 0.995979 0.790066
vt 0.826028 0.345588
vt 0.829422 0.306790
vt 0.830568 0.353330
vt 0.416756 0.400554
vt 0.984146 0.760433
vt 0.993768 0.766721
vt 0.987157 0.784884
vt 0.184472 0.220556
vt 0.200172 0.188653
vt 0.361119 0.643052
vt 0.262884 0.050674
vt 0.730776 0.709673
vt 0.742858 0.712645
vt 0.732254 0.716355
vt 0.948816 0.669728
vt 0.369554 0.404700
vt 0.824463 0.374941
vt 0.412687 0.416174
vt 0.626149 0.786005
vt 0.439986 0.938407
vt 0.413015 0.931180
vt 0.443984 0.931440
vt 0.594647 0.375029
vt 0.613360 0.382740
vt 0.984077 0.774120
vt 0.460329 0.724269
vt 0.466206 0.734716
vt 0.418562 0.499983
vt 0.987284 0.106273
vt 0.669210 0.978174
vt 0.219182 0.825525
vt 0.522836 0.674627
vt 0.405727 0.372550
vt 0.173843 0.832391
vt 0.193176 0.832496
vt 0.635838 0.946488
vt 0.629928 0.936252
vt 0.658592 0.936190
vt 0.597153 0.976693
vt 0.367334 0.081418
vt 0.358530 0.076737
vt 0.397253 0.072580
vt 0.613236 0.665387
vt 0.798824 0.993647
vt 0.691235 0.345113
vt 0.686484 0.364608
vt 0.718275 0.736757
vt 0.411070 0.063463
vt 0.090805 0.958712
vt 0.106423 0.946608
vt 0.101928 0.957739
vt 0.415392 0.159670
vt 0.377197 0.187273
vt 0.377482 0.181580
vt 0.900940 0.042472
vt 0.416486 0.179271
vt 0.448981 0.178516
vt 0.415878 0.199054
vt 0.236295 0.944472
vt 0.256096 0.942739
vt 0.265719 0.943927
vt 0.128042 0.965884
vt 0.139573 0.424747
vt 0.136277 0.416052
vt 0.212789 0.530130
vt 0.410763 0.132890
vt 0.921197 0.288659
vt 0.921346 0.297178
vt 0.908371 0.289540
vt 0.448756 0.720396
vt 0.209504 0.830738
vt 0.949013 0.306813
vt 0.952127 0.312924
vt 0.943685 0.313376
vt 0.039549 0.494898
vt 0.032394 0.472877
vt 0.039610 0.473132
vt 0.418283 0.506282
vt 0.037248 0.417785
vt 0.032365 0.399559
vt 0.038632 0.394904
vt 0.402328 0.421524
vt 0.925309 0.884212
vt 0.148445 0.961595
vt 0.523924 0.709856
vt 0.317449 0.759862
vt 0.677736 0.142834
vt 0.020361 0.975057
vt 0.038551 0.975057
vt 0.027800 0.979122
vt 0.691164 0.164194
vt 0.213893 0.835161
vt 0.227834 0.852911
vt 0.214877 0.847124
vt 0.215789 0.228789
vt 0.781766 0.188326
vt 0.356093 0.987738
vt 0.359416 0.981983
vt 0.359050 0.992841
vt 0.033254 0.067750
vt 0.027481 0.065058
vt 0.038602 0.059479
vt 0.843310 0.430656
vt 0.114590 0.990890
vt 0.097898 0.990890
vt 0.103184 0.987458
vt 0.146985 0.956264
vt 0.211594 0.853057
vt 0.035907 0.050041
vt 0.616530 0.634290
vt 0.829246 0.549812
vt 0.401432 0.033976
vt 0.419780 0.033936
vt 0.966365 0.116001
vt 0.390205 0.185610
vt 0.383886 0.096545
vt 0.367131 0.091863
vt 0.380025 0.885837
vt 0.383678 0.896137
vt 0.373947 0.896137
vt 0.482580 0.974292
vt 0.493208 0.970424
vt 0.504328 0.974692
vt 0.713482 0.726093
vt 0.518537 0.196600
vt 0.365413 0.007988
vt 0.888836 0.417709
vt 0.890852 0.388743
vt 0.893190 0.407930
vt 0.632899 0.826041
vt 0.676852 0.331639
vt 0.973994 0.977482
vt 0.988282 0.982683
vt 0.969422 0.982739
vt 0.891294 0.254629
vt 0.899289 0.263098
vt 0.890742 0.281428
vt 0.062159 0.244963
vt 0.050396 0.191614
vt 0.071022 0.246477
vt 0.663598 0.295604
vt 0.654150 0.296492
vt 0.655784 0.287540
vt 0.436871 0.191169
vt 0.128192 0.237227
vt 0.045147 0.484645
vt 0.993524 0.551122
vt 0.986930 0.548767
vt 0.989819 0.532385
vt 0.491386 0.001522
vt 0.491386 0.009052
vt 0.486962 0.005786
vt 0.756368 0.720272
vt 0.754805 0.711487
vt 0.841697 0.223217
vt 0.654288 0.102178
vt 0.899793 0.132753
vt 0.409262 0.196590
vt 0.310721 0.763568
vt 0.655368 0.131765
vt 0.296011 0.780824
vt 0.283820 0.783838
vt 0.277997 0.779608
vt 0.027359 0.047053
vt 0.893427 0.572060
vt 0.889002 0.573314
vt 0.799440 0.128807
vt 0.653812 0.107913
vt 0.768340 0.950330
vt 0.761217 0.713694
vt 0.416720 0.144227
vt 0.398908 0.139869
vt 0.992044 0.436554
vt 0.992044 0.429005
vt 0.996878 0.433931
vt 0.191406 0.254874
vt 0.881430 0.181486
vt 0.879084 0.208308
vt 0.864793 0.177771
vt 0.419223 0.044703
vt 0.807207 0.126381
vt 0.404103 0.520672
vt 0.396954 0.510267
vt 0.317584 0.907184
vt 0.299125 0.905569
vt 0.332798 0.905002
vt 0.440957 0.728320
vt 0.909754 0.415444
vt 0.903353 0.424449
vt 0.686483 0.287671
vt 0.117086 0.964212
vt 0.886761 0.563841
vt 0.895363 0.533843
vt 0.909311 0.536018
vt 0.337405 0.757565
vt 0.122482 0.970988
vt 0.952755 0.581163
vt 0.955101 0.574717
vt 0.954122 0.603530
vt 0.533891 0.034900
vt 0.554264 0.045689
vt 0.626335 0.517255
vt 0.436368 0.029515
vt 0.425967 0.033718
vt 0.427332 0.026752
vt 0.834630 0.833934
vt 0.685959 0.333008
vt 0.404269 0.113797
vt 0.427565 0.375368
vt 0.840334 0.437300
vt 0.834974 0.444956
vt 0.829857 0.434628
vt 0.996941 0.143880
vt 0.992485 0.145328
vt 0.994219 0.137150
vt 0.787618 0.372662
vt 0.783688 0.339602
vt 0.788645 0.360921
vt 0.787953 0.651897
vt 0.781893 0.639072
vt 0.793293 0.640446
vt 0.065242 0.974007
vt 0.063931 0.980172
vt 0.047045 0.980067
vt 0.707114 0.613158
vt 0.711746 0.629135
vt 0.710196 0.646852
vt 0.076285 0.275024
vt 0.692627 0.321142
vt 0.898828 0.572650
vt 0.628701 0.122928
vt 0.615302 0.135600
vt 0.610502 0.297629
vt 0.094346 0.051047
vt 0.074126 0.062119
vt 0.082424 0.052300
vt 0.398230 0.492035
vt 0.682135 0.132244
vt 0.691828 0.134198
vt 0.348840 0.101287
vt 0.325630 0.112659
vt 0.310399 0.108578
vt 0.876786 0.731655
vt 0.881009 0.707710
vt 0.880510 0.735929
vt 0.583271 0.374462
vt 0.585077 0.364446
vt 0.140296 0.924604
vt 0.140828 0.930686
vt 0.124343 0.925888
vt 0.260526 0.953310
vt 0.278824 0.947242
vt 0.274857 0.960613
vt 0.404912 0.411994
vt 0.127408 0.398612
vt 0.149815 0.403971
vt 0.166985 0.415713
vt 0.846618 0.417049
vt 0.207066 0.933997
vt 0.186977 0.930455
vt 0.210463 0.929548
vt 0.060368 0.197339
vt 0.073673 0.232390
vt 0.630985 0.448191
vt 0.642121 0.443697
vt 0.830018 0.371742
vt 0.798503 0.113343
vt 0.838388 0.396434
vt 0.895214 0.956640
vt 0.873277 0.959684
vt 0.890718 0.952868
vt 0.052518 0.053983
vt 0.642760 0.120295
vt 0.638374 0.319772
vt 0.031989 0.279910
vt 0.019402 0.290472
vt 0.019371 0.273476
vt 0.124387 0.934913
vt 0.727001 0.734740
vt 0.739145 0.751115
vt 0.710087 0.246422
vt 0.150732 0.833792
vt 0.102388 0.073756
vt 0.125761 0.051430
vt 0.113491 0.072589
vt 0.430752 0.035833
vt 0.201873 0.274481
vt 0.160125 0.109850
vt 0.783120 0.658584
vt 0.217557 0.009108
vt 0.207300 0.016429
vt 0.206555 0.011048
vt 0.285450 0.113535
vt 0.274524 0.103774
vt 0.300990 0.108301
vt 0.832828 0.991482
vt 0.833607 0.997832
vt 0.830542 0.998951
vt 0.842157 0.563846
vt 0.849171 0.975841
vt 0.862310 0.985387
vt 0.852344 0.984493
vt 0.443536 0.195260
vt 0.123364 0.868830
vt 0.164148 0.868830
vt 0.157703 0.871855
vt 0.149642 0.258105
vt 0.504292 0.978913
vt 0.503806 0.985869
vt 0.491680 0.988862
vt 0.691619 0.322245
vt 0.279396 0.774470
vt 0.770192 0.533582
vt 0.756320 0.532368
vt 0.769856 0.522353
vt 0.483794 0.634655
vt 0.634251 0.340274
vt 0.254243 0.853350
vt 0.665391 0.501398
vt 0.661902 0.473391
vt 0.671481 0.482656
vt 0.287309 0.952244
vt 0.816049 0.878856
vt 0.781286 0.881026
vt 0.787622 0.871239
vt 0.246692 0.853159
vt 0.367113 0.627777
vt 0.580017 0.701373
vt 0.567811 0.738546
vt 0.562601 0.731537
vt 0.710673 0.568946
vt 0.711626 0.590453
vt 0.707891 0.607030
vt 0.265370 0.265340
vt 0.031292 0.286996
vt 0.117151 0.945657
vt 0.843898 0.551269
vt 0.421504 0.202570
vt 0.977382 0.472196
vt 0.977382 0.453441
vt 0.980139 0.473599
vt 0.535944 0.733406
vt 0.552915 0.730738
vt 0.424323 0.062014
vt 0.025867 0.947491
vt 0.025867 0.927635
vt 0.037074 0.940413
vt 0.355446 0.890189
vt 0.398520 0.146504
vt 0.382330 0.135547
vt 0.706047 0.843360
vt 0.671305 0.851249
vt 0.694001 0.834283
vt 0.866869 0.218503
vt 0.392711 0.369907
vt 0.825757 0.744197
vt 0.842181 0.732696
vt 0.827267 0.749680
vt 0.395797 0.205506
vt 0.959727 0.836477
vt 0.962730 0.847682
vt 0.959977 0.864430
vt 0.655456 0.903621
vt 0.984059 0.248264
vt 0.987743 0.258384
vt 0.985213 0.273388
vt 0.708856 0.829013
vt 0.868633 0.952702
vt 0.786324 0.419585
vt 0.782851 0.404642
vt 0.568841 0.417353
vt 0.361148 0.002264
vt 0.783224 0.149129
vt 0.096695 0.086064
vt 0.903145 0.925573
vt 0.914337 0.926552
vt 0.882239 0.927397
vt 0.702152 0.616260
vt 0.762052 0.520004
vt 0.799346 0.735037
vt 0.411063 0.031232
vt 0.173249 0.967817
vt 0.193820 0.967817
vt 0.179931 0.975788
vt 0.725029 0.672745
vt 0.726020 0.748202
vt 0.716098 0.697280
vt 0.890492 0.809657
vt 0.883324 0.810471
vt 0.883487 0.801127
vt 0.716266 0.494221
vt 0.734882 0.985522
vt 0.730050 0.990888
vt 0.726087 0.977849
vt 0.875350 0.716668
vt 0.922942 0.331779
vt 0.921182 0.301131
vt 0.932038 0.306789
vt 0.389279 0.421747
vt 0.530101 0.032397
vt 0.542691 0.030180
vt 0.538800 0.034088
vt 0.780899 0.712299
vt 0.060324 0.015551
vt 0.042176 0.020414
vt 0.039374 0.014329
vt 0.962434 0.841480
vt 0.963118 0.816290
vt 0.971604 0.836186
vt 0.759532 0.488034
vt 0.981329 0.447347
vt 0.729202 0.723259
vt 0.219930 0.016108
vt 0.655895 0.869793
vt 0.984114 0.245443
vt 0.991879 0.237678
vt 0.992221 0.262826
vt 0.737156 0.990933
vt 0.036015 0.393934
vt 0.023401 0.397552
vt 0.025867 0.380739
vt 0.566366 0.747848
vt 0.161009 0.873434
vt 0.119958 0.873434
vt 0.142499 0.871782
vt 0.544933 0.338780
vt 0.419899 0.816181
vt 0.403840 0.814776
vt 0.419649 0.808350
vt 0.435320 0.729140
vt 0.743110 0.291003
vt 0.715577 0.286121
vt 0.917150 0.605535
vt 0.923896 0.598789
vt 0.917335 0.631322
vt 0.181366 0.806333
vt 0.226992 0.806333
vt 0.198362 0.814010
vt 0.010958 0.326026
vt 0.010958 0.341144
vt 0.007673 0.334827
vt 0.230847 0.014529
vt 0.222761 0.018408
vt 0.222607 0.014817
vt 0.777103 0.872253
vt 0.638374 0.115553
vt 0.796005 0.656396
vt 0.534679 0.742660
vt 0.312198 0.114221
vt 0.976412 0.172202
vt 0.967296 0.159655
vt 0.986652 0.169861
vt 0.346937 0.887329
vt 0.172865 0.932314
vt 0.204275 0.937219
vt 0.184578 0.938541
vt 0.088760 0.072068
vt 0.239628 0.013329
vt 0.234688 0.020611
vt 0.304708 0.009743
vt 0.309012 0.022987
vt 0.302771 0.020552
vt 0.795917 0.378046
vt 0.781626 0.399572
vt 0.993936 0.530134
vt 0.988211 0.526421
vt 0.916939 0.603203
vt 0.916939 0.570513
vt 0.925458 0.595479
vt 0.345374 0.074896
vt 0.174135 0.409319
vt 0.380690 0.113330
vt 0.420240 0.208742
vt 0.795864 0.363009
vt 0.779721 0.419645
vt 0.767986 0.463443
vt 0.772146 0.411974
vt 0.707749 0.476395
vt 0.925247 0.629277
vt 0.613493 0.331012
vt 0.232325 0.555174
vt 0.627561 0.113466
vt 0.341319 0.749016
vt 0.400799 0.827182
vt 0.413730 0.205988
vt 0.174892 0.042401
vt 0.171615 0.040509
vt 0.178004 0.036222
vt 0.120083 0.043784
vt 0.154794 0.035773
vt 0.830119 0.365023
vt 0.327387 0.757662
vt 0.993839 0.765253
vt 0.988034 0.749304
vt 0.993747 0.740790
vt 0.769079 0.488217
vt 0.836354 0.948174
vt 0.808157 0.952077
vt 0.817599 0.948174
vt 0.031585 0.466669
vt 0.020278 0.466669
vt 0.023226 0.449745
vt 0.929625 0.291883
vt 0.071117 0.091067
vt 0.931953 0.706649
vt 0.924543 0.719483
vt 0.925580 0.687868
vt 0.858742 0.388361
vt 0.865327 0.427770
vt 0.858742 0.412803
vt 0.775088 0.463280
vt 0.028264 0.980727
vt 0.037277 0.977406
vt 0.042127 0.980802
vt 0.424417 0.910379
vt 0.434386 0.922259
vt 0.399955 0.922451
vt 0.377616 0.032696
vt 0.353502 0.033097
vt 0.365020 0.026822
vt 0.906552 0.928517
vt 0.935341 0.930171
vt 0.910571 0.939559
vt 0.710286 0.454410
vt 0.705185 0.455016
vt 0.458993 0.965383
vt 0.458993 0.977718
vt 0.439295 0.976068
vt 0.907210 0.787782
vt 0.902087 0.779660
vt 0.807285 0.136949
vt 0.626568 0.540838
vt 0.615965 0.538330
vt 0.109595 0.931809
vt 0.427866 0.214952
vt 0.067263 0.061394
vt 0.590852 0.346936
vt 0.712550 0.712637
vt 0.995823 0.064658
vt 0.995823 0.073811
vt 0.986050 0.070389
vt 0.946815 0.331964
vt 0.937098 0.333671
vt 0.930268 0.625361
vt 0.925220 0.598274
vt 0.930268 0.603276
vt 0.402073 0.422972
vt 0.275801 0.246100
vt 0.392262 0.365541
vt 0.109423 0.924952
vt 0.965971 0.842823
vt 0.210430 0.008747
vt 0.353755 0.030014
vt 0.780856 0.477250
vt 0.349992 0.195070
vt 0.348602 0.190366
vt 0.500533 0.729523
vt 0.166641 0.424240
vt 0.714884 0.480770
vt 0.443982 0.056400
vt 0.001142 0.448463
vt 0.006411 0.443194
vt 0.006167 0.455597
vt 0.457702 0.978616
vt 0.455399 0.985702
vt 0.441090 0.977541
vt 0.829498 0.353571
vt 0.044191 0.196624
vt 0.043826 0.242266
vt 0.427595 0.068654
vt 0.863962 0.383911
vt 0.047265 0.978091
vt 0.926300 0.630326
vt 0.994218 0.484445
vt 0.998414 0.490220
vt 0.993026 0.493400
vt 0.992819 0.825175
vt 0.985851 0.833655
vt 0.985529 0.827129
vt 0.328661 0.994376
vt 0.317865 0.990869
vt 0.323822 0.977426
vt 0.004086 0.996188
vt 0.010013 0.996188
vt 0.004557 0.999784
vt 0.835747 0.952128
vt 0.795784 0.741470
vt 0.762096 0.483565
vt 0.134028 0.288338
vt 0.073606 0.403059
vt 0.107737 0.404017
vt 0.109511 0.410637
vt 0.131329 0.409893
vt 0.392827 0.209953
vt 0.707590 0.567146
vt 0.390613 0.807611
vt 0.382269 0.800609
vt 0.395150 0.796619
vt 0.025940 0.019384
vt 0.025940 0.037011
vt 0.023406 0.029124
vt 0.381315 0.804108
vt 0.761325 0.474252
vt 0.002570 0.556349
vt 0.004983 0.547347
vt 0.004906 0.559904
vt 0.995437 0.013132
vt 0.997976 0.020948
vt 0.994471 0.022115
vt 0.353347 0.947734
vt 0.353347 0.969688
vt 0.349070 0.959783
vt 0.070039 0.096506
vt 0.052743 0.065325
vt 0.968161 0.271745
vt 0.950268 0.271745
vt 0.965258 0.244367
vt 0.576628 0.492340
vt 0.567046 0.473108
vt 0.157799 0.991613
vt 0.167478 0.991613
vt 0.161004 0.998317
vt 0.195492 0.167428
vt 0.384996 0.806429
vt 0.193313 0.813129
vt 0.186868 0.816371
vt 0.165283 0.806306
vt 0.128569 0.403938
vt 0.585263 0.492616
vt 0.237955 0.233796
vt 0.000070 0.963579
vt 0.006476 0.961247
vt 0.005682 0.972791
vt 0.498685 0.735520
vt 0.770367 0.467425
vt 0.333864 0.055519
vt 0.780220 0.415229
vt 0.356671 0.999459
vt 0.356671 0.991477
vt 0.359845 0.996482
vt 0.331786 0.762745
vt 0.420930 0.040720
vt 0.402263 0.851267
vt 0.395987 0.838856
vt 0.666384 0.999252
vt 0.664683 0.994018
vt 0.674189 0.993195
vt 0.162244 0.104135
vt 0.993757 0.582276
vt 0.997952 0.588049
vt 0.992985 0.588923
vt 0.755059 0.750872
vt 0.380677 0.361827
vt 0.026249 0.403752
vt 0.756864 0.765727
vt 0.434897 0.034603
vt 0.447819 0.069873
vt 0.466676 0.597780
vt 0.387745 0.209697
vt 0.002744 0.721114
vt 0.005736 0.719019
vt 0.005816 0.728482
vt 0.619118 0.644819
vt 0.030169 0.022287
vt 0.026730 0.035121
vt 0.027219 0.015735
vt 0.038318 0.828215
vt 0.042682 0.821984
vt 0.044763 0.830764
vt 0.380864 0.147437
vt 0.610262 0.276238
vt 0.997460 0.162722
vt 0.994820 0.164640
vt 0.991966 0.156609
vt 0.939649 0.303593
vt 0.114889 0.733296
vt 0.253400 0.544506
vt 0.891810 0.810480
vt 0.897032 0.806251
vt 0.898157 0.815075
vt 0.906799 0.800240
vt 0.893931 0.243245
vt 0.533315 0.202441
vt 0.000526 0.969412
vt 0.975033 0.560696
vt 0.981897 0.550893
vt 0.982167 0.577002
vt 0.892337 0.296217
vt 0.898635 0.319720
vt 0.890388 0.334196
vt 0.272227 0.896145
vt 0.249317 0.902284
vt 0.236836 0.894292
vt 0.328095 0.969819
vt 0.328095 0.987381
vt 0.325480 0.978462
vt 0.004520 0.169243
vt 0.004520 0.181210
vt 0.000012 0.177006
vt 0.460602 0.033349
vt 0.371796 0.138863
vt 0.466811 0.750029
vt 0.477864 0.724520
vt 0.477037 0.732703
vt 0.026050 0.045195
vt 0.022289 0.049677
vt 0.023022 0.031894
vt 0.935970 0.332303
vt 0.465869 0.939798
vt 0.473931 0.701129
vt 0.232704 0.035009
vt 0.392255 0.001189
vt 0.394052 0.005045
vt 0.391950 0.007874
vt 0.760724 0.753036
vt 0.602838 0.656876
vt 0.764559 0.703777
vt 0.771248 0.693992
vt 0.004429 0.715627
vt 0.452380 0.067637
vt 0.160663 0.254934
vt 0.107279 0.899127
vt 0.135923 0.878316
vt 0.130213 0.893767
vt 0.224309 0.013516
vt 0.224309 0.005114
vt 0.236920 0.012887
vt 0.042185 0.001729
vt 0.042235 0.006328
vt 0.034804 0.006328
vt 0.037703 0.002201
vt 0.177948 0.436339
vt 0.514090 0.886942
vt 0.507931 0.893102
vt 0.476846 0.886858
vt 0.617651 0.254342
vt 0.903604 0.130805
vt 0.902412 0.117171
vt 0.909303 0.130856
vt 0.184430 0.401644
vt 0.137644 0.379827
vt 0.211349 0.396027
vt 0.521857 0.032252
vt 0.342524 0.133164
vt 0.325389 0.958681
vt 0.307498 0.959012
vt 0.304214 0.949987
vt 0.120789 0.292382
vt 0.991501 0.834242
vt 0.994649 0.832424
vt 0.995911 0.834153
vt 0.155662 0.817058
vt 0.398336 0.444924
vt 0.001746 0.411189
vt 0.005549 0.399485
vt 0.005807 0.410345
vt 0.906033 0.002257
vt 0.916726 0.002257
vt 0.909406 0.003282
vt 0.362335 0.626424
vt 0.789724 0.833555
vt 0.790084 0.867855
vt 0.781705 0.861521
vt 0.359242 0.112468
vt 0.423018 0.710180
vt 0.043937 0.843172
vt 0.823251 0.858606
vt 0.071194 0.066804
vt 0.814392 0.434715
vt 0.809875 0.448619
vt 0.816137 0.403868
vt 0.797433 0.435348
vt 0.174927 0.215385
vt 0.292676 0.774586
vt 0.180582 0.929535
vt 0.023555 0.517687
vt 0.022266 0.522500
vt 0.023335 0.503179
vt 0.281190 0.248703
vt 0.265948 0.260729
vt 0.547865 0.763878
vt 0.566314 0.766606
vt 0.570558 0.782446
vt 0.942363 0.311488
vt 0.987979 0.088894
vt 0.987979 0.072234
vt 0.992887 0.075922
vt 0.933031 0.936789
vt 0.603696 0.765477
vt 0.631965 0.561613
vt 0.632030 0.584390
vt 0.781481 0.685317
vt 0.891297 0.784513
vt 0.260531 0.906940
vt 0.295360 0.906940
vt 0.278482 0.910784
vt 0.077910 0.083143
vt 0.914518 0.129064
vt 0.178995 0.518428
vt 0.609251 0.264887
vt 0.158599 0.658960
vt 0.170912 0.266672
vt 0.931754 0.270929
vt 0.940068 0.291988
vt 0.218360 0.931775
vt 0.534885 0.013747
vt 0.559490 0.042774
vt 0.038863 0.838206
vt 0.777441 0.692574
vt 0.074786 0.080339
vt 0.966069 0.545582
vt 0.959003 0.539654
vt 0.967450 0.543948
vt 0.809710 0.407881
vt 0.073418 0.088429
vt 0.459829 0.987311
vt 0.459829 0.971948
vt 0.464630 0.988274
vt 0.019600 0.753561
vt 0.018668 0.742908
vt 0.019327 0.735865
vt 0.420730 0.836018
vt 0.614188 0.238342
vt 0.796149 0.450613
vt 0.570362 0.047862
vt 0.991563 0.815190
vt 0.725499 0.306378
vt 0.416271 0.797536
vt 0.434395 0.807252
vt 0.422606 0.807599
vt 0.927023 0.253415
vt 0.944578 0.271642
vt 0.937897 0.282335
vt 0.759536 0.016200
vt 0.758379 0.023719
vt 0.750644 0.023043
vt 0.785422 0.408147
vt 0.076725 0.975115
vt 0.078875 0.970049
vt 0.084851 0.976228
vt 0.148077 0.808963
vt 0.464643 0.974857
vt 0.956459 0.579162
vt 0.967609 0.604121
vt 0.955362 0.594844
vt 0.993227 0.739430
vt 0.986536 0.746122
vt 0.987000 0.731571
vt 0.485463 0.114576
vt 0.485791 0.103703
vt 0.517457 0.100932
vt 0.966705 0.524930
vt 0.967082 0.532064
vt 0.342452 0.766178
vt 0.350729 0.766030
vt 0.983313 0.330929
vt 0.982129 0.353540
vt 0.974895 0.339347
vt 0.624987 0.635050
vt 0.915438 0.120313
vt 0.635424 0.455087
vt 0.874782 0.695660
vt 0.012860 0.576647
vt 0.007784 0.585439
vt 0.007989 0.570150
vt 0.984040 0.385850
vt 0.989699 0.389692
vt 0.984089 0.401723
vt 0.156844 0.653655
vt 0.170964 0.964386
vt 0.170764 0.980226
vt 0.166074 0.973983
vt 0.000124 0.853321
vt 0.000124 0.842633
vt 0.004392 0.854434
vt 0.274612 0.896744
vt 0.286534 0.886740
vt 0.310987 0.895154
vt 0.134141 0.100753
vt 0.766880 0.866257
vt 0.740946 0.931631
vt 0.760717 0.936929
vt 0.730220 0.937453
vt 0.662386 0.449085
vt 0.197255 0.410254
vt 0.277902 0.263461
vt 0.548577 0.779848
vt 0.155407 0.397658
vt 0.588543 0.512036
vt 0.893414 0.008752
vt 0.893721 0.001569
vt 0.895181 0.004963
vt 0.174838 0.258348
vt 0.785957 0.396353
vt 0.641875 0.617784
vt 0.990784 0.410726
vt 0.776544 0.833358
vt 0.777712 0.842873
vt 0.735379 0.825808
vt 0.761451 0.021940
vt 0.760008 0.013756
vt 0.762147 0.010789
vt 0.820520 0.848457
vt 0.812243 0.836186
vt 0.837238 0.852932
vt 0.552665 0.028960
vt 0.785708 0.686686
vt 0.624943 0.278433
vt 0.089942 0.957810
vt 0.002216 0.582445
vt 0.005196 0.574260
vt 0.005337 0.586868
vt 0.359059 0.749683
vt 0.347717 0.758640
vt 0.913535 0.797818
vt 0.190806 0.279390
vt 0.427701 0.866826
vt 0.439813 0.829549
vt 0.451957 0.859931
vt 0.176094 0.979285
vt 0.881316 0.695611
vt 0.896630 0.695611
vt 0.882791 0.731881
vt 0.709746 0.293039
vt 0.004602 0.843419
vt 0.612513 0.633715
vt 0.185720 0.433682
vt 0.007121 0.873461
vt 0.013328 0.869115
vt 0.013523 0.884158
vt 0.152516 0.667786
vt 0.695883 0.250650
vt 0.750248 0.994742
vt 0.738339 0.986090
vt 0.751087 0.981089
vt 0.790578 0.012821
vt 0.782018 0.011869
vt 0.785823 0.005278
vt 0.763212 0.259762
vt 0.771207 0.263662
vt 0.762044 0.265106
vt 0.983368 0.834538
vt 0.983368 0.846150
vt 0.979041 0.833373
vt 0.013814 0.186143
vt 0.013814 0.170352
vt 0.014887 0.181813
vt 0.369244 0.602767
vt 0.498077 0.002026
vt 0.507461 0.002026
vt 0.499696 0.010059
vt 0.712786 0.314963
vt 0.010954 0.841438
vt 0.187803 0.425853
vt 0.753500 0.026648
vt 0.759615 0.033648
vt 0.935615 0.971317
vt 0.956631 0.971317
vt 0.937651 0.975309
vt 0.681877 0.019638
vt 0.699334 0.013284
vt 0.703320 0.020452
vt 0.736584 0.031724
vt 0.735853 0.028805
vt 0.331234 0.949253
vt 0.144219 0.649758
vt 0.780531 0.697283
vt 0.333682 0.012075
vt 0.329963 0.006557
vt 0.333652 0.003462
vt 0.504494 0.593608
vt 0.790998 0.007376
vt 0.316568 0.946829
vt 0.913810 0.784163
vt 0.896112 0.009005
vt 0.985625 0.726286
vt 0.538790 0.228403
vt 0.534510 0.213672
vt 0.133076 0.659125
vt 0.527056 0.647423
vt 0.162019 0.248456
vt 0.363390 0.604581
vt 0.958951 0.521957
vt 0.317196 0.991474
vt 0.302644 0.994929
vt 0.311047 0.989237
vt 0.176829 0.523410
vt 0.032319 0.693152
vt 0.032319 0.670896
vt 0.033643 0.677705
vt 0.583257 0.522151
vt 0.645375 0.935540
vt 0.638927 0.931026
vt 0.661122 0.933531
vt 0.122160 0.052247
vt 0.192493 0.159780
vt 0.256496 0.981530
vt 0.265234 0.993556
vt 0.248361 0.993798
vt 0.102843 0.725791
vt 0.771157 0.267808
vt 0.879134 0.694081
vt 0.253698 0.550545
vt 0.000729 0.626594
vt 0.003280 0.631432
vt 0.001047 0.637568
vt 0.547235 0.226953
vt 0.967729 0.204034
vt 0.975774 0.204596
vt 0.964180 0.214381
vt 0.303260 0.980902
vt 0.209535 0.472195
vt 0.205024 0.455263
vt 0.154722 0.976403
vt 0.970619 0.597791
vt 0.980817 0.208996
vt 0.919140 0.106259
vt 0.942267 0.255313
vt 0.987387 0.144011
vt 0.070229 0.990858
vt 0.079483 0.987490
vt 0.086871 0.990722
vt 0.975433 0.357389
vt 0.630418 0.935529
vt 0.212839 0.396156
vt 0.224442 0.388077
vt 0.218154 0.407139
vt 0.234597 0.385811
vt 0.622846 0.261019
vt 0.044871 0.323177
vt 0.045820 0.300742
vt 0.067738 0.304606
vt 0.817940 0.852852
vt 0.615344 0.048820
vt 0.630446 0.036939
vt 0.645766 0.036939
vt 0.797203 0.835890
vt 0.915843 0.824095
vt 0.980781 0.909526
vt 0.975064 0.914322
vt 0.974909 0.888799
vt 0.647844 0.042717
vt 0.670658 0.051177
vt 0.656299 0.049869
vt 0.181890 0.164647
vt 0.012885 0.625230
vt 0.008263 0.619723
vt 0.012873 0.609916
vt 0.657429 0.460381
vt 0.574142 0.504047
vt 0.742155 0.928934
vt 0.719821 0.928652
vt 0.726516 0.924743
vt 0.970052 0.533582
vt 0.620983 0.244481
vt 0.129278 0.939791
vt 0.119175 0.945406
vt 0.110644 0.941428
vt 0.330311 0.002024
vt 0.199828 0.048078
vt 0.187822 0.050195
vt 0.142569 0.047993
vt 0.882055 0.031635
vt 0.871389 0.035517
vt 0.879260 0.018199
vt 0.994622 0.705746
vt 0.994622 0.702109
vt 0.997322 0.704066
vt 0.710513 0.924540
vt 0.985745 0.809345
vt 0.859438 0.903700
vt 0.829888 0.884409
vt 0.846460 0.880287
vt 0.968574 0.223005
vt 0.137204 0.661476
vt 0.132560 0.666111
vt 0.976368 0.855779
vt 0.296854 0.522339
vt 0.197476 0.906207
vt 0.189074 0.910495
vt 0.183916 0.904348
vt 0.836877 0.880567
vt 0.202232 0.469717
vt 0.006379 0.323951
vt 0.006379 0.336170
vt 0.004195 0.325556
vt 0.362290 0.753054
vt 0.167410 0.204035
vt 0.167240 0.188881
vt 0.800921 0.542810
vt 0.789627 0.566687
vt 0.792277 0.553874
vt 0.630383 0.616092
vt 0.901989 0.097241
vt 0.779332 0.005713
vt 0.778992 0.012849
vt 0.787793 0.811125
vt 0.787793 0.821761
vt 0.781259 0.810976
vt 0.045497 0.136796
vt 0.044405 0.127906
vt 0.072412 0.137452
vt 0.291978 0.241590
vt 0.766315 0.274498
vt 0.759424 0.272490
vt 0.101123 0.729651
vt 0.003299 0.639267
vt 0.992738 0.721653
vt 0.630483 0.963269
vt 0.630327 0.958810
vt 0.646426 0.974465
vt 0.775254 0.256525
vt 0.779320 0.256783
vt 0.954228 0.201970
vt 0.866246 0.491933
vt 0.873751 0.481215
vt 0.866451 0.503338
vt 0.055929 0.585738
vt 0.063270 0.569996
vt 0.063910 0.625875
vt 0.744732 0.996323
vt 0.739186 0.995607
vt 0.737912 0.987564
vt 0.623967 0.977746
vt 0.679865 0.470842
vt 0.683783 0.478605
vt 0.679800 0.489547
vt 0.775233 0.280272
vt 0.753032 0.295331
vt 0.524065 0.620158
vt 0.968161 0.518869
vt 0.514407 0.337041
vt 0.505730 0.357389
vt 0.475653 0.387040
vt 0.746479 0.993846
vt 0.628054 0.614535
vt 0.833047 0.292911
vt 0.836593 0.252384
vt 0.839662 0.300487
vt 0.863313 0.037189
vt 0.857622 0.018265
vt 0.002358 0.305328
vt 0.004300 0.316340
vt 0.001743 0.317532
vt 0.372907 0.578354
vt 0.989275 0.004424
vt 0.981017 0.004424
vt 0.983878 0.002625
vt 0.650327 0.439725
vt 0.636665 0.475630
vt 0.623081 0.490086
vt 0.430929 0.317763
vt 0.469942 0.332484
vt 0.398425 0.308699
vt 0.690851 0.515396
vt 0.691801 0.470100
vt 0.597201 0.807213
vt 0.594070 0.809915
vt 0.590673 0.807536
vt 0.884362 0.500173
vt 0.909686 0.712240
vt 0.882358 0.735996
vt 0.903825 0.706099
vt 0.975846 0.830022
vt 0.909439 0.717818
vt 0.969450 0.522008
vt 0.735282 0.302891
vt 0.471437 0.409119
vt 0.077723 0.731762
vt 0.134086 0.495550
vt 0.995458 0.865489
vt 0.991170 0.859586
vt 0.997249 0.861902
vt 0.198877 0.923446
vt 0.164164 0.907035
vt 0.867194 0.994925
vt 0.867194 0.980905
vt 0.870470 0.994198
vt 0.468941 0.317631
vt 0.050129 0.167334
vt 0.045366 0.194346
vt 0.045038 0.139491
vt 0.367323 0.552539
vt 0.301521 0.995255
vt 0.298177 0.999858
vt 0.298493 0.995107
vt 0.818405 0.750707
vt 0.811111 0.788233
vt 0.802864 0.747311
vt 0.680964 0.459569
vt 0.789690 0.770164
vt 0.499991 0.310934
vt 0.099322 0.941093
vt 0.621540 0.994135
vt 0.630725 0.994087
vt 0.623478 0.996903
vt 0.499887 0.583709
vt 0.598687 0.822193
vt 0.601903 0.814712
vt 0.637424 0.809763
vt 0.308106 0.734792
vt 0.523673 0.301367
vt 0.168116 0.173300
vt 0.173186 0.167411
vt 0.520194 0.598401
vt 0.627818 0.998864
vt 0.920770 0.102048
vt 0.687834 0.440857
vt 0.383356 0.052099
vt 0.358944 0.075387
vt 0.339465 0.052173
vt 0.100557 0.396780
vt 0.078587 0.399157
vt 0.077171 0.391388
vt 0.520434 0.996578
vt 0.517834 0.998759
vt 0.518116 0.989660
vt 0.885013 0.464436
vt 0.812085 0.562572
vt 0.926946 0.587420
vt 0.945622 0.581691
vt 0.926232 0.590744
vt 0.067918 0.342077
vt 0.984326 0.538276
vt 0.987213 0.554651
vt 0.984086 0.562932
vt 0.179893 0.922534
vt 0.461138 0.103232
vt 0.786618 0.826163
vt 0.634553 0.838431
vt 0.619624 0.844651
vt 0.609911 0.844820
vt 0.024956 0.705062
vt 0.027860 0.707994
vt 0.023613 0.709974
vt 0.800002 0.596667
vt 0.356942 0.907252
vt 0.324326 0.907252
vt 0.347286 0.905437
vt 0.616105 0.807357
vt 0.677197 0.991581
vt 0.674766 0.996795
vt 0.674931 0.989106
vt 0.930987 0.601769
vt 0.929644 0.595762
vt 0.941510 0.602684
vt 0.404384 0.070338
vt 0.619063 0.059217
vt 0.672941 0.054503
vt 0.688087 0.059294
vt 0.551818 0.010530
vt 0.550976 0.007154
vt 0.556275 0.003568
vt 0.939393 0.608471
vt 0.942032 0.614684
vt 0.513063 0.590827
vt 0.445174 0.107699
vt 0.442261 0.103299
vt 0.445954 0.101460
vt 0.431219 0.851749
vt 0.421187 0.808372
vt 0.436819 0.830848
vt 0.680853 0.440582
vt 0.501545 0.583095
vt 0.174262 0.160249
vt 0.177841 0.160374
vt 0.482817 0.306540
vt 0.898037 0.707674
vt 0.567180 0.021032
vt 0.559026 0.009809
vt 0.574912 0.009683
vt 0.180066 0.158615
vt 0.992482 0.494163
vt 0.999462 0.494163
vt 0.997452 0.500298
vt 0.858060 0.034293
vt 0.681439 0.432740
vt 0.685695 0.435860
vt 0.894913 0.706159
vt 0.956275 0.109822
vt 0.942341 0.111572
vt 0.947824 0.102731
vt 0.501462 0.303098
vt 0.525673 0.298152
vt 0.762305 0.817632
vt 0.404744 0.052004
vt 0.825852 0.756889
vt 0.762357 0.811286
vt 0.946376 0.596804
vt 0.031440 0.700992
vt 0.033141 0.712600
vt 0.029650 0.719954
vt 0.023254 0.719769
vt 0.916594 0.727439
vt 0.909397 0.741565
vt 0.913415 0.726043
vt 0.961486 0.101340
vt 0.086192 0.385171
vt 0.060363 0.129414
vt 0.070339 0.127587
vt 0.066662 0.133825
vt 0.887871 0.645205
vt 0.909362 0.674785
vt 0.880164 0.686114
vt 0.885728 0.319279
vt 0.885728 0.338266
vt 0.866212 0.314632
vt 0.797605 0.169983
vt 0.799291 0.148661
vt 0.807106 0.157822
vt 0.930181 0.721944
vt 0.929666 0.732853
vt 0.056687 0.357365
vt 0.818206 0.125083
vt 0.526549 0.278192
vt 0.449566 0.110901
vt 0.784340 0.835155
vt 0.935014 0.718656
vt 0.948020 0.115631
vt 0.960810 0.128771
vt 0.143844 0.036352
vt 0.123679 0.041756
vt 0.086771 0.035284
vt 0.555896 0.793390
vt 0.567616 0.788645
vt 0.571319 0.793933
vt 0.662850 0.413003
vt 0.556660 0.788683
vt 0.421945 0.848604
vt 0.521330 0.793908
vt 0.032385 0.177397
vt 0.042137 0.189019
vt 0.033276 0.199743
vt 0.826624 0.798510
vt 0.919143 0.740616
vt 0.884261 0.307640
vt 0.966627 0.490889
vt 0.956773 0.492302
vt 0.956773 0.465402
vt 0.971727 0.472085
vt 0.867639 0.303744
vt 0.370710 0.898974
vt 0.388470 0.902106
vt 0.352215 0.902637
vt 0.886054 0.299699
vt 0.617030 0.853377
vt 0.167273 0.922685
vt 0.653719 0.018554
vt 0.649678 0.006118
vt 0.663011 0.007143
vt 0.070079 0.099435
vt 0.644872 0.820339
vt 0.058271 0.131275
vt 0.045455 0.124167
vt 0.053833 0.092899
vt 0.058563 0.080173
vt 0.057817 0.081212
vt 0.740907 0.810867
vt 0.514548 0.956359
vt 0.508111 0.976168
vt 0.508155 0.963821
usemtl totem_frost
f 470/1/1 466/2/2 469/3/3
f 469/3/3 466/2/2 472/4/4
f 469/5/3 467/6/5 470/7/1
f 470/8/1 468/9/6 466/10/2
f 470/7/1 467/6/5 247/11/7
f 467/12/5 469/13/3 246/14/8
f 470/15/9 247/16/9 290/17/9
f 468/9/6 470/8/1 471/18/10
f 469/13/3 472/19/4 476/20/11
f 247/21/7 467/22/5 246/23/8
f 480/24/12 473/25/12 1313/26/12
f 259/27/13 290/28/14 247/29/7
f 466/2/2 468/30/6 472/4/4
f 251/31/15 744/32/16 743/33/17
f 475/34/18 473/35/19 472/36/4
f 745/37/20 251/38/15 249/39/21
f 745/40/20 744/32/16 251/31/15
f 252/41/22 248/42/23 251/43/15
f 473/35/19 480/44/24 474/45/25
f 2632/46/26 2909/47/27 2993/48/28
f 2909/49/27 2632/50/26 2630/51/29
f 2632/50/26 2631/52/30 2630/51/29
f 1313/53/31 473/54/19 479/55/32
f 2631/56/30 2632/57/26 2634/58/33
f 477/59/34 469/13/3 476/20/11
f 249/60/21 251/61/15 248/62/23
f 475/63/18 479/55/32 473/54/19
f 472/64/35 478/65/35 475/66/35
f 2909/47/27 2992/67/36 2993/48/28
f 2630/51/29 2631/52/30 2637/68/37
f 247/21/7 246/23/8 250/69/38
f 473/35/19 476/70/11 472/36/4
f 473/35/19 474/45/25 476/70/11
f 468/9/6 471/18/10 487/71/39
f 2636/72/40 2643/73/41 2633/74/42
f 246/14/8 469/13/3 253/75/43
f 2991/76/44 2995/77/45 2907/78/46
f 2637/68/37 2631/52/30 2634/79/33
f 1317/80/47 480/81/47 1313/82/47
f 2907/83/48 2994/84/48 2991/85/48
f 253/75/43 469/13/3 477/59/34
f 251/86/15 747/87/49 252/88/22
f 2907/89/46 2906/90/50 2905/91/51
f 745/37/20 249/39/21 481/92/52
f 2995/77/45 2998/93/53 2907/78/46
f 2907/94/46 2905/95/51 2994/96/54
f 2992/97/55 2996/98/55 2993/99/55
f 2633/100/42 2641/101/56 2635/102/57
f 2909/103/27 2995/104/45 2992/105/36
f 2630/51/29 2773/106/58 2909/49/27
f 2635/107/59 2636/108/59 2633/109/59
f 2637/110/37 2635/111/57 2630/112/29
f 2993/113/60 2996/114/60 2999/115/60
f 2991/116/44 2994/117/61 2996/118/62
f 2643/73/41 2636/72/40 2644/119/63
f 2648/120/64 2643/121/41 2644/122/63
f 2991/116/44 2996/118/62 2995/123/45
f 476/70/11 474/45/25 477/124/34
f 475/125/18 478/126/65 479/127/32
f 744/128/16 885/129/66 743/130/17
f 2996/131/62 2992/105/36 2995/104/45
f 481/132/52 744/133/16 745/134/20
f 2906/135/50 2907/136/46 2908/137/67
f 2998/138/53 2908/137/67 2907/136/46
f 290/139/68 471/140/10 470/141/1
f 2638/142/69 2637/68/37 2634/79/33
f 2997/143/70 2999/144/71 2996/145/72
f 2639/146/73 2640/147/74 2634/148/33
f 2995/149/75 2909/150/75 2998/151/75
f 2630/51/29 2635/152/57 2641/153/56
f 2635/111/57 2637/110/37 2638/154/69
f 249/60/21 254/155/76 253/156/43
f 2993/157/77 2999/158/77 2632/159/77
f 273/160/78 248/42/23 252/41/22
f 2999/161/71 2997/162/70 3001/163/79
f 481/132/52 885/164/66 744/133/16
f 2635/165/57 2645/166/80 2636/167/40
f 2640/147/74 2638/168/69 2634/148/33
f 2994/169/81 2912/170/81 2996/171/81
f 2998/172/82 2909/173/82 2773/174/82
f 2642/175/83 2633/176/42 2643/177/41
f 2643/177/41 2648/178/64 2642/175/83
f 2905/91/51 2906/90/50 2910/179/84
f 248/62/23 254/155/76 249/60/21
f 246/23/8 253/180/43 254/181/76
f 2636/167/40 2646/182/85 2644/183/63
f 255/184/86 249/39/21 253/185/43
f 259/27/13 247/29/7 257/186/87
f 2644/122/63 2659/187/88 2648/120/64
f 2638/154/69 2645/188/80 2635/111/57
f 481/92/52 249/39/21 255/184/86
f 2911/189/89 2905/91/51 2910/179/84
f 2659/187/88 2649/190/90 2648/120/64
f 251/31/15 256/191/91 747/192/49
f 2905/95/51 2911/193/89 2916/194/92
f 477/124/34 474/45/25 255/195/86
f 480/196/24 481/197/52 474/198/25
f 743/130/17 885/129/66 746/199/93
f 2997/143/70 2996/145/72 2912/200/94
f 2636/167/40 2645/166/80 2646/182/85
f 477/59/34 255/201/86 253/75/43
f 2630/51/29 2641/153/56 2773/106/58
f 487/202/95 482/203/95 468/204/95
f 2642/175/83 2773/205/58 2641/101/56
f 743/130/17 746/199/93 256/206/91
f 2642/175/83 2641/101/56 2633/100/42
f 2908/137/67 2998/138/53 2647/207/96
f 2645/208/80 2638/168/69 2640/147/74
f 254/181/76 250/69/38 246/23/8
f 256/191/91 251/31/15 743/33/17
f 472/4/4 468/30/6 500/209/97
f 250/69/38 257/210/87 247/21/7
f 2656/211/98 2659/187/88 2644/122/63
f 2655/212/99 2910/179/84 2906/90/50
f 2910/213/84 2655/214/99 2914/215/100
f 2640/147/74 2646/216/85 2645/208/80
f 257/217/101 258/218/101 259/219/101
f 481/220/52 1311/221/102 885/222/66
f 500/209/97 498/223/103 472/4/4
f 250/224/38 254/225/76 248/226/23
f 2653/227/104 2642/175/83 2648/178/64
f 481/197/52 255/228/86 474/198/25
f 2773/229/58 2647/230/96 2998/231/53
f 2912/232/94 2994/96/54 2905/95/51
f 2905/95/51 2916/194/92 2913/233/105
f 482/234/106 487/235/106 483/236/106
f 2912/232/94 2905/95/51 2913/233/105
f 2648/237/64 2649/238/90 2675/239/107
f 2650/240/108 2640/147/74 2639/241/73
f 757/242/109 1323/243/110 749/244/111
f 747/245/49 256/246/91 748/247/112
f 2914/248/100 2911/189/89 2910/179/84
f 757/249/109 749/250/111 751/251/113
f 483/252/114 468/253/6 482/254/115
f 1312/255/116 1313/256/31 479/257/32
f 484/258/117 471/140/10 290/139/68
f 1323/243/110 1315/259/118 749/244/111
f 749/260/111 1314/261/119 750/262/120
f 259/263/13 258/264/121 290/265/14
f 497/266/122 479/127/32 478/126/65
f 2916/194/92 2911/193/89 2915/267/123
f 1317/268/124 1313/256/31 1312/255/116
f 489/269/125 484/270/117 485/271/126
f 257/272/127 264/273/127 258/274/127
f 2679/275/128 2651/276/129 2644/183/63
f 472/4/4 498/223/103 478/126/65
f 494/277/130 493/278/130 488/279/130
f 486/280/131 483/252/114 488/281/132
f 749/260/111 1315/282/118 1314/261/119
f 2642/175/83 2653/227/104 2652/283/133
f 483/252/114 487/284/134 488/281/132
f 267/285/135 257/210/87 250/69/38
f 2646/216/85 2640/147/74 2679/286/128
f 494/287/136 490/288/137 492/289/138
f 2906/290/50 2653/291/104 2675/292/107
f 1316/293/139 1311/221/102 481/220/52
f 481/294/52 480/295/24 1319/296/140
f 2653/227/104 2648/178/64 2675/297/107
f 2650/240/108 2654/298/141 2640/147/74
f 2653/291/104 2908/299/67 2652/300/133
f 487/71/39 471/18/10 484/301/117
f 258/264/121 263/302/142 260/303/143
f 2906/304/50 2675/305/107 2655/306/99
f 2908/299/67 2653/291/104 2906/290/50
f 494/287/136 488/307/144 490/288/137
f 2997/162/70 3000/308/145 3001/163/79
f 488/309/144 489/310/125 490/311/137
f 2924/312/146 2667/313/147 2918/314/148
f 489/310/125 515/315/149 490/311/137
f 749/316/111 750/317/120 751/318/113
f 248/226/23 261/319/150 250/224/38
f 1317/320/124 1319/296/140 480/295/24
f 2667/313/147 2924/312/146 2668/321/151
f 2654/298/141 2679/286/128 2640/147/74
f 262/322/152 269/323/152 263/324/152
f 262/325/153 263/326/142 258/327/121
f 752/328/154 885/329/66 1311/330/102
f 777/331/155 256/332/155 746/333/155
f 2647/334/96 2652/300/133 2908/299/67
f 258/327/121 264/335/156 262/325/153
f 1317/336/124 1318/337/157 1319/338/140
f 3000/339/145 2997/340/70 2916/341/92
f 500/342/97 502/343/158 498/344/103
f 2652/283/133 2773/205/58 2642/175/83
f 260/303/143 290/265/14 258/264/121
f 2652/345/133 2647/230/96 2773/229/58
f 2997/340/70 2912/346/94 2916/341/92
f 488/347/132 493/348/159 486/349/131
f 2639/350/73 2743/351/160 2650/352/108
f 2680/353/161 2649/354/90 2659/355/88
f 264/356/156 257/210/87 267/285/135
f 503/357/162 489/358/125 485/359/126
f 285/360/163 146/361/163 265/362/163
f 489/269/125 488/363/144 484/270/117
f 2674/364/164 2918/314/148 2667/313/147
f 1319/296/140 1316/365/139 481/294/52
f 2632/57/26 2743/351/160 2634/58/33
f 2644/183/63 2646/182/85 2679/275/128
f 491/366/165 496/367/166 609/368/167
f 262/369/153 266/370/168 269/371/169
f 515/315/149 489/310/125 506/372/170
f 2644/373/171 2651/374/171 2656/375/171
f 2675/305/107 2672/376/172 2655/306/99
f 885/329/66 753/377/173 746/378/93
f 757/249/109 751/251/113 754/379/174
f 486/280/131 468/253/6 483/252/114
f 753/377/173 885/329/66 752/328/154
f 1320/380/175 1325/381/176 1318/382/157
f 487/383/177 484/384/177 488/385/177
f 261/386/150 274/387/178 267/388/135
f 2310/389/179 2657/390/180 1972/391/181
f 478/126/65 498/223/103 497/266/122
f 261/319/150 248/226/23 268/392/182
f 261/386/150 267/388/135 250/393/38
f 2656/211/98 2658/394/183 2659/187/88
f 2916/341/92 2912/346/94 2913/395/105
f 263/396/142 269/397/169 282/398/184
f 492/399/138 493/400/185 494/401/136
f 495/402/186 504/403/186 496/404/186
f 1325/381/176 1321/405/187 1322/406/188
f 1323/407/110 1327/408/189 1324/409/190
f 2310/389/179 2674/410/164 2657/390/180
f 270/411/191 269/397/169 266/412/168
f 2914/248/100 2917/413/192 2911/189/89
f 267/414/135 274/415/178 264/335/156
f 1325/416/176 1322/417/188 753/418/173
f 2924/419/146 2928/420/193 2663/421/194
f 2917/413/192 2915/422/123 2911/189/89
f 1325/423/195 753/424/195 752/425/195
f 2658/426/183 2680/427/161 2659/428/88
f 2668/429/151 2924/419/146 2663/421/194
f 1317/268/124 1312/255/116 1320/430/175
f 274/415/178 262/325/153 264/335/156
f 1311/431/102 1319/432/140 752/433/154
f 2660/434/196 2674/364/164 2667/313/147
f 2664/435/197 2665/436/198 2661/437/199
f 1319/432/140 1311/431/102 1316/438/139
f 495/439/200 496/440/166 491/441/165
f 2661/437/199 2665/436/198 2673/442/201
f 1320/443/175 1318/337/157 1317/336/124
f 497/444/122 498/445/103 502/446/158
f 2649/238/90 2662/447/202 2675/239/107
f 2310/389/179 2311/448/203 2674/410/164
f 2672/376/172 2675/305/107 2663/449/194
f 2663/449/194 2919/450/204 2672/376/172
f 266/370/168 262/369/153 271/451/205
f 757/452/109 1327/408/189 1323/407/110
f 1320/380/175 1321/405/187 1325/381/176
f 1325/453/206 752/454/206 1318/455/206
f 2649/354/90 2681/456/207 2662/457/202
f 468/253/6 486/280/131 499/458/208
f 2673/459/201 2663/449/194 2675/305/107
f 285/460/209 272/461/210 146/462/211
f 2680/353/161 2681/456/207 2649/354/90
f 499/463/208 486/349/131 493/348/159
f 2924/464/146 2918/465/148 2938/466/212
f 504/467/213 609/468/167 496/469/166
f 468/253/6 499/458/208 500/470/97
f 2664/471/197 2685/472/214 2665/473/198
f 2663/474/215 2928/475/215 2919/476/215
f 2923/477/216 2672/478/172 2919/479/204
f 2942/480/217 2920/481/218 2923/482/216
f 747/245/49 748/247/112 755/483/219
f 2664/484/197 2666/485/220 2685/486/214
f 2920/481/218 2942/480/217 2933/487/221
f 756/488/222 754/379/174 751/251/113
f 499/489/223 493/490/223 502/491/223
f 2921/492/224 2924/464/146 2938/466/212
f 2657/390/180 2674/410/164 2660/493/196
f 500/342/97 499/494/208 502/343/158
f 2671/495/225 2667/496/147 2668/497/151
f 2673/498/201 2665/473/198 2685/472/214
f 2669/499/226 2657/390/180 2670/500/227
f 479/501/228 501/502/228 1331/503/228
f 2671/504/225 2663/449/194 2673/459/201
f 268/392/182 248/226/23 273/505/78
f 1972/391/181 2657/390/180 2669/499/226
f 2663/421/194 2671/506/225 2668/429/151
f 2672/507/172 2923/508/216 2929/509/229
f 2656/211/98 2700/510/230 2658/394/183
f 1320/430/175 1312/255/116 1341/511/231
f 1330/512/232 1312/513/116 479/514/32
f 747/87/49 755/515/219 252/88/22
f 269/397/169 270/411/191 282/398/184
f 493/400/185 492/399/138 502/516/158
f 1315/259/118 1323/243/110 1333/517/233
f 2310/518/179 2315/519/234 2311/520/203
f 2673/521/201 2685/522/214 2683/523/235
f 1319/432/140 1318/524/157 752/433/154
f 2999/525/71 3001/526/79 3002/527/236
f 2632/57/26 2999/528/71 2743/351/160
f 2914/215/100 2655/214/99 2922/529/237
f 2929/530/238 2655/531/238 2672/532/238
f 2923/533/216 2935/534/239 2942/535/217
f 2311/536/203 2930/537/240 2674/538/164
f 1335/539/241 1326/540/242 1314/541/119
f 518/542/243 489/543/125 503/544/162
f 2671/495/225 2673/521/201 2683/523/235
f 2310/518/179 1973/545/244 2315/519/234
f 491/366/165 609/368/167 1332/546/245
f 1327/547/189 1322/548/188 1321/549/187
f 2673/550/246 2675/551/246 2662/552/246
f 2676/553/247 2679/286/128 2654/298/141
f 271/451/205 262/369/153 274/554/178
f 293/555/248 277/556/249 276/557/250
f 501/558/251 495/439/200 491/441/165
f 293/555/248 275/559/252 277/556/249
f 2924/560/253 2921/561/253 2928/562/253
f 1327/563/189 1321/564/187 1324/565/190
f 2914/215/100 2922/529/237 2931/566/254
f 293/567/248 260/303/143 263/302/142
f 277/568/249 278/569/255 276/570/250
f 2925/571/256 2933/487/221 2942/480/217
f 2650/240/108 2743/572/160 2677/573/257
f 1327/547/189 758/574/258 1322/548/188
f 2920/575/218 2929/576/229 2923/577/216
f 2923/477/216 2919/479/204 2926/578/259
f 2678/579/260 2664/580/197 2661/581/199
f 2661/581/199 2673/582/201 2662/583/202
f 2651/584/261 2679/585/261 2656/586/261
f 757/587/109 758/588/258 1327/589/189
f 275/590/262 282/591/262 277/592/262
f 2310/593/179 1972/594/181 1973/595/244
f 2917/596/192 2914/597/100 2927/598/263
f 2915/267/123 2946/599/264 2916/194/92
f 266/600/265 284/601/265 270/602/265
f 504/603/266 495/439/200 505/604/267
f 1972/605/181 2669/606/226 1974/607/268
f 271/451/205 274/554/178 266/370/168
f 1328/608/269 1314/261/119 1315/282/118
f 2634/58/33 2743/351/160 2639/350/73
f 2695/609/270 2656/610/98 2679/611/128
f 261/319/150 268/392/182 292/612/271
f 2919/479/204 2928/613/272 2921/614/273
f 2311/615/203 2315/616/234 2314/617/274
f 519/618/275 497/444/122 502/446/158
f 489/543/125 518/542/243 506/619/170
f 2929/620/229 2922/529/237 2655/214/99
f 2935/534/239 2945/621/276 2942/535/217
f 1321/405/187 1320/380/175 1329/622/277
f 510/623/278 492/289/138 490/288/137
f 2930/624/240 2311/625/203 2313/626/279
f 2670/500/227 2660/493/196 2699/627/280
f 2922/628/237 2929/629/229 2931/630/254
f 282/631/281 278/632/255 277/633/249
f 2680/634/161 2678/635/260 2681/636/207
f 2685/637/214 2682/638/282 2683/639/235
f 1312/255/116 1330/640/232 1341/511/231
f 492/641/138 510/642/278 507/643/283
f 2932/644/284 2920/575/218 2933/645/221
f 2314/617/274 2312/646/285 2311/615/203
f 272/647/210 285/648/209 281/649/286
f 2926/578/259 2919/479/204 2921/614/273
f 519/618/275 508/650/287 497/444/122
f 2664/484/197 2684/651/288 2666/485/220
f 495/439/200 501/558/251 505/604/267
f 1329/622/277 1324/565/190 1321/564/187
f 2312/646/285 2313/652/279 2311/615/203
f 2694/653/289 2685/654/214 2666/655/220
f 757/587/109 763/656/290 758/588/258
f 751/318/113 750/317/120 770/657/291
f 760/658/292 265/659/292 146/660/292
f 2914/597/100 2931/661/254 2927/598/263
f 2941/662/293 2925/571/256 2942/480/217
f 759/663/294 1322/548/188 758/574/258
f 1333/517/233 1354/664/295 1315/259/118
f 273/665/78 252/88/22 755/515/219
f 2686/666/296 2667/496/147 2671/495/225
f 1331/667/297 501/668/297 491/669/297
f 751/318/113 770/657/291 756/670/222
f 146/462/211 283/671/298 755/672/219
f 2664/673/197 2678/674/260 2684/675/288
f 490/288/137 515/676/149 510/623/278
f 2661/581/199 2662/583/202 2678/579/260
f 2920/575/218 2932/644/284 2929/576/229
f 276/557/250 279/677/299 293/555/248
f 2915/267/123 2934/678/300 2946/599/264
f 1314/679/119 1326/680/242 750/681/120
f 2312/646/285 2314/617/274 2412/682/301
f 2926/683/259 2935/684/239 2923/685/216
f 485/359/126 509/686/302 503/357/162
f 1320/687/175 1341/688/231 1337/689/303
f 1336/690/304 765/691/305 1445/692/306
f 2678/635/260 2662/693/202 2681/636/207
f 507/643/283 511/694/307 492/641/138
f 2936/695/308 3000/339/145 2916/341/92
f 1331/696/309 491/697/165 1332/698/245
f 1326/699/242 1445/692/306 765/691/305
f 510/700/278 515/701/149 507/702/283
f 746/703/93 753/704/173 775/705/310
f 2684/675/288 2678/674/260 2687/706/311
f 2932/707/284 2933/487/221 2925/571/256
f 1333/708/233 1323/407/110 1334/709/312
f 2930/624/240 2313/626/279 2937/710/313
f 1027/711/314 1030/712/315 1029/713/316
f 2314/714/274 2315/715/234 2316/716/317
f 748/247/112 256/246/91 777/717/318
f 293/718/248 296/719/319 260/720/143
f 2931/630/254 2929/629/229 2932/721/284
f 492/399/138 511/722/307 502/516/158
f 1027/711/314 1029/713/316 1575/723/320
f 765/724/321 766/725/321 768/726/321
f 755/727/219 760/728/322 146/729/211
f 1336/690/304 766/730/323 765/691/305
f 519/731/275 502/732/158 511/733/307
f 2312/646/285 2317/734/324 2313/652/279
f 290/735/325 260/736/325 289/737/325
f 1576/738/326 1575/723/320 1029/713/316
f 609/739/327 516/740/327 1358/741/327
f 274/742/178 261/319/150 292/612/271
f 146/462/211 272/461/210 283/671/298
f 2330/743/328 2312/646/285 2318/744/329
f 773/745/330 1576/738/326 1029/713/316
f 3000/308/145 3002/746/236 3001/163/79
f 2918/747/148 2955/748/331 2938/749/212
f 2316/750/317 2315/519/234 1973/545/244
f 276/751/332 156/752/332 280/753/332
f 1575/754/320 1028/755/333 1027/756/314
f 479/127/32 497/266/122 505/757/267
f 1445/758/306 1326/759/242 1335/760/241
f 750/681/120 1326/680/242 761/761/334
f 295/762/335 260/720/143 296/719/319
f 2693/763/336 2666/485/220 2684/651/288
f 2955/748/331 2918/747/148 2674/764/164
f 761/765/334 1326/699/242 765/691/305
f 485/359/126 484/766/117 509/686/302
f 501/767/251 479/127/32 505/757/267
f 2688/768/337 2680/427/161 2658/426/183
f 147/769/338 150/770/339 265/771/340
f 755/483/219 748/247/112 777/717/318
f 2694/653/289 2682/772/282 2685/654/214
f 1323/407/110 1324/409/190 1334/709/312
f 260/720/143 287/773/341 289/774/342
f 508/650/287 505/775/267 497/444/122
f 773/776/343 762/777/344 765/691/305
f 763/778/290 759/663/294 758/574/258
f 507/702/283 515/701/149 512/779/345
f 2689/780/346 2686/666/296 2671/495/225
f 1322/417/188 789/781/347 753/418/173
f 1044/782/348 1028/783/348 1586/784/348
f 2061/785/349 1975/786/350 2412/787/301
f 2690/788/351 2687/706/311 2678/674/260
f 757/587/109 754/789/174 764/790/352
f 2931/630/254 2932/721/284 2927/791/263
f 2654/298/141 2677/573/257 2676/553/247
f 1445/792/306 1043/793/353 1336/794/304
f 285/795/354 286/796/354 281/797/354
f 767/798/355 766/799/355 1336/800/355
f 2654/298/141 2650/240/108 2677/573/257
f 768/801/356 773/802/356 765/803/356
f 2412/682/301 2318/744/329 2312/646/285
f 1980/804/357 1975/805/350 2061/806/349
f 2699/627/280 2660/493/196 2691/807/358
f 609/808/167 1358/809/359 1357/810/360
f 1445/792/306 1580/811/361 1043/793/353
f 2691/812/358 2660/434/196 2667/313/147
f 1029/813/316 1030/814/315 1031/815/362
f 275/559/252 293/555/248 282/816/184
f 273/665/78 755/515/219 283/817/298
f 292/612/271 268/392/182 286/818/363
f 2683/523/235 2689/780/346 2671/495/225
f 2657/390/180 2660/493/196 2670/500/227
f 766/819/364 767/820/364 768/821/364
f 2312/646/285 2330/822/328 2317/734/324
f 1980/804/357 1978/823/365 1975/805/350
f 2412/787/301 1975/786/350 1976/824/366
f 2319/825/367 2321/826/368 1976/827/366
f 2412/828/301 1976/829/366 2321/830/368
f 1575/831/320 1581/832/369 1028/833/333
f 1354/664/295 1338/834/370 1315/259/118
f 773/745/330 1029/713/316 1068/835/371
f 1322/548/188 759/663/294 769/836/372
f 270/837/373 284/838/373 282/839/373
f 295/762/335 287/773/341 260/720/143
f 1976/827/366 2320/840/374 2319/825/367
f 2700/841/230 2656/610/98 2692/842/375
f 1034/843/376 1032/844/377 1033/845/378
f 1576/846/379 1582/847/379 1575/848/379
f 1034/849/380 1033/850/380 1057/851/380
f 272/461/210 281/852/286 283/671/298
f 2146/853/381 1782/854/382 2144/855/383
f 1035/856/384 1032/844/377 1034/843/376
f 1039/857/385 1035/858/384 1034/859/376
f 1576/860/326 773/861/330 1043/862/353
f 2319/863/367 2329/864/386 2321/865/368
f 2684/675/288 2687/706/311 2693/866/336
f 2143/867/387 2146/868/381 2144/869/383
f 1586/870/388 1028/871/388 1587/872/388
f 2666/873/389 2701/874/389 2694/875/389
f 2330/743/328 2318/744/329 2329/876/386
f 2950/877/390 2932/878/284 2925/879/256
f 1314/541/119 1328/880/269 1335/539/241
f 1330/512/232 479/514/32 1331/881/309
f 2949/882/391 2674/538/164 2930/537/240
f 285/883/392 265/884/392 286/885/392
f 2145/886/393 2320/887/374 1976/888/366
f 2314/714/274 2322/889/394 2412/890/301
f 2691/812/358 2667/313/147 2686/891/296
f 2144/892/383 1782/893/382 1063/894/395
f 287/773/341 295/762/335 288/895/396
f 2921/492/224 2938/466/212 2939/896/397
f 2146/853/381 1779/897/398 1782/854/382
f 1332/698/245 609/808/167 1357/810/360
f 750/681/120 795/898/399 770/899/291
f 764/790/352 763/656/290 757/587/109
f 282/398/184 293/900/248 263/396/142
f 1779/901/398 1780/902/400 1791/903/401
f 1043/904/402 767/905/402 1336/906/402
f 156/907/403 276/570/250 278/569/255
f 2322/908/404 2061/909/404 2412/910/404
f 1583/911/405 1577/912/405 1044/913/405
f 1035/856/384 1036/914/406 1032/844/377
f 1039/857/385 1031/915/362 1035/858/384
f 1029/916/316 1039/917/385 1033/918/378
f 2323/919/407 2319/825/367 2320/840/374
f 1322/548/188 769/836/372 789/920/347
f 1329/622/277 1320/380/175 1337/921/303
f 290/139/68 301/922/408 484/258/117
f 287/923/341 288/924/396 289/925/342
f 286/818/363 268/392/182 273/505/78
f 1779/926/409 1781/927/409 1782/928/409
f 1977/929/410 1978/823/365 1980/804/357
f 300/930/411 290/931/68 289/925/342
f 789/781/347 771/932/412 753/418/173
f 1055/933/413 1577/934/413 1583/935/413
f 1580/811/361 1445/792/306 1343/936/414
f 756/488/222 764/937/352 754/379/174
f 1030/712/315 1027/711/314 1051/938/415
f 2937/710/313 2313/626/279 2328/939/416
f 291/940/417 266/941/168 274/942/178
f 1027/756/314 1028/755/333 1040/943/418
f 1315/282/118 1338/944/370 1328/608/269
f 1037/945/419 1038/946/420 1051/947/415
f 484/766/117 301/948/408 509/686/302
f 2695/609/270 2692/842/375 2656/610/98
f 1029/813/316 1031/815/362 1039/949/385
f 283/817/298 281/950/286 273/665/78
f 1977/951/410 1975/952/350 1978/953/365
f 1977/954/410 1784/955/421 1975/956/350
f 1068/957/371 1029/916/316 1033/918/378
f 765/691/305 776/958/422 772/959/423
f 2940/960/424 2927/791/263 2932/721/284
f 1040/961/418 1577/962/425 1041/963/426
f 284/964/427 292/965/428 282/631/281
f 1055/966/429 1583/967/429 1578/968/429
f 1047/969/430 1050/970/430 1042/971/430
f 293/972/248 279/973/299 299/974/431
f 1341/688/231 1342/975/432 1337/689/303
f 2680/634/161 2688/976/337 2678/635/260
f 1057/977/433 1039/978/433 1034/979/433
f 506/980/170 542/981/434 513/982/435
f 1779/983/436 1791/984/436 1781/985/436
f 1043/986/437 773/987/437 774/988/437
f 768/989/438 1054/990/438 773/991/438
f 1035/992/439 1059/993/439 1036/994/439
f 2314/714/274 2316/716/317 2322/889/394
f 266/941/168 291/940/417 284/995/427
f 1787/996/440 1780/997/400 1879/998/441
f 1040/961/418 1044/999/442 1577/962/425
f 762/1000/344 773/1001/343 784/1002/443
f 1042/1003/444 1050/1004/445 1045/1005/446
f 1334/1006/312 1324/565/190 1329/622/277
f 1781/1007/447 1063/894/395 1782/893/382
f 2917/596/192 2927/598/263 2940/1008/424
f 1577/1009/425 1579/1010/448 1041/1011/426
f 785/1012/449 760/728/322 755/727/219
f 762/777/344 776/958/422 765/691/305
f 2323/1013/407 2329/864/386 2319/863/367
f 288/924/396 300/930/411 289/925/342
f 2941/1014/293 2950/877/390 2925/879/256
f 276/1015/250 294/1016/450 279/1017/299
f 1780/902/400 1779/901/398 1879/1018/441
f 2061/806/349 2322/1019/394 1979/1020/451
f 1046/1021/452 1047/1022/452 1042/1023/452
f 1051/947/415 1602/1024/453 1037/945/419
f 2676/553/247 2695/1025/270 2679/286/128
f 1051/1026/415 1027/756/314 1040/943/418
f 886/1027/454 773/1028/454 1068/1029/454
f 513/982/435 515/1030/149 506/980/170
f 1028/1031/333 1044/999/442 1040/961/418
f 2144/1032/455 1063/1033/455 1606/1034/455
f 772/959/423 761/765/334 765/691/305
f 288/895/396 295/762/335 297/1035/456
f 1047/1036/457 1048/1037/457 1076/1038/457
f 1059/1039/458 1035/1040/384 1045/1041/446
f 2693/1042/459 2701/1043/459 2666/1044/459
f 2955/748/331 2674/764/164 2949/1045/391
f 1042/1046/444 1031/815/362 1030/814/315
f 773/1047/460 1054/1048/460 774/1049/460
f 1043/1050/461 774/1051/461 767/1052/461
f 2669/606/226 2670/1053/227 1974/607/268
f 755/483/219 777/717/318 781/1054/462
f 1065/1055/463 1049/1056/464 1045/1057/446
f 1050/1058/445 1047/1059/465 1083/1060/466
f 1059/1039/458 1045/1041/446 1049/1061/464
f 292/1062/271 286/1063/363 148/1064/467
f 282/631/281 292/965/428 278/632/255
f 1045/1005/446 1035/858/384 1031/915/362
f 1031/915/362 1042/1003/444 1045/1005/446
f 1339/1065/468 1445/758/306 1340/1066/469
f 1030/712/315 1051/938/415 1046/1067/470
f 147/769/338 265/771/340 760/1068/322
f 1595/1069/471 1576/860/326 1043/862/353
f 1056/1070/472 1579/1010/448 1577/1009/425
f 1043/1071/353 1580/1072/361 1595/1073/471
f 1606/1074/473 2143/867/387 2144/869/383
f 292/965/428 284/964/427 291/1075/417
f 1041/1076/474 1061/1077/474 1040/1078/474
f 274/1079/475 292/1080/475 291/1081/475
f 1980/804/357 2061/806/349 1979/1020/451
f 773/1082/343 886/1083/476 784/1084/443
f 512/1085/345 514/1086/477 517/1087/478
f 1028/1088/479 1581/1089/479 1587/1090/479
f 1340/1066/469 1445/758/306 1335/760/241
f 1783/1091/480 1975/1092/350 1784/1093/421
f 1602/1094/481 1051/1095/481 1052/1096/481
f 1047/1097/482 1046/1067/470 1048/1098/483
f 1061/1099/484 1053/1100/485 1060/1101/486
f 2699/1102/280 2691/1103/358 2704/1104/487
f 1069/1105/488 1051/1106/415 1060/1107/486
f 514/1108/489 515/1109/149 513/1110/435
f 518/542/243 503/544/162 521/1111/490
f 1785/1112/491 1787/996/440 1879/998/441
f 2942/1113/492 2945/1114/492 2943/1115/492
f 753/1116/173 771/1117/412 775/1118/310
f 1582/1119/493 1581/832/369 1575/831/320
f 1050/1058/445 1065/1055/463 1045/1057/446
f 1038/946/420 1037/945/419 1070/1120/494
f 1052/1121/495 1051/1106/415 1069/1105/488
f 273/505/78 281/1122/286 286/818/363
f 1341/1123/231 1349/1124/496 1342/1125/432
f 1349/1126/496 1341/511/231 1330/640/232
f 516/1127/497 535/1128/498 1358/1129/499
f 763/778/290 769/836/372 759/663/294
f 1083/1130/500 1047/1131/500 1076/1132/500
f 1044/1133/501 1585/1134/501 1583/1135/501
f 1879/998/441 1798/1136/502 1786/1137/503
f 2145/886/393 2147/1138/504 2320/887/374
f 767/1139/505 774/1140/505 1054/1141/505
f 1339/1142/468 1343/1143/414 1445/1144/306
f 1780/1145/506 1787/1146/506 1791/1147/506
f 750/681/120 761/761/334 795/898/399
f 1071/1148/507 1068/957/371 1033/918/378
f 1055/1149/508 1056/1150/508 1577/1151/508
f 767/1152/509 1054/1153/509 768/1154/509
f 1051/1026/415 1040/943/418 1060/1155/486
f 2930/537/240 2696/1156/510 2949/882/391
f 512/1157/511 515/1158/511 514/1159/511
f 1584/1160/512 1583/1161/513 1585/1162/514
f 1334/709/312 1446/1163/515 1333/708/233
f 2944/1164/516 2921/492/224 2939/896/397
f 2318/1165/329 2321/865/368 2329/864/386
f 1585/1162/514 1581/1166/369 1582/1167/493
f 2331/1168/517 2323/919/407 2320/840/374
f 1039/1169/518 1057/1170/518 1033/1171/518
f 1065/1172/463 1058/1173/519 1049/1174/464
f 795/1175/399 761/765/334 772/959/423
f 2702/1176/520 2658/394/183 2700/510/230
f 2146/1177/381 2147/1178/504 1788/1179/521
f 756/488/222 779/1180/522 764/937/352
f 2323/919/407 2331/1168/517 2324/1181/523
f 1973/595/244 1974/1182/268 2316/1183/317
f 1030/814/315 1046/1184/470 1042/1046/444
f 1586/1185/524 1587/1186/524 1581/1187/524
f 1335/539/241 1328/880/269 1344/1188/525
f 265/1189/340 150/1190/339 151/1191/526
f 1340/1066/469 1335/760/241 1344/1192/525
f 2316/1193/317 1974/1194/268 2322/1019/394
f 295/1195/527 296/1196/527 297/1197/527
f 1595/1073/471 1580/1072/361 1596/1198/528
f 1059/1199/458 1058/1173/519 1036/914/406
f 2683/639/235 2682/638/282 2701/1200/529
f 148/1201/467 265/1189/340 151/1191/526
f 1060/1202/530 1040/1203/530 1061/1204/530
f 786/1205/531 772/1206/531 776/1207/531
f 1068/957/371 1071/1148/507 1067/1208/532
f 152/1209/533 156/907/403 278/569/255
f 1580/811/361 1343/936/414 1596/1210/528
f 2945/1211/534 2935/1212/534 2943/1213/534
f 1330/512/232 1331/881/309 1350/1214/535
f 300/930/411 301/1215/408 290/931/68
f 756/670/222 770/657/291 779/1216/522
f 762/1000/344 784/1002/443 776/1217/422
f 1879/998/441 1786/1137/503 1785/1112/491
f 1879/1018/441 1779/901/398 1880/1218/536
f 2694/1219/537 2701/1220/537 2682/1221/537
f 297/1222/456 296/719/319 298/1223/538
f 1058/1173/519 1059/1199/458 1049/1174/464
f 2946/1224/264 2936/695/308 2916/341/92
f 508/1225/539 504/1226/539 505/1227/539
f 1061/1228/540 1041/1229/540 1062/1230/540
f 279/1017/299 294/1016/450 299/1231/431
f 2938/749/212 2955/748/331 2939/1232/397
f 2313/652/279 2317/734/324 2325/1233/541
f 1037/1234/419 1602/1235/453 1603/1236/542
f 2147/1178/504 1881/1237/543 1788/1179/521
f 276/1238/250 280/1239/544 294/1240/450
f 1041/1241/426 1579/1242/448 1062/1243/545
f 1784/955/421 1977/954/410 1984/1244/546
f 2688/976/337 2690/1245/351 2678/635/260
f 2940/1008/424 2951/1246/547 2917/596/192
f 1583/1161/513 1584/1160/512 1578/1247/548
f 1066/1248/549 1050/1058/445 1083/1060/466
f 296/719/319 293/718/248 298/1223/538
f 2695/609/270 2712/1249/550 2692/842/375
f 775/1118/310 771/1117/412 780/1250/551
f 517/1251/478 514/1252/477 524/1253/552
f 2955/1254/553 2696/1255/510 2930/624/240
f 2947/1256/554 2937/710/313 2328/939/416
f 1065/1055/463 1050/1058/445 1066/1248/549
f 1063/1257/395 1781/1258/447 1064/1259/555
f 2317/734/324 2330/1260/328 2326/1261/556
f 511/1262/307 512/779/345 520/1263/557
f 3002/746/236 3000/308/145 3003/1264/558
f 1056/1070/472 1588/1265/559 1579/1010/448
f 1063/1266/395 1064/1267/555 1037/1234/419
f 1044/1268/560 1586/1269/561 1581/1270/369
f 2313/652/279 2325/1233/541 2327/1271/562
f 1340/1066/469 1344/1192/525 1339/1065/468
f 1082/1272/563 1036/914/406 1058/1173/519
f 780/1250/551 777/1273/564 775/1118/310
f 1058/1173/519 1065/1172/463 1082/1272/563
f 1973/595/244 1972/594/181 1974/1182/268
f 1980/1274/357 1979/1275/451 1981/1276/565
f 512/779/345 511/1262/307 507/702/283
f 1065/1277/463 1066/1278/549 1075/1279/566
f 1590/1280/567 1578/1247/548 1584/1160/512
f 1881/1281/568 2145/1282/568 1976/1283/568
f 297/1284/456 298/1285/538 288/1286/396
f 2146/853/381 1880/1287/536 1779/897/398
f 504/467/213 526/1288/569 609/468/167
f 506/1289/170 518/1290/243 542/1291/434
f 1067/1292/532 1077/1293/570 1068/1294/371
f 2943/1295/571 2941/1296/293 2942/1297/217
f 1032/844/377 1036/914/406 1082/1272/563
f 1061/1298/572 1062/1299/572 1053/1300/572
f 2145/1301/573 1881/1302/573 2147/1303/573
f 1060/1101/486 1053/1100/485 1069/1304/488
f 746/703/93 775/705/310 777/1305/564
f 1789/1306/574 1070/1307/574 1037/1308/574
f 508/1309/287 519/1310/275 533/1311/575
f 2937/710/313 2955/1254/553 2930/624/240
f 1038/1312/420 1090/1313/576 1051/1314/415
f 1798/1136/502 1879/998/441 1880/1315/536
f 1789/1316/577 1787/996/440 1785/1112/491
f 1787/996/440 1789/1316/577 1791/1317/578
f 2926/578/259 2921/614/273 2953/1318/579
f 2317/734/324 2326/1261/556 2325/1233/541
f 1594/1319/580 1579/1010/448 1588/1265/559
f 1033/845/378 1032/844/377 1071/1320/507
f 2152/1321/581 2143/867/387 1606/1074/473
f 1077/1322/582 1078/1323/582 1068/1324/582
f 2323/1013/407 2324/1325/523 2329/864/386
f 2957/1326/583 2934/1327/300 2915/1328/123
f 2699/1102/280 2706/1329/584 2698/1330/585
f 1603/1236/542 1063/1266/395 1037/1234/419
f 776/1217/422 784/1002/443 778/1331/586
f 149/1332/587 150/1333/339 147/1334/338
f 2328/1335/416 2313/652/279 2327/1271/562
f 1339/1336/468 1346/1337/588 1345/1338/589
f 2699/1339/590 2697/1340/590 2670/1341/590
f 2934/678/300 2948/1342/591 2946/599/264
f 2939/896/397 2779/1343/592 2944/1164/516
f 1590/1344/593 1055/1345/593 1578/1346/593
f 1589/1347/594 1062/1243/545 1579/1242/448
f 517/1087/478 519/1348/275 512/1085/345
f 2683/523/235 2701/1349/529 2689/780/346
f 2948/1350/591 2936/695/308 2946/1224/264
f 1082/1351/563 1065/1277/463 1075/1279/566
f 2321/830/368 2318/1352/329 2412/828/301
f 1343/1143/414 1339/1142/468 1345/1353/589
f 1590/1354/567 1056/1070/472 1055/1355/595
f 779/1356/522 770/899/291 795/898/399
f 2706/1329/584 2699/1102/280 2704/1104/487
f 2698/1357/596 2697/1358/596 2699/1359/596
f 1789/1360/597 1037/1361/419 1792/1362/598
f 1615/1363/599 1582/1364/493 1613/1365/600
f 2146/1366/381 1790/1367/601 1880/1368/536
f 520/1369/557 519/731/275 511/733/307
f 1590/1354/567 1588/1265/559 1056/1070/472
f 2146/1370/381 2148/1371/602 2147/1372/504
f 2917/413/192 2951/1373/547 2915/422/123
f 1347/1374/603 1346/1375/603 1339/1376/603
f 1582/1377/604 1576/1378/604 1620/1379/604
f 1788/1179/521 1790/1367/601 2146/1366/381
f 1601/1380/605 1582/1364/493 1615/1363/599
f 1063/1381/606 1603/1382/606 1606/1383/606
f 1979/1020/451 2322/1019/394 1974/1194/268
f 1075/1279/566 1066/1278/549 1079/1384/607
f 1072/1385/608 1038/946/420 1070/1120/494
f 2696/1386/609 2955/1387/609 2949/1388/609
f 1339/1065/468 1344/1192/525 1347/1389/610
f 1082/1272/563 1071/1320/507 1032/844/377
f 1594/1390/611 1588/1391/611 1604/1392/611
f 1781/1393/612 1791/1394/612 1792/1395/612
f 2148/1396/602 2146/868/381 2143/867/387
f 1048/1098/483 1046/1067/470 1051/938/415
f 2687/706/311 2690/788/351 2693/866/336
f 1581/1270/369 1585/1397/514 1044/1268/560
f 1585/1162/514 1590/1280/567 1584/1160/512
f 1979/1020/451 1974/1194/268 1982/1398/613
f 2149/1399/614 2320/1400/374 2147/1401/504
f 1789/1402/615 1792/1403/615 1791/1404/615
f 2937/710/313 2947/1256/554 2955/1405/553
f 1348/1406/616 1338/834/370 1354/664/295
f 2320/1400/374 2149/1399/614 2331/1407/517
f 2953/1408/579 2950/877/390 2941/1014/293
f 1977/1409/410 1980/1274/357 1983/1410/617
f 1037/1361/419 1064/1411/555 1792/1362/598
f 1073/1412/618 1066/1248/549 1083/1060/466
f 1579/1242/448 1591/1413/619 1592/1414/620
f 503/357/162 509/686/302 521/1415/490
f 1329/622/277 1337/921/303 1334/1006/312
f 1592/1414/620 1589/1347/594 1579/1242/448
f 2697/1416/621 1974/607/268 2670/1053/227
f 772/1417/622 782/1418/622 795/1419/622
f 1079/1420/623 1074/1421/623 1075/1422/623
f 1792/1423/598 1064/1259/555 1781/1258/447
f 1038/1312/420 1072/1424/608 1090/1313/576
f 1602/1425/453 1052/1426/495 1593/1427/624
f 2335/1428/625 2326/1261/556 2330/1260/328
f 516/1429/626 609/1430/626 532/1431/626
f 1588/1265/559 1610/1432/627 1604/1433/628
f 1595/1434/471 1620/1435/629 1576/1436/326
f 2150/1437/630 2143/867/387 2152/1321/581
f 2932/721/284 2950/1438/390 2940/960/424
f 1083/1439/631 1076/1440/631 1048/1441/631
f 1053/1442/485 1062/1243/545 1069/1443/488
f 512/1085/345 519/1348/275 520/1444/557
f 2943/1295/571 2953/1445/579 2941/1296/293
f 1599/1446/632 1579/1447/632 1594/1448/632
f 2329/1449/633 2335/1450/633 2330/1451/633
f 1595/1452/634 1596/1453/634 1597/1454/634
f 1881/1455/635 1976/1456/635 1975/1457/635
f 1598/1458/636 1592/1414/620 1591/1413/619
f 1793/1459/637 1789/1460/637 1785/1461/637
f 2926/683/259 2943/1462/571 2935/684/239
f 1981/1463/565 1979/1464/451 1982/1465/613
f 524/1253/552 519/1466/275 517/1251/478
f 1073/1412/618 1088/1467/638 1066/1248/549
f 1881/1468/543 1975/1092/350 1783/1091/480
f 2702/1469/520 2688/768/337 2658/426/183
f 2331/1470/517 2154/1471/639 2324/1472/523
f 1983/1410/617 1980/1274/357 1981/1276/565
f 1087/1473/640 1079/1474/607 1066/1475/549
f 1610/1432/627 1588/1265/559 1590/1354/567
f 1077/1293/570 1067/1292/532 1081/1476/641
f 2335/1477/625 2329/864/386 2324/1325/523
f 2957/1326/583 2915/1328/123 2951/1478/547
f 2926/683/259 2953/1479/579 2943/1462/571
f 2676/553/247 2712/1480/550 2695/1025/270
f 1349/1481/496 1330/1482/232 1360/1483/642
f 780/1484/643 781/1485/643 777/1486/643
f 1598/1487/636 1591/1488/619 1599/1489/644
f 772/1490/645 791/1491/646 782/1492/647
f 783/1493/648 778/1494/648 784/1495/648
f 1591/1488/619 1579/1496/448 1599/1489/644
f 522/1497/649 518/542/243 521/1111/490
f 526/1498/650 508/1309/287 533/1311/575
f 1077/1499/651 1084/1500/651 1078/1501/651
f 1342/1125/432 1349/1124/496 1360/1502/642
f 150/1333/339 149/1332/587 151/1503/526
f 536/1504/652 535/1128/498 516/1127/497
f 513/982/435 542/981/434 523/1505/653
f 2707/1506/654 1974/607/268 2697/1416/621
f 1066/1507/655 1088/1508/655 1087/1509/655
f 1594/1510/656 1600/1511/656 1605/1512/656
f 1880/1315/536 1790/1513/601 1798/1136/502
f 1078/1514/657 886/1515/657 1068/1516/657
f 288/1286/396 302/1517/658 300/1518/411
f 2331/1470/517 2149/1519/614 2154/1471/639
f 2921/1520/224 2944/1521/516 2779/1522/592
f 514/1523/659 528/1524/659 524/1525/659
f 2692/842/375 2712/1249/550 2700/1526/230
f 2693/866/336 2690/788/351 2701/1527/660
f 1595/1434/471 1597/1528/661 1620/1435/629
f 1343/1529/662 1597/1530/662 1596/1531/662
f 2326/1261/556 2332/1532/663 2325/1233/541
f 1590/1354/567 1601/1533/605 1610/1432/627
f 1069/1443/488 1062/1243/545 1589/1347/594
f 1607/1534/664 1594/1535/665 1605/1536/666
f 1594/1535/665 1607/1534/664 1599/1537/644
f 1331/696/309 1332/698/245 1350/1538/535
f 776/1539/667 796/1540/668 786/1541/669
f 1784/1093/421 1797/1542/670 1783/1091/480
f 2332/1532/663 2327/1271/562 2325/1233/541
f 3000/308/145 2936/1543/308 3003/1264/558
f 1075/1544/566 1074/1545/671 1082/1546/563
f 1350/1547/535 1360/1483/642 1330/1482/232
f 1328/608/269 1338/944/370 1348/1548/616
f 1602/1549/453 2159/1550/672 1603/1551/542
f 523/1505/653 525/1552/673 513/982/435
f 1974/1553/674 2707/1554/674 1982/1555/674
f 1594/1556/675 1604/1557/675 1600/1558/675
f 776/1559/676 778/1560/676 783/1561/676
f 1051/1562/415 1083/1563/677 1048/1564/483
f 755/727/219 781/1565/462 785/1012/449
f 786/1541/669 796/1540/668 791/1566/646
f 785/1567/449 781/1568/462 780/1569/551
f 1346/1337/588 1351/1570/678 1345/1338/589
f 1067/1208/532 1071/1148/507 1081/1571/641
f 1582/1167/493 1601/1572/605 1585/1162/514
f 1083/1563/677 1051/1562/415 1090/1573/576
f 1590/1280/567 1585/1162/514 1601/1572/605
f 2688/976/337 2702/1574/520 2690/1245/351
f 504/1575/679 508/1576/679 526/1577/679
f 1352/1578/680 1337/1579/303 1342/1580/432
f 786/1581/669 791/1491/646 772/1490/645
f 1088/1582/638 1073/1583/618 1080/1584/681
f 1343/1143/414 1345/1353/589 1365/1585/682
f 1786/1137/503 1794/1586/683 1785/1112/491
f 1788/1179/521 1881/1237/543 1790/1367/601
f 2700/1526/230 2712/1249/550 2702/1587/520
f 1086/1588/684 1082/1546/563 1074/1545/671
f 1081/1589/641 1071/1320/507 1082/1272/563
f 2143/867/387 2150/1590/630 2148/1396/602
f 1343/1143/414 1365/1585/682 1597/1591/661
f 1074/1545/671 1079/1592/607 1086/1588/684
f 1604/1433/628 1610/1432/627 1605/1593/685
f 1052/1594/495 1069/1595/488 1593/1596/624
f 1605/1597/686 1600/1598/686 1604/1599/686
f 1086/1600/687 1091/1601/687 1082/1602/687
f 1798/1603/502 1801/1604/688 1786/1137/503
f 1351/1570/678 1346/1337/588 1347/1605/689
f 1606/1606/690 1603/1607/690 1617/1608/690
f 782/1609/691 792/1610/691 795/1611/691
f 2335/1477/625 2324/1325/523 2333/1612/692
f 1983/1410/617 1984/1613/546 1977/1409/410
f 1080/1614/693 1073/1615/693 1083/1616/693
f 1593/1427/624 2159/1617/672 1602/1425/453
f 1793/1618/694 1785/1619/491 1794/1620/683
f 292/1621/695 245/1622/695 278/1623/695
f 1796/1624/696 1784/955/421 1984/1244/546
f 1072/1385/608 1070/1120/494 1789/1625/697
f 2701/1349/529 2731/1626/698 2689/780/346
f 1348/1548/616 1353/1627/699 1328/608/269
f 2743/572/160 2703/1628/700 2677/573/257
f 301/1629/408 300/1518/411 302/1517/658
f 2704/1630/487 2705/1631/701 2706/1632/584
f 2947/1633/554 2328/1634/416 2952/1635/702
f 796/1540/668 776/1539/667 783/1636/703
f 245/1637/704 292/1062/271 148/1064/467
f 1599/1489/644 1607/1638/664 1598/1487/636
f 265/1639/705 148/1640/705 286/1641/705
f 2152/1321/581 2151/1642/706 2150/1437/630
f 147/1643/338 760/1644/322 787/1645/707
f 1620/1435/629 1597/1528/661 1365/1646/682
f 302/1647/658 293/972/248 299/974/431
f 1081/1648/641 1082/1649/563 1091/1650/708
f 2952/1635/702 2955/1651/553 2947/1633/554
f 1582/1652/709 1608/1653/709 1613/1654/709
f 763/778/290 788/1655/710 769/836/372
f 1337/921/303 1446/1656/515 1334/1006/312
f 1083/1657/711 1093/1658/711 1080/1659/711
f 1589/1660/712 1592/1661/712 1612/1662/712
f 2697/1663/621 2718/1664/713 2707/1665/654
f 764/790/352 788/1666/710 763/656/290
f 513/1110/435 525/1667/673 527/1668/714
f 152/1669/533 165/1670/715 156/1671/403
f 1332/698/245 1357/810/360 1363/1672/716
f 1609/1673/717 1593/1596/624 1069/1595/488
f 2940/960/424 2950/1438/390 2951/1674/547
f 2950/1438/390 2953/1675/579 2951/1674/547
f 293/972/248 302/1647/658 298/1676/538
f 1795/1677/718 1881/1237/543 1783/1678/480
f 1078/1679/719 1084/1680/719 1094/1681/719
f 2706/1632/584 2718/1682/713 2698/1683/585
f 2948/1342/591 2934/678/300 2957/1684/583
f 278/1685/720 245/1686/720 152/1687/720
f 1801/1604/688 1794/1586/683 1786/1137/503
f 2954/1688/721 2939/1232/397 2955/748/331
f 2955/1651/553 2952/1635/702 2956/1689/722
f 2327/1271/562 2332/1532/663 2336/1690/723
f 1784/1093/421 1796/1691/696 1797/1542/670
f 1328/880/269 1362/1692/724 1344/1188/525
f 2698/1693/585 2718/1664/713 2697/1663/621
f 1081/1476/641 1085/1694/725 1077/1293/570
f 1086/1695/684 1079/1474/607 1087/1473/640
f 803/1696/726 771/1697/412 789/1698/347
f 1606/1699/473 2151/1700/706 2152/1701/581
f 1798/1702/502 1790/1367/601 1795/1677/718
f 2690/1703/351 2702/1704/520 2701/1705/660
f 1621/1706/727 1610/1707/727 1611/1708/727
f 1610/1709/728 1621/1710/728 1605/1711/728
f 2686/891/296 2714/1712/729 2691/812/358
f 1796/1713/696 1984/1613/546 1800/1714/730
f 2955/1715/731 2956/1716/731 2954/1717/731
f 803/1718/726 789/920/347 769/836/372
f 1086/1719/732 1087/1720/732 1088/1721/732
f 2953/1675/579 2966/1722/733 2951/1674/547
f 1610/1723/734 1601/1724/734 1611/1725/734
f 1589/1347/594 1612/1726/735 1069/1443/488
f 1081/1648/641 1091/1650/708 1089/1727/736
f 513/1110/435 528/1728/737 514/1108/489
f 153/1729/738 147/1730/738 787/1731/738
f 1613/1732/739 1616/1733/739 1615/1734/739
f 1077/1735/740 1085/1736/740 1084/1737/740
f 1881/1237/543 1795/1677/718 1790/1367/601
f 1605/1738/741 1598/1739/741 1607/1740/741
f 2326/1261/556 2334/1741/742 2332/1532/663
f 2150/1590/630 2153/1742/743 2148/1396/602
f 2951/1674/547 2966/1722/733 2957/1743/583
f 1983/1410/617 1981/1744/565 1985/1745/744
f 795/1746/745 792/1747/745 790/1748/745
f 1084/1749/746 1085/1750/725 1094/1751/747
f 1358/1129/499 535/1128/498 539/1752/748
f 2702/1704/520 2708/1753/749 2701/1705/660
f 1982/1754/750 2707/1755/750 2716/1756/750
f 1606/1699/473 1617/1757/751 2151/1700/706
f 1090/1758/752 1093/1759/752 1083/1760/752
f 2958/1761/753 2953/1318/579 2921/614/273
f 1797/1762/670 1798/1702/502 1795/1677/718
f 1797/1763/754 1796/1764/754 1800/1765/754
f 2150/1437/630 2151/1642/706 2157/1766/755
f 1797/1767/670 1801/1768/688 1798/1769/502
f 531/1770/756 528/1728/737 513/1110/435
f 1620/1771/757 1608/1772/757 1582/1773/757
f 2691/1103/358 2714/1774/729 2704/1104/487
f 2154/1775/758 2149/1776/758 2155/1777/758
f 794/1778/759 784/1084/443 886/1083/476
f 1345/1779/760 1351/1780/760 1365/1781/760
f 513/1110/435 527/1668/714 531/1770/756
f 149/1332/587 147/1334/338 153/1782/761
f 288/1286/396 298/1285/538 302/1517/658
f 1096/1783/762 1091/1784/763 1099/1785/764
f 1611/1786/765 1601/1380/605 1615/1363/599
f 524/1787/552 528/1788/737 529/1789/766
f 2147/1401/504 2155/1790/767 2149/1399/614
f 518/1290/243 522/1497/649 542/1291/434
f 1354/1791/295 1333/708/233 1361/1792/768
f 791/1793/646 792/1794/769 782/1795/647
f 182/1796/770 299/1231/431 294/1016/450
f 1069/1797/488 1612/1798/735 1614/1799/771
f 2710/1800/772 2701/1801/772 2708/1802/772
f 1797/1803/670 1795/1677/718 1783/1678/480
f 1092/1804/773 1093/1805/774 1090/1806/576
f 1089/1807/775 1078/1808/775 1094/1809/775
f 1982/1465/613 2716/1810/776 1985/1811/744
f 1086/1812/777 1088/1582/638 1080/1584/681
f 1797/1767/670 1799/1813/778 1801/1768/688
f 2147/1372/504 2148/1371/602 2155/1814/767
f 2953/1675/579 2958/1815/753 2966/1722/733
f 1086/1816/777 1099/1785/764 1091/1784/763
f 1355/1817/779 1342/1818/432 1356/1819/780
f 1609/1820/781 1069/1821/781 1614/1822/781
f 1357/1823/782 1358/1824/782 1363/1825/782
f 2155/1814/767 2148/1371/602 2153/1826/743
f 1598/1827/636 1619/1828/783 1592/1829/620
f 1085/1830/725 1081/1648/641 1089/1727/736
f 1797/1767/670 1800/1831/730 1799/1813/778
f 2689/780/346 2709/1832/784 2686/666/296
f 539/1833/748 1366/1834/785 1358/1835/499
f 1092/1836/773 1072/1385/608 1789/1625/697
f 1615/1837/786 1616/1838/786 1611/1839/786
f 1344/1840/787 1362/1841/787 1347/1842/787
f 2151/1700/706 1617/1757/751 2158/1843/788
f 2157/1766/755 2153/1844/743 2150/1437/630
f 2939/1232/397 2954/1688/721 2959/1845/789
f 2324/1472/523 2154/1471/639 2333/1846/692
f 1605/1847/790 1619/1848/783 1598/1849/636
f 793/1850/791 791/1851/791 796/1852/791
f 806/1853/792 780/1250/551 771/1117/412
f 1090/1313/576 1072/1424/608 1092/1854/773
f 1094/1751/747 1085/1750/725 1089/1855/736
f 2701/1856/529 2710/1857/793 2711/1858/794
f 2702/1704/520 2712/1859/550 2708/1753/749
f 2948/1860/591 2957/1743/583 2960/1861/795
f 2725/1862/796 2703/1628/700 2743/572/160
f 1359/1863/797 1351/1570/678 1347/1605/689
f 3002/527/236 3004/1864/798 2999/525/71
f 1351/1865/799 1359/1866/799 1365/1867/799
f 1089/1868/800 1091/1869/800 1096/1870/800
f 2936/695/308 2961/1871/801 2973/1872/802
f 1342/1580/432 1355/1873/779 1352/1578/680
f 2952/1874/702 2327/1271/562 2336/1690/723
f 2712/1859/550 2713/1875/803 2708/1753/749
f 1616/1876/804 1620/1877/804 1611/1878/804
f 1332/698/245 1363/1672/716 1350/1538/535
f 2706/1632/584 2705/1631/701 2718/1682/713
f 2716/1879/805 2707/1880/805 2718/1881/805
f 2711/1882/794 2731/1626/698 2701/1349/529
f 2952/1874/702 2328/1883/416 2327/1271/562
f 1356/1819/780 1342/1818/432 1360/1884/642
f 2334/1741/742 2336/1690/723 2332/1532/663
f 519/1466/275 524/1253/552 530/1885/806
f 609/1886/807 526/1887/807 532/1888/807
f 2705/1889/808 2704/1890/808 2714/1891/808
f 1593/1427/624 1609/1892/717 2159/1617/672
f 1356/1893/780 1360/1483/642 1350/1547/535
f 538/1894/809 301/1629/408 302/1517/658
f 2921/1895/810 2964/1896/810 2958/1897/810
f 796/1898/668 783/1899/703 784/1084/443
f 1093/1900/811 1095/1901/811 1080/1902/811
f 784/1084/443 794/1778/759 796/1898/668
f 2948/1350/591 2961/1871/801 2936/695/308
f 2731/1626/698 2715/1903/812 2689/780/346
f 1092/1904/813 1793/1618/694 1794/1620/683
f 787/1645/707 760/1644/322 797/1905/814
f 1347/1605/689 1362/1906/724 1359/1863/797
f 528/1788/737 531/1907/756 529/1789/766
f 516/1127/497 532/1908/815 536/1504/652
f 533/1909/575 519/1910/275 530/1911/806
f 3101/1912/816 2999/525/71 3004/1864/798
f 1328/880/269 1353/1913/699 1364/1914/817
f 2779/1522/592 2964/1915/818 2921/1520/224
f 793/1916/819 792/1794/769 791/1793/646
f 2714/1712/729 2686/891/296 2716/1917/820
f 1620/1918/821 1613/1919/821 1608/1920/821
f 1620/1921/822 1616/1922/822 1613/1923/822
f 1100/1924/823 1092/1925/823 1794/1926/823
f 1789/1927/824 1793/1928/824 1092/1929/824
f 2713/1875/803 2717/1930/825 2708/1753/749
f 771/1697/412 803/1696/726 806/1931/792
f 527/1932/826 525/1933/826 534/1934/826
f 1982/1465/613 1985/1811/744 1981/1463/565
f 769/836/372 788/1655/710 803/1935/726
f 1986/1936/827 1984/1613/546 1983/1410/617
f 2716/1917/820 2686/891/296 2720/1937/828
f 2326/1261/556 2335/1428/625 2334/1938/742
f 1375/1939/829 1337/1579/303 1352/1578/680
f 1611/1940/830 1620/1941/629 1618/1942/831
f 1619/1828/783 1612/1943/735 1592/1829/620
f 2779/1343/592 2939/896/397 2963/1944/832
f 2966/1722/733 2962/1945/833 2957/1743/583
f 1089/1946/834 1096/1947/834 1078/1948/834
f 2962/1945/833 2960/1861/795 2957/1743/583
f 2714/1949/729 2716/1950/820 2718/1951/713
f 535/1952/498 536/1953/652 537/1954/835
f 760/728/322 785/1012/449 807/1955/836
f 801/1956/837 153/1957/761 787/1958/707
f 301/1959/408 538/1960/809 521/1415/490
f 1789/1961/838 1092/1962/838 1097/1963/838
f 2959/1845/789 2963/1964/832 2939/1232/397
f 3004/1965/798 3002/746/236 3005/1966/839
f 1364/1914/817 1362/1692/724 1328/880/269
f 301/1959/408 521/1415/490 509/686/302
f 149/1967/587 153/1968/761 159/1969/840
f 1354/664/295 1361/1970/768 1348/1406/616
f 2952/1971/702 2971/1972/841 2954/1973/721
f 810/1974/842 790/1975/843 792/1976/769
f 2971/1977/844 2952/1978/844 2336/1979/844
f 280/1239/544 182/1980/770 294/1240/450
f 1361/1792/768 1333/708/233 1446/1163/515
f 794/1981/759 886/1982/476 1078/1983/845
f 2718/1951/713 2705/1984/701 2714/1949/729
f 810/1974/842 795/1985/846 790/1975/843
f 1362/1986/724 1382/1987/847 1359/1988/797
f 2968/1989/848 2966/1722/733 2958/1815/753
f 524/1787/552 529/1789/766 530/1990/806
f 1095/1991/849 1086/1992/777 1080/1993/681
f 793/1994/819 810/1974/842 792/1976/769
f 2709/1832/784 2689/780/346 2715/1903/812
f 2151/1642/706 2158/1995/788 2157/1766/755
f 2936/1543/308 2973/1996/802 3003/1264/558
f 1363/1997/716 1358/1835/499 1366/1834/785
f 1800/1714/730 1984/1613/546 1986/1936/827
f 1362/1986/724 1364/1998/817 1382/1987/847
f 1983/1410/617 1985/1745/744 1986/1936/827
f 807/1999/836 785/1567/449 780/1569/551
f 2335/2000/625 2333/2001/692 2334/2002/742
f 535/1952/498 547/2003/850 539/2004/748
f 1359/1988/797 1620/2005/629 1365/2006/682
f 810/1974/842 793/1994/819 794/1981/759
f 1621/2007/851 1619/1848/783 1605/1847/790
f 539/2008/748 547/2009/850 1366/2010/785
f 2719/2011/852 2716/2012/852 2720/2013/852
f 2958/2014/853 2964/2015/853 2965/2016/853
f 1801/2017/854 1100/2018/854 1794/2019/854
f 1603/1551/542 2159/1550/672 1617/2020/855
f 1621/2021/856 1611/2022/856 1618/2023/856
f 1367/2024/857 1361/1792/768 1446/1163/515
f 2971/1972/841 2959/2025/789 2954/1973/721
f 1367/2026/857 1446/2027/515 1337/2028/303
f 795/2029/858 799/2030/858 779/2031/858
f 2956/2032/722 2952/1971/702 2954/1973/721
f 2723/2033/859 2711/1858/794 2710/1857/793
f 793/1994/819 796/2034/668 794/1981/759
f 2676/553/247 2721/2035/860 2712/1480/550
f 525/1552/673 523/1505/653 534/2036/861
f 2962/2037/833 2966/2038/733 2967/2039/862
f 2712/2040/550 2721/2041/860 2713/2042/803
f 523/2043/653 527/2044/714 534/2045/861
f 159/1969/840 153/1968/761 801/2046/837
f 2334/2002/742 2971/2047/863 2336/2048/723
f 540/2049/864 527/2044/714 523/2043/653
f 2334/2002/742 2156/2050/865 2971/2047/863
f 535/1952/498 537/1954/835 547/2003/850
f 3002/746/236 3003/1264/558 3005/1966/839
f 1620/2005/629 1359/1988/797 1382/1987/847
f 787/1958/707 797/2051/814 798/2052/866
f 1612/1798/735 1619/2053/783 1614/1799/771
f 1985/2054/744 2716/2055/776 1987/2056/867
f 2334/2002/742 2333/2001/692 2156/2050/865
f 2967/2057/862 2966/2058/733 2968/2059/848
f 531/2060/756 527/2061/714 540/2062/864
f 810/2063/842 1078/2064/845 1098/2065/868
f 760/1644/322 807/2066/836 797/1905/814
f 536/1953/652 532/2067/815 537/1954/835
f 151/2068/526 149/1967/587 159/1969/840
f 2154/2069/639 2156/2050/865 2333/2001/692
f 1986/2070/869 1985/2071/869 1987/2072/869
f 1095/2073/849 1093/1805/774 1092/1804/773
f 799/2074/870 795/2075/846 800/2076/871
f 2710/1857/793 2708/2077/749 2723/2033/859
f 810/1974/842 794/1981/759 1078/1983/845
f 1086/1992/777 1095/1991/849 1099/2078/764
f 1366/2010/785 547/2009/850 1368/2079/872
f 1800/1831/730 1986/2080/827 1799/1813/778
f 1987/2081/867 1799/1813/778 1986/2080/827
f 2716/2055/776 2719/2082/873 1987/2056/867
f 2154/2083/639 2155/2084/767 2156/2085/865
f 1363/2086/716 1355/1817/779 1356/1819/780
f 1367/2026/857 1337/2028/303 1375/2087/829
f 1618/2088/831 1620/2089/629 1621/2090/851
f 1801/1768/688 1799/1813/778 1100/2091/874
f 2774/2092/875 2963/1964/832 2959/1845/789
f 801/2093/837 802/2094/876 159/2095/840
f 531/2060/756 541/2096/877 529/2097/766
f 555/2098/878 531/2060/756 540/2062/864
f 1099/2099/764 1078/2064/845 1096/2100/762
f 2961/2101/801 2948/1860/591 2960/1861/795
f 2157/2102/755 2158/2103/788 2159/2104/672
f 1617/2105/879 2159/2106/879 2158/2107/879
f 1621/2108/851 1609/1892/717 1619/2053/783
f 2677/573/257 2722/2109/880 2676/553/247
f 787/1958/707 798/2052/866 801/1956/837
f 148/1064/467 154/2110/881 245/1637/704
f 1609/1892/717 1614/1799/771 1619/2053/783
f 542/1291/434 522/1497/649 543/2111/882
f 2717/1930/825 2713/1875/803 2738/2112/883
f 807/2113/836 780/1250/551 806/1853/792
f 1366/2010/785 1368/2079/872 1363/2114/716
f 2968/1989/848 2958/1815/753 2965/2115/884
f 523/2116/653 542/2117/434 543/2118/882
f 2969/2119/885 2960/1861/795 2962/1945/833
f 2153/2120/743 2157/2102/755 2155/2084/767
f 532/2067/815 544/2121/886 537/1954/835
f 1799/1813/778 1987/2081/867 1100/2122/874
f 2962/2037/833 2967/2039/862 2970/2123/887
f 1370/2124/888 1388/2125/889 1361/1792/768
f 1095/2073/849 1806/2126/890 1099/2099/764
f 1361/1970/768 1379/2127/891 1348/1406/616
f 2156/2085/865 2155/2084/767 2157/2102/755
f 521/1111/490 538/2128/809 522/1497/649
f 2715/1903/812 2731/1626/698 2419/2129/892
f 2971/2130/893 2774/2131/893 2959/2132/893
f 2419/2133/894 2711/1858/794 2723/2033/859
f 1624/2134/895 1621/2108/851 1697/2135/896
f 1624/2134/895 2159/1617/672 1609/1892/717
f 529/2136/766 541/2096/877 545/2137/897
f 1356/1893/780 1350/1547/535 1363/2138/716
f 546/2139/898 523/2116/653 543/2118/882
f 2720/2140/828 2686/666/296 2709/1832/784
f 2971/2141/863 2778/2142/899 2774/2143/875
f 1353/1913/699 1378/2144/900 1364/1914/817
f 155/2145/901 151/2068/526 159/1969/840
f 1620/2089/629 1697/2146/896 1621/2090/851
f 2157/2102/755 2160/2147/902 2156/2085/865
f 1078/2064/845 1099/2099/764 1098/2065/868
f 1806/2126/890 1092/1804/773 1100/2148/874
f 2711/2149/903 2727/2150/903 2731/2151/903
f 1624/2152/895 2157/2102/755 2159/2104/672
f 182/1980/770 280/1239/544 163/2153/904
f 280/2154/544 156/2155/403 165/2156/715
f 1099/2099/764 1806/2126/890 1098/2065/868
f 803/2157/905 804/2158/905 806/2159/905
f 1355/2160/906 1369/2161/906 1352/2162/906
f 2971/2141/863 2775/2163/907 2778/2142/899
f 2722/2109/880 2677/573/257 2703/1628/700
f 148/2164/467 151/2068/526 154/2165/881
f 2708/2166/749 2717/2167/825 2729/2168/908
f 1098/2169/868 1101/2170/909 810/2171/842
f 529/2136/766 545/2137/897 530/2172/806
f 1370/2173/888 1352/2174/680 1369/2175/910
f 1371/2176/911 1353/1627/699 1348/1548/616
f 1620/2089/629 1382/2177/847 1697/2146/896
f 1806/2126/890 1095/2073/849 1092/1804/773
f 1624/2152/895 2160/2147/902 2157/2102/755
f 1372/2178/912 1368/2079/872 547/2009/850
f 1987/2081/867 1802/2179/913 1100/2122/874
f 2723/2180/859 2708/2181/749 2724/2182/914
f 2970/2123/887 2967/2039/862 2972/2183/915
f 2737/2184/916 2703/1628/700 2725/1862/796
f 2720/2185/828 2414/2186/917 2719/2187/873
f 578/2188/918 1373/2189/919 537/2190/835
f 1802/2191/913 1987/2192/867 1803/2193/920
f 804/2194/921 805/2195/921 806/2196/921
f 1802/2179/913 1806/2197/890 1100/2122/874
f 2964/1915/818 2779/1522/592 2976/2198/922
f 2708/2166/749 2729/2168/908 2724/2199/914
f 2968/2059/848 2972/2200/915 2967/2057/862
f 1624/2134/895 1609/1892/717 1621/2108/851
f 2979/2201/923 2960/1861/795 2969/2119/885
f 797/2051/814 806/2202/792 798/2052/866
f 151/2068/526 155/2145/901 154/2165/881
f 555/2098/878 541/2096/877 531/2060/756
f 159/1969/840 157/2203/924 155/2145/901
f 158/2204/925 159/2205/840 802/2206/876
f 1370/2173/888 1377/2207/926 1352/2174/680
f 547/2208/850 537/2190/835 1373/2189/919
f 557/2209/927 537/1954/835 544/2121/886
f 526/2210/650 544/2121/886 532/2067/815
f 1372/2211/912 547/2212/850 1376/2213/928
f 797/2051/814 807/2214/836 806/2202/792
f 2721/2035/860 2676/553/247 2722/2109/880
f 2719/2215/873 1988/2216/929 1990/2217/930
f 1987/2192/867 1804/2218/931 1803/2193/920
f 2722/2109/880 2703/1628/700 2730/2219/932
f 1372/2178/912 1389/2220/933 1368/2079/872
f 1630/2221/934 2161/2222/935 1624/2223/895
f 547/2212/850 1373/2224/919 1376/2213/928
f 2724/2182/914 2420/2225/936 2723/2180/859
f 2743/2226/160 2999/525/71 3101/1912/816
f 1098/2169/868 1806/2227/890 1102/2228/937
f 2156/2229/865 2342/2230/938 2971/2231/863
f 1369/2232/910 1355/2233/779 1374/2234/939
f 152/1669/533 245/2235/704 165/1670/715
f 1987/2236/867 2719/2237/873 1989/2238/940
f 2713/2042/803 2721/2041/860 2722/2239/880
f 164/2240/941 158/2241/925 808/2242/942
f 3100/2243/943 3005/1966/839 3003/1264/558
f 548/2244/944 540/2049/864 523/2043/653
f 2750/2245/945 2738/2246/883 2713/2042/803
f 827/2247/946 788/1666/710 764/790/352
f 157/2248/924 159/2205/840 158/2204/925
f 2723/2249/947 2420/2250/947 2419/2251/947
f 1375/2252/829 1352/2174/680 1377/2207/926
f 157/2248/924 158/2204/925 161/2253/948
f 1373/2254/919 549/2255/949 1376/2256/928
f 2976/2257/922 2972/2200/915 2968/2059/848
f 1987/2192/867 1807/2258/950 1805/2259/951
f 549/2260/949 1373/2261/919 550/2262/952
f 2973/2263/802 2961/2101/801 2960/1861/795
f 160/2264/953 280/2154/544 165/2156/715
f 2415/2265/954 2719/2187/873 2414/2186/917
f 548/2244/944 523/2043/653 546/2266/898
f 1624/2267/895 1622/2268/955 1630/2269/934
f 1377/2270/926 1367/2026/857 1375/2087/829
f 1623/2271/956 1697/2272/896 1382/2273/847
f 2971/2231/863 2342/2230/938 2337/2274/957
f 2737/2275/958 2725/2276/958 2742/2277/958
f 2779/2278/592 2963/2279/832 2776/2280/959
f 2338/2281/960 2775/2163/907 2971/2141/863
f 1368/2079/872 1355/2282/779 1363/2114/716
f 2775/2283/961 2777/2284/961 2778/2285/961
f 2719/2237/873 1990/2286/930 1989/2238/940
f 1382/2287/847 1364/2288/817 1378/2289/900
f 538/1894/809 302/1517/658 305/2290/962
f 802/2291/876 808/2292/942 158/2293/925
f 1624/2294/895 1625/2295/963 1622/2268/955
f 1655/2296/964 1697/2272/896 1623/2271/956
f 813/2297/965 825/2298/966 810/2299/842
f 1802/2191/913 1810/2300/967 1806/2301/890
f 1369/2175/910 1374/2302/939 1370/2173/888
f 2418/2303/968 1988/2216/929 2719/2215/873
f 1110/2304/969 1806/2305/890 1810/2306/967
f 2965/2115/884 2976/2307/922 2968/1989/848
f 2162/2308/970 2156/2309/865 2160/2310/902
f 1355/2282/779 1368/2079/872 1389/2220/933
f 2414/2311/917 2720/2312/828 2416/2313/971
f 2344/2314/972 2342/2230/938 2156/2229/865
f 803/2315/973 812/2316/973 804/2317/973
f 2970/2123/887 2974/2318/974 2962/2037/833
f 2726/2319/975 2727/2320/976 2711/2321/794
f 803/1935/726 788/1655/710 812/2322/977
f 164/2240/941 174/2323/978 158/2241/925
f 2735/2324/979 2750/2245/945 2713/2042/803
f 541/2096/877 555/2098/878 564/2325/980
f 3004/1965/798 3005/1966/839 3100/2243/943
f 2779/2326/592 2798/2327/981 2976/2328/922
f 801/1956/837 798/2052/866 840/2329/982
f 2964/2330/818 2975/2331/983 2965/2332/984
f 1371/2176/911 1348/1548/616 1379/2333/891
f 1367/2024/857 1377/2334/926 1370/2124/888
f 549/2335/949 550/2336/952 572/2337/985
f 533/1909/575 530/1911/806 545/2338/897
f 804/2339/986 809/2340/987 805/2341/988
f 1805/2342/951 1807/2343/950 1992/2344/989
f 1991/2345/990 1996/2346/991 2418/2347/968
f 1996/2346/991 1988/2348/929 2418/2347/968
f 2337/2274/957 2338/2349/960 2971/2231/863
f 1992/2350/989 1807/2351/950 2002/2352/992
f 1355/2233/779 1389/2353/933 1374/2234/939
f 1996/2354/991 1991/2355/990 1993/2356/993
f 804/2339/986 827/2357/946 809/2340/987
f 2337/2358/994 2339/2359/994 2338/2360/994
f 1624/2294/895 1697/2272/896 1625/2295/963
f 2160/2310/902 2163/2361/995 2162/2308/970
f 160/2264/953 165/2156/715 172/2362/996
f 2962/2037/833 2974/2318/974 2969/2363/885
f 2176/2364/997 2160/2310/902 1624/2223/895
f 1361/1792/768 1367/2024/857 1370/2124/888
f 2342/2230/938 2344/2314/972 2373/2365/998
f 2164/2366/999 1630/2367/999 1629/2368/999
f 2164/2369/1000 2161/2370/935 1630/2371/934
f 1381/2372/1001 1623/2373/1001 1382/2374/1001
f 1110/2375/1002 1810/2376/1002 1808/2377/1002
f 1101/2378/909 813/2297/965 810/2299/842
f 809/2379/1003 798/2052/866 806/2202/792
f 2165/2380/1004 2347/2381/1004 2344/2382/1004
f 2339/2383/1005 2340/2384/1005 2338/2385/1005
f 2711/2321/794 2419/2386/894 2726/2319/975
f 2965/2387/1006 2975/2388/1006 2976/2389/1006
f 2964/2330/818 2976/2390/922 2975/2331/983
f 2715/2391/812 2427/2392/1007 2709/2393/784
f 1987/2192/867 1805/2259/951 1804/2218/931
f 1103/2394/1008 1806/2305/890 1110/2304/969
f 1103/2395/1008 1102/2228/937 1806/2227/890
f 2735/2324/979 2713/2042/803 2722/2239/880
f 1990/2396/930 1994/2397/1009 1989/2398/940
f 1381/2399/1010 1632/2400/1011 1623/2401/1012
f 814/2402/1013 813/2403/1013 811/2404/1013
f 813/2405/965 1101/2406/909 811/2407/1014
f 553/2408/1015 546/2139/898 543/2118/882
f 161/2409/948 158/2241/925 174/2323/978
f 1632/2400/1011 1381/2399/1010 1626/2410/1016
f 2342/2411/1017 2341/2412/1017 2337/2413/1017
f 2734/2414/1018 2750/2245/945 2735/2324/979
f 2977/2415/1019 2981/2416/1020 2970/2417/887
f 2414/2186/917 2416/2313/971 2415/2265/954
f 1697/2272/896 1655/2296/964 1627/2418/1021
f 810/2419/842 800/2420/871 795/2421/846
f 805/2422/1022 809/2423/1022 806/2424/1022
f 563/2425/1023 541/2096/877 564/2325/980
f 548/2244/944 555/2426/878 540/2049/864
f 522/1497/649 551/2427/1024 543/2111/882
f 299/2428/1025 304/2429/1025 302/2430/1025
f 2344/2431/972 2156/2309/865 2191/2432/1026
f 2156/2309/865 2162/2308/970 2191/2432/1026
f 162/2433/1027 245/1637/704 154/2110/881
f 2727/2434/1028 2726/2435/1028 2731/2436/1028
f 2720/2140/828 2709/1832/784 2728/2437/1029
f 280/2154/544 171/2438/1030 163/2439/904
f 1987/2236/867 1995/2440/1031 1807/2441/950
f 554/2442/1032 550/2262/952 1373/2261/919
f 2165/2443/1033 2344/2444/1033 2191/2445/1033
f 2979/2201/923 3007/2446/1034 2960/1861/795
f 3006/2447/1035 2973/2263/802 2960/1861/795
f 1802/2191/913 1809/2448/1036 1814/2449/1037
f 2960/1861/795 3007/2446/1034 3006/2450/1035
f 1812/2451/1038 1808/2452/1039 1810/2453/967
f 2420/2454/936 2724/2455/914 2729/2456/908
f 3003/1264/558 2973/1996/802 3100/2243/943
f 2419/2457/892 2427/2392/1007 2715/2391/812
f 164/2458/941 168/2459/1040 174/2460/978
f 1098/2169/868 1105/2461/1041 1101/2170/909
f 2342/2462/1042 2373/2463/1042 2343/2464/1042
f 811/2465/1014 1107/2466/1043 814/2467/1044
f 522/1497/649 538/2128/809 552/2468/1045
f 2161/2370/935 2164/2369/1000 2177/2469/1046
f 1380/2470/1047 1381/2471/1047 1382/2472/1047
f 160/2264/953 171/2438/1030 280/2154/544
f 2415/2265/954 2418/2473/968 2719/2187/873
f 1991/2474/990 2421/2475/1048 2422/2476/1049
f 2977/2415/1019 2970/2417/887 2972/2477/915
f 549/2255/949 1400/2478/1050 1376/2256/928
f 1996/2479/1051 1997/2480/1051 1988/2481/1051
f 155/2145/901 162/2482/1027 154/2165/881
f 818/2483/1052 808/2292/942 802/2291/876
f 1628/2484/1053 1630/2269/934 1622/2268/955
f 827/2357/946 804/2339/986 812/2485/977
f 2415/2265/954 2417/2486/1054 2418/2473/968
f 1361/1792/768 1388/2125/889 1379/2487/891
f 548/2244/944 546/2266/898 553/2488/1015
f 2170/2489/1055 2165/2490/1055 2191/2491/1055
f 1997/2492/1056 1990/2217/930 1988/2216/929
f 578/2493/918 554/2442/1032 1373/2261/919
f 2161/2222/935 2176/2364/997 1624/2223/895
f 2344/2494/972 2347/2495/1057 2345/2496/1058
f 830/2497/1059 813/2498/965 814/2499/1044
f 1811/2500/1060 1805/2342/951 1992/2344/989
f 2974/2318/974 2979/2501/923 2969/2363/885
f 1991/2355/990 2422/2502/1049 1993/2356/993
f 1629/2503/1061 2166/2504/1062 2164/2505/1000
f 1382/2287/847 1378/2289/900 1383/2506/1063
f 764/937/352 779/1180/522 817/2507/1064
f 808/2508/942 818/2509/1052 815/2510/1065
f 554/2511/1032 572/2337/985 550/2336/952
f 226/2512/1066 245/1637/704 162/2433/1027
f 566/2513/1067 552/2514/1045 538/2515/809
f 582/2516/1068 564/2517/980 555/2518/878
f 544/2121/886 590/2519/1069 557/2209/927
f 1817/2520/1070 1811/2521/1060 1992/2522/989
f 2735/2324/979 2722/2239/880 2730/2523/932
f 2346/2524/1071 2337/2525/1071 2357/2526/1071
f 2337/2527/1072 2346/2528/1073 2339/2529/1074
f 1812/2530/1038 1816/2531/1075 1808/2532/1039
f 1808/2533/1039 1816/2534/1075 1111/2535/1076
f 533/1909/575 545/2338/897 590/2536/1069
f 1811/2500/1060 1804/2537/931 1805/2342/951
f 1995/2440/1031 1987/2236/867 1989/2238/940
f 2345/2538/1058 2347/2539/1057 2168/2540/1077
f 1622/2268/955 1625/2295/963 1627/2418/1021
f 825/2298/966 813/2297/965 830/2541/1059
f 800/2420/871 810/2419/842 816/2542/1078
f 840/2543/982 802/2094/876 801/2093/837
f 1384/2544/1079 1372/2211/912 1376/2213/928
f 548/2244/944 553/2488/1015 556/2545/1080
f 545/2137/897 541/2096/877 563/2425/1023
f 2717/2167/825 2754/2546/1081 2729/2168/908
f 1113/2547/1082 1098/2169/868 1102/2228/937
f 2177/2469/1046 2176/2548/997 2161/2370/935
f 1110/2549/1083 1808/2550/1083 1111/2551/1083
f 1627/2418/1021 1625/2295/963 1697/2272/896
f 306/2552/1084 303/2553/1085 560/2554/1086
f 2419/2555/1087 2731/2556/1087 2726/2557/1087
f 2348/2558/1088 2340/2559/1089 2339/2529/1074
f 1802/2191/913 1803/2193/920 1809/2448/1036
f 1626/2560/1016 1385/2561/1090 1633/2562/1091
f 537/2190/835 557/2563/927 578/2188/918
f 1102/2228/937 1103/2395/1008 1104/2564/1092
f 1372/2178/912 1384/2565/1079 1389/2220/933
f 764/790/352 817/2566/1064 827/2247/946
f 558/2567/1093 610/2568/1094 306/2569/1084
f 3006/2570/1035 3007/2571/1034 2973/2572/802
f 1810/2300/967 1802/2191/913 1814/2449/1037
f 1380/2573/1095 1382/2574/847 1383/2575/1063
f 2703/1628/700 2737/2184/916 2732/2576/1096
f 2165/2577/1097 2169/2578/1098 2168/2579/1077
f 1398/2580/1099 549/2335/949 572/2337/985
f 808/2581/942 168/2459/1040 164/2458/941
f 2978/2582/1100 2970/2417/887 2981/2416/1020
f 2798/2327/981 2779/2326/592 2776/2280/959
f 788/1666/710 827/2247/946 812/2583/977
f 1997/2584/1056 1996/2585/991 1993/2586/993
f 610/2587/1094 558/2588/1093 559/2589/1101
f 830/2497/1059 814/2499/1044 842/2590/1102
f 2780/2591/1103 2776/2280/959 2963/2279/832
f 1629/2592/1104 1630/2593/1104 1628/2594/1104
f 2725/2595/1105 2743/2596/1105 2742/2597/1105
f 560/2598/1086 561/2599/1106 558/2588/1093
f 182/1796/770 304/2600/1107 299/1231/431
f 548/2244/944 582/2516/1068 555/2518/878
f 809/2379/1003 840/2329/982 798/2052/866
f 2340/2559/1089 2348/2558/1088 2783/2601/1108
f 1817/2602/1070 1992/2603/989 2002/2604/992
f 1633/2605/1091 1632/2606/1011 1626/2607/1016
f 1804/2218/931 1813/2608/1109 1803/2193/920
f 174/2609/1110 168/2610/1110 179/2611/1110
f 305/2612/962 566/2513/1067 538/2515/809
f 1105/2613/1041 811/2407/1014 1101/2406/909
f 2373/2365/1111 2337/2274/1112 2342/2230/1113
f 1106/2614/1114 1107/2615/1043 811/2616/1014
f 562/2617/1115 548/2244/944 556/2545/1080
f 563/2618/1023 564/2619/980 576/2620/1116
f 1632/2606/1011 1633/2605/1091 1673/2621/1117
f 245/2622/704 226/2623/1066 165/2624/715
f 2346/2528/1073 2348/2558/1088 2339/2529/1074
f 1813/2625/1109 1809/2448/1036 1803/2193/920
f 1991/2474/990 2428/2626/1118 2421/2475/1048
f 1993/2627/993 2422/2628/1049 2001/2629/1119
f 1995/2630/1120 1998/2631/1120 2003/2632/1120
f 1995/2440/1031 2003/2633/1121 1807/2441/950
f 2168/2540/1077 2347/2539/1057 2165/2634/1097
f 827/2247/946 817/2566/1064 881/2635/1122
f 1390/2636/1123 549/2637/949 1398/2638/1099
f 818/2639/1052 820/2640/1124 815/2641/1065
f 1814/2642/1037 1812/2451/1038 1810/2453/967
f 1998/2643/1125 1995/2440/1031 1989/2238/940
f 2005/2644/1126 1999/2645/1127 1993/2627/993
f 2775/2163/907 2338/2281/960 2782/2646/1128
f 174/2323/978 166/2647/1129 161/2409/948
f 568/2648/1130 572/2649/1130 554/2650/1130
f 1632/2606/1011 1673/2621/1117 1639/2651/1131
f 799/2652/1132 819/2653/1133 779/2654/522
f 1626/2655/1016 1381/2656/1010 1386/2657/1134
f 2973/2572/802 3007/2571/1034 2982/2658/1135
f 2164/2659/1000 2166/2660/1062 2167/2661/1136
f 585/2662/1137 578/2188/918 557/2563/927
f 610/2568/1094 305/2663/962 306/2569/1084
f 2970/2123/887 2978/2664/1100 2974/2318/974
f 1387/2665/1138 1400/2666/1050 1402/2667/1139
f 561/2599/1106 559/2589/1101 558/2588/1093
f 1631/2668/1140 2166/2504/1062 1629/2503/1061
f 618/2669/1141 817/2507/1064 779/1180/522
f 2340/2670/1089 2781/2671/1142 2338/2672/960
f 2979/2673/923 2985/2674/1143 3007/2675/1034
f 2720/2312/828 2728/2676/1029 2416/2313/971
f 1111/2535/1076 1816/2534/1075 1108/2677/1144
f 811/2616/1014 1105/2461/1041 1106/2614/1114
f 1374/2234/939 1389/2353/933 1388/2678/889
f 2165/2577/1097 2170/2679/1145 2169/2578/1098
f 808/2581/942 821/2680/1146 168/2459/1040
f 1623/2681/1147 1632/2682/1147 1639/2683/1147
f 559/2589/1101 565/2684/1148 610/2587/1094
f 522/1497/649 552/2468/1045 551/2427/1024
f 839/2685/1149 814/2467/1044 1107/2466/1043
f 1812/2451/1038 1814/2642/1037 1828/2686/1150
f 808/2508/942 815/2510/1065 821/2687/1146
f 579/2688/1151 572/2689/1152 568/2690/1153
f 2781/2691/1142 2340/2692/1089 2783/2693/1108
f 1811/2521/1060 1817/2520/1070 1815/2694/1154
f 2415/2265/954 2416/2313/971 2417/2486/1054
f 306/2552/1084 560/2554/1086 558/2695/1093
f 1991/2696/1155 2418/2697/1155 2417/2698/1155
f 2422/2699/1049 2000/2700/1156 2012/2701/1157
f 2168/2702/1077 2169/2703/1098 2352/2704/1158
f 2348/2705/1088 2350/2706/1159 2349/2707/1160
f 2345/2496/1058 2373/2708/998 2344/2494/972
f 2733/2709/1161 2729/2456/908 2748/2710/1162
f 1110/2304/969 1109/2711/1163 1103/2394/1008
f 2748/2710/1162 2729/2456/908 2754/2712/1081
f 1370/2173/888 1374/2302/939 1388/2713/889
f 2739/2714/1164 2738/2715/1164 2750/2716/1164
f 2717/2167/825 2738/2717/883 2754/2546/1081
f 2001/2629/1119 2005/2644/1126 1993/2627/993
f 2169/2578/1098 2170/2679/1145 2178/2718/1165
f 533/1311/575 590/2719/1069 526/1498/650
f 2012/2701/1157 2001/2720/1119 2422/2699/1049
f 194/2721/1166 160/2722/953 172/2723/996
f 563/2425/1023 590/2724/1069 545/2137/897
f 1638/2725/1167 2167/2726/1167 2166/2727/1167
f 2781/2671/1142 2782/2728/1128 2338/2672/960
f 2352/2704/1158 2169/2703/1098 2173/2729/1168
f 2167/2730/1169 1638/2731/1169 1642/2732/1169
f 2348/2705/1088 2349/2707/1160 2783/2733/1108
f 305/2734/1170 610/2735/1170 566/2736/1170
f 1115/2737/1171 1107/2738/1171 1106/2739/1171
f 162/2482/1027 155/2145/901 157/2203/924
f 1628/2740/1172 1631/2741/1172 1629/2742/1172
f 554/2442/1032 578/2493/918 567/2743/1173
f 2703/1628/700 2732/2576/1096 2730/2219/932
f 2350/2744/1159 2785/2745/1174 2349/2746/1160
f 1994/2397/1009 2003/2747/1175 1989/2398/940
f 2162/2308/970 2163/2361/995 2191/2432/1026
f 1113/2547/1082 1102/2228/937 1104/2564/1092
f 1400/2748/1050 549/2637/949 1390/2636/1123
f 167/2749/1176 157/2248/924 161/2253/948
f 168/2750/1177 183/2751/1177 179/2752/1177
f 1816/2531/1075 1812/2530/1038 1823/2753/1178
f 1991/2754/1179 2417/2755/1179 2428/2756/1179
f 2002/2352/992 1807/2351/950 2003/2757/1121
f 1633/2758/1091 1634/2759/1180 1635/2760/1181
f 1115/2761/1182 835/2762/1183 1107/2763/1043
f 1380/2573/1095 1383/2575/1063 1392/2764/1184
f 1817/2765/1185 2004/2766/1185 1818/2767/1185
f 544/2121/886 526/2210/650 590/2768/1069
f 1631/2668/1140 1636/2769/1186 2166/2504/1062
f 2358/2770/1187 2168/2771/1187 2352/2772/1187
f 2972/2200/915 2976/2257/922 2977/2773/1019
f 1388/2774/1188 1389/2775/1188 1397/2776/1188
f 818/2777/1052 831/2778/1189 820/2779/1124
f 1390/2780/1123 1402/2667/1139 1400/2666/1050
f 568/2781/1153 554/2782/1032 575/2783/1190
f 2004/2784/1191 1817/2785/1191 2007/2786/1191
f 821/2787/1146 815/2641/1065 822/2788/1192
f 1820/2789/1193 1816/2790/1075 1823/2791/1178
f 1627/2418/1021 1628/2484/1053 1622/2268/955
f 572/2792/1194 579/2793/1194 573/2794/1194
f 821/2787/1146 822/2788/1192 824/2795/1195
f 2167/2796/1136 1642/2797/1196 2188/2798/1197
f 2742/2799/1198 2747/2800/1199 2736/2801/1200
f 815/2641/1065 820/2640/1124 822/2788/1192
f 1633/2758/1091 1385/2802/1090 1634/2759/1180
f 835/2803/1201 1115/2804/1201 829/2805/1201
f 2163/2361/995 2160/2310/902 2176/2364/997
f 2774/2806/875 2784/2807/1202 2963/2808/832
f 1817/2809/1203 1818/2810/1203 1815/2811/1203
f 1380/2573/1095 1392/2764/1184 1381/2812/1010
f 302/1517/658 304/2813/1107 305/2290/962
f 552/2514/1045 566/2513/1067 569/2814/1204
f 2346/2528/1073 2351/2815/1205 2348/2558/1088
f 1997/2584/1056 1993/2586/993 1999/2816/1127
f 168/2817/1206 169/2818/1206 183/2819/1206
f 557/2209/927 590/2519/1069 570/2820/1207
f 2002/2821/1208 2003/2822/1208 2024/2823/1208
f 1390/2824/1209 1398/2825/1209 1391/2826/1209
f 553/2408/1015 543/2118/882 551/2827/1024
f 1376/2256/928 1400/2478/1050 1395/2828/1210
f 2348/2705/1088 2351/2829/1205 2350/2706/1159
f 1387/2830/1138 1402/2831/1139 1404/2832/1211
f 2004/2833/1212 2007/2834/1212 2011/2835/1212
f 1823/2753/1178 1812/2530/1038 1828/2836/1150
f 819/2653/1133 618/2837/1141 779/2654/522
f 1820/2789/1193 1823/2791/1178 1822/2838/1213
f 578/2493/918 577/2839/1214 567/2743/1173
f 1390/2840/1215 1391/2841/1215 1402/2842/1215
f 2978/2582/1100 2981/2416/1020 2983/2843/1216
f 2002/2604/992 2024/2844/1217 1817/2602/1070
f 823/2845/1218 820/2846/1124 831/2847/1189
f 820/2846/1124 823/2845/1218 822/2848/1192
f 168/2459/1040 821/2680/1146 178/2849/1219
f 2733/2709/1161 2420/2454/936 2729/2456/908
f 1811/2500/1060 1809/2448/1036 1804/2537/931
f 1634/2850/1180 1649/2851/1220 1635/2852/1181
f 1816/2853/1075 1820/2854/1193 1108/2855/1144
f 2004/2856/1221 1829/2857/1221 1815/2858/1221
f 2783/2859/1108 2349/2860/1160 2786/2861/1222
f 2352/2862/1223 2362/2863/1223 2358/2864/1223
f 1108/2855/1144 1820/2854/1193 1114/2865/1224
f 1813/2608/1109 1804/2218/931 1809/2866/1036
f 2740/2867/1225 2734/2868/1018 2735/2869/979
f 2419/2870/892 2420/2871/936 2426/2872/1226
f 1823/2753/1178 1828/2836/1150 1824/2873/1227
f 170/2874/1228 163/2875/904 171/2876/1030
f 1654/2877/1229 1634/2850/1180 1637/2878/1230
f 2004/2879/1231 1815/2880/1231 1818/2881/1231
f 2736/2882/1232 2737/2883/1232 2742/2884/1232
f 2166/2885/1062 1657/2886/1233 1638/2887/1234
f 1386/2657/1134 1381/2656/1010 1392/2888/1184
f 2169/2889/1235 2178/2890/1235 2173/2891/1235
f 2730/2892/1236 2740/2893/1236 2735/2894/1236
f 1109/2711/1163 1104/2895/1092 1103/2394/1008
f 2443/2896/1237 2422/2897/1237 2421/2898/1237
f 2443/2899/1238 2000/2900/1238 2422/2901/1238
f 2350/2706/1159 2351/2829/1205 2361/2902/1239
f 1623/2903/1240 1639/2904/1240 1655/2905/1240
f 1105/2461/1041 1098/2169/868 1113/2547/1082
f 1641/2906/1241 1652/2907/1242 2188/2908/1197
f 1163/2909/1243 1106/2614/1114 1105/2461/1041
f 551/2910/1024 552/2514/1045 569/2814/1204
f 1109/2911/1244 1110/2912/1244 1111/2913/1244
f 2973/2914/1245 2982/2915/1245 2986/2916/1245
f 3004/2917/798 3008/2918/1246 3009/2919/1247
f 172/2920/996 165/2921/715 173/2922/1248
f 1635/2760/1181 1673/2923/1117 1633/2758/1091
f 1989/2924/1249 2003/2925/1249 1998/2926/1249
f 2164/2659/1000 2167/2661/1136 2172/2927/1250
f 194/2928/1166 196/2929/1251 160/2930/953
f 1385/2561/1090 1626/2560/1016 1386/2931/1134
f 842/2932/1102 814/2467/1044 839/2685/1149
f 2738/2933/1252 2739/2934/1252 2754/2935/1252
f 2979/2936/923 2974/2937/974 2808/2938/1253
f 1378/2144/900 1353/1913/699 1393/2939/1254
f 824/2940/1195 201/2941/1255 821/2942/1146
f 169/2943/1256 168/2944/1040 202/2945/1257
f 1636/2946/1186 1657/2886/1233 2166/2885/1062
f 2374/2947/1258 2373/2708/998 2345/2496/1058
f 1385/2948/1090 1637/2949/1230 1634/2950/1180
f 2782/2646/1128 2778/2142/899 2775/2163/907
f 565/2684/1148 566/2951/1067 610/2587/1094
f 1634/2850/1180 1654/2877/1229 1649/2851/1220
f 2350/2744/1159 2361/2952/1239 2355/2953/1259
f 2740/2954/1260 2730/2955/1260 2744/2956/1260
f 2798/2957/981 2977/2958/1019 2976/2959/922
f 2000/2960/1156 2020/2961/1261 2012/2962/1157
f 1832/2963/1262 1829/2964/1263 2004/2965/1264
f 2172/2927/1250 2177/2966/1046 2164/2659/1000
f 830/2967/1265 828/2968/1266 810/2969/842
f 1378/2970/900 1393/2971/1254 1383/2972/1063
f 1394/2973/1267 1395/2974/1210 1400/2975/1050
f 1655/2296/964 1681/2976/1268 1627/2418/1021
f 1396/2977/1269 1376/2256/928 1395/2828/1210
f 2001/2720/1119 2012/2701/1157 2005/2978/1126
f 2748/2979/1162 2741/2980/1270 2423/2981/1271
f 2423/2982/1272 2733/2983/1272 2748/2984/1272
f 182/1796/770 181/2985/1273 304/2600/1107
f 2980/2986/1274 2981/2987/1020 2789/2988/1275
f 196/2929/1251 171/2876/1030 160/2930/953
f 2009/2989/1276 1994/2397/1009 1990/2217/930
f 2734/2868/1018 2444/2990/1277 2750/2991/945
f 1990/2217/930 1997/2492/1056 2009/2989/1276
f 2171/2992/1278 2178/2718/1165 2170/2679/1145
f 830/2993/1279 810/2994/1279 825/2995/1279
f 856/2996/1280 201/2997/1255 824/2998/1195
f 2170/2999/1281 2191/3000/1281 2171/3001/1281
f 2012/2701/1157 2006/3002/1282 2005/2978/1126
f 1635/2760/1181 1650/3003/1283 1673/2923/1117
f 2741/2980/1270 2434/3004/1284 2423/2981/1271
f 2168/2540/1077 2374/3005/1258 2345/2538/1058
f 1115/3006/1285 1106/3007/1114 1131/3008/1286
f 2784/3009/1202 2774/2143/875 2778/2142/899
f 1397/3010/1287 1389/2220/933 1384/2565/1079
f 2982/3011/1135 3007/2675/1034 2985/2674/1143
f 2728/2676/1029 2430/3012/1288 2416/2313/971
f 1842/3013/1289 1112/3014/1290 1820/3015/1193
f 1635/2852/1181 1640/3016/1291 1650/3017/1283
f 818/2777/1052 833/3018/1292 831/2778/1189
f 822/2848/1192 823/2845/1218 856/2996/1280
f 1391/3019/1293 1398/3020/1293 1405/3021/1293
f 571/3022/1294 572/3023/1294 573/3024/1294
f 174/3025/978 175/3026/1295 176/3027/1296
f 585/2662/1137 557/2563/927 570/3028/1207
f 162/2482/1027 157/2203/924 177/3029/1297
f 2349/3030/1160 2785/3031/1174 2786/3032/1222
f 2752/3033/1298 2747/2800/1199 2742/2799/1198
f 2168/3034/1077 2358/3035/1299 2353/3036/1300
f 171/2876/1030 196/2929/1251 170/2874/1228
f 2003/2747/1175 1994/2397/1009 2036/3037/1301
f 1657/3038/1233 1641/3039/1241 1638/3040/1234
f 802/2094/876 840/2543/982 826/3041/1302
f 176/3042/1296 166/3043/1129 174/3044/978
f 574/3045/1303 556/2545/1080 553/2488/1015
f 553/3046/1015 551/2910/1024 574/3047/1303
f 1112/3014/1290 1114/3048/1224 1820/3015/1193
f 2007/3049/1304 1817/3050/1070 2008/3051/1305
f 3010/3052/1306 3100/2243/943 2973/1996/802
f 2977/3053/1307 2790/3054/1307 2981/3055/1307
f 1817/2602/1070 2024/2844/1217 2008/3056/1305
f 1811/2521/1060 1815/2694/1154 1819/3057/1308
f 824/2998/1195 822/2848/1192 856/2996/1280
f 1997/2584/1056 1999/2816/1127 2009/3058/1276
f 840/3059/1309 809/3060/1309 827/3061/1309
f 2188/2798/1197 2172/3062/1250 2167/2796/1136
f 1115/3063/1310 1131/3064/1310 1117/3065/1310
f 1822/3066/1311 1842/3067/1311 1820/3068/1311
f 1642/3069/1196 1638/3040/1234 1641/3039/1241
f 2789/2988/1275 2981/2987/1020 2787/3070/1312
f 2980/3071/1274 2983/3072/1216 2981/3073/1020
f 2173/3074/1168 2174/3075/1313 2186/3076/1314
f 303/3077/1085 306/3078/1084 187/3079/1315
f 2734/2868/1018 2740/2867/1225 2444/2990/1277
f 2013/3080/1316 2443/3081/1317 2425/3082/1318
f 2374/3005/1258 2168/2540/1077 2359/3083/1319
f 2188/2908/1197 1642/3084/1196 1641/2906/1241
f 1163/2909/1243 1105/2461/1041 1113/2547/1082
f 810/2419/842 828/3085/1266 816/2542/1078
f 168/2944/1040 178/3086/1219 202/2945/1257
f 179/3087/1320 180/3088/1321 175/3089/1295
f 175/3026/1295 174/3025/978 179/3090/1320
f 554/3091/1032 567/3092/1173 581/3093/1322
f 167/2749/1176 177/3094/1297 157/2248/924
f 2173/3074/1168 2186/3076/1314 2352/3095/1158
f 2748/2710/1162 2754/2712/1081 2445/3096/1323
f 1113/3097/1082 1104/2895/1092 1109/2711/1163
f 1832/3098/1324 1821/3099/1324 1829/3100/1324
f 1122/3101/1325 1114/3102/1224 1134/3103/1326
f 2017/3104/1327 2012/2962/1157 2016/3105/1328
f 181/3106/1273 182/3107/770 195/3108/1329
f 2020/2961/1261 2016/3105/1328 2012/2962/1157
f 2361/3109/1239 2354/3110/1330 2355/3111/1259
f 1842/3112/1331 1822/3113/1332 1826/3114/1333
f 1822/3115/1334 1823/3116/1334 1824/3117/1334
f 1406/3118/1335 1654/3119/1229 1637/3120/1230
f 2752/3121/1336 2742/3122/1336 2743/3123/1336
f 1114/3102/1224 1112/3124/1290 1134/3103/1326
f 835/3125/1337 829/3126/1338 846/3127/1339
f 182/3107/770 163/3128/904 195/3108/1329
f 1882/3129/1340 2004/3130/1340 2011/3131/1340
f 818/3132/1052 802/3133/876 826/3134/1302
f 2013/3080/1316 2000/3135/1156 2443/3081/1317
f 568/2690/1153 575/3136/1190 579/2688/1151
f 1387/3137/1138 1399/3138/1341 1400/3139/1050
f 1397/3010/1287 1384/2565/1079 1412/3140/1342
f 2786/3141/1222 2363/3142/1343 2794/3143/1344
f 2196/3144/1345 2163/2361/995 2176/2364/997
f 846/3127/1339 829/3126/1338 841/3145/1346
f 2423/3146/1271 2424/3147/1347 2733/3148/1161
f 1131/3008/1286 1106/3007/1114 1163/3149/1243
f 569/3150/1204 566/2951/1067 565/2684/1148
f 2443/3151/1348 2432/3152/1348 2425/3153/1348
f 167/3154/1176 161/2409/948 166/2647/1129
f 2963/2808/832 2784/2807/1202 2780/3155/1103
f 2013/3156/1316 2020/2961/1261 2000/2960/1156
f 2785/2745/1174 2350/2744/1159 2355/2953/1259
f 1882/3157/1349 2011/3158/1349 1841/3159/1349
f 1681/2976/1268 1628/2484/1053 1627/2418/1021
f 799/2074/870 800/2076/871 667/3160/1350
f 1394/3161/1267 1400/3139/1050 1399/3138/1341
f 183/3162/1351 169/3163/1256 184/3164/1352
f 582/2516/1068 548/2244/944 562/2617/1115
f 1401/3165/1353 1379/2487/891 1388/2125/889
f 2175/3166/1354 2176/3167/997 2177/3168/1046
f 309/3169/1355 308/3170/1356 559/3171/1101
f 2178/3172/1165 2179/3173/1357 2173/3174/1168
f 1650/3175/1283 1640/3176/1291 1643/3177/1358
f 839/3178/1149 1107/2763/1043 835/2762/1183
f 2423/3146/1271 2434/3179/1284 2424/3147/1347
f 311/3180/1359 561/2599/1106 560/2598/1086
f 576/3181/1116 564/3182/980 601/3183/1360
f 2355/3111/1259 2354/3110/1330 2367/3184/1361
f 1402/3185/1362 1391/3186/1362 1404/3187/1362
f 2356/3188/1363 2364/3189/1364 2358/3190/1365
f 2420/3191/936 2733/3192/1161 2426/3193/1226
f 1650/3194/1366 1643/3195/1366 1645/3196/1366
f 1811/2500/1060 1819/3197/1308 1809/2448/1036
f 2173/3198/1168 2205/3199/1367 2174/3200/1313
f 2036/3037/1301 1994/2397/1009 2009/2989/1276
f 1657/3201/1233 1648/3202/1368 1660/3203/1369
f 1131/3204/1370 1118/3205/1371 1117/3206/1372
f 2357/3207/1373 2366/3208/1374 2346/3209/1073
f 2010/3210/1375 2007/3211/1376 2032/3212/1377
f 1404/2832/1211 1399/3213/1341 1387/2830/1138
f 584/3214/1378 579/2688/1151 575/3136/1190
f 585/3215/1379 577/3216/1379 578/3217/1379
f 2007/3218/1380 2010/3219/1380 2011/3220/1380
f 2007/3049/1304 2008/3051/1305 2021/3221/1381
f 226/2623/1066 173/3222/1248 165/2624/715
f 2987/3223/1382 2974/3224/974 2978/3225/1100
f 2188/3226/1383 2223/3227/1383 2181/3228/1383
f 2789/3229/1275 2787/3230/1312 2788/3231/1384
f 559/2589/1101 561/2599/1106 309/3232/1355
f 2732/2576/1096 2744/3233/1385 2730/2219/932
f 2352/3234/1386 2186/3235/1386 2180/3236/1386
f 2426/2872/1226 2427/3237/1007 2419/2870/892
f 2358/3238/1387 2362/3239/1387 2356/3240/1387
f 821/2680/1146 209/3241/1388 178/2849/1219
f 554/2782/1032 581/3242/1322 575/2783/1190
f 603/3243/1389 563/2618/1023 576/2620/1116
f 2353/3036/1300 2359/3244/1319 2168/3034/1077
f 2356/3188/1363 2371/3245/1390 2364/3189/1364
f 1657/2886/1233 1636/2946/1186 1658/3246/1391
f 2709/2393/784 2427/2392/1007 2441/3247/1392
f 829/3248/1393 1115/3249/1394 1124/3250/1395
f 1118/3205/1371 1116/3251/1396 1117/3206/1372
f 2789/3252/1275 2788/3253/1384 2984/3254/1397
f 2004/2965/1264 1882/3255/1398 1832/2963/1262
f 2361/3256/1239 2351/3257/1205 2360/3258/1399
f 173/2922/1248 197/3259/1400 172/2920/996
f 2789/3260/1401 2984/3261/1401 2980/3262/1401
f 2982/3263/1135 2985/3264/1143 2986/3265/1402
f 2429/3266/1403 2421/2475/1048 2428/2626/1118
f 180/3088/1321 179/3087/1320 183/3162/1351
f 2732/2576/1096 2737/2184/916 2745/3267/1404
f 3004/1864/798 3009/3268/1247 3101/1912/816
f 2018/3269/1405 2012/3270/1405 2017/3271/1405
f 2179/3272/1357 2205/3273/1367 2173/3274/1168
f 1640/3016/1291 1635/2852/1181 1649/2851/1220
f 842/3275/1406 832/3276/1406 830/3277/1406
f 1404/3278/1407 1391/3279/1408 1403/3280/1409
f 1391/3279/1408 1405/3281/1410 1403/3280/1409
f 2786/3141/1222 2785/3282/1174 2363/3142/1343
f 2981/3283/1020 2790/3284/1411 2787/3285/1312
f 1826/3114/1333 1825/3286/1412 1842/3112/1331
f 1654/3287/1413 1406/3288/1413 1644/3289/1413
f 2746/3290/1414 2736/3291/1200 2747/3292/1199
f 1657/3201/1233 1660/3203/1369 1641/3293/1241
f 2188/3294/1197 2181/3295/1415 2182/3296/1416
f 1385/2948/1090 1418/3297/1417 1637/2949/1230
f 2353/3298/1300 2358/3299/1299 2365/3300/1418
f 2783/2859/1108 2786/2861/1222 2791/3301/1419
f 2736/3302/1200 2745/3303/1404 2737/3304/916
f 2020/3305/1420 2014/3306/1420 2016/3307/1420
f 2428/3308/1118 2417/3309/1054 2429/3310/1403
f 579/3311/1151 584/3312/1378 573/3313/1421
f 2794/3314/1344 2363/3315/1343 2792/3316/1422
f 2006/3317/1282 2012/3318/1157 2026/3319/1423
f 1826/3320/1333 1822/3321/1332 1834/3322/1424
f 1660/3323/1425 1648/3324/1425 1647/3325/1425
f 1117/3326/1426 1124/3327/1426 1115/3328/1426
f 2741/3329/1270 2748/3330/1162 2440/3331/1427
f 1814/3332/1428 1827/3333/1428 1828/3334/1428
f 2434/3004/1284 2741/2980/1270 2440/3335/1427
f 2013/3336/1429 2425/3337/1429 2436/3338/1429
f 2740/3339/1225 2744/3340/1385 2749/3341/1430
f 2750/3342/1431 2444/3343/1431 2739/3344/1431
f 1404/3345/1432 1394/3346/1432 1399/3347/1432
f 1162/3348/1433 1109/3349/1433 1111/3350/1433
f 304/2813/1107 187/3351/1315 305/2290/962
f 590/2724/1069 563/2425/1023 580/3352/1434
f 2786/3353/1435 2794/3354/1435 2799/3355/1435
f 2377/3356/1436 2361/3357/1239 2360/3358/1399
f 2362/3359/1437 2352/3360/1438 2180/3361/1439
f 1650/3362/1440 1645/3363/1440 1651/3364/1440
f 226/3365/1066 162/3366/1027 185/3367/1441
f 172/2723/996 197/3368/1400 194/2721/1166
f 2188/2798/1197 2183/3369/1442 2172/3062/1250
f 2980/3370/1443 2984/3371/1443 2793/3372/1443
f 2361/3373/1444 2377/3374/1444 2354/3375/1444
f 831/3376/1445 833/3377/1445 823/3378/1445
f 1641/3293/1241 1653/3379/1446 1652/3380/1242
f 2176/3167/997 2175/3166/1354 2196/3381/1345
f 828/2968/1266 830/2967/1265 832/3382/1447
f 1177/3383/1448 1385/2561/1090 1386/2931/1134
f 2709/3384/1449 2430/3385/1449 2728/3386/1449
f 2371/3387/1450 2356/3388/1450 2362/3389/1450
f 1111/2535/1076 1108/2677/1144 1162/3390/1451
f 1631/2668/1140 1646/3391/1452 1636/2769/1186
f 2188/2908/1197 1652/2907/1242 2223/3392/1453
f 2793/3393/1454 2983/3072/1216 2980/3071/1274
f 1124/3394/1455 1117/3395/1455 1116/3396/1455
f 584/3397/1456 575/3398/1456 581/3399/1456
f 2370/3400/1457 2363/3401/1457 2785/3402/1457
f 1829/3403/1458 1830/3404/1459 1815/3405/1154
f 2014/3406/1460 2015/3407/1461 2016/3408/1328
f 3100/3409/943 3008/2918/1246 3004/2917/798
f 2018/3410/1462 2017/3411/1327 2015/3407/1461
f 2012/3412/1463 2018/3413/1463 2026/3414/1463
f 2358/3415/1464 2364/3416/1464 2365/3417/1464
f 1826/3418/1333 1831/3419/1465 1825/3420/1412
f 1647/3421/1466 1648/3422/1466 1657/3423/1466
f 834/3424/1467 833/3425/1292 818/3426/1052
f 1376/2213/928 1396/3427/1269 1384/2544/1079
f 2745/3303/1404 2736/3302/1200 2746/3428/1414
f 183/3162/1351 184/3164/1352 180/3088/1321
f 1430/3429/1468 1353/1627/699 1371/2176/911
f 2366/3208/1374 2357/3207/1373 2233/3430/1469
f 163/3128/904 186/3431/1470 195/3108/1329
f 1653/3379/1446 1641/3293/1241 1660/3203/1369
f 564/3182/980 582/3432/1068 601/3183/1360
f 1649/3433/1220 1643/3177/1358 1640/3176/1291
f 1394/3434/1471 1415/3435/1471 1410/3436/1471
f 2172/2927/1250 2184/3437/1472 2177/2966/1046
f 2427/3237/1007 2426/2872/1226 2437/3438/1473
f 2174/3439/1313 2185/3440/1474 2186/3441/1314
f 1650/3442/1475 1651/3443/1476 1662/3444/1477
f 572/2337/985 571/3445/1478 592/3446/1479
f 162/2482/1027 177/3029/1297 185/3367/1441
f 3008/2918/1246 3100/3409/943 3011/3447/1480
f 2196/3144/1345 2191/2432/1026 2163/2361/995
f 2749/3448/1430 2744/3233/1385 2732/2576/1096
f 583/3449/1481 574/3047/1303 551/2910/1024
f 2808/3450/1253 2985/2674/1143 2979/2673/923
f 584/3451/1482 581/3452/1482 587/3453/1482
f 2009/3058/1276 1999/2816/1127 2019/3454/1483
f 2425/3455/1484 2431/3456/1484 2436/3457/1484
f 1844/3458/1485 1821/3459/1486 1832/3460/1262
f 1838/3461/1487 1829/3462/1458 1821/3463/1486
f 821/2942/1146 201/2941/1255 845/3464/1488
f 573/3313/1421 584/3312/1378 591/3465/1489
f 601/3183/1360 582/3432/1068 562/3466/1115
f 187/3467/1315 304/3468/1107 181/3469/1273
f 2443/3470/1490 2431/3471/1491 2432/3472/1492
f 2174/3200/1313 2205/3199/1367 2193/3473/1493
f 2351/2815/1205 2346/2528/1073 2366/3474/1374
f 1118/3475/1371 1131/3476/1370 1119/3477/1494
f 2011/3478/1495 2010/3479/1495 1841/3480/1495
f 188/3481/1496 163/3482/1496 170/3483/1496
f 176/3027/1296 175/3026/1295 191/3484/1497
f 1108/2855/1144 1114/2865/1224 1120/3485/1498
f 826/3134/1302 834/3486/1467 818/3132/1052
f 2431/3487/1499 2425/3488/1499 2432/3489/1499
f 1681/3490/1268 1631/3491/1140 1628/3492/1053
f 2795/3493/1500 2987/3494/1382 2978/2582/1100
f 1406/3495/1501 1408/3496/1501 1644/3497/1501
f 186/3498/1502 163/3499/1502 188/3500/1502
f 2791/3501/1419 2786/3502/1222 2799/3503/1503
f 3011/3504/1480 3100/2243/943 3010/3052/1306
f 2811/3505/1504 2781/2691/1142 2783/2693/1108
f 2020/3506/1505 2023/3507/1505 2014/3508/1505
f 2355/3509/1259 2367/3510/1361 2387/3511/1506
f 2367/3512/1361 2354/3513/1330 2368/3514/1507
f 1999/2645/1127 2005/2644/1126 2019/3515/1483
f 2007/3516/1304 2021/3517/1381 2022/3518/1508
f 1134/3519/1326 1121/3520/1509 1122/3521/1325
f 1637/3522/1510 1407/3523/1510 1406/3524/1510
f 2180/3525/1439 2186/3526/1314 2185/3527/1474
f 551/2910/1024 569/2814/1204 583/3449/1481
f 1177/3528/1448 1418/3297/1417 1385/2948/1090
f 2795/3493/1500 2978/2582/1100 2983/2843/1216
f 2783/2859/1108 2791/3301/1419 2811/3529/1504
f 833/3530/1511 838/3531/1511 823/3532/1511
f 2377/3533/1512 2368/3534/1507 2354/3535/1330
f 1398/3536/1513 1413/3537/1513 1405/3538/1513
f 1636/3539/1514 1646/3540/1514 1658/3541/1514
f 2355/2953/1259 2376/3542/1515 2785/2745/1174
f 2015/3407/1461 2017/3411/1327 2016/3408/1328
f 1832/2963/1262 1882/3255/1398 1844/3543/1485
f 1113/3097/1082 1109/2711/1163 1123/3544/1516
f 1833/3545/1517 1822/3546/1332 1824/3547/1227
f 2363/3315/1343 2370/3548/1518 2792/3316/1422
f 2193/3549/1493 2185/3440/1474 2174/3439/1313
f 1829/3462/1458 1838/3461/1487 1835/3550/1519
f 1822/3551/1332 1833/3552/1517 1834/3553/1424
f 2188/3554/1197 2187/3555/1520 2183/3556/1442
f 2182/3557/1416 2187/3558/1520 2188/3559/1197
f 846/3560/1521 850/3561/1521 835/3562/1521
f 800/2420/871 816/2542/1078 667/3563/1350
f 1404/3278/1407 1403/3280/1409 1394/3564/1522
f 592/3446/1479 1398/2580/1099 572/2337/985
f 841/3565/1346 829/3566/1338 836/3567/1523
f 1125/3568/1524 1114/3569/1224 1122/3570/1325
f 2751/3571/1525 2747/3292/1199 2752/3572/1298
f 2181/3573/1526 2223/3574/1526 2194/3575/1526
f 1652/3576/1242 1653/3577/1446 1665/3578/1527
f 311/3579/1359 309/3232/1355 561/2599/1106
f 833/3580/1528 837/3581/1528 838/3582/1528
f 2985/3264/1143 2989/3583/1529 2986/3265/1402
f 843/3584/1530 839/3585/1149 835/3586/1183
f 189/3587/1531 188/3588/1532 170/3589/1228
f 1395/2974/1210 1394/2973/1267 1409/3590/1533
f 2785/3591/1534 2369/3592/1534 2370/3593/1534
f 2200/3594/1535 2362/3359/1437 2180/3361/1439
f 1814/2449/1037 1809/2448/1036 1827/3595/1536
f 1122/3570/1325 1121/3596/1509 1125/3568/1524
f 1403/3280/1409 1415/3597/1537 1394/3564/1522
f 821/2680/1146 190/3598/1538 209/3241/1388
f 603/3243/1389 580/3599/1434 563/2618/1023
f 175/3089/1295 203/3600/1539 191/3601/1497
f 189/3587/1531 195/3602/1329 188/3588/1532
f 170/3589/1228 200/3603/1540 189/3587/1531
f 200/3603/1540 170/3589/1228 196/3604/1251
f 827/3605/946 631/3606/1541 840/3607/982
f 2175/3608/1354 2177/3609/1046 2184/3610/1472
f 1830/3611/1459 1829/3612/1458 1835/3613/1519
f 1406/3614/1542 1407/3615/1543 1408/3616/1544
f 2799/3617/1545 2794/3618/1545 2792/3619/1545
f 2013/3156/1316 2023/3620/1546 2020/2961/1261
f 2357/3621/1547 2337/3622/1547 2233/3623/1547
f 1136/3624/1548 1134/3625/1326 1112/3626/1290
f 1654/3627/1229 1644/3628/1549 1661/3629/1550
f 176/3042/1296 192/3630/1551 193/3631/1552
f 2007/3632/1553 2022/3633/1553 2032/3634/1553
f 846/3635/1339 841/3636/1346 849/3637/1554
f 1162/3638/1555 1123/3639/1555 1109/3640/1555
f 2787/3230/1312 2798/3641/981 2788/3231/1384
f 2433/3642/1556 2424/3147/1347 2434/3179/1284
f 1162/3390/1451 1108/2677/1144 1156/3643/1557
f 2748/3330/1162 2445/3644/1323 2440/3331/1427
f 2984/3254/1397 2788/3253/1384 2802/3645/1558
f 565/3646/1148 583/3647/1481 569/3648/1204
f 1386/2931/1134 1416/3649/1559 1177/3383/1448
f 2434/3650/1284 2451/3651/1560 2450/3652/1561
f 2977/2958/1019 2798/2957/981 2790/3653/1411
f 2387/3654/1506 2367/3512/1361 2368/3514/1507
f 2364/3655/1364 2371/3656/1390 2365/3300/1418
f 1819/3057/1308 1815/2694/1154 1846/3657/1562
f 1119/3658/1494 1116/3659/1396 1118/3660/1371
f 1394/3661/1563 1410/3662/1563 1409/3663/1563
f 592/3664/1564 1420/3665/1564 1398/3666/1564
f 2196/3144/1345 2192/3667/1565 2191/2432/1026
f 1652/3668/1566 1664/3669/1566 2223/3670/1566
f 188/3588/1532 195/3602/1329 186/3671/1470
f 585/3672/1137 567/2743/1173 577/2839/1214
f 1386/2657/1134 1392/2888/1184 1383/2972/1063
f 1833/3545/1517 1824/3547/1227 1840/3673/1567
f 2983/3674/1216 2793/3675/1454 2795/3676/1500
f 2371/3677/1568 2362/3678/1568 2379/3679/1568
f 1835/3613/1519 1856/3680/1569 1830/3611/1459
f 1827/3681/1570 1824/2873/1227 1828/2836/1150
f 1645/3682/1571 1643/3683/1358 1651/3684/1476
f 1116/3659/1396 1145/3685/1572 1124/3686/1395
f 1649/2851/1220 1666/3687/1573 1643/3688/1358
f 1124/3250/1395 1140/3689/1574 829/3248/1393
f 1410/3690/1575 1415/3691/1575 1409/3692/1575
f 581/3693/1576 586/3694/1576 587/3695/1576
f 176/3042/1296 193/3631/1552 166/3043/1129
f 194/3696/1577 197/3697/1577 196/3698/1577
f 189/3699/1578 212/3700/1578 195/3701/1578
f 1383/2972/1063 1393/2971/1254 1411/3702/1579
f 1412/3703/1342 1388/2125/889 1397/3704/1287
f 191/3705/1580 192/3706/1580 176/3707/1580
f 2433/3708/1556 2434/3650/1284 2450/3652/1561
f 180/3088/1321 184/3164/1352 175/3089/1295
f 2014/3406/1460 2029/3709/1581 2015/3407/1461
f 2200/3594/1535 2180/3361/1439 2189/3710/1582
f 1882/3711/1583 1836/3712/1583 1837/3713/1583
f 1821/3459/1486 1844/3458/1485 1838/3714/1487
f 1129/3715/1584 1119/3477/1494 1131/3476/1370
f 584/3312/1378 587/3716/1585 591/3465/1489
f 184/3164/1352 203/3600/1539 175/3089/1295
f 586/3717/1586 581/3093/1322 567/3092/1173
f 560/2554/1086 233/3718/1587 311/3719/1359
f 200/3720/1588 196/3721/1588 197/3722/1588
f 1673/2621/1117 1672/3723/1589 1639/2651/1131
f 2430/3724/1288 2709/3725/784 2435/3726/1590
f 1125/3727/1524 1120/3728/1498 1114/3729/1224
f 2360/3258/1399 2351/3257/1205 2372/3730/1591
f 1680/3731/1592 1646/3391/1452 1631/2668/1140
f 2444/2990/1277 2740/2867/1225 2454/3732/1593
f 2370/3733/1594 2369/3734/1594 2792/3735/1594
f 2436/3736/1595 2431/3737/1596 2035/3738/1596
f 2036/3739/1597 2024/3740/1597 2003/3741/1597
f 1418/3742/1417 1414/3743/1598 1637/3744/1230
f 1426/3745/1599 1395/2974/1210 1424/3746/1600
f 1413/3747/1601 1398/3748/1601 1420/3749/1601
f 200/3750/1540 198/3751/1602 213/3752/1603
f 1826/3320/1333 1834/3322/1424 1831/3753/1465
f 2019/3515/1483 2005/2644/1126 2025/3754/1604
f 233/3718/1587 560/2554/1086 303/2553/1085
f 167/3154/1176 166/2647/1129 199/3755/1605
f 2733/3148/1161 2427/3756/1007 2437/3757/1473
f 571/3758/1478 593/3759/1606 592/3760/1479
f 842/3761/1102 848/3762/1607 832/3763/1447
f 2018/3764/1608 2015/3765/1608 2026/3766/1608
f 1163/2909/1243 1113/2547/1082 1126/3767/1609
f 2421/3768/1048 2438/3769/1610 2443/3770/1490
f 197/3259/1400 198/3771/1602 200/3772/1540
f 1631/3491/1140 1681/3490/1268 1680/3773/1592
f 2781/2691/1142 2811/3505/1504 2796/3774/1611
f 2013/3775/1612 2436/3776/1612 2035/3777/1612
f 1825/3420/1412 1831/3419/1465 1839/3778/1613
f 1654/2877/1229 1663/3779/1614 1649/2851/1220
f 1637/3744/1230 1414/3743/1598 1407/3780/1543
f 850/3781/1615 843/3782/1530 835/3783/1183
f 844/3784/1616 631/3606/1541 827/3605/946
f 190/3785/1617 821/3786/1617 845/3787/1617
f 200/3750/1540 213/3752/1603 189/3788/1531
f 2373/3789/1618 2374/3790/1618 2375/3791/1618
f 1839/3792/1619 1842/3793/1619 1825/3794/1619
f 2024/2844/1217 2027/3795/1620 2008/3056/1305
f 1371/2176/911 1379/2333/891 1401/3796/1353
f 2796/3797/1611 2780/3155/1103 2784/2807/1202
f 2749/3448/1430 2732/2576/1096 2753/3798/1621
f 846/3799/1622 849/3800/1622 850/3801/1622
f 2426/3193/1226 2733/3192/1161 2437/3802/1473
f 2778/2142/899 2782/2646/1128 2784/3803/1202
f 2373/2365/1111 2375/3804/1623 2233/3805/1624
f 2373/2365/1111 2233/3805/1624 2337/2274/1112
f 1824/2873/1227 1827/3681/1570 1840/3806/1567
f 1134/3519/1326 1127/3807/1625 1121/3520/1509
f 1420/3808/1626 592/3809/1626 588/3810/1626
f 571/3811/1627 573/3812/1627 591/3813/1627
f 589/3814/1628 570/3815/1207 590/3816/1069
f 842/2932/1102 839/2685/1149 847/3817/1629
f 576/3181/1116 601/3183/1360 603/3818/1389
f 2754/3819/1630 2739/3820/1630 2457/3821/1630
f 2417/2486/1054 2416/2313/971 2430/3012/1288
f 190/3822/1631 201/3823/1255 207/3824/1632
f 195/3825/1329 212/3826/1633 181/3469/1273
f 2184/3610/1472 2190/3827/1634 2175/3608/1354
f 1657/3828/1233 1656/3829/1635 1647/3830/1636
f 1146/3831/1637 1120/3728/1498 1125/3727/1524
f 1388/2125/889 1412/3703/1342 1401/3165/1353
f 209/3832/1388 210/3833/1638 178/3834/1219
f 202/3835/1257 184/3164/1352 169/3163/1256
f 2797/3836/1639 2802/3645/1558 2788/3253/1384
f 202/3837/1257 178/3834/1219 210/3833/1638
f 2191/3838/1640 2192/3839/1640 2171/3840/1640
f 1841/3841/1641 1836/3842/1641 1882/3843/1641
f 1672/3723/1589 1655/3844/1642 1639/2651/1131
f 1163/3845/1643 1128/3846/1643 1131/3847/1643
f 848/3848/1607 842/2932/1102 847/3817/1629
f 1108/2855/1144 1120/3485/1498 1156/3849/1557
f 2782/3850/1128 2781/3851/1142 2784/3852/1202
f 2021/3221/1381 2008/3051/1305 2027/3853/1620
f 1838/3854/1644 1844/3855/1644 1835/3856/1644
f 1842/3857/1645 1839/3858/1645 1843/3859/1645
f 1843/3860/1646 1112/3861/1290 1842/3862/1289
f 1384/2544/1079 1396/3427/1269 1179/3863/1647
f 856/2996/1280 823/2845/1218 838/3864/1648
f 190/3865/1649 207/3866/1649 205/3867/1649
f 192/3868/1650 191/3869/1650 203/3870/1650
f 2179/3173/1357 2178/3172/1165 2220/3871/1651
f 2987/3223/1382 2988/3872/1652 2974/3224/974
f 2026/3873/1653 2015/3874/1653 2030/3875/1653
f 2790/3284/1411 2798/3876/981 2787/3285/1312
f 1407/3615/1543 1414/3877/1598 1408/3616/1544
f 849/3878/1654 854/3879/1654 850/3880/1654
f 1408/3881/1655 1414/3882/1655 1421/3883/1655
f 190/3884/1656 845/3885/1656 201/3886/1656
f 2439/3887/1657 2434/3650/1284 2440/3888/1427
f 1837/3889/1658 1844/3890/1485 1882/3891/1398
f 2220/3892/1651 2178/2718/1165 2171/2992/1278
f 2194/3893/1659 2182/3296/1416 2181/3295/1415
f 827/2247/946 881/2635/1122 844/3894/1616
f 193/3631/1552 199/3895/1605 166/3043/1129
f 605/3896/1660 562/2617/1115 556/2545/1080
f 587/3897/1585 586/3898/1586 591/3899/1489
f 2424/3147/1347 2427/3756/1007 2733/3148/1161
f 2799/3900/1661 2792/3901/1661 2800/3902/1661
f 1403/3903/1409 1409/3904/1533 1415/3905/1537
f 838/3906/1648 837/3907/1662 856/3908/1280
f 1835/3909/1663 1844/3910/1663 1845/3911/1663
f 1841/3912/1664 2010/3913/1375 2040/3914/1665
f 3010/3052/1306 2973/1996/802 2986/3915/1402
f 2440/3916/1666 2445/3917/1666 2439/3918/1666
f 2451/3651/1560 2434/3650/1284 2439/3887/1657
f 2023/3620/1546 2013/3156/1316 2028/3919/1667
f 2029/3920/1581 2014/3921/1460 2023/3922/1546
f 2375/3923/1668 2374/3005/1258 2359/3083/1319
f 2380/3924/1669 2362/3925/1669 2200/3926/1669
f 1124/3250/1395 1133/3927/1670 1140/3689/1574
f 836/3567/1523 855/3928/1671 841/3565/1346
f 372/3929/1672 586/3717/1586 567/3092/1173
f 2749/3341/1430 2454/3930/1593 2740/3339/1225
f 2006/3002/1282 2025/3931/1604 2005/2978/1126
f 2026/3932/1673 2030/3933/1673 2031/3934/1673
f 843/3584/1530 847/3935/1629 839/3585/1149
f 2184/3936/1472 2172/3937/1250 2183/3938/1442
f 2781/3851/1142 2796/3939/1611 2784/3852/1202
f 2026/3319/1423 2031/3940/1674 2006/3317/1282
f 2042/3941/1675 2022/3518/1508 2021/3517/1381
f 1656/3942/1635 1657/3943/1233 1658/3944/1391
f 1659/3945/1676 1651/3684/1476 1643/3683/1358
f 1119/3477/1494 1129/3715/1584 1130/3946/1677
f 1146/3947/1678 1125/3948/1678 1138/3949/1678
f 1129/3950/1679 1131/3951/1679 1130/3952/1679
f 1125/3953/1524 1121/3954/1509 1138/3955/1680
f 2187/3558/1520 2182/3557/1416 2204/3956/1681
f 1660/3957/1369 1665/3958/1527 1653/3959/1446
f 1420/3960/1682 1405/3961/1682 1413/3962/1682
f 303/3963/1085 187/3964/1315 204/3965/1683
f 556/2545/1080 574/3966/1303 605/3896/1660
f 2377/3533/1512 2384/3967/1684 2368/3534/1507
f 3009/2919/1247 3008/2918/1246 3012/3968/1685
f 2387/3511/1506 2376/3969/1515 2355/3509/1259
f 1835/3970/1686 1845/3971/1686 1856/3972/1686
f 1112/3973/1687 1135/3974/1687 1137/3975/1687
f 1131/3976/1688 1132/3977/1689 1130/3978/1690
f 1119/3658/1494 1145/3685/1572 1116/3659/1396
f 1133/3979/1670 1124/3686/1395 1145/3685/1572
f 190/3598/1538 205/3980/1691 209/3241/1388
f 570/3028/1207 589/3981/1628 585/2662/1137
f 2424/3147/1347 2433/3642/1556 2427/3982/1007
f 589/3814/1628 590/3816/1069 465/3983/1692
f 857/3984/1693 856/3908/1280 837/3907/1662
f 2384/3985/1694 2377/3986/1694 2378/3987/1694
f 1386/2657/1134 1383/2972/1063 1416/3988/1559
f 306/3078/1084 305/3989/962 187/3079/1315
f 2435/3726/1590 2709/3725/784 2441/3990/1392
f 588/3991/1695 592/3992/1479 593/3993/1606
f 1831/3753/1465 1834/3322/1424 1848/3994/1696
f 2801/3995/1697 2795/3676/1500 2793/3675/1454
f 2793/3675/1454 2984/3996/1397 2801/3995/1697
f 2376/3542/1515 2382/3997/1698 2785/2745/1174
f 1662/3444/1477 1651/3443/1476 1671/3998/1699
f 829/3999/1700 1140/4000/1700 836/4001/1700
f 1417/4002/1701 1396/2977/1269 1395/2828/1210
f 2431/3471/1491 2443/3470/1490 2442/4003/1702
f 2022/4004/1703 2042/4005/1703 2032/4006/1703
f 841/3636/1346 855/4007/1671 849/3637/1554
f 2974/2937/974 2988/4008/1652 2808/2938/1253
f 594/4009/1704 565/4010/1148 559/3171/1101
f 1131/3976/1688 1128/4011/1705 1132/3977/1689
f 1447/4012/1706 1644/4013/1549 1408/4014/1707
f 2360/3358/1399 2398/4015/1708 2378/4016/1709
f 2223/4017/1710 1664/4018/1710 2194/4019/1710
f 1112/3861/1290 1843/3860/1646 1135/4020/1711
f 1426/3745/1599 1417/4021/1701 1395/2974/1210
f 834/3424/1467 837/4022/1662 833/3425/1292
f 2379/4023/1712 2362/4024/1712 2380/4025/1712
f 2454/3930/1593 2749/3341/1430 2755/4026/1713
f 1830/3404/1459 1846/4027/1562 1815/3405/1154
f 2413/4028/1714 2365/3300/1418 2371/3656/1390
f 2220/3892/1651 2171/2992/1278 2192/4029/1565
f 2442/4030/1702 2443/4031/1490 2438/4032/1610
f 2800/4033/1715 2792/4034/1716 2807/4035/1717
f 2013/4036/1718 2035/4037/1718 2033/4038/1718
f 2387/3654/1506 2368/3514/1507 2384/4039/1684
f 1127/4040/1625 1134/4041/1326 1136/4042/1548
f 1647/3830/1636 1656/3829/1635 1674/4043/1719
f 1663/3779/1614 1666/3687/1573 1649/2851/1220
f 1661/4044/1550 1644/4013/1549 1447/4012/1706
f 857/4045/1693 837/4022/1662 851/4046/1720
f 593/3759/1606 571/3758/1478 591/4047/1489
f 567/3092/1173 595/4048/1721 372/3929/1672
f 2013/3156/1316 2033/4049/1722 2028/3919/1667
f 2429/3310/1403 2417/3309/1054 2430/4050/1288
f 2366/3208/1374 2233/3430/1469 2381/4051/1723
f 832/3382/1447 816/4052/1078 828/2968/1266
f 2753/3798/1621 2755/4053/1713 2749/3448/1430
f 2380/4054/1724 2200/4055/1724 2195/4056/1724
f 2182/3296/1416 2194/3893/1659 2210/4057/1725
f 1665/3578/1527 1664/4058/1726 1652/3576/1242
f 1660/4059/1727 1647/4060/1727 1674/4061/1727
f 1659/3945/1676 1671/4062/1699 1651/3684/1476
f 596/4063/1728 574/3047/1303 583/3449/1481
f 3009/4064/1247 3012/4065/1685 3016/4066/1729
f 2015/3407/1461 2029/3709/1581 2030/4067/1730
f 192/4068/1731 203/4069/1731 184/4070/1731
f 1418/4071/1417 1177/4072/1448 1440/4073/1732
f 1836/4074/1733 1841/4075/1733 1847/4076/1733
f 2746/3428/1414 2759/4077/1734 2745/3303/1404
f 2386/4078/1735 2353/3298/1300 2365/3300/1418
f 2185/3527/1474 2189/4079/1582 2180/3525/1439
f 2185/3440/1474 2193/3549/1493 2207/4080/1736
f 2207/4081/1737 2193/4082/1737 2205/4083/1737
f 1848/4084/1696 1834/3553/1424 1833/3552/1517
f 1112/3626/1290 1137/4085/1738 1136/3624/1548
f 1665/3958/1527 1674/4086/1719 1683/4087/1739
f 1665/3958/1527 1660/3957/1369 1674/4086/1719
f 1650/4088/1740 1662/4089/1740 1671/4090/1740
f 1661/3629/1550 1663/4091/1614 1654/3627/1229
f 855/4007/1671 854/4092/1741 849/3637/1554
f 1409/3590/1533 1424/3746/1600 1395/2974/1210
f 2797/4093/1639 2788/3231/1384 2798/3641/981
f 1664/4094/1742 2198/4095/1742 2194/4096/1742
f 1135/4097/1743 1136/4098/1743 1137/4099/1743
f 2808/4100/1253 2989/3583/1529 2985/3264/1143
f 2460/4101/1744 2442/4030/1702 2438/4032/1610
f 1848/4102/1745 1839/4103/1745 1831/4104/1745
f 2747/3292/1199 2756/4105/1746 2746/3290/1414
f 1412/3140/1342 1384/2565/1079 1195/4106/1747
f 2369/4107/1748 2785/4108/1748 2382/4109/1748
f 2382/3997/1698 2376/3542/1515 2397/4110/1749
f 2040/4111/1665 2010/3210/1375 2032/3212/1377
f 1841/4112/1750 2039/4113/1750 1847/4114/1750
f 1447/4115/1751 1408/4116/1751 1421/4117/1751
f 1663/4118/1752 1669/4119/1752 1666/4120/1752
f 601/3183/1360 562/3466/1115 605/4121/1660
f 3016/4066/1729 3101/4122/816 3009/4064/1247
f 836/4123/1753 1140/4124/1753 852/4125/1753
f 580/3599/1434 603/3243/1389 597/4126/1754
f 2376/4127/1755 2387/4128/1755 2383/4129/1755
f 1138/4130/1680 1121/3520/1509 1127/3807/1625
f 2360/3358/1399 2378/4016/1709 2377/3356/1436
f 1847/4131/1756 1837/4132/1756 1836/4133/1756
f 2198/4134/1757 2197/4135/1757 2194/4136/1757
f 2431/4137/1758 2442/4138/1758 2446/4139/1758
f 2369/4140/1759 2807/4035/1717 2792/4034/1716
f 2371/4141/1390 2379/4142/1760 2413/4143/1714
f 1430/3429/1468 1371/2176/911 1419/4144/1761
f 851/4046/1720 837/4022/1662 853/4145/1762
f 1437/4146/1763 1424/3746/1600 1409/3590/1533
f 206/4147/1764 198/3771/1602 197/3259/1400
f 2380/4148/1765 2195/4149/1765 2379/4150/1765
f 1843/4151/1766 1839/4152/1766 1135/4153/1766
f 1670/4154/1767 1664/4155/1767 1665/4156/1767
f 2799/3503/1503 2818/4157/1768 2791/3501/1419
f 2028/4158/1769 2033/4159/1769 2035/4160/1769
f 2756/4105/1746 2747/3292/1199 2751/3571/1525
f 2444/4161/1770 2457/4162/1770 2739/4163/1770
f 2746/3428/1414 2756/4164/1746 2759/4077/1734
f 2435/4165/1590 2429/3310/1403 2430/4050/1288
f 2036/3037/1301 2009/2989/1276 2062/4166/1771
f 1839/4167/1772 1848/4168/1773 1849/4169/1774
f 1664/4170/1775 1670/4171/1775 2199/4172/1775
f 1659/3945/1676 1643/3683/1358 1666/4173/1573
f 1676/4174/1776 1661/4044/1550 1447/4012/1706
f 184/3164/1352 207/4175/1777 240/4176/1778
f 229/4177/1779 187/3467/1315 181/3469/1273
f 208/4178/1780 198/3771/1602 206/4147/1764
f 1135/4179/1781 1141/4180/1781 1136/4181/1781
f 1869/4182/1782 1846/4183/1562 1830/4184/1459
f 594/4009/1704 559/3171/1101 598/4185/1783
f 1396/2977/1269 1417/4002/1701 1179/4186/1647
f 2365/3300/1418 2413/4028/1714 2386/4078/1735
f 594/4187/1704 583/3647/1481 565/3646/1148
f 2743/4188/160 2757/4189/1784 2752/4190/1298
f 2445/4191/1323 2754/4192/1081 2448/4193/1785
f 2984/3254/1397 2802/3645/1558 2801/4194/1697
f 2446/4195/1786 2035/3738/1596 2431/3737/1596
f 837/4022/1662 834/3424/1467 853/4145/1762
f 2200/4196/1787 2189/4197/1787 2185/4198/1787
f 2780/2591/1103 2796/4199/1611 2776/2280/959
f 1421/4200/1788 1414/4201/1788 1427/4202/1788
f 3011/3447/1480 3012/4203/1685 3008/2918/1246
f 209/4204/1789 205/4205/1789 210/4206/1789
f 197/3259/1400 221/4207/1790 206/4147/1764
f 2446/4208/1791 2442/4209/1791 2453/4210/1791
f 2398/4015/1708 2394/4211/1792 2378/4016/1709
f 2351/2815/1205 2366/3474/1374 2381/4212/1723
f 1656/3942/1635 1658/3944/1391 1686/4213/1793
f 872/4214/1794 819/4215/1794 799/4216/1794
f 1403/3280/1409 1405/3281/1410 1443/4217/1795
f 1420/4218/1796 588/4219/1796 1443/4220/1796
f 167/4221/1176 3/4222/1797 177/3029/1297
f 1140/3689/1574 1133/3927/1670 1143/4223/1798
f 2382/4224/1799 2397/4225/1799 2369/4226/1799
f 2384/4227/1684 2378/4228/1709 2390/4229/1800
f 2795/3676/1500 2801/3995/1697 2803/4230/1801
f 211/4231/1802 303/3963/1085 204/3965/1683
f 197/3259/1400 173/2922/1248 221/4207/1790
f 2987/4232/1803 2795/4233/1803 2803/4234/1803
f 2030/4235/1730 2034/4236/1804 2031/4237/1674
f 2006/3002/1282 2037/4238/1805 2025/3931/1604
f 2021/3517/1381 2046/4239/1806 2042/3941/1675
f 2046/4239/1806 2021/3517/1381 2054/4240/1807
f 2183/3556/1442 2187/3555/1520 2204/4241/1681
f 2182/4242/1808 2210/4243/1808 2204/4244/1808
f 1135/4245/1809 1839/4246/1772 1852/4247/1810
f 2197/4248/1811 2199/4249/1811 1670/4250/1811
f 1658/3944/1391 1678/4251/1812 1686/4213/1793
f 1650/4252/1813 1667/4253/1813 1673/4254/1813
f 207/4175/1777 202/3835/1257 210/4255/1638
f 193/3631/1552 214/4256/1814 199/3895/1605
f 173/3222/1248 226/2623/1066 221/4257/1790
f 212/4258/1633 189/4259/1531 213/4260/1603
f 574/3047/1303 596/4063/1728 600/4261/1815
f 850/4262/1615 854/4263/1741 863/4264/1816
f 1146/4265/1817 1138/4266/1817 1127/4267/1817
f 1130/4268/1818 1139/4269/1818 1119/4270/1818
f 2800/4271/1715 2806/4272/1819 2799/4273/1503
f 586/3898/1586 599/4274/1820 591/3899/1489
f 3010/3052/1306 2986/3915/1402 3015/4275/1821
f 2398/4015/1708 2360/3358/1399 2228/4276/1822
f 1837/3889/1658 1845/4277/1823 1844/3890/1485
f 2196/4278/1824 2175/4279/1824 2190/4280/1824
f 1848/4084/1696 1833/3552/1517 1862/4281/1825
f 2197/4282/1826 2198/4283/1826 2199/4284/1826
f 2199/4285/1827 2198/4286/1827 1664/4287/1827
f 1690/4288/1828 1650/4289/1828 1671/4290/1828
f 852/4291/1829 1140/4292/1829 1143/4293/1829
f 1405/3281/1410 1420/4294/1830 1443/4217/1795
f 218/4295/1831 192/3630/1551 215/4296/1832
f 590/4297/1833 580/4298/1833 602/4299/1833
f 1830/3611/1459 1856/3680/1569 1850/4300/1834
f 1403/3903/1409 1437/4301/1763 1409/3904/1533
f 2439/4302/1657 2445/4303/1323 2451/4304/1560
f 1119/4305/1835 1139/4306/1835 1145/4307/1835
f 2035/4308/1836 2048/4309/1836 2028/4310/1836
f 2397/4311/1837 2376/4312/1837 2383/4313/1837
f 2353/3298/1300 2386/4078/1735 2395/4314/1838
f 1809/2448/1036 1819/3197/1308 1827/3595/1536
f 832/3763/1447 848/3762/1607 816/4315/1078
f 826/3134/1302 871/4316/1839 834/3486/1467
f 1443/4217/1795 1436/4317/1840 1403/3280/1409
f 381/4318/1841 567/2743/1173 585/3672/1137
f 1427/4319/1842 1447/4320/1842 1421/4321/1842
f 201/2997/1255 856/2996/1280 867/4322/1843
f 854/4263/1741 855/4323/1671 863/4264/1816
f 2413/4324/1844 2385/4325/1844 2386/4326/1844
f 1403/4327/1845 1436/4328/1845 1437/4329/1845
f 2185/4330/1846 2203/4331/1846 2200/4332/1846
f 856/4333/1847 857/4334/1847 867/4335/1847
f 2021/3221/1381 2027/3853/1620 2054/4336/1807
f 2204/4241/1681 2214/4337/1848 2183/3556/1442
f 1663/4338/1849 1668/4339/1849 1669/4340/1849
f 381/4341/1841 585/4342/1137 388/4343/1850
f 1847/4344/1851 1851/4345/1852 1837/4346/1658
f 1853/4347/1853 1848/4084/1696 1854/4348/1854
f 2452/4349/1855 2450/4350/1561 2447/4351/1856
f 605/3896/1660 574/3966/1303 600/4352/1815
f 2496/4353/1857 2435/4354/1590 2441/4355/1392
f 192/4356/1858 184/4357/1858 215/4358/1858
f 2451/4304/1560 2445/4303/1323 2447/4359/1856
f 2754/4360/1859 2457/4361/1859 2448/4362/1859
f 603/4363/1860 601/4364/1860 377/4365/1860
f 2047/4366/1861 2024/4367/1217 2036/4368/1301
f 3015/4369/1821 2986/4370/1402 2989/4371/1529
f 3010/3052/1306 3014/4372/1862 3011/3504/1480
f 2438/3769/1610 2421/3768/1048 2449/4373/1863
f 2031/3940/1674 2049/4374/1864 2006/3317/1282
f 1670/4375/1865 1665/3958/1527 2197/4376/1866
f 1132/3977/1689 1139/4377/1867 1130/3978/1690
f 1671/4378/1868 1689/4379/1869 1690/4380/1870
f 586/3717/1586 372/3929/1672 606/4381/1871
f 2427/3982/1007 2433/3642/1556 2517/4382/1872
f 1852/4383/1873 1141/4384/1873 1135/4385/1873
f 1666/4173/1573 1669/4386/1874 1676/4387/1875
f 2801/4388/1697 2802/4389/1558 2803/4390/1801
f 598/4185/1783 559/3171/1101 308/3170/1356
f 2447/4391/1876 2450/4392/1876 2451/4393/1876
f 2803/4390/1801 2802/4389/1558 2804/4394/1877
f 2384/4227/1684 2390/4229/1800 2387/4395/1506
f 1840/3673/1567 1857/4396/1878 1833/3545/1517
f 2197/4397/1866 2210/4057/1725 2194/3893/1659
f 836/4398/1879 852/4399/1879 855/4400/1879
f 2062/4401/1880 2009/4402/1880 2019/4403/1880
f 1127/4040/1625 1136/4042/1548 1141/4404/1881
f 2447/4405/1856 2445/4191/1323 2448/4193/1785
f 2805/4406/1882 2799/3503/1503 2806/4407/1819
f 2006/3317/1282 2049/4374/1864 2037/4408/1805
f 2404/4409/1883 2359/4410/1319 2353/4411/1300
f 1690/4412/1884 1667/4413/1884 1650/4414/1884
f 861/4415/1885 843/3782/1530 850/3781/1615
f 1204/4416/1886 1393/2939/1254 1353/1913/699
f 465/3983/1692 590/3816/1069 602/4417/1887
f 229/4177/1779 181/3469/1273 212/3826/1633
f 213/3752/1603 5/4418/1888 231/4419/1889
f 2040/3914/1665 2039/4420/1890 1841/3912/1664
f 2987/4421/1382 2803/4422/1891 2988/4423/1652
f 2032/4424/1892 2042/4425/1892 2038/4426/1892
f 2220/4427/1893 2201/4428/1893 2179/4429/1893
f 1401/3165/1353 1422/4430/1894 1419/4431/1761
f 371/4432/1895 372/4433/1895 595/4434/1895
f 1667/4435/1896 1672/4436/1896 1673/4437/1896
f 597/4438/1897 603/4439/1897 377/4440/1897
f 2353/3298/1300 2395/4314/1838 2404/4441/1883
f 1646/4442/1452 1464/4443/1898 1658/4444/1391
f 1113/3097/1082 1123/3544/1516 1142/4445/1899
f 1661/3629/1550 1676/4446/1776 1663/4091/1614
f 852/4447/1900 1143/4448/1900 855/4449/1900
f 850/3781/1615 863/4450/1816 861/4415/1885
f 840/2543/982 631/4451/1541 826/3041/1302
f 2179/3272/1357 2201/4452/1901 2202/4453/1902
f 2806/4272/1819 2800/4271/1715 2807/4454/1717
f 1204/4455/1886 1411/3702/1579 1393/2971/1254
f 2386/4078/1735 2388/4456/1903 2395/4314/1838
f 1674/4457/1719 1656/4458/1635 1683/4459/1739
f 193/4460/1904 217/4461/1904 214/4462/1904
f 3011/3504/1480 3014/4372/1862 3012/4463/1685
f 2421/2475/1048 2429/3266/1403 2449/4464/1863
f 2438/4032/1610 2458/4465/1905 2460/4101/1744
f 2818/4157/1768 2799/3503/1503 2805/4406/1882
f 2185/3440/1474 2207/4080/1736 2203/4466/1906
f 2205/3273/1367 2179/3272/1357 2202/4453/1902
f 2209/4467/1907 2208/4468/1907 2204/4469/1907
f 1849/4169/1774 1778/4470/1908 1839/4167/1772
f 1680/3731/1592 1456/4471/1909 1646/3391/1452
f 207/4175/1777 184/3164/1352 202/3835/1257
f 586/3717/1586 606/4381/1871 599/4472/1820
f 210/4473/1910 205/4474/1910 207/4475/1910
f 2776/2280/959 2796/4199/1611 2810/4476/1911
f 2450/4350/1561 2452/4349/1855 2464/4477/1912
f 1848/4478/1913 1853/4479/1913 1849/4480/1913
f 184/4481/1914 240/4482/1914 215/4483/1914
f 2387/4484/1915 2390/4485/1915 2392/4486/1915
f 2808/4487/1253 2990/4488/1916 2989/4489/1529
f 303/2553/1085 211/4490/1802 233/3718/1587
f 2755/4491/1917 2462/4492/1917 2454/4493/1917
f 2204/4494/1918 2210/4495/1918 2209/4496/1918
f 2203/4497/1919 2413/4143/1714 2379/4142/1760
f 591/3899/1489 599/4274/1820 378/4498/1920
f 2207/4499/1921 2205/4500/1921 2206/4501/1921
f 2039/4502/1922 2040/4503/1922 2041/4504/1922
f 2448/4193/1785 2452/4505/1855 2447/4405/1856
f 2048/4506/1923 2023/3922/1546 2028/4507/1667
f 2217/4508/1924 2184/3936/1472 2183/3938/1442
f 1684/4509/1925 1414/3743/1598 1423/4510/1926
f 2797/3836/1639 2809/4511/1927 2802/3645/1558
f 1424/4512/1928 1425/4513/1928 1426/4514/1928
f 2032/4515/1929 2038/4516/1929 2052/4517/1929
f 853/4518/1762 858/4519/1930 860/4520/1931
f 1436/4521/1932 1441/4522/1932 1437/4523/1932
f 857/4524/1693 851/4525/1720 867/4526/1933
f 601/4527/1360 387/4528/1934 604/4529/1935
f 1663/4091/1614 1676/4446/1776 1668/4530/1936
f 377/4531/1937 601/4532/1360 604/4533/1935
f 605/4534/1660 387/4528/1934 601/4527/1360
f 2989/4371/1529 2990/4535/1916 3015/4369/1821
f 2386/4078/1735 2385/4536/1938 2388/4456/1903
f 2802/4537/1558 2812/4538/1939 2804/4539/1877
f 3101/4540/816 3016/4541/1729 3021/4542/1940
f 2776/2280/959 2810/4476/1911 2798/2327/981
f 2046/4239/1806 2043/4543/1941 2042/3941/1675
f 2202/4453/1902 2206/4544/1942 2205/3273/1367
f 1869/4545/1782 1830/3611/1459 1850/4300/1834
f 2220/3892/1651 2192/4029/1565 2064/4546/1943
f 1141/4547/1881 1852/4247/1810 1839/4246/1772
f 1655/3844/1642 1672/3723/1589 1675/4548/1944
f 1671/4378/1868 1677/4549/1945 1689/4379/1869
f 1668/4550/1946 1676/4551/1946 1669/4552/1946
f 1414/3743/1598 1684/4509/1925 1427/4553/1947
f 1423/4510/1926 1414/3743/1598 1418/3742/1417
f 1416/3988/1559 1383/2972/1063 1411/3702/1579
f 1401/3165/1353 1412/3703/1342 1195/4554/1747
f 853/4518/1762 859/4555/1948 858/4519/1930
f 567/3092/1173 381/4556/1841 595/4048/1721
f 2442/4030/1702 2460/4101/1744 2455/4557/1949
f 371/4558/1950 379/4559/1951 372/4560/1952
f 2818/4157/1768 2805/4406/1882 2814/4561/1953
f 1671/4562/1954 1659/4563/1954 1677/4564/1954
f 2032/3212/1377 2041/4565/1955 2040/4111/1665
f 2214/4337/1848 2219/4566/1956 2183/3556/1442
f 3016/4066/1729 3012/4065/1685 3014/4567/1862
f 600/4568/1815 387/4528/1934 605/4534/1660
f 599/4569/1957 606/4570/1957 373/4571/1957
f 2448/4572/1958 2457/4573/1958 2452/4574/1958
f 2798/3641/981 2810/4575/1911 2797/4093/1639
f 2453/4576/1959 2442/4030/1702 2455/4557/1949
f 2387/4577/1960 2392/4578/1960 2383/4579/1960
f 2034/4580/1804 2045/4581/1961 2049/4374/1864
f 2024/4367/1217 2047/4366/1861 2027/4582/1620
f 2395/4314/1838 2389/4583/1962 2404/4441/1883
f 1862/4281/1825 1854/4348/1854 1848/4084/1696
f 1683/4087/1739 2197/4376/1866 1665/3958/1527
f 1146/3831/1637 1147/4584/1963 1148/4585/1964
f 1146/3831/1637 1150/4586/1965 1120/3728/1498
f 1418/3742/1417 1440/4587/1732 1423/4510/1926
f 1371/2176/911 1401/3796/1353 1419/4588/1761
f 834/3424/1467 859/4589/1948 853/4145/1762
f 1847/4344/1851 2041/4590/1955 1851/4345/1852
f 2444/4591/1277 2454/4592/1593 2457/4593/1966
f 373/4594/1967 606/4595/1968 374/4596/1969
f 2372/4597/1591 2351/2815/1205 2381/4212/1723
f 1683/4459/1739 1656/4458/1635 1682/4598/1970
f 2211/4599/1971 2207/4600/1736 2206/4544/1942
f 2819/4601/1972 2811/4602/1504 2791/4603/1419
f 216/4604/1973 218/4605/1973 215/4606/1973
f 1179/4186/1647 1417/4002/1701 1442/4607/1974
f 2029/3709/1581 1883/4608/1975 2030/4067/1730
f 2202/4453/1902 2211/4599/1971 2206/4544/1942
f 2449/4464/1863 2429/3266/1403 2435/4609/1590
f 2427/2392/1007 2496/4610/1857 2441/3247/1392
f 2049/4374/1864 2031/3940/1674 2034/4580/1804
f 2043/4611/1941 2038/4612/1976 2042/4613/1675
f 2039/4614/1977 2041/4615/1977 1847/4616/1977
f 2208/4617/1978 2214/4618/1978 2204/4619/1978
f 1195/4554/1747 1422/4430/1894 1401/3165/1353
f 851/4525/1720 868/4620/1979 867/4526/1933
f 1870/4621/1980 1840/3806/1567 1827/3681/1570
f 1845/4622/1981 1855/4623/1981 1856/4624/1981
f 371/4625/1950 380/4626/1982 375/4627/1983
f 588/3991/1695 593/3993/1606 1443/4628/1984
f 373/4629/1985 378/4630/1985 599/4631/1985
f 1113/4632/1986 1142/4633/1986 1126/4634/1986
f 604/4533/1935 607/4635/1987 377/4531/1937
f 1686/4213/1793 1682/4636/1970 1656/3942/1635
f 2760/4637/1988 2732/2576/1096 2745/3267/1404
f 1855/4638/1989 1845/4639/1989 1851/4640/1989
f 2812/4641/1939 2808/4642/1253 2988/4423/1652
f 2200/4643/1990 2203/4644/1990 2195/4645/1990
f 1417/4021/1701 1426/3745/1599 1431/4646/1991
f 2392/4647/1992 2397/4648/1992 2383/4649/1992
f 2390/4650/1800 2378/4016/1709 2394/4211/1792
f 2372/3730/1591 2228/4651/1822 2360/3258/1399
f 2379/4652/1993 2195/4653/1993 2203/4654/1993
f 871/4655/1839 859/4589/1948 834/3424/1467
f 1426/4656/1994 1425/4657/1994 1433/4658/1994
f 860/4659/1995 858/4660/1995 614/4661/1995
f 35/4662/1996 185/3367/1441 177/3029/1297
f 1681/2976/1268 1655/2296/964 1456/4663/1997
f 2803/4422/1891 2812/4641/1939 2988/4423/1652
f 371/4664/1950 595/4665/1721 380/4666/1982
f 2755/4667/1713 2753/4668/1621 2464/4669/1998
f 2038/4612/1976 2043/4611/1941 2052/4670/1999
f 2806/4671/1819 2807/4672/1717 2805/4673/1882
f 216/4674/2000 215/4675/2000 240/4676/2000
f 1853/4677/2001 1854/4678/2001 1849/4679/2001
f 2208/4680/2002 2209/4681/2003 2215/4682/2004
f 2804/4683/2005 2812/4684/2005 2803/4685/2005
f 217/4686/2006 228/4687/2007 214/4688/1814
f 879/4689/2008 848/3848/1607 847/3817/1629
f 2390/4690/2009 2391/4691/2009 2392/4692/2009
f 2385/4693/2010 2413/4694/2010 2388/4695/2010
f 602/4696/2011 580/4697/2011 597/4698/2011
f 1854/4699/2012 1862/4700/2012 1861/4701/2012
f 2215/4682/2004 2209/4681/2003 2210/4702/1725
f 2030/4235/1730 1883/4703/1975 2034/4236/1804
f 2455/4704/1949 2460/4705/1744 2456/4706/2013
f 2046/4239/1806 2054/4240/1807 2053/4707/2014
f 2043/4708/1941 2046/4709/1806 2044/4710/2015
f 1839/4167/1772 1778/4470/1908 1141/4711/1881
f 1428/4712/2016 1424/3746/1600 1437/4146/1763
f 192/3630/1551 218/4295/1831 220/4713/2017
f 604/4714/1935 387/4715/1934 422/4716/2018
f 1143/4717/1798 1133/3979/1670 1145/3685/1572
f 3010/4718/1306 3013/4719/2019 3014/4720/1862
f 1855/4721/2020 1860/4722/2020 1856/4723/2020
f 2393/4724/2021 2395/4725/1838 2388/4726/1903
f 1856/3680/1569 1860/4727/2022 1850/4300/1834
f 2400/4728/2023 2227/4729/2023 2398/4730/2023
f 1139/4731/2024 1144/4732/2024 1145/4733/2024
f 606/4734/2025 372/4735/2025 376/4736/2025
f 1146/4737/2026 1127/4738/2026 1147/4739/2026
f 1659/4740/2027 1685/4741/2027 1677/4742/2027
f 216/4743/2028 220/4744/2017 218/4745/1831
f 1679/4746/2029 1694/4747/2030 1678/4748/1812
f 2764/4749/2031 2760/4637/1988 2745/3267/1404
f 1862/4281/1825 1833/3552/1517 1857/4750/1878
f 1150/4586/1965 1146/3831/1637 1148/4585/1964
f 1678/4751/1812 1464/4752/1898 1679/4753/2029
f 1132/3977/1689 1149/4754/2032 1139/4377/1867
f 1666/4173/1573 1676/4387/1875 1659/3945/1676
f 201/3823/1255 866/4755/2033 207/3824/1632
f 37/4756/2034 212/4258/1633 213/4260/1603
f 2464/4757/2035 2452/4758/2035 2457/4759/2035
f 2813/4760/2036 3015/4761/2036 2990/4762/2036
f 240/4763/1778 217/4764/2006 193/4765/1552
f 2034/4766/1804 2051/4767/2037 2045/4768/1961
f 861/4769/1885 863/4770/1816 876/4771/2038
f 2398/4772/1708 2227/4773/2039 2394/4774/1792
f 1680/4775/2040 1681/4776/2040 1456/4777/2040
f 1689/4778/2041 1677/4779/2041 1685/4780/2041
f 1850/4781/2042 1859/4782/2043 1867/4783/2044
f 2058/4784/2045 2044/4785/2015 2046/4786/1806
f 1147/4787/1963 1160/4788/2046 1148/4789/1964
f 1144/4790/2047 1139/4791/2047 1149/4792/2047
f 2390/4793/2048 2224/4794/2048 2392/4795/2048
f 2453/4576/1959 2455/4557/1949 2446/4796/2049
f 2211/4797/1971 2212/4798/2050 2207/4799/1736
f 3015/4800/1821 3020/4801/2051 3010/4718/1306
f 2388/4802/2052 2413/4803/2052 2405/4804/2052
f 1195/4805/1747 1384/2544/1079 1179/3863/1647
f 220/4713/2017 193/3631/1552 192/3630/1551
f 1692/4806/2053 1682/4807/1970 1686/4808/1793
f 3016/4809/1729 3014/4810/1862 3017/4811/2054
f 606/4595/1968 376/4812/2055 374/4596/1969
f 1683/4813/2056 1682/4814/2056 1692/4815/2056
f 464/4816/2057 597/4817/2057 377/4818/2057
f 1429/4819/2058 1693/4820/2059 1423/4821/1926
f 2753/4822/2060 2758/4823/2061 2466/4824/2062
f 2808/4487/1253 2813/4825/2063 2990/4488/1916
f 2390/4826/2064 2394/4827/2064 2224/4828/2064
f 2496/4610/1857 2427/2392/1007 2517/4829/1872
f 2438/3769/1610 2449/4373/1863 2458/4830/1905
f 2060/4831/2065 2054/4832/2065 2027/4833/2065
f 2389/4834/1962 2395/4835/1838 2393/4836/2021
f 1851/4345/1852 1845/4837/1823 1837/4346/1658
f 1849/4838/1774 1854/4839/2066 1865/4840/2067
f 1678/4251/1812 1658/3944/1391 1464/4841/1898
f 847/3935/1629 843/3584/1530 880/4842/2068
f 1175/4843/2069 1353/4844/2069 1430/4845/2069
f 851/4046/1720 853/4145/1762 862/4846/2070
f 3/4222/1797 35/4662/1996 177/3029/1297
f 1150/4847/2071 1158/4848/2071 1161/4849/2071
f 862/4850/2072 868/4851/2072 851/4852/2072
f 1860/4853/2073 1855/4854/2073 1851/4855/2073
f 1424/4856/1600 1428/4857/2016 1425/4858/2074
f 2213/4859/2075 2219/4860/1956 2214/4861/1848
f 863/4862/2076 855/4863/2076 876/4864/2076
f 2041/4565/1955 2032/3212/1377 2052/4865/1999
f 212/3826/1633 37/4866/2034 229/4177/1779
f 1132/4867/1689 1159/4868/2077 1155/4869/2078
f 1849/4838/1774 1865/4840/2067 1858/4870/2079
f 2450/3652/1561 2464/4871/1912 2433/3708/1556
f 2812/4872/1939 2813/4873/2063 2808/4874/1253
f 2805/4673/1882 2807/4672/1717 2815/4875/2080
f 2029/3920/1581 2023/3922/1546 1883/4876/1975
f 2056/4877/2081 2057/4878/2081 2049/4879/2081
f 2025/3754/1604 2062/4880/1771 2019/3515/1483
f 2058/4881/2082 2046/4882/2082 2053/4883/2082
f 1738/4884/2083 1819/4885/1308 1863/4886/2084
f 2210/4887/1725 2216/4888/2085 2215/4889/2004
f 1778/4470/1908 1849/4169/1774 1858/4890/2079
f 1151/4891/2086 1120/3728/1498 1150/4586/1965
f 1447/4892/2087 1684/4893/2087 1693/4894/2087
f 219/4895/2088 204/3965/1683 187/3964/1315
f 2812/4538/1939 2802/4537/1558 2809/4896/1927
f 604/4533/1935 608/4897/2089 607/4635/1987
f 240/4763/1778 193/4765/1552 220/4898/2017
f 1436/4317/1840 1443/4217/1795 1434/4899/2090
f 377/4900/2091 607/4901/2091 464/4902/2091
f 2759/4903/2092 2764/4904/2092 2745/4905/2092
f 307/4906/2093 311/3719/1359 233/3718/1587
f 1447/4907/2094 1427/4908/2094 1684/4909/2094
f 1433/4910/2095 1431/4911/1991 1426/4912/1599
f 583/3647/1481 594/4187/1704 596/4913/1728
f 2464/4669/1998 2462/4914/2096 2755/4667/1713
f 1160/4788/2046 1147/4787/1963 1127/4915/1625
f 1416/3649/1559 1186/4916/2097 1177/3383/1448
f 2459/4917/2098 2456/4918/2013 2460/4919/1744
f 206/4147/1764 221/4920/1790 222/4921/2099
f 3018/4922/2100 3021/4542/1940 3016/4541/1729
f 2369/4923/2101 2397/4924/2101 2807/4925/2101
f 1860/4926/2102 1859/4927/2102 1866/4928/2102
f 1860/4929/2103 1866/4930/2103 1850/4931/2103
f 1159/4868/2077 1132/4867/1689 1128/4932/1705
f 1432/4933/2104 1684/4509/1925 1423/4510/1926
f 1411/3702/1579 1186/4934/2097 1416/3988/1559
f 1353/4935/699 1175/4936/2105 1204/4937/1886
f 2791/3501/1419 2818/4157/1768 2819/4938/1972
f 2215/4939/2004 2216/4940/2085 2208/4941/2002
f 3010/4718/1306 3020/4801/2051 3013/4719/2019
f 1310/4942/2106 1433/4943/2095 1425/4944/2074
f 2049/4945/2107 2045/4946/2107 2056/4947/2107
f 865/4948/2108 877/4949/2108 867/4950/2108
f 2459/4917/2098 2461/4951/2109 2456/4918/2013
f 2816/4952/2110 2811/4602/1504 2819/4601/1972
f 216/4743/2028 240/4953/1778 220/4744/2017
f 865/4954/2111 864/4955/2112 877/4956/2113
f 865/4957/2114 874/4958/2114 864/4959/2114
f 2413/4960/2115 2203/4961/2115 2396/4962/2115
f 1684/4963/2116 1432/4964/2116 1693/4965/2116
f 2751/4966/1525 2752/4190/1298 2757/4189/1784
f 2219/4566/1956 2217/4967/1924 2183/3556/1442
f 1861/4968/2117 1862/4969/1825 1868/4970/2118
f 1141/4404/1881 1152/4971/2119 1127/4040/1625
f 1148/4585/1964 1158/4972/2120 1150/4586/1965
f 1685/4973/2121 1659/3945/1676 1687/4974/2122
f 844/3784/1616 621/4975/2123 631/3606/1541
f 867/4322/1843 866/4976/2033 201/2997/1255
f 593/4977/1606 591/4978/1489 378/4979/1920
f 373/4980/1967 374/4981/1969 378/4982/1920
f 199/3895/1605 214/4256/1814 223/4983/2124
f 371/4625/1950 375/4627/1983 379/4984/1951
f 1148/4985/2125 1160/4986/2125 1158/4987/2125
f 2455/4988/2126 2456/4989/2126 2461/4990/2126
f 2208/4941/2002 2216/4940/2085 2214/4991/1848
f 1434/4992/2127 1435/4993/2127 1436/4994/2127
f 1694/4747/2030 1686/4995/1793 1678/4748/1812
f 214/4688/1814 228/4687/2007 224/4996/2128
f 858/4519/1930 859/4555/1948 612/4997/2129
f 2814/4998/2130 2805/4999/2130 2815/5000/2130
f 1150/5001/1965 1161/5002/2131 1151/5003/2086
f 2454/4592/1593 2462/5004/2132 2457/4593/1966
f 2455/4557/1949 2461/5005/2109 2446/4796/2049
f 2036/3037/1301 2062/4166/1771 2047/5006/1861
f 1846/3657/1562 1863/5007/2084 1819/3057/1308
f 1428/5008/2133 1437/5009/2133 1441/5010/2133
f 865/5011/2134 867/5012/2134 874/5013/2134
f 224/5014/2128 167/5015/1176 199/5016/1605
f 585/4342/1137 383/5017/2135 388/4343/1850
f 1675/5018/2136 1688/5019/2136 1655/5020/2136
f 1155/5021/2078 1153/5022/2137 1132/5023/1689
f 1865/5024/2138 1854/5025/2138 1861/5026/2138
f 1428/4857/2016 1438/5027/2139 1425/4858/2074
f 1683/5028/1739 2210/4057/1725 2197/4397/1866
f 2214/4861/1848 2216/5029/2085 2213/4859/2075
f 860/5030/1931 862/5031/2070 853/5032/1762
f 2196/5033/2140 2190/5034/2140 2218/5035/2140
f 1687/5036/2141 1689/5037/2141 1685/5038/2141
f 2732/5039/1096 2760/5040/1988 2763/5041/2142
f 877/4956/2113 864/4955/2112 873/5042/2143
f 2732/5043/2144 2763/5044/2144 2753/5045/2144
f 2796/3774/1611 2811/3505/1504 2816/5046/2110
f 2023/3922/1546 2048/4506/1923 1883/4876/1975
f 1429/5047/2058 1183/5048/2145 1693/5049/2059
f 1417/4002/1701 1431/5050/1991 1442/4607/1974
f 866/4976/2033 867/4322/1843 877/5051/2146
f 1443/5052/1984 593/4977/1606 378/4979/1920
f 227/5053/2147 226/5054/1066 225/5055/2148
f 226/5056/1066 227/5057/2147 221/4920/1790
f 422/4716/2018 608/5058/2089 604/4714/1935
f 874/5059/2149 867/5060/1933 868/5061/1979
f 1423/5062/1926 1439/5063/2150 1429/5064/2058
f 1449/5065/2151 1690/5066/1870 1687/5067/2122
f 1153/5022/2137 1149/5068/2032 1132/5023/1689
f 1440/5069/1732 1439/5063/2150 1423/5062/1926
f 869/5070/2152 843/5071/1530 870/5072/2153
f 2397/5073/2154 2392/5074/2154 2807/5075/2154
f 217/5076/2006 240/5077/1778 228/5078/2007
f 2219/5079/1956 2213/5080/2075 2217/5081/1924
f 2398/5082/1708 2399/5083/2155 2400/5084/2156
f 3017/4811/2054 3018/5085/2100 3016/4809/1729
f 2048/5086/2157 2035/5087/2157 1883/5088/2157
f 1454/5089/2158 1672/5090/2158 1667/5091/2158
f 1860/5092/2159 1851/4345/1852 1859/5093/2043
f 1123/3544/1516 896/5094/2160 1142/4445/1899
f 1154/5095/2161 1128/5096/2161 1163/5097/2161
f 1155/5098/2078 1159/5099/2077 1166/5100/2162
f 1441/5101/2163 1438/5102/2139 1428/5103/2016
f 1423/4821/1926 1693/4820/2059 1432/5104/2104
f 1431/4911/1991 1433/4910/2095 1442/5105/1974
f 1862/4969/1825 1857/5106/1878 1868/4970/2118
f 223/5107/2124 214/4688/1814 224/4996/2128
f 372/4560/1952 379/4559/1951 376/5108/2055
f 3015/5109/1821 2813/5110/2063 3029/5111/2164
f 2049/5112/2165 2057/5113/2165 2050/5114/2165
f 2459/5115/2098 2460/5116/1744 2463/5117/2166
f 864/5118/2167 874/5119/2167 873/5120/2167
f 2051/5121/2168 2034/5122/2168 1883/5123/2168
f 2756/5124/1746 2751/5125/1525 2761/5126/2169
f 1819/3197/1308 1738/5127/2083 1827/3595/1536
f 2035/5128/2170 2446/5129/2170 1883/5130/2170
f 2043/4708/1941 2044/4710/2015 2052/5131/1999
f 1859/5093/2043 1864/5132/2171 1867/5133/2044
f 890/5134/2172 1143/4717/1798 1145/3685/1572
f 1440/4073/1732 1177/4072/1448 1192/5135/2173
f 881/2635/1122 621/5136/2123 844/3894/1616
f 167/5015/1176 224/5014/2128 3/5137/1797
f 226/3365/1066 185/3367/1441 225/5138/2148
f 843/5139/2174 861/5140/2174 870/5141/2174
f 862/5031/2070 860/5030/1931 868/5142/1979
f 1159/4868/2077 1128/4932/1705 1154/5143/2175
f 1865/5144/2176 1861/5145/2176 1858/5146/2176
f 859/4555/1948 871/5147/1839 612/4997/2129
f 2051/5148/2177 1883/5149/2178 1908/5150/2179
f 3019/5151/2180 3015/4800/1821 3029/5152/2164
f 388/5153/2181 380/5154/1982 595/5155/1721
f 2217/4508/1924 2063/5156/2182 2184/3936/1472
f 2815/5157/2080 2817/5158/2183 2818/5159/1768
f 1859/4782/2043 1850/4781/2042 1866/5160/2184
f 2818/5161/1768 2817/5162/2183 2821/5163/2185
f 2055/5164/2186 2053/5165/2186 2060/5166/2186
f 597/5167/2187 464/5168/2187 602/5169/2187
f 379/4559/1951 374/5170/1969 376/5108/2055
f 618/2837/1141 819/2653/1133 872/5171/2188
f 1149/5172/2189 1153/5173/2189 1144/5174/2189
f 229/5175/1779 219/4895/2088 187/3964/1315
f 2821/5176/2190 2816/5177/2190 2819/5178/2190
f 2248/5179/2191 2807/5180/1717 2392/5181/2192
f 1456/5182/2193 1655/5183/2193 1688/5184/2193
f 858/5185/2194 612/5186/2194 614/5187/2194
f 222/4921/2099 208/4178/1780 206/4147/1764
f 1151/5188/2086 1156/3849/1557 1120/3485/1498
f 2814/5189/1953 2815/5157/2080 2818/5159/1768
f 896/5190/2160 1162/3390/1451 1156/3643/1557
f 1690/5066/1870 1689/5191/1869 1687/5067/2122
f 1850/5192/2195 1867/5193/2195 1869/5194/2195
f 873/5195/2196 874/5196/2196 877/5197/2196
f 861/4769/1885 876/4771/2038 870/5198/2153
f 843/5071/1530 869/5070/2152 880/5199/2068
f 2202/5200/1902 2212/4798/2050 2211/4797/1971
f 2393/4724/2021 2388/4726/1903 2405/5201/2197
f 2049/5202/2198 2050/5203/2198 1884/5204/2198
f 2460/5116/1744 2458/5205/1905 2463/5117/2166
f 1156/5206/2199 1151/5207/2199 1157/5208/2199
f 2408/5209/2200 2402/5210/2201 2393/5211/2021
f 1161/5212/2202 1158/5213/2202 1160/5214/2202
f 2202/5200/1902 2221/5215/2203 2212/4798/2050
f 2759/4077/1734 2756/4164/1746 2761/5216/2169
f 1694/5217/2030 1692/4806/2053 1686/4808/1793
f 2449/4464/1863 2435/4609/1590 2496/5218/1857
f 2049/4374/1864 1884/5219/2204 2037/4408/1805
f 2233/5220/2205 2401/5221/2205 2381/5222/2205
f 2406/5223/2206 2359/4410/1319 2410/5224/2207
f 2393/4836/2021 2402/5225/2201 2389/4834/1962
f 2041/4565/1955 2052/4865/1999 1891/5226/2208
f 2041/4590/1955 1891/5227/2208 1851/4345/1852
f 1891/5227/2208 1707/5228/2209 1851/4345/1852
f 2220/5229/2210 2064/5230/2210 2201/5231/2210
f 1683/5232/1739 1458/5233/2211 2210/5234/1725
f 1441/5235/2163 1436/5236/2212 1438/5237/2139
f 207/4175/1777 234/5238/2213 240/4176/1778
f 378/4982/1920 374/4981/1969 389/5239/2214
f 1429/5047/2058 1439/5240/2150 1183/5048/2145
f 2457/5241/2215 2462/5242/2215 2464/5243/2215
f 1891/5226/2208 2052/4865/1999 2044/5244/2015
f 2809/5245/1927 2813/5110/2063 2812/5246/1939
f 1690/5247/1870 1449/5248/2151 1454/5249/2216
f 1154/5250/2217 1166/5251/2217 1159/5252/2217
f 2394/4774/1792 2227/4773/2039 2224/5253/2218
f 2045/5254/2219 2051/5255/2219 2056/5256/2219
f 2060/5257/2220 2053/5258/2220 2054/5259/2220
f 2202/5260/2221 2201/5261/2221 2221/5262/2221
f 2817/5263/2183 2815/5264/2080 2829/5265/2222
f 2410/5224/2207 2359/4410/1319 2404/4409/1883
f 2069/5266/2223 2203/4466/1906 2207/4080/1736
f 2207/4080/1736 2212/5267/2050 2069/5266/2223
f 1840/5268/1567 1870/5269/1980 1738/5270/2224
f 890/5134/2172 855/5271/2225 1143/4717/1798
f 855/5272/2225 875/5273/2226 876/5274/2038
f 223/5275/2124 224/5014/2128 199/5016/1605
f 222/4921/2099 230/5276/2227 208/4178/1780
f 2058/5277/2228 2053/5278/2228 1893/5279/2228
f 1691/5280/2229 1679/4753/2029 1464/4752/1898
f 595/5155/1721 381/5281/1841 388/5153/2181
f 2217/5081/1924 2213/5080/2075 2063/5282/2182
f 2398/5082/1708 2228/5283/1822 2399/5083/2155
f 2389/5284/2230 2403/5285/2230 2404/5286/2230
f 1659/3945/1676 1676/4387/1875 1687/4974/2122
f 2413/4143/2231 2203/4497/1906 2405/5287/2197
f 1863/5007/2084 1846/3657/1562 1710/5288/2232
f 2216/5289/2085 2074/5290/2233 2213/5291/2075
f 826/3134/1302 612/5292/2129 871/4316/1839
f 1425/4944/2074 1438/5293/2139 1310/4942/2106
f 1178/5294/2234 1436/5295/2234 1434/5296/2234
f 378/4982/1920 389/5239/2214 1443/5297/1984
f 600/5298/1815 596/5299/1728 382/5300/2235
f 213/4260/1603 231/5301/1889 37/4756/2034
f 213/3752/1603 198/3751/1602 5/4418/1888
f 877/5302/2236 874/5303/2236 866/5304/2236
f 374/5170/1969 379/4559/1951 375/5305/1983
f 2763/5306/2142 2762/5307/2237 2753/4822/2060
f 3015/4800/1821 3019/5151/2180 3020/4801/2051
f 1144/5308/2238 1153/5309/2137 1145/3685/1572
f 3013/4719/2019 3017/5310/2054 3014/4720/1862
f 1151/5003/2086 1161/5002/2131 1157/5311/2239
f 1458/5233/2211 1683/5232/1739 1692/5312/2053
f 2433/5313/1556 2491/5314/2240 2517/5315/1872
f 2817/5263/2183 2829/5265/2222 2820/5316/2241
f 2465/5317/2242 1883/5318/2178 2446/5319/2049
f 1891/5320/2208 2044/4785/2015 2058/4784/2045
f 1868/5321/2118 1858/5322/2243 1861/5323/2117
f 1778/5324/1908 1152/5325/2119 1141/5326/1881
f 1447/4012/1706 1693/5327/2059 1676/4174/1776
f 2464/5328/1912 2491/5314/2240 2433/5313/1556
f 2055/5329/2244 1893/5330/2244 2053/5331/2244
f 2037/5332/2245 1896/5333/2245 2025/5334/2245
f 1667/5335/2246 1690/5247/1870 1454/5249/2216
f 876/5274/2038 869/5070/2152 870/5072/2153
f 2216/4888/2085 2210/4887/1725 2140/5336/2247
f 1851/4345/1852 1707/5228/2209 1864/5132/2171
f 1694/5337/2248 1679/5338/2248 1691/5339/2248
f 1778/5340/2249 1858/5341/2249 1698/5342/2249
f 2233/5343/2250 2375/5344/2250 2232/5345/2250
f 2406/5346/2206 2375/3923/1668 2359/3083/1319
f 2192/3667/1565 2196/3144/1345 2218/5347/2251
f 1169/5348/2252 1160/5349/2046 1127/4040/1625
f 1458/5233/2211 1692/5312/2053 1694/5350/2030
f 631/4451/1541 878/5351/2253 826/3041/1302
f 1438/5352/2254 1178/5353/2254 1310/5354/2254
f 35/4662/1996 225/5138/2148 185/3367/1441
f 308/5355/1356 310/5356/2255 313/5357/2256
f 2408/5209/2200 2405/5287/2197 2203/4497/1906
f 2818/5161/1768 2821/5163/2185 2819/5358/1972
f 2410/5359/2257 2404/5360/2257 2403/5361/2257
f 2760/5040/1988 2764/5362/2031 2763/5041/2142
f 2393/5211/2021 2405/5287/2197 2408/5209/2200
f 221/4920/1790 227/5057/2147 222/4921/2099
f 2813/5110/2063 2809/5245/1927 3029/5111/2164
f 1859/5093/2043 1851/4345/1852 1864/5132/2171
f 3017/5310/2054 3013/4719/2019 3018/5363/2100
f 2753/5364/2258 2466/5365/2258 2464/5366/2258
f 847/3935/1629 880/4842/2068 879/5367/2008
f 2403/5368/2259 2389/5369/2259 2402/5370/2259
f 2069/5266/2223 2212/5267/2050 2221/5371/2203
f 1157/5372/2239 1161/5373/2131 1169/5348/2252
f 899/5374/2260 896/5190/2160 1156/3643/1557
f 1162/5375/1451 896/5094/2160 1123/3544/1516
f 1440/5376/2261 1192/5377/2261 1439/5378/2261
f 1438/5237/2139 1436/5236/2212 1178/5379/2262
f 1434/5380/2263 1443/5381/2263 1178/5382/2263
f 375/4627/1983 389/5239/2214 374/4981/1969
f 388/5383/2181 375/4627/1983 380/4626/1982
f 232/5384/2264 233/5385/2264 211/5386/2264
f 2461/5005/2109 2465/5387/2242 2446/4796/2049
f 1908/5150/2179 2056/5388/2265 2051/5148/2177
f 2248/5179/2191 2392/5181/2192 2224/5389/2218
f 2408/5390/2200 2203/4466/1906 2069/5266/2223
f 2067/5391/2266 2069/5266/2223 2221/5371/2203
f 1864/5132/2171 1872/5392/2267 1867/5133/2044
f 1857/5393/1878 1698/5394/2268 1868/5321/2118
f 2073/5395/2269 2063/5396/2182 2213/5291/2075
f 1169/5348/2252 1127/4040/1625 1152/4971/2119
f 1574/5397/2270 1448/5398/2271 1449/5399/2151
f 1676/5400/1776 1693/5049/2059 1183/5048/2145
f 872/5401/2272 799/5402/2272 742/5403/2272
f 616/5404/2273 868/5061/1979 860/5405/1931
f 874/5059/2149 868/5061/1979 616/5404/2273
f 589/5406/1628 383/5407/2135 585/5408/1137
f 2056/5388/2265 1908/5150/2179 2057/5409/2274
f 2807/5410/1717 2829/5265/2222 2815/5264/2080
f 2758/4823/2061 2753/4822/2060 2762/5307/2237
f 1893/5411/2275 1891/5412/2275 2058/5413/2275
f 2761/5216/2169 2764/5414/2031 2759/4077/1734
f 2037/5415/2276 1884/5416/2276 1896/5417/2276
f 2372/4597/1591 2381/4212/1723 2401/5418/2277
f 2059/5419/2278 2027/4582/1620 2047/4366/1861
f 1893/5420/2279 2055/5421/2279 2060/5422/2279
f 2184/5423/1472 2218/5424/2251 2190/5425/1634
f 2216/5289/2085 2140/5426/2247 2074/5290/2233
f 1778/5324/1908 1716/5427/2280 1152/5325/2119
f 1164/5428/2281 1154/5429/2281 1163/5430/2281
f 1449/5399/2151 1448/5398/2271 1454/5431/2216
f 1145/3685/1572 1153/5309/2137 890/5134/2172
f 5/4418/1888 198/3751/1602 230/5432/2227
f 1869/5433/2282 1867/5133/2044 1872/5392/2267
f 1163/5434/1243 1126/5435/1609 1142/5436/1899
f 2465/5317/2242 1908/5437/2179 1883/5318/2178
f 2833/5438/2283 2807/5180/1717 2248/5179/2191
f 308/5355/1356 309/5439/1355 310/5356/2255
f 2227/5440/2039 2248/5179/2191 2224/5389/2218
f 2407/5441/2284 2228/4651/1822 2372/3730/1591
f 1896/5442/2285 2062/5443/1771 2025/5444/1604
f 1169/5348/2252 1161/5373/2131 1160/5349/2046
f 1691/5445/2286 1464/5446/2286 1695/5447/2286
f 1442/5448/1974 1433/4943/2095 1310/4942/2106
f 866/5449/2287 874/5450/2287 234/5451/2287
f 234/5452/2288 207/5453/2288 866/5454/2288
f 375/4627/1983 390/5455/2289 389/5239/2214
f 598/5456/1783 596/5457/1728 594/5458/1704
f 2758/5459/2290 2762/5460/2290 2472/5461/2290
f 3018/5462/2100 3013/5463/2019 3023/5464/2291
f 2472/5465/2292 2466/5466/2292 2758/5467/2292
f 2821/5468/2185 2822/5469/2293 2816/5470/2110
f 2461/5005/2109 2469/5471/2294 2465/5387/2242
f 2807/5410/1717 2833/5472/2283 2829/5265/2222
f 2234/5473/2295 2227/5474/2296 2400/5475/2156
f 2399/5476/2155 2234/5473/2295 2400/5475/2156
f 2228/5477/1822 2407/5478/2284 2225/5479/2297
f 1675/5480/1944 1672/5481/1589 1688/5482/2298
f 1442/5483/2299 1310/5484/2299 1180/5485/2299
f 1178/5486/2300 389/5239/2214 384/5487/2301
f 228/5078/2007 240/5077/1778 235/5488/2302
f 309/5489/2303 311/5490/2303 310/5491/2303
f 2517/4829/1872 2530/5492/2304 2496/4610/1857
f 2459/5493/2098 2469/5471/2294 2461/5005/2109
f 2761/5126/2169 2751/5125/1525 2757/5494/1784
f 614/5495/2305 616/5404/2273 860/5405/1931
f 3023/5464/2291 3013/5463/2019 3020/5496/2051
f 2064/5497/2306 2065/5498/2307 2201/5499/2308
f 1698/5394/2268 1858/5322/2243 1868/5321/2118
f 1155/5098/2078 1166/5100/2162 1153/5309/2137
f 869/5070/2152 622/5500/2309 880/5501/2068
f 848/5502/1607 635/5503/2310 816/5504/1078
f 1908/5505/2179 1898/5506/2311 2057/5507/2274
f 2809/5508/1927 2797/4093/1639 2834/5509/2312
f 1164/5510/2313 1163/5434/1243 1142/5436/1899
f 2463/5511/2166 2468/5512/2314 2459/5493/2098
f 2408/5390/2200 2069/5266/2223 2222/5513/2315
f 1893/5514/2316 1885/5515/2316 1891/5516/2316
f 2221/5371/2203 2201/5517/2317 2067/5391/2266
f 1738/5518/2318 1870/5519/2318 1827/5520/2318
f 1461/5521/2319 1458/5522/2319 1694/5523/2319
f 1457/5524/2320 1464/4443/1898 1646/4442/1452
f 1457/5525/2320 1646/3391/1452 1456/4471/1909
f 1153/5309/2137 1166/5100/2162 1168/5526/2321
f 875/5273/2226 869/5070/2152 876/5274/2038
f 1439/5527/2322 1192/5528/2322 1183/5529/2322
f 1176/5530/2323 1177/5531/1448 1186/5532/2097
f 1178/5533/2324 1197/5534/2325 1310/5535/2326
f 389/5239/2214 1178/5486/2300 1443/5297/1984
f 2821/5536/2185 2817/5263/2183 2820/5316/2241
f 1894/5537/2327 1707/5228/2209 1891/5227/2208
f 1574/5538/2270 1449/5539/2151 1687/4974/2122
f 1183/5540/2328 1452/5541/2328 1676/5542/2328
f 742/5543/2329 799/2074/870 667/3160/1350
f 1676/5544/1875 1450/5545/2330 1451/5546/2331
f 1168/5526/2321 890/5134/2172 1153/5309/2137
f 3101/5547/2332 3021/5548/2332 3028/5549/2332
f 2240/5550/2333 2833/5551/2333 2248/5552/2333
f 2761/5126/2169 2768/5553/2334 2764/5554/2031
f 240/5077/1778 243/5555/2335 235/5488/2302
f 3029/5556/2164 2809/5508/1927 2834/5509/2312
f 2810/4575/1911 2847/5557/2336 2797/4093/1639
f 2796/4199/1611 2852/5558/2337 2810/4476/1911
f 1708/5559/2338 1846/4183/1562 1869/4182/1782
f 1857/5560/1878 1840/5561/1567 1724/5562/2339
f 2213/5291/2075 2074/5290/2233 2073/5395/2269
f 2140/5563/2247 2210/5564/1725 1458/5565/2211
f 1691/5566/2340 1695/5567/2341 1694/5568/2342
f 1676/4387/1875 1574/5538/2270 1687/4974/2122
f 875/5273/2226 855/5272/2225 890/5569/2172
f 816/5570/2343 611/5571/2343 667/5572/2343
f 878/5573/2253 612/5292/2129 826/3134/1302
f 1205/5574/2344 1179/5575/1647 1442/5576/1974
f 612/5577/2345 878/5578/2345 613/5579/2345
f 233/5580/1587 232/5581/2346 307/5582/2093
f 2834/5509/2312 2797/4093/1639 2847/5557/2336
f 2057/5583/2347 1887/5584/2347 2050/5585/2347
f 2763/5586/2142 2764/5587/2031 2765/5588/2348
f 1152/5325/2119 1716/5427/2280 1699/5589/2349
f 2466/5590/2350 2467/5591/2351 2464/5328/1912
f 2768/5553/2334 2761/5126/2169 2757/5494/1784
f 1180/5592/2352 1310/5593/2352 1198/5594/2352
f 2469/5471/2294 2459/5493/2098 2468/5512/2314
f 2060/5595/2353 2027/5596/1620 1886/5597/2354
f 1451/5546/2331 1574/5598/2270 1676/5544/1875
f 875/5273/2226 622/5500/2309 869/5070/2152
f 848/3848/1607 879/4689/2008 635/5599/2310
f 235/5488/2302 224/5600/2128 228/5078/2007
f 375/4627/1983 388/5383/2181 390/5455/2289
f 1154/5601/2355 1165/5602/2355 1173/5603/2355
f 1869/5604/2356 1872/5605/2356 1871/5606/2356
f 310/5607/2255 311/5608/1359 307/5609/2093
f 236/5610/2357 3/5137/1797 224/5014/2128
f 1857/5611/1878 1700/5612/2358 1705/5613/2359
f 2050/5614/2360 1887/5615/2361 1884/5616/2362
f 3021/5617/1940 3018/5618/2100 3026/5619/2363
f 2248/5179/2191 2227/5440/2039 2226/5620/2364
f 2227/5621/2365 2239/5622/2365 2226/5623/2365
f 2409/5624/2366 2406/5625/2206 2410/5626/2207
f 2403/5627/2367 2402/5628/2367 2410/5629/2367
f 2250/5630/2368 2408/5390/2200 2222/5513/2315
f 2066/5631/2369 2192/5632/1565 2218/5424/2251
f 2184/5633/1472 2063/5634/2182 2076/5635/2370
f 2063/5634/2182 2083/5636/2371 2076/5635/2370
f 1698/5637/2268 1857/5611/1878 1705/5613/2359
f 881/5638/1122 817/2507/1064 632/5639/2372
f 464/5640/2373 385/5641/2374 602/5642/1887
f 2063/5643/2182 2073/5644/2269 2083/5645/2371
f 2762/5646/2237 2763/5586/2142 2765/5588/2348
f 1184/5647/2375 1442/5648/1974 1198/5649/2376
f 2399/5650/2377 2228/5651/2377 2230/5652/2377
f 3028/5653/2378 3021/5654/1940 3025/5655/2379
f 2458/5656/1905 2468/5657/2314 2463/5658/2166
f 2410/5659/2380 2402/5660/2381 2229/5661/2382
f 1676/5544/1875 1452/5662/2383 1453/5663/2384
f 2402/5664/2385 2408/5665/2385 2237/5666/2385
f 2064/5667/1943 2192/5632/1565 2066/5631/2369
f 1169/5668/2252 892/5669/2386 1157/5670/2239
f 1672/5671/1589 1454/5672/2216 1460/5673/2387
f 230/5432/2227 198/3751/1602 208/5674/1780
f 1169/5348/2252 1152/4971/2119 1170/5675/2388
f 1676/5544/1875 1453/5663/2384 1455/5676/2389
f 622/5677/2390 882/5678/2390 880/5679/2390
f 3029/5556/2164 2834/5509/2312 2823/5680/2391
f 237/5681/2392 222/5682/2099 227/5683/2147
f 2067/5684/2393 2201/5685/2393 2071/5686/2393
f 1574/5687/2270 1451/5688/2331 1465/5689/2394
f 1891/5690/2395 1885/5691/2396 1888/5692/2397
f 1166/5693/2398 894/5694/2398 1168/5695/2398
f 1846/4183/1562 1708/5559/2338 1710/5696/2232
f 389/5697/2399 390/5698/2399 391/5699/2399
f 1908/5505/2179 1889/5700/2400 1898/5506/2311
f 2027/5701/1620 2059/5702/2278 1886/5703/2354
f 1698/5704/2268 1711/5705/2401 1778/5706/1908
f 1157/5670/2239 892/5669/2386 897/5707/2402
f 1456/5708/1909 1481/5709/2403 1457/5710/2320
f 635/5503/2310 611/5711/2404 816/5504/1078
f 236/5610/2357 224/5014/2128 238/5712/2405
f 386/5713/2406 465/5714/1692 602/5642/1887
f 600/5715/1815 382/5716/2235 387/5717/1934
f 1695/5567/2341 1466/5718/2407 1694/5568/2342
f 2409/5719/2408 2410/5720/2408 2229/5721/2408
f 613/5722/2409 624/5723/2409 612/5724/2409
f 1188/5725/2410 1310/5726/2410 1197/5727/2410
f 239/5728/2411 237/5681/2392 227/5683/2147
f 894/5729/2412 1166/5730/2412 887/5731/2412
f 2057/5732/2413 1900/5733/2413 1887/5734/2413
f 1888/5735/2414 1901/5736/2414 1891/5737/2414
f 1908/5437/2179 2465/5317/2242 1890/5738/2415
f 1157/5739/2239 897/5740/2402 899/5741/2260
f 1157/5739/2239 899/5741/2260 1156/5742/1557
f 888/5743/2416 889/5744/2417 890/5745/2172
f 889/5744/2417 875/5746/2226 890/5745/2172
f 1192/5135/2173 1177/4072/1448 1176/5747/2323
f 612/5748/2418 624/5749/2418 614/5750/2418
f 616/5751/2273 615/5752/2419 630/5753/2420
f 1178/5533/2324 1181/5754/2421 1197/5534/2325
f 874/5755/2149 616/5756/2273 234/5757/2422
f 2234/5758/2423 2399/5759/2423 2230/5760/2423
f 1166/5761/2424 1154/5762/2424 1173/5763/2424
f 1778/5764/1908 1701/5765/2425 1716/5766/2280
f 1178/5767/2426 1182/5768/2426 1196/5769/2426
f 3025/5655/2379 3021/5654/1940 3026/5770/2363
f 2235/5771/2427 2237/5772/2428 2231/5773/2429
f 622/5774/2430 875/5775/2430 883/5776/2430
f 388/5777/2181 381/5778/2431 390/5779/2289
f 389/5780/2432 391/5781/2432 393/5782/2432
f 2828/5783/2433 2830/5784/2434 2829/5785/2222
f 1183/5786/2435 1192/5787/2435 1200/5788/2435
f 2821/5789/2185 2820/5790/2241 2822/5791/2293
f 2820/5790/2241 2830/5792/2434 2822/5791/2293
f 1902/5793/2436 1899/5794/2436 1898/5795/2436
f 390/5796/2437 399/5797/2437 391/5798/2437
f 383/5017/2135 381/4341/2438 388/4343/1850
f 1170/5799/2388 1152/5800/2119 1167/5801/2439
f 2464/5328/1912 2467/5591/2351 2491/5314/2240
f 2057/5507/2274 1898/5506/2311 1900/5802/2440
f 2225/5803/2297 2230/5804/2441 2228/5805/1822
f 2047/5806/1861 2062/5443/1771 1926/5807/2442
f 2250/5808/2368 2222/5809/2315 2091/5810/2443
f 2069/5811/2444 2075/5812/2444 2222/5813/2444
f 632/5639/2372 817/2507/1064 618/2669/1141
f 1442/5576/1974 1184/5814/2375 1205/5574/2344
f 1184/5815/2375 1198/5816/2376 1185/5817/2445
f 243/5818/2335 240/5819/1778 241/5820/2446
f 232/5581/2346 211/5821/1802 1/5822/2447
f 2472/5823/2448 2762/5824/2237 2567/5825/2449
f 2072/5826/2450 2074/5827/2233 2080/5828/2451
f 2068/5829/2452 2069/5830/2223 2071/5831/2453
f 2070/5832/2454 2083/5645/2371 2073/5644/2269
f 1152/5833/2119 1174/5834/2455 1167/5835/2439
f 2852/5558/2337 2824/5836/2456 2810/4476/1911
f 1887/5615/2361 1899/5837/2457 1884/5616/2362
f 2375/5838/1668 2406/5839/2206 2232/5840/2458
f 1857/5560/1878 1724/5562/2339 1700/5841/2358
f 1458/5842/2211 1461/5843/2459 1459/5844/2460
f 1192/5845/2173 1193/5846/2461 1200/5847/2462
f 1411/5848/2463 1221/5849/2463 1186/5850/2463
f 1205/5574/2344 1184/5814/2375 1185/5851/2445
f 616/5852/2464 614/5853/2464 617/5854/2464
f 1208/5855/2465 1178/5856/2300 396/5857/2466
f 1178/5486/2300 384/5487/2301 396/5858/2466
f 229/5859/1779 37/5860/2034 2/5861/2467
f 240/4176/1778 17/5862/2468 241/5863/2446
f 894/5864/2469 893/5865/2469 1168/5866/2469
f 1198/5649/2376 1442/5648/1974 1180/5867/2470
f 17/5862/2468 240/4176/1778 234/5238/2213
f 2469/5868/2471 2468/5869/2471 2470/5870/2471
f 2408/5871/2200 2252/5872/2472 2237/5873/2473
f 1898/5874/2474 1889/5875/2474 1902/5876/2474
f 1454/5877/2216 1448/5878/2271 1460/5879/2387
f 1154/5880/2475 1164/5881/2313 1165/5882/2476
f 2236/5883/2477 2248/5179/2191 2226/5620/2364
f 1901/5884/2478 1905/5885/2479 1891/5886/2208
f 1840/5268/1567 1738/5270/2224 1724/5887/2339
f 1694/5888/2480 1696/5889/2480 1461/5890/2480
f 234/5757/2422 616/5756/2273 630/5891/2420
f 2235/5892/2427 2409/5893/2366 2229/5894/2382
f 1462/5895/2481 1461/5896/2482 1463/5897/2483
f 3018/5618/2100 3022/5898/2484 3026/5619/2363
f 1695/5899/2341 1464/5900/2485 1466/5901/2407
f 1462/5902/2486 1459/5903/2486 1461/5904/2486
f 2236/5905/2487 2226/5906/2487 2239/5907/2487
f 615/5908/2419 616/5909/2273 617/5910/2488
f 2466/5590/2350 2474/5911/2489 2467/5591/2351
f 2834/5912/2490 2827/5913/2490 2825/5914/2490
f 389/5239/2214 392/5915/2491 384/5487/2301
f 2458/5656/1905 2470/5916/2492 2468/5657/2314
f 2401/5917/2493 2233/5918/2493 2246/5919/2493
f 2201/5920/2308 2065/5921/2307 2071/5922/2453
f 1778/5923/1908 1711/5924/2401 1702/5925/2494
f 1778/5926/1908 1702/5927/2494 1701/5928/2425
f 2089/5929/2495 2140/5563/2247 1458/5565/2211
f 1696/5930/2496 1694/5931/2496 1466/5932/2496
f 891/5933/2497 897/5934/2402 892/5935/2386
f 1181/5754/2421 1178/5533/2324 1202/5936/2498
f 3/5937/1797 236/5938/2357 35/5939/1996
f 589/5406/1628 394/5940/2499 383/5407/2135
f 888/5743/2416 890/5745/2172 1168/5941/2321
f 1864/5942/2500 1703/5943/2500 1872/5944/2500
f 2078/5945/2501 2080/5828/2451 2074/5827/2233
f 3023/5946/2291 3020/5947/2051 3022/5898/2484
f 2471/5948/2502 2466/5590/2350 2472/5949/2448
f 1169/5950/2252 1170/5951/2388 892/5952/2386
f 398/5953/2503 390/5779/2289 381/5778/2431
f 618/5954/1141 872/5955/2188 620/5956/2504
f 2834/5957/2505 2825/5958/2505 2823/5959/2505
f 1190/5960/2506 1452/5961/2383 1187/5962/2507
f 238/5963/2405 224/5964/2128 235/5965/2302
f 238/5963/2405 235/5965/2302 10/5966/2508
f 235/5488/2302 243/5555/2335 9/5967/2509
f 2227/5968/2296 2234/5969/2295 2239/5970/2510
f 630/5753/2420 615/5752/2419 628/5971/2511
f 1703/5972/2512 1864/5973/2512 1874/5974/2512
f 2469/5975/2513 2470/5976/2513 2475/5977/2513
f 2372/5978/1591 2401/5979/2277 2407/5980/2284
f 1885/5981/2514 1893/5982/2514 1892/5983/2514
f 2231/5984/2515 2411/5985/2515 2235/5986/2515
f 1888/5987/2516 1892/5988/2516 1901/5989/2516
f 1871/5990/2517 1708/5991/2517 1869/5992/2517
f 1462/5993/2481 1463/5994/2483 1459/5995/2460
f 1498/5996/2518 1466/5997/2407 1464/5998/2485
f 888/5743/2416 1024/5999/2519 889/5744/2417
f 1190/6000/2506 1187/6001/2507 1189/6002/2520
f 219/6003/2088 229/6004/1779 2/6005/2467
f 2069/6006/2521 2068/6007/2521 2075/6008/2521
f 3024/6009/2522 3025/6010/2379 3026/6011/2363
f 883/6012/2523 875/6013/2523 884/6014/2523
f 2826/6015/2524 2827/6016/2524 2834/6017/2524
f 1168/6018/2525 893/6019/2525 888/6020/2525
f 2823/6021/2391 3020/5947/2051 3019/6022/2180
f 2231/6023/2526 2237/6024/2526 2411/6025/2526
f 2237/5772/2428 2235/5771/2427 2402/6026/2381
f 242/6027/2527 14/6028/2527 243/6029/2527
f 2828/6030/2528 2829/6031/2528 2903/6032/2528
f 2491/6033/2529 2467/6034/2529 2480/6035/2529
f 2830/6036/2434 2828/6037/2433 2903/6038/2530
f 2469/5471/2294 2475/6039/2531 2465/5387/2242
f 1904/6040/2532 1890/5738/2415 2465/5317/2242
f 1926/5807/2442 2062/5443/1771 1896/5442/2285
f 2233/6041/2533 2232/6042/2534 2246/6043/2535
f 1892/6044/2536 1893/6045/2536 2060/6046/2536
f 1892/6047/2537 2060/6048/2353 1897/6049/2538
f 2229/5661/2382 2402/5660/2381 2235/6050/2427
f 1894/6051/2327 1891/5886/2208 1905/5885/2479
f 2252/5872/2472 2408/5871/2200 2250/6052/2368
f 2140/5426/2247 2078/6053/2501 2074/5290/2233
f 1460/5879/2387 1448/5878/2271 1468/6054/2539
f 1472/6055/2540 1450/5545/2330 1676/5544/1875
f 613/6056/2541 878/6057/2541 638/6058/2541
f 1188/6059/2542 1203/6060/2543 1191/6061/2544
f 3018/5618/2100 3023/5946/2291 3022/5898/2484
f 2831/6062/2545 2816/5470/2110 2822/5469/2293
f 3028/5653/2378 3025/5655/2379 3027/6063/2546
f 1188/6064/2542 1199/6065/2547 1310/6066/2548
f 1189/6067/2520 1452/6068/2383 1190/6069/2506
f 1188/6064/2542 1191/6070/2544 1199/6065/2547
f 875/6071/2549 634/6072/2549 884/6073/2549
f 1465/5689/2394 1451/5688/2331 1467/6074/2550
f 1696/6075/2551 1463/5897/2483 1461/5896/2482
f 1872/6076/2552 1703/6077/2552 1871/6078/2552
f 892/5952/2386 1170/5951/2388 895/6079/2553
f 2757/6080/1784 2766/6081/2554 2768/6082/2334
f 2508/6083/2555 2449/4464/1863 2496/5218/1857
f 2449/4464/1863 2508/6083/2555 2473/6084/2556
f 1908/6085/2179 1895/6086/2557 1889/6087/2400
f 1884/6088/2558 1918/6089/2558 1896/6090/2558
f 2059/6091/2559 2047/6092/2559 1926/6093/2559
f 1702/5927/2494 1716/6094/2280 1701/5928/2425
f 1192/6095/2173 1176/6096/2323 1193/6097/2461
f 1179/6098/1647 1194/6099/2560 1195/6100/1747
f 1178/5856/2300 1208/5855/2465 1216/6101/2561
f 1196/6102/2562 1178/6103/2562 1202/6104/2562
f 2765/5588/2348 2767/6105/2563 2762/5646/2237
f 1452/6068/2383 1189/6067/2520 1453/6106/2384
f 1574/6107/2270 1465/6108/2394 1468/6109/2539
f 1188/6110/2542 1197/6111/2325 1203/6112/2543
f 1452/5961/2383 1183/6113/2564 1187/5962/2507
f 1888/5692/2397 1885/5691/2396 1892/6114/2565
f 2072/6115/2450 2073/6116/2269 2074/6117/2233
f 1707/6118/2566 1873/6119/2566 1864/6120/2566
f 2067/6121/2266 2071/5831/2453 2069/5830/2223
f 16/6122/2567 17/5862/2468 234/5238/2213
f 2248/6123/2191 2236/6124/2477 2242/6125/2568
f 1712/6126/2569 1702/5925/2494 1711/5924/2401
f 2075/6127/2570 2077/6128/2570 2222/6129/2570
f 1174/5834/2455 895/6130/2553 1167/5835/2439
f 2060/5595/2353 1886/5597/2354 1897/6131/2538
f 883/6132/2571 884/6133/2571 619/6134/2571
f 2309/6135/2572 2833/6136/2572 2240/6137/2572
f 2491/5314/2240 2530/6138/2304 2517/5315/1872
f 2822/6139/2293 2830/6036/2434 2831/6140/2545
f 2309/6141/2573 2832/6142/2574 2833/6143/2575
f 1887/5615/2361 1900/6144/2576 1899/5837/2457
f 2411/6145/2577 2237/6146/2577 2252/6147/2577
f 1475/6148/2578 1481/6149/2578 1456/6150/2578
f 893/6151/2579 894/6152/2580 887/6153/2581
f 1198/6154/2582 1310/6155/2582 1199/6156/2582
f 239/6157/2583 227/6158/2583 13/6159/2583
f 413/6160/2584 602/5642/1887 385/5641/2374
f 382/5716/2235 422/6161/2018 387/5717/1934
f 2071/5922/2453 2075/6162/2585 2068/6163/2452
f 2458/4830/1905 2449/4373/1863 2473/6164/2556
f 3022/6165/2484 3030/6166/2586 3026/6167/2363
f 2833/5472/2283 2904/6168/2587 2829/5265/2222
f 393/6169/2588 395/6170/2589 389/6171/2214
f 384/6172/2301 392/6173/2491 397/6174/2590
f 1170/5799/2388 1167/5801/2439 895/6175/2553
f 884/6176/2591 634/6177/2591 619/6178/2591
f 620/6179/2504 632/6180/2372 618/6181/1141
f 2078/6182/2592 2140/6183/2592 2086/6184/2592
f 230/6185/2227 222/6186/2099 8/6187/2593
f 2832/6188/2594 2904/6189/2594 2833/6190/2594
f 1152/6191/2119 1171/6192/2595 1172/6193/2596
f 1898/6194/2597 1899/6195/2597 1900/6196/2597
f 204/6197/1683 219/6003/2088 4/6198/2598
f 1197/6111/2325 1181/6199/2421 1203/6112/2543
f 2406/5625/2206 2409/5624/2366 2238/6200/2599
f 1709/6201/2600 1708/6202/2338 1871/6203/2601
f 1152/5833/2119 1172/6204/2596 1174/5834/2455
f 1457/6205/2602 1498/6206/2602 1464/6207/2602
f 1676/5544/1875 1473/6208/2603 1472/6055/2540
f 881/6209/1122 633/6210/2604 621/6211/2123
f 1458/6212/2211 2079/6213/2605 2089/6214/2495
f 2762/5646/2237 2767/6105/2563 2567/6215/2449
f 242/6216/2606 243/6217/2606 244/6218/2606
f 1468/6109/2539 1448/6219/2271 1574/6107/2270
f 2474/6220/2489 2571/6221/2607 2467/6222/2351
f 2829/5265/2222 2904/6168/2587 2903/6223/2530
f 882/6224/2608 622/6225/2608 883/6226/2608
f 2829/5785/2222 2830/5784/2434 2820/6227/2241
f 8/6187/2593 5/6228/1888 230/6185/2227
f 1696/6229/2609 1466/6230/2609 1463/6231/2609
f 222/6232/2610 237/6233/2610 29/6234/2610
f 1450/5545/2330 1467/6235/2550 1451/5546/2331
f 1173/6236/2611 887/6237/2611 1166/6238/2611
f 2825/6239/2612 2827/6240/2613 2836/6241/2614
f 2218/5424/2251 2184/5423/1472 2076/6242/2370
f 2851/6243/2615 2852/6244/2615 2796/6245/2615
f 1703/6246/2616 1874/6247/2617 1704/6248/2618
f 892/5935/2386 895/6249/2553 891/5933/2497
f 889/6250/2417 644/6251/2619 875/6252/2226
f 630/5891/2420 623/6253/2620 234/5757/2422
f 236/6254/2357 238/6255/2405 6/6256/2621
f 409/6257/2622 607/6258/2622 608/6259/2622
f 1463/5994/2483 1466/5997/2407 1498/5996/2518
f 1455/6260/2623 1453/6261/2624 1206/6262/2625
f 2470/6263/2492 2482/6264/2626 2475/6265/2627
f 9/6266/2628 243/6267/2628 14/6268/2628
f 1864/6269/2629 1873/6270/2629 1874/6271/2629
f 1200/6272/2630 1187/6273/2630 1183/6274/2630
f 1206/6275/2625 1453/6276/2624 1189/6277/2631
f 1873/6278/2632 1707/6279/2632 1875/6280/2632
f 389/6171/2214 395/6170/2589 392/6281/2491
f 624/6282/2633 617/6283/2633 614/6284/2633
f 2743/4188/160 3101/6285/816 3041/6286/2634
f 2480/6287/2635 2467/6288/2351 2476/6289/2636
f 2235/5892/2427 2238/6290/2599 2409/5893/2366
f 1894/5537/2327 1717/6291/2637 1707/5228/2209
f 1174/6292/2638 1171/6293/2638 895/6294/2638
f 1460/6295/2387 1468/6296/2539 1469/6297/2639
f 1165/6298/2640 887/6299/2640 1173/6300/2640
f 882/6301/2641 883/6302/2642 619/6303/2643
f 879/6304/2008 880/6305/2068 625/6306/2644
f 1201/6307/2645 1195/6100/1747 1194/6099/2560
f 613/6308/2646 638/6309/2647 626/6310/2648
f 1216/6101/2561 1202/6311/2649 1178/5856/2300
f 1698/5704/2268 1705/6312/2359 1711/5705/2401
f 1171/6192/2595 1174/6313/2455 1172/6193/2596
f 1889/6087/2400 1895/6086/2557 1902/6314/2650
f 1901/6315/2478 1906/6316/2651 1905/6317/2479
f 1712/6318/2652 1715/6319/2652 1706/6320/2652
f 1706/6321/2653 1702/6322/2494 1712/6323/2569
f 1458/5842/2211 1459/5844/2460 1476/6324/2654
f 2477/6325/2655 2465/6326/2655 2475/6327/2655
f 2077/6328/2656 2088/6329/2656 2222/6330/2656
f 2239/6331/2657 2234/6332/2657 2230/6333/2657
f 2252/6334/2472 2243/6335/2658 2411/6336/2659
f 1187/6001/2507 1200/5847/2462 1193/5846/2461
f 3025/6010/2379 3035/6337/2660 3027/6338/2546
f 1918/6339/2661 1884/6340/2362 1899/6341/2457
f 3101/6342/816 3044/6343/2662 3049/6344/2663
f 2765/6345/2348 2764/6346/2031 2766/6347/2554
f 2075/6162/2585 2088/6348/2664 2077/6349/2665
f 1468/6296/2539 1467/6350/2550 1469/6297/2639
f 1024/5999/2519 888/5743/2416 898/6351/2666
f 1189/6002/2520 1187/6001/2507 1193/5846/2461
f 626/6310/2648 624/6352/2667 613/6308/2646
f 624/6353/2668 626/6354/2668 617/6355/2668
f 1198/6356/2669 1199/6357/2669 1191/6358/2669
f 234/5757/2422 623/6253/2620 640/6359/2670
f 243/5818/2335 241/5820/2446 244/6360/2671
f 602/5642/1887 413/6160/2584 386/5713/2406
f 2796/3774/1611 2816/5046/2110 2851/6361/2672
f 2073/6116/2269 2072/6115/2450 2070/6362/2454
f 1467/6363/2673 1450/6364/2673 1470/6365/2673
f 1702/6322/2494 1706/6321/2653 1716/6366/2280
f 2766/6347/2554 2767/6367/2563 2765/6345/2348
f 1202/6368/2498 1212/6369/2674 1203/6370/2543
f 2080/6371/2675 2078/6372/2675 2086/6373/2675
f 2471/5948/2502 2474/5911/2489 2466/5590/2350
f 1202/6368/2498 1203/6370/2543 1181/6374/2421
f 2088/6375/2676 2091/5810/2443 2222/5809/2315
f 3041/6286/2634 2757/4189/1784 2743/4188/160
f 3044/6376/2662 3028/6377/2378 3027/6378/2546
f 1906/6316/2651 1901/6315/2478 1892/6379/2537
f 1717/6291/2637 1876/6380/2677 1707/5228/2209
f 1707/6381/2209 1876/6382/2677 1875/6383/2678
f 1704/6384/2679 1873/6385/2679 1875/6386/2679
f 1873/6387/2680 1704/6248/2618 1874/6247/2617
f 2071/5922/2453 2088/6348/2664 2075/6162/2585
f 1699/6388/2349 907/6389/2681 1152/6390/2119
f 627/6391/2682 880/6392/2068 882/6301/2641
f 1195/6393/1747 1201/6394/2645 1422/6395/1894
f 628/6396/2511 615/6397/2419 639/6398/2683
f 395/6399/2589 393/6400/2588 391/6401/2684
f 390/5779/2289 398/5953/2503 399/6402/2685
f 398/6403/2503 381/6404/2431 403/6405/2686
f 3029/6406/2164 2823/6021/2391 3019/6022/2180
f 2477/6407/2687 2475/6265/2627 2482/6264/2626
f 7/6408/2688 312/6409/2689 307/6410/2093
f 241/6411/2690 17/6412/2690 19/6413/2690
f 2826/6414/2691 2834/6415/2312 2846/6416/2692
f 222/6417/2693 29/6418/2693 8/6419/2693
f 1468/6296/2539 1465/6420/2394 1467/6350/2550
f 3101/6342/816 3028/6421/2378 3044/6343/2662
f 2766/6347/2554 2764/6346/2031 2768/6422/2334
f 1890/5738/2415 1903/6423/2694 1910/6424/2695
f 2255/6425/2696 2240/6426/2696 2248/6427/2696
f 1708/6428/2338 1709/6429/2600 1710/6430/2232
f 1715/6431/2697 1711/6432/2401 1705/5613/2359
f 1458/6212/2211 1474/6433/2698 2079/6213/2605
f 1171/6434/2699 891/5933/2497 895/6249/2553
f 896/6435/2160 915/6436/2700 1142/6437/1899
f 1207/6438/2701 1206/6439/2702 1189/6002/2520
f 880/6392/2068 627/6391/2682 625/6440/2644
f 394/6441/2499 589/6442/1628 465/6443/1692
f 37/6444/2703 231/6445/2703 24/6446/2703
f 2309/6447/2704 2240/6448/2705 2254/6449/2706
f 893/6151/2579 887/6153/2581 904/6450/2707
f 617/5910/2488 626/6451/2648 615/5908/2419
f 2093/6452/2708 2089/6453/2708 2079/6454/2708
f 2481/6455/2709 2480/6456/2635 2476/6457/2636
f 395/6458/2589 397/6174/2590 392/6173/2491
f 1913/6459/2710 1890/5738/2415 1910/6424/2695
f 2465/6460/2242 2478/6461/2711 1904/6462/2532
f 1913/6459/2710 1908/5437/2179 1890/5738/2415
f 1912/6463/2712 1899/6341/2457 1902/6464/2650
f 2230/5804/2441 2241/6465/2713 2239/6466/2714
f 1488/6467/2715 1459/5995/2460 1463/5994/2483
f 1450/5545/2330 1472/6055/2540 1470/6468/2716
f 1471/6469/2717 1472/6470/2540 1473/6471/2603
f 1473/6472/2718 1478/6473/2718 1471/6474/2718
f 1221/6475/2719 1411/6476/1579 1204/6477/1886
f 878/6478/2720 621/6211/2123 633/6210/2604
f 1179/6098/1647 1205/6479/2344 1194/6099/2560
f 1202/6480/2721 1216/6481/2721 1212/6482/2721
f 16/6483/2722 642/6484/2722 12/6485/2722
f 14/6486/2723 242/6487/2724 244/6488/2725
f 235/6489/2302 9/6490/2509 10/6491/2508
f 1476/6492/2654 1474/6493/2698 1458/6494/2211
f 2837/6495/2726 2823/6496/2726 2825/6497/2726
f 628/6498/2511 629/6499/2727 623/6500/2620
f 1912/6501/2728 1895/6502/2728 1908/6503/2728
f 2826/6504/2729 2839/6505/2729 2838/6506/2729
f 630/6507/2420 628/6498/2511 623/6500/2620
f 2838/6508/2730 2835/6509/2731 2826/6510/2732
f 397/6511/2590 395/6399/2589 414/6512/2733
f 1903/6513/2694 1890/6514/2415 1904/6515/2532
f 2846/6516/2692 2834/5509/2312 2847/5557/2336
f 2470/6263/2492 2458/6517/1905 2484/6518/2734
f 1912/6463/2712 1902/6464/2650 1895/6519/2557
f 2236/6124/2477 2239/6520/2714 2242/6125/2568
f 2411/6336/2659 2243/6335/2658 2235/6521/2427
f 1877/6522/2735 1878/6523/2735 1894/6524/2735
f 1498/5996/2518 1488/6467/2715 1463/5994/2483
f 1456/6525/2736 1688/5482/2298 1475/6526/2737
f 1486/6527/2738 1460/6295/2387 1469/6297/2639
f 621/6528/2739 878/6529/2739 631/6530/2739
f 406/6531/2740 417/6532/2741 396/6533/2466
f 238/6534/2405 10/6535/2508 6/6536/2621
f 1502/6537/2742 1688/5482/2298 1672/5481/1589
f 24/6538/2743 231/6539/1889 15/6540/2744
f 241/6541/2745 19/6542/2745 244/6543/2745
f 2839/6544/2746 2826/6414/2691 2846/6416/2692
f 2826/6545/2732 2835/6546/2731 2827/6547/2613
f 1473/6208/2603 1676/5544/1875 1455/5676/2389
f 21/6548/2747 15/6540/2744 231/6539/1889
f 642/6549/2748 11/6550/2748 12/6551/2748
f 2248/6552/2749 2242/6553/2749 2241/6554/2749
f 2810/4575/1911 2824/6555/2456 2847/5557/2336
f 2239/6466/2714 2241/6465/2713 2242/6556/2568
f 1705/5613/2359 1700/5612/2358 1734/6557/2750
f 1722/6558/2751 1715/6431/2697 1705/5613/2359
f 1715/6559/2697 1712/6560/2569 1711/6561/2401
f 1476/6562/2654 1459/5995/2460 1488/6467/2715
f 893/6151/2579 904/6450/2707 888/6563/2752
f 879/6564/2008 636/6565/2753 635/6566/2310
f 881/6567/1122 632/6568/2372 633/6569/2604
f 405/6570/2754 406/6571/2740 396/6572/2466
f 384/6573/2755 397/6574/2755 400/6575/2755
f 5/6576/1888 21/6548/2747 231/6539/1889
f 875/6577/2756 647/6578/2756 634/6579/2756
f 2767/6580/2563 2569/6581/2757 2567/6582/2449
f 1905/6583/2758 1906/6584/2758 1907/6585/2758
f 2477/6586/2759 2478/6587/2759 2465/6588/2759
f 891/6589/2497 899/6590/2260 897/6591/2402
f 398/6592/2760 391/6593/2760 399/6594/2760
f 227/5053/2147 225/5055/2148 13/6595/2761
f 239/6596/2762 13/6597/2761 29/6598/2763
f 1715/6599/2764 1716/6600/2764 1706/6601/2764
f 5/6228/1888 8/6187/2593 26/6602/2765
f 26/6603/2765 21/6548/2747 5/6576/1888
f 2904/6604/2587 2830/6036/2434 2903/6038/2530
f 2235/5892/2427 2243/6605/2658 2261/6606/2766
f 2091/5810/2443 2095/6607/2767 2250/5808/2368
f 1709/6201/2600 1871/6203/2601 1703/6246/2616
f 1699/6608/2768 1713/6609/2768 1714/6610/2768
f 234/6611/2769 640/6612/2769 642/6613/2769
f 244/6488/2725 19/6614/2770 30/6615/2771
f 1912/6616/2772 1908/6617/2772 1909/6618/2772
f 2086/6619/2773 2140/6620/2773 2084/6621/2773
f 1715/6622/2774 1723/6623/2774 1716/6624/2774
f 307/5582/2093 232/5581/2346 7/6625/2688
f 1152/6626/2775 901/6627/2775 1171/6628/2775
f 2467/6288/2351 2571/6629/2607 2476/6289/2636
f 2225/5803/2297 2241/6465/2713 2230/5804/2441
f 1894/6051/2327 1905/5885/2479 1907/6630/2776
f 2096/6631/2777 2070/6632/2454 2072/6633/2450
f 2080/6634/2778 2086/6635/2778 2085/6636/2778
f 2140/5563/2247 2089/5929/2495 2081/6637/2779
f 1207/6438/2701 1189/6002/2520 1193/5846/2461
f 384/5487/2301 405/6638/2754 396/5858/2466
f 237/6639/2780 239/6640/2780 29/6641/2780
f 401/6642/2781 464/5640/2373 607/6643/2782
f 2082/6644/2783 2092/6645/2783 2250/6646/2783
f 10/6491/2508 9/6490/2509 14/6647/2723
f 906/6648/2784 1171/6649/2699 901/6650/2785
f 1206/6651/2786 1207/6652/2786 1455/6653/2786
f 2476/6457/2636 2479/6654/2787 2481/6455/2709
f 22/6655/2788 15/6656/2788 21/6657/2788
f 2567/5825/2449 2471/6658/2502 2472/5823/2448
f 2480/6659/2789 2481/6660/2789 2483/6661/2789
f 2477/6662/2790 2482/6663/2790 2478/6664/2790
f 385/5641/2374 402/6665/2791 413/6160/2584
f 2479/6666/2787 2485/6667/2792 2481/6668/2709
f 629/6669/2793 643/6670/2793 623/6671/2793
f 3022/5898/2484 3020/5947/2051 2823/6021/2391
f 1460/5673/2387 1486/6672/2738 1672/5671/1589
f 1699/6673/2794 1714/6674/2794 907/6675/2794
f 2483/6676/2795 2481/6668/2709 2485/6667/2792
f 2407/5980/2284 2401/5979/2277 2247/6677/2796
f 2095/6678/2797 2082/6679/2797 2250/6680/2797
f 1482/6681/2798 1472/6470/2540 1471/6469/2717
f 645/6682/2799 889/6683/2417 1024/6684/2519
f 1419/4144/1761 1444/6685/2800 1430/3429/1468
f 1444/6686/2800 1419/6687/1761 1422/6688/1894
f 12/6689/2801 25/6690/2802 16/6691/2567
f 384/5487/2301 400/6692/2803 405/6638/2754
f 403/6405/2686 391/6401/2684 398/6403/2503
f 464/5640/2373 401/6642/2781 385/5641/2374
f 2825/6693/2804 2836/6694/2804 2837/6695/2804
f 888/6696/2805 904/6697/2805 898/6698/2805
f 2527/6699/2806 2496/4610/1857 2530/5492/2304
f 1894/6700/2327 1878/6701/2807 1717/6702/2637
f 2458/4830/1905 2473/6164/2556 2484/6703/2734
f 2235/5892/2427 2261/6606/2766 2238/6290/2599
f 1892/6047/2537 1923/6704/2808 1906/6705/2651
f 891/5933/2497 1171/6434/2699 906/6706/2784
f 639/6398/2683 615/6397/2419 626/6310/2648
f 639/6398/2683 629/6707/2727 628/6396/2511
f 234/6708/2809 642/6709/2809 16/6710/2809
f 385/6711/2810 401/6712/2810 402/6713/2810
f 397/6714/2590 414/6715/2733 400/6716/2811
f 2767/6717/2563 2766/6718/2554 2568/6719/2812
f 1467/6720/2813 1470/6721/2813 1469/6722/2813
f 2238/6200/2599 2244/6723/2814 2406/5625/2206
f 2769/6724/2815 2757/6725/1784 3041/6726/2634
f 2070/6632/2454 2096/6631/2777 2083/6727/2371
f 1165/6728/2476 900/6729/2816 887/6153/2581
f 1198/5816/2376 1191/6061/2544 1185/5817/2445
f 16/6730/2567 39/6731/2817 17/6732/2468
f 28/6733/2818 39/6731/2817 16/6730/2567
f 39/6731/2817 18/6734/2819 17/6732/2468
f 422/4716/2018 411/6735/2820 608/5058/2089
f 2904/6604/2587 2841/6736/2821 2830/6036/2434
f 2485/6737/2792 2488/6738/2822 2483/6739/2795
f 1215/6740/2823 1216/6741/2561 1208/6742/2465
f 2843/6743/2824 2842/6744/2825 2839/6745/2746
f 2568/6746/2826 2569/6747/2826 2767/6748/2826
f 2084/6749/2827 2085/6750/2827 2086/6751/2827
f 310/5607/2255 307/5609/2093 312/6752/2689
f 1474/6493/2698 1476/6492/2654 1488/6753/2715
f 19/6754/2770 17/6755/2468 18/6756/2819
f 1430/6757/1468 1444/6758/2800 1175/6759/2105
f 2839/6745/2746 2846/6760/2692 2843/6743/2824
f 2757/6080/1784 2769/6761/2815 2766/6081/2554
f 2838/6762/2730 2839/6763/2828 2840/6764/2829
f 2255/6765/2830 2254/6766/2830 2240/6767/2830
f 1908/5437/2179 1913/6459/2710 1922/6768/2831
f 1908/5437/2179 1922/6768/2831 1928/6769/2832
f 2245/6770/2833 2238/6290/2599 2261/6606/2766
f 2072/6633/2450 2085/6771/2834 2096/6631/2777
f 2087/6772/2835 2084/6773/2836 2140/6774/2837
f 891/5933/2497 906/6706/2784 908/6775/2838
f 1473/6208/2603 1455/5676/2389 1477/6776/2839
f 1203/6060/2543 1209/6777/2840 1191/6061/2544
f 37/6778/2841 24/6779/2841 20/6780/2841
f 1699/6781/2349 1716/6782/2280 1718/6783/2842
f 644/6251/2619 647/6784/2843 875/6252/2226
f 2832/6785/2844 2841/6786/2844 2904/6787/2844
f 21/6788/2845 26/6789/2845 22/6790/2845
f 2842/6744/2825 2843/6743/2824 2844/6791/2846
f 619/6792/2847 634/6793/2847 647/6794/2847
f 899/6795/2260 920/6796/2848 896/6797/2160
f 635/6798/2310 636/6799/2753 656/6800/2849
f 2839/6801/2850 2842/6802/2850 2840/6803/2850
f 2527/6804/2851 2493/6805/2851 2496/6806/2851
f 2071/5922/2453 2065/5921/2307 2088/6348/2664
f 1722/6558/2751 1705/5613/2359 1734/6557/2750
f 2072/5826/2450 2080/5828/2451 2085/6807/2834
f 635/6798/2310 656/6800/2849 611/6808/2404
f 1209/6777/2840 1210/6809/2852 1191/6061/2544
f 395/6399/2589 391/6401/2684 403/6405/2686
f 381/6810/2853 383/6811/2853 403/6812/2853
f 1473/6208/2603 1477/6776/2839 1478/6813/2854
f 211/5821/1802 204/6197/1683 23/6814/2855
f 24/6815/2743 15/6816/2744 22/6817/2856
f 2095/6818/2857 2091/6819/2857 2099/6820/2857
f 395/6399/2589 403/6405/2686 414/6512/2733
f 382/5716/2235 404/6821/2858 422/6161/2018
f 3024/6822/2522 3026/6823/2363 3030/6824/2586
f 2482/6264/2626 2470/6263/2492 2484/6518/2734
f 1909/6825/2859 1908/5437/2179 1928/6769/2832
f 2401/6826/2277 2246/6827/2860 2247/6828/2796
f 2244/6829/2814 2232/5840/2458 2406/5839/2206
f 1486/6527/2738 1469/6297/2639 1495/6830/2861
f 644/6831/2862 889/6832/2862 645/6833/2862
f 1203/6060/2543 1212/6834/2674 1209/6777/2840
f 596/5457/1728 598/5456/1783 407/6835/2863
f 2254/6449/2706 2253/6836/2864 2309/6447/2704
f 1481/5709/2403 1479/6837/2865 1457/5710/2320
f 896/6435/2160 920/6838/2848 915/6436/2700
f 2088/6839/2866 2090/6840/2866 2091/6841/2866
f 2081/6842/2867 2089/6843/2867 2094/6844/2867
f 2488/6738/2822 2486/6845/2868 2483/6739/2795
f 1906/6846/2869 1923/6847/2869 1907/6848/2869
f 2248/6849/2870 2249/6850/2870 2255/6851/2870
f 2093/6852/2871 2079/6853/2605 1480/6854/2872
f 2831/6140/2545 2830/6036/2434 2841/6736/2821
f 2252/6855/2472 2250/6856/2368 2251/6857/2873
f 2066/5631/2369 2218/5424/2251 2109/6858/2874
f 1165/5882/2476 1164/5881/2313 900/6859/2816
f 1207/6438/2701 1193/5846/2461 1211/6860/2875
f 1208/6861/2465 396/6533/2466 417/6532/2741
f 14/6486/2723 244/6488/2725 30/6615/2771
f 46/6862/2876 10/6535/2508 14/6486/2723
f 2483/6863/2877 2486/6864/2877 2480/6865/2877
f 2487/6866/2878 2530/6138/2304 2491/5314/2240
f 1479/6867/2879 1481/6868/2879 1475/6869/2879
f 1727/6870/2880 1876/6871/2880 1717/6872/2880
f 1209/6873/2840 1212/6874/2674 1216/6875/2561
f 2836/6876/2614 3031/6877/2881 2837/6878/2882
f 2252/6879/2472 2260/6880/2883 2243/6881/2658
f 2843/6882/2884 2846/6883/2884 2844/6884/2884
f 2253/6885/2864 2254/6886/2706 2255/6887/2885
f 2090/6888/2886 2100/6889/2887 2091/6890/2888
f 1709/6201/2600 1703/6246/2616 1704/6248/2618
f 1738/4884/2083 1863/4886/2084 1719/6891/2889
f 1716/6892/2890 1723/6893/2891 1720/6894/2892
f 11/6895/2893 25/6896/2802 12/6897/2801
f 2766/6718/2554 2770/6898/2894 2568/6719/2812
f 1471/6899/2717 1478/6900/2854 1482/6901/2798
f 2842/6902/2825 2844/6903/2846 2840/6904/2895
f 26/6905/2765 27/6906/2896 22/6817/2856
f 2248/6907/2897 2241/6908/2898 2256/6909/2899
f 2092/6910/2900 2082/6911/2901 2099/6912/2902
f 1875/6383/2678 1876/6382/2677 1721/6913/2903
f 907/6389/2681 901/6914/2785 1152/6390/2119
f 878/6915/2720 637/6916/2904 638/6917/2647
f 16/6691/2567 25/6690/2802 28/6918/2818
f 1024/6684/2519 911/6919/2905 645/6682/2799
f 1715/6920/2697 1722/6921/2751 1723/6922/2891
f 2766/6718/2554 2769/6923/2815 2770/6898/2894
f 2488/6924/2822 2499/6925/2906 2486/6926/2868
f 902/6927/2907 907/6928/2907 1714/6929/2907
f 26/6905/2765 33/6930/2908 27/6906/2896
f 607/6643/2782 409/6931/2909 401/6642/2781
f 26/6602/2765 8/6187/2593 29/6932/2763
f 629/6933/2727 639/6934/2683 643/6935/2910
f 465/6936/1692 386/6937/2406 410/6938/2911
f 3027/6338/2546 3035/6337/2660 3032/6939/2912
f 1904/6462/2532 2478/6461/2711 2489/6940/2913
f 2109/6858/2874 2218/5424/2251 2076/6242/2370
f 2140/6774/2837 2097/6941/2914 2087/6772/2835
f 400/6942/2915 419/6943/2915 405/6944/2915
f 407/6945/2863 316/6946/2916 382/5300/2235
f 2244/6829/2814 2259/6947/2917 2232/5840/2458
f 2089/6948/2918 2093/6949/2918 2094/6950/2918
f 2485/6951/2792 2490/6952/2919 2488/6953/2822
f 204/6197/1683 4/6198/2598 23/6814/2855
f 2261/6954/2766 2243/6881/2658 2260/6880/2883
f 30/6955/2771 19/6754/2770 18/6756/2819
f 219/6003/2088 2/6005/2467 4/6198/2598
f 627/6391/2682 882/6301/2641 619/6303/2643
f 2486/6956/2868 2491/6957/2240 2480/6958/2920
f 2850/6959/2921 2841/6960/2921 2832/6961/2921
f 2082/6962/2922 2095/6963/2922 2099/6964/2922
f 1185/5817/2445 1210/6809/2852 1213/6965/2923
f 417/6966/2924 406/6967/2924 405/6968/2924
f 3035/6337/2660 3025/6010/2379 3024/6009/2522
f 2837/6969/2882 3031/6970/2881 2823/6971/2391
f 1164/6972/2313 1142/6973/1899 903/6974/2925
f 906/6648/2784 901/6650/2785 909/6975/2926
f 1718/6783/2842 1714/6976/2927 1699/6781/2349
f 598/6977/2928 308/6978/2928 407/6979/2928
f 640/6980/2929 641/6981/2929 642/6982/2929
f 2476/6457/2636 2492/6983/2930 2523/6984/2931
f 1717/6985/2932 1878/6986/2932 1727/6987/2932
f 2076/5635/2370 2083/5636/2371 2096/6988/2777
f 1886/5703/2354 2059/5702/2278 1919/6989/2933
f 2471/6990/2934 2572/6991/2934 2474/6992/2934
f 1904/6462/2532 2489/6940/2913 1924/6993/2935
f 1913/6994/2936 1910/6995/2936 1917/6996/2936
f 2250/6997/2368 2092/6998/2900 2251/6999/2873
f 1700/7000/2937 1724/7001/2937 1734/7002/2937
f 2093/7003/2871 1480/7004/2872 2094/7005/2938
f 898/7006/2939 904/7007/2939 905/7008/2939
f 644/6251/2619 650/7009/2940 647/6784/2843
f 1455/7010/2941 1207/7011/2701 1222/7012/2942
f 643/7013/2910 640/6359/2670 623/6253/2620
f 46/6862/2876 6/6536/2621 10/6535/2508
f 608/5058/2089 411/6735/2820 409/7014/2909
f 2851/6361/2672 2816/5046/2110 2845/7015/2943
f 2499/7016/2906 2488/6953/2822 2490/6952/2919
f 2857/7017/2944 2846/7018/2692 2847/7019/2336
f 31/7020/2945 312/6409/2689 7/6408/2688
f 3024/6822/2522 3030/6824/2586 3035/7021/2660
f 2309/6141/2573 2848/7022/2946 2832/6142/2574
f 644/7023/2947 645/7024/2947 646/7025/2947
f 24/6815/2743 32/7026/2948 20/7027/2949
f 596/5299/1728 407/6945/2863 382/5300/2235
f 2476/6289/2636 2571/6629/2607 2492/7028/2930
f 1892/6047/2537 1897/6049/2538 1923/6704/2808
f 1911/7029/2950 1878/7030/2950 1894/7031/2950
f 916/7032/2951 907/7033/2952 902/7034/2953
f 1688/5482/2298 1502/6537/2742 1475/6526/2737
f 898/6351/2666 905/7035/2954 1024/5999/2519
f 1472/6055/2540 1483/7036/2955 1470/6468/2716
f 1223/7037/2956 1484/7038/2957 1477/7039/2839
f 627/6391/2682 619/6303/2643 648/7040/2958
f 313/7041/2256 407/7042/2863 308/7043/1356
f 3027/6378/2546 3032/7044/2912 3044/6376/2662
f 2493/7045/2959 2494/7046/2960 2495/7047/2961
f 2482/7048/2962 2489/7049/2962 2478/7050/2962
f 2827/6240/2613 3038/7051/2963 2836/6241/2614
f 2494/7052/2964 2493/7053/2964 2527/7054/2964
f 2831/6140/2545 2849/7055/2965 2865/7056/2966
f 2848/7022/2946 2850/7057/2967 2832/6142/2574
f 1918/6339/2661 1899/6341/2457 1912/6463/2712
f 2140/7058/2968 2081/7059/2968 2097/7060/2968
f 1716/7061/2969 1733/7062/2969 1718/7063/2969
f 2103/7064/2970 2081/7065/2970 2094/7066/2970
f 906/7067/2971 909/7068/2971 908/7069/2971
f 1487/7070/2972 1672/5671/1589 1486/6672/2738
f 647/7071/2843 648/7072/2958 619/7073/2643
f 413/6160/2584 402/6665/2791 408/7074/2973
f 2479/6666/2787 2511/7075/2974 2485/6667/2792
f 2856/7076/2975 2840/6904/2895 2844/6903/2846
f 405/7077/2976 419/7078/2977 416/7079/2978
f 902/7080/2979 1714/7081/2979 1726/7082/2979
f 2225/5479/2297 2407/5478/2284 2258/7083/2980
f 409/7084/2909 402/7085/2981 401/7086/2781
f 643/6935/2910 639/6934/2683 649/7087/2982
f 641/7088/2983 11/7089/2983 642/7090/2983
f 2827/6547/2613 2835/6546/2731 3038/7091/2963
f 1470/7092/2984 1483/7093/2984 1469/7094/2984
f 24/6815/2743 22/6817/2856 32/7026/2948
f 2496/7095/2985 2493/7096/2985 2495/7097/2985
f 2831/6140/2545 2841/6736/2821 2849/7055/2965
f 2257/7098/2986 2256/6909/2899 2241/6908/2898
f 1909/7099/2987 1920/7100/2987 1912/7101/2987
f 1912/6463/2712 1920/7102/2988 1918/6339/2661
f 2258/7103/2980 2407/5980/2284 2247/6677/2796
f 2085/7104/2989 2084/7105/2989 2087/7106/2989
f 909/7107/2990 907/7108/2990 908/7109/2990
f 901/6914/2785 907/6389/2681 909/7110/2926
f 900/6729/2816 904/6450/2707 887/6153/2581
f 647/7071/2843 650/7111/2940 648/7072/2958
f 1176/5530/2323 1186/5532/2097 1214/7112/2991
f 1219/7113/2992 1215/7114/2992 1230/7115/2992
f 394/6441/2499 465/6443/1692 410/7116/2911
f 2849/7117/2965 2841/7118/2821 2850/7119/2967
f 2076/6242/2370 2098/7120/2993 2109/6858/2874
f 414/6715/2733 415/7121/2994 400/6716/2811
f 2103/7122/2995 2094/7005/2938 1480/7004/2872
f 1920/7123/2996 1909/7124/2996 1928/7125/2996
f 1894/6051/2327 1907/6630/2776 1911/7126/2997
f 1875/7127/2678 1721/7128/2903 1725/7129/2998
f 2085/6771/2834 2087/6772/2835 2096/6631/2777
f 917/7130/2999 1714/7131/2927 1718/7132/2842
f 1477/6776/2839 1484/7133/2957 1478/6813/2854
f 627/7134/2682 879/6304/2008 625/6306/2644
f 1176/6096/2323 1211/7135/2875 1193/6097/2461
f 636/6565/2753 879/6564/2008 662/7136/3000
f 1216/7137/2561 1220/7138/3001 1217/7139/3002
f 1215/6740/2823 417/7140/2741 1230/7141/3003
f 33/7142/2908 26/7143/2765 29/6598/2763
f 1/5822/2447 211/5821/1802 23/6814/2855
f 1722/6921/2751 1720/7144/2892 1723/6922/2891
f 2851/7145/2672 2853/7146/3004 2852/7147/2337
f 2496/7148/3005 2495/7149/3005 2508/7150/3005
f 2088/6348/2664 2065/5921/2307 2106/7151/3006
f 2079/6213/2605 1474/6433/2698 1485/7152/3007
f 1474/7153/3008 1488/7154/3008 1490/7155/3008
f 1208/6742/2465 417/7140/2741 1215/6740/2823
f 2487/6866/2878 2491/5314/2240 2486/6926/2868
f 1211/7135/2875 1176/6096/2323 1214/7156/2991
f 409/7084/2909 411/7157/2820 402/7085/2981
f 1704/7158/2618 1875/7127/2678 1725/7129/2998
f 1907/6630/2776 1923/7159/3009 1911/7126/2997
f 1216/6875/2561 1217/7160/3002 1209/6873/2840
f 2232/7161/3010 2259/7162/3010 2282/7163/3010
f 39/7164/2817 25/7165/2802 34/7166/3011
f 905/7167/2954 904/6450/2707 900/6729/2816
f 644/7168/3012 646/7169/3012 651/7170/3012
f 2853/7146/3004 2862/7171/3013 2852/7147/2337
f 1917/7172/3014 1922/7173/2831 1913/7174/2710
f 2099/7175/2902 2091/7176/2888 2102/7177/3015
f 1726/7178/3016 1714/7131/2927 917/7130/2999
f 1483/7179/3017 1495/7180/3017 1469/7181/3017
f 39/7164/2817 28/7182/2818 25/7165/2802
f 2845/7183/2943 2853/7184/3004 2851/7185/2672
f 2476/6457/2636 2523/6984/2931 2479/6654/2787
f 2502/7186/3018 2530/7187/2304 2497/7188/3019
f 2860/7189/3020 2835/6509/2731 2838/6508/2730
f 1486/7190/2738 1495/7191/2861 1487/7192/2972
f 1209/7193/2840 1217/7194/3002 1210/7195/2852
f 1726/7196/3016 916/7032/2951 902/7034/2953
f 1455/7197/2389 1223/7037/2956 1477/7039/2839
f 46/6862/2876 14/6486/2723 30/6615/2771
f 2238/6200/2599 2245/7198/2833 2244/6723/2814
f 2853/7184/3004 2845/7183/2943 2854/7199/3021
f 2835/6546/2731 2855/7200/3022 3038/7091/2963
f 2260/7201/2883 2263/7202/3023 2261/7203/2766
f 2102/7177/3015 2091/7176/2888 2100/7204/2887
f 2576/7205/3024 2492/7028/2930 2571/6629/2607
f 2264/7206/3025 2309/7207/3025 2253/7208/3025
f 2110/7209/3026 2064/5667/1943 2066/5631/2369
f 1480/6854/2872 2079/6853/2605 1485/7210/3007
f 1672/5481/1589 1487/7211/2972 1502/6537/2742
f 1484/7212/2957 1482/6901/2798 1478/6900/2854
f 1222/7213/3027 1223/7214/3027 1455/7215/3027
f 638/6309/2647 639/6398/2683 626/6310/2648
f 668/7216/3028 641/7217/3028 640/7218/3028
f 415/7219/2994 412/7220/3029 400/7221/2811
f 2065/5498/2307 2064/5497/2306 2106/7222/3006
f 1488/7223/2715 1489/7224/3030 1490/7225/3031
f 1485/7152/3007 1474/6433/2698 1490/7226/3031
f 2474/6220/2489 2572/7227/3032 2571/6221/2607
f 405/7077/2976 416/7079/2978 417/7228/3033
f 2569/7229/2757 2568/7230/2812 2771/7231/3034
f 1727/7232/3035 1728/7233/3035 1876/7234/3035
f 1876/6382/2677 1728/7235/3036 1721/6913/2903
f 1733/7236/3037 917/7237/3037 1718/7238/3037
f 1024/7239/3038 910/7240/3038 911/7241/3038
f 1207/7011/2701 1211/7242/2875 1222/7012/2942
f 1204/4937/1886 1175/4936/2105 1256/7243/3039
f 649/7244/2982 655/7245/3040 643/7013/2910
f 18/6734/2819 39/6731/2817 44/7246/3041
f 35/7247/1996 36/7248/3042 225/7249/2148
f 2856/7250/3043 2844/7251/3043 2857/7252/3043
f 2770/7253/2894 2574/7254/3044 2568/7255/2812
f 2473/6164/2556 2498/7256/3045 2484/6703/2734
f 1920/7257/3046 1928/7258/3046 1914/7259/3046
f 2490/7260/2919 2485/7261/2792 2511/7262/2974
f 2497/7188/3019 2530/7187/2304 2487/7263/2878
f 22/6817/2856 27/6906/2896 32/7026/2948
f 2858/7264/3047 2816/7265/2110 2831/7266/2545
f 2110/7267/3048 2106/7268/3048 2064/7269/3048
f 1910/6424/2695 1903/6423/2694 1915/7270/3049
f 2490/7271/3050 2510/7272/3050 2499/7273/3050
f 2268/7274/3051 2255/6887/2885 2249/7275/3052
f 2276/7276/3053 2241/6465/2713 2225/5803/2297
f 1210/6809/2852 1185/5817/2445 1191/6061/2544
f 649/7244/2982 652/7277/3054 655/7245/3040
f 412/7220/3029 423/7278/3055 400/7221/2811
f 18/6734/2819 44/7246/3041 41/7279/3056
f 1201/6307/2645 1194/6099/2560 1218/7280/3057
f 7/6625/2688 232/5581/2346 1/5822/2447
f 651/7281/3058 650/7009/2940 644/6251/2619
f 1484/7212/2957 1494/7282/3059 1482/6901/2798
f 2868/7283/3060 2824/7284/2456 2859/7285/3061
f 879/6304/2008 627/7134/2682 662/7286/3000
f 1923/7287/3062 1916/7288/3062 1911/7289/3062
f 2831/7266/2545 2865/7290/2966 2858/7264/3047
f 38/7291/3063 2/5861/2467 37/5860/2034
f 2256/6909/2899 2257/7098/2986 2262/7292/3064
f 2274/7293/3065 2092/6910/2900 2099/6912/2902
f 1488/6467/2715 1498/5996/2518 1489/7294/3030
f 911/7295/2905 646/7296/3066 645/7297/2799
f 386/7298/2406 413/7299/2584 408/7300/2973
f 2251/6857/2873 2260/7301/2883 2252/6855/2472
f 20/7302/3067 38/7303/3067 37/7304/3067
f 411/7157/2820 421/7305/3068 402/7085/2981
f 2096/6988/2777 2101/7306/3069 2076/5635/2370
f 2840/6764/2829 2860/7307/3020 2838/6762/2730
f 2255/6887/2885 2268/7274/3051 2264/7308/3070
f 1922/7309/3071 1917/7310/3071 1915/7311/3071
f 2248/6907/2897 2256/6909/2899 2266/7312/3072
f 1727/7313/3073 1878/7314/3074 1935/7315/3075
f 1472/6055/2540 1497/7316/3076 1483/7036/2955
f 671/7317/3077 633/6569/2604 632/6568/2372
f 643/7013/2910 655/7245/3040 653/7318/3078
f 640/6359/2670 643/7013/2910 653/7318/3078
f 1219/7319/3079 1216/7137/2561 1215/7320/2823
f 418/7321/3080 414/6512/2733 403/6405/2686
f 1921/7322/3081 1896/7323/2285 1918/7324/2661
f 1211/7325/3082 1511/7326/3082 1222/7327/3082
f 2502/7186/3018 2497/7188/3019 2500/7328/3083
f 2861/7329/3084 2847/5557/2336 2824/6555/2456
f 1214/7112/2991 1186/5532/2097 1241/7330/3085
f 2861/7331/3084 2824/7284/2456 2868/7283/3060
f 1213/7332/2923 1205/5574/2344 1185/5851/2445
f 2490/7260/2919 2511/7262/2974 2510/7333/3086
f 2274/7293/3065 2099/6912/2902 2102/7334/3015
f 1716/6892/2890 1720/6894/2892 1733/7335/3087
f 2569/7229/2757 2771/7231/3034 2570/7336/3088
f 2862/7337/3013 2853/7338/3004 2854/7339/3021
f 2253/6885/2864 2255/6887/2885 2264/7308/3070
f 2110/7209/3026 2066/5631/2369 2141/7340/3089
f 1201/6394/2645 1218/7341/3057 1422/6395/1894
f 414/7342/2733 412/7343/3029 415/7344/2994
f 46/7345/2876 30/7346/2771 18/7347/2819
f 2261/7203/2766 2263/7202/3023 2245/7348/2833
f 2868/7349/3060 2860/7307/3020 2840/6764/2829
f 639/7350/2683 654/7351/3090 649/7352/2982
f 891/6589/2497 912/7353/3091 899/6590/2260
f 1024/7354/2519 905/7167/2954 913/7355/3092
f 32/7026/2948 38/7356/3063 20/7027/2949
f 1924/6993/2935 2489/6940/2913 2501/7357/3093
f 2484/6518/2734 2498/7358/3045 2482/6264/2626
f 2505/7359/3094 2489/7360/2913 2482/7361/2626
f 1903/6513/2694 1904/6515/2532 1924/7362/2935
f 1911/7363/3095 1916/7364/3095 1931/7365/3095
f 2081/7366/3096 2103/7367/3096 2097/7368/3096
f 907/7369/2952 918/7370/3097 908/7371/3098
f 1497/7372/3076 1472/6470/2540 1482/6681/2798
f 649/7352/2982 654/7351/3090 652/7373/3054
f 2258/7083/2980 2276/7374/3053 2225/5479/2297
f 3030/6824/2586 3036/7375/3099 3035/7021/2660
f 914/7376/3100 899/6590/2260 912/7353/3091
f 1498/7377/3101 1457/7378/3101 1491/7379/3101
f 1217/7194/3002 1220/7380/3001 1210/7195/2852
f 903/6974/2925 1142/6973/1899 915/7381/2700
f 1479/6837/2865 1491/7382/3102 1457/5710/2320
f 2574/7254/3044 2771/7383/3034 2568/7255/2812
f 2849/7117/2965 2850/7119/2967 2865/7384/2966
f 2489/6940/2913 2505/7385/3094 2501/7357/3093
f 2257/7386/2986 2241/7387/2898 2262/7388/3064
f 1709/6201/2600 1704/6248/2618 1725/7389/2998
f 43/7390/3103 39/7391/2817 34/7392/3011
f 400/7221/2811 435/7393/3104 419/7394/2977
f 2840/7395/3105 2856/7396/3105 2868/7397/3105
f 2576/7398/3024 2571/7399/2607 2572/7400/3032
f 900/6859/2816 1164/5881/2313 926/7401/3106
f 1241/7402/3085 1186/7403/2097 1221/7404/2719
f 4/6198/2598 40/7405/3107 23/6814/2855
f 2846/7018/2692 2857/7017/2944 2844/7406/3108
f 2486/6926/2868 2499/6925/2906 2510/7407/3109
f 2503/7408/3110 2500/7409/3083 2497/7410/3019
f 2845/7015/2943 2816/5046/2110 2858/7411/3047
f 2263/7412/3111 2275/7413/3111 2245/7414/3111
f 2251/6857/2873 2263/7415/3023 2260/7301/2883
f 1222/7416/3112 1228/7417/3112 1223/7418/3112
f 1230/7419/3113 417/7420/3113 1224/7421/3113
f 416/7422/2978 1246/7423/3114 417/7424/3033
f 400/7221/2811 423/7278/3055 435/7393/3104
f 412/7343/3029 414/7342/2733 418/7425/3080
f 382/5300/2235 316/6946/2916 404/7426/2858
f 908/6775/2838 912/7427/3091 891/5933/2497
f 2823/6971/2391 3033/7428/3115 3022/6165/2484
f 2309/7429/3116 2264/7430/3116 2265/7431/3116
f 18/7347/2819 41/7432/3056 46/7345/2876
f 2511/7075/2974 2479/6666/2787 2523/7433/2931
f 2092/6998/2900 2274/7434/3065 2251/6999/2873
f 2502/7435/3117 2500/7436/3117 2503/7437/3117
f 2863/7438/3118 2865/7384/2966 2850/7119/2967
f 2309/7439/3119 2265/7440/3119 2848/7441/3119
f 1915/7270/3049 1917/7442/3120 1910/6424/2695
f 2248/7443/2897 2266/7444/3072 2249/7445/3052
f 2090/7446/2886 2088/7447/2664 2104/7448/3121
f 2109/6858/2874 2141/7340/3089 2066/5631/2369
f 2101/7449/3069 2098/7120/2993 2076/6242/2370
f 1480/6854/2872 1485/7210/3007 1492/7450/3122
f 1498/5996/2518 1499/7451/3123 1489/7294/3030
f 1496/7452/3124 1493/7453/3125 1483/7036/2955
f 25/6896/2802 11/6895/2893 51/7454/3126
f 419/7455/2977 1246/7456/3114 416/7457/2978
f 421/7458/3127 420/7459/3127 402/7460/3127
f 1490/7225/3031 1489/7224/3030 1500/7461/3128
f 2855/7462/3022 2835/6509/2731 2860/7189/3020
f 3037/7463/3129 3031/6877/2881 2836/6876/2614
f 2504/7464/3130 2530/7465/2304 2502/7466/3018
f 2059/7467/3131 1927/7468/3131 1919/7469/3131
f 404/7470/2858 427/7471/3132 422/7472/2018
f 1914/7473/3133 1930/7474/3133 1920/7475/3133
f 1492/7476/3122 2103/7477/2995 1480/7478/2872
f 1483/7479/3134 1493/7480/3134 1495/7481/3134
f 1497/7372/3076 1482/6681/2798 1494/7482/3059
f 742/7483/2329 620/5956/2504 872/5955/2188
f 42/7484/3135 35/5939/1996 236/5938/2357
f 4/6198/2598 2/6005/2467 40/7405/3107
f 411/7485/2820 427/7486/3132 421/7487/3068
f 1494/7282/3059 1484/7212/2957 1233/7488/3136
f 427/7471/3132 404/7470/2858 431/7489/3137
f 427/7490/3132 431/7491/3137 428/7492/3138
f 2259/6947/2917 2244/6829/2814 2267/7493/3139
f 652/7494/3140 654/7495/3140 655/7496/3140
f 1921/7497/3081 1926/5807/2442 1896/5442/2285
f 1923/6704/2808 1897/6049/2538 1931/7498/3141
f 1725/7389/2998 1736/7499/3142 1709/6201/2600
f 427/7486/3132 411/7485/2820 422/7500/2018
f 2509/7501/3143 2487/6866/2878 2486/6926/2868
f 2482/7361/2626 2498/7502/3045 2505/7359/3094
f 402/7503/3144 420/7504/3145 430/7505/3146
f 1919/6989/2933 1936/7506/3147 1886/5703/2354
f 3031/6877/2881 3037/7463/3129 3033/7507/3115
f 1928/7508/3148 1922/7509/3148 1915/7510/3148
f 1025/7511/3149 910/7512/3150 1024/7513/2519
f 2856/7514/3151 2857/7515/3151 2868/7516/3151
f 427/7517/3132 420/7518/3145 421/7519/3068
f 3031/6970/2881 3033/7428/3115 2823/6971/2391
f 1914/7520/3152 1928/7521/3152 1929/7522/3152
f 1931/7523/3153 1916/7524/3153 1923/7525/3153
f 2275/7526/3154 2263/7415/3023 2251/6857/2873
f 1727/7527/3155 1935/7528/3155 1728/7529/3155
f 1496/7452/3124 1483/7036/2955 1497/7316/3076
f 913/7355/3092 1025/7530/3149 1024/7354/2519
f 653/7531/3156 668/7532/3156 640/7533/3156
f 51/7454/3126 11/6895/2893 668/7534/3157
f 43/7535/3103 44/7246/3041 39/6731/2817
f 44/7536/3158 46/7537/3158 41/7538/3158
f 2244/7539/2814 2245/7540/2833 2267/7541/3139
f 423/7542/3159 412/7543/3159 418/7544/3159
f 2268/7545/3051 2249/7445/3052 2266/7444/3072
f 2569/6581/2757 2570/7546/3088 2567/6582/2449
f 1915/7270/3049 1903/6423/2694 1924/7547/2935
f 1422/6395/1894 1225/7548/3160 1226/7549/3161
f 675/7550/3162 654/7551/3090 639/6398/2683
f 35/5939/1996 42/7484/3135 36/7552/3042
f 36/7248/3042 13/7553/2761 225/7249/2148
f 1709/6429/2600 1729/7554/3163 1710/6430/2232
f 667/7555/3164 611/7556/3164 656/7557/3164
f 1025/7511/3149 919/7558/3165 910/7512/3150
f 1939/7559/3166 1925/7560/3167 1926/7561/2442
f 1241/7402/3085 1221/7404/2719 1227/7562/3168
f 2769/7563/2815 2772/7564/3169 2770/7565/2894
f 3034/7566/3170 3035/7567/2660 3036/7568/3099
f 2519/7569/3171 2503/7408/3110 2497/7410/3019
f 2863/7570/3118 2850/7057/2967 2848/7022/2946
f 2090/6888/2886 2104/7571/3121 2100/6889/2887
f 1725/7129/2998 1721/7128/2903 1736/7572/3142
f 2096/6631/2777 2087/6772/2835 2105/7573/3172
f 2087/6772/2835 2097/6941/2914 2105/7573/3172
f 907/7369/2952 916/7574/2951 918/7370/3097
f 908/7575/3173 918/7576/3173 912/7577/3173
f 32/7026/2948 27/6906/2896 45/7578/3174
f 633/6210/2604 657/7579/3175 878/6478/2720
f 423/7580/3176 418/7581/3176 424/7582/3176
f 651/7583/3177 646/7584/3066 666/7585/3178
f 6/6256/2621 42/7586/3135 236/6254/2357
f 650/7111/2940 658/7587/3179 648/7072/2958
f 1511/7588/3180 1228/7589/3180 1222/7590/3180
f 2582/7591/3181 2523/7592/3181 2492/7593/3181
f 2059/7594/3182 1926/7561/2442 1927/7595/3183
f 1218/7280/3057 1194/6099/2560 1229/7596/3184
f 2848/7597/2946 2265/7598/3185 2271/7599/3186
f 2510/7407/3109 2509/7501/3143 2486/6926/2868
f 1928/7600/3187 1915/7601/3187 1929/7602/3187
f 1920/7102/2988 1930/7603/3188 1918/6339/2661
f 2270/7604/3189 2269/7605/3189 2251/7606/3189
f 1863/4886/2084 1710/7607/2232 1730/7608/3190
f 1164/6972/2313 903/6974/2925 926/7609/3106
f 1495/7610/3191 1493/7611/3191 1496/7612/3191
f 1497/7613/3192 1494/7614/3192 1496/7615/3192
f 910/7512/3150 646/7296/3066 911/7295/2905
f 638/6309/2647 675/7550/3162 639/6398/2683
f 419/7394/2977 435/7393/3104 425/7616/3193
f 7/6625/2688 1/5822/2447 145/7617/3194
f 2251/7618/3195 2274/7619/3195 2270/7620/3195
f 1498/7621/2518 1491/7622/3102 1499/7623/3123
f 316/6946/2916 407/6945/2863 317/7624/3196
f 49/7625/3197 46/7626/3197 44/7627/3197
f 654/7628/3198 665/7629/3198 655/7630/3198
f 1223/7631/3199 1233/7632/3199 1484/7633/3199
f 2572/7634/3032 2471/7635/2502 2579/7636/3200
f 2503/7637/3201 2519/7638/3201 2502/7639/3201
f 2864/7640/3202 2859/7641/3061 2881/7642/3203
f 2284/7643/3204 2274/7293/3065 2102/7334/3015
f 1863/4886/2084 1730/7608/3190 1719/6891/2889
f 1722/6921/2751 1735/7644/3205 1720/7144/2892
f 1485/7152/3007 1490/7226/3031 1500/7645/3128
f 905/7167/2954 900/6729/2816 913/7355/3092
f 910/7512/3150 672/7646/3206 646/7296/3066
f 1230/7647/3207 1224/7648/3207 1219/7649/3207
f 1911/7650/3208 1932/7651/3209 1878/7652/3074
f 1931/7653/3141 1897/6131/2538 1886/5597/2354
f 404/7654/2858 432/7655/3210 431/7656/3137
f 917/7657/2999 1743/7658/3211 1726/7659/3016
f 2847/5557/2336 2861/7329/3084 2867/7660/3212
f 2264/7661/3213 2271/7662/3213 2265/7663/3213
f 2101/7306/3069 2096/6988/2777 2105/7664/3172
f 913/7665/3092 919/7558/3165 1025/7511/3149
f 2501/7357/3093 2498/7666/3214 1924/6993/2935
f 656/6800/2849 636/6799/2753 660/7667/3215
f 1231/7668/3216 1220/7138/3001 1216/7137/2561
f 408/7074/2973 402/6665/2791 429/7669/3217
f 145/7617/3194 1/5822/2447 40/7405/3107
f 1911/7650/3208 1931/7670/3218 1932/7651/3209
f 2104/7448/3121 2088/7447/2664 2106/7671/3006
f 636/6565/2753 662/7136/3000 663/7672/3219
f 2857/7673/2944 2847/5557/2336 2867/7660/3212
f 658/7674/3179 650/7009/2940 651/7281/3058
f 2848/7597/2946 2271/7599/3186 2865/7675/2966
f 316/7676/2916 426/7677/3220 404/7654/2858
f 1500/7678/3221 1489/7679/3221 1499/7680/3221
f 427/7681/3222 428/7682/3222 432/7683/3222
f 317/7684/3196 407/7685/2863 53/7686/3223
f 2256/6909/2899 2262/7292/3064 2266/7312/3072
f 2770/7565/2894 2772/7564/3169 2574/7687/3044
f 2268/7274/3051 2865/7688/3224 2264/7308/3070
f 1722/6921/2751 1734/7689/2750 1735/7644/3205
f 1216/7137/2561 1219/7319/3079 1231/7668/3216
f 1221/6475/2719 1204/6477/1886 1239/7690/3225
f 1511/7691/3226 1494/7282/3059 1233/7488/3136
f 1214/7156/2991 1511/7692/3226 1211/7135/2875
f 1729/7693/3163 1709/7694/2600 1736/7695/3142
f 1932/7696/3227 1931/7697/3227 1938/7698/3227
f 1731/7699/3228 1738/4884/2083 1732/7700/3229
f 312/6752/2689 313/7701/2256 310/5607/2255
f 900/7702/3230 926/7703/3230 913/7704/3230
f 1210/7195/2852 1220/7380/3001 1237/7705/3231
f 2247/7706/2796 2246/7707/2860 2272/7708/3232
f 48/7709/3233 2/5861/2467 60/7710/3234
f 2271/7711/3235 2264/7712/3235 2865/7713/3235
f 1735/7714/3205 1733/7335/3087 1720/6894/2892
f 2272/7715/3232 2258/7103/2980 2247/6677/2796
f 40/7405/3107 1/5822/2447 23/6814/2855
f 1733/7716/3087 1741/7717/3236 917/7718/3237
f 445/7719/3238 420/7518/3145 427/7517/3132
f 2251/7720/3239 2269/7721/3239 2275/7722/3239
f 1496/7723/3240 1494/7724/3240 1495/7725/3240
f 47/7726/3241 2/6005/2467 48/7727/3233
f 3034/7566/3170 3032/7728/2912 3035/7567/2660
f 3037/7729/3129 2836/7730/2614 3038/7731/2963
f 1422/6688/1894 1226/7732/3161 1444/6686/2800
f 46/7733/2876 49/7734/3242 54/7735/3243
f 430/7505/3146 420/7504/3145 445/7736/3238
f 445/7719/3238 427/7517/3132 432/7737/3210
f 675/7738/3162 665/7739/3244 654/7740/3090
f 2/6005/2467 47/7726/3241 40/7405/3107
f 1734/7741/3245 1724/7742/3245 1735/7743/3245
f 1730/7608/3190 1710/7607/2232 1729/7744/3163
f 1499/7745/3123 2112/7746/3246 2103/7477/2995
f 1733/7716/3087 1735/7747/3205 1741/7717/3236
f 2573/7748/3247 2572/7400/3032 2579/7749/3200
f 1728/7235/3036 1736/7750/3142 1721/6913/2903
f 899/6795/2260 914/7751/3100 920/6796/2848
f 655/7245/3040 659/7752/3248 653/7318/3078
f 429/7753/3249 402/7754/3249 430/7755/3249
f 1220/7380/3001 1232/7756/3250 1237/7705/3231
f 2273/7757/3251 2246/6043/2535 2282/7758/3252
f 2864/7759/3202 2868/7349/3060 2859/7760/3061
f 1724/7761/3253 1737/7762/3253 1735/7763/3253
f 2854/7199/3021 2845/7183/2943 2875/7764/3254
f 1511/7765/3226 1233/7766/3136 1223/7767/3255
f 1926/7561/2442 1925/7560/3167 1933/7768/3256
f 2246/6043/2535 2232/6042/2534 2282/7758/3252
f 2498/7769/3257 2501/7770/3257 2505/7771/3257
f 2141/7772/3089 2109/7773/2874 2107/7774/3258
f 651/7583/3177 666/7585/3178 661/7775/3259
f 672/7646/3206 666/7776/3178 646/7296/3066
f 318/7777/3260 53/7778/3223 407/7042/2863
f 2268/7274/3051 2871/7779/3261 2865/7688/3224
f 1934/7780/3262 1886/5703/2354 1936/7506/3147
f 1237/7781/3231 1213/6965/2923 1210/6809/2852
f 44/7246/3041 52/7782/3263 49/7783/3242
f 38/7356/3063 32/7026/2948 45/7578/3174
f 2108/7784/3264 2107/7774/3258 2109/7773/2874
f 637/6916/2904 675/7785/3162 638/6917/2647
f 2567/6582/2449 2579/7636/3200 2471/7635/2502
f 2510/7786/3265 2506/7787/3265 2509/7788/3265
f 1726/7789/3016 912/7790/3091 916/7791/2951
f 383/7792/2135 443/7793/3266 403/7794/2686
f 2097/7795/2914 2103/7796/3267 2113/7797/3268
f 1738/7798/3269 1731/7799/3269 1739/7800/3269
f 1728/7801/3270 1935/7802/3270 1736/7803/3270
f 2102/7804/3015 2100/7805/2887 2106/7806/3006
f 2097/7795/2914 2113/7797/3268 2105/7807/3172
f 2576/7398/3024 2572/7400/3032 2573/7748/3247
f 2100/7805/2887 2104/7808/3121 2106/7806/3006
f 1223/7767/3255 1228/7809/3271 1511/7765/3226
f 428/7810/3272 431/7811/3272 432/7812/3272
f 2848/7597/2946 2865/7675/2966 2863/7813/3118
f 2262/7814/3273 2241/7815/3273 2276/7816/3273
f 1485/7817/3007 1499/7818/3123 1492/7819/3122
f 3048/7820/3274 3037/7729/3129 3038/7731/2963
f 2881/7642/3203 2859/7641/3061 2824/7821/2456
f 2507/7822/3275 2473/6084/2556 2508/6083/2555
f 1942/7823/3276 1926/5807/2442 1921/7497/3081
f 2269/7824/3277 2270/7825/3278 2274/7826/3065
f 1740/7827/3279 1935/7828/3075 1932/7829/3209
f 1475/6526/2737 1502/6537/2742 1501/7830/3280
f 660/7831/3215 636/7832/2753 664/7833/3281
f 668/7834/3282 11/7835/3282 641/7836/3282
f 2245/7837/3283 2275/7838/3283 2269/7839/3283
f 1479/7840/2865 1475/7841/2737 1503/7842/3284
f 658/7587/3179 661/7843/3285 648/7072/2958
f 1931/7653/3141 1886/5597/2354 1934/7844/3262
f 2498/7256/3045 2473/6164/2556 1944/7845/3286
f 1929/7846/3287 1915/7847/3287 1930/7848/3287
f 651/7849/3288 661/7850/3288 658/7851/3288
f 2507/7852/3289 2508/7853/3289 2495/7854/3289
f 2869/7855/3290 2862/7337/3013 2854/7339/3021
f 1515/7856/3291 1501/7857/3291 1502/7858/3291
f 1944/7859/3286 2473/6084/2556 2507/7822/3275
f 633/7860/3292 671/7861/3292 657/7862/3292
f 2869/7855/3290 2854/7339/3021 2875/7863/3254
f 1479/6837/2865 1503/7864/3284 1491/7382/3102
f 648/7040/2958 661/7865/3285 627/6391/2682
f 1239/7690/3225 1260/7866/3293 1221/6475/2719
f 51/7454/3126 34/7867/3011 25/6896/2802
f 44/7246/3041 50/7868/3294 52/7782/3263
f 440/7869/3295 423/7278/3055 424/7870/3296
f 440/7871/3295 424/7872/3296 418/7873/3080
f 2245/7540/2833 2269/7874/3297 2267/7541/3139
f 2772/7875/3169 2771/7231/3034 2574/7876/3044
f 912/7877/3091 1726/7659/3016 1743/7658/3211
f 3022/6165/2484 3033/7428/3115 3039/7878/3298
f 1919/7879/2933 1927/7880/3183 1936/7881/3147
f 7/6408/2688 145/7882/3194 31/7020/2945
f 2509/7883/3143 2513/7884/3299 2487/7263/2878
f 2262/7885/3064 2276/7886/3053 2266/7887/3072
f 912/7790/3091 918/7888/3097 916/7791/2951
f 1929/7889/3300 1930/7890/3300 1914/7891/3300
f 2487/7263/2878 2513/7884/3299 2497/7188/3019
f 2523/7433/2931 2518/7892/3301 2511/7075/2974
f 407/7042/2863 313/7041/2256 315/7893/3302
f 2266/7887/3072 2276/7886/3053 2268/7894/3051
f 3043/7895/3303 2855/7896/3303 2860/7897/3303
f 3044/6376/2662 3032/7044/2912 3034/7898/3170
f 1241/7330/3085 1514/7899/3304 1214/7112/2991
f 3022/6165/2484 3036/7900/3099 3030/6166/2586
f 2502/7466/3018 2519/7901/3171 2504/7464/3130
f 1505/7902/3305 1495/7903/2861 1494/7282/3059
f 1205/6479/2344 1253/7904/3306 1194/6099/2560
f 1221/7905/2719 1234/7906/3307 1227/7907/3168
f 73/7908/3308 13/7553/2761 65/7909/3309
f 2575/7910/3310 2570/7336/3088 2771/7231/3034
f 2872/7911/3311 2852/7147/2337 2862/7171/3013
f 1499/7818/3123 1485/7817/3007 1500/7912/3128
f 662/7913/3000 627/7914/2682 661/7915/3285
f 2272/7715/3232 2279/7916/3312 2258/7103/2980
f 425/7917/3193 1246/7456/3114 419/7455/2977
f 3038/7918/2963 2855/7919/3022 3043/7920/3313
f 1937/7921/3314 1915/7270/3049 1924/7547/2935
f 1932/7922/3209 1935/7315/3075 1878/7314/3074
f 44/7246/3041 43/7535/3103 50/7868/3294
f 6/6536/2621 46/6862/2876 54/7923/3243
f 1741/7924/3315 1743/7925/3315 917/7926/3315
f 2280/7927/3316 2277/7928/3317 2246/7929/2860
f 636/7930/3318 663/7931/3318 664/7932/3318
f 2861/7331/3084 2868/7283/3060 2867/7933/3212
f 910/7512/3150 919/7558/3165 672/7646/3206
f 1504/7934/3319 1475/6526/2737 1501/7830/3280
f 1511/7692/3226 1214/7156/2991 1514/7935/3304
f 1494/7282/3059 1511/7691/3226 1505/7902/3305
f 408/7300/2973 439/7936/3320 386/7298/2406
f 2510/7937/3086 2511/7938/2974 2506/7939/3321
f 913/7940/3322 926/7941/3322 919/7942/3322
f 2576/7943/3024 2581/7944/3323 2492/7945/2930
f 920/7946/3324 924/7947/3324 915/7948/3324
f 1935/7949/3325 1740/7950/3325 1736/7951/3325
f 433/7952/3326 394/6441/2499 410/7116/2911
f 2268/7274/3051 2276/7953/3053 2278/7954/3327
f 1738/5270/2224 1739/7955/3328 1724/5887/2339
f 665/7956/3244 659/7957/3248 655/7958/3040
f 1220/7138/3001 1231/7668/3216 1235/7959/3329
f 2/5861/2467 74/7960/3330 60/7710/3234
f 1740/7827/3279 1932/7829/3209 1938/7961/3331
f 57/7962/3332 33/7142/2908 29/6598/2763
f 1515/7963/3333 1502/6537/2742 1487/7211/2972
f 435/7393/3104 423/7278/3055 434/7964/3334
f 3033/7507/3115 3037/7463/3129 3040/7965/3335
f 2118/7966/3336 2110/7967/3026 2141/7772/3089
f 2513/7884/3299 2509/7883/3143 2506/7968/3321
f 3038/7918/2963 3043/7920/3313 3048/7969/3274
f 433/7952/3326 410/7116/2911 436/7970/3337
f 903/6974/2925 915/7381/2700 1026/7971/3338
f 2866/7972/3339 2824/5836/2456 2852/5558/2337
f 1224/7973/3340 417/7424/3033 1246/7423/3114
f 34/7392/3011 51/7974/3126 43/7390/3103
f 1495/7191/2861 1505/7975/3305 1487/7192/2972
f 903/7976/2925 1026/7977/3338 921/7978/3341
f 1918/7324/2661 1930/7979/3188 1921/7322/3081
f 2105/7980/3342 2113/7981/3342 2101/7982/3342
f 2866/7972/3339 2852/5558/2337 2872/7983/3311
f 1218/7984/3343 1229/7985/3343 1236/7986/3343
f 1737/7987/3344 1741/7988/3344 1735/7989/3344
f 2109/7990/3345 2098/7991/3345 2120/7992/3345
f 2106/7993/3006 2110/7994/3026 2111/7995/3346
f 54/7996/3243 42/7586/3135 6/6256/2621
f 1942/7997/3276 1939/7998/3166 1926/7999/2442
f 33/6930/2908 55/8000/3347 27/6906/2896
f 2586/8001/3348 2769/6724/2815 3041/6726/2634
f 2497/7410/3019 2513/8002/3299 2519/7569/3171
f 1937/8003/3314 1924/6993/2935 2498/7666/3214
f 2101/7449/3069 2114/8004/3349 2098/7120/2993
f 920/6796/2848 914/7751/3100 924/8005/3350
f 923/8006/3351 922/8007/3352 915/8008/2700
f 423/7278/3055 440/7869/3295 434/7964/3334
f 2258/8009/2980 2279/8010/3312 2276/8011/3053
f 2494/7046/2960 2512/8012/3353 2495/7047/2961
f 1934/7844/3262 1938/8013/3331 1931/7653/3141
f 1499/7745/3123 2103/7477/2995 1492/7476/3122
f 657/8014/3175 671/8015/3354 680/8016/3355
f 1742/8017/3356 1732/7700/3229 1738/4884/2083
f 2276/8011/3053 2279/8010/3312 2278/8018/3327
f 2867/8019/3357 2868/8020/3357 2857/8021/3357
f 2109/7773/2874 2120/8022/3358 2108/7784/3264
f 1738/4884/2083 1719/6891/2889 1742/8017/3356
f 666/8023/3359 672/8024/3359 661/8025/3359
f 689/8026/3360 667/8027/1350 656/8028/2849
f 1915/7270/3049 1937/7921/3314 1930/8029/3361
f 2284/7643/3204 2102/7334/3015 2106/8030/3006
f 2112/8031/3362 2113/8032/3362 2103/8033/3362
f 1422/6395/1894 1218/7341/3057 1236/8034/3363
f 54/7735/3243 49/7734/3242 52/8035/3263
f 922/8007/3352 1026/8036/3338 915/8008/2700
f 921/8037/3341 925/8038/3364 903/8039/2925
f 923/8040/3365 915/8041/3365 924/8042/3365
f 1730/7608/3190 1742/8017/3356 1719/6891/2889
f 2113/8043/3366 2114/8044/3349 2101/8045/3069
f 2513/8046/3299 2506/7939/3321 2511/7938/2974
f 2106/7993/3006 2111/7995/3346 2284/8047/3204
f 1487/7192/2972 1505/7975/3305 1509/8048/3367
f 903/6974/2925 925/8049/3364 926/7609/3106
f 2280/8050/3368 2246/8051/3368 2124/8052/3368
f 2513/8053/3299 2518/8054/3301 2519/8055/3171
f 1235/7959/3329 1232/8056/3250 1220/7138/3001
f 659/8057/3248 674/8058/3369 653/8059/3078
f 1499/7623/3123 1491/7622/3102 1506/8060/3370
f 65/7909/3309 13/7553/2761 36/7248/3042
f 437/8061/3371 440/7871/3295 418/7873/3080
f 927/8062/3372 914/7376/3100 912/7353/3091
f 53/8063/3223 48/7709/3233 314/8064/3373
f 314/8065/3373 317/7684/3196 53/7686/3223
f 426/7677/3220 432/7655/3210 404/7654/2858
f 1205/8066/2344 1237/8067/3231 1232/8068/3250
f 1205/8066/2344 1213/8069/2923 1237/8067/3231
f 434/8070/3334 1246/8071/3114 435/8072/3104
f 2511/8073/2974 2518/8054/3301 2513/8053/3299
f 2281/8074/3374 2279/7916/3312 2272/7715/3232
f 1475/6526/2737 1507/8075/3375 1508/8076/3376
f 665/7956/3244 677/8077/3377 659/7957/3248
f 410/6938/2911 386/6937/2406 436/8078/3337
f 43/8079/3103 51/8080/3126 50/8081/3294
f 1231/8082/3378 1219/8083/3378 1224/8084/3378
f 1743/8085/3211 927/8062/3372 912/7353/3091
f 1939/8086/3379 1942/8087/3379 1947/8088/3379
f 672/8089/3206 919/8090/3165 926/8091/3106
f 2869/8092/3380 2875/8093/3380 2870/8094/3380
f 2268/7274/3051 2278/7954/3327 2871/7779/3261
f 425/8095/3193 435/8072/3104 1246/8071/3114
f 2577/8096/3381 2576/7398/3024 2573/7748/3247
f 2274/7826/3065 2284/8097/3204 2269/7824/3277
f 2141/7772/3089 2107/7774/3258 2116/8098/3382
f 1509/8099/3367 1515/7963/3333 1487/7211/2972
f 668/8100/3383 653/8059/3078 674/8058/3369
f 1926/7561/2442 1933/7768/3256 1927/7595/3183
f 2865/8101/3384 2871/8102/3384 2858/8103/3384
f 2116/8098/3382 2118/7966/3336 2141/7772/3089
f 1938/8104/3331 1934/8105/3262 1740/8106/3279
f 2259/8107/3385 2119/8108/3385 2282/8109/3385
f 1504/7934/3319 1507/8075/3375 1475/6526/2737
f 42/7586/3135 54/7996/3243 61/8110/3386
f 1231/8111/3387 1224/8112/3387 1235/8113/3387
f 318/8114/3260 48/8115/3233 53/8116/3223
f 3040/8117/3335 3037/7729/3129 3048/7820/3274
f 2526/8118/3388 2494/8119/3388 2527/8120/3388
f 1739/7955/3328 1737/8121/3389 1724/5887/2339
f 437/8122/3371 418/7321/3080 403/6405/2686
f 50/8081/3294 51/8080/3126 52/8123/3263
f 1930/8124/3390 1937/8125/3390 1921/8126/3390
f 437/8127/3371 403/7794/2686 443/7793/3266
f 3040/7965/3335 3039/8128/3298 3033/7507/3115
f 878/6478/2720 657/7579/3175 669/8129/3391
f 438/8130/3392 386/7298/2406 439/7936/3320
f 2494/7046/2960 2514/8131/3393 2512/8012/3353
f 2864/7759/3202 3045/8132/3394 2868/7349/3060
f 1205/6479/2344 1238/8133/3395 1253/7904/3306
f 1936/7881/3147 1927/7880/3183 1940/8134/3396
f 2283/8135/3397 2272/7708/3232 2246/7707/2860
f 312/6752/2689 31/8136/2945 313/7701/2256
f 2113/8043/3366 2112/8137/3398 2114/8044/3349
f 1944/8138/3399 1937/8139/3399 2498/8140/3399
f 48/8115/3233 318/8114/3260 47/7726/3241
f 1475/7841/2737 1508/8141/3376 1503/7842/3284
f 2111/8142/3346 2110/7967/3026 2118/7966/3336
f 670/8143/3400 662/7913/3000 661/7915/3285
f 1444/6686/2800 1226/7732/3161 1247/8144/3401
f 2282/8145/3402 2119/8146/3402 2117/8147/3402
f 386/6937/2406 438/8148/3392 436/8078/3337
f 2772/8149/3169 2769/6724/2815 2586/8001/3348
f 2283/8150/3397 2246/7929/2860 2277/7928/3317
f 1927/7595/3183 1933/7768/3256 1940/8151/3396
f 663/7672/3219 662/7136/3000 670/8152/3400
f 1256/7243/3039 1239/8153/3225 1204/4937/1886
f 1236/8154/3363 1229/8155/3184 1243/8156/3403
f 2273/7757/3251 2282/7758/3252 2117/8157/3404
f 1943/8158/3405 1736/7695/3142 1740/8159/3279
f 1736/7695/3142 1943/8158/3405 1729/7693/3163
f 2246/6043/2535 2273/7757/3251 2124/8160/3406
f 680/8161/3407 671/8162/3407 676/8163/3407
f 2/5861/2467 38/7291/3063 74/7960/3330
f 2492/8164/3408 2581/8165/3408 2582/8166/3408
f 1504/7934/3319 1510/8167/3409 1507/8075/3375
f 1225/7548/3160 1422/6395/1894 1236/8034/3363
f 2284/8168/3410 2267/8169/3410 2269/8170/3410
f 313/7701/2256 31/8136/2945 315/8171/3302
f 1511/8172/3226 1514/8173/3304 1505/7975/3305
f 661/7915/3285 672/8174/3206 670/8143/3400
f 1737/8175/3411 1743/8176/3211 1741/8177/3412
f 672/8089/3206 926/8091/3106 670/8178/3400
f 669/8129/3391 673/8179/3413 878/6478/2720
f 1737/8175/3411 927/8180/3372 1743/8176/3211
f 2114/8181/3414 2112/8182/3414 1506/8183/3414
f 51/8080/3126 54/8184/3243 52/8123/3263
f 1740/8106/3279 1934/8105/3262 1943/8185/3405
f 1505/7975/3305 1514/8173/3304 1509/8048/3367
f 2267/8186/3139 2284/8047/3204 2111/7995/3346
f 2495/8187/3415 2515/8188/3415 2507/8189/3415
f 1506/8060/3370 2112/8190/3246 1499/7623/3123
f 2278/8191/3327 2279/8192/3312 2871/8193/3261
f 1944/8194/3416 1921/8195/3416 1937/8196/3416
f 1491/7382/3102 1503/7864/3284 1506/8197/3370
f 2581/7944/3323 2576/7943/3024 2577/8198/3381
f 2507/7822/3275 1945/8199/3417 1944/7859/3286
f 665/7739/3244 675/7738/3162 677/8200/3377
f 315/7893/3302 318/7777/3260 407/7042/2863
f 2862/7337/3013 2869/7855/3290 2872/8201/3311
f 57/7962/3332 29/6598/2763 13/6597/2761
f 2858/8202/3047 2871/8193/3261 2279/8192/3312
f 1235/8203/3418 1224/8204/3418 1248/8205/3418
f 1934/7780/3262 1936/7506/3147 1941/8206/3419
f 668/8207/3420 674/8208/3420 675/8209/3420
f 3041/8210/2634 3101/6342/816 3049/6344/2663
f 1229/8155/3184 1240/8211/3421 1243/8156/3403
f 673/8212/3413 637/8213/2904 878/8214/2720
f 70/8215/3422 13/8216/2761 73/8217/3308
f 48/7709/3233 60/7710/3234 314/8064/3373
f 27/6906/2896 55/8218/3347 56/8219/3423
f 2115/8220/3424 2098/7120/2993 2114/8004/3349
f 925/8049/3364 685/8221/3425 926/7609/3106
f 1245/8222/3426 1241/8223/3085 1227/8224/3168
f 1232/8225/3250 1238/8226/3395 1205/8227/2344
f 1508/8076/3376 1507/8075/3375 1510/8167/3409
f 1221/7905/2719 1260/8228/3293 1234/7906/3307
f 2570/7546/3088 2575/8229/3310 2567/6582/2449
f 3042/8230/3427 3048/8231/3274 3043/8232/3313
f 2515/8233/3428 2495/7047/2961 2512/8012/3353
f 2845/7015/2943 2858/7411/3047 2873/8234/3429
f 1742/8017/3356 1730/7608/3190 1744/8235/3430
f 671/8236/3077 632/8237/2372 676/8238/3431
f 1240/8239/3421 1229/7596/3184 1194/6099/2560
f 1248/8240/3432 1232/8241/3432 1235/8242/3432
f 1946/8243/3433 1933/7768/3256 1925/7560/3167
f 33/6930/2908 57/8244/3332 55/8000/3347
f 674/8245/3369 659/8246/3248 675/8247/3162
f 40/7405/3107 31/8248/2945 145/8249/3194
f 439/8250/3320 408/8251/2973 429/8252/3217
f 434/8070/3334 437/8253/3371 1246/8071/3114
f 659/8246/3248 677/8254/3377 675/8247/3162
f 1241/8223/3085 1245/8222/3426 1249/8255/3434
f 1236/8256/3363 1242/8257/3435 1258/8258/3436
f 3049/8259/3437 3044/8260/3437 3047/8261/3437
f 676/8238/3431 632/8237/2372 678/8262/3438
f 679/8263/3439 676/8264/3431 678/8265/3438
f 657/8014/3175 680/8016/3355 687/8266/3440
f 38/7356/3063 45/7578/3174 74/8267/3330
f 430/7505/3146 445/7736/3238 429/8268/3217
f 1512/8269/3441 1503/7842/3284 1508/8141/3376
f 2504/8270/3130 2519/8271/3171 2520/8272/3442
f 57/7962/3332 13/6597/2761 58/8273/3443
f 681/8274/3444 676/8275/3431 679/8276/3439
f 316/8277/2916 317/8278/3196 426/8279/3220
f 2118/7966/3336 2267/8280/3139 2111/8142/3346
f 1236/8281/3363 1243/8282/3403 1242/8283/3435
f 1737/8284/3445 924/8285/3445 927/8286/3445
f 922/8007/3352 929/8287/3446 1026/8036/3338
f 1236/8034/3363 1258/8288/3436 1225/7548/3160
f 440/8289/3295 437/8253/3371 434/8070/3334
f 1739/7955/3328 924/8290/3447 1737/8121/3389
f 2281/8291/3374 2272/7708/3232 2283/8135/3397
f 1244/8292/3448 1245/8293/3426 1227/7907/3168
f 1940/8134/3396 1941/8294/3419 1936/7881/3147
f 2869/7855/3290 2870/8295/3449 2874/8296/3450
f 2116/8297/3382 2117/8298/3404 2118/8299/3336
f 2864/8300/3202 2881/8301/3203 2879/8302/3451
f 2864/7759/3202 2876/8303/3452 3045/8132/3394
f 2267/8280/3139 2118/7966/3336 2119/8304/3453
f 1508/8076/3376 1510/8167/3409 1513/8305/3454
f 923/8006/3351 928/8306/3455 922/8007/3352
f 1509/8099/3367 1518/8307/3456 1515/7963/3333
f 1227/7907/3168 1234/7906/3307 1244/8292/3448
f 51/7454/3126 668/7534/3157 686/8308/3457
f 320/8309/3458 426/8279/3220 317/8278/3196
f 2845/7015/2943 2873/8234/3429 2875/8310/3254
f 685/8311/3425 663/7672/3219 670/8152/3400
f 2122/8312/3459 2107/7774/3258 2108/7784/3264
f 59/8313/3460 314/8314/3373 60/8315/3234
f 315/8171/3302 31/8136/2945 318/8316/3260
f 669/8317/3391 657/8014/3175 687/8266/3440
f 675/7785/3162 637/6916/2904 71/8318/3461
f 1518/8307/3456 1509/8099/3367 1514/8319/3304
f 656/8028/2849 703/8320/3462 689/8026/3360
f 442/8321/3463 1224/8322/3340 1246/8323/3114
f 40/7405/3107 47/7726/3241 31/8248/2945
f 1508/8141/3376 1516/8324/3464 1512/8269/3441
f 2119/8325/3453 2259/6947/2917 2267/7493/3139
f 676/8326/3431 687/8327/3440 680/8328/3355
f 61/8329/3465 62/8330/3465 42/8331/3465
f 2114/8004/3349 1506/8332/3370 2115/8220/3424
f 1921/8333/3466 1944/8334/3466 1942/8335/3466
f 691/8336/3467 632/6180/2372 620/6179/2504
f 679/8337/3439 683/8338/3468 681/8339/3444
f 441/8340/3469 383/5407/2135 394/5940/2499
f 3045/8132/3394 2860/7307/3020 2868/7349/3060
f 2858/8341/3047 2279/7916/3312 2873/8342/3429
f 1501/8343/3280 1515/8344/3333 1517/8345/3470
f 2098/8346/2993 2115/8347/3424 2120/8348/3358
f 2575/7910/3310 2771/7231/3034 2586/8349/3348
f 1941/8350/3419 1729/7744/3163 1943/8351/3405
f 681/8274/3444 682/8352/3471 676/8275/3431
f 1943/8353/3405 1934/7780/3262 1941/8206/3419
f 1747/8354/3472 1732/7700/3229 1742/8017/3356
f 670/8355/3400 926/7609/3106 685/8221/3425
f 1224/8322/3340 442/8321/3463 1248/8356/3473
f 924/8005/3350 914/7751/3100 927/8357/3372
f 31/8248/2945 47/7726/3241 318/8114/3260
f 2281/8291/3374 2283/8135/3397 2285/8358/3474
f 2824/7821/2456 2866/8359/3339 2881/7642/3203
f 1946/8243/3433 1925/7560/3167 1948/8360/3475
f 1925/7560/3167 1939/7559/3166 1948/8360/3475
f 1175/6759/2105 1444/6758/2800 1247/8361/3401
f 446/8362/3476 442/8363/3463 1246/8364/3114
f 2573/8365/3247 2581/8366/3323 2577/8367/3381
f 1232/8225/3250 1248/8368/3473 1238/8226/3395
f 1506/8197/3370 1503/7864/3284 1512/8369/3441
f 3045/8370/3394 3043/8232/3313 2860/8371/3020
f 1241/7330/3085 1249/8372/3434 1514/7899/3304
f 1729/7744/3163 1941/8350/3419 1730/7608/3190
f 683/8373/3468 679/8263/3439 678/8265/3438
f 63/8374/3477 51/7454/3126 686/8308/3457
f 1246/8364/3114 437/8375/3371 446/8362/3476
f 383/5407/2135 441/8340/3469 443/8376/3266
f 56/8219/3423 45/7578/3174 27/6906/2896
f 3039/8377/3298 3040/8378/3335 3046/8379/3478
f 2115/8380/3424 1506/8197/3370 1512/8369/3441
f 923/8006/3351 929/8381/3446 928/8306/3455
f 1941/8294/3419 1940/8134/3396 1748/8382/3479
f 2120/8348/3358 2115/8347/3424 2121/8383/3480
f 1940/8151/3396 1933/7768/3256 1946/8243/3433
f 439/8250/3320 429/8252/3217 444/8384/3481
f 2578/8385/3482 2579/7636/3200 2567/6582/2449
f 2872/8201/3311 2869/7855/3290 2874/8296/3450
f 1744/8386/3430 1730/8387/3190 1745/8388/3483
f 2519/8271/3171 2518/8389/3301 2520/8272/3442
f 924/8390/3484 930/8391/3484 923/8392/3484
f 2273/7757/3251 2117/8157/3404 2124/8160/3406
f 1739/8393/3485 1731/8394/3485 1746/8395/3485
f 2515/8396/3486 1945/8397/3486 2507/8398/3486
f 3034/7566/3170 3036/7568/3099 3047/8399/3487
f 1515/8344/3333 1518/8400/3456 1517/8345/3470
f 928/8401/3488 929/8402/3488 922/8403/3488
f 2573/8365/3247 2579/8404/3200 2580/8405/3489
f 688/8406/3490 925/8038/3364 921/8037/3341
f 1250/8407/3491 1244/8292/3448 1234/7906/3307
f 62/8408/3492 36/7552/3042 42/7484/3135
f 13/8216/2761 70/8215/3422 58/8409/3443
f 1942/8410/3493 2515/8411/3493 1947/8412/3493
f 924/8290/3447 1739/7955/3328 1746/8413/3494
f 2873/8414/3495 2285/8415/3495 2875/8416/3495
f 1744/8235/3430 1747/8354/3472 1742/8017/3356
f 663/8417/3496 685/8418/3496 664/8419/3496
f 3044/8420/3497 3034/8421/3497 3047/8422/3497
f 2528/8423/3498 2518/8424/3498 2523/8425/3498
f 62/8426/3499 54/7996/3243 63/8427/3477
f 660/7667/3215 684/8428/3500 656/6800/2849
f 1518/8307/3456 1514/8319/3304 1249/8429/3434
f 3040/8378/3335 3048/8430/3274 3046/8379/3478
f 437/8127/3371 443/7793/3266 447/8431/3501
f 3049/8432/2663 3047/8433/3502 3057/8434/3503
f 2122/8312/3459 2120/8022/3358 2121/8435/3480
f 1504/7934/3319 1501/7830/3280 1517/8436/3470
f 429/8252/3217 445/8437/3238 444/8384/3481
f 394/6441/2499 433/7952/3326 441/8438/3469
f 2504/8439/3130 2520/8440/3442 2521/8441/3504
f 688/8406/3490 685/8442/3425 925/8038/3364
f 676/8326/3431 682/8443/3471 687/8327/3440
f 61/8110/3386 54/7996/3243 62/8426/3499
f 51/7454/3126 63/8374/3477 54/8444/3243
f 664/7833/3281 684/8445/3500 660/7831/3215
f 1730/7608/3190 1941/8350/3419 1745/8446/3483
f 697/8447/3505 656/8448/2849 684/8449/3500
f 1242/8257/3435 1259/8450/3506 1258/8258/3436
f 1946/8243/3433 1744/8451/3430 1748/8452/3479
f 1508/8076/3376 1513/8305/3454 1516/8453/3464
f 59/8313/3460 64/8454/3507 314/8314/3373
f 65/8455/3309 66/8456/3508 73/8457/3308
f 1942/8458/3509 1944/8459/3509 1945/8460/3509
f 447/8431/3501 446/8461/3476 437/8127/3371
f 2281/8074/3374 2873/8342/3429 2279/7916/3312
f 3039/7878/3298 3050/8462/3510 3022/6165/2484
f 673/8212/3413 71/8463/3461 637/8213/2904
f 2771/7231/3034 2772/7875/3169 2586/8349/3348
f 1253/8464/3306 1240/8239/3421 1194/6099/2560
f 2119/8465/3453 2118/8299/3336 2117/8298/3404
f 1517/8466/3470 1245/8467/3426 1504/8468/3319
f 1745/8469/3483 1941/8470/3419 1748/8471/3479
f 1245/8467/3426 1518/8472/3456 1249/8473/3434
f 685/8474/3511 688/8475/3511 664/8476/3511
f 1512/8269/3441 1516/8324/3464 2115/8477/3424
f 1942/8478/3512 1945/8479/3512 2515/8480/3512
f 1517/8466/3470 1518/8472/3456 1245/8467/3426
f 2578/8385/3482 2567/6582/2449 2575/8229/3310
f 2872/8481/3311 2874/8296/3450 2870/8295/3449
f 929/8381/3446 923/8006/3351 930/8482/3513
f 1026/7977/3338 688/8483/3490 921/7978/3341
f 668/8484/3514 675/8485/3514 686/8486/3514
f 443/8376/3266 441/8340/3469 447/8487/3501
f 930/8488/3515 924/8489/3515 1746/8490/3515
f 2115/8347/3424 1516/8491/3464 2121/8383/3480
f 2536/8492/3516 2514/8493/3393 2494/8494/2960
f 1946/8495/3433 2515/8496/3428 2536/8497/3516
f 3048/8430/3274 3052/8498/3517 3046/8379/3478
f 58/8273/3443 67/8499/3518 57/7962/3332
f 1251/8500/3519 1245/8293/3426 1244/8292/3448
f 319/8501/3520 317/7684/3196 314/8065/3373
f 1946/8243/3433 1748/8452/3479 1940/8151/3396
f 1948/8360/3475 1939/7559/3166 1947/8502/3521
f 1746/8503/3522 1731/7699/3228 930/8504/3513
f 2281/8505/3523 2285/8506/3523 2873/8507/3523
f 1248/8368/3473 442/8508/3463 1238/8226/3395
f 65/8455/3309 36/8509/3042 68/8510/3524
f 57/8244/3332 67/8511/3518 55/8000/3347
f 3050/8462/3510 3036/7900/3099 3022/6165/2484
f 2522/8512/3525 2523/8513/3526 2582/8514/3527
f 1243/8515/3528 1240/8516/3528 1254/8517/3528
f 1747/8354/3472 930/8504/3513 1732/7700/3229
f 2879/8302/3451 2876/8518/3452 2864/8300/3202
f 2116/8098/3382 2107/7774/3258 2122/8312/3459
f 2285/8519/3474 2872/8481/3311 2875/8520/3529
f 71/8318/3461 686/8521/3457 675/7785/3162
f 1252/8522/3530 1242/8283/3435 1243/8282/3403
f 2536/8523/3516 2512/8524/3353 2514/8525/3393
f 2280/7927/3316 2124/8526/3531 2277/7928/3317
f 3057/8527/3532 3047/8528/3532 3036/8529/3532
f 2521/8530/3533 2524/8531/3533 2504/8532/3533
f 1732/7700/3229 930/8504/3513 1731/7699/3228
f 78/8533/3534 69/8534/3535 70/8535/3422
f 2108/7784/3264 2120/8022/3358 2122/8312/3459
f 669/8129/3391 709/8536/3536 673/8179/3413
f 2877/8537/3537 2881/8538/3537 2880/8539/3537
f 62/8426/3499 63/8427/3477 686/8540/3457
f 687/8541/3538 709/8542/3538 669/8543/3538
f 2583/8544/3539 2580/8405/3489 2579/8404/3200
f 2870/8295/3449 2875/8520/3529 2872/8481/3311
f 1504/7934/3319 1513/8305/3454 1510/8167/3409
f 656/8028/2849 697/8545/3505 703/8320/3462
f 36/7552/3042 62/8408/3492 68/8546/3524
f 2580/8405/3489 2581/8366/3323 2573/8365/3247
f 2122/8547/3459 2121/8548/3480 1516/8549/3464
f 2518/8389/3301 2525/8550/3540 2520/8272/3442
f 2516/8551/3541 2527/6699/2806 2530/5492/2304
f 2526/8552/3542 2527/8553/3542 2536/8554/3542
f 2124/8526/3531 2285/8555/3474 2283/8150/3397
f 2117/8556/3404 2122/8312/3459 2124/8557/3406
f 2122/8312/3459 2117/8556/3404 2116/8098/3382
f 447/8431/3501 1238/8558/3395 442/8559/3463
f 447/8431/3501 442/8559/3463 446/8461/3476
f 2122/8547/3459 1524/8560/3543 2123/8561/3544
f 71/8562/3461 62/8426/3499 686/8540/3457
f 1754/8563/3545 930/8564/3513 1747/8565/3472
f 1745/8388/3483 1748/8566/3479 1744/8386/3430
f 2581/8567/3546 2522/8568/3546 2582/8569/3546
f 688/8483/3490 1026/7977/3338 684/8570/3500
f 1260/8228/3293 1250/8407/3491 1234/7906/3307
f 67/8571/3518 56/8219/3423 55/8218/3347
f 1242/8257/3435 1252/8572/3530 1259/8450/3506
f 1747/8565/3472 1744/8573/3430 1754/8563/3545
f 3043/8232/3313 3045/8370/3394 3051/8574/3547
f 3043/8232/3313 3051/8574/3547 3042/8230/3427
f 439/8575/3320 444/8576/3481 438/8577/3392
f 436/7970/3337 454/8578/3548 433/7952/3326
f 60/8315/3234 74/8579/3330 72/8580/3549
f 2583/8581/3539 2579/7636/3200 2578/8385/3482
f 2494/8494/2960 2526/8582/3550 2536/8492/3516
f 2881/7642/3203 2866/8359/3339 2878/8583/3551
f 56/8584/3423 76/8585/3552 45/8586/3174
f 2528/8587/3553 2523/8513/3526 2531/8588/3554
f 709/8589/3555 687/8590/3555 682/8591/3555
f 70/8535/3422 73/8592/3308 78/8533/3534
f 2520/8272/3442 2525/8550/3540 2529/8593/3556
f 74/8594/3330 76/8585/3552 79/8595/3557
f 1258/8288/3436 1257/8596/3558 1225/7548/3160
f 436/8078/3337 453/8597/3559 454/8598/3548
f 1253/8599/3306 1254/8600/3560 1240/8601/3421
f 1946/8495/3433 1947/8602/3521 2515/8496/3428
f 441/8340/3469 1238/8603/3395 447/8487/3501
f 64/8454/3507 319/8604/3520 314/8314/3373
f 2528/8605/3553 2525/8550/3540 2518/8389/3301
f 1254/8606/3560 1252/8607/3530 1243/8608/3403
f 1284/8609/3561 1254/8610/3560 1255/8611/3562
f 1251/8612/3563 1504/8613/3563 1245/8614/3563
f 1239/7690/3225 1256/8615/3039 1260/7866/3293
f 935/8616/3564 929/8617/3446 936/8618/3565
f 2520/8440/3442 2529/8619/3556 2533/8620/3566
f 3046/8621/3478 3052/8622/3517 3053/8623/3567
f 1254/8600/3560 1253/8599/3306 1255/8624/3562
f 2879/8625/3451 2881/8626/3203 2877/8627/3568
f 436/8078/3337 438/8148/3392 453/8597/3559
f 2283/8150/3397 2277/7928/3317 2124/8526/3531
f 742/7483/2329 691/8628/3467 620/5956/2504
f 684/8445/3500 664/7833/3281 688/8629/3490
f 1524/8630/3543 1516/8631/3464 1513/8632/3454
f 929/8617/3446 935/8616/3564 932/8633/3569
f 2533/8620/3566 2521/8441/3504 2520/8440/3442
f 2515/8634/3428 2512/8524/3353 2536/8523/3516
f 1946/8495/3433 1948/8635/3475 1947/8602/3521
f 667/8636/1350 689/8637/3360 703/8638/3462
f 932/8633/3569 1026/8639/3338 929/8617/3446
f 1754/8563/3545 936/8640/3565 930/8564/3513
f 936/8618/3565 929/8617/3446 930/8641/3513
f 426/8642/3220 344/8643/3570 432/8644/3210
f 3042/8645/3427 3052/8498/3517 3048/8430/3274
f 3054/8646/3571 3039/7878/3298 3046/8647/3478
f 701/8648/3572 709/8649/3572 682/8650/3572
f 2524/8651/3573 2530/7465/2304 2504/7464/3130
f 2878/8652/3574 2880/8653/3574 2881/8654/3574
f 697/8447/3505 684/8449/3500 1026/8655/3338
f 74/8594/3330 45/8586/3174 76/8585/3552
f 2530/8656/2304 2524/8657/3573 2516/8658/3541
f 681/8659/3575 701/8660/3575 682/8661/3575
f 2872/8662/3311 2285/8555/3474 2124/8526/3531
f 1026/8639/3338 938/8663/3576 950/8664/3577
f 1949/8665/3578 1744/8666/3430 1946/8667/3433
f 1504/8668/3319 1525/8669/3579 1527/8670/3580
f 1504/8671/3319 1251/8672/3519 1535/8673/3581
f 3045/8674/3394 2876/8675/3452 3051/8676/3547
f 1226/7732/3161 1225/8677/3160 1247/8144/3401
f 1524/8630/3543 1513/8632/3454 1549/8678/3582
f 62/8679/3583 71/8680/3583 673/8681/3583
f 1026/8639/3338 950/8664/3577 695/8682/3584
f 65/8455/3309 75/8683/3585 66/8456/3508
f 2536/8684/3516 1949/8665/3578 1946/8667/3433
f 1513/8632/3454 1504/8668/3319 1527/8670/3580
f 2883/8685/3586 2879/8625/3451 2877/8627/3568
f 690/8686/3587 681/8339/3444 683/8338/3468
f 1026/8639/3338 932/8633/3569 946/8687/3588
f 709/8536/3536 694/8688/3589 673/8179/3413
f 1504/8671/3319 1535/8673/3581 1519/8689/3590
f 667/8636/1350 703/8638/3462 742/8690/2329
f 1251/8500/3519 1244/8292/3448 1250/8407/3491
f 691/8691/3467 678/8262/3438 632/8237/2372
f 1267/8692/3591 1253/8599/3306 448/8693/3592
f 2124/8694/3406 2122/8547/3459 2123/8561/3544
f 79/8695/3557 72/8580/3549 74/8579/3330
f 2123/8696/3544 2125/8697/3593 2124/8698/3406
f 1257/8699/3558 1258/8700/3436 1259/8701/3506
f 936/8640/3565 1754/8563/3545 1749/8702/3594
f 67/8703/3518 58/8704/3443 69/8534/3535
f 1954/8705/3595 1754/8563/3545 1949/8706/3578
f 1750/8707/3596 1754/8563/3545 1954/8705/3595
f 931/8708/3597 1026/8639/3338 946/8687/3588
f 68/8546/3524 62/8408/3492 673/8709/3413
f 1251/8500/3519 1250/8407/3491 1260/8228/3293
f 1516/8549/3464 1524/8560/3543 2122/8547/3459
f 1533/8710/3598 1513/8632/3454 1527/8670/3580
f 1513/8632/3454 1533/8710/3598 1549/8678/3582
f 1238/8133/3395 448/8711/3592 1253/7904/3306
f 1754/8563/3545 1744/8573/3430 1949/8706/3578
f 1284/8712/3561 1273/8713/3599 1254/8714/3560
f 75/8683/3585 65/8455/3309 68/8510/3524
f 2531/8588/3554 2523/8513/3526 2522/8512/3525
f 2127/8715/3600 2128/8716/3601 2123/8717/3544
f 932/8718/3569 954/8719/3602 946/8720/3588
f 3054/8646/3571 3050/8462/3510 3039/7878/3298
f 932/8633/3569 935/8616/3564 933/8721/3603
f 79/8722/3604 85/8723/3604 90/8724/3604
f 2124/8725/3605 2286/8726/3605 2872/8727/3605
f 1504/8671/3319 1519/8689/3590 1525/8728/3579
f 76/8585/3552 56/8584/3423 67/8729/3518
f 433/7952/3326 454/8578/3548 441/8730/3469
f 695/8682/3584 950/8664/3577 1002/8731/3606
f 1754/8732/3607 1750/8733/3607 1755/8734/3607
f 3051/8676/3547 2876/8675/3452 2882/8735/3608
f 2528/8605/3553 2531/8736/3554 2525/8550/3540
f 938/8663/3576 1026/8639/3338 931/8708/3597
f 2128/8716/3601 2125/8737/3593 2123/8717/3544
f 709/8738/3536 701/8739/3609 692/8740/3610
f 1749/8702/3594 1753/8741/3611 936/8640/3565
f 441/8730/3469 454/8578/3548 455/8742/3612
f 69/8534/3535 58/8704/3443 70/8535/3422
f 2124/8698/3406 2125/8697/3593 2286/8743/3613
f 2133/8744/3614 2125/8697/3593 2128/8745/3601
f 2522/8746/3525 2581/8366/3323 2580/8405/3489
f 2877/8747/3568 2880/8748/3615 2878/8749/3551
f 709/8750/3536 693/8751/3616 694/8752/3589
f 448/8753/3592 1238/8603/3395 441/8340/3469
f 938/8663/3576 940/8754/3617 950/8664/3577
f 936/8755/3618 1753/8756/3618 934/8757/3618
f 59/8313/3460 60/8315/3234 72/8580/3549
f 2524/8758/3619 2521/8759/3619 2533/8760/3619
f 1535/8673/3581 1520/8761/3620 1519/8689/3590
f 1254/8606/3560 1281/8762/3621 1252/8607/3530
f 3042/8645/3427 3051/8763/3547 3052/8498/3517
f 1751/8764/3622 1750/8707/3596 1954/8705/3595
f 2580/8405/3489 2583/8544/3539 2584/8765/3623
f 935/8766/3564 936/8767/3565 985/8768/3624
f 940/8754/3617 937/8769/3625 950/8664/3577
f 2536/8684/3516 2538/8770/3626 1949/8665/3578
f 695/8771/3584 696/8772/3627 697/8773/3505
f 1535/8774/3581 1521/8775/3628 1271/8776/3629
f 697/8773/3505 1026/8777/3338 695/8771/3584
f 1281/8762/3621 1254/8606/3560 1273/8778/3599
f 444/8384/3481 445/8437/3238 432/8779/3210
f 2516/8780/3541 2536/8781/3516 2527/8782/2806
f 936/8767/3565 934/8783/3630 985/8768/3624
f 1535/8784/3581 1271/8785/3629 1522/8786/3631
f 2295/8787/3632 2287/8788/3633 2133/8744/3614
f 2295/8789/3632 2133/8790/3614 2296/8791/3634
f 931/8792/3597 946/8793/3588 948/8794/3635
f 69/8795/3535 76/8796/3552 67/8797/3518
f 1532/8798/3636 1533/8799/3636 1527/8800/3636
f 2877/8747/3568 2878/8749/3551 2883/8801/3586
f 931/8792/3597 948/8794/3635 944/8802/3637
f 2125/8697/3593 2133/8744/3614 2287/8788/3633
f 77/8803/3638 78/8804/3534 73/8805/3308
f 84/8806/3639 85/8807/3640 79/8808/3557
f 1519/8809/3641 1528/8810/3641 1525/8811/3641
f 695/8771/3584 699/8812/3642 696/8772/3627
f 2882/8813/3643 3056/8814/3643 3051/8815/3643
f 2123/8816/3544 2126/8817/3644 2127/8818/3600
f 1749/8819/3594 1752/8820/3645 1753/8821/3611
f 1253/8599/3306 1267/8692/3591 1255/8624/3562
f 1535/8822/3581 1251/8823/3519 1521/8824/3628
f 3046/8647/3478 3053/8825/3567 3054/8646/3571
f 3055/8826/3646 3054/8646/3571 3053/8825/3567
f 81/8827/3647 68/8828/3524 673/8179/3413
f 697/8829/3505 698/8830/3648 703/8831/3462
f 2525/8832/3649 2531/8833/3649 2529/8834/3649
f 1950/8835/3650 1951/8836/3651 1949/8665/3578
f 1523/8837/3652 1524/8838/3652 1537/8839/3652
f 344/8840/3570 426/8279/3220 320/8309/3458
f 81/8827/3647 673/8179/3413 694/8688/3589
f 940/8841/3653 938/8842/3653 939/8843/3653
f 2127/8844/3600 2134/8845/3654 2128/8846/3601
f 1521/8824/3628 1251/8823/3519 1260/8847/3293
f 1261/8848/3655 1247/8144/3401 1225/8677/3160
f 448/8849/3592 441/8730/3469 452/8850/3656
f 84/8806/3639 79/8808/3557 76/8851/3552
f 2125/8697/3593 2287/8788/3633 2286/8743/3613
f 68/8510/3524 80/8852/3657 75/8683/3585
f 1264/8853/3658 1271/8854/3658 1521/8855/3658
f 2123/8816/3544 2131/8856/3659 2126/8817/3644
f 1749/8819/3594 1754/8857/3545 1752/8820/3645
f 932/8718/3569 959/8858/3660 954/8719/3602
f 1525/8859/3661 1526/8860/3661 1527/8861/3661
f 699/8862/3642 707/8863/3662 696/8864/3627
f 1256/8865/3039 1521/8824/3628 1260/8847/3293
f 2288/8866/3663 2286/8743/3613 2287/8788/3633
f 1262/8867/3664 1256/8865/3039 1275/8868/3665
f 2288/8869/3666 2885/8870/3666 2286/8871/3666
f 2876/8518/3452 2879/8302/3451 2882/8872/3608
f 697/8773/3505 696/8772/3627 698/8873/3648
f 1256/8865/3039 1262/8867/3664 1521/8824/3628
f 3055/8874/3646 3051/8763/3547 3056/8875/3667
f 452/8850/3656 441/8730/3469 455/8742/3612
f 943/8876/3668 940/8877/3668 939/8878/3668
f 322/8879/3669 320/8880/3458 317/8881/3196
f 1950/8835/3650 1949/8665/3578 2538/8770/3626
f 449/8882/3670 444/8384/3481 432/8779/3210
f 700/8883/3671 701/8884/3609 681/8339/3444
f 2531/8588/3554 2522/8512/3525 2532/8885/3672
f 321/8886/3673 322/8887/3669 317/7684/3196
f 3051/8763/3547 3055/8874/3646 3052/8498/3517
f 938/8888/3576 931/8792/3597 944/8802/3637
f 2575/8229/3310 2585/8889/3674 2578/8385/3482
f 1950/8890/3675 2538/8891/3675 2543/8892/3675
f 2288/8893/3663 2287/8894/3633 2289/8895/3676
f 1528/8896/3677 1519/8897/3677 1531/8898/3677
f 698/8899/3648 696/8864/3627 702/8900/3678
f 1532/8901/3679 1527/8902/3679 1529/8903/3679
f 2128/8846/3601 2134/8845/3654 2129/8904/3680
f 1753/8905/3681 1752/8906/3681 934/8907/3681
f 2539/8908/3682 2538/8909/3626 2535/8910/3683
f 1527/8911/3684 1530/8912/3685 1529/8913/3686
f 2879/8914/3451 2883/8915/3586 2882/8916/3608
f 321/8886/3673 317/7684/3196 319/8501/3520
f 3057/8917/3503 3036/7900/3099 3049/8918/2663
f 2575/8229/3310 2586/8919/3348 2585/8889/3674
f 2538/8909/3626 2536/8920/3516 2535/8910/3683
f 934/8783/3630 941/8921/3687 985/8768/3624
f 1758/8922/3688 1750/8707/3596 1751/8764/3622
f 452/8850/3656 1267/8923/3591 448/8849/3592
f 3053/8623/3567 3052/8622/3517 3055/8924/3646
f 2123/8816/3544 1524/8925/3543 2131/8856/3659
f 691/8628/3467 742/7483/2329 703/8926/3462
f 68/8510/3524 81/8927/3647 80/8852/3657
f 694/8752/3589 693/8751/3616 92/8928/3689
f 2287/8894/3633 2290/8929/3690 2289/8895/3676
f 959/8858/3660 932/8718/3569 933/8930/3603
f 1525/8931/3691 1528/8932/3692 1526/8933/3693
f 1522/8934/3631 1271/8935/3629 1564/8936/3694
f 2535/8910/3683 2534/8937/3695 2539/8908/3682
f 1949/8938/3696 1958/8939/3696 1954/8940/3696
f 939/8941/3697 938/8942/3697 944/8943/3697
f 942/8944/3698 943/8945/3699 944/8946/3700
f 76/8796/3552 69/8795/3535 82/8947/3701
f 1951/8948/3651 1950/8949/3650 1964/8950/3702
f 2128/8846/3601 2129/8904/3680 2130/8951/3703
f 2522/8746/3525 2580/8405/3489 2584/8765/3623
f 702/8952/3678 706/8953/3704 698/8954/3648
f 69/8795/3535 78/8955/3534 89/8956/3705
f 77/8803/3638 73/8805/3308 66/8957/3508
f 64/8454/3507 59/8313/3460 83/8958/3706
f 3041/8210/2634 3049/6344/2663 2619/8959/3707
f 1752/8820/3645 1754/8857/3545 1755/8960/3708
f 438/8577/3392 444/8576/3481 450/8961/3709
f 69/8795/3535 89/8956/3705 82/8947/3701
f 944/8946/3700 943/8945/3699 939/8962/3710
f 82/8947/3701 84/8963/3639 76/8796/3552
f 1767/8964/3711 1752/8820/3645 1755/8960/3708
f 2533/8965/3712 2529/8966/3712 2531/8967/3712
f 84/8968/3639 90/8969/3713 85/8970/3640
f 2888/8971/3714 2872/8972/3311 2286/8973/3715
f 321/8974/3673 319/8604/3520 86/8975/3716
f 1256/7243/3039 1175/4936/2105 1265/8976/3717
f 2878/8583/3551 2866/8359/3339 2884/8977/3718
f 2885/8978/3719 2288/8979/3663 2886/8980/3720
f 1524/8981/3721 1523/8982/3721 2131/8983/3721
f 2883/8915/3586 2878/8984/3551 2887/8985/3722
f 1532/8986/3723 1529/8913/3686 1550/8987/3724
f 1543/8988/3725 1549/8678/3582 1533/8710/3598
f 1531/8989/3726 1557/8990/3726 1528/8991/3727
f 2586/8001/3348 2587/8992/3728 2585/8993/3674
f 1519/8994/3729 1544/8995/3729 1531/8996/3729
f 1527/8911/3684 1526/8933/3693 1553/8997/3730
f 1752/8998/3645 1767/8999/3711 934/9000/3630
f 1521/9001/3628 1262/9002/3664 1263/9003/3731
f 1264/9004/3732 1521/9001/3628 1263/9003/3731
f 2534/9005/3695 2535/9006/3683 2542/9007/3733
f 702/8900/3678 696/8864/3627 707/8863/3662
f 2882/8916/3608 3058/9008/3734 3056/9009/3735
f 945/9010/3736 935/9011/3736 985/9012/3736
f 2535/9006/3683 2536/9013/3516 2546/9014/3737
f 1949/9015/3578 1951/9016/3651 1952/9017/3738
f 1523/9018/3739 1537/9019/3740 2131/9020/3659
f 1175/6759/2105 1247/8361/3401 1265/9021/3717
f 1520/8761/3620 1544/9022/3741 1519/8689/3590
f 75/9023/3585 80/9024/3657 87/9025/3742
f 1532/9026/3723 1547/9027/3743 1533/9028/3598
f 1262/9002/3664 1275/9029/3665 1263/9003/3731
f 2883/8915/3586 3058/9008/3734 2882/8916/3608
f 1535/8784/3581 1522/8786/3631 1540/9030/3744
f 1259/9031/3745 1252/9032/3745 1281/9033/3745
f 90/8969/3713 84/8968/3639 88/9034/3746
f 1950/9035/3650 1953/9036/3747 1964/9037/3702
f 2295/9038/3632 2290/8929/3690 2287/8894/3633
f 694/8752/3589 92/8928/3689 81/9039/3647
f 1247/8144/3401 1261/8848/3655 1274/9040/3748
f 954/9041/3749 947/9042/3749 946/9043/3749
f 1756/9044/3750 1755/9045/3708 1750/9046/3596
f 1534/9047/3751 1524/8630/3543 1549/8678/3582
f 1257/8699/3558 1259/8701/3506 1266/9048/3752
f 1536/9049/3753 1524/8630/3543 1534/9047/3751
f 1255/9050/3754 1267/9051/3754 1268/9052/3754
f 438/8148/3392 451/9053/3755 453/8597/3559
f 935/8616/3564 945/9054/3756 933/8721/3603
f 2133/8790/3614 2142/9055/3757 2291/9056/3758
f 2866/7972/3339 2872/7983/3311 2888/9057/3714
f 2286/8973/3715 2885/9058/3719 2886/9059/3720
f 2133/8790/3614 2291/9056/3758 2296/8791/3634
f 1531/8989/3726 1544/9060/3759 1557/8990/3726
f 1755/8960/3708 1756/9061/3750 1767/8964/3711
f 1532/8986/3723 1550/8987/3724 1539/9062/3760
f 944/9063/3761 948/9064/3761 947/9065/3761
f 2532/9066/3762 2537/9067/3762 2531/9068/3762
f 1751/9069/3622 1954/9070/3595 1958/9071/3763
f 1958/9072/3763 1949/9015/3578 1952/9017/3738
f 1529/8913/3686 1553/8997/3730 1550/8987/3724
f 1530/8912/3685 1527/8911/3684 1553/8997/3730
f 1545/9073/3764 1520/9074/3620 1535/9075/3581
f 946/9076/3765 947/9077/3765 948/9078/3765
f 953/9079/3766 954/9080/3602 949/9081/3767
f 937/9082/3625 940/9083/3617 943/8945/3699
f 943/8945/3699 942/8944/3698 958/9084/3768
f 72/8580/3549 79/8695/3557 88/9085/3746
f 322/8887/3669 321/8886/3673 331/9086/3769
f 1549/8678/3582 1543/8988/3725 966/9087/3770
f 962/9088/3771 933/8721/3603 945/9054/3756
f 2129/8904/3680 2134/8845/3654 2132/9089/3772
f 2543/9090/3773 2538/9091/3773 2539/9092/3773
f 1950/9093/3774 2543/9094/3774 1953/9095/3774
f 2142/9096/3775 2133/9097/3775 2128/9098/3775
f 1536/9099/3753 996/9100/3776 1537/9101/3777
f 1536/9099/3753 1537/9101/3777 1524/9102/3543
f 1225/7548/3160 1257/8596/3558 1266/9103/3752
f 78/9104/3534 95/9105/3778 89/9106/3705
f 94/9107/3779 84/9108/3639 82/9109/3701
f 949/9081/3767 954/9080/3602 959/9110/3660
f 451/9111/3755 438/9112/3392 450/8961/3709
f 1757/9113/3780 1751/9114/3622 1766/9115/3781
f 943/8945/3699 958/9084/3768 937/9082/3625
f 2541/9116/3782 2539/9117/3682 2534/9118/3695
f 1268/9119/3783 1284/8609/3561 1255/8611/3562
f 681/8339/3444 690/8686/3587 700/8883/3671
f 2134/9120/3654 2127/8818/3600 2135/9121/3784
f 3058/9008/3734 2883/8915/3586 2887/8985/3722
f 2532/9122/3672 2522/9123/3525 2537/9124/3785
f 2540/9125/3786 2533/9126/3787 2531/9127/3788
f 1538/9128/3789 1539/9129/3789 1550/9130/3789
f 699/9131/3642 695/9132/3584 975/9133/3790
f 1273/8778/3599 1272/9134/3791 1281/8762/3621
f 968/9135/3792 950/9136/3577 937/9137/3625
f 1264/9138/3732 1263/9139/3731 1269/9140/3793
f 83/8958/3706 319/8604/3520 64/8454/3507
f 1756/9044/3750 1750/9046/3596 1758/9141/3688
f 1759/9142/3794 1751/9114/3622 1757/9113/3780
f 3058/9143/3795 3055/9144/3795 3056/9145/3795
f 1270/9146/3796 1271/9147/3797 1264/9148/3732
f 962/9149/3771 945/9150/3756 985/9151/3798
f 1758/8922/3688 1751/8764/3622 1759/9152/3794
f 692/8740/3610 701/8739/3609 705/9153/3799
f 2288/8893/3663 2292/9154/3800 2293/9155/3801
f 93/9156/3802 77/9157/3638 66/9158/3508
f 1545/9073/3764 1535/9075/3581 1540/9159/3744
f 996/9160/3803 1541/9161/3803 1537/9162/3803
f 1271/9163/3804 1542/9164/3804 1564/9165/3804
f 2540/9125/3786 2531/9127/3788 2537/9166/3785
f 2537/9124/3785 2522/9123/3525 2584/9167/3623
f 2128/8846/3601 2130/8951/3703 2142/9168/3757
f 79/8695/3557 90/9169/3713 88/9085/3746
f 683/8338/3468 704/9170/3805 690/8686/3587
f 109/9171/3806 77/9172/3806 91/9173/3806
f 1951/8948/3651 1964/8950/3702 1955/9174/3807
f 699/9175/3642 713/9176/3808 707/9177/3662
f 959/9178/3660 951/9179/3809 956/9180/3810
f 81/9181/3647 87/9025/3742 80/9024/3657
f 958/9182/3768 942/9183/3698 944/9184/3700
f 1530/8912/3685 1553/8997/3730 1529/8913/3686
f 81/9181/3647 92/9185/3689 87/9025/3742
f 952/9186/3811 954/9187/3811 953/9188/3811
f 955/9189/3812 934/9000/3630 1767/8999/3711
f 2126/8817/3644 2135/9121/3784 2127/8818/3600
f 2545/9190/3813 2516/8658/3541 2524/8657/3573
f 692/9191/3610 705/9192/3799 720/9193/3814
f 1533/9028/3598 1547/9027/3743 1543/9194/3725
f 1763/9195/3815 1761/9196/3816 1757/9113/3780
f 89/9106/3705 95/9105/3778 82/9197/3701
f 2886/9059/3720 2888/8971/3714 2286/8973/3715
f 2878/8583/3551 2884/8977/3718 2887/9198/3722
f 1541/9199/3817 2131/9020/3659 1537/9019/3740
f 933/8930/3603 951/9200/3809 959/8858/3660
f 2886/8980/3720 2288/8979/3663 2293/9201/3801
f 1956/9202/3818 1766/9115/3781 1751/9114/3622
f 952/9203/3819 965/9204/3819 954/9205/3819
f 1538/9206/3820 1550/9207/3820 1552/9208/3820
f 2587/9209/3728 2578/8385/3482 2585/8889/3674
f 2533/9210/3787 2540/9211/3786 2590/9212/3821
f 1544/9213/3822 1545/9214/3822 1557/9215/3822
f 87/9025/3742 66/9216/3508 75/9023/3585
f 323/9217/3823 344/8840/3570 320/8309/3458
f 1956/9218/3818 1751/9219/3622 1952/9220/3738
f 2134/9120/3654 2135/9121/3784 2136/9221/3824
f 87/9025/3742 93/9222/3802 66/9216/3508
f 2893/9223/3825 3058/9224/3734 2887/9225/3722
f 691/8628/3467 703/8926/3462 708/9226/3826
f 955/9227/3812 960/9228/3827 934/9229/3630
f 2590/9230/3828 2553/9231/3828 2533/9232/3828
f 82/9197/3701 95/9105/3778 94/9233/3779
f 2134/8845/3654 2136/9234/3824 2132/9089/3772
f 1526/8933/3693 1528/8932/3692 1553/8997/3730
f 2288/8893/3663 2289/8895/3676 2292/9154/3800
f 933/8930/3603 962/9235/3771 951/9200/3809
f 1546/9236/3829 1539/9237/3829 1538/9238/3829
f 949/9239/3767 956/9240/3810 957/9241/3830
f 968/9135/3792 937/9137/3625 958/9242/3768
f 703/8831/3462 698/8830/3648 706/9243/3704
f 1280/9244/3831 1272/9245/3791 1273/9246/3599
f 2893/9223/3825 2889/9247/3832 3058/9224/3734
f 1766/9115/3781 1763/9195/3815 1757/9113/3780
f 966/9087/3770 1543/8988/3725 1556/9248/3833
f 949/9239/3767 959/9249/3660 956/9240/3810
f 699/9175/3642 975/9250/3790 713/9176/3808
f 952/9251/3834 972/9252/3835 965/9253/3836
f 1953/9254/3747 2543/9255/3837 2541/9256/3782
f 707/9257/3838 711/9258/3838 702/9259/3838
f 1763/9260/3839 1760/9261/3839 1761/9262/3839
f 1538/9263/3840 1552/9264/3840 1546/9265/3840
f 2541/9266/3841 2534/9267/3841 2542/9268/3841
f 2539/9117/3682 2541/9116/3782 2543/9269/3837
f 1532/8986/3723 1539/9062/3760 1547/9270/3743
f 1548/9271/3842 1560/9272/3843 1528/9273/3844
f 966/9274/3770 1534/9275/3751 1549/9276/3582
f 947/9277/3845 954/9278/3846 965/9279/3836
f 2884/9280/3718 2866/7972/3339 2888/9057/3714
f 1550/9281/3847 1551/9282/3848 1552/9283/3849
f 968/9284/3792 1002/8731/3606 950/8664/3577
f 2137/9285/3850 2126/8817/3644 2131/8856/3659
f 949/9286/3767 961/9287/3851 953/9288/3766
f 3058/9289/3734 3071/9290/3852 3055/9291/3646
f 960/9292/3827 941/9293/3687 934/9294/3630
f 944/9184/3700 968/9295/3792 958/9182/3768
f 1553/9296/3853 1560/9297/3853 1550/9298/3853
f 1544/9299/3741 1520/9074/3620 1545/9073/3764
f 98/9300/3854 77/8803/3638 109/9301/3855
f 2890/9302/3856 2886/8980/3720 2293/9201/3801
f 2540/9211/3786 2591/9303/3857 2590/9212/3821
f 1550/9281/3847 1560/9304/3843 1551/9282/3848
f 95/9305/3778 78/8804/3534 98/9300/3854
f 2294/9306/3858 2295/9307/3632 2296/9308/3634
f 2130/8951/3703 2129/8904/3680 2142/9168/3757
f 957/9309/3859 961/9310/3859 949/9311/3859
f 720/9312/3814 115/9313/3860 692/9314/3610
f 1267/9315/3591 452/9316/3656 1268/9317/3861
f 962/9318/3771 963/9319/3862 951/9179/3809
f 1957/9320/3863 1952/9017/3738 1951/9016/3651
f 1751/9219/3622 1958/9321/3763 1952/9220/3738
f 1548/9271/3842 1528/9273/3844 1558/9322/3864
f 77/8803/3638 98/9300/3854 78/8804/3534
f 1554/9323/3865 1551/9324/3848 1560/9272/3843
f 2537/9325/3785 2584/9326/3623 2544/9327/3866
f 1757/9113/3780 1761/9196/3816 1759/9142/3794
f 94/9107/3779 88/9328/3746 84/9108/3639
f 1555/9329/3867 1560/9272/3843 1548/9271/3842
f 2293/9155/3801 2292/9154/3800 2890/9330/3856
f 1266/9048/3752 1259/8701/3506 1299/9331/3868
f 683/8373/3468 678/8265/3438 704/9332/3805
f 1543/9333/3725 1547/9334/3743 1556/9335/3833
f 94/9336/3869 95/9337/3869 96/9338/3869
f 1557/9339/3870 1558/9340/3870 1528/9341/3870
f 1759/9142/3794 1761/9196/3816 1762/9342/3871
f 972/9343/3835 964/9344/3872 971/9345/3873
f 3054/8646/3571 3062/9346/3874 3059/9347/3875
f 691/8691/3467 708/9348/3826 678/8262/3438
f 1955/9349/3807 1957/9320/3863 1951/9016/3651
f 3036/7900/3099 3050/8462/3510 3049/8918/2663
f 2296/9350/3634 2298/9351/3876 2294/9352/3858
f 1564/8936/3694 1559/9353/3877 1522/8934/3631
f 1256/7243/3039 1265/8976/3717 1275/9354/3665
f 701/8739/3609 700/9355/3671 705/9153/3799
f 86/8975/3716 319/8604/3520 83/8958/3706
f 1761/9196/3816 1764/9356/3878 1762/9342/3871
f 2537/9166/3785 2544/9357/3866 2540/9125/3786
f 1553/9358/3879 1528/9359/3879 1560/9360/3879
f 2137/9361/3850 2135/9121/3784 2126/9362/3644
f 972/9343/3835 971/9345/3873 965/9363/3836
f 1273/8713/3599 461/9364/3880 1280/9365/3831
f 1561/9366/3881 1547/9270/3743 1539/9062/3760
f 2889/9247/3832 2893/9223/3825 2891/9367/3882
f 705/9192/3799 721/9368/3883 720/9193/3814
f 2296/8791/3634 2291/9056/3758 2297/9369/3884
f 2578/8385/3482 2588/9370/3885 2583/8581/3539
f 2132/9089/3772 2142/9168/3757 2129/8904/3680
f 1759/9142/3794 1762/9342/3871 1770/9371/3886
f 693/9372/3616 709/9373/3536 692/9314/3610
f 2524/9374/3887 2533/9375/3887 2545/9376/3887
f 961/9377/3851 972/9252/3835 952/9251/3834
f 1545/9378/3764 1558/9379/3864 1557/9380/3888
f 710/9381/3889 704/9332/3805 678/8265/3438
f 953/9288/3766 961/9287/3851 952/9382/3834
f 1959/9383/3890 1766/9384/3781 1956/9218/3818
f 2290/8929/3690 2301/9385/3891 2289/8895/3676
f 1270/9386/3796 1264/9138/3732 1269/9140/3793
f 966/9387/3770 1556/9388/3833 967/9389/3892
f 944/9390/3700 992/9391/3893 968/9392/3792
f 971/9393/3873 947/9277/3845 965/9279/3836
f 971/9394/3873 969/9395/3894 970/9396/3895
f 978/9397/3896 962/9398/3896 985/9399/3896
f 1542/9400/3897 1271/9147/3797 1270/9146/3796
f 2546/9401/3737 2536/8781/3516 2545/9402/3813
f 1265/9021/3717 1247/8361/3401 1274/9403/3748
f 702/8952/3678 711/9404/3898 706/8953/3704
f 2891/9405/3882 3060/9406/3899 2889/9407/3832
f 1273/8713/3599 463/9408/3900 461/9364/3880
f 2296/8791/3634 2297/9369/3884 2298/9409/3876
f 2887/9410/3722 2892/9411/3901 2894/9412/3902
f 2295/9307/3632 2294/9306/3858 2290/8929/3690
f 693/9413/3903 712/9414/3903 92/9415/3903
f 1539/9062/3760 1546/9416/3904 1561/9366/3881
f 944/9417/3905 947/9418/3905 971/9419/3905
f 1761/9196/3816 2136/9420/3824 1764/9356/3878
f 1561/9421/3881 1556/9335/3833 1547/9334/3743
f 1272/9245/3791 1280/9244/3831 1279/9422/3906
f 2583/8581/3539 2588/9370/3885 2584/9423/3623
f 98/9300/3854 104/9424/3907 95/9305/3778
f 951/9179/3809 963/9319/3862 956/9180/3810
f 1554/9323/3865 1560/9272/3843 1562/9425/3908
f 961/9426/3909 964/9427/3909 972/9428/3909
f 1551/9324/3848 1554/9323/3865 1552/9429/3849
f 2298/9430/3876 1959/9431/3910 2300/9432/3911
f 134/9433/3912 59/8313/3460 72/8580/3549
f 328/9434/3913 451/9111/3755 450/8961/3709
f 717/9435/3914 713/9436/3914 975/9437/3914
f 1760/9438/3915 1763/9439/3815 2303/9440/3916
f 1293/9441/3917 1281/8762/3621 1272/9134/3791
f 1554/9442/3918 1562/9443/3918 1565/9444/3918
f 1272/9245/3791 1279/9422/3906 1293/9445/3917
f 2142/9055/3757 2297/9369/3884 2291/9056/3758
f 1959/9431/3910 1963/9446/3919 2300/9432/3911
f 1763/9439/3815 2304/9447/3920 2303/9440/3916
f 678/8265/3438 714/9448/3921 710/9381/3889
f 2132/9089/3772 2138/9449/3922 2142/9168/3757
f 3059/9347/3875 3050/8462/3510 3054/8646/3571
f 1263/9139/3731 1275/9450/3665 1283/9451/3923
f 957/9241/3830 956/9240/3810 963/9452/3862
f 944/9390/3700 973/9453/3924 992/9391/3893
f 1540/9454/3744 1522/9455/3631 1558/9379/3864
f 1762/9456/3871 1764/9457/3878 1765/9458/3925
f 1552/9459/3926 1554/9460/3926 1565/9461/3926
f 2290/8929/3690 2299/9462/3927 2301/9385/3891
f 2546/9014/3737 2548/9463/3928 2542/9007/3733
f 94/9107/3779 103/9464/3929 88/9328/3746
f 969/9465/3894 971/9466/3873 964/9467/3872
f 432/8644/3210 344/8643/3570 449/9468/3670
f 1558/9379/3864 1545/9378/3764 1540/9454/3744
f 1960/9469/3930 1956/9218/3818 1952/9220/3738
f 1766/9470/3931 1959/9471/3931 2304/9472/3931
f 449/9473/3670 370/9474/3932 444/9475/3481
f 453/9476/3559 1292/9477/3933 454/9478/3548
f 1961/9479/3934 1955/9480/3807 1964/9481/3702
f 970/9396/3895 969/9395/3894 974/9482/3935
f 1259/8701/3506 1281/9483/3621 1299/9331/3868
f 2301/9385/3891 2292/9154/3800 2289/8895/3676
f 996/9100/3776 1536/9099/3753 982/9484/3936
f 717/9485/3937 975/9486/3790 976/9487/3938
f 1564/9488/3939 1542/9489/3939 1276/9490/3939
f 2299/9462/3927 2290/8929/3690 2294/9306/3858
f 2516/8780/3541 2545/9402/3813 2536/8781/3516
f 2306/9491/3940 2298/9351/3876 2300/9492/3911
f 1563/9493/3941 1534/9275/3751 966/9274/3770
f 983/9494/3942 1536/9049/3753 1534/9047/3751
f 1769/9495/3943 955/9189/3812 1767/8999/3711
f 970/9396/3895 977/9496/3944 971/9394/3873
f 96/9497/3945 95/9305/3778 104/9424/3907
f 1569/9498/3946 1562/9425/3908 1560/9272/3843
f 332/9499/3947 331/9500/3769 321/9501/3673
f 2304/9447/3920 1763/9439/3815 1766/9502/3781
f 337/9503/3948 322/8887/3669 338/9504/3949
f 1000/9505/3950 963/9319/3862 962/9318/3771
f 1534/9047/3751 1563/9506/3941 983/9494/3942
f 975/9133/3790 695/9132/3584 1002/9507/3606
f 2300/9492/3911 1963/9508/3919 2306/9491/3940
f 707/9509/3662 713/9510/3808 711/9404/3898
f 1542/9511/3951 1282/9512/3951 1276/9513/3951
f 88/9085/3746 134/9514/3912 72/8580/3549
f 1756/9515/3750 1768/9516/3952 1767/9517/3711
f 1277/9518/3953 1263/9139/3731 1283/9451/3923
f 978/9519/3954 1000/9505/3950 962/9318/3771
f 1552/9520/3955 1565/9521/3956 1546/9416/3904
f 329/9522/3957 453/9523/3957 330/9524/3957
f 1273/8713/3599 1284/8712/3561 1278/9525/3958
f 969/9465/3894 961/9526/3959 957/9527/3830
f 1961/9479/3934 1964/9481/3702 2305/9528/3960
f 989/9529/3961 966/9387/3770 967/9389/3892
f 2136/9530/3962 1761/9531/3962 2139/9532/3962
f 98/9300/3854 109/9301/3855 97/9533/3963
f 1270/9146/3796 1282/9534/3964 1542/9400/3897
f 2542/9007/3733 2535/9006/3683 2546/9014/3737
f 2892/9535/3965 2887/9536/3965 3073/9537/3965
f 325/9538/3966 323/9539/3823 320/8880/3458
f 703/8831/3462 706/9243/3704 715/9540/3967
f 2887/9541/3722 3065/9542/3968 2893/9543/3825
f 985/8768/3624 941/8921/3687 979/9544/3969
f 1962/9545/3970 1959/9383/3890 1956/9218/3818
f 322/8887/3669 331/9086/3769 338/9504/3949
f 706/8953/3704 711/9404/3898 715/9546/3967
f 944/9390/3700 971/9394/3873 973/9453/3924
f 2132/9089/3772 2136/9234/3824 2138/9449/3922
f 1759/9142/3794 1768/9547/3952 1758/9141/3688
f 964/9467/3872 961/9526/3959 969/9465/3894
f 2595/9548/3971 2553/9549/3972 2590/9550/3821
f 1559/9551/3973 1564/9552/3973 1276/9553/3973
f 982/9554/3936 955/9555/3812 1773/9556/3974
f 341/9557/3975 322/9558/3669 324/9559/3976
f 3062/9346/3874 3054/8646/3571 3055/8826/3646
f 1565/9560/3977 1562/9561/3977 1567/9562/3977
f 976/9563/3938 975/9564/3790 1002/9565/3606
f 960/9228/3827 955/9227/3812 982/9566/3936
f 2305/9528/3960 1963/9567/3919 1961/9479/3934
f 337/9503/3948 324/9568/3976 322/8887/3669
f 2306/9491/3940 2294/9352/3858 2298/9351/3876
f 1566/9569/3978 1548/9271/3842 1571/9570/3979
f 690/8686/3587 704/9170/3805 710/9571/3889
f 461/9572/3880 1279/9573/3906 1280/9574/3831
f 1565/9521/3956 1567/9575/3980 1546/9416/3904
f 1562/9425/3908 981/9576/3981 1567/9577/3982
f 985/9578/3624 979/9579/3969 980/9580/3983
f 2889/9581/3832 3061/9582/3984 3058/9583/3734
f 2131/9584/3659 1541/9585/3817 2137/9361/3850
f 957/9586/3830 963/9587/3862 969/9588/3894
f 1761/9589/3985 1760/9590/3915 2139/9591/3986
f 1764/9356/3878 2136/9420/3824 1765/9592/3925
f 2533/9593/3987 2553/9594/3972 2547/9595/3988
f 1296/9596/3989 1281/8762/3621 1293/9441/3917
f 1299/9597/3868 1281/9598/3621 1296/9599/3989
f 456/9600/3990 452/9316/3656 455/9601/3612
f 1263/9139/3731 1277/9518/3953 1269/9140/3793
f 3073/9602/3991 2887/9198/3722 2900/9603/3992
f 705/9153/3799 700/9355/3671 721/9604/3883
f 1268/9119/3783 1292/9605/3993 1284/8609/3561
f 2597/9606/3994 2595/9548/3971 2590/9550/3821
f 981/9607/3981 1569/9608/3946 994/9609/3995
f 1953/9036/3747 1965/9610/3996 1964/9037/3702
f 2137/9361/3850 1541/9585/3817 2135/9121/3784
f 1569/9498/3946 1560/9272/3843 993/9611/3997
f 1562/9425/3908 1569/9498/3946 981/9576/3981
f 1957/9612/3863 1955/9480/3807 1961/9479/3934
f 1769/9613/3943 1772/9614/3998 955/9615/3812
f 963/9587/3862 1000/9616/3950 969/9588/3894
f 1560/9272/3843 1555/9329/3867 993/9611/3997
f 2292/9154/3800 2301/9617/3891 2302/9618/3999
f 1966/9619/4000 1953/9254/3747 2541/9256/3782
f 712/9620/4001 693/9372/3616 692/9314/3610
f 982/9621/3936 1536/9622/3753 983/9623/3942
f 2894/9624/3902 3065/9542/3968 2887/9541/3722
f 88/9085/3746 103/9625/3929 134/9514/3912
f 1561/9366/3881 1546/9416/3904 1567/9575/3980
f 2584/9326/3623 2588/9626/3885 2544/9327/3866
f 325/9627/3966 322/9558/3669 341/9557/3975
f 326/9628/4002 324/9629/3976 337/9630/3948
f 1563/9631/3941 966/9632/3770 989/9633/3961
f 98/9634/4003 102/9635/4003 104/9636/4003
f 2138/9449/3922 2303/9637/3916 2142/9168/3757
f 1555/9329/3867 1548/9271/3842 1566/9569/3978
f 1963/9638/4004 1959/9639/4004 1962/9640/4004
f 974/9482/3935 1003/9641/4005 970/9396/3895
f 1767/9642/4006 1770/9643/4006 1769/9644/4006
f 1299/9331/3868 1287/9645/4007 1266/9048/3752
f 2541/9646/4008 2542/9647/4008 2548/9648/4008
f 1963/9649/3919 1962/9545/3970 1961/9479/3934
f 99/9650/4009 332/9499/3947 321/9501/3673
f 325/9538/3966 320/8880/3458 322/8879/3669
f 990/9651/4010 1567/9652/3982 984/9653/4011
f 2589/9654/4012 2588/9370/3885 2578/8385/3482
f 2900/9603/3992 2887/9198/3722 2884/8977/3718
f 1269/9140/3793 1277/9518/3953 1270/9386/3796
f 2136/9221/3824 2135/9121/3784 1765/9655/3925
f 973/9453/3924 971/9394/3873 977/9496/3944
f 2303/9656/3916 2297/9369/3884 2142/9055/3757
f 1957/9612/3863 1961/9479/3934 1960/9469/3930
f 3058/9657/3734 3061/9658/3984 3071/9659/3852
f 1760/9590/3915 2303/9660/3916 2139/9591/3986
f 985/9661/3624 986/9662/4013 978/9663/3954
f 2297/9369/3884 2303/9656/3916 2304/9664/3920
f 678/8262/3438 708/9348/3826 716/9665/4014
f 985/9666/3624 980/9667/3983 986/9668/4013
f 1959/9431/3910 2298/9430/3876 2304/9664/3920
f 1573/9669/4015 1014/9670/4016 997/9671/4017
f 321/8974/3673 86/8975/3716 99/9672/4009
f 1770/9673/3886 1772/9614/3998 1769/9613/3943
f 967/9389/3892 1556/9388/3833 995/9674/4018
f 2136/9234/3824 2139/9675/3986 2138/9449/3922
f 970/9396/3895 1003/9641/4005 1004/9676/4019
f 1573/9677/4015 1559/9678/3877 1288/9679/4020
f 980/9667/3983 1001/9680/4021 1007/9681/4022
f 1270/9386/3796 1277/9518/3953 1282/9682/3964
f 1773/9683/4023 955/9684/4023 1772/9685/4023
f 2297/9369/3884 2304/9664/3920 2298/9430/3876
f 1774/9686/4024 1762/9456/3871 1765/9458/3925
f 717/9687/3937 718/9688/4025 713/9510/3808
f 2597/9689/3994 2590/9690/3821 2591/9691/3857
f 1767/9517/3711 1768/9516/3952 1770/9692/3886
f 967/9389/3892 995/9674/4018 989/9529/3961
f 1762/9342/3871 1771/9693/4026 1770/9371/3886
f 1571/9694/3979 1548/9695/3842 1558/9696/3864
f 992/9391/3893 973/9453/3924 987/9697/4027
f 1021/9698/4028 1568/9699/4028 1571/9700/4028
f 2890/9302/3856 2558/9701/4029 2886/8980/3720
f 995/9702/4030 1556/9703/4030 1561/9704/4030
f 2592/9705/4031 2597/9689/3994 2591/9691/3857
f 2533/9593/3987 2547/9595/3988 2545/9402/3813
f 1569/9608/3946 1570/9706/4032 994/9609/3995
f 969/9395/3894 1003/9641/4005 974/9482/3935
f 3062/9707/3874 3055/9291/3646 3089/9708/4033
f 330/9709/4034 453/8597/3559 451/9053/3755
f 94/9107/3779 96/9710/4035 103/9464/3929
f 450/8961/3709 370/9711/3932 328/9434/3913
f 983/9623/3942 998/9712/4036 982/9621/3936
f 990/9713/4037 984/9714/4037 989/9715/4037
f 1002/9565/3606 988/9716/4038 976/9563/3938
f 984/9653/4011 1567/9652/3982 1009/9717/4039
f 1021/9718/4040 1571/9694/3979 1558/9696/3864
f 2893/9543/3825 3065/9542/3968 2891/9719/3882
f 996/9720/4041 1777/9721/4041 1541/9722/4041
f 2540/9723/3786 2594/9724/4042 2591/9725/3857
f 452/9316/3656 456/9600/3990 1268/9317/3861
f 1962/9545/3970 1956/9218/3818 1960/9469/3930
f 2552/9726/4043 2553/9727/3972 2595/9728/3971
f 979/9729/3969 941/9293/3687 960/9292/3827
f 1770/9371/3886 1768/9547/3952 1759/9142/3794
f 981/9730/3981 1009/9731/4039 1567/9732/3982
f 2889/9581/3832 3060/9733/3899 3061/9582/3984
f 2305/9734/3960 1964/9735/3702 1965/9736/3996
f 1275/9354/3665 1265/8976/3717 1283/9737/3923
f 450/8961/3709 444/8576/3481 370/9711/3932
f 100/9738/4044 108/9739/4045 111/9740/4046
f 2888/8971/3714 2886/9059/3720 2895/9741/4047
f 989/9742/4048 995/9743/4048 990/9744/4048
f 991/9745/4049 992/9746/3893 1023/9747/4050
f 993/9748/3997 984/9653/4011 1009/9717/4039
f 1559/9678/3877 1276/9749/4051 1288/9679/4020
f 2299/9750/3927 2302/9618/3999 2301/9617/3891
f 326/9628/4002 341/9751/3975 324/9629/3976
f 2890/9302/3856 2896/9752/4052 2558/9701/4029
f 2139/9675/3986 2303/9637/3916 2138/9449/3922
f 1567/9753/4053 995/9754/4053 1561/9755/4053
f 994/9756/3995 1009/9731/4039 981/9730/3981
f 1015/9757/4054 997/9758/4017 1014/9759/4016
f 2292/9154/3800 2302/9618/3999 2890/9330/3856
f 2578/8385/3482 2587/9209/3728 2589/9654/4012
f 989/9760/3961 1001/9680/4021 980/9667/3983
f 1284/9761/4055 1292/9762/4055 1285/9763/4055
f 2593/9764/4056 2587/8992/3728 2586/8001/3348
f 719/9765/4057 720/9766/3814 721/9767/3883
f 1278/9525/3958 1284/8712/3561 1285/9768/4058
f 456/9600/3990 455/9601/3612 454/9478/3548
f 2541/9256/3782 2548/9769/3928 1967/9770/4059
f 1957/9612/3863 1960/9469/3930 1952/9220/3738
f 2305/9771/3960 2308/9772/4060 1963/9773/3919
f 986/9668/4013 980/9667/3983 1007/9681/4022
f 1566/9569/3978 993/9611/3997 1555/9329/3867
f 2558/9774/4061 2896/9775/4061 2549/9776/4061
f 987/9697/4027 973/9453/3924 977/9496/3944
f 1569/9777/4062 993/9778/4062 1570/9779/4062
f 100/9780/4044 109/9781/4063 91/9782/4064
f 986/9662/4013 1007/9783/4022 978/9663/3954
f 1566/9569/3978 1016/9784/4065 993/9611/3997
f 341/9557/3975 340/9785/4066 325/9627/3966
f 1001/9680/4021 989/9760/3961 984/9786/4011
f 989/9633/3961 1012/9787/4067 1563/9631/3941
f 459/9788/4068 457/9789/4069 460/9790/4070
f 1762/9456/3871 1774/9686/4024 1771/9791/4026
f 2308/9792/4060 2549/9793/4071 2896/9794/4052
f 1279/9573/3906 461/9572/3880 1301/9795/4072
f 111/9796/4046 114/9797/4073 100/9780/4044
f 1567/9798/4074 990/9799/4074 995/9800/4074
f 1777/9801/4075 996/9802/3776 982/9554/3936
f 980/9580/3983 1012/9787/4067 989/9633/3961
f 1022/9803/4076 976/9487/3938 997/9804/4017
f 1292/9805/4077 1268/9806/4077 456/9807/4077
f 1558/9379/3864 1522/9455/3631 1020/9808/4078
f 2554/9809/4079 2547/9595/3988 2553/9594/3972
f 718/9688/4025 722/9810/4080 715/9546/3967
f 1004/9676/4019 1006/9811/4081 970/9396/3895
f 982/9554/3936 1773/9556/3974 1775/9812/4082
f 718/9688/4025 715/9546/3967 711/9404/3898
f 1008/9813/4083 1001/9814/4021 1010/9815/4084
f 979/9729/3969 960/9292/3827 998/9816/4036
f 1756/9044/3750 1758/9141/3688 1768/9547/3952
f 2306/9817/3940 1963/9773/3919 2308/9772/4060
f 1765/9655/3925 2135/9121/3784 1774/9818/4024
f 2299/9750/3927 2294/9352/3858 2306/9491/3940
f 728/9819/4085 708/9226/3826 703/8926/3462
f 713/9510/3808 718/9688/4025 711/9404/3898
f 1572/9820/4086 1566/9569/3978 1571/9570/3979
f 101/9821/4087 97/9533/3963 109/9301/3855
f 720/9766/3814 719/9765/4057 115/9822/3860
f 1006/9823/4081 977/9496/3944 970/9396/3895
f 991/9824/4049 1010/9825/4084 999/9826/4088
f 1010/9825/4084 1001/9827/4021 1011/9828/4089
f 726/9829/4090 721/9604/3883 700/9355/3671
f 102/9830/4091 98/9300/3854 97/9533/3963
f 1571/9831/4092 1568/9832/4092 1572/9833/4092
f 993/9748/3997 1017/9834/4093 984/9653/4011
f 1960/9469/3930 1961/9479/3934 1962/9545/3970
f 976/9563/3938 988/9716/4038 997/9671/4017
f 1573/9835/4015 1522/9836/3631 1559/9837/3877
f 1000/9838/4094 1007/9839/4094 1001/9840/4094
f 2541/9256/3782 1967/9770/4059 1966/9619/4000
f 3068/9841/4095 3060/9406/3899 2891/9405/3882
f 960/9842/3827 982/9621/3936 998/9712/4036
f 968/9843/4096 988/9844/4096 1002/9845/4096
f 1003/9846/4005 1008/9847/4083 1004/9848/4019
f 1001/9814/4021 1008/9813/4083 1005/9849/4097
f 977/9850/3944 1006/9851/4081 987/9852/4027
f 457/9853/4098 459/9854/4098 329/9855/4098
f 1014/9856/4016 1573/9857/4015 1013/9858/4099
f 77/9859/3638 113/9860/4100 91/9861/4064
f 1775/9812/4082 1777/9801/4075 982/9554/3936
f 1563/9862/3941 998/9816/4036 983/9863/3942
f 3073/9864/4101 2897/9865/4101 2892/9866/4101
f 93/9222/3802 87/9025/3742 92/9185/3689
f 2556/9867/4102 2552/9726/4043 2550/9868/4103
f 1000/9505/3950 978/9519/3954 1007/9869/4022
f 715/9540/3967 722/9870/4080 725/9871/4104
f 1000/9616/3950 1005/9872/4097 969/9588/3894
f 979/9579/3969 1012/9787/4067 980/9580/3983
f 1004/9676/4019 1008/9873/4083 1006/9811/4081
f 1953/9036/3747 1966/9874/4000 1965/9610/3996
f 976/9487/3938 1022/9803/4076 717/9485/3937
f 2135/9121/3784 1777/9875/4105 1774/9818/4024
f 2594/9724/4042 2592/9876/4031 2591/9725/3857
f 1572/9877/4106 1568/9878/4106 1021/9879/4106
f 2897/9880/4107 3077/9881/4108 2892/9411/3901
f 1570/9882/4032 1009/9883/4039 994/9884/3995
f 703/8831/3462 715/9540/3967 725/9871/4104
f 1283/9737/3923 1265/8976/3717 1295/9885/4109
f 106/9886/4110 86/8975/3716 83/8958/3706
f 1771/9693/4026 1772/9887/3998 1770/9371/3886
f 1003/9888/4005 969/9588/3894 1005/9872/4097
f 1010/9889/4084 991/9745/4049 1023/9747/4050
f 326/9628/4002 337/9630/3948 334/9890/4111
f 1573/9857/4015 1288/9891/4020 1013/9858/4099
f 2892/9411/3901 3077/9881/4108 2894/9412/3902
f 1001/9814/4021 1005/9849/4097 1000/9892/3950
f 992/9391/3893 991/9893/4049 999/9894/4088
f 1001/9680/4021 984/9786/4011 1011/9895/4089
f 2545/9402/3813 2551/9896/4112 2546/9401/3737
f 1563/9862/3941 1012/9897/4067 998/9816/4036
f 998/9816/4036 1012/9897/4067 979/9729/3969
f 1277/9518/3953 1286/9898/4113 1282/9682/3964
f 1289/9899/4114 1014/9900/4114 1013/9901/4114
f 1014/9902/4115 1289/9903/4115 1015/9904/4115
f 726/9829/4090 700/9355/3671 723/9905/4116
f 458/9906/4117 1292/9477/3933 329/9907/4118
f 1276/9908/4051 1282/9682/3964 1286/9898/4113
f 1003/9846/4005 1005/9909/4097 1008/9847/4083
f 2306/9491/3940 2302/9618/3999 2299/9750/3927
f 987/9852/4027 1006/9851/4081 1008/9910/4083
f 1009/9883/4039 1570/9882/4032 993/9911/3997
f 3071/9290/3852 3089/9708/4033 3055/9291/3646
f 103/9912/4119 96/9913/4119 104/9914/4119
f 330/9915/4034 451/9916/3755 336/9917/4120
f 345/9918/4121 457/9919/4121 329/9920/4121
f 327/9921/4122 336/9922/4122 451/9923/4122
f 1020/9924/4078 1522/9836/3631 1573/9835/4015
f 1021/9718/4040 1558/9696/3864 1019/9925/4123
f 1777/9875/4105 2135/9121/3784 1541/9585/3817
f 100/9780/4044 114/9797/4073 109/9781/4063
f 993/9748/3997 1016/9926/4065 1017/9834/4093
f 2619/8959/3707 3049/6344/2663 3091/9927/4124
f 984/9928/4011 1017/9929/4093 1018/9930/4125
f 1019/9931/4123 1018/9930/4125 1017/9929/4093
f 1010/9825/4084 1011/9828/4089 999/9826/4088
f 456/9600/3990 454/9478/3548 1292/9477/3933
f 987/9697/4027 1008/9932/4083 992/9391/3893
f 1573/9669/4015 997/9671/4017 1020/9933/4078
f 340/9934/4066 451/9935/3755 328/9936/3913
f 345/9937/4126 329/9938/4126 330/9939/4126
f 340/9934/4066 327/9940/4127 451/9935/3755
f 1017/9834/4093 1016/9926/4065 1572/9941/4086
f 335/9942/4128 331/9943/4128 332/9944/4128
f 104/9945/4129 105/9946/4129 103/9947/4129
f 723/9948/4130 700/9949/4130 690/9950/4130
f 1966/9874/4000 1967/9951/4059 1971/9952/4131
f 2556/9953/4132 2557/9954/4132 2552/9955/4132
f 692/9314/3610 115/9313/3860 712/9620/4001
f 1278/9525/3958 463/9408/3900 1273/8713/3599
f 1225/7548/3160 1290/9956/4133 1261/9957/3655
f 338/9958/4134 331/9959/4134 335/9960/4134
f 3050/8462/3510 3063/9961/4135 3049/8918/2663
f 333/9962/4136 327/9940/4127 340/9934/4066
f 2553/9963/3972 2552/9964/4043 2554/9965/4079
f 1017/9929/4093 1021/9966/4040 1019/9931/4123
f 1266/9103/3752 1287/9967/4007 1290/9956/4133
f 83/8958/3706 59/8313/3460 106/9968/4110
f 1775/9969/4082 1773/9970/3974 1771/9971/4026
f 1018/9972/4125 1011/9895/4089 984/9786/4011
f 1017/9834/4093 1572/9941/4086 1021/9973/4040
f 1558/9379/3864 1020/9808/4078 1019/9974/4123
f 1010/9815/4084 1023/9975/4050 1008/9813/4083
f 333/9976/4137 336/9977/4137 327/9978/4137
f 97/9533/3963 105/9979/4138 102/9830/4091
f 3067/9980/4139 3065/9542/3968 2894/9624/3902
f 115/9822/3860 121/9981/4140 107/9982/4141
f 1968/9983/4142 2308/9984/4142 2305/9985/4142
f 2544/9327/3866 2588/9626/3885 2599/9986/4143
f 3050/8462/3510 3059/9347/3875 3063/9961/4135
f 326/9987/4144 334/9988/4144 335/9989/4144
f 2306/9491/3940 2307/9990/4145 2302/9618/3999
f 1773/9991/3974 1772/9887/3998 1771/9693/4026
f 997/9758/4017 1015/9757/4054 1022/9992/4076
f 2896/9993/4052 2890/9330/3856 2302/9618/3999
f 1283/9994/3923 1286/9898/4113 1277/9518/3953
f 1276/9908/4051 1286/9898/4113 1288/9995/4020
f 2589/9654/4012 2587/9209/3728 2593/9996/4056
f 1023/9997/4050 992/9391/3893 1008/9932/4083
f 333/9998/4136 339/9999/4146 336/10000/4120
f 999/9894/4088 968/9392/3792 992/9391/3893
f 724/10001/4147 710/9381/3889 714/9448/3921
f 1013/10002/4148 1286/10003/4148 1289/10004/4148
f 3069/10005/4149 3068/10006/4095 2891/10007/3882
f 718/9688/4025 717/9687/3937 1022/10008/4076
f 710/9571/3889 724/10009/4147 690/8686/3587
f 104/10010/4150 102/10011/4150 105/10012/4150
f 3064/10013/4151 3060/9406/3899 3068/9841/4095
f 1261/8848/3655 1290/10014/4133 1274/9040/3748
f 703/8926/3462 725/10015/4104 728/9819/4085
f 721/10016/3883 726/10017/4090 719/10018/4057
f 726/10017/4090 723/10019/4116 719/10018/4057
f 370/9474/3932 449/9473/3670 344/10020/3570
f 1016/9784/4065 1566/9569/3978 1572/9820/4086
f 2546/9014/3737 2555/10021/4152 2548/9463/3928
f 997/9671/4017 988/9716/4038 1020/9933/4078
f 1771/9971/4026 1776/10022/4153 1775/9969/4082
f 2302/9618/3999 2307/9990/4145 2896/9993/4052
f 1776/10023/4154 1774/10024/4154 1777/10025/4154
f 2594/10026/4155 2609/10027/4155 2592/10028/4155
f 999/10029/4156 988/10030/4156 968/10031/4156
f 2894/10032/4157 3077/10033/4157 3067/10034/4157
f 1774/10035/4158 1776/10036/4158 1771/10037/4158
f 1286/9898/4113 1283/9994/3923 729/10038/4159
f 1022/10008/4076 1015/10039/4054 718/9688/4025
f 1020/10040/4078 999/10041/4088 1019/10042/4123
f 1775/10043/4160 1776/10044/4160 1777/10045/4160
f 1965/9736/3996 1968/10046/4161 2305/9734/3960
f 77/9157/3638 93/9156/3802 113/10047/4100
f 988/10048/4038 999/10041/4088 1020/10040/4078
f 109/9781/4063 114/9797/4073 110/10049/4162
f 335/10050/4163 332/10051/4163 326/10052/4163
f 2896/9993/4052 2307/9990/4145 2308/10053/4060
f 678/8265/3438 716/10054/4014 714/9448/3921
f 2558/10055/4029 2563/10056/4164 2886/9059/3720
f 333/9998/4136 340/10057/4066 339/9999/4146
f 1292/9477/3933 453/9476/3559 329/9907/4118
f 1288/9995/4020 1286/9898/4113 1013/10058/4099
f 1299/9331/3868 1291/10059/4165 1287/9645/4007
f 2308/10053/4060 2307/9990/4145 2306/9491/3940
f 1286/10060/4166 1015/10061/4166 1289/10062/4166
f 107/10063/4167 108/10064/4167 115/10065/4167
f 337/10066/3948 338/10067/3949 335/10068/4168
f 335/10068/4168 334/10069/4111 337/10066/3948
f 2555/10070/4152 2546/9401/3737 2551/9896/4112
f 2597/10071/4169 2603/10072/4169 2595/10073/4169
f 690/8686/3587 724/10009/4147 727/10074/4170
f 107/10075/4141 122/10076/4171 108/10077/4045
f 2544/10078/3866 2594/10079/4042 2540/10080/3786
f 2595/9728/3971 2550/9868/4103 2552/9726/4043
f 1019/10042/4123 999/10041/4088 1018/9972/4125
f 100/9738/4044 91/10081/4064 108/9739/4045
f 1015/10039/4054 1286/10082/4113 718/9688/4025
f 2557/10083/4172 2556/10084/4102 2550/10085/4103
f 3049/6344/2663 3079/10086/4173 3091/9927/4124
f 1266/9103/3752 1290/9956/4133 1225/7548/3160
f 339/10087/4174 340/10088/4174 347/10089/4174
f 1011/9895/4089 1018/9972/4125 999/10041/4088
f 2554/9965/4079 2552/9964/4043 2557/10090/4172
f 1295/9885/4109 729/10091/4159 1283/9737/3923
f 105/10092/4175 97/10093/4175 116/10094/4175
f 332/10095/4176 341/10096/4176 326/10097/4176
f 708/9348/3826 728/10098/4085 716/9665/4014
f 462/10099/4177 459/10100/4068 460/10101/4070
f 718/9688/4025 1286/10082/4113 729/10102/4159
f 729/10102/4159 722/9810/4080 718/9688/4025
f 1285/9768/4058 1292/10103/3933 1278/9525/3958
f 3069/10005/4149 2891/10007/3882 3065/10104/3968
f 462/10099/4177 329/10105/4178 459/10100/4068
f 1301/9795/4072 1293/10106/3917 1279/9573/3906
f 2597/10107/3994 2592/10108/4031 2604/10109/4179
f 2604/10109/4179 2592/10108/4031 2602/10110/4180
f 3070/10111/4181 3059/9347/3875 3062/9346/3874
f 1965/9610/3996 1966/9874/4000 1971/9952/4131
f 332/9499/3947 99/9650/4009 343/10112/4182
f 2308/9792/4060 1970/10113/4183 2549/9793/4071
f 101/10114/4184 109/10115/4184 110/10116/4184
f 127/10117/4185 99/10118/4009 86/8975/3716
f 2558/10119/4029 2549/10120/4071 1969/10121/4186
f 1965/9736/3996 1971/10122/4131 1968/10046/4161
f 2592/10123/4187 2609/10124/4187 2596/10125/4187
f 113/9860/4100 112/10126/4188 91/9861/4064
f 1970/10127/4183 1969/10121/4186 2549/10120/4071
f 725/9871/4104 729/10128/4159 1295/10129/4109
f 342/10130/4189 325/9627/3966 340/9785/4066
f 2550/9868/4103 2595/9728/3971 2559/10131/4190
f 2595/10132/4191 2603/10133/4191 2559/10134/4191
f 1294/10135/4192 1293/10106/3917 1301/9795/4072
f 122/10076/4171 111/10136/4046 108/10077/4045
f 59/8313/3460 134/9433/3912 106/9968/4110
f 1274/9403/3748 1295/10137/4109 1265/9021/3717
f 1298/10138/4193 727/10074/4170 724/10009/4147
f 2888/9057/3714 2898/10139/4194 2884/9280/3718
f 1291/10059/4165 1297/10140/4195 1287/9645/4007
f 2902/10141/4196 3066/10142/4197 3068/9841/4095
f 1299/9597/3868 1296/9599/3989 1302/10143/4198
f 3068/9841/4095 3066/10142/4197 3064/10013/4151
f 91/10081/4064 112/10144/4188 108/9739/4045
f 323/9539/3823 325/9538/3966 342/10145/4189
f 3069/10005/4149 3065/10104/3968 3067/10146/4139
f 2563/10056/4164 2899/10147/4199 2895/9741/4047
f 1294/10135/4192 1296/10148/3989 1293/10106/3917
f 340/10149/4066 341/10150/3975 347/10151/4200
f 2604/10109/4179 2602/10110/4180 2601/10152/4201
f 1302/10153/4198 1296/10148/3989 1294/10135/4192
f 725/9871/4104 722/9870/4080 729/10128/4159
f 712/10154/4001 113/10155/4100 92/10156/3689
f 341/10157/4202 332/10158/4202 343/10159/4202
f 121/9981/4140 719/9765/4057 740/10160/4203
f 730/10161/4204 727/10074/4170 1298/10138/4193
f 2602/10110/4180 2592/10108/4031 2596/10162/4205
f 323/9539/3823 342/10145/4189 344/10163/3570
f 330/9915/4034 336/9917/4120 345/10164/4206
f 2545/9402/3813 2547/9595/3988 2551/9896/4112
f 2548/9769/3928 2560/10165/4207 1967/9770/4059
f 370/10166/3932 344/10167/3570 348/10168/4208
f 2604/10169/4179 2598/10170/4209 2597/10171/3994
f 3068/10172/4095 3069/10173/4149 3074/10174/4210
f 3089/9708/4033 3070/10175/4181 3062/9707/3874
f 2308/10176/4060 1968/10177/4161 1970/10178/4183
f 2557/10090/4172 2564/10179/4211 2554/9965/4079
f 113/10155/4100 93/10180/3802 92/10156/3689
f 115/10181/3860 113/10182/4100 712/10183/4001
f 336/10184/4120 339/10185/4146 350/10186/4212
f 3075/10187/4213 3089/10188/4033 3071/10189/3852
f 341/10150/3975 346/10190/4214 355/10191/4215
f 116/10192/4216 97/9533/3963 130/10193/4217
f 3066/10194/4197 2902/10195/4196 3072/10196/4218
f 714/9448/3921 1298/10197/4193 724/10001/4147
f 121/9981/4140 115/9822/3860 719/9765/4057
f 111/10136/4046 122/10076/4171 114/10198/4073
f 3073/9602/3991 2900/9603/3992 3078/10199/4219
f 3060/9733/3899 3076/10200/4220 3061/9582/3984
f 2897/10201/4221 3073/10202/4221 3077/10203/4221
f 2901/10204/4222 2902/10205/4196 3074/10206/4210
f 328/9936/3913 370/10166/3932 348/10168/4208
f 2900/10207/3992 2884/9280/3718 2898/10139/4194
f 2559/10208/4190 2598/10209/4209 2550/10210/4103
f 347/10211/4200 353/10212/4223 339/10213/4146
f 2895/9741/4047 2886/9059/3720 2563/10056/4164
f 461/10214/4224 460/10215/4224 361/10216/4224
f 2606/10217/4225 2599/9986/4143 2588/9626/3885
f 460/10101/4070 461/10218/4226 462/10099/4177
f 463/10219/4227 462/10220/4227 461/10221/4227
f 3071/9659/3852 3061/9658/3984 3075/10222/4213
f 2564/10223/4211 2547/9595/3988 2554/9809/4079
f 99/10118/4009 127/10117/4185 128/10224/4228
f 1969/10121/4186 2563/10225/4164 2558/10119/4029
f 2599/10226/4143 2594/10079/4042 2544/10078/3866
f 1290/9956/4133 1287/9967/4007 1297/10227/4195
f 120/10228/4229 103/10229/4230 105/10230/4231
f 1299/9331/3868 730/10231/4204 1291/10059/4165
f 3070/10175/4181 3089/9708/4033 3083/10232/4232
f 714/9448/3921 1297/10233/4195 1298/10197/4193
f 3074/10206/4210 2902/10205/4196 3068/10234/4095
f 462/10235/4233 458/10236/4233 329/10237/4233
f 2902/10238/4234 2901/10239/4234 3078/10240/4234
f 2600/10241/4235 2601/10242/4201 2602/10243/4180
f 108/9739/4045 112/10144/4188 115/10244/3860
f 342/10130/4189 340/9785/4066 348/10245/4208
f 690/8686/3587 727/10074/4170 723/10246/4116
f 1968/10177/4161 1971/10247/4131 1970/10178/4183
f 348/10168/4208 340/9934/4066 328/9936/3913
f 2603/10248/4236 2597/10249/4236 2598/10250/4236
f 101/9821/4087 110/10251/4162 118/10252/4237
f 723/10019/4116 736/10253/4238 719/10018/4057
f 1297/10140/4195 730/10231/4204 1298/10254/4193
f 1291/10059/4165 730/10231/4204 1297/10140/4195
f 1971/10255/4239 1969/10256/4239 1970/10257/4239
f 2603/10258/4240 2598/10209/4209 2559/10208/4190
f 103/10259/4241 124/10260/4241 134/10261/4241
f 2560/10165/4207 1969/10262/4186 1967/9770/4059
f 339/10213/4146 353/10212/4223 349/10263/4242
f 2593/9764/4056 2586/8001/3348 3041/6726/2634
f 716/10054/4014 731/10264/4243 714/9448/3921
f 1292/10103/3933 463/9408/3900 1278/9525/3958
f 2555/10070/4152 2551/9896/4112 2561/10265/4244
f 2604/10266/4245 2601/10267/4245 2614/10268/4245
f 2888/9057/3714 2895/10269/4047 2898/10139/4194
f 1971/10270/4131 1967/9770/4059 1969/10262/4186
f 2564/10271/4246 2604/10272/4246 2614/10273/4246
f 350/10274/4212 351/10275/4247 357/10276/4248
f 118/10277/4237 123/10278/4249 119/10279/4250
f 3064/10280/4151 3066/10281/4197 3076/10282/4220
f 1300/10283/4251 1299/10284/3868 1302/10285/4198
f 728/10098/4085 731/10286/4243 716/9665/4014
f 3080/10287/4252 2902/10288/4252 3078/10289/4252
f 2563/10290/4164 1969/10262/4186 2560/10165/4207
f 349/10263/4242 350/10291/4212 339/10213/4146
f 2551/9896/4112 2547/9595/3988 2562/10292/4253
f 2561/10265/4244 2551/9896/4112 2562/10292/4253
f 3077/10293/4254 3069/10173/4149 3067/10294/4139
f 3076/10295/4255 3060/10296/4255 3064/10297/4255
f 3077/10298/4256 3073/10299/4256 3078/10300/4256
f 118/10252/4237 130/10193/4217 97/9533/3963
f 3078/10301/4257 2901/10302/4222 3074/10174/4210
f 2564/10303/4211 2557/10083/4172 2550/10085/4103
f 3078/10304/4219 2900/10207/3992 2898/10139/4194
f 2562/10292/4253 2547/9595/3988 2564/10223/4211
f 348/10245/4208 344/10305/3570 342/10130/4189
f 350/10306/4212 349/10307/4242 351/10308/4247
f 2605/10309/4258 2588/9370/3885 2589/9654/4012
f 350/10274/4212 357/10276/4248 352/10310/4259
f 2550/10085/4103 2607/10311/4260 2564/10303/4211
f 723/10019/4116 733/10312/4261 736/10253/4238
f 120/10228/4229 105/10230/4231 116/10313/4262
f 350/10186/4212 352/10314/4259 336/10184/4120
f 2563/10315/4164 2560/10316/4207 2555/10021/4152
f 2555/10021/4152 2560/10316/4207 2548/9463/3928
f 2566/10317/4263 3078/10304/4219 2898/10139/4194
f 2605/10309/4258 2606/10318/4225 2588/9370/3885
f 1300/10319/4251 730/10231/4204 1299/9331/3868
f 728/10098/4085 732/10320/4264 731/10286/4243
f 341/10150/3975 343/10321/4182 346/10190/4214
f 735/10322/4265 1305/10323/4266 734/10324/4267
f 101/9821/4087 118/10252/4237 97/9533/3963
f 1274/9403/3748 737/10325/4268 1295/10137/4109
f 1301/10326/4269 1302/10327/4269 1294/10328/4269
f 1290/9956/4133 1297/10227/4195 1308/10329/4270
f 1305/10330/4266 1303/10331/4271 1300/10332/4251
f 1301/9795/4072 461/9572/3880 361/10333/4272
f 3074/10174/4210 3069/10173/4149 3077/10293/4254
f 3063/9961/4135 3079/10334/4173 3049/8918/2663
f 2564/10335/4273 2607/10336/4273 2604/10337/4273
f 1274/9040/3748 1290/10014/4133 737/10338/4268
f 119/10279/4250 123/10278/4249 117/10339/4274
f 3061/9582/3984 3076/10200/4220 3086/10340/4275
f 728/9819/4085 725/10015/4104 732/10341/4264
f 118/10342/4237 119/10343/4250 130/10344/4217
f 2555/10021/4152 2899/10345/4199 2563/10315/4164
f 733/10346/4261 735/10347/4265 738/10348/4276
f 1305/10323/4266 1306/10349/4277 734/10324/4267
f 2565/10350/4278 2561/10265/4244 2566/10351/4263
f 2607/10352/4260 2550/10210/4103 2598/10209/4209
f 113/10182/4100 115/10181/3860 112/10353/4188
f 735/10347/4265 734/10354/4267 738/10348/4276
f 2562/10292/4253 2566/10351/4263 2561/10265/4244
f 122/10076/4171 110/10355/4162 114/10198/4073
f 2598/10170/4209 2604/10169/4179 2607/10356/4260
f 460/9790/4070 457/9789/4069 361/10357/4272
f 106/9886/4110 127/10117/4185 86/8975/3716
f 1303/10358/4279 735/10359/4279 733/10360/4279
f 3072/10196/4218 2902/10195/4196 3080/10361/4280
f 1305/10330/4266 735/10362/4265 1303/10331/4271
f 2614/10363/4281 3080/10364/4282 2566/10365/4263
f 2566/10365/4263 3080/10364/4282 3078/10366/4219
f 3078/10301/4257 3074/10174/4210 3077/10293/4254
f 723/10246/4116 727/10074/4170 733/10367/4261
f 2562/10292/4253 2564/10223/4211 2566/10365/4263
f 2566/10365/4263 2564/10223/4211 2614/10363/4281
f 1309/10368/4283 1302/10369/4198 1301/10370/4284
f 2601/10242/4201 2600/10241/4235 2608/10371/4285
f 2608/10372/4285 2602/10373/4180 2596/10374/4205
f 2601/10242/4201 2608/10371/4285 2614/10375/4286
f 736/10253/4238 740/10376/4203 719/10018/4057
f 2565/10377/4287 2566/10378/4287 2898/10379/4287
f 2609/10380/4288 2594/10381/4042 2615/10382/4289
f 2600/10241/4235 2602/10243/4180 2608/10371/4285
f 3081/10383/4290 3059/9347/3875 3070/10111/4181
f 103/10384/4291 120/10385/4291 124/10386/4291
f 3075/10222/4213 3061/9658/3984 3086/10387/4275
f 1308/10329/4270 1304/10388/4292 1290/9956/4133
f 355/10191/4215 347/10151/4200 341/10150/3975
f 1300/10389/4251 1303/10390/4271 730/10391/4204
f 353/10392/4223 347/10151/4200 355/10191/4215
f 727/10074/4170 1303/10393/4271 733/10367/4261
f 2610/10394/4293 2612/10395/4294 3084/10396/4295
f 351/10308/4247 349/10307/4242 353/10397/4223
f 2614/10398/4296 2611/10399/4296 3082/10400/4296
f 457/10401/4069 345/10402/4206 361/10403/4272
f 351/10404/4297 353/10405/4297 355/10406/4297
f 730/10391/4204 1303/10390/4271 727/10407/4170
f 336/9917/4120 354/10408/4298 345/10164/4206
f 463/10409/3900 1292/10410/3933 462/10411/4299
f 3081/10383/4290 3063/9961/4135 3059/9347/3875
f 738/10348/4276 734/10354/4267 741/10412/4300
f 2565/10413/4278 2895/10269/4047 2899/10414/4199
f 3066/10281/4197 3072/10415/4218 3076/10282/4220
f 1295/10416/4109 732/10341/4264 725/10015/4104
f 107/10417/4141 121/10418/4140 122/10419/4171
f 458/10420/4117 462/10411/4299 1292/10410/3933
f 2555/10070/4152 2561/10265/4244 2899/10421/4199
f 116/10422/4301 124/10423/4301 120/10424/4301
f 2565/10413/4278 2898/10139/4194 2895/10269/4047
f 118/10252/4237 110/10251/4162 135/10425/4302
f 3083/10426/4232 3090/10427/4303 3070/10111/4181
f 1305/10428/4266 1307/10429/4304 1306/10430/4277
f 714/9448/3921 1308/10431/4270 1297/10233/4195
f 122/10076/4171 136/10432/4305 110/10355/4162
f 346/10433/4214 351/10275/4247 355/10434/4215
f 123/10435/4249 137/10436/4306 133/10437/4307
f 3080/10438/4308 2614/10439/4308 3072/10440/4308
f 127/10117/4185 106/9886/4110 134/10441/3912
f 119/10279/4250 131/10442/4309 124/10443/4310
f 346/10433/4214 357/10276/4248 351/10275/4247
f 1304/10444/4292 737/10338/4268 1290/10014/4133
f 130/10344/4217 119/10343/4250 124/10445/4310
f 352/10314/4259 354/10446/4298 336/10184/4120
f 2605/10309/4258 2589/9654/4012 2593/9996/4056
f 1300/10447/4251 1302/10448/4198 1309/10449/4283
f 2608/10372/4285 2596/10374/4205 2609/10380/4288
f 135/10450/4302 137/10451/4306 118/10277/4237
f 118/10277/4237 137/10451/4306 123/10278/4249
f 131/10442/4309 119/10279/4250 117/10339/4274
f 733/10346/4261 738/10348/4276 736/10452/4238
f 1306/10453/4277 1307/10454/4304 734/10455/4267
f 2610/10456/4311 3085/10457/4311 2611/10458/4311
f 125/10459/4312 126/10460/4313 128/10461/4228
f 2561/10265/4244 2565/10350/4278 2899/10421/4199
f 1305/10462/4266 1300/10447/4251 1309/10449/4283
f 3084/10463/4295 3085/10464/4314 2610/10465/4293
f 131/10442/4309 128/10466/4228 127/10467/4185
f 2606/10318/4225 2605/10309/4258 2618/10468/4315
f 346/10190/4214 343/10321/4182 356/10469/4316
f 2612/10470/4294 2610/10471/4293 2611/10472/4317
f 125/10459/4312 128/10461/4228 131/10473/4309
f 731/10264/4243 1308/10474/4270 714/9448/3921
f 128/10475/4318 129/10476/4318 99/10477/4318
f 354/10478/4298 363/10479/4319 345/10402/4206
f 116/10480/4320 130/10481/4320 124/10482/4320
f 731/10286/4243 732/10320/4264 1308/10483/4270
f 131/10484/4321 117/10485/4321 132/10486/4321
f 3082/10487/4322 3072/10488/4218 2614/10489/4323
f 2608/10490/4285 2613/10491/4324 2614/10492/4286
f 2611/10493/4325 3085/10464/4314 3082/10494/4322
f 133/10495/4307 117/10496/4274 123/10497/4249
f 1307/10454/4304 741/10498/4300 734/10455/4267
f 352/10499/4259 360/10500/4326 354/10501/4298
f 3076/10282/4220 3072/10415/4218 3086/10502/4275
f 360/10500/4326 352/10499/4259 357/10503/4248
f 346/10190/4214 356/10469/4316 358/10504/4327
f 3090/10427/4303 3081/10383/4290 3070/10111/4181
f 127/10467/4185 134/10505/3912 131/10442/4309
f 2613/10491/4324 2611/10472/4317 2614/10506/4286
f 1308/10507/4270 737/10338/4268 1304/10444/4292
f 2609/10380/4288 2615/10382/4289 2608/10372/4285
f 732/10508/4264 1295/10137/4109 737/10325/4268
f 358/10509/4328 357/10510/4328 346/10511/4328
f 121/10418/4140 740/10512/4203 136/10513/4305
f 134/10505/3912 124/10443/4310 131/10442/4309
f 139/10514/4329 1307/10515/4329 364/10516/4329
f 2608/10490/4285 2615/10517/4289 2613/10491/4324
f 2606/10518/4330 2618/10519/4330 2599/10520/4330
f 732/10320/4264 737/10521/4268 1308/10483/4270
f 131/10522/4331 132/10523/4331 125/10524/4331
f 738/10525/4276 739/10526/4332 736/10527/4238
f 3087/10528/4333 3085/10464/4314 3084/10463/4295
f 736/10527/4238 739/10526/4332 740/10529/4203
f 3063/9961/4135 3081/10383/4290 3079/10334/4173
f 2612/10470/4294 2611/10472/4317 2616/10530/4334
f 3084/10396/4295 2612/10395/4294 3087/10531/4333
f 117/10532/4274 126/10533/4313 132/10534/4335
f 3041/10535/2634 2605/10309/4258 2593/9996/4056
f 128/10536/4228 126/10537/4313 129/10538/4336
f 99/9650/4009 129/10539/4337 343/10112/4182
f 3072/10488/4218 3082/10487/4322 3086/10387/4275
f 2617/10540/4338 2612/10470/4294 2616/10530/4334
f 3093/10541/4339 3088/10542/4340 3090/10427/4303
f 2618/10468/4315 2605/10309/4258 2624/10543/4341
f 132/10534/4335 126/10533/4313 125/10544/4312
f 117/10496/4274 133/10495/4307 126/10537/4313
f 135/10545/4302 110/10355/4162 136/10432/4305
f 3087/10528/4333 3097/10546/4342 3085/10464/4314
f 2617/10547/4338 3087/10548/4333 2612/10549/4294
f 2618/10550/4315 2624/10551/4341 2623/10552/4343
f 358/10553/4344 356/10554/4344 357/10555/4344
f 1307/10454/4304 139/10556/4345 741/10498/4300
f 1309/10557/4283 1307/10429/4304 1305/10428/4266
f 135/10558/4302 136/10559/4305 137/10560/4306
f 367/10561/4346 1309/10368/4283 1301/10370/4284
f 3090/10562/4347 3083/10563/4347 3089/10564/4347
f 136/10513/4305 740/10512/4203 739/10565/4332
f 3089/10188/4033 3075/10187/4213 3090/10566/4303
f 133/10437/4307 137/10436/4306 140/10567/4348
f 359/10568/4349 356/10569/4316 343/10570/4182
f 3093/10571/4339 3094/10572/4350 3088/10573/4340
f 1309/10557/4283 366/10574/4351 1307/10429/4304
f 360/10575/4352 357/10576/4352 359/10577/4352
f 361/10403/4272 345/10402/4206 363/10479/4319
f 126/10537/4313 133/10495/4307 138/10578/4353
f 2616/10530/4334 2611/10472/4317 2613/10491/4324
f 3082/10494/4322 3085/10464/4314 3097/10546/4342
f 364/10579/4354 368/10580/4354 139/10581/4354
f 142/10582/4355 140/10583/4348 141/10584/4356
f 2617/10547/4338 2627/10585/4357 3087/10548/4333
f 3082/10487/4322 3075/10222/4213 3086/10387/4275
f 2619/10586/4358 2621/10587/4358 3041/10588/4358
f 3091/10589/4359 3095/10590/4359 2619/10591/4359
f 138/10578/4353 129/10538/4336 126/10537/4313
f 3088/10542/4340 3081/10383/4290 3090/10427/4303
f 142/10592/4355 141/10584/4356 139/10593/4360
f 2624/10543/4341 2605/10309/4258 2620/10594/4361
f 3092/10595/4362 3094/10596/4350 3093/10597/4339
f 363/10598/4319 1301/10599/4072 361/10600/4272
f 2599/10226/4143 2618/10550/4315 2594/10079/4042
f 3087/10528/4333 3096/10601/4363 3097/10546/4342
f 2594/10079/4042 2618/10550/4315 2623/10552/4343
f 3041/10602/2634 2620/10594/4361 2605/10309/4258
f 3095/10603/4364 3091/10604/4124 3088/10542/4340
f 2594/10605/4042 2613/10491/4324 2615/10517/4289
f 360/10500/4326 362/10606/4365 354/10501/4298
f 2620/10607/4366 3041/10608/4366 2621/10609/4366
f 136/10559/4305 141/10584/4356 137/10560/4306
f 3081/10383/4290 3091/10610/4124 3079/10334/4173
f 2624/10611/4367 2622/10612/4367 2623/10613/4367
f 3093/10597/4339 3090/10566/4303 3092/10595/4362
f 363/10479/4319 354/10478/4298 362/10614/4365
f 3094/10615/4350 3092/10616/4362 3096/10601/4363
f 3081/10383/4290 3088/10542/4340 3091/10604/4124
f 362/10606/4365 360/10500/4326 369/10617/4368
f 2629/10618/4369 2624/10619/4341 2620/10620/4361
f 2625/10621/4370 2613/10491/4324 2594/10605/4042
f 2613/10491/4324 2625/10621/4370 2616/10530/4334
f 2625/10621/4370 2617/10622/4338 2616/10530/4334
f 133/10437/4307 140/10567/4348 144/10623/4371
f 2617/10547/4338 2622/10624/4372 2627/10585/4357
f 741/10625/4300 739/10526/4332 738/10525/4276
f 133/10437/4307 144/10623/4371 138/10626/4353
f 141/10584/4356 143/10627/4373 139/10593/4360
f 3094/10572/4350 3096/10628/4363 3098/10629/4374
f 3088/10573/4340 2619/10630/4375 3095/10631/4364
f 369/10632/4368 363/10633/4319 362/10634/4365
f 140/10583/4348 137/10560/4306 141/10584/4356
f 3088/10573/4340 3094/10572/4350 3098/10629/4374
f 2629/10618/4369 2620/10620/4361 2621/10635/4376
f 2628/10636/4377 2594/10079/4042 2623/10552/4343
f 368/10637/4378 142/10638/4355 139/10639/4360
f 741/10640/4379 139/10641/4379 143/10642/4379
f 3096/10643/4363 3087/10644/4333 2627/10645/4357
f 2622/10646/4372 2617/10647/4338 2626/10648/4380
f 369/10632/4368 368/10649/4378 366/10650/4381
f 1309/10368/4283 367/10561/4346 366/10651/4351
f 2626/10648/4380 2617/10647/4338 2625/10652/4370
f 3098/10629/4374 2619/10630/4375 3088/10573/4340
f 2594/10605/4042 2628/10653/4377 2625/10621/4370
f 3097/10654/4342 3092/10595/4362 3090/10566/4303
f 3090/10566/4303 3075/10187/4213 3097/10654/4342
f 3096/10601/4363 3092/10616/4362 3097/10546/4342
f 140/10567/4348 142/10655/4355 144/10623/4371
f 368/10649/4378 364/10656/4382 366/10650/4381
f 2622/10657/4372 2629/10618/4369 2627/10658/4357
f 365/10659/4383 367/10660/4383 1301/10661/4383
f 2626/10662/4380 2623/10663/4343 2622/10664/4372
f 3082/10487/4322 3097/10665/4342 3075/10222/4213
f 122/10419/4171 121/10418/4140 136/10513/4305
f 2626/10662/4380 2628/10666/4377 2623/10663/4343
f 365/10667/4384 1301/10599/4072 363/10598/4319
f 2622/10657/4372 2624/10619/4341 2629/10618/4369
f 2625/10668/4370 2628/10666/4377 2626/10662/4380
f 366/10669/4385 364/10670/4385 1307/10671/4385
f 143/10672/4373 739/10526/4332 741/10625/4300
f 369/10632/4368 366/10650/4381 365/10673/4384
f 3096/10643/4363 2627/10645/4357 3098/10674/4374
f 2629/10675/4369 2621/10676/4376 3099/10677/4386
f 2627/10678/4357 2629/10675/4369 3099/10677/4386
f 3099/10679/4386 3098/10674/4374 2627/10645/4357
f 363/10633/4319 369/10632/4368 365/10673/4384
f 3099/10680/4387 2621/10681/4387 2619/10682/4387
f 141/10584/4356 136/10559/4305 143/10627/4373
f 3098/10674/4374 3099/10679/4386 2619/10683/4375
f 357/10684/4388 356/10569/4316 359/10568/4349
f 739/10565/4332 143/10685/4373 136/10513/4305
f 365/10686/4389 366/10687/4389 367/10688/4389
f 144/10689/4371 142/10638/4355 368/10637/4378
f 129/10690/4337 359/10568/4349 343/10570/4182
f 368/10691/4378 369/10692/4368 360/10693/4326
f 129/10694/4336 144/10689/4371 368/10637/4378
f 129/10695/4336 368/10691/4378 360/10693/4326
f 144/10623/4371 129/10696/4336 138/10626/4353
f 359/10697/4390 129/10698/4390 360/10699/4390
