# pet_capybara: normalized for CS2Warcraft (Y-up, ground at y=0, scale 8.4216)
o pet_capybara
v -0.2987 5.2979 7.6791
v -0.3296 5.1869 7.7427
v 0.3122 5.2765 7.6986
v 0.1416 5.1238 7.7782
v 0.2657 5.2025 7.7502
v -0.0279 5.5152 7.1903
v -0.2198 5.5868 7.0016
v -0.1113 5.4248 7.4963
v 0.1416 5.3755 7.5952
v 0.0840 5.8299 6.7264
v -0.0039 5.6064 7.0126
v 0.0383 5.4343 7.4879
v 0.3111 5.4834 7.1481
v 0.2723 5.6000 6.9675
v 0.3688 5.3321 7.6134
v 0.4072 5.2772 7.6709
v 0.3003 4.8735 7.5059
v 0.4201 5.4850 7.0474
v 0.3665 4.9206 7.4209
v 0.4638 5.3161 7.5711
v 0.3175 4.9361 7.4706
v 0.4735 5.0472 7.6487
v 0.3514 5.0166 7.6921
v 0.3351 4.8426 7.4787
v 0.3484 4.8680 7.4367
v 0.4416 5.4000 7.2152
v 0.4346 4.9523 7.4576
v 0.3774 4.9746 7.4728
v 0.5738 4.9342 7.5599
v 0.4017 5.0245 7.6404
v 0.4049 4.8895 7.4089
v 0.6734 4.9246 7.5329
v 0.5673 5.6525 6.7259
v 0.5469 5.2445 7.5712
v 0.5784 5.3012 7.2144
v 0.6098 5.2451 7.4241
v 0.6727 5.1664 7.4048
v 0.6825 5.0449 7.5103
v 0.6762 5.1922 7.1755
v 0.7017 4.7258 7.4859
v 0.8180 4.8814 7.2777
v 1.0538 4.6741 7.1280
v 1.3158 4.6987 6.7173
v 0.4752 5.2293 7.6586
v 0.3605 5.1570 7.7390
v 0.2180 6.1849 6.2887
v -0.1858 6.2563 6.1793
v 0.2415 6.3871 5.9230
v 0.3981 6.0458 6.4145
v 0.4425 6.1454 6.2678
v 0.6728 6.3692 5.7746
v 1.0785 6.1344 5.9000
v 0.7247 6.4326 5.5974
v 0.7471 5.9145 6.3344
v 0.7968 5.5984 6.5372
v 1.0350 5.9117 6.1438
v 1.0310 6.0817 6.0156
v 0.9604 5.5466 6.3683
v 0.5867 5.3756 7.0306
v 1.1494 5.8518 6.0546
v 1.0541 5.4856 6.2121
v 1.0989 5.5373 6.0209
v 1.1451 5.5968 5.9935
v 1.1797 5.1717 6.4148
v 1.0582 5.4540 6.0541
v 1.2082 5.7151 5.9513
v 1.2573 5.3800 5.9572
v 1.0744 5.4271 6.0050
v 1.1014 5.3790 6.1723
v 1.2038 5.3578 6.0281
v 1.2675 5.5491 5.9638
v 1.2689 5.6701 5.8969
v 1.3540 5.8368 5.7927
v 1.3894 5.7011 5.8053
v 1.2894 5.7733 5.8416
v 1.4434 5.2361 5.9878
v 1.3046 6.0452 5.7074
v 1.3531 5.3995 5.8727
v 1.8181 5.0710 5.8426
v 1.9595 4.4830 6.2427
v 1.8847 4.6363 6.2343
v 1.4657 5.8903 5.6025
v 1.4291 5.3869 5.8415
v 1.9592 4.8427 5.9767
v 1.4105 5.7287 5.7225
v 1.2555 5.9575 5.8764
v 1.4006 5.4181 5.8046
v 1.3679 5.6389 5.8176
v 1.3629 5.5078 5.8855
v 1.4292 5.5730 5.7145
v 1.5184 5.3440 5.7868
v 1.4492 5.5144 5.6228
v 1.4606 5.6955 5.6673
v 1.5328 5.7715 5.5754
v 1.6238 5.4146 5.6333
v 1.4169 4.3593 6.7721
v 1.7322 4.3405 6.5049
v 2.1799 4.9143 5.6012
v 2.0143 4.1705 6.2689
v 2.4337 4.3408 5.6992
v 1.0238 5.2052 6.5863
v 0.1652 6.6832 5.0830
v 0.0313 6.5529 5.5575
v 0.6776 6.6574 4.9129
v 0.0720 6.7768 4.2660
v 1.0320 6.6635 4.0700
v 1.1224 6.6740 3.9803
v 0.5280 6.5241 5.5105
v 0.6578 6.5813 5.2384
v 0.9391 6.5893 4.8561
v 0.9088 6.6281 4.7292
v 1.2121 6.2629 5.3758
v 1.2947 6.6654 4.2301
v 1.5250 6.1873 4.9682
v 1.3926 6.0693 5.4127
v 1.6215 6.0211 5.0766
v 1.6182 5.8142 5.3501
v 1.5261 6.4208 4.5345
v 1.5697 5.5287 5.5207
v 1.4795 5.6176 5.6997
v 1.6395 5.5709 5.4684
v 1.3559 6.4716 4.5962
v 1.6284 6.6457 4.2553
v 1.6234 6.8317 4.1237
v 1.6729 6.2989 4.4943
v 1.6553 6.1980 4.6541
v 1.6782 6.4688 3.9538
v 1.6674 6.5060 3.9827
v 1.6566 6.5378 3.9540
v 1.7647 6.3441 3.9455
v 1.6835 6.6035 3.9499
v 1.7668 6.6956 3.8764
v 1.7789 6.3446 4.0084
v 1.7842 6.5110 4.0583
v 1.8100 6.5155 4.1203
v 1.8453 6.7348 4.0206
v 1.8770 5.9633 4.0056
v 1.7272 6.5808 4.2270
v 1.9256 6.9044 3.9580
v 1.7983 6.0926 4.1202
v 1.9145 6.4327 4.1379
v 1.8767 6.2186 4.2417
v 1.8333 6.4062 4.2136
v 1.8551 6.0123 4.0974
v 1.9434 6.0170 3.9218
v 1.8733 6.1741 4.2105
v 1.7842 6.9805 3.9087
v 1.9421 6.8186 3.9232
v 1.8753 6.1243 4.2212
v 1.7982 6.1363 4.1364
v 1.9280 6.2874 4.1219
v 1.9474 6.3502 4.1377
v 1.9325 6.0422 4.2180
v 1.9305 6.0193 4.1661
v 1.9174 6.4140 4.0726
v 1.9143 6.3495 4.0642
v 1.8605 6.9398 3.9573
v 1.4042 6.0058 3.2084
v 1.9487 6.4516 3.3706
v 1.6331 6.5053 3.3903
v 1.9217 6.8793 3.5962
v 1.9784 6.7792 3.5215
v 1.9595 6.2704 3.3337
v 2.1045 6.7552 3.5231
v 1.6938 5.8267 3.3549
v 1.6800 6.5561 3.9241
v 2.0068 6.7326 3.7516
v 1.8907 6.0861 3.3427
v 1.8464 6.7348 3.8332
v 1.9922 6.9697 3.7370
v 1.8870 6.9742 3.8909
v 1.9881 6.9415 3.6653
v 2.0412 6.9035 3.8294
v 2.0418 6.7871 3.7741
v 2.0556 6.8378 3.8161
v 2.0880 6.9253 3.6959
v 2.1573 6.3303 3.3796
v 2.1946 6.2555 3.3856
v 2.2494 6.8170 3.6328
v 2.1453 6.5046 3.4186
v 2.1999 6.8578 3.7450
v 2.0213 5.8543 3.9759
v 2.2838 6.7322 3.7348
v 2.2619 6.8302 3.6880
v 2.2733 6.6777 3.5248
v 2.3804 6.5511 3.5180
v 2.3241 6.1708 3.4537
v 2.4250 6.6369 3.6942
v 2.3704 6.6400 3.5513
v 2.1300 6.7147 3.7278
v 2.4675 6.2280 3.7914
v 2.4186 6.5136 3.7372
v 2.3835 6.2889 3.4853
v 2.4310 6.1773 3.5527
v 2.3206 5.9846 3.5602
v 2.4441 6.0212 3.8328
v 2.3473 6.2154 3.7683
v 2.3815 6.3419 3.7408
v 2.4298 6.0736 3.6177
v 2.4490 6.6193 3.6287
v 2.4954 6.4514 3.6183
v 2.5061 6.2637 3.6577
v 2.4887 6.1080 3.7206
v 2.4287 5.9741 3.8118
v 2.4924 6.5195 3.6662
v 2.5016 6.1533 3.7565
v 2.5115 6.3238 3.7237
v 2.0949 6.0446 3.3911
v 2.1928 5.9129 3.9483
v 1.5770 5.8200 3.2756
v 1.8093 5.6348 3.4758
v 1.9750 5.7485 3.5269
v 1.9140 5.5571 3.6473
v 2.2482 4.8947 3.4837
v 2.1268 5.5066 4.2701
v 1.8924 5.9710 4.4163
v 1.9665 5.8957 4.2227
v 1.9782 5.5762 3.7554
v 2.0168 5.5756 3.9194
v 1.9899 5.7631 4.1243
v 2.0451 5.6800 3.9843
v 2.3211 5.8471 3.8309
v 2.2546 6.0685 3.4466
v 2.0035 5.7787 4.0303
v 2.2145 5.8291 3.9617
v 2.0601 5.7931 3.9850
v 2.3898 5.9863 3.6595
v 2.3002 5.8951 3.9311
v 2.0393 5.6102 4.6401
v 2.2830 5.8298 3.9253
v 0.6923 6.5924 3.4081
v 0.2801 6.6293 3.3026
v 1.0986 6.5748 3.6018
v 0.8053 6.4544 3.1719
v 0.8153 6.6625 3.6814
v 0.9415 6.3261 3.0862
v 1.0431 6.0563 2.8692
v 1.2761 6.1520 3.2184
v 1.1295 6.4225 3.3787
v 1.0458 6.6278 4.3422
v 1.0348 5.8102 2.4824
v 1.1232 6.6614 3.8502
v 1.2579 6.6105 3.6159
v 1.2614 6.4311 3.4157
v 1.3514 6.7411 3.7896
v 1.2610 6.5554 4.4805
v 1.4464 6.7018 4.2208
v 1.3822 6.2217 3.2998
v 1.3979 6.7828 3.8941
v 1.6963 6.8687 3.6434
v 1.5971 6.8919 3.7567
v 1.4359 6.7689 4.0918
v 1.5394 6.6703 4.2661
v 1.5493 6.1216 3.2968
v 1.5553 5.7128 3.2111
v 1.5345 6.8830 3.8892
v 1.6031 6.8851 4.0556
v 1.7221 6.9789 3.8738
v 1.7935 6.9941 3.8120
v 1.9115 6.9780 3.7205
v 1.6365 5.5082 5.4962
v 1.5065 5.5233 5.5745
v 2.0270 5.3343 5.2035
v 1.6367 5.2333 5.7839
v 2.0553 5.4432 4.9944
v 2.4157 4.9304 4.0509
v 1.8779 5.4662 3.5584
v 2.4105 5.1211 4.6149
v 2.2833 4.9624 5.3367
v 2.3130 5.2158 4.7715
v 2.4146 5.1066 4.4793
v 2.2746 4.6690 5.7219
v 2.3784 4.7308 5.4897
v 2.6473 4.4291 5.1859
v 2.2031 4.5676 3.2273
v 2.5894 4.4241 5.3712
v 2.5462 4.6941 3.9350
v 2.6989 4.4878 4.7979
v 2.5527 4.2937 5.5340
v 2.6057 4.5288 3.8484
v 2.6123 4.2329 3.7102
v 2.6412 4.4061 3.8553
v 2.6652 4.4565 4.0992
v 2.7470 4.3990 4.3957
v 2.6540 3.4773 4.2083
v 2.5123 3.1840 4.5878
v 2.5489 3.8204 5.6081
v 2.6562 3.9555 5.4471
v 2.7048 4.0316 3.8825
v 2.6845 3.7513 5.3353
v 2.7925 4.3066 4.5588
v 2.6555 3.6927 3.9481
v 2.5797 3.8716 3.7265
v 2.7185 4.2870 5.1219
v 2.7239 3.8377 4.0054
v 2.7471 3.6819 4.2993
v 2.7789 3.9794 5.0828
v 2.7602 3.5761 4.7746
v 2.7569 3.6290 4.9345
v 2.8011 3.8856 4.9606
v 2.7789 4.1112 5.0370
v 2.8166 4.0673 4.3937
v 2.8115 4.2135 4.4403
v 2.8097 3.7830 4.7964
v 2.8395 4.0889 4.6139
v 2.8361 3.9411 4.5987
v -0.7210 4.9803 7.4517
v -0.6887 5.1277 7.3490
v -0.6546 5.0009 7.5387
v -0.6244 5.4748 6.8524
v -0.5694 5.1972 7.5680
v -0.5836 5.2970 7.1636
v -0.5778 5.2616 7.4470
v -0.4162 5.1090 7.6993
v -0.4363 5.1924 7.6918
v -0.5054 5.3176 7.4755
v -0.3455 5.5949 6.9320
v -0.4718 6.0007 6.4242
v -0.5325 4.9263 7.5465
v -0.5831 4.8706 7.5463
v -0.4695 4.9963 7.5891
v -0.3836 5.4384 7.1712
v -0.4519 5.2929 7.6159
v -0.3929 4.8978 7.4060
v -0.4175 4.9293 7.4313
v -0.3975 5.2521 7.6907
v -0.4185 5.0535 7.6676
v -0.3514 4.8517 7.4436
v -0.5040 4.8771 7.5202
v -0.4069 5.3472 7.5487
v -0.3634 4.9750 7.4776
v -0.4040 4.8727 7.4206
v -0.2261 5.4704 7.2433
v -0.0472 6.0627 6.4810
v -0.3469 4.9058 7.4150
v -0.3077 4.9452 7.4757
v -0.3176 4.9721 7.6774
v -0.5178 6.1991 6.1456
v -0.3154 4.8690 7.4531
v -0.2872 4.9060 7.4860
v -1.3014 4.5508 6.8084
v -0.7774 4.9270 7.3030
v -0.7991 5.6616 6.4716
v -0.5669 5.3472 7.0871
v -2.4535 4.4457 5.5939
v -1.9372 4.4672 6.2593
v -1.9501 4.7151 6.0926
v -2.2015 4.9385 5.5152
v -2.0293 4.9328 5.7725
v -1.5011 5.2373 5.9148
v -1.9094 4.0865 6.3664
v -1.0944 4.8602 6.8389
v -1.7961 5.6652 5.1715
v -1.6202 5.8414 5.2893
v -1.6671 5.6915 5.3565
v -1.6451 5.5452 5.4561
v -1.1772 5.0512 6.5519
v -1.6301 5.3510 5.6806
v -1.5385 5.7496 5.5538
v -1.4600 5.3398 5.8363
v -1.4979 5.5187 5.5690
v -1.5020 5.4286 5.7201
v -1.4111 5.9862 5.5599
v -1.4690 5.5852 5.6824
v -1.4277 5.4734 5.7136
v -1.4331 5.5186 5.6189
v -1.4199 5.6625 5.7655
v -1.2938 5.9698 5.7997
v -1.3988 5.5968 5.7564
v -1.3787 5.5472 5.8358
v -1.3146 5.3833 5.9033
v -1.3345 5.6502 5.8328
v -1.2896 5.7775 5.8301
v -1.1111 5.3768 6.0831
v -1.2501 5.5949 5.9499
v -1.2910 5.5037 5.9474
v -1.1335 5.2039 6.4092
v -1.2666 5.8295 5.8910
v -1.3000 6.0646 5.6596
v -1.4414 5.6996 5.6753
v -1.1997 5.3802 5.9864
v -1.1865 5.5336 5.9977
v -1.2180 5.7448 5.9201
v -0.9731 5.6371 6.2971
v -1.0912 5.5311 6.0124
v -1.0632 5.4285 6.0057
v -1.0671 5.8588 6.1327
v -1.0585 5.3853 6.2601
v -1.0546 5.4270 6.1708
v -1.0471 5.4332 6.0561
v -1.0013 5.4597 6.3320
v -0.7342 5.9396 6.3142
v -1.0556 6.0697 5.9993
v -2.9899 3.0120 3.6109
v -2.9215 2.8911 3.9094
v -2.6644 3.5404 3.9118
v -2.5433 3.0064 4.4598
v -2.8255 4.0161 4.7042
v -2.8077 4.2066 4.6204
v -2.8138 3.9252 4.5064
v -2.7934 3.7551 4.7825
v -2.7804 3.9948 5.0263
v -2.8025 4.1945 4.4343
v -2.6920 4.2348 5.2327
v -2.7227 3.8776 4.0195
v -2.7470 4.3821 4.4480
v -2.7029 4.4542 4.7832
v -2.6932 4.0105 3.8831
v -2.6957 4.3176 4.1044
v -2.7575 3.7652 5.0297
v -2.7175 3.5945 4.3356
v -2.6782 3.4019 4.6004
v -2.6304 4.5177 4.1173
v -2.6909 3.4582 4.9161
v -2.6572 3.6403 5.2956
v -2.6905 3.8281 5.3167
v -2.6617 3.9527 5.4057
v -2.6747 3.9016 3.8767
v -2.6132 3.7455 3.8049
v -2.6444 3.5077 4.1537
v -2.5206 4.0681 3.6073
v -2.4625 4.8465 4.1000
v -2.5914 4.5739 3.9173
v -2.5919 3.7888 5.5176
v -2.6008 4.4622 3.8124
v -2.6070 4.1949 3.7158
v -2.5210 3.2128 4.4704
v -2.6269 4.4205 5.2358
v -2.5608 4.0848 5.5806
v -2.6031 4.3251 5.3915
v -2.5253 3.1807 4.4031
v -2.4401 4.6538 5.4264
v -2.4377 5.0577 4.5491
v -2.5374 4.6043 3.7769
v -2.5338 3.9807 3.6108
v -2.3705 4.2692 3.0473
v -2.3678 4.9710 4.0031
v -2.4720 4.4142 3.5502
v -2.3557 5.1592 4.7203
v -2.4158 4.2352 3.4527
v -2.1450 4.1076 6.1166
v -2.2193 4.5230 3.2602
v -2.2468 4.7361 5.6865
v -2.1405 4.7400 3.2217
v -2.1695 4.5706 3.1742
v -2.0354 5.3503 5.1464
v -2.0359 5.1112 5.4768
v -1.8268 5.2227 5.5518
v -2.6589 3.7404 3.6392
v -1.3907 6.0781 5.3733
v -1.5858 6.0986 4.9927
v -1.2826 6.5156 4.5540
v -0.8172 6.6487 4.7495
v -0.8238 6.3851 5.5986
v -0.6152 6.6728 4.8745
v -0.6364 6.3369 5.8482
v -0.0692 6.6904 5.0672
v -0.3389 6.4919 5.6645
v -0.5191 6.7112 4.7220
v -0.0557 6.3451 6.0344
v -0.0130 6.7442 4.7786
v -1.0798 6.1623 5.8276
v -0.8796 6.5466 5.0718
v -0.6224 6.5501 5.3596
v -0.8419 7.4013 4.2675
v -0.8805 7.2318 4.1519
v -0.8362 7.4197 4.4869
v -0.7709 7.4876 4.4226
v -0.8218 7.3164 4.1176
v -0.8421 7.1668 4.0723
v -0.7577 7.4249 4.1491
v -0.7440 7.5001 4.3133
v -0.6048 7.5258 4.4075
v -0.5608 7.4693 4.0626
v -0.6796 7.5070 4.5050
v -0.5167 7.4564 4.4967
v -0.5379 7.5175 4.3387
v -0.4241 7.4276 4.0016
v -0.4612 7.4926 4.0831
v -0.5116 7.5256 4.1873
v -0.4072 7.2712 3.9105
v -0.4586 7.4076 4.4389
v -0.4212 7.5086 4.1925
v -0.4342 7.4795 4.2971
v -0.5837 7.4883 4.6349
v -0.4633 7.6514 4.3831
v -0.4461 7.6568 4.3440
v -0.4750 7.3728 4.8280
v -0.3458 7.4552 4.7465
v -0.3041 7.5005 4.6454
v -0.4671 7.5971 4.3588
v -0.4257 7.6393 4.3335
v -0.4692 7.5543 4.3969
v -0.4327 7.4306 4.4306
v -0.2798 7.3691 3.9892
v -0.3962 7.4910 4.5971
v -0.4613 7.4361 4.3714
v -0.3938 7.4708 4.4053
v -0.3945 7.6620 4.3429
v -0.3706 7.5004 4.4750
v -0.3176 7.4719 4.0756
v -0.2361 7.4933 4.1636
v -0.3351 7.1527 3.8949
v -0.4100 7.6850 4.4195
v -0.3925 7.6448 4.4112
v -0.3440 7.7022 4.3977
v -0.3764 7.7323 4.3974
v -0.3764 7.7235 4.3635
v -0.4093 7.4457 4.3566
v -0.2766 7.5271 4.3384
v -0.3555 7.7059 4.3606
v -0.3640 7.2568 4.8803
v -0.2115 7.3576 4.7790
v -0.2028 7.2348 4.8311
v -0.2091 7.4727 4.6545
v -0.1758 7.4551 4.1441
v -0.1193 7.4909 4.4406
v -0.0686 7.4343 4.5151
v -0.0445 7.3673 4.2078
v -0.0480 7.4287 4.3708
v -0.7344 7.4741 4.5657
v -0.6961 7.3270 4.0065
v -0.6723 7.5244 4.2612
v -0.2729 7.5339 4.4431
v -0.9331 7.1972 4.5357
v -0.9548 7.1717 4.3968
v -0.9568 7.0705 4.3567
v -0.9204 6.9339 4.4974
v -0.9254 6.9471 4.2962
v -0.9169 7.1297 4.1905
v -0.8988 7.3416 4.4398
v -0.9189 7.2846 4.3158
v -0.9037 7.0631 4.6275
v -0.8496 7.3371 4.6081
v -0.8267 7.2760 4.6932
v -0.8330 6.9069 4.6715
v -1.1560 6.5752 4.4913
v -0.8231 6.7667 4.4840
v -0.8209 7.4477 4.3562
v -0.8371 7.1057 4.7285
v -0.7540 6.6845 4.3891
v -0.7481 7.3715 4.7052
v -0.6898 7.1370 4.8459
v -0.7377 6.9431 4.7870
v -0.7200 7.2725 4.7938
v -0.6339 7.4567 4.6915
v -0.6074 6.8059 4.7807
v -0.6622 7.3986 4.7459
v -0.6156 6.9919 4.8668
v -0.5387 7.2433 4.8811
v -0.5429 7.1254 4.9002
v -0.3523 7.1433 4.9000
v -0.6121 6.6989 4.6748
v -0.7169 6.6862 4.5458
v -0.5189 6.9010 4.8611
v -0.3600 6.7235 4.7354
v -0.3444 6.9345 4.8699
v -0.3975 6.9007 3.9261
v -0.5017 7.0142 3.8908
v -0.2759 6.8435 3.9848
v -0.2581 6.9700 3.9349
v -0.2443 6.8233 4.7738
v -0.2336 7.1228 3.9267
v -0.2777 6.7313 4.7185
v -0.1589 6.7524 4.6401
v -0.1580 7.0543 4.8179
v -0.1211 7.2395 4.0185
v -0.1403 6.9580 4.0056
v -0.1457 6.9450 4.7799
v -0.1312 7.3712 4.0895
v -0.3444 6.6828 3.5004
v -0.2701 6.7646 4.0528
v -0.1017 6.7787 4.1978
v -0.1024 7.0898 4.7783
v -0.0886 6.8679 4.6766
v -0.0798 7.3011 4.7031
v -0.0704 6.8988 4.1051
v -0.1407 7.4021 4.6853
v -0.0764 7.0291 4.0426
v -0.0348 7.0247 4.6950
v -0.0357 7.2604 4.1228
v -0.0864 6.7673 4.5376
v -0.0178 6.8682 4.2317
v 0.0159 7.2595 4.5703
v -0.0047 7.2076 4.6448
v -0.0019 7.3520 4.4905
v 0.0110 6.9041 4.5200
v -0.0603 6.7770 4.2962
v -0.1137 7.4719 4.2830
v -0.0523 6.7786 4.4245
v 0.0304 7.0346 4.2079
v 0.0208 6.8919 4.3445
v 0.0356 7.0457 4.5700
v -0.0361 7.1829 4.0904
v 0.0670 7.1640 4.3757
v 0.0572 7.1254 4.2784
v 0.0622 7.0241 4.4348
v 0.2840 6.7552 4.4328
v -1.9061 6.8764 3.9793
v -1.5515 6.8328 4.1246
v -1.5795 6.6384 4.2790
v -1.4391 6.3661 4.7057
v -1.5346 6.8912 3.8965
v -1.6164 6.9171 4.0058
v -1.4769 6.4762 4.5048
v -1.5061 6.6988 4.2391
v -1.3085 6.7008 4.1504
v -1.2133 6.5952 3.6137
v -1.2870 6.7274 3.9562
v -1.3507 6.5821 4.4112
v -1.6379 6.1929 4.6774
v -1.1435 6.5027 3.4908
v -1.0491 6.6496 4.1917
v -1.2560 6.7045 3.8305
v -1.0583 6.6618 3.8950
v -1.2153 6.3826 3.3770
v -1.0449 6.6263 3.7256
v -0.8679 6.6455 3.6578
v -0.8660 6.4538 3.2202
v -0.6984 6.7038 3.8450
v -0.8918 6.1486 2.8500
v -0.8814 7.0051 4.1385
v -0.8999 6.8657 4.3559
v -0.8507 6.8076 4.2830
v -0.8198 7.0276 4.0490
v -0.7758 6.8712 4.0756
v -0.7627 7.1280 3.9900
v -0.6452 6.4587 3.1111
v -0.7312 6.6937 4.2504
v -0.6923 6.8993 3.9919
v -0.6103 7.0364 3.9114
v -0.6646 6.7098 4.1423
v -0.3931 6.5924 3.2567
v -0.5516 6.7271 4.0576
v -0.6347 7.3040 3.9612
v -0.5326 7.1415 3.8887
v -0.5797 6.8891 3.9472
v -0.4205 7.1407 3.8817
v -0.4692 6.7392 4.0225
v -0.3764 6.7503 4.0243
v -0.1481 6.5438 3.1244
v 0.2373 6.7554 3.9913
v 0.2927 6.6814 3.4704
v -0.0316 6.0821 2.3959
v 0.3048 6.1396 2.5077
v -1.5301 6.8662 4.0455
v -2.4933 6.3996 3.6386
v -2.4238 6.5526 3.7281
v -2.4998 6.3912 3.6991
v -2.4429 6.2983 3.5565
v -2.4517 6.5974 3.6525
v -2.4337 6.5422 3.5666
v -2.4155 6.6422 3.6126
v -2.2252 6.8320 3.7340
v -2.3793 6.1941 3.5027
v -2.3879 6.5914 3.5457
v -2.3643 6.3327 3.7365
v -2.4117 6.0611 3.8508
v -2.2987 6.3720 3.4449
v -2.2411 6.8349 3.7013
v -2.2492 6.0564 3.4559
v -2.2065 6.6457 3.7143
v -2.2543 6.7473 3.7396
v -2.1653 6.7207 3.5177
v -2.3238 6.7395 3.6159
v -2.2652 6.1808 3.4259
v -2.1050 6.3922 3.3815
v -2.2100 6.7880 3.5838
v -2.0807 6.9246 3.7446
v -2.0765 6.8554 3.8065
v -2.0046 6.7290 3.7477
v -2.0365 6.7521 3.7444
v -2.0387 6.1822 3.3497
v -1.8643 6.2824 3.3261
v -1.9555 6.8711 3.9308
v -1.9394 6.8125 3.8864
v -1.8428 6.9995 3.8263
v -1.9234 6.9396 3.9133
v -1.9562 6.9056 3.6193
v -1.8050 6.8292 3.5668
v -1.8949 6.4236 4.0722
v -1.9023 6.2729 4.1224
v -1.7002 6.0390 3.3283
v -2.0018 6.9562 3.7019
v -1.8717 6.9808 3.7260
v -1.7942 6.9478 3.6925
v -1.9269 6.4070 4.1088
v -1.9104 6.4157 4.1468
v -1.8180 6.9651 3.9330
v -1.8529 6.7599 3.9868
v -1.7903 6.7204 4.1081
v -1.8921 6.3886 4.0568
v -1.9087 6.3322 4.0801
v -1.7235 6.4018 3.3447
v -1.8084 6.6838 4.0581
v -1.7548 6.6217 4.0208
v -1.7718 6.5401 4.0709
v -1.7585 6.4413 4.0333
v -1.7868 6.5403 4.1367
v -1.6901 6.5413 4.2757
v -1.7549 6.9889 3.8810
v -1.7687 6.2802 3.9601
v -1.6722 6.6022 3.9622
v -1.6554 6.8854 3.6806
v -1.3356 6.4542 3.4210
v -1.6466 6.5301 3.9747
v -1.4981 6.1537 3.2920
v -1.6909 6.6407 3.9199
v -1.7124 6.6445 3.8916
v -1.6495 6.5016 3.9541
v -1.6119 6.4998 3.3888
v -1.4358 6.0208 3.2381
v -1.1384 6.4143 3.3826
v -1.9805 6.7149 3.4852
v -1.8464 6.7343 3.8257
v -1.3119 6.2522 3.3057
v -2.4406 6.0676 3.6713
v -2.4774 6.1304 3.7862
v -2.4779 6.2112 3.6382
v -2.4236 6.2773 3.7765
v -2.4191 5.9844 3.8263
v -2.4041 6.0893 3.5795
v -2.3934 5.9421 3.7988
v -2.2998 5.9704 3.5644
v -2.3171 6.1651 3.7861
v -2.1752 5.8894 3.9577
v -2.2366 5.7804 3.8710
v -2.0852 5.7573 3.9687
v -2.1276 5.7237 3.9250
v -1.9589 5.9134 3.9578
v -2.1252 6.0850 3.3904
v -1.9555 6.0634 3.9041
v -1.9783 5.7851 4.3583
v -2.0889 5.5193 4.6313
v -1.9273 6.0191 4.2163
v -2.0008 5.7275 4.0518
v -1.8676 5.9738 3.9800
v -1.8744 5.9270 4.0225
v -1.7794 6.0523 4.5650
v -1.8327 6.0039 4.0777
v -1.8502 6.1590 4.3157
v -1.9271 6.3160 4.1495
v -1.8781 6.2772 4.2125
v -1.8956 6.0519 4.1706
v -1.7569 6.3739 3.9328
v -1.8634 6.1930 4.2273
v -1.8665 6.1344 4.2521
v -1.7664 6.3008 4.0098
v -1.6163 5.8859 3.3158
v -1.8104 6.4744 4.1565
v -1.7968 6.1414 4.1561
v -1.7753 6.1093 4.0922
v -2.2870 5.8566 3.9240
v -1.9999 5.7166 4.1184
v -2.2103 4.9510 3.5021
v -1.8876 5.4316 3.5613
v -2.4587 4.6046 3.6136
v -2.0433 4.7427 2.9624
v -2.1563 5.4188 4.2075
v -2.0168 5.6023 3.9684
v -1.9975 5.8074 3.5017
v -1.8631 5.5652 3.5864
v -2.0454 5.6901 3.6867
v -1.8382 5.5367 3.5573
v -1.7795 5.6245 3.4678
v -1.7382 5.5939 3.4327
v -1.1948 5.8270 2.7873
v -1.5403 5.8100 3.2508
v -1.4059 5.9225 3.1742
v -1.3119 5.9591 3.1074
v -1.6083 5.0976 2.3877
v -1.0921 5.9510 2.8026
v -0.6616 5.9621 2.3868
v -1.9594 5.5514 3.7733
v -0.4022 5.7316 1.9564
v -0.0393 5.7574 1.8922
v -0.0659 5.4156 -0.2409
v 0.0695 5.5279 1.3074
v 0.1503 5.4056 0.6530
v -0.1964 5.4475 1.0380
v 0.3535 5.8005 2.0488
v 0.2361 5.4218 0.9139
v 0.4298 5.5479 1.5761
v 0.3260 5.3601 0.4553
v -0.0141 5.8394 2.0478
v 0.5173 5.3044 -0.0708
v 0.7190 5.3553 1.2920
v 0.8427 5.4949 1.8624
v 0.8745 5.1317 0.2179
v 0.7970 5.2156 0.8079
v 0.9012 5.8999 2.4607
v 0.6586 6.2041 2.7495
v 0.8900 5.5457 2.0006
v 1.0869 5.1395 -0.6358
v 1.2335 5.1639 1.5856
v 1.1700 5.3850 2.0468
v 1.0718 5.0699 0.8502
v 1.3858 4.8127 0.2361
v 1.4165 4.8121 -0.0188
v 1.1919 5.8024 2.7234
v 1.3660 5.3150 2.2503
v 1.3966 4.8344 0.7893
v 1.4347 4.8782 -0.5935
v 1.5103 4.9440 1.6422
v 1.7784 5.2084 2.9935
v 1.5596 4.7291 0.8967
v 1.5085 4.6900 0.6155
v 1.5899 4.8188 -0.7309
v 1.6155 4.9716 2.0542
v 1.7842 4.4628 0.4517
v 1.8561 4.9813 2.8025
v 1.7595 4.5107 0.7403
v 1.8259 4.6233 1.6695
v 1.9886 4.2722 0.9091
v 1.8152 4.3983 0.5825
v 2.0793 4.6320 2.6759
v 1.9802 4.2252 0.5434
v 2.0307 4.4060 1.8955
v 2.1576 3.9878 0.2102
v 1.7780 4.5737 -0.4706
v 2.3558 3.8745 -0.5556
v 2.0657 4.1365 1.0006
v 2.1073 4.2451 1.7534
v 2.1444 4.0501 0.7264
v 0.5713 5.7264 2.0297
v 0.6340 5.9828 2.3936
v 2.0385 4.3147 1.4921
v 2.1787 3.9706 1.0799
v 2.0520 4.8239 3.0928
v 2.2219 4.4949 3.1684
v 2.2924 4.3827 2.8775
v 2.5514 3.9156 2.7869
v 2.3981 4.7002 3.5603
v 2.2099 3.9093 0.5709
v 2.3736 3.6662 0.5286
v 2.3969 4.2861 3.4184
v 2.3376 3.6181 0.7656
v 2.3626 3.5945 1.1411
v 2.4321 3.4930 1.2011
v 2.4090 3.5532 0.8856
v 2.5536 3.2862 0.5644
v 2.4214 3.6615 -0.0453
v 2.4450 3.5644 0.3204
v 2.4502 3.5459 0.1166
v 2.4137 3.7158 1.8529
v 2.5473 4.0046 3.2968
v 2.4867 4.4018 3.5508
v 2.5396 4.0023 3.5917
v 2.4167 3.5041 0.9906
v 2.4154 3.4604 1.3003
v 2.4699 3.3928 1.3490
v 2.5346 4.0419 3.6077
v 2.5145 3.3750 0.8153
v 2.4969 3.3050 1.0897
v 2.5075 3.5059 1.9011
v 2.4882 3.3211 1.4607
v 2.5921 3.2465 0.0201
v 2.5832 3.2315 0.7858
v 2.5498 3.1750 1.5909
v 2.5931 2.9617 1.0967
v 2.6033 2.9521 1.2868
v 2.6117 2.9250 1.5972
v 2.5554 1.1648 1.0684
v 2.6740 1.4749 0.6574
v 2.6896 2.0011 1.2352
v 2.5284 1.2158 1.2972
v 2.6423 2.6372 1.1847
v 2.6947 2.7419 0.6467
v 2.6288 2.5299 1.3570
v 2.6387 1.9778 1.4813
v 2.6524 2.4129 1.3556
v 2.7383 2.3243 1.7888
v 2.9698 2.6803 2.4971
v 2.9529 3.1412 2.9432
v 2.7348 2.0612 1.7918
v 2.8792 3.3889 3.2114
v 2.7357 2.2806 0.7868
v 2.6661 3.5781 3.9099
v 2.7737 1.9579 -0.4559
v 2.9494 3.2313 3.4313
v 3.0143 3.0834 3.1964
v 3.0352 2.9595 3.0450
v 3.0879 2.7528 3.5997
v 3.0748 2.9140 3.2997
v 3.1501 2.5377 3.2380
v 2.3853 3.6723 1.4680
v -2.1971 3.9105 0.5610
v -2.1493 3.9850 0.2410
v -2.2411 4.4463 2.8789
v -2.1344 4.0181 1.0579
v -2.2144 4.0386 1.7416
v -2.0913 4.2114 1.4751
v -2.1373 4.0439 0.6427
v -1.9686 4.2847 0.9200
v -2.0711 4.0789 0.2312
v -1.8903 4.3966 -0.2679
v -2.0146 4.2077 1.0644
v -1.8808 4.5825 1.8286
v -1.7564 4.5201 0.8707
v -1.8201 4.3966 0.7510
v -1.8122 4.3827 0.5946
v -1.8320 5.0898 2.9615
v -1.2118 5.2478 1.8178
v -1.4172 5.0306 1.6698
v -1.5061 4.6956 0.6956
v -1.3029 4.8662 0.2760
v -1.5979 4.6589 0.7330
v -1.0589 5.0646 0.8110
v -1.0338 5.5385 2.1438
v -0.9633 5.0963 0.5886
v -0.6943 5.2152 0.3349
v -1.0160 5.4220 1.9213
v -0.5116 5.3613 0.9847
v -0.8757 5.8917 2.4358
v -0.8100 5.6261 2.0580
v -0.4747 5.5314 1.5889
v -0.3841 5.3338 0.0366
v -0.3580 6.0900 2.4472
v -0.0773 5.5011 1.2253
v -0.2236 5.3866 0.5533
v 0.0409 5.4011 -0.0100
v -1.7589 4.4798 0.4844
v -1.4269 4.8629 -0.5428
v -3.0441 2.5910 2.7359
v -3.1270 2.0845 2.7972
v -3.1423 2.4547 3.1289
v -3.1283 2.5724 3.4816
v -3.0734 2.8524 3.1961
v -3.0548 2.8917 3.4981
v -2.9499 2.6001 2.4258
v -3.0334 3.0056 3.3242
v -3.0001 2.9897 2.9731
v -2.9377 3.2217 3.4628
v -2.9299 2.3215 2.2780
v -2.8335 3.4609 3.3221
v -2.8738 3.3331 3.0286
v -2.9176 2.8498 2.5030
v -2.7497 2.3770 1.8616
v -2.7162 2.0167 1.7846
v -2.6162 2.9088 1.6493
v -2.7486 2.2248 0.4919
v -2.7356 1.8827 0.4278
v -2.4921 3.6148 2.0476
v -2.5000 3.3062 1.6188
v -2.5639 3.8611 2.7615
v -2.6819 1.6408 0.8261
v -2.6921 2.3362 1.0272
v -2.6711 1.9581 1.2581
v -2.6778 2.3956 1.6242
v -2.6151 2.5449 1.3473
v -2.6337 1.9875 1.5183
v -2.5402 3.2855 0.8738
v -2.6468 2.2235 1.3915
v -2.6415 2.5725 1.1662
v -2.6276 1.3203 0.6054
v -2.6037 1.7747 1.5485
v -2.6163 2.6806 1.4190
v -2.5772 3.0225 1.2510
v -2.5608 3.0552 1.0861
v -2.5393 3.1252 1.4905
v -2.5651 1.4074 1.7538
v -2.5101 3.3603 0.8158
v -2.5150 3.3380 0.5818
v -2.4182 3.4802 1.1112
v -2.4616 3.3813 1.3653
v -2.4631 3.3395 1.1593
v -2.4280 3.5764 0.3074
v -2.4117 3.4289 1.2581
v -2.3920 3.6217 0.1599
v -2.4895 3.7040 -0.8484
v -2.4094 3.5173 1.2468
v -2.3759 3.5826 0.9063
v -2.3458 3.7029 1.3497
v -2.3072 3.7572 0.6697
v -2.5840 1.7167 1.4659
v -2.4941 1.4909 1.4793
v -2.3545 3.5859 0.6940
v -2.3350 3.6197 1.1302
v -0.2191 5.0924 7.7768
v -0.0621 4.5884 7.7411
v 0.1493 4.5528 7.7244
v 0.1824 4.1855 7.7280
v 0.3197 4.7138 7.6702
v 0.4186 4.2546 7.6963
v 0.3590 5.0652 7.7227
v 0.3151 4.8354 7.6570
v 0.3621 4.7453 7.6337
v 0.4250 4.7644 7.5848
v 0.5162 4.8978 7.5123
v 0.4244 4.8679 7.4282
v 0.6065 4.3462 7.6270
v 0.6225 4.0735 7.6437
v 0.5134 3.7499 7.5877
v 0.5246 3.6813 7.4907
v 0.3473 4.6000 7.6622
v 0.4787 3.6505 7.4442
v 0.8998 4.0984 7.4878
v 0.9020 3.6434 7.2395
v 0.9082 4.3694 7.4421
v 0.7813 4.7788 7.3974
v 1.1040 4.4979 7.1821
v 1.1271 4.1056 7.2577
v 0.0310 4.9382 7.7822
v 0.5343 3.9111 7.6568
v 0.8071 3.8325 7.4958
v 0.8416 4.2843 7.5142
v -0.7199 4.2878 7.5783
v -0.4938 4.0556 7.6836
v -0.5704 4.7262 7.5586
v -0.4739 3.6195 7.4379
v -0.3722 3.5523 7.4642
v -0.5542 4.2753 7.6532
v -0.7054 3.6192 7.2468
v -0.5989 3.6838 7.4785
v -0.4118 3.7168 7.5409
v -0.4328 3.7680 7.6120
v -0.6507 3.8360 7.5839
v -0.4731 3.8559 7.6558
v -0.6232 3.6383 7.3174
v -0.4915 3.6701 7.4263
v -0.5233 3.3271 7.2252
v -0.3120 4.6490 7.6676
v -0.3175 4.0240 7.7192
v -0.3528 3.6489 7.5047
v -0.3689 3.7143 7.4991
v -0.3787 4.7379 7.6178
v -0.3278 3.7801 7.6186
v -0.2910 3.8721 7.6845
v -0.1421 3.4188 7.4473
v -0.3125 4.8190 7.6439
v -0.1656 3.5779 7.5337
v -0.2119 3.7793 7.5292
v -0.2387 4.0459 7.7267
v -0.0942 4.4776 7.7100
v -0.1124 4.6177 7.7465
v -0.2802 5.0103 7.7497
v -0.1560 3.9393 7.6998
v -0.1323 3.7158 7.5537
v -0.0548 4.2607 7.7081
v 0.0019 3.5761 7.5463
v -0.0005 4.0166 7.6796
v -0.1099 3.8248 7.5265
v 0.0185 3.8830 7.6339
v 0.0101 4.5924 7.7039
v 0.0102 4.4597 7.6688
v 0.0111 4.1367 7.6929
v 0.0722 4.4700 7.7022
v -0.0043 3.3710 7.4199
v 0.0683 3.8292 7.5199
v 0.2553 3.7166 7.5355
v 0.1209 4.0403 7.7178
v 0.1979 3.7847 7.5338
v 0.0352 3.8544 7.6086
v 0.2206 3.5090 7.4934
v 0.2830 3.8469 7.6708
v 0.3067 3.7630 7.5930
v 0.3287 3.6078 7.5079
v 0.3162 4.0318 7.7206
v 0.3055 3.7432 7.5225
v 0.4206 3.5764 7.4616
v 0.4132 3.6968 7.4809
v 0.5291 3.6632 7.4017
v -0.6716 4.7085 7.4986
v -0.3543 4.7732 7.6094
v -0.4043 3.2132 7.1631
v -0.3200 3.1457 7.0980
v -0.3586 2.7827 6.2744
v -0.1265 3.1230 7.0990
v -0.0834 2.9858 6.8416
v 0.3126 2.6458 6.0423
v 0.0040 2.6729 6.1400
v 0.2826 2.3334 5.6664
v 0.2981 3.1794 7.1653
v 0.2900 3.3355 7.3453
v 0.2908 3.0164 6.8726
v 0.4491 3.2429 7.1920
v 0.4793 3.3323 7.2682
v 0.5727 3.5195 7.3461
v 0.6531 3.1142 6.8585
v 0.7755 3.4689 7.1571
v 0.6746 3.3755 7.1827
v 0.7727 3.2956 7.0170
v 0.5086 3.0760 6.8944
v 0.9352 3.7104 7.3063
v 0.6374 3.7156 7.5122
v 0.9312 3.3962 6.8988
v 0.9746 3.5875 7.0442
v 0.6556 3.6498 7.3825
v 0.7088 3.6237 7.2599
v 0.8448 3.5943 7.1074
v 0.8553 3.4734 7.0549
v 1.0684 3.5758 6.9775
v 0.8951 3.5673 6.9598
v 1.2456 3.5619 6.8070
v 0.9992 3.5508 6.9675
v 0.9990 3.4536 6.8865
v 1.0334 3.8030 7.2868
v 1.1255 3.8748 7.2192
v 1.4121 3.8061 6.7962
v 0.9899 3.2498 6.7263
v 0.9916 2.7926 5.8873
v 1.7532 2.7193 5.3784
v 1.9968 3.6095 6.1710
v 1.5847 3.9202 6.6466
v 1.4151 4.1842 6.8249
v 1.9762 3.7701 6.2680
v 1.8564 3.5010 6.2306
v 2.0566 3.2914 5.8463
v 1.8649 3.9760 6.4128
v 2.1282 3.8899 6.1400
v 2.1869 3.4139 5.8249
v 2.5200 3.5716 5.5368
v 2.5658 4.0623 5.5960
v 2.3618 3.3015 5.5099
v 2.5106 3.4116 5.4095
v 2.6146 3.5789 5.3793
v 2.6175 3.3495 5.0627
v 2.5881 3.2442 4.9444
v 0.9901 0.5250 7.9001
v 1.0708 0.5883 7.9710
v 1.0212 0.6657 7.9981
v 1.1794 0.5381 7.8244
v 1.1618 0.3752 7.6322
v 1.0577 0.3965 7.5964
v 1.1830 0.7571 7.9249
v 1.1345 0.6467 7.9563
v 1.1773 0.4943 7.7152
v 1.2013 0.6020 7.8793
v 1.2468 0.2843 7.5103
v 1.2344 0.3705 7.6263
v 1.2663 0.7992 7.8304
v 1.2960 0.2445 7.4102
v 1.2696 0.7049 7.8380
v 1.2600 0.5295 7.7078
v 1.1581 0.2043 7.0830
v 1.2223 0.9891 7.6017
v 1.3337 0.8816 7.6464
v 1.3420 0.3347 7.5319
v 1.3344 0.4811 7.6529
v 1.2355 0.9301 7.5126
v 1.3086 0.9201 7.6039
v 1.2864 0.3375 7.8648
v 1.3005 0.5206 7.7689
v 1.2855 0.2649 7.7622
v 1.2557 0.2946 7.7795
v 1.3573 0.4650 7.6299
v 1.2711 0.2707 7.7921
v 1.3084 0.2878 7.8397
v 1.3292 0.4181 7.8964
v 1.3636 0.9241 7.5916
v 1.3342 0.6047 7.6943
v 1.4207 0.4614 7.9054
v 1.3303 0.5604 7.8534
v 1.3747 0.6712 7.6824
v 1.4084 0.8803 7.6152
v 1.3469 0.6283 7.8102
v 1.4386 0.6838 7.7746
v 1.4295 0.5849 7.8725
v 1.4323 0.3599 7.6209
v 1.4054 0.3615 7.8836
v 1.3216 0.3281 7.8809
v 1.4178 0.2881 7.5509
v 1.3630 0.3877 7.9061
v 1.4206 0.7991 7.6419
v 1.4310 0.3218 7.7429
v 1.5026 0.3623 7.6087
v 1.5044 0.6463 7.7926
v 1.4468 0.7259 7.6097
v 1.5464 0.8922 7.4483
v 1.4949 0.3804 7.8004
v 1.5605 0.4622 7.7736
v 1.4716 0.5744 7.8630
v 1.5597 0.7569 7.6096
v 1.5877 0.1891 7.3636
v 1.5107 0.7483 7.5350
v 1.6462 0.6622 7.6310
v 1.6171 0.7912 7.4354
v 1.5982 0.7461 7.5142
v 1.6075 0.5458 7.7204
v 1.5973 0.2655 7.4827
v 1.6112 0.7211 7.6290
v 1.6697 0.6766 7.5546
v 1.6861 0.7315 7.5014
v 1.3382 0.7767 7.6987
v 1.3544 0.6594 7.7359
v 1.4394 0.7235 7.6713
v 1.5960 0.1139 6.8975
v 1.6630 0.1102 6.7935
v 1.4147 0.2523 7.4497
v 1.4907 0.2298 7.2359
v 1.5797 0.9807 7.0351
v 1.5025 1.0154 6.7595
v 1.5824 0.1633 7.1940
v 1.2602 1.0525 7.3429
v 1.4252 0.9641 7.4655
v 1.4701 0.2798 7.5517
v 1.6600 0.9263 7.0768
v 1.6569 0.1397 7.0985
v 1.6806 0.8154 7.3338
v 1.6847 0.2180 7.3301
v 1.6437 0.4603 7.5844
v 1.6937 0.4322 7.5361
v 1.7319 0.5265 7.5320
v 1.6710 0.5612 7.5879
v 1.7414 0.6763 7.4932
v 1.8057 0.7076 7.3234
v 1.8379 0.5088 7.3191
v 1.7266 0.1749 7.1663
v 1.8352 0.6460 7.2962
v 1.9461 0.4394 6.8751
v 1.9097 0.6353 6.9768
v 1.9780 0.6537 6.7764
v 2.0952 0.4423 6.4731
v 1.6511 0.1568 6.9685
v 1.8291 0.3879 7.2475
v 0.5738 0.5276 7.5357
v 0.5798 0.5250 7.5786
v 0.6056 0.5964 7.6457
v 0.6144 0.7514 7.6109
v 0.5904 0.7350 7.5711
v 0.6061 0.7865 7.4286
v 0.5676 0.5557 7.5744
v 0.6377 0.5548 7.6343
v 0.6497 0.6857 7.6581
v 0.6656 0.6204 7.6648
v 0.6734 0.7939 7.2515
v 0.6417 0.5998 7.4393
v 0.7067 0.6763 7.2991
v 0.6890 0.7742 7.6435
v 0.6310 0.8643 7.5348
v 0.6844 0.9045 7.5268
v 0.6639 0.9132 7.4692
v 0.6861 0.5672 7.6241
v 0.6154 0.5153 7.5667
v 0.8304 0.6856 7.5940
v 0.7354 0.9260 7.2429
v 0.8240 0.6183 7.3672
v 0.7905 0.6220 7.5860
v 0.7800 0.9786 7.3079
v 0.7685 0.5050 7.2544
v 0.8737 0.6508 7.4761
v 0.8559 0.8212 7.5690
v 0.8856 0.9743 7.2533
v 0.8916 0.9626 7.3817
v 0.8247 0.5227 7.3254
v 0.8888 0.3528 7.1779
v 0.9428 0.3817 7.4167
v 0.8436 0.9880 7.3241
v 0.9366 0.5937 7.5750
v 0.9062 0.7194 7.5128
v 0.9163 0.4582 7.4754
v 0.9559 0.8709 7.4180
v 0.9486 0.7934 7.7638
v 0.9288 0.5676 7.9598
v 0.9274 0.5462 7.8924
v 0.9667 0.5895 7.9956
v 0.9510 0.6163 7.9902
v 0.9913 0.6623 7.6381
v 0.9025 0.5987 7.9104
v 0.9743 0.8482 7.8340
v 1.0014 0.7974 7.6176
v 0.9380 0.8185 7.4825
v 1.0049 0.7610 7.9468
v 0.9974 0.9410 7.4691
v 1.0098 0.6095 7.6581
v 0.9698 0.8958 7.3115
v 1.0201 0.9745 7.2439
v 1.0594 0.5278 7.6871
v 0.9605 0.2876 7.1029
v 1.0846 0.8380 7.9212
v 1.0872 0.9996 7.5090
v 1.1139 0.9467 7.5641
v 1.1258 0.4942 7.7070
v 1.1653 1.0366 7.4617
v 1.0367 0.9624 7.7090
v 1.1409 0.8333 7.9138
v 1.2977 0.9998 7.4380
v 1.1101 0.9966 7.7070
v 1.1894 1.0080 7.6657
v 1.1683 1.0052 7.6263
v 0.7477 0.8792 7.5744
v 0.7542 0.7916 7.6339
v 1.0306 0.8740 7.8698
v 1.0105 0.9359 7.7496
v 1.2376 0.9813 7.6822
v 0.6582 0.8461 7.1659
v 0.6840 0.5978 7.0488
v 0.6411 0.7580 7.1871
v 0.6888 0.8965 7.1714
v 0.8042 0.9535 6.9023
v 0.6385 0.8557 7.3467
v 0.7043 0.5701 6.9595
v 0.7260 0.7143 6.8238
v 0.7655 0.6518 6.7297
v 0.7539 0.4851 7.1793
v 0.7555 0.4842 7.0728
v 0.7839 0.6167 7.3426
v 0.7987 0.7976 6.7056
v 0.8319 0.6213 6.6287
v 0.8756 1.0372 7.0479
v 0.8365 0.4521 7.0946
v 0.8762 1.0205 6.9369
v 0.8720 1.0042 7.2087
v 0.8281 0.4609 7.2143
v 0.9368 1.0562 7.0829
v 1.0630 1.0259 7.1680
v 0.9948 1.0539 6.9059
v 0.8658 0.4795 6.9143
v 1.0212 1.0685 6.9846
v 1.2671 0.1104 6.5679
v 1.2340 0.1071 6.3088
v 1.2199 1.0508 6.9907
v 1.0559 1.0111 7.4469
v 1.1260 1.0677 7.2461
v 1.1429 0.2834 7.4532
v 1.3048 1.0617 7.0321
v 0.7053 0.5343 7.0943
v 0.7803 0.5591 6.7906
v 1.1320 0.7856 6.2014
v 1.1220 0.5933 6.2364
v 0.9954 0.5949 6.4356
v 1.0095 0.5562 6.4437
v 1.0376 0.4208 6.3576
v 0.8949 0.3428 7.0436
v 1.2276 0.9505 6.3216
v 1.1987 0.9733 6.5123
v 1.1411 0.8440 6.2133
v 1.1824 0.1943 6.1089
v 1.2016 0.6460 6.1005
v 1.2557 0.3514 5.7943
v 1.2166 0.5752 6.0543
v 1.2479 0.1150 6.1830
v 1.3930 0.1972 5.6386
v 1.3987 1.0269 5.8940
v 1.2529 0.8421 5.7254
v 1.2572 0.7554 5.6699
v 1.2524 0.7486 5.8627
v 1.3266 0.9832 5.7588
v 1.4312 0.4012 4.8434
v 1.3377 0.3595 5.5024
v 1.4494 1.0249 6.5245
v 1.6323 0.1080 5.4042
v 1.6544 1.1211 6.0239
v 1.7031 1.2808 5.4941
v 1.9563 1.0371 6.1997
v 1.7603 0.1476 6.9208
v 1.9255 0.2200 6.3694
v 1.9266 0.7582 6.7840
v 2.0138 0.3149 6.4345
v 2.0443 1.1821 5.7894
v 2.1589 0.7834 6.3655
v 2.2227 0.7108 6.2776
v 1.0748 0.2679 6.2969
v 1.0218 0.8162 6.3939
v 1.1305 0.1723 6.3527
v 1.2678 0.8892 5.8889
v 1.3556 0.2757 5.5568
v 1.6929 0.9491 6.8179
v 2.0655 0.1889 5.7934
v 1.5176 1.9602 5.1349
v 1.4287 2.3392 5.3008
v 0.4449 2.5018 5.7943
v 1.6036 1.8637 5.0931
v 1.6668 1.7931 5.0855
v 1.6707 2.0584 5.1052
v 1.8654 2.4859 5.0571
v 1.7983 2.2775 5.0669
v 1.8601 1.7223 5.1669
v 1.9657 2.0189 5.0463
v 1.9222 1.6665 5.2017
v 1.9648 2.7704 5.2051
v 1.9564 2.5836 5.0012
v 2.0539 1.8651 5.1131
v 2.2955 1.5057 5.1244
v 2.3041 3.0080 5.2007
v 1.8556 3.1183 5.8326
v 2.1012 2.1323 4.9955
v 2.1520 2.8585 4.9810
v 2.0629 1.3653 5.2985
v 2.2972 2.3473 4.8710
v 2.1031 2.7315 4.8457
v 2.3854 1.4540 5.1406
v 2.1889 2.7924 4.7708
v 2.4179 1.5795 5.0313
v 2.4216 1.7787 4.9853
v 2.4722 2.6560 4.6409
v 2.3845 2.8209 4.6745
v 2.3933 3.0160 4.6234
v 2.1251 0.9399 6.1774
v 2.4229 2.3123 4.8274
v 2.3699 3.0182 5.0775
v 2.5240 3.1998 5.0827
v 2.4730 1.4783 5.0557
v 2.5334 2.9346 4.5171
v 2.6180 3.2720 4.7134
v 2.6210 2.3903 4.6336
v 2.5527 1.9133 4.8510
v 2.5184 3.1078 4.4586
v 2.5939 2.7808 4.4865
v 2.7648 1.2064 4.8347
v 2.5908 1.6002 4.8752
v 2.7811 2.2079 4.5029
v 2.5035 0.6524 5.6117
v 2.7784 1.6075 4.6358
v 2.6817 3.3784 4.6169
v 2.6947 3.4008 4.7982
v 2.7825 2.5032 4.3858
v 2.6554 3.3872 4.0703
v 3.0172 0.9357 4.1545
v 2.9776 2.3192 4.1424
v 1.6970 2.5544 5.2652
v 2.3242 1.3064 5.4231
v 2.5221 3.1811 4.4507
v 0.4449 1.6697 5.3759
v -0.3238 1.8518 5.4279
v -0.0094 1.9032 5.4185
v 0.3282 2.1692 5.5518
v -0.3632 2.0799 5.5062
v 0.2842 0.3884 4.5849
v -0.0019 0.6120 4.8184
v 0.5256 1.2504 5.2010
v 0.6063 0.3928 4.5304
v 0.5537 2.2911 5.5905
v 0.7589 2.1129 5.4600
v 0.7430 1.5462 5.2742
v 0.7082 0.4131 4.5255
v 0.8445 1.0683 4.9826
v 0.9452 1.4366 5.1535
v 1.0387 1.0996 4.8501
v 1.1828 0.8601 4.5941
v 1.1855 0.9438 4.6373
v 1.2480 1.3003 4.8331
v 1.3297 1.5749 5.0192
v 1.1786 0.7653 5.1222
v 1.1978 0.7179 5.1801
v 1.2095 1.0101 4.6794
v 1.2210 0.6530 4.8131
v 1.2347 1.1393 4.6861
v 1.2037 0.8976 4.6897
v 1.2657 1.0673 5.1464
v 1.3347 0.4591 4.2845
v 1.2212 1.1931 4.7130
v 1.3818 1.1611 5.2723
v 1.4615 1.6221 5.0180
v 1.2886 1.2728 4.8136
v 1.3423 1.3669 4.9009
v 1.4664 1.3082 5.1368
v 1.4770 1.5317 5.0198
v 1.5622 0.2608 4.4454
v 1.7280 0.1148 4.3351
v 1.7242 1.5401 5.2156
v 1.5310 0.1759 5.2709
v 1.8223 1.3552 5.2922
v 1.7582 1.3885 5.2477
v 2.4770 0.1076 4.1304
v 1.9312 0.1100 5.6886
v 1.8713 1.2862 5.5764
v 1.8269 1.5836 5.2247
v 1.8536 1.1236 6.0193
v 2.3244 0.1464 4.9238
v 2.2501 1.4184 5.2315
v 2.4912 0.5411 5.4914
v 2.1168 0.8493 6.3674
v 2.6252 1.3369 4.9899
v 2.5051 0.8079 5.6426
v 2.5508 0.2797 4.7576
v 0.6766 0.5240 4.6489
v 0.8011 0.5275 4.5932
v 1.1023 0.9157 4.6404
v 1.2092 0.8952 5.4385
v 1.5896 1.6237 5.0827
v 1.6584 1.3593 5.2393
v 1.5348 1.2679 5.2669
v -1.1720 3.5204 6.8184
v -1.4507 3.6449 6.6549
v -1.1466 4.4043 7.1493
v -1.0126 4.2467 7.3619
v -1.5307 3.8913 6.6795
v -0.9568 4.4852 7.3461
v -1.0067 3.5402 6.9544
v -0.9860 3.5968 7.0562
v -0.9394 3.6729 7.2430
v -0.8457 4.0835 7.5174
v -0.9373 3.9152 7.4176
v -0.9559 3.4342 6.8880
v -0.7661 4.7960 7.3964
v -0.7394 3.7460 7.4773
v -0.7861 3.6198 7.2499
v -0.8540 3.5864 7.0549
v -0.7837 3.5939 7.1571
v -0.8732 3.5705 6.9746
v -0.7369 3.9826 7.5768
v -0.8045 3.4704 7.0959
v -0.7522 3.3504 7.0674
v -0.5895 3.1448 6.9460
v -0.4280 2.6130 5.9329
v -0.6456 3.4464 7.2388
v -0.3493 2.4825 5.7936
v -0.8858 3.3321 6.8827
v -1.3077 1.0637 7.0952
v -1.2235 0.9399 7.5147
v -1.1662 0.9564 7.5387
v -1.1618 1.0440 7.4436
v -1.0982 1.0624 7.2872
v -1.0806 1.0292 7.4559
v -1.0698 0.9788 7.7325
v -1.0888 0.9372 7.5723
v -1.1564 1.0000 7.6123
v -1.0400 0.9623 7.6768
v -1.0452 0.9010 7.5882
v -1.0236 0.9501 7.5302
v -1.0259 1.0030 7.4297
v -1.0079 0.9460 7.7316
v -1.0268 0.5631 7.6632
v -0.9067 0.5656 7.8627
v -0.9750 0.8945 7.7401
v -0.9744 0.8770 7.8192
v -1.0740 0.5136 7.6799
v -0.9569 0.5207 7.5921
v -0.9383 0.5351 7.9113
v -0.9655 0.8611 7.5350
v -0.9110 0.9578 7.2762
v -0.9603 0.9043 7.3360
v -0.9852 0.7259 7.6297
v -0.9014 0.7289 7.5076
v -0.9676 0.6233 8.0000
v -0.9437 0.5970 7.5946
v -0.9072 0.6097 7.9541
v -0.8949 0.6110 7.8872
v -0.8213 0.7330 7.5983
v -0.9074 0.3989 7.4055
v -0.9449 0.4589 7.5360
v -0.8597 0.4912 7.4163
v -0.8897 0.9603 7.3734
v -0.7767 0.9600 7.2185
v -0.8150 0.4767 7.2543
v -0.7671 0.6663 7.6258
v -0.8576 0.6417 7.4609
v -0.7766 0.9790 7.2810
v -0.7501 0.7492 7.6419
v -0.9357 0.8459 7.4516
v -0.7217 0.8227 7.6210
v -0.9151 0.8720 7.4616
v -0.6997 0.9411 7.4131
v -0.8172 0.6097 7.3695
v -0.7607 0.6177 7.3270
v -0.7732 0.9777 7.0309
v -0.7523 0.4759 7.1683
v -0.6356 0.6657 7.6640
v -0.6622 0.9009 7.3129
v -0.6260 0.8508 7.5644
v -0.6773 0.7338 7.2696
v -0.6455 0.6603 7.3829
v -0.7223 0.6483 7.3095
v -0.6643 0.7635 7.6452
v -0.6320 0.8020 7.1688
v -0.6934 0.8961 7.0544
v -0.6356 0.7861 7.2024
v -0.6771 0.5857 7.0005
v -0.6299 0.7477 7.1820
v -0.6052 0.7302 7.6260
v -0.6116 0.8698 7.4591
v -0.7002 0.8898 7.2269
v -0.6431 0.8554 7.3066
v -0.5937 0.8189 7.5464
v -0.6111 0.5604 7.6347
v -0.5690 0.6109 7.6202
v -0.5868 0.7730 7.4542
v -0.5820 0.5126 7.5476
v -0.5655 0.5236 7.5737
v -0.5628 0.5307 7.5286
v -0.8160 0.9620 7.4092
v -0.7490 0.8694 7.5781
v -1.3779 0.9457 7.5471
v -1.4673 0.9522 7.4346
v -1.4058 0.4917 7.9044
v -1.4825 0.4590 7.8594
v -1.4268 0.3774 7.8734
v -1.3863 0.4155 7.9093
v -1.3779 0.6112 7.8512
v -1.3324 0.7638 7.6896
v -1.3401 0.4959 7.8891
v -1.3247 0.3540 7.8977
v -1.3424 0.2868 7.8003
v -1.3272 0.3214 7.8800
v -1.3152 0.5729 7.8308
v -1.3246 0.6109 7.6957
v -1.3333 0.6491 7.7549
v -1.3005 0.9908 7.4489
v -1.2466 0.3019 7.7848
v -1.2948 0.6159 7.7060
v -1.2288 1.0534 7.3712
v -1.2841 0.7580 7.8045
v -1.2930 0.9069 7.6943
v -1.3292 0.8753 7.6463
v -1.3035 0.5219 7.6801
v -1.2830 0.3946 7.8676
v -1.2567 0.6355 7.8153
v -1.2900 0.9313 7.5729
v -1.2314 0.7860 7.8695
v -1.2526 0.2721 7.7779
v -1.2838 0.3155 7.8663
v -1.2115 0.4179 7.6578
v -1.2039 0.5802 7.8447
v -1.1990 0.5059 7.7037
v -1.1910 0.7299 7.9189
v -1.2043 0.9864 7.6955
v -1.1982 1.0043 7.6371
v -1.1498 0.6223 7.9332
v -1.1417 0.8135 7.9225
v -1.1395 0.9818 7.7313
v -1.1332 0.5302 7.8370
v -1.0084 0.5629 7.9698
v -1.1286 0.6701 7.9610
v -1.0547 0.7312 7.9815
v -1.0306 0.8422 7.9089
v -0.9394 0.5764 7.9803
v -1.7041 0.4952 7.5341
v -1.7289 0.7243 7.4467
v -1.7233 0.6595 7.5027
v -1.6720 0.5886 7.5599
v -1.6165 0.8078 7.4145
v -1.7386 0.7711 7.3356
v -1.6473 0.5024 7.5790
v -1.6714 0.2393 7.3566
v -1.5662 0.5857 7.7603
v -1.6302 0.7074 7.5963
v -1.5542 0.4581 7.7655
v -1.5039 0.2335 7.4830
v -1.6557 0.6822 7.5476
v -1.4718 0.5829 7.8544
v -1.5339 0.1860 7.3653
v -1.4506 0.6372 7.8275
v -1.4645 0.7395 7.5753
v -1.4009 0.8157 7.6421
v -1.5605 0.7553 7.5066
v -1.5680 0.7622 7.5721
v -1.3470 0.2977 7.4670
v -1.3962 0.7137 7.6569
v -1.4343 0.2633 7.5281
v -1.3858 0.8832 7.6204
v -1.4160 0.3477 7.6067
v -1.3868 0.6819 7.7700
v -1.2811 0.2692 7.7532
v -1.3684 0.3034 7.5439
v -1.3348 0.3626 7.5677
v -1.2765 0.2593 7.4491
v -1.3434 0.4293 7.6197
v -1.1315 0.3802 7.6196
v -1.0709 0.3706 7.5753
v -1.5429 0.2947 7.5407
v -1.5524 0.3828 7.5903
v -1.1656 0.2702 7.4453
v -1.9608 0.6401 6.7996
v -1.9289 0.7746 6.7379
v -2.1151 0.8151 6.3965
v -2.0101 0.3629 6.5508
v -1.7414 0.1482 6.9774
v -2.1363 0.9177 6.1856
v -1.6859 0.9513 6.7882
v -1.8096 0.3974 7.2689
v -1.8763 0.6522 7.0448
v -1.7385 0.1899 7.1476
v -1.8493 0.4880 7.2402
v -1.7918 0.5821 7.3999
v -1.6025 0.1138 6.8841
v -1.6550 0.1836 7.2920
v -1.6591 0.1347 7.0323
v -1.6594 0.1462 6.9061
v -1.5848 0.1716 7.0465
v -1.5233 0.9880 7.1284
v -1.4093 0.2421 7.4464
v -1.4308 0.1617 7.0472
v -1.1794 1.0475 6.9442
v -1.0385 0.2335 7.0206
v -1.0593 1.0391 7.1314
v -0.9524 1.0620 6.9758
v -1.0705 0.2336 6.3343
v -0.8836 1.0235 6.9175
v -0.8731 1.0368 7.0922
v -0.8600 0.3753 7.1231
v -0.9400 0.5266 6.6389
v -0.9592 0.4576 6.5446
v -0.9666 0.3219 7.3323
v -0.8234 0.5817 6.6587
v -0.9073 0.5024 6.7637
v -1.1650 0.8601 6.1544
v -0.7498 0.5185 6.9092
v -0.8489 0.4598 6.9749
v -0.7299 0.7347 6.7776
v -0.7507 0.4846 7.0372
v -0.7072 0.5408 6.9609
v -0.7090 0.6471 6.8353
v -0.7060 0.9279 7.1444
v -0.7329 0.5240 7.2408
v -1.3966 0.1094 6.7890
v -1.0364 0.7989 6.3400
v -0.7710 0.8650 6.7948
v -2.5205 0.6266 5.4971
v -2.3375 0.6463 6.0083
v -2.1989 0.8587 6.1731
v -2.4546 0.2733 5.0341
v -2.3211 0.5286 5.9636
v -2.4695 0.8179 5.6952
v -1.9594 0.4693 6.8172
v -1.8982 0.1878 6.2483
v -1.9540 0.1097 5.5861
v -1.9412 1.0386 6.2115
v -1.5832 1.0016 6.7189
v -1.7303 0.1156 6.5869
v -1.2452 0.1152 6.1577
v -1.4920 1.1091 5.7830
v -1.6602 0.1068 5.3023
v -1.5271 0.1742 5.2613
v -1.4313 1.0204 6.7295
v -1.3974 0.1657 5.6979
v -1.3066 0.9613 5.8634
v -1.1753 0.9467 6.4024
v -1.5799 1.3176 5.2397
v -1.3231 0.3522 5.5317
v -1.3198 0.2606 5.6649
v -1.2776 0.6415 5.6913
v -1.3734 0.4881 4.8229
v -1.2520 0.7115 5.5051
v -1.2333 0.8904 6.0082
v -1.2463 0.5973 5.9230
v -1.2345 0.9562 5.4825
v -1.2963 1.1536 5.0723
v -1.2223 0.3262 5.8625
v -1.1816 0.8802 5.3287
v -1.1613 0.6205 6.1547
v -1.2340 0.1099 6.4862
v -1.0927 0.1851 6.4566
v -1.1742 0.7355 5.0786
v -1.0734 0.2904 6.2470
v -1.0061 0.6325 6.3745
v -0.8047 0.6487 6.6334
v -0.5892 1.5685 5.3183
v -0.4519 0.4317 4.5868
v 0.2249 1.4282 5.3063
v 0.1133 0.7542 4.9188
v 0.5012 1.0704 5.1117
v -1.8173 1.1126 6.0800
v -1.2463 0.8510 5.7953
v -0.4432 1.1370 5.1570
v -2.8280 2.4727 4.3205
v -2.4870 2.6713 4.6181
v -2.3960 3.0437 5.0233
v -2.5956 3.2778 4.9547
v -2.5902 3.5062 5.3290
v -2.4014 3.4939 5.6237
v -2.4127 3.0756 5.0935
v -2.4289 3.0973 4.6083
v -2.3423 3.0477 5.1847
v -2.3925 2.9486 4.6176
v -2.0243 3.7232 6.1896
v -2.4200 3.0584 4.5827
v -2.2786 3.3385 5.6361
v -2.2594 2.8843 4.7338
v -2.2119 2.9188 5.1402
v -2.1654 2.8779 4.9538
v -2.0385 3.2621 5.8205
v -1.9929 2.5799 4.9442
v -2.1414 2.7849 4.8081
v -2.0239 2.8373 5.2473
v -2.0995 3.8823 6.1579
v -1.8881 3.8412 6.3601
v -1.9058 2.7213 5.2090
v -1.7980 3.3957 6.1806
v -1.6496 2.6613 5.3834
v -1.8295 3.0891 5.8069
v -1.5404 2.8637 5.7057
v -1.8101 4.2680 6.4398
v -1.5967 2.5171 5.3005
v -1.5688 2.1508 5.1616
v -1.0693 3.0168 6.2624
v -1.1204 3.7746 7.1474
v -1.0874 4.5585 7.1533
v -1.1230 3.9547 7.2306
v -1.8649 2.5338 5.0693
v -1.4155 4.1669 6.8100
v -1.6331 1.1395 5.9233
v -1.6429 1.4024 5.2216
v -1.6380 0.1406 3.8413
v -1.5238 0.2929 4.4527
v -1.4945 1.5848 5.0320
v -1.4323 0.2600 5.2387
v -1.3788 1.4367 4.9462
v -1.4534 1.2877 5.1597
v -1.1240 2.2428 5.3832
v -1.3223 0.4583 4.2862
v -1.3035 0.5116 4.6397
v -1.3348 1.2885 4.9328
v -1.4248 0.4024 4.7978
v -0.9787 1.5842 5.2055
v -1.2978 1.3817 4.8849
v -1.2826 1.5485 5.0181
v -1.2722 0.4426 4.2510
v -1.2474 0.6041 4.3902
v -1.1943 0.8167 4.5980
v -1.2065 1.1476 4.6806
v -1.2076 1.0302 4.7009
v -1.2357 1.1804 4.7089
v -1.1790 0.7492 5.2375
v -1.2602 0.6115 4.4321
v -1.1898 1.1757 4.7062
v -1.1576 0.9162 4.6226
v -1.0299 1.2102 4.9446
v -1.1781 0.7979 4.5499
v -1.0972 0.9133 4.6392
v -0.8191 0.3198 4.3281
v -0.9278 0.2559 4.1923
v -0.8025 0.8044 4.8174
v -0.4981 2.1497 5.5219
v -0.6904 0.4133 4.5268
v -0.7783 0.6016 4.6702
v -0.6400 2.4298 5.6511
v -0.4056 1.5473 5.3390
v -0.4189 0.2777 4.3630
v -0.0925 2.3498 5.6884
v -1.7563 1.3400 5.3085
v -1.7248 0.1111 4.3579
v -1.6785 1.7941 5.0862
v -1.2321 1.2313 4.7401
v -1.0421 1.4632 5.1157
v -0.7741 1.3634 5.1796
v -0.6403 0.3023 4.4046
v -0.5153 1.0576 5.0977
v -3.1121 2.2472 3.7599
v -3.0529 2.7223 3.7209
v -3.0927 1.1307 3.8849
v -3.0473 2.4973 3.8831
v -2.9793 1.1904 4.2959
v -2.9532 0.8817 4.3018
v -2.9587 2.5322 4.0690
v -2.8925 2.1170 4.3313
v -2.9443 1.5748 4.3366
v -2.5528 0.7385 5.4834
v -2.8436 0.6055 4.3632
v -2.6904 2.2121 4.6026
v -2.6798 1.2680 4.9363
v -2.8411 1.5832 4.5286
v -2.7484 0.4048 4.3127
v -2.6530 0.2268 4.0629
v -2.6590 1.5780 4.7885
v -2.5565 2.3899 4.6856
v -2.5485 1.8776 4.8558
v -2.4335 2.3328 4.8073
v -2.3568 0.2073 5.1231
v -2.5328 0.1120 3.9071
v -2.3566 1.4378 5.1710
v -2.2512 1.1334 5.7262
v -2.1863 1.2068 5.6601
v -2.2364 1.3704 5.3564
v -2.2016 1.9040 5.0531
v -2.1606 2.0917 4.9997
v -1.9485 1.6765 5.1918
v -1.8350 1.6349 5.2090
v -1.8351 1.9078 5.0769
v -1.8206 1.4097 5.2442
v -1.8634 2.1956 5.0449
v -1.7486 1.7723 5.1025
v -1.7360 1.5783 5.2067
v -1.5416 1.9588 5.1264
v -2.4437 1.4079 5.1446
v -2.4538 1.5438 5.0197
v -2.4031 1.8335 4.9812
v -2.3390 1.5594 5.0781
v 0.2972 0.2353 4.3730
v 0.4638 0.2308 4.2643
v 0.1848 0.1068 4.1579
v 0.4121 0.3322 4.4609
v 0.8988 0.2520 4.2006
v 0.8674 0.3162 4.2962
v 1.2875 0.4378 4.2396
v 1.0490 0.1167 4.0067
v 1.3072 0.1132 3.9422
v 1.4664 0.2992 4.0831
v 1.3802 0.4772 4.7400
v 1.7619 0.1098 2.0573
v 1.6209 0.1627 3.8598
v 1.7312 0.1067 3.8559
v 2.1123 0.1101 2.6379
v 2.6118 0.1124 3.1624
v 2.4087 0.5432 2.2255
v 2.6147 0.2225 2.6737
v 2.3736 0.2167 5.1468
v 2.6385 0.1665 3.8275
v 2.5522 0.1122 2.8482
v 2.7853 0.3162 3.8750
v 2.7201 0.4150 4.4909
v 2.3401 0.1167 2.6294
v 2.7416 0.2291 2.9737
v 2.9017 0.5659 4.1165
v 2.6471 0.1769 2.8425
v 2.6560 0.4512 2.4526
v 2.7505 0.4726 2.5440
v 2.8189 0.2834 3.2664
v 2.8172 0.4079 2.7355
v 2.8836 0.4466 2.8565
v 3.0093 0.8017 4.0649
v 2.9429 2.6287 4.0707
v 2.9720 0.5079 3.2975
v 2.9803 0.5754 3.6890
v 3.0252 0.6894 2.9653
v 3.1094 1.1021 3.8524
v 2.9149 1.1938 4.5103
v 3.0067 2.9393 3.6914
v 3.0558 2.5478 3.8670
v 2.9162 1.5793 4.4213
v 3.1032 2.3082 3.8231
v 3.1027 1.0046 2.8955
v 3.0558 0.7030 3.2078
v 3.0811 0.8370 3.7050
v 3.0404 1.2678 2.5742
v 3.1341 1.0398 3.0442
v 3.1188 2.4780 3.6907
v 3.1793 1.8856 3.5276
v 3.1848 1.6061 2.9726
v 3.0777 1.5089 2.6117
v 3.1298 2.6496 3.4503
v 3.1709 1.2081 3.3996
v 3.1823 2.2419 3.3863
v 3.2027 1.6796 3.3037
v 3.1871 1.9728 2.9808
v 0.6390 0.2681 4.3583
v 1.9586 0.2661 1.0396
v 1.6221 0.1101 1.6935
v 1.8853 0.2843 1.5532
v 1.8400 0.1154 2.6705
v 1.8474 0.1141 2.2107
v 2.1620 0.4260 2.1665
v 2.2188 0.4783 2.2804
v 2.0907 0.4824 1.5068
v 2.1535 0.4617 1.1519
v 2.3201 0.6986 1.2236
v 2.3324 0.6619 0.9725
v 2.3575 0.6062 2.0384
v 2.4110 0.8570 1.2091
v 2.4070 0.9325 1.8721
v 2.5601 1.3775 1.7351
v 2.3973 1.0246 1.5410
v 2.5133 0.6192 2.2068
v 2.5618 0.7158 2.1721
v 2.4892 0.9048 0.5920
v 2.3810 0.2572 2.4680
v 2.5418 0.3887 2.4084
v 2.5353 0.2659 2.5298
v 2.6231 1.3208 1.9075
v 2.5810 1.1217 0.3898
v 2.5134 1.5161 1.4824
v 2.6861 1.8029 1.7581
v 2.8499 1.3584 2.2256
v 2.6766 1.6124 0.9558
v 2.8419 0.9133 2.3698
v 2.9136 1.0558 2.4067
v 2.9248 0.6811 2.6463
v 3.0135 0.9022 2.6761
v 2.9408 1.9488 2.2504
v 3.1519 1.8256 2.8018
v 2.9806 2.4111 2.3935
v 3.1530 2.2805 2.9515
v 2.0836 0.4786 1.6380
v 2.2487 0.7478 1.6132
v 2.4687 1.2363 1.5132
v 2.5800 1.6542 1.4412
v -3.0604 0.8674 3.8355
v -3.1124 1.0169 3.6793
v -3.0495 0.7117 3.2863
v -3.0237 0.7656 3.8761
v -2.7926 0.2698 3.3407
v -2.7302 0.2157 3.0654
v -2.6797 0.1651 3.2204
v -1.7107 0.1085 3.8541
v -1.3092 0.1150 3.9459
v -1.4670 0.2768 4.0655
v -1.0748 0.3646 4.2565
v -0.6078 0.1074 4.0508
v -0.2421 0.1967 4.3249
v -0.1028 0.1071 4.1883
v -0.0050 0.2267 4.4069
v -2.8832 0.4619 3.8546
v -0.4291 0.1095 3.9947
v -3.1793 1.7649 2.9900
v -3.1939 1.7069 3.2326
v -3.1868 1.9684 3.0882
v -3.1755 1.8078 3.4697
v -3.1252 1.5749 2.7760
v -3.1282 1.0647 3.0622
v -3.1322 1.0158 3.3478
v -3.0995 1.1018 2.8567
v -3.0643 1.8811 2.5763
v -2.9875 1.1177 2.5351
v -3.0570 0.8387 2.9341
v -2.9871 0.6059 3.0210
v -2.9181 0.5660 2.7941
v -2.8553 0.7058 2.5251
v -2.8490 0.9519 2.3778
v -2.9494 0.5029 3.5063
v -2.8463 0.3326 3.1998
v -2.7973 0.3274 2.8952
v -2.8146 1.2918 2.2164
v -2.7802 0.4757 2.5984
v -2.6098 0.8486 2.1514
v -2.3056 0.7146 1.8611
v -2.6217 0.1803 2.7991
v -2.6364 0.3144 2.5841
v -2.5705 0.6428 2.2493
v -2.5818 0.1116 2.9847
v -2.4533 0.1146 2.7068
v -2.4936 0.3703 2.4037
v -2.5657 1.3718 1.2635
v -2.4581 1.2300 1.4549
v -2.3065 0.1116 2.6299
v -2.4600 1.0401 1.2863
v -2.5205 1.0919 1.0689
v -2.3430 0.5851 2.0938
v -2.4241 0.5427 2.2325
v -2.2822 0.5943 1.9528
v -2.4913 0.9611 0.8515
v -2.4466 0.9243 1.1171
v -2.3543 0.9726 1.5660
v -2.3642 0.2883 2.4374
v -2.3592 0.6913 0.5468
v -2.2593 0.6040 1.1277
v -1.9670 0.2311 2.5444
v -2.0144 0.4144 1.5876
v -2.1363 0.4242 2.0922
v -2.2442 0.5095 2.2489
v -2.1229 0.1110 2.6297
v -2.0487 0.3466 0.9790
v -1.8721 0.1143 2.3951
v -1.8258 0.1123 2.6687
v -1.6920 0.1122 1.2014
v -1.7744 0.2226 1.6375
v -1.5427 0.1069 1.4892
v -1.7281 0.1151 1.9902
v -2.4554 1.2432 1.5236
v -2.1985 0.6719 1.6306
v 1.8697 4.4111 -0.1321
v 2.6686 3.4045 -1.0796
v 2.7555 2.8025 -0.6402
v 2.7014 1.6821 -1.4249
v 2.6993 1.6277 -1.2655
v 2.7686 3.2156 -1.3467
v 2.7378 1.8296 -1.3313
v 2.7449 2.5357 0.4200
v 2.8077 2.6800 -1.1467
v 2.7973 1.8657 -1.4447
v 2.8380 2.7801 -1.3788
v 2.6372 1.5559 -1.4379
v 2.9640 1.5434 -1.4128
v 3.1362 2.1423 -1.6360
v 1.9542 0.2398 -0.9340
v 2.1181 0.3803 0.2873
v 1.7987 0.1128 -0.2159
v 2.3954 0.7481 -0.3678
v 2.7575 2.0218 0.4428
v 2.4281 0.5389 -0.3553
v 2.3721 0.7113 -0.4141
v 2.4775 0.6303 -0.4221
v 2.4332 0.4128 -0.5944
v 2.4119 0.4652 -0.3477
v 2.4496 0.3641 -0.5831
v 2.5067 0.2947 -0.5612
v 2.4709 0.5174 -0.3011
v 2.4324 0.7899 -0.6065
v 2.4078 0.7644 -0.5039
v 2.5380 0.1897 -0.6102
v 2.4349 0.1597 -0.7261
v 2.4479 0.2546 -0.2287
v 2.4832 0.2304 -0.2282
v 2.4967 0.2892 -0.2021
v 2.5181 0.5931 -0.3356
v 2.5370 0.7114 -0.5669
v 2.4613 0.2321 -0.2946
v 2.5583 0.5386 -0.2891
v 2.4955 0.6567 -0.4607
v 2.4548 0.8139 -0.7078
v 2.5501 0.1159 -0.7065
v 2.6209 0.3750 -0.2783
v 2.6276 0.2721 -0.5580
v 2.6137 0.6260 -0.3676
v 2.5445 0.6605 -0.4253
v 2.5717 0.7401 -0.6729
v 2.6201 0.7464 -0.7482
v 2.6471 0.1690 -0.6304
v 2.6743 0.3204 -0.3551
v 2.6484 0.5451 -0.3272
v 2.7057 0.1227 -0.7609
v 2.7066 0.1098 -0.9110
v 2.7311 0.7148 -0.5920
v 2.6795 0.7522 -0.6159
v 2.7223 0.4521 -0.3793
v 2.6913 0.3086 -0.5616
v 2.7116 0.7488 -0.6867
v 2.7034 0.3208 -0.4166
v 2.6695 0.7312 -0.7885
v 2.7737 0.6852 -0.6689
v 2.7458 0.2265 -0.6442
v 2.7586 0.3774 -0.5904
v 2.7950 0.6188 -0.6354
v 2.7931 0.4789 -0.6077
v 2.8031 0.2411 -0.7075
v 2.7925 0.1905 -0.8145
v 2.8425 0.6135 -0.6712
v 2.8435 0.7066 -0.7298
v 2.8698 0.1646 -0.5447
v 2.8312 0.3582 -0.6573
v 2.8633 0.4727 -0.6852
v 2.8788 0.3526 -0.5793
v 2.8433 0.1245 -0.6145
v 2.8510 0.1146 -0.7138
v 2.8968 0.6207 -0.7545
v 2.9198 0.1933 -0.5158
v 2.9294 0.1512 -0.8825
v 2.9024 0.4758 -0.6471
v 2.8372 0.1492 -0.8465
v 2.9375 0.5173 -0.7182
v 3.0322 0.2084 -0.8348
v 2.9111 0.1233 -0.5563
v 2.9458 0.3364 -0.5399
v 2.7447 0.6219 -0.4791
v 2.7903 0.5418 -0.5352
v 2.0787 0.3539 -1.1156
v 2.0866 0.3542 -0.9113
v 2.1779 0.2914 -0.8736
v 2.1238 0.3946 -0.7696
v 2.1741 0.3097 -0.7974
v 2.2045 0.4866 -0.3153
v 2.1896 0.4709 -0.6663
v 2.1708 0.3536 -0.7427
v 2.2604 0.2886 -0.9212
v 2.1706 0.3130 -1.1449
v 2.2782 0.4301 -0.6259
v 2.2148 0.4899 -0.3323
v 2.2183 0.3290 -0.3935
v 2.2527 0.5365 -0.3112
v 2.2187 0.3545 -0.3408
v 2.2233 0.5154 -0.6280
v 2.2515 0.3806 -0.4942
v 2.2474 0.3196 -0.4000
v 2.2938 0.4100 -0.2780
v 2.2498 0.3608 -0.3014
v 2.2873 0.3695 -0.2938
v 2.3954 0.4124 -0.4589
v 2.3054 0.2833 -0.8005
v 2.3870 0.5159 -0.3177
v 2.3570 0.3951 -0.6239
v 2.3488 0.6705 -0.3620
v 2.4086 0.6326 -0.3612
v 2.3417 0.3128 -0.7054
v 2.4011 0.2608 -0.6527
v 2.3506 0.6596 0.5633
v 2.2961 0.5967 -0.3138
v 2.1952 0.2225 -1.1730
v 2.2290 0.1904 -1.1691
v 2.4432 0.7929 -1.2704
v 2.9898 0.1146 -1.2154
v 2.4221 0.7607 -1.4257
v 2.5501 0.9755 -1.3623
v 2.4729 0.8564 -0.7573
v 2.5665 0.8686 -0.8580
v 2.4931 0.8691 -1.0217
v 2.5714 1.1026 -0.3221
v 2.5804 1.2824 -1.4522
v 2.4630 0.8218 -1.1801
v 2.5827 0.8195 -0.7192
v 2.8069 0.7333 -1.6582
v 2.8452 0.7764 -1.2344
v 2.7075 0.7899 -0.8302
v 2.8040 2.2732 -0.7783
v 2.6824 0.8229 -0.8586
v 2.7499 1.0848 -1.4713
v 2.8947 1.2620 -1.4261
v 2.8114 0.7758 -0.8522
v 2.7725 0.7496 -0.7550
v 2.9563 0.1254 -0.9312
v 2.9657 0.6564 -1.2533
v 2.9011 0.5350 -0.8122
v 2.9817 0.6094 -1.0388
v 3.0280 1.2861 -1.4532
v 2.9643 0.5658 -0.9727
v 3.0694 0.2719 -0.9580
v 3.0746 0.2351 -1.0101
v 3.0411 0.5446 -0.9891
v 2.9749 0.4611 -0.6303
v 3.0983 0.5180 -1.0438
v 2.9261 0.7150 -1.0811
v 3.0950 0.5083 -1.2482
v 3.1092 0.4098 -0.8540
v 3.0638 0.5322 -0.8905
v 3.1018 0.3194 -0.8475
v 3.0208 0.2149 -0.6393
v 3.0194 0.3750 -0.5992
v 3.0998 0.3515 -0.9839
v 3.0895 0.5085 -0.9448
v 3.1255 0.3974 -1.2548
v 3.1144 0.3306 -1.0257
v 3.1212 0.4382 -1.0556
v 2.6785 1.3806 -1.1368
v 1.7213 0.1160 -1.4494
v 1.8479 0.1157 -1.8244
v 2.0517 0.3325 -2.0536
v 1.9617 0.1103 -1.9789
v 2.2675 0.5598 -2.1534
v 2.1776 0.4612 -1.7570
v 2.1274 0.3084 -2.1290
v 2.1137 0.1277 -2.0897
v 2.1001 0.3802 -1.3830
v 2.1400 0.2605 -1.3930
v 2.1367 0.2657 -1.5900
v 2.1769 0.1849 -1.6314
v 2.2038 0.3208 -2.0681
v 2.2277 0.4649 -2.1860
v 2.2141 0.2056 -2.0337
v 2.1955 0.1790 -2.0737
v 2.2774 0.1144 -2.0498
v 2.2016 0.4191 -2.1695
v 2.2105 0.5030 -1.8714
v 2.1498 0.3660 -1.4698
v 2.2546 0.1158 -1.7209
v 2.1722 0.1952 -1.4055
v 2.2306 0.5234 -1.9846
v 2.4501 0.8873 -1.7457
v 2.4795 0.8823 -1.7556
v 2.5714 0.7076 -1.6071
v 2.4072 0.7403 -1.5422
v 2.3412 0.6907 -1.8388
v 2.5524 0.6921 -1.7381
v 2.3414 0.6776 -2.0638
v 2.3941 0.7185 -1.9996
v 2.5148 0.7153 -1.8324
v 2.6351 1.0876 -1.4895
v 2.5590 1.1150 -1.5157
v 2.6241 1.1875 -1.3066
v 2.6180 1.5031 -1.4047
v 2.6780 1.2450 -1.4373
v 2.6043 1.4329 -1.4460
v 2.6386 0.7152 -1.7584
v 2.6831 1.0223 -1.5021
v 2.6792 1.3596 -1.4304
v 2.8469 0.8925 -1.5913
v 2.8085 0.7310 -1.7674
v 2.8799 0.8299 -1.6536
v 2.7777 0.8030 -1.2960
v 2.8989 0.7135 -1.6607
v 2.8983 1.6939 -1.4268
v 2.9110 0.7405 -1.8276
v 2.9231 0.7138 -1.8504
v 2.9251 0.6928 -1.6258
v 3.0067 0.8502 -1.6926
v 3.0950 1.1941 -1.5298
v 3.0479 1.4888 -1.4377
v 3.0196 0.1081 -2.1733
v 2.9996 0.1168 -1.5356
v 3.0572 0.2220 -1.5327
v 3.0663 0.4660 -1.6349
v 3.1198 0.4975 -1.9662
v 3.1105 0.5933 -2.0157
v 3.1344 1.3574 -1.4962
v 2.5430 1.0413 -1.5722
v 2.9479 1.4123 -1.4042
v 3.0807 0.3078 -1.6558
v 2.4883 3.8132 -1.0606
v 2.5851 4.1378 -2.2769
v 2.8633 3.3101 -1.7512
v 2.6541 3.9451 -2.0024
v 2.8307 2.4377 -1.3763
v 2.8986 2.3642 -1.5332
v 2.9004 2.1924 -1.5271
v 2.9204 2.7131 -1.6037
v 3.0536 3.0205 -1.9339
v 3.0317 2.7393 -1.7762
v 3.1494 2.9710 -1.9938
v 3.1382 1.4578 -1.4913
v 3.3336 1.8515 -1.7129
v 3.3420 2.2022 -1.8142
v 3.2721 1.4208 -1.6130
v 3.3368 2.7671 -2.0907
v 3.2754 1.1107 -1.7313
v 3.6729 2.6695 -2.5970
v 3.3731 1.1322 -1.8408
v 3.4692 2.0812 -1.9026
v 3.5336 1.7687 -1.9258
v 3.4949 2.4394 -2.0818
v 3.6218 2.2484 -2.1659
v 3.7062 2.4028 -2.3990
v 3.6767 1.9496 -2.1521
v 3.6832 2.7437 -2.7752
v 3.6073 1.2573 -2.1674
v 3.8257 2.1016 -2.4958
v 3.7585 1.8290 -2.2872
v 3.7963 2.5539 -2.8583
v 3.8305 2.3848 -2.6981
v 3.8113 2.5219 -3.0938
v 3.7873 1.4963 -2.4508
v 3.8874 2.0791 -2.7089
v 3.8300 2.3845 -3.2703
v 3.8868 2.1603 -3.1645
v 2.3869 0.1100 -4.4433
v 2.1731 0.1110 -4.6736
v 2.5025 0.5195 -4.9532
v 2.8540 0.3146 -4.3248
v 2.8310 0.1099 -4.0074
v 2.9401 0.7172 -4.7352
v 3.0826 0.3352 -4.0845
v 3.2906 0.6047 -4.1320
v 3.0241 0.1152 -3.7444
v 3.0156 0.6903 -1.9236
v 3.2390 0.3200 -3.7736
v 3.2419 0.2422 -3.5436
v 3.1373 0.1152 -3.3334
v 3.1915 0.5878 -2.1297
v 3.1953 0.4775 -2.1965
v 3.3899 0.8524 -4.2476
v 3.1027 0.2311 -2.1225
v 3.1956 0.3537 -2.2944
v 3.3442 0.4107 -2.6286
v 3.3457 0.3147 -3.0135
v 3.3286 0.7130 -2.1424
v 3.2769 0.5635 -2.2635
v 3.1383 0.1149 -3.0099
v 3.3900 0.4450 -3.6025
v 3.4334 0.6343 -2.5185
v 3.4387 0.4543 -3.2886
v 3.5191 0.7847 -2.4373
v 3.4719 0.7253 -3.9058
v 3.6018 0.8376 -2.7387
v 3.5716 0.7921 -3.6873
v 3.5954 1.0246 -3.9758
v 3.4092 1.3317 -1.7996
v 3.7026 1.0283 -3.5076
v 3.6643 1.0858 -3.8214
v 3.7392 1.0799 -3.1796
v 3.7410 1.2999 -2.5140
v 3.7223 1.4576 -3.8813
v 3.8084 1.4346 -2.6496
v 3.7001 1.5305 -2.2079
v 3.8078 1.3017 -3.1301
v 3.7643 1.2845 -3.5910
v 3.8265 1.5586 -3.4872
v 3.8740 1.8805 -2.6261
v 3.8979 1.7995 -2.9800
v 3.8746 2.3393 -2.9261
v -0.3058 5.6002 -1.2879
v -0.4563 5.6645 -1.7900
v -0.3169 5.3988 -0.3665
v -0.8878 5.4978 -1.6831
v -0.8103 5.2000 -0.2079
v 0.0526 5.7526 -2.1307
v -0.3020 5.7346 -2.2390
v 0.0214 5.6705 -1.5107
v -0.0254 5.7621 -2.6174
v 0.1814 5.7537 -2.5550
v -0.3620 5.7034 -2.8696
v 0.3470 5.7329 -2.3109
v 0.1421 5.4229 -0.3311
v 0.5021 5.7018 -2.5719
v 0.2443 5.6993 -3.0204
v 0.3751 5.6322 -1.4982
v 0.3067 5.5361 -3.7892
v 0.5771 5.6321 -1.7549
v 0.5179 5.6020 -3.3420
v 0.5977 5.4765 -3.7902
v 0.5181 5.3820 -0.5347
v 0.8624 5.5378 -3.0524
v 0.6851 5.3034 -4.1774
v 0.6468 5.6666 -2.3601
v 0.7729 5.3354 -4.0096
v 0.7748 5.4754 -3.5572
v 0.9370 5.5367 -2.0559
v 0.5794 5.0337 -4.7627
v 1.3472 4.7229 -4.6017
v 0.9751 5.5299 -2.6248
v 0.7803 4.5250 -5.3083
v 0.7998 4.6965 -5.1051
v 1.0431 4.5279 -5.1559
v 0.8407 5.4378 -1.2992
v 1.0492 5.4337 -1.7531
v 1.3879 4.9633 -4.0193
v 1.2620 5.2306 -3.4438
v 1.2466 5.3286 -3.0406
v 1.2498 5.3636 -2.0471
v 1.2980 4.9137 -4.2952
v 1.5992 5.0984 -1.8355
v 1.1816 5.4241 -2.4979
v 1.4690 5.2399 -2.2583
v 1.4852 5.2167 -2.7230
v 1.6198 4.7288 -4.1513
v 1.4729 5.1339 -3.2408
v 1.7179 4.9941 -2.9981
v 1.5206 4.5473 -4.6688
v 2.0206 4.6554 -3.3514
v 1.7152 5.0448 -2.6313
v 1.7894 4.9056 -1.6774
v 1.8751 4.8832 -2.0494
v 1.9489 4.8340 -2.5900
v 2.3820 4.3847 -2.3401
v 2.0921 4.3575 -4.0012
v 2.1955 4.4813 -1.7074
v 2.1602 4.5907 -3.0263
v 2.5135 4.2413 -2.9738
v 2.8622 3.6482 -3.7844
v 2.8641 3.5380 -2.0227
v 3.1702 3.4692 -3.1339
v 1.0095 4.1916 -5.4933
v 1.2872 4.2639 -5.2516
v 1.2309 4.5225 -5.0143
v 1.5743 3.6990 -5.5293
v 1.5759 3.4253 -5.7242
v 1.5437 4.2124 -5.0784
v 1.8462 3.4995 -5.4656
v 2.2557 3.8022 -4.7183
v 2.2850 3.3904 -5.1184
v 1.9616 3.2643 -5.5376
v 1.7906 3.0521 -5.7783
v 2.1266 4.0972 -4.4671
v 2.3903 2.9549 -5.3391
v 1.7070 4.5009 -4.4657
v 2.6182 3.5256 -4.5266
v 2.6151 3.7112 -4.2495
v 2.6062 2.9017 -5.1467
v 2.7311 2.5436 -5.2143
v 2.6263 3.2133 -4.8616
v 3.1451 2.5400 -4.7020
v 3.2871 2.9355 -4.1037
v 3.3190 3.1228 -3.7345
v 2.9620 3.6933 -2.6486
v 3.4419 3.1330 -2.9549
v 3.2014 1.9560 -4.8516
v 2.8875 1.9726 -5.2099
v 3.4419 3.0668 -3.4860
v 3.2073 3.1949 -2.3157
v 3.4347 2.6233 -4.1746
v 3.3309 2.0368 -4.6629
v 3.3580 2.3414 -4.5150
v 3.3102 1.8007 -4.7179
v 3.4716 1.5438 -4.4552
v 3.5153 2.3447 -4.2369
v 3.4388 1.9539 -4.5107
v 3.5962 2.9131 -3.1971
v 3.5695 2.8104 -3.6220
v 3.6036 2.5738 -3.8552
v 3.6686 2.0782 -4.0310
v 3.6023 1.3058 -4.1392
v 3.7419 1.8121 -3.8830
v 3.7014 2.7540 -3.0255
v 3.6708 2.2922 -3.9260
v 3.6997 2.5761 -3.5641
v 3.8335 2.0474 -3.5087
v 3.8036 2.2352 -3.5378
v 0.6506 0.3041 -5.8165
v 1.3163 0.1124 -5.3831
v 1.3424 0.4448 -5.7641
v 0.8332 0.4491 -5.9146
v 1.1030 1.6966 -6.3764
v 1.3718 2.1595 -6.2730
v 1.6428 1.8204 -6.1561
v 0.7825 3.3308 -6.1711
v 1.4554 2.4440 -6.1821
v 1.3980 1.2852 -6.1945
v 1.3456 0.7713 -5.9986
v 1.7260 0.7842 -5.8434
v 1.5891 2.1791 -6.1654
v 1.7056 0.5753 -5.7156
v 0.7565 0.1118 -5.5485
v 1.9036 1.5531 -5.9889
v 1.8340 0.3908 -5.4572
v 1.8501 1.0045 -5.8826
v 1.7681 2.4843 -5.9990
v 1.6106 0.1072 -5.2059
v 1.9123 2.1488 -5.9785
v 1.7433 1.2967 -6.0310
v 2.0860 2.5255 -5.7757
v 1.9567 0.3168 -5.2579
v 2.1801 0.6751 -5.4642
v 1.9004 0.1087 -4.9687
v 1.9957 0.7545 -5.6653
v 2.0215 1.1101 -5.8180
v 2.1307 0.4876 -5.3176
v 2.3970 2.7405 -5.4472
v 2.3080 1.5813 -5.7169
v 2.2596 2.3056 -5.7050
v 2.2155 1.0275 -5.6520
v 2.3962 1.3902 -5.6257
v 2.5163 2.4010 -5.4715
v 2.5213 2.0726 -5.5343
v 2.4596 0.9289 -5.3935
v 2.5486 1.1062 -5.4032
v 2.8429 0.8103 -4.9259
v 2.9244 1.0541 -4.9989
v 2.7100 1.5748 -5.3824
v 2.9469 2.2977 -5.0783
v 3.0260 1.3956 -5.0229
v 3.0964 1.2402 -4.8893
v 3.1759 1.6670 -4.8921
v 3.2380 1.4227 -4.7739
v 3.3998 1.0979 -4.4181
v -3.8762 2.2757 -2.9797
v -3.8332 2.4413 -3.0234
v -3.8530 2.2848 -3.1994
v -3.8460 2.3658 -2.8015
v -3.7125 2.7119 -2.9785
v -3.8104 1.8913 -3.5892
v -3.7880 2.0970 -3.6296
v -3.7843 2.5160 -2.7519
v -3.7319 2.5413 -3.4426
v -3.6811 2.6947 -2.6982
v -3.7087 2.0336 -3.9125
v -3.6205 2.7779 -3.4529
v -3.6572 2.5711 -3.6724
v -3.6364 2.2892 -3.9819
v -3.4375 3.1271 -2.9840
v -3.6568 1.4248 -4.0261
v -3.5307 2.9553 -2.7738
v -3.3723 2.8169 -2.2040
v -3.3666 3.1327 -3.5383
v -2.9056 3.7355 -2.5727
v -3.3540 3.0071 -3.8287
v -3.4885 2.4545 -2.0978
v -3.1689 3.2170 -2.2927
v -3.1575 3.4712 -3.1066
v -2.8794 3.6595 -3.6531
v -3.0505 3.0261 -1.9475
v -2.7810 3.8613 -3.2138
v -2.8686 3.2211 -1.7352
v -2.4277 4.3274 -2.4294
v -2.8315 3.5518 -1.9869
v -2.7293 3.3441 -1.3655
v -2.5540 4.1741 -3.0337
v -2.3841 3.8754 -0.7805
v -2.5714 4.1121 -2.1505
v -2.5475 3.3182 0.1049
v -2.3958 4.2992 -1.9802
v -2.0732 4.6961 -2.7119
v -2.2213 3.9893 -0.3020
v -1.9544 4.7707 -1.8792
v -1.9270 4.7295 -1.5614
v -1.6673 5.0699 -2.6820
v -1.5627 4.8389 -0.7629
v -1.7280 4.9594 -1.7201
v -1.5906 5.1355 -2.1609
v -1.4351 5.2578 -2.3768
v -1.2901 5.2980 -3.0114
v -1.2955 4.9981 -0.6420
v -1.4101 5.2514 -2.0107
v -1.0252 5.4020 -1.5681
v -1.1960 5.4090 -2.4550
v -0.9441 5.5274 -2.0562
v -0.8040 5.6052 -2.5346
v -0.6267 5.6647 -2.2193
v -0.6176 5.6677 -2.5932
v -2.7152 1.6824 0.2231
v -2.6500 1.3194 -1.2299
v -2.5477 1.0642 -0.4501
v -2.6593 0.4550 -0.3226
v -2.4906 0.2567 -0.2028
v -2.6563 0.3056 -0.3635
v -2.5641 0.5264 -0.2853
v -2.4343 0.2639 -0.2299
v -2.4868 0.2296 -0.2288
v -2.4596 0.2375 -0.2106
v -2.3577 0.6952 -0.3806
v -2.3801 0.4204 -0.4363
v -2.3626 0.5835 -0.3232
v -2.4180 0.6578 -0.3878
v -2.4079 0.5060 -0.3454
v -2.2918 0.4827 -0.2807
v -2.3908 0.4562 -0.3564
v -2.2202 0.5151 -0.3152
v -2.3554 0.3427 -0.6662
v -2.2147 0.3623 -0.6973
v -2.2625 0.3609 -0.2939
v -2.2343 0.3820 -0.2915
v -2.2232 0.3127 -0.3761
v -2.2567 0.4531 -0.6324
v -2.2149 0.5189 -0.6473
v -2.1626 0.4557 -0.6848
v -2.1948 0.4805 -0.3564
v -2.2043 0.3266 -0.3777
v -2.2288 0.5186 0.7030
v -2.1879 0.4780 -0.4977
v -2.1470 0.3196 -0.7898
v -2.0916 0.3711 -0.8135
v -2.0069 0.2908 -0.8080
v -1.7891 0.1132 -0.4934
v -2.4842 0.5400 -0.3000
v -2.9086 0.2033 -0.5266
v -2.9553 0.4728 -0.6608
v -3.0124 0.4605 -0.6827
v -2.9433 0.3837 -0.5940
v -2.8443 0.3331 -0.6199
v -2.8724 0.4587 -0.6701
v -2.8807 0.1064 -0.6002
v -2.8144 0.6549 -0.6726
v -2.8776 0.6754 -0.7743
v -2.8843 0.1237 -0.5472
v -2.8855 0.1530 -0.5267
v -2.8277 0.3831 -0.6728
v -2.8170 0.7552 -0.8064
v -2.7537 0.2666 -0.6319
v -2.7512 0.7001 -0.6783
v -2.7409 0.3955 -0.5813
v -2.7650 0.5564 -0.5159
v -2.7800 0.6024 -0.6339
v -2.7165 0.7183 -0.5931
v -2.7225 0.5894 -0.4415
v -2.7372 0.5246 -0.4361
v -2.7182 0.3597 -0.4489
v -2.6667 0.3323 -0.3489
v -2.6282 0.1875 -0.6087
v -2.6513 0.7390 -0.7809
v -2.7039 0.7343 -0.7424
v -2.6242 0.2801 -0.5661
v -2.6181 0.5941 -0.3454
v -2.6581 0.6425 -0.4179
v -2.6910 0.7502 -0.6221
v -2.6770 0.1112 -0.7365
v -2.7821 0.7420 -0.7418
v -2.6638 0.8058 -0.8318
v -2.5592 0.6702 -0.4277
v -2.5920 0.8148 -0.7389
v -2.5091 0.1935 -0.6123
v -2.6124 0.1346 -0.6566
v -2.5681 0.7485 -0.6892
v -2.4736 0.3053 -0.1988
v -2.5267 0.7801 -0.6742
v -2.5332 0.5886 -0.3226
v -2.4465 0.1944 -0.6497
v -2.4517 0.2297 -0.2876
v -2.5481 0.2741 -0.5622
v -2.4356 0.8137 -0.7325
v -2.4152 0.7847 -0.5697
v -2.3932 0.2961 -0.6348
v -2.4898 0.6607 -0.4623
v -2.4242 0.5636 -0.3631
v -2.3546 0.2176 -0.7468
v -2.4786 0.3055 -0.5744
v -2.4122 0.4281 -0.5987
v -2.3748 0.4037 -0.6204
v -2.8341 0.1563 -0.5793
v -2.6263 0.7629 -0.6270
v -3.0855 0.5221 -1.0541
v -3.1106 0.3960 -1.2939
v -3.1031 0.3307 -1.0398
v -3.0866 0.3797 -0.9858
v -3.0771 0.5112 -0.9339
v -3.0989 0.4123 -0.8402
v -3.0895 0.3150 -0.8641
v -3.0515 0.2453 -1.6294
v -3.0603 0.4301 -0.7240
v -3.0670 0.5573 -1.1445
v -3.0685 0.5062 -0.9815
v -3.0404 0.3538 -0.6492
v -3.0510 0.2523 -0.7235
v -3.0231 0.5530 -0.8909
v -2.9710 0.6456 -1.1481
v -3.0113 0.3984 -0.6270
v -2.9746 0.1922 -0.9067
v -2.9141 0.1320 -0.5496
v -2.6947 0.1104 -0.8985
v -2.9009 0.1506 -0.8741
v -2.9926 0.5580 -0.9895
v -2.9510 0.5267 -0.7502
v -2.9053 0.5512 -0.8782
v -2.8785 0.5224 -0.7749
v -2.9641 0.6208 -1.0378
v -2.8585 0.7593 -0.9953
v -2.9127 0.1157 -0.9199
v -2.8481 0.1064 -0.6127
v -2.7916 0.1151 -0.8702
v -2.8226 0.1237 -0.7221
v -2.7819 0.1814 -0.8370
v -2.8957 0.7063 -1.6086
v -2.8443 0.1490 -0.8499
v -2.7985 0.2723 -0.6810
v -2.7113 0.1662 -0.6767
v -2.5772 0.8642 -1.0018
v -2.5232 0.1174 -0.7214
v -2.5851 0.8460 -0.7941
v -2.4770 0.8801 -0.8969
v -2.1974 0.1846 -1.2694
v -2.4460 0.1412 -0.7548
v -2.1735 0.3039 -1.1244
v -2.1617 0.2504 -1.2091
v -2.2990 0.2969 -0.7784
v -2.1954 0.2900 -0.8158
v -2.1550 0.2029 -1.4173
v -2.1569 0.1949 -1.6267
v -2.1329 0.3032 -0.8827
v -2.1256 0.2933 -1.5339
v -2.1407 0.3623 -1.4031
v -2.0668 0.3461 -0.9705
v -2.0257 0.3738 -1.9110
v -2.0795 0.3844 -1.3841
v -3.0716 0.2647 -0.9932
v -3.0496 0.2665 -0.9556
v -2.8851 0.7213 -1.4082
v -3.3537 1.2082 -1.7864
v -3.1966 1.5495 -1.5541
v -3.0309 1.4827 -1.4360
v -3.0257 2.7160 -1.7735
v -2.9464 2.1700 -1.5592
v -2.9552 1.3842 -1.4095
v -2.9004 1.6395 -1.4171
v -2.8926 2.5087 -1.5472
v -2.8424 1.9825 -1.4745
v -2.7850 1.4259 -1.4017
v -2.7475 1.9100 -1.3692
v -2.7957 2.3464 -1.3138
v -2.7538 1.7735 -1.4370
v -2.7850 2.1816 -0.8314
v -2.7103 2.6556 0.4978
v -2.7588 2.8122 -0.8356
v -2.6284 3.3512 -0.7715
v -2.6086 1.5166 -1.4153
v -2.6499 1.5956 -1.4373
v -3.2867 1.3488 -1.6520
v -2.7887 2.4973 -1.0013
v -2.8456 2.6983 -1.4468
v -3.2500 1.1102 -1.7173
v -3.4170 1.1087 -1.9464
v -3.1973 1.2381 -1.5949
v -3.1269 0.9221 -1.7380
v -3.1838 0.6024 -2.1179
v -3.1413 1.4269 -1.5021
v -3.0779 0.2951 -1.8452
v -3.0823 0.4544 -1.8167
v -2.9500 0.9086 -1.6174
v -3.0247 1.2086 -1.4875
v -3.0861 0.6341 -2.0025
v -2.9458 0.8261 -1.6835
v -3.0794 0.3942 -1.5167
v -3.0375 0.4956 -1.5729
v -2.2485 0.1120 -1.6066
v -2.9883 0.1147 -1.3428
v -2.9291 0.7245 -1.8574
v -2.6883 1.0688 -1.4783
v -2.7893 0.8654 -1.6062
v -2.7749 0.8083 -1.1931
v -2.7163 0.7163 -1.7001
v -2.7965 0.7331 -1.7671
v -2.6462 1.0039 -1.5211
v -2.5760 1.2928 -1.4458
v -2.5563 1.1565 -1.4915
v -2.6257 1.2012 -1.1906
v -2.5532 0.6918 -1.6971
v -2.5633 1.0746 -1.5399
v -2.4282 0.7898 -1.2725
v -2.4689 0.7080 -1.8561
v -2.5879 0.7348 -1.7635
v -2.6099 0.7073 -1.7501
v -2.4684 0.8465 -1.0978
v -2.3954 0.7322 -1.5604
v -2.3291 0.6906 -1.8140
v -2.4123 0.8470 -1.8130
v -2.3753 0.7193 -1.6470
v -2.3615 0.7034 -2.0436
v -2.2965 0.6660 -1.9991
v -2.3302 0.6811 -2.1131
v -2.2926 0.6378 -2.1216
v -2.2157 0.5283 -2.1213
v -2.2549 0.5359 -2.2032
v -2.1829 0.2578 -2.0709
v -2.2697 0.6004 -2.1009
v -2.2294 0.5449 -1.9694
v -2.2122 0.1801 -2.0304
v -2.2782 0.5935 -2.1590
v -2.1943 0.4978 -1.8523
v -2.1806 0.4198 -1.7366
v -2.1450 0.4509 -1.6884
v -2.2022 0.4238 -2.1745
v -2.1655 0.2198 -2.0859
v -2.0873 0.1689 -2.0939
v -2.0671 0.3552 -2.0735
v -1.9689 0.3054 -1.9379
v -1.8047 0.1144 -1.7803
v -2.5495 1.0013 -1.3746
v -2.1450 0.2901 -1.7529
v -3.8979 2.0176 -2.9262
v -3.8879 1.9523 -2.7881
v -3.8668 2.1825 -2.7140
v -3.8870 2.0809 -3.1099
v -3.8167 1.4670 -3.3927
v -3.8683 1.6767 -2.9073
v -3.8180 1.5559 -2.5956
v -3.8437 1.9622 -2.5489
v -3.8265 2.2524 -2.6037
v -3.7839 1.6840 -2.3842
v -3.7792 1.2431 -3.1184
v -3.7768 2.0205 -2.3784
v -3.7373 1.3278 -2.5043
v -3.7411 2.3598 -2.4628
v -3.7238 1.0827 -3.3436
v -3.7482 1.3839 -3.7008
v -3.6143 1.0671 -3.9308
v -3.6413 0.8999 -2.9305
v -3.6843 1.5161 -2.2052
v -3.6783 2.5608 -2.5036
v -3.6475 1.7874 -2.1059
v -3.4820 0.7818 -2.3670
v -3.5958 1.2390 -2.1825
v -3.6021 2.1081 -2.0994
v -3.6546 0.9774 -3.6308
v -3.5851 1.5856 -2.0208
v -3.5750 0.7333 -3.3624
v -3.5121 0.9787 -4.1077
v -3.4176 0.4404 -3.0050
v -3.4005 0.4552 -2.8082
v -3.4549 0.6508 -3.7950
v -3.4268 0.6228 -2.5697
v -3.3772 0.4120 -3.5003
v -3.4924 1.7371 -4.4118
v -3.3423 1.9864 -1.7601
v -3.4281 1.0093 -4.2941
v -3.4305 2.3871 -1.9882
v -3.4182 0.7895 -4.1024
v -3.3465 0.3296 -3.2490
v -3.2603 0.2602 -3.4800
v -3.2397 0.4947 -2.2926
v -3.3133 0.7171 -2.1344
v -3.3121 0.4009 -3.7229
v -3.3096 1.4710 -4.6723
v -3.2763 0.2598 -2.8980
v -3.1870 0.3672 -3.9506
v -3.1534 2.9760 -2.0150
v -3.1527 0.3239 -2.2250
v -3.0995 2.0709 -1.6006
v -3.1383 0.1946 -3.6889
v -3.1662 0.4656 -2.1574
v -3.1330 0.1149 -3.1509
v -3.0601 0.1142 -2.4567
v -2.9786 0.1149 -3.8082
v -2.9059 0.1768 -4.0385
v -2.8478 0.6382 -4.7432
v -2.9222 0.3939 -4.3511
v -2.9295 2.9530 -1.7303
v -2.0875 0.1120 -2.0987
v -1.9632 0.1083 -2.0012
v -2.2650 0.1137 -2.0389
v -3.1093 0.1139 -3.4607
v -3.3873 2.3799 -4.4260
v -3.4862 2.7593 -3.8877
v -3.2197 2.7252 -4.4288
v -2.9740 3.3126 -4.1555
v -2.6099 3.4531 -4.6122
v -2.5840 3.1559 -4.9570
v -2.8498 2.5871 -5.0445
v -2.6237 3.6004 -4.3912
v -2.7060 3.7208 -4.0027
v -2.3301 3.6963 -4.7307
v -2.3033 3.3358 -5.1355
v -1.7979 4.4038 -4.4673
v -2.0114 4.0215 -4.7475
v -2.0710 4.6262 -3.2372
v -1.9857 4.5059 -3.8631
v -2.1387 3.0433 -5.5061
v -1.4281 4.2991 -5.0855
v -1.5162 4.5061 -4.7241
v -1.8483 3.5360 -5.4222
v -1.8525 3.3297 -5.5758
v -1.8407 4.7945 -3.3918
v -1.4240 4.7919 -4.3489
v -1.5365 3.7613 -5.4978
v -1.4945 4.9997 -3.6528
v -1.5436 3.5428 -5.6614
v -1.1275 4.6744 -4.8873
v -1.2718 4.8583 -4.4317
v -1.4223 3.3415 -5.8583
v -1.1550 5.1789 -3.8333
v -1.2243 4.3195 -5.2367
v -0.9217 4.5275 -5.2261
v -0.9447 5.3691 -3.6216
v -0.7650 5.1059 -4.4912
v -0.9264 4.1642 -5.5501
v -0.9972 3.5066 -5.9826
v -1.0049 5.4916 -2.8184
v -0.5667 5.1008 -4.6519
v -0.7418 4.6837 -5.1463
v -0.8855 5.2018 -4.1788
v -0.7446 3.7273 -5.9525
v -0.7531 5.5641 -3.1383
v -0.5456 5.5590 -3.5067
v -0.4496 4.9732 -4.9103
v -0.6003 4.4926 -5.4053
v -0.6700 5.4200 -3.8795
v -0.5363 5.3340 -4.2228
v -0.4736 5.4741 -3.8993
v -0.2239 4.8708 -5.1110
v -0.4025 5.2294 -4.5157
v -0.2557 5.3461 -4.3332
v -0.3353 3.9608 -5.9141
v -0.3716 4.3593 -5.5857
v -0.1396 3.5743 -6.1839
v -0.4019 5.5658 -3.6080
v -0.1411 4.7210 -5.2931
v -0.2108 5.0481 -4.8806
v -0.0198 5.4956 -3.9797
v 0.0117 4.0937 -5.8547
v 0.0741 5.3691 -4.3139
v -0.0686 5.2341 -4.5921
v 0.0366 5.5680 -3.7220
v 0.0019 5.7322 -2.9088
v 0.0440 4.7615 -5.2591
v 0.0024 3.7625 -6.0839
v 0.1767 4.5973 -5.4125
v 0.2628 5.0454 -4.8766
v 0.3997 4.0033 -5.8732
v 0.2497 3.6835 -6.1127
v 0.3420 2.8991 -6.4716
v 0.2689 4.8336 -5.1495
v 0.2706 5.2031 -4.6173
v 0.4897 5.3982 -4.1103
v 0.5157 4.6510 -5.2798
v 0.5532 5.2029 -4.4867
v 0.8604 3.6511 -5.9602
v 1.2860 3.6149 -5.7754
v -3.2516 1.7552 -4.7823
v -3.5196 2.0124 -4.3351
v -3.3774 2.1568 -4.5431
v -3.4833 1.3340 -4.3617
v -3.1370 2.5465 -4.6940
v -3.1629 1.9696 -4.8834
v -3.1412 1.1800 -4.7953
v -3.1032 1.5568 -4.9547
v -3.1789 0.8103 -4.5022
v -2.9205 2.2185 -5.1182
v -2.8856 1.8255 -5.2095
v -3.2240 0.5918 -4.2038
v -2.7375 1.4237 -5.3197
v -2.8657 0.9454 -4.9869
v -2.5338 2.5747 -5.3844
v -2.6606 1.6618 -5.4235
v -2.6408 1.8590 -5.4399
v -2.3800 0.7910 -5.3624
v -2.5030 1.0881 -5.4284
v -2.6786 0.1077 -4.1513
v -2.5844 2.1958 -5.4507
v -2.3232 1.3467 -5.6644
v -2.1986 0.5597 -5.3236
v -2.4101 1.6189 -5.6329
v -2.4865 0.0983 -7.8992
v -2.4773 0.1084 -7.8610
v -2.4992 0.1703 -7.9204
v -1.9505 2.1537 -5.9451
v -2.4698 0.2056 -7.9225
v -2.4859 0.1640 -7.9667
v -2.3384 0.0901 -7.7615
v -2.3432 0.1423 -7.7652
v -2.1612 0.2212 -7.8926
v -2.1010 0.9430 -5.6913
v -2.4526 0.0985 -7.9852
v -2.1086 2.6607 -5.7035
v -2.1217 0.3789 -5.1656
v -2.4507 0.1554 -7.9938
v -2.3906 0.1979 -7.9664
v -2.0117 0.7302 -5.6315
v -1.9511 1.7367 -5.9650
v -1.6526 0.9032 -5.9352
v -1.8044 1.3437 -6.0068
v -1.8095 0.3555 -5.4240
v -1.7498 0.5054 -5.6261
v -1.7942 2.5085 -5.9684
v -1.6069 1.5592 -6.1513
v -1.5840 0.6080 -5.7969
v -1.5077 2.3831 -6.1646
v -1.6105 3.0288 -5.8945
v -1.4008 0.2764 -5.5572
v -1.4687 2.8853 -6.0297
v -1.4442 0.4483 -5.7269
v -1.2831 0.9156 -6.0926
v -1.2363 0.1136 -5.4081
v -1.5209 0.1151 -5.2837
v -2.4375 0.1564 -7.8195
v -1.1851 2.1269 -6.3475
v -1.5649 1.8358 -6.1922
v -1.5672 2.2142 -6.1661
v -1.2213 2.4599 -6.2796
v -0.8728 3.2213 -6.1807
v -0.8634 1.9693 -6.4541
v -0.8087 2.6730 -6.3888
v -0.7852 2.3523 -6.4439
v -0.6302 2.4965 -6.4614
v -0.7491 1.8904 -6.4744
v -1.1279 1.2034 -6.2545
v -0.5702 3.1699 -6.3055
v -0.4448 1.3625 -6.4241
v -0.4712 3.4799 -6.1821
v -0.4252 2.2883 -6.6161
v -0.5698 1.7937 -6.4944
v -0.6510 2.2386 -6.4425
v -0.0916 2.4082 -6.7522
v -0.3658 2.0355 -6.7070
v -0.4165 1.8259 -6.6378
v -0.3926 1.5677 -6.5741
v -0.2159 2.3552 -6.7285
v -0.0859 3.1059 -6.3999
v 0.1362 1.8845 -7.0005
v 0.6358 2.6110 -6.4534
v 0.1163 1.5747 -7.1434
v 0.5043 2.8600 -6.4423
v 0.5639 3.5626 -6.1177
v 0.6626 2.1693 -6.4445
v 1.3230 3.1012 -6.0298
v -0.6411 3.0078 -6.3477
v 0.0587 2.2505 -6.8510
v -0.4117 1.4666 -6.7254
v -0.3005 1.6989 -6.9625
v -0.6530 1.0782 -7.1893
v -0.4487 1.1213 -6.7654
v -0.3821 1.3675 -6.6639
v -0.0842 1.1883 -6.3952
v -0.3771 1.4739 -6.6229
v -0.2480 1.2849 -6.4861
v -0.2497 1.2336 -6.5710
v -0.5934 0.8335 -6.1863
v -0.4060 0.4041 -5.9270
v -0.1290 1.8170 -7.0275
v -0.3463 0.9496 -6.7634
v -0.1719 1.1411 -6.5849
v -0.0333 1.8400 -7.0409
v -0.1479 1.2311 -6.4661
v -0.2440 1.2489 -6.4225
v -0.0748 1.1825 -7.3391
v 0.1086 1.3278 -7.2056
v 0.0348 1.2118 -6.4335
v -0.0181 1.0852 -7.3061
v 0.1685 1.1874 -7.1291
v 0.1474 1.0671 -7.0928
v 0.2690 1.2258 -6.4227
v 0.6074 0.9632 -6.2546
v 0.1952 1.0546 -6.9681
v 0.3771 1.2225 -6.6009
v 0.4473 1.3977 -6.7341
v -0.2526 0.2077 -5.7405
v 0.0744 1.0178 -6.7035
v 0.3100 2.1752 -6.8157
v 0.4058 1.2822 -6.4337
v 0.4971 2.3788 -6.6050
v 0.5845 1.1668 -6.3463
v 0.3457 1.2147 -6.3879
v 0.5146 1.4069 -6.4388
v 0.5079 1.9990 -6.6919
v 0.7120 0.6480 -6.0680
v 0.6370 1.6664 -6.4694
v 1.0953 0.8846 -6.1337
v 0.6477 1.8992 -6.4882
v 0.7895 1.5466 -6.4355
v 0.8040 1.8095 -6.4725
v 1.1633 1.1958 -6.2437
v 1.2318 1.4611 -6.2983
v 1.1950 0.6542 -5.9770
v 0.8325 2.8034 -6.3525
v -0.3801 1.6378 -6.8238
v -0.0302 0.8082 -7.0209
v 0.3187 1.1765 -6.5723
v 0.4466 1.6012 -6.8084
v 0.2474 1.5225 -7.0602
v 0.5840 1.5761 -6.4696
v 0.9564 2.2952 -6.4135
v -1.1078 1.7635 -6.3748
v -0.8381 0.3751 -5.8477
v -0.8585 1.6970 -6.4398
v -1.3302 0.6666 -5.9378
v -0.8092 0.2485 -5.7193
v -0.5115 1.1530 -6.3475
v -0.8458 0.6679 -6.0602
v -0.6629 0.1152 -5.5752
v -0.6592 1.0458 -7.0841
v -0.5778 0.8258 -6.9706
v -0.6193 0.9655 -6.9908
v -0.7126 0.6465 -7.0768
v -0.7546 1.3885 -6.3914
v -0.5307 0.7435 -6.9704
v -0.8596 0.3446 -7.2228
v -0.5144 0.5031 -7.1339
v 0.5156 0.1127 -5.5973
v -0.6963 0.2591 -7.4612
v -0.3484 0.7232 -7.5000
v -0.4724 0.8217 -7.5336
v 0.2198 0.2771 -5.8213
v -0.1424 0.7158 -7.2226
v -0.1304 1.4581 -7.2609
v 0.3271 0.3836 -5.9137
v -0.0201 1.0327 -6.6559
v -1.2931 1.3543 -6.2511
v -0.3740 0.5183 -7.3685
v -1.9663 0.0565 -7.9512
v -1.7071 0.3230 -7.6372
v -2.4051 0.1978 -7.8276
v -2.1229 0.0674 -7.6882
v -1.5651 0.2979 -7.7965
v -1.1592 0.2308 -7.8013
v -1.6106 0.2826 -7.5365
v -1.5242 0.3639 -7.7243
v -1.6555 0.0248 -7.8849
v -1.7797 0.0328 -7.6053
v -1.4267 0.4261 -7.5590
v -1.2651 0.0970 -7.8062
v -1.4750 0.2782 -7.4600
v -1.0903 0.1972 -7.3502
v -1.3009 0.0254 -7.7544
v -1.5440 0.0161 -7.5738
v -0.9364 0.1915 -7.3659
v -0.8487 0.5440 -7.6464
v -1.1601 0.5532 -7.5833
v -0.9764 0.1206 -7.5029
v -0.8238 0.8305 -7.1961
v -1.0896 0.2990 -7.2823
v -0.8993 0.8056 -7.2979
v -0.7476 0.7487 -7.0925
v -0.9381 0.2896 -7.7268
v -0.8412 0.1885 -7.5615
v -0.7976 0.2166 -7.3844
v -0.7362 0.9424 -7.3738
v -0.7519 0.2558 -7.5622
v -0.5029 0.6535 -7.5628
v -0.7519 0.3335 -7.6298
v -0.5879 1.0333 -7.4014
v -0.4585 0.4485 -7.2515
v -0.3671 0.6130 -7.4751
v -0.2571 1.4212 -7.2684
v -2.2904 0.0919 -8.0000
v -1.3411 0.0033 -7.6262
v -1.3269 0.0000 -7.7037
v -1.0115 0.1878 -7.7251
v -1.4138 0.1886 -7.4363
v -1.2722 0.5156 -7.4886
vn -0.9968 -0.0753 -0.0274
vn -0.9869 -0.0650 0.1478
vn -0.9784 0.1044 0.1785
vn -0.9866 0.1631 -0.0044
vn -0.9920 -0.0062 -0.1257
vn -0.9823 -0.1526 -0.1084
vn -0.9871 -0.1590 0.0164
vn -0.9708 -0.1991 0.1339
vn -0.9254 0.3696 -0.0837
vn -0.9741 0.1863 -0.1280
vn -0.9572 0.2601 0.1272
vn -0.9656 0.0114 0.2599
vn -0.9759 -0.0127 -0.2178
vn -0.9170 0.2474 0.3128
vn -0.9488 -0.1038 0.2983
vn -0.9684 -0.2472 0.0317
vn -0.8989 0.0942 0.4279
vn -0.8699 0.4933 -0.0045
vn -0.9486 0.1819 -0.2589
vn -0.9045 0.3933 0.1646
vn -0.9257 -0.3201 0.2016
vn -0.8484 0.2654 0.4580
vn -0.9477 -0.3091 -0.0793
vn -0.9314 0.2981 -0.2089
vn -0.8095 0.5029 0.3030
vn -0.9631 -0.1320 -0.2344
vn -0.9288 -0.2865 -0.2350
vn -0.9107 -0.3987 0.1082
vn -0.8826 -0.1636 0.4408
vn -0.8222 0.4214 0.3827
vn -0.8090 0.0452 0.5861
vn -0.8595 -0.4233 0.2865
vn -0.8702 -0.3219 0.3731
vn -0.9363 0.0757 -0.3429
vn -0.8510 0.5014 -0.1564
vn -0.9058 0.3011 -0.2980
vn -0.9327 -0.1124 -0.3427
vn -0.8088 0.1874 0.5574
vn -0.8973 -0.4104 -0.1628
vn -0.8804 0.2682 -0.3911
vn -0.8049 0.5934 -0.0080
vn -0.8262 -0.0907 0.5560
vn -0.7910 0.3129 0.5258
vn -0.8806 0.1104 -0.4609
vn -0.7553 0.4698 0.4569
vn -0.8240 0.4379 -0.3596
vn -0.7980 0.5610 0.2202
vn -0.8936 -0.4472 -0.0386
vn -0.8754 -0.3044 -0.3754
vn -0.8715 -0.4887 0.0411
vn -0.8345 -0.5159 0.1935
vn -0.8530 -0.4628 -0.2412
vn -0.8478 -0.1654 -0.5039
vn -0.8524 -0.4695 0.2302
vn -0.8506 -0.5061 -0.1429
vn -0.8711 -0.0029 -0.4910
vn -0.8326 0.2837 -0.4757
vn -0.7013 0.1719 0.6918
vn -0.7753 0.6000 -0.1972
vn -0.7395 -0.1073 0.6645
vn -0.8057 -0.3430 0.4830
vn -0.8207 -0.3371 -0.4612
vn -0.6721 0.2891 0.6817
vn -0.6924 -0.4912 0.5286
vn -0.6872 -0.4465 0.5731
vn -0.7545 0.4726 -0.4553
vn -0.8117 0.0170 -0.5838
vn -0.7730 -0.4983 -0.3927
vn -0.8036 0.1836 -0.5662
vn -0.8188 0.5450 0.1805
vn -0.7691 -0.2905 0.5693
vn -0.7895 -0.6129 -0.0320
vn -0.8116 -0.1482 -0.5651
vn -0.7301 -0.6669 -0.1493
vn -0.7857 -0.4792 0.3913
vn -0.7646 -0.5784 -0.2845
vn -0.8134 -0.1496 0.5622
vn -0.7555 0.5756 -0.3128
vn -0.6487 0.4646 0.6027
vn -0.7376 -0.6695 0.0873
vn -0.7908 0.5009 0.3517
vn -0.6646 -0.6246 -0.4102
vn -0.7390 0.5697 -0.3596
vn -0.7593 0.3514 -0.5476
vn -0.7754 0.1024 -0.6231
vn -0.7199 -0.4629 -0.5172
vn -0.7569 0.6508 -0.0593
vn -0.7453 -0.2777 -0.6061
vn -0.6925 -0.5713 -0.4406
vn -0.9041 -0.3729 0.2086
vn -0.5896 -0.3606 0.7227
vn -0.6319 0.1239 0.7651
vn -0.4737 -0.8781 0.0680
vn -0.7236 0.6638 -0.1892
vn -0.5709 -0.5345 0.6232
vn -0.7214 0.6298 -0.2880
vn -0.7480 -0.1180 -0.6532
vn -0.6641 0.2842 0.6915
vn -0.7430 -0.4038 0.5338
vn -0.5219 0.2240 0.8230
vn -0.4121 -0.9110 0.0151
vn -0.7160 0.5201 -0.4657
vn -0.7341 0.1947 -0.6506
vn -0.3919 -0.9169 -0.0756
vn -0.6637 -0.7017 -0.2590
vn -0.9250 -0.1646 0.3425
vn -0.5917 -0.0852 0.8016
vn -0.9875 -0.0481 -0.1503
vn -0.9980 -0.0613 0.0176
vn -0.9973 0.0691 -0.0228
vn -0.7056 0.4534 -0.5446
vn -0.9933 0.0138 0.1144
vn -0.9841 0.1527 0.0906
vn -0.9683 0.0714 -0.2394
vn -0.9525 -0.0565 -0.2993
vn -0.9841 0.1563 -0.0840
vn -0.9504 -0.2778 0.1398
vn -0.9890 -0.1194 -0.0868
vn -0.9872 -0.1595 0.0021
vn -0.9502 -0.1633 -0.2654
vn -0.9859 -0.1438 0.0857
vn -0.8544 -0.2202 0.4707
vn -0.9704 0.0753 0.2295
vn -0.3951 0.1567 0.9052
vn -0.9432 -0.0445 -0.3293
vn -0.9839 0.0594 0.1683
vn -0.8972 -0.1440 -0.4175
vn -0.9579 0.1823 -0.2216
vn -0.5622 -0.7555 -0.3364
vn -0.9715 0.2134 -0.1030
vn -0.9759 -0.1756 0.1295
vn -0.9743 -0.0393 0.2216
vn -0.3694 -0.4669 0.8034
vn -0.3470 -0.3669 0.8631
vn -0.9441 -0.3297 0.0079
vn -0.8884 0.4498 0.0921
vn -0.9855 0.0792 -0.1500
vn -0.9970 -0.0489 0.0598
vn -0.9459 -0.2328 0.2259
vn -0.8958 -0.3763 0.2364
vn -0.9963 -0.0176 0.0842
vn -0.7875 0.3117 0.5317
vn -0.9336 0.2314 0.2737
vn -0.3544 -0.6679 0.6545
vn -0.8152 0.5750 0.0690
vn -0.9899 0.0470 0.1340
vn -0.9393 -0.3426 -0.0204
vn -0.9514 0.2756 0.1377
vn -0.9700 -0.2428 -0.0139
vn -0.8865 0.3251 0.3292
vn -0.9491 -0.2763 -0.1509
vn -0.7740 0.6331 -0.0123
vn -0.8609 -0.4705 0.1934
vn -0.8569 0.5129 0.0514
vn -0.8601 -0.4453 0.2489
vn -0.9358 -0.3218 0.1440
vn -0.7281 0.0100 -0.6854
vn -0.9054 0.4158 0.0861
vn -0.9277 0.1130 0.3559
vn -0.9370 0.1473 -0.3169
vn -0.8271 -0.1204 0.5491
vn -0.9406 0.3384 -0.0265
vn -0.5011 0.1926 0.8437
vn -0.9465 0.0171 0.3223
vn -0.3256 0.9266 0.1883
vn -0.7240 0.6863 0.0693
vn -0.9427 -0.1869 0.2765
vn -0.2435 -0.1625 0.9562
vn -0.7220 0.3291 -0.6087
vn -0.5392 -0.7249 -0.4286
vn -0.9148 0.3252 0.2394
vn -0.5218 0.8062 0.2791
vn -0.7522 0.6541 -0.0794
vn -0.5225 -0.8526 0.0123
vn -0.6119 0.6266 0.4826
vn -0.8882 -0.4488 -0.0986
vn -0.6084 0.3791 0.6973
vn -0.8825 -0.3459 -0.3186
vn -0.6862 -0.7056 0.1767
vn -0.9310 0.3226 -0.1705
vn -0.8770 0.2308 0.4215
vn -0.6090 -0.0558 0.7912
vn -0.5687 -0.6071 -0.5550
vn -0.6957 -0.5785 0.4259
vn -0.9182 0.3794 0.1138
vn -0.8841 0.2691 0.3820
vn -0.8979 0.0991 0.4288
vn -0.9363 -0.0696 -0.3443
vn -0.7290 0.6805 -0.0732
vn -0.6977 -0.1950 -0.6893
vn -0.2551 -0.8644 0.4333
vn -0.6773 -0.3867 -0.6259
vn -0.1166 0.9220 0.3691
vn -0.9308 0.0792 -0.3567
vn -0.5524 -0.6881 -0.4705
vn -0.5289 0.8474 0.0464
vn -0.8874 0.4598 -0.0320
vn -0.2064 0.2437 0.9477
vn -0.8739 -0.4822 0.0622
vn -0.7864 0.5537 0.2737
vn -0.8528 0.1977 0.4834
vn 0.1058 -0.9878 0.1145
vn -0.0728 0.7364 0.6726
vn -0.8660 0.3208 0.3836
vn -0.2929 -0.9436 0.1545
vn -0.0803 -0.9915 0.1022
vn -0.8990 0.3798 -0.2182
vn -0.9158 0.2963 -0.2712
vn -0.7995 -0.3405 -0.4948
vn -0.7723 -0.2534 -0.5826
vn -0.9835 0.1768 -0.0376
vn -0.1386 0.4256 0.8943
vn -0.7495 0.6616 0.0221
vn 0.2870 -0.9488 0.1323
vn -0.7579 0.1938 0.6229
vn -0.9527 0.2031 0.2261
vn -0.9036 0.1290 0.4085
vn -0.9521 -0.0545 0.3007
vn -0.2085 0.1505 0.9664
vn -0.0482 -0.9986 -0.0210
vn -0.8670 0.0106 0.4982
vn -0.9313 0.0291 -0.3631
vn -0.8781 0.3966 0.2677
vn -0.8177 -0.5750 -0.0277
vn -0.7810 -0.5810 -0.2292
vn -0.2618 -0.9352 -0.2383
vn -0.3542 -0.9012 0.2499
vn -0.8737 0.3928 0.2870
vn -0.8128 0.2404 0.5306
vn -0.3614 0.7354 0.5732
vn -0.7931 -0.2583 -0.5517
vn -0.7956 0.4489 0.4069
vn -0.5757 0.0904 0.8127
vn -0.8839 -0.3970 0.2472
vn -0.9504 0.0041 0.3110
vn -0.1758 0.2540 0.9511
vn -0.8386 -0.5271 0.1377
vn -0.7883 0.1632 0.5932
vn 0.6405 0.3017 0.7062
vn 0.0850 -0.0457 0.9953
vn 0.2081 -0.2070 0.9559
vn 0.6092 0.6273 0.4852
vn -0.6592 0.3276 -0.6769
vn -0.6305 0.7687 0.1075
vn 0.0990 -0.7667 0.6343
vn -0.0619 -0.3433 0.9372
vn -0.0218 -0.6523 0.7576
vn -0.7209 -0.6889 0.0759
vn -0.7936 0.2375 0.5602
vn -0.6681 -0.0736 -0.7404
vn -0.6417 0.0681 -0.7639
vn 0.0133 -0.8214 0.5703
vn 0.5010 -0.8520 0.1521
vn -0.5583 0.7749 0.2964
vn -0.2606 0.9642 -0.0481
vn -0.6683 0.3685 0.6462
vn -0.9700 0.0913 0.2254
vn 0.0017 0.3034 0.9529
vn -0.7163 -0.4792 -0.5072
vn -0.8039 0.3612 0.4725
vn -0.8286 0.1521 0.5388
vn 0.5519 -0.8339 0.0066
vn 0.0469 -0.9495 0.3103
vn -0.8015 -0.5631 0.2012
vn -0.6801 -0.7233 0.1194
vn -0.6034 -0.4843 -0.6335
vn 0.8620 -0.1074 0.4953
vn -0.7116 -0.3291 -0.6208
vn -0.9423 0.1722 -0.2870
vn -0.9393 -0.0179 0.3427
vn -0.3620 -0.0302 0.9317
vn -0.3057 0.7981 0.5192
vn 0.2150 -0.4005 0.8907
vn -0.8719 -0.1313 0.4718
vn -0.9908 -0.0826 0.1075
vn -0.9918 0.0721 0.1058
vn -0.9702 0.2248 0.0902
vn -0.9867 -0.1149 -0.1153
vn -0.8564 -0.2634 0.4441
vn -0.9747 -0.2221 0.0237
vn -0.9476 0.2293 0.2223
vn -0.7019 -0.7076 -0.0811
vn -0.8805 0.4533 0.1388
vn -0.9759 0.0219 0.2169
vn -0.9779 0.1052 -0.1809
vn 0.0368 -0.8901 0.4543
vn -0.9460 0.2145 0.2430
vn -0.9678 -0.1365 -0.2116
vn -0.5420 -0.3522 0.7630
vn -0.8308 0.1954 0.5212
vn -0.5253 0.7415 0.4173
vn -0.9123 0.3998 -0.0892
vn -0.6835 0.6979 -0.2141
vn -0.9061 0.4019 0.1320
vn 0.0028 0.9878 -0.1559
vn -0.9987 -0.0036 0.0513
vn -0.6429 -0.3141 -0.6986
vn -0.9983 -0.0586 0.0031
vn -0.9854 0.1479 0.0840
vn -0.9851 0.1422 0.0963
vn -0.1229 -0.9377 -0.3250
vn -0.9507 0.0808 -0.2993
vn -0.9511 0.2270 -0.2097
vn -0.9579 -0.2007 0.2052
vn 0.1275 0.9831 0.1317
vn -0.9500 -0.2706 -0.1561
vn -0.8944 -0.4418 -0.0692
vn -0.7562 0.2487 0.6053
vn -0.9690 0.0181 0.2463
vn -0.7650 0.5335 0.3609
vn -0.6859 0.2909 0.6670
vn 0.4194 -0.5728 0.7043
vn -0.9085 0.3997 -0.1220
vn -0.9981 0.0128 0.0606
vn -0.9928 -0.1013 0.0646
vn -0.9866 -0.1626 0.0127
vn -0.5976 -0.6347 0.4899
vn -0.3206 0.6331 0.7046
vn -0.8946 0.3903 -0.2178
vn -0.9174 0.3174 -0.2399
vn -0.9291 -0.3409 0.1433
vn -0.8697 0.4600 -0.1788
vn -0.7397 0.3985 0.5423
vn -0.8819 -0.0218 0.4709
vn -0.7809 -0.3683 -0.5045
vn -0.6179 -0.7353 -0.2786
vn -0.9064 -0.3097 0.2873
vn -0.9434 -0.1144 0.3113
vn -0.9030 -0.4070 0.1379
vn -0.0256 0.9765 0.2139
vn -0.8216 -0.1669 0.5452
vn -0.9250 0.0554 0.3760
vn -0.9328 0.3341 0.1349
vn -0.6252 -0.3306 0.7070
vn -0.9856 -0.1429 0.0907
vn -0.6826 0.6294 -0.3713
vn -0.1746 -0.5125 0.8407
vn -0.6068 -0.6150 -0.5035
vn -0.0192 0.4505 0.8926
vn 0.3089 -0.5594 0.7692
vn -0.7568 -0.2452 0.6060
vn -0.3515 -0.9046 0.2410
vn -0.6989 0.2483 0.6707
vn -0.5659 -0.8239 0.0312
vn -0.3164 0.7940 0.5191
vn -0.6467 0.1022 0.7559
vn -0.4138 -0.7448 0.5236
vn -0.2998 0.9500 0.0868
vn -0.2424 0.9701 -0.0102
vn -0.7346 0.6715 -0.0974
vn -0.4564 -0.8845 -0.0970
vn -0.8683 -0.1200 -0.4812
vn -0.9743 -0.1985 -0.1068
vn -0.9906 0.0664 0.1195
vn -0.9874 -0.0800 0.1363
vn -0.4403 0.8788 0.1842
vn -0.4475 0.5122 0.7331
vn -0.9248 0.2250 0.3066
vn -0.5233 -0.8126 0.2566
vn -0.3981 0.7444 0.5362
vn 0.1527 -0.9475 0.2810
vn -0.6240 -0.5149 -0.5878
vn -0.9774 0.0581 -0.2032
vn -0.9931 0.0887 -0.0767
vn -0.9644 -0.2619 0.0364
vn -0.9708 -0.0815 -0.2255
vn -0.9685 -0.2382 -0.0730
vn -0.6298 0.1590 -0.7603
vn -0.8328 -0.5326 0.1506
vn -0.8315 -0.4028 0.3825
vn -0.8748 0.4807 -0.0612
vn 0.0164 0.9949 0.0991
vn -0.6372 -0.3086 0.7062
vn -0.9609 -0.2726 0.0490
vn -0.3993 -0.9144 0.0661
vn -0.5709 0.6564 0.4932
vn -0.7331 -0.6545 0.1850
vn -0.9654 0.2483 0.0802
vn -0.9699 0.2231 0.0979
vn -0.8880 -0.2500 -0.3859
vn -0.8482 -0.0556 -0.5268
vn -0.8802 0.4525 -0.1433
vn -0.9998 -0.0207 -0.0045
vn -0.9871 0.1394 0.0785
vn -0.9778 -0.1735 0.1177
vn -0.8942 0.4218 -0.1499
vn -0.8309 0.5220 0.1929
vn -0.8611 -0.1667 0.4804
vn -0.9542 -0.2560 -0.1547
vn -0.3462 -0.3901 0.8532
vn -0.9295 0.1958 -0.3126
vn -0.1313 0.9508 0.2806
vn -0.1193 -0.7920 0.5987
vn -0.8142 0.5541 0.1734
vn -0.9908 0.1351 -0.0011
vn -0.8663 0.0905 -0.4912
vn -0.9256 -0.3785 0.0034
vn -0.8737 0.4573 0.1660
vn -0.4533 0.6173 0.6430
vn -0.4031 0.2734 0.8734
vn -0.9346 -0.2571 0.2458
vn -0.8717 0.4368 0.2224
vn -0.8211 0.0828 0.5648
vn -0.8636 0.2919 0.4110
vn -0.9780 -0.1938 -0.0772
vn -0.9233 -0.3838 0.0142
vn -0.0067 0.8680 0.4965
vn -0.5777 0.5475 0.6054
vn -0.5887 -0.1756 -0.7890
vn 0.0640 0.9822 -0.1768
vn -0.2923 -0.6989 0.6528
vn -0.9454 -0.3029 0.1203
vn -0.9167 -0.2858 0.2791
vn -0.9793 0.2018 0.0179
vn -0.7977 0.5131 0.3169
vn -0.5369 -0.6133 -0.5793
vn -0.5259 -0.7172 0.4572
vn -0.3718 0.8781 -0.3012
vn -0.8695 0.4899 -0.0633
vn -0.5541 0.7526 0.3558
vn -0.9174 0.3936 0.0587
vn -0.5791 0.3908 0.7154
vn -0.3995 0.8207 0.4084
vn 0.2519 -0.5266 0.8119
vn -0.8188 0.4943 -0.2920
vn -0.4592 0.1543 0.8748
vn -0.9644 0.2588 0.0547
vn -0.9644 -0.2492 0.0889
vn -0.4944 0.1010 0.8633
vn -0.0959 -0.9606 -0.2607
vn -0.9121 -0.4009 0.0854
vn -0.9147 0.3914 0.1008
vn -0.4104 -0.6569 -0.6325
vn -0.9765 0.2129 -0.0348
vn -0.9376 -0.3449 -0.0449
vn 0.0902 -0.9061 0.4134
vn -0.6912 -0.7226 -0.0108
vn -0.8222 0.3582 -0.4423
vn -0.9250 0.3779 -0.0403
vn -0.0199 0.8666 0.4986
vn -0.3601 0.8104 0.4622
vn -0.6034 0.0016 -0.7974
vn 0.1941 0.7429 0.6407
vn -0.8547 -0.5184 0.0283
vn -0.8573 0.5144 0.0186
vn -0.8686 0.4930 0.0506
vn -0.8593 0.5114 0.0101
vn -0.7750 0.6057 0.1803
vn -0.6873 0.1886 0.7014
vn 0.4867 -0.6888 0.5373
vn -0.7243 0.4740 0.5006
vn 0.2011 0.9751 0.0931
vn 0.5987 -0.0914 0.7957
vn -0.7681 0.3406 0.5423
vn 0.4142 0.5036 0.7582
vn 0.6406 -0.5797 0.5037
vn -0.8353 0.4967 -0.2356
vn -0.8019 0.1638 -0.5746
vn -0.8984 0.4362 0.0502
vn -0.9291 0.3535 -0.1086
vn 0.4839 -0.8740 0.0446
vn -0.8309 -0.1329 0.5403
vn 0.1003 0.3979 0.9119
vn -0.9283 -0.2330 0.2899
vn -0.9268 0.3754 -0.0123
vn -0.8178 0.5247 0.2366
vn -0.7349 -0.4114 0.5391
vn -0.3227 -0.8554 0.4052
vn -0.0691 -0.9174 -0.3919
vn -0.8380 0.4650 -0.2856
vn -0.7652 -0.5644 0.3097
vn -0.8418 0.4245 0.3335
vn -0.9083 -0.3430 0.2393
vn -0.9496 -0.3093 -0.0517
vn -0.9339 0.1900 0.3028
vn -0.9156 -0.0726 0.3954
vn -0.6232 0.5750 -0.5301
vn -0.9593 0.1317 0.2498
vn -0.9276 0.0690 -0.3671
vn -0.9408 -0.1442 -0.3067
vn -0.9180 -0.0244 0.3957
vn -0.9445 0.3201 0.0740
vn -0.6994 -0.6919 0.1790
vn -0.7604 -0.4003 0.5115
vn -0.8538 0.2352 -0.4644
vn -0.9005 -0.3079 -0.3070
vn -0.9024 0.4068 0.1421
vn -0.7419 0.6020 -0.2951
vn -0.4751 0.1541 0.8663
vn -0.0184 0.2687 0.9631
vn 0.4700 -0.8371 0.2799
vn 0.4129 -0.4748 0.7773
vn 0.0691 0.0148 0.9975
vn 0.4737 0.6190 0.6265
vn -0.5267 0.2851 0.8008
vn -0.8826 0.4672 0.0533
vn -0.4989 0.2391 0.8330
vn -0.6344 0.2548 0.7298
vn -0.5619 0.8264 -0.0364
vn -0.7922 -0.0671 -0.6065
vn -0.4413 -0.8767 -0.1914
vn -0.6398 0.6605 0.3928
vn -0.4573 0.7232 0.5176
vn -0.4577 -0.8335 -0.3096
vn -0.1166 -0.6925 -0.7119
vn -0.7453 -0.5924 -0.3058
vn 0.6371 -0.3477 0.6879
vn -0.7827 0.0944 0.6152
vn -0.7285 -0.6810 0.0744
vn -0.6368 -0.6159 0.4639
vn -0.6290 0.1323 0.7660
vn 0.6391 0.2623 0.7230
vn -0.8601 -0.5090 -0.0327
vn 0.5054 -0.8514 0.1405
vn -0.5824 -0.8093 0.0770
vn -0.7186 0.1155 -0.6858
vn -0.7125 -0.6331 -0.3026
vn -0.4405 0.2537 0.8611
vn -0.8010 0.4692 -0.3717
vn -0.9363 0.3507 -0.0164
vn 0.9116 -0.3136 0.2659
vn -0.5788 0.1136 -0.8075
vn -0.6240 0.3708 -0.6878
vn -0.3544 0.7999 0.4844
vn -0.6228 -0.0976 -0.7763
vn -0.8164 0.5458 -0.1889
vn -0.1321 0.6549 -0.7441
vn -0.2807 0.7480 -0.6014
vn -0.8779 -0.3502 0.3266
vn -0.8692 0.4795 -0.1206
vn -0.7799 -0.5629 0.2736
vn 0.1115 0.2064 0.9721
vn -0.9119 0.4018 0.0835
vn 0.0068 0.7913 -0.6114
vn 0.2009 -0.9724 0.1184
vn -0.9205 -0.0429 0.3884
vn -0.8705 -0.4695 0.1478
vn -0.7610 -0.4104 -0.5025
vn -0.6971 0.2248 0.6808
vn -0.6701 -0.3536 0.6527
vn -0.7632 0.4982 -0.4114
vn -0.5941 0.4744 0.6496
vn -0.4052 -0.6472 0.6457
vn -0.9092 -0.3386 0.2424
vn 0.6942 -0.5841 0.4206
vn 0.0167 -0.6668 -0.7451
vn -0.7493 0.4679 0.4686
vn -0.5203 0.4937 0.6968
vn -0.6395 -0.0941 -0.7630
vn -0.6397 0.5125 -0.5729
vn -0.3656 0.3389 -0.8669
vn -0.9742 0.1086 0.1977
vn -0.4119 0.7063 0.5758
vn -0.6768 -0.6883 -0.2611
vn 0.2878 0.0862 0.9538
vn -0.7006 0.6893 -0.1843
vn 0.1108 -0.9833 0.1445
vn -0.7417 -0.1295 0.6582
vn -0.8474 -0.5164 -0.1239
vn -0.3638 0.4649 0.8072
vn -0.8591 0.5118 -0.0007
vn 0.4620 -0.0750 0.8837
vn 0.5797 -0.1697 0.7970
vn -0.4395 0.3087 0.8435
vn -0.8650 0.4762 -0.1584
vn -0.1216 0.2593 0.9581
vn -0.9159 0.3966 -0.0616
vn -0.0587 0.8562 -0.5133
vn 0.3011 -0.3632 0.8817
vn -0.8260 0.4806 -0.2946
vn -0.4719 0.1113 -0.8746
vn -0.6931 0.7200 -0.0343
vn -0.8999 0.3021 -0.3145
vn -0.5770 0.7977 -0.1752
vn -0.2091 0.3437 0.9155
vn 0.8470 -0.4960 -0.1912
vn -0.6422 -0.5133 0.5693
vn 0.7873 -0.3067 0.5349
vn -0.7891 0.5955 -0.1504
vn -0.3967 -0.8493 -0.3483
vn -0.6545 -0.2821 0.7015
vn -0.1576 0.0979 0.9826
vn -0.6738 0.4465 0.5887
vn -0.7363 0.4564 0.4996
vn -0.8005 0.4891 -0.3465
vn -0.8830 0.4651 -0.0625
vn -0.8953 0.4369 0.0872
vn -0.8820 0.4661 -0.0690
vn -0.8164 -0.5655 0.1171
vn -0.5674 -0.6502 -0.5052
vn -0.7065 0.2911 0.6451
vn -0.5398 -0.3241 -0.7769
vn -0.0960 -0.1465 -0.9845
vn -0.5765 0.2722 -0.7704
vn -0.4855 -0.7357 -0.4722
vn -0.3751 0.0049 0.9270
vn -0.8203 0.5382 0.1936
vn -0.7989 0.5882 0.1255
vn -0.8117 -0.4264 0.3991
vn -0.5157 -0.4114 -0.7516
vn -0.1326 0.3858 0.9130
vn -0.5187 -0.8527 0.0625
vn -0.1955 0.1073 0.9748
vn -0.1035 -0.0293 0.9942
vn -0.2819 0.4100 -0.8674
vn -0.5533 0.7542 -0.3536
vn 0.3261 -0.3906 0.8608
vn -0.3863 0.1427 -0.9113
vn 0.7671 -0.5433 -0.3412
vn -0.8564 0.3133 -0.4105
vn -0.3584 -0.8341 -0.4192
vn -0.3918 -0.0506 -0.9187
vn -0.6428 -0.6334 -0.4308
vn 0.7175 -0.6091 0.3378
vn -0.4776 0.5694 0.6691
vn 0.2960 -0.5119 0.8065
vn -0.8213 0.5698 0.0281
vn -0.8086 0.5329 -0.2493
vn -0.5802 -0.8125 0.0570
vn -0.1153 -0.9048 0.4100
vn -0.0965 0.3488 0.9322
vn 0.0624 -0.4064 -0.9116
vn -0.2162 -0.6554 0.7237
vn -0.6542 0.6709 -0.3491
vn -0.6330 0.6315 -0.4478
vn -0.1896 -0.9783 0.0832
vn -0.5571 -0.8119 0.1748
vn -0.2099 0.2550 -0.9439
vn -0.6544 -0.7429 0.1412
vn -0.9602 -0.1085 0.2574
vn -0.7926 -0.6093 -0.0239
vn 0.0703 -0.0988 0.9926
vn -0.8515 0.4577 -0.2560
vn 0.7006 -0.6802 0.2156
vn 0.8219 -0.4240 0.3804
vn -0.7129 0.5893 0.3801
vn -0.2470 0.7095 -0.6599
vn -0.7551 -0.6552 0.0219
vn -0.7087 -0.7052 -0.0209
vn -0.9329 0.1799 0.3119
vn -0.6569 -0.2830 0.6989
vn -0.7475 0.5711 0.3393
vn 0.0893 -0.9056 0.4147
vn -0.3260 0.8211 0.4685
vn -0.0444 0.9202 0.3890
vn -0.6594 -0.7417 0.1231
vn 0.2936 -0.8216 -0.4886
vn 0.6870 -0.5802 0.4376
vn 0.2467 -0.6818 0.6886
vn 0.3814 -0.6020 0.7015
vn -0.3476 0.2594 0.9011
vn -0.9516 0.2899 -0.1025
vn -0.8976 0.3513 -0.2663
vn -0.5534 -0.6523 0.5180
vn 0.5053 -0.1640 0.8472
vn -0.6597 -0.2273 0.7163
vn -0.6567 -0.7424 -0.1326
vn 0.1999 -0.2166 0.9556
vn -0.7349 -0.6532 0.1822
vn 0.4657 -0.7746 0.4278
vn 0.3961 -0.8898 -0.2267
vn 0.9629 0.1990 0.1824
vn 0.8186 -0.4691 -0.3314
vn 0.1720 -0.9187 0.3555
vn -0.8725 0.4842 -0.0651
vn -0.6590 0.6996 -0.2762
vn 0.2447 0.8189 0.5192
vn -0.3133 -0.6683 0.6747
vn 0.3719 -0.8146 -0.4452
vn 0.0136 0.0709 0.9974
vn 0.0735 -0.6838 -0.7259
vn -0.5039 0.7820 0.3669
vn -0.8230 0.5563 -0.1150
vn -0.2477 -0.7894 0.5616
vn -0.9377 -0.0287 0.3463
vn 0.8367 -0.3640 0.4091
vn 0.8450 -0.4938 0.2054
vn 0.8867 -0.4622 0.0122
vn -0.1302 -0.8528 0.5058
vn -0.4603 -0.7871 0.4106
vn 0.1028 -0.9770 0.1866
vn -0.4936 -0.4989 -0.7124
vn 0.4293 -0.8134 0.3925
vn 0.1061 -0.9749 -0.1960
vn -0.3623 -0.3083 -0.8796
vn 0.6859 0.0859 0.7226
vn 0.2022 -0.9248 -0.3224
vn 0.0228 -0.6626 -0.7486
vn -0.5417 -0.0285 -0.8401
vn 0.9710 -0.0621 -0.2307
vn 0.3825 -0.5989 -0.7036
vn 0.8263 -0.5596 0.0638
vn -0.5663 -0.0094 0.8241
vn -0.4864 -0.0700 0.8709
vn -0.5794 -0.4066 0.7064
vn -0.7047 0.7068 0.0621
vn -0.2567 0.8966 0.3610
vn -0.6504 0.1054 0.7522
vn -0.3388 0.2284 0.9127
vn -0.5024 -0.5860 -0.6358
vn -0.8426 0.5381 -0.0243
vn -0.8089 -0.5880 -0.0048
vn -0.3527 0.4631 0.8131
vn -0.7940 0.6042 -0.0671
vn 0.9881 0.0031 -0.1535
vn -0.4354 0.7890 -0.4335
vn 0.5022 -0.6856 0.5271
vn 0.4463 -0.8939 -0.0408
vn -0.0776 -0.9525 0.2946
vn 0.1833 -0.9538 -0.2381
vn 0.8401 -0.5047 -0.1986
vn -0.2324 0.2688 0.9347
vn -0.5140 -0.7139 0.4756
vn 0.9999 0.0135 0.0076
vn -0.6784 -0.7303 0.0803
vn -0.1474 -0.4847 0.8622
vn -0.7156 -0.6985 0.0054
vn -0.5649 0.6067 -0.5593
vn -0.7831 0.6208 0.0361
vn -0.7455 0.6541 0.1280
vn 0.3608 0.4253 0.8300
vn -0.2026 -0.0572 -0.9776
vn -0.7454 -0.2212 0.6289
vn -0.0004 -1.0000 -0.0012
vn -0.3850 -0.0603 0.9209
vn -0.2494 0.1922 0.9491
vn -0.1115 -0.9938 0.0028
vn -0.5696 0.6820 -0.4588
vn -0.1856 -0.9773 -0.1020
vn -0.5962 0.5520 -0.5830
vn -0.5744 0.6453 0.5037
vn -0.5641 0.6835 0.4633
vn -0.6252 0.6626 0.4124
vn -0.8403 -0.4658 0.2774
vn -0.4648 -0.8854 0.0088
vn 0.0550 0.3390 0.9392
vn -0.3470 0.2731 0.8972
vn -0.1653 0.8893 -0.4263
vn -0.8706 0.4745 -0.1298
vn -0.0802 -0.9931 -0.0861
vn -0.0951 0.9636 0.2500
vn -0.3956 0.8383 0.3753
vn -0.3880 -0.3941 -0.8332
vn -0.6528 -0.7574 -0.0150
vn -0.3321 0.2488 0.9098
vn -0.6868 -0.6193 -0.3804
vn -0.1054 0.4953 -0.8623
vn -0.1024 0.0617 -0.9928
vn -0.0028 0.4484 0.8938
vn 0.0222 -0.9859 0.1658
vn 0.0016 0.2677 0.9635
vn -0.7408 0.5373 0.4032
vn -0.4889 -0.2193 -0.8443
vn -0.7606 0.6240 -0.1792
vn -0.7105 0.6779 0.1887
vn -0.8356 -0.5287 0.1492
vn -0.6675 -0.1445 0.7304
vn -0.1685 0.6990 -0.6950
vn -0.6337 -0.7734 0.0151
vn -0.6758 -0.6078 0.4170
vn -0.7936 0.0240 0.6080
vn -0.8903 0.4137 0.1903
vn -0.9543 0.2603 -0.1468
vn -0.8278 0.0876 0.5541
vn -0.5505 -0.5224 0.6512
vn -0.6928 0.0164 0.7209
vn -0.5435 0.4476 -0.7101
vn -0.7296 0.6217 -0.2850
vn -0.2397 -0.8210 0.5181
vn -0.7686 0.6094 -0.1946
vn -0.6467 0.7401 -0.1846
vn -0.2489 0.0694 0.9660
vn -0.4183 -0.7170 -0.5576
vn -0.6777 -0.5733 0.4605
vn -0.5713 -0.7160 0.4013
vn -0.0662 0.9973 0.0328
vn -0.6740 0.3384 0.6567
vn -0.5297 0.7097 0.4645
vn -0.0032 -0.9983 0.0574
vn 0.1764 0.9843 0.0058
vn 0.3625 0.3821 0.8501
vn -0.6835 -0.7171 0.1368
vn -0.4557 0.7637 0.4573
vn -0.6495 -0.5432 -0.5320
vn -0.6367 0.6372 0.4343
vn -0.7941 0.4987 -0.3475
vn -0.8569 0.4974 0.1352
vn -0.5425 0.4426 0.7140
vn -0.6742 -0.4467 0.5882
vn -0.5047 -0.8618 0.0508
vn -0.2611 -0.9259 -0.2730
vn -0.4227 -0.6305 -0.6510
vn -0.5144 0.8406 0.1696
vn -0.8221 0.1875 -0.5376
vn -0.8231 0.4843 0.2966
vn -0.8499 -0.3946 0.3493
vn -0.3242 -0.9415 -0.0923
vn -0.6255 -0.7794 0.0351
vn -0.5154 0.2489 -0.8200
vn -0.7700 0.6260 -0.1232
vn -0.9103 0.3866 -0.1482
vn -0.7429 -0.2830 -0.6066
vn -0.9688 -0.1583 0.1908
vn 0.1759 0.5954 -0.7839
vn 0.0367 0.5628 -0.8258
vn 0.0278 0.9118 -0.4097
vn -0.7559 0.5759 0.3113
vn -0.8747 0.4650 -0.1367
vn -0.9306 0.2391 0.2772
vn -0.8678 0.4298 0.2494
vn -0.5775 0.1209 -0.8074
vn -0.5553 0.6057 -0.5699
vn 0.0310 0.0232 -0.9992
vn -0.7824 -0.4915 -0.3825
vn -0.3466 -0.9317 0.1085
vn -0.8084 -0.5276 0.2610
vn -0.2284 -0.1208 -0.9660
vn 0.2222 0.8290 -0.5133
vn 0.5475 -0.7561 0.3585
vn -0.4491 -0.1197 -0.8854
vn -0.7373 0.1418 0.6606
vn -0.7992 -0.0347 0.6000
vn -0.6837 0.1453 0.7152
vn -0.7881 -0.5942 -0.1607
vn -0.6497 0.7579 -0.0588
vn 0.0053 -1.0000 0.0028
vn -0.7286 0.5206 0.4452
vn -0.7163 0.6095 0.3397
vn -0.8760 0.4666 -0.1224
vn -0.7118 0.4490 -0.5402
vn -0.6500 -0.2081 -0.7309
vn -0.7516 0.6515 -0.1035
vn -0.5639 -0.8023 -0.1957
vn -0.3630 -0.6812 0.6357
vn -0.7056 0.4812 0.5202
vn -0.3756 -0.5006 -0.7800
vn -0.4409 -0.7121 0.5463
vn -0.3458 -0.7785 0.5239
vn -0.2378 0.8099 0.5362
vn -0.2934 0.3532 0.8883
vn -0.4743 -0.1958 0.8583
vn -0.4733 0.3027 0.8273
vn -0.5979 0.7370 -0.3153
vn -0.7420 0.6261 0.2395
vn -0.6199 0.7621 -0.1871
vn -0.6330 0.7433 0.2163
vn -0.5721 -0.8176 0.0653
vn -0.7906 0.1343 0.5974
vn -0.5906 0.7859 0.1834
vn -0.6575 0.7520 0.0471
vn -0.6047 0.3062 -0.7353
vn -0.7573 -0.0591 -0.6504
vn -0.6494 -0.3976 0.6483
vn -0.9905 -0.0444 0.1304
vn -0.9606 -0.0071 0.2777
vn -0.0417 0.3005 -0.9529
vn -0.8810 0.0038 -0.4732
vn -0.0428 0.7029 0.7100
vn -0.7845 -0.2059 -0.5849
vn -0.7518 0.3239 0.5743
vn -0.4925 0.1223 -0.8617
vn -0.6997 -0.1771 0.6921
vn -0.7663 0.5223 0.3741
vn -0.9704 -0.1628 0.1784
vn -0.9219 0.0592 0.3828
vn -0.7700 0.2387 -0.5917
vn -0.4638 0.1954 -0.8641
vn -0.2142 0.9593 0.1841
vn -0.2085 -0.9780 0.0116
vn -0.8775 0.4063 -0.2548
vn -0.3498 -0.2263 -0.9091
vn 0.0479 -0.7367 -0.6745
vn -0.2550 -0.9656 0.0502
vn -0.8142 0.3737 0.4443
vn 0.9095 -0.4075 0.0817
vn -0.7115 0.5378 0.4523
vn -0.7865 0.0935 0.6105
vn -0.7902 -0.5960 -0.1428
vn -0.7824 -0.5423 0.3062
vn -0.6230 -0.4146 -0.6633
vn -0.8744 0.0391 -0.4836
vn -0.9882 0.0828 0.1291
vn -0.5126 -0.0217 -0.8584
vn -0.7467 0.6652 -0.0016
vn 0.3326 0.3247 0.8854
vn 0.1728 0.9793 0.1058
vn -0.8810 0.4698 -0.0558
vn -0.7235 0.3818 0.5751
vn -0.0560 -0.1312 0.9898
vn -0.5104 0.4613 0.7257
vn -0.7341 0.3412 0.5870
vn -0.7601 -0.3326 0.5582
vn -0.8321 0.0877 0.5477
vn -0.9303 0.2376 0.2794
vn -0.6110 -0.4989 -0.6146
vn 0.4211 0.7331 -0.5341
vn 0.1074 0.6642 -0.7398
vn -0.4996 0.3691 -0.7837
vn -0.8139 0.3355 0.4743
vn -0.7061 0.3995 0.5846
vn -0.5453 -0.4343 0.7169
vn -0.6455 -0.5896 0.4856
vn 0.3471 -0.9339 -0.0861
vn -0.3232 -0.2070 0.9234
vn -0.8719 0.4654 -0.1526
vn 0.4388 -0.8986 0.0055
vn 0.2829 0.9285 0.2407
vn 0.4705 0.8481 0.2435
vn -0.1246 -0.9843 0.1254
vn 0.1264 0.1889 0.9738
vn -0.1916 -0.9739 0.1215
vn -0.4937 0.5610 -0.6644
vn -0.9326 0.0426 -0.3583
vn -0.8462 0.0313 0.5320
vn 0.0698 0.6561 0.7514
vn -0.7591 0.4719 0.4485
vn -0.4529 -0.8538 0.2567
vn -0.3190 0.6042 0.7302
vn -0.5261 0.6387 0.5615
vn -0.4973 0.6599 0.5633
vn 0.2730 0.8153 0.5106
vn -0.4469 -0.0095 -0.8945
vn 0.0463 -0.9989 0.0041
vn -0.5874 0.5807 0.5637
vn 0.0894 0.9520 0.2926
vn -0.0049 -1.0000 -0.0006
vn -0.0058 -1.0000 -0.0008
vn -0.0070 -1.0000 -0.0009
vn -0.7506 0.3300 0.5724
vn -0.6441 0.1946 0.7397
vn -0.7538 -0.4121 0.5118
vn -0.5919 0.8057 0.0245
vn -0.7014 0.6397 0.3144
vn -0.5575 0.7514 0.3531
vn 0.1722 -0.9810 -0.0889
vn -0.1859 0.1425 -0.9722
vn -0.5856 0.7746 -0.2391
vn -0.2643 -0.7382 -0.6206
vn -0.4260 0.3050 -0.8518
vn -0.4563 0.3994 -0.7952
vn -0.3733 -0.2203 0.9012
vn -0.9411 -0.3112 0.1323
vn -0.5669 0.8232 -0.0307
vn -0.8107 0.1182 0.5735
vn -0.2731 -0.6600 -0.6999
vn -0.7933 0.5254 0.3077
vn -0.3186 0.8615 0.3953
vn 0.4828 0.8688 -0.1097
vn 0.0861 0.4553 -0.8862
vn -0.4460 0.5015 -0.7413
vn -0.5555 0.8207 -0.1334
vn 0.1811 -0.9736 0.1386
vn -0.5901 0.0963 -0.8015
vn 0.5365 -0.8383 -0.0969
vn 0.5200 -0.8534 0.0360
vn -0.5353 0.8038 0.2596
vn -0.5097 -0.1990 0.8370
vn -0.8117 0.3119 0.4939
vn -0.6550 0.2701 0.7057
vn -0.8264 -0.3859 0.4100
vn -0.4568 0.8822 0.1141
vn 0.0500 -0.9809 0.1878
vn 0.5357 0.3918 0.7480
vn -0.5747 0.7797 -0.2487
vn -0.3864 -0.5976 0.7026
vn -0.4777 -0.6545 0.5860
vn -0.1317 -0.8908 0.4348
vn -0.1745 0.6772 0.7148
vn -0.7001 0.7018 -0.1318
vn -0.6243 0.7796 -0.0494
vn -0.2048 -0.8495 0.4862
vn -0.2685 0.9615 0.0580
vn 0.3623 0.8998 0.2430
vn 0.6513 0.3704 0.6623
vn 0.1486 0.3853 -0.9107
vn -0.3144 0.7597 0.5692
vn -0.5484 0.8103 0.2065
vn -0.0360 0.9978 -0.0557
vn 0.4755 -0.8755 0.0857
vn -0.4827 0.6490 0.5880
vn 0.1090 0.7846 0.6103
vn -0.4754 0.3844 0.7914
vn 0.2876 -0.4468 -0.8471
vn -0.5232 0.7822 0.3383
vn -0.8161 0.2030 0.5411
vn 0.7548 -0.6539 -0.0508
vn -0.4918 0.6772 0.5472
vn -0.3222 0.6995 0.6379
vn -0.7304 0.5409 -0.4171
vn 0.3250 -0.7654 -0.5554
vn -0.7123 -0.0943 0.6955
vn -0.4125 0.7139 0.5659
vn -0.5241 0.2039 0.8269
vn -0.6601 0.2333 0.7140
vn 0.3833 0.9065 -0.1771
vn -0.7779 0.5231 0.3482
vn -0.8630 -0.2209 0.4544
vn -0.5950 0.7756 0.2108
vn 0.2383 -0.0419 0.9703
vn -0.3525 0.0726 -0.9330
vn 0.6397 -0.7284 -0.2452
vn -0.5275 -0.5953 0.6061
vn -0.4965 0.2222 -0.8391
vn -0.3357 -0.0711 -0.9393
vn 0.0680 -0.9367 0.3434
vn -0.5421 -0.5770 0.6110
vn -0.2037 -0.6880 0.6965
vn -0.2594 -0.7250 0.6381
vn 0.1993 0.9268 0.3184
vn 0.7685 -0.6260 -0.1326
vn -0.2806 -0.5087 -0.8139
vn -0.4372 0.7430 -0.5067
vn -0.4808 0.7778 -0.4048
vn -0.1554 0.6982 0.6988
vn 0.4307 -0.3928 0.8125
vn 0.0933 -0.7894 0.6067
vn -0.5324 0.8369 0.1273
vn -0.5521 -0.0935 -0.8285
vn -0.2668 -0.3831 -0.8843
vn -0.5016 0.6112 0.6122
vn -0.0043 -0.9715 0.2369
vn -0.6340 0.2768 -0.7221
vn 0.3136 0.8058 -0.5024
vn 0.5683 0.8191 0.0782
vn -0.6931 0.6522 0.3070
vn -0.0028 -1.0000 -0.0004
vn 0.7048 0.6757 -0.2160
vn -0.7561 0.5088 0.4117
vn -0.0194 -0.8538 0.5202
vn 0.5010 0.3640 0.7852
vn -0.7491 0.0912 0.6561
vn -0.3341 -0.3296 0.8830
vn 0.1890 -0.9813 -0.0377
vn 0.2576 0.9020 0.3465
vn -0.7192 0.1520 0.6780
vn -0.1240 -0.8861 0.4466
vn -0.1052 0.8513 0.5140
vn 0.0950 -0.9896 0.1080
vn -0.3866 -0.9069 0.1676
vn -0.1537 0.8820 0.4455
vn -0.1868 0.2123 0.9592
vn -0.1101 -0.6146 0.7811
vn -0.8654 -0.1070 0.4895
vn 0.5080 -0.7802 0.3650
vn 0.7351 -0.6735 0.0773
vn 0.8481 0.3790 0.3704
vn 0.2709 -0.9303 -0.2472
vn -0.3724 0.2102 -0.9040
vn 0.3297 -0.7770 -0.5363
vn -0.6746 0.5160 -0.5279
vn -0.7302 0.3800 0.5678
vn -0.5297 0.8252 0.1962
vn -0.1290 -0.1088 0.9857
vn 0.9286 -0.3486 -0.1274
vn 0.7752 -0.6306 0.0370
vn -0.6478 -0.3228 0.6901
vn 0.2380 -0.9000 -0.3652
vn -0.3179 -0.3348 0.8870
vn -0.1356 0.9685 0.2088
vn -0.1779 -0.9002 0.3974
vn 0.2756 0.5476 0.7901
vn -0.3653 -0.7880 0.4957
vn -0.6389 -0.5538 0.5339
vn -0.8358 0.0912 0.5414
vn -0.3630 0.3642 -0.8577
vn 0.5606 -0.7011 0.4407
vn 0.6985 0.7140 -0.0484
vn 0.0964 -0.9919 -0.0825
vn -0.6398 0.3222 0.6977
vn 0.4192 0.8534 -0.3099
vn 0.0714 -0.9796 0.1876
vn 0.1517 -0.8106 0.5656
vn -0.7150 0.2006 0.6697
vn 0.9699 -0.1542 -0.1885
vn -0.1455 -0.6320 0.7612
vn -0.3971 -0.4720 0.7871
vn -0.7458 0.1288 0.6536
vn -0.2193 -0.6134 0.7587
vn 0.2261 -0.9735 0.0343
vn -0.7788 0.2425 0.5785
vn 0.8090 -0.5147 -0.2839
vn 0.5293 -0.5348 0.6587
vn 0.4095 -0.7091 0.5740
vn -0.8387 -0.0898 0.5371
vn -0.5195 0.8021 -0.2947
vn 0.5240 0.3360 0.7826
vn 0.4483 0.2507 0.8580
vn 0.1280 -0.1311 0.9831
vn -0.1813 0.9831 0.0246
vn -0.5674 0.7397 0.3618
vn -0.7417 0.5317 0.4089
vn 0.8688 0.4316 0.2426
vn 0.5657 -0.3868 -0.7283
vn -0.6316 0.5457 0.5507
vn -0.4977 0.8429 -0.2045
vn 0.7876 0.4598 0.4103
vn 0.8550 0.5170 0.0412
vn -0.6296 0.2797 0.7248
vn -0.3615 0.8505 0.3821
vn -0.1831 -0.6454 -0.7416
vn 0.5764 0.7923 0.2000
vn 0.9743 -0.2067 -0.0891
vn -0.2066 0.8457 0.4920
vn -0.4523 0.5977 -0.6620
vn -0.5757 0.0562 0.8157
vn 0.8667 -0.4937 0.0710
vn -0.3961 0.6681 -0.6299
vn -0.2861 0.7890 -0.5438
vn -0.0485 0.4252 -0.9038
vn -0.1481 -0.6126 0.7764
vn 0.0170 0.9915 -0.1288
vn 0.9126 -0.3101 -0.2663
vn -0.6536 0.6248 0.4271
vn -0.6693 -0.4562 0.5865
vn -0.4990 0.8665 -0.0082
vn -0.6208 0.6647 -0.4156
vn -0.1158 0.5628 -0.8185
vn -0.8146 0.0901 0.5730
vn -0.2030 0.9188 0.3385
vn 0.7016 -0.1315 0.7003
vn -0.6349 0.6878 0.3518
vn -0.6088 -0.2623 0.7487
vn -0.2448 0.7950 0.5550
vn -0.3677 -0.6343 0.6800
vn 0.6567 -0.1876 0.7304
vn -0.4019 0.6589 -0.6359
vn -0.8760 0.1879 0.4443
vn -0.7033 0.5163 0.4887
vn 0.5372 -0.5040 0.6763
vn 0.6917 -0.7172 -0.0848
vn 0.4442 -0.8951 0.0377
vn 0.1919 -0.9199 0.3421
vn 0.7933 0.5802 -0.1843
vn 0.8453 0.1630 0.5088
vn -0.4969 0.5151 0.6984
vn -0.7567 0.3782 0.5333
vn -0.8065 -0.2422 0.5394
vn -0.2334 -0.6876 0.6875
vn -0.4428 0.8890 0.1166
vn 0.9794 0.2019 0.0045
vn -0.0426 -0.6058 0.7945
vn -0.7259 0.3802 0.5732
vn 0.8893 -0.4565 0.0264
vn -0.4077 -0.4853 0.7735
vn -0.4951 0.7774 0.3880
vn -0.0206 -0.7718 0.6355
vn -0.5143 0.8551 -0.0655
vn 0.9682 0.0128 -0.2498
vn 0.4227 -0.6877 0.5903
vn -0.3552 0.8166 -0.4550
vn -0.4690 0.8564 -0.2158
vn 0.8852 0.4439 0.1391
vn 0.9405 0.0684 -0.3328
vn -0.3672 0.3313 -0.8691
vn -0.2688 -0.6325 0.7264
vn -0.2177 0.9431 0.2511
vn 0.3197 -0.9380 0.1340
vn -0.3598 0.0846 0.9292
vn -0.5967 -0.6500 0.4706
vn 0.9642 -0.2505 0.0870
vn -0.5612 0.6384 0.5268
vn -0.4034 0.8001 -0.4439
vn -0.6553 0.0052 0.7553
vn 0.9752 0.2078 0.0767
vn 0.8556 0.3868 -0.3439
vn 0.8945 0.0910 -0.4377
vn -0.3727 0.8499 0.3726
vn 0.1526 -0.6703 0.7262
vn -0.6088 0.6223 -0.4919
vn -0.4181 0.8366 -0.3539
vn 0.7925 -0.5397 -0.2840
vn 0.9412 0.1203 0.3157
vn 0.4007 -0.6477 0.6480
vn -0.6026 -0.3883 0.6972
vn -0.2963 0.9537 -0.0507
vn -0.3985 0.5976 0.6958
vn 0.9698 -0.2379 0.0540
vn -0.2537 0.8875 0.3847
vn 0.0709 -0.2879 0.9550
vn -0.7769 0.3480 0.5248
vn -0.8099 0.2236 0.5423
vn -0.2631 0.0231 -0.9645
vn 0.5040 -0.5191 -0.6903
vn -0.2495 -0.3371 -0.9078
vn -0.2771 -0.4835 0.8303
vn 0.5394 -0.8373 0.0887
vn -0.6390 -0.5510 0.5367
vn -0.3023 -0.8066 0.5080
vn -0.7471 -0.1024 0.6568
vn -0.0783 0.9855 0.1508
vn -0.0857 0.8864 0.4549
vn 0.2134 0.9764 -0.0319
vn 0.6703 -0.7265 -0.1512
vn -0.1675 0.8523 -0.4956
vn 0.9987 -0.0060 -0.0512
vn -0.3418 0.2502 -0.9059
vn -0.0833 -0.4073 0.9095
vn -0.5104 -0.5098 0.6925
vn -0.2258 -0.1551 -0.9617
vn -0.3070 -0.8891 0.3396
vn -0.3491 -0.1908 0.9174
vn 0.1903 0.9415 -0.2781
vn -0.8121 0.0807 0.5779
vn -0.0421 0.9952 0.0888
vn 0.9094 0.3864 0.1537
vn -0.0040 0.9934 -0.1143
vn -0.7531 -0.3736 0.5415
vn 0.4031 -0.7038 0.5850
vn -0.3797 0.5689 -0.7295
vn -0.4245 0.9012 0.0872
vn 0.2767 0.8790 0.3883
vn 0.2630 0.9627 0.0629
vn -0.7440 0.0883 0.6623
vn -0.4708 -0.5470 0.6922
vn -0.3747 0.4946 -0.7842
vn -0.3734 0.8913 0.2570
vn 0.3925 -0.8082 0.4390
vn -0.0785 -0.6965 0.7133
vn 0.2527 0.8910 0.3771
vn -0.3657 -0.1190 0.9231
vn 0.0686 0.3086 0.9487
vn 0.3598 0.9281 0.0958
vn -0.2842 0.9454 0.1596
vn 0.8327 -0.3322 -0.4430
vn 0.5591 0.7472 -0.3592
vn -0.1416 -0.7535 -0.6421
vn -0.6682 0.2969 0.6822
vn 0.6926 0.5663 -0.4469
vn -0.4604 0.8819 -0.1014
vn -0.6380 0.3734 0.6735
vn -0.8372 0.5092 0.1995
vn -0.4089 0.9123 -0.0221
vn 0.2842 0.6077 0.7416
vn -0.7066 0.6801 0.1953
vn -0.0915 0.9331 -0.3479
vn 0.5184 -0.8197 0.2437
vn -0.9230 0.3843 0.0213
vn -0.4313 0.8359 -0.3394
vn -0.3891 0.9055 0.1694
vn -0.6124 0.1744 0.7711
vn -0.9791 0.1932 0.0633
vn -0.1122 -0.3759 -0.9198
vn -0.2390 0.1071 -0.9651
vn -0.6579 0.2481 0.7111
vn -0.1511 -0.5269 -0.8364
vn 0.8515 0.5053 0.1402
vn 0.5597 0.6557 0.5067
vn 0.8000 -0.1764 -0.5735
vn -0.2431 -0.7362 0.6316
vn -0.1637 -0.9111 0.3784
vn 0.3908 -0.9050 0.1681
vn 0.0586 0.9900 -0.1283
vn 0.6630 -0.7052 -0.2513
vn -0.1916 0.9284 -0.3183
vn -0.4899 -0.6902 0.5326
vn 0.7627 0.6400 0.0932
vn 0.6490 0.7603 -0.0286
vn 0.6652 -0.4877 0.5655
vn 0.4137 -0.1383 -0.8998
vn -0.3995 0.9164 -0.0264
vn 0.5174 0.7719 -0.3693
vn 0.8696 -0.4678 0.1582
vn 0.8744 -0.4777 -0.0854
vn 0.4293 -0.8512 -0.3019
vn -0.8641 0.3874 0.3213
vn -0.8263 0.3988 0.3978
vn -0.2975 0.8291 -0.4734
vn -0.0133 -0.5735 0.8191
vn 0.1444 0.0215 0.9893
vn 0.9606 -0.1313 -0.2448
vn -0.3808 0.9030 -0.1990
vn 0.9392 0.2320 -0.2530
vn 0.7650 0.5198 0.3803
vn 0.3447 -0.8236 0.4504
vn 0.6458 -0.2572 0.7189
vn 0.2305 0.9522 0.2005
vn 0.2911 0.9435 0.1583
vn -0.4625 0.7322 -0.5000
vn -0.4573 0.7043 -0.5430
vn 0.9578 -0.0862 -0.2742
vn 0.7914 0.4152 0.4486
vn 0.8135 -0.5786 -0.0593
vn -0.3442 0.7946 -0.5001
vn -0.3273 0.7530 -0.5708
vn -0.1892 -0.7715 0.6074
vn -0.4441 -0.6175 0.6492
vn -0.3057 -0.6048 0.7353
vn -0.4387 0.8275 -0.3503
vn 0.9810 0.1270 0.1466
vn -0.6402 -0.0047 0.7682
vn 0.5681 0.6049 -0.5581
vn -0.6314 0.6627 0.4027
vn -0.6260 -0.3017 0.7191
vn -0.1431 0.7931 0.5921
vn 0.7046 -0.6355 0.3157
vn -0.3924 0.7643 -0.5117
vn -0.1079 -0.4860 -0.8673
vn -0.1738 -0.9338 -0.3127
vn -0.3170 -0.4369 0.8418
vn -0.3752 0.8562 0.3551
vn 0.4456 -0.5011 0.7418
vn -0.3429 -0.4779 0.8087
vn -0.1678 0.9416 0.2920
vn 0.6029 -0.0129 0.7977
vn 0.3013 0.6969 0.6508
vn -0.7562 0.2252 0.6143
vn -0.4721 0.5240 0.7089
vn -0.0652 -0.8853 0.4605
vn -0.9543 0.1187 0.2742
vn -0.9777 0.1899 -0.0898
vn -0.9955 -0.0347 -0.0884
vn 1.0000 0.0043 -0.0087
vn 0.6951 -0.0620 0.7162
vn -0.9385 -0.2800 0.2018
vn -0.9363 -0.2815 -0.2098
vn -0.9353 0.3520 0.0365
vn -0.1162 0.9893 -0.0886
vn -0.9142 0.0605 -0.4008
vn -0.8709 0.4834 0.0891
vn -0.6348 0.7204 -0.2793
vn 0.8747 0.0750 0.4789
vn -0.5591 0.5945 0.5779
vn -0.9104 0.3618 -0.2006
vn 0.8638 -0.3397 0.3721
vn -0.8979 -0.4379 0.0439
vn -0.4846 -0.1032 0.8686
vn -0.8974 -0.0479 0.4386
vn 0.6187 -0.6596 -0.4268
vn 0.7699 -0.5084 -0.3857
vn -0.4056 -0.5436 0.7349
vn -0.7729 0.5089 0.3791
vn -0.8811 0.2284 -0.4141
vn 0.8096 -0.4955 -0.3147
vn -0.4345 0.8808 0.1882
vn 0.8285 -0.1161 -0.5478
vn -0.8536 -0.2232 -0.4708
vn -0.7615 0.2353 0.6039
vn 0.4469 -0.8440 -0.2966
vn -0.5744 -0.6217 0.5326
vn -0.5248 -0.5225 0.6720
vn -0.5182 0.1348 0.8446
vn -0.7075 -0.4735 0.5245
vn -0.2809 0.5559 -0.7824
vn -0.2091 0.4864 -0.8483
vn -0.1861 -0.9161 0.3552
vn -0.6706 -0.7398 -0.0546
vn -0.7631 0.1362 -0.6318
vn -0.7716 0.5598 -0.3022
vn -0.7750 -0.5895 0.2278
vn -0.6314 0.4681 0.6182
vn -0.7514 0.6537 -0.0904
vn 0.2898 -0.6840 0.6694
vn -0.5672 -0.7272 0.3866
vn -0.7481 0.0953 0.6566
vn -0.7252 0.6593 0.1986
vn -0.5418 -0.6239 0.5633
vn 0.6162 -0.6081 -0.5005
vn -0.3585 0.9189 -0.1644
vn -0.7216 -0.0241 0.6919
vn 0.4184 0.9035 0.0932
vn -0.4530 -0.3819 0.8056
vn -0.6860 -0.1788 -0.7053
vn -0.7042 -0.4916 -0.5122
vn 0.3291 0.0352 -0.9436
vn 0.8924 0.2087 -0.4002
vn -0.4842 -0.1236 0.8662
vn 0.6505 -0.6592 0.3772
vn 0.7416 0.5196 -0.4243
vn 0.6134 -0.6079 0.5043
vn -0.3833 0.0992 -0.9183
vn -0.0323 -0.6307 -0.7754
vn -0.5354 -0.3197 0.7818
vn -0.6213 0.0863 0.7788
vn 0.5363 -0.3457 -0.7700
vn -0.5562 0.8278 0.0736
vn -0.7117 0.4285 -0.5567
vn -0.7393 -0.3022 0.6017
vn -0.8627 0.4287 -0.2684
vn 0.5620 -0.8250 -0.0598
vn 0.1352 0.9564 -0.2589
vn -0.5209 -0.6418 0.5628
vn -0.0281 0.9032 0.4283
vn 0.6194 0.7754 -0.1230
vn -0.4457 -0.7628 0.4684
vn -0.0804 0.0345 -0.9962
vn -0.5210 0.7044 -0.4821
vn -0.4234 0.1071 0.8996
vn -0.6013 0.0836 -0.7947
vn 0.0082 0.8262 0.5634
vn -0.0733 0.5420 0.8372
vn -0.8591 0.0673 0.5073
vn -0.5772 0.6042 0.5493
vn -0.5249 0.0650 0.8487
vn -0.4581 0.8210 0.3406
vn -0.1599 -0.2597 -0.9524
vn -0.2177 -0.8567 0.4677
vn 0.8179 -0.4756 -0.3238
vn -0.2005 -0.3638 0.9096
vn -0.1619 0.9633 0.2142
vn -0.2877 0.9369 -0.1987
vn 0.6141 -0.5649 0.5512
vn -0.2622 0.8053 -0.5317
vn -0.5250 0.3890 0.7570
vn -0.5588 0.7989 -0.2223
vn -0.5456 -0.2961 0.7840
vn -0.2194 -0.8827 0.4155
vn -0.4557 -0.8644 0.2126
vn 0.5625 -0.8227 -0.0820
vn 0.5136 -0.8459 0.1440
vn -0.2015 -0.3522 0.9140
vn -0.4822 0.3522 0.8022
vn 0.9461 -0.1232 -0.2996
vn -0.1334 -0.4281 0.8938
vn -0.1607 -0.8215 0.5470
vn -0.1758 -0.7676 0.6163
vn -0.2798 0.8494 0.4475
vn -0.2447 0.8038 0.5422
vn -0.2385 -0.7210 0.6506
vn 0.3585 0.9049 0.2294
vn -0.2723 0.3634 -0.8909
vn -0.3733 -0.7295 0.5731
vn -0.2000 -0.5205 0.8301
vn -0.5247 0.4317 -0.7337
vn -0.3065 0.8944 -0.3257
vn 0.8392 0.4885 -0.2388
vn -0.7644 0.6393 -0.0834
vn -0.2349 0.7731 -0.5892
vn -0.2470 0.6526 -0.7163
vn -0.2589 0.9652 0.0359
vn -0.1256 -0.9312 -0.3421
vn 0.6502 -0.6672 0.3634
vn -0.4839 -0.3983 -0.7792
vn 0.6862 0.7202 0.1019
vn -0.5333 0.6108 -0.5852
vn 0.8340 -0.5460 -0.0793
vn -0.2374 0.9621 0.1343
vn -0.4491 -0.1133 -0.8863
vn -0.0130 -0.6160 0.7876
vn -0.8671 0.2065 0.4534
vn -0.3740 -0.0501 -0.9261
vn 0.7983 0.6019 -0.0221
vn 0.0470 0.2629 -0.9637
vn -0.2862 -0.0045 -0.9582
vn -0.3984 -0.6580 0.6390
vn -0.8885 0.3766 0.2623
vn -0.1188 0.9812 0.1518
vn 0.1088 0.0282 0.9937
vn -0.2665 0.9447 -0.1913
vn -0.3669 0.8837 -0.2907
vn -0.3226 0.7699 -0.5506
vn -0.5780 0.1269 0.8061
vn -0.6138 -0.1505 0.7750
vn -0.7994 0.0371 0.5996
vn -0.8787 0.4644 0.1110
vn -0.2974 0.8335 0.4656
vn -0.2496 0.9681 -0.0237
vn -0.2240 0.9292 0.2939
vn 0.6826 0.7028 -0.2005
vn -0.3585 0.7113 0.6046
vn -0.2948 -0.3551 -0.8871
vn -0.3901 -0.5507 0.7380
vn 0.9335 -0.3492 -0.0813
vn -0.2582 0.4255 -0.8674
vn -0.6512 -0.0067 0.7589
vn -0.2107 0.9746 0.0758
vn -0.6948 0.4161 -0.5866
vn 0.2258 -0.6600 0.7165
vn 0.4011 0.7473 0.5297
vn -0.2683 0.9625 0.0405
vn 0.3882 -0.9047 0.1753
vn -0.6833 0.0932 0.7242
vn -0.3380 -0.0386 0.9403
vn 0.9695 -0.2441 -0.0222
vn 0.7968 -0.2692 -0.5410
vn 0.9585 0.2546 -0.1280
vn -0.4884 0.6554 0.5761
vn 0.1016 0.3420 0.9342
vn 0.1095 0.9794 0.1698
vn -0.3309 0.5469 0.7690
vn 0.5192 -0.5741 -0.6331
vn -0.2999 0.8701 -0.3912
vn -0.1353 0.8912 -0.4329
vn -0.2522 0.7626 -0.5957
vn -0.7626 0.4152 0.4961
vn 0.9958 -0.0675 0.0611
vn -0.3497 -0.1946 0.9164
vn -0.5032 0.4421 -0.7426
vn -0.5703 -0.4151 0.7088
vn -0.2445 0.3470 0.9054
vn -0.6535 0.7443 0.1375
vn -0.4187 -0.1958 0.8868
vn -0.2336 -0.4954 0.8367
vn 0.9126 0.3209 -0.2535
vn 0.8472 0.2732 0.4557
vn 0.5887 -0.4586 -0.6657
vn 0.6823 0.3175 0.6585
vn 0.9662 0.0891 -0.2417
vn 0.8320 0.5529 -0.0450
vn 0.0582 0.0898 0.9943
vn -0.7649 0.6186 0.1795
vn -0.1384 -0.7022 0.6984
vn -0.0414 0.9848 0.1688
vn -0.1879 -0.8434 0.5034
vn 0.2962 -0.7815 -0.5491
vn 0.0759 -0.4413 0.8942
vn -0.5146 -0.2258 0.8272
vn 0.6618 -0.7115 -0.2360
vn -0.2395 0.8442 -0.4795
vn -0.5550 -0.2675 0.7877
vn -0.3428 -0.5058 0.7916
vn -0.2651 0.1071 0.9582
vn -0.3258 0.0136 0.9453
vn 0.5413 0.8399 0.0389
vn -0.2568 -0.7693 0.5850
vn -0.4133 -0.6426 0.6452
vn 0.9738 0.2019 0.1045
vn -0.5888 0.1328 0.7973
vn -0.1484 -0.3683 0.9178
vn 0.7857 -0.1836 0.5907
vn -0.1660 0.9368 -0.3080
vn 0.1467 -0.9100 0.3879
vn -0.1628 -0.6314 0.7582
vn -0.1843 0.1389 -0.9730
vn -0.2419 0.3896 0.8886
vn -0.1100 -0.0135 0.9938
vn 0.5930 -0.5755 0.5631
vn 0.0290 -0.7386 -0.6735
vn -0.1392 0.8263 -0.5457
vn 0.3411 0.9214 0.1862
vn -0.2125 -0.4463 -0.8693
vn -0.1653 0.7498 -0.6407
vn 0.6416 -0.6134 0.4605
vn -0.0527 0.6035 -0.7956
vn -0.0951 -0.3411 0.9352
vn -0.1255 0.9730 0.1939
vn -0.2201 0.9584 0.1818
vn -0.0112 0.9178 -0.3968
vn -0.1284 0.8465 0.5167
vn -0.0625 0.9905 -0.1223
vn 0.9888 0.0479 -0.1415
vn -0.2634 -0.2494 0.9319
vn -0.6154 0.0566 -0.7862
vn -0.1199 0.6048 0.7873
vn -0.9655 0.0753 0.2493
vn -0.4985 0.8452 0.1927
vn 0.6401 -0.7640 -0.0817
vn -0.2919 0.1684 0.9415
vn -0.2977 0.0550 0.9531
vn -0.4948 -0.4916 0.7166
vn -0.1073 0.9668 -0.2319
vn -0.3422 0.8098 0.4767
vn -0.1855 0.9769 -0.1065
vn 0.0399 0.0303 -0.9987
vn -0.1199 -0.1864 -0.9751
vn 0.4904 -0.2590 0.8321
vn -0.1911 -0.8860 0.4224
vn -0.2274 0.5012 -0.8349
vn 0.0059 0.3840 -0.9233
vn -0.1878 0.8580 -0.4781
vn 0.3482 -0.7931 0.4997
vn -0.3338 0.3182 -0.8873
vn -0.4452 0.8401 0.3099
vn -0.4117 -0.4366 0.7999
vn -0.6887 -0.1606 0.7070
vn -0.1084 0.9185 -0.3803
vn -0.0402 -0.7863 -0.6165
vn -0.3091 0.4898 -0.8152
vn -0.7568 0.1501 -0.6362
vn -0.8308 0.0496 -0.5543
vn 0.0642 -0.3747 -0.9249
vn -0.9696 0.1474 -0.1952
vn -0.5005 0.7039 0.5040
vn -0.1870 0.5717 -0.7989
vn -0.1300 0.6470 -0.7513
vn 0.1603 -0.0245 0.9868
vn 0.4871 0.4171 -0.7673
vn -0.0441 0.4674 -0.8830
vn 0.0556 -0.3931 0.9178
vn 0.1911 0.9810 -0.0337
vn 0.1167 0.3220 0.9395
vn -0.0684 0.9678 0.2421
vn 0.2992 0.9169 0.2642
vn 0.4333 0.7977 0.4194
vn -0.0935 0.9731 -0.2105
vn 0.0159 0.4909 -0.8711
vn -0.1195 0.9248 0.3611
vn -0.0419 -0.4391 0.8975
vn 0.3076 -0.5785 0.7555
vn -0.7094 0.3913 -0.5862
vn 0.3604 0.8488 0.3869
vn 0.0197 -0.2834 0.9588
vn -0.1505 0.0200 0.9884
vn -0.4413 0.4974 0.7469
vn -0.8686 -0.0194 -0.4952
vn -0.8920 0.0173 0.4517
vn -0.8768 0.4272 0.2206
vn -0.5066 -0.5482 0.6655
vn -0.8565 -0.0709 -0.5112
vn -0.5464 0.1031 0.8312
vn -0.6072 0.4267 -0.6703
vn -0.8094 0.5421 -0.2257
vn -0.8420 -0.0802 0.5335
vn -0.1703 0.9689 -0.1797
vn -0.0058 -0.6503 0.7597
vn 0.3087 0.7734 0.5537
vn 0.0704 0.7835 0.6173
vn 0.0003 0.9620 0.2729
vn -0.2839 0.1321 -0.9497
vn -0.8957 -0.1499 0.4186
vn 0.3022 -0.5446 0.7824
vn -0.5615 0.7541 0.3406
vn -0.5109 0.0828 0.8556
vn 0.2720 0.9338 0.2323
vn -0.1903 -0.6575 -0.7290
vn 0.0121 -0.6172 -0.7867
vn 0.2958 0.5072 -0.8095
vn -0.2009 0.9519 -0.2315
vn -0.2520 0.9174 0.3080
vn -0.3016 -0.1392 0.9432
vn 0.3756 0.3374 0.8632
vn -0.0848 -0.5886 0.8039
vn 0.2250 0.8845 0.4087
vn -0.9020 -0.2644 -0.3412
vn -0.6643 0.6472 0.3739
vn -0.2085 0.7180 0.6641
vn -0.1102 0.9669 -0.2302
vn 0.4289 -0.1494 -0.8909
vn -0.1705 0.9851 0.0230
vn 0.1090 0.0162 0.9939
vn 0.5555 -0.0132 0.8314
vn -0.2652 -0.0431 -0.9632
vn 0.4333 -0.2377 -0.8693
vn -0.0432 0.7911 -0.6102
vn 0.2176 -0.3318 0.9179
vn 0.1643 0.9238 0.3457
vn -0.0687 -0.9385 -0.3383
vn -0.2766 0.2459 0.9290
vn -0.5373 0.8425 -0.0386
vn -0.7177 0.6913 -0.0834
vn -0.1786 0.9811 -0.0738
vn 0.0229 -0.8752 0.4832
vn 0.4049 0.7538 -0.5176
vn 1.0000 0.0033 -0.0008
vn -0.2478 0.9398 -0.2353
vn 0.0031 -0.3910 0.9204
vn -0.7634 0.5890 0.2652
vn 0.7553 0.1678 -0.6335
vn 0.3803 -0.0235 -0.9246
vn -0.8618 -0.3037 0.4062
vn 0.9817 0.0623 0.1801
vn -0.9198 -0.3861 -0.0705
vn -0.1925 -0.8448 0.4992
vn 0.1675 0.9247 -0.3419
vn 0.2395 0.7736 -0.5867
vn -0.2814 0.4862 0.8273
vn 0.1562 -0.6901 0.7067
vn 0.2428 0.4013 0.8832
vn 0.1676 0.0878 -0.9819
vn 0.7184 -0.4921 0.4916
vn 0.9147 0.0478 0.4014
vn 0.2888 0.0974 0.9524
vn -0.7449 -0.6641 -0.0638
vn -0.0255 -0.3880 0.9213
vn -0.5736 -0.4849 0.6602
vn -0.0594 0.9964 -0.0606
vn -0.0237 -0.5831 0.8120
vn -0.4119 -0.1448 0.8996
vn -0.1843 0.9291 0.3206
vn -0.0296 0.9554 0.2938
vn 0.3391 -0.4846 -0.8064
vn -0.5360 0.3187 -0.7817
vn 0.2883 -0.2138 -0.9334
vn -0.0543 0.7765 0.6277
vn -0.0141 0.8542 -0.5197
vn -0.0128 0.9956 0.0926
vn -0.0484 0.9987 0.0155
vn -0.4553 0.8199 0.3471
vn -0.0047 0.9913 -0.1318
vn -0.0887 0.6797 -0.7281
vn 0.4090 0.4899 0.7699
vn -0.1304 0.9177 0.3752
vn 0.6244 -0.7734 0.1091
vn -0.7126 -0.5131 0.4784
vn -0.0304 0.4461 -0.8945
vn 0.0325 0.4576 -0.8886
vn 0.0090 -0.5923 -0.8057
vn -0.0609 0.8246 -0.5624
vn 0.4191 -0.5063 0.7537
vn -0.7813 -0.5232 0.3404
vn 0.4685 0.2350 0.8516
vn -0.3976 -0.2176 0.8914
vn -0.6536 0.1977 0.7306
vn 0.3429 0.1210 -0.9316
vn -0.0423 0.9497 -0.3103
vn -0.1042 -0.6555 0.7479
vn -0.4811 0.7957 0.3679
vn -0.9028 -0.3303 0.2753
vn 0.0074 0.9456 0.3254
vn -0.2054 0.3567 0.9114
vn -0.7873 0.5933 0.1676
vn -0.6940 0.0973 0.7134
vn -0.1693 -0.3331 0.9276
vn 0.5020 0.0113 -0.8648
vn -0.1815 0.8395 0.5122
vn -0.2038 0.1250 0.9710
vn -0.0166 0.6230 -0.7821
vn -0.0449 -0.2928 0.9551
vn -0.0371 0.8972 0.4401
vn -0.9963 -0.0148 -0.0847
vn -0.8451 0.5139 0.1477
vn 0.0634 -0.2991 0.9521
vn 0.0860 -0.5569 0.8261
vn 0.0912 -0.0396 0.9950
vn -0.0281 0.0074 0.9996
vn 0.0215 0.8594 -0.5109
vn -0.0020 -1.0000 0.0008
vn -0.1119 0.9220 -0.3706
vn -0.0035 0.9853 0.1708
vn -0.9875 0.0015 -0.1575
vn 0.5575 0.4800 0.6774
vn 0.0322 -0.7300 -0.6826
vn 0.4203 -0.0904 0.9029
vn -0.1061 -0.6407 0.7604
vn 0.6604 -0.6835 -0.3109
vn -0.2319 -0.0151 0.9726
vn -0.3722 -0.0347 0.9275
vn 0.5816 0.2255 -0.7816
vn 0.1164 -0.9243 0.3636
vn -0.0665 -0.9397 0.3355
vn -0.7570 -0.3283 0.5649
vn -0.0261 -0.8269 0.5618
vn 0.3650 0.8481 0.3840
vn -0.3103 -0.6934 0.6503
vn 0.4969 0.7045 -0.5067
vn 0.5487 -0.3373 -0.7650
vn 0.1408 -0.3731 0.9171
vn -0.2763 0.5075 -0.8162
vn 0.5521 -0.3246 0.7680
vn 0.0609 0.9214 -0.3839
vn -0.0270 0.8705 -0.4914
vn 0.3136 0.6102 0.7275
vn 0.5871 0.5372 -0.6056
vn -0.3680 -0.4324 0.8231
vn 0.6084 -0.2022 -0.7674
vn -0.0676 -0.9071 0.4154
vn -0.0637 0.0423 0.9971
vn 0.3042 -0.8292 0.4689
vn 0.0895 0.4645 -0.8810
vn 0.0505 0.9977 0.0456
vn 0.0288 0.9033 -0.4281
vn 0.5590 0.8125 -0.1653
vn 0.0316 0.1386 0.9898
vn 0.0674 0.4406 0.8952
vn 0.0401 0.9953 -0.0878
vn 0.0061 0.9734 -0.2290
vn 0.0197 0.9737 -0.2268
vn -0.0038 0.9917 -0.1284
vn -0.0030 -0.8236 0.5671
vn -0.3394 -0.8254 0.4511
vn -0.0637 0.5188 -0.8525
vn 0.0055 0.9979 -0.0643
vn 0.6384 0.5037 -0.5820
vn 0.6968 0.0612 0.7146
vn 0.7109 -0.4587 0.5332
vn 0.0271 -0.1311 0.9910
vn 0.6512 0.5429 0.5303
vn 0.4276 0.9002 0.0820
vn 0.6929 0.3151 0.6486
vn 0.0240 0.9869 0.1598
vn 0.7042 -0.4521 -0.5474
vn -0.0857 0.9883 0.1263
vn -0.0011 -0.7752 0.6317
vn 0.1668 0.4127 -0.8955
vn 0.0158 0.7755 -0.6311
vn 0.3003 -0.4743 0.8275
vn 0.6430 0.7172 0.2687
vn 0.1464 -0.0354 0.9886
vn 0.7866 0.5257 -0.3237
vn 0.0552 -0.3392 0.9391
vn 0.7620 0.4889 0.4247
vn 0.0269 0.9240 0.3815
vn 0.7178 -0.0693 -0.6927
vn 0.7890 -0.3986 -0.4675
vn 0.8123 -0.1920 0.5507
vn 0.7674 0.6328 -0.1030
vn 0.0681 0.9643 -0.2558
vn 0.7049 0.3941 -0.5898
vn 0.8519 0.1283 -0.5077
vn 0.0427 -0.1633 0.9856
vn 0.0842 -0.8387 0.5381
vn -0.0106 -0.9025 0.4305
vn 0.0170 0.8121 0.5833
vn -0.0238 0.8288 -0.5590
vn 0.0433 0.5498 -0.8342
vn 0.2047 -0.1976 0.9587
vn -0.0090 0.7651 0.6439
vn -0.0156 -0.9908 0.1342
vn 0.0385 -0.4395 0.8974
vn 0.0726 -0.6541 0.7529
vn 0.0305 0.9961 -0.0832
vn -0.1263 -0.9842 0.1245
vn 0.0543 0.8019 0.5950
vn 0.7734 -0.4803 -0.4138
vn 0.9092 0.2881 0.3005
vn 0.4103 0.2975 -0.8620
vn 0.0664 -0.5728 0.8170
vn 0.0382 -0.8971 0.4401
vn 0.8329 0.1057 0.5432
vn 0.1033 0.9935 -0.0485
vn 0.8343 0.5153 -0.1961
vn -0.9166 -0.3083 -0.2546
vn -0.1183 0.0346 0.9924
vn 0.0818 0.9561 0.2813
vn -0.0508 -0.0792 0.9956
vn 0.9051 0.4199 0.0661
vn 0.8712 -0.4053 0.2771
vn 0.0825 0.8370 0.5409
vn 0.8285 -0.4992 -0.2537
vn 0.1003 0.6624 -0.7424
vn 0.0034 -0.2161 0.9764
vn 0.1531 0.3964 -0.9052
vn 0.8662 0.4804 0.1378
vn -0.0206 -0.6532 0.7569
vn -0.2298 -0.6114 0.7572
vn 0.1427 0.9722 0.1854
vn 0.1264 0.8050 -0.5796
vn 0.1112 0.8333 -0.5415
vn 0.8997 -0.1640 -0.4046
vn 0.6830 0.0248 -0.7300
vn -0.2409 0.9689 -0.0570
vn 0.9302 -0.3575 -0.0831
vn 0.9404 -0.0669 0.3333
vn 0.4564 -0.2227 0.8614
vn 0.9689 -0.1000 0.2262
vn 0.1284 0.8110 -0.5707
vn 0.9610 0.2744 -0.0349
vn -0.0125 -0.7298 0.6836
vn -0.3842 -0.0693 0.9207
vn 0.1953 0.9633 -0.1840
vn 0.7688 -0.1510 -0.6214
vn 0.9634 0.0727 -0.2581
vn 0.9910 -0.1017 0.0866
vn 0.0935 0.9735 0.2085
vn 0.1723 -0.6498 0.7403
vn 0.0881 0.9946 0.0552
vn -0.1880 -0.2506 0.9497
vn 0.0898 -0.8231 0.5607
vn 0.1495 -0.0593 0.9870
vn -0.0513 -0.0725 0.9961
vn -0.0035 -0.5963 0.8028
vn 0.0822 -0.8988 0.4305
vn 0.2114 0.5997 -0.7718
vn 0.1496 0.9847 0.0891
vn 0.1032 0.4602 -0.8818
vn 0.1779 -0.9811 -0.0759
vn -0.1620 -0.2179 0.9624
vn 0.0175 0.9823 0.1866
vn -0.2656 -0.8466 0.4611
vn 0.1263 0.8906 0.4369
vn 0.1446 -0.5213 0.8410
vn -0.0290 0.0058 0.9996
vn 0.1694 -0.5229 0.8354
vn 0.2256 0.9225 0.3132
vn 0.1839 -0.8290 0.5281
vn 0.1155 -0.6717 0.7318
vn -0.0241 -0.4397 0.8978
vn 0.2362 0.9676 -0.0896
vn 0.1121 0.9808 -0.1597
vn 0.0479 -0.4811 -0.8754
vn 0.1113 -0.5133 -0.8509
vn -0.1542 -0.8204 0.5506
vn 0.1836 0.7552 -0.6293
vn 0.1315 0.8808 -0.4549
vn 0.2480 0.7657 0.5934
vn 0.2295 -0.2036 0.9518
vn 0.2541 0.9070 -0.3358
vn 0.2367 0.7328 0.6380
vn 0.1070 0.9543 -0.2790
vn 0.1637 0.9701 0.1792
vn 0.4155 -0.8159 0.4020
vn 0.2076 0.9125 0.3526
vn 0.7959 -0.5959 -0.1065
vn 0.7026 0.1612 -0.6931
vn 0.4243 0.2858 -0.8592
vn 0.1057 -0.1131 0.9879
vn 0.1596 0.9792 0.1254
vn 0.8855 -0.3077 -0.3483
vn 0.1609 -0.8796 0.4477
vn 0.3236 0.0983 0.9411
vn 0.5032 -0.8494 0.1589
vn 0.0217 0.9726 0.2317
vn 0.2781 0.1009 0.9552
vn 0.1997 0.9254 0.3222
vn -0.0610 -0.6331 0.7717
vn 0.4387 -0.0965 0.8934
vn -0.1181 0.9907 -0.0679
vn 0.3042 0.9499 -0.0722
vn 0.8339 -0.0628 -0.5483
vn 0.2135 0.0670 0.9746
vn 0.4656 -0.2544 0.8477
vn 0.1316 -0.8546 0.5023
vn 0.3753 0.5819 0.7215
vn 0.8645 -0.0216 -0.5021
vn 0.9765 -0.1947 -0.0923
vn 0.9759 0.1691 0.1381
vn 0.9509 0.2358 0.2005
vn 0.8247 -0.3744 0.4239
vn 0.3749 0.2081 -0.9034
vn 0.6990 -0.0055 -0.7151
vn 0.2502 0.2420 -0.9375
vn 0.2093 -0.6817 0.7011
vn 0.4371 0.7616 0.4784
vn 0.4632 0.5007 0.7313
vn 0.4855 0.7346 0.4740
vn 0.1986 0.9096 -0.3649
vn 0.1128 -0.6104 0.7840
vn 0.7038 -0.7093 0.0396
vn 0.0404 0.3583 -0.9327
vn 0.2879 0.8100 -0.5109
vn 0.2996 -0.3780 0.8760
vn 0.2964 -0.3482 0.8893
vn 0.4734 0.8433 0.2544
vn 0.3406 -0.8588 0.3826
vn 0.3463 -0.7465 0.5681
vn 0.2648 0.8141 0.5168
vn 0.1376 -0.9090 0.3934
vn 0.6479 0.3081 0.6966
vn -0.9894 0.0764 0.1235
vn 0.0831 -0.9382 -0.3360
vn 0.2776 -0.2385 0.9306
vn 0.2108 0.6741 -0.7080
vn 0.2634 -0.7198 0.6422
vn 0.2760 0.9577 0.0814
vn 0.3938 -0.7644 0.5105
vn 0.1611 -0.9216 0.3532
vn 0.1579 -0.3344 -0.9291
vn 0.2893 0.8276 -0.4810
vn -0.1838 0.1081 0.9770
vn 0.3001 0.9409 0.1573
vn 0.4490 0.3712 0.8128
vn 0.2850 0.2724 -0.9190
vn 0.4007 0.4701 0.7864
vn 0.2302 0.9591 -0.1645
vn 0.2789 -0.5545 0.7840
vn 0.1905 0.9122 -0.3627
vn 0.6262 -0.4659 -0.6252
vn -0.3073 0.5122 0.8020
vn 0.3665 -0.5681 0.7369
vn 0.3745 0.9000 -0.2232
vn 0.2632 0.9279 -0.2640
vn 0.5174 0.8301 0.2078
vn 0.7733 0.1055 -0.6252
vn -0.4274 -0.6688 0.6083
vn -0.0649 -0.8989 0.4334
vn 0.4631 0.0169 0.8861
vn 0.0169 -0.7156 0.6983
vn 0.2866 0.7800 -0.5563
vn 0.2119 0.4725 -0.8555
vn 0.5037 -0.3835 0.7741
vn 0.1080 -0.7141 -0.6917
vn 0.1446 -0.3877 0.9104
vn 0.2974 0.9416 0.1580
vn -0.5425 -0.2930 0.7873
vn 0.5762 -0.2293 0.7845
vn 0.0909 0.9122 -0.3995
vn 0.2208 0.8363 -0.5019
vn 0.3369 0.7638 -0.5505
vn 0.3554 0.4899 -0.7961
vn 0.1117 -0.7768 0.6198
vn 0.3629 0.7391 -0.5674
vn -0.6138 0.6575 0.4371
vn 0.3051 0.8011 -0.5150
vn 0.1281 -0.5068 0.8525
vn 0.4750 0.6696 0.5710
vn 0.2225 0.9382 0.2651
vn 0.3826 0.1725 0.9077
vn 0.7395 0.4909 0.4606
vn -0.0141 -0.9552 0.2957
vn 0.1387 -0.6398 -0.7559
vn 0.2606 -0.8050 0.5330
vn 0.4026 -0.0014 0.9154
vn 0.5346 -0.0188 -0.8449
vn 0.2119 -0.5936 0.7763
vn 0.6628 0.7190 0.2091
vn 0.3870 0.9121 -0.1353
vn 0.6527 0.6057 0.4551
vn 0.3011 0.3919 -0.8693
vn 0.2698 -0.6759 0.6858
vn 0.3125 0.2798 0.9078
vn 0.4278 0.8346 -0.3470
vn 0.4564 0.0824 -0.8860
vn 0.1401 -0.8237 0.5494
vn 0.2583 0.8457 0.4670
vn 0.4372 -0.7144 0.5463
vn 0.4234 -0.7496 0.5088
vn -0.0344 0.9491 -0.3130
vn 0.7950 -0.3318 -0.5079
vn 0.2561 -0.3246 0.9105
vn 0.6303 0.7584 0.1660
vn -0.1985 0.5283 0.8255
vn 0.2840 -0.3378 0.8974
vn 0.4082 0.8088 -0.4234
vn 0.5641 0.1551 0.8110
vn 0.4066 0.8036 0.4347
vn 0.1040 -0.5184 -0.8488
vn -0.9286 -0.3547 0.1088
vn 0.0820 -0.9234 0.3749
vn 0.3147 0.8862 0.3401
vn -0.2701 -0.9626 -0.0200
vn -0.8707 0.3209 -0.3727
vn 0.4564 0.8887 0.0431
vn 0.3173 0.9482 0.0143
vn 0.8612 0.4724 0.1876
vn 0.6679 -0.3195 0.6722
vn 0.4874 -0.5731 0.6588
vn 0.1364 -0.1996 -0.9703
vn 0.2433 -0.4195 -0.8745
vn 0.4612 0.5882 0.6643
vn -0.9212 -0.2014 0.3329
vn -0.0832 -0.6492 0.7561
vn -0.5781 -0.0469 0.8146
vn -0.6525 0.3661 0.6635
vn -0.9547 0.2164 0.2043
vn -0.9744 0.1014 -0.2005
vn 0.4251 0.8926 -0.1503
vn 0.4846 -0.3619 0.7964
vn 0.5213 0.1344 0.8427
vn -0.4384 -0.5201 0.7330
vn 0.4447 0.8335 -0.3279
vn -0.1032 -0.9863 -0.1290
vn -0.7375 0.5733 0.3571
vn -0.3878 0.0912 0.9172
vn 0.8281 0.2093 0.5200
vn 0.2872 -0.1298 0.9490
vn 0.8599 0.5035 0.0838
vn 0.4433 0.8643 -0.2377
vn 0.4084 0.9096 0.0758
vn -0.8258 0.5377 -0.1700
vn -0.9863 0.0882 0.1391
vn 0.0131 -0.9300 0.3673
vn 0.1898 -0.2430 -0.9513
vn -0.6092 -0.5375 -0.5831
vn -0.8586 -0.5102 -0.0497
vn -0.1956 0.4166 0.8878
vn -0.3703 0.8118 0.4514
vn -0.5276 0.8475 0.0582
vn -0.9467 0.3221 0.0002
vn -0.9795 0.0839 0.1829
vn 0.5055 -0.7058 0.4963
vn 0.2837 0.6571 -0.6984
vn -0.6285 0.7316 0.2640
vn 0.6290 0.0874 0.7725
vn -0.3832 0.9236 -0.0066
vn -0.9766 -0.1181 -0.1795
vn 0.2691 -0.7310 0.6271
vn 0.1445 -0.8381 -0.5260
vn 0.2379 0.0077 -0.9713
vn -0.8093 0.5804 0.0908
vn 0.3679 -0.7317 0.5738
vn -0.6211 0.6929 -0.3663
vn 0.5328 -0.6420 0.5514
vn 0.6335 -0.0432 0.7725
vn 0.4066 -0.5166 0.7535
vn 0.2540 0.0957 -0.9625
vn -0.8290 -0.5576 0.0436
vn -0.7912 0.3389 -0.5091
vn 0.5137 -0.0791 0.8543
vn -0.8828 -0.4546 -0.1188
vn 0.1184 0.7145 0.6895
vn -0.9586 0.0825 -0.2725
vn 0.3450 -0.8283 0.4415
vn -0.8563 -0.1170 -0.5031
vn 0.3574 -0.4300 0.8291
vn -0.7330 -0.6021 0.3165
vn 0.3363 0.2966 -0.8938
vn 0.4500 0.7749 -0.4439
vn 0.6926 -0.3391 0.6366
vn 0.7365 0.2558 0.6262
vn -0.0669 0.9964 -0.0523
vn 0.3573 0.5868 -0.7266
vn -0.4952 -0.8514 -0.1732
vn -0.6702 0.7305 -0.1312
vn -0.7285 -0.6142 -0.3033
vn -0.4462 -0.8802 0.1615
vn 0.0268 -0.8348 0.5499
vn 0.7686 0.4866 0.4154
vn 0.0176 -0.7197 -0.6940
vn -0.4130 -0.7937 0.4466
vn 0.2982 0.2643 0.9172
vn 0.4756 0.7273 -0.4948
vn 0.4515 -0.6070 0.6540
vn 0.6900 0.2070 0.6936
vn -0.8125 0.3862 -0.4368
vn 0.4369 0.8989 -0.0337
vn 0.4993 -0.6571 0.5646
vn 0.3909 -0.6678 0.6334
vn 0.1684 0.9502 -0.2622
vn -0.9802 -0.0204 0.1967
vn 0.4972 -0.7120 0.4958
vn 0.6577 0.4720 0.5871
vn -0.6900 -0.6808 0.2458
vn -0.4451 -0.7676 0.4611
vn 0.4301 0.7275 -0.5345
vn -0.7718 -0.2966 -0.5625
vn 0.3992 0.8774 0.2662
vn -0.7519 -0.4478 0.4839
vn 0.6978 -0.3216 0.6401
vn -0.5086 0.8606 -0.0247
vn -0.2025 -0.7343 0.6480
vn 0.5507 0.3763 0.7450
vn 0.5026 0.8446 0.1847
vn -0.7246 -0.6391 -0.2581
vn 0.5248 0.8169 -0.2393
vn 0.5633 0.7291 -0.3887
vn 0.4578 0.6963 -0.5528
vn -0.2310 0.8277 -0.5114
vn 0.2584 -0.3207 -0.9112
vn 0.3263 -0.2001 -0.9239
vn 0.0388 -0.9641 0.2625
vn 0.6043 0.4189 0.6778
vn 0.5000 -0.7185 0.4834
vn 0.8739 -0.1158 0.4720
vn 0.2760 0.9525 0.1286
vn 0.0686 0.8883 0.4542
vn 0.4783 0.7590 0.4417
vn -0.7264 -0.6803 -0.0975
vn -0.6733 0.6343 -0.3798
vn -0.0918 -0.0275 0.9954
vn -0.4297 0.8289 -0.3581
vn 0.4545 0.6263 0.6334
vn -0.2442 0.9079 0.3408
vn -0.7155 -0.6859 0.1328
vn -0.6699 -0.6926 0.2675
vn 0.6784 0.5498 0.4874
vn 0.7780 0.2894 0.5576
vn 0.7702 0.2381 0.5917
vn 0.7167 0.4227 0.5547
vn 0.1273 0.9611 0.2449
vn -0.7876 -0.6128 -0.0648
vn -0.7715 -0.4531 -0.4466
vn 0.5172 0.6815 -0.5178
vn 0.3629 -0.7511 0.5516
vn -0.0226 0.9757 0.2178
vn 0.4246 0.6925 -0.5832
vn 0.5278 0.8395 -0.1292
vn 0.4875 -0.6230 0.6118
vn -0.1712 0.6289 0.7584
vn 0.4403 0.3464 -0.8283
vn -0.8337 -0.1402 0.5342
vn 0.1774 -0.9841 0.0057
vn 0.3982 0.8926 0.2115
vn -0.7667 -0.3748 0.5213
vn -0.8489 0.0276 -0.5278
vn 0.6637 -0.3596 0.6559
vn 0.3311 -0.0669 -0.9412
vn -0.2461 0.8459 0.4732
vn -0.5204 -0.8458 0.1175
vn -0.1500 0.7525 -0.6413
vn -0.2110 0.9676 0.1384
vn 0.1842 -0.5164 0.8363
vn 0.5742 -0.5347 0.6200
vn 0.2380 -0.5301 -0.8138
vn -0.8679 -0.4681 0.1661
vn -0.1336 0.9356 0.3268
vn 0.4114 0.4980 -0.7634
vn 0.4851 0.8546 0.1854
vn -0.4646 0.8032 0.3729
vn -0.9975 0.0320 0.0635
vn -0.9356 0.2858 -0.2075
vn -0.9856 -0.0306 0.1663
vn -0.2289 0.9407 -0.2503
vn -0.9043 -0.3470 -0.2487
vn 0.1443 -0.9131 -0.3814
vn -0.7419 0.3140 0.5925
vn 0.5181 0.8106 -0.2729
vn 0.5751 -0.5296 0.6236
vn -0.3298 0.9272 -0.1774
vn 0.6102 0.7922 -0.0055
vn -0.6674 -0.6878 -0.2856
vn 0.3745 -0.5481 0.7479
vn 0.3409 0.8467 0.4084
vn -0.5535 -0.6262 0.5491
vn -0.6889 -0.7172 -0.1048
vn -0.7688 -0.3402 0.5415
vn -0.0283 -0.7640 0.6446
vn 0.9216 0.1886 0.3393
vn -0.7762 0.4942 0.3916
vn 0.0334 0.9927 -0.1160
vn -0.1843 -0.8797 0.4383
vn -0.0973 -0.9331 0.3462
vn 0.0338 -0.4828 0.8751
vn -0.9390 0.3137 0.1410
vn 0.2738 -0.2883 0.9175
vn 0.5271 0.8188 -0.2272
vn -0.8471 -0.0097 -0.5314
vn 0.6496 0.4593 0.6058
vn -0.5970 0.1993 0.7771
vn -0.5197 0.4393 0.7327
vn -0.7828 0.5585 0.2745
vn -0.8827 -0.4491 0.1386
vn -0.7723 0.6236 0.1209
vn -0.4951 -0.8123 -0.3083
vn -0.2126 -0.9748 0.0675
vn -0.2673 -0.9521 0.1482
vn 0.2544 -0.6975 -0.6699
vn 0.3377 -0.6401 0.6901
vn -0.0953 0.0986 0.9906
vn 0.3830 0.1050 -0.9178
vn -0.3330 -0.9418 -0.0460
vn -0.6613 0.7407 -0.1184
vn -0.8713 -0.2478 -0.4235
vn -0.9318 0.0540 -0.3590
vn 0.5731 0.6915 -0.4397
vn -0.6971 -0.6691 0.2576
vn -0.3629 0.7382 0.5686
vn 0.5107 0.8496 -0.1319
vn 0.7658 0.0159 0.6429
vn 0.6059 0.5728 -0.5521
vn 0.5952 0.7929 0.1306
vn 0.3662 0.6889 -0.6255
vn -0.5112 0.8205 0.2558
vn -0.3870 -0.8701 0.3051
vn -0.1103 0.6389 0.7614
vn 0.5021 0.8054 0.3148
vn 0.3531 -0.8194 0.4516
vn -0.4526 0.6647 0.5944
vn 0.6932 0.5639 -0.4488
vn 0.7091 0.6286 -0.3194
vn 0.0490 -0.6498 0.7585
vn 0.0256 0.9953 -0.0935
vn -0.3887 0.9149 0.1091
vn 0.8004 0.1002 0.5910
vn 0.4622 -0.6127 0.6411
vn 0.4493 -0.6636 0.5981
vn -0.1319 0.9264 0.3527
vn -0.9205 0.3882 -0.0440
vn -0.2929 -0.8434 0.4505
vn -0.2269 0.9429 0.2439
vn -0.5110 0.8523 -0.1121
vn 0.3633 0.1979 -0.9104
vn 0.9941 0.0125 0.1077
vn 0.7616 0.6229 0.1786
vn 0.4691 0.5885 -0.6585
vn 0.7096 0.4532 0.5396
vn 0.5064 0.8583 0.0829
vn -0.3133 0.9472 -0.0678
vn -0.2561 -0.7254 0.6389
vn 0.7407 -0.3452 0.5763
vn 0.7296 -0.1463 0.6681
vn 0.0393 0.9269 0.3731
vn -0.7999 0.4993 -0.3330
vn 0.7773 -0.0494 0.6272
vn 0.5271 0.7543 0.3915
vn 0.6915 0.3355 0.6398
vn 0.4645 0.7016 -0.5403
vn -0.1707 -0.5775 0.7984
vn 0.3943 0.5556 0.7320
vn 0.5598 0.1004 0.8225
vn 0.5190 -0.1136 0.8472
vn 0.7272 -0.2222 0.6495
vn 0.1621 -0.7576 0.6322
vn 0.1072 -0.6868 0.7189
vn -0.5020 -0.2054 0.8401
vn 0.5029 0.7860 -0.3595
vn 0.1755 0.9615 0.2116
vn -0.3399 0.8999 -0.2733
vn -0.3612 0.7810 -0.5094
vn 0.1874 -0.7306 0.6566
vn -0.1749 0.9181 -0.3556
vn -0.7338 -0.6138 -0.2911
vn 0.6936 -0.3831 0.6101
vn 0.4466 -0.0360 -0.8940
vn 0.5796 0.7980 0.1654
vn 0.7003 0.2655 0.6626
vn -0.2301 -0.9725 0.0372
vn 0.1779 0.9687 0.1732
vn 0.3674 0.5679 0.7365
vn 0.2857 -0.6900 0.6651
vn 0.4335 -0.5132 0.7408
vn -0.0572 0.6350 -0.7704
vn -0.8410 0.5259 -0.1268
vn 0.4650 0.7612 0.4521
vn 0.6116 0.7756 -0.1562
vn 0.0600 -0.8844 0.4628
vn -0.1636 0.8427 0.5130
vn -0.9307 -0.0258 -0.3649
vn 0.0918 0.8689 0.4864
vn 0.1421 0.9280 0.3444
vn -0.9373 0.0550 -0.3441
vn -0.9696 0.0342 -0.2424
vn 0.6872 -0.2430 0.6847
vn 0.1333 0.9910 -0.0077
vn 0.2652 -0.6080 0.7483
vn -0.4135 -0.9039 -0.1098
vn 0.2967 -0.9549 0.0066
vn 0.2292 -0.7046 0.6715
vn -0.2457 -0.8657 0.4362
vn 0.4214 0.2514 -0.8713
vn -0.9998 -0.0149 0.0143
vn -0.7969 -0.6039 0.0174
vn -0.9857 0.1614 0.0488
vn -0.9666 0.2513 0.0495
vn -0.9874 0.1561 0.0273
vn 0.3248 0.8690 -0.3732
vn -0.4785 0.8328 -0.2784
vn 0.3728 -0.2972 -0.8790
vn 0.6793 0.6289 0.3782
vn -0.9894 -0.1037 -0.1014
vn -0.8456 -0.5338 -0.0062
vn 0.7480 0.0779 0.6591
vn -0.5108 -0.1160 0.8518
vn 0.4794 0.1423 0.8660
vn -0.6445 -0.7176 -0.2640
vn 0.6881 0.1680 0.7059
vn 0.7178 0.4033 0.5675
vn -0.4703 0.8800 0.0662
vn 0.3669 -0.3011 0.8802
vn -0.5590 -0.7352 0.3835
vn -0.9704 -0.2387 0.0357
vn 0.5106 0.7264 0.4600
vn 0.0273 -0.8852 0.4644
vn 0.8514 -0.1965 0.4863
vn 0.7697 -0.5828 0.2604
vn 0.5111 0.8589 -0.0312
vn 0.5024 0.5553 -0.6627
vn 0.4350 -0.4552 0.7769
vn -0.7601 -0.6459 0.0710
vn -0.7265 -0.5707 0.3827
vn 0.3221 -0.4729 -0.8201
vn 0.6200 0.7027 0.3490
vn -0.8098 0.5535 0.1945
vn -0.9896 -0.0528 -0.1341
vn 0.7885 0.0361 0.6140
vn 0.6783 0.3509 0.6456
vn 0.6177 0.3854 0.6855
vn 0.5101 0.7360 0.4451
vn 0.3058 0.9317 0.1959
vn -0.8636 -0.4900 -0.1185
vn -0.7908 0.6039 0.1002
vn -0.1744 0.8394 0.5148
vn 0.3699 -0.4014 -0.8379
vn 0.5807 0.5571 0.5937
vn -0.7391 -0.1787 0.6494
vn -0.0503 -0.9812 0.1864
vn -0.7513 -0.6137 -0.2425
vn 0.5090 -0.6733 0.5362
vn -0.9239 -0.0828 0.3736
vn -0.3704 -0.8472 0.3808
vn -0.7921 -0.1728 0.5855
vn -0.0958 -0.7787 0.6201
vn -0.6216 -0.6435 0.4467
vn 0.0870 0.9960 0.0220
vn 0.5876 0.8086 0.0293
vn -0.8949 -0.4433 -0.0510
vn -0.9642 -0.1710 -0.2028
vn -0.9811 0.1928 -0.0161
vn -0.7261 0.3712 0.5788
vn -0.4626 0.0501 -0.8851
vn 0.7552 0.4976 -0.4266
vn 0.7954 0.0927 0.5990
vn 0.7315 0.0376 0.6808
vn 0.6776 0.1284 0.7241
vn -0.4847 -0.8451 0.2254
vn 0.3530 -0.9354 0.0203
vn 0.0218 -0.8411 0.5405
vn -0.6463 0.7262 0.2342
vn 0.0891 -0.9844 0.1517
vn 0.1039 -0.9937 0.0419
vn -0.4327 0.1074 0.8951
vn 0.5097 0.8418 0.1774
vn -0.1931 -0.4995 0.8445
vn 0.1587 0.4142 -0.8962
vn -0.7325 -0.0675 0.6774
vn -0.5838 0.2606 0.7690
vn -0.4287 0.9033 0.0180
vn -0.2350 0.9704 0.0557
vn -0.1847 -0.2538 0.9495
vn 0.6643 0.7167 -0.2121
vn -0.0277 -0.2222 0.9746
vn -0.7248 0.6887 0.0172
vn -0.8025 -0.1347 -0.5813
vn 0.2890 0.8294 0.4782
vn -0.6826 0.5968 0.4217
vn 0.3166 0.8237 0.4705
vn 0.6255 0.5243 0.5778
vn 0.5493 0.6964 0.4618
vn 0.7030 0.6245 0.3402
vn 0.7548 0.5548 0.3501
vn 0.2587 0.0083 0.9659
vn -0.6961 0.4988 0.5163
vn 0.7408 0.2851 0.6082
vn 0.6838 -0.1112 0.7211
vn 0.3597 0.8749 0.3244
vn -0.2976 0.7140 -0.6337
vn -0.2880 0.6016 0.7451
vn 0.5079 0.5716 0.6444
vn 0.7003 0.2868 0.6537
vn 0.6242 0.4805 0.6160
vn -0.0485 0.8449 0.5327
vn -0.5628 -0.6956 0.4466
vn -0.0515 0.5395 0.8404
vn -0.4537 0.8188 -0.3516
vn 0.5567 -0.4962 0.6662
vn -0.4086 0.8758 0.2570
vn 0.8360 0.2629 0.4816
vn 0.8012 0.4891 0.3448
vn -0.3443 -0.7432 0.5737
vn 0.5727 0.8153 -0.0857
vn 0.1527 0.6814 0.7158
vn 0.5128 0.6352 0.5775
vn 0.6113 0.5858 0.5321
vn -0.2158 -0.9629 0.1621
vn 0.6156 0.7384 -0.2753
vn -0.5372 -0.8433 -0.0146
vn -0.3396 0.9180 0.2049
vn 0.8029 -0.1658 0.5725
vn -0.3779 0.8102 0.4481
vn 0.4855 0.4423 -0.7541
vn 0.6340 0.2769 0.7220
vn 0.3904 0.9154 0.0978
vn 0.6773 0.7031 -0.2165
vn 0.7575 0.5239 -0.3896
vn 0.5053 -0.8565 0.1052
vn -0.0795 -0.7872 -0.6116
vn 0.5994 0.7723 -0.2104
vn 0.5440 0.6309 0.5533
vn -0.3572 -0.9033 0.2377
vn 0.8163 0.3585 0.4528
vn -0.2246 -0.9697 -0.0963
vn 0.2935 0.3979 -0.8692
vn -0.2485 -0.8934 0.3743
vn 0.2691 0.7741 0.5730
vn 0.5142 0.6320 0.5798
vn 0.4585 0.6111 0.6452
vn -0.0249 -0.7843 0.6199
vn 0.5844 0.5957 -0.5510
vn 0.4792 0.1192 -0.8696
vn 0.6512 0.6073 0.4552
vn 0.6291 -0.7130 0.3095
vn 0.6909 0.7074 -0.1494
vn 0.4541 -0.7849 0.4216
vn 0.6543 0.7523 -0.0770
vn 0.1206 0.1947 -0.9734
vn -0.6567 0.1613 0.7367
vn 0.6027 0.7654 0.2257
vn 0.4726 0.8467 0.2445
vn -0.4532 -0.8733 -0.1790
vn -0.5492 0.6451 -0.5313
vn 0.7550 0.0706 0.6519
vn -0.2083 -0.1162 -0.9711
vn 0.6380 0.7577 -0.1373
vn 0.7657 -0.2223 0.6036
vn 0.3410 0.4107 0.8456
vn 0.3830 -0.5794 -0.7195
vn -0.7300 -0.6822 0.0412
vn 0.5824 0.6874 -0.4339
vn 0.0628 -0.9478 0.3127
vn 0.7737 0.4626 0.4330
vn 0.6705 0.7100 -0.2154
vn 0.5465 0.6288 0.5532
vn -0.5255 0.8500 0.0369
vn 0.2605 0.9566 0.1307
vn 0.7329 0.6422 -0.2246
vn 0.4099 -0.0944 0.9072
vn -0.5643 -0.8241 -0.0498
vn 0.3501 -0.9332 -0.0807
vn 0.1198 -0.1613 0.9796
vn 0.6412 -0.5402 0.5450
vn 0.6742 -0.3297 0.6608
vn 0.6597 -0.1593 0.7344
vn 0.4829 0.6337 0.6043
vn 0.5005 0.3407 -0.7959
vn -0.1133 0.4171 -0.9018
vn 0.5424 -0.6108 0.5768
vn -0.2938 0.8622 0.4127
vn 0.6512 0.7586 -0.0192
vn 0.5107 -0.4690 0.7206
vn 0.8974 0.3366 0.2853
vn 0.7375 0.6694 0.0894
vn 0.7879 0.2554 0.5604
vn -0.3389 -0.9403 0.0316
vn 0.4556 0.1040 -0.8841
vn 0.5145 0.6475 0.5622
vn -0.2506 0.9522 0.1748
vn -0.2598 0.9320 0.2528
vn 0.2604 0.8851 0.3858
vn -0.4951 0.2558 0.8304
vn -0.4205 0.3802 0.8238
vn -0.0154 -0.9784 0.2061
vn 0.4370 0.5309 0.7261
vn 0.8380 -0.0069 0.5456
vn -0.0559 0.1793 0.9822
vn 0.6161 0.3112 -0.7236
vn 0.6230 0.2215 -0.7502
vn 0.4806 -0.6718 0.5636
vn 0.6825 0.7309 0.0046
vn 0.1828 -0.9392 -0.2907
vn 0.7758 0.5258 0.3488
vn 0.5077 -0.0914 -0.8567
vn 0.7807 0.5790 -0.2353
vn 0.6379 0.2004 0.7436
vn 0.6272 0.7501 0.2096
vn 0.6033 0.6776 0.4207
vn 0.5778 0.5399 -0.6121
vn 0.3770 -0.6987 -0.6080
vn 0.6043 0.5581 0.5686
vn 0.5584 0.2627 0.7869
vn -0.1186 -0.9891 0.0878
vn 0.0449 0.6831 0.7290
vn 0.6680 0.7207 0.1854
vn 0.5901 0.3109 0.7451
vn 0.7293 -0.0429 0.6828
vn 0.2167 0.0007 0.9762
vn -0.3905 0.9198 0.0391
vn 0.6359 0.6738 -0.3764
vn 0.4357 -0.3369 -0.8347
vn -0.1336 -0.9898 0.0501
vn 0.6696 0.6846 0.2880
vn 0.5539 0.1089 -0.8255
vn 0.4420 -0.3337 -0.8326
vn 0.5377 -0.6517 0.5350
vn 0.7118 -0.3248 0.6227
vn 0.5425 0.6544 0.5268
vn -0.3872 0.4439 0.8081
vn 0.6914 -0.2547 0.6761
vn 0.6990 0.6878 0.1958
vn 0.5476 -0.5634 0.6187
vn 0.5262 0.6476 0.5512
vn 0.4857 -0.7908 0.3725
vn 0.5920 -0.7627 0.2605
vn 0.6310 0.6026 -0.4886
vn 0.7243 0.4474 0.5246
vn 0.1936 0.3175 0.9283
vn 0.5072 0.2474 -0.8256
vn 0.0227 0.9538 0.2995
vn 0.8013 -0.0290 0.5975
vn 0.7307 0.3994 0.5537
vn 0.4992 0.6275 0.5976
vn 0.6203 0.4123 0.6673
vn 0.6312 0.5334 -0.5631
vn 0.9933 -0.1003 0.0575
vn 0.7885 0.1255 -0.6021
vn 0.8191 0.4560 0.3480
vn 0.5712 -0.4551 0.6831
vn 0.6975 -0.0117 0.7165
vn 0.7033 -0.5177 0.4872
vn 0.8679 -0.4755 -0.1434
vn 0.0554 0.2951 -0.9539
vn 0.7573 0.6495 -0.0678
vn -0.2292 0.9553 -0.1868
vn 0.5538 0.3682 0.7468
vn 0.7957 0.4132 -0.4429
vn 0.7335 0.5769 0.3594
vn 0.3850 0.8661 0.3189
vn -0.0092 0.6096 -0.7927
vn 0.0018 0.4668 -0.8844
vn 0.5687 0.2143 -0.7941
vn -0.1799 0.7619 0.6222
vn -0.2691 0.4237 0.8649
vn 0.5409 -0.6231 0.5650
vn 0.5995 0.4074 -0.6890
vn 0.4835 -0.8522 0.2002
vn 0.8248 -0.1223 0.5520
vn 0.5608 0.0633 -0.8256
vn 0.4608 -0.2119 -0.8618
vn 0.5891 0.4270 -0.6860
vn 0.8507 0.1987 0.4867
vn 0.4542 -0.8818 0.1272
vn 0.1189 0.0495 -0.9917
vn 0.1729 0.5239 -0.8340
vn 0.9207 0.2640 0.2875
vn 0.6318 0.6117 0.4760
vn 0.7537 0.5026 0.4235
vn 0.7373 0.6202 0.2679
vn 0.5778 -0.3229 -0.7496
vn 0.8531 -0.5142 0.0891
vn 0.0183 -0.7199 -0.6938
vn 0.6968 0.7136 0.0727
vn -0.0355 0.9155 0.4007
vn 0.7431 0.6470 -0.1707
vn 0.0654 0.1565 0.9855
vn -0.2547 0.2520 0.9336
vn 0.1615 -0.9801 0.1153
vn 0.0431 -0.9991 0.0035
vn 0.7647 0.6346 -0.1118
vn -0.0820 0.9553 0.2839
vn 0.6260 -0.7669 0.1413
vn 0.1529 -0.1182 -0.9811
vn -0.1089 0.9106 -0.3988
vn 0.9308 -0.0964 0.3526
vn 0.5459 0.2842 -0.7882
vn 0.2626 0.6962 0.6681
vn 0.3036 -0.1776 0.9361
vn 0.8750 -0.3506 0.3337
vn 0.8356 0.4428 0.3251
vn 0.6799 -0.0262 0.7329
vn 0.7048 0.7094 -0.0085
vn 0.7325 0.6788 0.0508
vn -0.1012 0.2848 0.9532
vn 0.8299 0.5410 0.1365
vn 0.7636 0.6414 -0.0740
vn 0.0966 -0.9890 -0.1119
vn 0.8494 -0.0730 -0.5226
vn 0.8589 0.4289 -0.2798
vn 0.9555 0.1410 0.2591
vn 0.7886 0.5801 -0.2037
vn 0.4827 -0.7372 -0.4729
vn 0.6009 -0.7987 -0.0318
vn 0.7734 0.5844 0.2458
vn 0.5972 0.3306 0.7308
vn 0.8882 -0.3009 -0.3472
vn 0.7749 0.4993 0.3877
vn 0.5950 -0.8017 0.0572
vn 0.5421 0.4626 -0.7015
vn 0.6956 0.6271 0.3506
vn 0.1718 -0.1112 -0.9788
vn 0.6295 -0.4105 0.6597
vn 0.6486 0.6563 -0.3855
vn 0.7862 0.3794 -0.4877
vn 0.7006 -0.5074 0.5017
vn 0.6772 0.6228 0.3918
vn 0.5560 -0.5423 -0.6299
vn 0.8852 0.1316 0.4462
vn -0.0745 0.9405 0.3314
vn 0.2430 -0.9362 -0.2539
vn 0.3382 0.8996 0.2763
vn 0.7807 0.5602 -0.2768
vn 0.8025 -0.4734 0.3631
vn 0.3927 0.3553 0.8483
vn 0.9508 -0.0905 -0.2962
vn 0.6373 -0.7706 0.0022
vn 0.7072 0.6928 0.1411
vn 0.1388 0.8554 0.4991
vn 0.0436 0.1425 0.9888
vn 0.5028 -0.4438 -0.7417
vn 0.8447 -0.2725 -0.4607
vn 0.7727 0.6348 0.0039
vn 0.5236 -0.5982 -0.6066
vn 0.7711 0.1135 0.6265
vn 0.3544 0.9263 0.1277
vn 0.3760 0.1018 -0.9210
vn 0.6353 -0.6654 0.3920
vn 0.2730 -0.9287 -0.2510
vn 0.9503 -0.0343 0.3094
vn 0.6396 -0.7687 0.0027
vn 0.7748 -0.5234 0.3547
vn 0.9060 0.4136 -0.0906
vn 0.7680 0.4836 -0.4200
vn 0.8083 0.4075 -0.4250
vn 0.9551 0.1339 0.2643
vn 0.6727 0.6866 -0.2757
vn 0.6959 -0.7134 -0.0823
vn 0.6613 -0.7414 -0.1144
vn 0.1942 0.7337 -0.6512
vn 0.4446 -0.2360 0.8641
vn 0.2394 0.3094 0.9203
vn -0.0370 0.9993 0.0009
vn 0.7465 0.5052 -0.4330
vn 0.8235 -0.4936 -0.2797
vn 0.2364 0.2026 -0.9503
vn 0.7714 0.3931 0.5004
vn 0.6108 -0.7815 0.1276
vn 0.5363 -0.2255 -0.8134
vn 0.8804 0.3729 -0.2931
vn 0.6088 0.3426 -0.7155
vn 0.6399 0.4185 -0.6445
vn 0.6165 0.4503 0.6459
vn 0.8611 0.5029 -0.0754
vn 0.9113 0.3622 -0.1959
vn 0.5426 -0.6405 -0.5435
vn 0.2477 -0.9362 -0.2495
vn 0.2207 0.9115 0.3472
vn 0.5490 -0.5005 -0.6693
vn 0.8269 0.5324 -0.1809
vn 0.2369 0.4981 0.8341
vn 0.7519 0.6374 0.1683
vn 0.7152 -0.6990 -0.0016
vn 0.8712 0.2581 0.4176
vn 0.7907 -0.3923 0.4700
vn 0.7234 -0.6606 0.2005
vn 0.9101 0.2958 0.2902
vn 0.6740 -0.1358 -0.7261
vn 0.8202 0.5308 0.2131
vn 0.4986 0.7768 0.3848
vn 0.9966 -0.0557 0.0601
vn 0.8984 -0.1757 -0.4026
vn 0.8557 0.3422 -0.3881
vn 0.9661 0.2200 -0.1351
vn 0.1632 -0.5843 0.7950
vn 0.7081 0.5542 0.4376
vn 0.3955 -0.8577 -0.3286
vn 0.7082 0.0990 0.6990
vn 0.6841 0.7220 -0.1036
vn 0.7748 -0.6069 -0.1773
vn 0.7451 -0.6504 0.1477
vn 0.7374 -0.6716 0.0725
vn 0.9870 -0.0831 -0.1374
vn 0.1547 0.4053 0.9010
vn 0.8111 0.5823 0.0554
vn 0.4459 0.0750 -0.8919
vn 0.4731 -0.8668 -0.1574
vn 0.5246 -0.7489 0.4050
vn 0.7730 0.6277 0.0921
vn 0.8409 0.5254 0.1300
vn 0.6570 -0.3669 0.6586
vn 0.5038 -0.8612 -0.0674
vn 0.8430 0.5148 -0.1560
vn 0.7593 -0.0562 0.6483
vn 0.7581 -0.2134 0.6162
vn 0.8675 0.3771 0.3245
vn 0.8461 0.5310 -0.0461
vn -0.0499 -0.9204 -0.3877
vn 0.4178 0.1418 0.8974
vn 0.2742 0.2166 0.9370
vn 0.6627 -0.4660 0.5863
vn 0.5893 -0.0299 -0.8073
vn 0.5863 0.1611 -0.7939
vn 0.7553 0.4161 0.5063
vn 0.3788 0.8643 -0.3309
vn 0.2649 0.1876 -0.9458
vn 0.8034 0.5757 -0.1519
vn 0.3339 -0.0407 -0.9417
vn 0.6813 -0.7001 0.2137
vn -0.4652 -0.7410 0.4843
vn 0.1495 -0.9879 -0.0414
vn 0.0363 -0.9961 0.0807
vn 0.5744 -0.8156 -0.0696
vn 0.4528 0.1266 0.8826
vn 0.8589 0.4968 -0.1247
vn 0.3041 -0.3347 -0.8919
vn 0.5935 -0.7721 -0.2273
vn 0.4464 -0.3572 -0.8204
vn 0.3489 0.6901 -0.6341
vn 0.4902 0.1492 0.8587
vn 0.2237 0.3238 -0.9193
vn 0.0203 -0.9361 0.3510
vn 0.7657 0.6069 0.2131
vn 0.2109 0.2431 0.9468
vn -0.5007 -0.8172 -0.2854
vn 0.8155 0.5638 -0.1311
vn 0.0556 -0.1918 0.9799
vn -0.0597 0.8449 0.5316
vn 0.7437 -0.3440 0.5732
vn 0.8181 -0.1771 0.5471
vn 0.8475 0.4798 -0.2271
vn 0.4590 0.6473 0.6085
vn -0.3390 -0.9408 0.0051
vn 0.0474 0.9121 0.4071
vn 0.8385 0.5447 -0.0129
vn 0.8218 0.3526 0.4475
vn 0.1362 -0.6506 -0.7471
vn 0.5803 -0.3401 -0.7400
vn 0.8854 0.4614 -0.0564
vn 0.0317 0.9797 0.1979
vn 0.3875 0.2855 0.8765
vn 0.4017 -0.9010 0.1637
vn -0.7511 -0.6602 0.0084
vn 0.0689 0.2430 0.9676
vn 0.5184 -0.7060 -0.4826
vn 0.8580 0.4949 0.1379
vn 0.8241 0.3525 -0.4435
vn 0.7671 0.5568 0.3187
vn 0.7872 0.4007 -0.4688
vn -0.4541 -0.8091 0.3732
vn 0.5700 -0.8168 -0.0892
vn 0.1969 -0.7776 0.5972
vn 0.6145 -0.1881 -0.7662
vn 0.1648 0.1477 0.9752
vn -0.4494 -0.5750 0.6836
vn 0.5445 -0.5952 0.5910
vn 0.8267 0.0867 0.5559
vn 0.8850 -0.4628 -0.0517
vn 0.3831 -0.9139 0.1345
vn 0.5835 -0.7625 0.2796
vn -0.9963 -0.0626 -0.0581
vn -0.9795 -0.1818 0.0871
vn -0.9866 0.1616 0.0214
vn 0.8042 0.2461 0.5411
vn 0.9253 0.1438 0.3508
vn -0.6918 -0.6627 -0.2870
vn 0.2063 0.0684 0.9761
vn 0.8653 0.4641 -0.1895
vn -0.4546 -0.8832 -0.1149
vn -0.8476 -0.4574 0.2689
vn 0.8124 -0.5549 0.1794
vn -0.6566 0.3769 0.6533
vn 0.6449 0.2216 -0.7314
vn 0.6387 0.0743 -0.7659
vn 0.2676 -0.8317 0.4866
vn -0.8156 -0.5763 -0.0519
vn -0.9979 -0.0642 -0.0002
vn 0.8091 -0.4972 0.3134
vn 0.7058 -0.6345 -0.3149
vn -0.7621 -0.6400 0.0977
vn 0.3968 -0.9175 0.0285
vn 0.0251 0.3439 0.9387
vn 0.6423 0.7510 0.1532
vn 0.7841 0.5670 0.2526
vn -0.1895 -0.0446 0.9809
vn 0.4521 -0.8260 0.3367
vn -0.5355 -0.8309 0.1511
vn 0.6050 -0.5580 -0.5680
vn 0.7402 0.6666 -0.0877
vn -0.2312 0.0659 0.9707
vn 0.8311 -0.5558 0.0165
vn 0.2945 0.4540 -0.8409
vn -0.8942 -0.4466 0.0302
vn 0.1634 -0.9410 -0.2963
vn -0.3609 -0.9216 -0.1429
vn 0.8482 0.5280 -0.0420
vn 0.0991 -0.9427 0.3185
vn -0.5422 -0.7939 0.2752
vn -0.6475 -0.7081 0.2816
vn 0.5525 -0.6183 -0.5590
vn 0.8570 -0.0078 0.5152
vn -0.7712 -0.6331 -0.0668
vn -0.7964 -0.4623 0.3900
vn -0.1016 -0.9366 0.3355
vn -0.4240 -0.9053 0.0261
vn 0.7237 -0.2879 0.6272
vn -0.4255 0.1096 0.8983
vn 0.6794 -0.6784 0.2794
vn 0.8765 0.4765 0.0687
vn 0.9163 0.0802 0.3924
vn 0.8716 0.4661 -0.1519
vn -0.5901 -0.5193 0.6182
vn -0.3262 -0.5296 0.7830
vn -0.7809 -0.4590 -0.4236
vn -0.5050 -0.6125 0.6082
vn 0.8183 0.4742 0.3248
vn -0.6596 0.0012 0.7516
vn 0.2765 0.8258 0.4915
vn 0.3300 0.8010 0.4994
vn 0.3267 0.7569 0.5660
vn -0.0866 -0.9857 0.1446
vn 0.8437 -0.5321 0.0711
vn 0.4948 0.1999 -0.8457
vn 0.6349 0.0545 0.7707
vn 0.7694 -0.2273 0.5970
vn 0.5025 0.2736 0.8201
vn 0.6205 -0.4268 -0.6579
vn 0.5896 -0.6963 -0.4093
vn 0.4941 -0.8165 0.2987
vn 0.6630 -0.5672 0.4886
vn 0.8893 0.3627 -0.2787
vn 0.4665 0.2437 0.8503
vn 0.6600 0.5070 0.5543
vn 0.1011 -0.3284 0.9391
vn 0.5270 -0.0067 0.8498
vn 0.2475 0.8442 0.4755
vn -0.1073 -0.3469 0.9318
vn 0.5321 -0.1655 -0.8303
vn 0.5510 0.2793 0.7864
vn 0.8916 0.4486 0.0622
vn 0.8997 -0.4092 0.1518
vn -0.2669 -0.9632 0.0314
vn 0.5830 0.5788 -0.5702
vn 0.4665 -0.8644 0.1874
vn 0.5421 0.1589 0.8252
vn 0.9157 -0.2174 0.3379
vn 0.8749 0.4821 -0.0459
vn 0.9066 0.4042 -0.1213
vn 0.2357 0.2363 0.9427
vn 0.0680 -0.9364 -0.3443
vn 0.1973 -0.7559 -0.6243
vn -0.1796 -0.9415 0.2853
vn 0.7844 -0.3327 -0.5235
vn 0.9641 0.2648 -0.0193
vn -0.1536 -0.8947 0.4194
vn 0.3501 0.1653 0.9220
vn 0.6124 0.6354 0.4704
vn 0.8363 0.5481 -0.0160
vn 0.5433 0.2794 0.7917
vn 0.7034 0.5588 -0.4393
vn -0.2510 -0.2309 0.9400
vn 0.6470 -0.7614 0.0402
vn 0.8897 0.4184 0.1825
vn 0.4391 0.0143 0.8983
vn 0.9088 -0.3210 -0.2664
vn 0.9089 -0.3835 0.1636
vn 0.6491 0.0260 -0.7603
vn 0.8198 0.0291 0.5719
vn 0.8559 -0.5163 0.0299
vn 0.7529 -0.2778 -0.5967
vn 0.7674 -0.6388 0.0546
vn 0.7702 -0.1491 0.6201
vn 0.3597 0.2773 0.8909
vn 0.5919 -0.7574 0.2758
vn 0.8686 0.4912 -0.0652
vn 0.3207 0.8494 0.4191
vn 0.9137 0.0505 0.4031
vn 0.7103 0.6196 -0.3340
vn 0.6657 -0.2516 -0.7025
vn 0.9122 0.4080 0.0380
vn 0.9445 -0.1985 0.2618
vn 0.4107 0.4358 0.8009
vn 0.8696 0.4807 0.1129
vn 0.8607 -0.5091 -0.0008
vn -0.3710 -0.9268 0.0592
vn 0.7680 -0.4308 -0.4738
vn -0.6297 -0.6194 0.4689
vn 0.8022 -0.5359 0.2633
vn 0.8806 0.4733 0.0216
vn 0.8686 0.4900 0.0743
vn 0.6276 -0.4804 -0.6126
vn 0.7864 0.6029 0.1349
vn 0.7928 0.5778 0.1940
vn -0.3188 0.1732 0.9319
vn 0.8867 0.4238 -0.1848
vn 0.8728 0.4878 -0.0176
vn -0.3691 -0.9232 0.1075
vn 0.2886 -0.9329 -0.2154
vn 0.3997 -0.9154 -0.0483
vn 0.8069 0.5376 -0.2446
vn 0.7614 -0.4984 0.4147
vn 0.9282 0.0527 0.3684
vn 0.8220 0.1544 -0.5481
vn 0.7018 0.4220 -0.5739
vn -0.6675 -0.4095 0.6219
vn 0.5073 -0.5877 -0.6303
vn 0.3707 -0.7909 0.4869
vn 0.9529 0.3019 -0.0283
vn 0.6746 -0.4028 -0.6186
vn 0.8902 0.4530 -0.0479
vn -0.8788 -0.1189 0.4622
vn 0.8492 0.5280 0.0111
vn 0.8913 0.4176 0.1766
vn 0.9375 0.3453 0.0433
vn 0.8556 0.4645 0.2286
vn 0.4105 -0.6970 -0.5879
vn -0.0314 0.3446 0.9382
vn 0.1142 0.8427 0.5261
vn 0.9699 -0.2325 0.0717
vn 0.8103 0.0807 -0.5804
vn 0.0100 0.6765 0.7364
vn 0.8490 0.4632 -0.2543
vn 0.8875 0.4350 -0.1522
vn 0.5903 0.4670 0.6583
vn 0.8984 -0.4367 0.0467
vn -0.8833 -0.4514 0.1265
vn 0.3776 -0.6127 -0.6943
vn -0.8085 0.0720 0.5841
vn -0.5561 -0.4483 0.6998
vn 0.8693 0.3039 0.3899
vn 0.8909 -0.0310 -0.4531
vn -0.7283 -0.0885 0.6795
vn -0.4874 -0.8712 0.0582
vn 0.8506 0.5258 -0.0085
vn 0.9517 0.2814 0.1229
vn 0.8233 -0.4980 0.2724
vn 0.9225 -0.0789 -0.3779
vn 0.8355 0.5044 -0.2180
vn 0.8765 0.4348 -0.2069
vn 0.8365 0.4713 -0.2797
vn -0.0217 0.9807 -0.1943
vn 0.8708 0.2926 0.3952
vn 0.9135 0.3614 0.1866
vn 0.9275 -0.3720 -0.0372
vn -0.5443 -0.7665 0.3409
vn -0.5604 -0.8117 0.1644
vn -0.4855 0.4075 0.7735
vn 0.8836 -0.3731 -0.2831
vn 0.8053 -0.5800 0.1226
vn 0.7416 0.2155 0.6353
vn 0.7549 0.4341 0.4916
vn 0.8610 0.4208 0.2855
vn -0.0526 0.9978 0.0395
vn -0.2381 -0.5387 0.8081
vn 0.7463 -0.6648 -0.0325
vn 0.4639 -0.8859 0.0040
vn 0.9392 -0.2591 0.2253
vn -0.2836 -0.6329 0.7204
vn 0.9454 -0.1315 0.2984
vn 0.0963 -0.1394 0.9855
vn 0.8371 0.3394 0.4291
vn 0.0802 -0.9942 0.0722
vn 0.6732 0.2546 0.6943
vn 0.9008 0.3723 -0.2234
vn 0.9197 0.1570 0.3599
vn 0.2689 0.8408 0.4698
vn 0.7004 0.3220 -0.6370
vn 0.9765 0.2123 -0.0360
vn 0.9515 -0.2838 0.1189
vn 0.5634 -0.7069 -0.4275
vn -0.2500 -0.3442 0.9050
vn 0.7226 0.1668 0.6708
vn -0.1960 0.7384 0.6452
vn 0.7108 0.6619 -0.2380
vn 0.9327 -0.2544 0.2556
vn 0.8026 0.2525 0.5404
vn 0.9385 0.3003 0.1706
vn 0.2817 0.8361 0.4707
vn 0.2657 -0.8410 0.4712
vn 0.5183 -0.7259 0.4522
vn 0.0323 0.4464 0.8942
vn 0.8219 0.5336 0.1995
vn 0.9140 0.3845 0.1298
vn 0.6121 -0.7834 0.1079
vn 0.7274 -0.6284 0.2757
vn 0.7400 0.2775 0.6128
vn 0.8650 0.4935 -0.0905
vn 0.8268 0.4765 -0.2990
vn 0.7770 0.3878 0.4959
vn 0.9551 -0.2724 0.1162
vn 0.8719 0.2161 0.4393
vn 0.9634 0.2576 0.0743
vn 0.7055 -0.3655 -0.6072
vn -0.1707 0.8777 0.4477
vn 0.9209 -0.3893 0.0201
vn 0.8964 -0.4431 -0.0153
vn 0.1273 0.9771 0.1705
vn 0.4089 0.6542 0.6362
vn 0.6846 -0.0736 -0.7252
vn 0.5087 -0.7059 -0.4929
vn 0.2873 -0.9443 -0.1602
vn 0.7258 0.4787 -0.4940
vn 0.9172 0.2998 -0.2625
vn 0.8806 0.3176 -0.3517
vn 0.7748 -0.6180 0.1332
vn 0.8091 -0.3237 -0.4905
vn 0.6184 -0.0533 0.7841
vn -0.4650 -0.4586 0.7573
vn 0.8532 -0.3903 0.3461
vn 0.8464 0.2537 0.4683
vn 0.9323 0.0302 0.3604
vn 0.8710 0.0989 -0.4812
vn 0.9715 0.2190 0.0905
vn 0.7355 0.2549 0.6278
vn 0.5989 -0.5290 -0.6013
vn 0.9229 -0.2111 0.3220
vn 0.9541 -0.2986 0.0244
vn 0.9530 0.1915 -0.2346
vn 0.2171 0.6570 0.7219
vn 0.9722 0.2338 -0.0141
vn 0.9497 0.1363 0.2820
vn 0.8917 0.4299 -0.1415
vn 0.9095 0.4023 -0.1051
vn 0.9632 -0.2566 -0.0798
vn -0.2109 -0.3580 0.9096
vn 0.9810 -0.1294 -0.1449
vn 0.9516 0.0281 -0.3060
vn 0.8116 0.1501 0.5646
vn 0.9522 0.2779 -0.1267
vn 0.5748 0.7705 0.2756
vn 0.2110 -0.7044 0.6777
vn 0.7370 0.2275 -0.6365
vn 0.6993 0.0752 -0.7109
vn 0.9569 0.2520 -0.1444
vn 0.9190 -0.1550 -0.3626
vn 0.9242 -0.3655 -0.1110
vn 0.9572 -0.2813 0.0680
vn 0.7179 -0.4719 0.5118
vn 0.8021 0.5864 0.1131
vn 0.9202 -0.3914 -0.0020
vn 0.8926 -0.3754 0.2496
vn 0.3809 -0.9208 0.0838
vn 0.5902 0.3074 0.7465
vn 0.3987 -0.8914 0.2153
vn 0.1907 0.9815 0.0169
vn 0.4210 0.8922 0.1633
vn 0.9401 -0.2359 -0.2460
vn 0.9806 -0.1593 0.1145
vn 0.9765 -0.2027 0.0725
vn 0.5902 -0.1260 0.7973
vn 0.9860 -0.0825 0.1450
vn 0.9198 0.0949 0.3807
vn 0.9754 0.2014 0.0894
vn 0.8153 -0.2224 -0.5346
vn 0.6720 -0.3085 0.6732
vn 0.6963 -0.7084 -0.1158
vn -0.4753 0.3992 0.7841
vn 0.0195 0.9710 -0.2385
vn 0.7527 -0.6204 0.2201
vn 0.8625 -0.4707 0.1857
vn 0.8602 -0.4922 -0.1335
vn 0.6880 -0.6792 -0.2556
vn 0.7976 0.1690 0.5790
vn 0.9888 0.1285 0.0761
vn 0.8772 0.3465 0.3324
vn 0.9379 -0.0035 -0.3468
vn 0.9238 0.3816 0.0303
vn -0.1770 -0.1701 0.9694
vn 0.5889 0.6912 0.4188
vn 0.9817 -0.1884 -0.0259
vn 0.9800 0.1801 0.0844
vn 0.9881 0.1226 -0.0933
vn 0.9889 -0.0924 -0.1167
vn 0.4462 0.8949 -0.0103
vn 0.1357 0.9565 0.2582
vn 0.8434 0.2498 0.4757
vn 0.9015 -0.4243 0.0855
vn 0.7778 0.6260 -0.0563
vn 0.9430 -0.1333 -0.3050
vn 0.9462 0.2905 0.1423
vn 0.9955 0.0709 0.0634
vn 0.9480 0.0471 -0.3149
vn 0.9406 0.2414 0.2389
vn -0.2398 -0.5431 0.8047
vn 0.7082 -0.4799 -0.5178
vn 0.8801 -0.1227 0.4586
vn 0.6500 0.4022 0.6447
vn 0.8544 -0.3470 -0.3868
vn 0.9348 0.2306 -0.2701
vn 0.0577 0.9907 -0.1236
vn 0.9605 -0.1719 -0.2186
vn 0.7296 -0.3374 -0.5949
vn -0.1248 0.0205 0.9920
vn 0.7558 0.4234 0.4995
vn 0.9473 -0.2554 0.1932
vn 0.7915 0.2632 0.5516
vn 0.1984 -0.5188 0.8316
vn 0.2039 0.9790 -0.0036
vn 0.6246 -0.6659 0.4080
vn -0.0844 0.6131 0.7855
vn -0.2616 0.6661 0.6985
vn -0.2615 0.6661 0.6985
vn 0.9017 0.3628 -0.2353
vn 0.9304 -0.0738 -0.3590
vn 0.9333 -0.3572 0.0359
vn 0.7584 -0.6515 0.0213
vn 0.9551 -0.2643 -0.1337
vn 0.9958 -0.0745 0.0526
vn 0.8879 0.4588 -0.0328
vn 0.0696 -0.3423 0.9370
vn 0.7515 -0.5576 -0.3527
vn 0.9615 0.1668 0.2184
vn 0.9770 -0.1554 0.1459
vn 0.5575 -0.6063 0.5671
vn 0.9967 0.0362 0.0732
vn 0.9520 0.0396 0.3037
vn 0.9936 0.0962 0.0599
vn 0.9609 -0.2729 -0.0464
vn 0.7977 -0.3122 0.5159
vn 0.7101 0.5832 -0.3945
vn 0.9826 -0.0767 0.1692
vn 0.9540 0.0075 0.2996
vn 0.8237 0.4469 0.3490
vn 0.9910 -0.0228 0.1321
vn -0.3203 0.7566 0.5701
vn -0.0880 -0.9919 0.0916
vn -0.3335 0.6803 0.6527
vn 0.9914 -0.1269 -0.0311
vn 0.8827 0.3697 0.2900
vn -0.2873 -0.6494 0.7041
vn 0.9777 0.1376 0.1586
vn 0.4459 0.3122 0.8389
vn -0.1745 0.0082 0.9846
vn 0.9855 -0.1692 0.0148
vn 0.6274 0.6038 0.4917
vn 0.9379 0.1009 -0.3320
vn 0.9994 -0.0255 -0.0235
vn 0.9303 -0.2924 0.2215
vn 0.8362 -0.5212 -0.1709
vn 0.9777 0.0505 -0.2037
vn 0.1857 -0.7859 0.5898
vn 0.5461 -0.0368 0.8369
vn 0.9971 -0.0721 0.0231
vn 0.7325 0.2392 0.6373
vn -0.7638 -0.0271 0.6449
vn 0.7113 -0.1842 -0.6783
vn 0.0783 -0.0956 0.9923
vn 0.0683 -0.1727 0.9826
vn 0.9705 0.1786 -0.1620
vn 0.7462 0.3987 -0.5331
vn 0.9707 0.0965 0.2200
vn 0.4902 0.8626 0.1251
vn 0.9452 -0.1801 0.2723
vn 0.9146 -0.0023 -0.4043
vn 0.8609 -0.0710 0.5038
vn 0.9824 -0.1728 0.0713
vn 0.9772 0.1839 0.1059
vn 0.9868 -0.1391 -0.0830
vn 0.3174 0.8496 0.4212
vn 0.5494 0.5456 0.6329
vn 0.9585 -0.0591 0.2787
vn 0.8921 -0.0916 0.4424
vn 0.0509 0.1804 0.9823
vn -0.7355 -0.6294 0.2510
vn -0.1381 -0.6963 0.7044
vn 0.7198 0.2800 0.6352
vn 0.3969 0.9154 0.0669
vn 0.8604 0.1242 0.4942
vn 0.8606 0.1083 0.4976
vn -0.3037 -0.9527 0.0057
vn 0.7979 -0.2137 -0.5636
vn -0.5914 -0.2412 0.7694
vn 0.7520 -0.2738 -0.5995
vn -0.1789 -0.9814 0.0692
vn 0.2391 0.5065 0.8284
vn 0.7246 0.6860 0.0662
vn -0.6485 0.2952 0.7017
vn 0.1424 -0.8037 0.5777
vn 0.8403 -0.3515 -0.4127
vn 0.5079 0.2172 0.8336
vn 0.4561 -0.8648 0.2100
vn 0.9036 0.2069 0.3751
vn 0.1294 -0.0890 0.9876
vn 0.8704 -0.4913 -0.0327
vn 0.7791 0.5115 0.3624
vn 0.4106 -0.8666 0.2836
vn 0.8800 -0.4647 0.0988
vn -0.2743 0.6546 0.7045
vn 0.9066 0.3985 0.1386
vn 0.5993 0.4471 0.6640
vn 0.2590 -0.6324 0.7301
vn 0.8837 0.1509 0.4431
vn 0.7607 0.6478 -0.0400
vn 0.5855 0.8030 -0.1113
vn 0.7624 -0.0468 -0.6454
vn 0.6135 -0.6547 -0.4416
vn -0.0138 0.9549 0.2967
vn 0.7312 0.5696 0.3754
vn 0.7854 0.5361 0.3094
vn 0.8019 0.2820 0.5267
vn 0.3776 -0.9086 -0.1785
vn 0.6817 -0.7254 -0.0954
vn 0.0126 0.3300 0.9439
vn 0.3295 0.7125 0.6195
vn 0.5157 -0.5532 0.6542
vn 0.9123 -0.1186 -0.3920
vn 0.4248 -0.2945 0.8560
vn 0.7556 0.5187 -0.4001
vn 0.2961 0.1662 0.9406
vn 0.5933 0.6832 0.4257
vn 0.7120 -0.3272 0.6213
vn 0.9373 -0.0653 -0.3422
vn 0.9170 -0.3578 -0.1762
vn 0.8890 -0.2989 -0.3468
vn 0.8409 -0.4283 0.3309
vn 0.9546 0.2793 0.1039
vn 0.9264 0.3710 -0.0640
vn 0.9681 -0.0115 0.2504
vn 0.4526 -0.4324 0.7799
vn 0.7497 0.2435 0.6154
vn 0.6627 0.7169 0.2163
vn 0.4092 0.0755 0.9093
vn 0.9594 0.0015 -0.2821
vn 0.7512 0.5807 -0.3138
vn 0.9567 0.2214 -0.1890
vn 0.7887 0.2374 0.5671
vn 0.8117 -0.5732 0.1124
vn 0.5288 -0.8483 0.0279
vn 0.9473 0.2563 0.1922
vn 0.9156 0.2057 0.3455
vn 0.8438 -0.5332 0.0605
vn 0.4697 0.8591 0.2033
vn 0.8999 0.4233 0.1047
vn 0.9597 0.0331 0.2790
vn 0.9535 -0.1680 -0.2503
vn 0.9064 -0.4202 -0.0432
vn 0.4424 0.5245 0.7275
vn 0.9736 -0.2236 0.0462
vn 0.9571 -0.2897 0.0004
vn 0.7972 0.5995 0.0712
vn 0.7672 0.0912 -0.6349
vn 0.9166 0.3207 0.2387
vn 0.9633 -0.2564 0.0790
vn 0.8472 0.5232 -0.0918
vn 0.7088 -0.5559 -0.4342
vn 0.7688 0.6153 -0.1744
vn 0.9822 -0.1726 -0.0744
vn 0.9627 0.2700 0.0161
vn 0.5218 0.2343 0.8203
vn 0.9398 0.2167 0.2642
vn 0.9758 0.1185 0.1836
vn 0.7864 -0.1551 -0.5980
vn 0.8567 -0.4681 0.2166
vn 0.9864 0.1447 -0.0774
vn 0.9732 0.1419 -0.1810
vn 0.9342 -0.3477 0.0800
vn 0.7943 0.2516 0.5530
vn 0.8635 0.3987 0.3089
vn 0.8854 0.4637 0.0312
vn 0.5553 -0.1965 0.8081
vn 0.9921 -0.0909 0.0869
vn 0.7217 -0.6152 -0.3172
vn 0.9976 -0.0202 -0.0657
vn 0.9578 -0.2875 0.0063
vn 0.9859 -0.0000 0.1675
vn 0.9872 -0.0737 -0.1413
vn 0.8607 -0.3165 0.3988
vn 0.9828 0.1672 0.0781
vn 0.7410 0.4421 0.5054
vn 0.6118 -0.4811 0.6279
vn 0.9909 0.0830 0.1055
vn 0.5928 0.1197 0.7964
vn 0.9922 -0.1175 0.0422
vn 0.6413 -0.3813 0.6659
vn 0.7248 -0.6775 -0.1252
vn 0.9289 0.2378 0.2838
vn 0.8146 0.5485 0.1887
vn 0.7668 -0.3128 0.5605
vn 0.8064 -0.3181 -0.4985
vn 0.7779 -0.4225 -0.4651
vn 0.9959 0.0652 0.0630
vn 0.6641 0.1313 0.7360
vn 0.9998 -0.0100 0.0155
vn 0.6570 0.2874 0.6969
vn 0.8584 -0.3714 0.3539
vn 0.7723 0.4340 -0.4639
vn 0.9959 0.0506 -0.0744
vn 0.8340 -0.5192 0.1869
vn 0.7986 0.1693 -0.5776
vn 0.7897 -0.6098 0.0669
vn 0.8182 0.2435 -0.5208
vn 0.7573 -0.4558 0.4677
vn 0.7708 -0.4978 0.3975
vn 0.7757 -0.0820 0.6258
vn 0.8243 -0.0016 -0.5662
vn 0.7764 -0.1769 0.6048
vn 0.7272 0.3844 0.5686
vn 0.7997 0.4572 0.3892
vn 0.8746 -0.0604 -0.4811
vn 0.8192 -0.5400 -0.1931
vn 0.7873 -0.3463 0.5102
vn 0.8295 -0.4861 0.2750
vn 0.8623 0.2673 -0.4301
vn 0.8781 -0.4781 -0.0203
vn 0.8554 -0.4198 0.3035
vn 0.8116 -0.4947 -0.3109
vn 0.8751 0.0826 -0.4768
vn 0.7583 0.1712 0.6291
vn 0.8039 0.0039 0.5947
vn 0.7477 0.3271 0.5779
vn 0.8152 0.2252 0.5336
vn 0.8392 0.5323 -0.1109
vn 0.9046 -0.4133 0.1046
vn 0.8922 -0.1871 -0.4110
vn 0.8290 0.4864 -0.2759
vn 0.8490 0.3928 -0.3534
vn 0.8823 -0.4411 -0.1644
vn 0.9104 0.0922 -0.4034
vn 0.8338 0.3432 0.4325
vn 0.8816 -0.3222 -0.3449
vn 0.8532 -0.3203 0.4117
vn 0.9386 -0.0038 -0.3449
vn 0.9258 -0.3684 -0.0852
vn 0.8533 0.5214 0.0040
vn 0.8430 0.1288 0.5222
vn 0.9118 0.2429 -0.3310
vn 0.8935 -0.1143 0.4343
vn 0.9312 -0.2821 -0.2307
vn 0.9152 -0.4025 0.0202
vn 0.9111 -0.3404 0.2324
vn 0.9488 -0.1308 -0.2874
vn 0.9118 0.1512 0.3818
vn 0.9634 -0.2497 0.0975
vn 0.9121 -0.0207 0.4094
vn 0.9050 0.3631 -0.2217
vn 0.9122 0.3995 0.0909
vn 0.9399 -0.1924 0.2822
vn 0.9685 -0.2487 0.0113
vn 0.9655 -0.2098 -0.1542
vn 0.9193 0.2936 0.2620
vn 0.9771 0.0536 -0.2057
vn 0.9296 0.3615 -0.0724
vn 0.9538 0.1785 -0.2416
vn 0.9851 -0.0816 -0.1512
vn 0.9529 0.2469 -0.1762
vn 0.9765 -0.0315 0.2134
vn 0.9700 0.2397 0.0401
vn 0.9917 0.1040 -0.0761
vn 0.9822 0.0897 0.1653
vn 0.9967 -0.0805 -0.0129
vt 0.375131 0.784381
vt 0.371303 0.786973
vt 0.367976 0.780444
vt 0.375460 0.776407
vt 0.380293 0.781580
vt 0.391666 0.798766
vt 0.376112 0.794677
vt 0.367305 0.799830
vt 0.448952 0.536697
vt 0.446709 0.540582
vt 0.443454 0.535535
vt 0.381983 0.774993
vt 0.369664 0.774519
vt 0.364002 0.787774
vt 0.395729 0.784593
vt 0.364175 0.778845
vt 0.452663 0.540242
vt 0.360103 0.796899
vt 0.384561 0.806830
vt 0.358286 0.786769
vt 0.445838 0.548147
vt 0.435957 0.523574
vt 0.433724 0.528443
vt 0.452792 0.544554
vt 0.365639 0.807456
vt 0.358873 0.776177
vt 0.392098 0.810785
vt 0.435458 0.540652
vt 0.367153 0.770052
vt 0.452784 0.549972
vt 0.401457 0.799846
vt 0.410062 0.809179
vt 0.380298 0.818672
vt 0.354736 0.802714
vt 0.358479 0.769715
vt 0.350349 0.795096
vt 0.363837 0.826027
vt 0.354655 0.811520
vt 0.426718 0.525402
vt 0.433244 0.546922
vt 0.429283 0.540297
vt 0.458580 0.548412
vt 0.411436 0.797406
vt 0.405784 0.779520
vt 0.348135 0.785139
vt 0.401311 0.812953
vt 0.422910 0.531765
vt 0.441516 0.560108
vt 0.348168 0.801615
vt 0.345274 0.774516
vt 0.426586 0.509611
vt 0.415278 0.522605
vt 0.345241 0.762539
vt 0.421931 0.544492
vt 0.449015 0.556897
vt 0.393950 0.822247
vt 0.416287 0.811705
vt 0.464387 0.559681
vt 0.384618 0.833648
vt 0.378435 0.834266
vt 0.408638 0.823171
vt 0.423164 0.800426
vt 0.370540 0.830301
vt 0.401425 0.832364
vt 0.414601 0.515342
vt 0.409801 0.532693
vt 0.424587 0.788245
vt 0.335751 0.790281
vt 0.427713 0.556774
vt 0.335154 0.810929
vt 0.346838 0.817375
vt 0.422448 0.810716
vt 0.341739 0.776889
vt 0.990031 0.895084
vt 0.980339 0.902427
vt 0.980092 0.895402
vt 0.829997 0.717297
vt 0.843117 0.726903
vt 0.828370 0.726528
vt 0.769672 0.899237
vt 0.769408 0.887889
vt 0.776525 0.885982
vt 0.417458 0.817972
vt 0.780121 0.892511
vt 0.444769 0.582920
vt 0.340452 0.814617
vt 0.392455 0.836583
vt 0.759040 0.886747
vt 0.762430 0.895930
vt 0.786042 0.889900
vt 0.402242 0.838122
vt 0.362486 0.837508
vt 0.356660 0.831275
vt 0.408427 0.832125
vt 0.509706 0.021790
vt 0.509706 0.001118
vt 0.518182 0.001617
vt 0.433834 0.796307
vt 0.421174 0.551745
vt 0.467845 0.567555
vt 0.470572 0.551899
vt 0.381919 0.840901
vt 0.458913 0.570323
vt 0.977879 0.899778
vt 0.416257 0.833236
vt 0.832089 0.743032
vt 0.790519 0.899221
vt 0.335963 0.758096
vt 0.775136 0.902751
vt 0.431532 0.817753
vt 0.434976 0.569804
vt 0.750301 0.886091
vt 0.754705 0.900907
vt 0.422934 0.824999
vt 0.361133 0.843323
vt 0.821515 0.722278
vt 0.976710 0.905061
vt 0.973784 0.902898
vt 0.864585 0.304429
vt 0.869914 0.287210
vt 0.871276 0.317515
vt 0.368809 0.849474
vt 0.419005 0.573055
vt 0.985119 0.904973
vt 0.408049 0.572896
vt 0.764444 0.904953
vt 0.327683 0.767287
vt 0.408712 0.559942
vt 0.356146 0.836494
vt 0.858733 0.278434
vt 0.390204 0.846142
vt 0.744661 0.894071
vt 0.818237 0.747858
vt 0.326819 0.787549
vt 0.781579 0.911375
vt 0.401342 0.844031
vt 0.409500 0.840259
vt 0.993210 0.898144
vt 0.358274 0.839653
vt 0.971272 0.906964
vt 0.929492 0.596933
vt 0.924538 0.593556
vt 0.930865 0.591223
vt 0.863751 0.309499
vt 0.809987 0.739942
vt 0.922473 0.587340
vt 0.933253 0.573951
vt 0.937525 0.593111
vt 0.930708 0.603806
vt 0.937494 0.581255
vt 0.478039 0.976047
vt 0.473600 0.976831
vt 0.478044 0.967858
vt 0.917995 0.608401
vt 0.912095 0.604885
vt 0.922146 0.611563
vt 0.906388 0.599438
vt 0.995361 0.897086
vt 0.993551 0.902148
vt 0.923531 0.573929
vt 0.856982 0.303552
vt 0.938377 0.600838
vt 0.482696 0.968331
vt 0.403418 0.845533
vt 0.412759 0.844716
vt 0.383106 0.851122
vt 0.928776 0.616839
vt 0.243088 0.637956
vt 0.254828 0.633687
vt 0.250605 0.644947
vt 0.414760 0.844041
vt 0.251902 0.654092
vt 0.242757 0.650928
vt 0.027126 0.763681
vt 0.033707 0.762204
vt 0.032430 0.767572
vt 0.985403 0.910159
vt 0.976697 0.909738
vt 0.907245 0.612130
vt 0.381914 0.989566
vt 0.382565 0.980578
vt 0.384324 0.983627
vt 0.484705 0.973775
vt 0.385478 0.990052
vt 0.390396 0.981692
vt 0.389297 0.982744
vt 0.384693 0.991233
vt 0.469374 0.570562
vt 0.054262 0.763674
vt 0.547799 0.442735
vt 0.529068 0.448623
vt 0.530353 0.436917
vt 0.988461 0.909253
vt 0.399210 0.003688
vt 0.401861 0.003626
vt 0.401328 0.005992
vt 0.403644 0.006414
vt 0.251172 0.661129
vt 0.244873 0.658468
vt 0.384326 0.977380
vt 0.399721 0.007692
vt 0.916159 0.614982
vt 0.379860 0.987580
vt 0.402098 0.009653
vt 0.399304 0.002514
vt 0.386744 0.991643
vt 0.382825 0.991037
vt 0.404295 0.004574
vt 0.468336 0.979227
vt 0.479699 0.962603
vt 0.022387 0.778639
vt 0.023886 0.762772
vt 0.771135 0.913715
vt 0.563253 0.423414
vt 0.597544 0.435654
vt 0.379709 0.979664
vt 0.539639 0.453743
vt 0.239106 0.631223
vt 0.399748 0.009992
vt 0.240690 0.655837
vt 0.386766 0.992482
vt 0.869546 0.248410
vt 0.851408 0.273163
vt 0.485560 0.961864
vt 0.406490 0.005927
vt 0.597063 0.458852
vt 0.397770 0.003834
vt 0.378727 0.989564
vt 0.376858 0.988748
vt 0.611732 0.452830
vt 0.378186 0.991045
vt 0.972071 0.912260
vt 0.608822 0.430213
vt 0.791392 0.911051
vt 0.422058 0.842211
vt 0.242680 0.662747
vt 0.477339 0.566249
vt 0.397295 0.001953
vt 0.398622 0.002566
vt 0.427872 0.581917
vt 0.488101 0.963415
vt 0.389522 0.975645
vt 0.398554 0.008379
vt 0.856976 0.310144
vt 0.910349 0.618440
vt 0.398967 0.009875
vt 0.914532 0.622699
vt 0.405788 0.003696
vt 0.237051 0.647397
vt 0.539821 0.464049
vt 0.375691 0.990760
vt 0.994030 0.911274
vt 0.991302 0.912153
vt 0.739201 0.904082
vt 0.738007 0.887203
vt 0.412306 0.005101
vt 0.236777 0.661616
vt 0.470370 0.583117
vt 0.718207 0.999767
vt 0.720319 0.998410
vt 0.719035 0.999873
vt 0.561829 0.471165
vt 0.956452 0.615524
vt 0.375160 0.982644
vt 0.760481 0.918062
vt 0.442603 0.826177
vt 0.474165 0.957097
vt 0.720315 0.996538
vt 0.748083 0.909070
vt 0.396530 0.006643
vt 0.243165 0.624615
vt 0.400339 0.014756
vt 0.430755 0.833865
vt 0.495083 0.965735
vt 0.230287 0.659880
vt 0.956124 0.809940
vt 0.941721 0.837003
vt 0.939485 0.828096
vt 0.015162 0.772013
vt 0.375237 0.989912
vt 0.475205 0.578073
vt 0.818348 0.020263
vt 0.839046 0.002907
vt 0.844003 0.020263
vt 0.397441 0.008473
vt 0.613831 0.430671
vt 0.958114 0.798441
vt 0.249359 0.667046
vt 0.713239 0.995645
vt 0.412677 0.004368
vt 0.459277 0.976323
vt 0.465767 0.988031
vt 0.452621 0.982494
vt 0.229586 0.652054
vt 0.234328 0.635277
vt 0.921495 0.625249
vt 0.927859 0.623628
vt 0.244672 0.025864
vt 0.255212 0.018433
vt 0.249822 0.032664
vt 0.246489 0.961884
vt 0.257272 0.961262
vt 0.245377 0.985543
vt 0.929903 0.843817
vt 0.927605 0.840408
vt 0.949269 0.839714
vt 0.494346 0.960519
vt 0.441946 0.602434
vt 0.899126 0.614025
vt 0.255893 0.625971
vt 0.829107 0.002645
vt 0.968182 0.625682
vt 0.982018 0.630178
vt 0.974829 0.633282
vt 0.268640 0.965679
vt 0.254156 0.986071
vt 0.585622 0.469219
vt 0.635090 0.501723
vt 0.850165 0.295060
vt 0.003842 0.285527
vt 0.003842 0.310091
vt 0.001636 0.299106
vt 0.856086 0.256986
vt 0.236942 0.615416
vt 0.243885 0.608867
vt 0.460173 0.586022
vt 0.902501 0.622213
vt 0.908507 0.626730
vt 0.428115 0.847342
vt 0.721178 0.997152
vt 0.781921 0.995562
vt 0.782612 0.997460
vt 0.780410 0.996468
vt 0.546321 0.474291
vt 0.784585 0.996161
vt 0.784495 0.997466
vt 0.373746 0.992174
vt 0.935885 0.620995
vt 0.370001 0.992478
vt 0.840241 0.279116
vt 0.786323 0.995771
vt 0.626492 0.451350
vt 0.801172 0.995660
vt 0.803048 0.995824
vt 0.798048 0.995874
vt 0.491487 0.972763
vt 0.183847 0.996232
vt 0.188663 0.996232
vt 0.184365 0.998788
vt 0.989535 0.913012
vt 0.014961 0.762198
vt 0.557468 0.485163
vt 0.970905 0.862643
vt 0.952201 0.855338
vt 0.851640 0.306496
vt 0.264398 0.020057
vt 0.628137 0.425470
vt 0.959408 0.802221
vt 0.931585 0.850146
vt 0.807429 0.913790
vt 0.791295 0.922969
vt 0.408320 0.003072
vt 0.372653 0.990082
vt 0.323260 0.996254
vt 0.330635 0.996531
vt 0.324999 0.999264
vt 0.452377 0.978767
vt 0.960661 0.796862
vt 0.981054 0.916793
vt 0.913513 0.854773
vt 0.985811 0.913854
vt 0.163143 0.754533
vt 0.169197 0.759221
vt 0.165755 0.761733
vt 0.495688 0.971750
vt 0.126958 0.991448
vt 0.131728 0.990116
vt 0.131253 0.993426
vt 0.271318 0.038697
vt 0.766482 0.921574
vt 0.772000 0.922342
vt 0.975929 0.870443
vt 0.722518 0.995806
vt 0.333612 0.999075
vt 0.369066 0.991939
vt 0.495469 0.954930
vt 0.394427 0.893784
vt 0.404290 0.903194
vt 0.390577 0.913528
vt 0.871480 0.233112
vt 0.858508 0.244166
vt 0.940771 0.858584
vt 0.917167 0.857679
vt 0.916526 0.629350
vt 0.154163 0.756715
vt 0.126910 0.987828
vt 0.484529 0.577633
vt 0.603659 0.494947
vt 0.585533 0.479260
vt 0.411926 0.002869
vt 0.412733 0.003823
vt 0.409559 0.002622
vt 0.635662 0.446673
vt 0.642386 0.434569
vt 0.742871 0.924461
vt 0.972213 0.875947
vt 0.930034 0.631622
vt 0.574133 0.019000
vt 0.568297 0.023897
vt 0.571264 0.016185
vt 0.370394 0.912629
vt 0.222949 0.616696
vt 0.281151 0.984425
vt 0.275376 0.989221
vt 0.722254 0.996832
vt 0.842377 0.291447
vt 0.574125 0.027616
vt 0.810627 0.724479
vt 0.986046 0.549180
vt 0.977370 0.538743
vt 0.985634 0.537372
vt 0.953374 0.866617
vt 0.830195 0.275114
vt 0.845099 0.255712
vt 0.451875 0.980941
vt 0.677645 0.294125
vt 0.676572 0.286136
vt 0.685524 0.292105
vt 0.363161 0.900382
vt 0.680641 0.303484
vt 0.571416 0.040090
vt 0.475907 0.592054
vt 0.902874 0.626871
vt 0.229432 0.670089
vt 0.668040 0.302452
vt 0.682519 0.282083
vt 0.410924 0.001678
vt 0.972511 0.550798
vt 0.657218 0.298123
vt 0.701250 0.282584
vt 0.359119 0.918881
vt 0.354246 0.913189
vt 0.826269 0.996200
vt 0.828768 0.996035
vt 0.830603 0.997418
vt 0.826979 0.278614
vt 0.386232 0.892568
vt 0.969075 0.542758
vt 0.677745 0.276704
vt 0.127434 0.979241
vt 0.121132 0.989192
vt 0.971357 0.916481
vt 0.666002 0.282005
vt 0.827703 0.998487
vt 0.498985 0.970227
vt 0.841502 0.238324
vt 0.751274 0.923846
vt 0.828678 0.249712
vt 0.119131 0.552241
vt 0.118750 0.612365
vt 0.105012 0.558001
vt 0.167040 0.997318
vt 0.167663 0.996208
vt 0.168162 0.997318
vt 0.479963 0.890908
vt 0.965149 0.554598
vt 0.146358 0.764999
vt 0.121491 0.532312
vt 0.702511 0.275182
vt 0.689237 0.270478
vt 0.672875 0.308810
vt 0.501510 0.972639
vt 0.697353 0.298592
vt 0.693468 0.310090
vt 0.512740 0.963413
vt 0.579611 0.493403
vt 0.260830 0.178806
vt 0.283533 0.177174
vt 0.266629 0.186765
vt 0.172159 0.763230
vt 0.253701 0.176323
vt 0.243530 0.184146
vt 0.165503 0.996537
vt 0.550412 0.492505
vt 0.990818 0.918680
vt 0.684060 0.264649
vt 0.092713 0.531061
vt 0.618192 0.085388
vt 0.623228 0.111008
vt 0.607330 0.088424
vt 0.808155 0.206887
vt 0.223877 0.568358
vt 0.211683 0.581901
vt 0.188964 0.502875
vt 0.239650 0.175453
vt 0.343910 0.921440
vt 0.978232 0.520601
vt 0.211185 0.634885
vt 0.213436 0.621942
vt 0.683036 0.315091
vt 0.214335 0.653031
vt 0.262670 0.199511
vt 0.271176 0.198042
vt 0.400599 0.024473
vt 0.449517 0.028753
vt 0.380164 0.028814
vt 0.934871 0.638599
vt 0.907029 0.632258
vt 0.667053 0.318360
vt 0.662763 0.312797
vt 0.297884 0.197559
vt 0.094297 0.886181
vt 0.096603 0.890919
vt 0.084868 0.888446
vt 0.296283 0.208011
vt 0.657357 0.310406
vt 0.080700 0.545793
vt 0.817469 0.278058
vt 0.601105 0.091540
vt 0.597278 0.078497
vt 0.823318 0.751904
vt 0.337884 0.909130
vt 0.913438 0.633583
vt 0.731248 0.895080
vt 0.720323 0.895204
vt 0.183168 0.996505
vt 0.178837 0.996884
vt 0.178386 0.996144
vt 0.983061 0.917645
vt 0.849711 0.313045
vt 0.190398 0.996523
vt 0.191383 0.999091
vt 0.187897 0.998339
vt 0.278084 0.030803
vt 0.167894 0.765477
vt 0.080032 0.882702
vt 0.623441 0.075803
vt 0.649892 0.072610
vt 0.240380 0.983941
vt 0.282477 0.216215
vt 0.344671 0.899905
vt 0.189935 0.999493
vt 0.179321 0.999815
vt 0.181847 0.997696
vt 0.183726 0.999749
vt 0.192581 0.996585
vt 0.756518 0.992895
vt 0.770374 0.983201
vt 0.767031 0.992344
vt 0.122262 0.990869
vt 0.429097 0.592682
vt 0.149008 0.770299
vt 0.832787 0.755506
vt 0.705157 0.278431
vt 0.243204 0.475161
vt 0.612049 0.067548
vt 0.600505 0.065410
vt 0.757321 0.987330
vt 0.303196 0.181904
vt 0.315908 0.184100
vt 0.263329 0.216744
vt 0.637063 0.510402
vt 0.301929 0.207282
vt 0.279582 0.019556
vt 0.255193 0.206916
vt 0.450119 0.985871
vt 0.449946 0.983240
vt 0.711110 0.281868
vt 0.925418 0.636828
vt 0.233691 0.610413
vt 0.225855 0.606627
vt 0.248567 0.591572
vt 0.240627 0.603285
vt 0.704202 0.300236
vt 0.976560 0.920624
vt 0.237097 0.184720
vt 0.780667 0.923687
vt 0.686361 0.321385
vt 0.668394 0.323216
vt 0.806158 0.270235
vt 0.208174 0.665518
vt 0.075316 0.896228
vt 0.068890 0.891492
vt 0.980238 0.920122
vt 0.813285 0.277672
vt 0.813972 0.276874
vt 0.173538 0.767886
vt 0.773902 0.999576
vt 0.769513 0.999960
vt 0.767931 0.999542
vt 0.901950 0.631499
vt 0.655745 0.474457
vt 0.227461 0.598396
vt 0.205358 0.604453
vt 0.216237 0.589889
vt 0.558567 0.969766
vt 0.527090 0.987939
vt 0.513645 0.969232
vt 0.335744 0.926576
vt 0.945607 0.626674
vt 0.709892 0.266312
vt 0.676564 0.253256
vt 0.603983 0.060010
vt 0.234100 0.603396
vt 0.222525 0.603594
vt 0.593098 0.059808
vt 0.197901 0.566465
vt 0.481355 0.009402
vt 0.475747 0.001683
vt 0.493874 0.000558
vt 0.688518 0.258231
vt 0.483863 0.610010
vt 0.588270 0.084519
vt 0.023880 0.963205
vt 0.020409 0.967137
vt 0.017611 0.962659
vt 0.656273 0.317758
vt 0.245560 0.601389
vt 0.306230 0.224428
vt 0.694158 0.259264
vt 0.120624 0.994365
vt 0.332404 0.915232
vt 0.450794 0.598535
vt 0.223955 0.609376
vt 0.703354 0.264758
vt 0.252744 0.993420
vt 0.703269 0.314036
vt 0.484281 0.604630
vt 0.732301 0.047985
vt 0.724011 0.029998
vt 0.731246 0.035384
vt 0.271571 0.227197
vt 0.587405 0.068478
vt 0.652227 0.292506
vt 0.648902 0.309352
vt 0.649561 0.298540
vt 0.489019 0.596018
vt 0.014969 0.963892
vt 0.981690 0.657032
vt 0.992844 0.648418
vt 0.992866 0.650580
vt 0.245684 0.599198
vt 0.229634 0.191513
vt 0.245713 0.213784
vt 0.595526 0.511412
vt 0.757860 0.931789
vt 0.504101 0.971730
vt 0.982508 0.920045
vt 0.580282 0.072160
vt 0.640771 0.501402
vt 0.711819 0.301998
vt 0.705864 0.313447
vt 0.214707 0.610305
vt 0.639016 0.289626
vt 0.735499 0.926217
vt 0.843724 0.300288
vt 0.326838 0.207776
vt 0.512041 0.968217
vt 0.658350 0.257932
vt 0.803819 0.279303
vt 0.978705 0.870088
vt 0.987429 0.876426
vt 0.974225 0.875679
vt 0.194397 0.591188
vt 0.262729 0.523892
vt 0.597675 0.955761
vt 0.611976 0.954546
vt 0.593092 0.961779
vt 0.448735 0.984567
vt 0.742535 0.053648
vt 0.327695 0.900442
vt 0.331426 0.914186
vt 0.691754 0.253825
vt 0.066215 0.880167
vt 0.277428 0.247356
vt 0.211769 0.607175
vt 0.250454 0.596176
vt 0.510382 0.602687
vt 0.004248 0.604292
vt 0.004248 0.622799
vt 0.001230 0.621383
vt 0.906754 0.636863
vt 0.577690 0.078296
vt 0.119766 0.992418
vt 0.917085 0.638148
vt 0.216039 0.616402
vt 0.014270 0.970339
vt 0.337752 0.894824
vt 0.790416 0.121411
vt 0.780380 0.122221
vt 0.776761 0.106594
vt 0.697262 0.250072
vt 0.712804 0.268127
vt 0.254584 0.598751
vt 0.001244 0.715093
vt 0.000044 0.700323
vt 0.002446 0.699900
vt 0.238942 0.224627
vt 0.744628 0.062752
vt 0.765308 0.929947
vt 0.260236 0.225210
vt 0.562757 0.093373
vt 0.565694 0.079467
vt 0.203195 0.604834
vt 0.200706 0.600623
vt 0.508247 0.614249
vt 0.452812 0.606097
vt 0.235782 0.990720
vt 0.018728 0.970017
vt 0.567665 0.497586
vt 0.318992 0.912703
vt 0.319849 0.898115
vt 0.040847 0.895686
vt 0.644236 0.531765
vt 0.732453 0.070918
vt 0.728731 0.079225
vt 0.506610 0.975937
vt 0.177015 0.996182
vt 0.177572 0.996846
vt 0.173524 0.996624
vt 0.727850 0.254154
vt 0.719044 0.274589
vt 0.006996 0.968422
vt 0.639072 0.299677
vt 0.264615 0.233393
vt 0.332791 0.887718
vt 0.676469 0.246428
vt 0.703892 0.254284
vt 0.203621 0.611100
vt 0.208786 0.617451
vt 0.333613 0.201855
vt 0.276439 0.042359
vt 0.272296 0.044316
vt 0.322317 0.179854
vt 0.933993 0.018910
vt 0.928887 0.003199
vt 0.934160 0.002504
vt 0.806526 0.038468
vt 0.801085 0.040963
vt 0.800355 0.035399
vt 0.206823 0.611961
vt 0.579340 0.503986
vt 0.587681 0.060770
vt 0.649907 0.258416
vt 0.776518 0.148759
vt 0.780069 0.137375
vt 0.787954 0.147122
vt 0.990168 0.923864
vt 0.905331 0.639722
vt 0.508358 0.971925
vt 0.018048 0.972102
vt 0.790217 0.124152
vt 0.746479 0.078312
vt 0.806018 0.044480
vt 0.812198 0.045801
vt 0.949344 0.636165
vt 0.952744 0.632810
vt 0.978338 0.354313
vt 0.921562 0.399314
vt 0.961009 0.341722
vt 0.026425 0.447281
vt 0.035329 0.463604
vt 0.022839 0.448534
vt 0.812741 0.755611
vt 0.751693 0.752765
vt 0.749648 0.748984
vt 0.762373 0.739926
vt 0.770735 0.746511
vt 0.927600 0.294070
vt 0.931228 0.316667
vt 0.926451 0.371269
vt 0.780139 0.055952
vt 0.993410 0.657359
vt 0.803503 0.998985
vt 0.803615 0.997103
vt 0.804659 0.997031
vt 0.711673 0.256102
vt 0.802170 0.998924
vt 0.735181 0.754889
vt 0.829571 0.999980
vt 0.828877 0.999024
vt 0.830485 0.999132
vt 0.716078 0.773455
vt 0.719923 0.800581
vt 0.716957 0.791925
vt 0.310621 0.907576
vt 0.000693 0.698253
vt 0.723726 0.098488
vt 0.994213 0.926131
vt 0.253203 0.235413
vt 0.285605 0.018612
vt 0.722264 0.781959
vt 0.331390 0.175755
vt 0.193940 0.597445
vt 0.569070 0.505528
vt 0.551020 0.501352
vt 0.955023 0.347403
vt 0.025531 0.887635
vt 0.028931 0.886017
vt 0.026043 0.888361
vt 0.753146 0.739163
vt 0.801308 0.997080
vt 0.719502 0.767553
vt 0.707776 0.319731
vt 0.952134 0.202503
vt 0.949864 0.205557
vt 0.940050 0.181857
vt 0.929754 0.643533
vt 0.923517 0.640179
vt 0.085652 0.827415
vt 0.085263 0.836877
vt 0.075344 0.832556
vt 0.319089 0.885135
vt 0.505941 0.977853
vt 0.509521 0.979386
vt 0.631025 0.322018
vt 0.783721 0.109219
vt 0.806262 0.998134
vt 0.793497 0.126562
vt 0.278804 0.041717
vt 0.763975 0.066622
vt 0.351805 0.964232
vt 0.355100 0.963727
vt 0.356001 0.965957
vt 0.799425 0.040440
vt 0.206628 0.997193
vt 0.208466 0.999818
vt 0.202889 0.999705
vt 0.460195 0.990097
vt 0.661424 0.474197
vt 0.649604 0.428311
vt 0.737835 0.747165
vt 0.934103 0.642678
vt 0.947460 0.884754
vt 0.940668 0.880832
vt 0.956058 0.878451
vt 0.691402 0.236220
vt 0.945443 0.331356
vt 0.205331 0.616412
vt 0.354047 0.967782
vt 0.779514 0.944318
vt 0.804588 0.931945
vt 0.029249 0.887123
vt 0.826219 0.999947
vt 0.826966 0.999057
vt 0.828163 0.999921
vt 0.508616 0.976387
vt 0.738194 0.997508
vt 0.737733 0.999752
vt 0.737159 0.998743
vt 0.097161 0.834332
vt 0.936431 0.884336
vt 0.197724 0.633217
vt 0.032489 0.425802
vt 0.041470 0.458380
vt 0.335406 0.966231
vt 0.337186 0.972110
vt 0.196454 0.606260
vt 0.739698 0.999291
vt 0.197227 0.998827
vt 0.192837 0.998288
vt 0.197602 0.996690
vt 0.797190 0.066387
vt 0.814311 0.052462
vt 0.810340 0.048968
vt 0.362013 0.989617
vt 0.355998 0.990462
vt 0.359942 0.983150
vt 0.333188 0.971617
vt 0.079847 0.821854
vt 0.190939 0.595097
vt 0.176378 0.579716
vt 0.907310 0.640430
vt 0.340343 0.980081
vt 0.350472 0.994022
vt 0.339767 0.991686
vt 0.800067 0.169413
vt 0.729889 0.753216
vt 0.705732 0.757502
vt 0.022002 0.455639
vt 0.421729 0.996052
vt 0.422527 0.996721
vt 0.417340 0.996473
vt 0.028902 0.883522
vt 0.032702 0.886437
vt 0.798128 0.047041
vt 0.305395 0.893309
vt 0.767465 0.726385
vt 0.423286 0.998968
vt 0.914767 0.640511
vt 0.509800 0.978684
vt 0.795175 0.059397
vt 0.450881 0.987152
vt 0.757666 0.728681
vt 0.935760 0.155018
vt 0.803026 0.746011
vt 0.783936 0.107740
vt 0.356553 0.966851
vt 0.355935 0.971839
vt 0.732425 0.745984
vt 0.204103 0.615109
vt 0.971799 0.366708
vt 0.587339 0.958529
vt 0.100465 0.830349
vt 0.709881 0.093231
vt 0.725405 0.103745
vt 0.720279 0.107562
vt 0.414126 0.606528
vt 0.349482 0.989958
vt 0.341508 0.979391
vt 0.634471 0.330625
vt 0.802680 0.051435
vt 0.031527 0.419282
vt 0.040837 0.410094
vt 0.035611 0.422662
vt 0.199535 0.609434
vt 0.329257 0.872229
vt 0.323820 0.873451
vt 0.352628 0.988008
vt 0.358252 0.977288
vt 0.032024 0.887383
vt 0.200887 0.611815
vt 0.320104 0.999008
vt 0.324071 0.999707
vt 0.313877 0.999996
vt 0.200519 0.613541
vt 0.745909 0.999501
vt 0.340195 0.973856
vt 0.354767 0.979393
vt 0.201073 0.621233
vt 0.507572 0.973173
vt 0.738957 0.100085
vt 0.742238 0.728666
vt 0.430946 0.612397
vt 0.359324 0.981180
vt 0.714992 0.246146
vt 0.707387 0.755163
vt 0.270401 0.013779
vt 0.263134 0.014415
vt 0.270922 0.007832
vt 0.067247 0.981403
vt 0.089128 0.974293
vt 0.084069 0.989353
vt 0.794595 0.146214
vt 0.201287 0.614355
vt 0.592516 0.953777
vt 0.314332 0.879207
vt 0.202010 0.664460
vt 0.720117 0.762677
vt 0.923301 0.643599
vt 0.923922 0.877697
vt 0.264115 0.018915
vt 0.273492 0.005487
vt 0.278610 0.011930
vt 0.614453 0.300393
vt 0.628482 0.292729
vt 0.222359 0.258236
vt 0.242064 0.233015
vt 0.249442 0.281094
vt 0.658040 0.237162
vt 0.939670 0.640752
vt 0.193707 0.605031
vt 0.189874 0.601635
vt 0.113780 0.832705
vt 0.824180 0.061175
vt 0.811170 0.064387
vt 0.086869 0.813254
vt 0.954593 0.091149
vt 0.942583 0.116475
vt 0.928711 0.114452
vt 0.746661 0.935872
vt 0.170965 0.999991
vt 0.170965 0.998515
vt 0.175150 0.999967
vt 0.793701 0.936486
vt 0.729301 0.924361
vt 0.585836 0.998300
vt 0.592511 0.997716
vt 0.600419 0.998022
vt 0.641767 0.244598
vt 0.493400 0.619084
vt 0.793215 0.109846
vt 0.762301 0.712093
vt 0.071470 0.699558
vt 0.061566 0.703639
vt 0.062322 0.692341
vt 0.004892 0.527311
vt 0.000076 0.509338
vt 0.004904 0.506554
vt 0.281261 0.043976
vt 0.724024 0.999727
vt 0.724024 0.997723
vt 0.730361 0.999308
vt 0.076129 0.807375
vt 0.694802 0.098830
vt 0.701874 0.761369
vt 0.696590 0.772900
vt 0.713251 0.738902
vt 0.356795 0.973183
vt 0.716686 0.754905
vt 0.722199 0.999787
vt 0.711496 0.240489
vt 0.910118 0.648042
vt 0.278797 0.013217
vt 0.753516 0.717853
vt 0.113327 0.801413
vt 0.299893 0.883289
vt 0.512662 0.980687
vt 0.030019 0.993869
vt 0.025597 0.986211
vt 0.042630 0.986866
vt 0.044253 0.770455
vt 0.039144 0.779575
vt 0.032717 0.769000
vt 0.733331 0.239027
vt 0.021527 0.783283
vt 0.823044 0.989311
vt 0.813895 0.981634
vt 0.833367 0.981593
vt 0.080014 0.723253
vt 0.750279 0.999826
vt 0.748285 0.999513
vt 0.748687 0.995692
vt 0.284540 0.006359
vt 0.813251 0.778240
vt 0.809067 0.766111
vt 0.511250 0.981325
vt 0.684080 0.474248
vt 0.798698 0.122985
vt 0.740579 0.995766
vt 0.694134 0.087812
vt 0.731366 0.717327
vt 0.797874 0.116513
vt 0.056104 0.485498
vt 0.116551 0.824463
vt 0.826258 0.994004
vt 0.279346 0.018735
vt 0.717916 0.244195
vt 0.457825 0.992396
vt 0.450914 0.989187
vt 0.459251 0.991437
vt 0.976189 0.381294
vt 0.626499 0.282979
vt 0.710138 0.745965
vt 0.288653 0.302134
vt 0.277504 0.301311
vt 0.273329 0.293900
vt 0.451409 0.990851
vt 0.822468 0.068116
vt 0.721332 0.998775
vt 0.799164 0.063757
vt 0.045713 0.493943
vt 0.085363 0.719040
vt 0.789611 0.105257
vt 0.797926 0.110995
vt 0.627973 0.260636
vt 0.568103 0.046372
vt 0.568103 0.071656
vt 0.562873 0.057592
vt 0.574371 0.983861
vt 0.573968 0.978753
vt 0.841497 0.059276
vt 0.196223 0.608720
vt 0.579499 0.963003
vt 0.039520 0.424383
vt 0.066639 0.454997
vt 0.835508 0.987900
vt 0.782957 0.008881
vt 0.782957 0.000581
vt 0.801705 0.003622
vt 0.865900 0.003779
vt 0.871712 0.000055
vt 0.874338 0.007101
vt 0.052163 0.390368
vt 0.032963 0.402760
vt 0.023454 0.476428
vt 0.272352 0.264981
vt 0.283659 0.262723
vt 0.804428 0.149151
vt 0.286667 0.011152
vt 0.286317 0.013404
vt 0.670860 0.128589
vt 0.202050 0.266136
vt 0.208864 0.235043
vt 0.934086 0.649283
vt 0.929119 0.647038
vt 0.599294 0.989248
vt 0.600348 0.991025
vt 0.598324 0.990128
vt 0.598263 0.990852
vt 0.986739 0.463943
vt 0.985014 0.463639
vt 0.991350 0.458323
vt 0.773034 0.996122
vt 0.779694 0.996122
vt 0.772968 0.998400
vt 0.089772 0.982890
vt 0.089764 0.963897
vt 0.094205 0.961333
vt 0.191564 0.617476
vt 0.193438 0.624681
vt 0.187493 0.619925
vt 0.197959 0.618901
vt 0.843400 0.786586
vt 0.828578 0.781403
vt 0.566311 0.944466
vt 0.038712 0.888390
vt 0.241703 0.997797
vt 0.242935 0.997223
vt 0.246329 0.997520
vt 0.602191 0.989170
vt 0.598709 0.994143
vt 0.906133 0.643910
vt 0.692050 0.752959
vt 0.184966 0.232284
vt 0.192035 0.261946
vt 0.192805 0.280239
vt 0.292251 0.999929
vt 0.285005 0.999348
vt 0.289503 0.998929
vt 0.256173 0.360526
vt 0.260910 0.337186
vt 0.265698 0.347600
vt 0.621759 0.321132
vt 0.861196 0.006532
vt 0.867832 0.010828
vt 0.961344 0.207586
vt 0.979554 0.215079
vt 0.779821 0.997639
vt 0.792506 0.739813
vt 0.678833 0.997644
vt 0.688060 0.999271
vt 0.678094 0.999458
vt 0.377230 0.881844
vt 0.374936 0.886028
vt 0.002532 0.732502
vt 0.004236 0.731707
vt 0.002654 0.737778
vt 0.884820 0.002531
vt 0.740466 0.936024
vt 0.992068 0.357357
vt 0.995905 0.357223
vt 0.992643 0.365370
vt 0.096491 0.971241
vt 0.753832 0.704297
vt 0.677976 0.995947
vt 0.249333 0.997733
vt 0.127745 0.079019
vt 0.119457 0.078617
vt 0.103520 0.071649
vt 0.766981 0.944739
vt 0.423943 0.997037
vt 0.431558 0.996543
vt 0.434672 0.997377
vt 0.600973 0.996655
vt 0.985750 0.365175
vt 0.533118 0.998838
vt 0.519671 0.998838
vt 0.532133 0.997677
vt 0.462791 0.990579
vt 0.680427 0.093402
vt 0.085779 0.731096
vt 0.125878 0.831686
vt 0.450036 0.622474
vt 0.466330 0.990090
vt 0.473078 0.987070
vt 0.791710 0.980810
vt 0.819720 0.973751
vt 0.831671 0.980651
vt 0.299907 0.032814
vt 0.291530 0.039875
vt 0.692392 0.756340
vt 0.282948 0.999878
vt 0.284335 0.998577
vt 0.984174 0.352758
vt 0.679133 0.105552
vt 0.099430 0.791098
vt 0.984746 0.452909
vt 0.048370 0.765541
vt 0.049070 0.774652
vt 0.023136 0.548933
vt 0.026796 0.543436
vt 0.060476 0.548824
vt 0.517787 0.029262
vt 0.452028 0.029262
vt 0.449345 0.026515
vt 0.129154 0.958385
vt 0.129251 0.918372
vt 0.136366 0.929713
vt 0.061582 0.782618
vt 0.987689 0.451894
vt 0.688200 0.749427
vt 0.126261 0.833863
vt 0.591996 0.239020
vt 0.600672 0.233716
vt 0.604256 0.238305
vt 0.883238 0.005908
vt 0.001563 0.733745
vt 0.001538 0.732119
vt 0.876248 0.018887
vt 0.872561 0.022355
vt 0.743247 0.995873
vt 0.174392 0.997513
vt 0.178696 0.997524
vt 0.176876 0.999997
vt 0.678417 0.995562
vt 0.685762 0.996445
vt 0.435619 0.996149
vt 0.003249 0.748373
vt 0.002289 0.747740
vt 0.002270 0.742648
vt 0.034168 0.393904
vt 0.806833 0.124214
vt 0.468699 0.993796
vt 0.464928 0.991996
vt 0.468641 0.991488
vt 0.816033 0.077664
vt 0.680216 0.100530
vt 0.583024 0.240743
vt 0.601631 0.999186
vt 0.605806 0.996295
vt 0.795184 0.777255
vt 0.192810 0.255280
vt 0.462636 0.993245
vt 0.039612 0.783497
vt 0.028954 0.800007
vt 0.221471 0.996093
vt 0.216467 0.997433
vt 0.214784 0.996094
vt 0.065127 0.773741
vt 0.062284 0.438263
vt 0.743104 0.703278
vt 0.605516 0.991672
vt 0.288539 0.130830
vt 0.321594 0.103094
vt 0.371321 0.133460
vt 0.178687 0.998836
vt 0.017117 0.405852
vt 0.000246 0.735266
vt 0.804596 0.782439
vt 0.374574 0.876855
vt 0.001133 0.742441
vt 0.791544 0.754041
vt 0.910304 0.100886
vt 0.909214 0.109267
vt 0.795506 0.171614
vt 0.621402 0.274622
vt 0.490193 0.631918
vt 0.608037 0.995243
vt 0.272530 0.244693
vt 0.000249 0.732523
vt 0.930776 0.658025
vt 0.927983 0.655213
vt 0.128582 0.972550
vt 0.131164 0.968863
vt 0.129922 0.977805
vt 0.613998 0.243312
vt 0.010865 0.405210
vt 0.078666 0.740442
vt 0.783034 0.973652
vt 0.843528 0.071785
vt 0.942535 0.653465
vt 0.263547 0.362160
vt 0.904643 0.649839
vt 0.933364 0.206559
vt 0.934321 0.181820
vt 0.940451 0.207716
vt 0.744090 0.948759
vt 0.074722 0.798203
vt 0.615402 0.250726
vt 0.502128 0.273256
vt 0.725739 0.116805
vt 0.714299 0.150115
vt 0.122264 0.801227
vt 0.608174 0.987194
vt 0.616747 0.282514
vt 0.703519 0.726162
vt 0.728961 0.696498
vt 0.131110 0.829216
vt 0.134433 0.835702
vt 0.570862 0.941936
vt 0.185545 0.772578
vt 0.150070 0.827176
vt 0.411873 0.998623
vt 0.016889 0.393060
vt 0.974331 0.214755
vt 0.756141 0.947683
vt 0.283299 0.337198
vt 0.611446 0.988569
vt 0.131429 0.987717
vt 0.457876 0.624779
vt 0.130171 0.984884
vt 0.129447 0.987529
vt 0.067672 0.737762
vt 0.058265 0.474241
vt 0.038846 0.274627
vt 0.042367 0.276514
vt 0.040648 0.286059
vt 0.689430 0.737072
vt 0.265628 0.368271
vt 0.926682 0.981324
vt 0.919358 0.991783
vt 0.903995 0.981984
vt 0.812118 0.120551
vt 0.681548 0.760982
vt 0.865634 0.068544
vt 0.895093 0.074162
vt 0.902528 0.091139
vt 0.132461 0.839492
vt 0.886883 0.048001
vt 0.609061 0.986079
vt 0.814268 0.163850
vt 0.018781 0.586257
vt 0.016718 0.609837
vt 0.007613 0.567083
vt 0.034327 0.284801
vt 0.034192 0.271485
vt 0.006246 0.414047
vt 0.108007 0.753173
vt 0.097457 0.753208
vt 0.095917 0.749404
vt 0.538801 0.941666
vt 0.550521 0.942166
vt 0.564645 0.962532
vt 0.787951 0.748751
vt 0.306628 0.316237
vt 0.090996 0.055667
vt 0.109251 0.053949
vt 0.039478 0.371661
vt 0.061808 0.792949
vt 0.408478 0.612533
vt 0.023732 0.382490
vt 0.727561 0.934633
vt 0.095794 0.744723
vt 0.672276 0.097605
vt 0.669041 0.116305
vt 0.663539 0.108133
vt 0.674913 0.752022
vt 0.073097 0.747303
vt 0.662798 0.103642
vt 0.891870 0.102667
vt 0.892293 0.135039
vt 0.361360 0.996438
vt 0.350293 0.996438
vt 0.354492 0.996092
vt 0.925327 0.203667
vt 0.926128 0.174376
vt 0.010167 0.395504
vt 0.613888 0.993515
vt 0.677835 0.758340
vt 0.313913 0.000654
vt 0.313786 0.018294
vt 0.302727 0.008487
vt 0.614799 0.268443
vt 0.210493 0.297547
vt 0.192190 0.785957
vt 0.077236 0.751473
vt 0.675653 0.763859
vt 0.305627 0.030355
vt 0.505539 0.948740
vt 0.479734 0.961073
vt 0.492640 0.904724
vt 0.717487 0.936742
vt 0.732495 0.939852
vt 0.526054 0.400098
vt 0.509686 0.433029
vt 0.485726 0.439874
vt 0.926412 0.233926
vt 0.254517 0.286024
vt 0.921880 0.071805
vt 0.524616 0.900953
vt 0.521380 0.936471
vt 0.934606 0.660474
vt 0.837632 0.792017
vt 0.599855 0.273098
vt 0.816060 0.113934
vt 0.788893 0.947695
vt 0.276938 0.369274
vt 0.978346 0.756099
vt 0.974502 0.760779
vt 0.971016 0.756625
vt 0.871248 0.085416
vt 0.859790 0.091361
vt 0.858531 0.074243
vt 0.561660 0.928938
vt 0.588795 0.938354
vt 0.552456 0.932492
vt 0.679385 0.748583
vt 0.635508 0.996317
vt 0.642828 0.995676
vt 0.636332 0.999325
vt 0.018491 0.563470
vt 0.540606 0.922188
vt 0.917937 0.091969
vt 0.979163 0.760833
vt 0.981061 0.758741
vt 0.301024 0.019611
vt 0.526208 0.326401
vt 0.543200 0.318391
vt 0.486156 0.354688
vt 0.969138 0.760348
vt 0.797091 0.109023
vt 0.804460 0.078647
vt 0.502680 0.901105
vt 0.739565 0.675604
vt 0.878523 0.084946
vt 0.875905 0.095877
vt 0.870209 0.103487
vt 0.002778 0.182993
vt 0.001461 0.198041
vt 0.000210 0.170485
vt 0.761103 0.954421
vt 0.988020 0.378742
vt 0.986802 0.381613
vt 0.985216 0.376195
vt 0.647859 0.999842
vt 0.351519 0.998777
vt 0.340712 0.998777
vt 0.346046 0.996243
vt 0.961490 0.276798
vt 0.937946 0.274404
vt 0.953773 0.269602
vt 0.184098 0.994292
vt 0.173916 0.990673
vt 0.176932 0.988278
vt 0.427234 0.625937
vt 0.145643 0.789388
vt 0.616486 0.250735
vt 0.613780 0.232124
vt 0.913081 0.093820
vt 0.010189 0.563521
vt 0.099980 0.775057
vt 0.904188 0.093954
vt 0.978313 0.382805
vt 0.940540 0.659811
vt 0.315921 0.020262
vt 0.135973 0.993289
vt 0.825262 0.122892
vt 0.610646 0.999977
vt 0.930501 0.173791
vt 0.735525 0.947158
vt 0.953517 0.288665
vt 0.269978 0.372983
vt 0.813626 0.145362
vt 0.824683 0.135993
vt 0.669832 0.758174
vt 0.450005 0.002828
vt 0.461480 0.001622
vt 0.448879 0.011326
vt 0.011601 0.375581
vt 0.684302 0.145853
vt 0.046376 0.762333
vt 0.812073 0.791661
vt 0.551555 0.901389
vt 0.071705 0.758140
vt 0.283358 0.376343
vt 0.474108 0.640323
vt 0.658240 0.111067
vt 0.652246 0.109577
vt 0.647995 0.100816
vt 0.451609 0.630837
vt 0.438961 0.632600
vt 0.168207 0.016320
vt 0.167043 0.005656
vt 0.169855 0.005918
vt 0.163422 0.002720
vt 0.158106 0.013391
vt 0.805896 0.181508
vt 0.914678 0.096463
vt 0.530641 0.905623
vt 0.928644 0.663608
vt 0.066464 0.543733
vt 0.322942 0.015592
vt 0.715270 0.694238
vt 0.066337 0.986008
vt 0.071137 0.984722
vt 0.059301 0.995358
vt 0.968228 0.323396
vt 0.975701 0.321829
vt 0.971080 0.334371
vt 0.758241 0.995620
vt 0.765379 0.997939
vt 0.757530 0.999898
vt 0.915557 0.100507
vt 0.779368 0.955719
vt 0.054897 0.303391
vt 0.042466 0.307009
vt 0.666019 0.777142
vt 0.975127 0.373171
vt 0.188634 0.988312
vt 0.074166 0.995306
vt 0.551309 0.861778
vt 0.565337 0.865333
vt 0.559622 0.883865
vt 0.417265 0.021897
vt 0.406954 0.023738
vt 0.413674 0.018775
vt 0.538148 0.893822
vt 0.812247 0.938697
vt 0.252884 0.296255
vt 0.785987 0.956715
vt 0.069256 0.766087
vt 0.063469 0.771305
vt 0.476620 0.444929
vt 0.467499 0.401325
vt 0.796413 0.075000
vt 0.062835 0.762010
vt 0.754400 0.962126
vt 0.509080 0.333778
vt 0.369141 0.891838
vt 0.062964 0.765306
vt 0.471212 0.930037
vt 0.051876 0.761773
vt 0.283765 0.997678
vt 0.279146 0.999832
vt 0.274502 0.997820
vt 0.547608 0.890780
vt 0.032489 0.309913
vt 0.029259 0.289912
vt 0.876219 0.101805
vt 0.879778 0.105733
vt 0.634853 0.995986
vt 0.629413 0.999796
vt 0.622119 0.995722
vt 0.986245 0.711155
vt 0.976957 0.699563
vt 0.991955 0.700038
vt 0.987841 0.688124
vt 0.983859 0.690025
vt 0.976479 0.683002
vt 0.325973 0.017865
vt 0.984199 0.675798
vt 0.981341 0.680765
vt 0.976300 0.676197
vt 0.072787 0.768798
vt 0.072738 0.759114
vt 0.055385 0.800003
vt 0.074611 0.462275
vt 0.104421 0.018863
vt 0.068254 0.026254
vt 0.071494 0.018423
vt 0.006540 0.404949
vt 0.965656 0.320815
vt 0.965669 0.324320
vt 0.269466 0.376254
vt 0.273806 0.378816
vt 0.298837 0.302997
vt 0.942222 0.666111
vt 0.420823 0.008935
vt 0.928358 0.112358
vt 0.919565 0.102485
vt 0.008714 0.392663
vt 0.433186 0.010600
vt 0.421708 0.003653
vt 0.182209 0.001608
vt 0.176530 0.015345
vt 0.172871 0.015154
vt 0.993827 0.283959
vt 0.602357 0.954547
vt 0.177156 0.001089
vt 0.200368 0.925217
vt 0.220986 0.918346
vt 0.234965 0.941582
vt 0.944208 0.048485
vt 0.877945 0.112012
vt 0.976663 0.702236
vt 0.593097 0.932871
vt 0.136857 0.971371
vt 0.206634 0.909045
vt 0.215746 0.906037
vt 0.673977 0.139378
vt 0.683021 0.152227
vt 0.976220 0.694838
vt 0.861124 0.106942
vt 0.816936 0.105162
vt 0.802785 0.951041
vt 0.562779 0.857395
vt 0.562885 0.848583
vt 0.528285 0.469265
vt 0.824949 0.117063
vt 0.512602 0.890556
vt 0.950102 0.784211
vt 0.917838 0.758706
vt 0.953493 0.757287
vt 0.005606 0.383038
vt 0.856662 0.113991
vt 0.882824 0.115212
vt 0.868332 0.123019
vt 0.003886 0.599489
vt 0.000828 0.616831
vt 0.000098 0.598308
vt 0.826527 0.106455
vt 0.812778 0.109232
vt 0.135129 0.782941
vt 0.169082 0.027161
vt 0.967244 0.331004
vt 0.199099 0.789351
vt 0.051283 0.013023
vt 0.063890 0.031545
vt 0.152351 0.641737
vt 0.119635 0.613159
vt 0.124256 0.605428
vt 0.081565 0.011101
vt 0.073385 0.012840
vt 0.080219 0.000532
vt 0.070567 0.541138
vt 0.020167 0.541138
vt 0.078439 0.517229
vt 0.786498 0.762174
vt 0.171685 0.027148
vt 0.176058 0.016339
vt 0.194934 0.912209
vt 0.004833 0.410155
vt 0.002139 0.400101
vt 0.004500 0.387654
vt 0.205147 0.897876
vt 0.195657 0.902409
vt 0.504731 0.891054
vt 0.983524 0.335139
vt 0.979044 0.337610
vt 0.980889 0.327835
vt 0.918209 0.162575
vt 0.628302 0.212700
vt 0.635415 0.189475
vt 0.642543 0.194490
vt 0.071323 0.017397
vt 0.769646 0.956215
vt 0.040932 0.974805
vt 0.044279 0.986351
vt 0.039695 0.983610
vt 0.119768 0.596964
vt 0.117308 0.618063
vt 0.881238 0.127341
vt 0.338445 0.001544
vt 0.941366 0.643765
vt 0.966515 0.626155
vt 0.981443 0.643052
vt 0.076142 0.003953
vt 0.087100 0.071941
vt 0.184922 0.352398
vt 0.184922 0.238737
vt 0.188584 0.268088
vt 0.003744 0.386236
vt 0.000240 0.391242
vt 0.001133 0.368718
vt 0.659698 0.206535
vt 0.018040 0.957611
vt 0.008989 0.928005
vt 0.030354 0.920875
vt 0.189720 0.924085
vt 0.126351 0.566764
vt 0.050806 0.820063
vt 0.937548 0.070170
vt 0.216522 0.961653
vt 0.953091 0.078684
vt 0.921245 0.742459
vt 0.892522 0.733143
vt 0.720034 0.668349
vt 0.828236 0.799166
vt 0.722611 0.944703
vt 0.798842 0.955870
vt 0.811370 0.954902
vt 0.742537 0.663678
vt 0.970695 0.692465
vt 0.135885 0.969079
vt 0.293965 0.999761
vt 0.290471 0.997032
vt 0.299668 0.999980
vt 0.432155 0.635608
vt 0.159721 0.902099
vt 0.473366 0.997187
vt 0.475061 0.999206
vt 0.463711 0.997432
vt 0.462688 0.999825
vt 0.729569 0.947714
vt 0.188491 0.898217
vt 0.652444 0.225830
vt 0.143825 0.926381
vt 0.137821 0.922474
vt 0.142463 0.919331
vt 0.704362 0.692427
vt 0.782607 0.756483
vt 0.776723 0.743914
vt 0.413944 0.633101
vt 0.010874 0.524606
vt 0.015039 0.515675
vt 0.016402 0.528124
vt 0.343897 0.006910
vt 0.923105 0.736884
vt 0.144620 0.790257
vt 0.886945 0.837011
vt 0.893221 0.809377
vt 0.888801 0.857467
vt 0.075968 0.551148
vt 0.566829 0.997417
vt 0.576098 0.996606
vt 0.581079 0.997062
vt 0.574688 0.853784
vt 0.870710 0.131505
vt 0.162174 0.923763
vt 0.500026 0.473852
vt 0.122272 0.556968
vt 0.921096 0.275763
vt 0.917962 0.265701
vt 0.926463 0.253964
vt 0.314418 0.344373
vt 0.186856 0.952691
vt 0.180122 0.942183
vt 0.144604 0.800721
vt 0.387496 0.998130
vt 0.389281 0.999380
vt 0.378150 0.998730
vt 0.303608 0.347520
vt 0.061378 0.808325
vt 0.060748 0.811524
vt 0.828188 0.084783
vt 0.909207 0.227208
vt 0.923076 0.256460
vt 0.917817 0.262893
vt 0.713611 0.986808
vt 0.700990 0.994313
vt 0.698242 0.986763
vt 0.138766 0.926935
vt 0.136187 0.925787
vt 0.711437 0.993810
vt 0.933984 0.264449
vt 0.706607 0.656641
vt 0.985583 0.344558
vt 0.967932 0.334263
vt 0.102369 0.619615
vt 0.474922 0.648969
vt 0.106401 0.025888
vt 0.010518 0.552574
vt 0.017868 0.562512
vt 0.884488 0.137235
vt 0.918106 0.223226
vt 0.975640 0.338607
vt 0.147866 0.885127
vt 0.147869 0.909570
vt 0.489601 0.346432
vt 0.991527 0.348294
vt 0.598426 0.214249
vt 0.013490 0.975192
vt 0.580303 0.847096
vt 0.569916 0.842231
vt 0.975394 0.157435
vt 0.951188 0.195071
vt 0.937454 0.156110
vt 0.019628 0.017550
vt 0.036203 0.003210
vt 0.031068 0.029225
vt 0.906682 0.241056
vt 0.878487 0.133774
vt 0.469123 0.456472
vt 0.140484 0.903963
vt 0.242607 0.348566
vt 0.217804 0.993445
vt 0.238730 0.991615
vt 0.250324 0.992752
vt 0.147603 0.926496
vt 0.088519 0.332698
vt 0.085125 0.317385
vt 0.093579 0.316701
vt 0.672170 0.242298
vt 0.129072 0.966463
vt 0.592783 0.236913
vt 0.573080 0.237254
vt 0.131434 0.914020
vt 0.583926 0.866012
vt 0.391344 0.986948
vt 0.397263 0.983514
vt 0.399107 0.984498
vt 0.478680 0.645083
vt 0.024453 0.961951
vt 0.020089 0.955206
vt 0.031539 0.949371
vt 0.001102 0.795145
vt 0.001102 0.780054
vt 0.003878 0.793002
vt 0.774902 0.981029
vt 0.862763 0.177062
vt 0.855907 0.158594
vt 0.871682 0.161332
vt 0.938897 0.744724
vt 0.806844 0.190560
vt 0.077338 0.330437
vt 0.847382 0.176789
vt 0.828323 0.209870
vt 0.900279 0.206244
vt 0.895970 0.216933
vt 0.141565 0.939594
vt 0.077309 0.963810
vt 0.082498 0.969202
vt 0.068679 0.964697
vt 0.970120 0.343552
vt 0.014970 0.051709
vt 0.317120 0.299584
vt 0.926193 0.732130
vt 0.735622 0.954758
vt 0.796259 0.789909
vt 0.808530 0.794483
vt 0.138541 0.878487
vt 0.035190 0.936616
vt 0.360013 0.112008
vt 0.380365 0.128553
vt 0.371575 0.132215
vt 0.907745 0.214932
vt 0.440935 0.638955
vt 0.293621 0.993322
vt 0.261094 0.993322
vt 0.254188 0.990741
vt 0.742039 0.958868
vt 0.569364 0.234293
vt 0.090179 0.633159
vt 0.073489 0.322186
vt 0.131392 0.905596
vt 0.137885 0.901766
vt 0.130351 0.917603
vt 0.580517 0.876036
vt 0.528844 0.193423
vt 0.513513 0.173475
vt 0.530818 0.177968
vt 0.074223 0.541980
vt 0.189070 0.280941
vt 0.189070 0.393860
vt 0.185432 0.365155
vt 0.004907 0.364142
vt 0.004907 0.386854
vt 0.003559 0.373682
vt 0.875450 0.136563
vt 0.917379 0.201996
vt 0.930143 0.215724
vt 0.929463 0.249944
vt 0.391043 0.985352
vt 0.395056 0.982619
vt 0.397766 0.983340
vt 0.387575 0.136128
vt 0.405992 0.120968
vt 0.064339 0.439211
vt 0.137108 0.440617
vt 0.140829 0.447060
vt 0.030843 0.923009
vt 0.548543 0.002610
vt 0.573650 0.001733
vt 0.548362 0.016888
vt 0.776063 0.752845
vt 0.403378 0.981569
vt 0.965711 0.416148
vt 0.970985 0.476419
vt 0.955744 0.415943
vt 0.979316 0.346614
vt 0.100260 0.638478
vt 0.007835 0.889143
vt 0.045637 0.890367
vt 0.031546 0.900200
vt 0.177708 0.046075
vt 0.140643 0.036833
vt 0.182484 0.033766
vt 0.513996 0.538742
vt 0.508541 0.522087
vt 0.515444 0.503839
vt 0.118761 0.213722
vt 0.129452 0.201598
vt 0.151152 0.218515
vt 0.006129 0.491808
vt 0.009047 0.475261
vt 0.018772 0.489158
vt 0.885598 0.791039
vt 0.870555 0.135256
vt 0.403150 0.979594
vt 0.052853 0.030861
vt 0.043205 0.043881
vt 0.940426 0.251303
vt 0.000560 0.564775
vt 0.001962 0.580802
vt 0.000030 0.583632
vt 0.878461 0.163892
vt 0.898906 0.168158
vt 0.877810 0.177197
vt 0.066781 0.074644
vt 0.068172 0.070108
vt 0.260312 0.335068
vt 0.593035 0.858721
vt 0.448526 0.652070
vt 0.018400 0.502763
vt 0.009410 0.502040
vt 0.963652 0.342158
vt 0.030005 0.045642
vt 0.034315 0.048415
vt 0.000145 0.675127
vt 0.000145 0.658041
vt 0.000851 0.666486
vt 0.719667 0.657199
vt 0.411250 0.955362
vt 0.414905 0.959644
vt 0.411351 0.968651
vt 0.188384 0.027294
vt 0.205143 0.028507
vt 0.566549 0.024163
vt 0.007038 0.622544
vt 0.015745 0.620707
vt 0.017686 0.631718
vt 0.520445 0.550287
vt 0.543714 0.555284
vt 0.526678 0.567350
vt 0.938735 0.258219
vt 0.140831 0.958848
vt 0.005657 0.898504
vt 0.381599 0.096386
vt 0.942312 0.124153
vt 0.078142 0.056331
vt 0.191291 0.040378
vt 0.804557 0.099340
vt 0.841604 0.155205
vt 0.847580 0.174263
vt 0.415981 0.971180
vt 0.021998 0.820615
vt 0.919280 0.167377
vt 0.910241 0.196952
vt 0.909434 0.203404
vt 0.067954 0.043141
vt 0.068886 0.066805
vt 0.882550 0.144404
vt 0.304744 0.506156
vt 0.324961 0.446304
vt 0.320612 0.491358
vt 0.096744 0.040869
vt 0.050254 0.023694
vt 0.871970 0.816810
vt 0.877360 0.784343
vt 0.880920 0.824880
vt 0.410760 0.978396
vt 0.425657 0.967513
vt 0.923116 0.713658
vt 0.939429 0.733538
vt 0.356217 0.110534
vt 0.365158 0.106774
vt 0.507155 0.563973
vt 0.012804 0.517331
vt 0.061540 0.512149
vt 0.036455 0.521412
vt 0.409946 0.986823
vt 0.942310 0.740124
vt 0.918420 0.189910
vt 0.922727 0.193062
vt 0.418034 0.984826
vt 0.820763 0.806337
vt 0.517329 0.588599
vt 0.208324 0.037159
vt 0.215698 0.026496
vt 0.226806 0.030953
vt 0.486943 0.488763
vt 0.889620 0.156167
vt 0.529718 0.029350
vt 0.491146 0.025975
vt 0.559153 0.024933
vt 0.924359 0.244959
vt 0.994789 0.402636
vt 0.979513 0.414926
vt 0.979186 0.402908
vt 0.968069 0.974661
vt 0.968069 0.987988
vt 0.942788 0.980490
vt 0.008982 0.514002
vt 0.503966 0.543497
vt 0.306063 0.379841
vt 0.197112 0.048982
vt 0.198447 0.074193
vt 0.183535 0.084062
vt 0.191312 0.067644
vt 0.422185 0.979714
vt 0.938145 0.242617
vt 0.182861 0.053214
vt 0.164872 0.055751
vt 0.982580 0.351503
vt 0.126495 0.181468
vt 0.552241 0.213942
vt 0.576725 0.191922
vt 0.562519 0.222510
vt 0.957361 0.222282
vt 0.995328 0.222282
vt 0.989382 0.238375
vt 0.912115 0.197241
vt 0.952039 0.725517
vt 0.927154 0.709289
vt 0.068825 0.060912
vt 0.501689 0.500391
vt 0.789030 0.778852
vt 0.840504 0.812311
vt 0.425057 0.976226
vt 0.950410 0.717149
vt 0.786131 0.787923
vt 0.613721 0.928919
vt 0.623978 0.945133
vt 0.123993 0.041547
vt 0.125086 0.044558
vt 0.109640 0.050168
vt 0.470609 0.487794
vt 0.436456 0.466372
vt 0.995444 0.941162
vt 0.968202 0.925633
vt 0.974098 0.920549
vt 0.905272 0.161703
vt 0.072105 0.315027
vt 0.065462 0.323666
vt 0.425976 0.641393
vt 0.326865 0.335130
vt 0.806601 0.108144
vt 0.591649 0.848162
vt 0.085558 0.873739
vt 0.075608 0.878379
vt 0.062400 0.869131
vt 0.400034 0.146211
vt 0.497998 0.526857
vt 0.345204 0.113288
vt 0.593289 0.866016
vt 0.510719 0.590703
vt 0.493450 0.512521
vt 0.497647 0.479684
vt 0.004439 0.793927
vt 0.004439 0.808663
vt 0.003031 0.797677
vt 0.986485 0.954451
vt 0.199148 0.055012
vt 0.237658 0.051837
vt 0.954641 0.250893
vt 0.699554 0.649618
vt 0.519931 0.603764
vt 0.296239 0.883227
vt 0.281083 0.872959
vt 0.313564 0.868623
vt 0.338473 0.880160
vt 0.350206 0.876871
vt 0.352827 0.884546
vt 0.009668 0.522747
vt 0.966864 0.416723
vt 0.115627 0.158599
vt 0.156542 0.178839
vt 0.158357 0.211236
vt 0.211063 0.073225
vt 0.078155 0.045447
vt 0.925292 0.175353
vt 0.221835 0.043991
vt 0.971049 0.402565
vt 0.970288 0.420571
vt 0.885428 0.151613
vt 0.916668 0.776803
vt 0.906358 0.750601
vt 0.925147 0.767250
vt 0.292155 0.859962
vt 0.364852 0.886943
vt 0.354083 0.885160
vt 0.533742 0.619237
vt 0.511909 0.616200
vt 0.482693 0.664449
vt 0.069482 0.048830
vt 0.969344 0.988753
vt 0.981183 0.960863
vt 0.985410 0.993320
vt 0.325140 0.856148
vt 0.325941 0.866557
vt 0.969029 0.921463
vt 0.054060 0.041654
vt 0.973033 0.404054
vt 0.372669 0.095297
vt 0.232124 0.040788
vt 0.074090 0.215589
vt 0.047778 0.214213
vt 0.044912 0.138992
vt 0.059278 0.363000
vt 0.516615 0.630545
vt 0.347238 0.111933
vt 0.721546 0.817652
vt 0.687358 0.807129
vt 0.692845 0.778903
vt 0.307022 0.388238
vt 0.958309 0.732924
vt 0.055340 0.040047
vt 0.065275 0.876852
vt 0.823316 0.814591
vt 0.061403 0.060470
vt 0.048357 0.075622
vt 0.951174 0.740450
vt 0.241827 0.051006
vt 0.897246 0.205693
vt 0.715144 0.944362
vt 0.061991 0.955049
vt 0.979096 0.353530
vt 0.869535 0.792488
vt 0.868292 0.817528
vt 0.428497 0.982712
vt 0.959864 0.723166
vt 0.609957 0.864527
vt 0.284592 0.849535
vt 0.948168 0.705885
vt 0.610768 0.852953
vt 0.034887 0.067507
vt 0.131331 0.040109
vt 0.180679 0.951665
vt 0.183475 0.949526
vt 0.185227 0.955040
vt 0.800781 0.806111
vt 0.264683 0.858405
vt 0.031474 0.876612
vt 0.313529 0.848774
vt 0.060567 0.068343
vt 0.432725 0.976511
vt 0.972150 0.730922
vt 0.967009 0.738165
vt 0.086946 0.046328
vt 0.361608 0.869121
vt 0.006716 0.662659
vt 0.995795 0.988005
vt 0.340319 0.316042
vt 0.880606 0.982231
vt 0.899772 0.982231
vt 0.895026 0.993367
vt 0.965091 0.756655
vt 0.958291 0.244201
vt 0.938849 0.223006
vt 0.290376 0.395769
vt 0.064713 0.043591
vt 0.298111 0.838532
vt 0.371992 0.871852
vt 0.326170 0.844571
vt 0.066206 0.044385
vt 0.360323 0.859756
vt 0.800999 0.110044
vt 0.157178 0.030133
vt 0.155380 0.029203
vt 0.159481 0.029645
vt 0.934204 0.981146
vt 0.918884 0.994949
vt 0.928689 0.981629
vt 0.647208 0.871064
vt 0.654193 0.884166
vt 0.621054 0.889154
vt 0.853814 0.189834
vt 0.053032 0.074449
vt 0.521183 0.165520
vt 0.857274 0.116293
vt 0.437374 0.982810
vt 0.540598 0.996180
vt 0.535719 0.998840
vt 0.533610 0.997622
vt 0.277416 0.990714
vt 0.315711 0.990714
vt 0.284770 0.991855
vt 0.156536 0.028298
vt 0.167671 0.027622
vt 0.862261 0.136864
vt 0.681277 0.884131
vt 0.652977 0.896791
vt 0.025006 0.329113
vt 0.953614 0.705300
vt 0.994564 0.962718
vt 0.114616 0.032232
vt 0.352933 0.266552
vt 0.461642 0.266552
vt 0.348617 0.321356
vt 0.733308 0.807877
vt 0.744940 0.815882
vt 0.746390 0.823748
vt 0.139292 0.036135
vt 0.730466 0.826166
vt 0.710715 0.833704
vt 0.964232 0.765077
vt 0.967559 0.760512
vt 0.131126 0.899523
vt 0.968700 0.239899
vt 0.954836 0.222743
vt 0.140840 0.428936
vt 0.447361 0.992311
vt 0.441445 0.979409
vt 0.447997 0.974821
vt 0.883680 0.196285
vt 0.471848 0.350359
vt 0.547068 0.998448
vt 0.980445 0.235428
vt 0.362162 0.094780
vt 0.970529 0.240170
vt 0.833113 0.171410
vt 0.840862 0.184344
vt 0.274608 0.840977
vt 0.891924 0.782050
vt 0.441684 0.990123
vt 0.037641 0.315785
vt 0.189945 0.327912
vt 0.249730 0.355366
vt 0.181678 0.976815
vt 0.123399 0.922953
vt 0.116684 0.918356
vt 0.350637 0.997068
vt 0.361515 0.997068
vt 0.357194 0.997952
vt 0.912044 0.780878
vt 0.114238 0.785048
vt 0.111556 0.798787
vt 0.109500 0.794759
vt 0.121344 0.910376
vt 0.932296 0.994616
vt 0.136229 0.897254
vt 0.949810 0.699853
vt 0.483831 0.513506
vt 0.433650 0.987045
vt 0.508110 0.645808
vt 0.508067 0.677686
vt 0.502102 0.656326
vt 0.777857 0.777849
vt 0.113493 0.929221
vt 0.148730 0.030632
vt 0.144610 0.030664
vt 0.432852 0.651663
vt 0.159887 0.017984
vt 0.498531 0.161300
vt 0.442150 0.025706
vt 0.732054 0.836438
vt 0.134541 0.895633
vt 0.471863 0.507640
vt 0.720188 0.893852
vt 0.706767 0.905635
vt 0.709741 0.881671
vt 0.143734 0.027608
vt 0.760519 0.755842
vt 0.767810 0.761096
vt 0.985740 0.372412
vt 0.691555 0.888065
vt 0.493920 0.639357
vt 0.291559 0.817513
vt 0.120690 0.776084
vt 0.306549 0.834885
vt 0.317656 0.824998
vt 0.545455 0.198160
vt 0.750559 0.836769
vt 0.345206 0.669913
vt 0.375570 0.699079
vt 0.355807 0.692590
vt 0.327941 0.511367
vt 0.964108 0.752143
vt 0.187706 0.747305
vt 0.159262 0.752351
vt 0.175537 0.745921
vt 0.583299 0.198532
vt 0.885873 0.157671
vt 0.180423 0.753987
vt 0.096832 0.048014
vt 0.415458 0.643024
vt 0.173901 0.965056
vt 0.163093 0.957699
vt 0.175422 0.945394
vt 0.200253 0.975862
vt 0.200038 0.986771
vt 0.194294 0.979258
vt 0.314930 0.398944
vt 0.307219 0.416209
vt 0.271099 0.522172
vt 0.281583 0.514044
vt 0.285644 0.422033
vt 0.123947 0.779980
vt 0.116365 0.797326
vt 0.103990 0.763488
vt 0.113885 0.751847
vt 0.032841 0.055787
vt 0.030714 0.062082
vt 0.007216 0.064052
vt 0.674513 0.905727
vt 0.440630 0.988861
vt 0.123537 0.905255
vt 0.359120 0.106944
vt 0.730675 0.033250
vt 0.752106 0.024964
vt 0.756553 0.053043
vt 0.749219 0.981959
vt 0.770204 0.981667
vt 0.757941 0.985134
vt 0.324399 0.343111
vt 0.577577 0.227030
vt 0.330830 0.828855
vt 0.444560 0.655431
vt 0.895383 0.756924
vt 0.195535 0.974735
vt 0.200503 0.973412
vt 0.203981 0.973743
vt 0.206006 0.795507
vt 0.552051 0.143986
vt 0.869648 0.195359
vt 0.723409 0.882344
vt 0.560987 0.176666
vt 0.167663 0.744093
vt 0.752514 0.986405
vt 0.754526 0.842935
vt 0.744862 0.844741
vt 0.976004 0.743578
vt 0.728052 0.894306
vt 0.660828 0.870359
vt 0.666106 0.870489
vt 0.279383 0.810603
vt 0.253899 0.838810
vt 0.247530 0.821029
vt 0.754041 0.988452
vt 0.841548 0.107511
vt 0.458639 0.504934
vt 0.128972 0.135704
vt 0.120122 0.128305
vt 0.181227 0.145071
vt 0.117850 0.900272
vt 0.675829 0.868966
vt 0.130441 0.148373
vt 0.729195 0.844148
vt 0.126506 0.775493
vt 0.490649 0.668807
vt 0.473560 0.362028
vt 0.420105 0.651075
vt 0.450847 0.508153
vt 0.418926 0.474668
vt 0.140950 0.693245
vt 0.143837 0.702002
vt 0.113380 0.709052
vt 0.462384 0.356339
vt 0.451448 0.329584
vt 0.329020 0.540428
vt 0.188842 0.980981
vt 0.691722 0.840597
vt 0.127981 0.886299
vt 0.881555 0.774068
vt 0.323338 0.809356
vt 0.151430 0.126274
vt 0.796716 0.055216
vt 0.328385 0.378770
vt 0.142414 0.748110
vt 0.130832 0.754649
vt 0.302902 0.809829
vt 0.867982 0.780573
vt 0.978116 0.321135
vt 0.970845 0.316231
vt 0.988784 0.312859
vt 0.718544 0.859657
vt 0.109643 0.701439
vt 0.841833 0.821862
vt 0.458758 0.516771
vt 0.014030 0.316080
vt 0.010981 0.290072
vt 0.028361 0.290072
vt 0.860454 0.787406
vt 0.148951 0.754008
vt 0.006558 0.032325
vt 0.006558 0.003442
vt 0.029299 0.003033
vt 0.748711 0.856798
vt 0.175427 0.160058
vt 0.794326 0.807943
vt 0.785694 0.794042
vt 0.054155 0.953208
vt 0.991998 0.302872
vt 0.112713 0.018826
vt 0.131428 0.008697
vt 0.810311 0.808697
vt 0.768319 0.863453
vt 0.705902 0.869009
vt 0.331533 0.991730
vt 0.322460 0.993330
vt 0.294463 0.992686
vt 0.303244 0.551887
vt 0.107728 0.024656
vt 0.694612 0.871616
vt 0.342031 0.328819
vt 0.985947 0.398686
vt 0.959892 0.389202
vt 0.992797 0.389163
vt 0.905498 0.480396
vt 0.928122 0.447010
vt 0.936646 0.463130
vt 0.335883 0.341523
vt 0.566229 0.158664
vt 0.595238 0.202520
vt 0.627475 0.954476
vt 0.619117 0.948625
vt 0.635244 0.942197
vt 0.150990 0.724196
vt 0.074207 0.143490
vt 0.295700 0.806284
vt 0.652310 0.874096
vt 0.525673 0.483092
vt 0.562216 0.513083
vt 0.525624 0.518855
vt 0.744512 0.879018
vt 0.091044 0.176371
vt 0.733480 0.866472
vt 0.180989 0.174463
vt 0.692030 0.157700
vt 0.667441 0.153527
vt 0.666941 0.148137
vt 0.162324 0.979180
vt 0.287309 0.809097
vt 0.989677 0.339060
vt 0.038324 0.941114
vt 0.038842 0.949313
vt 0.020091 0.972031
vt 0.607047 0.357238
vt 0.624490 0.356262
vt 0.632124 0.367164
vt 0.112038 0.716569
vt 0.992303 0.321842
vt 0.618810 0.387600
vt 0.642544 0.380893
vt 0.104962 0.921900
vt 0.108736 0.903981
vt 0.650613 0.355044
vt 0.929043 0.484061
vt 0.613528 0.336628
vt 0.624628 0.880912
vt 0.036149 0.071290
vt 0.103751 0.717202
vt 0.097154 0.721702
vt 0.097771 0.714579
vt 0.052541 0.360353
vt 0.050122 0.363940
vt 0.039209 0.350774
vt 0.630110 0.339638
vt 0.949711 0.471787
vt 0.929872 0.496673
vt 0.637519 0.392588
vt 0.763670 0.885938
vt 0.888273 0.758963
vt 0.016665 0.123662
vt 0.009323 0.121798
vt 0.013190 0.118717
vt 0.599545 0.375976
vt 0.176791 0.384774
vt 0.186743 0.410129
vt 0.175322 0.406728
vt 0.938268 0.504709
vt 0.740002 0.877787
vt 0.142131 0.008099
vt 0.592525 0.340986
vt 0.652863 0.341159
vt 0.138654 0.874332
vt 0.170068 0.134084
vt 0.163235 0.126106
vt 0.984820 0.629564
vt 0.981182 0.640356
vt 0.976714 0.635454
vt 0.034397 0.361931
vt 0.027510 0.351627
vt 0.171354 0.359172
vt 0.193322 0.406844
vt 0.012875 0.126598
vt 0.009347 0.074441
vt 0.021461 0.335538
vt 0.582975 0.349959
vt 0.171478 0.418831
vt 0.181971 0.432460
vt 0.654847 0.868019
vt 0.688111 0.860116
vt 0.719064 0.864102
vt 0.113496 0.053011
vt 0.596879 0.397444
vt 0.765318 0.768933
vt 0.755059 0.766247
vt 0.661610 0.863508
vt 0.675618 0.860159
vt 0.992508 0.761633
vt 0.992508 0.814064
vt 0.951715 0.780491
vt 0.005612 0.120879
vt 0.003815 0.123058
vt 0.019951 0.125325
vt 0.018719 0.128736
vt 0.989643 0.639779
vt 0.995001 0.069484
vt 0.980131 0.074571
vt 0.988037 0.051404
vt 0.991912 0.633587
vt 0.956789 0.425023
vt 0.622075 0.411073
vt 0.175596 0.987531
vt 0.619303 0.318466
vt 0.964132 0.490411
vt 0.962473 0.508742
vt 0.665832 0.861937
vt 0.458824 0.971668
vt 0.467471 0.959318
vt 0.466704 0.986399
vt 0.989777 0.098013
vt 0.982943 0.098528
vt 0.982689 0.086966
vt 0.670967 0.859151
vt 0.460845 0.363164
vt 0.603955 0.327075
vt 0.832188 0.824846
vt 0.583861 0.375766
vt 0.579204 0.504984
vt 0.559036 0.540382
vt 0.171860 0.437357
vt 0.698803 0.852589
vt 0.014082 0.130258
vt 0.138711 0.440299
vt 0.144018 0.428918
vt 0.140952 0.443765
vt 0.008333 0.130804
vt 0.458874 0.389992
vt 0.217728 0.394522
vt 0.200793 0.420705
vt 0.705418 0.860526
vt 0.962747 0.450098
vt 0.433333 0.516508
vt 0.969502 0.475616
vt 0.875064 0.202333
vt 0.590014 0.172572
vt 0.405454 0.646235
vt 0.082465 0.597839
vt 0.049980 0.603221
vt 0.054924 0.584388
vt 0.066357 0.609189
vt 0.464357 0.367477
vt 0.974791 0.094864
vt 0.976325 0.054749
vt 0.258131 0.552700
vt 0.147109 0.441649
vt 0.000078 0.120717
vt 0.983909 0.038894
vt 0.179642 0.444269
vt 0.634946 0.422965
vt 0.569646 0.529851
vt 0.185169 0.164355
vt 0.151788 0.437025
vt 0.588449 0.505372
vt 0.449553 0.522034
vt 0.161345 0.426542
vt 0.134542 0.394884
vt 0.658521 0.936391
vt 0.850719 0.194110
vt 0.214013 0.421297
vt 0.966204 0.065025
vt 0.000294 0.116652
vt 0.080848 0.612336
vt 0.045981 0.636372
vt 0.017952 0.132895
vt 0.053120 0.389026
vt 0.064622 0.392254
vt 0.972822 0.761888
vt 0.079262 0.622842
vt 0.380705 0.082405
vt 0.575347 0.336820
vt 0.560389 0.370141
vt 0.613882 0.427052
vt 0.000015 0.129045
vt 0.589020 0.318773
vt 0.980267 0.109015
vt 0.833819 0.195424
vt 0.821258 0.194357
vt 0.688001 0.849253
vt 0.185622 0.436822
vt 0.476056 0.378049
vt 0.395167 0.081577
vt 0.353496 0.709884
vt 0.821685 0.825623
vt 0.572234 0.662824
vt 0.566502 0.646454
vt 0.584548 0.642306
vt 0.124158 0.878365
vt 0.650884 0.988540
vt 0.612563 0.988540
vt 0.621039 0.982576
vt 0.145141 0.448199
vt 0.968016 0.084999
vt 0.578160 0.399459
vt 0.170730 0.388549
vt 0.166571 0.369979
vt 0.046493 0.567791
vt 0.083512 0.548389
vt 0.858720 0.778282
vt 0.165380 0.457326
vt 0.172806 0.452629
vt 0.423042 0.094470
vt 0.565046 0.349838
vt 0.194260 0.426691
vt 0.381208 0.065928
vt 0.110445 0.010346
vt 0.867406 0.124069
vt 0.636366 0.871509
vt 0.641451 0.857785
vt 0.118708 0.009687
vt 0.916631 0.498428
vt 0.899124 0.506642
vt 0.908522 0.486468
vt 0.362311 0.135012
vt 0.367530 0.141363
vt 0.354457 0.142886
vt 0.675438 0.856205
vt 0.650152 0.961190
vt 0.959787 0.044823
vt 0.340198 0.359329
vt 0.441866 0.530485
vt 0.960080 0.687882
vt 0.971590 0.675394
vt 0.975294 0.681056
vt 0.787124 0.805534
vt 0.777655 0.791028
vt 0.425886 0.658377
vt 0.046434 0.940800
vt 0.924942 0.484220
vt 0.922718 0.522431
vt 0.017786 0.619817
vt 0.007115 0.619817
vt 0.007366 0.574406
vt 0.105386 0.917085
vt 0.574675 0.633326
vt 0.009773 0.134974
vt 0.546118 0.555167
vt 0.515137 0.537420
vt 0.042585 0.076185
vt 0.570306 0.623356
vt 0.437023 0.665594
vt 0.846256 0.200538
vt 0.091827 0.569053
vt 0.657611 0.148495
vt 0.014405 0.138725
vt 0.553347 0.563189
vt 0.555533 0.654569
vt 0.457371 0.400724
vt 0.864516 0.200766
vt 0.679797 0.850638
vt 0.962523 0.676161
vt 0.967643 0.689748
vt 0.189472 0.549351
vt 0.196144 0.548547
vt 0.197713 0.562075
vt 0.148662 0.453030
vt 0.221074 0.437435
vt 0.097858 0.613782
vt 0.957218 0.082469
vt 0.814751 0.818170
vt 0.348915 0.332837
vt 0.666108 0.159634
vt 0.100800 0.463957
vt 0.091625 0.480325
vt 0.087373 0.475847
vt 0.654087 0.138319
vt 0.569250 0.319643
vt 0.416887 0.655173
vt 0.414519 0.718543
vt 0.425328 0.734709
vt 0.390636 0.721024
vt 0.878808 0.507811
vt 0.879044 0.491444
vt 0.455209 0.362925
vt 0.087593 0.470957
vt 0.866616 0.489781
vt 0.153589 0.989367
vt 0.829894 0.207441
vt 0.579036 0.425245
vt 0.188698 0.441457
vt 0.176693 0.453462
vt 0.023889 0.131078
vt 0.203935 0.833983
vt 0.202224 0.844567
vt 0.184828 0.824246
vt 0.099057 0.471847
vt 0.653256 0.150663
vt 0.025971 0.323473
vt 0.669761 0.932974
vt 0.684654 0.934232
vt 0.109398 0.611368
vt 0.925147 0.002346
vt 0.911559 0.012218
vt 0.908021 0.000233
vt 0.445262 0.533169
vt 0.002081 0.133413
vt 0.142914 0.854188
vt 0.101896 0.474565
vt 0.859352 0.758462
vt 0.087780 0.628130
vt 0.909659 0.534955
vt 0.322783 0.411252
vt 0.319488 0.952976
vt 0.326338 0.961140
vt 0.291666 0.955517
vt 0.849753 0.760916
vt 0.865682 0.503812
vt 0.347186 0.697299
vt 0.105973 0.914253
vt 0.271981 0.957816
vt 0.275608 0.940336
vt 0.177563 0.458557
vt 0.668370 0.131890
vt 0.961655 0.818936
vt 0.971016 0.837525
vt 0.955532 0.833360
vt 0.211745 0.450290
vt 0.668338 0.011573
vt 0.680173 0.019961
vt 0.695349 0.038326
vt 0.097432 0.622883
vt 0.549487 0.583690
vt 0.954932 0.099525
vt 0.539096 0.561482
vt 0.564305 0.331923
vt 0.984546 0.869298
vt 0.950447 0.839305
vt 0.533570 0.145537
vt 0.430379 0.108979
vt 0.803799 0.815911
vt 0.111797 0.879922
vt 0.941751 0.060497
vt 0.640562 0.140519
vt 0.206486 0.452115
vt 0.554930 0.389473
vt 0.002938 0.138689
vt 0.156159 0.447089
vt 0.925653 0.533851
vt 0.541007 0.356150
vt 0.957474 0.672784
vt 0.651520 0.111332
vt 0.650717 0.118158
vt 0.981943 0.735542
vt 0.977179 0.729474
vt 0.993354 0.720135
vt 0.092818 0.484308
vt 0.113971 0.479786
vt 0.875626 0.515252
vt 0.553061 0.584875
vt 0.561294 0.582315
vt 0.540466 0.631127
vt 0.552094 0.593869
vt 0.376116 0.134172
vt 0.090301 0.153122
vt 0.449380 0.391286
vt 0.923504 0.547323
vt 0.923176 0.563939
vt 0.915325 0.554630
vt 0.022612 0.137928
vt 0.967973 0.105169
vt 0.991286 0.829347
vt 0.896301 0.525267
vt 0.967144 0.795045
vt 0.000145 0.780262
vt 0.000145 0.764061
vt 0.001848 0.772067
vt 0.643220 0.133026
vt 0.690154 0.948583
vt 0.189854 0.531598
vt 0.044597 0.933172
vt 0.565116 0.601459
vt 0.450455 0.777007
vt 0.453451 0.789139
vt 0.446498 0.798039
vt 0.014302 0.374310
vt 0.011595 0.358958
vt 0.014284 0.332364
vt 0.646182 0.155774
vt 0.630962 0.150488
vt 0.101831 0.910588
vt 0.444350 0.385463
vt 0.353350 0.343896
vt 0.917397 0.785520
vt 0.935247 0.775626
vt 0.919165 0.793409
vt 0.692287 0.927293
vt 0.290105 0.943802
vt 0.313971 0.927513
vt 0.126243 0.074992
vt 0.120140 0.059696
vt 0.137505 0.061142
vt 0.170737 0.437467
vt 0.163810 0.443590
vt 0.904319 0.539847
vt 0.630744 0.145251
vt 0.560284 0.421917
vt 0.926068 0.768097
vt 0.920713 0.580253
vt 0.911695 0.573965
vt 0.810111 0.821961
vt 0.102749 0.491999
vt 0.249538 0.953140
vt 0.239770 0.958126
vt 0.249851 0.940173
vt 0.255667 0.939598
vt 0.262002 0.953096
vt 0.017284 0.142029
vt 0.456995 0.796171
vt 0.540482 0.370749
vt 0.179264 0.535716
vt 0.140716 0.077321
vt 0.989736 0.303156
vt 0.988328 0.299282
vt 0.995901 0.286988
vt 0.888991 0.538523
vt 0.682933 0.983630
vt 0.717466 0.983630
vt 0.685927 0.987486
vt 0.129460 0.850343
vt 0.151169 0.074045
vt 0.146497 0.094614
vt 0.009366 0.139206
vt 0.779301 0.805815
vt 0.088820 0.552468
vt 0.228027 0.861797
vt 0.988649 0.731799
vt 0.995816 0.749786
vt 0.983199 0.736881
vt 0.583678 0.830355
vt 0.592210 0.838887
vt 0.564486 0.820554
vt 0.244641 0.820418
vt 0.238092 0.852786
vt 0.229748 0.841650
vt 0.660120 0.862195
vt 0.162323 0.084061
vt 0.916159 0.587494
vt 0.983505 0.866741
vt 0.891305 0.579565
vt 0.262472 0.940614
vt 0.321219 0.148326
vt 0.304604 0.138634
vt 0.319757 0.135980
vt 0.541677 0.320725
vt 0.584560 0.846575
vt 0.064359 0.463365
vt 0.638063 0.130357
vt 0.808736 0.999485
vt 0.805867 0.995535
vt 0.812659 0.996529
vt 0.069658 0.005518
vt 0.064151 0.017328
vt 0.061318 0.001104
vt 0.243903 0.947639
vt 0.102764 0.889566
vt 0.688455 0.000519
vt 0.717669 0.023215
vt 0.898590 0.583737
vt 0.921830 0.773830
vt 0.833937 0.836775
vt 0.016566 0.145799
vt 0.013629 0.142611
vt 0.583454 0.996176
vt 0.585570 0.999840
vt 0.581006 0.998717
vt 0.409065 0.496819
vt 0.415155 0.512552
vt 0.400844 0.499566
vt 0.002767 0.141820
vt 0.247270 0.843312
vt 0.327178 0.135531
vt 0.186069 0.868635
vt 0.207825 0.873581
vt 0.794983 0.813989
vt 0.401162 0.075465
vt 0.988662 0.293767
vt 0.330822 0.162785
vt 0.637981 0.108976
vt 0.075413 0.486611
vt 0.071419 0.474788
vt 0.797065 0.820031
vt 0.647137 0.849312
vt 0.376780 0.065443
vt 0.842731 0.833954
vt 0.603414 0.179735
vt 0.933365 0.682193
vt 0.975191 0.645052
vt 0.310708 0.152609
vt 0.302374 0.146503
vt 0.008587 0.145214
vt 0.983539 0.117816
vt 0.956319 0.109555
vt 0.980777 0.110225
vt 0.914866 0.783026
vt 0.631646 0.137239
vt 0.760309 0.779336
vt 0.769835 0.791191
vt 0.400771 0.996713
vt 0.398466 0.999385
vt 0.389568 0.997816
vt 0.094531 0.904675
vt 0.960331 0.720992
vt 0.749563 0.772625
vt 0.752399 0.758175
vt 0.541805 0.225438
vt 0.539634 0.218067
vt 0.552637 0.216440
vt 0.445337 0.809433
vt 0.465056 0.805070
vt 0.145846 0.059857
vt 0.649238 0.935278
vt 0.941074 0.785086
vt 0.067864 0.024295
vt 0.519811 0.353001
vt 0.355800 0.753595
vt 0.170822 0.081846
vt 0.157543 0.064110
vt 0.815846 0.827038
vt 0.100807 0.908600
vt 0.002356 0.145204
vt 0.404097 0.752104
vt 0.426699 0.089033
vt 0.391635 0.996133
vt 0.554985 0.828951
vt 0.190586 0.880368
vt 0.986410 0.720485
vt 0.922953 0.699175
vt 0.321628 0.425722
vt 0.166251 0.069056
vt 0.419169 0.078676
vt 0.273312 0.928393
vt 0.097741 0.906648
vt 0.627702 0.141998
vt 0.001289 0.321510
vt 0.004852 0.316422
vt 0.004583 0.327064
vt 0.700824 0.933522
vt 0.983525 0.423798
vt 0.983210 0.414448
vt 0.984755 0.420419
vt 0.127540 0.047816
vt 0.000557 0.304010
vt 0.984719 0.016176
vt 0.990585 0.030785
vt 0.983792 0.026782
vt 0.000128 0.328460
vt 0.360357 0.335711
vt 0.012131 0.983143
vt 0.012493 0.976240
vt 0.041156 0.985912
vt 0.405147 0.955474
vt 0.400006 0.950884
vt 0.402396 0.944573
vt 0.339244 0.381532
vt 0.992311 0.282333
vt 0.961375 0.272473
vt 0.976707 0.257363
vt 0.317956 0.001026
vt 0.334435 0.001026
vt 0.323583 0.013416
vt 0.161606 0.518550
vt 0.174620 0.505042
vt 0.187968 0.500921
vt 0.004304 0.361359
vt 0.003172 0.368313
vt 0.000305 0.367070
vt 0.986086 0.883090
vt 0.991874 0.887296
vt 0.979241 0.894300
vt 0.571303 0.998978
vt 0.263933 0.999995
vt 0.255987 0.999995
vt 0.257679 0.996519
vt 0.990810 0.003079
vt 0.640068 0.091860
vt 0.441114 0.771291
vt 0.979025 0.301456
vt 0.303658 0.996692
vt 0.301450 0.999324
vt 0.293952 0.996713
vt 0.000178 0.344336
vt 0.532724 0.226769
vt 0.526969 0.227978
vt 0.227688 0.882987
vt 0.464482 0.056507
vt 0.461043 0.070021
vt 0.438373 0.059718
vt 0.630083 0.131625
vt 0.912264 0.793121
vt 0.390527 0.999277
vt 0.449044 0.438581
vt 0.246448 0.938300
vt 0.174178 0.062764
vt 0.173424 0.066599
vt 0.294423 0.141254
vt 0.289015 0.133650
vt 0.479823 0.999895
vt 0.486969 0.996563
vt 0.492787 0.999951
vt 0.621446 0.139045
vt 0.346183 0.376886
vt 0.450767 0.397290
vt 0.423670 0.666535
vt 0.517400 0.366946
vt 0.434872 0.067709
vt 0.004778 0.146007
vt 0.004778 0.173714
vt 0.000202 0.168887
vt 0.005870 0.075784
vt 0.005870 0.101506
vt 0.000604 0.078555
vt 0.000222 0.244178
vt 0.003264 0.241136
vt 0.002124 0.266832
vt 0.666339 0.996199
vt 0.677008 0.996199
vt 0.666393 0.999323
vt 0.453559 0.819936
vt 0.025655 0.886219
vt 0.012691 0.886106
vt 0.024447 0.881710
vt 0.621942 0.163802
vt 0.680248 0.166533
vt 0.593307 0.171225
vt 0.642861 0.155966
vt 0.623867 0.147124
vt 0.346312 0.703060
vt 0.013806 0.882474
vt 0.908739 0.790519
vt 0.401143 0.041098
vt 0.418301 0.056635
vt 0.406073 0.047510
vt 0.333537 0.395564
vt 0.975710 0.293299
vt 0.989453 0.288782
vt 0.556657 0.853681
vt 0.546660 0.815577
vt 0.561214 0.843351
vt 0.188619 0.001734
vt 0.191157 0.025145
vt 0.183277 0.004818
vt 0.966833 0.756747
vt 0.570549 0.998814
vt 0.556941 0.998814
vt 0.558840 0.996704
vt 0.677286 0.999164
vt 0.670668 0.999817
vt 0.386210 0.553261
vt 0.407324 0.055956
vt 0.398402 0.946736
vt 0.398005 0.941294
vt 0.987904 0.108280
vt 0.182847 0.028147
vt 0.729646 0.995670
vt 0.738481 0.995670
vt 0.732079 0.999848
vt 0.293308 0.149206
vt 0.294550 0.156092
vt 0.708713 0.935685
vt 0.256076 0.880736
vt 0.241700 0.871298
vt 0.198270 0.997604
vt 0.201538 0.996542
vt 0.198561 0.999327
vt 0.190617 0.086640
vt 0.256224 0.931480
vt 0.416410 0.040570
vt 0.334783 0.734855
vt 0.442770 0.831526
vt 0.197660 0.888056
vt 0.018829 0.877629
vt 0.010556 0.877882
vt 0.016786 0.873247
vt 0.143762 0.007463
vt 0.151790 0.003607
vt 0.155716 0.013325
vt 0.263075 0.927924
vt 0.982107 0.106474
vt 0.984469 0.099203
vt 0.990380 0.106231
vt 0.059926 0.476025
vt 0.835952 0.846947
vt 0.010055 0.873114
vt 0.410842 0.669174
vt 0.038589 0.925783
vt 0.444637 0.089825
vt 0.444544 0.105129
vt 0.977057 0.304148
vt 0.974649 0.302489
vt 0.627215 0.108756
vt 0.000004 0.160274
vt 0.000004 0.132057
vt 0.001490 0.138202
vt 0.339363 0.703127
vt 0.537772 0.807416
vt 0.535921 0.817953
vt 0.323875 0.159310
vt 0.541956 0.826282
vt 0.726180 0.000583
vt 0.108541 0.869309
vt 0.816977 0.995990
vt 0.817636 0.999731
vt 0.814011 0.995725
vt 0.142546 0.004771
vt 0.604791 0.832439
vt 0.603019 0.840733
vt 0.406237 0.072144
vt 0.094065 0.979776
vt 0.104054 0.993524
vt 0.081703 0.994328
vt 0.396884 0.962270
vt 0.400249 0.056189
vt 0.391096 0.073972
vt 0.201151 0.999972
vt 0.269901 0.864499
vt 0.277289 0.883276
vt 0.296980 0.163008
vt 0.392186 0.959440
vt 0.990503 0.102000
vt 0.773767 0.803244
vt 0.146415 0.507154
vt 0.162046 0.489926
vt 0.613747 0.121690
vt 0.812842 0.999793
vt 0.121349 0.504197
vt 0.087992 0.518410
vt 0.108776 0.502663
vt 0.970263 0.296598
vt 0.968098 0.287886
vt 0.170682 0.360715
vt 0.362537 0.164649
vt 0.323559 0.170266
vt 0.534681 0.204214
vt 0.485763 0.204250
vt 0.784389 0.811047
vt 0.466512 0.816784
vt 0.991988 0.419336
vt 0.146096 0.488279
vt 0.735048 0.027494
vt 0.620759 0.156997
vt 0.203622 0.997539
vt 0.012819 0.714822
vt 0.037774 0.709343
vt 0.038794 0.717507
vt 0.801531 0.830085
vt 0.550123 0.853727
vt 0.925195 0.809611
vt 0.963845 0.289042
vt 0.322640 0.998416
vt 0.312320 0.998416
vt 0.322604 0.996106
vt 0.818574 0.996504
vt 0.821748 0.996058
vt 0.818279 0.999959
vt 0.822657 0.998446
vt 0.387291 0.776931
vt 0.061333 0.017666
vt 0.648912 0.999947
vt 0.647490 0.995571
vt 0.660279 0.995651
vt 0.375629 0.999974
vt 0.367196 0.996042
vt 0.378322 0.996243
vt 0.993384 0.424198
vt 0.912963 0.806216
vt 0.542403 0.850715
vt 0.499030 0.353052
vt 0.630582 0.093411
vt 0.616594 0.153782
vt 0.107723 0.525073
vt 0.968682 0.297808
vt 0.756691 0.791206
vt 0.469940 0.809085
vt 0.430182 0.073955
vt 0.424181 0.777299
vt 0.002022 0.479313
vt 0.003954 0.468355
vt 0.003848 0.489315
vt 0.362255 0.996543
vt 0.372805 0.999971
vt 0.362568 0.999734
vt 0.575880 0.127900
vt 0.598708 0.145181
vt 0.589266 0.154273
vt 0.253726 0.920659
vt 0.274622 0.923234
vt 0.302483 0.913425
vt 0.360859 0.345532
vt 0.338890 0.199156
vt 0.405530 0.152438
vt 0.429104 0.195558
vt 0.308125 0.743634
vt 0.305553 0.750386
vt 0.301540 0.748084
vt 0.591893 0.826247
vt 0.956788 0.294235
vt 0.479325 0.814406
vt 0.617505 0.172125
vt 0.459351 0.835994
vt 0.263379 0.905780
vt 0.039804 0.703466
vt 0.028742 0.691464
vt 0.042815 0.697367
vt 0.311943 0.913597
vt 0.334931 0.927619
vt 0.209810 0.901405
vt 0.029132 0.911933
vt 0.034478 0.922625
vt 0.672795 0.854900
vt 0.448281 0.844533
vt 0.000073 0.108266
vt 0.000073 0.081340
vt 0.005903 0.108401
vt 0.531225 0.859086
vt 0.403692 0.471176
vt 0.389522 0.495351
vt 0.180593 0.489849
vt 0.061053 0.490712
vt 0.252145 0.886341
vt 0.532733 0.830967
vt 0.267300 0.918134
vt 0.302162 0.172530
vt 0.467521 0.828497
vt 0.195402 0.016462
vt 0.228118 0.015131
vt 0.227968 0.021488
vt 0.948659 0.793620
vt 0.792061 0.826651
vt 0.528856 0.809703
vt 0.201514 0.481298
vt 0.788421 0.819173
vt 0.653743 0.523281
vt 0.657894 0.515027
vt 0.666145 0.557564
vt 0.485364 0.128947
vt 0.480686 0.132639
vt 0.465413 0.112596
vt 0.244782 0.894954
vt 0.407638 0.978029
vt 0.393518 0.967613
vt 0.013137 0.710140
vt 0.379398 0.510609
vt 0.093840 0.527940
vt 0.903684 0.805759
vt 0.901515 0.799064
vt 0.067592 0.512296
vt 0.011558 0.731843
vt 0.005990 0.726473
vt 0.335258 0.416277
vt 0.092568 0.868839
vt 0.269211 0.891360
vt 0.290506 0.890103
vt 0.671145 0.520902
vt 0.675561 0.540959
vt 0.669715 0.548566
vt 0.082769 0.878612
vt 0.089674 0.870737
vt 0.806224 0.834836
vt 0.827472 0.843468
vt 0.716043 0.947544
vt 0.714774 0.962150
vt 0.382300 0.160395
vt 0.139104 0.007387
vt 0.527641 0.869742
vt 0.541009 0.871130
vt 0.476816 0.132917
vt 0.460360 0.116857
vt 0.150843 0.866981
vt 0.492383 0.323955
vt 0.428457 0.314389
vt 0.469613 0.298393
vt 0.486223 0.309916
vt 0.462374 0.840905
vt 0.477666 0.825526
vt 0.685542 0.532274
vt 0.173388 0.482852
vt 0.197655 0.468899
vt 0.389654 0.964151
vt 0.455431 0.856805
vt 0.443743 0.853463
vt 0.519979 0.305197
vt 0.529276 0.300508
vt 0.534044 0.314327
vt 0.290893 0.737849
vt 0.289543 0.896222
vt 0.018403 0.094562
vt 0.027376 0.122180
vt 0.011345 0.093161
vt 0.522613 0.831640
vt 0.288586 0.702828
vt 0.292591 0.696413
vt 0.298305 0.692870
vt 0.613089 0.152520
vt 0.066711 0.506126
vt 0.355852 0.185573
vt 0.771548 0.807507
vt 0.254870 0.913506
vt 0.448037 0.861842
vt 0.186302 0.465814
vt 0.571587 0.140720
vt 0.288383 0.911057
vt 0.261485 0.901559
vt 0.911142 0.816960
vt 0.564819 0.814143
vt 0.488207 0.818151
vt 0.617768 0.554396
vt 0.600147 0.545929
vt 0.620822 0.539796
vt 0.528011 0.843183
vt 0.006107 0.696239
vt 0.475208 0.837784
vt 0.283175 0.902475
vt 0.285506 0.743544
vt 0.521106 0.860583
vt 0.523019 0.854581
vt 0.026149 0.125962
vt 0.005492 0.112272
vt 0.370192 0.583046
vt 0.337654 0.550914
vt 0.359211 0.552758
vt 0.896257 0.805663
vt 0.640271 0.538859
vt 0.652798 0.551894
vt 0.613660 0.839381
vt 0.121880 0.841308
vt 0.511501 0.309081
vt 0.594297 0.134685
vt 0.038424 0.916103
vt 0.749642 0.778878
vt 0.272451 0.907527
vt 0.558482 0.546871
vt 0.597208 0.536271
vt 0.578912 0.557480
vt 0.297742 0.905678
vt 0.527109 0.231823
vt 0.593037 0.120582
vt 0.599704 0.115874
vt 0.610976 0.116257
vt 0.282813 0.722048
vt 0.292953 0.734146
vt 0.516638 0.869820
vt 0.410357 0.997904
vt 0.402936 0.996595
vt 0.414295 0.996120
vt 0.309676 0.910558
vt 0.294562 0.719090
vt 0.599379 0.557712
vt 0.511985 0.827404
vt 0.514486 0.818196
vt 0.467307 0.861190
vt 0.452606 0.124600
vt 0.463520 0.099036
vt 0.984573 0.254519
vt 0.982762 0.926976
vt 0.994330 0.926976
vt 0.990917 0.935075
vt 0.471512 0.853084
vt 0.614740 0.834342
vt 0.619837 0.842034
vt 0.506717 0.820154
vt 0.456594 0.873013
vt 0.266523 0.999805
vt 0.272779 0.998702
vt 0.275310 0.999646
vt 0.280304 0.906751
vt 0.642000 0.548617
vt 0.550626 0.303138
vt 0.299799 0.906562
vt 0.469313 0.870233
vt 0.474133 0.880348
vt 0.490373 0.831809
vt 0.615124 0.848972
vt 0.126723 0.595326
vt 0.139721 0.592976
vt 0.129668 0.610270
vt 0.493977 0.313399
vt 0.081622 0.539623
vt 0.075433 0.530235
vt 0.499005 0.876446
vt 0.480126 0.886837
vt 0.765385 0.805992
vt 0.308620 0.905394
vt 0.309335 0.181033
vt 0.605251 0.130568
vt 0.503441 0.313675
vt 0.384688 0.973751
vt 0.393897 0.470168
vt 0.894697 0.825735
vt 0.287514 0.691593
vt 0.020171 0.787906
vt 0.009638 0.801043
vt 0.007160 0.789403
vt 0.105861 0.840201
vt 0.513250 0.843149
vt 0.497116 0.821002
vt 0.455928 0.109099
vt 0.411253 0.999475
vt 0.400002 0.999475
vt 0.407297 0.998533
vt 0.503542 0.830842
vt 0.376642 0.966061
vt 0.485231 0.841993
vt 0.005932 0.050358
vt 0.005932 0.075140
vt 0.000542 0.073910
vt 0.000208 0.743541
vt 0.001302 0.749745
vt 0.000192 0.759945
vt 0.328918 0.579634
vt 0.348738 0.588897
vt 0.776820 0.819790
vt 0.484008 0.861085
vt 0.099672 0.017745
vt 0.099672 0.002674
vt 0.116962 0.003209
vt 0.940626 0.045988
vt 0.919627 0.045988
vt 0.941120 0.041396
vt 0.280257 0.730106
vt 0.462459 0.094785
vt 0.454952 0.100679
vt 0.455742 0.089868
vt 0.926591 0.819317
vt 0.507420 0.849802
vt 0.495690 0.842211
vt 0.427894 0.344350
vt 0.432303 0.332237
vt 0.455526 0.348706
vt 0.786700 0.424456
vt 0.787639 0.419866
vt 0.793311 0.425430
vt 0.020879 0.778473
vt 0.470211 0.134524
vt 0.927615 0.839112
vt 0.137574 0.610906
vt 0.507312 0.333280
vt 0.893473 0.816890
vt 0.366450 0.482419
vt 0.372270 0.469864
vt 0.897994 0.830484
vt 0.795723 0.414875
vt 0.807461 0.441398
vt 0.537243 0.988814
vt 0.534427 0.984791
vt 0.575135 0.986272
vt 0.358080 0.501246
vt 0.748486 0.796451
vt 0.280262 0.906528
vt 0.611565 0.828379
vt 0.743507 0.780613
vt 0.026207 0.797719
vt 0.365324 0.971953
vt 0.380209 0.977066
vt 0.913174 0.038864
vt 0.902772 0.047200
vt 0.547169 0.000048
vt 0.547169 0.016387
vt 0.526536 0.002482
vt 0.893770 0.046806
vt 0.890833 0.038374
vt 0.900121 0.046677
vt 0.151514 0.605084
vt 0.156750 0.622978
vt 0.341054 0.013556
vt 0.368308 0.032851
vt 0.342980 0.034150
vt 0.922477 0.034569
vt 0.913932 0.831924
vt 0.568862 0.810902
vt 0.625085 0.575585
vt 0.316408 0.052181
vt 0.315987 0.044329
vt 0.323889 0.038694
vt 0.001714 0.532890
vt 0.001078 0.518518
vt 0.002541 0.523441
vt 0.729715 0.764535
vt 0.899005 0.030142
vt 0.618526 0.827946
vt 0.624951 0.837868
vt 0.392344 0.336227
vt 0.416167 0.328609
vt 0.495129 0.235938
vt 0.000038 0.535884
vt 0.891428 0.030227
vt 0.770234 0.813730
vt 0.782274 0.824810
vt 0.606855 0.574912
vt 0.903641 0.837099
vt 0.273032 0.749495
vt 0.567024 0.581180
vt 0.818605 0.442159
vt 0.138635 0.580731
vt 0.978321 0.518287
vt 0.979599 0.510597
vt 0.984448 0.514750
vt 0.799866 0.838984
vt 0.595413 0.818916
vt 0.560507 0.057998
vt 0.566983 0.071888
vt 0.561710 0.086922
vt 0.766817 0.409239
vt 0.175745 0.608379
vt 0.963058 0.341081
vt 0.957497 0.328943
vt 0.962945 0.311049
vt 0.447425 0.117463
vt 0.791025 0.067476
vt 0.791216 0.082733
vt 0.779917 0.080316
vt 0.912221 0.026223
vt 0.637311 0.849418
vt 0.408434 0.366712
vt 0.946064 0.330039
vt 0.951418 0.307682
vt 0.952381 0.332505
vt 0.987106 0.510966
vt 0.238386 0.045793
vt 0.245783 0.010386
vt 0.338262 0.038571
vt 0.801974 0.398641
vt 0.966411 0.309333
vt 0.980346 0.308637
vt 0.388300 0.321942
vt 0.358280 0.366948
vt 0.827097 0.426341
vt 0.674318 0.550568
vt 0.659343 0.566074
vt 0.886987 0.031916
vt 0.806693 0.405294
vt 0.351745 0.369484
vt 0.362014 0.976578
vt 0.277933 0.715468
vt 0.440201 0.111628
vt 0.755684 0.399744
vt 0.774680 0.392325
vt 0.895391 0.833219
vt 0.823380 0.421064
vt 0.567127 0.157781
vt 0.553572 0.137065
vt 0.317049 0.038013
vt 0.509359 0.240853
vt 0.665591 0.567385
vt 0.002062 0.328746
vt 0.004910 0.336568
vt 0.003360 0.353027
vt 0.255101 0.017697
vt 0.256932 0.002223
vt 0.266949 0.002923
vt 0.269799 0.006703
vt 0.074018 0.896461
vt 0.061446 0.898154
vt 0.047278 0.896915
vt 0.000232 0.444699
vt 0.000232 0.422831
vt 0.002258 0.430068
vt 0.890655 0.014797
vt 0.623077 0.584868
vt 0.985275 0.417259
vt 0.984211 0.412647
vt 0.989442 0.414040
vt 0.984996 0.438931
vt 0.988664 0.439034
vt 0.991421 0.449324
vt 0.788826 0.837526
vt 0.896667 0.841312
vt 0.002950 0.538753
vt 0.641742 0.844388
vt 0.001353 0.643824
vt 0.000142 0.650692
vt 0.000643 0.632674
vt 0.285288 0.764509
vt 0.268536 0.764228
vt 0.909219 0.844936
vt 0.989835 0.417726
vt 0.484066 0.146686
vt 0.987458 0.411457
vt 0.370884 0.324645
vt 0.357800 0.971769
vt 0.659648 0.573429
vt 0.346009 0.492577
vt 0.359270 0.475798
vt 0.401090 0.146516
vt 0.145490 0.584872
vt 0.941958 0.299997
vt 0.812174 0.981798
vt 0.815415 0.985039
vt 0.810680 0.986115
vt 0.808841 0.404194
vt 0.810586 0.407613
vt 0.000745 0.626264
vt 0.002605 0.623044
vt 0.002741 0.641398
vt 0.692052 0.169745
vt 0.901972 0.013059
vt 0.477655 0.343540
vt 0.019607 0.905900
vt 0.762016 0.814323
vt 0.746728 0.587804
vt 0.729263 0.602867
vt 0.732125 0.590642
vt 0.442463 0.372803
vt 0.274693 0.698420
vt 0.796909 0.981811
vt 0.799364 0.985766
vt 0.500739 0.246542
vt 0.779648 0.831944
vt 0.984675 0.451507
vt 0.992881 0.416567
vt 0.602756 0.817577
vt 0.675139 0.555798
vt 0.759119 0.104410
vt 0.772674 0.110720
vt 0.765699 0.112101
vt 0.406658 0.993822
vt 0.394977 0.989153
vt 0.399398 0.985760
vt 0.634571 0.835529
vt 0.797671 0.990314
vt 0.919873 0.416740
vt 0.896665 0.405534
vt 0.919830 0.407031
vt 0.970114 0.302162
vt 0.966902 0.302556
vt 0.960955 0.298967
vt 0.150631 0.971894
vt 0.146858 0.979865
vt 0.144091 0.977381
vt 0.227486 0.999147
vt 0.220721 0.999461
vt 0.224991 0.997053
vt 0.368032 0.452940
vt 0.360769 0.468434
vt 0.263780 0.738613
vt 0.881292 0.026198
vt 0.672182 0.558020
vt 0.988257 0.516120
vt 0.220727 0.997222
vt 0.644965 0.838416
vt 0.650736 0.843844
vt 0.635518 0.582543
vt 0.936742 0.306296
vt 0.922045 0.276825
vt 0.934045 0.286610
vt 0.817632 0.987427
vt 0.812665 0.989646
vt 0.882953 0.014013
vt 0.898493 0.846729
vt 0.811353 0.402827
vt 0.411796 0.988799
vt 0.994110 0.175354
vt 0.994793 0.179347
vt 0.987342 0.187622
vt 0.021109 0.808679
vt 0.007496 0.807427
vt 0.735799 0.783472
vt 0.357543 0.454981
vt 0.982797 0.174927
vt 0.240219 0.005549
vt 0.561343 0.133355
vt 0.576963 0.805225
vt 0.860863 0.989994
vt 0.857743 0.994450
vt 0.855770 0.984899
vt 0.855955 0.993103
vt 0.151603 0.983497
vt 0.152651 0.955248
vt 0.873257 0.413616
vt 0.891922 0.387039
vt 0.668375 0.573105
vt 0.674729 0.571224
vt 0.676425 0.595733
vt 0.925275 0.352062
vt 0.897276 0.357319
vt 0.146255 0.973991
vt 0.148973 0.960784
vt 0.750674 0.382133
vt 0.730739 0.790274
vt 0.509080 0.253416
vt 0.313984 0.029830
vt 0.278342 0.684625
vt 0.927280 0.446494
vt 0.874376 0.438352
vt 0.760140 0.822590
vt 0.995418 0.170450
vt 0.983964 0.174171
vt 0.983665 0.165470
vt 0.773284 0.827211
vt 0.593874 0.108868
vt 0.604090 0.592731
vt 0.425635 0.373136
vt 0.784314 0.378813
vt 0.663103 0.579480
vt 0.896640 0.850671
vt 0.902186 0.858397
vt 0.473601 0.206734
vt 0.470117 0.216462
vt 0.877107 0.013264
vt 0.725424 0.561926
vt 0.764944 0.375420
vt 0.945177 0.282832
vt 0.315466 0.023344
vt 0.639762 0.593386
vt 0.632447 0.825032
vt 0.624861 0.601514
vt 0.772643 0.145570
vt 0.762739 0.138529
vt 0.974993 0.142958
vt 0.987023 0.135881
vt 0.986025 0.141263
vt 0.819948 0.405253
vt 0.259255 0.756663
vt 0.856729 0.979654
vt 0.935571 0.275951
vt 0.308844 0.033321
vt 0.169716 0.594084
vt 0.603693 0.106882
vt 0.325490 0.493918
vt 0.339314 0.485130
vt 0.003576 0.174504
vt 0.004393 0.179136
vt 0.003738 0.200994
vt 0.954466 0.294396
vt 0.583017 0.107152
vt 0.655611 0.588269
vt 0.951353 0.110285
vt 0.975910 0.116865
vt 0.943413 0.117803
vt 0.565906 0.121228
vt 0.660265 0.846117
vt 0.654634 0.840410
vt 0.806685 0.370885
vt 0.816865 0.372572
vt 0.143664 0.960294
vt 0.062967 0.910810
vt 0.174601 0.571715
vt 0.481347 0.223240
vt 0.207914 0.996200
vt 0.213899 0.996200
vt 0.209913 0.999816
vt 0.982190 0.152389
vt 0.991798 0.511303
vt 0.177392 0.597302
vt 0.793718 0.999936
vt 0.790555 0.995582
vt 0.797094 0.996525
vt 0.004941 0.557306
vt 0.000039 0.560739
vt 0.000084 0.540855
vt 0.989265 0.147941
vt 0.261252 0.704526
vt 0.615747 0.822634
vt 0.658212 0.594394
vt 0.357204 0.445154
vt 0.344602 0.456667
vt 0.349841 0.463512
vt 0.504261 0.262688
vt 0.500518 0.267677
vt 0.473556 0.237843
vt 0.914103 0.342326
vt 0.129617 0.558998
vt 0.149459 0.565959
vt 0.005659 0.866898
vt 0.007991 0.855711
vt 0.013722 0.859112
vt 0.711249 0.191812
vt 0.722309 0.200456
vt 0.710260 0.221215
vt 0.318543 0.065289
vt 0.317580 0.084822
vt 0.286377 0.075020
vt 0.260720 0.722849
vt 0.706497 0.214552
vt 0.966603 0.131006
vt 0.779114 0.359233
vt 0.002214 0.864618
vt 0.651971 0.836847
vt 0.788009 0.191773
vt 0.786607 0.196047
vt 0.774860 0.199525
vt 0.728294 0.781037
vt 0.503082 0.267110
vt 0.500473 0.275558
vt 0.329739 0.074247
vt 0.692882 0.217651
vt 0.722083 0.213840
vt 0.669572 0.593623
vt 0.731577 0.198201
vt 0.729662 0.208029
vt 0.643408 0.603757
vt 0.642070 0.832251
vt 0.612714 0.813049
vt 0.332376 0.094049
vt 0.315444 0.104871
vt 0.023133 0.880014
vt 0.063520 0.880014
vt 0.047708 0.889906
vt 0.494844 0.263747
vt 0.286627 0.095221
vt 0.992915 0.119108
vt 0.300997 0.105813
vt 0.720915 0.225181
vt 0.700004 0.231588
vt 0.981539 0.004634
vt 0.976945 0.011500
vt 0.972740 0.003648
vt 0.075503 0.351794
vt 0.082326 0.347650
vt 0.077348 0.358297
vt 0.766913 0.208387
vt 0.755656 0.817675
vt 0.741451 0.201917
vt 0.067291 0.365400
vt 0.341967 0.083928
vt 0.076451 0.334342
vt 0.004765 0.543849
vt 0.003203 0.548143
vt 0.004554 0.528052
vt 0.354936 0.101957
vt 0.656565 0.395859
vt 0.657350 0.424781
vt 0.650644 0.402546
vt 0.311058 0.026103
vt 0.270484 0.096128
vt 0.270064 0.091971
vt 0.494731 0.276635
vt 0.083511 0.340555
vt 0.985815 0.160703
vt 0.687611 0.392873
vt 0.658039 0.389525
vt 0.341048 0.468265
vt 0.766156 0.351963
vt 0.543413 0.127771
vt 0.528189 0.141805
vt 0.739510 0.099425
vt 0.083763 0.382835
vt 0.080803 0.389365
vt 0.012360 0.943766
vt 0.016820 0.957493
vt 0.005092 0.957628
vt 0.348202 0.441980
vt 0.003248 0.597971
vt 0.002230 0.586325
vt 0.003216 0.579320
vt 0.662171 0.431844
vt 0.652401 0.430592
vt 0.705806 0.238011
vt 0.695088 0.238739
vt 0.684382 0.420780
vt 0.982736 0.174218
vt 0.692094 0.430604
vt 0.501241 0.288349
vt 0.553472 0.116427
vt 0.066512 0.392985
vt 0.683894 0.608104
vt 0.751149 0.118758
vt 0.667385 0.848157
vt 0.674518 0.830248
vt 0.443313 0.385595
vt 0.756442 0.226603
vt 0.676655 0.613160
vt 0.976098 0.023749
vt 0.941905 0.012972
vt 0.744543 0.814155
vt 0.078885 0.396949
vt 0.347305 0.108623
vt 0.093758 0.399631
vt 0.108532 0.418646
vt 0.292801 0.122460
vt 0.714910 0.999092
vt 0.705409 0.999759
vt 0.708783 0.995554
vt 0.688010 0.442964
vt 0.666568 0.615110
vt 0.239396 0.000616
vt 0.248407 0.001404
vt 0.216733 0.002372
vt 0.797157 0.215092
vt 0.787689 0.220733
vt 0.731803 0.235612
vt 0.258302 0.777609
vt 0.267235 0.777283
vt 0.310894 0.021164
vt 0.057803 0.370552
vt 0.889389 0.038973
vt 0.867412 0.053496
vt 0.883587 0.030606
vt 0.744381 0.358179
vt 0.701131 0.415988
vt 0.985707 0.034934
vt 0.991407 0.033035
vt 0.523544 0.138563
vt 0.624758 0.818011
vt 0.061417 0.113190
vt 0.077004 0.116969
vt 0.058672 0.123979
vt 0.301513 0.021085
vt 0.890797 0.422942
vt 0.001165 0.507230
vt 0.001165 0.486296
vt 0.004313 0.493442
vt 0.758084 0.216095
vt 0.140243 0.549984
vt 0.060862 0.402345
vt 0.056718 0.398204
vt 0.265817 0.787033
vt 0.257493 0.761333
vt 0.698235 0.446134
vt 0.944067 0.004355
vt 0.400500 0.379925
vt 0.354494 0.021680
vt 0.346203 0.013792
vt 0.354483 0.003924
vt 0.330857 0.458170
vt 0.654482 0.380305
vt 0.679164 0.374632
vt 0.768876 0.225188
vt 0.971190 0.038498
vt 0.259227 0.678551
vt 0.712275 0.999964
vt 0.949325 0.129522
vt 0.090422 0.416876
vt 0.245168 0.745150
vt 0.045850 0.405053
vt 0.247245 0.760631
vt 0.745369 0.248243
vt 0.881959 0.379140
vt 0.766666 0.004988
vt 0.774605 0.000027
vt 0.781641 0.009435
vt 0.478228 0.252585
vt 0.477436 0.265114
vt 0.739163 0.087613
vt 0.045800 0.132049
vt 0.067821 0.135789
vt 0.061881 0.136341
vt 0.164015 0.559531
vt 0.596084 0.602921
vt 0.339581 0.449796
vt 0.337720 0.454555
vt 0.394607 0.375303
vt 0.699085 0.434439
vt 0.935147 0.006636
vt 0.940873 0.028682
vt 0.072571 0.405146
vt 0.349314 0.001228
vt 0.323889 0.467040
vt 0.742284 0.410115
vt 0.252805 0.000522
vt 0.764246 0.232721
vt 0.870645 0.061888
vt 0.688261 0.381039
vt 0.496527 0.297530
vt 0.168271 0.568749
vt 0.440933 0.663872
vt 0.453750 0.665673
vt 0.430235 0.674922
vt 0.664753 0.367475
vt 0.660309 0.364247
vt 0.482757 0.666249
vt 0.462851 0.689455
vt 0.142262 0.531648
vt 0.151493 0.545602
vt 0.853274 0.033350
vt 0.859489 0.021660
vt 0.372101 0.374639
vt 0.285308 0.776723
vt 0.303959 0.773681
vt 0.314399 0.778586
vt 0.295766 0.781777
vt 0.269437 0.781119
vt 0.700622 0.462134
vt 0.876230 0.356091
vt 0.881364 0.338866
vt 0.041112 0.128354
vt 0.679360 0.366674
vt 0.934566 0.024361
vt 0.926920 0.027674
vt 0.685055 0.848694
vt 0.679356 0.846547
vt 0.684306 0.841795
vt 0.250980 0.722495
vt 0.677403 0.637235
vt 0.331719 0.449171
vt 0.759955 0.242345
vt 0.754793 0.259920
vt 0.744116 0.146170
vt 0.429612 0.691073
vt 0.380073 0.322094
vt 0.049642 0.135356
vt 0.596010 0.806675
vt 0.126579 0.529566
vt 0.419863 0.676196
vt 0.041273 0.136789
vt 0.955697 0.044160
vt 0.584793 0.793185
vt 0.450482 0.688660
vt 0.228983 0.161904
vt 0.210535 0.181820
vt 0.219984 0.162836
vt 0.742624 0.338175
vt 0.485867 0.274292
vt 0.674651 0.449883
vt 0.218743 0.176701
vt 0.944292 0.039145
vt 0.307400 0.786578
vt 0.264687 0.789717
vt 0.431905 0.999814
vt 0.437514 0.997198
vt 0.443593 0.999536
vt 0.677457 0.351039
vt 0.325689 0.456995
vt 0.325272 0.450219
vt 0.534956 0.122526
vt 0.461805 0.228939
vt 0.009390 0.933912
vt 0.011722 0.941088
vt 0.003219 0.938909
vt 0.931955 0.036760
vt 0.721341 0.796667
vt 0.942842 0.121458
vt 0.607834 0.807037
vt 0.655599 0.353650
vt 0.665801 0.351929
vt 0.925911 0.886283
vt 0.914779 0.922304
vt 0.896801 0.903507
vt 0.696372 0.370942
vt 0.305512 0.752813
vt 0.341354 0.692350
vt 0.859878 0.070580
vt 0.712695 0.631034
vt 0.730808 0.651255
vt 0.713498 0.642514
vt 0.497100 0.999617
vt 0.504297 0.996261
vt 0.510370 0.999755
vt 0.660427 0.821877
vt 0.029091 0.123796
vt 0.741236 0.377760
vt 0.241531 0.701756
vt 0.686747 0.733616
vt 0.687316 0.747828
vt 0.677782 0.745975
vt 0.922381 0.876604
vt 0.510538 0.140909
vt 0.524843 0.125654
vt 0.379575 0.398083
vt 0.450600 0.712967
vt 0.358819 0.853965
vt 0.506562 0.996075
vt 0.519832 0.996075
vt 0.517846 0.999442
vt 0.041015 0.131808
vt 0.159937 0.541319
vt 0.417188 0.696087
vt 0.949171 0.944199
vt 0.915738 0.935273
vt 0.692035 0.363804
vt 0.929065 0.867999
vt 0.920876 0.866789
vt 0.928482 0.859079
vt 0.034670 0.132630
vt 0.402903 0.686884
vt 0.548060 0.087239
vt 0.645934 0.819491
vt 0.408470 0.669047
vt 0.203209 0.178281
vt 0.658688 0.664462
vt 0.943344 0.960642
vt 0.929574 0.947728
vt 0.403722 0.659636
vt 0.392438 0.663501
vt 0.422202 0.702802
vt 0.900161 0.938784
vt 0.628355 0.640283
vt 0.895865 0.894240
vt 0.887256 0.920861
vt 0.002789 0.194827
vt 0.002789 0.221010
vt 0.001693 0.208410
vt 0.467081 0.291903
vt 0.406648 0.310958
vt 0.449449 0.280010
vt 0.733830 0.624327
vt 0.735838 0.635208
vt 0.720149 0.627149
vt 0.467996 0.896797
vt 0.472932 0.910360
vt 0.458346 0.905714
vt 0.947623 0.603003
vt 0.946432 0.605967
vt 0.941753 0.596039
vt 0.482107 0.297779
vt 0.403307 0.645974
vt 0.393945 0.635167
vt 0.392648 0.332630
vt 0.889320 0.939056
vt 0.194215 0.143927
vt 0.200854 0.166716
vt 0.194211 0.170321
vt 0.252795 0.777379
vt 0.256567 0.787661
vt 0.894189 0.879055
vt 0.919728 0.945913
vt 0.913974 0.948101
vt 0.637053 0.816157
vt 0.944585 0.584403
vt 0.841993 0.058257
vt 0.007712 0.415372
vt 0.011710 0.416443
vt 0.010077 0.465604
vt 0.428776 0.713298
vt 0.858032 0.380951
vt 0.202605 0.166790
vt 0.241344 0.693461
vt 0.868730 0.397200
vt 0.381429 0.659700
vt 0.465527 0.894711
vt 0.454017 0.894773
vt 0.475531 0.714434
vt 0.499463 0.671711
vt 0.755601 0.332846
vt 0.936822 0.573396
vt 0.947003 0.568619
vt 0.423210 0.408934
vt 0.453239 0.414251
vt 0.455964 0.928807
vt 0.379023 0.668106
vt 0.127662 0.119710
vt 0.092684 0.114366
vt 0.128947 0.111678
vt 0.185066 0.169186
vt 0.246697 0.784090
vt 0.239018 0.765967
vt 0.921546 0.019305
vt 0.924173 0.034202
vt 0.911823 0.022558
vt 0.702099 0.716049
vt 0.687993 0.711300
vt 0.702190 0.346377
vt 0.058610 0.104533
vt 0.380479 0.678022
vt 0.861088 0.937562
vt 0.169854 0.556258
vt 0.669249 0.347783
vt 0.664467 0.330246
vt 0.087373 0.100969
vt 0.085943 0.090817
vt 0.125448 0.079777
vt 0.118602 0.937110
vt 0.125268 0.948102
vt 0.111628 0.951438
vt 0.000115 0.414159
vt 0.000115 0.392116
vt 0.001379 0.399354
vt 0.864317 0.338864
vt 0.860327 0.350771
vt 0.893341 0.867821
vt 0.944976 0.542699
vt 0.953023 0.553051
vt 0.953165 0.546122
vt 0.099553 0.303889
vt 0.104248 0.317578
vt 0.092094 0.311692
vt 0.502299 0.001589
vt 0.508872 0.021817
vt 0.481168 0.010709
vt 0.335037 0.973567
vt 0.340117 0.978312
vt 0.335037 0.979886
vt 0.674781 0.734463
vt 0.179993 0.561846
vt 0.615989 0.805566
vt 0.678021 0.340842
vt 0.272087 0.487454
vt 0.249567 0.488147
vt 0.264401 0.475483
vt 0.977778 0.422464
vt 0.974374 0.423064
vt 0.982116 0.414854
vt 0.366991 0.666028
vt 0.212866 0.183082
vt 0.174002 0.550588
vt 0.791605 0.981883
vt 0.787406 0.991008
vt 0.771144 0.981620
vt 0.333481 0.993973
vt 0.982346 0.424290
vt 0.981975 0.421803
vt 0.683435 0.836362
vt 0.332692 0.972661
vt 0.982948 0.884046
vt 0.963209 0.881388
vt 0.960493 0.878673
vt 0.427150 0.899664
vt 0.429646 0.893139
vt 0.432677 0.908907
vt 0.447967 0.908504
vt 0.744215 0.327264
vt 0.022884 0.136313
vt 0.463125 0.941351
vt 0.469198 0.939332
vt 0.151829 0.526922
vt 0.968351 0.423756
vt 0.950817 0.883936
vt 0.959882 0.881730
vt 0.762706 0.536726
vt 0.256818 0.495348
vt 0.260904 0.500482
vt 0.665293 0.826757
vt 0.934901 0.535467
vt 0.528602 0.118343
vt 0.106749 0.929132
vt 0.093498 0.920980
vt 0.100588 0.915009
vt 0.111409 0.935559
vt 0.911437 0.019810
vt 0.912478 0.013381
vt 0.670335 0.744922
vt 0.775272 0.993480
vt 0.138921 0.115663
vt 0.364663 0.638164
vt 0.447615 0.922165
vt 0.747410 0.588804
vt 0.763950 0.581424
vt 0.765756 0.596248
vt 0.615677 0.794443
vt 0.287489 0.467955
vt 0.820871 0.021053
vt 0.827471 0.365655
vt 0.735162 0.305252
vt 0.779052 0.293870
vt 0.348644 0.661227
vt 0.041324 0.150840
vt 0.031999 0.142886
vt 0.040444 0.139468
vt 0.531963 0.111933
vt 0.108896 0.306755
vt 0.541588 0.102304
vt 0.926317 0.571065
vt 0.862514 0.400410
vt 0.214304 0.200870
vt 0.785385 0.540544
vt 0.807665 0.547268
vt 0.792796 0.559177
vt 0.716875 0.060374
vt 0.713241 0.050592
vt 0.719067 0.054169
vt 0.238118 0.718831
vt 0.292134 0.482634
vt 0.374472 0.389028
vt 0.669116 0.000560
vt 0.673550 0.005914
vt 0.627644 0.003894
vt 0.201835 0.189744
vt 0.352229 0.675036
vt 0.364733 0.682990
vt 0.179355 0.194033
vt 0.197135 0.192850
vt 0.053679 0.097479
vt 0.022178 0.100656
vt 0.053546 0.083532
vt 0.476376 0.254023
vt 0.677859 0.327388
vt 0.703387 0.337105
vt 0.278797 0.493525
vt 0.423409 0.000667
vt 0.434270 0.003333
vt 0.432831 0.008702
vt 0.715381 0.046645
vt 0.088423 0.906165
vt 0.681435 0.676706
vt 0.137527 0.122881
vt 0.777624 0.552259
vt 0.785188 0.420351
vt 0.791200 0.528744
vt 0.917541 0.009822
vt 0.923217 0.013130
vt 0.775726 0.576336
vt 0.772441 0.551186
vt 0.456394 0.956735
vt 0.456973 0.954428
vt 0.475561 0.949602
vt 0.468052 0.954852
vt 0.451451 0.972158
vt 0.137049 0.988897
vt 0.138445 0.975616
vt 0.151796 0.985330
vt 0.093597 0.933701
vt 0.740495 0.605291
vt 0.748903 0.606540
vt 0.734096 0.614474
vt 0.439476 0.424246
vt 0.142717 0.994006
vt 0.116683 0.286609
vt 0.447723 0.970676
vt 0.442555 0.959263
vt 0.816288 0.036366
vt 0.360224 0.383988
vt 0.440287 0.010330
vt 0.952978 0.884275
vt 0.030192 0.152766
vt 0.027405 0.146863
vt 0.448846 0.972512
vt 0.446518 0.973989
vt 0.162789 0.114179
vt 0.014258 0.154017
vt 0.008477 0.150535
vt 0.020883 0.156696
vt 0.421849 0.921101
vt 0.109296 0.279345
vt 0.080249 0.145820
vt 0.078120 0.118474
vt 0.092280 0.112823
vt 0.421351 0.961201
vt 0.212315 0.209122
vt 0.227471 0.230550
vt 0.208524 0.212636
vt 0.394005 0.913080
vt 0.926963 0.536018
vt 0.680125 0.003870
vt 0.305970 0.479649
vt 0.432704 0.927926
vt 0.453988 0.976599
vt 0.343484 0.996207
vt 0.337176 0.997319
vt 0.332811 0.996508
vt 0.624464 0.811977
vt 0.675627 0.712359
vt 0.453076 0.946005
vt 0.440634 0.000128
vt 0.435830 0.950788
vt 0.002675 0.432880
vt 0.004807 0.435925
vt 0.002663 0.454570
vt 0.322644 0.441436
vt 0.740094 0.622688
vt 0.396698 0.419355
vt 0.062138 0.872451
vt 0.034646 0.875257
vt 0.045833 0.870301
vt 0.205748 0.204436
vt 0.184326 0.556214
vt 0.464260 0.944739
vt 0.000672 0.697679
vt 0.001525 0.687657
vt 0.004346 0.692433
vt 0.703381 0.050975
vt 0.707509 0.072921
vt 0.379159 0.929426
vt 0.384940 0.917541
vt 0.393498 0.928062
vt 0.020392 0.166346
vt 0.168225 0.202224
vt 0.436422 0.979564
vt 0.003075 0.566162
vt 0.003075 0.578459
vt 0.001631 0.565490
vt 0.135784 0.279926
vt 0.124488 0.284700
vt 0.117757 0.280088
vt 0.120201 0.961942
vt 0.104530 0.956033
vt 0.751990 0.629393
vt 0.186119 0.564513
vt 0.025028 0.866677
vt 0.166296 0.107198
vt 0.746428 0.598151
vt 0.407047 0.942582
vt 0.442575 0.997966
vt 0.447653 0.997135
vt 0.448292 0.998892
vt 0.709929 0.151390
vt 0.753479 0.147446
vt 0.751521 0.196870
vt 0.791135 0.998426
vt 0.785559 0.998426
vt 0.788571 0.995598
vt 0.440846 0.996626
vt 0.685956 0.544176
vt 0.705437 0.522860
vt 0.664707 0.988681
vt 0.663923 0.992417
vt 0.652401 0.988224
vt 0.296886 0.495667
vt 0.279497 0.511822
vt 0.265499 0.511353
vt 0.759356 0.566827
vt 0.328057 0.058867
vt 0.329377 0.041346
vt 0.345080 0.041784
vt 0.740035 0.336583
vt 0.622768 0.802339
vt 0.167930 0.244022
vt 0.171716 0.206459
vt 0.916405 0.922143
vt 0.921648 0.915998
vt 0.951786 0.923589
vt 0.949663 0.905392
vt 0.970404 0.221553
vt 0.938958 0.221553
vt 0.942432 0.217192
vt 0.833677 0.367950
vt 0.032364 0.160416
vt 0.022764 0.167621
vt 0.420935 0.945318
vt 0.284089 0.510839
vt 0.183053 0.116813
vt 0.183009 0.111961
vt 0.190297 0.122345
vt 0.656458 0.994346
vt 0.044275 0.863578
vt 0.759543 0.208131
vt 0.798124 0.182052
vt 0.287923 0.282986
vt 0.299326 0.240157
vt 0.292510 0.288738
vt 0.926957 0.905397
vt 0.245263 0.677407
vt 0.649536 0.992190
vt 0.588694 0.783647
vt 0.852754 0.387806
vt 0.452581 0.996850
vt 0.268621 0.523264
vt 0.261298 0.542130
vt 0.094598 0.939999
vt 0.082877 0.300344
vt 0.003453 0.277215
vt 0.001689 0.292306
vt 0.000652 0.287670
vt 0.232600 0.744357
vt 0.232533 0.187133
vt 0.229868 0.183216
vt 0.231328 0.173525
vt 0.070057 0.306444
vt 0.539959 0.094143
vt 0.968379 0.900012
vt 0.234512 0.173848
vt 0.966797 0.958487
vt 0.967158 0.930905
vt 0.061099 0.868809
vt 0.712416 0.043391
vt 0.960230 0.897724
vt 0.349902 0.048827
vt 0.967936 0.909983
vt 0.711669 0.040299
vt 0.687475 0.042808
vt 0.422605 0.423580
vt 0.401256 0.430564
vt 0.232185 0.161174
vt 0.242053 0.161615
vt 0.051291 0.860077
vt 0.971158 0.933140
vt 0.665629 0.999931
vt 0.658106 0.999040
vt 0.663409 0.996085
vt 0.039427 0.159711
vt 0.341649 0.068577
vt 0.313826 0.063568
vt 0.003847 0.559489
vt 0.072062 0.937657
vt 0.974958 0.897795
vt 0.366219 0.035659
vt 0.381204 0.024650
vt 0.377285 0.031990
vt 0.359676 0.050632
vt 0.352673 0.040124
vt 0.679672 0.090921
vt 0.659034 0.062969
vt 0.667506 0.062573
vt 0.258196 0.155667
vt 0.246841 0.158040
vt 0.255178 0.146561
vt 0.982998 0.951488
vt 0.228047 0.961543
vt 0.238661 0.935475
vt 0.233445 0.962201
vt 0.238019 0.149043
vt 0.079877 0.941932
vt 0.975305 0.526312
vt 0.961179 0.525161
vt 0.978513 0.510798
vt 0.205901 0.129991
vt 0.195814 0.130356
vt 0.099361 0.950240
vt 0.449511 0.427625
vt 0.429897 0.442564
vt 0.431715 0.435320
vt 0.963557 0.539369
vt 0.633627 0.807371
vt 0.103500 0.961788
vt 0.194138 0.558626
vt 0.708836 0.042242
vt 0.707476 0.082796
vt 0.676982 0.049565
vt 0.715018 0.182590
vt 0.667150 0.816426
vt 0.976551 0.538144
vt 0.004208 0.684859
vt 0.596984 0.090432
vt 0.982951 0.885637
vt 0.414703 0.015305
vt 0.409268 0.019253
vt 0.415822 0.004712
vt 0.021536 0.177261
vt 0.020033 0.861385
vt 0.046657 0.856509
vt 0.205341 0.135987
vt 0.680642 0.702861
vt 0.700382 0.150020
vt 0.372953 0.050590
vt 0.720171 0.318245
vt 0.355687 0.396664
vt 0.001723 0.680040
vt 0.001723 0.663087
vt 0.002261 0.670697
vt 0.222969 0.785746
vt 0.984630 0.531268
vt 0.991945 0.524984
vt 0.990085 0.531078
vt 0.203080 0.109940
vt 0.649459 0.987455
vt 0.676625 0.982665
vt 0.684206 0.987063
vt 0.145376 0.094132
vt 0.134419 0.107551
vt 0.644455 0.812604
vt 0.271265 0.141485
vt 0.979669 0.520525
vt 0.488739 0.996183
vt 0.501799 0.996183
vt 0.494605 0.996844
vt 0.654590 0.999215
vt 0.178685 0.122843
vt 0.848404 0.381748
vt 0.003826 0.681359
vt 0.466783 0.191953
vt 0.467303 0.209437
vt 0.446174 0.171625
vt 0.924220 0.006137
vt 0.380429 0.041290
vt 0.217537 0.139981
vt 0.023098 0.176113
vt 0.021602 0.079347
vt 0.374365 0.026635
vt 0.371425 0.029752
vt 0.373019 0.017002
vt 0.703840 0.040996
vt 0.248323 0.138608
vt 0.955158 0.541424
vt 0.000136 0.680807
vt 0.665146 0.731670
vt 0.278142 0.148438
vt 0.276980 0.139036
vt 0.775402 0.586205
vt 0.356635 0.077960
vt 0.214142 0.120443
vt 0.230887 0.720563
vt 0.214652 0.093689
vt 0.233824 0.712323
vt 0.843075 0.388295
vt 0.000744 0.279019
vt 0.240642 0.672044
vt 0.810692 0.895938
vt 0.824383 0.920821
vt 0.808388 0.926697
vt 0.709760 0.033206
vt 0.447191 0.157286
vt 0.234186 0.996654
vt 0.241411 0.996654
vt 0.238641 0.998366
vt 0.040943 0.008577
vt 0.044966 0.004109
vt 0.050193 0.022784
vt 0.210258 0.002383
vt 0.191792 0.000767
vt 0.221057 0.000605
vt 0.642821 0.804261
vt 0.226896 0.123081
vt 0.233785 0.144267
vt 0.748657 0.636846
vt 0.381041 0.021487
vt 0.408333 0.010545
vt 0.679310 0.826905
vt 0.469248 0.167493
vt 0.416511 0.441571
vt 0.809767 0.558706
vt 0.655251 0.799722
vt 0.238237 0.973582
vt 0.205304 0.968721
vt 0.373132 0.406135
vt 0.471967 0.201623
vt 0.086865 0.945837
vt 0.278416 0.122836
vt 0.227561 0.756364
vt 0.300977 0.299793
vt 0.327134 0.293261
vt 0.777629 0.868276
vt 0.795910 0.853662
vt 0.075710 0.099852
vt 0.205912 0.966089
vt 0.182216 0.114478
vt 0.226391 0.443509
vt 0.240769 0.404076
vt 0.251241 0.421225
vt 0.416950 0.154341
vt 0.809603 0.698958
vt 0.802528 0.691178
vt 0.812856 0.693580
vt 0.022088 0.187723
vt 0.720819 0.498346
vt 0.761911 0.503485
vt 0.763211 0.517358
vt 0.753717 0.494687
vt 0.768899 0.487056
vt 0.811527 0.854909
vt 0.284619 0.128396
vt 0.804704 0.572205
vt 0.324448 0.966626
vt 0.339096 0.942159
vt 0.363522 0.961292
vt 0.956540 0.579659
vt 0.949361 0.526285
vt 0.287059 0.241097
vt 0.082828 0.892142
vt 0.065241 0.909959
vt 0.449919 0.999354
vt 0.458344 0.997097
vt 0.461933 0.999916
vt 0.089032 0.955682
vt 0.633462 0.799215
vt 0.236860 0.098610
vt 0.388472 0.041541
vt 0.611755 0.999908
vt 0.613760 0.995610
vt 0.625296 0.999009
vt 0.219798 0.687693
vt 0.260465 0.114289
vt 0.239915 0.982354
vt 0.870847 0.020750
vt 0.844790 0.020750
vt 0.848377 0.000664
vt 0.404302 0.038848
vt 0.093424 0.273768
vt 0.107730 0.254240
vt 0.286613 0.120282
vt 0.384429 0.016623
vt 0.382102 0.008625
vt 0.743276 0.201644
vt 0.233098 0.452653
vt 0.655927 0.745873
vt 0.240915 0.119119
vt 0.002827 0.267455
vt 0.000033 0.273443
vt 0.329620 0.930526
vt 0.338142 0.935371
vt 0.491773 0.165012
vt 0.487126 0.158084
vt 0.224342 0.705166
vt 0.934616 0.533889
vt 0.737126 0.975337
vt 0.748539 0.975337
vt 0.718362 0.980232
vt 0.378099 0.420900
vt 0.769418 0.609336
vt 0.217886 0.777726
vt 0.367831 0.087402
vt 0.751762 0.472542
vt 0.770298 0.478554
vt 0.822327 0.893447
vt 0.210239 0.977651
vt 0.924376 0.510480
vt 0.268929 0.118915
vt 0.668418 0.704086
vt 0.750236 0.648113
vt 0.814804 0.689167
vt 0.376736 0.603759
vt 0.379859 0.603029
vt 0.383339 0.603962
vt 0.445919 0.143690
vt 0.091671 0.959733
vt 0.614487 0.787378
vt 0.424053 0.454397
vt 0.437214 0.444976
vt 0.429152 0.455892
vt 0.816999 0.701117
vt 0.076870 0.951979
vt 0.676239 0.816214
vt 0.759310 0.624931
vt 0.403757 0.023675
vt 0.400912 0.023250
vt 0.822065 0.854354
vt 0.833609 0.868706
vt 0.037007 0.845721
vt 0.872932 0.960571
vt 0.878927 0.970572
vt 0.865819 0.960125
vt 0.476261 0.151606
vt 0.074276 0.091680
vt 0.379649 0.610355
vt 0.050563 0.854303
vt 0.824010 0.709879
vt 0.726976 0.491934
vt 0.593106 0.781455
vt 0.589884 0.772804
vt 0.376294 0.600817
vt 0.725220 0.505983
vt 0.695966 0.039488
vt 0.820719 0.368544
vt 0.703374 0.034873
vt 0.211440 0.452060
vt 0.436975 0.150284
vt 0.418432 0.152279
vt 0.464170 0.142056
vt 0.641298 0.715731
vt 0.005080 0.993885
vt 0.005680 0.975239
vt 0.011613 0.984555
vt 0.280704 0.110111
vt 0.263008 0.434457
vt 0.304481 0.996096
vt 0.314543 0.996096
vt 0.311993 0.997429
vt 0.788382 0.584107
vt 0.510440 0.148322
vt 0.086327 0.264176
vt 0.251786 0.103175
vt 0.402860 0.012280
vt 0.267486 0.105558
vt 0.374064 0.009049
vt 0.272906 0.420114
vt 0.018869 0.992887
vt 0.240886 0.464318
vt 0.650116 0.699603
vt 0.443977 0.005507
vt 0.446276 0.008520
vt 0.443608 0.011700
vt 0.509533 0.142157
vt 0.001828 0.648515
vt 0.003828 0.651538
vt 0.003828 0.666226
vt 0.851629 0.993304
vt 0.845610 0.992242
vt 0.854420 0.990740
vt 0.000156 0.654393
vt 0.523830 0.728024
vt 0.533899 0.677073
vt 0.553041 0.674382
vt 0.223381 0.713534
vt 0.039914 0.214372
vt 0.039373 0.208192
vt 0.043492 0.214956
vt 0.664456 0.095441
vt 0.071584 0.951004
vt 0.202646 0.472316
vt 0.657900 0.081883
vt 0.207573 0.981949
vt 0.551891 0.713011
vt 0.360568 0.922318
vt 0.024800 0.985342
vt 0.392111 0.469393
vt 0.057553 0.302964
vt 0.073093 0.268698
vt 0.868533 0.939031
vt 0.240389 0.090756
vt 0.555931 0.763993
vt 0.543752 0.757907
vt 0.852511 0.978944
vt 0.045511 0.843402
vt 0.820801 0.682578
vt 0.808481 0.685597
vt 0.703024 0.510584
vt 0.739774 0.658318
vt 0.448465 0.025370
vt 0.812451 0.679397
vt 0.818816 0.372464
vt 0.256860 0.094995
vt 0.783818 0.595372
vt 0.879466 0.832154
vt 0.868789 0.837460
vt 0.871818 0.825793
vt 0.760174 0.613513
vt 0.668049 0.695401
vt 0.058995 0.938399
vt 0.844020 0.844317
vt 0.849145 0.838045
vt 0.852059 0.845839
vt 0.343109 0.293598
vt 0.377047 0.004113
vt 0.370630 0.004819
vt 0.511546 0.714344
vt 0.532596 0.764067
vt 0.041696 0.195351
vt 0.410231 0.146001
vt 0.354726 0.608090
vt 0.859320 0.921557
vt 0.451699 0.126220
vt 0.852357 0.864316
vt 0.834654 0.848704
vt 0.677918 0.689254
vt 0.442970 0.024734
vt 0.865977 0.947805
vt 0.298917 0.029640
vt 0.289999 0.021039
vt 0.300240 0.010798
vt 0.723292 0.973174
vt 0.757660 0.973174
vt 0.778700 0.976030
vt 0.449254 0.012887
vt 0.462756 0.002572
vt 0.464093 0.014447
vt 0.623380 0.789111
vt 0.075450 0.955856
vt 0.216667 0.742445
vt 0.828570 0.694458
vt 0.377235 0.006546
vt 0.452463 0.217218
vt 0.451931 0.225298
vt 0.436293 0.218110
vt 0.382759 0.620357
vt 0.007743 0.237025
vt 0.006603 0.205795
vt 0.047679 0.222590
vt 0.003263 0.458287
vt 0.001893 0.473939
vt 0.000721 0.452853
vt 0.212913 0.716026
vt 0.038716 0.839399
vt 0.332119 0.264067
vt 0.089040 0.972945
vt 0.045816 0.986990
vt 0.036458 0.955242
vt 0.062978 0.947153
vt 0.873864 0.856950
vt 0.832333 0.978808
vt 0.799011 0.591438
vt 0.075210 0.961645
vt 0.167206 0.353693
vt 0.136951 0.326564
vt 0.161678 0.337638
vt 0.394939 0.151293
vt 0.745844 0.261651
vt 0.741984 0.288395
vt 0.727543 0.266470
vt 0.296148 0.444696
vt 0.738707 0.485907
vt 0.635496 0.792255
vt 0.635988 0.776906
vt 0.384849 0.005652
vt 0.331531 0.433456
vt 0.220989 0.708095
vt 0.798074 0.523420
vt 0.029933 0.826934
vt 0.427183 0.165783
vt 0.024118 0.178435
vt 0.025283 0.174610
vt 0.860475 0.864064
vt 0.205825 0.770008
vt 0.753082 0.655756
vt 0.921139 0.731552
vt 0.908282 0.700538
vt 0.923068 0.659914
vt 0.981041 0.658402
vt 0.981305 0.671279
vt 0.960404 0.671279
vt 0.993779 0.670514
vt 0.000097 0.037729
vt 0.000097 0.017550
vt 0.005879 0.037635
vt 0.035017 0.161538
vt 0.848988 0.466319
vt 0.858124 0.441029
vt 0.865323 0.507979
vt 0.708282 0.292847
vt 0.022168 0.815475
vt 0.010084 0.809840
vt 0.024279 0.810090
vt 0.617317 0.983744
vt 0.593365 0.987992
vt 0.577404 0.982183
vt 0.057443 0.264497
vt 0.505136 0.695885
vt 0.154159 0.331372
vt 0.817593 0.678920
vt 0.638082 0.728388
vt 0.098417 0.007714
vt 0.094235 0.016683
vt 0.095103 0.005476
vt 0.920943 0.962865
vt 0.930511 0.964925
vt 0.934514 0.979864
vt 0.455588 0.025814
vt 0.792973 0.037186
vt 0.801760 0.024416
vt 0.802865 0.032691
vt 0.348452 0.599949
vt 0.010622 0.815658
vt 0.764810 0.645108
vt 0.887576 0.855934
vt 0.272880 0.463589
vt 0.256550 0.469415
vt 0.046579 0.835222
vt 0.748751 0.666929
vt 0.070431 0.957370
vt 0.086492 0.004490
vt 0.027134 0.166142
vt 0.404176 0.254740
vt 0.389072 0.257321
vt 0.375706 0.242645
vt 0.607712 0.001416
vt 0.616404 0.001218
vt 0.622725 0.006521
vt 0.045106 0.163471
vt 0.098563 0.017335
vt 0.848476 0.447792
vt 0.262095 0.475025
vt 0.257610 0.478892
vt 0.003300 0.228012
vt 0.000938 0.241408
vt 0.000684 0.215265
vt 0.988298 0.253797
vt 0.979331 0.253797
vt 0.985274 0.247697
vt 0.823212 0.679217
vt 0.198847 0.469884
vt 0.760107 0.636924
vt 0.873729 0.978735
vt 0.884354 0.974472
vt 0.883989 0.981484
vt 0.213947 0.705023
vt 0.852358 0.948142
vt 0.266447 0.473600
vt 0.580861 0.777521
vt 0.560082 0.781806
vt 0.566019 0.776128
vt 0.577042 0.789219
vt 0.450013 0.025443
vt 0.289402 0.002232
vt 0.790581 0.023644
vt 0.760850 0.977117
vt 0.773670 0.980839
vt 0.895678 0.903142
vt 0.000590 0.058731
vt 0.000590 0.038381
vt 0.005884 0.047702
vt 0.857621 0.430419
vt 0.787632 0.035501
vt 0.579687 0.989929
vt 0.858371 0.934397
vt 0.879924 0.946660
vt 0.880337 0.941026
vt 0.893565 0.948344
vt 0.396170 0.938196
vt 0.388348 0.963474
vt 0.040013 0.239883
vt 0.812135 0.025749
vt 0.816526 0.024151
vt 0.810465 0.029795
vt 0.869889 0.898568
vt 0.671350 0.802918
vt 0.862245 0.402113
vt 0.859316 0.421676
vt 0.849195 0.424021
vt 0.555999 0.775321
vt 0.683390 0.804996
vt 0.949943 0.977602
vt 0.831633 0.686077
vt 0.003975 0.750515
vt 0.003975 0.766915
vt 0.000507 0.762606
vt 0.083690 0.012806
vt 0.370474 0.006384
vt 0.369746 0.030769
vt 0.355622 0.014959
vt 0.815625 0.008552
vt 0.620617 0.001424
vt 0.004320 0.770131
vt 0.004320 0.786144
vt 0.001656 0.777973
vt 0.361431 0.003096
vt 0.622162 0.958217
vt 0.637102 0.958625
vt 0.626697 0.964398
vt 0.316718 0.236660
vt 0.766618 0.625804
vt 0.582079 0.795267
vt 0.576083 0.799517
vt 0.891121 0.939831
vt 0.657568 0.676095
vt 0.654279 0.683723
vt 0.579625 0.922349
vt 0.570340 0.921384
vt 0.574467 0.905981
vt 0.032147 0.841094
vt 0.012231 0.847565
vt 0.020718 0.820141
vt 0.085661 0.017265
vt 0.760854 0.652148
vt 0.820010 0.311789
vt 0.036638 0.828703
vt 0.355683 0.022332
vt 0.204049 0.747771
vt 0.636418 0.963064
vt 0.620550 0.775294
vt 0.848339 0.495361
vt 0.874159 0.922853
vt 0.827076 0.296802
vt 0.772965 0.258477
vt 0.344186 0.261647
vt 0.287796 0.461634
vt 0.890430 0.952379
vt 0.817897 0.000198
vt 0.823538 0.006921
vt 0.818157 0.017730
vt 0.474387 0.010587
vt 0.509442 0.023346
vt 0.460677 0.026266
vt 0.064892 0.258471
vt 0.702485 0.998935
vt 0.697424 0.996014
vt 0.706958 0.995587
vt 0.811429 0.012559
vt 0.979110 0.754491
vt 0.986030 0.754491
vt 0.984065 0.759951
vt 0.982742 0.680340
vt 0.990366 0.680340
vt 0.989386 0.687190
vt 0.072752 0.017921
vt 0.212602 0.787388
vt 0.948374 0.964502
vt 0.950539 0.970954
vt 0.559801 0.794090
vt 0.671608 0.031053
vt 0.910635 0.951019
vt 0.847921 0.420642
vt 0.731191 0.473254
vt 0.647599 0.789594
vt 0.841868 0.444762
vt 0.838258 0.450494
vt 0.838065 0.464387
vt 0.894873 0.963110
vt 0.645741 0.064390
vt 0.819541 0.676969
vt 0.836925 0.667436
vt 0.009686 0.817276
vt 0.206765 0.693697
vt 0.734973 0.001940
vt 0.727096 0.000551
vt 0.757466 0.001792
vt 0.855579 0.928848
vt 0.850884 0.930462
vt 0.847477 0.926839
vt 0.781144 0.010689
vt 0.226149 0.679316
vt 0.205987 0.671842
vt 0.893964 0.957467
vt 0.894729 0.725680
vt 0.206445 0.734307
vt 0.719765 0.483728
vt 0.058309 0.080066
vt 0.079729 0.252143
vt 0.238504 0.090884
vt 0.192919 0.094873
vt 0.150938 0.092902
vt 0.809677 0.002655
vt 0.207178 0.716789
vt 0.436010 0.197222
vt 0.433988 0.165246
vt 0.639954 0.960568
vt 0.567659 0.906022
vt 0.815251 0.595069
vt 0.835102 0.698564
vt 0.816260 0.669023
vt 0.777309 0.035227
vt 0.700484 0.502492
vt 0.363888 0.992356
vt 0.360678 0.977884
vt 0.364683 0.983259
vt 0.647066 0.744696
vt 0.353692 0.259243
vt 0.784294 0.619937
vt 0.798898 0.601035
vt 0.668802 0.518780
vt 0.660435 0.037930
vt 0.540570 0.783994
vt 0.500198 0.732035
vt 0.197851 0.777914
vt 0.491931 0.728081
vt 0.357751 0.633819
vt 0.778371 0.026327
vt 0.626428 0.012726
vt 0.897767 0.710346
vt 0.898255 0.698506
vt 0.608697 0.011619
vt 0.617265 0.012019
vt 0.625111 0.006207
vt 0.201805 0.741729
vt 0.486269 0.705624
vt 0.382848 0.977764
vt 0.829378 0.936443
vt 0.832166 0.966375
vt 0.841160 0.969760
vt 0.520295 0.783588
vt 0.624702 0.002154
vt 0.512141 0.745190
vt 0.895689 0.690072
vt 0.583346 0.977015
vt 0.618144 0.951733
vt 0.626315 0.980538
vt 0.092911 0.369452
vt 0.983156 0.000046
vt 0.988956 0.002223
vt 0.983156 0.003973
vt 0.622555 0.012518
vt 0.200469 0.788317
vt 0.960950 0.964542
vt 0.830937 0.659263
vt 0.835623 0.663090
vt 0.824996 0.658112
vt 0.682913 0.489202
vt 0.688163 0.478067
vt 0.932047 0.980171
vt 0.526836 0.791909
vt 0.900894 0.629006
vt 0.983665 0.448479
vt 0.983665 0.460329
vt 0.977310 0.446095
vt 0.181711 0.032354
vt 0.171376 0.033623
vt 0.181284 0.007712
vt 0.205215 0.710178
vt 0.372669 0.244776
vt 0.298501 0.597996
vt 0.279592 0.580658
vt 0.299679 0.558831
vt 0.436641 0.263278
vt 0.423838 0.257037
vt 0.431453 0.258016
vt 0.771226 0.633437
vt 0.172684 0.247693
vt 0.181623 0.244562
vt 0.170855 0.252694
vt 0.232114 0.997131
vt 0.235874 0.998885
vt 0.228767 0.998741
vt 0.847735 0.706851
vt 0.166330 0.245612
vt 0.018921 0.477520
vt 0.009465 0.474078
vt 0.018479 0.428855
vt 0.977786 0.461870
vt 0.626673 0.008836
vt 0.757361 0.677131
vt 0.773233 0.664150
vt 0.339192 0.585722
vt 0.322826 0.606826
vt 0.322733 0.581207
vt 0.275507 0.591662
vt 0.265772 0.567347
vt 0.347999 0.627340
vt 0.183694 0.248090
vt 0.058741 0.704655
vt 0.053672 0.700777
vt 0.055769 0.697537
vt 0.983861 0.439666
vt 0.978255 0.441640
vt 0.890484 0.663295
vt 0.890288 0.683686
vt 0.783335 0.627495
vt 0.982761 0.475935
vt 0.626850 0.008723
vt 0.650316 0.963584
vt 0.129236 0.399563
vt 0.118834 0.415096
vt 0.980252 0.438096
vt 0.983278 0.016389
vt 0.690398 0.466854
vt 0.825179 0.447234
vt 0.565109 0.890129
vt 0.502551 0.953056
vt 0.525470 0.939338
vt 0.524848 0.945596
vt 0.033948 0.262662
vt 0.043995 0.263110
vt 0.039714 0.268231
vt 0.645487 0.036911
vt 0.365655 0.244179
vt 0.270114 0.996260
vt 0.278691 0.996260
vt 0.272092 0.997266
vt 0.975472 0.971569
vt 0.058523 0.690253
vt 0.054024 0.676940
vt 0.066474 0.691464
vt 0.003315 0.714192
vt 0.003315 0.731027
vt 0.000171 0.718277
vt 0.055673 0.261907
vt 0.056491 0.266832
vt 0.827391 0.462068
vt 0.765952 0.999467
vt 0.766844 0.996549
vt 0.772395 0.996966
vt 0.809874 0.605777
vt 0.801995 0.613611
vt 0.383249 0.258559
vt 0.472627 0.996213
vt 0.485043 0.996213
vt 0.481067 0.997313
vt 0.550651 0.886051
vt 0.879308 0.987665
vt 0.875995 0.987714
vt 0.875884 0.985474
vt 0.876904 0.992050
vt 0.866278 0.986333
vt 0.329423 0.206736
vt 0.825000 0.950074
vt 0.048335 0.829273
vt 0.043943 0.259339
vt 0.032647 0.256978
vt 0.054001 0.710502
vt 0.984922 0.431370
vt 0.842708 0.340668
vt 0.650763 0.965957
vt 0.518660 0.788674
vt 0.331763 0.605955
vt 0.626835 0.010391
vt 0.822429 0.999770
vt 0.824506 0.999214
vt 0.825480 0.999791
vt 0.843575 0.725390
vt 0.972520 0.448846
vt 0.790327 0.669083
vt 0.651033 0.778644
vt 0.929290 0.009751
vt 0.934198 0.022914
vt 0.929058 0.025311
vt 0.375431 0.265572
vt 0.824044 0.935241
vt 0.814798 0.927570
vt 0.168422 0.998098
vt 0.170183 0.999332
vt 0.166470 0.999412
vt 0.831912 0.488440
vt 0.474366 0.717690
vt 0.508760 0.770222
vt 0.863626 0.986339
vt 0.867083 0.984698
vt 0.293304 0.996435
vt 0.283887 0.996435
vt 0.290554 0.996095
vt 0.619988 0.012529
vt 0.161879 0.246772
vt 0.157010 0.240741
vt 0.867449 0.992880
vt 0.970521 0.440923
vt 0.863153 0.987535
vt 0.862503 0.988632
vt 0.056354 0.259620
vt 0.102933 0.406270
vt 0.976495 0.428595
vt 0.830012 0.955444
vt 0.255412 0.998171
vt 0.255412 0.999339
vt 0.247576 0.998917
vt 0.578266 0.005327
vt 0.583911 0.013863
vt 0.580691 0.012789
vt 0.887218 0.681241
vt 0.874072 0.983253
vt 0.879256 0.982998
vt 0.901187 0.010731
vt 0.893782 0.013113
vt 0.897269 0.011330
vt 0.172607 0.997248
vt 0.168921 0.997441
vt 0.172712 0.996084
vt 0.926359 0.025040
vt 0.865490 0.991796
vt 0.158249 0.253087
vt 0.349936 0.206681
vt 0.317690 0.603836
vt 0.164069 0.997700
vt 0.166306 0.998427
vt 0.163873 0.998814
vt 0.984637 0.427456
vt 0.937897 0.980743
vt 0.941240 0.980153
vt 0.936036 0.983014
vt 0.589647 0.010146
vt 0.866994 0.982718
vt 0.969476 0.434867
vt 0.814285 0.307535
vt 0.356683 0.646094
vt 0.347119 0.640015
vt 0.894470 0.008724
vt 0.892985 0.000054
vt 0.895116 0.000037
vt 0.595877 0.000579
vt 0.597033 0.006348
vt 0.028972 0.206054
vt 0.670815 0.982177
vt 0.651869 0.985950
vt 0.639184 0.982551
vt 0.823588 0.653257
vt 0.840663 0.664951
vt 0.942103 0.981749
vt 0.560320 0.988418
vt 0.554110 0.990371
vt 0.553489 0.988666
vt 0.829318 0.472197
vt 0.861728 0.991136
vt 0.493103 0.765114
vt 0.772016 0.035100
vt 0.760827 0.029174
vt 0.844433 0.513226
vt 0.845732 0.670002
vt 0.777518 0.643954
vt 0.842042 0.426070
vt 0.882212 0.662620
vt 0.079943 0.674954
vt 0.935846 0.985280
vt 0.682664 0.504007
vt 0.048088 0.695536
vt 0.848497 0.679146
vt 0.537272 0.874959
vt 0.029567 0.250044
vt 0.898322 0.002231
vt 0.655605 0.963773
vt 0.658283 0.965809
vt 0.037817 0.733765
vt 0.025427 0.745319
vt 0.008996 0.744005
vt 0.826096 0.997950
vt 0.823821 0.997911
vt 0.822809 0.995576
vt 0.475259 0.729953
vt 0.862575 0.719099
vt 0.162550 0.257398
vt 0.496111 0.799726
vt 0.169592 0.649797
vt 0.180089 0.641086
vt 0.183390 0.649583
vt 0.081806 0.712336
vt 0.096775 0.714115
vt 0.092860 0.720077
vt 0.820163 0.463149
vt 0.945518 0.991879
vt 0.516576 0.963128
vt 0.498445 0.772939
vt 0.428556 0.238184
vt 0.441136 0.242685
vt 0.124432 0.325371
vt 0.849416 0.728483
vt 0.859532 0.727824
vt 0.862933 0.736276
vt 0.340193 0.207900
vt 0.168255 0.262989
vt 0.174438 0.262151
vt 0.927199 0.002577
vt 0.080801 0.367876
vt 0.427331 0.253486
vt 0.154787 0.624621
vt 0.162739 0.643082
vt 0.161531 0.648324
vt 0.083481 0.249401
vt 0.178005 0.658949
vt 0.168673 0.266811
vt 0.633025 0.033035
vt 0.569021 0.992781
vt 0.568602 0.987797
vt 0.970767 0.463400
vt 0.109855 0.320462
vt 0.092227 0.338870
vt 0.730950 0.974182
vt 0.710858 0.981495
vt 0.676420 0.975967
vt 0.525705 0.880823
vt 0.424314 0.265921
vt 0.163529 0.260960
vt 0.853871 0.703709
vt 0.628776 0.706072
vt 0.938793 0.994448
vt 0.775825 0.014184
vt 0.883901 0.973141
vt 0.867665 0.979050
vt 0.826259 0.976276
vt 0.698679 0.999193
vt 0.688771 0.996160
vt 0.697219 0.997108
vt 0.803169 0.443077
vt 0.813042 0.450690
vt 0.955090 0.989461
vt 0.477549 0.743999
vt 0.905877 0.006531
vt 0.031659 0.603021
vt 0.026760 0.606408
vt 0.021584 0.607321
vt 0.191713 0.668237
vt 0.971524 0.428048
vt 0.906445 0.015886
vt 0.463162 0.737896
vt 0.756612 0.019492
vt 0.663922 0.981503
vt 0.458970 0.716245
vt 0.901421 0.981707
vt 0.908344 0.986982
vt 0.903033 0.986387
vt 0.689072 0.999856
vt 0.928992 0.399273
vt 0.983857 0.401256
vt 0.936015 0.401829
vt 0.024386 0.609713
vt 0.622227 0.714487
vt 0.627405 0.741743
vt 0.783259 0.640703
vt 0.154015 0.262778
vt 0.497094 0.886954
vt 0.473662 0.924568
vt 0.477791 0.895380
vt 0.234913 0.990794
vt 0.221676 0.991952
vt 0.204330 0.990120
vt 0.910302 0.012210
vt 0.145319 0.232252
vt 0.149495 0.244485
vt 0.821499 0.944222
vt 0.953390 0.993998
vt 0.453622 0.730374
vt 0.080608 0.670793
vt 0.961337 0.669076
vt 0.977375 0.645665
vt 0.984900 0.652933
vt 0.770089 0.007378
vt 0.154112 0.252741
vt 0.150689 0.249677
vt 0.788330 0.661590
vt 0.669671 0.956745
vt 0.637497 0.769614
vt 0.601173 0.752564
vt 0.087044 0.339289
vt 0.090489 0.356388
vt 0.076036 0.656529
vt 0.069352 0.659876
vt 0.045931 0.686064
vt 0.720343 0.982687
vt 0.748289 0.987614
vt 0.715357 0.987931
vt 0.831725 0.319678
vt 0.841348 0.333452
vt 0.490765 0.794981
vt 0.660739 0.506339
vt 0.676212 0.496473
vt 0.347984 0.659313
vt 0.021272 0.615296
vt 0.044892 0.699002
vt 0.643670 0.682028
vt 0.984671 0.647435
vt 0.968265 0.424463
vt 0.161880 0.652187
vt 0.913194 0.989555
vt 0.173374 0.263750
vt 0.170163 0.267513
vt 0.488223 0.778866
vt 0.448168 0.721521
vt 0.164714 0.656342
vt 0.818340 0.942369
vt 0.909471 0.018389
vt 0.041087 0.690488
vt 0.006196 0.269021
vt 0.008601 0.255383
vt 0.032521 0.276150
vt 0.164670 0.263656
vt 0.253298 0.096453
vt 0.237727 0.088044
vt 0.237727 0.058280
vt 0.326441 0.646844
vt 0.421716 0.253855
vt 0.065100 0.798279
vt 0.071011 0.794974
vt 0.070062 0.804712
vt 0.066209 0.813215
vt 0.071338 0.824554
vt 0.051493 0.821079
vt 0.205947 0.666180
vt 0.201289 0.669252
vt 0.260296 0.582681
vt 0.266462 0.601668
vt 0.475171 0.767493
vt 0.074116 0.821331
vt 0.906422 0.992240
vt 0.032538 0.199360
vt 0.172159 0.273040
vt 0.177868 0.272546
vt 0.172516 0.275725
vt 0.849043 0.664428
vt 0.820476 0.487408
vt 0.006729 0.239815
vt 0.012600 0.239847
vt 0.151891 0.642710
vt 0.152922 0.649359
vt 0.021130 0.553031
vt 0.954104 0.253607
vt 0.959276 0.246912
vt 0.984738 0.237138
vt 0.184024 0.274371
vt 0.270699 0.997900
vt 0.264329 0.997228
vt 0.268855 0.997040
vt 0.334002 0.650523
vt 0.992348 0.646391
vt 0.040941 0.691512
vt 0.005845 0.012142
vt 0.005845 0.031683
vt 0.000131 0.013492
vt 0.033644 0.268323
vt 0.159649 0.265111
vt 0.165695 0.271647
vt 0.551019 0.953124
vt 0.820204 0.511010
vt 0.460056 0.755872
vt 0.287484 0.604354
vt 0.810296 0.039167
vt 0.813089 0.031494
vt 0.815700 0.050205
vt 0.977468 0.162460
vt 0.953204 0.201441
vt 0.958851 0.187165
vt 0.482840 0.803207
vt 0.913320 0.994389
vt 0.022898 0.239288
vt 0.973077 0.388212
vt 0.965170 0.388212
vt 0.971532 0.383700
vt 0.961480 0.256886
vt 0.445730 0.745244
vt 0.429873 0.738730
vt 0.764139 0.006615
vt 0.869102 0.730869
vt 0.971125 0.166558
vt 0.965111 0.176808
vt 0.262169 0.997980
vt 0.117094 0.966133
vt 0.123883 0.960705
vt 0.117187 0.966639
vt 0.524212 0.870751
vt 0.556058 0.065593
vt 0.539124 0.060498
vt 0.551003 0.052415
vt 0.756496 0.011946
vt 0.469808 0.994496
vt 0.479769 0.977615
vt 0.487013 0.977615
vt 0.013176 0.871359
vt 0.014908 0.864962
vt 0.014650 0.870348
vt 0.122577 0.962310
vt 0.018783 0.873368
vt 0.018216 0.866448
vt 0.021584 0.877421
vt 0.055970 0.834457
vt 0.944066 0.263042
vt 0.805678 0.461510
vt 0.534607 0.075344
vt 0.552779 0.081710
vt 0.445409 0.754472
vt 0.430377 0.744042
vt 0.986355 0.244260
vt 0.956342 0.389007
vt 0.075569 0.238900
vt 0.064477 0.220813
vt 0.867156 0.705429
vt 0.064471 0.656613
vt 0.071321 0.645818
vt 0.504980 0.877335
vt 0.053000 0.848357
vt 0.072304 0.847436
vt 0.052219 0.859199
vt 0.634463 0.984297
vt 0.148137 0.646939
vt 0.477315 0.775474
vt 0.643307 0.670041
vt 0.654532 0.664970
vt 0.488897 0.883609
vt 0.068619 0.646574
vt 0.123438 0.969369
vt 0.119547 0.970667
vt 0.808106 0.469814
vt 0.422208 0.249753
vt 0.974650 0.388224
vt 0.973176 0.383688
vt 0.980509 0.383865
vt 0.857674 0.681535
vt 0.955233 0.265530
vt 0.679955 0.780055
vt 0.871473 0.742449
vt 0.871221 0.739277
vt 0.950189 0.586635
vt 0.961800 0.583527
vt 0.955152 0.591520
vt 0.263560 0.085444
vt 0.752821 0.023042
vt 0.077003 0.840253
vt 0.312855 0.975824
vt 0.277839 0.974601
vt 0.318004 0.969964
vt 0.110446 0.967077
vt 0.965500 0.266174
vt 0.144642 0.253179
vt 0.945362 0.584201
vt 0.613388 0.753774
vt 0.633461 0.762909
vt 0.312889 0.636355
vt 0.439753 0.195732
vt 0.429962 0.222051
vt 0.432483 0.202417
vt 0.871190 0.723696
vt 0.959664 0.603655
vt 0.957319 0.595340
vt 0.804785 0.452237
vt 0.844202 0.653523
vt 0.858086 0.659265
vt 0.796051 0.453982
vt 0.337208 0.668728
vt 0.338638 0.658438
vt 0.157411 0.269178
vt 0.794892 0.655612
vt 0.943724 0.271245
vt 0.939368 0.266068
vt 0.995003 0.216524
vt 0.044223 0.577337
vt 0.044223 0.640791
vt 0.019522 0.633083
vt 0.459302 0.764719
vt 0.963955 0.618290
vt 0.115977 0.165960
vt 0.113614 0.173766
vt 0.104765 0.174532
vt 0.399283 0.016340
vt 0.398232 0.023818
vt 0.385697 0.016862
vt 0.797349 0.631403
vt 0.095516 0.702299
vt 0.426368 0.246104
vt 0.636622 0.693565
vt 0.064066 0.645667
vt 0.279904 0.608160
vt 0.423769 0.219332
vt 0.424823 0.206276
vt 0.184711 0.672240
vt 0.540344 0.947524
vt 0.534664 0.089341
vt 0.604095 0.016352
vt 0.630428 0.013012
vt 0.623498 0.024162
vt 0.393264 0.002176
vt 0.382589 0.026708
vt 0.108927 0.969421
vt 0.673881 0.487383
vt 0.575873 0.017451
vt 0.578620 0.012517
vt 0.578776 0.023531
vt 0.437565 0.244482
vt 0.868963 0.653363
vt 0.858577 0.625759
vt 0.880345 0.652029
vt 0.266940 0.613817
vt 0.160483 0.279163
vt 0.432056 0.242589
vt 0.283942 0.986893
vt 0.858145 0.669393
vt 0.151337 0.653424
vt 0.257037 0.614487
vt 0.673457 0.477679
vt 0.521887 0.067649
vt 0.811749 0.491773
vt 0.276802 0.612619
vt 0.995772 0.621392
vt 0.588353 0.021988
vt 0.089443 0.838809
vt 0.173216 0.278334
vt 0.164104 0.282944
vt 0.262384 0.674802
vt 0.257462 0.653827
vt 0.266297 0.677733
vt 0.286302 0.617830
vt 0.638716 0.015867
vt 0.643897 0.019268
vt 0.294649 0.628897
vt 0.973348 0.577351
vt 0.968222 0.568317
vt 0.974700 0.568197
vt 0.231037 0.996076
vt 0.229160 0.996952
vt 0.224143 0.996230
vt 0.876857 0.697766
vt 0.926992 0.272822
vt 0.035817 0.689885
vt 0.569218 0.032937
vt 0.568680 0.042936
vt 0.560264 0.038077
vt 0.519051 0.083575
vt 0.822664 0.621237
vt 0.812183 0.626701
vt 0.957934 0.577240
vt 0.061476 0.639598
vt 0.204373 0.677428
vt 0.194046 0.685839
vt 0.265834 0.660212
vt 0.271131 0.681209
vt 0.791052 0.454301
vt 0.627311 0.037577
vt 0.650672 0.760845
vt 0.004403 0.433071
vt 0.000079 0.416937
vt 0.004366 0.411053
vt 0.658959 0.498170
vt 0.843524 0.359829
vt 0.600715 0.026689
vt 0.522339 0.105546
vt 0.099056 0.176209
vt 0.100877 0.194147
vt 0.108385 0.967525
vt 0.115363 0.179402
vt 0.118538 0.169480
vt 0.982082 0.565190
vt 0.144316 0.314658
vt 0.138940 0.323003
vt 0.132376 0.316545
vt 0.130944 0.325019
vt 0.527249 0.118269
vt 0.815120 0.026986
vt 0.311937 0.999973
vt 0.306912 0.999800
vt 0.310232 0.999353
vt 0.152406 0.304542
vt 0.156672 0.313771
vt 0.149899 0.323635
vt 0.332612 0.678869
vt 0.327223 0.670189
vt 0.122306 0.254550
vt 0.205209 0.681354
vt 0.173390 0.680797
vt 0.313016 0.999031
vt 0.560369 0.057202
vt 0.422705 0.241582
vt 0.019423 0.864561
vt 0.019064 0.867392
vt 0.086841 0.189148
vt 0.303019 0.999067
vt 0.286349 0.957945
vt 0.418142 0.213226
vt 0.653752 0.503687
vt 0.791846 0.467963
vt 0.170875 0.288292
vt 0.862672 0.619161
vt 0.279293 0.673481
vt 0.423696 0.245558
vt 0.870657 0.670336
vt 0.158170 0.288305
vt 0.875302 0.597525
vt 0.886878 0.627383
vt 0.875361 0.617368
vt 0.267861 0.626479
vt 0.319004 0.676158
vt 0.299385 0.638034
vt 0.104982 0.968744
vt 0.102151 0.964657
vt 0.575879 0.051638
vt 0.985852 0.578631
vt 0.146674 0.280294
vt 0.160571 0.293054
vt 0.158549 0.306614
vt 0.750084 0.011438
vt 0.293851 0.956833
vt 0.105273 0.197543
vt 0.085393 0.861677
vt 0.415999 0.254389
vt 0.890521 0.724565
vt 0.646037 0.495470
vt 0.605308 0.715658
vt 0.591156 0.746611
vt 0.581496 0.715256
vt 0.568752 0.050206
vt 0.072280 0.860602
vt 0.261447 0.640148
vt 0.163657 0.313606
vt 0.256103 0.639098
vt 0.257115 0.623687
vt 0.926056 0.347567
vt 0.908874 0.248279
vt 0.926056 0.291225
vt 0.159021 0.295515
vt 0.168634 0.303103
vt 0.320363 0.651094
vt 0.117909 0.974818
vt 0.109443 0.971485
vt 0.754220 0.005878
vt 0.414518 0.251553
vt 0.611579 0.038280
vt 0.756849 0.997731
vt 0.754015 0.999501
vt 0.749625 0.995519
vt 0.982535 0.561797
vt 0.990043 0.564786
vt 0.038262 0.649174
vt 0.075562 0.870863
vt 0.267809 0.642153
vt 0.160582 0.669073
vt 0.102416 0.966582
vt 0.015946 0.858682
vt 0.590914 0.046915
vt 0.880633 0.240083
vt 0.653878 0.481899
vt 0.880951 0.711486
vt 0.111492 0.976624
vt 0.895185 0.605615
vt 0.265002 0.060224
vt 0.088725 0.869227
vt 0.273343 0.967747
vt 0.512164 0.063587
vt 0.007090 0.868181
vt 0.979141 0.387902
vt 0.982494 0.383014
vt 0.981568 0.387066
vt 0.037595 0.663960
vt 0.166582 0.309444
vt 0.309248 0.046318
vt 0.305733 0.041869
vt 0.312074 0.042455
vt 0.422292 0.233952
vt 0.274819 0.654776
vt 0.132526 0.299728
vt 0.036702 0.672383
vt 0.105945 0.972601
vt 0.416506 0.246853
vt 0.275069 0.085873
vt 0.635353 0.661974
vt 0.303811 0.048876
vt 0.505847 0.070596
vt 0.127052 0.517285
vt 0.130779 0.505225
vt 0.136421 0.515230
vt 0.143254 0.293390
vt 0.312525 0.662305
vt 0.139119 0.283573
vt 0.287467 0.677679
vt 0.290915 0.670277
vt 0.299653 0.672684
vt 0.868424 0.612285
vt 0.995873 0.556397
vt 0.265164 0.960101
vt 0.884537 0.757333
vt 0.051343 0.010550
vt 0.055126 0.001185
vt 0.060709 0.018735
vt 0.304952 0.662667
vt 0.628926 0.045010
vt 0.600044 0.056253
vt 0.633344 0.746593
vt 0.637782 0.753368
vt 0.242580 0.031037
vt 0.281065 0.067487
vt 0.060370 0.991944
vt 0.049012 0.987355
vt 0.066526 0.981661
vt 0.521206 0.125872
vt 0.513800 0.118021
vt 0.986995 0.386356
vt 0.100380 0.963186
vt 0.559614 0.024328
vt 0.510107 0.024328
vt 0.519031 0.003062
vt 0.027234 0.689177
vt 0.020839 0.672168
vt 0.510132 0.105445
vt 0.312803 0.655908
vt 0.019008 0.858899
vt 0.501315 0.052676
vt 0.490256 0.054981
vt 0.117130 0.314145
vt 0.511390 0.095356
vt 0.137263 0.495974
vt 0.035374 0.642897
vt 0.875239 0.318981
vt 0.115777 0.292526
vt 0.565178 0.969029
vt 0.513824 0.967850
vt 0.415985 0.243340
vt 0.287729 0.643044
vt 0.113269 0.978513
vt 0.618655 0.066168
vt 0.306234 0.052642
vt 0.021121 0.688865
vt 0.449945 0.086604
vt 0.425905 0.069770
vt 0.506864 0.072979
vt 0.136219 0.480980
vt 0.114605 0.488007
vt 0.253970 0.997320
vt 0.248518 0.996843
vt 0.256462 0.996704
vt 0.115176 0.474330
vt 0.804625 0.648832
vt 0.104100 0.702040
vt 0.098736 0.968669
vt 0.858128 0.979638
vt 0.877927 0.980773
vt 0.866063 0.981764
vt 0.292852 0.638805
vt 0.621282 0.670558
vt 0.285217 0.074984
vt 0.116602 0.186420
vt 0.892305 0.638306
vt 0.176878 0.316057
vt 0.183760 0.309668
vt 0.111891 0.466124
vt 0.093354 0.455325
vt 0.279791 0.049054
vt 0.296282 0.662728
vt 0.296294 0.647478
vt 0.149266 0.657384
vt 0.292245 0.652479
vt 0.308150 0.032861
vt 0.120032 0.181282
vt 0.123524 0.177833
vt 0.121385 0.182992
vt 0.116506 0.978368
vt 0.082464 0.700385
vt 0.845255 0.597407
vt 0.835216 0.600630
vt 0.842915 0.591911
vt 0.435249 0.010994
vt 0.442010 0.010994
vt 0.432563 0.020572
vt 0.175003 0.458441
vt 0.182543 0.462024
vt 0.159803 0.467291
vt 0.494716 0.067395
vt 0.059962 0.722222
vt 0.042763 0.723087
vt 0.038887 0.710412
vt 0.435197 0.988655
vt 0.419191 0.993856
vt 0.418388 0.986224
vt 0.426171 0.018442
vt 0.292248 0.066122
vt 0.143282 0.482684
vt 0.010060 0.855245
vt 0.016638 0.855826
vt 0.881652 0.669573
vt 0.092455 0.202366
vt 0.857646 0.599940
vt 0.852177 0.604966
vt 0.142473 0.501073
vt 0.893772 0.703755
vt 0.411798 0.212642
vt 0.054231 0.712647
vt 0.161178 0.675090
vt 0.062502 0.731333
vt 0.804050 0.656154
vt 0.037740 0.736744
vt 0.041963 0.703381
vt 0.167880 0.471350
vt 0.113158 0.200438
vt 0.045162 0.743765
vt 0.895679 0.632468
vt 0.133665 0.007925
vt 0.124207 0.007925
vt 0.131856 0.001537
vt 0.149181 0.668014
vt 0.831859 0.589924
vt 0.840201 0.589549
vt 0.078014 0.226330
vt 0.080876 0.233320
vt 0.994466 0.484221
vt 0.990106 0.494493
vt 0.989320 0.475687
vt 0.409246 0.247539
vt 0.027296 0.745503
vt 0.095739 0.961946
vt 0.123565 0.178475
vt 0.123639 0.184048
vt 0.149835 0.487495
vt 0.064063 0.738349
vt 0.375113 0.199060
vt 0.367887 0.205054
vt 0.368266 0.198743
vt 0.415558 0.232274
vt 0.140236 0.005011
vt 0.891429 0.591740
vt 0.885314 0.574700
vt 0.975077 0.509373
vt 0.415454 0.222611
vt 0.030759 0.750517
vt 0.030090 0.672749
vt 0.117092 0.980563
vt 0.116431 0.980378
vt 0.858393 0.591560
vt 0.021991 0.856175
vt 0.104333 0.210649
vt 0.193971 0.696133
vt 0.016726 0.854531
vt 0.009520 0.848818
vt 0.103707 0.976452
vt 0.986115 0.509339
vt 0.815715 0.647424
vt 0.099264 0.695755
vt 0.080454 0.228287
vt 0.607144 0.006489
vt 0.605003 0.011030
vt 0.600916 0.006667
vt 0.023089 0.756909
vt 0.025820 0.746947
vt 0.523865 0.985712
vt 0.520040 0.993317
vt 0.518592 0.985988
vt 0.118773 0.201221
vt 0.871771 0.584276
vt 0.415853 0.024293
vt 0.837122 0.324749
vt 0.964199 0.500313
vt 0.051949 0.749464
vt 0.514482 0.973815
vt 0.035427 0.757580
vt 0.111957 0.981013
vt 0.160243 0.685315
vt 0.861337 0.986995
vt 0.603544 0.687114
vt 0.442215 0.020297
vt 0.437990 0.021717
vt 0.591744 0.010377
vt 0.118293 0.982178
vt 0.158852 0.694109
vt 0.409608 0.239601
vt 0.024722 0.853639
vt 0.151094 0.676232
vt 0.494356 0.992127
vt 0.510698 0.984676
vt 0.512738 0.993514
vt 0.082788 0.229826
vt 0.080274 0.218233
vt 0.032108 0.666306
vt 0.402338 0.215576
vt 0.403020 0.199684
vt 0.103667 0.982124
vt 0.499004 0.973119
vt 0.487759 0.974945
vt 0.514675 0.977951
vt 0.046458 0.760264
vt 0.595388 0.016505
vt 0.440241 0.024364
vt 0.177288 0.705799
vt 0.155896 0.707168
vt 0.593939 0.696283
vt 0.032599 0.661854
vt 0.860337 0.585294
vt 0.358288 0.211460
vt 0.346840 0.200786
vt 0.126380 0.239220
vt 0.128295 0.248079
vt 0.126229 0.248205
vt 0.476841 0.994225
vt 0.490849 0.993694
vt 0.019491 0.666602
vt 0.971318 0.479653
vt 0.369652 0.209781
vt 0.122243 0.239943
vt 0.111155 0.251904
vt 0.392906 0.198498
vt 0.584217 0.015885
vt 0.586849 0.014403
vt 0.590401 0.016937
vt 0.101812 0.980482
vt 0.609508 0.014502
vt 0.098579 0.980744
vt 0.097695 0.982653
vt 0.132969 0.243231
vt 0.132918 0.247413
vt 0.119851 0.221319
vt 0.374916 0.211510
vt 0.403259 0.246423
vt 0.401389 0.240436
vt 0.089520 0.245973
vt 0.409036 0.210224
vt 0.544054 0.996053
vt 0.557540 0.996053
vt 0.551374 0.997971
vt 0.026948 0.911590
vt 0.017527 0.919434
vt 0.013612 0.915909
vt 0.410017 0.233661
vt 0.571387 0.730518
vt 0.570281 0.705001
vt 0.624042 0.651479
vt 0.639281 0.651298
vt 0.014341 0.918442
vt 0.589144 0.019408
vt 0.020639 0.848694
vt 0.028430 0.847274
vt 0.408558 0.220755
vt 0.106542 0.223215
vt 0.094389 0.689662
vt 0.108590 0.696149
vt 0.393762 0.246753
vt 0.584900 0.696383
vt 0.401204 0.236444
vt 0.027348 0.664993
vt 0.838931 0.577508
vt 0.826738 0.586994
vt 0.130986 0.233451
vt 0.142444 0.236685
vt 0.142497 0.241457
vt 0.369531 0.214261
vt 0.362281 0.214884
vt 0.812616 0.656597
vt 0.026954 0.915037
vt 0.117436 0.983343
vt 0.129594 0.225057
vt 0.625121 0.642173
vt 0.022244 0.658221
vt 0.023823 0.648723
vt 0.131973 0.237779
vt 0.141195 0.248204
vt 0.219921 0.999275
vt 0.213345 0.999275
vt 0.216920 0.998235
vt 0.088505 0.253362
vt 0.143830 0.242514
vt 0.142822 0.248396
vt 0.028938 0.850033
vt 0.592791 0.018826
vt 0.099796 0.983228
vt 0.124517 0.234191
vt 0.173531 0.722071
vt 0.151801 0.722988
vt 0.104834 0.690143
vt 0.125435 0.227167
vt 0.081139 0.240929
vt 0.106388 0.230712
vt 0.120760 0.233764
vt 0.663631 0.758872
vt 0.383802 0.220841
vt 0.387626 0.235349
vt 0.387809 0.245106
vt 0.023375 0.845144
vt 0.648569 0.746200
vt 0.030212 0.920083
vt 0.020091 0.662497
vt 0.871476 0.579928
vt 0.119901 0.989494
vt 0.118855 0.228212
vt 0.474224 0.007518
vt 0.459320 0.025755
vt 0.470999 0.005730
vt 0.476617 0.005121
vt 0.364571 0.219186
vt 0.398447 0.226720
vt 0.034245 0.842698
vt 0.105726 0.987320
vt 0.110339 0.689047
vt 0.116273 0.690270
vt 0.800306 0.997586
vt 0.801066 0.999924
vt 0.795548 0.999778
vt 0.553877 0.719469
vt 0.558725 0.694330
vt 0.137397 0.668859
vt 0.140253 0.667246
vt 0.137306 0.671578
vt 0.812345 0.673477
vt 0.808330 0.682564
vt 0.374217 0.222334
vt 0.088689 0.686336
vt 0.381465 0.238113
vt 0.817373 0.568228
vt 0.832505 0.565923
vt 0.366920 0.224559
vt 0.387104 0.227188
vt 0.844498 0.569199
vt 0.140538 0.676876
vt 0.135309 0.674614
vt 0.601975 0.676073
vt 0.378457 0.233609
vt 0.371274 0.234457
vt 0.126967 0.675621
vt 0.616894 0.654494
vt 0.140864 0.680421
vt 0.119891 0.681188
vt 0.611791 0.664874
vt 0.142189 0.654603
vt 0.134929 0.665432
vt 0.133884 0.669831
vt 0.479425 0.010920
vt 0.617163 0.646722
vt 0.122855 0.687014
vt 0.817621 0.554476
vt 0.817723 0.560964
vt 0.812327 0.560923
vt 0.866432 0.570955
vt 0.809994 0.551765
vt 0.873848 0.550429
vt 0.604503 0.639995
vt 0.105957 0.684345
vt 0.137854 0.654038
vt 0.619946 0.634933
vt 0.126910 0.669612
vt 0.601294 0.666612
vt 0.112152 0.680482
vt 0.812761 0.549999
vt 0.126797 0.665274
vt 0.602277 0.625678
vt 0.096412 0.682829
vt 0.608500 0.652651
vt 0.842392 0.562121
vt 0.833982 0.555695
vt 0.856649 0.562901
vt 0.852547 0.555336
vt 0.573586 0.693920
vt 0.119722 0.666575
vt 0.082062 0.684869
vt 0.083630 0.675869
vt 0.585268 0.686201
vt 0.590316 0.676099
vt 0.099150 0.677878
vt 0.592058 0.659222
vt 0.862054 0.550457
vt 0.090724 0.677916
vt 0.128136 0.652833
vt 0.137348 0.649369
vt 0.592554 0.634109
vt 0.585279 0.651848
vt 0.098749 0.670526
vt 0.566012 0.690769
vt 0.843762 0.550128
vt 0.879536 0.546035
vt 0.590054 0.666574
vt 0.831877 0.541491
vt 0.822613 0.538967
vt 0.092461 0.674221
vt 0.105330 0.666072
vt 0.119811 0.654490
vt 0.085567 0.668811
vt 0.854797 0.541389
vt 0.113715 0.653401
vt 0.842521 0.543357
vt 0.580766 0.678300
vt 0.883609 0.538212
vt 0.875980 0.539952
vt 0.079816 0.663166
vt 0.124347 0.647412
vt 0.118230 0.649959
vt 0.101072 0.659933
vt 0.093152 0.666986
vt 0.867215 0.540620
vt 0.574689 0.661659
vt 0.565476 0.681149
vt 0.576838 0.667448
vt 0.878793 0.530882
vt 0.835727 0.532706
vt 0.090338 0.660559
vt 0.569251 0.675044
vt 0.851036 0.533623
vt 0.873028 0.534340
vt 0.080206 0.643977
vt 0.082049 0.653165
vt 0.078429 0.650725
vt 0.085712 0.645706
vt 0.858195 0.534061
vt 0.879036 0.523609
vt 0.108463 0.644606
vt 0.094508 0.648408
vt 0.874552 0.523587
vt 0.086564 0.638987
vt 0.106381 0.640178
vt 0.861275 0.522019
usemtl pet_capybara
f 2781/1/1 2782/2/2 2783/3/3
f 2500/4/4 2784/5/5 2781/1/1
f 2784/5/5 2785/6/6 2781/1/1
f 2781/1/1 2786/7/7 2782/2/2
f 2783/3/3 2500/4/4 2781/1/1
f 2787/8/8 2782/2/2 2786/7/7
f 2500/9/4 2501/10/9 2502/11/10
f 2784/5/5 2500/4/4 2502/12/10
f 2500/4/4 2783/3/3 2503/13/11
f 2782/2/2 2788/14/12 2783/3/3
f 2785/6/6 2784/5/5 2505/15/13
f 2789/16/14 2503/13/11 2783/3/3
f 2784/5/5 2502/12/10 2505/15/13
f 2500/9/4 2503/17/11 2501/10/9
f 2788/14/12 2782/2/2 2790/18/15
f 2790/18/15 2782/2/2 2787/8/8
f 2786/7/7 2791/19/16 2787/8/8
f 2783/3/3 2792/20/17 2789/16/14
f 2791/19/16 2786/7/7 2781/1/1
f 2501/10/9 2503/17/11 2504/21/18
f 2792/20/17 2788/14/12 2790/18/15
f 2505/22/13 2502/11/10 2506/23/19
f 2791/19/16 2781/1/1 2785/6/6
f 2507/24/20 2504/21/18 2503/17/11
f 2788/14/12 2792/20/17 2783/3/3
f 2787/8/8 2791/19/16 2793/25/21
f 2787/8/8 2793/25/21 2790/18/15
f 2789/16/14 2792/20/17 2794/26/22
f 2785/6/6 2795/27/23 2791/19/16
f 2501/10/9 2508/28/24 2502/11/10
f 2503/13/11 2789/16/14 2507/29/20
f 2507/24/20 2509/30/25 2504/21/18
f 2796/31/26 2797/32/27 2785/6/6
f 2508/28/24 2506/23/19 2502/11/10
f 2505/15/13 2796/31/26 2785/6/6
f 2791/19/16 2798/33/28 2793/25/21
f 2793/25/21 2799/34/29 2790/18/15
f 2792/20/17 2790/18/15 2799/34/29
f 2800/35/30 2507/29/20 2789/16/14
f 2800/35/30 2789/16/14 2794/26/22
f 2792/20/17 2799/34/29 2801/36/31
f 2793/25/21 2802/37/32 2803/38/33
f 2505/22/13 2506/23/19 2510/39/34
f 2511/40/35 2501/10/9 2504/21/18
f 2508/28/24 2512/41/36 2506/23/19
f 2509/30/25 2507/24/20 2800/42/30
f 2505/15/13 2515/43/37 2796/31/26
f 2505/15/13 2510/44/34 2515/43/37
f 2508/28/24 2501/10/9 2511/40/35
f 2803/38/33 2799/34/29 2793/25/21
f 2794/26/22 2792/20/17 2804/45/38
f 2797/32/27 2805/46/39 2795/27/23
f 2801/36/31 2804/45/38 2792/20/17
f 2797/32/27 2795/27/23 2785/6/6
f 2796/31/26 2515/43/37 2797/32/27
f 2510/39/34 2512/41/36 2513/47/40
f 2510/39/34 2506/23/19 2512/41/36
f 2511/40/35 2504/21/18 2514/48/41
f 2801/36/31 2799/34/29 2806/49/42
f 2795/27/23 2798/33/28 2791/19/16
f 2798/33/28 2802/37/32 2793/25/21
f 2521/50/43 2800/35/30 2794/26/22
f 2511/40/35 2512/41/36 2508/28/24
f 2804/45/38 2521/50/43 2794/26/22
f 2515/51/37 2510/39/34 2920/52/44
f 2521/50/43 2517/53/45 2800/35/30
f 2512/41/36 2844/54/46 2513/47/40
f 2516/55/47 2504/21/18 2509/30/25
f 2805/46/39 2807/56/48 2795/27/23
f 2795/27/23 2807/56/48 2798/33/28
f 2797/32/27 2515/43/37 2808/57/49
f 2510/39/34 2513/47/40 2920/52/44
f 2800/42/30 2517/58/45 2509/30/25
f 2798/33/28 2809/59/50 2810/60/51
f 2512/41/36 2511/40/35 2844/54/46
f 2797/32/27 2808/57/49 2811/61/52
f 2515/43/37 2922/62/53 2808/57/49
f 2798/33/28 2810/60/51 2812/63/54
f 2807/56/48 2805/46/39 2813/64/55
f 2920/52/44 2814/65/56 2515/51/37
f 2843/66/57 2920/52/44 2513/47/40
f 2797/32/27 2811/61/52 2805/46/39
f 2922/62/53 2515/43/37 2814/67/56
f 2815/68/58 2804/45/38 2801/36/31
f 2798/33/28 2812/63/54 2802/37/32
f 2511/40/35 2514/48/41 2518/69/59
f 2514/48/41 2504/21/18 2516/55/47
f 2801/36/31 2719/70/60 2815/68/58
f 2799/34/29 2803/38/33 2723/71/61
f 2813/64/55 2805/46/39 2811/61/52
f 2844/54/46 2511/40/35 2518/69/59
f 2816/72/62 2808/57/49 2922/62/53
f 2815/68/58 2817/73/63 2804/45/38
f 2822/74/64 2722/75/65 2723/76/61
f 2843/77/57 2844/78/46 2845/79/66
f 2919/80/67 2814/81/56 2920/82/44
f 2817/73/63 2521/50/43 2804/45/38
f 2809/59/50 2798/33/28 2807/56/48
f 2811/61/52 2808/57/49 2818/83/68
f 2843/66/57 2513/47/40 2844/54/46
f 2920/82/44 2921/84/69 2919/80/67
f 2519/85/70 2514/48/41 2516/55/47
f 2803/38/33 2802/37/32 2723/71/61
f 2808/57/49 2816/72/62 2818/83/68
f 2799/34/29 2723/71/61 2700/86/71
f 2819/87/72 2809/59/50 2807/56/48
f 2813/64/55 2819/87/72 2807/56/48
f 2922/88/53 2814/81/56 2824/89/73
f 2919/80/67 2824/89/73 2814/81/56
f 2921/84/69 2920/82/44 2843/90/57
f 2819/87/72 2813/64/55 2820/91/74
f 2821/92/75 2802/37/32 2812/63/54
f 2822/93/64 2723/71/61 2802/37/32
f 2811/61/52 2823/94/76 2813/64/55
f 2806/95/77 2700/96/77 2719/97/77
f 2816/72/62 2922/62/53 2824/98/73
f 2520/99/78 2844/54/46 2518/69/59
f 2827/100/79 2517/58/45 2521/101/43
f 2810/60/51 2809/59/50 2825/102/80
f 2517/58/45 2522/103/81 2509/30/25
f 2700/104/71 2723/76/61 2722/75/65
f 2818/83/68 2826/105/82 2823/94/76
f 2846/106/83 2845/79/66 2844/78/46
f 2809/59/50 2819/87/72 2825/102/80
f 2806/49/42 2799/34/29 2700/86/71
f 2923/107/84 2921/84/69 2843/90/57
f 2822/93/64 2802/37/32 2821/92/75
f 2827/108/79 2521/50/43 2817/73/63
f 2919/80/67 2921/84/69 2924/109/85
f 2818/83/68 2816/72/62 2927/110/86
f 2514/48/41 2523/111/87 2518/69/59
f 2816/112/62 2824/89/73 2925/113/88
f 2930/114/89 2826/105/82 2818/83/68
f 2828/115/90 2821/92/75 2812/63/54
f 2818/83/68 2823/94/76 2811/61/52
f 2828/115/90 2812/63/54 2810/60/51
f 2719/70/60 2801/36/31 2806/49/42
f 2845/79/66 2923/116/84 2843/77/57
f 2820/91/74 2813/64/55 2823/94/76
f 2700/104/71 2724/117/91 2719/118/60
f 2724/117/91 2700/104/71 2722/75/65
f 2701/119/92 2815/120/58 2719/121/60
f 2825/102/80 2833/122/93 2810/60/51
f 2833/122/93 2828/115/90 2810/60/51
f 2523/111/87 2524/123/94 2518/69/59
f 2522/103/81 2516/55/47 2509/30/25
f 2927/110/86 2930/114/89 2818/83/68
f 2725/124/95 2722/75/65 2822/74/64
f 2518/69/59 2851/125/96 2520/99/78
f 2824/89/73 2926/126/97 2925/113/88
f 2827/108/79 2817/73/63 2703/127/98
f 2844/54/46 2520/99/78 2846/128/83
f 2822/93/64 2821/92/75 2726/129/99
f 2829/130/100 2815/120/58 2701/119/92
f 2832/131/101 2825/102/80 2819/87/72
f 2927/132/86 2816/112/62 2925/113/88
f 2846/106/83 2847/133/102 2845/79/66
f 2815/68/58 2829/134/100 2703/127/98
f 2825/102/80 2832/131/101 2833/122/93
f 2923/107/84 2928/135/103 2921/84/69
f 2924/109/85 2921/84/69 2928/135/103
f 2842/136/104 2832/131/101 2819/87/72
f 2820/91/74 2842/136/104 2819/87/72
f 2830/137/105 2820/91/74 2823/94/76
f 2703/127/98 2817/73/63 2815/68/58
f 2926/126/97 2824/89/73 2919/80/67
f 2725/124/95 2724/117/91 2722/75/65
f 2516/55/47 2522/103/81 2519/85/70
f 2726/138/99 2725/124/95 2822/74/64
f 2524/123/94 2851/125/96 2518/69/59
f 2828/115/90 2831/139/106 2821/92/75
f 2821/92/75 2831/139/106 2726/129/99
f 2719/118/60 2724/117/91 2727/140/107
f 1984/141/108 1985/142/109 1986/143/110
f 2701/119/92 2719/121/60 2727/144/107
f 2845/79/66 2848/145/111 2923/116/84
f 1987/146/112 1986/143/110 1985/142/109
f 1987/146/112 927/147/113 1986/143/110
f 2517/58/45 2827/100/79 2522/103/81
f 1984/141/108 1986/143/110 925/148/114
f 1984/141/108 925/148/114 1988/149/115
f 926/150/116 1986/143/110 927/147/113
f 2826/105/82 2830/137/105 2823/94/76
f 2831/151/106 2828/152/90 2728/153/117
f 1985/142/109 1989/154/118 1990/155/119
f 1984/141/108 1988/149/115 1991/156/120
f 1985/142/109 1990/155/119 1968/157/121
f 2842/136/104 2820/91/74 2830/137/105
f 2726/138/99 2831/158/106 2732/159/122
f 927/147/113 1987/146/112 1829/160/123
f 1984/141/108 1989/154/118 1985/142/109
f 2701/119/92 2727/144/107 2702/161/124
f 926/150/116 925/148/114 1986/143/110
f 1988/149/115 925/148/114 1992/162/125
f 1991/156/120 1989/154/118 1984/141/108
f 2831/151/106 2728/153/117 2729/163/126
f 1985/142/109 1968/157/121 1987/146/112
f 2832/164/101 2842/165/104 2833/166/93
f 1988/149/115 1992/162/125 1993/167/127
f 924/168/128 925/169/114 926/170/116
f 2702/161/124 2829/130/100 2701/119/92
f 2830/137/105 2826/105/82 2834/171/129
f 927/172/113 928/173/130 926/170/116
f 1967/174/131 1831/175/132 1968/176/121
f 2724/117/91 2730/177/133 2731/178/134
f 1990/155/119 1969/179/135 1968/157/121
f 2644/180/136 2734/181/137 2645/182/138
f 2729/163/126 2732/183/122 2831/151/106
f 2644/180/136 2645/182/138 2646/184/139
f 2731/178/134 2727/140/107 2724/117/91
f 2645/182/138 2697/185/140 2646/186/139
f 2646/184/139 2647/187/141 2644/180/136
f 2525/188/142 2522/103/81 2827/100/79
f 1831/175/132 1987/189/112 1968/176/121
f 1829/190/123 1830/191/143 927/192/113
f 2733/193/144 2725/124/95 2726/138/99
f 2648/194/145 2647/195/141 2649/196/146
f 2649/196/146 2647/195/141 2650/197/147
f 927/172/113 1830/198/143 929/199/148
f 2651/200/149 2697/185/140 2645/182/138
f 2652/201/150 2648/194/145 2649/196/146
f 1991/156/120 1994/202/151 1989/154/118
f 2734/181/137 2644/180/136 2653/203/152
f 2649/196/146 2650/197/147 2656/204/153
f 1993/167/127 1991/156/120 1988/149/115
f 924/168/128 926/170/116 928/173/130
f 2725/124/95 2730/177/133 2724/117/91
f 2648/194/145 2654/205/154 2647/195/141
f 2697/206/140 2647/187/141 2646/184/139
f 2645/182/138 2734/181/137 2651/200/149
f 2647/187/141 2654/207/154 2644/180/136
f 2656/204/153 2652/201/150 2649/196/146
f 2647/195/141 2698/208/155 2650/197/147
f 2833/209/93 2651/210/149 2728/153/117
f 1994/202/151 1969/179/135 1990/155/119
f 1968/176/121 1969/211/135 1970/212/156
f 2924/109/85 2929/213/157 2919/80/67
f 1987/214/112 1831/215/132 1829/190/123
f 2735/216/158 2734/181/137 2653/203/152
f 1829/190/123 1832/217/159 1830/191/143
f 925/169/114 924/168/128 930/218/160
f 2652/201/150 2656/204/153 2655/219/161
f 931/220/162 927/172/113 929/199/148
f 2697/206/140 2698/221/155 2647/187/141
f 2703/222/98 2829/130/100 2704/223/163
f 2729/163/126 2651/210/149 2734/224/137
f 2698/208/155 2656/225/153 2650/197/147
f 931/220/162 928/173/130 927/172/113
f 1831/215/132 1833/226/164 1829/190/123
f 2657/227/165 2648/194/145 2652/201/150
f 2644/228/136 2658/229/166 2653/203/152
f 2728/153/117 2651/210/149 2729/163/126
f 2519/85/70 2523/111/87 2514/48/41
f 2842/136/104 2830/137/105 2834/171/129
f 1967/174/131 1968/176/121 1970/212/156
f 1834/230/167 1833/226/164 1831/215/132
f 2644/228/136 2654/231/154 2658/229/166
f 2727/140/107 2731/178/134 2705/232/168
f 2726/138/99 2732/159/122 2733/193/144
f 1994/202/151 1990/155/119 1989/154/118
f 1831/215/132 1967/233/131 1834/230/167
f 2923/107/84 2849/234/169 2928/135/103
f 2833/209/93 2728/153/117 2828/152/90
f 2834/171/129 2826/105/82 2835/235/170
f 1830/198/143 394/236/171 929/199/148
f 2703/237/98 2525/188/142 2827/100/79
f 2648/194/145 2664/238/172 2654/239/154
f 2524/123/94 2523/111/87 2526/240/173
f 2735/241/158 2729/163/126 2734/224/137
f 2651/200/149 2737/242/174 2697/185/140
f 2591/243/175 2657/227/165 2652/201/150
f 2705/244/168 2702/161/124 2727/144/107
f 1994/202/151 1995/245/176 1969/179/135
f 2655/219/161 2659/246/177 2652/201/150
f 2732/183/122 2729/163/126 2735/241/158
f 1994/202/151 1991/156/120 1996/247/178
f 2698/208/155 2660/248/179 2656/225/153
f 928/173/130 931/220/162 932/249/180
f 1835/250/181 1830/191/143 1832/217/159
f 2658/229/166 2654/231/154 2664/251/172
f 2733/193/144 2732/252/122 2738/253/182
f 2836/254/183 2930/255/89 2927/132/86
f 2648/194/145 2657/227/165 2664/238/172
f 2661/256/184 2656/225/153 2660/248/179
f 931/220/162 929/199/148 933/257/185
f 2658/229/166 2735/216/158 2653/203/152
f 2527/258/186 2522/103/81 2525/188/142
f 2697/259/140 2660/260/179 2698/261/155
f 1836/262/187 1835/250/181 1832/217/159
f 933/257/185 929/199/148 394/236/171
f 1993/167/127 1992/162/125 939/263/188
f 928/173/130 932/249/180 924/168/128
f 2699/264/189 2735/216/158 2658/229/166
f 2925/113/88 2926/126/97 2931/265/190
f 2659/246/177 2591/243/175 2652/201/150
f 2930/114/89 2836/266/183 2826/105/82
f 2737/267/174 2651/210/149 2833/209/93
f 1993/167/127 1996/247/178 1991/156/120
f 2697/259/140 2670/268/191 2660/260/179
f 2925/113/88 2931/265/190 2932/269/192
f 2927/132/86 2925/113/88 2932/269/192
f 2665/270/193 2657/227/165 2591/243/175
f 930/218/160 934/271/194 925/169/114
f 1996/247/178 1995/245/176 1994/202/151
f 2704/223/163 2829/130/100 2702/161/124
f 1836/262/187 1832/217/159 1829/190/123
f 2656/204/153 2661/272/184 2655/219/161
f 2929/213/157 2926/126/97 2919/80/67
f 2826/105/82 2837/273/195 2835/235/170
f 2725/124/95 2733/193/144 2730/177/133
f 2924/109/85 2928/135/103 2929/213/157
f 2735/241/158 2675/274/196 2732/183/122
f 931/220/162 933/257/185 935/275/197
f 2836/254/183 2927/132/86 2932/269/192
f 2589/276/198 2659/277/177 2655/278/161
f 1969/211/135 1999/279/199 1970/212/156
f 2658/229/166 2664/251/172 2668/280/200
f 2838/281/201 2525/188/142 2703/237/98
f 2833/282/93 2736/283/202 2737/284/174
f 2591/243/175 2590/285/203 2665/270/193
f 1970/286/156 1834/230/167 1967/233/131
f 2589/276/198 2655/278/161 2661/287/184
f 2837/273/195 2826/105/82 2836/266/183
f 394/236/171 1830/198/143 395/288/204
f 1833/226/164 1836/262/187 1829/190/123
f 2697/259/140 2737/289/174 2670/268/191
f 2595/290/205 2661/256/184 2660/248/179
f 2737/291/174 2736/292/202 2662/293/206
f 936/294/207 937/295/208 932/249/180
f 1997/296/209 1993/167/127 1998/297/210
f 1830/298/143 1835/299/181 395/300/204
f 933/301/185 394/302/171 419/303/211
f 2590/304/203 2591/305/175 2659/277/177
f 2659/277/177 2592/306/212 2590/304/203
f 2699/307/189 2675/274/196 2735/241/158
f 2519/85/70 2528/308/213 2523/111/87
f 1995/245/176 1999/309/199 1969/179/135
f 931/220/162 935/275/197 932/249/180
f 930/218/160 924/168/128 937/295/208
f 934/271/194 1992/310/125 925/169/114
f 2841/311/214 2736/283/202 2833/282/93
f 2707/312/215 2838/313/215 2703/314/215
f 395/315/204 396/316/216 394/302/171
f 2589/276/198 2592/306/212 2659/277/177
f 1837/317/217 1833/226/164 1838/318/218
f 2706/319/219 2704/223/163 2702/161/124
f 936/294/207 932/249/180 935/275/197
f 2938/320/220 2842/321/220 2834/322/220
f 2704/223/163 2707/323/221 2703/222/98
f 2845/79/66 2847/133/102 2848/145/111
f 938/324/222 939/325/188 1992/310/125
f 2529/326/223 2519/85/70 2522/103/81
f 1995/245/176 2000/327/224 1999/309/199
f 1995/245/176 2001/328/225 2000/327/224
f 2835/235/170 2938/329/226 2834/171/129
f 2660/260/179 2670/268/191 2663/330/227
f 2657/331/165 2666/332/228 2664/333/172
f 1746/334/229 1835/250/181 1836/262/187
f 2657/331/165 2665/335/193 2667/336/230
f 2666/332/228 2657/331/165 2667/336/230
f 2664/251/172 2666/337/228 2668/280/200
f 1993/167/127 2002/338/231 1998/297/210
f 2838/281/201 2527/258/186 2525/188/142
f 2658/229/166 2668/280/200 2597/339/232
f 2704/223/163 2706/319/219 2708/340/233
f 2665/335/193 2590/341/203 2667/336/230
f 1993/167/127 1997/296/209 1996/247/178
f 1834/230/167 1970/286/156 1839/342/234
f 932/249/180 937/295/208 924/168/128
f 2666/343/228 2667/344/230 2668/345/200
f 1833/226/164 1837/317/217 1836/262/187
f 1996/247/178 2001/328/225 1995/245/176
f 2675/274/196 2738/346/182 2732/183/122
f 2597/347/235 2668/348/235 2667/349/235
f 2733/193/144 2738/253/182 2743/350/236
f 1999/279/199 1982/351/237 1970/212/156
f 1840/352/238 1746/334/229 1836/262/187
f 2529/326/223 2522/103/81 2527/258/186
f 2589/353/198 2593/354/239 2592/306/212
f 2702/161/124 2705/244/168 2709/355/240
f 1746/356/229 395/300/204 1835/299/181
f 1970/286/156 1982/357/237 1839/342/234
f 2661/287/184 2599/358/241 2589/276/198
f 2594/359/242 2592/306/212 2593/354/239
f 2849/234/169 2848/360/111 2933/361/243
f 2704/223/163 2708/340/233 2707/323/221
f 2660/248/179 2663/362/227 2595/290/205
f 2597/339/232 2669/363/244 2658/229/166
f 2661/364/184 2595/365/205 2598/366/245
f 2670/367/191 2737/291/174 2662/293/206
f 2661/287/184 2598/368/245 2599/358/241
f 2705/232/168 2731/178/134 2739/369/246
f 2702/161/124 2709/355/240 2706/319/219
f 2590/304/203 2594/359/242 2667/370/230
f 2740/371/247 2730/177/133 2733/193/144
f 1999/372/199 2000/373/224 1971/374/248
f 2594/359/242 2590/304/203 2592/306/212
f 2002/338/231 1993/167/127 939/263/188
f 2675/274/196 2743/375/236 2738/346/182
f 2669/376/244 2699/377/189 2658/378/166
f 1746/356/229 397/379/249 395/300/204
f 2934/380/250 2929/213/157 2935/381/251
f 2589/353/198 2599/382/241 2593/354/239
f 2663/330/227 2670/268/191 2672/383/252
f 2595/365/205 2671/384/253 2598/366/245
f 2601/385/254 2669/363/244 2597/339/232
f 2699/307/189 2741/386/255 2675/274/196
f 2596/387/256 2597/388/232 2667/389/230
f 2838/390/201 2707/323/221 2721/391/257
f 2594/359/242 2600/392/258 2667/393/230
f 2003/394/259 1996/247/178 1997/296/209
f 1971/374/248 1982/395/237 1999/372/199
f 2699/377/189 2669/376/244 2741/396/255
f 2935/381/251 2929/213/157 2928/135/103
f 396/316/216 419/303/211 394/302/171
f 1834/230/167 1838/318/218 1833/226/164
f 2721/397/257 2527/258/186 2838/281/201
f 1837/317/217 1841/398/260 1842/399/261
f 2595/290/205 2673/400/262 2671/401/253
f 2663/362/227 2673/400/262 2595/290/205
f 2663/362/227 2676/402/263 2673/400/262
f 1843/403/264 1982/357/237 1844/404/265
f 2836/254/183 2932/269/192 2936/405/266
f 2593/354/239 2599/382/241 2642/406/267
f 2002/338/231 2004/407/268 1998/297/210
f 2598/408/245 2642/409/267 2599/410/241
f 2667/389/230 2600/411/258 2596/387/256
f 937/295/208 940/412/269 930/218/160
f 395/315/204 397/413/249 431/414/270
f 2593/354/239 2600/392/258 2594/359/242
f 2676/415/263 2663/330/227 2672/383/252
f 2708/340/233 2706/319/219 2712/416/271
f 2835/235/170 2837/273/195 2938/329/226
f 2642/409/267 2598/408/245 2671/417/253
f 2001/328/225 1996/247/178 2003/394/259
f 2849/418/169 2923/116/84 2848/145/111
f 2733/193/144 2743/350/236 2740/371/247
f 2706/319/219 2709/355/240 2712/416/271
f 2597/419/232 2620/420/272 2601/421/254
f 2593/354/239 2642/406/267 2677/422/273
f 2707/323/221 2708/340/233 2710/423/274
f 2711/424/275 2721/391/257 2707/323/221
f 930/218/160 940/412/269 934/271/194
f 2740/371/247 2739/369/246 2730/177/133
f 2926/126/97 2929/213/157 2931/265/190
f 2662/293/206 2672/425/252 2670/367/191
f 398/426/276 399/427/277 400/428/278
f 2600/411/258 2604/429/279 2596/387/256
f 398/426/276 400/428/278 401/430/280
f 2673/431/262 2642/409/267 2671/417/253
f 2593/354/239 2677/422/273 2600/392/258
f 1837/317/217 1842/399/261 1836/262/187
f 2527/258/186 2721/397/257 2530/432/281
f 1972/433/282 2000/327/224 2001/328/225
f 935/275/197 933/257/185 449/434/283
f 401/430/280 402/435/284 398/426/276
f 403/436/285 400/428/278 399/427/277
f 2674/437/286 2673/400/262 2676/402/263
f 2620/420/272 2597/419/232 2596/438/256
f 2707/323/221 2710/423/274 2711/424/275
f 398/426/276 404/439/287 399/427/277
f 2929/213/157 2934/380/250 2931/265/190
f 405/440/288 400/428/278 403/436/285
f 2677/441/273 2602/442/289 2600/411/258
f 2642/443/267 2673/444/262 2674/445/286
f 2708/340/233 2712/446/271 2710/423/274
f 2604/429/279 2606/447/290 2596/387/256
f 2846/128/83 2520/99/78 2851/125/96
f 2596/438/256 2603/448/291 2620/420/272
f 403/436/285 399/427/277 406/449/292
f 2675/450/196 2741/396/255 2754/451/293
f 2739/369/246 2731/178/134 2730/177/133
f 2705/232/168 2739/369/246 2709/452/240
f 399/427/277 404/439/287 407/453/294
f 1838/318/218 1841/398/260 1837/317/217
f 2642/443/267 2674/445/286 2677/454/273
f 2003/394/259 1997/296/209 2004/407/268
f 1998/297/210 2004/407/268 1997/296/209
f 2743/375/236 2675/274/196 2742/455/295
f 1840/352/238 1836/262/187 1842/399/261
f 2530/432/281 2529/326/223 2527/258/186
f 2720/456/296 2721/391/257 2711/424/275
f 2936/405/266 2932/269/192 2937/457/297
f 2720/456/296 2711/424/275 2713/458/298
f 2720/459/296 2714/460/299 2715/461/300
f 2672/462/252 2674/463/286 2676/464/263
f 2973/465/301 2833/166/93 2842/165/104
f 2596/438/256 2606/466/290 2603/448/291
f 1844/467/265 1982/395/237 1971/374/248
f 2715/461/300 2721/468/257 2720/459/296
f 408/469/302 403/436/285 409/470/303
f 401/430/280 410/471/304 402/435/284
f 2743/375/236 2742/455/295 2753/472/305
f 411/473/306 412/474/307 401/430/280
f 2675/274/196 2754/475/293 2742/455/295
f 1845/476/308 1842/399/261 1841/398/260
f 405/440/288 411/473/306 400/428/278
f 403/436/285 406/449/292 409/470/303
f 2606/477/290 2604/478/279 2605/479/309
f 1972/480/282 1971/374/248 2000/373/224
f 2606/481/290 2605/479/309 2607/482/310
f 2662/483/206 2674/463/286 2672/462/252
f 2526/240/173 2523/111/87 2528/308/213
f 938/324/222 934/271/194 940/412/269
f 1746/334/229 1840/352/238 1846/484/311
f 404/439/287 398/426/276 402/435/284
f 2604/429/279 2600/411/258 2602/442/289
f 2740/371/247 2743/350/236 2752/485/312
f 409/470/303 406/449/292 413/486/313
f 396/316/216 395/315/204 431/414/270
f 2715/461/300 2530/487/281 2721/468/257
f 941/488/314 2713/489/298 942/490/315
f 1843/403/264 1839/342/234 1982/357/237
f 406/449/292 399/427/277 407/453/294
f 941/491/314 2720/456/296 2713/458/298
f 2554/492/316 942/493/315 2713/494/298
f 2606/481/290 2607/482/310 2603/495/291
f 2677/441/273 2678/496/317 2602/442/289
f 2601/421/254 2620/420/272 2621/497/318
f 936/294/207 943/498/319 944/499/320
f 410/471/304 401/430/280 414/500/321
f 936/294/207 945/501/322 943/498/319
f 2608/502/323 2605/479/309 2609/503/324
f 2608/502/323 2607/482/310 2605/479/309
f 2938/504/226 2973/505/301 2842/506/104
f 2002/338/231 2005/507/325 2004/407/268
f 938/324/222 1992/310/125 934/271/194
f 936/294/207 944/499/320 937/295/208
f 2001/328/225 2006/508/326 1972/433/282
f 410/471/304 415/509/327 416/510/328
f 2605/479/309 2604/478/279 2610/511/329
f 2620/512/272 2603/513/291 2614/514/330
f 2928/135/103 2849/234/169 2933/361/243
f 2611/515/331 2605/479/309 2610/511/329
f 414/500/321 401/430/280 412/474/307
f 405/440/288 403/436/285 408/469/302
f 417/516/332 404/439/287 402/435/284
f 2530/487/281 2715/461/300 2716/517/333
f 2718/518/334 2710/423/274 2712/446/271
f 410/471/304 416/510/328 402/435/284
f 2554/519/316 946/520/335 942/490/315
f 2847/133/102 2846/106/83 2850/521/336
f 942/490/315 946/520/335 941/488/314
f 400/428/278 411/473/306 401/430/280
f 2678/496/317 2612/522/337 2602/442/289
f 2007/523/338 2001/328/225 2003/394/259
f 2837/524/195 2836/254/183 2938/525/226
f 2743/526/339 2753/527/339 2752/528/339
f 2744/529/340 2739/369/246 2740/371/247
f 2709/355/240 2745/530/341 2712/416/271
f 2674/531/286 2619/532/342 2677/533/273
f 1747/534/343 397/379/249 1746/356/229
f 1973/535/344 1971/374/248 1972/480/282
f 2620/512/272 2614/514/330 2613/536/345
f 1838/318/218 1834/230/167 1839/342/234
f 2713/458/298 2711/424/275 2710/423/274
f 2611/515/331 2609/503/324 2605/479/309
f 2932/269/192 2931/265/190 2937/457/297
f 941/488/314 2714/537/299 2720/538/296
f 449/539/283 933/301/185 419/303/211
f 2557/540/346 2608/502/323 2609/503/324
f 2615/541/347 2604/429/279 2602/442/289
f 2677/533/273 2619/532/342 2678/542/317
f 2602/442/289 2612/522/337 2615/541/347
f 2669/543/348 2601/544/348 2621/545/348
f 2619/532/342 2674/531/286 2662/546/206
f 410/471/304 414/500/321 415/509/327
f 2607/547/310 2614/548/330 2603/549/291
f 417/516/332 402/435/284 416/510/328
f 2741/396/255 2679/550/349 2754/451/293
f 2752/485/312 2744/529/340 2740/371/247
f 2526/240/173 2528/308/213 2531/551/350
f 1973/535/344 1850/552/351 1971/374/248
f 2846/106/83 2851/553/96 2850/521/336
f 418/554/352 405/440/288 408/469/302
f 2713/494/298 2555/555/353 2554/492/316
f 947/556/354 941/488/314 948/557/355
f 2614/548/330 2607/547/310 2618/558/356
f 2610/511/329 2604/559/279 2615/560/347
f 940/412/269 937/295/208 944/499/320
f 946/520/335 948/557/355 941/488/314
f 2714/537/299 941/488/314 947/556/354
f 2608/502/323 2557/540/346 2616/561/357
f 1838/318/218 1704/562/358 1841/398/260
f 2559/563/359 2611/515/331 2610/511/329
f 1846/564/311 1747/534/343 1746/356/229
f 1971/374/248 1850/552/351 1844/467/265
f 2617/565/360 2607/482/310 2608/502/323
f 2680/566/361 2619/567/342 2662/293/206
f 1845/476/308 1840/352/238 1842/399/261
f 405/440/288 418/554/352 419/568/211
f 2003/394/259 2004/407/268 2008/569/362
f 949/570/363 940/412/269 950/571/364
f 2554/492/316 2555/555/353 955/572/365
f 949/570/363 951/573/366 938/324/222
f 411/473/306 420/574/367 412/474/307
f 2611/515/331 2557/540/346 2609/503/324
f 2709/452/240 2739/369/246 2745/575/341
f 2607/482/310 2617/565/360 2618/576/356
f 2939/577/368 2935/381/251 2928/135/103
f 2610/511/329 2615/560/347 2559/563/359
f 415/509/327 1749/578/369 1750/579/370
f 2555/580/353 2713/458/298 2710/423/274
f 411/473/306 405/440/288 419/568/211
f 449/434/283 436/581/371 935/275/197
f 951/573/366 939/325/188 938/324/222
f 2617/565/360 2608/502/323 2616/561/357
f 2614/514/330 2618/582/356 2643/583/372
f 2739/369/246 2746/584/373 2745/575/341
f 2710/423/274 2718/518/334 2717/585/374
f 2717/586/374 2555/580/353 2710/423/274
f 1973/535/344 1972/480/282 2009/587/375
f 2669/588/376 2621/589/376 2681/590/376
f 2009/591/375 1972/433/282 2006/508/326
f 1702/592/377 1843/403/264 1844/404/265
f 2614/514/330 2643/583/372 2613/536/345
f 947/593/354 952/594/378 2714/595/299
f 2534/596/379 2716/597/379 2715/598/379
f 949/570/363 938/324/222 940/412/269
f 2612/522/337 2678/496/317 2619/599/342
f 939/263/188 961/600/380 2002/338/231
f 421/601/381 418/554/352 408/469/302
f 406/449/292 422/602/382 413/486/313
f 412/474/307 1749/578/369 414/500/321
f 953/603/383 947/556/354 948/557/355
f 947/593/354 953/604/383 954/605/384
f 975/606/385 953/603/383 948/557/355
f 2714/595/299 952/594/378 2715/607/300
f 2007/523/338 2006/508/326 2001/328/225
f 2613/608/345 2621/609/318 2620/610/272
f 2531/551/350 2524/123/94 2526/240/173
f 947/593/354 954/605/384 952/594/378
f 411/473/306 419/568/211 420/574/367
f 2739/369/246 2744/529/340 2746/584/373
f 413/486/313 423/611/386 409/470/303
f 2532/612/387 2519/85/70 2529/326/223
f 2554/519/316 955/613/365 946/520/335
f 2717/614/374 2745/615/341 2555/616/353
f 415/509/327 424/617/388 416/510/328
f 417/516/332 416/510/328 424/617/388
f 951/573/366 956/618/389 939/325/188
f 2557/540/346 2611/515/331 2558/619/390
f 425/620/391 408/469/302 409/470/303
f 949/570/363 953/604/383 951/573/366
f 953/604/383 949/570/363 950/571/364
f 2669/376/244 2681/621/392 2679/550/349
f 954/605/384 953/604/383 950/571/364
f 2612/522/337 2619/599/342 2625/622/393
f 2533/623/394 2528/308/213 2519/85/70
f 950/571/364 940/412/269 957/624/395
f 408/469/302 426/625/396 421/601/381
f 419/303/211 396/316/216 420/626/367
f 412/474/307 427/627/397 1749/578/369
f 970/628/398 2529/326/223 2530/432/281
f 2623/629/399 2621/630/318 2613/631/345
f 2560/632/400 2616/561/357 2557/540/346
f 946/520/335 955/613/365 2012/633/401
f 428/634/402 407/453/294 404/439/287
f 404/439/287 429/635/403 430/636/404
f 970/628/398 2530/432/281 2716/637/333
f 2555/616/353 2745/615/341 2747/638/405
f 1843/403/264 1702/592/377 1839/342/234
f 1973/535/344 2009/587/375 1850/552/351
f 425/620/391 426/625/396 408/469/302
f 1749/578/369 415/509/327 414/500/321
f 2556/639/406 2555/640/353 2747/641/405
f 951/573/366 953/604/383 975/642/385
f 2643/643/372 2618/576/356 2622/644/407
f 415/509/327 1750/579/370 424/617/388
f 1865/645/408 1845/476/308 1841/398/260
f 2931/265/190 2934/380/250 2940/646/409
f 429/635/403 404/439/287 417/516/332
f 951/573/366 975/642/385 956/618/389
f 417/516/332 424/617/388 429/635/403
f 2008/569/362 2007/523/338 2003/394/259
f 2753/472/305 2742/455/295 2748/647/410
f 2746/584/373 2744/529/340 2749/648/411
f 2012/633/401 955/613/365 2016/649/412
f 950/571/364 957/624/395 954/605/384
f 1839/342/234 1699/650/413 1838/318/218
f 396/651/216 431/652/270 420/574/367
f 420/574/367 431/652/270 427/627/397
f 954/605/384 957/624/395 958/653/414
f 404/439/287 430/636/404 428/634/402
f 432/654/415 428/634/402 430/636/404
f 425/620/391 409/470/303 423/611/386
f 2836/254/183 2936/405/266 2941/655/416
f 2745/530/341 2718/656/334 2712/416/271
f 2559/563/359 2615/560/347 2562/657/417
f 2617/565/360 2616/561/357 2622/644/407
f 2742/455/295 2754/475/293 2748/647/410
f 2622/644/407 2618/576/356 2617/565/360
f 2741/396/255 2669/376/244 2679/550/349
f 2611/515/331 2559/563/359 2558/619/390
f 2748/647/410 2754/475/293 2750/658/418
f 418/554/352 421/601/381 419/568/211
f 948/557/355 946/520/335 2012/633/401
f 406/449/292 433/659/419 422/602/382
f 2718/518/334 2745/660/341 2717/585/374
f 2681/661/420 2621/662/420 2623/663/420
f 2534/664/421 2715/607/300 952/594/378
f 2002/338/231 961/600/380 2005/507/325
f 2752/485/312 2749/648/411 2744/529/340
f 2556/665/406 955/572/365 2555/555/353
f 1866/666/422 1845/667/308 1865/668/408
f 2625/669/393 2619/567/342 2680/566/361
f 2613/631/345 2626/670/423 2623/629/399
f 2624/671/424 2612/522/337 2625/672/393
f 434/673/425 425/620/391 423/611/386
f 948/557/355 2012/633/401 975/606/385
f 2626/674/423 2613/536/345 2643/583/372
f 420/574/367 427/627/397 412/474/307
f 2560/632/400 2557/540/346 2627/675/426
f 2615/541/347 2612/522/337 2624/671/424
f 959/676/427 954/605/384 958/653/414
f 975/642/385 976/677/428 956/618/389
f 423/611/386 413/486/313 422/602/382
f 956/618/389 976/677/428 939/325/188
f 2534/678/421 970/628/398 2716/637/333
f 2557/679/429 2558/680/429 2627/681/429
f 2006/508/326 2010/682/430 2009/591/375
f 2016/649/412 955/613/365 2020/683/431
f 2681/621/392 2682/684/432 2679/550/349
f 2011/685/433 2010/682/430 2007/523/338
f 960/686/434 958/653/414 957/624/395
f 2937/457/297 2931/265/190 2940/646/409
f 2006/508/326 2007/523/338 2010/682/430
f 2747/638/405 2745/615/341 2779/687/435
f 2615/541/347 2624/671/424 2632/688/436
f 1748/689/437 1749/690/369 427/691/397
f 757/692/438 425/620/391 434/673/425
f 940/412/269 960/686/434 957/624/395
f 426/625/396 425/620/391 757/692/438
f 435/693/439 419/568/211 421/601/381
f 976/677/428 961/694/380 939/325/188
f 959/676/427 952/594/378 954/605/384
f 2559/695/359 2562/696/417 2558/697/390
f 2643/643/372 2622/644/407 2636/698/440
f 945/501/322 936/294/207 935/275/197
f 2628/699/441 2623/629/399 2626/670/423
f 2942/700/442 2934/380/250 2935/381/251
f 2616/561/357 2560/632/400 2629/701/443
f 2556/702/406 2024/703/444 2020/683/431
f 962/704/445 963/705/446 952/594/378
f 969/706/447 2532/612/387 970/628/398
f 2528/308/213 2533/623/394 2535/707/448
f 2534/664/421 952/594/378 963/705/446
f 449/539/283 419/303/211 435/708/439
f 2011/685/433 2007/523/338 2008/569/362
f 2779/687/435 2745/615/341 2746/709/373
f 1845/476/308 1847/710/449 1840/352/238
f 2680/711/361 2630/712/450 2625/672/393
f 2643/583/372 2636/713/440 2626/674/423
f 1865/645/408 1841/398/260 1701/714/451
f 1847/710/449 1846/484/311 1840/352/238
f 2623/715/399 2628/699/441 2681/716/392
f 2753/472/305 2748/647/410 2751/717/452
f 2752/718/453 2753/719/453 2751/720/453
f 935/275/197 436/581/371 945/501/322
f 436/721/371 449/722/283 435/693/439
f 2532/612/387 2529/326/223 970/628/398
f 2754/723/293 2747/638/405 2779/687/435
f 430/636/404 345/724/454 432/654/415
f 2588/725/455 2629/701/443 2560/632/400
f 2624/671/424 2625/672/393 2630/712/450
f 2639/726/456 2632/688/436 2624/671/424
f 2616/561/357 2629/701/443 2622/644/407
f 423/611/386 422/602/382 437/727/457
f 757/692/438 438/728/458 426/625/396
f 952/594/378 959/676/427 964/729/459
f 958/653/414 965/730/460 959/676/427
f 2562/657/417 2615/560/347 2631/731/461
f 1757/732/462 431/733/270 397/379/249
f 2933/361/243 2939/577/368 2928/135/103
f 2615/560/347 2632/734/436 2631/731/461
f 2627/735/463 2588/736/463 2560/737/463
f 2682/684/432 2754/451/293 2679/550/349
f 2622/644/407 2629/701/443 2636/698/440
f 2012/738/401 2013/739/464 976/740/428
f 965/730/460 966/741/465 959/676/427
f 407/453/294 433/659/419 406/449/292
f 965/730/460 958/653/414 960/686/434
f 430/636/404 429/635/403 345/724/454
f 1847/710/449 1845/476/308 1866/742/422
f 975/606/385 2012/633/401 976/743/428
f 439/744/466 428/634/402 432/654/415
f 424/745/388 1750/746/370 1751/747/467
f 2749/648/411 2752/485/312 2757/748/468
f 423/611/386 437/727/457 434/673/425
f 2010/682/430 2014/749/469 2009/591/375
f 2750/658/418 2755/750/470 2748/647/410
f 965/730/460 960/686/434 940/412/269
f 2779/687/435 2746/709/373 2749/751/411
f 2556/702/406 2020/683/431 955/613/365
f 965/730/460 940/412/269 944/499/320
f 1752/752/471 1750/746/370 1749/690/369
f 2681/716/392 2628/699/441 2633/753/472
f 2015/754/473 2012/738/401 2016/755/412
f 1757/732/462 397/379/249 1747/534/343
f 2038/756/474 961/600/380 976/757/428
f 2634/758/475 2024/759/444 2556/760/406
f 1699/761/413 1700/762/476 1838/763/218
f 959/676/427 966/741/465 964/729/459
f 2847/133/102 2850/521/336 2852/764/477
f 649/765/478 647/766/479 719/767/480
f 649/765/478 719/767/480 718/768/481
f 2754/769/293 2682/770/432 2556/771/406
f 2736/292/202 2680/566/361 2662/293/206
f 2636/772/440 2628/699/441 2626/670/423
f 2754/773/293 2556/639/406 2747/641/405
f 433/659/419 407/453/294 439/744/466
f 2945/774/482 2943/775/483 2944/776/484
f 1749/690/369 1748/689/437 1752/752/471
f 421/601/381 440/777/485 435/693/439
f 2945/774/482 2948/778/486 2943/775/483
f 651/779/487 647/766/479 649/765/478
f 2519/85/70 2532/612/387 2533/623/394
f 2942/700/442 2940/646/409 2934/380/250
f 439/744/466 407/453/294 428/634/402
f 2945/780/488 2947/781/488 2948/782/488
f 648/783/489 718/784/481 720/785/490
f 2680/711/361 2684/786/491 2630/712/450
f 2562/696/417 2563/787/492 2558/697/390
f 2681/716/392 2633/753/472 2682/788/432
f 2752/485/312 2759/789/493 2757/748/468
f 2629/701/443 2588/725/455 2637/790/494
f 1747/534/343 1846/564/311 1848/791/495
f 648/783/489 649/792/478 718/784/481
f 1702/592/377 1699/650/413 1839/342/234
f 2632/734/436 2639/793/456 2631/731/461
f 963/705/446 967/794/496 2534/664/421
f 952/594/378 964/729/459 962/704/445
f 1847/710/449 1867/795/497 1848/796/495
f 2556/771/406 2682/770/432 2634/797/475
f 1848/796/495 1846/484/311 1847/710/449
f 2945/798/482 2975/799/498 2947/800/499
f 647/766/479 650/801/500 719/767/480
f 2948/778/486 2953/802/501 2943/775/483
f 648/783/489 651/803/487 649/792/478
f 431/652/270 1757/804/462 427/627/397
f 1701/805/451 1659/806/502 1852/807/503
f 2008/569/362 2017/808/504 2018/809/505
f 717/810/506 718/811/481 719/812/480
f 2639/726/456 2624/671/424 2635/813/507
f 2752/814/312 2751/717/452 2759/815/493
f 345/724/454 429/635/403 441/816/508
f 1748/689/437 427/691/397 1753/817/509
f 2944/776/484 2975/818/498 2945/774/482
f 944/499/320 943/498/319 965/730/460
f 2011/685/433 2008/569/362 2018/809/505
f 1750/746/370 1752/752/471 1754/819/510
f 1757/732/462 1747/534/343 1755/820/511
f 2628/699/441 2634/821/475 2633/753/472
f 2627/822/512 2558/823/390 2563/824/492
f 976/740/428 2013/739/464 2038/825/474
f 2750/826/513 2754/827/513 2779/828/513
f 2680/566/361 2736/292/202 2683/829/514
f 2008/569/362 2004/407/268 2005/507/325
f 2636/698/440 2629/701/443 2637/790/494
f 1849/830/515 1844/404/265 1850/831/351
f 426/625/396 440/777/485 421/601/381
f 651/779/487 652/832/516 647/766/479
f 426/625/396 438/728/458 440/777/485
f 2019/833/517 2008/569/362 2005/507/325
f 1750/746/370 1754/819/510 1751/747/467
f 718/834/481 658/835/518 720/836/490
f 757/692/438 434/673/425 755/837/519
f 2682/770/432 2633/838/472 2634/797/475
f 1867/795/497 1847/710/449 1866/742/422
f 966/741/465 968/839/520 964/729/459
f 2563/824/492 2561/840/521 2627/822/512
f 2935/381/251 2939/577/368 2946/841/522
f 2858/842/523 2933/361/243 2848/360/111
f 2975/799/498 3091/843/524 2947/800/499
f 2948/844/525 2956/845/525 2953/846/525
f 2748/647/410 2756/847/526 2751/717/452
f 2019/833/517 2017/808/504 2008/569/362
f 2947/848/499 2956/849/527 2948/850/528
f 718/811/481 717/810/506 721/851/529
f 718/834/481 721/852/529 658/835/518
f 945/501/322 891/853/530 943/498/319
f 1699/761/413 1702/854/377 1703/855/531
f 2588/856/455 2627/822/512 2568/857/532
f 963/705/446 964/729/459 977/858/533
f 2956/849/527 2947/848/499 2957/859/534
f 2562/860/535 2631/861/535 2563/862/535
f 2564/863/536 2634/821/475 2636/772/440
f 2016/755/412 2020/864/431 2021/865/537
f 2015/754/473 2016/755/412 2021/865/537
f 2750/866/418 2779/867/435 2755/868/470
f 2568/857/532 2637/869/494 2588/856/455
f 719/812/480 722/870/538 717/810/506
f 963/705/446 962/704/445 964/729/459
f 969/871/447 970/872/398 2534/664/421
f 2014/873/469 2010/682/430 2011/685/433
f 2636/874/539 2637/875/539 2567/876/539
f 1751/747/467 1756/877/540 424/745/388
f 2628/699/441 2636/772/440 2634/821/475
f 968/839/520 966/741/465 965/730/460
f 651/779/487 653/878/541 652/832/516
f 648/783/489 654/879/542 651/803/487
f 2015/754/473 2013/739/464 2012/738/401
f 1704/880/358 1838/763/218 1700/762/476
f 647/766/479 652/832/516 650/801/500
f 2944/881/484 2943/882/483 2949/883/543
f 2944/884/484 2949/885/543 2975/799/498
f 2568/857/532 2627/822/512 2561/840/521
f 2022/886/544 2038/825/474 2013/739/464
f 2684/786/491 2638/887/545 2630/712/450
f 650/801/500 722/888/538 719/767/480
f 2949/883/543 2943/882/483 2953/889/501
f 2011/685/433 2018/809/505 2023/890/546
f 2756/847/526 2760/891/547 2751/717/452
f 2023/890/546 2014/873/469 2011/685/433
f 967/794/496 963/705/446 977/858/533
f 2624/671/424 2630/712/450 2635/813/507
f 2022/886/544 2013/739/464 2015/754/473
f 2567/892/548 2564/863/536 2636/772/440
f 2683/829/514 2684/893/491 2680/566/361
f 650/801/500 652/832/516 655/894/549
f 650/801/500 655/894/549 722/888/538
f 1841/398/260 1704/562/358 1701/714/451
f 1701/805/451 1852/807/503 1865/895/408
f 2853/896/550 2848/145/111 2847/133/102
f 1753/817/509 427/691/397 1757/897/462
f 2561/840/521 2563/898/492 2631/899/461
f 653/878/541 656/900/551 652/832/516
f 968/839/520 971/901/552 964/729/459
f 2024/759/444 2634/758/475 2564/902/536
f 1866/666/422 1865/668/408 1851/903/553
f 1849/830/515 1702/592/377 1844/404/265
f 891/853/530 965/730/460 943/498/319
f 723/904/554 721/851/529 717/810/506
f 648/905/489 720/906/490 657/907/555
f 2856/908/556 2851/125/96 2524/123/94
f 2631/899/461 2639/909/456 2565/910/557
f 1766/911/558 429/635/403 424/617/388
f 2021/865/537 2039/912/559 2015/754/473
f 436/721/371 435/693/439 440/777/485
f 2847/133/102 2852/764/477 2853/896/550
f 1868/913/560 1867/914/497 1866/915/422
f 964/729/459 972/916/561 977/858/533
f 2640/917/562 2639/726/456 2641/918/563
f 2749/919/411 2756/920/526 2779/867/435
f 2975/799/498 2950/921/564 3091/843/524
f 2565/910/557 2561/840/521 2631/899/461
f 964/729/459 978/922/565 972/916/561
f 2637/923/566 2568/924/566 2567/925/566
f 2751/717/452 2760/891/547 2759/815/493
f 964/729/459 971/901/552 973/926/567
f 2957/859/534 2947/848/499 2951/927/568
f 2561/840/521 2570/928/569 2568/857/532
f 2756/920/526 2749/919/411 2757/929/468
f 968/839/520 965/730/460 973/930/567
f 2758/931/570 2748/647/410 2755/750/470
f 720/906/490 658/932/518 657/907/555
f 1699/761/413 1703/855/531 1700/762/476
f 655/894/549 652/832/516 659/933/571
f 2531/551/350 2528/308/213 2536/934/572
f 2755/868/470 2779/867/435 2758/935/570
f 438/728/458 442/936/573 440/777/485
f 2561/840/521 2565/910/557 2570/928/569
f 651/803/487 654/879/542 660/937/574
f 2566/938/575 2567/939/548 2568/940/532
f 2565/941/576 2639/942/576 2640/943/576
f 1754/819/510 1758/944/577 1751/747/467
f 973/930/567 965/730/460 891/853/530
f 968/839/520 973/945/567 971/901/552
f 2635/813/507 2641/918/563 2639/726/456
f 1866/666/422 1851/903/553 1868/946/560
f 652/832/516 656/900/551 659/933/571
f 2635/813/507 2630/712/450 2638/887/545
f 969/871/447 2534/664/421 967/794/496
f 973/926/567 978/922/565 964/729/459
f 2635/813/507 2572/947/578 2641/918/563
f 436/581/371 889/948/579 945/501/322
f 651/803/487 660/937/574 653/949/541
f 2017/808/504 2029/950/580 2018/809/505
f 658/835/518 721/852/529 753/951/581
f 2567/939/548 2566/938/575 2564/952/536
f 2568/940/532 2570/953/569 2569/954/582
f 345/724/454 347/955/583 443/956/584
f 2039/912/559 2021/865/537 2020/864/431
f 2758/935/570 2779/867/435 2756/920/526
f 2758/931/570 2756/847/526 2748/647/410
f 755/957/519 437/958/457 756/959/585
f 759/960/586 437/727/457 433/659/419
f 2039/912/559 2022/886/544 2015/754/473
f 961/600/380 2038/756/474 2039/961/559
f 974/962/587 887/963/588 967/794/496
f 721/851/529 723/904/554 753/964/581
f 2020/864/431 2024/965/444 2025/966/589
f 717/810/506 722/870/538 724/967/590
f 345/968/454 346/969/591 347/970/583
f 2936/405/266 2937/457/297 2952/971/592
f 2953/972/593 2956/973/593 3124/974/593
f 2568/940/532 2569/954/582 2566/938/575
f 2954/975/594 2939/577/368 2933/361/243
f 2955/976/595 2938/525/226 2836/254/183
f 2038/977/596 2022/978/596 2039/979/596
f 433/659/419 439/744/466 734/980/597
f 969/706/447 2537/981/598 2532/612/387
f 1759/982/599 1753/817/509 1757/897/462
f 2975/799/498 2949/885/543 2950/921/564
f 655/894/549 661/983/600 722/888/538
f 658/984/518 725/985/601 657/986/555
f 2565/987/602 2640/988/602 2641/989/602
f 1757/732/462 1755/820/511 1759/990/599
f 437/727/457 422/602/382 433/659/419
f 433/659/419 734/980/597 759/960/586
f 2005/507/325 961/600/380 2039/961/559
f 2759/991/493 2760/992/547 2757/993/468
f 724/967/590 722/870/538 661/994/600
f 2020/864/431 2025/966/589 2039/912/559
f 662/995/603 648/905/489 657/907/555
f 663/996/604 654/879/542 648/997/489
f 653/878/541 664/998/605 656/900/551
f 2757/929/468 2760/999/547 2756/920/526
f 653/878/541 665/1000/606 664/998/605
f 2635/813/507 2638/887/545 2572/947/578
f 2761/1001/607 2760/992/608 2759/991/609
f 443/956/584 432/654/415 345/724/454
f 444/1002/610 442/936/573 438/728/458
f 2018/809/505 2029/950/580 2026/1003/611
f 660/937/574 665/1000/606 653/949/541
f 2018/809/505 2026/1003/611 2023/890/546
f 2569/1004/582 2564/952/536 2566/938/575
f 666/1005/612 655/894/549 659/933/571
f 723/904/554 717/810/506 763/1006/613
f 2572/947/578 2638/887/545 2687/1007/614
f 2760/891/608 2762/1008/615 2759/815/609
f 763/1006/613 717/810/506 724/967/590
f 2641/1009/616 2572/1010/616 2577/1011/616
f 887/1012/588 888/1013/617 969/1014/447
f 440/777/485 758/1015/618 436/721/371
f 2537/1016/598 969/1014/447 888/1013/617
f 655/894/549 666/1005/612 661/983/600
f 2565/1017/557 2641/1018/619 2576/1019/620
f 726/1020/621 725/985/601 658/984/518
f 2956/1021/527 2957/1022/534 3124/1023/622
f 2570/953/569 2574/1024/623 2569/954/582
f 2850/521/336 2851/553/96 2854/1025/624
f 2855/1026/625 2850/521/336 2854/1025/624
f 2852/764/477 2850/521/336 2855/1026/625
f 2761/1027/607 2759/815/609 2762/1008/615
f 1850/831/351 1707/1028/626 1849/830/515
f 1752/752/471 1748/689/437 1760/1029/627
f 2951/927/568 2947/848/499 3091/1030/524
f 662/995/603 663/1031/604 648/905/489
f 656/900/551 664/998/605 667/1032/628
f 1748/689/437 1753/817/509 1761/1033/629
f 1703/855/531 1705/1034/630 1700/762/476
f 723/904/554 727/1035/631 753/964/581
f 2576/1019/620 2570/1036/569 2565/1017/557
f 2564/952/536 2569/1004/582 2571/1037/632
f 440/777/485 442/936/573 445/1038/633
f 974/962/587 967/794/496 977/858/533
f 2685/1039/634 2638/1040/545 2686/1041/635
f 2024/759/444 2564/902/536 2571/1042/632
f 656/900/551 667/1032/628 659/933/571
f 2533/623/394 2532/612/387 2535/707/448
f 2836/254/183 2941/655/416 2955/976/595
f 443/956/584 348/1043/636 432/654/415
f 664/998/605 665/1000/606 668/1044/637
f 758/1045/618 889/1046/579 436/1047/371
f 2685/1039/634 2687/1048/614 2638/1040/545
f 2582/1049/638 2025/966/589 2024/965/444
f 2761/1001/607 2762/1050/615 2760/992/608
f 2027/1051/639 2039/912/559 2025/966/589
f 1700/762/476 1654/1052/640 1704/880/358
f 753/1053/581 726/1020/621 658/984/518
f 1755/1054/511 1764/1055/641 1759/982/599
f 1748/689/437 1761/1033/629 1760/1029/627
f 887/963/588 969/871/447 967/794/496
f 439/744/466 446/1056/642 734/980/597
f 1754/819/510 1752/752/471 1760/1029/627
f 2688/1057/643 2572/1058/643 2687/1059/643
f 1865/668/408 1852/1060/503 1853/1061/644
f 1865/668/408 1853/1061/644 1851/903/553
f 437/727/457 755/837/519 434/673/425
f 1747/534/343 1848/791/495 1755/820/511
f 2571/1062/632 2582/1049/638 2024/965/444
f 977/1063/533 972/916/561 978/922/565
f 1851/903/553 1853/1061/644 1854/1064/645
f 1702/854/377 1849/1065/515 1706/1066/646
f 2570/1036/569 2576/1019/620 2574/1067/623
f 2641/1068/647 2577/1069/647 2576/1070/647
f 2577/1071/648 2572/1072/649 2573/1073/650
f 1848/1074/495 1867/914/497 1855/1075/651
f 2684/893/491 2686/1041/635 2638/1040/545
f 438/728/458 757/692/438 444/1002/610
f 2684/893/491 2683/829/514 2686/1041/635
f 2952/971/592 2937/457/297 2940/646/409
f 1704/880/358 1654/1052/640 1701/1076/451
f 760/1077/652 437/958/457 754/1078/653
f 1762/1079/654 1758/944/577 1754/819/510
f 2569/1004/582 2574/1080/623 2575/1081/655
f 2575/1081/655 2571/1037/632 2569/1004/582
f 662/995/603 657/907/555 709/1082/656
f 444/1083/610 757/1084/438 755/957/519
f 2017/808/504 2028/1085/657 2029/1086/580
f 727/1035/631 723/904/554 763/1006/613
f 2764/1087/658 2763/1088/659 2769/1089/660
f 2019/833/517 2028/1085/657 2017/808/504
f 2769/1089/660 2763/1088/659 2766/1090/661
f 2764/1091/658 2769/1092/660 2765/1093/662
f 2574/1094/623 2576/1095/620 2575/1096/655
f 2576/1097/663 2577/1098/648 2578/1099/664
f 977/1100/533 890/1101/665 974/1102/587
f 890/1101/665 978/1103/565 973/930/567
f 2851/553/96 2856/1104/556 2857/1105/666
f 890/1101/665 977/1100/533 978/1103/565
f 1854/1064/645 1821/1106/667 1851/903/553
f 660/937/574 668/1044/637 665/1000/606
f 2950/921/564 2949/885/543 3092/1107/668
f 1753/817/509 1759/982/599 1761/1033/629
f 2769/1108/660 2766/1109/661 2767/1110/669
f 2764/1087/658 2773/1111/670 2763/1088/659
f 2767/1112/669 2766/1090/661 2763/1088/659
f 2030/1113/671 2014/873/469 2023/890/546
f 1851/903/553 1821/1106/667 1868/946/560
f 660/937/574 654/879/542 669/1114/672
f 440/1115/485 445/1116/633 758/1117/618
f 2764/1118/658 2765/1119/662 2773/1120/670
f 890/1121/665 891/1122/530 892/1123/673
f 345/724/454 441/816/508 346/1124/591
f 2578/1125/664 2577/1071/648 2579/1126/674
f 1656/1127/675 1701/805/675 1654/1128/675
f 2576/1095/620 2581/1129/676 2575/1096/655
f 2858/1130/523 2848/145/111 2853/896/550
f 2005/507/325 2039/961/559 2019/833/517
f 2768/1131/677 2690/1132/678 2841/1133/214
f 2839/1134/679 2973/465/301 2840/1135/680
f 2688/1136/681 2687/1137/614 2685/1138/634
f 2572/1072/649 2688/1139/681 2573/1073/650
f 2936/405/266 2952/971/592 2958/1140/682
f 1751/747/467 1758/944/577 1756/877/540
f 2580/1141/683 2571/1142/632 2575/1143/655
f 1855/1075/651 1867/914/497 1868/913/560
f 2576/1097/663 2578/1099/664 2583/1144/684
f 731/1145/685 661/983/600 666/1005/612
f 2774/1146/686 2768/1131/677 2841/1133/214
f 2579/1126/674 2577/1071/648 2573/1073/650
f 2767/1110/669 2770/1147/687 2769/1108/660
f 2953/1148/501 3124/1149/622 3089/1150/688
f 2026/1003/611 2030/1113/671 2023/890/546
f 2942/700/442 2959/1151/689 2940/646/409
f 2769/1152/660 2770/1153/687 2771/1154/690
f 2770/1155/687 2767/1112/669 2763/1088/659
f 2575/1143/655 2581/1156/676 2580/1141/683
f 2576/1157/691 2583/1158/691 2581/1159/691
f 2935/381/251 2946/841/522 2942/700/442
f 2736/292/202 2689/1160/692 2683/829/514
f 889/948/579 891/853/530 945/501/322
f 663/1031/604 662/995/603 670/1161/693
f 667/1032/628 666/1005/612 659/933/571
f 753/1053/581 728/1162/694 726/1020/621
f 2524/123/94 2531/551/350 2856/908/556
f 753/964/581 727/1035/631 729/1163/695
f 2538/1164/696 2528/308/213 2535/707/448
f 2690/1165/678 2736/292/202 2841/1166/214
f 3090/1167/697 2951/1168/568 3091/1169/524
f 1755/820/511 1763/1170/698 1764/1171/641
f 654/879/542 663/996/604 670/1172/693
f 2768/1173/677 2774/1174/686 2765/1119/662
f 2581/1156/676 2583/1175/684 2580/1141/683
f 709/1082/656 671/1176/699 662/995/603
f 724/967/590 661/994/600 761/1177/700
f 2765/1093/662 2769/1092/660 2771/1178/690
f 887/1012/588 974/1179/587 893/1180/701
f 3091/1181/524 2950/1182/564 3090/1183/697
f 2582/1184/702 2571/1185/702 2580/1186/702
f 3095/1187/703 2950/1188/564 3092/1189/668
f 443/956/584 347/955/583 348/1043/636
f 894/1190/704 893/1180/701 974/1179/587
f 2765/1093/662 2771/1178/690 2780/1191/705
f 893/1180/701 888/1013/617 887/1012/588
f 660/937/574 684/1192/706 668/1044/637
f 2933/361/243 2858/842/523 2954/975/594
f 729/1163/695 728/1193/694 753/964/581
f 2583/1194/684 2578/1195/664 2579/1196/674
f 2736/292/202 2690/1165/678 2689/1160/692
f 2688/1139/681 2584/1197/707 2573/1073/650
f 2688/1136/681 2691/1198/708 2584/1199/707
f 1706/1066/646 1703/855/531 1702/854/377
f 2573/1073/650 2584/1200/707 2585/1201/709
f 3124/1023/622 2957/1022/534 2951/1202/568
f 2579/1126/674 2573/1073/650 2585/1201/709
f 2841/1203/214 2839/1204/679 2774/1205/686
f 2768/1131/677 2765/1206/662 2780/1207/705
f 2686/1041/635 2683/829/514 2689/1160/692
f 441/816/508 429/635/403 1766/911/558
f 2765/1119/662 2774/1174/686 2773/1120/670
f 2771/1154/690 2770/1153/687 2772/1208/710
f 2780/1207/705 2690/1132/678 2768/1131/677
f 2771/1209/690 2772/1210/710 2693/1211/711
f 1759/982/599 1764/1055/641 1761/1033/629
f 2691/1198/708 2688/1136/681 2685/1138/634
f 1856/1212/712 1848/1074/495 1855/1075/651
f 1765/1213/713 1754/819/510 1760/1029/627
f 2771/1214/690 2692/1215/714 2780/1216/705
f 890/1101/665 973/930/567 891/853/530
f 2031/1217/715 2025/966/589 2582/1049/638
f 672/1218/716 670/1161/693 662/995/603
f 2580/1219/683 2583/1194/684 2579/1196/674
f 2772/1220/710 2770/1155/687 2695/1221/717
f 2855/1026/625 2859/1222/718 2852/764/477
f 444/1083/610 445/1116/633 442/1223/573
f 2692/1215/714 2771/1214/690 2693/1224/711
f 2686/1041/635 2689/1160/692 2692/1215/714
f 895/1225/719 896/1226/720 2537/1016/598
f 2685/1039/634 2692/1215/714 2693/1224/711
f 2685/1039/634 2686/1041/635 2692/1215/714
f 2773/1227/721 2774/1228/721 2775/1229/721
f 894/1190/704 974/1179/587 890/1230/665
f 1706/1066/646 1849/1065/515 1707/1231/626
f 667/1032/628 673/1232/722 666/1005/612
f 2763/1088/659 2773/1111/670 2776/1233/723
f 2690/1165/678 2780/1216/705 2692/1215/714
f 2692/1215/714 2689/1160/692 2690/1165/678
f 1850/1234/724 1822/1235/724 1707/1236/724
f 2839/1204/679 2775/1237/725 2774/1205/686
f 1857/1238/726 1856/1212/712 1855/1075/651
f 2584/1199/707 2691/1198/708 2694/1239/727
f 2855/1026/625 2854/1025/624 2860/1240/728
f 2839/1134/679 2841/1241/214 2973/465/301
f 446/1056/642 432/654/415 348/1043/636
f 1848/791/495 1763/1170/698 1755/820/511
f 2694/1239/727 2691/1198/708 2696/1242/729
f 2696/1242/729 2685/1138/634 2693/1211/711
f 2853/896/550 2861/1243/730 2858/1130/523
f 758/1117/618 445/1116/633 444/1083/610
f 2854/1025/624 2851/553/96 2857/1105/666
f 348/1244/636 347/970/583 349/1245/731
f 1756/877/540 1766/1246/558 424/745/388
f 2772/1210/710 2696/1242/729 2693/1211/711
f 669/1114/672 654/879/542 670/1172/693
f 446/1056/642 348/1043/636 447/1247/732
f 1656/1127/733 1659/806/502 1701/805/451
f 888/1013/617 893/1180/701 894/1190/704
f 2537/981/598 896/1248/720 2532/612/387
f 2763/1088/659 2776/1233/723 2777/1249/734
f 437/958/457 759/1250/586 754/1078/653
f 2532/612/387 896/1248/720 2535/707/448
f 1765/1213/713 1760/1029/627 1761/1033/629
f 2584/1199/707 2694/1239/727 2585/1251/709
f 2028/1085/657 2032/1252/735 2026/1253/611
f 2772/1254/710 2695/1255/717 2696/1256/729
f 895/1225/719 2537/1016/598 888/1013/617
f 2585/1257/709 2580/1219/683 2579/1196/674
f 1856/1212/712 1857/1238/726 1858/1258/736
f 726/1020/621 730/1259/737 725/985/601
f 672/1218/716 662/995/603 671/1176/699
f 895/1225/719 888/1013/617 894/1190/704
f 3090/1167/697 3096/1260/738 2951/1168/568
f 2582/1049/638 2580/1261/683 2031/1217/715
f 2536/934/572 2856/908/556 2531/551/350
f 1700/762/476 1705/1034/630 1654/1052/640
f 2019/833/517 2039/961/559 2027/1262/639
f 2027/1051/639 2025/966/589 2031/1217/715
f 892/1123/673 897/1263/739 890/1121/665
f 439/744/466 432/654/415 446/1056/642
f 2695/1221/717 2770/1155/687 2763/1088/659
f 2939/577/368 2954/975/594 2946/841/522
f 2030/1113/671 2026/1003/611 2033/1264/740
f 1743/1265/741 1853/1266/644 1708/1267/742
f 2960/1268/743 2958/1140/682 2952/971/592
f 761/1177/700 661/994/600 731/1269/685
f 2586/1270/744 2031/1271/715 2580/1219/683
f 725/1272/601 732/1273/745 709/1082/656
f 2028/1085/657 2026/1253/611 2029/1086/580
f 2691/1198/708 2685/1138/634 2696/1242/729
f 774/1274/746 727/1035/631 763/1006/613
f 726/1020/621 728/1162/694 730/1259/737
f 1762/1079/654 1754/819/510 1765/1213/713
f 2776/1233/723 2773/1111/670 2775/1275/725
f 2585/1257/709 2586/1270/744 2580/1219/683
f 348/1043/636 349/1276/731 447/1247/732
f 666/1005/612 673/1232/722 731/1145/685
f 664/998/605 668/1044/637 714/1277/747
f 668/1044/637 684/1192/706 714/1277/747
f 674/1278/748 673/1232/722 667/1032/628
f 727/1279/631 760/1280/652 729/1163/695
f 2763/1088/659 2777/1249/734 2695/1221/717
f 2973/465/301 2841/1241/214 2833/166/93
f 1868/946/560 1821/1106/667 1860/1281/749
f 660/937/574 669/1114/672 684/1192/706
f 2936/405/266 2958/1140/682 2941/655/416
f 2019/833/517 2027/1262/639 2028/1085/657
f 1852/807/503 1708/1267/742 1853/1266/644
f 2014/1282/469 1983/1283/750 2009/587/375
f 2949/883/543 2953/889/501 3092/1284/668
f 1858/1258/736 1859/1285/751 1856/1212/712
f 1656/1127/733 1655/1286/752 1659/806/502
f 2961/1287/753 2940/646/409 2959/1151/689
f 892/1123/673 891/1122/530 898/1288/754
f 889/1046/579 898/1288/754 891/1122/530
f 729/1163/695 760/1280/652 728/1193/694
f 2775/1275/725 2840/1289/680 2776/1233/723
f 2695/1255/717 2586/1290/744 2696/1256/729
f 2940/646/409 2961/1287/753 2952/971/592
f 2539/1291/755 2538/1164/696 2535/707/448
f 2586/1290/744 2694/1292/727 2696/1256/729
f 2694/1292/727 2586/1290/744 2585/1293/709
f 1852/807/503 1659/806/502 1708/1267/742
f 730/1259/737 732/1294/745 725/985/601
f 1703/855/531 1706/1066/646 1657/1295/756
f 1766/1296/558 1756/1297/540 1767/1298/757
f 2959/1151/689 2942/700/442 2946/841/522
f 714/1277/747 684/1192/706 679/1299/758
f 897/1263/739 894/1300/704 890/1121/665
f 774/1301/759 760/1302/759 727/1303/759
f 1705/1034/630 1703/855/531 1657/1295/756
f 1768/1304/760 1765/1213/713 1761/1033/629
f 670/1172/693 675/1305/761 669/1114/672
f 756/959/585 437/958/457 760/1077/652
f 759/1306/586 733/1307/762 735/1308/763
f 736/1309/764 728/1193/694 760/1280/652
f 734/1310/597 733/1307/762 759/1306/586
f 2775/1275/725 2839/1311/679 2840/1289/680
f 2852/764/477 2859/1222/718 2861/1243/730
f 1758/944/577 1762/1079/654 1769/1312/765
f 754/1313/653 759/1314/586 735/1315/763
f 351/1316/766 441/1317/508 1766/1296/558
f 1857/1238/726 1868/913/560 1860/1318/749
f 664/998/605 714/1277/747 667/1032/628
f 760/1319/652 754/1320/653 736/1321/764
f 763/1006/613 724/967/590 761/1177/700
f 1654/1322/640 1655/1323/752 1656/1324/733
f 2862/1325/767 2858/1130/523 2861/1243/730
f 889/1046/579 771/1326/768 898/1288/754
f 3098/1327/769 3092/1328/668 3089/1150/688
f 1848/1074/495 1856/1212/712 1763/1329/698
f 709/1082/656 657/907/555 725/1272/601
f 900/1330/770 896/1226/720 895/1225/719
f 2856/908/556 2536/934/572 2863/1331/771
f 1763/1329/698 1856/1212/712 1861/1332/772
f 2955/976/595 2941/655/416 2962/1333/773
f 730/1259/737 728/1334/694 736/1321/764
f 895/1225/719 894/1190/704 900/1330/770
f 1768/1304/760 1761/1033/629 1764/1055/641
f 670/1335/693 715/1336/774 676/1337/775
f 677/1338/776 684/1192/706 669/1114/672
f 737/1339/777 730/1259/737 736/1321/764
f 675/1340/761 670/1335/693 676/1337/775
f 447/1341/732 349/1245/731 350/1342/778
f 3089/1150/688 3092/1328/668 2953/1148/501
f 2033/1343/779 2014/1344/779 2030/1345/779
f 1782/1346/780 1854/1347/645 1853/1266/644
f 1856/1212/712 1859/1285/751 1861/1332/772
f 1858/1258/736 1862/1348/781 1859/1285/751
f 2776/1233/723 2840/1289/680 2778/1349/782
f 889/1046/579 758/1045/618 771/1326/768
f 1857/1238/726 1855/1075/651 1868/913/560
f 678/1350/783 669/1114/672 675/1305/761
f 2776/1233/723 2778/1349/782 2777/1249/734
f 761/1351/700 762/1352/784 763/1353/613
f 670/1335/693 672/1218/716 715/1336/774
f 447/1247/732 448/1354/785 446/1056/642
f 444/1083/610 755/957/519 902/1355/786
f 2033/1356/740 1983/1283/750 2014/1282/469
f 736/1321/764 738/1357/787 737/1339/777
f 736/1321/764 754/1320/653 738/1357/787
f 678/1350/783 675/1305/761 599/1358/788
f 2536/934/572 2528/308/213 2538/1164/696
f 2535/707/448 896/1248/720 2539/1291/755
f 1763/1170/698 1780/1359/789 1764/1171/641
f 1657/1360/756 1706/1361/646 1658/1362/790
f 2938/525/226 2955/976/595 2974/1363/791
f 715/1336/774 672/1218/716 671/1176/699
f 894/1300/704 897/1263/739 892/1123/673
f 2963/1364/792 2941/655/416 2958/1140/682
f 1659/1365/502 1655/1366/752 1660/1367/793
f 1660/1368/793 1708/1267/742 1659/806/502
f 760/1077/652 764/1369/794 756/959/585
f 669/1114/672 678/1350/783 677/1338/776
f 734/1310/597 739/1370/795 733/1307/762
f 1661/1371/796 1705/1372/630 1657/1360/756
f 2027/1262/639 2037/1373/797 2028/1085/657
f 2857/1105/666 2856/1104/556 2863/1374/771
f 2031/1271/715 2586/1270/744 2587/1375/798
f 1764/1055/641 1780/1376/789 1768/1304/760
f 2954/975/594 2964/1377/799 2946/841/522
f 892/1123/673 898/1288/754 899/1378/800
f 687/1379/801 693/1380/802 742/1381/803
f 679/1382/758 680/1383/804 714/1384/747
f 2951/1385/568 3093/1386/805 3124/1387/622
f 677/1338/776 685/1388/806 684/1192/706
f 687/1389/801 742/1390/803 688/1391/807
f 740/1392/808 754/1313/653 735/1315/763
f 1662/1393/809 1655/1323/752 1654/1322/640
f 735/1308/763 733/1307/762 741/1394/810
f 693/1380/802 687/1379/801 692/1395/811
f 687/1379/801 681/1396/812 692/1395/811
f 762/1352/784 774/1397/746 763/1353/613
f 3089/1398/688 3124/1399/622 3094/1400/813
f 732/1294/745 730/1259/737 737/1339/777
f 742/1381/803 693/1380/802 682/1401/814
f 2031/1217/715 2587/1402/798 2034/1403/815
f 1661/1371/796 1657/1360/756 1663/1404/816
f 1743/1265/741 1782/1346/780 1853/1266/644
f 683/1405/817 673/1232/722 674/1278/748
f 684/1406/706 685/1407/806 686/1408/818
f 774/1409/819 764/1410/819 760/1411/819
f 2961/1287/753 2959/1151/689 2965/1412/820
f 687/1413/801 688/1414/807 681/1415/812
f 688/1391/807 742/1390/803 743/1416/821
f 1769/1312/765 1756/877/540 1758/944/577
f 1654/1322/640 1705/1372/630 1662/1393/809
f 742/1417/822 746/1418/822 743/1419/822
f 1773/1420/823 441/1421/508 351/1422/766
f 746/1423/824 742/1424/803 682/1425/814
f 2538/1164/696 2540/1426/825 2536/934/572
f 1974/1427/826 2009/587/375 1983/1283/750
f 353/1428/827 451/1429/828 446/1056/642
f 735/1308/763 741/1394/810 747/1430/829
f 740/1392/808 735/1315/763 744/1431/830
f 444/1083/610 902/1355/786 758/1117/618
f 765/1432/831 761/1177/700 731/1269/685
f 735/1308/763 747/1430/829 744/1433/830
f 2852/764/477 2861/1243/730 2853/896/550
f 2960/1268/743 2952/971/592 2961/1287/753
f 1850/552/351 2009/587/375 1974/1427/826
f 681/1415/812 688/1414/807 750/1434/832
f 2941/655/416 2963/1364/792 2962/1333/773
f 2027/1262/639 2035/1435/833 2037/1373/797
f 762/1352/784 764/1436/794 774/1397/746
f 2028/1085/657 2037/1373/797 2032/1252/735
f 1858/1258/736 1857/1238/726 1860/1318/749
f 679/1382/758 684/1406/706 686/1408/818
f 2587/1437/798 2586/1290/744 2695/1255/717
f 1768/1304/760 1780/1376/789 1770/1438/834
f 2695/1221/717 2777/1249/734 2778/1439/782
f 346/969/591 352/1440/835 347/970/583
f 2958/1140/682 2966/1441/836 2963/1364/792
f 346/1442/591 441/1421/508 1773/1420/823
f 900/1443/770 894/1300/704 899/1378/800
f 1762/1079/654 1765/1213/713 1771/1444/837
f 1765/1213/713 1770/1438/834 1772/1445/838
f 1766/1296/558 1767/1298/757 351/1316/766
f 678/1350/783 599/1358/788 689/1446/839
f 688/1447/840 743/1448/840 750/1449/840
f 1861/1332/772 1775/1450/841 1763/1329/698
f 683/1405/817 731/1145/685 673/1232/722
f 745/1451/842 709/1082/656 732/1273/745
f 732/1294/745 737/1339/777 745/1452/842
f 2857/1105/666 2864/1453/843 2854/1025/624
f 1662/1393/809 1623/1454/844 1655/1323/752
f 740/1455/808 738/1357/787 754/1320/653
f 899/1378/800 898/1288/754 907/1456/845
f 2539/1291/755 896/1248/720 2541/1457/846
f 676/1337/775 690/1458/847 691/1459/848
f 676/1337/775 691/1460/848 675/1340/761
f 2538/1164/696 2542/1461/849 2543/1462/850
f 698/1463/851 692/1464/811 681/1465/812
f 693/1466/802 692/1464/811 748/1467/852
f 1769/1312/765 1475/1468/853 1756/877/540
f 747/1430/829 741/1394/810 746/1469/854
f 1662/1393/809 1705/1372/630 1664/1470/855
f 2033/1471/740 2026/1253/611 2032/1252/735
f 3090/1183/697 2950/1182/564 3095/1472/703
f 765/1473/831 762/1352/784 761/1351/700
f 667/1032/628 714/1277/747 694/1474/856
f 678/1350/783 689/1446/839 677/1338/776
f 682/1475/814 693/1476/802 751/1477/857
f 1657/1360/756 1658/1362/790 1663/1404/816
f 689/1478/839 599/1479/788 600/1480/858
f 1664/1470/855 1705/1372/630 1661/1371/796
f 746/1481/859 751/1482/859 747/1483/859
f 746/1469/854 741/1394/810 743/1484/860
f 2946/841/522 2978/1485/861 2959/1151/689
f 2955/976/595 2962/1333/773 2974/1363/791
f 1475/1486/853 1478/1487/862 1756/1297/540
f 2958/1140/682 2960/1268/743 2966/1441/836
f 675/1305/761 691/1488/848 599/1358/788
f 681/1415/812 750/1434/832 698/1489/851
f 751/1490/857 746/1423/824 682/1425/814
f 693/1476/802 748/1491/852 751/1477/857
f 353/1492/827 354/1493/863 451/1494/828
f 691/1495/848 690/1496/847 695/1497/864
f 734/980/597 446/1056/642 451/1429/828
f 2034/1403/815 2027/1051/639 2031/1217/715
f 1662/1393/809 1664/1470/855 1665/1498/865
f 2862/1499/767 2954/975/594 2858/842/523
f 686/1408/818 680/1383/804 679/1382/758
f 756/959/585 764/1369/794 766/1500/866
f 2964/1377/799 2967/1501/867 2946/841/522
f 744/1502/830 747/1503/829 740/1455/808
f 676/1337/775 715/1336/774 690/1458/847
f 1709/1504/868 1743/1505/741 1660/1367/793
f 1743/1265/741 1708/1267/742 1660/1368/793
f 694/1474/856 674/1278/748 667/1032/628
f 765/1473/831 764/1436/794 762/1352/784
f 2034/1403/815 2036/1506/869 2027/1051/639
f 2863/1331/771 2536/934/572 2540/1426/825
f 739/1370/795 741/1394/810 733/1307/762
f 738/1357/787 752/1507/870 737/1339/777
f 3087/1508/871 2961/1287/753 2965/1412/820
f 1765/1213/713 1772/1445/838 1771/1444/837
f 3094/1400/813 3097/1509/872 3089/1398/688
f 2973/465/301 2778/1510/782 2840/1135/680
f 747/1503/829 751/1511/857 740/1455/808
f 1665/1498/865 1664/1470/855 1661/1371/796
f 1706/1361/646 1710/1512/873 1658/1362/790
f 353/1428/827 446/1056/642 448/1354/785
f 745/1452/842 737/1339/777 702/1513/874
f 900/1514/875 901/1515/875 922/1516/875
f 1662/1393/809 1619/1517/876 1623/1454/844
f 1781/1518/877 1773/1519/823 351/1316/766
f 1662/1393/809 1665/1498/865 1619/1517/876
f 686/1408/818 685/1520/806 677/1521/776
f 696/1522/878 695/1523/878 690/1524/878
f 702/1513/874 737/1339/777 752/1507/870
f 1765/1213/713 1768/1304/760 1770/1438/834
f 715/1525/774 708/1526/879 690/1527/847
f 738/1357/787 740/1455/808 752/1507/870
f 2538/1164/696 2543/1462/850 2540/1426/825
f 695/1528/864 696/1529/880 697/1530/881
f 766/1531/866 764/1436/794 765/1473/831
f 750/1532/832 699/1533/882 698/1534/851
f 765/1432/831 683/1535/817 749/1536/883
f 896/1226/720 900/1330/770 922/1537/884
f 1710/1538/873 1706/1066/646 1707/1231/626
f 1709/1539/868 1782/1540/780 1743/1541/741
f 1862/1348/781 1858/1258/736 1863/1542/885
f 677/1543/776 689/1478/839 701/1544/886
f 699/1533/882 697/1530/881 698/1534/851
f 695/1528/864 697/1530/881 699/1533/882
f 901/1545/887 900/1443/770 899/1378/800
f 899/1378/800 922/1546/884 901/1545/887
f 758/1045/618 902/1547/786 771/1326/768
f 2035/1435/833 2027/1262/639 2036/1548/869
f 695/1497/864 699/1549/882 691/1495/848
f 741/1394/810 750/1550/888 743/1551/860
f 698/1463/851 748/1467/852 692/1464/811
f 671/1176/699 709/1082/656 715/1336/774
f 740/1455/808 751/1511/857 752/1507/870
f 2035/1435/833 2036/1548/869 2037/1373/797
f 1823/1552/889 1859/1285/751 1862/1348/781
f 1823/1552/889 1861/1332/772 1859/1285/751
f 699/1549/882 700/1553/890 691/1495/848
f 700/1553/890 699/1549/882 750/1554/832
f 751/1555/857 748/1556/852 702/1557/874
f 1773/1420/823 341/1558/891 346/1442/591
f 3094/1559/813 3124/1387/622 3093/1386/805
f 683/1535/817 765/1432/831 731/1269/685
f 751/1555/857 702/1557/874 752/1560/870
f 1618/1561/892 1665/1562/865 1661/1563/796
f 739/1370/795 734/1310/597 451/1564/828
f 686/1408/818 677/1521/776 701/1565/886
f 715/1525/774 709/1566/656 708/1526/879
f 3093/1386/805 2951/1385/568 3096/1567/738
f 2778/1568/782 2587/1437/798 2695/1255/717
f 1771/1444/837 1769/1312/765 1762/1079/654
f 1665/1562/865 1620/1569/893 1619/1570/876
f 710/1571/894 745/1451/842 702/1572/874
f 703/1573/895 696/1529/880 690/1527/847
f 680/1383/804 704/1574/896 705/1575/897
f 899/1378/800 894/1300/704 892/1123/673
f 2968/1576/898 2954/975/594 2862/1499/767
f 355/1577/899 353/1492/827 356/1578/900
f 1655/1366/752 1623/1579/844 1660/1367/793
f 1780/1376/789 1774/1580/901 1770/1438/834
f 1661/1371/796 1663/1404/816 1625/1581/902
f 1710/1582/873 1707/1583/626 1711/1584/903
f 1861/1332/772 1823/1552/889 1864/1585/904
f 907/1456/845 922/1546/884 899/1378/800
f 353/1586/827 448/1587/785 356/1588/900
f 748/1589/905 710/1590/905 702/1591/905
f 1775/1592/841 1780/1376/789 1763/1593/698
f 1850/552/351 1974/1427/826 1822/1594/906
f 748/1467/852 698/1463/851 710/1595/894
f 689/1478/839 604/1596/907 701/1544/886
f 2032/1597/735 1983/1283/750 2033/1356/740
f 1821/1598/667 1782/1540/780 1712/1599/908
f 1710/1600/873 1669/1601/909 1658/1602/790
f 686/1408/818 701/1565/886 704/1574/896
f 1860/1603/749 1783/1604/910 1858/1605/736
f 1665/1562/865 1618/1561/892 1620/1569/893
f 1710/1606/873 1711/1607/903 1666/1608/911
f 704/1574/896 680/1383/804 686/1408/818
f 2865/1609/912 2862/1325/767 2861/1243/730
f 706/1610/913 698/1463/851 697/1611/881
f 1620/1569/893 1618/1561/892 1621/1612/914
f 766/1500/866 902/1355/786 755/957/519
f 1619/1613/915 1620/1614/915 1621/1615/915
f 1619/1616/876 1621/1612/914 1630/1617/916
f 1667/1618/917 1663/1404/816 1658/1362/790
f 700/1619/890 601/1620/918 691/1621/848
f 349/1245/731 347/970/583 357/1622/919
f 1780/1376/789 1775/1592/841 1774/1580/901
f 1622/1623/920 1623/1624/844 1619/1625/876
f 1783/1604/910 1860/1603/749 1719/1626/921
f 2959/1151/689 2977/1627/922 2965/1412/820
f 2959/1151/689 2978/1485/861 2977/1627/922
f 690/1527/847 708/1526/879 703/1573/895
f 1719/1628/921 1860/1629/749 1821/1630/667
f 1663/1404/816 1667/1618/917 1625/1581/902
f 1668/1631/923 1658/1602/790 1669/1601/909
f 2538/1164/696 2539/1291/755 2542/1461/849
f 1669/1601/909 1710/1600/873 1666/1632/911
f 358/1633/924 356/1588/900 448/1587/785
f 765/1473/831 749/1634/883 766/1531/866
f 1782/1635/925 1821/1636/925 1854/1637/925
f 1858/1605/736 1783/1604/910 1863/1638/885
f 3098/1327/769 3089/1150/688 3097/1639/872
f 2973/1640/926 2587/1641/927 2778/1642/928
f 700/1643/929 750/1644/929 602/1645/929
f 698/1463/851 706/1610/913 710/1595/894
f 1622/1623/920 1619/1625/876 1630/1646/916
f 1767/1298/757 1756/1297/540 1478/1487/862
f 1773/1647/930 1781/1648/930 341/1649/930
f 1621/1612/914 1618/1561/892 1624/1650/931
f 1658/1602/790 1668/1631/923 1667/1651/917
f 691/1621/848 601/1620/918 599/1479/788
f 600/1480/858 604/1596/907 689/1478/839
f 350/1342/778 358/1633/924 448/1587/785
f 896/1226/720 922/1537/884 906/1652/932
f 600/1480/858 599/1479/788 601/1620/918
f 611/1653/933 739/1370/795 451/1564/828
f 741/1394/810 739/1370/795 611/1653/933
f 1661/1563/796 1625/1654/902 1618/1561/892
f 741/1394/810 611/1653/933 602/1655/934
f 1713/1656/935 1707/1583/626 1822/1657/906
f 683/1405/817 674/1278/748 707/1658/936
f 602/1655/934 750/1550/888 741/1394/810
f 696/1529/880 703/1573/895 697/1530/881
f 710/1571/894 709/1082/656 745/1451/842
f 2857/1105/666 2863/1374/771 2866/1659/937
f 2542/1461/849 2539/1291/755 2541/1457/846
f 2962/1333/773 2963/1364/792 2969/1660/938
f 1478/1487/862 351/1316/766 1767/1298/757
f 2970/1661/939 2968/1576/898 2870/1662/940
f 683/1405/817 707/1658/936 749/1663/883
f 706/1664/913 697/1530/881 703/1573/895
f 2865/1609/912 2861/1243/730 2859/1222/718
f 3128/1665/941 3095/1187/703 3092/1189/668
f 703/1666/942 708/1667/942 706/1668/942
f 2859/1222/718 2855/1026/625 2860/1240/728
f 2540/1426/825 2543/1462/850 2544/1669/943
f 1626/1670/944 1630/1617/916 1621/1612/914
f 708/1671/879 709/1672/656 706/1673/913
f 710/1674/894 706/1673/913 709/1672/656
f 1861/1332/772 1864/1585/904 1775/1450/841
f 2966/1441/836 2971/1675/945 2963/1364/792
f 1630/1617/916 1626/1670/944 1627/1676/946
f 1630/1646/916 1636/1677/947 1622/1623/920
f 701/1678/886 603/1679/948 704/1680/896
f 711/1681/949 694/1474/856 714/1277/747
f 2867/1682/950 2968/1683/898 2862/1325/767
f 2540/1426/825 2544/1669/943 2545/1684/951
f 766/1500/866 755/957/519 756/959/585
f 1668/1685/923 1669/1686/909 1670/1687/952
f 749/1634/883 768/1688/953 766/1531/866
f 1822/1657/906 1714/1689/954 1713/1656/935
f 1974/1427/826 1784/1690/955 1822/1594/906
f 3098/1691/769 3128/1692/941 3092/1693/668
f 3090/1183/697 3095/1472/703 3099/1694/956
f 1863/1695/957 1783/1696/957 1719/1697/957
f 355/1577/899 356/1578/900 359/1698/958
f 358/1633/924 361/1699/959 356/1588/900
f 1628/1700/960 1621/1612/914 1624/1650/931
f 1671/1701/961 1660/1367/793 1623/1579/844
f 1668/1631/923 1632/1702/962 1667/1651/917
f 674/1278/748 694/1474/856 707/1658/936
f 1862/1703/781 1863/1704/885 1719/1705/963
f 354/1493/863 353/1492/827 355/1577/899
f 898/1288/754 771/1326/768 903/1706/964
f 1651/1707/965 1652/1708/966 1624/1650/931
f 1983/1283/750 1975/1709/967 1974/1427/826
f 1784/1710/968 1974/1711/968 1975/1712/968
f 1651/1707/965 1624/1650/931 1618/1561/892
f 907/1456/845 898/1288/754 904/1713/969
f 907/1714/845 905/1715/970 922/1537/884
f 680/1383/804 711/1716/949 714/1384/747
f 1629/1717/971 1625/1718/902 1667/1719/917
f 2974/1363/791 2962/1333/773 2969/1660/938
f 1630/1720/916 1637/1721/972 1636/1722/947
f 701/1678/886 604/1723/907 646/1724/973
f 1630/1720/916 1627/1725/946 1637/1721/972
f 1719/1705/963 1786/1726/974 1862/1703/781
f 711/1681/949 716/1727/975 694/1474/856
f 1651/1707/965 1618/1561/892 1625/1654/902
f 605/1728/976 601/1620/918 700/1619/890
f 600/1480/858 646/1729/973 604/1596/907
f 2865/1609/912 2867/1682/950 2862/1325/767
f 1669/1601/909 1666/1632/911 1670/1730/952
f 359/1698/958 354/1493/863 355/1577/899
f 2978/1485/861 2946/841/522 2967/1501/867
f 2542/1461/849 2541/1457/846 2546/1731/977
f 1715/1732/978 1782/1540/780 1709/1539/868
f 1478/1487/862 1781/1518/877 351/1316/766
f 2964/1377/799 2954/975/594 2968/1576/898
f 1632/1733/962 1668/1685/923 1672/1734/979
f 701/1678/886 646/1724/973 603/1679/948
f 358/1633/924 350/1342/778 360/1735/980
f 1629/1717/971 1651/1736/965 1625/1718/902
f 601/1620/918 606/1737/981 600/1480/858
f 1628/1700/960 1626/1670/944 1621/1612/914
f 1627/1738/946 1626/1670/944 1631/1739/982
f 3094/1400/813 3100/1740/983 3097/1509/872
f 605/1728/976 700/1619/890 602/1741/934
f 1622/1623/920 1575/1742/984 1623/1624/844
f 1660/1367/793 1671/1701/961 1709/1504/868
f 350/1342/778 448/1587/785 447/1341/732
f 1821/1630/667 1712/1743/908 1719/1628/921
f 2964/1377/799 2970/1661/939 2967/1501/867
f 380/1744/985 356/1578/900 361/1745/959
f 2866/1659/937 2864/1453/843 2857/1105/666
f 1671/1746/961 1623/1747/844 1575/1748/984
f 1624/1650/931 1652/1708/966 1628/1700/960
f 1822/1749/906 1784/1750/955 1785/1751/986
f 1632/1752/962 1629/1717/971 1667/1719/917
f 358/1633/924 360/1735/980 362/1753/987
f 358/1633/924 362/1753/987 361/1699/959
f 1671/1701/961 1715/1754/978 1709/1504/868
f 1627/1738/946 1631/1739/982 1633/1755/988
f 766/1500/866 767/1756/989 902/1355/786
f 766/1757/990 768/1758/990 769/1759/990
f 906/1652/932 922/1537/884 905/1715/970
f 1577/1760/991 1626/1670/944 1628/1700/960
f 707/1761/936 768/1762/953 749/1763/883
f 1636/1677/947 1634/1764/992 1622/1623/920
f 3101/1765/993 3095/1187/703 3128/1665/941
f 1622/1623/920 1634/1766/992 1635/1767/994
f 2860/1240/728 2854/1025/624 2864/1453/843
f 704/1680/896 603/1679/948 614/1768/995
f 1670/1687/952 1672/1734/979 1668/1685/923
f 354/1493/863 359/1698/958 363/1769/996
f 361/1770/959 364/1771/997 380/1772/985
f 923/1773/998 2541/1457/846 896/1248/720
f 2969/1660/938 2963/1364/792 2971/1675/945
f 1636/1774/947 1637/1775/972 1634/1776/992
f 1862/1777/999 1786/1778/999 1823/1779/999
f 3099/1780/956 3096/1260/738 3090/1167/697
f 2976/1781/1000 2977/1782/922 2978/1783/861
f 1716/1784/1001 1713/1656/935 1714/1689/954
f 1769/1312/765 1474/1785/1002 1475/1468/853
f 356/1578/900 380/1744/985 359/1698/958
f 707/1761/936 712/1786/1003 768/1762/953
f 2976/1781/1000 3062/1787/1004 2977/1782/922
f 1626/1670/944 1577/1760/991 1631/1739/982
f 1670/1788/952 1638/1789/1005 1672/1790/979
f 1578/1791/1006 1628/1700/960 1652/1708/966
f 2546/1731/977 2541/1457/846 923/1773/998
f 1976/1792/1007 1784/1793/1008 1975/1794/967
f 606/1737/981 607/1795/1009 600/1480/858
f 1628/1700/960 1578/1791/1006 1577/1760/991
f 1787/1796/1010 1822/1749/906 1785/1751/986
f 3087/1508/871 2960/1268/743 2961/1287/753
f 902/1547/786 767/1797/989 771/1326/768
f 1714/1689/954 1822/1657/906 1787/1798/1010
f 2966/1441/836 3065/1799/1011 2971/1675/945
f 2868/1800/1012 2860/1240/728 2869/1801/1013
f 1637/1802/972 1627/1738/946 1633/1755/988
f 1637/1775/972 1639/1803/1014 1634/1776/992
f 1788/1804/1015 1864/1805/904 1823/1806/889
f 1640/1807/1016 1651/1736/965 1629/1717/971
f 2542/1461/849 2547/1808/1017 2543/1462/850
f 711/1716/949 680/1383/804 705/1575/897
f 1711/1584/903 1707/1583/626 1713/1656/935
f 766/1809/1018 769/1810/1018 770/1811/1018
f 2960/1268/743 2972/1812/1019 2966/1441/836
f 3065/1799/1011 2966/1441/836 2972/1812/1019
f 1622/1623/920 1641/1813/1020 1575/1742/984
f 1666/1632/911 1673/1814/1021 1670/1730/952
f 712/1786/1003 769/1815/1022 768/1762/953
f 608/1816/1023 705/1817/897 704/1680/896
f 2970/1661/939 2964/1377/799 2968/1576/898
f 603/1679/948 646/1724/973 609/1818/1024
f 354/1493/863 363/1769/996 450/1819/1025
f 2960/1820/743 3087/1821/871 2972/1822/1019
f 3095/1472/703 3101/1823/993 3099/1694/956
f 2973/1824/926 2034/1825/1026 2587/1826/927
f 1788/1827/1027 1823/1828/1027 1786/1829/1027
f 361/1699/959 362/1753/987 365/1830/1028
f 694/1474/856 716/1727/975 707/1658/936
f 1651/1736/965 1642/1831/1029 1652/1832/966
f 1789/1833/1030 1786/1726/974 1719/1705/963
f 361/1834/959 366/1835/1031 364/1836/997
f 1714/1689/954 1787/1798/1010 1716/1784/1001
f 1775/1837/841 1864/1805/904 1790/1838/1032
f 1928/1839/1033 2036/1840/869 2034/1841/815
f 1637/1775/972 1643/1842/1034 1639/1803/1014
f 2977/1843/922 3062/1844/1004 2965/1845/820
f 607/1795/1009 646/1729/973 600/1480/858
f 2968/1683/898 2867/1682/950 2870/1846/940
f 450/1819/1025 451/1494/828 354/1493/863
f 367/1847/1035 380/1772/985 364/1771/997
f 1638/1848/1005 1670/1849/952 1647/1850/1036
f 2543/1462/850 2547/1808/1017 2544/1669/943
f 605/1728/976 610/1851/1037 601/1620/918
f 1673/1814/1021 1666/1632/911 1696/1852/1038
f 1632/1752/962 1672/1790/979 1629/1717/971
f 1584/1853/1039 1652/1854/966 1642/1855/1029
f 1643/1856/1034 1637/1857/972 1633/1858/988
f 1641/1859/1020 1574/1860/1040 1575/1861/984
f 2863/1331/771 2540/1426/825 2545/1684/951
f 1670/1862/952 1673/1863/1021 1647/1864/1036
f 1576/1865/1041 1631/1866/982 1577/1867/991
f 601/1620/918 610/1851/1037 606/1737/981
f 1622/1623/920 1635/1767/994 1641/1813/1020
f 3098/1691/769 3102/1868/1042 3128/1692/941
f 1711/1584/903 1713/1656/935 1716/1784/1001
f 366/1869/1031 361/1699/959 365/1830/1028
f 1642/1831/1029 1651/1736/965 1640/1807/1016
f 369/1870/1043 364/1836/997 366/1835/1031
f 1784/1750/955 1791/1871/1044 1792/1872/1045
f 1786/1726/974 1789/1833/1030 1793/1873/1046
f 906/1874/1047 905/1875/1047 907/1876/1047
f 1640/1807/1016 1629/1717/971 1672/1790/979
f 2967/1877/867 2970/1878/939 2979/1879/1048
f 3097/1639/872 3100/1880/983 3103/1881/1049
f 770/1882/1050 767/1756/989 766/1500/866
f 368/1883/1051 363/1769/996 359/1698/958
f 2548/1884/1052 2542/1461/849 2546/1731/977
f 1577/1867/991 1578/1885/1006 1579/1886/1053
f 2860/1240/728 2864/1453/843 2869/1801/1013
f 607/1795/1009 609/1887/1024 646/1729/973
f 1794/1888/1054 1785/1751/986 1723/1889/1055
f 1791/1890/1056 1784/1891/1056 1976/1892/1056
f 1576/1865/1041 1577/1867/991 1579/1886/1053
f 1785/1751/986 1784/1750/955 1723/1889/1055
f 707/1658/936 716/1727/975 712/1893/1003
f 366/1894/1031 365/1895/1028 369/1896/1043
f 1633/1858/988 1631/1897/982 1576/1898/1041
f 603/1679/948 609/1818/1024 614/1768/995
f 3087/1899/871 2965/1845/820 3062/1844/1004
f 602/1900/934 611/1901/933 451/1902/828
f 1635/1903/994 1634/1904/992 1639/1905/1014
f 1793/1873/1046 1788/1906/1015 1786/1726/974
f 1584/1907/1039 1578/1791/1006 1652/1708/966
f 1584/1853/1039 1642/1855/1029 1644/1908/1057
f 1864/1805/904 1795/1909/1058 1790/1838/1032
f 1575/1748/984 1592/1910/1059 1671/1746/961
f 3097/1639/872 3104/1911/1060 3098/1327/769
f 1633/1858/988 1576/1898/1041 1580/1912/1061
f 1643/1856/1034 1633/1858/988 1580/1912/1061
f 705/1575/897 716/1913/975 711/1716/949
f 1776/1914/1062 1499/1915/1063 1769/1312/765
f 369/1870/1043 367/1847/1035 364/1836/997
f 369/1896/1043 365/1895/1028 370/1916/1064
f 898/1288/754 903/1706/964 904/1713/969
f 1787/1796/1010 1785/1751/986 1794/1888/1054
f 923/1917/998 896/1226/720 906/1652/932
f 2970/1878/939 2870/1918/940 2980/1919/1065
f 1640/1807/1016 1645/1920/1066 1642/1831/1029
f 610/1851/1037 607/1795/1009 606/1737/981
f 1782/1540/780 1717/1921/1067 1712/1599/908
f 1645/1920/1066 1672/1790/979 1638/1789/1005
f 3104/1911/1060 3097/1639/872 3126/1922/1068
f 362/1753/987 371/1923/1069 365/1830/1028
f 352/1924/835 346/1925/591 341/1926/891
f 1640/1807/1016 1672/1790/979 1645/1920/1066
f 1782/1540/780 1718/1927/1070 1717/1921/1067
f 1712/1599/908 1717/1921/1067 1719/1928/921
f 3125/1929/1071 3105/1930/1072 3104/1931/1060
f 1718/1927/1070 1782/1540/780 1715/1732/978
f 370/1916/1064 372/1932/1073 369/1896/1043
f 371/1933/1069 370/1916/1064 365/1895/1028
f 1794/1934/1054 1720/1935/1074 1787/1798/1010
f 1796/1936/1075 1797/1937/1076 1788/1804/1015
f 3102/1868/1042 3098/1691/769 3104/1931/1060
f 1581/1938/1077 1641/1859/1020 1635/1903/994
f 1585/1939/1078 1579/1886/1053 1578/1885/1006
f 1696/1940/1038 1666/1608/911 1732/1941/1079
f 3097/1639/872 3103/1881/1049 3126/1922/1068
f 367/1847/1035 373/1942/1080 380/1772/985
f 367/1847/1035 369/1870/1043 372/1932/1073
f 1721/1943/1081 1716/1784/1001 1787/1798/1010
f 1645/1920/1066 1646/1944/1082 1642/1831/1029
f 1642/1831/1029 1646/1944/1082 1648/1945/1083
f 367/1847/1035 372/1932/1073 383/1946/1084
f 2866/1659/937 2871/1947/1085 2864/1453/843
f 1635/1903/994 1639/1905/1014 1587/1948/1086
f 1582/1949/1087 1580/1912/1061 1576/1898/1041
f 1579/1950/1053 1583/1951/1088 1576/1898/1041
f 1635/1903/994 1587/1948/1086 1581/1938/1077
f 1715/1754/978 1671/1701/961 1500/1952/1089
f 350/1342/778 374/1953/1090 360/1735/980
f 450/1954/1091 462/1955/1091 451/1956/1091
f 1797/1937/1076 1864/1805/904 1788/1804/1015
f 1719/1705/963 1728/1957/1092 1789/1833/1030
f 1578/1958/1006 1584/1959/1039 1585/1960/1078
f 1642/1961/1093 1648/1962/1093 1644/1963/1093
f 1787/1798/1010 1720/1935/1074 1721/1943/1081
f 1585/1939/1078 1583/1964/1088 1579/1886/1053
f 1641/1859/1020 1581/1938/1077 1595/1965/1094
f 1576/1898/1041 1583/1951/1088 1582/1949/1087
f 907/1456/845 903/1706/964 908/1966/1095
f 357/1622/919 347/970/583 352/1440/835
f 1586/1967/1096 1643/1856/1034 1580/1912/1061
f 1587/1968/1086 1639/1969/1014 1588/1970/1097
f 373/1942/1080 367/1847/1035 383/1946/1084
f 368/1883/1051 359/1698/958 380/1744/985
f 372/1932/1073 370/1916/1064 375/1971/1098
f 1586/1967/1096 1580/1912/1061 1582/1949/1087
f 1789/1833/1030 1728/1972/1092 1793/1873/1046
f 1588/1973/1097 1639/1974/1014 1643/1856/1034
f 452/1975/1099 605/1728/976 602/1741/934
f 1647/1864/1036 1673/1863/1021 1696/1976/1038
f 2971/1977/945 3063/1978/1100 2969/1979/938
f 1641/1859/1020 1595/1965/1094 1574/1860/1040
f 605/1728/976 452/1975/1099 610/1851/1037
f 1717/1980/1101 1728/1981/1101 1719/1982/1101
f 1645/1920/1066 1638/1789/1005 1646/1983/1082
f 1722/1984/1102 1794/1934/1054 1723/1985/1055
f 3125/1986/1071 3104/1911/1060 3126/1922/1068
f 1732/1941/1079 1666/1608/911 1711/1607/903
f 1589/1987/1103 1575/1861/984 1574/1860/1040
f 2865/1609/912 2859/1222/718 2872/1988/1104
f 2866/1659/937 2863/1374/771 2545/1989/951
f 370/1916/1064 371/1933/1069 376/1990/1105
f 1722/1984/1102 1723/1985/1055 1724/1991/1106
f 2868/1800/1012 2873/1992/1107 2859/1222/718
f 3096/1567/738 3107/1993/1108 3106/1994/1109
f 1586/1967/1096 1588/1973/1097 1643/1856/1034
f 1798/1995/1110 1791/1996/1044 1976/1997/1007
f 1674/1998/1111 1718/1999/1070 1715/1754/978
f 1648/2000/1083 1590/2001/1112 1644/2002/1057
f 350/1342/778 377/2003/1113 374/1953/1090
f 1475/1486/853 1777/2004/1114 1478/1487/862
f 770/2005/1050 769/1815/1022 712/1786/1003
f 2544/1669/943 2549/2006/1115 2545/1684/951
f 771/1326/768 909/2007/1116 903/1706/964
f 360/1735/980 371/1923/1069 362/1753/987
f 716/1913/975 705/1575/897 616/2008/1117
f 368/1883/1051 380/1744/985 378/2009/1118
f 3096/1567/738 3106/1994/1109 3093/1386/805
f 1674/1998/1111 1715/1754/978 1500/1952/1089
f 3096/2010/738 3099/2011/956 3107/2012/1108
f 1790/1838/1032 1774/2013/901 1775/1837/841
f 1574/1860/1040 1595/1965/1094 1599/2014/1119
f 1794/1934/1054 1722/1984/1102 1720/1935/1074
f 1788/1804/1015 1803/2015/1120 1796/1936/1075
f 370/1916/1064 376/1990/1105 375/1971/1098
f 368/1883/1051 379/2016/1121 363/1769/996
f 1581/1938/1077 1587/1948/1086 1591/2017/1122
f 1589/1987/1103 1574/1860/1040 1501/2018/1123
f 1575/1861/984 1589/1987/1103 1592/2019/1059
f 1772/1445/838 1776/1914/1062 1771/1444/837
f 608/1816/1023 704/1680/896 614/1768/995
f 1723/1889/1055 1784/1750/955 1792/1872/1045
f 378/2020/1124 380/2021/1124 373/2022/1124
f 1590/2001/1112 1648/2000/1083 1596/2023/1125
f 1586/2024/1096 1590/2025/1112 1588/1970/1097
f 1803/2026/1120 1788/1906/1015 1793/1873/1046
f 712/1893/1003 716/1727/975 713/2027/1126
f 1587/1948/1086 1596/2028/1125 1591/2017/1122
f 1581/2029/1077 1591/2030/1122 1593/2031/1127
f 1581/2032/1077 1594/2033/1128 1595/2034/1094
f 1574/1860/1040 1599/2014/1119 1501/2018/1123
f 1585/1939/1078 1602/2035/1129 1583/1964/1088
f 1584/1959/1039 1601/2036/1130 1585/1960/1078
f 2548/1884/1052 2547/1808/1017 2542/1461/849
f 379/2016/1121 450/1819/1025 363/1769/996
f 1696/1976/1038 1732/2037/1079 1675/2038/1131
f 1696/1976/1038 1653/2039/1132 1647/1864/1036
f 1588/1970/1097 1596/2040/1125 1587/1968/1086
f 1717/1921/1067 1718/1927/1070 1725/2041/1133
f 2544/1669/943 2547/1808/1017 2549/2006/1115
f 1696/1976/1038 1675/2038/1131 1653/2039/1132
f 1646/1944/1082 1647/2042/1036 1648/1945/1083
f 1597/2043/1134 1586/1967/1096 1582/1949/1087
f 903/1706/964 907/1456/845 904/1713/969
f 1583/1951/1088 1597/2043/1134 1582/1949/1087
f 1638/1848/1005 1647/1850/1036 1646/2044/1082
f 1584/1959/1039 1644/2045/1057 1601/2036/1130
f 371/1923/1069 360/1735/980 381/2046/1135
f 3101/2047/993 3109/2048/1136 3099/2049/956
f 1591/2030/1122 1598/2050/1137 1593/2031/1127
f 2976/1781/1000 2978/1783/861 2979/1879/1048
f 1599/2051/1119 1595/2052/1094 1594/2033/1128
f 1586/2024/1096 1597/2043/1134 1590/2025/1112
f 357/1622/919 377/2003/1113 349/1245/731
f 1588/1970/1097 1590/2025/1112 1596/2040/1125
f 3093/1386/805 3106/1994/1109 3094/1559/813
f 1648/2053/1083 1605/2054/1138 1596/2028/1125
f 2979/1879/1048 2978/1783/861 2967/1877/867
f 2546/1731/977 923/1773/998 2350/2055/1139
f 1725/2041/1133 1744/2056/1140 1717/1921/1067
f 1648/2057/1083 1647/2058/1036 1603/2059/1141
f 1600/2060/1142 1581/2032/1077 1593/2061/1127
f 1590/2001/1112 1601/2062/1130 1644/2002/1057
f 1594/2033/1128 1581/2032/1077 1600/2060/1142
f 1805/2063/1143 1792/1872/1045 1791/1871/1044
f 1585/1960/1078 1601/2036/1130 1602/2064/1129
f 1864/1805/904 1825/2065/1144 1795/1909/1058
f 1602/2066/1129 1597/2043/1134 1583/1951/1088
f 1596/2028/1125 1605/2054/1138 1591/2017/1122
f 452/2067/1099 602/2068/934 462/2069/1145
f 712/1786/1003 713/2070/1126 770/2005/1050
f 1648/2053/1083 1603/2071/1141 1605/2054/1138
f 2868/1800/1012 2859/1222/718 2860/1240/728
f 1803/2015/1120 1824/2072/1146 1796/1936/1075
f 1592/2073/1059 1500/2074/1089 1671/2075/961
f 907/1456/845 908/1966/1095 910/2076/1147
f 1726/2077/1148 1720/1935/1074 1722/1984/1102
f 1805/2063/1143 1791/1871/1044 1799/2078/1149
f 3129/2079/1150 3107/2012/1108 3099/2011/956
f 2545/1989/951 2874/2080/1151 2866/1659/937
f 1727/2081/1152 1728/2082/1092 1717/1921/1067
f 1803/2026/1120 1793/1873/1046 1728/1972/1092
f 1744/2056/1140 1727/2081/1152 1717/1921/1067
f 1590/2025/1112 1597/2043/1134 1602/2066/1129
f 1729/2083/1153 1720/1935/1074 1726/2077/1148
f 1602/2066/1129 1601/2084/1130 1590/2025/1112
f 2980/1919/1065 3006/2085/1154 2970/1878/939
f 349/1245/731 377/2003/1113 350/1342/778
f 2969/1660/938 2973/2086/301 2974/1363/791
f 1976/1792/1007 1975/1794/967 1977/2087/1155
f 610/1851/1037 452/1975/1099 537/2088/1156
f 3108/2089/1157 3125/1929/1071 3126/2090/1068
f 1729/2083/1153 1721/1943/1081 1720/1935/1074
f 376/1990/1105 382/2091/1158 375/1971/1098
f 374/1953/1090 381/2046/1135 360/1735/980
f 1724/1991/1106 1744/2092/1140 1722/1984/1102
f 379/2016/1121 462/2093/1145 450/1819/1025
f 1604/2094/1159 1598/2050/1137 1591/2030/1122
f 1724/1991/1106 1723/1985/1055 1804/2095/1160
f 368/1883/1051 393/2096/1161 379/2016/1121
f 1804/2097/1160 1723/1889/1055 1792/1872/1045
f 1798/1995/1110 1799/2098/1149 1791/1996/1044
f 1744/2092/1140 1726/2077/1148 1722/1984/1102
f 378/2099/1118 373/2100/1080 383/2101/1084
f 2869/1801/1013 2875/2102/1162 2868/1800/1012
f 1591/2030/1122 1605/2103/1138 1604/2094/1159
f 3099/2011/956 3109/2104/1136 3129/2079/1150
f 1606/2105/1163 1593/2031/1127 1598/2050/1137
f 375/1971/1098 383/1946/1084 372/1932/1073
f 1606/2105/1163 1600/2060/1142 1593/2031/1127
f 1727/2081/1152 1730/2106/1164 1728/2082/1092
f 376/1990/1105 371/2107/1069 382/2091/1158
f 1726/2077/1148 1744/2092/1140 1687/2108/1165
f 1729/2083/1153 1726/2077/1148 1731/2109/1166
f 1725/2041/1133 1718/1927/1070 1687/2110/1165
f 1744/2056/1140 1730/2106/1164 1727/2081/1152
f 1594/2033/1128 1607/2111/1167 1599/2051/1119
f 602/1900/934 451/1902/828 462/2112/1145
f 1603/2059/1141 1647/2058/1036 1649/2113/1168
f 537/2088/1156 607/1795/1009 610/1851/1037
f 771/1326/768 772/2114/1169 909/2007/1116
f 1608/2115/1170 1501/2116/1170 1599/2117/1170
f 1716/1784/1001 1721/1943/1081 1678/2118/1171
f 1804/2097/1160 1792/1872/1045 1805/2063/1143
f 1802/2119/1172 1728/1972/1092 1730/2120/1164
f 907/1456/845 910/2076/1147 906/2121/932
f 1802/2119/1172 1803/2026/1120 1728/1972/1092
f 1805/2063/1143 1799/2078/1149 1809/2122/1173
f 1744/2056/1140 1725/2041/1133 1687/2110/1165
f 1598/2050/1137 1604/2094/1159 1609/2123/1174
f 1744/2092/1140 1724/1991/1106 1804/2095/1160
f 1607/2111/1167 1608/2124/1175 1599/2051/1119
f 1610/2125/1176 1607/2111/1167 1594/2033/1128
f 2866/1659/937 2874/2080/1151 2871/1947/1085
f 1805/2063/1143 1809/2122/1173 1800/2126/1177
f 1611/2127/1178 1607/2111/1167 1610/2125/1176
f 616/2008/1117 713/2128/1126 716/1913/975
f 1606/2105/1163 1610/2125/1176 1600/2060/1142
f 1594/2033/1128 1600/2060/1142 1610/2125/1176
f 1803/2129/1120 1801/2130/1179 1824/2131/1146
f 1778/2132/1180 1781/2133/877 1476/2134/1181
f 1499/2135/1063 1474/2136/1002 1769/2137/765
f 1598/2050/1137 1609/2123/1174 1606/2105/1163
f 2976/1781/1000 2981/2138/1182 3062/1787/1004
f 3100/1880/983 3127/2139/1183 3103/1881/1049
f 2972/1822/1019 3087/1821/871 2986/2140/1184
f 1774/1580/901 1817/2141/1185 1770/1438/834
f 381/2142/1135 382/2091/1158 371/2107/1069
f 1797/1937/1076 1825/2065/1144 1864/1805/904
f 1802/2143/1172 1801/2144/1179 1803/2145/1120
f 1687/2108/1165 1731/2109/1166 1726/2077/1148
f 1804/2146/1186 1805/2147/1186 1734/2148/1186
f 1824/2131/1146 1806/2149/1187 1796/2150/1075
f 1496/2151/1188 1776/1914/1062 1772/1445/838
f 1474/2136/1002 1777/2152/1114 1475/2153/853
f 1781/1518/877 1478/1487/862 1779/2154/1189
f 1804/2095/1160 1730/2155/1164 1744/2092/1140
f 1647/2058/1036 1653/2156/1132 1649/2113/1168
f 1977/2157/1155 1798/1995/1110 1976/1997/1007
f 2034/2158/815 2973/2159/301 1928/2160/1033
f 1589/2161/1103 1501/2162/1123 1502/2163/1190
f 2859/1222/718 2873/1992/1107 2872/1988/1104
f 1809/2164/1173 1799/2098/1149 1798/1995/1110
f 1824/2131/1146 1801/2130/1179 1806/2149/1187
f 1589/2161/1103 1503/2165/1191 1592/2073/1059
f 1500/2074/1089 1592/2073/1059 1504/2166/1192
f 1732/2167/1079 1711/1584/903 1733/2168/1193
f 612/2169/1194 705/1817/897 608/1816/1023
f 375/1971/1098 382/2091/1158 383/1946/1084
f 1800/2170/1177 1802/2119/1172 1734/2171/1195
f 2037/2172/797 2036/1840/869 1928/1839/1033
f 1608/2173/1175 1502/2174/1190 1501/2175/1123
f 2970/1878/939 2982/2176/1196 2979/1879/1048
f 3094/1400/813 3127/2177/1183 3100/1740/983
f 1807/2178/1197 1801/2144/1179 1802/2143/1172
f 1800/2170/1177 1734/2171/1195 1805/2179/1143
f 1797/1937/1076 1808/2180/1198 1825/2065/1144
f 1800/2170/1177 1809/2181/1173 1802/2119/1172
f 1678/2118/1171 1711/1584/903 1716/1784/1001
f 3087/2182/871 3062/1787/1004 3064/2183/1199
f 1604/2094/1159 1605/2103/1138 1612/2184/1200
f 3128/1692/941 3102/1868/1042 3110/2185/1201
f 1502/2174/1190 1608/2173/1175 1508/2186/1202
f 713/2070/1126 772/2187/1169 770/2005/1050
f 771/2188/768 767/1756/989 772/2189/1169
f 1734/2171/1195 1802/2119/1172 1730/2120/1164
f 378/2099/1118 383/2101/1084 384/2190/1203
f 607/2191/1009 613/2192/1204 614/1768/995
f 607/2193/1205 614/2194/1205 609/2195/1205
f 3110/2185/1201 3101/2047/993 3128/2196/941
f 1611/2197/1178 1608/2198/1175 1607/2199/1167
f 608/1816/1023 614/1768/995 615/2200/1206
f 767/1756/989 770/1882/1050 772/2189/1169
f 341/2201/891 1781/2133/877 1778/2132/1180
f 612/2169/1194 616/2202/1117 705/1817/897
f 1730/2155/1164 1804/2095/1160 1734/2203/1195
f 1592/2073/1059 1503/2165/1191 1504/2166/1192
f 1504/2204/1192 1674/1998/1111 1500/1952/1089
f 382/2091/1158 381/2142/1135 385/2205/1207
f 382/2091/1158 385/2205/1207 383/1946/1084
f 1649/2206/1168 1653/2207/1132 1650/2208/1208
f 2876/2209/1209 2867/1682/950 2865/1609/912
f 1603/2071/1141 1649/2206/1168 1605/2054/1138
f 1589/2161/1103 1502/2163/1190 1503/2165/1191
f 613/2192/1204 607/2191/1009 537/2210/1156
f 1802/2211/1172 1809/2164/1173 1807/2212/1197
f 2549/2006/1115 2547/1808/1017 2550/2213/1210
f 1808/2214/1198 1796/2150/1075 1806/2149/1187
f 3064/2215/1199 2986/2140/1184 3087/1821/871
f 2938/504/226 2974/2216/791 2973/505/301
f 1503/2165/1191 1505/2217/1211 1504/2166/1192
f 612/2169/1194 713/2218/1126 616/2202/1117
f 1674/1998/1111 1504/2204/1192 1676/2219/1212
f 1776/1914/1062 1769/1312/765 1771/1444/837
f 1476/2220/1181 1781/2221/877 1477/2222/1213
f 1806/2149/1187 1801/2130/1179 1810/2223/1214
f 2980/2224/1065 2870/1846/940 2877/2225/1215
f 537/2088/1156 452/1975/1099 463/2226/1216
f 1779/2227/1189 1477/2222/1213 1781/2221/877
f 1605/2054/1138 1649/2206/1168 1518/2228/1217
f 1604/2094/1159 1613/2229/1218 1609/2123/1174
f 1608/2198/1175 1611/2197/1178 1506/2230/1219
f 1609/2123/1174 1614/2231/1220 1606/2105/1163
f 462/2093/1145 379/2016/1121 393/2096/1161
f 3125/1929/1071 3108/2089/1157 3105/1930/1072
f 1615/2232/1221 1610/2125/1176 1606/2105/1163
f 3063/1978/1100 2971/1977/945 3065/2233/1011
f 1807/2212/1197 1810/2223/1214 1801/2130/1179
f 1507/2234/1222 1503/2165/1191 1502/2163/1190
f 614/1768/995 613/2192/1204 615/2200/1206
f 537/2235/1156 463/2236/1216 453/2237/1223
f 341/1926/891 1778/2238/1180 352/1924/835
f 1678/2118/1171 1721/1943/1081 1735/2239/1224
f 1502/2240/1190 1509/2241/1225 1507/2242/1222
f 3063/1978/1100 3066/2243/1226 2969/1979/938
f 386/2244/1227 381/2046/1135 374/1953/1090
f 1508/2245/1202 1509/2241/1225 1502/2240/1190
f 1697/2246/1228 1687/2110/1165 1718/1927/1070
f 2878/2247/1229 2545/1684/951 2549/2006/1115
f 1615/2232/1221 1606/2105/1163 1614/2231/1220
f 1809/2164/1173 1810/2223/1214 1807/2212/1197
f 3103/1881/1049 3127/2139/1183 3126/1922/1068
f 387/2248/1230 393/2249/1161 368/2250/1051
f 1507/2234/1222 1505/2217/1211 1503/2165/1191
f 378/2099/1118 384/2190/1203 387/2248/1230
f 374/2251/1090 377/2252/1113 388/2253/1231
f 906/2121/932 911/2254/1232 2350/2255/1139
f 2981/2138/1182 3064/2183/1199 3062/1787/1004
f 352/1924/835 377/2256/1113 357/2257/919
f 1735/2239/1224 1721/1943/1081 1729/2083/1153
f 2350/2255/1139 923/2258/998 906/2121/932
f 1509/2259/1225 1508/2260/1202 1608/2198/1175
f 1610/2261/1176 1616/2262/1233 1611/2197/1178
f 1609/2123/1174 1613/2229/1218 1614/2231/1220
f 3109/2263/1136 3111/2264/1234 3129/2265/1150
f 1777/2152/1114 1779/2227/1189 1478/2266/862
f 1711/1584/903 1678/2118/1171 1733/2168/1193
f 2872/1988/1104 2876/2209/1209 2865/1609/912
f 3102/1868/1042 3104/1931/1060 3105/1930/1072
f 381/2142/1135 386/2267/1227 385/2205/1207
f 617/2268/1235 612/2169/1194 608/1816/1023
f 378/2099/1118 387/2248/1230 368/2250/1051
f 1608/2198/1175 1506/2230/1219 1509/2259/1225
f 1796/2269/1075 1808/2180/1198 1797/1937/1076
f 608/1816/1023 615/2200/1206 617/2268/1235
f 911/2254/1232 906/2121/932 910/2076/1147
f 1650/2270/1208 1653/2271/1132 1684/2272/1236
f 389/2273/1237 383/2274/1084 385/2275/1207
f 1731/2109/1166 1735/2239/1224 1729/2083/1153
f 1612/2184/1200 1613/2229/1218 1604/2094/1159
f 912/2276/1238 903/1706/964 909/2007/1116
f 3066/2243/1226 2973/2277/301 2969/1979/938
f 1809/2164/1173 1798/1995/1110 1810/2223/1214
f 1615/2232/1221 1616/2278/1233 1610/2125/1176
f 2547/1808/1017 2548/1884/1052 2349/2279/1239
f 3109/2048/1136 3101/2047/993 3112/2280/1240
f 374/2251/1090 388/2253/1231 389/2281/1237
f 374/2251/1090 390/2282/1241 386/2283/1227
f 1810/2223/1214 1798/1995/1110 1977/2157/1155
f 2037/2284/797 1983/1283/750 2032/1597/735
f 2986/2140/1184 3067/2285/1242 2972/1822/1019
f 2983/2286/1243 2981/2138/1182 2976/1781/1000
f 1479/2287/1244 1476/2220/1181 1477/2222/1213
f 3065/2233/1011 3068/2288/1245 3063/1978/1100
f 1507/2242/1222 1509/2241/1225 1510/2289/1246
f 389/2273/1237 385/2275/1207 390/2290/1241
f 1507/2234/1222 1510/2291/1246 1511/2292/1247
f 1736/2293/1248 1735/2239/1224 1731/2109/1166
f 1479/2287/1244 1778/2294/1180 1476/2220/1181
f 1505/2217/1211 1507/2234/1222 1511/2292/1247
f 390/2282/1241 374/2251/1090 389/2281/1237
f 1480/2295/1249 1481/2296/1250 1474/2136/1002
f 2979/1879/1048 2983/2286/1243 2976/1781/1000
f 2871/1947/1085 2869/1801/1013 2864/1453/843
f 384/2190/1203 383/2101/1084 389/2281/1237
f 1520/2297/1251 1605/2298/1138 1518/2299/1217
f 385/2275/1207 386/2300/1227 390/2290/1241
f 1817/2141/1185 1774/1580/901 1790/2301/1032
f 1611/2197/1178 1616/2262/1233 1506/2230/1219
f 1605/2298/1138 1520/2297/1251 1612/2184/1200
f 1677/2302/1252 1718/1999/1070 1674/1998/1111
f 1678/2303/1171 1735/2304/1224 1689/2305/1253
f 612/2169/1194 617/2268/1235 618/2306/1254
f 1474/2136/1002 1482/2307/1255 1777/2152/1114
f 1732/2037/1079 1733/2308/1193 1675/2038/1131
f 1512/2309/1256 1504/2166/1192 1505/2217/1211
f 1518/2228/1217 1649/2206/1168 1650/2208/1208
f 2877/2225/1215 2867/1682/950 2876/2209/1209
f 1506/2230/1219 1513/2310/1257 1509/2259/1225
f 1650/2208/1208 1532/2311/1258 1518/2228/1217
f 3113/2312/1259 3127/2177/1183 3094/1400/813
f 2878/2247/1229 2549/2006/1115 2551/2313/1260
f 2349/2279/1239 2550/2213/1210 2547/1808/1017
f 1677/2302/1252 1679/2314/1261 1718/1999/1070
f 1718/1999/1070 1679/2314/1261 1697/2315/1228
f 1518/2316/1217 1514/2317/1262 1515/2318/1263
f 3127/2177/1183 3114/2319/1264 3126/2320/1068
f 1778/2238/1180 342/2321/1265 352/1924/835
f 391/2322/1266 389/2281/1237 388/2253/1231
f 1808/2214/1198 1806/2149/1187 1810/2223/1214
f 1736/2293/1248 1731/2109/1166 1687/2108/1165
f 1676/2323/1212 1504/2166/1192 1512/2309/1256
f 619/2324/1267 713/2218/1126 612/2169/1194
f 3076/2325/1268 3110/2185/1201 3102/1868/1042
f 2972/1822/1019 3068/2288/1245 3065/2233/1011
f 1616/2278/1233 1615/2232/1221 1526/2326/1269
f 1689/2305/1253 1735/2304/1224 1683/2327/1270
f 389/2281/1237 391/2322/1266 384/2190/1203
f 2877/2225/1215 2870/1846/940 2867/1682/950
f 1675/2328/1131 1684/2272/1236 1653/2271/1132
f 913/2329/1271 908/1966/1095 903/1706/964
f 1509/2241/1225 1516/2330/1272 1510/2289/1246
f 1506/2230/1219 1517/2331/1273 1513/2310/1257
f 1614/2231/1220 1526/2332/1269 1615/2232/1221
f 1616/2262/1233 1517/2331/1273 1506/2230/1219
f 3105/1930/1072 3108/2089/1157 3115/2333/1274
f 1512/2309/1256 1505/2217/1211 1511/2292/1247
f 1514/2334/1262 1518/2335/1217 1519/2336/1275
f 1676/2323/1212 1512/2309/1256 1523/2337/1276
f 377/2252/1113 391/2322/1266 388/2253/1231
f 1612/2184/1200 1520/2297/1251 1613/2229/1218
f 1520/2338/1251 1518/2316/1217 1515/2318/1263
f 2878/2339/1229 2874/2080/1151 2545/1989/951
f 1614/2231/1220 1613/2229/1218 1526/2332/1269
f 1674/1998/1111 1676/2219/1212 1677/2302/1252
f 1677/2302/1252 1676/2219/1212 1680/2340/1277
f 914/2341/1278 772/2342/1169 621/2343/1279
f 3126/2090/1068 3114/2344/1264 3108/2089/1157
f 1513/2345/1257 1516/2330/1272 1509/2241/1225
f 1735/2346/1280 1736/2347/1280 1682/2348/1280
f 1521/2349/1281 1511/2292/1247 1510/2291/1246
f 1678/2303/1171 1681/2350/1282 1733/2308/1193
f 2879/2351/1283 2880/2352/1284 2868/1800/1012
f 1812/2353/1285 1977/2087/1155 1975/1794/967
f 1532/2354/1258 1519/2336/1275 1518/2335/1217
f 1810/2223/1214 1811/2355/1286 1816/2356/1287
f 2869/1801/1013 2871/1947/1085 2881/2357/1288
f 1811/2355/1286 1810/2223/1214 1977/2157/1155
f 1510/2291/1246 1524/2358/1289 1521/2349/1281
f 1481/2296/1250 1482/2307/1255 1474/2136/1002
f 1779/2227/1189 1483/2359/1290 1477/2222/1213
f 1682/2360/1291 1683/2361/1291 1735/2362/1291
f 2546/1731/977 2350/2055/1139 2548/1884/1052
f 377/2256/1113 352/1924/835 344/2363/1292
f 3102/1868/1042 3105/1930/1072 3076/2325/1268
f 1977/2157/1155 1812/2364/1285 1811/2355/1286
f 1777/2152/1114 1484/2365/1293 1779/2227/1189
f 1816/2356/1287 1808/2214/1198 1810/2223/1214
f 772/2114/1169 914/2366/1278 909/2007/1116
f 1522/2367/1294 1676/2368/1294 1523/2369/1294
f 1650/2370/1208 1684/2371/1236 1531/2372/1295
f 912/2276/1238 909/2007/1116 915/2373/1296
f 2972/1822/1019 3017/2374/1297 3068/2288/1245
f 3066/2243/1226 3069/2375/1298 2973/2277/301
f 1826/2376/1299 1825/2377/1144 1808/2378/1198
f 1516/2330/1272 1524/2379/1289 1510/2289/1246
f 1513/2345/1257 1517/2331/1273 1516/2330/1272
f 454/2380/1300 452/2067/1099 462/2069/1145
f 1613/2229/1218 1617/2381/1301 1526/2332/1269
f 1474/2136/1002 1485/2382/1302 1480/2295/1249
f 1681/2350/1282 1675/2038/1131 1733/2308/1193
f 1676/2383/1212 1522/2384/1303 1680/2385/1277
f 1521/2349/1281 1512/2309/1256 1511/2292/1247
f 1521/2349/1281 1524/2358/1289 1525/2386/1304
f 2550/2213/1210 2551/2313/1260 2549/2006/1115
f 452/2067/1099 454/2380/1300 463/2387/1216
f 1521/2349/1281 1541/2388/1305 1512/2309/1256
f 1675/2038/1131 1681/2350/1282 1684/2389/1236
f 1512/2309/1256 1541/2388/1305 1523/2337/1276
f 1678/2303/1171 1689/2305/1253 1681/2350/1282
f 1778/2390/1180 1486/2391/1306 342/2392/1265
f 393/2249/1161 387/2248/1230 392/2393/1307
f 1520/2297/1251 1617/2394/1301 1613/2229/1218
f 1514/2317/1262 1524/2379/1289 1515/2318/1263
f 1514/2334/1262 1519/2336/1275 1524/2395/1289
f 1983/2396/750 1978/2397/1308 1975/2398/967
f 1484/2365/1293 1483/2359/1290 1779/2227/1189
f 525/2399/1309 526/2400/1310 527/2401/1311
f 1529/2402/1312 1516/2330/1272 1517/2331/1273
f 1524/2395/1289 1519/2336/1275 1527/2403/1313
f 3110/2185/1201 3112/2280/1240 3101/2047/993
f 528/2404/1314 525/2399/1309 527/2401/1311
f 527/2401/1311 529/2405/1315 528/2404/1314
f 613/2192/1204 537/2210/1156 541/2406/1316
f 615/2200/1206 613/2192/1204 620/2407/1317
f 913/2329/1271 903/1706/964 912/2276/1238
f 2874/2080/1151 2881/2357/1288 2871/1947/1085
f 1516/2330/1272 1529/2402/1312 1524/2379/1289
f 527/2401/1311 526/2400/1310 530/2408/1318
f 2873/1992/1107 2868/1800/1012 2880/2352/1284
f 1650/2370/1208 1531/2372/1295 1532/2409/1258
f 531/2410/1319 526/2400/1310 525/2399/1309
f 393/2096/1161 454/2411/1300 462/2093/1145
f 3116/2412/1320 3129/2265/1150 3111/2264/1234
f 1528/2413/1321 1616/2262/1233 1526/2414/1269
f 1526/2414/1269 1617/2415/1301 1528/2413/1321
f 618/2306/1254 617/2268/1235 615/2200/1206
f 1474/2136/1002 1499/2135/1063 1485/2382/1302
f 1517/2331/1273 1616/2262/1233 1528/2413/1321
f 1541/2416/1305 1543/2417/1322 1523/2418/1276
f 526/2400/1310 531/2410/1319 532/2419/1323
f 1532/2409/1258 1533/2420/1324 1519/2421/1275
f 623/2422/1325 528/2404/1314 529/2405/1315
f 1527/2423/1313 1525/2386/1304 1524/2358/1289
f 3110/2185/1201 3073/2424/1326 3112/2280/1240
f 530/2425/1318 529/2426/1315 527/2427/1311
f 528/2404/1314 533/2428/1327 525/2399/1309
f 1541/2388/1305 1521/2349/1281 1525/2386/1304
f 1736/2429/1248 1685/2430/1328 1682/2431/1329
f 1519/2421/1275 1533/2420/1324 1527/2432/1313
f 1479/2287/1244 1486/2433/1306 1778/2294/1180
f 1813/2434/1330 1808/2214/1198 1816/2356/1287
f 525/2399/1309 534/2435/1331 531/2410/1319
f 466/2436/1332 530/2408/1318 526/2400/1310
f 619/2324/1267 621/2437/1279 713/2218/1126
f 1686/2438/1333 1683/2327/1270 1682/2439/1329
f 1520/2440/1251 1528/2441/1321 1617/2442/1301
f 1534/2443/1334 1522/2444/1303 1523/2418/1276
f 466/2436/1332 526/2400/1310 532/2419/1323
f 1736/2429/1248 1687/2445/1165 1737/2446/1335
f 1517/2331/1273 1528/2413/1321 1529/2402/1312
f 1523/2418/1276 1543/2417/1322 1534/2443/1334
f 529/2426/1315 530/2425/1318 622/2447/1336
f 3116/2412/1320 3107/2448/1108 3129/2265/1150
f 1524/2379/1289 1529/2402/1312 1515/2318/1263
f 621/2449/1279 772/2187/1169 713/2070/1126
f 535/2450/1337 534/2435/1331 525/2399/1309
f 1686/2451/1333 1682/2431/1329 1688/2452/1338
f 619/2324/1267 612/2169/1194 618/2306/1254
f 3076/2325/1268 3073/2424/1326 3110/2185/1201
f 1491/2453/1339 1480/2295/1249 1485/2382/1302
f 1777/2152/1114 1487/2454/1340 1484/2365/1293
f 1531/2372/1295 1533/2420/1324 1532/2409/1258
f 1485/2382/1302 1499/2135/1063 1491/2453/1339
f 1677/2302/1252 1680/2340/1277 1679/2314/1261
f 1007/2455/1341 1477/2222/1213 1483/2359/1290
f 1697/2246/1228 1737/2456/1335 1687/2110/1165
f 528/2404/1314 536/2457/1342 533/2428/1327
f 2877/2225/1215 2882/2458/1343 2989/2459/1344
f 533/2428/1327 535/2450/1337 525/2399/1309
f 1481/2296/1250 1480/2295/1249 1491/2460/1339
f 1488/2461/1345 1482/2307/1255 1481/2296/1250
f 541/2462/1316 537/2463/1156 453/2464/1223
f 623/2465/1325 529/2426/1315 624/2466/1346
f 530/2425/1318 466/2467/1332 470/2468/1347
f 1520/2440/1251 1529/2469/1312 1528/2441/1321
f 532/2470/1323 465/2471/1348 466/2472/1332
f 1520/2440/1251 1515/2473/1263 1529/2469/1312
f 1531/2372/1295 1684/2371/1236 1681/2474/1282
f 2983/2286/1243 2979/1879/1048 2982/2176/1196
f 3006/2085/1154 2982/2176/1196 2970/1878/939
f 2869/1801/1013 2881/2357/1288 2875/2102/1162
f 528/2404/1314 538/2475/1349 536/2457/1342
f 343/2476/1350 387/2248/1230 384/2190/1203
f 1683/2327/1270 1686/2438/1333 1689/2305/1253
f 384/2190/1203 391/2322/1266 343/2476/1350
f 539/2477/1351 532/2419/1323 531/2410/1319
f 1527/2432/1313 1538/2478/1352 1525/2479/1304
f 1481/2296/1250 1489/2480/1353 1488/2461/1345
f 1525/2481/1354 1530/2482/1354 1541/2483/1354
f 1479/2287/1244 1477/2222/1213 1007/2455/1341
f 528/2404/1314 623/2422/1325 538/2475/1349
f 530/2425/1318 470/2468/1347 622/2447/1336
f 531/2484/1319 467/2485/1355 539/2486/1351
f 1491/2460/1339 1489/2480/1353 1481/2296/1250
f 1488/2461/1345 1489/2480/1353 1490/2487/1356
f 1482/2307/1255 1487/2454/1340 1777/2152/1114
f 3114/2319/1264 3127/2177/1183 3117/2488/1357
f 531/2410/1319 534/2435/1331 467/2489/1355
f 2883/2490/1358 2874/2080/1151 2878/2339/1229
f 533/2428/1327 540/2491/1359 535/2450/1337
f 1522/2384/1303 1534/2492/1334 1535/2493/1360
f 1686/2451/1333 1688/2452/1338 1689/2494/1253
f 620/2407/1317 618/2306/1254 615/2200/1206
f 1496/2151/1188 1772/1445/838 1770/1438/834
f 1017/2495/1361 1484/2365/1293 1487/2454/1340
f 1531/2372/1295 1681/2474/1282 1533/2420/1324
f 1535/2493/1360 1680/2385/1277 1522/2384/1303
f 625/2496/1362 622/2447/1336 470/2468/1347
f 1491/2497/1339 1499/2498/1063 1489/2499/1353
f 529/2426/1315 622/2447/1336 626/2500/1363
f 3113/2312/1259 3094/1400/813 3118/2501/1364
f 532/2470/1323 539/2486/1351 465/2471/1348
f 1697/2502/1228 1690/2503/1365 1737/2446/1335
f 1484/2365/1293 1492/2504/1366 1483/2359/1290
f 1533/2420/1324 1538/2478/1352 1527/2432/1313
f 529/2426/1315 626/2500/1363 624/2466/1346
f 1536/2505/1367 1533/2420/1324 1681/2474/1282
f 536/2457/1342 540/2491/1359 533/2428/1327
f 2972/1822/1019 3067/2285/1242 3017/2374/1297
f 1975/1794/967 1978/2397/1308 1812/2353/1285
f 2868/1800/1012 2875/2102/1162 2879/2351/1283
f 1697/2315/1228 1679/2314/1261 1698/2506/1368
f 1533/2420/1324 1545/2507/1369 1538/2478/1352
f 2983/2286/1243 2982/2176/1196 2984/2508/1370
f 1007/2455/1341 1486/2433/1306 1479/2287/1244
f 3068/2288/1245 3018/2509/1371 3063/1978/1100
f 2878/2247/1229 2551/2313/1260 2883/2510/1358
f 1537/2511/1372 1525/2512/1304 1538/2513/1352
f 1525/2512/1304 1537/2511/1372 1530/2514/1373
f 3113/2312/1259 3119/2515/1374 3127/2177/1183
f 539/2486/1351 467/2485/1355 468/2516/1375
f 469/2517/1376 466/2472/1332 465/2471/1348
f 344/2363/1292 343/2518/1350 377/2256/1113
f 1493/2519/1377 1489/2499/1353 1499/2498/1063
f 629/2520/1378 623/2465/1325 624/2466/1346
f 466/2472/1332 469/2517/1376 470/2521/1347
f 2548/1884/1052 2350/2055/1139 2349/2279/1239
f 3118/2501/1364 3119/2515/1374 3113/2312/1259
f 1688/2452/1338 1691/2522/1379 1689/2494/1253
f 541/2523/1316 538/2475/1349 623/2422/1325
f 1534/2492/1334 1539/2524/1380 1535/2493/1360
f 1682/2431/1329 1685/2430/1328 1688/2452/1338
f 2877/2225/1215 2989/2459/1344 2980/2224/1065
f 625/2496/1362 626/2500/1363 622/2447/1336
f 1536/2525/1367 1681/2350/1282 1689/2305/1253
f 1494/2526/1381 1493/2519/1377 1499/2498/1063
f 1484/2365/1293 1017/2495/1361 1492/2504/1366
f 1539/2524/1380 1534/2492/1334 1572/2527/1382
f 1680/2340/1277 1547/2528/1383 1679/2314/1261
f 1495/2529/1384 1499/2498/1063 1776/2530/1062
f 1813/2531/1330 1826/2376/1299 1808/2378/1198
f 2985/2532/1385 3064/2183/1199 2981/2138/1182
f 1533/2420/1324 1536/2505/1367 1545/2507/1369
f 1697/2502/1228 1698/2533/1368 1690/2503/1365
f 471/2534/1386 469/2517/1376 465/2471/1348
f 1736/2429/1248 1737/2446/1335 1685/2430/1328
f 629/2520/1378 541/2535/1316 623/2465/1325
f 2985/2532/1385 2981/2138/1182 2983/2286/1243
f 377/2252/1113 343/2476/1350 391/2322/1266
f 3127/2177/1183 3119/2515/1374 3117/2488/1357
f 1530/2514/1373 1540/2536/1387 1541/2537/1305
f 470/2468/1347 627/2538/1388 625/2496/1362
f 1534/2443/1334 1543/2417/1322 1573/2539/1389
f 1543/2417/1322 1541/2416/1305 1542/2540/1390
f 915/2373/1296 909/2007/1116 914/2366/1278
f 541/2462/1316 453/2464/1223 554/2541/1391
f 1542/2542/1390 1541/2537/1305 1540/2536/1387
f 1826/2543/1299 1795/1909/1058 1825/2065/1144
f 542/2544/1392 534/2435/1331 535/2450/1337
f 535/2450/1337 540/2491/1359 543/2545/1393
f 538/2475/1349 554/2546/1391 536/2457/1342
f 629/2547/1378 624/2466/1346 626/2500/1363
f 467/2489/1355 534/2435/1331 521/2548/1394
f 467/2485/1355 521/2549/1394 468/2516/1375
f 534/2435/1331 542/2544/1392 521/2548/1394
f 911/2254/1232 910/2076/1147 913/2329/1271
f 3074/2550/1395 2986/2551/1184 3064/2183/1199
f 1488/2461/1345 1014/2552/1396 1482/2307/1255
f 1685/2430/1328 1692/2553/1397 1688/2452/1338
f 3094/1400/813 3106/2554/1109 3118/2501/1364
f 2873/1992/1107 2876/2209/1209 2872/1988/1104
f 1738/2555/1398 1790/1838/1032 1795/1909/1058
f 455/2556/1399 453/2237/1223 463/2236/1216
f 342/2321/1265 344/2363/1292 352/1924/835
f 2874/2080/1151 2883/2490/1358 2884/2557/1400
f 1536/2558/1367 1695/2559/1401 1545/2560/1369
f 628/2561/1402 621/2437/1279 619/2324/1267
f 1543/2562/1403 1542/2563/1403 1573/2564/1403
f 1489/2499/1353 1493/2519/1377 1490/2565/1356
f 539/2486/1351 472/2566/1404 465/2471/1348
f 544/2567/1405 540/2491/1359 536/2457/1342
f 1547/2528/1383 1698/2506/1368 1679/2314/1261
f 539/2486/1351 468/2516/1375 472/2566/1404
f 1067/2568/1406 1776/2530/1062 1496/2569/1188
f 1538/2513/1352 1545/2570/1369 1569/2571/1407
f 387/2248/1230 343/2476/1350 392/2393/1307
f 3114/2344/1264 3079/2572/1408 3108/2089/1157
f 1536/2573/1367 1689/2494/1253 1548/2574/1409
f 1790/1838/1032 1738/2555/1398 1814/2575/1410
f 1495/2529/1384 1494/2526/1381 1499/2498/1063
f 542/2544/1392 535/2450/1337 545/2576/1411
f 1737/2446/1335 1690/2503/1365 1693/2577/1412
f 1826/2543/1299 1745/2578/1413 1738/2555/1398
f 1811/2355/1286 1812/2364/1285 1827/2579/1414
f 1498/2580/1415 1496/2151/1188 1770/1438/834
f 456/2581/1416 393/2096/1161 338/2582/1417
f 1811/2355/1286 1827/2579/1414 1815/2583/1418
f 1572/2584/1382 1544/2585/1419 1539/2586/1380
f 2980/2587/1065 2987/2588/1420 3006/2589/1154
f 1490/2487/1356 1013/2590/1421 1488/2461/1345
f 1828/2591/1422 1826/2376/1299 1813/2531/1330
f 543/2545/1393 540/2491/1359 544/2567/1405
f 470/2521/1347 469/2517/1376 522/2592/1423
f 912/2276/1238 916/2593/1424 913/2329/1271
f 1547/2528/1383 1557/2594/1425 1698/2506/1368
f 3010/2595/1426 3111/2596/1234 3109/2597/1136
f 2885/2598/1427 2886/2599/1428 2880/2352/1284
f 2552/2600/1429 2551/2313/1260 2550/2213/1210
f 1812/2353/1285 1978/2397/1308 1827/2601/1414
f 1691/2522/1379 1548/2574/1409 1689/2494/1253
f 1534/2602/1334 1573/2603/1389 1572/2584/1382
f 1545/2604/1430 1546/2605/1430 1569/2606/1430
f 629/2607/1378 613/2192/1204 541/2406/1316
f 471/2534/1386 465/2471/1348 472/2566/1404
f 554/2546/1391 538/2475/1349 541/2523/1316
f 1695/2559/1401 1546/2608/1431 1545/2560/1369
f 625/2496/1362 627/2538/1388 630/2609/1432
f 393/2096/1161 456/2581/1416 454/2411/1300
f 1680/2385/1277 1535/2493/1360 1694/2610/1433
f 1692/2553/1397 1685/2430/1328 1737/2446/1335
f 626/2500/1363 625/2496/1362 630/2609/1432
f 1680/2385/1277 1694/2610/1433 1547/2611/1383
f 3120/2612/1434 3107/2448/1108 3116/2412/1320
f 1546/2608/1431 1695/2559/1401 1554/2613/1435
f 2349/2279/1239 2347/2614/1436 2550/2213/1210
f 3064/2183/1199 2985/2532/1385 2991/2615/1437
f 1538/2513/1352 1566/2616/1438 1537/2511/1372
f 3074/2550/1395 3064/2183/1199 2991/2615/1437
f 1067/2568/1406 1495/2529/1384 1776/2530/1062
f 307/2617/1439 342/2392/1265 1486/2391/1306
f 1816/2356/1287 1811/2355/1286 1815/2583/1418
f 627/2538/1388 631/2618/1440 630/2609/1432
f 543/2545/1393 545/2576/1411 535/2450/1337
f 1692/2553/1397 1737/2446/1335 1693/2577/1412
f 1535/2493/1360 1563/2619/1441 1694/2610/1433
f 1536/2558/1367 1548/2620/1409 1695/2559/1401
f 3106/2554/1109 3081/2621/1442 3118/2501/1364
f 2992/2622/1443 2985/2532/1385 2983/2286/1243
f 1488/2461/1345 1013/2590/1421 1019/2623/1444
f 3010/2595/1426 3116/2624/1320 3111/2596/1234
f 3010/2595/1426 3109/2597/1136 3070/2625/1445
f 3079/2572/1408 3115/2333/1274 3108/2089/1157
f 521/2626/1394 475/2627/1446 468/2628/1375
f 1490/2565/1356 1493/2519/1377 1013/2629/1421
f 1698/2533/1368 1557/2630/1425 1690/2503/1365
f 1530/2514/1373 1537/2511/1372 1540/2536/1387
f 1537/2511/1372 1549/2631/1447 1540/2536/1387
f 472/2566/1404 523/2632/1448 471/2534/1386
f 2882/2458/1343 2877/2225/1215 2876/2209/1209
f 2887/2633/1449 2881/2357/1288 2874/2080/1151
f 914/2366/1278 773/2634/1450 915/2373/1296
f 1486/2391/1306 1063/2635/1451 307/2617/1439
f 3109/2636/1136 3071/2637/1452 3072/2638/1453
f 342/2392/1265 307/2617/1439 308/2639/1454
f 546/2640/1455 521/2548/1394 542/2544/1392
f 1572/2584/1382 1573/2603/1389 1544/2585/1419
f 2553/2641/1456 2883/2510/1358 2551/2313/1260
f 454/2642/1300 456/2643/1416 464/2644/1457
f 1550/2645/1458 1539/2646/1380 1544/2585/1419
f 3114/2319/1264 3117/2488/1357 3079/2647/1408
f 1692/2553/1397 1691/2522/1379 1688/2452/1338
f 3109/2636/1136 3072/2638/1453 3070/2648/1445
f 2553/2641/1456 2551/2313/1260 2552/2600/1429
f 1535/2649/1360 1539/2646/1380 1550/2645/1458
f 393/2249/1161 392/2393/1307 318/2650/1459
f 2874/2080/1151 2884/2557/1400 2887/2633/1449
f 908/1966/1095 913/2329/1271 910/2076/1147
f 3074/2550/1395 2991/2615/1437 2988/2651/1460
f 2880/2352/1284 2879/2351/1283 2885/2598/1427
f 471/2534/1386 522/2592/1423 469/2517/1376
f 547/2652/1461 536/2457/1342 554/2546/1391
f 1691/2522/1379 1559/2653/1462 1548/2654/1409
f 627/2538/1388 470/2468/1347 522/2655/1423
f 522/2656/1423 635/2657/1463 627/2658/1388
f 3109/2636/1136 3112/2659/1240 3071/2637/1452
f 1063/2635/1451 309/2660/1464 307/2617/1439
f 773/2661/1450 914/2341/1278 621/2343/1279
f 547/2652/1461 544/2567/1405 536/2457/1342
f 1813/2531/1330 1816/2662/1287 1815/2663/1418
f 1537/2511/1372 1566/2664/1438 1549/2631/1447
f 2983/2286/1243 2984/2508/1370 2992/2622/1443
f 453/2665/1465 553/2666/1465 554/2667/1465
f 1694/2668/1433 1557/2594/1425 1547/2528/1383
f 468/2516/1375 523/2632/1448 472/2566/1404
f 629/2547/1378 626/2500/1363 632/2669/1466
f 628/2561/1402 773/2670/1450 621/2437/1279
f 1691/2522/1379 1692/2553/1397 1559/2653/1462
f 3073/2671/1326 3071/2637/1452 3112/2659/1240
f 2886/2599/1428 2876/2209/1209 2873/1992/1107
f 3076/2325/1268 3105/1930/1072 3077/2672/1467
f 1542/2673/1390 1540/2536/1387 1549/2631/1447
f 1544/2585/1419 1573/2603/1389 1551/2674/1468
f 1498/2580/1415 1770/1438/834 1817/2141/1185
f 1019/2623/1444 1014/2552/1396 1488/2461/1345
f 463/2236/1216 464/2644/1457 455/2556/1399
f 911/2254/1232 917/2675/1469 2350/2255/1139
f 2552/2600/1429 2550/2213/1210 2347/2614/1436
f 1063/2676/1451 1486/2677/1306 1007/2678/1341
f 3115/2333/1274 3079/2572/1408 3121/2679/1470
f 1550/2645/1458 1563/2680/1441 1535/2649/1360
f 455/2556/1399 553/2681/1471 453/2237/1223
f 613/2192/1204 629/2607/1378 632/2682/1466
f 1007/2678/1341 1492/2683/1366 1008/2684/1472
f 620/2407/1317 613/2192/1204 632/2682/1466
f 1014/2552/1396 1487/2454/1340 1482/2307/1255
f 626/2500/1363 630/2609/1432 632/2669/1466
f 1695/2685/1401 1548/2654/1409 1559/2653/1462
f 1693/2577/1412 1559/2653/1462 1692/2553/1397
f 342/2392/1265 308/2639/1454 344/2686/1292
f 3105/1930/1072 3115/2333/1274 3121/2679/1470
f 1552/2687/1473 1553/2688/1474 1554/2689/1435
f 1557/2630/1425 1556/2690/1475 1690/2503/1365
f 344/2691/1292 310/2692/1476 343/2693/1350
f 1555/2694/1477 1542/2673/1390 1549/2631/1447
f 3017/2374/1297 3018/2509/1371 3068/2288/1245
f 2873/1992/1107 2880/2352/1284 2886/2599/1428
f 1563/2619/1441 1556/2695/1475 1694/2610/1433
f 523/2632/1448 468/2516/1375 473/2696/1478
f 1007/2455/1341 1483/2359/1290 1492/2504/1366
f 1556/2695/1475 1557/2697/1425 1694/2610/1433
f 3077/2672/1467 3105/1930/1072 3121/2679/1470
f 542/2544/1392 548/2698/1479 546/2640/1455
f 1569/2699/1480 1546/2700/1431 1554/2689/1435
f 3074/2701/1395 3067/2285/1242 2986/2140/1184
f 1814/2575/1410 1817/2702/1185 1790/1838/1032
f 2888/2703/1481 2881/2357/1288 2887/2633/1449
f 619/2324/1267 618/2306/1254 633/2704/1482
f 522/2592/1423 471/2534/1386 474/2705/1483
f 548/2698/1479 542/2544/1392 545/2576/1411
f 308/2639/1454 307/2617/1439 311/2706/1484
f 1690/2503/1365 1560/2707/1485 1693/2577/1412
f 544/2567/1405 549/2708/1486 543/2545/1393
f 632/2669/1466 630/2609/1432 634/2709/1487
f 1497/2710/1488 1013/2629/1421 1493/2519/1377
f 1573/2603/1389 1542/2711/1390 1551/2674/1468
f 1569/2571/1407 1566/2616/1438 1538/2513/1352
f 550/2712/1489 548/2698/1479 545/2576/1411
f 1693/2577/1412 1560/2707/1485 1559/2653/1462
f 3120/2713/1434 3116/2624/1320 3010/2595/1426
f 344/2714/1292 308/2639/1454 312/2715/1490
f 1487/2454/1340 1014/2552/1396 1017/2495/1361
f 1063/2716/1451 1009/2717/1491 309/2718/1464
f 3075/2719/1492 3073/2671/1326 3076/2720/1268
f 1564/2721/1493 1563/2680/1441 1550/2645/1458
f 1558/2722/1494 1563/2619/1441 1552/2723/1473
f 1695/2559/1401 1559/2724/1462 1560/2725/1485
f 2987/2588/1420 2980/2587/1065 2989/2726/1344
f 463/2387/1216 454/2380/1300 464/2727/1457
f 3119/2515/1374 3122/2728/1495 3117/2488/1357
f 1493/2519/1377 1494/2526/1381 1497/2710/1488
f 1555/2729/1477 1549/2730/1447 1561/2731/1496
f 1563/2619/1441 1558/2722/1494 1556/2695/1475
f 1555/2729/1477 1551/2674/1468 1542/2711/1390
f 635/2732/1463 631/2618/1440 627/2538/1388
f 468/2516/1375 475/2733/1446 473/2696/1478
f 1556/2690/1475 1560/2707/1485 1690/2503/1365
f 1553/2688/1474 1552/2687/1473 1568/2734/1497
f 1550/2645/1458 1544/2585/1419 1562/2735/1498
f 1568/2734/1497 1552/2687/1473 1563/2736/1441
f 309/2737/1499 1009/2738/1499 320/2739/1499
f 313/2740/1500 312/2715/1490 308/2639/1454
f 318/2650/1459 392/2393/1307 343/2476/1350
f 2888/2703/1481 2875/2102/1162 2881/2357/1288
f 1569/2699/1480 1554/2689/1435 1553/2688/1474
f 1813/2531/1330 1815/2663/1418 1739/2741/1501
f 475/2627/1446 521/2626/1394 485/2742/1502
f 1819/2743/1503 1827/2601/1414 1978/2397/1308
f 1558/2722/1494 1552/2744/1473 1554/2613/1435
f 1558/2722/1494 1554/2613/1435 1560/2725/1485
f 1560/2725/1485 1554/2613/1435 1695/2559/1401
f 554/2745/1391 553/2746/1471 547/2747/1461
f 3119/2515/1374 3118/2501/1364 3122/2728/1495
f 1563/2748/1504 1564/2749/1504 1568/2750/1504
f 471/2534/1386 523/2632/1448 474/2705/1483
f 1813/2531/1330 1739/2741/1501 1828/2591/1422
f 309/2660/1464 320/2751/1505 314/2752/1506
f 620/2407/1317 632/2682/1466 634/2753/1487
f 550/2712/1489 545/2576/1411 543/2545/1393
f 3088/2754/1507 3079/2647/1408 3117/2488/1357
f 1562/2735/1498 1544/2585/1419 1551/2674/1468
f 2985/2532/1385 2992/2622/1443 2991/2615/1437
f 1558/2722/1494 1560/2725/1485 1556/2695/1475
f 3063/1978/1100 3018/2509/1371 3066/2243/1226
f 309/2660/1464 311/2706/1484 307/2617/1439
f 773/2634/1450 775/2755/1508 915/2373/1296
f 1010/2756/1509 1497/2757/1488 1011/2758/1510
f 1827/2759/1414 1739/2741/1501 1815/2663/1418
f 1012/2760/1511 1007/2678/1341 1008/2684/1472
f 1063/2676/1451 1007/2678/1341 1022/2761/1512
f 475/2762/1446 485/2763/1502 476/2764/1513
f 1494/2526/1381 1065/2765/1514 1021/2766/1515
f 1562/2735/1498 1551/2674/1468 1565/2767/1516
f 309/2660/1464 314/2752/1506 315/2768/1517
f 1562/2735/1498 1564/2721/1493 1550/2645/1458
f 549/2708/1486 544/2567/1405 555/2769/1518
f 1555/2729/1477 1561/2731/1496 1551/2674/1468
f 1013/2770/1421 1497/2757/1488 1010/2756/1509
f 1566/2771/1438 1567/2772/1519 1549/2730/1447
f 2887/2633/1449 2884/2557/1400 2889/2773/1520
f 3076/2720/1268 3077/2774/1467 3075/2719/1492
f 2982/2176/1196 3006/2085/1154 2984/2508/1370
f 1014/2775/1396 1019/2776/1444 1015/2777/1521
f 1016/2778/1522 1017/2779/1361 1014/2775/1396
f 631/2618/1440 635/2732/1463 636/2780/1523
f 1065/2765/1514 1494/2526/1381 1495/2529/1384
f 547/2747/1461 553/2746/1471 459/2781/1524
f 543/2545/1393 549/2708/1486 551/2782/1525
f 521/2626/1394 546/2783/1455 485/2742/1502
f 473/2784/1478 475/2762/1446 476/2764/1513
f 1826/2543/1299 1738/2555/1398 1795/1909/1058
f 320/2785/1505 319/2786/1526 314/2787/1506
f 544/2567/1405 547/2652/1461 555/2769/1518
f 1562/2735/1498 1568/2788/1497 1564/2721/1493
f 1569/2789/1527 1553/2790/1527 1571/2791/1527
f 1551/2674/1468 1561/2731/1496 1565/2767/1516
f 1497/2710/1488 1494/2526/1381 1021/2766/1515
f 918/2792/1528 773/2670/1450 628/2561/1402
f 473/2784/1478 477/2793/1529 523/2794/1448
f 634/2709/1487 630/2609/1432 637/2795/1530
f 1562/2735/1498 1565/2767/1516 1568/2788/1497
f 1549/2730/1447 1567/2772/1519 1561/2731/1496
f 2885/2598/1427 2890/2796/1531 2886/2599/1428
f 1569/2571/1407 1570/2797/1532 1566/2616/1438
f 478/2798/1533 635/2657/1463 522/2656/1423
f 912/2276/1238 915/2373/1296 916/2593/1424
f 631/2618/1440 637/2795/1530 630/2609/1432
f 1738/2799/1398 1745/2800/1413 1818/2801/1534
f 308/2639/1454 311/2706/1484 313/2740/1500
f 2346/2802/1535 2347/2803/1436 2348/2804/1536
f 1561/2731/1496 1567/2772/1519 1565/2767/1516
f 523/2805/1448 479/2806/1537 474/2807/1483
f 456/2581/1416 338/2582/1417 47/2808/1538
f 523/2794/1448 477/2793/1529 480/2809/1539
f 1566/2771/1438 1570/2810/1532 1567/2772/1519
f 1568/2734/1497 1571/2811/1540 1553/2688/1474
f 1571/2812/1540 1568/2788/1497 1565/2767/1516
f 1492/2683/1366 1017/2779/1361 1018/2813/1541
f 2990/2814/1542 2991/2815/1437 2992/2816/1443
f 1018/2813/1541 1008/2684/1472 1492/2683/1366
f 548/2698/1479 550/2712/1489 488/2817/1543
f 2349/2818/1239 2348/2804/1536 2347/2803/1436
f 488/2817/1543 546/2640/1455 548/2698/1479
f 3008/2819/1544 3070/2648/1445 3072/2638/1453
f 313/2740/1500 311/2706/1484 316/2820/1545
f 1567/2772/1519 1571/2812/1540 1565/2767/1516
f 1569/2821/1546 1571/2822/1546 1570/2823/1546
f 473/2784/1478 476/2764/1513 477/2793/1529
f 1009/2824/1491 1026/2825/1547 320/2826/1548
f 1019/2776/1444 1020/2827/1549 1015/2777/1521
f 571/2828/1550 618/2306/1254 620/2407/1317
f 551/2782/1525 550/2712/1489 543/2545/1393
f 3073/2671/1326 3075/2719/1492 3071/2637/1452
f 317/2829/1551 318/2830/1459 310/2692/1476
f 1567/2772/1519 1570/2831/1532 1571/2812/1540
f 1013/2770/1421 1010/2756/1509 1019/2832/1444
f 2883/2490/1358 2356/2833/1552 2884/2557/1400
f 638/2834/1553 631/2618/1440 636/2780/1523
f 318/2830/1459 343/2693/1350 310/2692/1476
f 522/2656/1423 474/2807/1483 478/2798/1533
f 637/2795/1530 631/2618/1440 559/2835/1554
f 319/2836/1526 320/2837/1505 329/2838/1555
f 1065/2839/1514 1495/2840/1384 1066/2841/1556
f 1017/2779/1361 1016/2778/1522 1018/2813/1541
f 634/2709/1487 637/2795/1530 639/2842/1557
f 631/2618/1440 638/2834/1553 559/2835/1554
f 480/2843/1539 479/2806/1537 523/2805/1448
f 1007/2678/1341 1012/2760/1511 1022/2761/1512
f 2990/2814/1542 2992/2816/1443 2984/2844/1370
f 636/2845/1523 635/2657/1463 481/2846/1558
f 2888/2703/1481 2891/2847/1559 2879/2351/1283
f 309/2660/1464 315/2768/1517 311/2706/1484
f 1814/2575/1410 1738/2555/1398 1818/2848/1534
f 1016/2778/1522 1014/2775/1396 1015/2777/1521
f 314/2787/1506 319/2786/1526 321/2849/1560
f 2993/2850/1561 2984/2844/1370 3006/2589/1154
f 1983/2396/750 1819/2743/1503 1978/2397/1308
f 344/2714/1292 312/2715/1490 322/2851/1562
f 3071/2637/1452 3020/2852/1563 3011/2853/1564
f 2892/2854/1565 2891/2847/1559 2888/2703/1481
f 338/2582/1417 393/2096/1161 318/2855/1459
f 1745/2578/1413 1826/2543/1299 1828/2856/1422
f 2356/2833/1552 2883/2490/1358 2553/2857/1456
f 2887/2633/1449 2889/2773/1520 2888/2703/1481
f 915/2373/1296 775/2755/1508 916/2593/1424
f 3072/2638/1453 3011/2853/1564 3008/2819/1544
f 2889/2773/1520 2892/2854/1565 2888/2703/1481
f 322/2851/1562 312/2715/1490 316/2820/1545
f 478/2798/1533 481/2846/1558 635/2657/1463
f 310/2692/1476 344/2691/1292 317/2829/1551
f 316/2820/1545 312/2715/1490 313/2740/1500
f 3069/2375/1298 3066/2243/1226 3036/2858/1566
f 3123/2859/1567 3106/2860/1109 3120/2713/1434
f 628/2561/1402 619/2324/1267 633/2704/1482
f 2994/2861/1568 2995/2862/1569 2991/2815/1437
f 637/2795/1530 559/2835/1554 558/2863/1570
f 3055/2864/1571 3070/2865/1445 3008/2866/1544
f 1020/2867/1549 1019/2832/1444 1010/2756/1509
f 316/2820/1545 311/2706/1484 323/2868/1572
f 2886/2599/1428 2882/2458/1343 2876/2209/1209
f 2882/2458/1343 2886/2599/1428 2893/2869/1573
f 2893/2869/1573 2886/2599/1428 2894/2870/1574
f 551/2782/1525 549/2708/1486 555/2769/1518
f 319/2871/1526 329/2872/1555 324/2873/1575
f 571/2828/1550 620/2407/1317 572/2874/1576
f 3072/2638/1453 3071/2637/1452 3011/2853/1564
f 1022/2875/1512 1009/2717/1491 1063/2716/1451
f 2987/2588/1420 2993/2850/1561 3006/2589/1154
f 2895/2876/1577 2987/2877/1420 2989/2459/1344
f 2988/2878/1460 3067/2879/1242 3074/2880/1395
f 555/2881/1518 547/2747/1461 556/2882/1578
f 639/2842/1557 637/2795/1530 558/2863/1570
f 477/2793/1529 476/2764/1513 482/2883/1579
f 3106/1994/1109 3107/1993/1108 3120/2884/1434
f 1021/2885/1515 1011/2758/1510 1497/2757/1488
f 1026/2825/1547 1009/2824/1491 1022/2886/1512
f 512/2887/1580 550/2712/1489 551/2782/1525
f 488/2817/1543 550/2712/1489 512/2887/1580
f 474/2807/1483 479/2806/1537 478/2798/1533
f 455/2556/1399 464/2644/1457 457/2888/1581
f 3088/2754/1507 3117/2488/1357 3122/2728/1495
f 480/2809/1539 477/2793/1529 483/2889/1582
f 497/2890/1583 477/2793/1529 482/2883/1579
f 556/2882/1578 547/2747/1461 459/2781/1524
f 2884/2557/1400 2896/2891/1584 2889/2773/1520
f 639/2892/1557 620/2407/1317 634/2753/1487
f 639/2842/1557 558/2863/1570 640/2893/1585
f 456/2643/1416 458/2894/1586 464/2644/1457
f 1814/2575/1410 1418/2895/1587 1817/2702/1185
f 324/2873/1575 325/2896/1588 319/2871/1526
f 3071/2637/1452 3075/2719/1492 3020/2852/1563
f 2348/2804/1536 2349/2818/1239 2350/2897/1139
f 481/2846/1558 638/2898/1553 636/2845/1523
f 3010/2595/1426 3070/2625/1445 3055/2899/1571
f 3009/2900/1589 3120/2713/1434 3010/2595/1426
f 917/2675/1469 2348/2901/1536 2350/2255/1139
f 497/2890/1583 484/2902/1590 477/2793/1529
f 1418/2895/1587 1814/2575/1410 1415/2903/1591
f 1023/2904/1592 1008/2684/1472 1018/2813/1541
f 620/2407/1317 639/2892/1557 640/2905/1585
f 311/2706/1484 326/2906/1593 323/2868/1572
f 491/2907/1594 493/2908/1595 486/2909/1596
f 1827/2759/1414 1819/2910/1503 1739/2741/1501
f 1023/2904/1592 1012/2760/1511 1008/2684/1472
f 314/2911/1506 321/2912/1560 327/2913/1597
f 2875/2102/1162 2888/2703/1481 2879/2351/1283
f 476/2764/1513 485/2914/1502 482/2883/1579
f 493/2908/1595 491/2907/1594 497/2915/1598
f 493/2916/1595 504/2917/1599 486/2918/1596
f 486/2909/1596 487/2919/1600 491/2907/1594
f 775/2755/1508 773/2634/1450 918/2920/1528
f 3055/2921/1601 3009/2922/1601 3010/2923/1601
f 3011/2924/1564 3012/2925/1602 3008/2926/1544
f 913/2329/1271 916/2593/1424 780/2927/1603
f 1828/2928/1422 1739/2929/1501 1420/2930/1604
f 328/2931/1605 320/2932/1605 1026/2933/1605
f 488/2934/1543 489/2935/1606 546/2783/1455
f 485/2742/1502 546/2783/1455 490/2936/1607
f 483/2889/1582 477/2793/1529 484/2902/1590
f 918/2792/1528 628/2561/1402 633/2704/1482
f 491/2937/1594 487/2938/1600 492/2939/1608
f 497/2940/1609 494/2941/1609 493/2942/1609
f 320/2837/1505 328/2943/1610 329/2838/1555
f 497/2944/1611 482/2945/1611 494/2946/1611
f 504/2917/1599 493/2916/1595 494/2947/1612
f 317/2948/1551 344/2714/1292 322/2851/1562
f 456/2643/1416 47/2949/1538 458/2894/1586
f 2879/2351/1283 2891/2847/1559 2885/2598/1427
f 319/2786/1526 325/2950/1588 321/2849/1560
f 328/2951/1613 332/2952/1613 329/2953/1613
f 1814/2575/1410 1818/2848/1534 1415/2903/1591
f 2990/2814/1542 2994/2861/1568 2991/2815/1437
f 491/2937/1594 492/2939/1608 497/2954/1598
f 2882/2458/1343 2893/2869/1573 2989/2459/1344
f 326/2906/1593 311/2706/1484 315/2768/1517
f 3067/2879/1242 3024/2955/1614 3013/2956/1615
f 2895/2876/1577 2989/2459/1344 2893/2869/1573
f 481/2846/1558 478/2798/1533 495/2957/1616
f 482/2958/1579 485/2959/1502 496/2960/1617
f 323/2868/1572 330/2961/1618 316/2820/1545
f 1010/2756/1509 1024/2962/1619 1020/2867/1549
f 324/2873/1575 329/2872/1555 332/2963/1620
f 3106/2554/1109 3123/2964/1567 3081/2621/1442
f 1015/2777/1521 1020/2827/1549 1025/2965/1621
f 497/2966/1583 509/2967/1622 484/2902/1590
f 2996/2968/1623 2988/2969/1460 2991/2815/1437
f 486/2970/1624 504/2971/1624 507/2972/1624
f 2996/2968/1623 2991/2815/1437 2995/2862/1569
f 323/2868/1572 326/2906/1593 1/2973/1625
f 2896/2891/1584 2884/2557/1400 2356/2833/1552
f 330/2961/1618 323/2868/1572 1/2973/1625
f 775/2755/1508 919/2974/1626 916/2593/1424
f 3018/2509/1371 3036/2858/1566 3066/2243/1226
f 3081/2621/1442 3080/2975/1627 3118/2501/1364
f 2347/2614/1436 2352/2976/1628 2552/2600/1429
f 551/2782/1525 555/2769/1518 552/2977/1629
f 485/2959/1502 490/2978/1607 496/2960/1617
f 504/2979/1630 494/2980/1630 498/2981/1630
f 497/2982/1631 499/2983/1631 509/2984/1631
f 492/2985/1632 499/2986/1632 497/2987/1632
f 487/2988/1600 508/2989/1633 492/2990/1608
f 556/2882/1578 557/2991/1634 555/2881/1518
f 486/2992/1596 507/2993/1635 487/2994/1600
f 3069/2995/1298 3078/2996/1636 2973/2997/301
f 3036/2998/1566 3078/2996/1636 3069/2995/1298
f 314/2752/1506 2/2999/1637 315/2768/1517
f 553/2681/1471 455/2556/1399 459/3000/1524
f 546/2783/1455 489/2935/1606 490/2936/1607
f 507/2993/1635 508/3001/1633 487/2994/1600
f 1020/2867/1549 1024/2962/1619 1025/3002/1621
f 482/3003/1579 500/3004/1638 494/3005/1639
f 911/2254/1232 913/2329/1271 920/3006/1640
f 321/2849/1560 331/3007/1641 327/3008/1597
f 552/2977/1629 512/2887/1580 551/2782/1525
f 638/3009/1553 558/3010/1570 559/3011/1554
f 3122/2728/1495 3118/2501/1364 3080/2975/1627
f 509/3012/1642 499/3013/1643 498/3014/1644
f 1010/2756/1509 1011/2758/1510 1024/2962/1619
f 1745/2800/1413 1740/3015/1645 1818/2801/1534
f 328/3016/1646 1026/3017/1646 1064/3018/1646
f 508/2989/1633 511/3019/1647 499/3020/1648
f 1067/3021/1406 1066/2841/1556 1495/2840/1384
f 494/3005/1639 500/3004/1638 498/3022/1644
f 3014/3023/1649 2996/3024/1623 3008/2926/1544
f 2996/3025/1623 3055/2864/1571 3008/2866/1544
f 498/3014/1644 499/3013/1643 504/3026/1650
f 504/3027/1651 499/3028/1651 505/3029/1651
f 2996/3030/1623 2995/2862/1569 3055/3031/1571
f 1819/2910/1503 1979/3032/1652 1739/2741/1501
f 508/2989/1633 499/3020/1648 492/2990/1608
f 1023/2904/1592 1022/2761/1512 1012/2760/1511
f 479/2806/1537 502/3033/1653 501/3034/1654
f 479/2806/1537 480/2843/1539 502/3033/1653
f 332/3035/1620 328/3036/1655 324/3037/1575
f 480/2809/1539 483/2889/1582 502/3038/1653
f 571/2828/1550 633/2704/1482 618/2306/1254
f 1016/2778/1522 1015/2777/1521 1027/3039/1656
f 500/3004/1638 482/3003/1579 496/3040/1617
f 457/2888/1581 564/3041/1657 455/2556/1399
f 555/2881/1518 557/2991/1634 552/3042/1629
f 638/2898/1553 481/2846/1558 503/3043/1658
f 505/3044/1659 506/3045/1660 504/3046/1661
f 3015/3047/1662 2988/3048/1460 2996/3049/1623
f 1023/2904/1592 1018/2813/1541 1028/3050/1663
f 331/3007/1641 321/2849/1560 325/2950/1588
f 3008/2926/1544 3012/2925/1602 3014/3023/1649
f 505/3051/1659 499/3052/1648 506/3053/1660
f 3016/3054/1664 3011/2853/1564 3020/2852/1563
f 2354/3055/1665 2356/2833/1552 2553/2857/1456
f 504/3046/1661 506/3045/1660 507/3056/1635
f 2553/2641/1456 2552/2600/1429 2354/3057/1665
f 479/2806/1537 501/3034/1654 478/2798/1533
f 1983/2396/750 1979/3058/1652 1819/2743/1503
f 1817/2702/1185 1820/3059/1666 1498/3060/1415
f 324/3061/1575 335/3062/1667 325/2950/1588
f 316/2820/1545 330/2961/1618 333/3063/1668
f 455/3064/1669 564/3065/1669 556/3066/1669
f 455/2556/1399 556/3067/1578 459/3000/1524
f 640/3068/1585 558/3010/1570 560/3069/1670
f 509/2967/1622 483/2889/1582 484/2902/1590
f 315/2768/1517 2/2999/1637 326/2906/1593
f 464/2644/1457 458/2894/1586 457/2888/1581
f 2997/3070/1671 2990/2814/1542 2984/2844/1370
f 638/3009/1553 561/3071/1672 558/3010/1570
f 3075/2719/1492 3077/2774/1467 3020/2852/1563
f 2552/2600/1429 2352/2976/1628 2354/3057/1665
f 318/2830/1459 317/2829/1551 334/3072/1673
f 633/2704/1482 641/3073/1674 918/2792/1528
f 508/3074/1633 507/3075/1635 511/3076/1647
f 1820/3059/1666 1817/2702/1185 1418/2895/1587
f 3024/3077/1614 2988/3048/1460 3015/3047/1662
f 2347/2803/1436 2351/3078/1675 2352/3079/1628
f 498/3022/1644 500/3004/1638 524/3080/1676
f 509/3081/1677 510/3082/1677 483/3083/1677
f 3012/2925/1602 3016/3084/1664 3014/3023/1649
f 509/3085/1642 498/3022/1644 510/3086/1678
f 1028/3050/1663 1016/2778/1522 1027/3039/1656
f 2/2999/1637 1/2973/1625 326/2906/1593
f 328/3036/1655 335/3087/1667 324/3037/1575
f 502/3033/1653 483/3088/1582 510/3089/1678
f 2995/2862/1569 3009/3090/1589 3055/3031/1571
f 3015/3091/1662 2996/3024/1623 3014/3023/1649
f 499/3052/1648 511/3092/1647 506/3053/1660
f 325/2950/1588 335/3062/1667 331/3007/1641
f 322/2851/1562 316/2820/1545 333/3063/1668
f 1028/3050/1663 1018/2813/1541 1016/2778/1522
f 2897/3093/1679 2886/2599/1428 2890/2796/1531
f 488/2934/1543 512/3094/1580 513/3095/1680
f 558/3010/1570 561/3071/1672 560/3069/1670
f 1/2973/1625 8/3096/1681 330/2961/1618
f 3016/3084/1664 3012/2925/1602 3011/2924/1564
f 507/3075/1635 506/3097/1660 511/3076/1647
f 3079/3098/1408 3056/3099/1682 3121/3100/1470
f 331/3007/1641 336/3101/1683 327/3102/1597
f 1496/2569/1188 1498/3103/1415 1067/2568/1406
f 2987/2588/1420 2998/3104/1684 3007/3105/1685
f 3017/3106/1297 3013/2956/1615 3085/3107/1686
f 2885/2598/1427 2898/3108/1687 2890/2796/1531
f 336/3101/1683 331/3007/1641 335/3062/1667
f 572/2874/1576 620/2407/1317 640/2905/1585
f 556/2882/1578 562/3109/1688 557/2991/1634
f 510/3086/1678 498/3022/1644 524/3080/1676
f 314/2911/1506 327/2913/1597 337/3110/1689
f 512/3094/1580 514/3111/1690 513/3095/1680
f 318/2830/1459 334/3072/1673 338/3112/1417
f 314/2752/1506 1036/3113/1691 2/2999/1637
f 335/3087/1667 328/3036/1655 339/3114/1692
f 3025/3115/1693 3080/3116/1627 3081/3117/1442
f 917/2675/1469 911/2254/1232 920/3006/1640
f 2892/2854/1565 2889/2773/1520 2899/3118/1694
f 503/3119/1658 561/3071/1672 638/3009/1553
f 513/3095/1680 489/2935/1606 488/2934/1543
f 1021/2885/1515 1029/3120/1695 1011/2758/1510
f 337/3121/1689 327/3102/1597 336/3101/1683
f 328/3122/1696 1064/3123/1696 339/3124/1696
f 339/3125/1692 340/3126/1697 335/3127/1667
f 490/2978/1607 500/3004/1638 496/2960/1617
f 335/3127/1667 340/3126/1697 336/3128/1683
f 3067/2879/1242 2988/2878/1460 3024/2955/1614
f 458/2894/1586 103/3129/1698 457/2888/1581
f 503/3043/1658 481/2846/1558 495/2957/1616
f 501/3034/1654 495/2957/1616 478/2798/1533
f 1064/3130/1699 1026/2825/1547 1022/2886/1512
f 1064/3131/1700 1030/3132/1700 339/3133/1700
f 1064/3134/1701 1022/3135/1701 1030/3136/1701
f 3016/3084/1664 3015/3091/1662 3014/3023/1649
f 314/2911/1506 337/3110/1689 1036/3137/1691
f 1029/3120/1695 1031/3138/1702 1011/2758/1510
f 2997/3070/1671 2994/2861/1568 2990/2814/1542
f 3067/2879/1242 3013/2956/1615 3017/3106/1297
f 2987/2588/1420 3007/3105/1685 2993/2850/1561
f 330/2961/1618 8/3096/1681 333/3063/1668
f 561/3071/1672 503/3119/1658 563/3139/1703
f 552/2977/1629 514/3140/1690 512/2887/1580
f 322/2851/1562 333/3063/1668 7/3141/1704
f 979/3142/1705 2/2999/1637 1036/3113/1691
f 3088/3143/1507 3056/3099/1682 3079/3098/1408
f 490/2978/1607 524/3080/1676 500/3004/1638
f 336/3101/1683 340/3144/1697 337/3121/1689
f 2894/2870/1574 2897/3093/1679 2900/3145/1706
f 2885/2598/1427 2891/2847/1559 2898/3108/1687
f 556/2882/1578 564/3146/1657 562/3109/1688
f 1011/2758/1510 1031/3138/1702 1024/2962/1619
f 1415/2903/1591 1416/3147/1707 1418/2895/1587
f 460/3148/1708 458/2894/1586 47/2949/1538
f 2995/2862/1569 2994/2861/1568 3009/3090/1589
f 1030/3149/1709 1022/3150/1709 337/3151/1709
f 339/3152/1710 1030/3153/1710 340/3154/1710
f 1414/3155/1711 1415/3156/1591 1818/3157/1534
f 1025/2965/1621 1032/3158/1712 1015/2777/1521
f 1033/3159/1713 1034/3160/1714 1023/2904/1592
f 780/2927/1603 916/2593/1424 919/2974/1626
f 775/2755/1508 918/2920/1528 785/3161/1715
f 2037/3162/797 1928/3163/1033 1877/3164/1716
f 775/3165/1508 785/3166/1715 776/3167/1717
f 2348/2804/1536 2353/3168/1718 2346/2802/1535
f 1030/3169/1719 337/3121/1689 340/3144/1697
f 562/3109/1688 564/3146/1657 565/3170/1720
f 3018/2509/1371 3082/3171/1721 3036/2858/1566
f 7/3141/1704 317/2948/1551 322/2851/1562
f 2899/3118/1694 2889/2773/1520 2896/2891/1584
f 2997/3070/1671 3009/3090/1589 2994/2861/1568
f 566/3172/1722 552/3042/1629 557/2991/1634
f 1043/3173/1723 1027/3039/1656 1015/2777/1521
f 3122/3174/1495 3083/3175/1724 3088/3176/1507
f 1022/2761/1512 1035/3177/1725 337/3178/1726
f 503/3043/1658 495/2957/1616 567/3179/1727
f 1871/3180/1728 1980/3181/1729 1983/2396/750
f 1015/2777/1521 1032/3158/1712 1043/3173/1723
f 1023/2904/1592 1034/3160/1714 1022/2761/1512
f 920/3006/1640 913/2329/1271 780/2927/1603
f 338/2582/1417 334/3182/1673 47/2808/1538
f 566/3172/1722 514/3183/1690 552/3042/1629
f 337/3184/1730 1035/3185/1730 1036/3186/1730
f 567/3187/1727 563/3139/1703 503/3119/1658
f 1029/3188/1695 1065/2839/1514 1068/3189/1731
f 515/3190/1732 490/2936/1607 489/2935/1606
f 3077/2774/1467 3021/3191/1733 3020/2852/1563
f 501/3034/1654 516/3192/1734 495/2957/1616
f 561/3071/1672 568/3193/1735 560/3069/1670
f 1028/3050/1663 1037/3194/1736 1023/2904/1592
f 1068/3189/1731 1065/2839/1514 1066/2841/1556
f 2997/3070/1671 3019/3195/1737 3009/3090/1589
f 557/2991/1634 562/3109/1688 569/3196/1738
f 2893/2869/1573 2900/3145/1706 2895/2876/1577
f 3018/3197/1371 3085/3198/1686 3082/3199/1721
f 1029/3120/1695 1021/2885/1515 1065/3200/1514
f 2892/2854/1565 2899/3118/1694 2901/3201/1739
f 572/3202/1576 640/3068/1585 560/3069/1670
f 524/3203/1676 490/2936/1607 515/3190/1732
f 2898/3108/1687 2891/2847/1559 2902/3204/1740
f 1/3205/1625 2/3206/1637 3/3207/1741
f 3009/3208/1589 3019/3209/1737 3123/3210/1567
f 3123/2859/1567 3120/2713/1434 3009/2900/1589
f 566/3172/1722 557/2991/1634 569/3196/1738
f 2353/3168/1718 2347/2803/1436 2346/2802/1535
f 516/3192/1734 570/3211/1742 495/2957/1616
f 3016/3084/1743 3020/3212/1743 3021/3213/1743
f 516/3192/1734 501/3034/1654 502/3033/1653
f 515/3190/1732 489/2935/1606 513/3095/1680
f 3028/3214/1744 3122/3174/1495 3080/3116/1627
f 1066/2841/1556 1067/3021/1406 1069/3215/1745
f 2897/3093/1679 2894/2870/1574 2886/2599/1428
f 3088/3143/1507 3083/3216/1724 3056/3099/1682
f 1033/3159/1713 1023/2904/1592 1037/3194/1736
f 1038/3217/1746 1032/3218/1712 1025/3002/1621
f 3121/3100/1470 3037/3219/1747 3077/2774/1467
f 3081/3117/1442 3123/3220/1567 3084/3221/1748
f 2993/2850/1561 2997/3070/1671 2984/2844/1370
f 1025/3002/1621 1024/2962/1619 1038/3217/1746
f 1027/3039/1656 1037/3194/1736 1028/3050/1663
f 917/2675/1469 921/3222/1749 2348/2901/1536
f 1980/3181/1729 1979/3058/1652 1983/2396/750
f 232/3223/1750 641/3073/1674 633/2704/1482
f 589/3224/1751 502/3033/1653 510/3089/1678
f 524/3225/1676 589/3224/1751 510/3089/1678
f 920/3006/1640 921/3222/1749 917/2675/1469
f 1069/3215/1745 1068/3189/1731 1066/2841/1556
f 1031/3138/1702 1038/3217/1746 1024/2962/1619
f 979/3226/1705 4/3227/1752 2/3206/1637
f 2/3206/1637 5/3228/1753 3/3207/1741
f 642/3229/1754 643/3230/1755 571/2828/1550
f 3015/3091/1662 3016/3084/1664 3021/3213/1733
f 2903/3231/1756 2896/2891/1584 2904/3232/1757
f 1739/2741/1501 1981/3233/1758 1420/3234/1604
f 2998/3104/1684 2987/2588/1420 2895/3235/1577
f 560/3069/1670 568/3193/1735 572/3202/1576
f 1022/2761/1512 1034/3160/1714 1035/3177/1725
f 3024/3077/1614 3015/3047/1662 3023/3236/1759
f 570/3237/1742 567/3187/1727 495/3238/1616
f 2904/3232/1757 2896/2891/1584 2356/2833/1552
f 232/3223/1750 633/2704/1482 571/2828/1550
f 3022/3239/1760 3084/3240/1748 3123/3210/1567
f 1877/3241/1716 1983/1283/750 2037/2284/797
f 3081/3117/1442 3084/3221/1748 3025/3115/1693
f 105/3242/1761 571/3243/1550 572/3244/1576
f 105/3242/1761 572/3244/1576 573/3245/1762
f 566/3172/1722 574/3246/1763 514/3183/1690
f 2902/3204/1740 2891/2847/1559 2892/2854/1565
f 569/3196/1738 562/3109/1688 575/3247/1764
f 1003/3248/1765 4/3227/1752 979/3226/1705
f 565/3170/1720 575/3247/1764 562/3109/1688
f 515/3190/1732 513/3095/1680 578/3249/1766
f 517/3250/1767 524/3203/1676 515/3190/1732
f 2993/2850/1561 3019/3195/1737 2997/3070/1671
f 3023/3251/1759 3015/3091/1662 3021/3213/1733
f 517/3250/1767 515/3190/1732 578/3249/1766
f 563/3139/1703 568/3193/1735 561/3071/1672
f 514/3183/1690 576/3252/1768 513/3253/1680
f 565/3254/1720 564/3255/1657 461/3256/1769
f 516/3192/1734 502/3033/1653 589/3224/1751
f 776/3167/1717 919/3257/1626 775/3165/1508
f 517/3258/1767 589/3224/1751 524/3225/1676
f 1036/3259/1691 1035/3260/1725 979/3261/1705
f 577/3262/1770 572/3202/1576 568/3193/1735
f 3037/3219/1747 3121/3100/1470 3056/3099/1682
f 2894/2870/1574 2900/3145/1706 2893/2869/1573
f 921/3263/1749 777/3264/1771 2348/3265/1536
f 3018/2509/1371 3017/2374/1297 3085/3266/1686
f 3077/2774/1467 3037/3219/1747 3086/3267/1772
f 2998/3104/1684 2895/3235/1577 2911/3268/1773
f 1027/3039/1656 1043/3173/1723 1037/3194/1736
f 2890/2796/1531 2898/3108/1687 2905/3269/1774
f 1043/3173/1723 1032/3158/1712 1042/3270/1775
f 578/3271/1766 513/3253/1680 576/3252/1768
f 517/3250/1767 578/3249/1766 518/3272/1776
f 1740/3273/1645 1414/3155/1711 1818/3157/1534
f 514/3183/1690 574/3246/1763 576/3252/1768
f 574/3246/1763 566/3172/1722 569/3196/1738
f 1033/3159/1713 1039/3274/1777 1034/3160/1714
f 519/3275/1778 570/3211/1742 516/3192/1734
f 1038/3217/1746 1031/3138/1702 1040/3276/1779
f 1029/3120/1695 1040/3276/1779 1031/3138/1702
f 2905/3269/1774 2897/3093/1679 2890/2796/1531
f 2348/2804/1536 777/3277/1771 2353/3168/1718
f 589/3224/1751 519/3275/1778 516/3192/1734
f 565/3170/1720 582/3278/1780 575/3247/1764
f 6/3279/1781 7/3280/1704 333/3281/1668
f 563/3139/1703 567/3187/1727 579/3282/1782
f 3083/3175/1724 3122/3174/1495 3030/3283/1783
f 580/3284/1784 569/3196/1738 575/3247/1764
f 589/3224/1751 517/3258/1767 520/3285/1785
f 1979/3032/1652 1981/3233/1758 1739/2741/1501
f 3080/3116/1627 3025/3115/1693 3028/3214/1744
f 776/3167/1717 778/3286/1786 919/3257/1626
f 581/3287/1787 567/3187/1727 570/3237/1742
f 594/3288/1788 579/3282/1782 567/3187/1727
f 980/3289/1789 1003/3290/1765 979/3261/1705
f 980/3289/1789 979/3261/1705 1035/3260/1725
f 1498/3291/1415 1070/3292/1790 1071/3293/1791
f 1042/3294/1775 1032/3218/1712 1038/3217/1746
f 8/3295/1681 1/3205/1625 9/3296/1792
f 2352/3079/1628 2351/3078/1675 2354/3297/1665
f 644/3298/1793 918/2792/1528 641/3073/1674
f 565/3254/1720 461/3256/1769 582/3299/1780
f 1416/3300/1707 1415/3156/1591 1414/3155/1711
f 568/3193/1735 563/3139/1703 579/3282/1782
f 1979/3058/1652 1980/3181/1729 1981/3301/1758
f 2895/2876/1577 2900/3145/1706 2906/3302/1794
f 1039/3274/1777 1033/3159/1713 1041/3303/1795
f 334/3304/1673 317/3305/1551 10/3306/1796
f 517/3258/1767 518/3307/1776 520/3285/1785
f 3077/2774/1467 3086/3267/1772 3021/3191/1733
f 3013/2956/1615 3024/2955/1614 3027/3308/1797
f 1417/3309/1798 1072/3310/1799 1820/3311/1666
f 1041/3303/1795 1033/3159/1713 1037/3194/1736
f 919/3257/1626 779/3312/1800 780/3313/1603
f 2353/3168/1718 2351/3078/1675 2347/2803/1436
f 317/3305/1551 7/3280/1704 10/3306/1796
f 519/3314/1778 581/3287/1787 570/3237/1742
f 568/3193/1735 579/3282/1782 577/3262/1770
f 3023/3315/1801 3027/3316/1801 3024/3317/1801
f 1067/3021/1406 1071/3293/1791 1069/3215/1745
f 980/3318/1789 1035/3177/1725 1034/3160/1714
f 1/3205/1625 3/3207/1741 9/3296/1792
f 779/3312/1800 920/3319/1640 780/3313/1603
f 11/3320/1802 7/3280/1704 6/3279/1781
f 572/3202/1576 583/3321/1803 573/3322/1762
f 4/3227/1752 5/3228/1753 2/3206/1637
f 578/3271/1766 576/3252/1768 584/3323/1804
f 1043/3173/1723 1041/3303/1795 1037/3194/1736
f 3001/3324/1805 3025/3325/1693 3084/3240/1748
f 1420/2930/1604 1741/3326/1806 1828/2928/1422
f 1042/3327/1807 1049/3328/1807 1043/3329/1807
f 10/3306/1796 7/3280/1704 11/3320/1802
f 580/3284/1784 574/3246/1763 569/3196/1738
f 585/3330/1808 576/3252/1768 574/3246/1763
f 567/3187/1727 581/3287/1787 594/3288/1788
f 2354/3297/1665 2355/3331/1809 2904/3332/1757
f 573/3322/1762 583/3321/1803 588/3333/1810
f 518/3334/1776 578/3271/1766 584/3323/1804
f 583/3321/1803 572/3202/1576 577/3262/1770
f 1049/3335/1811 1053/3336/1811 1043/3337/1811
f 1498/3291/1415 1071/3293/1791 1067/3021/1406
f 1039/3274/1777 1046/3338/1812 1034/3160/1714
f 6/3279/1781 333/3281/1668 12/3339/1813
f 461/3256/1769 564/3255/1657 457/3340/1581
f 1045/3341/1814 980/3318/1789 1034/3160/1714
f 518/3334/1776 586/3342/1815 520/3343/1785
f 575/3247/1764 582/3278/1780 587/3344/1816
f 2354/3297/1665 2904/3332/1757 2356/3345/1552
f 2993/2850/1561 3007/3105/1685 3019/3195/1737
f 334/3346/1673 46/3347/1817 47/3348/1538
f 588/3349/1810 105/3242/1761 573/3245/1762
f 584/3323/1804 576/3252/1768 585/3330/1808
f 587/3344/1816 580/3284/1784 575/3247/1764
f 3030/3350/1783 3033/3351/1818 3083/3216/1724
f 1041/3303/1795 1046/3338/1812 1039/3274/1777
f 518/3334/1776 584/3323/1804 586/3342/1815
f 519/3352/1778 589/3353/1751 520/3343/1785
f 2897/3093/1679 2905/3269/1774 2907/3354/1819
f 8/3295/1681 12/3339/1813 333/3281/1668
f 585/3330/1808 574/3246/1763 580/3284/1784
f 980/3318/1789 1045/3341/1814 1044/3355/1820
f 3019/3195/1737 3007/3105/1685 2999/3356/1821
f 1981/3301/1758 1980/3181/1729 1871/3180/1728
f 1418/3357/1587 1417/3309/1798 1820/3311/1666
f 2892/2854/1565 2901/3201/1739 2902/3204/1740
f 2896/2891/1584 2903/3231/1756 2899/3118/1694
f 588/3349/1810 590/3358/1822 105/3242/1761
f 3021/3213/1733 3086/3359/1772 3023/3251/1759
f 1048/3360/1823 1029/3188/1695 1068/3189/1731
f 1038/3217/1746 1052/3361/1824 1042/3294/1775
f 777/3264/1771 921/3263/1749 2358/3362/1825
f 644/3363/1793 781/3364/1826 785/3365/1715
f 645/3366/1827 641/3073/1674 232/3223/1750
f 579/3282/1782 594/3288/1788 591/3367/1828
f 583/3321/1803 577/3262/1770 591/3367/1828
f 587/3344/1816 582/3278/1780 590/3368/1822
f 3001/3324/1805 3026/3369/1829 3025/3325/1693
f 3022/3239/1760 3123/3210/1567 3019/3209/1737
f 3019/3370/1830 2999/3371/1830 3022/3372/1830
f 12/3339/1813 8/3295/1681 9/3296/1792
f 583/3321/1803 592/3373/1831 588/3333/1810
f 1034/3160/1714 1046/3338/1812 1045/3341/1814
f 577/3262/1770 579/3282/1782 591/3367/1828
f 590/3368/1822 592/3373/1831 587/3344/1816
f 592/3373/1831 590/3368/1822 588/3333/1810
f 3023/3251/1759 3086/3359/1772 3027/3374/1797
f 779/3312/1800 921/3263/1749 920/3319/1640
f 3083/3216/1724 3033/3351/1818 3056/3099/1682
f 580/3284/1784 587/3344/1816 593/3375/1832
f 1052/3361/1824 1038/3217/1746 1040/3276/1779
f 461/3256/1769 590/3358/1822 582/3299/1780
f 1003/3376/1833 980/3377/1833 1044/3378/1833
f 594/3379/1834 581/3380/1834 519/3381/1834
f 3122/3174/1495 3028/3214/1744 3030/3283/1783
f 1072/3382/1799 1498/3291/1415 1820/3383/1666
f 2907/3354/1819 2900/3145/1706 2897/3093/1679
f 2908/3384/1835 2898/3108/1687 2902/3204/1740
f 519/3352/1778 520/3343/1785 595/3385/1836
f 580/3284/1784 593/3375/1832 585/3330/1808
f 1981/3386/1837 1419/3387/1837 1420/3388/1837
f 1045/3389/1814 1046/3390/1812 1047/3391/1838
f 782/3392/1839 919/3257/1626 778/3286/1786
f 643/3230/1755 232/3223/1750 571/2828/1550
f 3028/3393/1744 3029/3394/1840 3030/3395/1783
f 595/3385/1836 520/3343/1785 586/3342/1815
f 583/3321/1803 591/3367/1828 592/3373/1831
f 1029/3120/1695 1048/3396/1823 1040/3276/1779
f 593/3375/1832 584/3323/1804 585/3330/1808
f 3026/3369/1829 3028/3393/1744 3025/3325/1693
f 594/3288/1788 596/3397/1841 591/3367/1828
f 597/3398/1842 593/3375/1832 587/3344/1816
f 2351/3078/1675 2355/3331/1809 2354/3297/1665
f 102/3399/1843 457/3400/1581 103/3401/1698
f 596/3397/1841 594/3288/1788 519/3352/1778
f 586/3342/1815 584/3323/1804 595/3385/1836
f 597/3398/1842 587/3344/1816 592/3373/1831
f 2908/3384/1835 2905/3269/1774 2898/3108/1687
f 1045/3402/1814 1047/3403/1838 1044/3404/1820
f 1072/3382/1799 1070/3292/1790 1498/3291/1415
f 644/3363/1793 785/3365/1715 918/3405/1528
f 519/3352/1778 595/3385/1836 596/3397/1841
f 596/3397/1841 592/3373/1831 591/3367/1828
f 592/3373/1831 596/3397/1841 597/3398/1842
f 2999/3406/1821 3001/3324/1805 3084/3240/1748
f 1048/3396/1823 1074/3407/1844 1040/3276/1779
f 46/3347/1817 460/3408/1708 47/3348/1538
f 590/3358/1822 461/3256/1769 598/3409/1845
f 598/3409/1845 105/3242/1761 590/3358/1822
f 593/3375/1832 597/3398/1842 584/3323/1804
f 1042/3294/1775 1052/3361/1824 1049/3410/1846
f 2999/3406/1821 3084/3240/1748 3022/3239/1760
f 1073/3411/1847 1074/3412/1844 1048/3360/1823
f 1052/3361/1824 1040/3276/1779 1050/3413/1848
f 584/3323/1804 597/3398/1842 595/3385/1836
f 981/3414/1849 1003/3415/1765 1044/3404/1820
f 1745/3416/1850 1828/3417/1850 1742/3418/1850
f 1068/3189/1731 1069/3215/1745 1075/3419/1851
f 2900/3145/1706 2909/3420/1852 2906/3302/1794
f 1044/3404/1820 1047/3403/1838 981/3414/1849
f 597/3398/1842 596/3397/1841 595/3385/1836
f 1046/3421/1812 1041/3303/1795 1043/3173/1723
f 2351/3078/1675 2357/3422/1853 2355/3331/1809
f 2910/3423/1854 2895/2876/1577 2906/3302/1794
f 644/3363/1793 645/3424/1827 781/3364/1826
f 3031/3425/1855 3086/3359/1772 3037/3426/1747
f 1051/3427/1856 1046/3390/1812 1043/3428/1723
f 460/3148/1708 103/3129/1698 458/2894/1586
f 457/3429/1857 102/3430/1857 461/3431/1857
f 3026/3369/1829 3029/3394/1840 3028/3393/1744
f 1049/3432/1846 1052/3433/1824 1053/3434/1858
f 2900/3145/1706 2907/3354/1819 2909/3420/1852
f 460/3408/1708 48/3435/1859 103/3436/1698
f 1742/3437/1860 1828/3438/1422 1741/3439/1806
f 2911/3268/1773 3007/3105/1685 2998/3104/1684
f 982/3440/1861 1046/3390/1812 1051/3427/1856
f 982/3440/1861 1047/3391/1838 1046/3390/1812
f 1054/3441/1862 1040/3276/1779 1074/3407/1844
f 777/3277/1771 2358/3442/1825 2353/3168/1718
f 6/3279/1781 12/3339/1813 13/3443/1863
f 782/3392/1839 779/3312/1800 919/3257/1626
f 785/3166/1715 778/3286/1786 776/3167/1717
f 1981/3444/1758 1869/3445/1864 1419/3446/1865
f 3031/3447/1855 3013/3448/1615 3027/3449/1797
f 2910/3423/1854 2911/3450/1773 2895/2876/1577
f 1043/3428/1723 1053/3434/1858 1055/3451/1866
f 2355/3331/1809 2359/3452/1867 2360/3453/1868
f 598/3454/1845 461/3455/1769 102/3399/1843
f 644/3298/1793 641/3073/1674 645/3366/1827
f 3032/3456/1869 3085/3107/1686 3013/2956/1615
f 3031/3425/1855 3027/3374/1797 3086/3359/1772
f 3013/3448/1615 3031/3447/1855 3042/3457/1870
f 1053/3434/1858 1056/3458/1871 1055/3451/1866
f 2905/3269/1774 2912/3459/1872 2907/3354/1819
f 2902/3204/1740 2901/3201/1739 2913/3460/1873
f 11/3320/1802 6/3279/1781 14/3461/1874
f 1417/3309/1798 1418/3357/1587 1416/3300/1707
f 1040/3276/1779 1057/3462/1875 1050/3413/1848
f 778/3286/1786 783/3463/1876 782/3392/1839
f 49/3464/1877 334/3304/1673 10/3306/1796
f 48/3435/1859 460/3408/1708 46/3347/1817
f 981/3414/1849 4/3465/1752 1003/3415/1765
f 1073/3411/1847 1068/3189/1731 1075/3419/1851
f 1073/3411/1847 1048/3360/1823 1068/3189/1731
f 49/3464/1877 11/3320/1802 14/3461/1874
f 49/3466/1877 46/3347/1817 334/3346/1673
f 2905/3269/1774 2908/3384/1835 2912/3459/1872
f 1981/3467/1758 1871/3468/1728 1869/3469/1864
f 2908/3384/1835 2902/3204/1740 2913/3460/1873
f 2899/3118/1694 2362/3470/1878 2901/3201/1739
f 2361/3471/1879 2353/3168/1718 2358/3442/1825
f 6/3279/1781 13/3443/1863 14/3461/1874
f 3034/3472/1880 3037/3473/1880 3056/3474/1880
f 1043/3428/1723 1055/3451/1866 1051/3427/1856
f 1047/3403/1838 982/3475/1861 981/3414/1849
f 48/3435/1859 108/3476/1881 103/3436/1698
f 3056/3477/1682 3033/3478/1818 3034/3479/1882
f 3059/3480/1883 3026/3369/1829 3001/3324/1805
f 2999/3481/1821 3007/3482/1685 3038/3483/1884
f 1741/3439/1806 1419/3446/1865 1742/3437/1860
f 1058/3484/1885 982/3440/1861 1051/3427/1856
f 2904/3332/1757 2360/3453/1868 2903/3485/1756
f 1057/3462/1875 1040/3276/1779 1054/3441/1862
f 1070/3292/1790 1075/3419/1851 1071/3293/1791
f 2899/3118/1694 2903/3231/1756 2362/3470/1878
f 49/3464/1877 10/3306/1796 11/3320/1802
f 104/3486/1886 598/3454/1845 102/3399/1843
f 3029/3487/1840 3035/3488/1887 3030/3489/1783
f 1871/3468/1728 1870/3490/1888 1869/3469/1864
f 3036/3491/1566 3082/3199/1721 3078/3492/1636
f 1741/3439/1806 1420/3493/1604 1419/3446/1865
f 1051/3427/1856 1055/3451/1866 1058/3484/1885
f 981/3414/1849 982/3475/1861 995/3494/1889
f 3034/3479/1882 3057/3495/1890 3037/3496/1747
f 105/3497/1761 598/3454/1845 106/3498/1891
f 45/3499/1892 4/3465/1752 981/3414/1849
f 5/3228/1753 4/3227/1752 45/3500/1892
f 15/3501/1893 12/3339/1813 9/3296/1792
f 2360/3453/1868 2904/3332/1757 2355/3331/1809
f 1059/3502/1894 1053/3434/1858 1052/3433/1824
f 1071/3293/1791 1075/3419/1851 1069/3215/1745
f 983/3503/1895 981/3414/1849 995/3494/1889
f 1053/3434/1858 1059/3502/1894 1056/3458/1871
f 2353/3168/1718 2357/3422/1853 2351/3078/1675
f 105/3497/1761 106/3498/1891 107/3504/1896
f 3037/3426/1747 3057/3505/1890 3031/3425/1855
f 779/3312/1800 784/3506/1897 921/3263/1749
f 3059/3480/1883 3058/3507/1898 3026/3369/1829
f 1058/3508/1885 984/3509/1899 982/3475/1861
f 1052/3361/1824 1050/3413/1848 1059/3510/1894
f 983/3503/1895 985/3511/1900 981/3414/1849
f 3026/3369/1829 3058/3507/1898 3029/3394/1840
f 1740/3273/1645 1745/3512/1413 1742/3513/1860
f 45/3499/1892 981/3414/1849 985/3511/1900
f 15/3501/1893 13/3443/1863 12/3339/1813
f 2361/3471/1879 2357/3422/1853 2353/3168/1718
f 982/3475/1861 984/3509/1899 995/3494/1889
f 1419/3446/1865 1869/3445/1864 1872/3514/1901
f 3042/3515/1870 3032/3456/1869 3013/2956/1615
f 3/3207/1741 16/3516/1902 9/3296/1792
f 2909/3420/1852 2910/3423/1854 2906/3302/1794
f 983/3517/1903 986/3518/1903 985/3519/1903
f 985/3520/1904 986/3521/1905 17/3522/1906
f 985/3520/1904 17/3522/1906 21/3523/1907
f 3000/3524/1908 3040/3525/1909 3038/3526/1884
f 1983/3527/1910 1870/3528/1910 1871/3529/1910
f 1055/3451/1866 1056/3458/1871 993/3530/1911
f 13/3443/1863 18/3531/1912 14/3461/1874
f 21/3532/1907 17/3533/1906 25/3534/1913
f 24/3535/1914 17/3536/1906 986/3537/1905
f 2914/3538/1915 2901/3201/1739 2362/3470/1878
f 1059/3510/1894 1050/3413/1848 1061/3539/1916
f 3031/3447/1855 3039/3540/1917 3042/3457/1870
f 2360/3453/1868 2362/3541/1878 2903/3485/1756
f 781/3542/1918 825/3543/1918 785/3544/1918
f 785/3545/1715 825/3546/1919 783/3463/1876
f 1074/3407/1844 1060/3547/1920 1054/3441/1862
f 21/3532/1907 25/3534/1913 19/3548/1921
f 3030/3489/1783 3035/3488/1887 3033/3478/1818
f 3038/3549/1884 3001/3324/1805 2999/3406/1821
f 17/3533/1906 24/3550/1914 25/3534/1913
f 105/3497/1761 107/3504/1896 642/3551/1754
f 3039/3552/1917 3031/3425/1855 3057/3505/1890
f 15/3501/1893 20/3553/1922 13/3443/1863
f 1073/3411/1847 1075/3419/1851 1083/3554/1923
f 1073/3411/1847 1076/3555/1924 1074/3412/1844
f 3040/3556/1909 3059/3480/1883 3001/3324/1805
f 48/3435/1859 46/3347/1817 50/3557/1925
f 3029/3487/1840 3058/3558/1898 3035/3488/1887
f 21/3559/1907 19/3560/1921 28/3561/1926
f 983/3503/1895 987/3562/1927 986/3563/1905
f 23/3564/1928 985/3565/1928 21/3566/1928
f 2467/3567/1929 2973/2997/301 3078/2996/1636
f 9/3296/1792 16/3516/1902 15/3501/1893
f 3034/3479/1882 3033/3478/1818 3035/3488/1887
f 1060/3547/1920 1057/3462/1875 1054/3441/1862
f 1055/3451/1866 1004/3568/1930 1058/3484/1885
f 642/3569/1754 571/3243/1550 105/3242/1761
f 3040/3525/1909 3001/3570/1805 3038/3526/1884
f 2355/3331/1809 2357/3422/1853 2359/3452/1867
f 2915/3571/1931 2907/3354/1819 2912/3459/1872
f 1070/3572/1790 1072/3573/1799 1362/3574/1932
f 108/3575/1881 102/3399/1843 103/3401/1698
f 2915/3571/1931 2909/3420/1852 2907/3354/1819
f 783/3463/1876 778/3286/1786 785/3545/1715
f 2358/3362/1825 921/3263/1749 786/3576/1933
f 1057/3462/1875 1061/3539/1916 1050/3413/1848
f 23/3577/1934 21/3559/1907 30/3578/1935
f 1075/3419/1851 1070/3292/1790 1083/3554/1923
f 3032/3456/1869 3042/3515/1870 3041/3579/1936
f 2913/3460/1873 2916/3580/1937 2908/3384/1835
f 986/3537/1905 987/3581/1927 24/3535/1914
f 25/3534/1913 31/3582/1938 19/3548/1921
f 786/3576/1933 921/3263/1749 784/3506/1897
f 2363/3583/1939 2357/3422/1853 2361/3471/1879
f 50/3557/1925 46/3347/1817 49/3466/1877
f 2914/3538/1915 2913/3460/1873 2901/3201/1739
f 28/3561/1926 30/3578/1935 21/3559/1907
f 3/3207/1741 5/3228/1753 44/3584/1940
f 3000/3585/1908 2911/3586/1773 3002/3587/1941
f 784/3506/1897 779/3312/1800 782/3392/1839
f 24/3588/1914 987/3589/1927 988/3590/1942
f 987/3562/1927 983/3503/1895 995/3494/1889
f 2364/3591/1943 2362/3541/1878 2360/3453/1868
f 2911/3586/1773 3038/3483/1884 3007/3482/1685
f 30/3578/1935 22/3592/1944 23/3577/1934
f 643/3593/1755 231/3594/1945 232/3595/1750
f 3042/3596/1870 3039/3597/1917 3043/3598/1946
f 20/3553/1922 15/3501/1893 16/3516/1902
f 22/3599/1944 985/3600/1900 23/3601/1934
f 24/3602/1914 990/3603/1947 25/3604/1913
f 44/3584/1940 5/3228/1753 45/3500/1892
f 1060/3605/1920 1074/3412/1844 1077/3606/1948
f 787/3607/1949 784/3506/1897 782/3392/1839
f 1059/3502/1894 1061/3608/1916 1056/3458/1871
f 3039/3597/1917 3057/3495/1890 3034/3479/1882
f 44/3584/1940 16/3609/1902 3/3207/1741
f 1872/3610/1901 1869/3469/1864 1870/3490/1888
f 1417/3309/1798 1416/3300/1707 1414/3155/1711
f 1073/3411/1847 1083/3554/1923 1076/3555/1924
f 25/3604/1913 990/3603/1947 31/3611/1938
f 2362/3541/1878 2365/3612/1950 2914/3613/1915
f 13/3443/1863 26/3614/1951 18/3531/1912
f 13/3443/1863 20/3553/1922 26/3614/1951
f 3059/3615/1883 3040/3616/1909 3044/3617/1952
f 19/3560/1921 31/3618/1938 27/3619/1953
f 19/3560/1921 27/3619/1953 28/3561/1926
f 1061/3608/1916 994/3620/1954 1056/3458/1871
f 3058/3558/1898 3059/3615/1883 3044/3617/1952
f 1057/3462/1875 996/3621/1955 1061/3539/1916
f 988/3622/1942 987/3562/1927 995/3494/1889
f 990/3623/1947 24/3588/1914 988/3590/1942
f 28/3624/1926 27/3625/1953 29/3626/1956
f 3043/3598/1946 3034/3479/1882 3035/3488/1887
f 1074/3412/1844 1076/3555/1924 1077/3606/1948
f 826/3627/1957 825/3628/1919 781/3364/1826
f 3003/3629/1958 2911/3450/1773 2910/3423/1854
f 1060/3605/1920 1077/3606/1948 1078/3630/1959
f 29/3626/1956 30/3631/1935 28/3624/1926
f 3085/3198/1686 2453/3632/1960 3082/3199/1721
f 1742/3513/1860 1421/3633/1961 1740/3273/1645
f 2358/3442/1825 2366/3634/1962 2361/3471/1879
f 27/3635/1953 31/3636/1938 989/3637/1963
f 31/3636/1938 990/3638/1947 989/3637/1963
f 985/3600/1900 22/3599/1944 45/3639/1892
f 3000/3585/1908 3038/3483/1884 2911/3586/1773
f 1060/3547/1920 996/3621/1955 1057/3462/1875
f 32/3640/1964 45/3639/1892 22/3599/1944
f 3043/3598/1946 3039/3597/1917 3034/3479/1882
f 231/3594/1945 233/3641/1965 234/3642/1966
f 1414/3155/1711 1740/3273/1645 1421/3633/1961
f 1056/3458/1871 994/3620/1954 993/3530/1911
f 2909/3420/1852 3003/3629/1958 2910/3423/1854
f 44/3643/1940 45/3644/1892 32/3645/1964
f 645/3646/1827 234/3642/1966 792/3647/1967
f 30/3648/1935 29/3649/1956 22/3599/1944
f 1058/3508/1885 1004/3650/1930 984/3509/1899
f 2909/3420/1852 2917/3651/1968 3003/3629/1958
f 2364/3591/1943 2365/3612/1950 2362/3541/1878
f 234/3642/1966 645/3646/1827 232/3595/1750
f 3042/3515/1870 3043/3652/1946 3041/3579/1936
f 787/3607/1949 782/3392/1839 783/3463/1876
f 3078/3492/1636 3082/3199/1721 2453/3632/1960
f 1422/3653/1969 1419/3446/1865 1872/3514/1901
f 993/3530/1911 1004/3568/1930 1055/3451/1866
f 2366/3654/1962 2358/3362/1825 786/3576/1933
f 643/3593/1755 642/3655/1754 107/3656/1896
f 2915/3571/1931 2912/3459/1872 2377/3657/1970
f 988/3658/1971 989/3659/1971 990/3660/1971
f 2913/3460/1873 2914/3538/1915 2916/3580/1937
f 2916/3580/1937 2373/3661/1972 2908/3384/1835
f 20/3553/1922 16/3516/1902 44/3643/1940
f 1423/3662/1973 1072/3310/1799 1417/3309/1798
f 49/3464/1877 14/3461/1874 33/3663/1974
f 108/3575/1881 109/3664/1975 102/3399/1843
f 995/3494/1889 984/3509/1899 991/3665/1976
f 20/3553/1922 44/3643/1940 34/3666/1977
f 1061/3539/1916 996/3621/1955 1062/3667/1978
f 781/3364/1826 645/3424/1827 826/3627/1957
f 1060/3547/1920 1078/3668/1959 996/3621/1955
f 2453/3669/1960 3085/3107/1686 2456/3670/1979
f 1061/3608/1916 1062/3671/1978 994/3620/1954
f 33/3663/1974 14/3461/1874 18/3531/1912
f 1070/3572/1790 1362/3574/1932 1101/3672/1980
f 2359/3452/1867 2364/3591/1943 2360/3453/1868
f 1004/3650/1930 992/3673/1981 984/3509/1899
f 3058/3558/1898 3048/3674/1982 3035/3488/1887
f 1742/3437/1860 1419/3446/1865 1467/3675/1983
f 18/3531/1912 26/3614/1951 35/3676/1984
f 2364/3591/1943 2359/3452/1867 2367/3677/1985
f 33/3663/1974 18/3531/1912 59/3678/1986
f 3003/3679/1958 2460/3680/1987 2911/3586/1773
f 1085/3681/1988 993/3682/1911 994/3683/1954
f 995/3494/1889 989/3684/1989 988/3622/1942
f 783/3463/1876 825/3546/1919 788/3685/1990
f 2377/3657/1970 2908/3384/1835 2373/3661/1972
f 27/3635/1953 989/3637/1963 29/3686/1956
f 3040/3616/1909 3004/3687/1991 3044/3617/1952
f 1926/3688/1992 1422/3653/1969 1872/3514/1901
f 22/3599/1944 29/3649/1956 32/3640/1964
f 50/3557/1925 51/3689/1993 48/3435/1859
f 109/3664/1975 104/3486/1886 102/3399/1843
f 2460/3680/1987 3002/3587/1941 2911/3586/1773
f 1423/3662/1973 1362/3690/1932 1072/3310/1799
f 1100/3691/1994 1083/3554/1923 1070/3292/1790
f 35/3676/1984 59/3678/1986 18/3531/1912
f 1076/3555/1924 1083/3554/1923 1079/3692/1995
f 1926/3693/1996 1870/3694/1996 1983/3695/1996
f 3035/3488/1887 3060/3696/1997 3043/3598/1946
f 1414/3155/1711 1424/3697/1998 1417/3309/1798
f 35/3676/1984 26/3614/1951 36/3698/1999
f 989/3699/2000 995/3700/2000 32/3701/2000
f 1425/3702/2001 1421/3633/1961 1742/3513/1860
f 2916/3703/1937 2914/3613/1915 2368/3704/2002
f 20/3553/1922 36/3698/1999 26/3614/1951
f 3048/3674/1982 3060/3696/1997 3035/3488/1887
f 995/3494/1889 40/3705/2003 32/3706/1964
f 29/3649/1956 989/3707/1963 32/3640/1964
f 3004/3708/1991 3040/3525/1909 3000/3524/1908
f 52/3709/2004 51/3689/1993 50/3557/1925
f 2366/3634/1962 2363/3583/1939 2361/3471/1879
f 3085/3107/1686 3045/3710/2005 2456/3670/1979
f 1222/3711/2006 1216/3712/2006 1217/3713/2006
f 994/3683/1954 1088/3714/2007 1085/3681/1988
f 1872/3610/1901 1870/3490/1888 1926/3715/1992
f 1414/3155/1711 1425/3702/2001 1424/3697/1998
f 53/3716/2008 108/3476/1881 51/3689/1993
f 1217/3717/2009 1216/3718/2009 1234/3719/2009
f 1216/3720/2010 1222/3721/2010 1227/3722/2010
f 1062/3723/1978 1088/3714/2007 994/3683/1954
f 787/3607/1949 783/3463/1876 788/3685/1990
f 1467/3675/1983 1419/3446/1865 1422/3653/1969
f 1423/3662/1973 1417/3309/1798 1424/3697/1998
f 786/3576/1933 784/3506/1897 789/3724/2011
f 2369/3725/2012 2357/3422/1853 2363/3583/1939
f 34/3666/1977 37/3726/2013 36/3698/1999
f 996/3727/1955 1078/3630/1959 1080/3728/2014
f 34/3666/1977 36/3698/1999 20/3553/1922
f 1421/3633/1961 1425/3702/2001 1414/3155/1711
f 1076/3555/1924 1081/3729/2015 1077/3606/1948
f 3060/3730/1997 3046/3731/2016 3043/3652/1946
f 3032/3456/1869 3047/3732/2017 3045/3710/2005
f 792/3647/1967 826/3733/1957 645/3646/1827
f 33/3734/1974 54/3735/2018 49/3466/1877
f 1222/3736/2019 1223/3737/2020 1218/3738/2021
f 1222/3739/2019 1218/3740/2021 1219/3741/2022
f 1220/3742/2023 1221/3743/2024 1222/3744/2019
f 3058/3558/1898 3044/3617/1952 3048/3674/1982
f 995/3494/1889 991/3665/1976 40/3705/2003
f 790/3745/2025 784/3506/1897 787/3607/1949
f 1081/3729/2015 1078/3630/1959 1077/3606/1948
f 786/3576/1933 789/3724/2011 2366/3654/1962
f 1219/3741/2022 1220/3746/2023 1222/3739/2019
f 1085/3681/1988 1005/3747/2026 993/3682/1911
f 1006/3748/2027 991/3665/1976 992/3673/1981
f 3041/3579/1936 3043/3652/1946 3046/3731/2016
f 1217/3749/2028 1223/3737/2020 1222/3736/2019
f 991/3665/1976 984/3509/1899 992/3673/1981
f 2370/3750/2029 2368/3704/2002 2914/3613/1915
f 1217/3751/2028 1234/3752/2030 1223/3753/2020
f 3003/3629/1958 2917/3651/1968 2460/3754/1987
f 3046/3731/2016 3060/3755/1997 3048/3756/1982
f 1221/3743/2024 1220/3742/2023 1230/3757/2031
f 1219/3741/2022 1230/3758/2031 1220/3746/2023
f 1224/3759/2032 1219/3741/2022 1218/3740/2021
f 3048/3674/1982 3044/3617/1952 3004/3687/1991
f 44/3643/1940 32/3645/1964 38/3760/2033
f 1223/3761/2020 1225/3762/2034 1218/3740/2021
f 39/3763/2035 35/3676/1984 37/3726/2013
f 2369/3725/2012 2359/3452/1867 2357/3422/1853
f 108/3476/1881 48/3435/1859 51/3689/1993
f 2371/3764/2036 2364/3591/1943 2367/3677/1985
f 2359/3452/1867 2369/3725/2012 2367/3677/1985
f 2369/3725/2012 2363/3583/1939 2372/3765/2037
f 1221/3743/2024 1230/3757/2031 1291/3766/2038
f 1221/3743/2024 1226/3767/2039 1222/3744/2019
f 39/3763/2035 59/3678/1986 35/3676/1984
f 1983/3768/2040 1877/3769/2040 1926/3770/2040
f 3041/3579/1936 3046/3731/2016 3049/3771/2041
f 2371/3764/2036 2370/3750/2029 2365/3612/1950
f 1222/3744/2019 1226/3767/2039 1227/3772/2042
f 1291/3766/2038 1226/3767/2039 1221/3743/2024
f 1078/3630/1959 1081/3729/2015 1080/3728/2014
f 38/3760/2033 34/3666/1977 44/3643/1940
f 37/3726/2013 35/3676/1984 36/3698/1999
f 1004/3773/1930 993/3682/1911 1005/3747/2026
f 2914/3613/1915 2365/3612/1950 2370/3750/2029
f 1225/3762/2034 1224/3759/2032 1218/3740/2021
f 1227/3772/2042 1226/3767/2039 1228/3774/2043
f 38/3760/2033 37/3726/2013 34/3666/1977
f 1229/3775/2044 1230/3776/2031 1219/3741/2022
f 1224/3759/2032 1229/3775/2044 1219/3741/2022
f 1230/3777/2031 1231/3778/2045 1232/3779/2046
f 1226/3780/2039 1286/3781/2047 1288/3782/2048
f 1233/3783/2049 1223/3753/2020 1234/3752/2030
f 2376/3784/2050 2909/3420/1852 2915/3571/1931
f 2377/3657/1970 2912/3459/1872 2908/3384/1835
f 1225/3762/2034 1223/3761/2020 1233/3785/2049
f 1288/3782/2048 1228/3786/2043 1226/3780/2039
f 1291/3766/2038 1230/3757/2031 1232/3787/2046
f 1236/3788/2051 1286/3781/2047 1226/3780/2039
f 1225/3762/2034 1229/3775/2044 1224/3759/2032
f 1062/3789/2052 996/3790/2052 1089/3791/2052
f 1291/3766/2038 1232/3787/2046 1239/3792/2053
f 1286/3793/2047 1287/3794/2054 1288/3795/2048
f 1422/3653/1969 1926/3688/1992 1426/3796/2055
f 1234/3797/2030 1216/3798/2056 1227/3772/2042
f 232/3595/1750 231/3594/1945 234/3642/1966
f 784/3506/1897 790/3745/2025 789/3724/2011
f 3046/3731/2016 3048/3756/1982 3050/3799/2057
f 1289/3800/2058 1286/3781/2047 1236/3788/2051
f 1426/3796/2055 1467/3675/1983 1422/3653/1969
f 1088/3714/2007 1062/3723/1978 1089/3801/2059
f 1290/3802/2060 1286/3793/2047 1289/3803/2058
f 1082/3804/2061 1081/3729/2015 1076/3555/1924
f 992/3673/1981 1004/3650/1930 997/3805/2062
f 1427/3806/2063 1742/3513/1860 1467/3807/1983
f 3000/3585/1908 3002/3587/1941 3061/3808/2064
f 1287/3809/2054 1317/3810/2065 1288/3782/2048
f 1236/3811/2066 1226/3812/2066 1291/3813/2066
f 996/3727/1955 1080/3728/2014 1089/3814/2059
f 1877/3815/2067 1873/3816/2067 1926/3817/2067
f 1227/3772/2042 1228/3774/2043 1234/3797/2030
f 1287/3794/2054 1292/3818/2068 1317/3819/2065
f 1281/3820/2069 1231/3821/2045 1230/3776/2031
f 1293/3822/2070 1287/3794/2054 1286/3793/2047
f 2371/3764/2036 2365/3612/1950 2364/3591/1943
f 998/3823/2071 1085/3681/1988 1088/3714/2007
f 1287/3794/2054 1293/3822/2070 1294/3824/2072
f 1230/3776/2031 1229/3775/2044 1281/3820/2069
f 3004/3825/1991 3050/3799/2057 3048/3756/1982
f 1082/3804/2061 1076/3555/1924 1079/3692/1995
f 1425/3702/2001 1742/3513/1860 1428/3826/2073
f 1228/3786/2043 1288/3782/2048 1317/3810/2065
f 1228/3786/2043 1317/3810/2065 1295/3827/2074
f 32/3645/1964 40/3828/2003 38/3760/2033
f 2460/3680/1987 3054/3829/2075 3002/3587/1941
f 2373/3830/1972 2368/3704/2002 2374/3831/2076
f 108/3575/1881 53/3832/2008 109/3664/1975
f 1225/3762/2034 1233/3785/2049 1235/3833/2077
f 1294/3824/2072 1292/3818/2068 1287/3794/2054
f 1000/3834/2078 38/3760/2033 40/3828/2003
f 1231/3778/2045 1281/3835/2069 1248/3836/2079
f 1231/3778/2045 1248/3836/2079 1232/3779/2046
f 2407/3837/2080 2909/3420/1852 2376/3784/2050
f 1317/3810/2065 1296/3838/2081 1295/3827/2074
f 106/3498/1891 598/3454/1845 104/3486/1886
f 991/3665/1976 1006/3748/2027 40/3705/2003
f 1291/3766/2038 1239/3792/2053 1236/3839/2082
f 1292/3840/2068 1318/3841/2083 1317/3810/2065
f 1228/3774/2043 1297/3842/2084 1234/3797/2030
f 1873/3843/2085 1426/3844/2055 1926/3845/1992
f 1292/3818/2068 1294/3824/2072 1318/3846/2083
f 37/3726/2013 41/3847/2086 39/3763/2035
f 1079/3848/2087 1083/3849/2087 1100/3850/2087
f 1317/3810/2065 1318/3841/2083 1296/3838/2081
f 1297/3851/2084 1237/3852/2088 1234/3752/2030
f 1225/3762/2034 1282/3853/2089 1229/3775/2044
f 3054/3829/2075 3061/3808/2064 3002/3587/1941
f 791/3854/2090 825/3546/1919 826/3855/1957
f 1467/3675/1983 1426/3796/2055 1468/3856/2091
f 41/3847/2086 37/3726/2013 38/3760/2033
f 1295/3827/2074 1297/3857/2084 1228/3786/2043
f 40/3858/2003 999/3859/2092 1000/3860/2078
f 1004/3650/1930 1005/3861/2026 997/3805/2062
f 2373/3830/1972 2916/3703/1937 2368/3704/2002
f 1298/3862/2093 1293/3822/2070 1286/3793/2047
f 1282/3863/2089 1281/3835/2069 1229/3864/2044
f 1467/3807/1983 1468/3865/2091 1427/3806/2063
f 2367/3677/1985 2369/3725/2012 2375/3866/2094
f 1293/3822/2070 1298/3862/2093 1294/3824/2072
f 1084/3867/2095 1085/3868/1988 998/3869/2071
f 1426/3796/2055 1874/3870/2096 1468/3856/2091
f 2915/3571/1931 2377/3657/1970 2376/3784/2050
f 235/3871/2097 231/3594/1945 643/3593/1755
f 1081/3729/2015 1082/3804/2061 1080/3728/2014
f 3032/3456/1869 3045/3710/2005 3085/3107/1686
f 1297/3872/2098 1295/3873/2098 1240/3874/2098
f 1225/3762/2034 1235/3833/2077 1282/3853/2089
f 643/3593/1755 107/3656/1896 235/3871/2097
f 1238/3875/2099 1235/3833/2077 1233/3785/2049
f 54/3735/2018 33/3734/1974 55/3876/2100
f 1295/3827/2074 1304/3877/2101 1240/3878/2102
f 1000/3834/2078 41/3847/2086 38/3760/2033
f 1286/3793/2047 1290/3802/2060 1298/3862/2093
f 791/3854/2090 826/3855/1957 792/3879/1967
f 791/3854/2090 793/3880/2103 825/3546/1919
f 1304/3877/2101 1295/3827/2074 1296/3838/2081
f 52/3709/2004 50/3557/1925 49/3466/1877
f 1318/3846/2083 1294/3824/2072 1299/3881/2104
f 1232/3779/2046 1248/3836/2079 1239/3882/2053
f 3046/3731/2016 3050/3799/2057 3049/3771/2041
f 110/3883/2105 109/3664/1975 53/3832/2008
f 3032/3456/1869 3041/3579/1936 3047/3732/2017
f 1240/3884/2102 1245/3885/2106 1297/3886/2084
f 1082/3804/2061 1086/3887/2107 1080/3728/2014
f 1236/3888/2051 1300/3889/2108 1289/3803/2058
f 1238/3875/2099 1233/3783/2049 1241/3890/2109
f 1282/3863/2089 1242/3891/2110 1281/3835/2069
f 992/3673/1981 997/3805/2062 1006/3748/2027
f 1241/3890/2109 1233/3783/2049 1234/3752/2030
f 794/3892/2111 2366/3654/1962 789/3724/2011
f 1426/3844/2055 1873/3843/2085 1874/3893/2096
f 1084/3894/2095 1005/3747/2026 1085/3681/1988
f 1308/3895/2112 1296/3838/2081 1318/3841/2083
f 790/3745/2025 787/3607/1949 795/3896/2113
f 1304/3877/2101 1245/3897/2106 1240/3878/2102
f 791/3854/2090 796/3898/2114 793/3880/2103
f 1282/3853/2089 1235/3833/2077 1242/3899/2110
f 234/3642/1966 236/3900/2115 792/3647/1967
f 1236/3901/2116 1239/3902/2116 1243/3903/2116
f 3051/3904/2117 3049/3771/2041 3052/3905/2118
f 3000/3585/1908 3061/3808/2064 3004/3906/1991
f 1087/3907/2119 1088/3908/2007 1089/3909/2059
f 54/3735/2018 55/3876/2100 56/3910/2120
f 2372/3765/2037 2375/3866/2094 2369/3725/2012
f 1300/3889/2108 1290/3802/2060 1289/3803/2058
f 55/3911/2100 33/3663/1974 59/3678/1986
f 1080/3728/2014 1090/3912/2121 1089/3814/2059
f 1086/3887/2107 1091/3913/2122 1080/3728/2014
f 104/3486/1886 110/3883/2105 111/3914/2123
f 1234/3752/2030 1237/3852/2088 1241/3890/2109
f 1298/3862/2093 1299/3915/2104 1294/3824/2072
f 1427/3806/2063 1428/3826/2073 1742/3513/1860
f 1248/3836/2079 1243/3916/2124 1239/3882/2053
f 1248/3836/2079 1281/3835/2069 1244/3917/2125
f 1296/3838/2081 1308/3895/2112 1301/3918/2126
f 1297/3886/2084 1245/3885/2106 1237/3919/2088
f 1301/3918/2126 1304/3877/2101 1296/3838/2081
f 1079/3692/1995 1100/3920/1994 1082/3804/2061
f 41/3847/2086 59/3678/1986 39/3763/2035
f 1354/3921/2127 1298/3862/2093 1290/3802/2060
f 2453/3632/1960 2467/3922/1929 3078/3492/1636
f 1090/3912/2121 1080/3728/2014 1091/3913/2122
f 1235/3833/2077 1238/3875/2099 1250/3923/2128
f 793/3880/2103 788/3685/1990 825/3546/1919
f 999/3859/2092 40/3858/2003 1006/3924/2027
f 1290/3802/2060 1300/3889/2108 1302/3925/2129
f 3061/3926/2064 3050/3799/2057 3004/3825/1991
f 57/3927/2130 52/3709/2004 49/3466/1877
f 1237/3928/2088 1245/3929/2106 1241/3930/2109
f 1303/3931/2131 1236/3888/2051 1243/3932/2124
f 1246/3933/2132 1247/3934/2133 1245/3929/2106
f 101/3935/2134 58/3936/2135 55/3876/2100
f 1000/3860/2078 1001/3937/2136 42/3938/2137
f 104/3486/1886 111/3914/2123 240/3939/2138
f 1304/3940/2101 1301/3941/2126 1324/3942/2139
f 1304/3940/2101 1324/3942/2139 1246/3943/2132
f 1303/3931/2131 1300/3889/2108 1236/3888/2051
f 1246/3943/2132 1245/3944/2106 1304/3940/2101
f 1299/3881/2104 1321/3945/2140 1318/3846/2083
f 1242/3891/2110 1244/3917/2125 1281/3835/2069
f 237/3946/2141 791/3947/2090 792/3647/1967
f 1088/3908/2007 1087/3907/2119 1092/3948/2142
f 1303/3931/2131 1305/3949/2143 1300/3889/2108
f 1248/3950/2079 1244/3917/2125 1243/3951/2124
f 2376/3952/2050 2377/3953/1970 2378/3954/2144
f 236/3900/2115 237/3946/2141 792/3647/1967
f 790/3745/2025 797/3955/2145 789/3724/2011
f 1000/3834/2078 42/3956/2137 41/3847/2086
f 998/3869/2071 1088/3908/2007 1092/3948/2142
f 793/3880/2103 796/3898/2114 788/3685/1990
f 1238/3875/2099 1241/3890/2109 1250/3923/2128
f 1091/3913/2122 1093/3957/2146 1090/3912/2121
f 1235/3833/2077 1250/3958/2128 1262/3959/2147
f 3054/3829/2075 2460/3680/1987 3005/3960/2148
f 235/3871/2097 233/3641/1965 231/3594/1945
f 1241/3930/2109 1245/3929/2106 1249/3961/2149
f 2973/2159/301 2056/3962/2150 1928/2160/1033
f 1087/3907/2119 1089/3909/2059 1090/3963/2121
f 2379/3964/2151 2363/3583/1939 2366/3634/1962
f 1086/3887/2107 1082/3804/2061 1100/3920/1994
f 2374/3831/2076 2377/3953/1970 2373/3830/1972
f 1091/3913/2122 1086/3887/2107 1093/3957/2146
f 59/3965/1986 101/3935/2134 55/3876/2100
f 1262/3959/2147 1242/3899/2110 1235/3833/2077
f 1249/3961/2149 1250/3966/2128 1241/3930/2109
f 1087/3907/2119 1090/3963/2121 1093/3967/2146
f 233/3641/1965 236/3900/2115 234/3642/1966
f 1244/3917/2125 1242/3891/2110 1262/3968/2147
f 2379/3964/2151 2366/3634/1962 794/3969/2111
f 1247/3934/2133 1251/3970/2152 1245/3929/2106
f 2407/3837/2080 2917/3651/1968 2909/3420/1852
f 1298/3971/2093 1319/3972/2153 1299/3973/2104
f 1097/3974/2154 997/3805/2062 1005/3861/2026
f 52/3709/2004 53/3716/2008 51/3689/1993
f 3049/3771/2041 3050/3799/2057 2457/3975/2155
f 1318/3846/2083 1321/3945/2140 1308/3976/2112
f 1319/3972/2153 1298/3971/2093 1354/3977/2127
f 1244/3917/2125 1262/3968/2147 1252/3978/2156
f 1246/3943/2132 1269/3979/2157 1247/3980/2133
f 1251/3970/2152 1249/3961/2149 1245/3929/2106
f 1877/3981/2158 1876/3982/2158 1873/3983/2158
f 1243/3932/2124 1306/3984/2159 1303/3931/2131
f 1096/3985/2160 1093/3986/2146 1086/3887/2107
f 1429/3987/2161 1427/3806/2063 1468/3865/2091
f 2456/3670/1979 3045/3710/2005 3053/3988/2162
f 57/3927/2130 49/3466/1877 54/3735/2018
f 1259/3989/2163 1255/3990/2163 1254/3991/2163
f 1244/3917/2125 1266/3992/2164 1243/3951/2124
f 2460/3754/1987 2917/3651/1968 2918/3993/2165
f 1005/3747/2026 1084/3894/2095 1097/3994/2154
f 999/3859/2092 1001/3937/2136 1000/3860/2078
f 1246/3943/2132 1324/3942/2139 1269/3979/2157
f 2380/3995/2166 2363/3583/1939 2379/3964/2151
f 1243/3932/2124 1266/3996/2164 1267/3997/2167
f 1306/3984/2159 1305/3949/2143 1303/3931/2131
f 1259/3998/2168 1253/3999/2169 1258/4000/2170
f 240/3939/2138 106/3498/1891 104/3486/1886
f 1307/4001/2171 1302/3925/2129 1300/3889/2108
f 1308/4002/2112 1353/4003/2172 1301/3941/2126
f 1244/3917/2125 1252/3978/2156 1266/3992/2164
f 997/4004/2062 999/3859/2092 1006/3924/2027
f 2453/4005/1960 2454/4006/2173 2467/4007/1929
f 1306/3984/2159 1243/3932/2124 1267/3997/2167
f 1259/4008/2174 1254/4009/2174 1256/4010/2174
f 2371/3764/2036 2381/4011/2175 2370/3750/2029
f 998/3869/2071 1092/3948/2142 1094/4012/2176
f 1302/3925/2129 1326/4013/2177 1290/3802/2060
f 798/4014/2178 789/3724/2011 797/3955/2145
f 2407/4015/2080 2376/4016/2050 2378/4017/2144
f 1255/4018/2179 1259/3998/2168 1258/4000/2170
f 1326/4013/2177 1354/3921/2127 1290/3802/2060
f 1468/3865/2091 1874/4019/2096 1469/4020/2180
f 110/3883/2105 122/4021/2181 240/3939/2138
f 1251/3970/2152 1247/3934/2133 1124/4022/2182
f 1269/3979/2157 1324/3942/2139 1355/4023/2183
f 2370/3750/2029 2374/3831/2076 2368/3704/2002
f 1259/4024/2184 1256/4025/2184 1257/4026/2184
f 1093/3967/2146 1095/4027/2185 1087/3907/2119
f 235/3871/2097 107/3656/1896 233/3641/1965
f 1353/4003/2172 1324/3942/2139 1301/3941/2126
f 101/3935/2134 61/4028/2186 58/3936/2135
f 1250/3966/2128 1249/3961/2149 1258/4029/2170
f 1253/3999/2169 1259/4030/2168 1260/4031/2187
f 1305/3949/2143 1309/4032/2188 1300/3889/2108
f 1254/4033/2189 1119/4034/2190 1256/4035/2191
f 1093/3967/2146 1096/4036/2160 1095/4027/2185
f 1255/4018/2179 1119/4034/2190 1254/4033/2189
f 1261/4037/2192 1250/3966/2128 1258/4029/2170
f 1425/3702/2001 1428/3826/2073 1360/4038/2193
f 2382/4039/2194 2371/3764/2036 2367/3677/1985
f 1261/4037/2192 1262/4040/2147 1250/3966/2128
f 1299/3973/2104 1319/3972/2153 1320/4041/2195
f 1309/4032/2188 1307/4001/2171 1300/3889/2108
f 998/3869/2071 1094/4012/2176 1084/3867/2095
f 2380/3995/2166 2372/3765/2037 2363/3583/1939
f 59/3678/1986 41/3847/2086 43/4042/2196
f 794/3969/2111 2380/3995/2166 2379/3964/2151
f 1257/4043/2197 1263/4044/2198 1259/4030/2168
f 1252/4045/2156 1262/4040/2147 1264/4046/2199
f 1265/4047/2200 1258/4029/2170 1249/3961/2149
f 1249/3961/2149 1251/3970/2152 1265/4047/2200
f 1253/3999/2169 1260/4031/2187 1284/4048/2201
f 59/3678/1986 43/4042/2196 101/4049/2134
f 110/3883/2105 240/3939/2138 111/3914/2123
f 1263/4044/2198 1260/4031/2187 1259/4030/2168
f 1255/4018/2179 1258/4000/2170 1265/4050/2200
f 1253/3999/2169 1261/4051/2192 1258/4000/2170
f 1299/4052/2202 1320/4053/2202 1321/4054/2202
f 1269/4055/2157 1310/4056/2203 1135/4057/2204
f 3053/4058/2162 2455/4059/2205 2456/4060/1979
f 1256/4061/2191 1119/4062/2190 1120/4063/2206
f 1257/4064/2197 1256/4065/2191 1121/4066/2207
f 795/3896/2113 787/3607/1949 788/3685/1990
f 2458/4067/2208 3050/3799/2057 3061/3926/2064
f 1266/4068/2164 1252/4045/2156 1267/4069/2167
f 1087/3907/2119 1095/4027/2185 1092/3948/2142
f 1310/4056/2203 1269/4055/2157 1311/4070/2209
f 1284/4048/2201 1275/4071/2210 1253/3999/2169
f 1308/4072/2112 1322/4073/2211 1323/4074/2212
f 1264/4046/2199 1267/4069/2167 1252/4045/2156
f 241/4075/2213 791/3854/2090 237/4076/2141
f 1268/4077/2214 1255/4018/2179 1265/4050/2200
f 1429/3987/2161 1468/3865/2091 1469/4020/2180
f 1260/4031/2187 1283/4078/2215 1284/4079/2201
f 2382/4039/2194 2367/3677/1985 2383/4080/2216
f 1260/4031/2187 1263/4044/2198 1283/4078/2215
f 1253/3999/2169 1275/4071/2210 1261/4051/2192
f 1121/4066/2207 1263/4081/2198 1257/4064/2197
f 999/3859/2092 997/4004/2062 1002/4082/2217
f 1321/4083/2140 1322/4084/2211 1308/4085/2112
f 1251/3970/2152 1268/4086/2214 1265/4047/2200
f 237/3946/2141 236/3900/2115 238/4087/2218
f 2367/3677/1985 2375/3866/2094 2383/4080/2216
f 1321/4088/2140 1320/4041/2195 1322/4073/2211
f 799/4089/2219 789/3724/2011 798/4014/2178
f 55/3876/2100 58/3936/2135 56/3910/2120
f 233/3641/1965 239/4090/2220 236/3900/2115
f 1313/4091/2221 1267/4069/2167 1264/4046/2199
f 56/3910/2120 57/3927/2130 54/3735/2018
f 1256/4092/2191 1120/4063/2206 1121/4093/2207
f 42/3956/2137 43/4042/2196 41/3847/2086
f 1315/4094/2222 1247/3934/2133 1269/4095/2157
f 1262/4040/2147 1261/4037/2192 1264/4046/2199
f 236/3900/2115 239/4090/2220 238/4087/2218
f 795/3896/2113 788/3685/1990 796/3898/2114
f 1124/4022/2182 1247/3934/2133 1315/4094/2222
f 1002/4096/2217 997/3805/2062 1097/3974/2154
f 1263/4081/2198 1270/4097/2223 1283/4098/2215
f 1323/4074/2212 1322/4073/2211 1320/4041/2195
f 112/4099/2224 53/3832/2008 52/4100/2004
f 110/3883/2105 104/3486/1886 109/3664/1975
f 1307/4001/2171 1326/4013/2177 1302/3925/2129
f 1119/4062/2190 1122/4101/2225 1120/4063/2206
f 1313/4091/2221 1264/4046/2199 1271/4102/2226
f 1355/4103/2183 1324/4104/2139 1353/4105/2172
f 1353/4106/2172 1308/4072/2112 1323/4074/2212
f 1002/4082/2217 1001/3937/2136 999/3859/2092
f 241/4075/2213 800/4107/2227 801/4108/2228
f 1264/4046/2199 1261/4037/2192 1271/4102/2226
f 1875/4109/2229 1469/4110/2180 1874/4111/2096
f 2917/4112/1968 2407/4015/2080 2918/4113/2165
f 1312/4114/2230 1309/4032/2188 1305/3949/2143
f 1124/4022/2182 1268/4086/2214 1251/3970/2152
f 1094/4012/2176 1097/4115/2154 1084/3867/2095
f 1096/3985/2160 1086/3887/2107 1100/3920/1994
f 1263/4081/2198 1121/4066/2207 1270/4097/2223
f 1271/4102/2226 1261/4037/2192 1272/4116/2231
f 1272/4117/2231 1261/4051/2192 1275/4071/2210
f 791/3854/2090 241/4075/2213 796/3898/2114
f 61/4028/2186 60/4118/2232 58/3936/2135
f 1267/4119/2167 1313/4120/2221 1306/3984/2159
f 1411/4121/2233 1102/4122/2234 1101/4123/1980
f 106/4124/1891 240/4125/2138 113/4126/2235
f 233/4127/2236 107/4128/2236 242/4129/2236
f 241/4130/2213 237/3946/2141 800/4131/2227
f 3052/3905/2118 3049/3771/2041 2457/3975/2155
f 1273/4132/2237 1119/4034/2190 1255/4018/2179
f 1278/4133/2238 1284/4134/2201 1283/4098/2215
f 3049/3771/2041 3051/3904/2117 3041/3579/1936
f 1273/4132/2237 1255/4018/2179 1268/4077/2214
f 1275/4135/2210 1284/4134/2201 1278/4133/2238
f 1325/4136/2239 1354/4137/2127 1326/4138/2177
f 3061/4139/2240 3054/4140/2240 2461/4141/2240
f 65/4142/2241 61/4143/2186 69/4144/2242
f 2407/4015/2080 2378/4017/2144 2408/4145/2243
f 1095/4027/2185 1096/4036/2160 1092/3948/2142
f 57/3927/2130 56/3910/2120 86/4146/2244
f 1283/4098/2215 1270/4097/2223 1278/4133/2238
f 1312/4114/2230 1305/3949/2143 1306/3984/2159
f 2384/4147/2245 2375/3866/2094 2372/3765/2037
f 1306/3984/2159 1313/4120/2221 1314/4148/2246
f 1123/4149/2247 1268/4150/2214 1124/4151/2182
f 62/4152/2248 63/4153/2249 61/4154/2186
f 1271/4102/2226 1274/4155/2250 1313/4091/2221
f 1319/3972/2153 1354/3977/2127 1327/4156/2251
f 60/4118/2232 61/4028/2186 66/4157/2252
f 1275/4158/2210 1278/4159/2238 1272/4160/2231
f 69/4144/2242 61/4143/2186 64/4161/2253
f 68/4162/2254 62/4152/2248 65/4163/2241
f 3053/3988/2162 3045/3710/2005 3047/3732/2017
f 2377/3953/1970 2409/4164/2255 2378/3954/2144
f 65/4142/2241 69/4144/2242 68/4165/2254
f 2456/4060/1979 2455/4059/2205 2453/4005/1960
f 1875/4166/2229 1430/4167/2256 1469/4168/2180
f 1121/4093/2207 1276/4169/2257 1270/4170/2223
f 1326/4013/2177 1307/4001/2171 1309/4032/2188
f 1125/4171/2258 1121/4093/2207 1126/4172/2259
f 62/4152/2248 61/4154/2186 65/4163/2241
f 1098/4173/2260 1002/4096/2217 1097/3974/2154
f 1096/4036/2160 1100/4174/1994 1092/3948/2142
f 1127/4175/2261 1119/4062/2190 1273/4176/2237
f 1120/4063/2206 1126/4172/2259 1121/4093/2207
f 57/3927/2130 86/4146/2244 52/3709/2004
f 101/3935/2134 64/4177/2253 61/4028/2186
f 3051/3904/2117 3047/3732/2017 3041/3579/1936
f 61/4154/2186 63/4153/2249 66/4178/2252
f 789/3724/2011 799/4089/2219 794/3892/2111
f 1121/4093/2207 1125/4171/2258 1276/4169/2257
f 112/4099/2224 110/3883/2105 53/3832/2008
f 1442/4179/2262 1469/4168/2180 1431/4180/2263
f 1119/4062/2190 1127/4175/2261 1122/4101/2225
f 1100/4181/1994 1070/3572/1790 1101/3672/1980
f 56/3910/2120 60/4118/2232 86/4146/2244
f 1273/4182/2237 1268/4150/2214 1123/4149/2247
f 3050/3799/2057 2458/4067/2208 2457/3975/2155
f 1123/4149/2247 1127/4183/2261 1273/4182/2237
f 2385/4184/2264 2370/3750/2029 2381/4011/2175
f 1278/4133/2238 1270/4097/2223 1279/4185/2265
f 1271/4102/2226 1272/4116/2231 1274/4155/2250
f 1442/4186/2262 1429/3987/2161 1469/4020/2180
f 56/3910/2120 58/3936/2135 60/4118/2232
f 242/4187/2266 243/4188/2267 233/4189/1965
f 106/4124/1891 113/4126/2235 107/4190/1896
f 1873/4191/2085 1876/4192/2268 1874/4111/2096
f 2384/4147/2245 2372/3765/2037 2380/3995/2166
f 2408/4145/2243 2378/4017/2144 2409/4193/2255
f 1272/4160/2231 1278/4159/2238 1280/4194/2269
f 1424/3697/1998 1425/3702/2001 1360/4038/2193
f 1353/4105/2172 1328/4195/2270 1355/4103/2183
f 1274/4155/2250 1314/4196/2246 1313/4091/2221
f 1122/4101/2225 1128/4197/2271 1120/4063/2206
f 2457/4198/2155 2458/4199/2208 2459/4200/2272
f 794/3969/2111 2386/4201/2273 2380/3995/2166
f 1123/4149/2247 1124/4151/2182 1315/4202/2222
f 42/3938/2137 1001/3937/2136 96/4203/2274
f 2218/4204/2275 2973/4205/301 2467/4206/1929
f 1314/4196/2246 1274/4155/2250 1194/4207/2276
f 67/4208/2277 62/4209/2248 68/4210/2254
f 1429/3987/2161 1442/4186/2262 1432/4211/2278
f 1354/4137/2127 1325/4136/2239 1327/4212/2251
f 1429/3987/2161 1433/4213/2279 1427/3806/2063
f 1279/4185/2265 1270/4097/2223 1276/4214/2257
f 233/3641/1965 244/4215/2280 239/4090/2220
f 1319/3972/2153 1327/4156/2251 1356/4216/2281
f 2460/4217/1987 2918/4218/2165 3005/4219/2148
f 1429/3987/2161 1432/4211/2278 1433/4213/2279
f 1128/4197/2271 1126/4172/2259 1120/4063/2206
f 69/4220/2242 70/4221/2282 68/4222/2254
f 797/3955/2145 802/4223/2283 798/4014/2178
f 1469/4168/2180 1430/4167/2256 1431/4180/2263
f 1123/4149/2247 1315/4202/2222 1129/4224/2284
f 122/4021/2181 246/4225/2285 240/3939/2138
f 1355/4226/2183 1311/4227/2209 1269/4228/2157
f 1319/3972/2153 1329/4229/2286 1320/4041/2195
f 1274/4155/2250 1272/4116/2231 1277/4230/2287
f 1272/4116/2231 1140/4231/2288 1277/4230/2287
f 1330/4232/2289 1323/4074/2212 1331/4233/2290
f 1098/4234/2260 1099/4235/2291 1002/4236/2217
f 1269/4055/2157 1135/4057/2204 1315/4237/2222
f 1314/4148/2246 1194/4238/2276 1316/4239/2292
f 2370/3750/2029 2385/4184/2264 2374/3831/2076
f 1123/4149/2247 1130/4240/2293 1127/4183/2261
f 1278/4241/2238 1279/4242/2265 1280/4243/2269
f 68/4222/2254 70/4221/2282 67/4244/2277
f 233/4189/1965 243/4188/2267 244/4245/2280
f 1323/4074/2212 1320/4041/2195 1331/4233/2290
f 1330/4232/2289 1353/4106/2172 1323/4074/2212
f 2408/4145/2243 2918/4113/2165 2407/4015/2080
f 96/4246/2274 43/4042/2196 42/3956/2137
f 1355/4103/2183 1328/4195/2270 1332/4247/2294
f 2056/4248/2150 2973/4249/301 2202/4250/2295
f 1877/4251/2296 1878/4252/2297 1876/4192/2268
f 1306/3984/2159 1314/4148/2246 1316/4239/2292
f 3005/4219/2148 2461/4253/2298 3054/4254/2075
f 1434/4255/2299 1435/4256/2300 1335/4257/2301
f 1434/4255/2299 1470/4258/2302 1436/4259/2303
f 1470/4258/2302 1434/4255/2299 1335/4257/2301
f 1136/4260/2304 1140/4261/2288 1272/4262/2231
f 243/4188/2267 242/4187/2266 245/4263/2305
f 3051/4264/2117 2462/4265/2306 3047/4266/2017
f 52/4100/2004 77/4267/2307 112/4099/2224
f 800/4131/2227 237/3946/2141 238/4087/2218
f 1280/4268/2269 1136/4260/2304 1272/4262/2231
f 1356/4269/2281 1327/4212/2251 1325/4136/2239
f 1331/4233/2290 1320/4041/2195 1329/4229/2286
f 1434/4255/2299 1436/4259/2303 1439/4270/2308
f 1100/4174/1994 1094/4012/2176 1092/3948/2142
f 1434/4255/2299 1437/4271/2309 1435/4256/2300
f 1002/4082/2217 1105/4272/2310 1001/3937/2136
f 797/3955/2145 790/3745/2025 795/3896/2113
f 240/3939/2138 246/4225/2285 113/4273/2235
f 1280/4243/2269 1279/4242/2265 1136/4274/2304
f 1442/4179/2262 1431/4180/2263 1438/4275/2311
f 71/4276/2312 63/4277/2249 62/4209/2248
f 1431/4278/2263 1430/4279/2256 1439/4270/2308
f 1319/3972/2153 1356/4216/2281 1329/4229/2286
f 1431/4278/2263 1439/4270/2308 1436/4259/2303
f 1328/4195/2270 1353/4105/2172 1333/4280/2313
f 66/4281/2252 63/4282/2249 72/4283/2314
f 1125/4171/2258 1131/4284/2315 1276/4169/2257
f 1334/4285/2316 1356/4269/2281 1325/4136/2239
f 1424/4286/1998 1360/4287/2193 1361/4288/2317
f 1437/4271/2309 1441/4289/2318 1435/4256/2300
f 1123/4149/2247 1129/4224/2284 1130/4240/2293
f 1316/4239/2292 1312/4114/2230 1306/3984/2159
f 72/4283/2314 63/4277/2249 71/4276/2312
f 1335/4290/2301 1435/4291/2300 1336/4292/2319
f 1126/4172/2259 1128/4197/2271 1125/4171/2258
f 1276/4169/2257 1131/4284/2315 1285/4293/2320
f 1276/4214/2257 1285/4294/2320 1279/4185/2265
f 1355/4226/2183 1332/4295/2294 1311/4227/2209
f 1309/4032/2188 1312/4114/2230 1326/4013/2177
f 1315/4202/2222 1132/4296/2321 1129/4224/2284
f 1125/4171/2258 1128/4197/2271 1133/4297/2322
f 1438/4298/2311 1431/4278/2263 1436/4259/2303
f 66/4299/2323 75/4300/2323 73/4301/2323
f 2387/4302/2324 2375/3866/2094 2384/4147/2245
f 2408/4145/2243 2410/4303/2325 2918/4113/2165
f 2409/4164/2255 2377/3953/1970 2374/3831/2076
f 1122/4101/2225 1127/4175/2261 1134/4304/2326
f 1136/4274/2304 1279/4242/2265 1285/4305/2320
f 2380/3995/2166 2386/4201/2273 2384/4147/2245
f 1128/4197/2271 1122/4101/2225 1134/4304/2326
f 1435/4256/2300 1441/4289/2318 1879/4306/2327
f 1439/4307/2328 1430/4308/2328 1441/4309/2328
f 1132/4296/2321 1315/4202/2222 1135/4310/2204
f 1874/4111/2096 1878/4252/2297 1875/4109/2229
f 1437/4271/2309 1434/4255/2299 1439/4270/2308
f 1470/4258/2302 1438/4298/2311 1436/4259/2303
f 801/4108/2228 796/3898/2114 241/4075/2213
f 3047/4266/2017 2463/4311/2329 3053/4058/2162
f 112/4099/2224 114/4312/2330 122/4021/2181
f 62/4209/2248 67/4208/2277 71/4276/2312
f 1427/3806/2063 1433/4213/2279 1360/4038/2193
f 1438/4313/2311 1470/4314/2302 1440/4315/2331
f 1337/4316/2332 1331/4233/2290 1329/4229/2286
f 1337/4316/2332 1329/4229/2286 1356/4216/2281
f 73/4317/2333 60/4118/2232 66/4157/2252
f 1435/4256/2300 1879/4306/2327 1336/4318/2319
f 1427/3806/2063 1360/4038/2193 1428/3826/2073
f 66/4319/2252 74/4320/2334 75/4321/2335
f 1328/4195/2270 1333/4280/2313 1332/4247/2294
f 76/4322/2336 69/4220/2242 64/4323/2253
f 1140/4324/2288 1136/4325/2304 1141/4326/2337
f 66/4281/2252 72/4283/2314 74/4327/2334
f 1353/4106/2172 1330/4232/2289 1357/4328/2338
f 1441/4329/2318 1437/4271/2309 1439/4270/2308
f 1441/4330/2318 1430/4331/2256 1875/4332/2229
f 1136/4325/2304 1285/4293/2320 1141/4326/2337
f 1470/4333/2302 1335/4334/2301 1338/4335/2339
f 246/4336/2285 247/4337/2340 113/4126/2235
f 3047/4266/2017 2462/4265/2306 2464/4338/2341
f 1356/4216/2281 1335/4290/2301 1337/4316/2332
f 86/4146/2244 77/4339/2307 52/3709/2004
f 1133/4297/2322 1131/4284/2315 1125/4171/2258
f 1440/4315/2331 1470/4314/2302 1338/4340/2339
f 2455/4059/2205 2454/4006/2173 2453/4005/1960
f 1353/4105/2172 1357/4341/2338 1333/4280/2313
f 1337/4316/2332 1335/4290/2301 1336/4292/2319
f 3052/4342/2118 2462/4265/2306 3051/4264/2117
f 1285/4293/2320 1131/4284/2315 1137/4343/2342
f 1442/4344/2262 1445/4345/2343 1432/4346/2278
f 1274/4155/2250 1277/4230/2287 1194/4207/2276
f 1132/4347/2321 1135/4348/2204 1187/4349/2344
f 1145/4350/2345 1144/4351/2345 1147/4352/2345
f 1442/4344/2262 1438/4353/2311 1445/4345/2343
f 1100/4181/1994 1102/4354/2234 1376/4355/2346
f 1335/4334/2301 1356/4269/2281 1338/4335/2339
f 1145/4356/2347 1147/4357/2348 1142/4358/2349
f 1133/4297/2322 1128/4197/2271 1134/4304/2326
f 1138/4359/2350 1130/4240/2293 1129/4224/2284
f 1874/4111/2096 1876/4192/2268 1878/4252/2297
f 1139/4360/2351 1134/4361/2326 1130/4240/2293
f 2458/4199/2208 3061/4362/2064 2461/4253/2298
f 1134/4361/2326 1127/4183/2261 1130/4240/2293
f 1277/4363/2287 1140/4364/2288 1141/4365/2337
f 1192/4366/2352 1326/4013/2177 1312/4114/2230
f 2388/4367/2353 2387/4302/2324 2384/4147/2245
f 1339/4368/2354 1337/4316/2332 1336/4292/2319
f 1340/4369/2355 1357/4328/2338 1330/4232/2289
f 1145/4370/2347 1142/4371/2349 1143/4372/2356
f 1143/4372/2356 1142/4371/2349 1153/4373/2357
f 110/3883/2105 112/4099/2224 122/4021/2181
f 1105/4272/2310 96/4203/2274 1001/3937/2136
f 1143/4374/2358 1144/4375/2358 1145/4376/2358
f 795/3896/2113 802/4223/2283 797/3955/2145
f 2457/4198/2155 2459/4200/2272 3052/4342/2118
f 255/4377/2359 800/4131/2227 238/4087/2218
f 72/4283/2314 89/4378/2360 88/4379/2361
f 1330/4232/2289 1331/4233/2290 1340/4369/2355
f 1094/4012/2176 1098/4234/2260 1097/4115/2154
f 1131/4284/2315 1133/4297/2322 1184/4380/2362
f 1130/4240/2293 1146/4381/2363 1139/4360/2351
f 1130/4240/2293 1138/4359/2350 1146/4381/2363
f 1147/4382/2348 1144/4383/2364 1148/4384/2365
f 1142/4358/2349 1147/4357/2348 1148/4385/2365
f 71/4276/2312 67/4208/2277 89/4378/2360
f 1338/4340/2339 1443/4386/2366 1440/4315/2331
f 72/4283/2314 71/4276/2312 89/4378/2360
f 1137/4343/2342 1131/4284/2315 1184/4380/2362
f 1331/4233/2290 1337/4316/2332 1339/4368/2354
f 1188/4387/2367 1187/4349/2344 1310/4388/2203
f 1332/4389/2294 1456/4390/2368 1311/4391/2209
f 1184/4380/2362 1133/4297/2322 1134/4304/2326
f 1340/4369/2355 1331/4233/2290 1339/4368/2354
f 1142/4371/2349 1149/4392/2369 1153/4373/2357
f 799/4089/2219 803/4393/2370 794/3892/2111
f 1141/4326/2337 1285/4293/2320 1137/4343/2342
f 2387/4302/2324 2383/4080/2216 2375/3866/2094
f 1142/4358/2349 1148/4385/2365 1161/4394/2371
f 803/4395/2370 2386/4201/2273 794/3969/2111
f 239/4090/2220 244/4215/2280 248/4396/2372
f 1445/4345/2343 1446/4397/2373 1432/4346/2278
f 1134/4361/2326 1151/4398/2374 1184/4399/2362
f 107/4190/1896 249/4400/2375 242/4187/2266
f 1325/4136/2239 1341/4401/2376 1334/4285/2316
f 1444/4402/2377 1432/4403/2278 1446/4404/2373
f 1129/4224/2284 1132/4296/2321 1138/4359/2350
f 796/3898/2114 804/4405/2378 795/3896/2113
f 1142/4406/2349 1161/4407/2371 1163/4408/2379
f 1341/4401/2376 1326/4138/2177 1192/4409/2352
f 1432/4211/2278 1444/4410/2377 1433/4213/2279
f 76/4322/2336 70/4221/2282 69/4220/2242
f 1310/4388/2203 1187/4349/2344 1135/4348/2204
f 1134/4361/2326 1139/4360/2351 1151/4398/2374
f 1143/4372/2356 1153/4373/2357 1185/4411/2380
f 72/4283/2314 88/4379/2361 74/4327/2334
f 796/3898/2114 801/4108/2228 804/4405/2378
f 1149/4412/2369 1142/4406/2349 1163/4408/2379
f 1144/4413/2381 1143/4372/2356 1139/4414/2351
f 1438/4313/2311 1440/4315/2331 1445/4415/2343
f 245/4263/2305 242/4187/2266 249/4400/2375
f 70/4221/2282 78/4416/2382 67/4244/2277
f 1185/4411/2380 1153/4373/2357 1156/4417/2383
f 1141/4365/2337 1150/4418/2384 1277/4363/2287
f 1098/4234/2260 1094/4012/2176 1099/4235/2291
f 86/4146/2244 60/4118/2232 73/4317/2333
f 1139/4414/2351 1143/4372/2356 1151/4419/2374
f 1143/4372/2356 1185/4411/2380 1151/4419/2374
f 1338/4335/2339 1356/4269/2281 1334/4285/2316
f 78/4416/2382 87/4420/2385 67/4244/2277
f 239/4090/2220 248/4396/2372 238/4087/2218
f 76/4322/2336 64/4323/2253 79/4421/2386
f 115/4422/2387 116/4423/2388 114/4312/2330
f 1149/4412/2369 1152/4424/2389 1153/4425/2357
f 1440/4315/2331 1443/4386/2366 1447/4426/2390
f 1144/4413/2381 1139/4414/2351 1146/4427/2363
f 75/4428/2335 85/4429/2391 73/4430/2392
f 115/4422/2387 112/4099/2224 77/4267/2307
f 67/4208/2277 87/4431/2385 89/4378/2360
f 1277/4363/2287 1195/4432/2393 1194/4433/2276
f 1875/4332/2229 1878/4434/2297 1441/4330/2318
f 1277/4363/2287 1150/4418/2384 1195/4432/2393
f 250/4435/2394 244/4245/2280 243/4188/2267
f 1151/4419/2374 1185/4411/2380 1154/4436/2395
f 1184/4437/2362 1151/4438/2374 1154/4439/2395
f 1184/4437/2362 1155/4440/2396 1137/4441/2342
f 3047/4266/2017 2464/4338/2341 2463/4311/2329
f 1316/4239/2292 1192/4366/2352 1312/4114/2230
f 43/4442/2196 80/4443/2397 81/4444/2398
f 1185/4445/2380 1156/4446/2383 1157/4447/2399
f 1144/4413/2381 1146/4427/2363 1159/4448/2400
f 1339/4449/2354 1336/4450/2319 1879/4451/2327
f 1158/4452/2401 1156/4446/2383 1153/4425/2357
f 245/4263/2305 251/4453/2402 243/4188/2267
f 1138/4454/2350 1159/4455/2400 1146/4456/2363
f 1148/4384/2365 1160/4457/2403 1161/4458/2371
f 1149/4412/2369 1163/4408/2379 1152/4424/2389
f 1325/4136/2239 1326/4138/2177 1341/4401/2376
f 252/4459/2404 249/4400/2375 107/4190/1896
f 86/4460/2244 94/4461/2405 82/4462/2406
f 1445/4415/2343 1440/4315/2331 1447/4426/2390
f 1138/4454/2350 1162/4463/2407 1159/4455/2400
f 2389/4464/2408 2383/4080/2216 2387/4302/2324
f 247/4337/2340 246/4336/2285 253/4465/2409
f 1137/4441/2342 1150/4418/2384 1141/4365/2337
f 1152/4424/2389 1158/4452/2401 1153/4425/2357
f 77/4339/2307 86/4146/2244 82/4466/2406
f 1137/4441/2342 1155/4440/2396 1150/4418/2384
f 78/4416/2382 70/4221/2282 83/4467/2410
f 101/4468/2134 84/4469/2411 64/4323/2253
f 1132/4347/2321 1187/4349/2344 1190/4470/2412
f 2390/4471/2413 2374/3831/2076 2385/4184/2264
f 1138/4454/2350 1189/4472/2414 1162/4463/2407
f 75/4321/2335 74/4320/2334 85/4473/2391
f 1424/3697/1998 1361/4474/2317 1423/3662/1973
f 1185/4411/2380 1186/4475/2415 1154/4436/2395
f 2381/4011/2175 2371/3764/2036 2382/4039/2194
f 1441/4476/2318 1878/4477/2297 1879/4478/2327
f 74/4327/2334 88/4379/2361 120/4479/2416
f 1338/4340/2339 1334/4480/2316 1473/4481/2417
f 1160/4457/2403 1163/4482/2379 1161/4458/2371
f 252/4459/2404 107/4190/1896 113/4126/2235
f 2918/4113/2165 2410/4303/2325 2411/4483/2418
f 1156/4446/2383 1158/4452/2401 1157/4447/2399
f 1132/4347/2321 1190/4470/2412 1138/4484/2350
f 1184/4437/2362 1164/4485/2419 1155/4440/2396
f 1316/4239/2292 1191/4486/2420 1192/4366/2352
f 122/4021/2181 253/4487/2409 246/4225/2285
f 115/4422/2387 77/4267/2307 82/4462/2406
f 93/4488/2421 86/4489/2421 73/4490/2421
f 800/4107/2227 805/4491/2422 801/4108/2228
f 1444/4410/2377 1360/4038/2193 1433/4213/2279
f 87/4492/2385 88/4493/2361 89/4494/2360
f 1154/4439/2395 1164/4485/2419 1184/4437/2362
f 2386/4201/2273 2388/4367/2353 2384/4147/2245
f 1148/4384/2365 1144/4383/2364 1165/4495/2423
f 1144/4496/2424 1159/4497/2424 1166/4498/2424
f 1411/4121/2233 1362/4499/1932 1423/4500/1973
f 2389/4464/2408 2391/4501/2425 2383/4080/2216
f 1157/4447/2399 1186/4502/2415 1185/4445/2380
f 262/4503/2426 88/4493/2361 87/4492/2385
f 88/4504/2361 262/4505/2426 90/4506/2427
f 1102/4354/2234 1100/4181/1994 1101/3672/1980
f 93/4507/2428 73/4430/2392 85/4429/2391
f 1333/4280/2313 1342/4508/2429 1332/4247/2294
f 248/4396/2372 158/4509/2430 238/4087/2218
f 1473/4481/2417 1447/4426/2390 1443/4386/2366
f 1316/4239/2292 1194/4238/2276 1191/4486/2420
f 83/4467/2410 87/4420/2385 78/4416/2382
f 85/4473/2391 74/4320/2334 93/4510/2428
f 1189/4511/2414 1138/4512/2350 1190/4513/2412
f 1878/4252/2297 1877/4251/2296 1881/4514/2431
f 2391/4501/2425 2382/4039/2194 2383/4080/2216
f 1164/4485/2419 1154/4439/2395 1168/4515/2432
f 1163/4482/2379 1160/4457/2403 1152/4516/2389
f 120/4479/2416 88/4379/2361 90/4517/2427
f 1105/4518/2310 1002/4236/2217 1099/4235/2291
f 1446/4519/2373 1445/4520/2343 1447/4521/2390
f 2390/4471/2413 2385/4184/2264 2381/4011/2175
f 76/4322/2336 91/4522/2433 70/4221/2282
f 1158/4452/2401 1167/4523/2434 1157/4447/2399
f 113/4126/2235 247/4337/2340 252/4459/2404
f 1196/4524/2435 1159/4455/2400 1162/4463/2407
f 70/4221/2282 91/4522/2433 83/4467/2410
f 74/4320/2334 120/4525/2416 93/4510/2428
f 2409/4193/2255 2412/4526/2436 2408/4145/2243
f 1154/4527/2395 1186/4502/2415 1168/4528/2432
f 2458/4199/2208 2465/4529/2437 2459/4200/2272
f 1195/4432/2393 1150/4418/2384 1169/4530/2438
f 1148/4384/2365 1165/4495/2423 1170/4531/2439
f 802/4223/2283 804/4405/2378 806/4532/2440
f 1144/4383/2364 1166/4533/2441 1165/4495/2423
f 802/4223/2283 807/4534/2442 798/4014/2178
f 158/4509/2430 248/4396/2372 254/4535/2443
f 1446/4404/2373 1448/4536/2444 1444/4402/2377
f 1150/4418/2384 1155/4440/2396 1169/4530/2438
f 802/4223/2283 806/4532/2440 807/4534/2442
f 799/4089/2219 808/4537/2445 803/4393/2370
f 1191/4538/2420 1358/4539/2446 1192/4540/2352
f 87/4420/2385 83/4467/2410 262/4541/2426
f 1148/4384/2365 1170/4531/2439 1160/4457/2403
f 2387/4302/2324 2388/4367/2353 2389/4464/2408
f 1193/4542/2447 1189/4511/2414 1190/4513/2412
f 2465/4529/2437 2458/4199/2208 2461/4253/2298
f 90/4543/2448 262/4544/2448 92/4545/2448
f 93/4546/2449 94/4547/2449 86/4548/2449
f 158/4549/2450 255/4550/2450 238/4551/2450
f 2410/4303/2325 2408/4145/2243 2412/4526/2436
f 1411/4121/2233 1101/4123/1980 1362/4499/1932
f 2391/4501/2425 2389/4464/2408 2392/4552/2451
f 802/4223/2283 795/3896/2113 804/4405/2378
f 1152/4516/2389 1160/4457/2403 1171/4553/2452
f 1158/4452/2401 1172/4554/2453 1167/4523/2434
f 2455/4059/2205 3053/4058/2162 2466/4555/2454
f 1447/4521/2390 1448/4556/2444 1446/4519/2373
f 114/4312/2330 112/4099/2224 115/4422/2387
f 1878/4477/2297 1449/4557/2455 1879/4478/2327
f 1152/4424/2389 1172/4554/2453 1158/4452/2401
f 2393/4558/2456 2409/4164/2255 2374/3831/2076
f 1174/4559/2457 1189/4511/2414 1193/4542/2447
f 115/4422/2387 82/4462/2406 117/4560/2458
f 2918/4218/2165 2411/4561/2418 3005/4219/2148
f 2466/4555/2454 3053/4058/2162 2463/4311/2329
f 2391/4501/2425 2394/4562/2459 2390/4471/2413
f 1449/4563/2455 1357/4564/2338 1339/4449/2354
f 1449/4563/2455 1339/4449/2354 1879/4451/2327
f 114/4312/2330 118/4565/2460 122/4021/2181
f 1189/4511/2414 1174/4559/2457 1162/4566/2407
f 1160/4457/2403 1170/4531/2439 1171/4553/2452
f 250/4435/2394 243/4188/2267 251/4453/2402
f 252/4459/2404 256/4567/2461 249/4400/2375
f 1186/4502/2415 1157/4447/2399 1173/4568/2462
f 804/4405/2378 801/4108/2228 809/4569/2463
f 1310/4570/2203 1311/4391/2209 1188/4571/2367
f 1191/4538/2420 1194/4572/2276 1195/4573/2393
f 1361/4288/2317 1360/4287/2193 1367/4574/2464
f 1339/4449/2354 1357/4564/2338 1340/4575/2355
f 83/4467/2410 91/4522/2433 262/4541/2426
f 1411/4121/2233 1423/4500/1973 1361/4288/2317
f 1152/4516/2389 1171/4553/2452 1172/4554/2453
f 1357/4341/2338 1452/4576/2465 1333/4280/2313
f 253/4577/2409 122/4578/2181 118/4579/2460
f 1880/4580/2466 1877/3164/1716 1928/3163/1033
f 1360/4581/2193 1444/4582/2377 1363/4583/2467
f 90/4517/2427 262/4584/2468 120/4479/2416
f 1103/4585/2469 1099/4586/2291 1094/4587/2176
f 1104/4588/2470 1105/4589/2310 1099/4586/2291
f 1473/4481/2417 1443/4386/2366 1338/4340/2339
f 251/4453/2402 245/4263/2305 256/4567/2461
f 1191/4538/2420 1195/4573/2393 1169/4590/2438
f 1168/4528/2432 1186/4502/2415 1175/4591/2471
f 1188/4571/2367 1311/4391/2209 1456/4390/2368
f 2382/4039/2194 2390/4471/2413 2381/4011/2175
f 3005/4219/2148 2411/4561/2418 2417/4592/2472
f 249/4400/2375 256/4567/2461 245/4263/2305
f 800/4593/2227 255/4594/2359 805/4595/2422
f 1452/4576/2465 1342/4508/2429 1333/4280/2313
f 1162/4463/2407 1174/4596/2457 1196/4524/2435
f 1159/4455/2400 1196/4524/2435 1166/4597/2441
f 1332/4389/2294 1342/4598/2429 1456/4390/2368
f 248/4599/2372 244/4245/2280 160/4600/2473
f 120/4601/2474 262/4602/2474 119/4603/2474
f 252/4459/2404 257/4604/2475 256/4567/2461
f 257/4604/2475 252/4459/2404 247/4337/2340
f 2388/4367/2353 2395/4605/2476 2389/4464/2408
f 1165/4495/2423 1201/4606/2477 1170/4531/2439
f 1186/4502/2415 1173/4568/2462 1175/4591/2471
f 1099/4586/2291 1103/4585/2469 1104/4588/2470
f 1164/4485/2419 1168/4515/2432 1175/4607/2471
f 1165/4495/2423 1166/4533/2441 1201/4606/2477
f 93/4608/2478 120/4609/2478 119/4610/2478
f 798/4014/2178 2040/4611/2479 799/4089/2219
f 1172/4554/2453 1176/4612/2480 1167/4523/2434
f 1449/4563/2455 1450/4613/2481 1357/4564/2338
f 1167/4523/2434 1173/4568/2462 1157/4447/2399
f 210/4614/2482 158/4615/2482 254/4616/2482
f 1164/4485/2419 1175/4607/2471 1177/4617/2483
f 1334/4285/2316 1343/4618/2484 1344/4619/2485
f 1178/4620/2486 1175/4591/2471 1173/4568/2462
f 1169/4530/2438 1155/4440/2396 1164/4485/2419
f 1367/4574/2464 1411/4121/2233 1361/4288/2317
f 1447/4521/2390 1471/4621/2487 1448/4556/2444
f 1471/4621/2487 1447/4521/2390 1451/4622/2488
f 1170/4531/2439 1201/4606/2477 1171/4553/2452
f 1187/4349/2344 1214/4623/2489 1190/4470/2412
f 253/4577/2409 118/4579/2460 123/4624/2490
f 2393/4625/2456 2412/4526/2436 2409/4193/2255
f 1171/4553/2452 1179/4626/2491 1172/4554/2453
f 1364/4627/2492 1444/4402/2377 1471/4628/2487
f 158/4629/2493 210/4630/2494 255/4594/2359
f 1444/4402/2377 1448/4536/2444 1471/4628/2487
f 2040/4611/2479 808/4537/2445 799/4089/2219
f 1196/4631/2435 1174/4559/2457 1180/4632/2495
f 1341/4401/2376 1343/4618/2484 1334/4285/2316
f 1179/4626/2491 1176/4612/2480 1172/4554/2453
f 807/4534/2442 810/4633/2496 798/4014/2178
f 1180/4634/2495 1166/4597/2441 1196/4524/2435
f 2454/4635/2173 2472/4636/2497 2467/4637/1929
f 114/4312/2330 116/4423/2388 126/4638/2498
f 3052/4342/2118 2459/4200/2272 2468/4639/2499
f 801/4108/2228 811/4640/2500 809/4569/2463
f 1169/4530/2438 1164/4485/2419 1177/4641/2483
f 1105/4589/2310 97/4642/2501 96/4643/2274
f 1197/4644/2502 1191/4538/2420 1169/4590/2438
f 1357/4564/2338 1450/4613/2481 1452/4645/2465
f 1166/4597/2441 1180/4634/2495 1201/4646/2477
f 1167/4523/2434 1181/4647/2503 1173/4568/2462
f 2411/4483/2418 2410/4303/2325 2413/4648/2504
f 82/4462/2406 94/4461/2405 117/4560/2458
f 2388/4367/2353 2386/4201/2273 2395/4605/2476
f 2454/4006/2173 2455/4059/2205 2469/4649/2505
f 1363/4583/2467 1444/4582/2377 1364/4650/2492
f 2391/4501/2425 2390/4471/2413 2382/4039/2194
f 2390/4471/2413 2393/4558/2456 2374/3831/2076
f 117/4560/2458 116/4423/2388 115/4422/2387
f 261/4651/2506 119/4652/2507 262/4653/2426
f 1193/4542/2447 1198/4654/2508 1174/4559/2457
f 253/4465/2409 124/4655/2509 247/4337/2340
f 2386/4201/2273 803/4395/2370 2396/4656/2510
f 121/4657/2511 93/4658/2512 119/4659/2507
f 1365/4660/2513 1360/4581/2193 1363/4583/2467
f 124/4655/2509 257/4604/2475 247/4337/2340
f 258/4661/2514 256/4567/2461 257/4604/2475
f 2393/4558/2456 2390/4471/2413 2420/4662/2515
f 2464/4338/2341 2462/4265/2306 2470/4663/2516
f 1878/4477/2297 1881/4664/2431 1882/4665/2517
f 251/4453/2402 256/4567/2461 258/4661/2514
f 1169/4590/2438 1177/4666/2483 1199/4667/2518
f 1344/4668/2485 1473/4481/2417 1334/4480/2316
f 210/4669/2494 254/4670/2519 165/4671/2520
f 1174/4559/2457 1200/4672/2521 1180/4632/2495
f 1411/4121/2233 1367/4574/2464 1366/4673/2522
f 1171/4553/2452 1201/4606/2477 1179/4626/2491
f 94/4461/2405 93/4658/2512 121/4657/2511
f 95/4674/2523 261/4651/2506 262/4653/2426
f 1473/4481/2417 1472/4675/2524 1447/4426/2390
f 1360/4581/2193 1365/4660/2513 1367/4676/2464
f 1106/4677/2525 1104/4588/2470 1103/4585/2469
f 2396/4656/2510 808/4678/2445 820/4679/2526
f 119/4652/2507 261/4651/2506 121/4680/2511
f 81/4444/2398 101/4468/2134 43/4442/2196
f 1181/4647/2503 1167/4523/2434 1176/4612/2480
f 1107/4681/2527 1094/4587/2176 1100/4181/1994
f 798/4014/2178 810/4633/2496 2040/4611/2479
f 79/4421/2386 264/4682/2528 76/4322/2336
f 2973/4205/301 2218/4204/2275 2205/4683/2529
f 95/4684/2523 262/4541/2426 91/4522/2433
f 124/4685/2509 253/4577/2409 123/4624/2490
f 1193/4542/2447 1190/4513/2412 1198/4686/2508
f 1198/4686/2508 1190/4513/2412 1214/4687/2489
f 1174/4559/2457 1198/4654/2508 1208/4688/2530
f 2412/4526/2436 2393/4625/2456 2414/4689/2531
f 2468/4639/2499 2462/4265/2306 3052/4342/2118
f 1177/4690/2483 1175/4691/2471 1178/4692/2486
f 2413/4648/2504 2410/4303/2325 2412/4526/2436
f 1181/4647/2503 1178/4693/2486 1173/4568/2462
f 125/4694/2532 123/4624/2490 118/4579/2460
f 1877/4695/2533 1882/4696/2533 1881/4697/2533
f 3005/4219/2148 2471/4698/2534 2461/4253/2298
f 1180/4632/2495 1200/4672/2521 1201/4699/2477
f 1341/4401/2376 1459/4700/2535 1343/4618/2484
f 1201/4606/2477 1204/4701/2536 1179/4626/2491
f 1169/4590/2438 1199/4667/2518 1197/4644/2502
f 1214/4623/2489 1187/4349/2344 1188/4387/2367
f 1878/4477/2297 1450/4702/2481 1449/4557/2455
f 79/4421/2386 64/4323/2253 84/4469/2411
f 1174/4559/2457 1208/4688/2530 1200/4672/2521
f 1182/4703/2537 1181/4647/2503 1176/4612/2480
f 1341/4401/2376 1192/4409/2352 1459/4700/2535
f 1472/4704/2524 1451/4622/2488 1447/4521/2390
f 118/4579/2460 126/4705/2498 125/4694/2532
f 1182/4703/2537 1178/4693/2486 1181/4647/2503
f 1177/4690/2483 1178/4692/2486 1183/4706/2538
f 138/4707/2539 123/4624/2490 125/4694/2532
f 806/4532/2440 810/4633/2496 807/4534/2442
f 1103/4585/2469 1094/4587/2176 1107/4681/2527
f 94/4461/2405 121/4657/2511 117/4560/2458
f 2466/4555/2454 2463/4311/2329 2464/4338/2341
f 2412/4526/2436 2415/4708/2540 2413/4648/2504
f 129/4709/2541 128/4710/2542 127/4711/2543
f 1202/4712/2544 1201/4699/2477 1200/4672/2521
f 129/4713/2541 166/4714/2545 132/4715/2546
f 129/4716/2541 131/4717/2547 128/4718/2542
f 1204/4701/2536 1176/4612/2480 1179/4626/2491
f 129/4713/2541 132/4715/2546 131/4719/2547
f 2469/4649/2505 2455/4059/2205 2466/4555/2454
f 159/4720/2548 254/4721/2443 248/4722/2372
f 1191/4538/2420 1197/4644/2502 1358/4539/2446
f 806/4532/2440 812/4723/2549 810/4633/2496
f 95/4684/2523 91/4522/2433 264/4682/2528
f 129/4724/2541 127/4725/2543 166/4726/2545
f 80/4443/2397 43/4442/2196 96/4727/2274
f 259/4728/2550 251/4453/2402 258/4661/2514
f 126/4638/2498 118/4565/2460 114/4312/2330
f 139/4729/2551 124/4685/2509 123/4624/2490
f 96/4727/2274 97/4730/2501 80/4443/2397
f 1342/4731/2429 1452/4645/2465 1450/4613/2481
f 159/4720/2548 248/4722/2372 160/4732/2473
f 2461/4253/2298 2471/4698/2534 2465/4529/2437
f 267/4733/2552 255/4594/2359 210/4630/2494
f 1178/4692/2486 1182/4734/2537 1183/4706/2538
f 117/4560/2458 265/4735/2553 116/4423/2388
f 1192/4409/2352 1358/4736/2446 1345/4737/2554
f 1176/4612/2480 1204/4701/2536 1182/4703/2537
f 267/4738/2552 210/4669/2494 165/4671/2520
f 1201/4606/2477 1202/4739/2544 1204/4701/2536
f 161/4740/2555 162/4741/2556 160/4732/2473
f 131/4717/2547 134/4742/2557 128/4718/2542
f 1453/4743/2558 1473/4481/2417 1344/4668/2485
f 2395/4605/2476 2392/4552/2451 2389/4464/2408
f 1368/4744/2559 1364/4650/2492 1471/4745/2487
f 1100/4181/1994 1376/4355/2346 1108/4746/2560
f 2472/4747/2497 2454/4006/2173 2469/4649/2505
f 128/4710/2542 133/4748/2561 127/4711/2543
f 1471/4745/2487 1451/4749/2488 1368/4744/2559
f 2973/4205/301 2205/4683/2529 2203/4750/2562
f 1203/4751/2563 1182/4703/2537 1204/4701/2536
f 2473/4752/2564 2459/4200/2272 2465/4529/2437
f 1202/4753/2544 1203/4754/2563 1204/4755/2536
f 251/4453/2402 259/4728/2550 250/4435/2394
f 2470/4663/2516 2462/4265/2306 2474/4756/2565
f 2416/4757/2566 2411/4483/2418 2413/4648/2504
f 161/4758/2555 244/4245/2280 250/4435/2394
f 1183/4759/2538 1182/4760/2537 1205/4761/2567
f 1456/4390/2368 1346/4762/2568 1188/4571/2367
f 1453/4763/2558 1472/4704/2524 1473/4764/2417
f 163/4765/2569 254/4721/2443 159/4720/2548
f 162/4741/2556 164/4766/2570 159/4720/2548
f 127/4725/2543 130/4767/2571 166/4726/2545
f 1198/4686/2508 1214/4687/2489 1346/4768/2568
f 2474/4756/2565 2462/4265/2306 2468/4639/2499
f 95/4674/2523 263/4769/2572 261/4651/2506
f 1100/4181/1994 1108/4746/2560 1107/4681/2527
f 1197/4644/2502 1199/4667/2518 1348/4770/2573
f 1198/4654/2508 1346/4771/2568 1208/4688/2530
f 121/4680/2511 261/4651/2506 263/4769/2572
f 1206/4772/2574 1199/4667/2518 1183/4759/2538
f 1183/4759/2538 1199/4667/2518 1177/4773/2483
f 2417/4774/2472 2411/4483/2418 2416/4757/2566
f 133/4748/2561 130/4775/2571 127/4711/2543
f 1203/4754/2563 1205/4761/2567 1182/4760/2537
f 1450/4702/2481 1878/4477/2297 1882/4665/2517
f 121/4657/2511 265/4735/2553 117/4560/2458
f 811/4640/2500 801/4108/2228 805/4491/2422
f 211/4776/2575 267/4738/2552 165/4671/2520
f 131/4777/2547 132/4778/2546 136/4779/2576
f 160/4732/2473 162/4741/2556 159/4720/2548
f 254/4780/2577 168/4781/2577 208/4782/2577
f 133/4783/2561 128/4784/2542 134/4785/2557
f 2397/4786/2578 2386/4201/2273 2396/4656/2510
f 2396/4656/2510 803/4395/2370 808/4678/2445
f 147/4787/2579 258/4661/2514 257/4604/2475
f 804/4405/2378 813/4788/2580 806/4532/2440
f 1369/4789/2581 1365/4660/2513 1363/4583/2467
f 1472/4704/2524 1453/4763/2558 1454/4790/2582
f 1450/4791/2481 1882/4792/2517 1455/4793/2583
f 1205/4761/2567 1206/4772/2574 1183/4759/2538
f 139/4729/2551 123/4624/2490 138/4707/2539
f 263/4769/2572 95/4674/2523 264/4794/2528
f 1450/4795/2481 1455/4796/2583 1456/4797/2368
f 1931/4798/2584 1930/4799/2584 1880/4800/2584
f 1472/4704/2524 1454/4790/2582 1451/4622/2488
f 1345/4737/2554 1459/4700/2535 1192/4409/2352
f 814/4801/2585 812/4723/2549 806/4532/2440
f 1199/4667/2518 1206/4772/2574 1348/4770/2573
f 1457/4802/2586 1453/4743/2558 1344/4668/2485
f 1456/4390/2368 1347/4803/2587 1346/4762/2568
f 1348/4770/2573 1358/4539/2446 1197/4644/2502
f 208/4804/2588 165/4805/2588 254/4806/2588
f 250/4435/2394 259/4728/2550 260/4807/2589
f 1203/4754/2563 1202/4753/2544 1207/4808/2590
f 136/4809/2576 134/4742/2557 131/4717/2547
f 1205/4761/2567 1203/4754/2563 1207/4808/2590
f 2417/4592/2472 2475/4810/2591 3005/4219/2148
f 147/4787/2579 257/4604/2475 157/4811/2592
f 166/4812/2545 167/4813/2593 132/4814/2546
f 1214/4687/2489 1188/4815/2367 1346/4768/2568
f 1208/4816/2530 1215/4817/2594 1200/4818/2521
f 250/4435/2394 260/4807/2589 161/4758/2555
f 125/4694/2532 126/4705/2498 216/4819/2595
f 1104/4588/2470 1106/4677/2525 1109/4820/2596
f 116/4423/2388 265/4735/2553 126/4638/2498
f 2398/4821/2597 2397/4786/2578 2399/4822/2598
f 1451/4622/2488 1454/4790/2582 1458/4823/2599
f 2397/4786/2578 2398/4821/2597 2395/4605/2476
f 229/4824/2600 216/4819/2595 126/4705/2498
f 815/4825/2601 810/4633/2496 812/4723/2549
f 2973/4249/301 2203/4826/2562 2202/4250/2295
f 1344/4668/2485 1459/4827/2535 1457/4802/2586
f 1930/4828/2602 1877/3164/1716 1880/4580/2466
f 130/4767/2571 150/4829/2603 140/4830/2604
f 1206/4772/2574 1205/4761/2567 1209/4831/2605
f 1459/4700/2535 1344/4619/2485 1343/4618/2484
f 815/4825/2601 812/4723/2549 814/4801/2585
f 811/4640/2500 816/4832/2606 809/4569/2463
f 124/4655/2509 157/4811/2592 257/4604/2475
f 2472/4747/2497 2469/4649/2505 2476/4833/2607
f 2202/4834/2295 2054/4835/2608 2056/4836/2150
f 138/4837/2539 135/4838/2609 136/4839/2576
f 138/4837/2539 143/4840/2610 135/4838/2609
f 134/4841/2611 136/4842/2611 135/4843/2611
f 1104/4588/2470 1109/4820/2596 1105/4589/2310
f 1209/4831/2605 1205/4761/2567 1207/4808/2590
f 137/4844/2612 130/4767/2571 140/4830/2604
f 1109/4820/2596 97/4642/2501 1105/4589/2310
f 1927/4845/2613 1928/4846/1033 2056/4847/2150
f 1200/4818/2521 1215/4817/2594 1202/4848/2544
f 135/4849/2609 155/4850/2614 134/4851/2557
f 81/4444/2398 84/4469/2411 101/4468/2134
f 138/4852/2539 136/4853/2576 139/4854/2551
f 1345/4737/2554 1358/4736/2446 1463/4855/2615
f 1364/4650/2492 1369/4789/2581 1363/4583/2467
f 163/4765/2569 168/4856/2616 254/4721/2443
f 258/4661/2514 147/4787/2579 259/4728/2550
f 167/4813/2593 169/4857/2617 132/4814/2546
f 1368/4744/2559 1451/4749/2488 1458/4858/2599
f 2393/4625/2456 2418/4859/2618 2414/4689/2531
f 150/4860/2603 149/4861/2619 140/4862/2604
f 2397/4786/2578 2395/4605/2476 2386/4201/2273
f 2471/4698/2534 3005/4219/2148 2475/4810/2591
f 132/4863/2546 169/4864/2617 148/4865/2620
f 133/4783/2561 134/4785/2557 155/4866/2614
f 1366/4867/2522 1102/4868/2234 1411/4869/2233
f 121/4680/2511 263/4769/2572 265/4870/2553
f 135/4849/2609 141/4871/2621 155/4850/2614
f 2477/4872/2622 2469/4649/2505 2466/4555/2454
f 1202/4753/2544 1215/4873/2594 1207/4808/2590
f 138/4707/2539 142/4874/2623 143/4875/2610
f 1453/4743/2558 1457/4802/2586 1379/4876/2624
f 2472/4747/2497 2476/4833/2607 2478/4877/2625
f 259/4728/2550 147/4787/2579 171/4878/2626
f 144/4879/2627 140/4862/2604 149/4861/2619
f 140/4830/2604 144/4880/2627 137/4844/2612
f 1358/4881/2446 1348/4882/2573 1463/4883/2615
f 2202/4884/2295 2203/4885/2562 2204/4886/2628
f 138/4707/2539 125/4694/2532 142/4874/2623
f 1209/4831/2605 1348/4770/2573 1206/4772/2574
f 2473/4752/2564 2468/4639/2499 2459/4200/2272
f 166/4726/2545 130/4767/2571 145/4887/2629
f 149/4861/2619 150/4860/2603 146/4888/2630
f 1928/4846/1033 1927/4845/2613 1929/4889/2631
f 809/4569/2463 813/4788/2580 804/4405/2378
f 141/4890/2621 135/4891/2609 143/4875/2610
f 814/4801/2585 806/4532/2440 813/4788/2580
f 820/4892/2632 808/4893/2632 2040/4894/2632
f 137/4844/2612 145/4887/2629 130/4767/2571
f 171/4895/2633 147/4896/2633 157/4897/2633
f 1368/4744/2559 1458/4858/2599 1370/4898/2634
f 124/4685/2509 139/4729/2551 157/4899/2592
f 2466/4555/2454 2479/4900/2635 2477/4872/2622
f 211/4901/2575 213/4902/2636 267/4903/2552
f 817/4904/2637 810/4633/2496 815/4825/2601
f 125/4694/2532 216/4819/2595 142/4874/2623
f 212/4905/2638 211/4776/2575 165/4671/2520
f 142/4874/2623 152/4906/2639 143/4875/2610
f 2394/4562/2459 2391/4501/2425 2392/4552/2451
f 259/4907/2550 170/4908/2640 260/4909/2589
f 815/4825/2601 814/4801/2585 817/4904/2637
f 259/4907/2550 171/4910/2626 170/4908/2640
f 133/4783/2561 155/4866/2614 156/4911/2641
f 132/4778/2546 148/4912/2620 136/4779/2576
f 1102/4868/2234 1366/4867/2522 1371/4913/2642
f 2478/4914/2625 2302/4915/2643 2472/4636/2497
f 2471/4698/2534 2473/4752/2564 2465/4529/2437
f 1210/4916/2644 1207/4808/2590 1215/4873/2594
f 2054/4917/2645 2055/4918/2645 2056/4919/2645
f 1928/4846/1033 1929/4889/2631 1880/4920/2466
f 1366/4867/2522 1372/4921/2646 1371/4913/2642
f 161/4758/2555 160/4600/2473 244/4245/2280
f 136/4853/2576 148/4922/2620 139/4854/2551
f 211/4776/2575 212/4905/2638 213/4923/2636
f 137/4924/2612 144/4925/2627 220/4926/2647
f 805/4595/2422 214/4927/2648 829/4928/2649
f 2479/4900/2635 2466/4555/2454 2464/4338/2341
f 1342/4929/2429 1450/4795/2481 1456/4797/2368
f 1209/4831/2605 1207/4808/2590 1210/4916/2644
f 76/4322/2336 264/4682/2528 91/4522/2433
f 146/4930/2630 142/4931/2623 149/4932/2619
f 1211/4933/2650 1348/4770/2573 1209/4831/2605
f 2400/4934/2651 2420/4662/2515 2390/4471/2413
f 805/4595/2422 255/4594/2359 214/4927/2648
f 1930/4935/2602 1931/4936/2652 1932/4937/2653
f 161/4740/2555 260/4909/2589 172/4938/2654
f 2420/4662/2515 2400/4934/2651 2418/4939/2618
f 169/4864/2617 175/4940/2655 148/4865/2620
f 1368/4744/2559 1373/4941/2656 1364/4650/2492
f 1369/4789/2581 1364/4650/2492 1373/4941/2656
f 156/4942/2657 130/4943/2657 133/4944/2657
f 144/4879/2627 149/4861/2619 154/4945/2658
f 150/4946/2603 130/4947/2571 151/4948/2659
f 142/4931/2623 146/4930/2630 152/4949/2639
f 2205/4950/2529 2204/4886/2628 2203/4885/2562
f 142/4951/2660 153/4952/2660 149/4953/2660
f 150/4946/2603 151/4948/2659 146/4954/2630
f 137/4955/2612 224/4956/2661 145/4957/2629
f 1347/4803/2587 1456/4390/2368 1359/4958/2662
f 2474/4756/2565 2480/4959/2663 2470/4663/2516
f 171/4910/2626 157/4960/2592 139/4961/2551
f 144/4925/2627 217/4962/2664 220/4926/2647
f 2482/4963/2665 2416/4757/2566 2419/4964/2666
f 1211/4933/2650 1209/4831/2605 1210/4916/2644
f 139/4965/2551 148/4966/2620 173/4967/2667
f 229/4968/2600 215/4969/2668 216/4970/2595
f 153/4971/2669 154/4945/2658 149/4861/2619
f 2469/4649/2505 2477/4872/2622 2481/4972/2670
f 2301/4973/2671 2218/4204/2275 2467/4206/1929
f 1459/4827/2535 1350/4974/2672 1457/4802/2586
f 156/4975/2673 151/4948/2659 130/4947/2571
f 818/4976/2674 814/4801/2585 813/4788/2580
f 224/4956/2661 182/4977/2675 145/4957/2629
f 141/4890/2621 143/4875/2610 152/4906/2639
f 2397/4786/2578 2401/4978/2676 2399/4822/2598
f 2055/4979/2677 1927/4845/2613 2056/4847/2150
f 2468/4639/2499 2480/4959/2663 2474/4756/2565
f 1212/4980/2678 1348/4770/2573 1211/4933/2650
f 1213/4981/2679 1215/4817/2594 1346/4982/2568
f 1215/4817/2594 1208/4816/2530 1346/4982/2568
f 1349/4983/2680 1346/4762/2568 1347/4803/2587
f 142/4874/2623 216/4819/2595 153/4984/2681
f 220/4926/2647 224/4985/2661 137/4924/2612
f 820/4679/2526 2401/4978/2676 2396/4656/2510
f 144/4986/2682 154/4987/2682 217/4988/2682
f 1454/4790/2582 1453/4763/2558 1458/4823/2599
f 817/4904/2637 2040/4611/2479 810/4633/2496
f 229/4989/2683 126/4990/2683 265/4991/2683
f 2481/4972/2670 2476/4833/2607 2469/4649/2505
f 1345/4737/2554 1463/4855/2615 1389/4992/2684
f 1370/4898/2634 1373/4941/2656 1368/4744/2559
f 155/4993/2685 141/4994/2685 156/4995/2685
f 146/4930/2630 151/4996/2659 152/4949/2639
f 156/4997/2686 152/4998/2686 151/4999/2686
f 141/5000/2687 152/5001/2687 156/5002/2687
f 154/4945/2658 153/4971/2669 217/5003/2688
f 811/4640/2500 805/4491/2422 829/5004/2649
f 1880/4920/2466 1932/4937/2653 1931/4936/2652
f 1210/4916/2644 1212/4980/2678 1211/4933/2650
f 167/5005/2593 174/5006/2689 169/4864/2617
f 171/4910/2626 139/4961/2551 173/5007/2667
f 162/4741/2556 161/4740/2555 164/4766/2570
f 98/5008/2690 264/4682/2528 79/4421/2386
f 220/4926/2647 217/4962/2664 215/5009/2668
f 1930/4935/2602 1932/4937/2653 1933/5010/2691
f 97/4642/2501 1109/4820/2596 99/5011/2692
f 2395/4605/2476 2402/5012/2693 2392/4552/2451
f 1963/5013/2694 1880/4920/2466 1929/4889/2631
f 1934/5014/2695 1927/4845/2613 1935/5015/2696
f 213/4902/2636 219/5016/2697 267/4903/2552
f 99/5017/2692 80/4443/2397 97/4730/2501
f 1929/4889/2631 1934/5014/2695 1963/5013/2694
f 171/4910/2626 173/5007/2667 170/4908/2640
f 1370/4898/2634 1458/5018/2599 1374/5019/2698
f 260/4909/2589 170/4908/2640 172/4938/2654
f 2472/4636/2497 2302/4915/2643 2467/4637/1929
f 215/4969/2668 153/5020/2681 216/4970/2595
f 2040/4611/2479 817/4904/2637 819/5021/2699
f 217/5022/2700 153/5023/2700 215/5024/2700
f 213/5025/2636 218/5026/2701 219/5027/2697
f 218/5026/2701 213/4923/2636 212/4905/2638
f 2479/4900/2635 2464/4338/2341 2470/4663/2516
f 1371/4913/2642 1375/5028/2702 1102/4868/2234
f 820/5029/2703 2040/4611/2479 821/5030/2704
f 816/4832/2606 813/4788/2580 809/4569/2463
f 224/4985/2661 220/4926/2647 221/5031/2705
f 2202/4834/2295 2210/5032/2706 2054/4835/2608
f 827/5033/2707 814/4801/2585 818/4976/2674
f 2401/4978/2676 2397/4786/2578 2396/4656/2510
f 1110/5034/2708 99/5011/2692 1109/4820/2596
f 1381/5035/2709 1366/4673/2522 1367/4574/2464
f 1350/5036/2672 1459/4700/2535 1345/4737/2554
f 1213/5037/2710 1210/5038/2710 1215/5039/2710
f 813/4788/2580 816/4832/2606 818/4976/2674
f 2480/4959/2663 2479/4900/2635 2470/4663/2516
f 1927/4845/2613 1934/5014/2695 1929/4889/2631
f 175/4940/2655 169/4864/2617 174/5006/2689
f 1102/4868/2234 1375/5028/2702 1376/5040/2346
f 827/5033/2707 822/5041/2711 814/4801/2585
f 1882/5042/2517 1877/3164/1716 1883/5043/2712
f 182/4977/2675 224/4956/2661 226/5044/2713
f 173/4967/2667 148/4966/2620 175/5045/2655
f 2482/5046/2665 2475/4810/2591 2417/4592/2472
f 1365/4660/2513 1377/5047/2714 1367/4676/2464
f 1453/5048/2558 1374/5019/2698 1458/5018/2599
f 267/4733/2552 214/4927/2648 255/4594/2359
f 1366/4867/2522 1381/5049/2709 1372/4921/2646
f 2402/5012/2693 2395/4605/2476 2398/4821/2597
f 1103/4585/2469 1107/4681/2527 1111/5050/2715
f 2392/4552/2451 2402/5012/2693 2394/4562/2459
f 220/5051/2647 219/5052/2697 221/5053/2705
f 2418/4859/2618 2393/4625/2456 2420/5054/2515
f 1213/5055/2679 1346/4762/2568 1349/4983/2680
f 1109/4820/2596 1106/4677/2525 1110/5034/2708
f 2468/4639/2499 2483/5056/2716 2480/4959/2663
f 2471/4698/2534 2475/4810/2591 2484/5057/2717
f 1375/5058/2702 1108/4746/2560 1376/4355/2346
f 84/4469/2411 81/4444/2398 272/5059/2718
f 1880/4920/2466 1963/5013/2694 1932/4937/2653
f 176/5060/2719 172/4938/2654 170/4908/2640
f 1373/4941/2656 1377/5047/2714 1369/4789/2581
f 177/5061/2720 163/4765/2569 159/4720/2548
f 215/5009/2668 219/5016/2697 220/4926/2647
f 811/4640/2500 831/5062/2721 816/4832/2606
f 168/4856/2616 163/4765/2569 178/5063/2722
f 263/4769/2572 264/4794/2528 98/5064/2690
f 172/4938/2654 164/4766/2570 161/4740/2555
f 2414/4689/2531 2415/4708/2540 2412/4526/2436
f 1378/5065/2723 1371/4913/2642 1372/4921/2646
f 817/4904/2637 814/4801/2585 819/5021/2699
f 2206/5066/2724 2202/4884/2295 2204/4886/2628
f 2125/5067/2725 2126/5068/2726 2054/4835/2608
f 2210/5069/2706 2202/4884/2295 2207/5070/2727
f 2204/4886/2628 2205/4950/2529 2208/5071/2728
f 827/5033/2707 818/4976/2674 823/5072/2729
f 208/5073/2730 168/4856/2616 178/5063/2722
f 222/5074/2731 221/5053/2705 219/5052/2697
f 219/5027/2697 218/5026/2701 222/5075/2731
f 223/5076/2732 165/4671/2520 208/5077/2730
f 164/4766/2570 172/4938/2654 179/5078/2733
f 2208/5071/2728 2205/4950/2529 2209/5079/2734
f 180/5080/2735 159/4720/2548 164/4766/2570
f 2054/4835/2608 2210/5032/2706 2125/5067/2725
f 2128/5081/2736 2054/4835/2608 2126/5068/2726
f 2401/5082/2737 820/5083/2737 821/5084/2737
f 167/4813/2593 166/4812/2545 197/5085/2738
f 224/5086/2661 221/5087/2705 226/5088/2713
f 1372/4921/2646 1381/5049/2709 1378/5065/2723
f 2202/4884/2295 2206/5066/2724 2224/5089/2739
f 2484/5057/2717 2473/4752/2564 2471/4698/2534
f 830/5090/2740 811/4640/2500 829/5004/2649
f 174/5006/2689 167/5005/2593 190/5091/2741
f 179/5078/2733 172/4938/2654 176/5060/2719
f 1379/5092/2624 1461/5093/2742 1453/5094/2558
f 1111/5050/2715 1112/5095/2743 1103/4585/2469
f 1103/4585/2469 287/5096/2744 1106/4677/2525
f 219/5016/2697 215/5009/2668 266/5097/2745
f 173/5007/2667 181/5098/2746 170/4908/2640
f 2128/5081/2736 2055/5099/2677 2054/4835/2608
f 2126/5100/2726 2125/5101/2725 2127/5102/2747
f 1457/5103/2748 1350/5104/2748 1382/5105/2748
f 814/4801/2585 822/5041/2711 824/5106/2749
f 1348/4882/2573 1351/5107/2750 1463/4883/2615
f 266/5108/2745 214/5109/2648 267/5110/2552
f 1930/5111/2602 1946/5112/2751 1883/5113/2712
f 2480/4959/2663 2485/5114/2752 2479/4900/2635
f 1389/4992/2684 1350/5036/2672 1345/4737/2554
f 822/5115/2711 827/5116/2707 828/5117/2753
f 1359/4958/2662 1349/4983/2680 1347/4803/2587
f 219/5016/2697 266/5097/2745 267/4903/2552
f 81/4444/2398 80/4443/2397 272/5059/2718
f 2415/4708/2540 2416/4757/2566 2413/4648/2504
f 2209/5118/2754 2205/5119/2754 2218/5120/2754
f 1377/5047/2714 1373/4941/2656 1380/5121/2755
f 1377/5047/2714 1365/4660/2513 1369/4789/2581
f 98/5008/2690 79/4421/2386 84/4469/2411
f 824/5122/2749 822/5115/2711 828/5117/2753
f 1359/5123/2756 1456/5124/2756 1460/5125/2756
f 2125/5101/2725 2134/5126/2757 2127/5102/2747
f 2477/4872/2622 2479/4900/2635 2485/5114/2752
f 2204/4886/2628 2208/5071/2728 2219/5127/2758
f 1453/5094/2558 1461/5093/2742 1374/5019/2698
f 212/4905/2638 222/5075/2731 218/5026/2701
f 2302/5128/2643 2476/4833/2607 2303/5129/2759
f 229/5130/2600 268/5131/2760 215/5132/2668
f 831/5062/2721 811/4640/2500 830/5090/2740
f 214/5109/2648 833/5133/2761 829/5134/2649
f 269/5135/2762 263/4769/2572 98/5064/2690
f 828/5117/2753 827/5116/2707 823/5136/2729
f 829/5137/2649 275/5138/2763 830/5139/2740
f 2128/5140/2736 2126/5100/2726 2129/5141/2764
f 2302/5128/2643 2478/4877/2625 2476/4833/2607
f 84/4469/2411 272/5059/2718 98/5008/2690
f 180/5080/2735 177/5061/2720 159/4720/2548
f 1935/5015/2696 1927/4845/2613 2055/4979/2677
f 2224/5089/2739 2207/5070/2727 2202/4884/2295
f 2130/5142/2765 2128/5081/2736 2131/5143/2766
f 2483/5056/2716 2486/5144/2767 2480/4959/2663
f 2210/5145/2706 2134/5126/2757 2125/5101/2725
f 1930/4828/2602 1883/5043/2712 1877/3164/1716
f 2209/5079/2734 2219/5146/2758 2208/5071/2728
f 226/5044/2713 225/5147/2768 182/4977/2675
f 145/5148/2629 182/5149/2675 197/5085/2738
f 269/5135/2762 265/4870/2553 263/4769/2572
f 2129/5141/2764 2132/5150/2769 2128/5140/2736
f 226/5088/2713 221/5087/2705 230/5151/2770
f 1110/5034/2708 1113/5152/2771 99/5011/2692
f 819/5021/2699 814/4801/2585 824/5106/2749
f 1964/5153/2772 1963/5013/2694 1934/5014/2695
f 173/4967/2667 175/5045/2655 181/5154/2746
f 1359/5155/2662 1460/5156/2773 1887/5157/2774
f 2212/5158/2775 2211/5159/2776 2221/5160/2777
f 80/4443/2397 99/5017/2692 100/5161/2778
f 1351/5107/2750 1352/5162/2779 1463/4883/2615
f 2210/5163/2780 2207/5164/2780 2221/5165/2780
f 175/4940/2655 174/5006/2689 183/5166/2781
f 212/4905/2638 165/4671/2520 223/5076/2732
f 831/5167/2721 832/5168/2782 816/5169/2606
f 2126/5100/2726 2127/5102/2747 2129/5141/2764
f 2221/5170/2783 2134/5171/2783 2210/5172/2783
f 2211/5159/2776 2156/5173/2784 2134/5174/2757
f 1964/5153/2772 1934/5014/2695 1936/5175/2785
f 2209/5176/2786 2216/5177/2786 2219/5178/2786
f 2487/5179/2787 2488/5180/2788 2484/5057/2717
f 1351/5107/2750 1348/4882/2573 1212/5181/2678
f 2484/5057/2717 2488/5180/2788 2473/4752/2564
f 226/5182/2789 230/5183/2789 225/5184/2789
f 190/5091/2741 183/5166/2781 174/5006/2689
f 175/5045/2655 183/5185/2781 181/5154/2746
f 2303/5129/2759 2476/4833/2607 2481/4972/2670
f 163/4765/2569 177/5061/2720 178/5063/2722
f 2211/5159/2776 2134/5174/2757 2221/5160/2777
f 2211/5186/2776 2212/5187/2775 2213/5188/2790
f 2221/5189/2777 2214/5190/2791 2212/5187/2775
f 1213/5055/2679 1349/4983/2680 1462/5191/2792
f 212/4905/2638 227/5192/2793 222/5075/2731
f 1457/4802/2586 1461/5193/2742 1379/4876/2624
f 2223/5194/2794 2156/5173/2784 2211/5159/2776
f 2223/5194/2794 2211/5159/2776 2213/5195/2790
f 2483/5056/2716 2468/4639/2499 2473/4752/2564
f 829/5137/2649 833/5196/2761 275/5138/2763
f 2131/5197/2766 2128/5140/2736 2132/5150/2769
f 2218/4204/2275 2301/4973/2671 2323/5198/2795
f 209/5199/2796 182/4977/2675 225/5147/2768
f 181/5098/2746 184/5200/2797 170/4908/2640
f 270/5201/2798 268/5131/2760 229/5130/2600
f 2215/5202/2799 2204/4886/2628 2219/5127/2758
f 2206/5066/2724 2204/4886/2628 2215/5202/2799
f 2209/5203/2800 2217/5204/2800 2216/5205/2800
f 1377/5047/2714 1381/5206/2709 1367/4676/2464
f 2134/5126/2757 2133/5207/2801 2127/5102/2747
f 2303/5129/2759 2481/4972/2670 2306/5208/2802
f 2398/4821/2597 2403/5209/2803 2402/5012/2693
f 1935/5015/2696 1936/5175/2785 1934/5014/2695
f 145/5148/2629 197/5085/2738 166/4812/2545
f 2400/4934/2651 2390/4471/2413 2394/4562/2459
f 2133/5210/2801 2134/5211/2757 2156/5212/2784
f 1212/5181/2678 1210/5213/2644 1352/5162/2779
f 230/5214/2770 221/5215/2705 222/5075/2731
f 2485/5114/2752 2480/4959/2663 2486/5144/2767
f 2217/5216/2804 2209/5217/2804 2218/5218/2804
f 176/5060/2719 170/4908/2640 184/5200/2797
f 1935/5015/2696 2055/4979/2677 2154/5219/2805
f 208/5073/2730 178/5063/2722 223/5220/2732
f 179/5078/2733 185/5221/2806 164/4766/2570
f 1359/4958/2662 1462/5191/2792 1349/4983/2680
f 1212/5181/2678 1352/5162/2779 1351/5107/2750
f 2214/5190/2791 2219/5222/2758 2216/5223/2807
f 164/4766/2570 185/5221/2806 180/5080/2735
f 2220/5224/2808 2221/5225/2808 2207/5226/2808
f 2213/5188/2790 2212/5187/2775 2216/5223/2807
f 176/5060/2719 184/5200/2797 179/5078/2733
f 2224/5089/2739 2220/5227/2809 2207/5070/2727
f 265/4870/2553 270/5201/2798 229/5130/2600
f 824/5122/2749 834/5228/2810 819/5229/2699
f 2214/5190/2791 2221/5189/2777 2220/5230/2809
f 2212/5187/2775 2214/5190/2791 2216/5223/2807
f 2147/5231/2811 2129/5141/2764 2127/5102/2747
f 2219/5232/2758 2214/5190/2791 2215/5233/2799
f 2223/5194/2794 2157/5234/2812 2156/5173/2784
f 209/5235/2796 197/5085/2738 182/5149/2675
f 2135/5236/2813 2131/5197/2766 2132/5150/2769
f 195/5237/2814 212/4905/2638 223/5076/2732
f 2136/5238/2815 2130/5239/2815 2139/5240/2815
f 2130/5241/2765 2137/5242/2816 2139/5243/2817
f 819/5021/2699 821/5030/2704 2040/4611/2479
f 2130/5142/2765 2055/5099/2677 2128/5081/2736
f 2131/5143/2766 2140/5244/2818 2130/5142/2765
f 2213/5188/2790 2222/5245/2819 2223/5246/2794
f 2155/5247/2820 2130/5248/2765 2138/5249/2821
f 1381/5206/2709 1377/5047/2714 1380/5121/2755
f 2136/5250/2822 2138/5251/2822 2130/5252/2822
f 2133/5210/2801 2156/5212/2784 2157/5253/2812
f 1210/5213/2644 1213/5055/2679 1352/5162/2779
f 2220/5230/2809 2224/5254/2739 2214/5190/2791
f 828/5117/2753 835/5255/2823 824/5122/2749
f 1352/5162/2779 1213/5055/2679 1465/5256/2824
f 215/5132/2668 271/5257/2825 266/5108/2745
f 2217/5258/2826 2218/5259/2275 2216/5260/2807
f 2131/5197/2766 2135/5236/2813 2140/5261/2818
f 2139/5262/2817 2137/5263/2816 2144/5264/2827
f 2130/5241/2765 2141/5265/2828 2137/5242/2816
f 2222/5245/2819 2216/5223/2807 2218/5266/2275
f 1373/4941/2656 1370/4898/2634 1374/5019/2698
f 2129/5141/2764 2147/5231/2811 2152/5267/2829
f 2302/5268/2643 2301/4973/2671 2467/4206/1929
f 272/5269/2718 273/5270/2830 98/5064/2690
f 2136/5271/2831 2139/5272/2817 2144/5273/2827
f 212/4905/2638 195/5237/2814 227/5192/2793
f 2140/5274/2818 2135/5275/2813 2130/5241/2765
f 2136/5271/2831 2144/5273/2827 2138/5249/2821
f 824/5122/2749 835/5255/2823 834/5228/2810
f 1456/4797/2368 1455/4796/2583 1460/5276/2773
f 1350/5277/2832 1412/5278/2833 1382/5279/2834
f 1457/5280/2586 1382/5281/2834 1461/5093/2742
f 1111/5050/2715 1107/4681/2527 1108/4746/2560
f 2129/5141/2764 2152/5267/2829 2132/5150/2769
f 2137/5263/2816 2142/5282/2835 2144/5264/2827
f 2222/5245/2819 2213/5188/2790 2216/5223/2807
f 2141/5283/2828 2142/5284/2835 2137/5285/2816
f 2154/5219/2805 1937/5286/2836 1935/5015/2696
f 2214/5190/2791 2206/5287/2724 2215/5233/2799
f 2135/5275/2813 2141/5265/2828 2130/5241/2765
f 177/5061/2720 180/5080/2735 186/5288/2837
f 1383/5289/2838 1388/5290/2839 1381/5049/2709
f 2055/4979/2677 2155/5291/2820 2154/5219/2805
f 2482/4963/2665 2417/4774/2472 2416/4757/2566
f 1384/5292/2840 1373/4941/2656 1374/5019/2698
f 2135/5236/2813 2132/5150/2769 2152/5267/2829
f 2485/5114/2752 2489/5293/2841 2477/4872/2622
f 1938/5294/2842 1933/5010/2691 1932/4937/2653
f 2055/5099/2677 2130/5142/2765 2155/5295/2820
f 265/4870/2553 269/5135/2762 270/5201/2798
f 818/5296/2674 816/5169/2606 832/5168/2782
f 2144/5264/2827 2142/5282/2835 2145/5297/2843
f 1114/5298/2844 1111/5050/2715 1108/4746/2560
f 830/5139/2740 836/5299/2845 831/5167/2721
f 1384/5292/2840 1385/5300/2846 1373/4941/2656
f 830/5139/2740 275/5138/2763 836/5299/2845
f 2214/5190/2791 2224/5254/2739 2206/5287/2724
f 181/5154/2746 183/5185/2781 188/5301/2847
f 1114/5298/2844 1108/4746/2560 1375/5058/2702
f 2223/5194/2794 2222/5302/2819 2157/5234/2812
f 1932/4937/2653 1963/5013/2694 1938/5294/2842
f 2144/5273/2827 2143/5303/2848 2138/5249/2821
f 1935/5015/2696 1937/5286/2836 1936/5175/2785
f 2133/5207/2801 2147/5231/2811 2127/5102/2747
f 225/5147/2768 230/5304/2770 228/5305/2849
f 228/5305/2849 209/5199/2796 225/5147/2768
f 1412/5306/2850 1350/5307/2850 1389/5308/2850
f 2144/5309/2851 2145/5310/2851 2143/5311/2851
f 178/5063/2722 187/5312/2852 223/5220/2732
f 1388/5290/2839 1378/5065/2723 1381/5049/2709
f 1380/5121/2755 1386/5313/2853 1381/5206/2709
f 837/5314/2854 835/5255/2823 828/5117/2753
f 181/5098/2746 188/5315/2847 184/5200/2797
f 1938/5316/2842 1963/5317/2694 1964/5318/2772
f 2303/5319/2759 2301/5320/2671 2302/5321/2643
f 1964/5153/2772 1936/5175/2785 1939/5322/2855
f 2138/5249/2821 2143/5303/2848 2155/5247/2820
f 2145/5297/2843 2142/5282/2835 2146/5323/2856
f 1359/5155/2662 1887/5157/2774 1462/5324/2792
f 271/5257/2825 215/5132/2668 268/5131/2760
f 185/5221/2806 179/5078/2733 189/5325/2857
f 1884/5326/2858 1882/4792/2517 1883/5327/2712
f 197/5085/2738 190/5328/2741 167/4813/2593
f 1383/5329/2838 1387/5330/2859 1388/5331/2839
f 2483/5056/2716 2473/4752/2564 2488/5180/2788
f 1403/5332/2860 1465/5256/2824 1213/5055/2679
f 828/5117/2753 838/5333/2861 837/5314/2854
f 823/5136/2729 886/5334/2862 828/5117/2753
f 1455/4793/2583 1882/4792/2517 1884/5326/2858
f 186/5288/2837 180/5080/2735 185/5221/2806
f 2147/5335/2811 2133/5210/2801 2157/5253/2812
f 819/5229/2699 834/5228/2810 835/5255/2823
f 1386/5313/2853 1383/5329/2838 1381/5206/2709
f 197/5085/2738 209/5235/2796 191/5336/2863
f 1892/5337/2864 1883/5113/2712 1946/5112/2751
f 1930/5338/2602 1933/5339/2691 1885/5340/2865
f 2157/5234/2812 2222/5302/2819 2080/5341/2866
f 1938/5316/2842 1964/5318/2772 1940/5342/2867
f 839/5343/2868 838/5333/2861 828/5117/2753
f 2415/4708/2540 2419/4964/2666 2416/4757/2566
f 1374/5019/2698 1461/5093/2742 1382/5281/2834
f 1462/5191/2792 1403/5332/2860 1213/5055/2679
f 1113/5344/2771 100/5161/2778 99/5017/2692
f 2149/5345/2869 2141/5283/2828 2135/5346/2813
f 2147/5231/2811 2157/5347/2812 2152/5267/2829
f 183/5348/2781 190/5328/2741 192/5349/2870
f 1464/5350/2871 1412/5351/2871 1389/5352/2871
f 188/5301/2847 183/5185/2781 192/5353/2870
f 1946/5112/2751 1930/5111/2602 1885/5354/2865
f 2142/5284/2835 2141/5283/2828 2149/5345/2869
f 837/5314/2854 838/5333/2861 840/5355/2872
f 1390/5356/2873 1386/5313/2853 1380/5121/2755
f 2418/4859/2618 2421/5357/2874 2414/4689/2531
f 186/5288/2837 185/5221/2806 189/5325/2857
f 2146/5323/2856 2063/5358/2875 2145/5297/2843
f 1391/5359/2876 1375/5028/2702 1371/4913/2642
f 178/5063/2722 177/5061/2720 186/5288/2837
f 1391/5359/2876 1371/4913/2642 1378/5065/2723
f 269/5135/2762 98/5064/2690 273/5270/2830
f 839/5343/2868 828/5117/2753 886/5334/2862
f 821/5360/2877 2265/5361/2877 2266/5362/2877
f 2145/5363/2843 2148/5364/2878 2143/5365/2848
f 1941/5366/2879 1964/5153/2772 1942/5367/2880
f 189/5325/2857 179/5078/2733 184/5200/2797
f 1387/5330/2859 1383/5329/2838 1386/5313/2853
f 2146/5323/2856 2142/5282/2835 2149/5368/2869
f 178/5063/2722 193/5369/2881 187/5312/2852
f 1942/5367/2880 1964/5153/2772 1939/5322/2855
f 2148/5370/2878 2155/5247/2820 2143/5303/2848
f 2155/5371/2820 2150/5372/2882 2057/5373/2883
f 1941/5374/2879 1940/5342/2867 1964/5318/2772
f 2135/5236/2813 2152/5267/2829 2149/5375/2869
f 2155/5247/2820 2148/5370/2878 2150/5376/2882
f 100/5161/2778 272/5059/2718 80/4443/2397
f 223/5220/2732 187/5312/2852 194/5377/2884
f 197/5085/2738 192/5349/2870 190/5328/2741
f 286/5378/2885 1391/5359/2876 1378/5065/2723
f 209/5199/2796 228/5305/2849 196/5379/2886
f 194/5377/2884 195/5380/2814 223/5220/2732
f 2231/5381/2887 2225/5382/2888 2229/5383/2889
f 2145/5363/2843 2063/5384/2875 2148/5364/2878
f 1463/5385/2890 1464/5386/2890 1389/5387/2890
f 2150/5372/2882 2060/5388/2891 2057/5373/2883
f 2422/5389/2892 2418/4859/2618 2400/5390/2651
f 2418/4859/2618 2422/5389/2892 2421/5357/2874
f 2490/5391/2893 2485/5114/2752 2486/5144/2767
f 2403/5209/2803 2394/4562/2459 2402/5012/2693
f 835/5255/2823 837/5314/2854 841/5392/2894
f 287/5096/2744 1110/5034/2708 1106/4677/2525
f 178/5063/2722 186/5288/2837 193/5369/2881
f 191/5393/2863 209/5394/2796 196/5395/2886
f 197/5396/2895 198/5397/2895 192/5398/2895
f 1385/5300/2846 1390/5356/2873 1380/5121/2755
f 2148/5370/2878 2151/5399/2896 2150/5376/2882
f 821/5400/2704 819/5229/2699 842/5401/2897
f 204/5402/2898 230/5214/2770 222/5075/2731
f 2146/5323/2856 2149/5368/2869 2062/5403/2899
f 199/5404/2900 195/5380/2814 194/5377/2884
f 818/5296/2674 832/5168/2782 823/5405/2729
f 2157/5406/2812 2070/5407/2901 2152/5408/2829
f 1391/5359/2876 1392/5409/2902 1375/5028/2702
f 1378/5065/2723 1388/5290/2839 286/5378/2885
f 2487/5179/2787 2484/5057/2717 2475/4810/2591
f 843/5410/2903 819/5229/2699 835/5255/2823
f 819/5229/2699 843/5410/2903 844/5411/2904
f 2477/4872/2622 2491/5412/2905 2306/5208/2802
f 230/5304/2770 196/5413/2886 228/5305/2849
f 2266/5414/2906 2401/4978/2676 821/5415/2907
f 191/5336/2863 192/5416/2870 198/5417/2908
f 1933/5339/2691 1938/5316/2842 1885/5340/2865
f 270/5201/2798 269/5135/2762 268/5131/2760
f 2421/5357/2874 2415/4708/2540 2414/4689/2531
f 886/5418/2862 823/5405/2729 845/5419/2909
f 846/5420/2910 832/5168/2782 831/5167/2721
f 2070/5421/2911 2157/5422/2911 2080/5423/2911
f 844/5411/2904 842/5401/2897 819/5229/2699
f 2301/4973/2671 2305/5424/2912 2313/5425/2913
f 2489/5293/2841 2491/5412/2905 2477/4872/2622
f 200/5426/2914 184/5200/2797 188/5315/2847
f 1114/5298/2844 1392/5427/2902 1115/5428/2915
f 272/5269/2718 100/5429/2778 273/5270/2830
f 2060/5388/2891 2068/5430/2916 2057/5373/2883
f 204/5402/2898 222/5075/2731 227/5192/2793
f 847/5431/2917 836/5299/2845 275/5138/2763
f 2415/4708/2540 2423/5432/2918 2419/4964/2666
f 2482/5046/2665 2487/5179/2787 2475/4810/2591
f 2153/5433/2919 2152/5408/2829 2070/5407/2901
f 2149/5375/2869 2152/5267/2829 2062/5434/2899
f 1938/5316/2842 1943/5435/2920 1885/5340/2865
f 2229/5383/2889 2225/5382/2888 2262/5436/2921
f 1382/5281/2834 1384/5292/2840 1374/5019/2698
f 198/5417/2908 197/5085/2738 191/5336/2863
f 1114/5298/2844 1375/5058/2702 1392/5427/2902
f 886/5437/2862 850/5438/2922 839/5343/2868
f 184/5200/2797 200/5439/2914 189/5325/2857
f 199/5404/2900 227/5440/2793 195/5380/2814
f 1939/5322/2855 1936/5175/2785 1937/5286/2836
f 1938/5316/2842 1940/5342/2867 1944/5441/2923
f 841/5392/2894 837/5314/2854 840/5355/2872
f 1385/5300/2846 1380/5121/2755 1373/4941/2656
f 196/5442/2886 230/5214/2770 204/5402/2898
f 2151/5399/2896 2060/5443/2891 2150/5376/2882
f 836/5299/2845 848/5444/2924 831/5167/2721
f 2063/5445/2875 2146/5446/2856 2071/5447/2925
f 849/5448/2926 840/5355/2872 838/5333/2861
f 287/5096/2744 1103/4585/2469 1112/5095/2743
f 2265/5449/2927 821/5450/2704 857/5451/2928
f 274/5452/2929 268/5131/2760 273/5270/2830
f 1948/5453/2930 1892/5337/2864 1946/5112/2751
f 2148/5454/2878 2063/5455/2875 2059/5456/2931
f 200/5439/2914 186/5288/2837 189/5325/2857
f 2151/5457/2896 2078/5458/2932 2060/5459/2891
f 1942/5460/2880 1965/5461/2933 1941/5374/2879
f 275/5462/2763 833/5133/2761 847/5463/2917
f 186/5288/2837 201/5464/2934 193/5369/2881
f 1114/5298/2844 1112/5095/2743 1111/5050/2715
f 2151/5457/2896 2148/5454/2878 2061/5465/2935
f 2262/5436/2921 2228/5466/2936 2229/5383/2889
f 1887/5467/2774 1460/5276/2773 1455/4796/2583
f 850/5468/2922 886/5469/2862 851/5470/2937
f 839/5343/2868 849/5448/2926 838/5333/2861
f 1382/5281/2834 1393/5471/2938 1384/5292/2840
f 1945/5472/2939 1937/5286/2836 2154/5219/2805
f 1465/5256/2824 1463/4883/2615 1352/5162/2779
f 187/5312/2852 193/5369/2881 194/5377/2884
f 2148/5454/2878 2059/5456/2931 2061/5465/2935
f 2061/5465/2935 2078/5458/2932 2151/5457/2896
f 2146/5446/2856 2062/5473/2899 2064/5474/2940
f 1946/5475/2751 1885/5340/2865 1947/5476/2941
f 1943/5435/2920 1938/5316/2842 1944/5441/2923
f 2154/5477/2805 2155/5371/2820 2057/5373/2883
f 2059/5478/2931 2063/5479/2875 2071/5480/2925
f 845/5481/2909 851/5470/2937 886/5469/2862
f 2231/5482/2887 2233/5483/2942 2232/5484/2943
f 841/5392/2894 840/5355/2872 849/5448/2926
f 276/5485/2944 273/5270/2830 100/5429/2778
f 2153/5433/2919 2064/5486/2940 2152/5408/2829
f 836/5299/2845 852/5487/2945 848/5444/2924
f 836/5299/2845 847/5431/2917 852/5487/2945
f 2062/5488/2946 2152/5489/2946 2064/5490/2946
f 2071/5447/2925 2146/5446/2856 2076/5491/2947
f 853/5492/2948 849/5448/2926 839/5343/2868
f 851/5470/2937 854/5493/2949 850/5468/2922
f 850/5438/2922 854/5493/2949 839/5343/2868
f 1887/5157/2774 1891/5494/2950 1462/5324/2792
f 2057/5495/2883 1945/5472/2939 2154/5219/2805
f 193/5369/2881 202/5496/2951 194/5377/2884
f 277/5497/2952 214/5109/2648 266/5108/2745
f 186/5288/2837 200/5439/2914 201/5464/2934
f 2160/5498/2953 2158/5499/2954 2227/5500/2955
f 2162/5501/2956 2057/5502/2883 2068/5503/2916
f 2490/5391/2893 2489/5293/2841 2485/5114/2752
f 200/5426/2914 188/5315/2847 205/5504/2957
f 2262/5436/2921 2161/5505/2958 2228/5466/2936
f 2064/5474/2940 2065/5506/2959 2076/5491/2947
f 2071/5507/2960 2076/5508/2960 2072/5509/2960
f 2071/5480/2925 2066/5510/2961 2059/5478/2931
f 203/5511/2962 204/5512/2898 227/5440/2793
f 1118/5513/2963 1392/5409/2902 1391/5359/2876
f 1388/5331/2839 1387/5330/2859 1394/5514/2964
f 2079/5515/2965 2162/5501/2956 2067/5516/2966
f 203/5511/2962 227/5440/2793 199/5404/2900
f 841/5392/2894 843/5410/2903 835/5255/2823
f 2231/5482/2887 2230/5517/2967 2233/5483/2942
f 2225/5518/2888 2231/5519/2887 2226/5520/2968
f 2266/5414/2906 2399/4822/2598 2401/4978/2676
f 2064/5474/2940 2076/5491/2947 2146/5446/2856
f 188/5301/2847 192/5353/2870 205/5521/2957
f 832/5168/2782 845/5419/2909 823/5405/2729
f 2153/5522/2919 2065/5523/2959 2064/5524/2940
f 194/5377/2884 203/5511/2962 199/5404/2900
f 1391/5359/2876 1395/5525/2969 1118/5513/2963
f 2477/4872/2622 2306/5208/2802 2481/4972/2670
f 2159/5526/2970 2222/5527/2819 2218/5528/2275
f 1943/5435/2920 1947/5476/2941 1885/5340/2865
f 2160/5529/2953 2227/5530/2955 2228/5531/2936
f 2226/5520/2968 2231/5519/2887 2232/5532/2943
f 2229/5533/2889 2230/5534/2967 2231/5535/2887
f 2068/5536/2916 2060/5459/2891 2078/5458/2932
f 2059/5478/2931 2066/5510/2961 2061/5537/2935
f 1939/5322/2855 866/5538/2971 1942/5367/2880
f 2069/5539/2972 2153/5522/2919 2070/5540/2901
f 848/5444/2924 846/5420/2910 831/5167/2721
f 204/5512/2898 206/5541/2973 196/5542/2886
f 2071/5480/2925 2073/5543/2974 2066/5510/2961
f 1464/5386/2975 1463/5385/2975 1465/5544/2975
f 1939/5322/2855 1937/5286/2836 1945/5472/2939
f 2091/5545/2976 2222/5302/2819 2159/5546/2970
f 1385/5300/2846 1396/5547/2977 1390/5356/2873
f 203/5511/2962 194/5377/2884 202/5496/2951
f 214/5109/2648 277/5497/2952 833/5133/2761
f 845/5419/2909 855/5548/2978 851/5549/2937
f 2162/5501/2956 2068/5503/2916 2067/5516/2966
f 206/5541/2973 204/5512/2898 203/5511/2962
f 287/5096/2744 1113/5152/2771 1110/5034/2708
f 2080/5341/2866 2222/5302/2819 2091/5545/2976
f 192/5353/2870 191/5393/2863 207/5550/2979
f 2067/5551/2966 2085/5552/2980 2079/5553/2965
f 1412/5278/2833 1393/5554/2938 1382/5279/2834
f 1948/5555/2930 1946/5475/2751 1947/5476/2941
f 201/5464/2934 200/5439/2914 205/5556/2957
f 273/5270/2830 268/5131/2760 269/5135/2762
f 2482/4963/2665 2424/5557/2981 2487/5558/2787
f 196/5395/2886 206/5559/2973 191/5393/2863
f 855/5548/2978 856/5560/2982 851/5549/2937
f 192/5353/2870 207/5550/2979 205/5521/2957
f 2232/5561/2943 2233/5562/2942 2226/5520/2968
f 863/5563/2983 1939/5322/2855 1945/5472/2939
f 1892/5337/2864 1948/5453/2930 1886/5564/2984
f 2071/5565/2985 2072/5566/2985 2073/5567/2985
f 1385/5300/2846 1384/5292/2840 1397/5568/2986
f 2061/5537/2935 2066/5510/2961 2074/5569/2987
f 2394/4562/2459 2404/5570/2988 2400/4934/2651
f 1413/5571/2989 1388/5331/2839 1398/5572/2990
f 2160/5573/2953 2161/5574/2958 2158/5575/2954
f 193/5369/2881 201/5464/2934 202/5496/2951
f 1112/5095/2743 1114/5298/2844 1115/5428/2915
f 2041/5576/2991 2265/5449/2927 857/5451/2928
f 1386/5313/2853 1394/5514/2964 1387/5330/2859
f 1388/5290/2839 1413/5577/2989 286/5378/2885
f 2068/5536/2916 2078/5458/2932 2075/5578/2992
f 1396/5547/2977 1386/5313/2853 1390/5356/2873
f 2076/5579/2947 2082/5580/2993 2072/5581/2994
f 2085/5552/2980 2067/5551/2966 2068/5536/2916
f 2225/5518/2888 2226/5520/2968 2262/5582/2921
f 2073/5543/2974 2077/5583/2995 2066/5510/2961
f 842/5401/2897 844/5411/2904 857/5584/2928
f 2228/5585/2936 2161/5574/2958 2160/5573/2953
f 2266/5414/2906 2265/5586/2927 2268/5587/2996
f 278/5588/2997 268/5131/2760 274/5452/2929
f 1395/5525/2969 1391/5359/2876 286/5378/2885
f 1887/5589/2774 1888/5590/2998 1466/5591/2999
f 1386/5313/2853 1399/5592/3000 1394/5514/2964
f 2399/4822/2598 2403/5209/2803 2398/4821/2597
f 2164/5593/3001 2167/5594/3002 2161/5574/2958
f 1942/5367/2880 866/5538/2971 1965/5595/2933
f 274/5452/2929 273/5270/2830 276/5485/2944
f 1412/5596/2833 1464/5597/3003 1393/5471/2938
f 866/5538/2971 1951/5598/3004 1965/5595/2933
f 2227/5530/2955 2229/5533/2889 2228/5531/2936
f 2074/5569/2987 2066/5510/2961 2077/5583/2995
f 1396/5547/2977 1385/5300/2846 1397/5568/2986
f 203/5511/2962 202/5496/2951 206/5541/2973
f 1113/5599/2771 279/5600/3005 100/5429/2778
f 839/5343/2868 858/5601/3006 853/5492/2948
f 2489/5293/2841 2490/5391/2893 2492/5602/3007
f 854/5493/2949 858/5601/3006 839/5343/2868
f 2084/5603/3008 2078/5604/2932 2061/5537/2935
f 191/5393/2863 206/5559/2973 207/5550/2979
f 201/5464/2934 205/5556/2957 202/5496/2951
f 2229/5533/2889 2227/5530/2955 2230/5534/2967
f 2165/5605/3009 2057/5502/2883 2162/5501/2956
f 2069/5539/2972 2065/5523/2959 2153/5522/2919
f 2074/5569/2987 2084/5603/3008 2061/5537/2935
f 1945/5606/3010 2057/5607/3010 2165/5608/3010
f 1398/5572/2990 1388/5331/2839 1394/5514/2964
f 202/5496/2951 207/5609/2979 206/5541/2973
f 202/5496/2951 205/5556/2957 207/5609/2979
f 1887/5589/2774 1455/4793/2583 1888/5590/2998
f 2161/5574/2958 2162/5610/2956 2164/5593/3001
f 2167/5594/3002 2158/5575/2954 2161/5574/2958
f 2162/5611/2956 2163/5612/3011 2164/5613/3001
f 2162/5614/2956 2079/5615/2965 2168/5616/3012
f 2486/5144/2767 2483/5056/2716 2493/5617/3013
f 2403/5209/2803 2404/5570/2988 2394/4562/2459
f 853/5492/2948 841/5392/2894 849/5448/2926
f 857/5584/2928 844/5411/2904 843/5410/2903
f 2303/5319/2759 2304/5618/3014 2301/5320/2671
f 1892/5337/2864 1886/5564/2984 1889/5619/3015
f 2423/5432/2918 2415/4708/2540 2425/5620/3016
f 857/5584/2928 843/5410/2903 841/5392/2894
f 2085/5552/2980 2068/5536/2916 2075/5578/2992
f 859/5621/3017 856/5560/2982 855/5548/2978
f 833/5133/2761 277/5497/2952 280/5622/3018
f 1466/5591/2999 1890/5623/3019 1891/5624/2950
f 821/5400/2704 842/5401/2897 857/5584/2928
f 1941/5374/2879 1949/5625/3020 1940/5342/2867
f 280/5622/3018 847/5463/2917 833/5133/2761
f 1466/5626/2999 1891/5494/2950 1887/5157/2774
f 2080/5627/2866 2069/5539/2972 2070/5540/2901
f 2077/5628/2995 2073/5629/2974 2081/5630/3021
f 2168/5616/3012 2163/5631/3011 2162/5614/2956
f 2079/5615/2965 2085/5632/2980 2168/5616/3012
f 279/5600/3005 276/5485/2944 100/5429/2778
f 2266/5414/2906 2403/5209/2803 2399/4822/2598
f 2226/5520/2968 2234/5633/3022 2262/5582/2921
f 1115/5428/2915 1392/5427/2902 1116/5634/3023
f 2074/5635/2987 2077/5636/2995 2084/5637/3008
f 1884/5326/2858 1883/5327/2712 1892/5638/2864
f 866/5538/2971 1939/5322/2855 863/5563/2983
f 1400/5639/3024 1465/5640/2824 1907/5641/3025
f 281/5642/3026 847/5463/2917 280/5622/3018
f 2233/5562/2942 2234/5633/3022 2226/5520/2968
f 860/5643/3027 858/5601/3006 854/5493/2949
f 1884/5326/2858 1892/5638/2864 1889/5644/3015
f 2082/5580/2993 2076/5579/2947 2065/5645/2959
f 1393/5471/2938 1401/5646/3028 1384/5292/2840
f 1896/5647/3029 1947/5476/2941 1943/5435/2920
f 281/5642/3026 852/5648/2945 847/5463/2917
f 851/5470/2937 860/5643/3027 854/5493/2949
f 290/5649/3030 287/5096/2744 1112/5095/2743
f 2082/5650/2993 2065/5523/2959 2069/5539/2972
f 1950/5651/3031 863/5563/2983 1945/5472/2939
f 281/5642/3026 280/5622/3018 282/5652/3032
f 1884/5326/2858 1888/5590/2998 1455/4793/2583
f 2162/5610/2956 2161/5574/2958 2165/5653/3009
f 2083/5654/3033 2084/5637/3008 2077/5636/2995
f 2075/5578/2992 2084/5655/3008 2085/5552/2980
f 1944/5441/2923 1896/5647/3029 1943/5435/2920
f 851/5470/2937 856/5656/2982 861/5657/3034
f 1398/5658/2990 1408/5659/3035 1413/5660/2989
f 266/5108/2745 283/5661/3036 277/5497/2952
f 2073/5662/2974 2072/5663/2994 2081/5630/3021
f 268/5131/2760 284/5664/3037 271/5257/2825
f 853/5492/2948 858/5601/3006 841/5392/2894
f 2236/5665/3038 2235/5666/3039 2166/5667/3040
f 2262/5668/3041 2235/5669/3041 2236/5670/3041
f 1397/5568/2986 1402/5671/3042 1396/5547/2977
f 271/5257/2825 283/5661/3036 266/5108/2745
f 2084/5603/3008 2075/5672/2992 2078/5604/2932
f 293/5673/3043 848/5444/2924 852/5487/2945
f 2085/5674/2980 2086/5675/3044 2168/5676/3012
f 2069/5539/2972 2080/5627/2866 2087/5677/3045
f 2494/5678/3046 2432/5679/3047 2488/5180/2788
f 2161/5574/2958 2262/5680/2921 2236/5665/3038
f 859/5621/3017 862/5681/3048 856/5560/2982
f 1951/5682/3004 1952/5683/3049 1965/5461/2933
f 1941/5374/2879 1965/5461/2933 1952/5683/3049
f 1112/5095/2743 1115/5428/2915 1116/5634/3023
f 2421/5357/2874 2425/5620/3016 2415/4708/2540
f 1413/5660/2989 285/5684/3050 286/5685/2885
f 866/5538/2971 1966/5686/3051 1951/5598/3004
f 2072/5663/2994 2088/5687/3052 2081/5630/3021
f 2266/5414/2906 2268/5587/2996 2429/5688/3053
f 2165/5689/3054 1950/5690/3054 1945/5691/3054
f 1116/5634/3023 1392/5427/2902 1117/5692/3055
f 860/5643/3027 851/5470/2937 861/5657/3034
f 2323/5198/2795 2255/5693/3056 2218/4204/2275
f 2089/5694/3057 2077/5628/2995 2081/5630/3021
f 2080/5627/2866 2090/5695/3058 2087/5677/3045
f 2082/5650/2993 2069/5539/2972 2087/5677/3045
f 2083/5654/3033 2077/5628/2995 2089/5694/3057
f 2167/5696/3002 2164/5613/3001 2246/5697/3059
f 2235/5698/3039 2262/5582/2921 2234/5633/3022
f 2173/5699/3060 2163/5612/3011 2168/5700/3012
f 2237/5701/3061 2236/5665/3038 2166/5667/3040
f 855/5548/2978 845/5419/2909 832/5168/2782
f 277/5497/2952 283/5661/3036 280/5622/3018
f 1954/5702/3062 863/5703/2983 864/5704/3063
f 1950/5705/3031 864/5704/3063 863/5703/2983
f 2080/5627/2866 2091/5706/2976 2090/5695/3058
f 2227/5500/2955 2158/5499/2954 2167/5707/3002
f 2237/5708/3061 2166/5709/3040 2239/5710/3064
f 1948/5555/2930 1947/5476/2941 1896/5647/3029
f 865/5711/3065 1966/5712/3051 866/5713/2971
f 287/5714/2744 288/5715/3066 1113/5599/2771
f 2236/5665/3038 2165/5653/3009 2161/5574/2958
f 857/5584/2928 841/5392/2894 2042/5716/3067
f 1951/5682/3004 1966/5717/3051 1952/5683/3049
f 1953/5718/3068 1940/5342/2867 1949/5625/3020
f 1397/5568/2986 1384/5292/2840 1401/5646/3028
f 2239/5710/3064 2051/5719/3069 2237/5708/3061
f 2168/5676/3012 2086/5675/3044 2173/5720/3060
f 1889/5619/3015 1893/5721/3070 1884/5326/2858
f 1396/5547/2977 1399/5592/3000 1386/5313/2853
f 2230/5534/2967 2240/5722/3071 2233/5723/2942
f 2169/5724/3072 2167/5696/3002 2246/5697/3059
f 2166/5709/3040 2235/5725/3039 2239/5710/3064
f 2097/5726/3073 2072/5581/2994 2082/5580/2993
f 1413/5660/2989 1408/5659/3035 285/5684/3050
f 1891/5624/2950 1890/5623/3019 1894/5727/3074
f 1401/5646/3028 1393/5471/2938 1464/5597/3003
f 1117/5692/3055 1392/5427/2902 1118/5728/2963
f 1954/5729/3062 866/5538/2971 863/5563/2983
f 856/5656/2982 862/5730/3048 861/5657/3034
f 1907/5641/3025 1465/5640/2824 1403/5731/2860
f 290/5649/3030 1112/5095/2743 1116/5634/3023
f 286/5685/2885 285/5684/3050 1405/5732/3075
f 1889/5619/3015 1886/5564/2984 1895/5733/3076
f 2419/4964/2666 2424/5557/2981 2482/4963/2665
f 1113/5599/2771 288/5715/3066 279/5600/3005
f 1401/5646/3028 1404/5734/3077 1397/5568/2986
f 861/5657/3034 867/5735/3078 860/5643/3027
f 2267/5736/3079 2265/5737/2927 2041/5738/2991
f 289/5739/3080 281/5642/3026 282/5652/3032
f 1893/5721/3070 1889/5619/3015 1895/5733/3076
f 288/5715/3066 287/5714/2744 290/5740/3030
f 1954/5702/3062 865/5711/3065 866/5713/2971
f 284/5664/3037 268/5131/2760 291/5741/3081
f 2235/5698/3039 2238/5742/3082 2239/5743/3064
f 2092/5744/3083 2084/5637/3008 2083/5654/3033
f 2201/5745/3084 2165/5653/3009 2236/5665/3038
f 2403/5209/2803 2266/5414/2906 2429/5688/3053
f 284/5664/3037 283/5661/3036 271/5257/2825
f 1465/5640/2824 1400/5639/3024 1464/5597/3003
f 860/5643/3027 868/5746/3085 858/5601/3006
f 2490/5391/2893 2486/5144/2767 2493/5617/3013
f 867/5735/3078 861/5657/3034 862/5730/3048
f 867/5735/3078 862/5730/3048 869/5747/3086
f 868/5746/3085 860/5643/3027 867/5735/3078
f 1949/5625/3020 1941/5374/2879 1952/5683/3049
f 865/5711/3065 870/5748/3087 1966/5712/3051
f 281/5642/3026 289/5739/3080 852/5648/2945
f 1395/5525/2969 286/5378/2885 1405/5749/3075
f 2097/5726/3073 2088/5750/3052 2072/5581/2994
f 2246/5697/3059 2164/5613/3001 2170/5751/3088
f 2085/5552/2980 2084/5655/3008 2093/5752/3089
f 1397/5568/2986 1404/5734/3077 1402/5671/3042
f 1886/5564/2984 1948/5453/2930 1896/5753/3029
f 1394/5514/2964 1399/5592/3000 1902/5754/3090
f 858/5601/3006 2042/5716/3067 841/5392/2894
f 2493/5617/3013 2488/5180/2788 2432/5679/3047
f 1118/5728/2963 1406/5755/3091 1117/5692/3055
f 2404/5756/2988 2403/5757/2803 2406/5758/3092
f 2092/5744/3083 2093/5759/3089 2084/5637/3008
f 2086/5760/3044 2085/5552/2980 2093/5752/3089
f 852/5648/2945 289/5739/3080 292/5761/3093
f 870/5748/3087 1952/5762/3049 1966/5712/3051
f 279/5600/3005 288/5715/3066 276/5485/2944
f 292/5761/3093 878/5763/3094 293/5764/3043
f 852/5648/2945 292/5761/3093 293/5764/3043
f 2201/5765/3084 1950/5766/3031 2165/5767/3009
f 871/5768/3095 869/5747/3086 872/5769/3096
f 1408/5659/3035 292/5761/3093 285/5684/3050
f 288/5715/3066 294/5770/3097 276/5485/2944
f 2233/5562/2942 2240/5771/3071 2241/5772/3098
f 2233/5562/2942 2241/5772/3098 2234/5633/3022
f 292/5761/3093 1408/5659/3035 878/5763/3094
f 1406/5773/3091 1118/5513/2963 1395/5525/2969
f 869/5747/3086 862/5730/3048 872/5769/3096
f 848/5444/2924 293/5673/3043 846/5420/2910
f 1897/5774/3099 1886/5564/2984 1896/5753/3029
f 2094/5775/3100 2081/5630/3021 2088/5687/3052
f 2086/5776/3101 2098/5777/3101 2173/5778/3101
f 2237/5701/3061 2051/5779/3069 2044/5780/3102
f 859/5621/3017 873/5781/3103 862/5681/3048
f 2086/5760/3044 2093/5752/3089 2098/5782/3104
f 2419/4964/2666 2423/5432/2918 2424/5557/2981
f 276/5485/2944 294/5770/3097 274/5452/2929
f 2236/5665/3038 2237/5701/3061 2044/5780/3102
f 292/5761/3093 295/5783/3105 285/5684/3050
f 1940/5342/2867 1955/5784/3106 1944/5441/2923
f 2238/5742/3082 2242/5785/3107 2239/5743/3064
f 2169/5786/3072 2230/5534/2967 2227/5530/2955
f 2234/5633/3022 2238/5742/3082 2235/5698/3039
f 2170/5751/3088 2163/5612/3011 2173/5699/3060
f 1394/5514/2964 1902/5754/3090 1398/5572/2990
f 2083/5654/3033 2089/5694/3057 2123/5787/3108
f 872/5769/3096 870/5748/3087 871/5768/3095
f 1401/5646/3028 1464/5597/3003 1400/5639/3024
f 1950/5766/3031 2201/5765/3084 864/5788/3063
f 280/5622/3018 283/5661/3036 282/5652/3032
f 1406/5755/3091 299/5789/3109 1117/5692/3055
f 1399/5592/3000 1396/5547/2977 1407/5790/3110
f 290/5649/3030 1117/5692/3055 299/5789/3109
f 2240/5771/3071 2243/5791/3111 2241/5772/3098
f 2163/5612/3011 2170/5751/3088 2164/5613/3001
f 2241/5772/3098 2238/5742/3082 2234/5633/3022
f 2265/5737/2927 2267/5736/3079 2268/5792/2996
f 2044/5780/3102 2201/5745/3084 2236/5665/3038
f 2089/5694/3057 2081/5630/3021 2094/5775/3100
f 1952/5683/3049 1953/5718/3068 1949/5625/3020
f 2041/5576/2991 857/5451/2928 2042/5793/3067
f 865/5711/3065 871/5768/3095 870/5748/3087
f 290/5649/3030 1116/5634/3023 1117/5692/3055
f 2098/5782/3104 2093/5752/3089 2096/5794/3112
f 867/5735/3078 869/5747/3086 871/5768/3095
f 2082/5580/2993 2095/5795/3113 2097/5726/3073
f 1405/5749/3075 1406/5773/3091 1395/5525/2969
f 2087/5677/3045 2095/5796/3113 2082/5650/2993
f 2169/5786/3072 2227/5530/2955 2167/5797/3002
f 2173/5798/3114 2098/5799/3115 2171/5800/3116
f 859/5621/3017 855/5548/2978 874/5801/3117
f 2092/5744/3083 2083/5654/3033 2123/5787/3108
f 855/5548/2978 832/5168/2782 874/5801/3117
f 295/5783/3105 292/5761/3093 289/5739/3080
f 870/5748/3087 875/5802/3118 1952/5762/3049
f 2043/5803/3119 2044/5804/3102 2051/5805/3069
f 1888/5590/2998 1884/5326/2858 1898/5806/3120
f 1405/5732/3075 285/5684/3050 296/5807/3121
f 295/5783/3105 296/5807/3121 285/5684/3050
f 1954/5702/3062 2058/5808/3122 865/5711/3065
f 874/5801/3117 832/5168/2782 876/5809/3123
f 868/5746/3085 2042/5716/3067 858/5601/3006
f 2230/5534/2967 2169/5786/3072 2240/5722/3071
f 2238/5742/3082 2241/5772/3098 2174/5810/3124
f 1899/5811/3125 1895/5733/3076 1886/5564/2984
f 2041/5576/2991 2042/5793/3067 2045/5812/3126
f 871/5768/3095 868/5746/3085 867/5735/3078
f 2487/5558/2787 2424/5557/2981 2494/5813/3046
f 2044/5804/3102 2043/5803/3119 2046/5814/3127
f 2087/5677/3045 2100/5815/3128 2095/5796/3113
f 2093/5816/3089 2092/5817/3083 2096/5818/3112
f 2089/5694/3057 2094/5775/3100 2123/5787/3108
f 1466/5591/2999 1888/5590/2998 1890/5623/3019
f 865/5711/3065 877/5819/3129 871/5768/3095
f 290/5740/3030 297/5820/3130 288/5715/3066
f 871/5768/3095 877/5819/3129 2047/5821/3131
f 1406/5822/3091 298/5823/3132 299/5824/3109
f 2047/5821/3131 868/5746/3085 871/5768/3095
f 2045/5825/3126 2267/5736/3079 2041/5738/2991
f 846/5420/2910 876/5809/3123 832/5168/2782
f 298/5823/3132 1406/5822/3091 1405/5732/3075
f 2044/5780/3102 2046/5826/3127 2201/5745/3084
f 284/5664/3037 282/5652/3032 283/5661/3036
f 288/5715/3066 297/5820/3130 294/5770/3097
f 2101/5827/3133 2097/5726/3073 2095/5795/3113
f 1398/5572/2990 1902/5754/3090 1408/5828/3035
f 2096/5829/3134 2099/5830/3134 2098/5831/3134
f 290/5740/3030 300/5832/3135 297/5820/3130
f 1888/5590/2998 1898/5806/3120 1890/5623/3019
f 2088/5687/3052 2097/5833/3073 2124/5834/3136
f 2268/5587/2996 2267/5835/3079 2405/5836/3137
f 2047/5821/3131 2042/5716/3067 868/5746/3085
f 2042/5793/3067 2047/5837/3131 2048/5838/3138
f 2177/5839/3139 2098/5840/3139 2099/5841/3139
f 870/5748/3087 872/5769/3096 875/5802/3118
f 1899/5811/3125 1886/5564/2984 1897/5774/3099
f 2058/5808/3122 877/5819/3129 865/5711/3065
f 2090/5695/3058 2091/5842/2976 2105/5843/3140
f 2494/5678/3046 2488/5180/2788 2487/5179/2787
f 2058/5808/3122 1954/5702/3062 864/5704/3063
f 2171/5800/3116 2098/5799/3115 2177/5844/3141
f 2051/5845/3069 2239/5743/3064 2242/5785/3107
f 2088/5687/3052 2124/5834/3136 2094/5775/3100
f 2201/5846/3142 2172/5847/3142 879/5848/3142
f 878/5849/3094 1908/5850/3143 293/5673/3043
f 2087/5677/3045 2090/5695/3058 2104/5851/3144
f 294/5770/3097 297/5820/3130 301/5852/3145
f 296/5807/3121 298/5823/3132 1405/5732/3075
f 2240/5722/3071 2169/5786/3072 2244/5853/3146
f 2101/5854/3133 2095/5796/3113 2109/5855/3147
f 2058/5808/3122 864/5704/3063 879/5856/3148
f 2123/5787/3108 2094/5775/3100 2124/5834/3136
f 2100/5857/3128 2087/5677/3045 2104/5851/3144
f 2095/5796/3113 2100/5815/3128 2109/5855/3147
f 2096/5818/3112 2092/5817/3083 2099/5858/3149
f 1961/5859/3150 862/5681/3048 873/5781/3103
f 2104/5851/3144 2090/5695/3058 2105/5843/3140
f 2201/5765/3084 879/5860/3148 864/5788/3063
f 877/5819/3129 2058/5808/3122 2172/5861/3151
f 1462/5324/2792 1901/5862/3152 1403/5863/2860
f 1884/5326/2858 1893/5721/3070 1898/5806/3120
f 1895/5733/3076 1900/5864/3153 1893/5721/3070
f 282/5652/3032 302/5865/3154 289/5739/3080
f 2240/5771/3071 2245/5866/3155 2243/5791/3111
f 2101/5867/3133 2124/5834/3136 2097/5833/3073
f 877/5819/3129 2172/5861/3151 2047/5821/3131
f 2043/5803/3119 2049/5868/3156 2046/5814/3127
f 289/5739/3080 302/5865/3154 295/5783/3105
f 1908/5850/3143 878/5849/3094 1408/5869/3035
f 879/5870/3157 2172/5871/3157 2058/5872/3157
f 2102/5873/3158 2092/5817/3083 2123/5874/3108
f 2171/5875/3159 2177/5876/3159 2173/5877/3159
f 278/5588/2997 291/5741/3081 268/5131/2760
f 2102/5873/3158 2123/5874/3108 2124/5878/3136
f 2493/5617/3013 2495/5879/3160 2490/5391/2893
f 876/5809/3123 846/5420/2910 293/5673/3043
f 2492/5602/3007 2491/5412/2905 2489/5293/2841
f 2493/5617/3013 2483/5056/2716 2488/5180/2788
f 2304/5618/3014 2305/5880/2912 2301/5320/2671
f 2263/5881/3161 2238/5742/3082 2174/5810/3124
f 2263/5882/3161 2174/5883/3124 2175/5884/3162
f 291/5741/3081 303/5885/3163 284/5664/3037
f 2426/5886/3164 2424/5557/2981 2423/5432/2918
f 274/5452/2929 294/5770/3097 278/5588/2997
f 2042/5793/3067 2050/5887/3165 2045/5812/3126
f 2170/5751/3088 2173/5699/3060 2176/5888/3166
f 282/5652/3032 284/5664/3037 303/5885/3163
f 2102/5873/3158 2099/5858/3149 2092/5817/3083
f 1404/5734/3077 1401/5646/3028 1400/5639/3024
f 1907/5641/3025 1403/5731/2860 1409/5889/3167
f 299/5824/3109 300/5832/3135 290/5740/3030
f 1959/5890/3168 872/5769/3096 1961/5891/3150
f 2103/5892/3169 2124/5878/3136 2101/5893/3133
f 2048/5838/3138 2047/5837/3131 2172/5894/3151
f 304/5895/3170 299/5824/3109 298/5823/3132
f 1902/5754/3090 1399/5592/3000 1407/5790/3110
f 2042/5793/3067 2048/5838/3138 2050/5887/3165
f 305/5896/3171 278/5588/2997 294/5770/3097
f 301/5852/3145 305/5896/3171 294/5770/3097
f 1897/5897/3099 1896/5647/3029 1944/5441/2923
f 1899/5811/3125 1900/5864/3153 1895/5733/3076
f 300/5832/3135 299/5824/3109 304/5895/3170
f 296/5807/3121 306/5898/3172 298/5823/3132
f 301/5852/3145 297/5820/3130 300/5832/3135
f 2048/5838/3138 2172/5894/3151 2201/5899/3084
f 2124/5878/3136 2103/5892/3169 2102/5873/3158
f 2426/5886/3164 2423/5432/2918 2425/5620/3016
f 2177/5900/3173 2099/5901/3149 2107/5902/3174
f 2240/5771/3071 2244/5903/3146 2245/5866/3155
f 2306/5904/2802 2304/5618/3014 2303/5319/2759
f 2269/5905/3175 2049/5906/3156 2270/5907/3176
f 2046/5814/3127 2048/5838/3138 2201/5899/3084
f 2051/5908/3069 2242/5909/3107 2248/5910/3177
f 2101/5911/3133 2109/5912/3147 2103/5913/3169
f 305/5896/3171 291/5741/3081 278/5588/2997
f 2268/5587/2996 2405/5836/3137 2429/5688/3053
f 2104/5914/3144 2109/5855/3147 2100/5815/3128
f 2173/5699/3060 2177/5900/3173 2176/5888/3166
f 1944/5441/2923 1955/5784/3106 1897/5897/3099
f 2112/5915/3178 2104/5916/3144 2105/5917/3140
f 2091/5918/3179 2118/5919/3179 2105/5920/3179
f 2051/5908/3069 2248/5910/3177 2049/5921/3156
f 2049/5868/3156 2043/5803/3119 2051/5805/3069
f 2269/5922/3175 2048/5838/3138 2046/5814/3127
f 2103/5913/3169 2106/5923/3180 2102/5873/3158
f 2169/5786/3072 2246/5924/3059 2247/5925/3181
f 2049/5868/3156 2269/5922/3175 2046/5814/3127
f 303/5885/3163 291/5741/3081 305/5896/3171
f 306/5898/3172 296/5807/3121 295/5783/3105
f 306/5898/3172 304/5895/3170 298/5823/3132
f 282/5652/3032 303/5885/3163 302/5865/3154
f 2106/5923/3180 2099/5858/3149 2102/5873/3158
f 1404/5734/3077 1400/5639/3024 1910/5926/3182
f 2247/5927/3181 2246/5697/3059 2170/5751/3088
f 2050/5928/3165 2048/5929/3138 2269/5905/3175
f 2174/5810/3124 2241/5772/3098 2243/5791/3111
f 2177/5900/3173 2107/5902/3174 2176/5888/3166
f 2107/5930/3174 2099/5858/3149 2106/5923/3180
f 304/5895/3170 306/5898/3172 300/5832/3135
f 1910/5926/3182 1410/5931/3183 1402/5671/3042
f 1891/5624/2950 1894/5727/3074 1901/5932/3152
f 2105/5917/3140 2113/5933/3184 2112/5915/3178
f 302/5865/3154 306/5898/3172 295/5783/3105
f 1956/5934/3185 1940/5342/2867 1953/5718/3068
f 1402/5671/3042 1407/5790/3110 1396/5547/2977
f 2104/5916/3144 2112/5915/3178 2108/5935/3186
f 2495/5879/3160 2496/5936/3187 2492/5602/3007
f 2109/5937/3147 2104/5916/3144 2108/5935/3186
f 302/5865/3154 303/5885/3163 306/5898/3172
f 2105/5917/3140 2118/5938/3188 2113/5933/3184
f 305/5896/3171 301/5852/3145 300/5832/3135
f 2110/5939/3189 2103/5913/3169 2109/5912/3147
f 2170/5751/3088 2176/5888/3166 2189/5940/3190
f 306/5898/3172 303/5885/3163 305/5896/3171
f 306/5898/3172 305/5896/3171 300/5832/3135
f 2244/5853/3146 2169/5786/3072 2247/5925/3181
f 1898/5806/3120 1893/5721/3070 1900/5864/3153
f 2109/5937/3147 2108/5935/3186 2111/5941/3191
f 1409/5889/3167 1403/5731/2860 1901/5942/3152
f 2108/5943/3186 2112/5944/3178 2121/5945/3192
f 1957/5946/3193 1955/5784/3106 1956/5934/3185
f 2049/5947/3156 2271/5948/3194 2270/5907/3176
f 2178/5949/3195 2118/5950/3188 2091/5545/2976
f 2106/5923/3180 2103/5913/3169 2110/5939/3189
f 2112/5951/3178 2113/5952/3184 2121/5953/3192
f 1900/5864/3153 1899/5811/3125 1957/5954/3193
f 2109/5937/3147 2111/5941/3191 2110/5955/3189
f 2263/5881/3161 2242/5785/3107 2238/5742/3082
f 2242/5785/3107 2263/5881/3161 2248/5956/3177
f 1899/5811/3125 1897/5774/3099 1957/5954/3193
f 1961/5891/3150 872/5769/3096 862/5730/3048
f 2106/5957/3180 2114/5958/3196 2107/5902/3174
f 2106/5923/3180 2110/5939/3189 2114/5959/3196
f 2091/5545/2976 2159/5546/2970 2178/5949/3195
f 2111/5941/3191 2108/5935/3186 2115/5960/3197
f 1410/5961/3183 1902/5962/3090 1407/5963/3110
f 1900/5864/3153 1903/5964/3198 1898/5806/3120
f 1956/5934/3185 1955/5784/3106 1940/5342/2867
f 2050/5928/3165 2269/5905/3175 2270/5907/3176
f 874/5801/3117 873/5781/3103 859/5621/3017
f 1910/5926/3182 1400/5639/3024 1907/5641/3025
f 2267/5736/3079 2045/5825/3126 2050/5928/3165
f 2121/5945/3192 2115/5965/3197 2108/5943/3186
f 2405/5966/3137 2267/5736/3079 2434/5967/3199
f 2491/5412/2905 2492/5602/3007 2306/5208/2802
f 2121/5953/3192 2113/5952/3184 2116/5968/3200
f 1890/5623/3019 1898/5806/3120 1904/5969/3201
f 2110/5955/3189 2111/5941/3191 2117/5970/3202
f 293/5673/3043 880/5971/3203 876/5809/3123
f 2244/5903/3146 2250/5972/3204 2249/5973/3205
f 2270/5907/3176 2272/5974/3206 2050/5928/3165
f 2247/5925/3181 2250/5975/3204 2244/5853/3146
f 2249/5973/3205 2245/5866/3155 2244/5903/3146
f 2247/5927/3181 2170/5751/3088 2179/5976/3207
f 2189/5940/3190 2176/5888/3166 2107/5902/3174
f 1952/5683/3049 875/5977/3118 1953/5718/3068
f 1898/5806/3120 1903/5964/3198 1904/5969/3201
f 1894/5727/3074 1890/5623/3019 1904/5969/3201
f 2251/5978/3208 2247/5925/3181 2179/5979/3207
f 2243/5791/3111 2175/5980/3162 2174/5810/3124
f 2118/5981/3188 2116/5968/3200 2113/5952/3184
f 1897/5897/3099 1955/5784/3106 1957/5946/3193
f 2497/5982/3209 2493/5617/3013 2432/5679/3047
f 2272/5974/3206 2267/5736/3079 2050/5928/3165
f 1891/5494/2950 1901/5862/3152 1462/5324/2792
f 2304/5618/3014 2306/5904/2802 2307/5983/3210
f 2118/5950/3188 2178/5949/3195 2116/5984/3200
f 1910/5926/3182 1402/5671/3042 1404/5734/3077
f 2110/5985/3189 2119/5986/3211 2180/5987/3212
f 2119/5988/3211 2110/5989/3189 2117/5970/3202
f 2114/5990/3196 2110/5991/3189 2180/5992/3212
f 2189/5940/3190 2107/5902/3174 2181/5993/3213
f 2273/5994/3214 2267/5736/3079 2272/5974/3206
f 2114/5958/3196 2181/5993/3213 2107/5902/3174
f 2248/5910/3177 2271/5995/3194 2049/5921/3156
f 2313/5425/2913 2305/5424/2912 2309/5996/3215
f 2121/5953/3192 2116/5968/3200 2120/5997/3216
f 2189/5940/3190 2179/5976/3207 2170/5751/3088
f 1410/5931/3183 1407/5790/3110 1402/5671/3042
f 2490/5391/2893 2495/5879/3160 2492/5602/3007
f 2111/5941/3191 2115/5960/3197 2122/5998/3217
f 2114/5990/3196 2180/5992/3212 2181/5999/3213
f 2117/5970/3202 2122/5998/3217 2187/6000/3218
f 2252/6001/3219 2243/5791/3111 2245/5866/3155
f 1915/6002/3220 1953/5718/3068 875/5977/3118
f 2117/5970/3202 2111/5941/3191 2122/5998/3217
f 2175/5884/3162 2182/6003/3221 2263/5882/3161
f 875/5802/3118 872/5769/3096 1959/5890/3168
f 2425/5620/3016 2421/5357/2874 2427/6004/3222
f 2263/6005/3161 2052/6006/3223 2248/5910/3177
f 2183/6007/3224 2180/5987/3212 2119/5986/3211
f 2250/5972/3204 2310/6008/3225 2249/5973/3205
f 1920/6009/3226 1915/6002/3220 875/5977/3118
f 1905/6010/3227 1903/5964/3198 1900/5864/3153
f 2187/6000/3218 2119/5988/3211 2117/5970/3202
f 880/5971/3203 293/5673/3043 1908/5850/3143
f 1915/6002/3220 1956/5934/3185 1953/5718/3068
f 2273/5994/3214 2434/5967/3199 2267/5736/3079
f 2250/5975/3204 2247/5925/3181 2310/6011/3225
f 1957/5946/3193 1956/5934/3185 1958/6012/3228
f 2194/6013/3229 2115/6014/3197 2121/6015/3192
f 1894/5727/3074 1904/5969/3201 1901/5932/3152
f 2179/5976/3207 2258/6016/3230 2251/6017/3208
f 874/5801/3117 876/5809/3123 881/6018/3231
f 1906/6019/3232 1410/5961/3183 1907/6020/3025
f 1905/6010/3227 1900/5864/3153 1957/5954/3193
f 2175/5980/3162 2243/5791/3111 2253/6021/3233
f 2122/6022/3217 2115/6014/3197 2195/6023/3234
f 2495/5879/3160 2493/5617/3013 2497/5982/3209
f 2180/5992/3212 2183/6024/3224 2181/5999/3213
f 2195/6025/3234 2187/6000/3218 2122/5998/3217
f 2192/6026/3235 2183/6007/3224 2119/5986/3211
f 2263/6005/3161 2254/6027/3236 2052/6006/3223
f 2254/6027/3236 2271/5995/3194 2052/6006/3223
f 2305/5880/2912 2304/5618/3014 2307/5983/3210
f 1959/6028/3168 1960/6029/3237 1920/6009/3226
f 2404/5756/2988 2428/6030/3238 2422/5389/2892
f 874/5801/3117 881/6018/3231 882/6031/3239
f 2426/5886/3164 2494/5813/3046 2424/5557/2981
f 2272/5974/3206 2274/6032/3240 2273/5994/3214
f 1902/5962/3090 1908/6033/3143 1408/6034/3035
f 2270/5907/3176 2274/6032/3240 2272/5974/3206
f 2184/6035/3241 2116/6036/3200 2178/6037/3195
f 2115/6014/3197 2194/6013/3229 2195/6023/3234
f 2218/5528/2275 2256/6038/3242 2159/5526/2970
f 2255/6039/3056 2256/6038/3242 2218/5528/2275
f 1908/5850/3143 883/6040/3243 880/5971/3203
f 2121/5953/3192 2120/5997/3216 2194/6041/3229
f 1908/6033/3143 1902/5962/3090 1909/6042/3244
f 2422/5389/2892 2400/5390/2651 2404/5756/2988
f 2185/6043/3245 2178/6037/3195 2159/6044/2970
f 2271/5995/3194 2248/5910/3177 2052/6006/3223
f 1910/6045/3182 1907/6020/3025 1410/5961/3183
f 2181/6046/3213 2183/6047/3224 2186/6048/3246
f 2253/6021/3233 2182/6049/3221 2175/5980/3162
f 2192/6026/3235 2119/5986/3211 2187/6050/3218
f 2263/6051/3161 2182/6049/3221 2254/6052/3236
f 2120/6053/3216 2116/6054/3200 2184/6035/3241
f 2247/5925/3181 2251/5978/3208 2310/6011/3225
f 2189/5940/3190 2188/6055/3247 2179/5976/3207
f 876/5809/3123 880/5971/3203 881/6018/3231
f 1906/6019/3232 1911/6056/3248 1410/5961/3183
f 1958/6057/3228 1912/6058/3249 1957/5954/3193
f 2257/6059/3250 2185/6043/3245 2159/6044/2970
f 1409/6060/3167 1906/6019/3232 1907/6020/3025
f 2188/6061/3251 2189/6062/3251 2181/6063/3251
f 2271/5948/3194 2274/6032/3240 2270/5907/3176
f 2255/6064/3056 2264/6065/3252 2256/6066/3242
f 873/5781/3103 874/5801/3117 882/6031/3239
f 2422/5389/2892 2427/6004/3222 2421/5357/2874
f 1410/5961/3183 1909/6042/3244 1902/5962/3090
f 1915/6002/3220 1958/6012/3228 1956/5934/3185
f 1913/6067/3253 1903/5964/3198 1905/6010/3227
f 2183/6007/3224 2192/6026/3235 2186/6048/3246
f 2429/6068/3053 2430/6069/3254 2406/5758/3092
f 2431/6070/3255 2432/6071/3047 2494/5813/3046
f 2257/6072/3250 2256/6066/3242 2264/6065/3252
f 2186/6048/3246 2188/6073/3247 2181/6046/3213
f 2251/5978/3208 2258/6074/3230 2259/6075/3256
f 1901/5932/3152 1904/5969/3201 1914/6076/3257
f 1920/6009/3226 875/5977/3118 1959/6028/3168
f 2258/6016/3230 2179/5976/3207 2190/6077/3258
f 2184/6035/3241 2178/6037/3195 2185/6043/3245
f 2307/5983/3210 2306/5904/2802 2308/6078/3259
f 2305/5880/2912 2307/5983/3210 2309/6079/3215
f 1913/6067/3253 1904/5969/3201 1903/5964/3198
f 1905/6010/3227 1957/5954/3193 1912/6058/3249
f 1912/6058/3249 1958/6057/3228 1915/6080/3220
f 2404/5756/2988 2406/5758/3092 2433/6081/3260
f 1905/6010/3227 1916/6082/3261 1913/6067/3253
f 884/6083/3262 882/6031/3239 881/6018/3231
f 2053/6084/3263 2271/5948/3194 2254/6085/3236
f 2191/6086/3264 2187/6087/3218 2195/6088/3234
f 1909/6042/3244 1917/6089/3265 883/6090/3243
f 880/5971/3203 883/6040/3243 884/6083/3262
f 2497/5982/3209 2498/6091/3266 2495/5879/3160
f 2264/6065/3252 2255/6064/3056 2317/6092/3267
f 2245/5866/3155 2249/5973/3205 2310/6093/3225
f 2192/6094/3235 2187/6087/3218 2191/6086/3264
f 2431/6070/3255 2497/6095/3209 2432/6071/3047
f 1908/6033/3143 1909/6042/3244 883/6090/3243
f 882/6031/3239 885/6096/3268 1962/6097/3269
f 2120/6053/3216 2193/6098/3270 2194/6099/3229
f 2314/6100/3271 2310/6101/3271 2260/6102/3271
f 1962/6097/3269 873/5781/3103 882/6031/3239
f 2257/6059/3250 2159/6044/2970 2256/6103/3242
f 884/6083/3262 881/6018/3231 880/5971/3203
f 1409/6060/3167 1901/5932/3152 1906/6019/3232
f 2191/6086/3264 2195/6104/3234 2194/6105/3229
f 1961/5859/3150 873/5781/3103 1962/6097/3269
f 1906/6019/3232 1901/5932/3152 1914/6076/3257
f 2310/6011/3225 2251/5978/3208 2260/6106/3272
f 2194/6105/3229 2193/6098/3270 2191/6086/3264
f 2186/6048/3246 2192/6026/3235 2197/6107/3273
f 2253/6021/3233 2261/6108/3274 2182/6049/3221
f 2185/6043/3245 2196/6109/3275 2184/6035/3241
f 2259/6075/3256 2260/6106/3272 2251/5978/3208
f 2184/6035/3241 2193/6098/3270 2120/6053/3216
f 1916/6082/3261 1905/6010/3227 1912/6058/3249
f 1904/5969/3201 1913/6067/3253 1914/6076/3257
f 2190/6077/3258 2179/5976/3207 2188/6055/3247
f 2188/6073/3247 2186/6048/3246 2197/6107/3273
f 882/6031/3239 884/6083/3262 885/6096/3268
f 1961/6110/3150 1962/6111/3269 1960/6029/3237
f 2254/6052/3236 2182/6049/3221 2261/6108/3274
f 2311/6112/3276 2309/6079/3215 2307/5983/3210
f 1911/6056/3248 1909/6042/3244 1410/5961/3183
f 2192/6094/3235 2191/6086/3264 2197/6113/3273
f 2257/6059/3250 2264/6114/3252 2198/6115/3277
f 2193/6098/3270 2184/6035/3241 2196/6109/3275
f 2196/6109/3275 2185/6043/3245 2199/6116/3278
f 2403/5209/2803 2429/5688/3053 2406/6117/3092
f 1918/6118/3279 1911/6056/3248 1906/6019/3232
f 1919/6119/3280 1912/6058/3249 1920/6120/3226
f 2258/6074/3230 2264/6121/3252 2259/6075/3256
f 2429/5688/3053 2405/5836/3137 2434/6122/3199
f 1909/6042/3244 1911/6056/3248 1917/6089/3265
f 2258/6016/3230 2198/6115/3277 2264/6114/3252
f 2317/6092/3267 2315/6123/3281 2264/6065/3252
f 883/6040/3243 1921/6124/3282 884/6083/3262
f 2275/6125/3283 2273/5994/3214 2274/6032/3240
f 1920/6120/3226 1912/6058/3249 1915/6080/3220
f 2314/6126/3284 2245/5866/3155 2310/6093/3225
f 2200/6127/3285 2188/6055/3247 2197/6113/3273
f 2196/6109/3275 2199/6116/3278 2200/6127/3285
f 2258/6016/3230 2190/6077/3258 2198/6115/3277
f 2276/6128/3286 2053/6129/3263 2254/6130/3236
f 2197/6113/3273 2191/6086/3264 2196/6109/3275
f 2253/6021/3233 2243/5791/3111 2252/6001/3219
f 2196/6109/3275 2200/6127/3285 2197/6113/3273
f 2254/6130/3236 2261/6131/3274 2276/6128/3286
f 2193/6098/3270 2196/6109/3275 2191/6086/3264
f 883/6090/3243 1917/6089/3265 1921/6132/3282
f 2190/6077/3258 2188/6055/3247 2198/6115/3277
f 1922/6133/3287 1906/6019/3232 1914/6076/3257
f 2313/5425/2913 2323/5198/2795 2301/4973/2671
f 2199/6116/3278 2185/6043/3245 2257/6059/3250
f 2315/6134/3281 2259/6075/3256 2264/6121/3252
f 1960/6029/3237 1959/6028/3168 1961/6110/3150
f 2198/6115/3277 2199/6116/3278 2257/6059/3250
f 1913/6067/3253 1916/6082/3261 1922/6133/3287
f 2199/6116/3278 2198/6115/3277 2200/6127/3285
f 2188/6055/3247 2200/6127/3285 2198/6115/3277
f 2252/6001/3219 2281/6135/3288 2253/6021/3233
f 2314/6126/3284 2252/6001/3219 2245/5866/3155
f 885/6096/3268 884/6083/3262 1921/6124/3282
f 2309/6079/3215 2312/6136/3289 2313/6137/2913
f 1914/6076/3257 1913/6067/3253 1922/6133/3287
f 1912/6058/3249 1919/6119/3280 1916/6082/3261
f 2260/6138/3290 2259/6139/3290 2315/6140/3290
f 2429/6068/3053 2434/6141/3199 2290/6142/3291
f 2314/6143/3284 2260/6144/3292 2315/6145/3281
f 2499/6146/3293 2316/6147/3294 2492/5602/3007
f 1911/6056/3248 1923/6148/3295 1917/6089/3265
f 1923/6148/3295 1911/6056/3248 1918/6118/3279
f 2306/5208/2802 2492/5602/3007 2316/6147/3294
f 2273/5994/3214 2275/6125/3283 2434/5967/3199
f 2308/6078/3259 2306/5904/2802 2316/6149/3294
f 1960/6150/3237 1919/6119/3280 1920/6120/3226
f 1922/6133/3287 1918/6118/3279 1906/6019/3232
f 2053/6084/3263 2276/6151/3286 2277/6152/3296
f 2053/6084/3263 2274/6032/3240 2271/5948/3194
f 1921/6132/3282 1923/6148/3295 885/6153/3268
f 1919/6119/3280 1924/6154/3297 1922/6133/3287
f 2053/6084/3263 2278/6155/3298 2274/6032/3240
f 2309/6079/3215 2311/6112/3276 2312/6136/3289
f 1924/6154/3297 1918/6118/3279 1922/6133/3287
f 2315/6145/3281 2317/6156/3267 2318/6157/3299
f 2425/5620/3016 2427/6004/3222 2435/6158/3300
f 1925/6159/3301 1919/6119/3280 1960/6150/3237
f 1925/6159/3301 1960/6150/3237 1962/6160/3269
f 1921/6132/3282 1917/6089/3265 1923/6148/3295
f 2277/6152/3296 2278/6155/3298 2053/6084/3263
f 2314/6126/3284 2281/6135/3288 2252/6001/3219
f 2319/6161/3302 2318/6157/3299 2317/6156/3267
f 2431/6070/3255 2494/5813/3046 2436/6162/3303
f 2255/6163/3056 2319/6161/3302 2317/6156/3267
f 2253/6021/3233 2281/6135/3288 2261/6108/3274
f 1925/6159/3301 1962/6160/3269 885/6153/3268
f 885/6153/3268 1923/6148/3295 1925/6159/3301
f 2255/6163/3056 2320/6164/3304 2319/6161/3302
f 2494/5813/3046 2426/5886/3164 2437/6165/3305
f 1923/6148/3295 1924/6154/3297 1925/6159/3301
f 2281/6166/3288 2314/6143/3284 2321/6167/3306
f 1924/6154/3297 1923/6148/3295 1918/6118/3279
f 2315/6145/3281 2322/6168/3307 2314/6143/3284
f 2276/6128/3286 2261/6131/3274 2279/6169/3308
f 1919/6119/3280 1922/6133/3287 1916/6082/3261
f 1925/6159/3301 1924/6154/3297 1919/6119/3280
f 2307/5983/3210 2308/6078/3259 2311/6112/3276
f 2438/6170/3309 2497/6095/3209 2431/6070/3255
f 2498/6091/3266 2496/5936/3187 2495/5879/3160
f 2494/5813/3046 2437/6165/3305 2436/6162/3303
f 2323/6171/2795 2320/6164/3304 2255/6163/3056
f 2318/6157/3299 2322/6168/3307 2315/6145/3281
f 2428/6030/3238 2427/6004/3222 2422/5389/2892
f 2332/6172/3310 2279/6173/3308 2261/6174/3274
f 2275/6125/3283 2274/6032/3240 2280/6175/3311
f 2426/5886/3164 2425/5620/3016 2435/6158/3300
f 2281/6176/3288 2332/6172/3310 2261/6174/3274
f 2430/6069/3254 2429/6068/3053 2290/6142/3291
f 2313/6137/2913 2320/6164/3304 2323/6171/2795
f 2434/5967/3199 2275/6125/3283 2282/6177/3312
f 2312/6136/3289 2320/6164/3304 2313/6137/2913
f 2277/6152/3296 2276/6151/3286 2279/6173/3308
f 2321/6167/3306 2314/6143/3284 2322/6168/3307
f 2439/6178/3313 2497/6095/3209 2438/6170/3309
f 2431/6070/3255 2436/6162/3303 2438/6170/3309
f 2312/6136/3289 2311/6112/3276 2324/6179/3314
f 2281/6166/3288 2321/6167/3306 2283/6180/3315
f 2498/6181/3266 2497/6095/3209 2439/6178/3313
f 2325/6182/3316 2322/6168/3307 2318/6157/3299
f 2319/6161/3302 2325/6182/3316 2318/6157/3299
f 2435/6158/3300 2440/6183/3317 2437/6165/3305
f 2320/6164/3304 2312/6136/3289 2326/6184/3318
f 2332/6172/3310 2281/6176/3288 2283/6185/3315
f 2322/6168/3307 2325/6182/3316 2327/6186/3319
f 2499/6146/3293 2492/5602/3007 2496/5936/3187
f 2435/6158/3300 2437/6165/3305 2426/5886/3164
f 2498/6181/3266 2439/6178/3313 2499/6187/3293
f 2328/6188/3320 2324/6179/3314 2311/6112/3276
f 2322/6168/3307 2327/6186/3319 2321/6167/3306
f 2312/6136/3289 2324/6179/3314 2326/6184/3318
f 2433/6081/3260 2428/6030/3238 2404/5756/2988
f 2436/6162/3303 2441/6189/3321 2438/6170/3309
f 2284/6190/3322 2277/6152/3296 2285/6191/3323
f 2280/6175/3311 2274/6032/3240 2278/6155/3298
f 2499/6146/3293 2496/5936/3187 2498/6091/3266
f 2328/6188/3320 2311/6112/3276 2308/6078/3259
f 2316/6149/3294 2328/6188/3320 2308/6078/3259
f 2286/6192/3324 2278/6155/3298 2287/6193/3325
f 2279/6173/3308 2332/6172/3310 2285/6191/3323
f 2284/6190/3322 2278/6155/3298 2277/6152/3296
f 2406/5758/3092 2442/6194/3326 2433/6081/3260
f 2319/6161/3302 2320/6164/3304 2329/6195/3327
f 2282/6177/3312 2275/6125/3283 2280/6175/3311
f 2278/6155/3298 2286/6192/3324 2280/6175/3311
f 2499/6196/3293 2446/6197/3328 2316/6149/3294
f 2443/6198/3329 2428/6030/3238 2433/6081/3260
f 2427/6004/3222 2444/6199/3330 2435/6158/3300
f 2324/6179/3314 2328/6188/3320 2330/6200/3331
f 2437/6165/3305 2441/6189/3321 2436/6162/3303
f 2438/6170/3309 2441/6189/3321 2439/6178/3313
f 2287/6193/3325 2278/6155/3298 2284/6190/3322
f 2330/6200/3331 2326/6184/3318 2324/6179/3314
f 2319/6161/3302 2329/6195/3327 2325/6182/3316
f 2437/6165/3305 2445/6201/3332 2441/6189/3321
f 2427/6004/3222 2428/6030/3238 2443/6198/3329
f 2280/6175/3311 2288/6202/3333 2282/6177/3312
f 2316/6149/3294 2331/6203/3334 2328/6188/3320
f 2280/6175/3311 2286/6192/3324 2288/6202/3333
f 2291/6204/3335 2283/6180/3315 2321/6167/3306
f 2444/6199/3330 2440/6183/3317 2435/6158/3300
f 2291/6204/3335 2332/6205/3310 2283/6180/3315
f 2442/6194/3326 2406/5758/3092 2430/6069/3254
f 2446/6206/3328 2499/6187/3293 2439/6178/3313
f 2329/6195/3327 2320/6164/3304 2326/6184/3318
f 2277/6152/3296 2279/6173/3308 2285/6191/3323
f 2427/6004/3222 2443/6198/3329 2444/6199/3330
f 2327/6186/3319 2325/6182/3316 2329/6195/3327
f 2446/6197/3328 2331/6203/3334 2316/6149/3294
f 2445/6201/3332 2439/6178/3313 2441/6189/3321
f 2321/6167/3306 2327/6186/3319 2291/6204/3335
f 2439/6178/3313 2445/6201/3332 2447/6207/3336
f 2330/6200/3331 2333/6208/3337 2326/6184/3318
f 2328/6188/3320 2331/6203/3334 2330/6200/3331
f 2440/6183/3317 2445/6201/3332 2437/6165/3305
f 2448/6209/3338 2442/6194/3326 2430/6069/3254
f 2289/6210/3339 2287/6193/3325 2284/6190/3322
f 2286/6192/3324 2287/6193/3325 2288/6202/3333
f 2284/6190/3322 2285/6191/3323 2289/6210/3339
f 2434/5967/3199 2282/6177/3312 2290/6211/3291
f 2449/6212/3340 2440/6183/3317 2444/6199/3330
f 2430/6069/3254 2290/6142/3291 2448/6209/3338
f 2339/6213/3341 2332/6172/3310 2291/6214/3335
f 2331/6203/3334 2334/6215/3342 2330/6200/3331
f 2285/6191/3323 2332/6172/3310 2339/6213/3341
f 2433/6081/3260 2442/6194/3326 2443/6198/3329
f 2326/6184/3318 2335/6216/3343 2329/6195/3327
f 2336/6217/3344 2291/6204/3335 2327/6186/3319
f 2335/6216/3343 2326/6184/3318 2333/6208/3337
f 2331/6203/3334 2446/6197/3328 2337/6218/3345
f 2287/6193/3325 2292/6219/3346 2288/6202/3333
f 2440/6183/3317 2449/6212/3340 2445/6201/3332
f 2334/6215/3342 2333/6208/3337 2330/6200/3331
f 2329/6195/3327 2338/6220/3347 2336/6217/3344
f 2446/6206/3328 2439/6178/3313 2447/6207/3336
f 2292/6219/3346 2287/6193/3325 2289/6210/3339
f 2337/6218/3345 2334/6215/3342 2331/6203/3334
f 2285/6191/3323 2339/6213/3341 2293/6221/3348
f 2443/6198/3329 2442/6194/3326 2450/6222/3349
f 2448/6223/3338 2290/6211/3291 2294/6224/3350
f 2444/6199/3330 2443/6198/3329 2450/6222/3349
f 2337/6218/3345 2446/6197/3328 2447/6225/3336
f 2339/6226/3341 2291/6204/3335 2297/6227/3351
f 2335/6216/3343 2340/6228/3352 2329/6195/3327
f 2341/6229/3353 2333/6208/3337 2334/6215/3342
f 2289/6210/3339 2285/6191/3323 2293/6221/3348
f 2282/6177/3312 2288/6202/3333 2295/6230/3354
f 2340/6228/3352 2335/6216/3343 2333/6208/3337
f 2341/6229/3353 2334/6215/3342 2337/6218/3345
f 2295/6230/3354 2290/6211/3291 2282/6177/3312
f 2449/6212/3340 2444/6199/3330 2450/6222/3349
f 2445/6201/3332 2451/6231/3355 2447/6207/3336
f 2336/6217/3344 2297/6227/3351 2291/6204/3335
f 2442/6194/3326 2296/6232/3356 2450/6222/3349
f 2338/6220/3347 2329/6195/3327 2340/6228/3352
f 2340/6228/3352 2333/6208/3337 2341/6229/3353
f 2329/6195/3327 2336/6217/3344 2327/6186/3319
f 2293/6221/3348 2292/6219/3346 2289/6210/3339
f 2450/6222/3349 2452/6233/3357 2449/6212/3340
f 2294/6224/3350 2296/6234/3356 2448/6223/3338
f 2445/6201/3332 2449/6212/3340 2452/6233/3357
f 2290/6211/3291 2295/6230/3354 2294/6224/3350
f 2297/6235/3351 2293/6221/3348 2339/6213/3341
f 2445/6201/3332 2452/6233/3357 2451/6231/3355
f 2442/6194/3326 2448/6209/3338 2296/6232/3356
f 2340/6228/3352 2341/6229/3353 2342/6236/3358
f 2292/6219/3346 2295/6230/3354 2288/6202/3333
f 2299/6237/3359 2452/6233/3357 2450/6222/3349
f 2336/6217/3344 2338/6220/3347 2297/6227/3351
f 2341/6229/3353 2337/6218/3345 2342/6236/3358
f 2447/6225/3336 2342/6236/3358 2337/6218/3345
f 2450/6222/3349 2296/6232/3356 2299/6237/3359
f 2293/6221/3348 2343/6238/3360 2292/6219/3346
f 2345/6239/3361 2294/6224/3350 2295/6230/3354
f 2299/6240/3359 2451/6241/3355 2452/6242/3357
f 2451/6241/3355 2299/6240/3359 2300/6243/3362
f 2294/6224/3350 2345/6239/3361 2296/6234/3356
f 2292/6219/3346 2298/6244/3363 2295/6230/3354
f 2343/6238/3360 2293/6221/3348 2297/6235/3351
f 2342/6236/3358 2447/6225/3336 2451/6241/3355
f 2296/6234/3356 2345/6239/3361 2299/6245/3359
f 2297/6227/3351 2338/6220/3347 2343/6246/3360
f 2451/6241/3355 2300/6243/3362 2342/6236/3358
f 2343/6238/3360 2298/6244/3363 2292/6219/3346
f 2344/6247/3364 2338/6220/3347 2340/6228/3352
f 2344/6247/3364 2343/6246/3360 2338/6220/3347
f 2299/6245/3359 2345/6239/3361 2300/6248/3362
f 2295/6230/3354 2298/6244/3363 2345/6239/3361
f 2342/6236/3358 2344/6247/3364 2340/6228/3352
f 2344/6247/3364 2342/6236/3358 2300/6243/3362
f 2344/6247/3364 2300/6243/3362 2345/6249/3361
f 2344/6247/3364 2298/6250/3363 2343/6246/3360
f 2344/6251/3364 2345/6239/3361 2298/6244/3363
