# backpack_loot_sack: normalized for CS2Warcraft (Y-up, ground at y=0, scale 12.6468)
o backpack_loot_sack
v 1.3970 18.9955 1.7046
v 0.5948 19.5352 1.5207
v 1.8417 19.0557 1.2456
v 1.9784 18.1937 0.7276
v 1.5612 17.6799 1.1921
v 2.2626 18.2435 0.7269
v 2.2594 20.1156 1.2995
v 1.3002 19.2849 1.8965
v 1.5457 19.7851 3.4263
v 4.0950 21.2204 2.8443
v 3.1149 20.4112 3.6310
v 3.6706 20.2086 3.7930
v 2.2731 19.3237 4.1195
v 3.5519 19.6049 3.9311
v 4.2770 21.5984 1.4188
v 3.6420 18.0692 1.0132
v 3.3590 18.2544 0.8642
v 3.7071 18.2255 3.3733
v 3.4738 17.4007 2.0972
v 3.2223 17.1548 2.2711
v 4.3601 17.3776 1.7530
v 3.9027 17.0316 2.3836
v 4.1155 17.8902 3.3263
v 4.2454 17.8411 1.2899
v 4.2067 18.6530 0.7824
v 4.0246 17.6261 1.6389
v 4.0164 17.9768 1.7590
v 4.1243 18.4400 1.2469
v 4.2140 17.8880 1.5910
v 4.4328 17.5022 1.4806
v 4.5392 17.8621 1.9668
v 4.4259 18.2867 1.0968
v 4.3484 18.4185 1.2443
v 4.0639 18.2649 0.6927
v 4.0042 18.1105 0.7293
v 4.8476 17.9597 2.9056
v 4.3891 17.8183 1.0149
v 4.6879 17.9550 0.5255
v 5.4514 17.9659 3.0990
v 6.3959 20.3323 2.8505
v 4.4939 17.9399 0.2810
v 4.6358 17.7692 0.6603
v 3.9868 18.7848 0.8209
v 4.6723 19.1828 0.7535
v 4.8519 16.3920 1.5688
v 4.8158 16.5514 1.6405
v 5.1653 18.5879 1.7161
v 4.5448 15.8496 2.8721
v 5.4327 16.2657 2.3807
v 5.0417 15.9195 3.5480
v 5.5717 18.6846 1.7697
v 6.0673 17.5108 2.9802
v 4.1269 16.3824 5.0899
v 5.2214 16.5991 1.1105
v 5.9040 17.9974 2.8058
v 5.7552 16.6852 -0.0610
v 5.4953 18.9213 0.3462
v 6.0260 18.5144 1.9069
v 5.9794 16.4784 1.1879
v 5.4872 16.3328 1.1502
v 6.2192 16.8293 2.3643
v 6.5096 20.0107 2.0397
v 5.4437 16.2138 3.6710
v 6.5773 17.0836 -0.0099
v 6.8366 17.5995 0.1354
v 7.5196 21.2036 2.3834
v 7.8982 22.2661 2.5988
v 6.0594 20.7667 3.2060
v 5.5841 21.6640 2.8434
v 6.3489 17.5595 2.4932
v 6.6663 18.3067 0.8113
v 1.3000 15.5125 6.2054
v 2.7928 18.8639 4.0799
v 0.3640 18.5081 1.2651
v 2.0026 19.6697 3.9286
v -1.4541 17.5503 3.7461
v 0.2043 16.3363 4.1505
v 1.6151 16.1783 6.1053
v -0.1122 16.3012 3.3011
v -0.4996 17.5324 1.5704
v 0.4818 18.2855 1.2972
v 0.0304 18.6432 1.5268
v -0.2189 14.3417 5.5437
v 0.9425 14.4602 5.7263
v 0.8907 14.7993 4.6552
v 0.9203 14.8156 4.4504
v 0.3682 14.2819 5.3109
v -1.1899 17.5995 2.2160
v 0.1273 15.8804 3.9632
v 1.1768 16.0340 4.2716
v 1.0544 16.2735 4.3703
v 0.6565 16.8626 1.3076
v 0.4204 16.6984 1.0332
v 0.5858 16.4941 1.5814
v 1.4594 17.0382 1.4763
v 1.0689 16.7043 1.6344
v 0.1448 14.9820 4.5329
v 1.0833 16.9395 5.0404
v 0.6209 16.7151 5.1728
v 1.1334 17.5783 1.3962
v 1.1598 17.2829 1.0205
v -1.8631 16.2772 5.3949
v 0.1679 19.0327 1.3869
v 1.0867 16.0570 3.2198
v 0.3170 15.9262 2.6963
v 0.9773 16.2304 2.7645
v 0.7517 19.4054 1.0610
v 0.9767 19.2683 1.3070
v 0.4781 14.6308 4.2340
v 0.8375 19.1543 1.0517
v 0.0970 15.7952 2.9852
v 1.4578 14.5438 5.5691
v 0.9479 19.0447 1.4658
v 1.1885 16.8548 4.6003
v 0.9646 19.1431 1.2337
v 1.2846 19.0708 1.7903
v 0.8670 17.8338 0.1649
v 0.8962 19.3554 1.7599
v 2.5365 17.7662 3.7538
v 1.9432 15.1498 4.6775
v 1.4065 15.5880 3.5197
v 1.9746 16.9577 5.5576
v 0.9373 18.7988 1.4441
v 1.3911 14.9745 4.4754
v 1.3099 14.9390 4.4619
v 1.6204 16.0846 3.4192
v 1.3257 16.2191 3.1685
v 1.2716 16.5408 4.3078
v 1.2472 15.7848 3.5119
v 2.1516 16.4072 5.9483
v 1.7510 16.5966 2.4371
v 2.0254 15.6862 6.1069
v 1.7343 18.7260 1.3142
v 1.2980 18.6887 1.6675
v 1.8291 15.9851 3.4212
v 2.3867 15.7356 3.7485
v 2.0266 17.1194 5.1844
v 2.3099 15.1461 5.2362
v 1.9368 16.4882 2.5206
v 2.0325 17.0773 4.7898
v 1.6701 16.5198 4.2628
v 1.7401 16.2048 2.9750
v 2.3276 16.2618 3.3399
v 2.4917 17.0639 5.3087
v 2.3405 16.8111 2.1821
v 2.9058 16.6199 3.5966
v 1.9893 13.6981 4.5325
v 3.3890 17.1129 4.7648
v 4.1090 15.9917 4.9900
v 3.1957 15.2921 4.1550
v 2.7068 16.8243 2.8750
v 2.7731 16.9542 2.3049
v 2.6492 16.4866 3.0221
v 3.2635 16.4370 3.1102
v 3.0259 17.1078 4.3997
v 3.0207 17.0567 3.9957
v 3.2397 16.9813 2.5999
v 3.0048 17.0458 2.1708
v 3.1204 15.9130 3.5556
v 3.1246 17.1886 3.5891
v 3.6469 13.9755 3.4801
v 2.8954 15.5531 3.8838
v 2.8723 16.5758 3.1655
v 3.0508 16.9114 2.3384
v 3.6239 15.9291 3.2980
v 3.8261 15.5976 3.5407
v 3.2192 16.7883 3.0869
v 3.4542 17.0888 2.5761
v 3.5261 16.7096 2.8300
v 3.5235 17.1771 2.2805
v 3.3076 17.4121 3.8112
v 3.7285 17.2161 2.0235
v 3.6216 16.9286 2.7228
v 4.3101 17.8950 3.4993
v 3.8748 17.7787 3.2263
v 4.2085 15.9603 2.7878
v 5.1001 16.2136 4.1923
v 4.6624 16.4041 2.0537
v 5.4709 16.5935 3.8550
v 2.1146 15.0658 4.8398
v 1.2476 14.8303 6.0130
v 2.8769 17.1017 2.6635
v -0.1052 18.2983 3.9898
v 2.2085 15.3996 5.8900
v 4.2246 16.9445 4.7429
v 3.7984 17.9441 2.9437
v 1.2841 13.2501 4.7427
v 0.4008 13.4195 4.6710
v 0.2042 13.1174 4.6255
v 0.4336 12.5216 4.7639
v 0.4067 12.7108 4.5701
v 1.3131 13.5432 4.7076
v 0.4262 12.6435 4.3064
v 0.9531 13.0557 4.1609
v 1.1635 14.6950 4.4174
v 0.9849 12.4871 4.8996
v 1.7073 13.2539 4.6413
v 1.5283 12.3275 4.9126
v 2.1869 12.5939 4.5916
v 1.7108 13.1975 4.1550
v 1.4230 12.4733 4.7536
v 2.5874 13.3688 3.6983
v 2.6170 12.7586 4.1982
v 2.3614 13.7905 4.3083
v 2.1876 15.4156 4.2113
v 3.3229 13.8949 3.7918
v 3.2206 12.9023 3.9582
v 2.9419 12.6226 4.2970
v 2.3498 13.4717 4.4901
v 3.4861 12.5918 3.8802
v 3.6107 13.6019 3.5898
v 3.6962 12.7694 3.7411
v 3.3790 12.8841 3.6974
v 3.7389 12.5204 3.8640
v 4.0920 12.9321 3.3771
v 3.9087 12.8757 3.3160
v 4.4880 14.4282 2.5616
v 4.3967 14.0657 2.7901
v 4.4686 13.8390 2.8801
v 4.8797 14.1285 2.2601
v 3.1343 13.4524 3.3079
v 4.5259 13.1598 2.7600
v 4.9752 13.0133 2.6432
v 4.8543 13.3417 2.5775
v 4.5161 11.8000 3.6496
v 5.1034 14.1607 1.9416
v 5.3679 14.1979 1.4507
v 4.7984 13.7017 2.2041
v 5.1035 13.8376 2.0711
v 5.6560 12.8941 2.0491
v 5.5945 14.2473 1.0457
v 5.6707 14.8179 0.2023
v 5.4546 16.5114 0.0651
v 5.8962 13.9973 0.5483
v 5.7061 13.2997 1.7000
v 5.6686 13.9076 0.3073
v 5.7361 14.3314 0.7590
v 6.3452 13.0959 -0.0774
v 5.8911 14.1593 0.6837
v 6.0467 12.5684 1.6730
v 5.9531 12.6717 1.9896
v 5.9134 14.3578 -0.8098
v 5.9438 14.3937 -0.0397
v 5.8169 13.9448 -1.2347
v 5.9349 14.3336 -0.4142
v 5.9952 14.1067 -1.3035
v 5.8422 14.3660 -1.4472
v 6.0483 14.0931 0.1366
v 6.5444 12.0953 1.1710
v 6.6700 12.2643 0.6676
v 6.5542 12.6285 -0.1796
v 6.5958 12.7344 -0.5337
v 6.3989 11.6770 -3.1628
v 6.7860 11.8181 -0.0674
v 6.7557 12.4625 -0.3742
v 6.7169 11.9186 0.8020
v 6.6074 11.7689 1.1527
v 2.6577 13.7900 4.1993
v 4.1469 14.0006 3.0447
v 5.1731 13.7766 1.7460
v 6.0262 22.7982 -0.0522
v 4.7910 21.5979 -0.0323
v 3.3272 19.7919 0.3466
v 3.7025 19.0380 0.5246
v 3.6377 18.7305 0.5721
v 3.2670 18.6942 0.6357
v 4.3283 18.6687 0.5185
v 3.8482 19.3997 0.3383
v 4.1123 18.8350 0.1097
v 3.7891 18.9415 0.6187
v 4.2995 19.4925 0.1463
v 4.0301 19.1285 0.2218
v 4.2296 19.2660 -0.2411
v 4.6435 18.5145 -0.3580
v 4.3099 18.4269 0.4560
v 4.4959 19.2161 -0.1991
v 4.6083 18.3173 -0.1598
v 4.6860 18.5061 -0.0411
v 6.2237 22.6243 -0.6177
v 4.9342 18.1292 -0.8472
v 5.9885 22.6463 -0.6165
v 4.4228 19.3538 0.4609
v 5.8157 19.5833 1.8831
v 6.4551 21.5454 0.0318
v 6.1504 20.1826 0.8976
v 6.8085 22.5108 2.3015
v 5.6899 16.5453 -1.5387
v 6.1724 18.8495 0.7703
v 6.2379 16.7381 -1.7003
v 6.1766 22.8014 -0.5471
v 6.4245 18.9518 -0.9061
v 6.8803 22.1269 0.0350
v 7.2452 20.7640 1.6834
v 6.8870 17.8954 -0.5502
v 7.0581 22.5889 0.1246
v 7.4576 21.3927 1.1545
v 8.2503 22.5278 1.3563
v 8.4163 22.2904 1.9971
v 7.3234 23.0979 0.8599
v 8.6692 23.7071 2.2539
v 9.1919 23.6412 2.2745
v 9.1902 23.6189 2.4235
v 9.4101 24.0000 2.5129
v 5.2247 18.7926 -0.6488
v 1.8341 20.1438 -1.8948
v 1.7355 20.8400 -1.5501
v 2.5300 20.6880 -1.3583
v 2.4335 19.9217 -1.3718
v 1.6118 20.0002 -1.1209
v 1.7477 19.2757 -1.5751
v 3.3361 18.8364 -1.5010
v 2.0796 19.3730 -1.8462
v 2.0125 19.4768 -1.3454
v 2.1137 19.8959 -1.8000
v 2.2364 19.5393 -1.5907
v 2.0109 19.6795 -1.0749
v 2.3747 19.5638 -0.7821
v 2.7772 20.2324 -0.2361
v 2.4543 20.2427 -1.5587
v 1.7971 20.4340 -1.7078
v 3.3161 20.4346 -0.6612
v 2.5818 19.3199 -0.3604
v 2.8118 20.3067 -2.0623
v 2.5207 19.1300 -0.3899
v 2.2590 18.6017 0.4297
v 2.3728 19.7296 -0.1066
v 2.3040 19.7244 -1.9960
v 2.8184 20.6015 -1.6910
v 2.7170 19.1313 0.5554
v 3.0072 18.9271 0.5107
v 2.2914 18.8047 0.6218
v 2.6487 19.7927 -0.2192
v 2.8128 19.9946 -0.0508
v 2.9650 19.2994 -0.0243
v 2.6235 18.6057 0.3751
v 2.5799 19.4152 0.6429
v 2.6429 20.4139 -1.7786
v 2.6728 20.2867 0.1373
v 3.1565 20.1806 -0.2492
v 2.6580 20.4814 0.1593
v 2.8056 20.1098 -1.3116
v 2.8644 19.4790 -1.1733
v 3.1491 19.6630 -1.3962
v 3.1506 19.2569 -1.3034
v 2.8107 19.2989 -0.6267
v 2.9921 19.2104 -0.8711
v 2.8810 19.7261 -0.4979
v 3.2022 19.5918 -0.0781
v 2.6737 20.0517 -0.3155
v 2.7366 19.4989 -0.6104
v 2.9945 20.0196 -0.8098
v 3.1591 19.3602 -1.3528
v 2.7651 18.5363 0.6272
v 3.0692 20.2162 -0.5584
v 3.2834 18.9396 0.2732
v 3.0815 20.0189 -1.3065
v 3.0405 18.9323 -0.7600
v 3.1189 20.2520 -1.2663
v 3.9620 19.6365 0.2347
v 3.4777 19.1603 0.2943
v 3.1680 18.5475 0.6939
v 3.1988 20.4283 -0.2228
v 3.2014 20.4891 -1.2162
v 3.1951 19.9259 -0.1443
v 3.5439 19.8872 -1.5317
v 2.9908 19.5672 -0.1071
v 3.3116 18.9220 0.0542
v 3.1556 18.7473 -0.4600
v 3.4366 18.5574 -0.1392
v 3.6317 19.6397 -1.5732
v 2.9992 19.4421 -1.4244
v 4.1775 19.5826 -0.2280
v 3.0538 19.8007 -1.3683
v 3.0530 19.6974 -0.9699
v 3.6946 18.3536 0.5794
v 3.5580 18.7979 -1.2102
v 3.3991 19.0109 -1.2540
v 3.5650 19.3028 0.2754
v 3.4397 19.5766 -1.2851
v 3.3919 19.5214 0.3263
v 3.6399 19.3409 0.0630
v 4.1482 18.4018 -0.0276
v 4.2830 18.4310 -0.3648
v 3.7952 18.7127 -1.3575
v 4.6377 19.4047 -0.4609
v 4.0701 19.3242 -1.1216
v 4.2840 19.1740 -0.5253
v 4.4300 18.6346 -0.4820
v 4.7915 18.1811 -0.0981
v 4.6653 18.9940 -0.3501
v 4.6156 18.8205 -0.2022
v 4.7670 18.7977 -0.7177
v 4.8675 18.4495 -0.8408
v 2.4706 19.7366 -0.8792
v 3.7855 18.4498 0.1075
v -0.0137 20.0458 0.7876
v 0.0992 19.7768 0.9994
v 0.0716 19.0981 0.3290
v 0.3340 18.9464 0.6423
v 0.2952 19.1021 0.2639
v 0.3702 19.7720 1.0755
v 0.4353 19.3662 0.6961
v 0.3695 19.9701 0.0910
v 0.5843 18.9665 0.1032
v 0.2547 18.9579 -0.6628
v 0.5581 19.3022 1.3820
v 0.3762 19.5081 1.0540
v 0.5587 18.4611 0.0922
v 0.7267 19.0480 -0.0758
v 0.5171 18.5602 0.3822
v 0.3612 18.5832 0.7242
v 0.4425 19.9981 0.6727
v 0.7338 20.1086 0.2874
v 0.3427 19.1415 0.0834
v 0.5497 18.5960 0.7536
v 0.8580 19.2306 0.0740
v 0.6665 19.9350 -0.7520
v 0.9884 19.7001 -0.1613
v 0.3568 19.7472 0.0325
v 0.7528 18.0099 -0.1723
v 1.0533 19.9373 0.0181
v 0.5319 19.8248 0.3586
v 0.4515 19.8750 -0.5254
v 0.7959 19.7051 0.4550
v 0.9120 19.0064 0.6559
v 0.7420 19.1694 0.7195
v 0.7967 18.9275 0.9444
v 0.8430 19.0035 0.2775
v 0.8578 18.9205 -0.0670
v 0.9341 18.7816 0.2282
v 0.8193 19.5336 0.4134
v 0.9239 20.1485 -0.4873
v 1.1150 18.5205 -0.2414
v 1.3613 19.5462 1.3871
v 0.8266 18.6063 0.0474
v 1.0588 20.1067 0.1357
v 1.1015 18.8873 0.5238
v 1.0050 18.8359 -0.1986
v 1.1334 18.6249 0.4575
v 1.0722 18.8242 -0.5156
v 1.2872 18.7475 0.0970
v 1.0931 18.9080 -0.0459
v 1.2440 17.8175 0.3931
v 0.9674 19.4598 -0.0366
v 1.3617 19.2035 0.0601
v 1.1253 18.3764 0.2787
v 1.5130 18.2193 0.7119
v 1.5665 19.9298 -0.0754
v 1.5944 18.7418 0.5200
v 1.7487 19.8862 0.4006
v 1.5730 18.8553 0.6099
v 1.1735 20.4649 -0.0992
v 1.2875 20.0892 -0.5638
v 1.4378 20.1138 0.2231
v 1.1971 19.5024 0.2063
v 1.3950 18.4483 0.7909
v 1.6276 18.3723 0.2769
v 2.1250 18.7736 0.3223
v 1.8403 20.2034 0.2957
v 1.6676 20.4543 -0.5447
v 0.9722 19.8911 0.7531
v 1.9882 19.9540 0.3766
v 1.1632 19.2304 0.5827
v 1.8886 19.9729 0.2586
v 1.7114 18.8083 0.2393
v 1.8959 19.6720 0.1509
v 1.4219 19.1435 0.1852
v 1.9320 19.3722 0.2473
v 2.2419 19.7187 -0.0573
v 2.1973 19.4524 -0.2994
v 1.7724 18.7869 0.2289
v 2.0938 18.4216 0.8332
v 2.5686 19.2782 -0.1362
v 2.2340 19.0482 -0.1548
v 2.4531 18.7976 0.3447
v 2.3897 20.3200 -0.1307
v 2.2344 18.9454 -0.3644
v 2.1182 19.1975 -0.8236
v 2.4033 19.9916 -0.0046
v 1.9705 19.1930 0.1045
v 2.1032 19.7727 0.1734
v 2.2574 19.3768 0.0127
v 2.2497 19.5524 0.1912
v 2.3807 19.4093 0.4995
v 2.2720 19.0826 0.3942
v 2.1350 19.2163 0.2366
v 2.6616 19.7478 0.6552
v 2.1258 19.5605 1.0759
v 2.3214 19.0339 0.6169
v -0.0493 20.7774 -0.5814
v 0.2534 20.4252 -0.4549
v 0.2570 20.6794 -0.6087
v 0.3437 20.7604 -0.8555
v 0.3746 20.1422 -0.4477
v 0.5889 19.2853 -1.4928
v 0.3921 19.8541 -1.5506
v -0.0686 21.0569 -1.2002
v 0.4031 19.3093 -0.9648
v 0.9896 19.8706 -1.5843
v 0.4946 19.7247 -1.7791
v 0.8401 19.5516 -1.3838
v 0.0743 20.0817 -1.8275
v 0.9119 19.8745 -1.3101
v 0.9974 20.2692 -0.9785
v 0.7106 20.0650 -0.9090
v 0.5744 20.2006 -0.6859
v 0.9505 19.7172 -0.3181
v 1.0202 20.0088 -1.0629
v 1.0864 20.4628 -1.3666
v 1.0802 19.2115 -1.3903
v 1.0381 20.6505 -0.9395
v 0.8032 19.1932 -1.4825
v 1.1327 19.1425 -1.6074
v 1.1381 19.7678 -1.2547
v 1.3876 20.2124 -1.0473
v 1.1800 19.1750 -0.9946
v 1.2777 20.0968 -1.4691
v 1.5750 19.3232 -1.1555
v 1.7107 20.3234 -1.6826
v 1.5173 20.0015 -1.9958
v 0.8908 20.0168 -1.3711
v 1.1455 20.2250 -0.0795
v 1.5667 20.6071 -1.3288
v 1.1832 20.6657 -1.4367
v 1.3067 19.7350 -0.8094
v 1.2536 19.8448 -0.7511
v 1.6716 20.1160 -2.0516
v 1.1222 20.3344 -1.4523
v 1.5633 20.3824 -1.8712
v 1.4275 19.8845 -2.8361
v 1.6196 20.8116 -0.5820
v 1.6304 20.3585 -2.3195
v 1.8351 20.5729 -1.6858
v 1.8115 20.7129 -0.1914
v 1.6910 20.5212 -0.8603
v 1.5648 20.8557 -1.2176
v 2.0939 19.5801 -0.5996
v 1.4238 19.9976 -1.3815
v 1.8779 19.3415 -0.9268
v 2.0634 20.2826 -0.2835
v 1.5292 19.4658 -1.3352
v 1.7771 19.5245 -1.1854
v 1.7230 19.8646 -1.5628
v 1.5998 19.8851 -2.9773
v 1.6983 19.6970 -1.1457
v 2.1225 20.7734 -1.8223
v 2.0441 20.4917 -1.5300
v 2.3181 19.3357 -0.8772
v 2.3050 19.2583 -0.9039
v 1.6449 20.5326 -0.4025
v 2.0686 19.2945 -1.4279
v 0.7473 19.5215 -1.1922
v 3.2857 18.8604 -2.0146
v 3.6620 19.1083 -1.4446
v 3.4171 19.3396 -1.7668
v 2.9688 19.5718 -1.7297
v 3.8163 19.3909 -1.9643
v 3.3910 19.8867 -1.8985
v 3.8581 19.7762 -1.5322
v 3.9372 19.3768 -1.6806
v 3.4806 19.3372 -1.6548
v 3.3532 19.0638 -3.4150
v 4.2977 19.8672 -2.0454
v 3.1677 19.8561 -3.3266
v 3.7169 19.0044 -2.1264
v 3.9833 20.0275 -1.7969
v 3.6253 19.9305 -1.6579
v 3.8398 18.8291 -2.6185
v 4.0096 18.6447 -2.9771
v 3.5348 20.1823 -1.7286
v 3.8462 18.9982 -2.3190
v 4.1663 18.7857 -2.8831
v 4.0978 19.4949 -2.3687
v 3.8390 19.7174 -1.9682
v 3.8964 18.0894 -3.7484
v 4.0700 18.3370 -3.5235
v 4.0873 18.8123 -3.3459
v 4.1107 18.6078 -3.9420
v 4.0815 18.8383 -1.1545
v 4.1372 19.3176 -3.1617
v 3.7805 19.3759 -3.4463
v 3.7779 18.9834 -1.3348
v 3.8908 18.8973 -1.4945
v 3.2691 19.7406 -3.5452
v 4.0502 19.7523 -1.8028
v 3.8894 18.5507 -3.0753
v 3.7736 18.9774 -1.4931
v 4.2797 18.7897 -1.6741
v 4.1321 19.2378 -2.7204
v 4.5434 19.5060 -1.0405
v 4.3348 18.1422 -2.9995
v 4.2961 18.7272 -0.8958
v 3.9983 18.9700 -2.2232
v 4.0882 19.3602 -2.7058
v 4.2991 18.9968 -3.0162
v 4.3371 19.5806 -2.1689
v 4.1392 19.0304 -3.4198
v 4.5047 18.9742 -1.6426
v 4.5761 18.3712 -2.7239
v 4.1297 19.1441 -2.2919
v 4.6499 18.3421 -0.5405
v 4.2365 18.6110 -1.6830
v 4.5563 19.2481 -0.8621
v 4.2050 19.3966 -1.3725
v 4.2357 19.0946 -1.6680
v 4.4570 19.6693 -2.5414
v 5.2989 18.7984 -2.2255
v 4.7920 18.8720 -0.9646
v 4.8670 18.7223 -1.3961
v 4.7919 18.2179 -2.2728
v 4.9606 18.9843 -3.4980
v 4.6044 19.0978 -1.3123
v 4.9386 18.2202 -1.8221
v 4.3202 18.4338 -2.2612
v 4.6994 18.5524 -1.4336
v 4.8509 18.0430 -1.6940
v 4.8847 18.2257 -1.3775
v 4.9637 18.6188 -0.7657
v 5.6785 18.9337 -2.6509
v 5.6754 18.8981 -3.7151
v 5.2147 18.8169 -1.6509
v 5.2863 18.7499 -1.1393
v 5.5178 16.4066 -2.2392
v 5.2366 16.6005 -2.8161
v 5.4272 15.7587 -2.7332
v 5.8480 16.7049 -1.3899
v 5.6307 16.9095 -0.9397
v 6.0458 19.1200 -0.8886
v 6.2742 18.8722 -2.0756
v 6.3273 18.3006 -3.3365
v 6.5507 17.7709 -3.1907
v 6.6124 16.9753 -1.8869
v 6.7226 18.4985 -1.1821
v 6.7115 17.3745 -2.5607
v 1.2565 19.5156 -3.1629
v 0.9144 18.8967 -3.2352
v 0.5120 19.5872 -3.3765
v 1.2836 19.8772 -3.6786
v 1.2193 20.0843 -3.7275
v 0.5549 19.6678 -4.6350
v 1.3726 19.3344 -3.5321
v 0.9078 19.6436 -3.4771
v 1.2720 19.5199 -3.4635
v 0.8573 19.8905 -3.3174
v 1.3397 19.9910 -2.8092
v 0.7097 20.0386 -3.3305
v 1.3071 20.2566 -3.0631
v 1.0753 19.7435 -3.7748
v 1.2795 19.6311 -3.9334
v 1.3363 18.5698 -4.7895
v 1.1856 19.0799 -4.4196
v 1.9456 19.4934 -2.5388
v 1.0067 19.2387 -3.2921
v 1.4117 18.7514 -4.4243
v 1.3817 19.6232 -4.4194
v 1.7185 18.8015 -4.1317
v 1.7260 20.0461 -3.4332
v 1.4095 19.2511 -4.4884
v 1.3185 19.4669 -4.1653
v 1.6469 19.6270 -3.3047
v 2.0252 18.5642 -4.1897
v 1.5323 19.3890 -4.6809
v 1.8840 19.1506 -3.3909
v 1.3892 19.9054 -3.9585
v 1.3720 20.0215 -3.0398
v 1.2782 18.1265 -4.8569
v 1.7486 18.3676 -4.9395
v 1.9082 18.2610 -4.7961
v 1.3217 18.7629 -4.0812
v 1.4271 19.3149 -4.1435
v 1.6699 19.8578 -3.3098
v 1.7513 20.0578 -1.7982
v 1.8094 18.9118 -4.4840
v 1.9311 19.0872 -4.9170
v 1.9395 17.8834 -5.0763
v 1.4353 18.7056 -4.9270
v 1.7169 19.4775 -3.0382
v 2.0618 19.8620 -2.6411
v 2.0758 19.3051 -2.0834
v 1.8787 19.2614 -2.2875
v 1.7111 19.6695 -3.5518
v 1.4670 17.8961 -5.1813
v 2.0243 18.3919 -5.2966
v 2.4720 19.2121 -2.7999
v 2.3304 19.4844 -1.9465
v 2.2255 19.5829 -2.4403
v 2.2872 19.6604 -3.0905
v 1.7456 18.9615 -4.7906
v 2.4709 18.2995 -5.1469
v 2.2465 19.9257 -2.2848
v 2.7063 19.3021 -2.8742
v 2.3182 20.1314 -2.4529
v 2.2177 19.6044 -2.9941
v 2.4516 19.8658 -3.2177
v 2.4154 19.5125 -2.8691
v 2.5139 20.0512 -2.4162
v 2.3753 19.9605 -3.0554
v 2.6461 19.7903 -1.8285
v 2.4826 18.8352 -4.3478
v 2.5587 17.8704 -4.9043
v 2.7667 19.1320 -2.2073
v 2.3810 19.2658 -3.3690
v 2.6651 19.0143 -3.8244
v 2.5291 18.7219 -4.6268
v 2.3394 18.4444 -4.8638
v 2.2429 18.2487 -4.7653
v 2.5600 19.8966 -2.9993
v 2.6512 18.5486 -5.4846
v 2.4179 18.4871 -6.3207
v 2.2993 18.6371 -5.9991
v 2.4668 20.3177 -2.1333
v 2.2826 19.5105 -3.3869
v 2.8739 19.9404 -3.3439
v 2.8145 19.7238 -3.3205
v 3.1433 19.4220 -1.9327
v 2.4068 20.1105 -2.1679
v 2.6908 18.5320 -4.4579
v 2.7604 18.2896 -4.2467
v 2.7807 19.1531 -2.6237
v 2.9360 20.0643 -1.8337
v 3.0503 19.1930 -3.3544
v 2.6136 18.9231 -4.7155
v 2.9031 19.8784 -1.7800
v 3.4444 19.6413 -1.8132
v 2.6870 19.9119 -2.6247
v 2.7504 19.3304 -3.0401
v 3.2649 19.5077 -3.4937
v 3.0592 18.5080 -3.8476
v 2.6534 19.3243 -1.5570
v 2.9351 18.8967 -4.0425
v 3.0434 19.2480 -3.6357
v 3.0140 19.0910 -4.1427
v 3.0441 19.3615 -3.6406
v 3.1018 18.6028 -3.9622
v 3.1227 18.9165 -3.3916
v 3.1147 19.6151 -3.2093
v 3.3506 19.3914 -3.5407
v 3.3095 18.0054 -4.4387
v 3.5382 18.0850 -4.0587
v 3.6126 19.4417 -3.2473
v 3.8151 18.8572 -4.9522
v 3.4494 18.6769 -3.3314
v 3.4523 18.2892 -3.7623
v 3.6603 18.5512 -3.7018
v 3.6583 19.1975 -3.7305
v 3.5632 19.0232 -3.0861
v 4.0609 19.5154 -3.3588
v 4.2542 18.8086 -5.2645
v 5.3670 19.0243 -3.5081
v 2.5829 20.2430 -2.5351
v 2.7878 13.5002 -5.7660
v 2.4871 16.7006 -6.8636
v 3.1094 16.2812 -5.4200
v 2.8349 16.5707 -5.8981
v 2.8574 16.4215 -6.3023
v 2.4415 16.4672 -5.8279
v 2.6519 15.1731 -5.5704
v 4.0214 18.4561 -5.8667
v 4.0898 14.4082 -4.7848
v 2.7053 13.7841 -5.7315
v 3.1752 13.4812 -5.4933
v 3.4090 13.8574 -5.3601
v 3.5753 16.4631 -6.2865
v 3.7775 17.2106 -6.4133
v 3.2399 16.4109 -5.6140
v 3.7298 11.9749 -6.1816
v 3.7875 11.7870 -6.2833
v 4.3140 13.7813 -4.9624
v 3.9670 13.6306 -4.9712
v 3.9294 16.3406 -5.3972
v 5.3111 18.3953 -4.9674
v 4.5204 14.0933 -4.5457
v 4.2472 16.7140 -4.4651
v 4.0485 16.5138 -4.8547
v 4.6703 12.0606 -5.7451
v 4.6740 13.7259 -4.3038
v 4.2107 16.6381 -4.2226
v 5.1784 16.3685 -4.6263
v 5.1334 13.8783 -3.9670
v 4.7680 16.4628 -3.6331
v 5.5043 17.5963 -4.9296
v 4.8070 14.1360 -4.2258
v 5.0155 12.8087 -4.8169
v 5.4286 13.0935 -3.7484
v 4.5541 16.3900 -5.0316
v 4.6682 12.4891 -5.3553
v 5.8333 11.4860 -5.0877
v 5.3081 14.1279 -3.4106
v 5.6535 18.1258 -4.7538
v 6.2069 9.1535 -5.8042
v 5.5591 16.4835 -4.2726
v 5.3934 16.2184 -3.9875
v 5.5223 14.2001 -3.0035
v 5.4236 13.8973 -3.4609
v 5.8617 16.5334 -3.1693
v 5.7772 18.4204 -4.4136
v 5.6886 14.2595 -2.3779
v 5.9406 12.8831 -2.5389
v 5.4047 12.7033 -4.5081
v 5.7995 12.9623 -3.3665
v 5.3598 13.7848 -3.1004
v 5.6858 13.8668 -2.5264
v 6.1005 16.7198 -3.3770
v 5.9775 13.1168 -1.9508
v 5.6389 13.1231 -3.5291
v 5.8168 16.5623 -2.0460
v 6.0752 13.1045 -2.1756
v 6.1685 13.0400 -1.2921
v 6.1168 12.8828 -2.2503
v 6.2829 12.7661 -1.3394
v 7.5728 8.5617 -3.1941
v 4.1265 12.2138 -5.7533
v 3.9776 14.0068 -5.0895
v 4.1271 9.7646 -6.8250
v 3.6866 16.6643 -6.3895
v 4.9287 12.2668 -5.4602
v 5.1819 11.2732 -5.8847
v -4.9611 14.3789 2.5792
v -3.7791 15.3903 4.3314
v -3.8556 14.3768 3.6220
v -3.9793 14.8866 4.0016
v -4.0051 15.7200 4.0385
v -3.2670 13.9070 3.2287
v -3.0247 15.9539 4.6085
v -3.1674 14.0226 2.6364
v -1.0676 14.6316 5.6372
v -2.3966 15.8743 5.4063
v -1.9101 14.9813 5.5329
v -2.0262 13.9816 4.1611
v -2.2159 14.5773 3.0122
v -2.1784 16.3454 5.0353
v -2.9576 14.2051 2.3621
v -2.3642 14.2877 2.8340
v -1.8644 14.0326 3.7745
v -2.1012 14.2548 3.0782
v -2.7942 12.6292 2.5472
v -2.9277 14.0680 2.4100
v -2.0623 14.0952 2.8714
v -1.9900 15.3301 2.9394
v -1.5952 15.9189 5.7927
v -2.6969 14.0068 2.3290
v -1.1375 14.4419 4.1022
v -1.6610 13.2080 3.4391
v -2.7171 12.7701 2.7122
v -2.3845 15.2886 2.8769
v -1.8957 15.1194 2.7623
v -2.8032 14.1753 3.0253
v -1.7593 12.6546 3.0807
v -1.5073 12.9461 3.6402
v -1.2356 15.1059 3.5704
v -2.5118 12.6110 2.4909
v -0.4202 12.4010 4.2480
v -1.3071 16.0758 4.0062
v -1.2629 14.5279 3.4601
v -1.1481 13.2646 3.7274
v -1.4638 16.3345 4.3401
v -1.5797 16.8733 4.3348
v -1.4823 16.6195 4.0250
v 0.0137 14.8405 4.0369
v -0.3733 16.6897 4.9716
v -0.7112 15.9237 6.0105
v -1.1464 15.6032 3.1326
v -1.1670 15.8043 3.6500
v -1.0105 15.7102 2.5666
v -1.1833 15.8345 3.2841
v -1.2005 15.6624 3.7528
v -0.6621 16.6089 4.0866
v -1.3216 16.2983 4.2018
v -1.5178 12.7843 3.3458
v -0.5316 12.5186 4.2302
v -1.2078 16.8114 4.1407
v -1.4878 16.5926 4.4915
v -1.1296 16.3461 4.4273
v -0.4885 15.8743 2.7464
v -0.6600 13.3575 4.1135
v -0.7907 15.9207 3.5946
v -0.7805 14.7002 4.4632
v -0.7512 14.3502 5.0813
v -0.5000 15.4942 3.1905
v -0.6523 15.7444 3.3247
v -0.2456 13.3950 4.4076
v 0.4542 14.6973 6.0017
v -0.1621 16.0195 2.8097
v -0.3280 16.8500 3.7966
v -0.8853 16.2783 4.0624
v -0.2080 16.9246 2.9010
v -0.0985 14.8500 4.1804
v -0.8033 16.0325 4.1131
v -0.8251 12.8383 3.5136
v 0.1167 12.9700 3.9443
v -0.1262 16.5783 3.7459
v -0.5501 15.5986 3.5249
v -0.1055 15.6686 3.1802
v 0.3610 12.3738 4.6665
v -0.4110 16.2325 4.1144
v 0.1858 16.6504 3.2836
v -0.2629 15.9934 2.5040
v -0.2461 16.1614 3.2741
v -0.5188 16.5349 4.4400
v 0.8939 16.5245 5.9018
v -1.7254 15.2830 5.7701
v -0.8188 15.3186 6.0659
v -2.3358 17.1565 1.3086
v -2.7569 17.1739 1.4731
v -1.9391 17.4473 1.4885
v -1.5638 16.6444 1.2674
v -2.2894 16.8201 1.1859
v -1.9441 16.6194 1.2968
v -2.0487 17.1618 0.3909
v -2.0155 17.1122 1.3653
v -1.7609 17.3079 1.3480
v -1.4438 15.8314 2.6800
v -1.6640 16.8804 1.3578
v -2.0891 15.5731 2.7731
v -2.2729 17.1770 1.7163
v -1.8830 17.4694 0.0966
v -1.7140 16.9067 0.3269
v -1.6213 16.1244 1.1749
v -1.8191 15.7522 2.8618
v -1.4673 17.8336 0.8464
v -1.5244 16.8237 0.4317
v -1.6056 17.5774 3.2706
v -1.3840 16.0305 1.2085
v -1.4869 16.2829 0.3752
v -1.6073 16.3137 1.4878
v -1.4642 17.0013 1.5669
v -0.8878 17.2655 2.2900
v -1.6586 17.7709 1.3094
v -1.8625 17.0291 0.5562
v -1.4715 15.4746 2.1844
v -1.8957 17.8041 1.7864
v -1.5885 18.2685 1.3535
v -1.0903 16.2998 0.7064
v -1.7814 16.0665 0.7468
v -1.6896 17.2278 3.5918
v -1.5702 18.4930 0.8121
v -1.2466 16.0573 1.8406
v -1.5768 17.8311 1.5939
v -1.4199 18.1674 1.2104
v -1.2155 16.4778 1.6724
v -1.2276 16.7185 -0.4948
v -1.7069 17.1673 2.0384
v -1.4371 17.1686 2.9212
v -0.9031 17.5161 2.8425
v -1.1489 17.2883 3.0913
v -1.5710 15.6715 2.3744
v -1.3326 17.4991 0.3278
v -1.4469 17.7520 0.9702
v -0.9505 17.2851 0.1589
v -1.4636 18.3480 1.0183
v -1.4447 16.8556 2.7313
v -1.1216 18.5423 1.5542
v -1.2817 17.5358 1.2157
v -1.1040 17.6101 -0.0133
v -1.1855 17.9954 1.5564
v -1.2961 15.7221 2.1268
v -1.3339 18.2285 0.2765
v -1.1364 15.4794 2.9724
v -0.9960 18.3172 1.4735
v -1.1673 15.7962 1.6862
v -1.3250 16.1690 1.4651
v -1.1542 16.1979 2.1578
v -1.2912 16.6283 2.1377
v -1.3029 18.1267 0.9401
v -0.9130 17.1073 1.9993
v -1.1949 15.8386 2.1501
v -1.1907 18.7782 0.5493
v -1.2059 18.6861 1.1322
v -1.3440 16.7115 2.4352
v -0.4747 17.0500 2.5784
v -0.6227 18.9545 1.1578
v -0.9696 16.6928 1.7838
v -0.9804 18.1262 1.0073
v -0.6981 17.0412 3.0351
v -1.1859 15.5759 2.4815
v -0.9873 15.7477 1.9770
v -0.6417 18.4333 1.9403
v -1.0257 15.9830 2.0506
v -1.0570 17.3188 3.5620
v -0.5492 16.8943 0.1719
v -0.3096 18.5642 1.5245
v -0.6398 18.8959 1.6802
v -0.4495 16.7597 2.2822
v -1.2297 16.4569 2.2019
v -0.7440 18.4612 1.3538
v -0.1690 18.6631 1.7184
v -0.7247 17.5145 3.1023
v -1.0865 16.0308 2.1998
v -0.2465 16.6611 2.5044
v -0.7224 18.9439 1.4852
v -0.8928 19.0998 1.5426
v -0.3884 16.8825 0.1354
v -0.2309 19.3729 1.0843
v -0.6914 18.5404 1.6308
v -0.5329 17.8631 1.6692
v 1.2606 19.7294 2.8611
v -0.8656 17.4435 1.1207
v -0.5440 17.5165 2.5152
v -0.6984 18.0237 1.8911
v -0.2832 18.3107 1.9016
v -1.2789 16.7983 1.4845
v -0.8274 17.3115 0.3919
v -0.4152 16.3375 1.5125
v -0.6047 16.4762 0.7652
v -0.5538 16.0365 1.6619
v -0.2104 17.0570 2.6680
v -0.3793 18.5892 1.9025
v -0.2040 18.8037 1.3432
v -0.3691 17.8091 1.7400
v -0.7302 17.1802 0.7571
v 0.0950 19.0929 1.3011
v 0.0488 18.2795 0.4720
v -0.0150 19.3750 1.2604
v -0.1234 16.9701 2.7036
v 0.0751 18.3163 0.7674
v 0.3081 18.4528 0.7672
v 0.0988 18.4654 1.5467
v 0.4145 17.8198 1.4255
v -0.2465 18.1453 1.7055
v -0.0061 18.0555 1.7159
v 0.0858 18.0590 1.6624
v -1.7041 17.4583 0.5681
v -0.3932 16.6910 0.6499
v -4.7929 16.3375 0.0651
v -4.7181 15.9471 0.3462
v -4.8182 16.0658 0.5242
v -4.6680 16.5946 -0.1161
v -4.8394 15.8312 2.1215
v -4.5539 15.8002 0.8668
v -4.4121 16.5618 -0.3147
v -4.5154 15.9541 1.1932
v -4.2917 15.8064 1.1914
v -3.8378 16.6485 1.0486
v -4.5377 15.6320 0.7353
v -4.3275 15.9727 1.9558
v -4.4572 15.6101 0.3269
v -4.3083 16.3926 -0.0532
v -4.1474 16.1675 -0.2625
v -4.0929 15.7425 -0.0323
v -4.0861 15.4452 0.4738
v -3.9469 15.7500 1.5370
v -4.0974 15.9064 1.0103
v -4.4761 15.9737 0.5343
v -3.8100 15.4616 1.0177
v -3.8244 15.2910 1.2665
v -4.4278 15.4821 0.5826
v -3.4110 17.2684 0.4173
v -3.7482 17.2551 0.0021
v -3.8672 16.2794 1.5689
v -3.5571 16.2170 1.1233
v -2.8042 16.1713 4.0770
v -3.6248 16.5814 -0.2427
v -3.5942 16.5260 -0.4081
v -2.8979 15.4942 2.6105
v -3.6685 14.7289 1.8079
v -3.3713 15.7348 1.4445
v -4.1257 14.3318 0.5460
v -3.6228 16.5366 1.5212
v -3.7482 15.5203 1.4990
v -3.2268 15.5923 1.2983
v -3.2916 16.7080 0.6951
v -2.8794 15.5574 1.5004
v -3.1092 15.1920 1.8022
v -3.3069 16.5308 1.3187
v -3.6876 15.8747 1.5431
v -3.7117 14.3441 1.4438
v -3.7304 16.1188 1.4809
v -3.1447 16.9561 0.7570
v -3.1315 17.1195 0.1914
v -3.2818 17.1598 0.7617
v -3.4401 16.7147 1.4166
v -3.2786 15.5202 0.9639
v -3.1249 15.8852 0.9250
v -3.4711 15.5384 1.0977
v -3.1788 16.6153 1.2517
v -3.1665 16.2705 1.3973
v -2.5932 15.4140 1.9258
v -2.9608 16.3673 1.6669
v -3.0876 16.3256 2.0165
v -2.7419 16.7706 1.3696
v -3.1091 16.6308 0.2909
v -2.8590 17.0561 0.6644
v -2.7199 16.0401 2.7113
v -2.9274 16.0588 1.0731
v -3.1192 16.4324 1.2274
v -2.9520 16.3650 0.9503
v -2.8297 16.5159 0.4216
v -2.9877 17.1692 0.9557
v -2.9869 16.6763 0.9412
v -2.8525 16.6741 0.7168
v -2.7182 16.1516 1.5547
v -2.7857 16.1592 2.0692
v -2.9960 16.3698 -0.0547
v -2.3889 16.9167 0.4280
v -2.7283 15.7786 1.2791
v -2.9401 15.6999 1.2460
v -2.8277 15.8475 2.3857
v -2.7267 16.4938 1.6025
v -2.8161 16.3664 1.2233
v -2.4938 16.6486 0.7478
v -2.5823 17.0102 1.4595
v -2.6411 17.5771 -0.0756
v -2.6109 17.1996 0.5782
v -2.8346 15.8767 1.6477
v -2.4467 15.7715 1.3847
v -2.6076 17.1068 0.9243
v -2.8776 16.8610 1.6620
v -3.0582 16.4949 2.1555
v -2.0896 16.9760 0.8706
v -2.7725 16.9623 1.1534
v -2.5074 15.5346 2.8650
v -2.2345 15.1674 2.5058
v -2.5755 17.3732 0.2950
v -2.1360 16.4258 0.4569
v -2.1756 16.1585 2.4546
v -1.8851 16.4354 -0.2660
v -2.7845 16.3638 0.0796
v -2.1643 17.0205 1.3096
v -2.8897 15.6372 2.2906
v -2.1467 17.0831 -0.0504
v -1.8875 15.6070 2.4527
v -1.7450 15.8328 3.4150
v -2.5549 16.5986 1.2801
v -1.8896 16.7105 1.0513
v -2.2475 16.6985 0.7037
v -1.5534 16.2409 2.1858
v -1.3920 15.6691 2.5044
v -2.3933 15.8372 2.8549
v -2.1888 16.0524 1.1623
v -1.8268 16.5120 0.3176
v -1.8710 16.2287 0.2971
v -1.6884 16.3043 0.1052
v -2.3358 15.7808 2.5130
v -2.2582 16.3277 1.1476
v -1.9651 16.5905 0.9253
v -1.8369 16.7250 0.1761
v -4.1919 15.6211 0.4130
v -3.9787 15.9851 3.6596
v -3.0212 15.8494 2.8496
v -2.7073 14.9298 2.4664
v -6.1477 14.9114 -1.9124
v -6.1608 14.3411 -0.2492
v -6.1070 15.3429 -1.5094
v -6.0748 14.8011 0.6610
v -6.0362 14.4146 0.4183
v -5.7583 15.2067 1.2071
v -5.7337 13.7863 -0.3128
v -5.6201 13.7020 -0.7125
v -4.9851 14.1287 -2.8455
v -5.0340 13.9398 1.5917
v -5.4554 15.7037 -1.4828
v -5.3242 13.5947 -0.2765
v -4.8142 13.6771 -1.1407
v -5.0970 15.6124 -0.0879
v -4.6885 15.5946 3.0774
v -4.7483 15.1855 -0.4408
v -3.9459 13.7502 2.3770
v -4.6804 13.7486 0.3060
v -4.5844 13.5888 -1.1121
v -4.7456 12.6216 -1.2726
v -4.7026 13.7025 -0.8477
v -4.6691 11.9813 -1.1767
v -4.6935 13.2661 -0.9136
v -4.5405 11.3497 -0.4657
v -4.7168 11.3516 -1.3714
v -4.2941 11.7717 -1.3232
v -4.5465 12.2218 -1.2155
v -4.6698 12.1352 -0.6598
v -4.4374 13.1760 0.3989
v -4.6085 13.6489 -0.8758
v -4.5063 13.9931 0.3074
v -4.6015 11.2581 -1.4512
v -4.5579 11.5728 -1.6288
v -4.7420 14.9852 -1.2128
v -4.4388 11.4322 -2.0484
v -4.1498 11.8325 -0.8152
v -4.5289 10.6523 -1.4786
v -4.4578 12.3876 -0.5368
v -4.4956 12.6843 -0.8194
v -4.4320 12.6620 -1.0643
v -4.4827 12.5919 -1.3118
v -4.4272 12.1700 -0.7236
v -4.3699 13.5688 0.5757
v -4.5255 13.4168 0.4428
v -4.3346 13.5612 -0.9242
v -4.1298 11.7902 -1.4628
v -4.4483 11.9454 -0.0377
v -4.4711 12.0255 0.4087
v -4.2997 12.0770 -0.7847
v -4.4152 13.1775 -0.9002
v -4.3473 14.1722 -0.3879
v -4.2204 12.2955 -0.6603
v -4.5011 12.3950 -1.0693
v -4.3583 12.4513 0.6240
v -4.2794 12.0481 0.3960
v -4.4405 12.1464 -0.1048
v -4.1620 12.0169 -0.1242
v -4.4895 12.4757 0.5332
v -4.3606 12.6864 -1.5600
v -4.1553 13.4482 0.4629
v -4.3959 10.9662 -1.4692
v -4.4228 11.3956 -1.7180
v -4.2470 11.8341 -1.6560
v -4.2007 11.8306 -1.3893
v -4.2353 11.5486 -2.7168
v -4.2578 11.1493 -3.5744
v -4.1520 11.6838 0.6385
v -4.2027 12.6330 0.3516
v -4.2478 13.5737 -0.2961
v -4.2204 13.1730 0.3398
v -4.4885 11.1990 -1.1931
v -4.3295 11.8585 0.3636
v -4.3335 13.4437 0.7393
v -4.0999 11.7830 -2.1121
v -4.2357 12.1421 0.2623
v -3.9654 13.4530 0.4557
v -3.9022 12.0652 0.9093
v -4.0627 11.9663 -1.3231
v -4.2566 12.2913 -1.1829
v -4.2548 11.7524 1.6360
v -4.0773 12.0442 1.2655
v -3.9642 11.8201 0.2334
v -4.0978 12.2149 -0.1599
v -4.0098 12.6495 0.5158
v -4.0369 11.6831 0.5449
v -4.0952 11.9739 0.2757
v -3.9077 12.2846 -1.6505
v -4.1436 14.9486 0.2461
v -3.6181 15.5415 0.4624
v -4.2584 15.1492 -0.4361
v -4.2997 11.6289 -2.2660
v -4.5951 11.2180 1.6038
v -3.8525 11.7448 1.0267
v -4.2600 15.5743 -0.1721
v -3.6782 15.7273 0.0855
v -3.8032 12.2780 -0.9297
v -4.0914 11.4367 0.4066
v -3.9196 11.8085 -0.2302
v -3.6255 16.1480 -0.3682
v -4.0946 12.2823 -1.3030
v -3.9343 12.1390 -0.8520
v -3.9515 11.9167 -0.8421
v -4.3730 15.3520 -0.6308
v -4.1711 15.4956 -1.3284
v -3.5917 12.3046 0.8058
v -3.8357 11.5912 0.3143
v -3.9133 12.4258 -3.0883
v -3.9707 12.2913 0.2654
v -3.8276 12.1701 -0.2037
v -3.8432 11.6063 -0.2633
v -3.7473 12.3342 1.7437
v -3.4684 14.1532 2.0502
v -3.7529 15.8673 -0.5583
v -3.8158 12.1225 0.2222
v -3.8438 12.3332 0.9085
v -3.5824 12.8278 1.5312
v -3.5930 12.4626 1.4669
v -3.5444 12.6123 1.7417
v -3.0444 12.9993 2.2037
v -3.2838 12.5366 1.9623
v -3.3720 11.5160 3.1722
v -4.4307 11.2103 -3.2595
v -3.0813 17.8660 -0.1809
v -2.9705 16.5567 -0.1919
v -2.9893 17.3645 0.4212
v -2.3774 17.9044 -0.2042
v -2.7241 17.6506 -0.6975
v -2.7864 17.1501 -0.6112
v -2.7399 17.1534 -1.1676
v -2.7166 17.7744 -0.0488
v -2.7362 17.2792 -0.2503
v -2.1365 16.6530 -0.7581
v -2.1747 18.3650 0.2463
v -2.2376 18.2538 0.1212
v -2.2978 16.7909 -0.1589
v -2.1007 18.1701 -0.1108
v -2.6838 18.1308 0.2233
v -2.3763 17.2854 0.1070
v -2.0081 17.9148 -0.3414
v -2.2031 18.6996 0.2101
v -2.3076 17.4861 0.0148
v -2.3203 17.7466 0.0714
v -1.6737 17.9606 0.3041
v -1.9560 18.9937 -0.0944
v -2.0835 18.3223 -0.0322
v -1.9400 19.1589 -0.5353
v -1.8596 18.9279 -1.0070
v -1.8107 18.8522 -0.1288
v -1.5750 17.3875 -1.4510
v -1.8661 17.6479 0.0736
v -1.7180 18.0755 -0.5240
v -1.7484 18.5148 0.3435
v -1.5709 17.3600 -0.2505
v -1.6540 16.8226 -0.0632
v -1.2590 18.1570 -1.0253
v -1.5005 18.3473 0.4978
v -1.5047 17.7554 -0.2481
v -1.5373 17.6929 -0.9701
v -1.3069 17.5291 -1.1758
v -1.5083 18.5118 -0.3932
v -1.4790 18.8485 -0.4497
v -1.9500 18.0224 -1.4027
v -1.1853 18.5269 -1.0631
v -1.3760 18.7838 0.1229
v -1.4505 18.8402 0.9388
v -1.6662 18.8074 -1.5925
v -1.3599 19.0049 -1.2836
v -1.2974 18.7626 -0.6929
v -1.4077 19.1803 -0.8720
v -1.2618 18.6236 -0.0666
v -1.1938 18.5719 -0.8057
v -1.4820 18.7857 -1.0502
v -1.2555 19.2156 -1.3224
v -0.9775 19.5360 -0.6461
v -0.7845 18.9031 -0.4017
v -1.1917 18.8636 0.1910
v -0.8663 18.5530 -1.1753
v -1.0303 19.4976 -0.3721
v -1.1161 18.2237 0.7062
v -1.3089 17.8630 0.0236
v -1.1379 18.3168 0.2230
v -0.6801 18.6177 -0.1015
v -1.1366 18.5815 -1.5729
v -0.7616 19.0751 -0.2545
v -1.0856 18.7187 0.1525
v -0.7265 19.3154 -0.2164
v -1.4458 19.0875 -0.0447
v -1.1386 19.1528 0.8927
v -0.2664 20.0419 -0.0364
v -0.8788 19.3260 -0.4204
v -0.3860 21.0906 -1.2251
v -0.4940 20.9750 -1.0252
v -0.3740 20.5310 -1.1607
v -1.2063 19.0268 -1.3679
v -0.2740 19.8146 -0.6617
v 0.0010 19.9312 0.1201
v -0.6725 19.7574 -0.3521
v -0.4953 19.6269 -0.3719
v -0.0584 19.6231 0.7765
v -0.1636 19.4492 1.4068
v -0.2344 20.9104 -0.7314
v -0.1652 19.7709 1.3110
v -0.3681 19.5415 1.5051
v -0.0953 19.2655 1.0103
v -0.3025 19.3866 -0.3524
v -0.2132 19.6459 0.1018
v -1.4957 18.5623 -0.8591
v -3.8762 19.7759 -2.8410
v -4.1858 19.3251 -2.8400
v -3.5563 18.5517 -1.8037
v -3.6791 19.6867 -1.7768
v -2.9887 18.9297 -2.2697
v -3.5580 18.3164 -2.4588
v -2.8853 18.5831 -2.3358
v -3.0240 18.9821 -1.8509
v -3.0936 17.6192 -0.6762
v -3.2075 17.9770 -1.1676
v -3.0753 19.1077 -2.8541
v -2.6244 18.2004 -2.1556
v -3.0043 18.2602 -2.0711
v -2.9817 18.2448 -1.5135
v -3.0305 17.8424 -1.2982
v -2.8010 18.0638 -1.5020
v -2.9124 17.7490 -0.6861
v -2.6614 17.9420 -1.5092
v -2.8249 18.3656 -1.0609
v -2.6865 17.4047 -1.2166
v -2.8415 17.5994 -0.9993
v -2.7794 17.7144 -1.5428
v -2.5748 17.9630 -1.8590
v -2.7744 18.3981 -2.2849
v -2.3522 17.7423 -1.2327
v -2.1349 18.5088 -2.7975
v -2.3090 18.5748 -1.5620
v -2.0848 19.0213 -3.3517
v -2.7945 18.4343 -3.4959
v -2.6112 17.4202 -1.1354
v -2.4391 17.2499 -1.2697
v -2.4557 17.1488 -1.5048
v -2.5087 17.8486 -2.2505
v -1.8136 18.5098 -1.8308
v -2.3217 19.5514 -2.8889
v -2.6555 18.1709 -1.5835
v -2.3382 18.2487 -3.0695
v -2.3538 17.9942 -3.2354
v -2.4274 18.1534 -2.6868
v -1.8327 17.3281 -1.6185
v -2.0678 17.5222 -1.7663
v -2.2232 18.6871 -2.8893
v -2.3203 19.2556 -2.7614
v -2.1421 18.3356 -2.0849
v -1.7242 19.0577 -1.4827
v -2.4431 17.7748 -1.8652
v -2.0916 19.2960 -1.9585
v -2.2678 19.1444 -2.4041
v -2.1138 17.1557 -1.2715
v -1.5440 19.6257 -2.2541
v -2.0601 17.9983 -2.3380
v -2.0680 18.1124 -1.9378
v -2.0933 18.3637 -3.1200
v -2.3707 18.5505 -1.6919
v -2.3339 18.8810 -1.3804
v -2.0723 19.0820 -1.0607
v -1.8344 17.7470 -2.6513
v -2.0505 19.2064 -2.5899
v -1.7644 19.7081 -3.5315
v -2.0716 17.7242 -1.8080
v -1.9317 17.5946 -1.6488
v -2.0817 17.9281 -1.1940
v -2.1921 18.6093 -3.1930
v -2.0139 18.0452 -2.4557
v -2.0365 18.2915 -2.7066
v -2.1497 18.6130 -3.3807
v -1.9752 17.9467 -3.0891
v -1.8868 17.6445 -3.1050
v -1.8456 18.8920 -3.3354
v -1.6695 18.2427 -1.8777
v -1.9518 18.1060 -2.4223
v -1.3016 18.3984 -2.7483
v -2.0436 17.4457 -2.0598
v -1.6605 19.1215 -2.9619
v -1.8904 18.9696 -2.4161
v -1.9133 19.2356 -3.1000
v -1.6554 17.6992 -1.2723
v -1.9020 17.7376 -1.3586
v -1.6404 17.4631 -1.7565
v -1.6714 18.9724 -3.1540
v -1.7182 19.0931 -2.1245
v -2.0331 19.0994 -2.0059
v -1.6108 18.5964 -2.8035
v -1.4755 19.4490 -3.4094
v -1.5939 18.5219 -1.5376
v -1.4272 18.1783 -1.3525
v -1.9825 19.3977 -3.0394
v -1.9018 19.8844 -3.4213
v -1.5246 18.7967 -1.6840
v -1.6309 18.5505 -2.1722
v -1.6926 18.9527 -2.6197
v -1.5871 18.7425 -3.0929
v -1.0861 19.5403 -3.3686
v -1.2769 19.7710 -3.3855
v -1.6695 18.7972 -2.3680
v -1.2112 19.9346 -3.5946
v -1.3442 20.1330 -3.5157
v -1.5027 19.3729 -1.6984
v -1.4260 19.1552 -1.7669
v -1.3117 19.2173 -2.0376
v -0.7049 19.7401 -2.1111
v -0.6740 19.0787 -2.3295
v -0.8300 20.8077 -1.7049
v -0.4327 20.0922 -1.5709
v -0.6721 20.8720 -1.7927
v -0.4961 20.8772 -1.9616
v -0.9138 20.5255 -1.9622
v -4.1891 19.2779 -1.7898
v -5.7571 17.7988 -1.9767
v -5.0753 17.1154 -3.3766
v -5.2034 17.6199 -3.3891
v -3.0726 15.6214 -6.4462
v -4.6171 16.7668 -3.0324
v -4.8083 17.1630 -3.2609
v -4.3736 17.9353 -2.2424
v -4.3142 18.1968 -2.9823
v -4.7887 16.2283 -4.2645
v -3.5383 18.6557 -2.9182
v -3.6119 18.5063 -2.1415
v -3.6984 18.6570 -1.8211
v -3.9761 17.3370 -3.2148
v -3.9020 17.8511 -2.4433
v -3.9649 17.6523 -2.8902
v -3.8603 17.5852 -2.4715
v -3.9031 17.8942 -3.3123
v -3.8221 17.1051 -3.2240
v -3.8539 18.0488 -2.7686
v -3.7809 17.6500 -3.3043
v -3.5287 17.5636 -3.4757
v -4.0562 16.2933 -4.0532
v -3.6541 19.7329 -2.8560
v -3.3296 17.9555 -1.9947
v -3.5202 16.3692 -3.8386
v -2.6452 17.4925 -6.1615
v -3.7447 15.9181 -3.9432
v -3.8342 17.3876 -2.5763
v -3.6138 17.2408 -3.0437
v -3.5534 17.8779 -2.7720
v -3.6677 16.7746 -2.6070
v -3.8113 17.7782 -2.9322
v -3.5796 17.6722 -3.2333
v -3.7307 17.7586 -1.8538
v -2.7770 16.8513 -6.7568
v -3.8215 15.9185 -2.7169
v -3.4274 17.1630 -3.6296
v -3.4739 17.5200 -2.0594
v -3.7665 17.3647 -2.2219
v -3.5274 17.3231 -2.6745
v -3.3712 16.2175 -4.3096
v -3.5164 16.9758 -2.6270
v -3.4456 17.3527 -2.1865
v -3.7047 17.8161 -3.6794
v -2.7763 18.1414 -3.8229
v -3.3961 17.5266 -2.2610
v -3.0525 17.2929 -3.7187
v -3.1844 16.9100 -2.6051
v -3.4686 16.2869 -2.5262
v -3.6064 16.5636 -2.3707
v -3.6907 17.3004 -3.5881
v -3.3407 17.7565 -1.5460
v -3.6138 18.0075 -2.4996
v -3.0696 17.3667 -1.1547
v -3.0491 17.7058 -3.5384
v -3.3438 17.6367 -3.7917
v -3.0730 16.2894 -4.4871
v -2.7070 18.3173 -2.4932
v -3.1244 17.6129 -1.4664
v -3.4665 17.7020 -1.0194
v -2.5898 17.7212 -3.6087
v -2.9578 16.5843 -3.7407
v -2.5686 18.6877 -2.4730
v -3.1369 17.0080 -2.9401
v -3.2861 16.1682 -3.8297
v -3.5396 18.1199 -2.1145
v -3.1282 17.5316 -1.7115
v -3.3262 18.0548 -1.5308
v -2.9636 17.1880 -0.9428
v -3.3160 16.8648 -3.6376
v -2.8751 16.9025 -3.6410
v -2.6906 17.7657 -1.8443
v -2.9350 17.8114 -1.9420
v -2.6456 17.2478 -3.2416
v -2.9404 17.1037 -1.8175
v -2.5456 17.5502 -3.6062
v -2.8160 16.9825 -1.6181
v -2.8710 17.1729 -2.4750
v -2.5063 17.0319 -3.4080
v -2.7706 18.2226 -3.9870
v -2.7271 17.4127 -1.7085
v -2.5075 17.5264 -2.1704
v -2.5961 18.4301 -3.3042
v -2.7533 17.3098 -2.9458
v -2.5892 17.0342 -2.5508
v -2.1735 18.3661 -4.7685
v -2.4199 18.0919 -3.3865
v -2.3717 17.3423 -2.6423
v -2.6986 18.0647 -3.8728
v -2.3697 18.0580 -4.4242
v -2.3818 18.0348 -3.6353
v -2.4574 18.1305 -3.7185
v -2.1881 17.7030 -2.5028
v -2.7191 17.2935 -2.6779
v -4.6116 15.7577 -5.0437
v -5.9522 15.3540 -2.2514
v -6.0412 15.3354 0.0316
v -5.3572 15.1347 -3.8823
v -6.1421 14.5442 -1.6760
v -5.5245 14.5949 -2.9381
v -5.3316 15.6585 -3.2287
v -5.4580 15.6789 -2.4421
v -5.4781 15.5614 -1.7718
v -5.3751 17.0706 -1.7885
v -4.9349 15.4240 -1.8008
v -5.1982 16.3146 -1.8286
v -5.1607 17.4021 -1.8160
v -5.0921 16.9827 -1.8932
v -5.7775 16.4332 -3.1534
v -5.1515 14.7673 -4.1696
v -5.0404 14.0625 -3.3373
v -5.6394 16.7817 -3.4372
v -5.7901 16.4984 -2.6339
v -4.8541 16.5599 -1.8281
v -4.9742 15.8202 -2.9493
v -4.6695 16.9098 -3.3333
v -5.1380 16.4270 -3.1132
v -5.0027 15.5505 -1.5382
v -4.2705 13.8990 -2.0321
v -4.7259 17.5755 -1.8270
v -4.6231 17.4215 -2.4132
v -4.7363 15.9144 -3.1156
v -4.2707 16.3915 -4.1817
v -4.9927 15.7045 -2.2932
v -4.4733 16.3344 -1.8597
v -4.4409 15.2115 -2.0684
v -4.1580 17.0453 -0.2290
v -4.3734 16.6226 -0.5937
v -4.5709 16.3148 -1.1876
v -4.4019 15.2472 -2.0134
v -4.3271 14.7152 -2.0204
v -4.0077 14.0855 -3.0196
v -3.8265 17.0285 -0.2400
v -4.3949 16.1058 -1.2895
v -4.3163 16.2822 -0.7814
v -4.2481 16.1810 -1.4718
v -3.9963 15.8011 -3.0084
v -4.1257 16.3663 -0.5682
v -4.3123 15.6295 -1.4278
v -4.2003 15.9457 -1.6188
v -3.9642 16.2295 -0.5797
v -4.0879 15.5502 -1.7049
v -4.1498 15.7248 -1.8066
v -4.1012 16.9924 -0.4305
v -4.0525 15.8899 -1.7305
v -4.1886 16.2310 -1.9950
v -3.9764 16.5021 -2.2969
v -3.9944 15.6799 -2.0569
v -4.0543 15.9357 -1.1152
v -3.4401 17.7051 -1.5877
v -3.7287 15.9317 -1.9753
v -3.7401 17.1791 -2.3234
v -4.2856 16.5743 -2.1863
v -3.9086 15.9551 -3.4546
v -4.0864 15.7736 -0.8108
v -3.2135 16.6832 -0.2432
v -3.9266 16.1683 -2.0243
v -3.4395 16.6061 -0.8214
v -3.6028 16.6582 -0.6804
v -3.6096 16.9229 -0.0066
v -3.4457 17.1058 0.0614
v -3.6037 16.4009 -3.4257
v -3.6694 16.9963 -0.2728
v -3.8745 16.5407 -0.4089
v -3.3602 17.3718 -0.9540
v -3.3581 17.4474 -0.7546
v -3.7359 16.9542 -0.4374
v -3.4689 16.8648 -0.3645
v -3.2674 17.3027 -0.6853
v -3.1456 16.9519 -0.1156
v -3.1051 17.0004 -0.9168
v -2.6928 16.8997 -0.4706
v -2.9976 16.9510 -0.3674
v -3.1509 16.4765 -0.8537
v -2.8859 16.7611 -1.2378
v -2.6301 16.9010 -0.7099
v -5.9716 15.5102 -1.5261
v -10.0040 21.2059 -2.4840
v -10.0279 21.8667 -2.5141
v -9.9310 21.2844 -3.0517
v -9.8755 22.0596 -3.1364
v -9.6601 23.1102 -2.7951
v -9.7767 21.0806 -2.5243
v -9.8187 21.4022 -1.7476
v -9.4466 22.1558 -1.4512
v -9.4940 22.0624 -3.8020
v -9.4440 21.5729 -3.8055
v -9.3835 21.3773 -1.5380
v -9.3394 21.3813 -3.5602
v -8.9882 23.0144 -3.0907
v -9.3746 21.7132 -1.1971
v -8.9851 22.4819 -4.0569
v -8.2975 22.9432 -2.4952
v -9.7289 22.7950 -2.3160
v -8.4585 22.8640 -2.1440
v -9.1658 21.8597 -1.1735
v -8.7667 22.2063 -4.2556
v -9.0275 22.0082 -4.2141
v -9.0442 21.5600 -1.3620
v -8.9365 21.0718 -2.6401
v -8.9318 20.9414 -2.6423
v -8.0225 22.6990 -3.2924
v -8.4405 22.5060 -3.9179
v -8.7857 21.1165 -2.2542
v -8.5770 21.9162 -1.5153
v -8.8650 21.1029 -2.9795
v -8.6350 20.5750 -2.7480
v -8.3465 22.4502 -1.6290
v -8.0912 22.3521 -1.8959
v -8.2033 22.1975 -3.5986
v -8.2921 20.2095 -2.4973
v -8.2646 20.8190 -3.1996
v -8.2755 21.4674 -3.2361
v -8.5508 21.2121 -3.2204
v -8.4779 21.4351 -3.1984
v -8.4463 20.7388 -2.2115
v -8.2159 20.2720 -3.0008
v -7.3585 20.1034 -3.2105
v -8.0971 21.6026 -2.4205
v -8.0838 20.9365 -2.1763
v -8.5031 21.3733 -2.1725
v -8.0017 22.6875 -2.0970
v -7.9792 20.3678 -2.1993
v -7.6145 20.4263 -2.2044
v -7.8572 22.4471 -2.9418
v -7.5557 14.8215 -3.4729
v -7.3643 19.1364 -3.0565
v -8.0796 21.6953 -2.8860
v -8.1550 21.6604 -2.5261
v -8.1292 15.5965 -3.5096
v -7.7180 21.2159 -2.5469
v -7.8708 22.7967 -2.6366
v -8.2296 15.4404 -2.5322
v -7.8199 15.8835 -2.4333
v -7.7421 21.1762 -2.9601
v -7.9254 21.0639 -3.1899
v -7.6199 14.7360 -2.5815
v -7.4895 19.9805 -2.1305
v -7.0146 16.6568 -3.1988
v -7.3133 20.6606 -2.8510
v -7.2215 15.1106 -2.5044
v -7.3331 20.6581 -2.5456
v -6.4722 17.1585 -2.1000
v -6.4712 16.2659 -3.2720
v -7.7498 16.0274 -3.4277
v -7.1340 15.6427 -3.2054
v -6.8688 18.3119 -3.0270
v -7.2134 18.6359 -2.4999
v -6.9877 15.2484 -2.6806
v -7.1553 15.2487 -3.4225
v -6.5625 19.6972 -2.7657
v -6.9528 15.3402 -3.1881
v -7.1598 15.5438 -2.6122
v -6.4397 18.4297 -2.0739
v -6.5350 18.3953 -3.2269
v -6.6337 19.6314 -2.3552
v -6.9922 19.4849 -3.1956
v -6.7396 18.2729 -2.2669
v -6.6355 17.7005 -2.5015
v -6.0276 18.6860 -2.1777
v -6.6767 17.7906 -2.7772
v -6.2821 18.0831 -3.2219
v -6.3970 17.7735 -3.1026
v -6.2317 18.5879 -3.2050
v -6.2851 17.3634 -2.3492
v -6.3353 17.3157 -2.8140
v -5.9803 17.4995 -3.2557
v -5.9221 18.8084 -2.8236
v -6.4728 19.1470 -3.1415
v -6.1314 16.4094 -2.8347
v -6.2550 16.2521 -2.2197
v -5.7326 18.5397 -2.9930
v -5.4892 16.4452 -1.9249
v -5.9512 18.8603 -2.5315
v -5.8300 17.6011 -1.9759
v -6.0253 17.3488 -1.9259
v -6.0511 17.0478 -3.2606
v -6.0153 17.0470 -3.4440
v -6.2172 17.8857 -2.0622
v -5.8273 18.2515 -3.1833
v -5.6071 18.6231 -2.5672
v -6.0930 18.2096 -2.0141
v -5.9489 17.4877 -3.4469
v -5.5933 16.4742 -2.8076
v -5.5492 17.6616 -1.8394
v -5.5090 17.1688 -1.8527
v -5.7278 17.4089 -1.7953
v -5.5740 18.3889 -2.9376
v -5.4040 17.0803 -3.4603
v -5.3538 16.7384 -1.8813
v -5.8334 17.3212 -3.4907
v -6.0205 17.0135 -1.9271
v -5.5968 18.4037 -2.2697
v -5.1263 16.5011 -3.4181
v -5.6265 16.6045 -3.4088
v -5.7993 16.7914 -3.3283
v -5.5440 17.9956 -3.1285
v -5.3757 17.3748 -3.4722
v -5.5078 18.4775 -2.5410
v -5.3626 18.1653 -2.5184
v -5.5172 17.7647 -3.1618
v -5.5363 17.7493 -3.4107
v -5.0547 17.4088 -3.2226
v -4.7497 18.7412 -2.8918
v -7.5345 19.2805 -2.3184
v -7.8900 19.5945 -2.6304
v -7.0078 19.3768 -2.1026
v -5.9130 16.7999 -2.0160
v -1.8706 17.5647 -2.3061
v -1.3242 16.8674 -0.8847
v -1.6277 16.5686 -0.5869
v -1.7939 16.7876 -0.9991
v -1.8814 17.5339 -1.4932
v -1.1481 17.5635 -1.3592
v -1.1210 17.7495 -0.9125
v -1.4208 17.5405 -0.6122
v -1.3523 17.2101 -0.2289
v -1.0910 17.0991 -0.8690
v -0.7815 17.4620 -0.5144
v -1.1670 17.2344 -0.4389
v -1.2347 17.9505 -0.8705
v -0.7620 18.2363 -1.2494
v -0.8469 17.5249 -0.1800
v -1.3032 17.2941 0.3325
v -0.3112 18.8264 -1.7979
v -1.0181 18.7818 -1.3780
v -0.9388 17.7855 -1.1128
v -0.7841 17.9328 -1.0271
v -0.6234 18.5505 -1.0358
v -0.6421 17.3772 -0.3342
v -0.3455 18.5014 -0.9268
v -0.5823 18.2532 -0.9101
v -0.8861 18.4833 -0.9275
v -0.4377 18.5346 -0.4837
v -0.9318 18.2369 -0.1361
v -0.4437 18.6371 -0.1110
v -0.5676 17.4961 -0.1596
v -0.2720 17.4209 -0.2236
v -0.5450 17.1669 0.1670
v -0.3251 18.3553 -0.9263
v -0.3544 18.1371 -0.2161
v -0.7863 18.6646 -0.3473
v -0.4887 18.8412 -0.3837
v 0.0034 17.9464 -0.3863
v -0.0558 18.8905 -0.8203
v -0.0142 19.0355 -1.6999
v 0.0752 19.0136 -0.2731
v -0.4547 18.8584 -1.3158
v 0.0233 18.8966 -1.7681
v -0.3573 19.0563 -1.3599
v 0.0513 18.0808 -0.2692
v 0.1974 19.2733 -0.0314
v 0.0598 18.6741 0.2842
v -0.2177 19.1633 -0.3900
v 0.1471 19.4420 -1.2250
v -0.1985 19.8005 -1.1640
v 0.1488 19.6309 -0.5976
v -0.1173 18.4101 -0.3895
v 0.0334 18.4346 -0.2379
v 0.1524 19.3193 -0.5830
v 0.1985 18.7485 0.0623
v 0.1291 19.8429 -0.9328
v -0.2441 18.5574 -0.5036
v 0.1192 18.8671 0.2277
v 0.1661 18.1013 -0.5794
v 0.2910 18.6322 -0.1672
v 0.2070 19.4180 -0.0763
v 0.2437 19.6382 0.5880
v 0.3227 19.1309 -1.2834
v 0.3636 18.2287 -0.2649
v 0.6797 18.3224 0.2365
v 0.7174 17.2027 0.4491
v 0.3458 19.5898 -0.8500
v -0.6779 17.8661 0.3259
v 0.1165 17.7554 -0.3386
v -2.2291 17.3857 -2.8524
v -1.6122 17.7176 -2.7731
v -1.4881 18.0636 -3.1179
v -1.6530 17.7738 -3.8723
v -1.9082 18.0334 -3.4247
v -1.1300 18.6517 -2.7398
v -1.5163 18.2863 -2.4405
v -1.1547 18.8044 -2.8440
v -1.1141 18.1054 -3.1392
v -1.0863 18.4894 -2.9031
v -0.9358 18.6129 -2.5428
v -0.8525 19.3410 -2.8895
v -0.8706 19.0985 -3.6500
v -0.9115 18.3788 -2.9291
v -0.8870 19.7845 -3.1697
v -0.6294 19.1313 -3.6925
v -0.5922 18.7825 -3.1340
v -1.2070 18.2758 -2.7524
v -0.1820 18.6601 -2.6373
v -0.7595 18.1040 -3.7237
v -0.7314 19.9954 -3.3373
v -0.6910 19.7581 -2.8741
v -0.1030 19.4396 -3.3478
v -1.1917 19.0367 -2.0815
v -0.7609 19.5488 -3.1155
v -0.4862 20.2463 -2.4215
v -0.7640 19.8161 -2.2303
v -0.5497 19.8909 -2.3687
v -0.4575 19.8728 -2.7862
v -0.7795 19.5032 -2.3434
v -0.7033 20.1945 -3.0833
v -0.6194 19.5478 -2.2725
v -0.5414 18.4310 -3.4753
v -0.2372 19.5285 -2.6646
v -0.6113 19.5551 -2.1518
v -0.5067 20.0319 -2.6672
v -0.3114 19.1391 -2.9471
v -0.0712 19.4848 -2.3610
v -0.7816 18.6439 -2.9510
v -0.3949 18.3906 -2.9149
v -0.1292 19.0881 -3.2685
v 0.2244 19.2928 -2.0728
v 0.5430 18.9471 -3.0369
v -0.3514 18.8165 -3.1477
v 0.2525 18.8581 -3.2190
v -0.0993 19.0810 -2.8767
v -0.3955 19.0453 -3.1997
v -0.4720 19.6252 -3.8183
v 0.2145 19.9662 -3.3319
v -0.3684 19.3445 -2.3436
v -0.1053 19.1049 -1.9462
v -0.0492 19.7615 -2.2792
v 0.3525 18.4584 -3.9438
v -0.0128 19.7618 -2.8136
v -0.1130 19.9814 -2.4790
v -0.2099 19.2541 -3.8788
v 0.1086 19.6751 -3.3242
v 0.4102 19.1800 -3.0255
v 0.5684 18.7846 -3.3262
v 0.0804 18.8603 -2.4008
v 0.1132 19.0840 -2.2201
v 0.2745 20.0346 -3.1647
v 0.6841 19.5752 -3.1064
v 0.5516 19.8017 -3.2549
v 0.3332 19.2888 -2.6409
v 0.6243 19.2272 -1.8343
v 0.8442 19.7121 -2.8772
v 0.1986 19.6995 -2.0522
v 0.3481 19.5149 -2.3414
v 0.5049 19.5947 -2.4386
v 0.3706 19.5451 -2.7800
v 0.1141 18.8459 -1.5015
v 0.7670 19.1838 -1.9456
v 0.6572 19.3796 -3.0327
v 0.6635 19.4399 -1.7538
v 0.6269 19.1503 -2.3890
v 0.7609 18.7171 -3.5626
v 0.8831 19.0442 -3.1859
v 0.6234 19.7347 -3.0529
v 0.9697 19.5822 -3.1951
v -4.7591 16.1298 -4.7149
v -2.6155 17.0175 -5.0026
v -2.5548 17.0084 -3.8677
v -2.3809 17.2629 -6.6998
v -2.8146 17.4637 -5.7713
v -3.7273 16.9728 -4.7798
v -2.5163 17.0422 -3.9746
v -2.8634 16.9090 -3.9052
v -2.3459 17.0018 -4.3647
v -2.0500 18.1189 -4.3724
v -2.2768 17.9090 -4.4152
v -2.1927 17.0305 -4.1701
v -2.0775 16.8850 -5.1043
v -2.5387 16.4809 -4.7976
v -2.2584 17.2072 -3.6159
v -2.0641 17.4261 -3.7290
v -2.9125 17.1656 -4.0112
v -2.3016 17.7722 -4.1137
v -1.6866 17.8597 -4.7572
v -2.0816 17.9832 -3.3638
v -2.1951 17.5647 -3.8219
v -1.9948 16.9700 -5.0372
v -1.8407 17.7605 -4.0391
v -1.8650 17.8254 -3.6604
v -1.8089 17.2029 -4.5363
v -1.5699 18.1461 -4.8632
v -1.2834 17.3555 -4.6803
v -1.8315 16.5477 -5.2926
v -1.6111 19.2190 -3.7693
v -1.3897 18.5948 -4.7323
v -1.9708 18.2281 -4.7570
v -1.3201 17.8225 -4.1231
v -1.2630 18.0414 -4.7677
v -1.2217 16.8684 -5.0420
v -1.2349 18.9939 -4.2357
v -1.4118 18.9064 -4.7211
v -1.7941 18.5747 -4.8939
v -1.3450 19.1324 -4.4220
v -1.4405 18.9775 -3.7754
v -1.1987 17.6283 -4.4599
v -1.0137 18.1442 -4.3975
v -1.2667 18.8163 -4.5898
v -0.8537 19.1208 -4.2728
v -1.2215 18.3781 -4.7551
v -0.9576 18.6864 -4.7689
v -1.6804 17.8963 -4.3636
v -1.4849 17.3742 -5.4688
v -0.1458 17.3235 -5.5036
v -1.1513 17.8658 -4.3499
v -0.2951 17.0304 -7.5939
v -1.1191 16.5929 -5.6142
v -0.7473 18.1847 -4.1125
v -0.7086 17.8265 -4.7426
v -1.1451 17.5164 -4.8206
v -0.7898 17.3030 -5.0761
v -0.6365 18.6199 -4.5647
v -0.9996 19.2429 -3.6912
v -0.3065 17.7613 -5.6798
v -0.5135 16.8285 -5.6949
v -0.7608 19.0663 -4.1053
v -0.4944 18.8488 -4.9156
v -0.3641 16.3343 -6.1155
v -0.6913 18.5137 -4.4574
v -0.4942 19.3408 -4.6947
v -0.5428 19.1682 -4.4200
v -0.2396 17.4225 -7.4970
v -1.2875 17.7576 -6.3876
v -0.6953 18.3938 -4.0452
v -0.2902 18.6383 -3.4349
v -0.4618 18.6007 -4.8282
v -0.3487 18.4848 -4.8893
v -0.3933 19.4256 -3.7188
v -0.4388 18.3351 -4.2058
v -0.2590 19.1714 -4.4189
v 0.0214 18.8942 -5.1273
v 0.5378 18.1526 -5.6106
v -1.4432 17.7085 -5.8881
v -0.6068 19.4674 -4.2017
v -0.3252 17.7612 -7.2093
v 0.3485 18.3759 -4.9962
v -0.3100 19.1011 -4.7912
v -0.1423 19.6036 -4.3168
v -0.3550 18.2537 -4.7340
v -0.0863 18.5370 -5.0269
v 0.2034 18.4134 -4.7279
v 0.0134 18.0719 -6.8099
v 0.3163 18.6921 -5.0679
v -0.4056 18.7212 -4.2602
v 0.4620 18.8054 -4.7302
v -0.1665 18.5250 -3.4738
v -0.3396 18.3820 -3.7954
v 0.3364 19.1684 -5.0652
v -0.0486 17.7527 -5.3244
v 0.5427 17.9826 -5.0388
v 0.8293 17.6558 -7.2226
v 0.9644 17.9838 -5.3375
v 0.7905 19.1249 -4.8789
v 0.6483 19.2915 -4.8242
v 0.0988 19.0702 -4.7060
v 0.4542 18.2072 -5.1771
v 0.8279 17.6732 -5.2618
v 0.5620 17.7184 -5.3297
v 0.0194 17.6448 -5.2558
v 0.5838 18.4785 -4.8596
v 0.3195 19.3806 -5.1288
v 0.5669 18.4092 -4.4324
v 0.8806 19.3390 -4.9437
v 2.0266 17.3800 -7.2886
v 0.9263 18.6502 -4.2491
v 2.0809 18.6140 -5.6331
v 0.7520 15.3110 -6.2664
v 1.1796 18.8396 -4.4157
v 1.1255 19.5620 -4.3663
v 1.1187 19.0440 -3.7496
v 0.9760 18.8516 -3.6438
v 1.9006 16.6835 -7.2561
v 1.9737 17.6390 -7.2085
v 1.3424 20.0333 -4.0432
v 1.0916 17.9473 -5.0111
v 1.0341 19.6735 -4.8666
v 2.0924 18.1227 -6.8475
v 1.6907 14.3548 -5.9452
v -2.1988 16.8560 -7.0566
v -4.3279 13.8996 -3.3280
v -4.6644 13.9013 -3.5648
v -2.8353 16.3159 -6.8100
v -5.0590 14.2974 -3.8419
v -3.8371 14.0744 -4.0747
v -4.1172 12.6912 -2.4480
v -4.1007 10.6978 -4.2123
v -4.0748 10.8314 -3.9643
v -4.1413 10.0642 -4.7469
v -3.8250 12.3422 -2.9571
v -3.9940 12.7157 -2.7731
v -3.5934 10.2270 -5.2129
v -3.7022 12.7818 -3.4546
v -3.8453 10.4181 -4.7697
v -3.5882 10.2627 -4.9479
v -3.4970 12.7151 -3.8203
v -3.6567 14.7244 -3.7894
v -3.7854 14.3605 -3.5383
v -2.2974 15.0498 -5.9563
v -2.5270 13.3751 -4.8954
v -3.8018 14.3202 -4.8153
v -2.4487 11.8977 -5.3546
v -3.0249 12.7690 -4.4218
v -2.7748 12.8145 -4.7121
v -3.0594 15.0693 -4.6911
v -2.9878 12.4617 -4.4697
v -1.3147 15.7351 -7.1831
v -2.1013 16.3792 -7.1542
v -2.1860 15.6000 -5.4466
v -2.2107 12.9136 -5.2600
v -1.0314 13.7876 -5.8711
v -1.5386 11.3221 -6.1138
v -2.3345 9.9063 -5.9783
v -1.6516 15.9215 -5.7300
v -1.3759 15.4986 -5.9465
v -1.5874 13.0499 -5.6760
v -1.6325 15.4064 -6.3377
v -0.7890 15.8639 -7.3462
v -0.0439 9.8477 -7.1530
v -0.9442 12.7527 -5.7533
v -1.8368 12.5934 -5.3335
v -1.1276 16.0842 -5.9638
v -0.5434 13.2158 -6.1269
v -0.1174 12.2591 -6.2659
v -1.2856 12.7445 -5.8529
v -1.9322 12.7252 -5.5367
v -0.3506 12.8830 -6.1351
v -0.4024 11.3587 -6.5146
v 0.4636 15.8527 -7.2014
v -0.6025 15.6303 -6.2286
v 0.0187 13.7958 -6.1896
v -1.1701 10.1290 -6.6078
v -0.4625 10.0511 -6.7118
v -0.2076 12.8954 -5.9272
v 0.3059 16.3809 -7.5819
v 0.0673 16.1742 -6.2336
v 0.2928 10.1938 -6.8489
v 0.3620 9.8059 -7.1399
v 1.2348 13.1418 -5.9284
v 1.4091 10.0296 -7.1882
v 1.4973 16.1200 -6.4169
v 1.9186 11.8597 -6.4862
v 1.8156 13.5988 -6.0031
v 1.1025 10.2135 -6.9021
v 1.2833 10.3411 -7.0523
v 1.4584 10.4372 -6.8652
v 0.8576 15.8696 -7.0346
v 1.5692 10.1350 -7.0977
v 1.4597 16.2402 -6.1152
v 2.4246 11.1974 -6.7917
v 2.8525 11.1252 -6.7947
v 2.8158 11.4989 -6.5090
v -3.3660 10.0640 -5.4154
v -3.2674 12.5235 -4.2228
v -3.2241 12.7852 -4.2381
v -2.8644 10.0700 -5.7540
v -2.6714 15.3798 -6.4384
v 0.6534 13.4001 -6.1883
v 0.6527 5.9147 6.0376
v 1.1986 6.3722 6.1006
v 1.6876 9.1736 5.6902
v 0.6819 8.3584 5.7556
v 1.2791 8.6974 5.7508
v 1.2859 8.3141 5.8026
v 1.8144 8.9439 5.7696
v 2.1639 8.3734 5.8257
v 2.1312 8.8605 5.7497
v 2.4596 6.5124 6.0495
v 2.9640 7.1289 5.8305
v 2.8932 6.2587 6.0333
v 4.0769 9.5324 4.9387
v 3.6479 6.8020 5.7927
v 3.5985 8.8481 5.2975
v 4.2584 5.5198 5.7671
v 3.6063 3.8422 5.9994
v 4.3574 4.7733 5.8323
v 4.4994 4.6343 5.6582
v 4.5185 4.6725 5.4686
v 3.6929 7.7022 5.6084
v 4.4435 7.4205 5.3120
v 4.3418 7.5607 5.4351
v 3.6530 3.8936 5.8387
v 4.1081 2.6411 5.5143
v 5.0013 5.3986 5.4338
v 4.8910 7.6168 4.9704
v 5.2237 3.5550 5.0756
v 5.0767 8.0602 4.8017
v 5.2652 5.3416 5.1538
v 5.2883 5.6340 5.1722
v 5.2235 5.3122 5.0124
v 6.0116 5.4642 4.5575
v 6.2201 3.5250 4.3420
v 7.2973 4.5119 3.3286
v 5.5861 1.4822 4.5141
v 6.5537 0.7078 3.8322
v 9.7159 0.3040 2.4337
v 1.7959 6.2273 6.2625
v 2.7856 9.2647 5.5616
v 2.8164 8.5550 5.6511
v 1.3983 0.0393 7.3818
v 1.1847 0.2126 6.6114
v 1.5470 0.0418 7.1986
v 1.5298 0.0486 6.4108
v 2.0076 1.8096 5.4030
v 1.8890 0.2436 7.6935
v 1.6830 0.6902 5.6424
v 1.7852 0.4772 5.3679
v 1.7286 1.4596 5.6446
v 2.9669 0.0372 7.3391
v 2.1005 1.9403 5.7061
v 1.9801 1.3903 5.1831
v 1.9664 0.6369 5.3298
v 2.0429 0.0514 7.6951
v 2.0658 2.9122 6.0119
v 2.1263 3.0863 5.9884
v 3.2967 4.8469 6.1047
v 2.3481 1.8033 5.3966
v 1.9172 2.8182 5.7903
v 2.7952 0.6619 4.7112
v 2.0760 0.1984 5.7057
v 2.4486 0.0608 5.8997
v 1.9820 0.6799 5.0943
v 2.3650 0.2262 5.4059
v 2.1595 0.4028 5.1166
v 2.4686 0.0512 7.6591
v 2.4137 2.0949 5.5197
v 2.2095 2.7246 5.7857
v 1.4686 0.2622 7.4950
v 2.2784 3.1514 6.1157
v 1.0384 0.5531 6.9814
v 2.8749 1.7793 5.7433
v 2.9549 0.1467 5.8640
v 3.4447 1.1040 5.9241
v 2.7763 2.0765 5.8049
v 2.9815 0.4995 5.8252
v 2.5993 3.1416 6.0515
v 2.7882 2.0999 5.5078
v 2.4564 0.5436 5.6837
v 2.9366 1.3741 5.1259
v 3.2872 3.9587 6.1253
v 2.5499 0.2550 7.6618
v 3.2134 0.4712 6.4018
v 3.2981 0.0389 6.6886
v 2.8428 0.1380 5.3270
v 3.1374 0.2477 5.5804
v 3.4378 0.1030 5.9780
v 3.0264 3.4465 5.9148
v 2.2242 0.0428 5.4300
v 3.3845 0.0622 5.6801
v 2.1856 0.0353 5.6912
v 3.3717 1.9635 5.5558
v 3.2732 0.1209 6.8481
v 3.0710 0.2910 7.3112
v 3.4534 1.8851 5.8582
v 3.0324 1.8594 5.3681
v 3.4939 0.1606 6.3437
v 3.4597 0.3588 6.3058
v 3.4596 0.3387 6.6301
v 3.7927 0.4936 5.7817
v 3.3098 0.3330 5.4472
v 3.6218 1.1927 5.6252
v 3.3147 1.6983 5.2421
v 3.4517 1.5692 5.5263
v 3.7803 1.6192 5.6682
v 3.5830 0.8006 5.5052
v 3.5146 1.4764 5.3042
v 3.7778 0.5196 6.0515
v 3.6928 0.3101 7.6824
v 3.9754 0.0851 8.1029
v 3.8417 1.3488 6.0041
v 3.6434 0.3113 7.0901
v 3.9253 0.3093 6.5311
v 3.9208 1.0338 5.7738
v 3.8278 0.0854 6.6550
v 4.3518 0.3359 6.9412
v 5.0135 1.3007 4.7025
v 4.8084 2.1384 5.1245
v 3.6437 0.0759 7.4572
v 5.2356 0.3350 7.7365
v 4.7210 0.3110 6.1749
v 4.4685 0.3013 8.3747
v 4.4962 0.0758 8.3726
v 5.4301 0.3137 7.1483
v 5.2869 0.3246 8.2608
v 4.6128 0.0755 6.1865
v 5.4961 0.3052 6.4435
v 5.5856 0.3249 8.0180
v 5.5356 0.0901 8.0846
v 5.8480 0.0811 7.0574
v 5.5168 0.0745 6.4775
v 5.8548 0.3093 7.0525
v 5.8674 0.0875 7.4296
v -2.7294 1.6930 5.8660
v -2.5282 1.3034 6.5474
v -2.5325 1.2112 6.4477
v -2.3091 1.2649 5.0136
v -2.3135 2.0943 6.1069
v -2.1630 2.3738 6.1952
v -2.1241 1.8780 6.6311
v -1.8629 2.0733 6.7040
v -2.2247 0.6454 5.2582
v -2.0489 2.1976 6.4416
v -2.0753 0.2367 5.7038
v -1.9241 1.7993 4.8377
v -2.2125 0.8009 4.9261
v -2.1800 1.3875 4.8013
v -1.0502 2.3820 6.6922
v -1.7311 0.5301 5.2623
v -2.2354 1.4092 6.7169
v -1.7686 0.2541 5.2714
v -2.1178 0.0318 5.8477
v -1.6742 2.1029 5.1580
v -1.6056 0.9406 5.1619
v -2.0198 0.4069 5.3998
v -2.0062 0.2264 6.6238
v -0.8084 0.5130 4.1599
v -2.1217 0.5502 3.3806
v -1.0882 1.3272 5.5397
v -1.4575 0.2604 5.6559
v -1.9540 0.0441 6.6972
v -1.6035 0.2605 6.9923
v -1.4201 2.5226 6.7824
v -1.5408 2.9135 6.2674
v -2.2505 1.3435 3.6230
v -1.4497 2.1052 4.9812
v -1.1889 0.0371 7.1261
v -1.3365 2.6308 6.7251
v -1.5852 1.1308 4.8834
v -1.4103 0.4957 5.1644
v -1.5451 1.6208 4.7541
v -1.4786 0.7256 5.0517
v -1.9025 3.7657 4.9486
v -1.7673 0.0247 5.2528
v -1.2619 0.5949 5.3600
v -1.4176 2.0533 4.8472
v -1.1296 2.0465 5.3528
v -1.1151 0.2475 6.5205
v -1.7863 3.3421 5.6212
v -1.0530 2.5140 6.9664
v -1.5741 0.4130 5.6415
v -1.3467 0.4116 4.8541
v -2.1123 1.7430 5.0140
v -1.2955 0.2294 4.5314
v -1.0746 2.2791 5.2075
v -1.1111 2.2371 5.0127
v -1.0605 0.7750 5.3105
v -0.9190 1.1764 5.2016
v -1.3244 0.1247 4.7068
v -1.1679 0.2404 4.9698
v -1.8185 0.0247 3.0515
v -0.5872 0.2537 7.0080
v -0.7602 0.0608 4.8941
v -0.8821 4.3427 5.2702
v -0.7416 2.1519 5.3850
v -0.7802 0.5534 5.3382
v -1.0315 0.2216 5.3903
v -0.8792 0.3073 5.6547
v -0.5039 1.6465 5.2259
v 0.2205 1.2969 4.9618
v -0.0057 0.0576 6.2498
v -0.6624 0.3607 5.4158
v -0.0493 0.2605 6.3488
v -0.4153 0.0344 6.8985
v -0.3642 4.0198 5.4645
v -0.6987 0.2406 5.0179
v -0.7086 0.2104 4.6687
v -0.3002 1.7807 5.4456
v -0.4284 1.9244 5.1240
v -0.0061 3.9963 5.7971
v -0.4926 0.5609 5.6183
v 0.5756 0.5320 4.5668
v -0.1377 1.3360 5.4614
v -0.1720 0.9838 5.2502
v 0.3110 3.6304 5.8132
v -0.1721 1.5242 5.1867
v -0.2340 6.4314 5.7793
v -0.2241 6.2468 5.7553
v -0.2652 0.0453 5.2788
v -0.1164 0.2109 5.4692
v -0.1924 7.2144 5.7234
v -0.0118 0.0252 5.8132
v 0.8602 3.6108 5.9895
v 0.7837 3.4120 5.7362
v 1.6163 2.9976 5.9717
v 2.1051 0.2310 4.3831
v 1.0138 0.3314 6.8819
v 1.0626 0.5383 5.9085
v 1.1783 0.3661 6.2439
v 1.0739 0.7684 6.3916
v 1.0330 0.7063 6.1925
v 1.2384 0.6280 5.6869
v 1.4097 0.4114 5.5883
v 1.9206 4.9733 6.2694
v 1.6802 3.1995 6.0398
v 1.9638 0.6303 5.6070
v 2.0163 1.0902 5.0261
v 0.4110 0.0235 3.9905
v -0.7155 4.4339 5.6606
v 1.8596 2.6817 -7.9751
v 5.7209 11.1184 2.8174
v 6.7989 7.5130 3.6076
v 9.7107 0.0418 1.8173
v 3.2598 0.0233 3.9717
v 5.8096 2.6307 -6.8221
v 6.5999 8.6779 3.0798
v 6.2709 5.9841 -6.6030
v 6.8171 2.9314 -5.9700
v 6.6612 2.6224 -6.2606
v 7.1521 1.8510 -6.6734
v 7.4783 6.5766 -4.9265
v 6.5891 8.2797 -5.4807
v 7.5776 3.6136 2.8510
v 6.5199 4.9698 4.1254
v 7.3952 7.4895 2.7427
v 7.6054 3.1703 -5.1835
v 8.7677 0.6488 -7.2531
v 7.8153 8.1357 1.2045
v 7.3724 6.3735 2.7664
v 9.5166 0.0638 2.3101
v 7.9023 4.1171 2.5109
v 7.3804 2.3346 -5.9201
v 7.6390 1.9722 -5.8985
v 7.5805 2.5022 -5.1060
v 8.1310 7.6506 0.3961
v 8.2554 2.1668 -4.5450
v 9.1144 0.8211 -6.9988
v 7.9614 7.4817 1.2618
v 8.1690 7.7233 -0.5188
v 8.4931 5.3187 -2.6103
v 8.2666 3.7477 1.7440
v 8.1879 6.5726 -2.4669
v 7.9883 6.6254 1.0193
v 7.2149 2.0078 2.7942
v 7.8969 2.5860 1.7524
v 9.8827 0.6090 2.2452
v 8.3521 3.0700 -3.8922
v 8.2322 0.8892 -7.2877
v 8.4485 4.4538 1.2405
v 8.2422 6.8141 -0.4558
v 8.5445 3.9089 -2.5641
v 8.5050 5.9390 -1.9566
v 8.8874 1.4672 -4.2121
v 9.1019 1.8652 0.8448
v 8.6761 4.7200 0.0898
v 8.8471 1.1435 -5.4808
v 8.6557 0.0204 -1.6758
v 9.1533 0.6036 -3.7105
v 9.0255 1.7859 -1.7330
v 9.0164 1.0041 -6.7960
v 8.7150 5.1221 -1.4080
v 9.7771 1.2962 -0.6627
v 8.4733 2.2433 -3.1957
v 8.8374 3.5209 -0.8036
v 9.3900 2.2361 -0.8127
v 8.9961 2.4433 -2.2199
v 9.1164 0.7559 -4.4487
v 9.5779 0.4069 0.1865
v 9.1090 0.5693 -7.0160
v 8.9412 0.4233 -6.8321
v 9.3567 1.0881 2.2662
v 9.4320 1.8885 -0.4738
v 9.2407 1.3245 -3.3424
v 9.7731 0.8638 -0.6194
v 9.8573 0.9075 1.8145
v 9.9121 1.1778 0.3962
v 10.0279 0.3521 2.0343
v 6.2331 1.9247 3.8407
v 7.8579 4.1078 -4.6664
v 8.8346 3.0440 -0.1761
v -4.6244 7.2785 3.8089
v -4.6561 7.4609 3.6650
v -4.0611 7.1883 4.6569
v -4.2748 10.4803 2.9785
v -3.8736 6.7373 4.5835
v -3.8100 8.5134 3.5917
v -5.1589 6.1384 3.3757
v -4.4099 7.8719 3.4371
v -4.3605 10.6186 2.7359
v -4.0537 8.8006 3.6703
v -3.6038 9.2722 4.0177
v -4.0875 11.2149 2.6669
v -3.9664 7.4830 4.5234
v -3.7996 7.6461 4.2224
v -3.8025 8.0349 3.7382
v -3.7038 9.4478 3.8220
v -4.0637 9.8880 3.4090
v -3.7325 9.8505 3.6369
v -3.5935 11.7589 2.7178
v -4.2809 11.4930 1.9818
v -3.5158 11.4084 3.0695
v -3.7483 10.5995 3.4360
v -3.8092 10.3314 3.5221
v -3.6648 10.9862 3.3028
v -3.5384 6.6394 4.2195
v -3.5295 8.9124 3.5533
v -3.3141 11.9140 2.7981
v -3.3580 11.7552 2.9251
v -3.4156 9.3459 3.9878
v -3.5959 9.8264 3.7714
v -3.6930 8.7418 3.6919
v -3.3339 10.0505 3.0508
v -3.4513 8.8750 3.4232
v -3.2942 9.2942 3.7650
v -3.3812 9.9363 3.4699
v -3.1772 6.0063 3.5158
v -3.5726 7.4447 4.1151
v -3.2294 11.0124 2.9077
v -3.3965 8.1392 3.5067
v -2.8335 10.7279 3.5593
v -2.9890 8.8824 4.3826
v -2.6315 8.3693 4.2290
v -2.6524 10.0004 4.5334
v -2.3532 7.9592 4.7245
v -2.5978 8.8185 4.7252
v -2.8280 9.4513 3.9521
v -3.1439 6.3547 3.8467
v -2.5807 6.4393 4.4777
v -2.4811 10.2505 4.0567
v -2.7411 8.7759 4.7151
v -2.5648 9.8998 4.5528
v -2.6690 9.4085 4.6312
v -2.8596 11.9382 2.7268
v -2.3514 7.9846 4.5016
v -2.4096 9.1559 5.0908
v -2.1050 8.2698 4.8996
v -2.8682 9.9025 4.2428
v -1.7066 10.7357 4.8420
v -2.3161 10.5640 4.3646
v -1.8281 7.6942 4.8289
v -1.9286 9.0538 5.5118
v -1.8465 10.7929 4.3294
v -1.8520 7.7334 4.9886
v -1.5685 10.1930 5.3010
v -1.4277 8.1221 5.2267
v -0.8504 7.7452 5.2728
v -1.1684 7.7828 5.3843
v -0.7782 10.1936 5.2775
v -1.7970 10.4006 4.9001
v -1.5072 8.1715 5.2393
v -1.2158 10.9116 4.7346
v -0.4110 10.6613 5.1651
v -1.4489 10.9214 4.7528
v 0.2516 11.3298 5.1899
v -0.4268 8.0097 5.4238
v -0.8882 8.4610 5.4701
v -0.4487 9.2593 5.5574
v 0.5062 6.9317 5.9248
v 0.1674 9.9128 5.3057
v 0.0795 9.1704 5.6337
v -0.0635 10.2369 5.3477
v 0.1970 8.6454 5.5441
v 0.7841 8.9609 5.6520
v 1.0435 12.0989 5.0307
v 1.6874 12.0711 4.9565
v 1.5529 12.0244 5.1377
v 1.1454 12.1729 5.1682
v 3.9482 10.7208 4.3535
v -0.8466 8.8113 5.6189
v -1.8405 9.6534 5.6544
v -1.2658 11.3829 4.6189
v -0.4621 8.1855 5.6432
v -0.7180 8.4132 5.6415
v -5.5220 9.3082 -0.6051
v -5.4945 9.9518 -0.5379
v -5.1873 8.8009 0.1221
v -5.4831 7.5178 -1.7619
v -5.3821 9.0796 -0.9663
v -5.5262 9.7549 -0.2307
v -5.3609 8.8195 -1.2866
v -5.2865 9.9433 0.0380
v -5.3415 7.6014 -1.7727
v -5.1751 10.1824 -0.6119
v -5.3134 8.5905 -0.7014
v -5.3628 8.1821 -0.9561
v -5.2847 8.0853 -0.0771
v -5.4491 7.5096 -1.4317
v -5.2362 7.4965 -1.7950
v -5.3351 8.4349 -1.1244
v -5.2482 7.3462 -2.2462
v -5.3742 9.3505 0.0379
v -5.1890 9.2366 -1.6092
v -5.2735 9.6882 -1.7503
v -5.2979 9.5168 -1.6058
v -5.2491 7.2857 -1.3702
v -5.1500 9.7872 0.2448
v -5.4837 9.8571 -0.8655
v -5.2985 10.0793 -0.8900
v -4.8655 10.0662 0.0485
v -5.1788 9.8957 -1.7608
v -5.0572 9.9616 -1.2081
v -5.2597 9.9508 -1.1294
v -5.0385 10.8919 -1.3457
v -5.0418 10.6203 -0.3190
v -5.2142 9.4067 -1.2039
v -5.0148 9.3644 -1.0853
v -5.1254 8.4458 -1.3570
v -5.0635 8.8703 1.6310
v -5.0632 9.7191 0.4303
v -4.8395 9.8327 0.2237
v -4.9339 8.6771 0.1146
v -5.1223 9.7195 -2.0611
v -5.1712 9.3115 -1.8899
v -4.9900 9.0290 0.4084
v -5.0948 9.4419 0.2675
v -4.9589 10.1969 -0.9938
v -4.9033 9.1835 0.1252
v -4.9251 9.7806 0.6443
v -5.0018 9.6388 2.0624
v -4.7841 10.0760 -1.6245
v -4.9613 10.0932 -1.5804
v -4.9146 9.2960 1.4796
v -4.8260 9.0791 1.4106
v -4.9275 9.7073 2.1970
v -4.5435 10.5667 -1.2711
v -5.2116 10.7777 -0.0745
v -4.8438 9.9166 -1.2211
v -4.3533 9.8061 1.5923
v -4.9702 10.1320 1.9913
v -4.7752 10.6661 1.9195
v -4.7737 9.8743 2.4889
v -4.9559 9.3127 0.7731
v -4.7788 9.5471 2.5183
v -4.8429 10.5134 2.0637
v -4.8154 9.3282 -0.1638
v -4.7545 10.4722 -0.4711
v -4.6046 10.6239 0.1700
v -4.8901 9.0428 0.3768
v -4.4617 10.5271 2.6943
v -4.7166 9.5474 1.8895
v -4.5725 10.7221 -0.1107
v -4.7401 10.6753 -1.1676
v -4.6563 9.2922 0.6752
v -4.7125 9.9364 0.3543
v -4.7149 9.6641 0.7878
v -4.2929 11.1145 2.4397
v -4.6323 10.1683 2.6274
v -4.6899 9.2194 -4.1529
v -4.6442 9.7455 1.6097
v -4.5825 11.1932 1.7277
v -4.7929 9.2168 0.7785
v -4.5642 10.9091 -0.7815
v -4.5560 11.3880 -2.4670
v -4.6315 9.4891 0.7487
v -4.7191 9.6865 -0.1147
v -4.3593 10.4398 0.0851
v -4.2231 10.3291 1.4700
v -4.8030 10.7449 0.3979
v -4.5455 11.1750 0.3181
v -4.0771 11.0960 1.1795
v -4.2728 10.5831 0.3078
v -4.2328 11.7823 1.4499
v -4.4272 11.1460 0.3627
v -4.3874 11.2491 0.5580
v -4.1236 10.9414 0.2449
v -4.2668 11.5617 0.3516
v -4.3165 10.8637 0.3317
v -4.1779 11.1284 0.5529
v -3.9610 11.2954 0.3908
v -4.8351 9.9360 -2.0567
v -5.8295 6.9571 -1.2059
v -5.9021 6.8396 -0.5772
v -5.9065 7.1854 -0.4533
v -5.9187 7.2284 -0.8845
v -5.7237 7.5464 -0.6754
v -5.7065 7.4243 -1.0935
v -5.7952 6.8949 -0.1822
v -5.5551 7.4320 -0.1262
v -5.6917 7.2286 -1.4461
v -5.8176 4.6216 -0.3321
v -5.4851 4.8158 -0.3232
v -5.6926 6.7758 -0.1004
v -5.6325 7.0370 -1.7473
v -5.6204 7.2769 -1.7409
v -5.4165 7.6063 0.1059
v -5.5579 6.8285 0.1071
v -5.5580 5.8697 -0.7622
v -5.3704 6.2953 -0.1317
v -5.3342 4.7679 -0.1471
v -5.1853 6.5447 0.0574
v -5.3157 7.0003 0.5714
v -5.4758 5.0691 -0.3217
v -5.4989 7.2772 0.1969
v -5.3773 6.3706 3.5323
v -5.3608 6.6939 3.5826
v -5.4080 7.5062 -1.2223
v -5.1842 6.7632 0.5573
v -5.3291 6.4503 0.0675
v -5.2962 7.4270 0.2031
v -5.5683 7.0316 0.0365
v -5.2824 5.0059 -0.3480
v -5.1994 6.1648 3.1732
v -5.1758 6.7603 -0.1457
v -5.1867 6.1402 -0.2243
v -5.2795 7.2564 0.0769
v -5.0742 8.7728 2.3153
v -5.1898 7.1803 -0.1650
v -5.0755 9.4110 2.1483
v -5.1119 7.5746 0.0728
v -5.2515 7.0541 2.9439
v -5.0506 7.0389 0.3190
v -4.9087 6.9952 2.7113
v -4.7360 8.3065 2.7997
v -4.9406 8.5847 2.5878
v -5.0264 6.6330 2.7041
v -5.1845 8.6799 2.1335
v -4.6984 8.1707 2.4758
v -4.8922 7.5532 2.4846
v -4.8492 8.3017 2.1694
v -4.9010 7.7532 2.1898
v -4.5718 8.2245 1.9201
v -4.8276 7.8774 2.3770
v -4.4656 7.5712 3.2620
v -4.5533 7.3039 2.0327
v -4.6586 7.3051 3.5758
v -4.6487 8.8758 1.4610
v -4.4701 5.4109 2.7969
v -4.6775 6.8124 2.3282
v -4.6208 8.0876 3.0148
v -4.5724 8.4495 1.6485
v -4.5005 6.3947 1.5255
v -4.4519 5.0004 2.0103
v -4.6824 7.4192 1.5908
v -4.6934 8.2216 1.7585
v -4.2856 7.5346 3.1610
v -4.1829 8.4427 3.5249
v -4.5728 7.4218 1.7659
v -4.4332 8.1897 1.8402
v -4.5333 5.5614 1.4821
v -4.2647 5.6207 1.9073
v -3.6729 7.5826 3.9610
v -3.9661 6.4485 3.8286
v -3.5372 6.4880 2.6206
v -3.8252 7.6725 2.5694
v -3.6274 6.9199 2.9157
v -3.0814 5.0202 3.3732
v -5.1157 9.3676 1.9547
v -5.9456 0.0000 4.7200
v -5.8209 0.3362 4.8077
v -6.0275 0.1246 4.8138
v -5.2722 0.4999 4.9583
v -5.8925 0.3590 4.4322
v -5.1242 0.7647 3.2703
v -5.4929 4.8910 -0.1195
v -5.6447 4.7396 -0.0588
v -5.4695 4.4454 0.2505
v -5.3971 4.6305 0.2340
v -5.3274 0.6608 4.5436
v -5.3302 0.6493 4.2659
v -5.4815 0.6562 3.8400
v -5.1857 0.7039 4.6320
v -5.0814 0.7633 4.1318
v -5.5995 0.0241 4.6556
v -5.1385 0.3696 3.0436
v -4.9702 0.4189 4.3232
v -5.2470 4.4803 0.1668
v -4.7363 0.3072 4.9064
v -4.8002 3.5415 1.1294
v -4.7513 0.5896 2.4986
v -4.9527 0.8909 4.3908
v -4.4140 0.8289 4.9303
v -5.3501 0.4631 3.1363
v -4.8568 0.5508 5.1949
v -4.6767 4.3816 3.5351
v -4.8106 5.4608 1.3392
v -4.8609 4.5170 1.2655
v -4.6944 3.5057 1.3330
v -4.6846 4.7130 2.4772
v -4.6671 5.2521 2.5045
v -4.6545 3.3474 2.2420
v -4.6060 6.3216 1.2837
v -4.6447 1.2240 2.7790
v -4.6245 1.3825 2.4478
v -4.8940 0.8898 2.6969
v -4.8599 5.0443 3.1327
v -4.6572 4.2646 2.5203
v -4.7844 5.6340 2.4005
v -3.7571 1.1792 4.3028
v -3.6245 0.6954 4.1992
v -4.8833 6.0841 3.0387
v -4.2194 2.7258 1.8806
v -4.5727 3.1580 2.4779
v -4.5195 2.5616 2.5181
v -4.3397 5.4050 3.6125
v -4.4587 5.0932 3.5837
v -4.7946 5.0705 3.3875
v -4.4819 1.8706 2.5724
v -4.0275 3.0762 2.2948
v -4.5688 5.0110 3.9283
v -4.3921 3.4133 4.3254
v -4.4177 3.6427 4.2237
v -4.3103 4.5904 4.0437
v -4.3861 3.5446 3.9294
v -4.4319 4.1323 3.7712
v -3.3764 0.9943 3.9068
v -3.5388 5.0825 2.5935
v -4.1818 4.4898 3.8843
v -3.9582 1.0208 4.5507
v -4.0720 3.4768 3.6747
v -4.0469 3.6258 3.7077
v -4.1996 3.1974 4.0652
v -4.2471 3.3617 4.4240
v -4.3600 3.6682 3.2113
v -4.1863 3.5583 3.1233
v -4.2896 2.6737 1.5504
v -4.0164 2.3459 1.8678
v -4.1436 3.6790 3.2599
v -4.4919 5.0207 3.0563
v -4.3720 4.8820 4.2804
v -4.3016 5.6210 4.0425
v -3.8520 3.7330 4.5675
v -4.1105 2.8415 1.9743
v -4.1110 2.7516 1.8006
v -3.7640 5.2974 4.5211
v -4.3481 5.4490 4.2520
v -4.0515 3.3067 4.3718
v -3.9273 4.7162 4.4337
v -3.4642 1.9999 3.8667
v -3.9074 5.6872 3.9085
v -4.5228 6.5364 2.0787
v -3.1436 2.0048 3.6471
v -4.2851 1.4604 2.1595
v -4.2566 0.7324 5.0450
v -4.0247 0.5868 4.8181
v -4.1130 2.3966 1.9987
v -3.8597 4.5020 4.1415
v -3.2348 1.3518 3.7316
v -3.3344 5.5307 4.4579
v -3.4779 4.3064 4.4272
v -3.7060 2.7819 3.9059
v -3.4395 3.6466 4.1601
v -3.5260 4.8979 4.3621
v -3.9446 5.5365 4.4245
v -3.5675 5.4689 4.2713
v -3.4385 2.7617 4.4547
v -3.4345 2.3988 4.6283
v -2.9879 4.9170 5.1512
v -2.9469 4.7236 5.2751
v -3.5324 1.5196 3.9643
v -3.3230 2.4559 4.7932
v -3.4586 6.5427 3.1982
v -2.9471 4.8610 4.8205
v -2.7657 3.1636 3.6310
v -3.3166 2.7123 4.0203
v -3.2970 2.0080 3.9696
v -3.6308 0.9892 4.5446
v -3.2129 1.3367 3.9750
v -3.1745 6.0622 4.1633
v -2.7192 1.2960 6.0885
v -1.8606 3.3671 4.9690
v -3.1375 3.6353 3.8285
v -3.0823 5.5392 4.0109
v -2.1256 4.2534 4.3605
v -2.5879 4.3554 4.6164
v -3.1060 2.2292 5.0533
v -2.3391 1.4008 5.9837
v -2.8035 4.7298 4.4454
v -2.5878 5.3594 4.2759
v -1.5955 3.6126 4.5639
v -2.4707 4.5707 4.3732
v -2.7569 4.6228 5.2303
v -3.5169 0.0245 1.4819
v -3.1184 3.4750 3.2054
v -2.3407 3.8847 3.8580
v -2.7294 4.9413 4.9015
v -2.5250 4.6429 4.9675
v -2.4281 4.5467 4.5387
v -1.6335 5.5743 5.2215
v -1.6421 3.0256 5.9531
v -1.5692 4.9880 5.2387
v -1.0282 1.7637 4.6704
v -1.4398 4.7202 4.9701
v -1.4566 7.0278 5.0964
v -0.7470 2.7043 4.9347
v -0.6258 4.1619 5.6521
v -4.8074 5.3672 3.2454
v -3.5680 3.0409 2.6033
v -2.6548 4.1552 3.8377
v -1.8099 4.8555 5.0239
v -6.0462 4.5144 -1.0561
v -5.9769 4.4903 -1.5435
v -5.7960 4.0084 -1.1227
v -5.8023 4.1360 -0.5627
v -5.8797 4.2735 -0.5051
v -5.6868 4.0707 -1.6406
v -5.7721 4.3637 -1.8028
v -5.7048 4.5274 -0.2480
v -5.9537 4.9243 -1.0959
v -5.6749 5.0170 -0.4411
v -5.4652 3.6997 -0.6130
v -5.4274 4.9310 -2.1931
v -5.6934 4.7479 -2.4675
v -5.6794 5.0252 -1.5175
v -5.5357 5.1033 -2.2480
v -5.6676 4.6622 -2.2268
v -5.3890 4.2675 -1.8470
v -5.6760 6.7244 -1.4402
v -5.6621 4.6249 -1.7842
v -5.4243 6.7249 -1.5647
v -5.5349 5.4852 -0.8367
v -5.4319 4.8979 -1.6594
v -5.5702 6.7437 -1.8180
v -5.4099 7.0780 -2.3232
v -5.3261 4.1788 0.1833
v -5.6321 4.3597 -0.2660
v -5.4823 4.1676 -0.2909
v -5.4323 6.7197 -2.0880
v -5.3850 3.4243 -1.4849
v -5.3571 5.0577 -2.2543
v -5.4724 4.9644 -2.6960
v -5.2391 3.0692 -0.6871
v -5.2734 4.3361 -2.5909
v -5.4066 4.1830 -2.3403
v -5.2819 3.0720 -1.1417
v -5.0880 2.6886 -2.0125
v -5.2582 3.1441 -1.8506
v -5.2724 6.9458 -2.2833
v -5.3239 6.6959 -1.8188
v -5.3343 6.5799 -3.3685
v -5.4507 4.3730 -2.7008
v -5.4919 4.5785 -2.7754
v -5.2981 4.8167 -2.7913
v -5.2998 0.5955 -5.0590
v -5.4101 0.8568 -2.1088
v -5.3499 0.9966 -4.0336
v -5.2965 6.7853 -1.3920
v -5.4099 4.0026 -0.2288
v -5.4041 7.4109 -2.2082
v -5.2381 4.7967 -3.9479
v -5.2240 0.6929 -0.9756
v -5.2774 1.0480 -1.3162
v -5.3108 4.3997 -1.6273
v -5.2252 0.2840 -2.1762
v -5.1705 3.4776 -1.9847
v -5.2204 4.0939 -0.4891
v -5.2482 4.0754 -0.2365
v -4.7522 0.0256 -3.8854
v -4.7096 0.2093 -7.7538
v -5.3225 4.7162 -0.7062
v -5.2489 4.5067 -0.3849
v -5.1058 0.2070 -2.4515
v -5.2357 1.1699 -2.2977
v -5.3000 4.5116 -2.2750
v -5.0631 1.1733 -0.9256
v -5.1205 8.3947 -3.3150
v -5.0715 7.1149 -4.1879
v -4.6338 5.3407 -5.4959
v -5.2733 4.3651 -0.6330
v -4.9896 0.0750 -2.2358
v -4.9541 2.3535 -1.2064
v -5.0941 3.4031 -0.5475
v -5.0651 1.3349 -2.1148
v -5.5292 3.8453 -0.4708
v -4.7628 2.1067 -0.8835
v -4.8821 1.1755 -5.9312
v -4.8165 3.5164 -5.1553
v -4.9496 2.9695 -4.1197
v -4.8464 2.4882 -2.8395
v -4.9867 0.1508 -1.0688
v -4.7736 2.0296 -1.5797
v -4.5963 1.8134 -2.0411
v -5.1305 0.5004 -2.4776
v -4.4799 1.4650 -7.3669
v -5.0563 0.5747 -8.1579
v -4.8905 0.6641 -8.3261
v -4.8608 0.5201 -8.3228
v -4.7610 1.1186 -0.7970
v -4.9275 0.6712 -0.8284
v -5.1182 0.9444 -0.8153
v -4.7478 0.2920 -0.8950
v -4.3801 1.3672 -0.8639
v -4.3866 3.3473 -5.9794
v -4.1043 6.0406 -5.8102
v -4.3826 1.5065 -2.3949
v -3.9120 0.2192 1.1138
v -3.8314 0.6272 1.3506
v -4.3763 1.7902 -3.1123
v -4.4917 2.3838 -4.4112
v -4.9396 1.3159 -2.3472
v -5.1784 1.2332 -4.7079
v -4.0960 1.7686 -6.5286
v -4.4384 0.5617 -8.3335
v -4.3771 2.5075 -5.6832
v -4.4829 1.5582 -2.2078
v -4.4832 2.3933 -3.8422
v -4.6202 11.0128 -3.1253
v -4.3238 1.4644 -1.0351
v -4.3112 1.7114 -2.3737
v -4.1820 5.1711 -6.1903
v -4.2979 1.8530 -0.8035
v -4.6858 6.8624 -4.9656
v -3.8868 7.5975 -5.5576
v -4.4648 1.8320 -0.7985
v -3.5822 2.3958 -6.4863
v -4.1358 1.3212 -0.9280
v -3.5139 1.2099 1.7373
v -3.8415 1.0216 0.8119
v -3.2484 9.7223 -5.7441
v -3.9403 1.1533 -0.1363
v -3.1325 6.0701 -6.6117
v -3.0435 0.7001 2.3762
v -0.6375 0.0362 -7.7769
v 5.9042 0.0198 -6.2537
v -5.3839 3.4579 -1.0309
v -5.1664 1.4545 -4.1186
v -4.5647 2.0328 -5.7600
v -4.7210 0.0383 -0.9263
v -4.1357 0.0196 -6.7077
v -3.4522 1.8702 -7.3230
v -2.9427 4.9006 -7.1304
v -3.7312 3.1130 -6.6614
v -4.5463 1.0144 -8.2010
v -3.0252 1.4244 -7.8866
v -4.1117 8.4155 -5.2623
v -3.3987 8.6118 -5.9939
v -4.4864 0.3252 -8.1228
v -3.7845 6.7356 -6.0236
v -3.1242 2.0035 -7.4127
v -3.0730 0.6094 -8.0932
v -2.5831 3.3831 -7.3476
v -3.0436 0.4033 -7.9722
v -3.0447 2.9342 -7.0894
v -2.5974 7.0448 -6.6692
v -2.6243 2.2961 -7.0777
v -2.6553 9.6727 -6.1520
v -2.3443 8.5924 -6.7054
v -1.7310 1.0738 -8.3747
v -1.2609 1.9204 -7.7882
v -1.9455 5.6581 -7.2064
v -1.7087 4.3765 -7.5452
v -2.2211 1.3912 -8.1907
v -1.7375 0.7240 -8.3416
v 0.4283 2.4281 -8.0213
v -1.3282 9.8053 -6.7276
v -1.2609 8.0415 -7.0976
v -0.2122 9.3220 -7.2718
v 0.0832 0.3474 -8.0222
v -0.0759 1.3602 -8.2057
v 0.9979 4.2060 -7.9060
v 0.6152 7.5081 -7.5844
v 1.4728 8.4644 -7.4080
v 2.0938 6.5329 -7.7450
v 1.8420 1.2787 -8.0062
v 1.8526 9.4830 -7.2963
v 4.9755 3.1025 -7.0573
v 5.1117 0.7612 -7.2713
v 5.1366 5.7387 -7.2059
v 6.7080 1.6485 -7.0485
v 5.1081 6.3232 -7.1499
v 6.8060 6.4354 -6.0541
v 6.5856 9.8691 -5.0862
v 3.3510 5.6917 -7.6964
v 4.7631 8.6168 -6.8108
v 5.9250 7.3348 -6.3204
vn -0.8911 -0.4154 0.1826
vn -0.9866 0.1427 0.0785
vn -0.7064 -0.5911 -0.3894
vn -0.6500 0.6523 0.3898
vn -0.9355 0.2067 -0.2867
vn -0.7345 -0.4500 0.5080
vn -0.6840 0.7207 -0.1129
vn -0.4991 -0.8474 -0.1814
vn -0.1221 -0.9888 -0.0862
vn -0.4404 0.5283 0.7259
vn -0.7009 0.1637 -0.6942
vn -0.4626 -0.5754 -0.6744
vn -0.4186 -0.1024 0.9024
vn 0.0394 -0.9617 0.2711
vn -0.0137 -0.9154 0.4024
vn -0.1057 -0.8054 -0.5832
vn 0.0903 -0.9149 -0.3935
vn -0.2098 -0.2185 -0.9530
vn 0.1247 0.9347 -0.3329
vn -0.3574 0.6827 -0.6373
vn 0.0357 0.1991 0.9793
vn 0.2128 0.9770 0.0131
vn 0.4144 -0.6792 0.6058
vn -0.0571 0.8359 0.5460
vn 0.2254 0.0390 -0.9735
vn -0.4691 -0.8374 0.2804
vn -0.9775 -0.0312 -0.2087
vn -0.9291 -0.0394 0.3676
vn 0.6558 0.5746 -0.4896
vn 0.1543 0.8605 -0.4855
vn 0.4786 -0.6590 -0.5802
vn 0.4002 0.4747 0.7839
vn 0.5004 -0.7087 0.4973
vn 0.9201 0.1469 0.3631
vn 0.6799 -0.4199 0.6011
vn -0.7835 -0.6172 0.0718
vn -0.5701 -0.4921 -0.6579
vn -0.7715 -0.6132 -0.1695
vn -0.4224 -0.3187 0.8485
vn -0.6435 0.2809 -0.7120
vn -0.4523 -0.3415 0.8239
vn 0.7817 -0.2379 0.5766
vn 0.8937 0.0100 0.4486
vn 0.8537 -0.1679 -0.4929
vn -0.7923 -0.5089 0.3365
vn -0.2268 -0.2215 -0.9484
vn -0.2798 -0.2981 -0.9126
vn 0.8100 -0.4167 -0.4127
vn 0.2059 0.1579 0.9657
vn 0.0860 0.0740 0.9935
vn 0.2542 0.2322 -0.9389
vn -0.2060 0.1626 -0.9649
vn -0.6660 -0.4330 -0.6075
vn -0.2212 0.8692 -0.4422
vn 0.9694 0.0840 -0.2307
vn 0.1984 0.1298 -0.9715
vn 0.3538 0.2219 -0.9086
vn -0.1434 0.8327 0.5349
vn -0.7417 -0.6705 0.0176
vn 0.5953 0.5876 0.5480
vn 0.7785 0.4524 0.4351
vn -0.2368 -0.1296 0.9629
vn 0.4034 0.3427 0.8484
vn 0.9719 -0.1166 -0.2043
vn -0.8578 -0.0576 0.5108
vn -0.7292 0.1044 -0.6762
vn -0.0431 -0.7697 -0.6370
vn -0.5864 -0.3193 -0.7444
vn -0.4033 0.5749 -0.7119
vn 0.7439 0.5535 0.3745
vn 0.8294 0.5554 0.0609
vn -0.5152 0.4002 0.7579
vn -0.6499 -0.4478 0.6140
vn 0.7336 0.5068 -0.4527
vn -0.1123 -0.8697 0.4806
vn 0.4465 -0.3403 0.8275
vn -0.0468 -0.0273 0.9985
vn -0.5119 0.6362 -0.5772
vn 0.7011 0.6003 0.3849
vn 0.7555 0.5659 -0.3303
vn 0.5420 0.0551 0.8386
vn -0.6389 0.3609 0.6794
vn -0.8161 -0.5244 0.2430
vn 0.5900 -0.1238 -0.7979
vn 0.5905 0.5481 0.5924
vn 0.0243 -0.1874 -0.9820
vn 0.1116 0.1180 -0.9867
vn 0.5655 0.1461 -0.8117
vn 0.9531 -0.0297 -0.3013
vn -0.5919 -0.3817 0.7099
vn 0.9125 -0.2128 0.3493
vn -0.6734 -0.4210 -0.6077
vn -0.0182 0.0608 0.9980
vn -0.8434 -0.4576 -0.2817
vn 0.7464 0.6018 -0.2841
vn -0.2149 -0.0788 0.9735
vn -0.1601 -0.1905 -0.9685
vn -0.8131 -0.4925 0.3102
vn 0.4735 0.3540 -0.8065
vn 0.1249 -0.8292 -0.5448
vn 0.5032 -0.8557 -0.1209
vn -0.2001 -0.0386 -0.9790
vn -0.4647 -0.3218 0.8249
vn 0.4675 0.4097 0.7833
vn 0.1220 -0.7626 0.6353
vn -0.6245 -0.3323 -0.7068
vn 0.6370 0.7564 0.1485
vn 0.5840 -0.5375 0.6083
vn -0.9073 0.2649 0.3266
vn 0.2784 0.1841 -0.9427
vn -0.9424 0.2300 -0.2429
vn 0.0183 -0.6082 -0.7936
vn -0.0693 0.1586 0.9849
vn -0.4170 0.1303 -0.8995
vn -0.2103 -0.2693 0.9398
vn -0.6342 0.3296 -0.6994
vn -0.9754 -0.0234 -0.2194
vn -0.8911 -0.4262 -0.1557
vn -0.9853 -0.1642 0.0474
vn 0.6682 0.6374 -0.3838
vn -0.8268 0.5486 0.1242
vn -0.9334 0.3589 -0.0031
vn 0.5166 -0.8540 -0.0620
vn 0.5091 0.5790 -0.6368
vn -0.9144 -0.0203 0.4044
vn -0.7515 -0.5735 0.3261
vn -0.1556 0.3383 0.9281
vn -0.4316 0.1021 0.8963
vn -0.8928 0.2947 0.3407
vn -0.3412 0.4157 0.8431
vn -0.8269 0.4860 -0.2829
vn -0.6148 0.7865 -0.0589
vn -0.6553 0.4309 -0.6204
vn -0.6337 -0.7385 0.2302
vn -0.6299 0.3004 -0.7162
vn -0.6453 -0.0067 -0.7639
vn -0.5174 -0.8239 -0.2313
vn -0.6262 0.0110 -0.7796
vn -0.9216 0.0383 -0.3862
vn -0.8936 0.0078 -0.4489
vn -0.9986 -0.0294 0.0442
vn -0.7614 0.6453 -0.0622
vn -0.8056 -0.5897 -0.0568
vn -0.8301 -0.5416 0.1325
vn -0.8092 -0.2266 0.5421
vn 0.0564 -0.9903 0.1269
vn -0.0746 -0.9906 -0.1144
vn 0.6639 0.7122 -0.2279
vn -0.5719 -0.8132 -0.1082
vn 0.5297 -0.3197 0.7856
vn -0.7843 0.1594 0.5995
vn -0.8833 -0.0875 -0.4606
vn -0.5948 -0.6951 0.4038
vn -0.8996 -0.1695 0.4025
vn -0.6628 0.6410 -0.3871
vn -0.9700 -0.0930 -0.2248
vn -0.8480 -0.5301 0.0016
vn -0.9922 0.1145 0.0486
vn -0.9699 0.1688 -0.1754
vn -0.1015 0.0111 0.9948
vn -0.1460 0.5781 -0.8028
vn -0.4970 0.7167 0.4893
vn -0.8700 0.4772 -0.1244
vn 0.6808 0.7221 -0.1228
vn -0.0670 -0.0832 -0.9943
vn -0.8344 -0.5197 -0.1837
vn -0.7611 0.2534 -0.5971
vn -0.6449 -0.0086 -0.7642
vn -0.8906 -0.1409 0.4324
vn -0.4187 -0.9061 -0.0613
vn -0.5944 0.7245 0.3490
vn 0.3280 -0.9273 0.1805
vn 0.6837 0.1514 0.7139
vn -0.7179 0.6839 -0.1298
vn -0.2284 0.5508 -0.8028
vn -0.0798 0.4516 0.8887
vn -0.7548 0.5676 -0.3288
vn -0.7464 -0.4603 0.4807
vn -0.4025 -0.8701 -0.2847
vn -0.7941 -0.0560 0.6052
vn -0.2693 0.5998 0.7535
vn -0.8710 0.3537 0.3411
vn -0.9205 0.3813 0.0849
vn -0.5445 -0.3311 -0.7707
vn -0.2356 0.3053 0.9226
vn -0.2214 0.2719 0.9365
vn -0.7689 -0.5684 -0.2927
vn -0.9079 0.3241 -0.2660
vn -0.5077 0.8607 0.0378
vn 0.0479 -0.0756 -0.9960
vn -0.4361 -0.8610 0.2617
vn 0.2187 -0.9031 0.3695
vn -0.2789 -0.4563 0.8450
vn -0.9977 -0.0271 0.0619
vn 0.1107 0.3946 -0.9122
vn -0.4778 0.7840 -0.3963
vn -0.3145 0.9474 0.0599
vn 0.5666 0.3163 -0.7609
vn -0.6894 0.7163 -0.1079
vn -0.9408 -0.3382 0.0235
vn -0.4554 0.2100 0.8652
vn 0.7805 0.4465 -0.4375
vn -0.5402 -0.3863 0.7477
vn 0.0762 0.9656 -0.2488
vn 0.0506 0.9905 -0.1279
vn 0.1772 -0.5525 -0.8145
vn 0.1224 0.6546 0.7460
vn 0.0833 -0.1037 -0.9911
vn 0.0157 -0.9613 -0.2752
vn -0.0089 0.8046 0.5937
vn -0.0703 -0.0045 0.9975
vn -0.1028 0.3836 -0.9178
vn -0.9948 0.0531 0.0869
vn -0.7767 0.6236 0.0888
vn -0.9715 0.1287 -0.1993
vn -0.7754 -0.3384 0.5332
vn -0.8002 0.1308 0.5853
vn 0.9727 0.1562 -0.1714
vn -0.3879 0.8144 0.4316
vn -0.0651 -0.9930 0.0984
vn -0.8482 0.1820 -0.4974
vn -0.6478 -0.1711 0.7423
vn -0.8157 -0.4716 0.3350
vn -0.4732 -0.1641 0.8655
vn 0.3030 0.4332 -0.8488
vn -0.8217 0.5253 0.2212
vn -0.1041 0.9916 0.0767
vn -0.9896 -0.0253 0.1414
vn -0.9805 -0.0063 0.1963
vn 0.2338 0.8050 0.5453
vn -0.5837 -0.3635 0.7261
vn -0.2551 -0.4783 0.8404
vn -0.3914 -0.5349 -0.7488
vn 0.0677 0.5690 0.8195
vn -0.0073 -0.9920 0.1258
vn -0.9727 -0.0877 -0.2149
vn -0.8974 0.4154 -0.1488
vn -0.9582 0.2129 0.1913
vn -0.9622 0.2268 -0.1510
vn -0.9605 -0.2557 -0.1098
vn -0.0638 0.0791 -0.9948
vn -0.9326 0.0565 -0.3564
vn -0.2391 0.9690 0.0626
vn -0.1977 0.1240 -0.9724
vn 0.9527 -0.1165 0.2807
vn -0.9404 -0.2481 0.2325
vn -0.3925 -0.2940 -0.8715
vn -0.9921 -0.0362 0.1199
vn -0.5290 0.1265 0.8391
vn -0.8270 -0.2412 0.5078
vn -0.3965 -0.7598 -0.5152
vn -0.7095 -0.6745 -0.2042
vn 0.0455 0.9983 -0.0369
vn -0.1860 0.7993 -0.5714
vn -0.5290 0.8393 -0.1258
vn -0.4906 0.3475 -0.7991
vn -0.8003 0.4745 -0.3666
vn 0.0775 0.4541 -0.8876
vn 0.8961 0.3340 -0.2923
vn -0.2084 0.9255 -0.3163
vn -0.8482 0.4612 -0.2604
vn -0.7418 0.6106 -0.2773
vn -0.0908 0.7660 -0.6364
vn -0.9078 -0.1542 -0.3899
vn -0.4569 -0.4433 0.7712
vn 0.1168 0.0872 -0.9893
vn 0.7260 0.5653 0.3918
vn -0.7653 -0.5014 0.4036
vn 0.8008 -0.4593 0.3844
vn 0.6889 0.7235 0.0448
vn -0.9130 0.1473 -0.3804
vn -0.4831 -0.7210 0.4967
vn -0.2239 0.2066 0.9525
vn -0.8564 0.5159 0.0195
vn -0.9913 0.1312 -0.0087
vn -0.9808 -0.1949 0.0049
vn -0.8076 -0.4648 0.3629
vn -0.6561 -0.6776 0.3323
vn -0.5154 -0.3832 0.7665
vn -0.7189 -0.4978 -0.4852
vn 0.1369 0.1488 -0.9793
vn -0.6040 0.6636 0.4414
vn -0.7380 0.5663 -0.3669
vn -0.9557 -0.0703 -0.2859
vn -0.9132 0.1230 0.3885
vn 0.6175 0.0381 -0.7857
vn -0.3096 -0.2741 0.9105
vn 0.0381 0.0651 0.9972
vn -0.7801 0.1153 0.6150
vn 0.3020 0.9476 0.1047
vn -0.7766 -0.5238 -0.3499
vn -0.1907 -0.9816 0.0127
vn -0.9238 -0.3824 0.0167
vn -0.9521 -0.3029 0.0417
vn -0.9913 0.0868 -0.0990
vn -0.9861 0.1605 0.0420
vn -0.6939 0.1317 -0.7079
vn 0.1281 0.3730 0.9189
vn -0.3632 0.8902 -0.2751
vn -0.3834 0.9118 -0.1470
vn -0.3679 0.5292 -0.7646
vn -0.4944 0.8470 0.1953
vn -0.4841 0.8693 0.1002
vn 0.6324 0.3445 0.6938
vn -0.1441 -0.8772 -0.4581
vn -0.0872 -0.9813 0.1715
vn 0.3823 0.8985 0.2159
vn -0.3291 0.2060 -0.9216
vn -0.7882 -0.4155 0.4540
vn -0.1323 -0.8170 0.5612
vn 0.2582 -0.4739 0.8418
vn 0.1638 0.9856 -0.0424
vn 0.1124 -0.8734 -0.4739
vn -0.9231 -0.3836 0.0269
vn -0.5769 0.8054 -0.1362
vn -0.7797 0.1540 -0.6069
vn -0.9093 0.3653 -0.1991
vn -0.5096 0.7532 0.4159
vn -0.0987 0.0445 -0.9941
vn -0.2030 0.9780 0.0491
vn -0.9737 0.0459 0.2231
vn 0.6434 -0.6289 0.4365
vn -0.8890 -0.1625 -0.4282
vn -0.4392 -0.8904 0.1196
vn -0.9961 -0.0205 0.0862
vn -0.9908 0.0223 0.1334
vn -0.7337 -0.4539 0.5057
vn 0.6252 -0.7141 -0.3151
vn -0.4583 0.5927 0.6623
vn -0.8079 -0.2252 -0.5446
vn -0.3428 -0.9334 -0.1059
vn -0.1905 -0.9810 0.0368
vn -0.2615 -0.5183 -0.8142
vn -0.5029 0.8626 0.0543
vn -0.9899 -0.0067 0.1415
vn 0.3824 0.9208 -0.0771
vn -0.9894 0.0180 -0.1443
vn -0.6723 0.1297 -0.7289
vn -0.8926 -0.3603 -0.2710
vn -0.9540 0.0404 -0.2971
vn -0.9954 0.0955 0.0098
vn -0.9660 -0.2586 0.0046
vn -0.8396 -0.5302 -0.1180
vn -0.4327 0.1568 -0.8878
vn -0.9306 -0.3637 -0.0402
vn -0.6562 -0.0122 0.7545
vn 0.3657 0.9268 -0.0856
vn 0.1139 0.2651 -0.9575
vn -0.0428 -0.6350 -0.7714
vn 0.5966 0.7122 0.3699
vn 0.1996 -0.9615 0.1888
vn -0.6244 -0.0955 0.7752
vn -0.8108 0.3957 -0.4313
vn -0.8941 0.4320 0.1183
vn -0.8409 0.5248 -0.1319
vn -0.9769 -0.1119 -0.1823
vn -0.8790 0.4014 -0.2574
vn 0.7555 0.2448 0.6077
vn -0.9971 0.0752 0.0105
vn -0.9691 0.1482 -0.1971
vn 0.8210 0.3106 -0.4791
vn -0.4158 -0.2235 0.8816
vn 0.0964 -0.3131 -0.9448
vn 0.1380 0.1958 -0.9709
vn 0.4744 -0.8682 -0.1455
vn -0.9791 -0.0557 -0.1958
vn -0.8054 -0.0788 0.5875
vn -0.7840 -0.6094 -0.1183
vn -0.4821 0.5623 -0.6719
vn -0.3281 0.8540 0.4037
vn -0.4196 -0.1832 0.8890
vn -0.4129 0.9107 0.0082
vn -0.3496 0.9265 0.1390
vn -0.4556 0.8902 -0.0051
vn 0.0693 0.7562 0.6506
vn -0.8233 -0.5172 -0.2336
vn -0.2994 0.0441 0.9531
vn -0.2206 0.8625 -0.4554
vn 0.9480 0.3182 -0.0095
vn -0.8925 -0.1058 -0.4384
vn -0.7103 -0.7021 0.0506
vn 0.4364 -0.4863 0.7570
vn -0.8160 0.1586 -0.5558
vn -0.7329 0.2180 0.6445
vn 0.6490 0.7239 -0.2341
vn 0.4044 -0.8678 0.2886
vn -0.0740 -0.0153 0.9971
vn 0.0807 -0.0006 0.9967
vn -0.5392 0.4733 0.6965
vn 0.0049 -0.0503 0.9987
vn 0.1763 -0.0686 0.9819
vn -0.1902 0.1174 -0.9747
vn -0.5182 0.1548 -0.8411
vn -0.6947 -0.5836 -0.4205
vn 0.3002 -0.9490 -0.0966
vn 0.2692 -0.9309 0.2470
vn 0.0054 -0.9718 -0.2357
vn -0.1704 -0.7689 -0.6163
vn -0.3588 -0.0190 0.9332
vn 0.1324 -0.3682 0.9203
vn 0.9946 0.0658 0.0801
vn -0.9992 0.0158 0.0360
vn -0.9593 0.2765 -0.0572
vn -0.9919 0.1030 -0.0745
vn -0.2923 -0.9554 -0.0409
vn -0.5058 -0.8592 -0.0767
vn -0.9817 -0.0786 0.1736
vn -0.2770 0.9578 0.0766
vn -0.9840 -0.1009 0.1466
vn -0.8708 -0.2181 0.4406
vn 0.0345 -0.4657 -0.8843
vn -0.8620 0.5066 0.0159
vn -0.3517 0.9327 -0.0798
vn -0.5748 0.6773 0.4592
vn -0.5663 0.8004 -0.1964
vn 0.2351 0.1451 -0.9611
vn -0.7801 -0.1341 -0.6111
vn -0.8736 -0.1203 -0.4715
vn -0.8085 0.4904 -0.3254
vn -0.8491 0.0337 -0.5271
vn -0.5611 -0.8239 -0.0801
vn 0.9840 0.0595 0.1680
vn -0.3926 0.2027 0.8971
vn -0.6730 0.5295 -0.5164
vn 0.9669 -0.2545 -0.0155
vn -0.6762 0.7367 -0.0053
vn 0.4037 -0.3989 0.8234
vn -0.5146 0.4483 0.7309
vn 0.9535 0.3013 0.0110
vn -0.9736 0.1244 -0.1912
vn -0.9054 -0.0732 -0.4181
vn -0.2745 -0.9590 -0.0701
vn 0.1309 -0.5970 0.7915
vn 0.8018 -0.4167 0.4283
vn -0.3458 0.1868 -0.9195
vn -0.4893 0.8255 0.2812
vn -0.8059 0.3344 -0.4885
vn -0.8925 0.1186 -0.4351
vn -0.7605 0.4416 -0.4760
vn -0.7943 0.6063 0.0391
vn -0.8087 0.5870 0.0380
vn -0.3967 -0.0059 0.9179
vn 0.4402 -0.7402 -0.5083
vn 0.8179 0.3917 -0.4214
vn -0.8833 -0.4683 0.0197
vn -0.8505 0.0871 0.5186
vn -0.8121 0.4222 -0.4028
vn -0.8940 -0.4473 0.0269
vn 0.6775 0.7353 0.0198
vn -0.5605 -0.2314 0.7952
vn 0.3788 -0.4327 -0.8181
vn -0.2885 0.7079 -0.6448
vn -0.9541 -0.1907 0.2307
vn 0.5399 0.5358 0.6492
vn -0.5578 0.1130 0.8222
vn -0.7899 0.2530 0.5586
vn -0.8610 0.2734 -0.4288
vn -0.9373 -0.1825 -0.2971
vn -0.3645 -0.9159 -0.1682
vn -0.9452 -0.1919 0.2643
vn -0.4116 0.9065 0.0942
vn -0.9748 0.0406 -0.2194
vn -0.4386 0.8945 -0.0872
vn -0.7868 -0.5230 0.3276
vn -0.1659 0.1121 0.9797
vn -0.8650 0.0934 -0.4930
vn -0.8488 0.4271 -0.3116
vn -0.8186 0.3609 0.4469
vn -0.7322 -0.5784 0.3597
vn -0.9055 0.1265 0.4050
vn -0.9593 0.0196 0.2817
vn 0.5309 0.1810 -0.8279
vn 0.0205 0.1644 0.9862
vn 0.3235 0.1161 -0.9391
vn -0.4419 -0.5481 -0.7101
vn -0.3244 0.7707 -0.5484
vn 0.2582 0.8948 -0.3643
vn -0.5825 0.7883 0.1983
vn -0.1929 -0.7549 0.6269
vn -0.1517 -0.6452 -0.7488
vn 0.9601 0.2746 0.0535
vn -0.3831 -0.8600 0.3371
vn -0.7784 0.6092 -0.1514
vn -0.8730 -0.0795 -0.4812
vn -0.5528 0.0608 0.8311
vn 0.1651 0.0224 0.9860
vn -0.7695 0.3506 -0.5338
vn -0.7872 0.5261 -0.3218
vn -0.9373 -0.0730 -0.3408
vn -0.8805 -0.4466 -0.1587
vn -0.7225 0.4096 -0.5570
vn -0.8492 0.5271 0.0319
vn 0.7707 -0.6067 -0.1947
vn 0.8435 0.2019 -0.4977
vn 0.3143 -0.3992 -0.8613
vn -0.9503 0.0226 0.3105
vn -0.9017 0.3053 -0.3062
vn -0.3617 0.9310 -0.0495
vn -0.8981 -0.4396 0.0117
vn 0.4805 -0.2195 -0.8491
vn -0.4254 -0.8437 0.3274
vn -0.9606 -0.1687 0.2209
vn -0.6895 -0.0450 0.7229
vn -0.9507 -0.0324 0.3084
vn -0.8637 -0.3859 -0.3243
vn -0.8585 0.4954 -0.1328
vn 0.2880 0.5740 0.7666
vn -0.8118 -0.5839 0.0051
vn -0.8542 -0.5175 0.0492
vn 0.5505 -0.0507 0.8333
vn -0.7524 0.4615 0.4700
vn -0.8657 0.2706 0.4212
vn -0.6818 0.7305 -0.0383
vn -0.2342 -0.3668 -0.9003
vn -0.8410 0.0534 0.5384
vn -0.9875 -0.1569 0.0122
vn -0.4509 -0.5675 -0.6889
vn -0.3828 -0.3929 -0.8361
vn -0.5576 0.5212 -0.6461
vn -0.9347 0.0398 -0.3532
vn -0.9380 -0.2271 -0.2618
vn -0.6839 0.7127 -0.1557
vn -0.6618 -0.1532 -0.7339
vn -0.9415 0.0649 0.3306
vn -0.7226 0.4720 -0.5051
vn -0.1240 -0.8643 0.4875
vn -0.7945 -0.6066 -0.0292
vn 0.8450 0.4027 -0.3518
vn -0.6639 -0.0335 -0.7471
vn -0.8072 0.0897 0.5834
vn 0.4740 -0.3792 -0.7947
vn -0.8802 0.1713 0.4426
vn -0.9697 0.0580 -0.2374
vn -0.9006 0.0297 0.4336
vn -0.2141 0.8870 0.4092
vn -0.3187 0.5835 -0.7470
vn -0.4539 0.4960 -0.7403
vn -0.7236 0.1700 0.6689
vn -0.8381 -0.4936 -0.2323
vn -0.4277 -0.6937 0.5796
vn -0.2284 -0.5658 -0.7923
vn -0.2548 -0.5500 -0.7954
vn -0.8217 -0.5154 0.2432
vn -0.8422 -0.3855 -0.3770
vn -0.8097 0.1506 0.5673
vn -0.0020 -0.1225 0.9925
vn -0.7097 -0.1455 -0.6893
vn -0.9026 -0.4227 0.0816
vn -0.9676 0.0390 0.2495
vn 0.0751 0.2915 0.9536
vn -0.9338 -0.0250 0.3570
vn -0.4725 0.5795 0.6640
vn -0.0205 -0.0624 0.9978
vn -0.4607 -0.3607 0.8109
vn -0.8640 -0.1426 -0.4829
vn -0.1077 -0.8753 0.4714
vn -0.3039 -0.9448 -0.1222
vn -0.6409 0.4930 0.5884
vn -0.3297 0.8153 -0.4759
vn -0.8655 0.3433 0.3647
vn -0.9235 0.3201 -0.2114
vn -0.7550 -0.6505 -0.0824
vn -0.7318 0.2606 -0.6297
vn -0.9643 0.2222 -0.1440
vn 0.4416 0.6997 -0.5616
vn -0.8427 0.4555 0.2869
vn -0.9145 0.2295 -0.3331
vn -0.8771 0.1297 0.4625
vn 0.0246 -0.8758 -0.4820
vn -0.2460 0.0144 -0.9692
vn -0.7967 -0.4663 -0.3846
vn 0.4653 -0.8478 0.2546
vn 0.2331 -0.9117 0.3384
vn 0.6371 -0.7624 -0.1137
vn -0.1662 0.1117 0.9797
vn -0.6631 -0.2585 -0.7025
vn -0.6263 0.1101 0.7718
vn -0.7849 0.1201 0.6079
vn -0.0378 -0.9938 0.1042
vn 0.2441 0.9294 -0.2768
vn -0.6688 0.7399 0.0723
vn -0.9670 0.1969 0.1617
vn 0.9632 -0.0638 0.2610
vn -0.9970 0.0758 0.0183
vn 0.0949 -0.0371 0.9948
vn -0.4578 0.8698 0.1840
vn -0.9523 0.2293 0.2013
vn -0.8947 0.4294 0.1229
vn -0.8513 -0.5242 -0.0235
vn 0.0859 0.7379 -0.6694
vn -0.6238 0.0900 -0.7764
vn -0.9573 0.1548 -0.2441
vn -0.9866 0.0365 0.1590
vn -0.9433 -0.0365 -0.3300
vn -0.3451 -0.8390 -0.4207
vn -0.3317 0.9394 -0.0863
vn -0.4013 -0.8806 -0.2520
vn -0.9787 0.2005 0.0438
vn -0.9761 0.1110 -0.1868
vn -0.9978 0.0476 -0.0466
vn -0.8792 -0.1594 0.4490
vn -0.9482 0.2541 0.1906
vn 0.9715 -0.1229 0.2027
vn -0.9266 -0.1785 0.3310
vn -0.0409 -0.1603 -0.9862
vn -0.8962 0.1522 -0.4167
vn 0.5326 -0.8464 0.0065
vn 0.7585 -0.6138 -0.2191
vn 0.6675 -0.7404 0.0792
vn -0.8332 0.2977 0.4660
vn -0.9007 0.3949 -0.1811
vn -0.7625 0.0055 0.6470
vn -0.2415 -0.4267 -0.8716
vn 0.9022 0.4306 0.0255
vn 0.7584 -0.6138 -0.2191
vn 0.6714 -0.7240 -0.1583
vn -0.8602 -0.0175 0.5097
vn -0.7927 -0.0352 0.6086
vn -0.9523 0.0558 -0.2999
vn -0.8824 -0.0426 -0.4686
vn -0.8297 0.5496 0.0975
vn -0.5550 0.2616 0.7896
vn -0.8386 0.4774 -0.2622
vn -0.6884 0.6472 -0.3275
vn -0.4135 0.2404 -0.8782
vn 0.0781 -0.9827 0.1681
vn -0.7731 0.1039 0.6257
vn -0.8391 -0.1042 -0.5339
vn 0.6274 -0.7590 0.1738
vn 0.2962 -0.0714 0.9525
vn 0.1050 0.8418 0.5294
vn 0.1566 0.1424 -0.9773
vn -0.1426 0.8286 0.5413
vn 0.9543 -0.2302 -0.1908
vn -0.4964 0.8678 0.0228
vn -0.7859 0.4595 0.4138
vn -0.7599 0.4044 0.5089
vn -0.9594 -0.0740 0.2722
vn -0.9236 0.2851 -0.2564
vn -0.3366 -0.9409 -0.0386
vn -0.5676 0.8109 0.1423
vn -0.8159 0.2150 0.5367
vn 0.8973 0.4193 0.1380
vn -0.3327 -0.5866 -0.7384
vn -0.3697 -0.3824 -0.8468
vn -0.8447 0.0112 0.5351
vn 0.2555 -0.5895 -0.7663
vn -0.9085 0.4001 -0.1205
vn -0.4736 0.1233 0.8721
vn -0.9780 0.2076 -0.0189
vn -0.6961 0.6187 -0.3642
vn -0.2523 0.0613 -0.9657
vn -0.8148 0.5133 0.2696
vn -0.8979 0.2170 -0.3830
vn 0.8839 -0.1445 -0.4447
vn -0.7384 -0.4751 0.4785
vn -0.8575 0.1778 0.4828
vn -0.9021 -0.0587 0.4276
vn -0.7851 -0.4653 -0.4089
vn -0.8239 -0.0137 0.5666
vn -0.8788 -0.0759 0.4711
vn -0.8848 -0.3931 0.2502
vn -0.3501 0.0345 0.9361
vn -0.7871 -0.0587 0.6141
vn -0.8050 0.5150 0.2945
vn -0.8310 0.4888 0.2654
vn -0.8424 0.5337 0.0746
vn 0.0631 -0.2188 -0.9737
vn -0.6948 -0.0618 0.7166
vn -0.5030 0.8355 -0.2212
vn -0.9191 0.3742 0.1237
vn -0.7486 0.1080 0.6542
vn 0.9057 0.0653 -0.4188
vn 0.0519 -0.0365 -0.9980
vn 0.9707 -0.0338 -0.2378
vn 0.8840 -0.1445 -0.4446
vn -0.8996 0.0503 -0.4339
vn -0.5274 0.7982 0.2911
vn 0.5949 -0.8032 0.0316
vn -0.6553 0.5809 0.4828
vn 0.9342 -0.2165 -0.2834
vn 0.6785 -0.3306 0.6560
vn -0.6771 0.1368 0.7231
vn -0.4052 -0.5417 0.7365
vn -0.1179 -0.1999 0.9727
vn -0.7305 -0.4611 0.5038
vn -0.2680 -0.7503 0.6043
vn 0.8828 0.4650 0.0672
vn -0.9806 0.1000 0.1687
vn -0.9240 -0.0292 0.3812
vn -0.8355 -0.0509 0.5472
vn -0.4494 -0.0288 0.8928
vn -0.0954 -0.1871 -0.9777
vn -0.6549 -0.0445 -0.7544
vn -0.8737 -0.0713 0.4812
vn 0.8962 0.3735 0.2395
vn -0.7318 0.6662 0.1439
vn 0.5332 0.7524 0.3867
vn -0.8573 0.4941 -0.1448
vn -0.5561 -0.8063 -0.2016
vn -0.9919 0.0128 -0.1263
vn -0.7800 0.1178 -0.6146
vn -0.8732 -0.1421 0.4662
vn -0.2856 -0.8024 -0.5240
vn 0.4579 -0.1593 0.8746
vn -0.2626 0.3258 0.9083
vn -0.1427 -0.1941 0.9705
vn -0.8830 -0.4642 -0.0695
vn -0.7032 0.6551 -0.2764
vn -0.3503 0.0276 -0.9362
vn -0.1177 -0.0322 -0.9925
vn -0.9431 0.1142 0.3123
vn 0.7113 -0.2640 -0.6515
vn 0.9322 -0.3616 0.0162
vn -0.2688 -0.2089 0.9403
vn -0.9184 -0.3643 0.1542
vn -0.7971 0.0909 0.5970
vn -0.0148 -0.9999 -0.0058
vn -0.9444 0.2977 0.1397
vn -0.9295 0.3277 0.1693
vn -0.9893 0.0971 0.1091
vn 0.8048 0.4953 -0.3269
vn -0.6576 -0.0320 0.7527
vn 0.7411 -0.4789 0.4706
vn 0.9884 0.0628 -0.1381
vn -0.0280 0.0419 -0.9987
vn 0.8936 0.2413 0.3784
vn -0.7798 0.1178 -0.6149
vn -0.6110 0.6816 0.4026
vn -0.4765 0.8591 0.1868
vn -0.2898 -0.1926 0.9375
vn -0.5174 0.8553 0.0275
vn -0.7930 -0.6025 0.0908
vn -0.8651 0.4832 -0.1348
vn 0.1856 0.9247 0.3325
vn -0.5262 0.4088 -0.7456
vn -0.7507 0.0367 0.6596
vn -0.8573 0.0229 0.5143
vn -0.8701 0.4489 -0.2037
vn 0.6107 0.7841 -0.1106
vn 0.3736 0.9214 0.1068
vn -0.2076 -0.4832 -0.8505
vn -0.4767 -0.3420 -0.8098
vn 0.0259 -0.2936 -0.9556
vn -0.8040 0.3423 -0.4862
vn 0.4051 -0.0720 0.9114
vn -0.9607 -0.0633 -0.2701
vn -0.8077 0.2376 0.5396
vn -0.8686 0.1286 0.4785
vn -0.8902 0.3876 0.2392
vn -0.7555 0.6535 -0.0462
vn 0.1149 -0.9889 0.0944
vn -0.0681 -0.9975 0.0179
vn -0.9376 0.0037 -0.3476
vn -0.9787 0.0610 -0.1962
vn -0.5298 0.4159 0.7392
vn 0.1292 -0.3784 -0.9166
vn 0.7343 0.4212 -0.5323
vn 0.8053 0.5894 -0.0645
vn 0.3317 0.6691 0.6651
vn -0.6944 0.4338 0.5742
vn -0.6034 -0.7639 0.2289
vn -0.8515 0.1204 0.5104
vn -0.9876 -0.0538 0.1473
vn -0.8113 0.3736 0.4497
vn 0.6905 0.4600 0.5582
vn -0.3930 -0.7371 0.5497
vn -0.7321 0.5828 -0.3527
vn 0.4823 -0.2890 -0.8270
vn 0.9006 -0.4346 -0.0043
vn 0.7618 -0.6461 -0.0463
vn -0.7637 0.2726 0.5851
vn -0.8077 0.1533 0.5693
vn -0.9990 0.0411 -0.0189
vn -0.9462 0.3127 -0.0832
vn -0.8157 -0.2879 -0.5017
vn 0.1482 -0.0557 0.9874
vn -0.8389 0.0642 0.5405
vn -0.7567 0.4274 0.4947
vn 0.1240 -0.5709 -0.8116
vn -0.7031 -0.6966 -0.1428
vn -0.9123 -0.3771 0.1593
vn -0.9743 0.1174 0.1922
vn -0.5035 -0.4577 0.7328
vn -0.7822 0.0308 0.6223
vn 0.7796 -0.2129 0.5889
vn -0.3853 -0.5993 0.7017
vn -0.1665 0.2216 0.9608
vn -0.4867 -0.6842 -0.5431
vn -0.0270 0.9886 -0.1482
vn 0.1549 0.9641 0.2158
vn -0.1260 0.9902 0.0601
vn 0.8264 0.4229 0.3718
vn -0.0353 -0.1870 0.9817
vn -0.3890 -0.8728 -0.2948
vn -0.6738 0.0451 0.7375
vn -0.7043 -0.2730 0.6553
vn -0.3906 -0.8824 0.2623
vn -0.7671 0.3215 -0.5551
vn -0.8868 0.1932 -0.4198
vn -0.8614 0.0617 0.5041
vn -0.9516 0.1611 -0.2618
vn -0.8966 0.3101 0.3160
vn -0.7924 0.5729 0.2097
vn -0.6291 -0.3138 0.7112
vn -0.9962 0.0397 0.0769
vn -0.6444 -0.0976 -0.7584
vn 0.6020 0.2154 -0.7689
vn -0.1304 -0.2643 0.9556
vn -0.0605 -0.9028 0.4257
vn -0.3488 -0.4894 -0.7992
vn -0.8419 -0.2532 0.4765
vn -0.9203 0.3664 0.1372
vn -0.9261 -0.1777 -0.3327
vn 0.9084 0.4175 -0.0215
vn -0.8623 -0.4855 -0.1439
vn -0.7793 0.5958 0.1941
vn -0.9572 0.2406 0.1611
vn -0.7495 -0.6572 0.0795
vn -0.7248 0.2137 0.6550
vn -0.8050 0.2443 0.5407
vn -0.8450 -0.4333 0.3135
vn -0.7572 0.4928 -0.4287
vn 0.5718 0.8187 -0.0524
vn -0.9544 0.0934 0.2837
vn -0.7914 0.3292 -0.5151
vn -0.7789 0.1064 -0.6180
vn -0.8320 -0.0257 0.5541
vn -0.8425 -0.0853 0.5319
vn -0.6446 -0.7616 -0.0670
vn -0.6634 -0.6220 0.4158
vn -0.2559 0.8626 0.4364
vn 0.5135 -0.6483 0.5621
vn -0.4509 -0.6337 0.6286
vn 0.2828 -0.3670 0.8862
vn -0.7570 0.6234 0.1960
vn -0.7075 -0.5780 -0.4066
vn 0.4282 0.2614 -0.8650
vn -0.3199 0.5928 -0.7391
vn -0.5853 0.1507 0.7967
vn -0.6846 0.6983 0.2090
vn -0.5765 0.7155 0.3945
vn 0.6636 -0.6534 -0.3643
vn 0.1444 -0.9516 0.2713
vn -0.7154 0.1317 -0.6862
vn -0.9935 -0.0123 0.1136
vn -0.9673 -0.0110 0.2535
vn -0.4961 -0.5603 -0.6633
vn -0.9887 -0.1382 -0.0582
vn -0.7614 0.0339 0.6474
vn -0.4137 -0.9052 -0.0969
vn -0.3672 -0.9301 -0.0125
vn -0.7329 -0.2656 0.6264
vn -0.0115 -0.2249 -0.9743
vn -0.9807 0.1563 0.1175
vn 0.1119 -0.9546 -0.2762
vn -0.8499 -0.3742 0.3709
vn -0.0822 -0.9755 -0.2042
vn -0.3909 0.0142 0.9203
vn -0.1669 0.9854 0.0339
vn 0.3159 0.1989 0.9277
vn -0.3272 -0.5073 -0.7973
vn -0.7172 -0.2366 0.6554
vn 0.2610 -0.2857 0.9221
vn -0.7837 -0.0279 -0.6205
vn -0.3473 0.9374 0.0248
vn 0.1277 0.9370 0.3253
vn -0.7207 0.1189 -0.6830
vn -0.9940 -0.0794 0.0754
vn -0.7747 0.5337 0.3392
vn -0.7245 -0.1190 -0.6789
vn -0.0809 0.9049 0.4179
vn -0.2746 0.0804 -0.9582
vn 0.5943 0.7929 -0.1346
vn -0.3499 0.9368 -0.0009
vn -0.1434 -0.2743 0.9509
vn -0.9274 0.2521 -0.2763
vn -0.9310 -0.2896 -0.2223
vn -0.6485 0.4145 0.6385
vn 0.3353 -0.5197 0.7858
vn 0.1738 0.7099 -0.6826
vn 0.2038 -0.4492 0.8699
vn -0.0232 0.1864 -0.9822
vn 0.5429 0.8265 0.1487
vn -0.8554 -0.4434 -0.2678
vn 0.1093 -0.1174 0.9871
vn -0.7733 -0.1170 0.6232
vn -0.4612 -0.1922 -0.8662
vn 0.5835 -0.0136 0.8120
vn -0.9222 -0.1161 -0.3689
vn -0.8729 -0.3391 0.3509
vn -0.9067 -0.1905 0.3764
vn -0.4900 -0.2659 0.8302
vn 0.0460 -0.1309 0.9903
vn -0.4114 -0.4472 0.7942
vn -0.8308 0.1948 0.5213
vn 0.7955 -0.4269 -0.4300
vn 0.1836 0.9806 0.0690
vn 0.6110 -0.7724 0.1736
vn -0.7781 0.5820 -0.2360
vn -0.6716 0.2333 0.7033
vn -0.2067 -0.2412 -0.9482
vn -0.5370 0.4845 0.6905
vn 0.5436 -0.8330 -0.1033
vn 0.2273 -0.7644 -0.6034
vn -0.7887 0.0080 -0.6147
vn -0.9891 -0.0718 -0.1284
vn 0.1841 -0.8702 -0.4569
vn -0.5041 0.8490 0.1582
vn 0.1311 0.1345 0.9822
vn -0.2667 0.7339 0.6247
vn 0.4561 -0.8898 -0.0161
vn -0.8160 0.0096 0.5780
vn 0.7420 0.0550 0.6681
vn 0.1155 0.7262 -0.6777
vn -0.1833 0.6344 0.7510
vn -0.8246 -0.5606 -0.0759
vn -0.7262 -0.6244 -0.2878
vn 0.9829 -0.0662 -0.1716
vn -0.7629 -0.5092 0.3983
vn 0.6885 0.4280 -0.5855
vn -0.7603 0.5913 0.2689
vn -0.5525 -0.8195 0.1523
vn -0.4297 -0.4187 0.8001
vn -0.8860 -0.4637 0.0055
vn -0.8905 0.0216 -0.4544
vn -0.9881 0.0795 -0.1319
vn -0.6646 0.7439 0.0695
vn -0.8807 0.4486 0.1520
vn 0.7355 -0.6471 0.2008
vn -0.7034 -0.0105 -0.7107
vn -0.6247 -0.0316 -0.7802
vn -0.4662 -0.3469 -0.8138
vn -0.0435 0.5063 -0.8613
vn -0.7133 -0.5423 0.4440
vn -0.8504 -0.3961 0.3463
vn -0.8378 0.5358 -0.1047
vn 0.2179 -0.7160 0.6632
vn -0.8656 0.1675 -0.4719
vn -0.9490 0.3087 0.0633
vn -0.4375 -0.1563 0.8855
vn 0.2235 -0.1121 -0.9682
vn -0.2559 -0.1492 0.9551
vn -0.8890 0.4380 -0.1336
vn -0.9370 0.3129 -0.1553
vn -0.8332 -0.1911 0.5189
vn 0.0248 -0.9000 -0.4351
vn -0.8291 0.2803 -0.4838
vn -0.9055 0.2867 0.3128
vn -0.9343 0.0297 0.3551
vn -0.7000 0.4838 0.5252
vn -0.9542 0.2971 0.0360
vn 0.2087 -0.4800 0.8521
vn -0.1603 -0.3175 0.9346
vn 0.1132 -0.0265 0.9932
vn -0.7711 -0.6147 0.1660
vn -0.6574 0.7518 0.0515
vn 0.0454 -0.9359 -0.3493
vn -0.5063 -0.3922 -0.7680
vn -0.6510 -0.7331 -0.1968
vn -0.2873 -0.2662 0.9201
vn 0.2965 -0.5029 0.8119
vn -0.8340 -0.3433 0.4321
vn 0.5997 0.6943 0.3980
vn -0.6420 0.2130 -0.7365
vn -0.9158 0.3985 0.0506
vn 0.7656 -0.6196 -0.1733
vn 0.6405 0.0955 -0.7620
vn 0.3947 -0.2050 0.8957
vn -0.4187 0.7671 -0.4861
vn -0.4845 0.8531 0.1937
vn -0.9256 -0.1455 0.3493
vn -0.4438 -0.0764 -0.8929
vn -0.1479 0.9422 -0.3005
vn -0.5956 -0.0090 -0.8032
vn -0.5582 0.7867 0.2635
vn -0.5583 -0.2151 0.8013
vn 0.5054 -0.5725 -0.6456
vn -0.9602 -0.2199 0.1720
vn -0.9685 -0.2442 0.0480
vn -0.7201 0.6851 0.1102
vn -0.8868 -0.4009 -0.2299
vn 0.0990 0.7332 0.6727
vn -0.4138 -0.3117 0.8553
vn 0.1318 -0.8297 -0.5424
vn -0.5099 0.3964 0.7635
vn 0.0322 0.4119 -0.9107
vn 0.5455 -0.8381 0.0042
vn -0.2849 0.8664 -0.4100
vn 0.8930 -0.3372 -0.2982
vn 0.9118 -0.4106 0.0095
vn 0.8571 -0.4883 0.1640
vn -0.2953 0.9080 0.2971
vn -0.6148 0.2888 -0.7339
vn -0.7602 0.2324 0.6067
vn -0.0277 -0.8324 0.5535
vn -0.8764 -0.3782 -0.2980
vn -0.3824 -0.2632 -0.8857
vn -0.9809 -0.1809 0.0711
vn -0.0745 0.8005 0.5947
vn -0.8663 0.4990 -0.0221
vn -0.2941 -0.2336 0.9268
vn 0.4463 0.5833 0.6787
vn 0.0864 -0.9961 -0.0190
vn 0.3841 0.7956 -0.4685
vn 0.8245 0.1857 0.5345
vn -0.7575 -0.5673 -0.3231
vn -0.0062 -0.4099 -0.9121
vn -0.4393 -0.4705 0.7653
vn -0.6610 0.3733 -0.6510
vn -0.3806 0.0215 0.9245
vn -0.3926 -0.5298 -0.7518
vn -0.0621 -0.1492 0.9868
vn 0.7444 -0.6595 -0.1039
vn 0.6860 -0.4848 -0.5426
vn -0.1548 0.8530 -0.4984
vn -0.5894 0.4889 0.6430
vn -0.9141 0.3526 0.2004
vn 0.4812 -0.5864 -0.6516
vn -0.9137 0.3839 -0.1333
vn -0.3798 -0.3027 -0.8742
vn 0.9678 -0.2452 0.0560
vn -0.4826 0.3685 0.7945
vn 0.6190 0.5789 0.5307
vn -0.8309 -0.3503 0.4323
vn -0.9859 0.1665 -0.0153
vn 0.5228 0.5959 0.6096
vn -0.4183 0.8942 0.1594
vn -0.9239 -0.0607 -0.3778
vn -0.2793 0.0936 0.9556
vn -0.0624 0.3709 0.9266
vn -0.3641 -0.6154 -0.6991
vn -0.8633 -0.1191 0.4905
vn 0.2617 -0.9068 -0.3304
vn 0.6228 0.7678 0.1507
vn 0.5784 -0.7995 -0.1620
vn 0.5104 0.5930 0.6227
vn 0.2441 -0.8885 -0.3884
vn 0.6239 -0.1474 0.7675
vn 0.4977 0.8672 0.0147
vn -0.4233 0.8986 0.1159
vn -0.6711 0.2246 -0.7065
vn -0.8152 0.4908 0.3075
vn -0.7566 0.4944 0.4279
vn 0.4104 -0.6012 0.6857
vn -0.5095 0.5340 -0.6747
vn -0.7302 0.1250 0.6717
vn -0.9597 0.0359 -0.2789
vn 0.0645 0.6622 -0.7465
vn 0.4190 0.2907 0.8602
vn -0.7813 0.5541 0.2874
vn -0.9401 0.3255 0.1014
vn -0.8749 0.1973 -0.4424
vn 0.2532 0.9531 0.1660
vn -0.2075 0.9750 -0.0797
vn -0.5883 0.3476 -0.7301
vn -0.8078 -0.5721 0.1421
vn -0.0185 0.9861 0.1653
vn -0.4461 0.8681 0.2176
vn -0.0222 -0.7162 0.6975
vn 0.9571 -0.2702 0.1048
vn -0.0827 -0.5232 -0.8482
vn -0.3959 -0.0555 -0.9166
vn 0.4787 -0.5921 0.6483
vn -0.3203 0.0748 -0.9444
vn -0.4513 0.6317 -0.6303
vn -0.0980 0.9555 0.2783
vn -0.8043 0.2182 -0.5527
vn -0.8787 0.3739 -0.2968
vn -0.8703 0.3647 -0.3311
vn -0.5800 -0.2546 0.7738
vn -0.7553 -0.0007 0.6554
vn -0.8311 0.5470 -0.1007
vn 0.4938 -0.2808 0.8230
vn 0.9441 0.2657 -0.1951
vn 0.3281 0.8101 -0.4859
vn 0.2689 0.4468 0.8533
vn -0.1421 -0.3061 0.9413
vn 0.2628 0.1360 0.9552
vn 0.4862 -0.7328 0.4761
vn -0.2024 0.9776 -0.0576
vn -0.0557 -0.9787 -0.1975
vn 0.7954 -0.0323 -0.6052
vn -0.9420 -0.1301 -0.3094
vn -0.3793 -0.9245 0.0371
vn -0.8789 -0.3929 0.2704
vn -0.6371 0.7703 -0.0259
vn 0.9801 -0.1048 -0.1686
vn -0.4968 0.4110 0.7644
vn 0.0359 0.0726 0.9967
vn -0.1326 0.3341 0.9332
vn -0.8570 0.4483 0.2542
vn -0.4267 0.6691 -0.6085
vn -0.7068 -0.5126 0.4875
vn 0.6965 0.1916 0.6915
vn -0.8114 -0.5796 0.0753
vn 0.5092 -0.1309 -0.8507
vn -0.8943 0.4204 -0.1534
vn 0.3223 -0.7783 0.5389
vn -0.7316 0.6773 0.0771
vn -0.6756 -0.3201 0.6641
vn -0.9248 0.3799 -0.0213
vn -0.5343 -0.8284 -0.1682
vn 0.2882 -0.9267 0.2411
vn -0.7687 0.6255 -0.1337
vn -0.9568 -0.1341 0.2581
vn -0.6498 0.4707 -0.5968
vn -0.0258 0.4139 0.9099
vn 0.2297 0.6724 -0.7036
vn -0.6479 0.5082 0.5674
vn 0.5056 -0.6094 -0.6107
vn 0.9322 0.3461 -0.1057
vn -0.0600 0.0391 -0.9974
vn -0.6537 0.7288 0.2037
vn 0.8900 -0.0832 0.4482
vn -0.9509 0.2408 0.1946
vn -0.9369 0.2652 -0.2280
vn -0.5623 -0.7135 0.4180
vn -0.7717 0.5842 0.2514
vn -0.3244 0.1880 0.9271
vn -0.6425 0.7011 0.3092
vn -0.8044 0.0079 0.5940
vn -0.5547 0.2406 -0.7965
vn -0.7889 0.6021 0.1231
vn 0.6227 0.3213 0.7135
vn 0.7845 0.1561 0.6001
vn -0.5785 -0.0282 -0.8152
vn -0.6675 0.2161 -0.7125
vn -0.8179 0.3707 -0.4400
vn 0.8413 -0.0848 -0.5338
vn 0.3023 -0.8595 0.4123
vn -0.7915 0.1210 0.5990
vn 0.7494 -0.4317 -0.5020
vn -0.5340 0.4605 0.7091
vn 0.4679 -0.5562 -0.6868
vn -0.2846 0.9540 -0.0939
vn -0.5660 0.8225 -0.0567
vn 0.1771 -0.3821 0.9070
vn -0.6537 0.0479 0.7553
vn -0.5400 -0.8360 0.0971
vn 0.6567 -0.6527 0.3778
vn -0.7383 0.5802 0.3439
vn 0.8595 0.0648 0.5070
vn 0.5116 -0.2111 -0.8329
vn 0.8270 -0.0115 0.5622
vn -0.0425 -0.3495 -0.9360
vn 0.3641 0.7780 0.5120
vn -0.8619 -0.3506 0.3662
vn -0.3504 0.7239 -0.5943
vn -0.5840 0.1976 0.7874
vn -0.1862 0.5446 -0.8178
vn -0.3686 0.0776 -0.9263
vn -0.2761 0.7402 -0.6132
vn -0.6260 0.5890 0.5111
vn -0.5180 0.3684 0.7720
vn -0.8952 0.1147 0.4307
vn 0.3631 -0.8012 -0.4756
vn 0.7116 -0.6869 0.1476
vn -0.5837 0.7396 0.3350
vn -0.8338 -0.0339 -0.5511
vn -0.7917 0.1337 -0.5961
vn -0.9335 0.0454 0.3558
vn -0.8605 0.2124 0.4631
vn -0.9237 0.0532 0.3794
vn -0.7188 0.6487 0.2500
vn -0.9622 -0.1600 0.2203
vn -0.6139 0.5316 0.5835
vn 0.1071 -0.9939 -0.0243
vn 0.1132 -0.9929 0.0368
vn -0.9035 0.3222 0.2827
vn -0.7081 0.0692 -0.7027
vn 0.5219 0.2721 -0.8084
vn 0.1713 0.6261 0.7607
vn -0.0685 0.0501 -0.9964
vn -0.6033 0.3092 0.7352
vn -0.6944 0.7186 0.0375
vn 0.3139 -0.8966 0.3125
vn -0.7745 0.5083 0.3766
vn -0.4474 0.1397 -0.8834
vn -0.2924 -0.5771 0.7625
vn -0.5764 0.5551 0.5997
vn -0.0316 -0.9825 0.1833
vn -0.8883 0.0544 -0.4560
vn 0.1509 -0.7178 -0.6798
vn 0.0960 -0.8866 -0.4525
vn -0.5970 0.8018 0.0256
vn -0.0798 -0.9936 0.0805
vn 0.9766 0.1208 0.1778
vn 0.6129 -0.7071 0.3525
vn 0.3346 -0.5258 0.7820
vn -0.7566 0.5647 -0.3297
vn -0.8011 0.4813 -0.3558
vn -0.4429 0.7580 -0.4788
vn 0.4251 0.5882 -0.6880
vn -0.7068 0.7035 0.0746
vn 0.2965 0.4870 0.8215
vn 0.1657 0.4671 0.8686
vn -0.8170 0.3386 0.4667
vn 0.0434 0.4004 0.9153
vn -0.2057 -0.7602 -0.6163
vn 0.1928 0.9801 0.0465
vn -0.4959 -0.8675 0.0386
vn -0.7398 0.0098 -0.6727
vn 0.2151 0.6107 0.7621
vn 0.7531 -0.1583 0.6385
vn -0.8877 0.4401 -0.1352
vn -0.1763 -0.5308 0.8290
vn -0.9044 -0.0399 0.4248
vn -0.8145 -0.3271 -0.4792
vn -0.6331 0.1096 -0.7663
vn 0.4180 0.8864 -0.1987
vn 0.4253 -0.0422 0.9041
vn -0.7040 -0.5466 0.4535
vn -0.6864 0.5232 0.5051
vn -0.9020 0.4145 0.1210
vn 0.7232 -0.1438 0.6755
vn -0.5003 0.7319 0.4626
vn -0.8205 0.5663 -0.0782
vn -0.8400 0.2126 -0.4992
vn 0.6289 -0.2963 -0.7188
vn 0.3482 -0.9195 -0.1824
vn -0.6778 -0.5885 0.4408
vn -0.5990 -0.7747 0.2027
vn 0.4168 -0.6845 0.5981
vn 0.0972 0.1111 -0.9890
vn 0.3933 0.5839 0.7102
vn 0.6978 0.6960 0.1692
vn 0.2829 -0.9579 0.0494
vn -0.5934 0.0525 0.8032
vn 0.2656 -0.2158 0.9396
vn -0.7372 0.2593 -0.6240
vn -0.7566 0.6248 0.1928
vn -0.7803 -0.2717 0.5633
vn 0.8884 -0.2483 0.3862
vn -0.6572 0.2860 0.6973
vn -0.8214 -0.5698 0.0252
vn -0.1692 -0.9392 -0.2988
vn -0.2493 0.9484 -0.1959
vn -0.7710 -0.1670 -0.6146
vn -0.7217 0.2897 0.6287
vn 0.1054 0.9402 -0.3239
vn 0.5848 0.1822 -0.7905
vn 0.3845 0.8451 -0.3715
vn -0.7222 0.4720 0.5056
vn -0.6342 -0.4964 0.5928
vn 0.0122 0.6064 -0.7951
vn -0.4262 0.8296 0.3608
vn -0.0085 0.4672 0.8841
vn -0.6868 0.3493 -0.6374
vn -0.5144 0.5818 0.6300
vn 0.2760 -0.9252 0.2606
vn -0.6129 -0.6995 0.3676
vn 0.5197 -0.5621 -0.6434
vn 0.5622 -0.5675 -0.6015
vn -0.5539 0.4604 -0.6937
vn -0.3874 -0.8732 -0.2957
vn -0.2975 0.8301 0.4717
vn -0.1320 0.2876 0.9486
vn -0.1854 0.7450 -0.6408
vn 0.4389 -0.1302 -0.8891
vn 0.4994 0.8657 0.0347
vn 0.8343 -0.5185 0.1876
vn 0.7209 0.0998 -0.6858
vn 0.2046 0.6214 0.7563
vn -0.5878 0.7625 -0.2705
vn -0.7416 0.1614 0.6512
vn -0.6222 -0.7723 -0.1280
vn -0.8988 -0.2748 -0.3416
vn 0.7459 0.6631 0.0619
vn 0.9874 -0.1536 -0.0387
vn -0.2381 -0.6306 -0.7387
vn 0.4394 -0.1078 0.8918
vn 0.0516 -0.9059 -0.4204
vn -0.6003 -0.7979 0.0538
vn 0.7345 -0.4799 -0.4798
vn 0.8750 -0.1991 -0.4412
vn 0.6493 0.5447 0.5307
vn -0.5950 0.5513 0.5848
vn -0.6075 0.6702 0.4263
vn -0.9103 -0.3334 -0.2453
vn 0.8342 -0.2200 0.5057
vn -0.0195 0.5968 0.8022
vn 0.3915 0.1177 0.9126
vn -0.0136 0.4062 0.9137
vn 0.0151 -0.1696 -0.9854
vn 0.7196 0.1597 0.6757
vn -0.0673 0.1043 0.9923
vn -0.7257 -0.1684 0.6671
vn -0.3168 -0.0626 -0.9464
vn 0.4672 0.7861 -0.4047
vn -0.5675 0.3627 -0.7392
vn -0.3932 -0.6660 0.6339
vn -0.0328 -0.5946 -0.8034
vn -0.2007 -0.0901 -0.9755
vn 0.2635 0.1633 0.9507
vn 0.9275 0.0716 0.3669
vn 0.1699 0.1823 0.9684
vn 0.7926 -0.1627 -0.5877
vn 0.6806 -0.7275 0.0870
vn -0.9771 0.0122 -0.2126
vn -0.9100 -0.3825 0.1602
vn -0.6025 -0.3631 0.7107
vn -0.7636 0.2318 0.6027
vn -0.3010 -0.7022 0.6452
vn 0.3866 -0.4540 0.8028
vn 0.7194 0.0791 0.6901
vn 0.2001 -0.7046 -0.6808
vn 0.8077 0.1136 0.5785
vn 0.8947 -0.2344 0.3803
vn 0.1829 0.5646 0.8048
vn 0.1319 -0.9847 0.1137
vn -0.5776 0.1622 -0.8001
vn -0.7434 -0.1868 0.6422
vn -0.1765 0.6735 0.7178
vn -0.6493 -0.2136 0.7299
vn -0.2195 0.3432 -0.9132
vn -0.8766 0.4199 0.2351
vn -0.6960 0.2357 0.6783
vn 0.8546 0.1547 -0.4958
vn 0.9259 0.0871 0.3675
vn 0.4471 -0.2957 -0.8442
vn -0.0132 -0.5049 -0.8631
vn -0.4700 -0.8330 0.2918
vn 0.7940 0.4471 -0.4119
vn -0.8838 -0.2363 0.4038
vn 0.6768 0.2063 0.7067
vn -0.3783 0.8999 -0.2169
vn 0.2717 0.6161 0.7393
vn -0.9423 -0.1358 0.3059
vn -0.2067 -0.0914 0.9741
vn -0.6459 0.5231 -0.5560
vn -0.4969 0.4027 -0.7687
vn -0.9168 0.3918 0.0778
vn 0.3329 0.9009 0.2784
vn 0.1294 0.9630 0.2363
vn -0.4900 -0.2363 -0.8391
vn -0.5444 -0.7711 0.3302
vn -0.5980 0.0819 0.7973
vn -0.7802 0.2463 -0.5750
vn 0.3962 0.8725 0.2859
vn 0.4761 0.8765 0.0711
vn 0.8514 0.4020 0.3369
vn -0.2276 0.1287 0.9652
vn -0.4696 0.1516 -0.8698
vn -0.2402 0.9705 0.0212
vn 0.9911 0.1195 0.0585
vn -0.4851 -0.5207 0.7025
vn 0.1945 0.2926 0.9362
vn -0.1227 0.6493 0.7506
vn 0.2048 -0.1210 0.9713
vn -0.1840 0.8719 0.4538
vn 0.5605 -0.7301 -0.3909
vn 0.3586 0.6788 -0.6409
vn 0.9474 0.1840 0.2618
vn 0.6748 -0.6040 0.4241
vn -0.7478 -0.0139 0.6638
vn 0.3937 -0.9164 -0.0719
vn 0.4188 0.8947 0.1551
vn -0.3802 0.9219 0.0746
vn -0.5669 -0.4199 0.7087
vn 0.5913 0.2999 0.7486
vn -0.0920 -0.8158 -0.5709
vn -0.3069 0.9242 0.2272
vn 0.0705 -0.6517 0.7552
vn 0.6843 -0.2109 0.6980
vn 0.9121 0.3346 0.2370
vn -0.0474 0.7330 0.6785
vn -0.6829 0.1172 0.7210
vn -0.6488 -0.2864 0.7050
vn 0.5552 -0.1466 0.8187
vn 0.1963 0.3607 -0.9118
vn -0.2836 0.6479 -0.7070
vn -0.9804 -0.1655 0.1068
vn -0.4912 0.6191 -0.6127
vn -0.4012 0.4829 -0.7783
vn -0.4583 0.3846 -0.8013
vn -0.3437 0.8982 -0.2739
vn -0.5844 0.4270 0.6900
vn 0.5546 0.0926 -0.8269
vn -0.2440 0.3923 -0.8869
vn -0.9009 -0.2899 0.3230
vn -0.2389 0.2873 0.9276
vn -0.9525 0.2853 0.1065
vn -0.1687 -0.8191 -0.5483
vn 0.2113 -0.9623 -0.1711
vn -0.9644 0.0771 -0.2530
vn -0.0569 -0.9747 0.2162
vn 0.0740 0.0654 -0.9951
vn -0.4738 0.4329 0.7669
vn 0.6077 0.7223 0.3302
vn 0.7482 0.4218 0.5121
vn -0.6412 -0.4251 -0.6389
vn -0.6870 0.5517 0.4729
vn -0.9457 0.1129 0.3048
vn -0.7033 0.0811 -0.7062
vn -0.8230 0.2336 0.5178
vn -0.6384 0.7367 -0.2229
vn 0.0358 -0.0840 0.9958
vn -0.1697 0.9828 0.0731
vn -0.0140 0.5770 0.8166
vn 0.0876 -0.5836 0.8073
vn 0.9883 0.0977 -0.1168
vn 0.1450 -0.5911 0.7934
vn 0.0250 0.9929 -0.1161
vn -0.7928 -0.1198 0.5975
vn -0.7181 0.6862 0.1159
vn -0.6517 0.2942 0.6991
vn 0.7833 -0.1759 -0.5962
vn -0.4788 0.0024 0.8779
vn -0.4575 0.3139 -0.8320
vn -0.5230 -0.2926 -0.8005
vn -0.5935 0.0878 -0.8000
vn -0.7337 -0.2068 0.6473
vn 0.9572 0.2521 -0.1425
vn 0.9930 0.1178 0.0027
vn -0.3438 -0.5813 0.7375
vn 0.6201 -0.6522 -0.4360
vn -0.6732 0.7372 -0.0580
vn -0.9282 -0.3718 0.0132
vn -0.5429 0.3662 -0.7557
vn 0.3454 0.9377 0.0366
vn 0.0364 0.9942 -0.1016
vn 0.6399 0.7624 -0.0962
vn -0.4330 -0.4138 -0.8008
vn -0.1387 -0.7914 -0.5954
vn -0.4897 0.8700 0.0569
vn 0.1220 -0.7678 0.6290
vn 0.8462 -0.4343 0.3086
vn 0.6743 -0.7360 -0.0600
vn -0.7056 0.5197 0.4816
vn -0.6442 0.7648 0.0104
vn -0.9272 -0.3116 -0.2079
vn -0.9579 -0.1866 0.2183
vn -0.3969 0.4199 -0.8162
vn -0.4371 0.1707 -0.8831
vn -0.6367 -0.0448 -0.7698
vn -0.3140 0.7895 0.5273
vn -0.5456 -0.4425 -0.7117
vn 0.3295 0.8891 0.3176
vn 0.0193 0.4078 0.9129
vn -0.3200 -0.9078 0.2713
vn -0.6851 0.3218 0.6535
vn -0.8123 -0.3719 -0.4493
vn 0.9747 0.1366 -0.1771
vn -0.7811 0.2897 0.5531
vn -0.8428 0.2464 0.4785
vn -0.7825 0.3965 0.4801
vn 0.8593 0.1636 0.4846
vn 0.1232 -0.9876 -0.0969
vn -0.7916 -0.5486 0.2691
vn -0.4959 0.1763 0.8503
vn -0.8405 0.5084 0.1875
vn -0.8824 0.3215 0.3435
vn -0.9869 -0.0626 0.1488
vn -0.8472 -0.4998 -0.1800
vn -0.6643 0.7418 0.0913
vn -0.3095 0.9255 -0.2182
vn -0.8866 0.1563 0.4354
vn -0.9561 -0.0423 -0.2900
vn 0.7453 -0.5377 -0.3943
vn -0.8070 0.5252 -0.2702
vn -0.2473 0.9453 0.2125
vn 0.9145 0.1137 0.3884
vn -0.6319 0.7274 0.2678
vn 0.5258 -0.1764 -0.8321
vn -0.0067 0.9868 0.1618
vn 0.7607 0.6311 0.1515
vn -0.5802 0.3238 0.7474
vn -0.6589 0.1585 0.7353
vn 0.1995 -0.9755 -0.0928
vn -0.4245 -0.8088 0.4071
vn -0.7093 0.0294 -0.7043
vn 0.5604 0.0318 -0.8276
vn -0.3388 0.0964 0.9359
vn -0.5404 -0.1059 0.8347
vn -0.9831 -0.1527 0.1010
vn -0.3797 0.8841 -0.2725
vn -0.4880 -0.8694 -0.0780
vn 0.8143 0.4835 0.3213
vn 0.7992 0.2758 -0.5341
vn 0.3578 -0.9309 0.0733
vn 0.0005 -0.9871 0.1601
vn 0.2041 0.3965 0.8950
vn 0.5698 0.7509 0.3340
vn 0.8532 0.1104 0.5098
vn -0.5933 -0.5412 -0.5958
vn 0.0852 -0.9962 -0.0206
vn -0.5817 0.3822 0.7180
vn -0.4692 -0.8213 -0.3245
vn 0.5780 0.3672 0.7288
vn 0.7660 0.6391 0.0699
vn -0.4559 0.0547 -0.8883
vn -0.9283 -0.3229 0.1845
vn -0.8719 0.2895 0.3948
vn -0.8111 -0.3470 -0.4709
vn -0.4501 -0.6624 -0.5989
vn -0.0336 0.3067 -0.9512
vn 0.7057 -0.1199 0.6983
vn 0.7745 -0.5378 0.3330
vn -0.0304 -0.9995 -0.0093
vn 0.3530 0.4645 0.8122
vn -0.7689 0.4254 0.4774
vn -0.7860 0.1608 0.5969
vn 0.3845 0.9230 0.0170
vn -0.7908 0.0414 0.6107
vn 0.9218 0.3208 -0.2175
vn -0.0966 -0.5402 -0.8360
vn -0.7578 -0.2057 -0.6192
vn -0.3509 0.9311 -0.1000
vn 0.2652 -0.7356 -0.6234
vn -0.9152 -0.4020 0.0286
vn -0.2498 0.7830 -0.5696
vn -0.7207 0.1668 -0.6728
vn 0.4279 -0.5721 -0.6997
vn 0.0059 -1.0000 0.0038
vn 0.0140 0.4767 0.8790
vn -0.3945 -0.6855 -0.6120
vn 0.1759 0.9706 0.1641
vn 0.1784 -0.0666 -0.9817
vn -0.5843 0.7928 -0.1735
vn 0.8974 -0.0988 -0.4301
vn -0.4913 0.0646 0.8686
vn -0.0890 -0.2762 0.9570
vn 0.4841 0.2700 0.8323
vn -0.7429 -0.1696 0.6476
vn 0.8206 -0.5711 0.0222
vn 0.4120 0.3234 -0.8519
vn -0.5089 0.8189 0.2656
vn 0.5169 0.2113 -0.8295
vn -0.8673 -0.4927 0.0706
vn -0.7533 -0.5306 0.3887
vn -0.8384 -0.3595 0.4096
vn 0.6963 -0.7165 0.0435
vn -0.8220 -0.3537 0.4463
vn -0.9990 -0.0151 -0.0421
vn -0.6801 -0.3608 -0.6382
vn -0.7510 -0.0497 0.6584
vn -0.6285 -0.1991 0.7519
vn -0.3943 -0.3788 -0.8373
vn 0.5521 -0.8313 -0.0644
vn -0.2670 -0.0042 -0.9637
vn -0.6695 0.0855 0.7379
vn 0.4623 0.5661 0.6825
vn 0.2047 -0.8808 -0.4269
vn -0.5813 -0.1609 0.7976
vn -0.0743 0.7411 0.6672
vn -0.1270 0.7402 0.6603
vn -0.0825 0.7155 0.6937
vn 0.7131 0.0307 0.7004
vn -0.6988 0.5081 -0.5035
vn -0.8464 0.4770 0.2368
vn -0.3917 0.8167 -0.4238
vn -0.3110 0.7382 -0.5986
vn -0.1173 0.1751 -0.9775
vn 0.8924 -0.2157 -0.3964
vn -0.4075 0.3466 0.8449
vn -0.8623 -0.4664 -0.1972
vn -0.6287 0.7752 -0.0615
vn -0.3488 0.8163 0.4605
vn -0.9178 0.1400 -0.3715
vn 0.0610 0.9818 -0.1801
vn 0.1679 0.3786 0.9102
vn -0.8554 0.0918 0.5098
vn -0.0354 -0.3874 -0.9212
vn -0.0270 -0.8514 -0.5237
vn -0.3746 0.3255 -0.8682
vn -0.8400 0.4513 -0.3012
vn -0.1502 0.6594 0.7367
vn 0.0178 0.9810 0.1932
vn -0.2635 0.8880 0.3769
vn -0.4051 0.1599 -0.9002
vn 0.7665 -0.6049 0.2155
vn 0.0859 -0.9895 -0.1165
vn -0.5399 -0.6417 0.5447
vn 0.0864 0.9678 0.2362
vn 0.0477 -0.9440 0.3265
vn -0.5898 0.2444 -0.7697
vn -0.5557 -0.6250 -0.5482
vn -0.2004 -0.7150 -0.6698
vn 0.2849 -0.8244 -0.4891
vn -0.1765 0.9713 0.1595
vn -0.7971 -0.3732 0.4748
vn -0.5167 -0.6483 0.5592
vn 0.3243 -0.8982 0.2968
vn -0.0095 0.3470 0.9378
vn -0.1919 -0.8260 -0.5301
vn 0.1278 0.9865 -0.1022
vn 0.6973 -0.0888 0.7113
vn -0.6879 0.6224 0.3734
vn -0.9039 -0.1349 -0.4059
vn 0.2295 -0.7680 -0.5979
vn -0.5990 -0.1430 0.7879
vn -0.3252 0.8661 -0.3796
vn 0.7772 -0.2778 0.5646
vn 0.4250 -0.4278 0.7977
vn -0.1913 -0.6938 -0.6943
vn -0.0318 0.5471 0.8365
vn 0.9075 0.4102 -0.0907
vn -0.5484 0.5702 0.6117
vn -0.5874 0.6760 -0.4450
vn -0.4363 -0.3586 0.8253
vn 0.2989 -0.8560 0.4219
vn 0.4576 -0.8834 0.1011
vn 0.4947 -0.3790 0.7821
vn -0.8833 -0.3828 0.2705
vn -0.4191 -0.7872 -0.4524
vn -0.6593 0.7439 -0.1095
vn -0.1259 0.9047 0.4071
vn -0.1602 0.9686 0.1901
vn -0.2754 0.8990 -0.3405
vn 0.5286 0.1650 0.8327
vn 0.2526 0.3943 0.8836
vn -0.4222 0.5938 -0.6849
vn -0.0812 0.4937 -0.8659
vn 0.3213 -0.9300 -0.1783
vn 0.7669 -0.3852 0.5134
vn -0.9753 0.1308 -0.1777
vn -0.6957 0.4070 -0.5919
vn -0.3471 -0.9113 0.2215
vn 0.4976 -0.8518 0.1639
vn -0.1406 -0.9701 -0.1979
vn 0.3215 -0.4057 -0.8556
vn 0.8957 0.0922 0.4351
vn -0.4423 -0.3652 0.8192
vn -0.6070 0.1211 -0.7854
vn 0.6691 -0.7406 0.0610
vn -0.6965 0.3439 0.6299
vn -0.2888 -0.1602 -0.9439
vn 0.8614 -0.3277 0.3881
vn -0.5805 -0.0373 0.8134
vn -0.2210 -0.9515 0.2140
vn 0.4798 0.7637 -0.4320
vn -0.6652 0.6886 -0.2888
vn -0.8614 -0.3543 0.3641
vn -0.0507 -0.8032 -0.5935
vn -0.4262 0.8922 -0.1496
vn -0.1456 0.5793 -0.8020
vn -0.6145 0.7242 -0.3130
vn 0.1274 0.7452 0.6546
vn -0.7653 -0.4477 -0.4625
vn -0.8006 -0.3774 0.4653
vn -0.2481 0.9198 -0.3041
vn 0.1295 -0.5048 0.8535
vn -0.4187 -0.0054 0.9081
vn 0.2430 -0.6027 0.7601
vn -0.4132 0.8855 -0.2124
vn -0.5069 0.8291 0.2359
vn -0.7610 -0.0445 0.6472
vn -0.6091 0.5980 0.5209
vn -0.3873 0.5153 -0.7645
vn 0.0723 0.9842 0.1617
vn -0.2709 0.8281 0.4908
vn -0.4634 0.4507 0.7630
vn 0.8178 0.5728 0.0563
vn 0.2274 0.8922 0.3902
vn -0.1947 0.1297 -0.9722
vn -0.1499 0.1066 -0.9829
vn -0.5245 -0.2121 -0.8246
vn -0.5290 0.8005 -0.2816
vn 0.5684 -0.2364 -0.7880
vn -0.1829 0.6241 -0.7597
vn 0.8772 -0.1242 -0.4639
vn -0.5783 -0.2445 0.7783
vn 0.0821 0.6009 -0.7951
vn 0.2066 0.5766 -0.7905
vn 0.1563 0.7553 0.6364
vn 0.1834 -0.5241 0.8316
vn 0.9328 -0.0836 -0.3505
vn -0.6017 0.4341 -0.6705
vn 0.2035 -0.9781 -0.0440
vn -0.0741 0.9602 -0.2694
vn -0.2252 0.9597 0.1681
vn 0.2720 0.5415 0.7955
vn 0.0859 0.5956 -0.7987
vn -0.7280 0.6452 0.2318
vn 0.1210 0.3565 0.9264
vn 0.8025 -0.4817 0.3520
vn 0.1352 0.4700 0.8723
vn 0.7450 0.2410 -0.6219
vn 0.8988 0.1089 0.4246
vn 0.4632 -0.8712 0.1625
vn -0.0198 -0.6499 0.7597
vn 0.2969 -0.9533 0.0560
vn 0.3429 -0.5870 -0.7334
vn 0.3790 -0.7587 -0.5298
vn -0.6103 0.1890 -0.7693
vn 0.1724 -0.9349 -0.3103
vn -0.7997 0.5655 0.2018
vn -0.6622 -0.7484 0.0376
vn -0.3943 -0.9021 -0.1753
vn 0.7576 0.0157 -0.6525
vn -0.4486 -0.5654 0.6921
vn 0.2659 -0.6493 0.7126
vn -0.4157 0.2822 0.8646
vn -0.6149 0.0251 0.7882
vn -0.1734 0.8814 0.4394
vn -0.6430 0.7299 0.2317
vn -0.3106 -0.4302 -0.8476
vn 0.3298 -0.8692 0.3683
vn -0.7280 0.5720 -0.3781
vn -0.1354 -0.0621 -0.9888
vn -0.6310 0.7069 -0.3196
vn -0.4534 0.1419 0.8799
vn 0.5577 -0.7240 0.4059
vn 0.1494 0.1916 -0.9700
vn 0.2854 0.1030 -0.9529
vn 0.0049 0.3584 -0.9336
vn 0.1076 0.9521 -0.2862
vn -0.4435 0.1683 0.8803
vn -0.7367 0.5596 0.3797
vn -0.7802 0.0871 0.6194
vn -0.5518 0.7394 0.3858
vn -0.5690 -0.4916 0.6592
vn -0.3651 -0.9039 -0.2230
vn 0.8125 -0.5793 0.0655
vn -0.4756 0.5431 0.6920
vn -0.4241 -0.1487 -0.8933
vn -0.8978 0.4022 -0.1794
vn -0.7250 -0.6490 -0.2304
vn -0.7197 -0.6932 0.0382
vn -0.0736 0.7658 0.6389
vn 0.6708 -0.4625 -0.5798
vn 0.2378 0.9465 -0.2182
vn -0.6873 0.6995 0.1957
vn -0.4187 0.6853 -0.5958
vn 0.9377 0.1475 -0.3145
vn -0.0133 0.9571 -0.2893
vn -0.2124 0.4732 -0.8550
vn 0.9673 -0.1775 0.1813
vn -0.9026 0.2279 -0.3652
vn -0.2540 -0.8377 0.4835
vn -0.0354 0.9924 -0.1182
vn -0.5450 0.4509 0.7069
vn 0.4745 -0.3527 0.8065
vn 0.5691 -0.6282 0.5305
vn 0.6790 -0.4279 0.5965
vn -0.5745 0.3595 0.7354
vn -0.5977 -0.1016 0.7952
vn -0.8815 -0.3018 0.3631
vn -0.9887 0.0704 0.1321
vn -0.4655 -0.4466 -0.7641
vn -0.1715 -0.0729 -0.9825
vn -0.7609 0.3342 0.5562
vn -0.6652 0.4615 0.5869
vn -0.6560 -0.2532 0.7111
vn -0.0905 0.0995 0.9909
vn 0.6279 0.5789 0.5202
vn -0.7010 0.4400 0.5612
vn 0.5973 -0.2983 0.7445
vn -0.1739 -0.9480 0.2667
vn -0.5078 0.8384 -0.1979
vn -0.4795 0.3323 0.8122
vn 0.5399 0.2652 -0.7989
vn -0.3691 0.0173 -0.9292
vn -0.5344 -0.4779 0.6972
vn 0.1597 -0.9190 0.3606
vn -0.7544 0.6259 0.1978
vn -0.3274 0.9202 -0.2147
vn -0.4333 0.5662 0.7012
vn 0.3690 -0.6176 -0.6946
vn 0.7861 0.6151 -0.0603
vn -0.3981 -0.9026 -0.1639
vn -0.4987 0.7263 -0.4730
vn 0.6317 -0.7647 -0.1272
vn -0.1536 -0.0289 0.9877
vn 0.3891 0.9164 0.0933
vn -0.3906 0.8591 -0.3307
vn 0.6869 -0.1033 -0.7194
vn -0.2655 0.7366 0.6221
vn 0.3456 0.6399 -0.6864
vn -0.3829 0.2045 -0.9009
vn -0.5845 0.8094 0.0564
vn -0.3112 -0.8555 -0.4138
vn -0.6317 0.4057 0.6606
vn 0.0835 -0.9677 -0.2381
vn 0.3355 -0.9291 0.1556
vn -0.1271 -0.2870 0.9495
vn -0.2696 -0.4659 -0.8428
vn 0.3836 0.7657 0.5164
vn 0.4300 0.6262 0.6503
vn -0.4511 -0.0528 -0.8909
vn -0.6578 0.4574 0.5984
vn 0.5198 0.5488 -0.6547
vn -0.2172 0.4241 0.8792
vn 0.5352 -0.3665 0.7611
vn 0.6225 -0.6442 0.4445
vn 0.2740 -0.9418 -0.1950
vn -0.3310 0.8934 -0.3038
vn 0.9310 0.3144 -0.1852
vn 0.2573 -0.9282 -0.2688
vn -0.4119 0.2937 -0.8626
vn 0.3109 -0.2816 -0.9078
vn -0.6094 0.6853 -0.3988
vn 0.2619 -0.7371 -0.6230
vn -0.4086 0.4427 0.7982
vn -0.7058 0.5704 -0.4201
vn 0.6020 -0.5429 0.5856
vn 0.4980 0.2774 0.8216
vn 0.3417 -0.9398 0.0082
vn -0.2061 -0.2959 0.9327
vn -0.9662 -0.2483 0.0698
vn -0.9324 0.3161 0.1752
vn -0.1866 0.3667 -0.9114
vn -0.5873 0.2486 0.7703
vn 0.2193 0.9484 -0.2288
vn -0.8232 -0.3523 0.4452
vn -0.3229 -0.0153 -0.9463
vn -0.2847 0.8997 0.3308
vn 0.3248 0.7278 -0.6041
vn -0.5588 0.6034 0.5689
vn -0.9482 -0.3094 0.0725
vn -0.2328 -0.4498 -0.8623
vn 0.1115 0.7857 0.6084
vn -0.3868 0.7602 0.5219
vn -0.3184 0.7742 -0.5470
vn 0.6330 -0.6107 -0.4757
vn -0.4981 -0.2642 0.8259
vn 0.9086 -0.3760 -0.1818
vn 0.6247 -0.7787 -0.0580
vn -0.5913 0.5568 0.5834
vn -0.7188 -0.4837 0.4993
vn -0.3770 0.3664 -0.8507
vn -0.0053 -0.9587 0.2842
vn -0.5211 -0.0739 -0.8503
vn 0.7325 0.1775 0.6572
vn 0.4942 0.1701 0.8526
vn 0.6601 0.0555 0.7491
vn 0.1362 0.7821 0.6081
vn -0.9350 0.3543 -0.0160
vn -0.4687 -0.7065 -0.5302
vn 0.1901 -0.7553 0.6272
vn 0.3125 -0.1665 -0.9352
vn -0.2730 -0.8520 -0.4467
vn -0.3088 0.6901 0.6545
vn 0.5873 0.4128 -0.6962
vn 0.7067 0.6947 -0.1339
vn 0.2913 -0.9521 0.0927
vn 0.6389 -0.2272 0.7350
vn 0.7819 -0.1877 -0.5945
vn 0.8410 0.3332 0.4262
vn -0.7724 0.3713 0.5153
vn -0.0504 -0.6557 0.7533
vn 0.5459 -0.3660 -0.7537
vn 0.6346 0.7728 -0.0087
vn -0.8931 -0.3663 -0.2612
vn -0.6300 -0.5983 -0.4951
vn -0.8750 -0.4147 -0.2498
vn 0.3912 -0.8973 0.2044
vn -0.5730 -0.6648 -0.4793
vn -0.3105 0.2938 -0.9040
vn 0.2663 0.2168 -0.9392
vn 0.6790 0.7222 -0.1319
vn -0.6221 -0.5581 -0.5491
vn -0.0389 -0.9466 0.3200
vn 0.7017 -0.5175 0.4896
vn 0.1235 0.8280 0.5470
vn 0.6297 -0.7463 0.2158
vn -0.4360 -0.6157 0.6564
vn 0.7787 0.4294 -0.4574
vn -0.6711 -0.7113 0.2090
vn 0.6411 -0.0405 0.7664
vn -0.4069 -0.1780 0.8960
vn -0.6242 0.6612 -0.4163
vn -0.2430 -0.9476 -0.2074
vn 0.7367 -0.2658 0.6218
vn -0.9638 0.0973 -0.2484
vn -0.0648 -0.3625 0.9297
vn 0.2508 0.4751 0.8434
vn -0.2546 0.7960 -0.5491
vn -0.3920 0.8417 -0.3713
vn -0.6900 -0.0562 0.7216
vn -0.1632 0.8683 -0.4684
vn 0.6468 -0.7466 0.1556
vn -0.3959 0.5786 -0.7131
vn -0.4436 -0.6515 0.6155
vn -0.4692 -0.2382 0.8504
vn 0.3850 0.4494 -0.8061
vn 0.4160 0.4473 -0.7918
vn -0.6795 0.7285 -0.0864
vn 0.4211 0.9040 -0.0738
vn 0.6305 0.7223 0.2844
vn -0.8084 -0.5456 0.2209
vn 0.6579 0.5994 0.4559
vn 0.5500 -0.0771 0.8316
vn -0.1789 -0.4091 -0.8948
vn 0.1295 0.8800 0.4569
vn -0.0604 0.5278 -0.8472
vn -0.1339 0.6402 -0.7565
vn -0.4694 0.7260 -0.5026
vn -0.5821 -0.1442 0.8002
vn 0.9542 0.2815 -0.1008
vn -0.5698 -0.6494 -0.5036
vn -0.4067 0.9136 -0.0036
vn 0.9791 -0.1488 -0.1389
vn 0.6703 -0.2400 -0.7022
vn 0.0280 -0.0463 -0.9985
vn 0.0734 0.9254 0.3717
vn 0.1190 -0.8626 -0.4916
vn 0.6087 0.7486 -0.2628
vn -0.2736 -0.3591 -0.8923
vn -0.3141 0.9184 0.2405
vn -0.9857 -0.1646 -0.0351
vn 0.8933 0.2798 -0.3517
vn -0.8794 0.3918 -0.2706
vn -0.6677 0.7340 0.1240
vn -0.2256 0.2370 -0.9449
vn -0.7397 -0.1452 0.6571
vn 0.2389 0.5192 -0.8206
vn -0.0972 -0.4581 -0.8836
vn -0.7808 -0.0622 -0.6216
vn -0.5248 0.7536 -0.3958
vn -0.4390 -0.0592 -0.8965
vn 0.9599 0.2800 0.0151
vn 0.8981 -0.4218 -0.1244
vn 0.8058 -0.5665 -0.1724
vn -0.8237 -0.5623 -0.0737
vn -0.1920 -0.0075 0.9814
vn -0.5986 0.4175 0.6837
vn -0.5301 -0.2066 0.8224
vn -0.5893 -0.3377 0.7340
vn -0.4549 0.5372 0.7103
vn -0.8415 0.4793 0.2494
vn -0.1706 0.9288 0.3290
vn -0.5268 -0.6362 -0.5637
vn 0.7049 -0.6505 -0.2828
vn 0.4831 0.5883 0.6484
vn -0.0294 0.9996 0.0042
vn 0.5645 0.1510 0.8115
vn -0.0260 0.9382 0.3452
vn -0.3447 0.3852 -0.8560
vn 0.8804 -0.4304 0.1992
vn 0.2007 0.1836 0.9623
vn 0.9306 0.3655 -0.0203
vn -0.5465 0.7502 0.3722
vn -0.1278 -0.9158 0.3808
vn 0.7928 -0.2554 0.5534
vn 0.0024 -1.0000 0.0020
vn 0.5568 -0.5868 -0.5879
vn 0.1127 0.5458 -0.8303
vn -0.4744 -0.4208 0.7732
vn 0.2898 0.9475 -0.1355
vn -0.2436 0.1089 -0.9637
vn 0.8789 -0.4687 -0.0893
vn -0.8702 -0.3632 0.3329
vn -0.5768 0.7473 0.3300
vn 0.5021 0.1490 -0.8519
vn -0.0085 -0.5996 -0.8002
vn -0.1385 -0.5450 -0.8269
vn -0.4581 0.8873 0.0534
vn 0.3123 0.7254 0.6135
vn -0.0111 0.8947 0.4466
vn 0.3243 0.1038 0.9402
vn -0.5357 -0.4082 -0.7391
vn -0.2473 0.6150 0.7487
vn 0.5003 -0.3875 0.7743
vn 0.3520 0.5405 -0.7642
vn -0.4415 0.8966 0.0347
vn -0.4758 0.1296 -0.8699
vn -0.4756 -0.2313 0.8487
vn -0.9558 0.1300 0.2636
vn -0.3664 -0.3103 0.8772
vn 0.6571 0.2432 0.7135
vn 0.7152 0.2067 -0.6676
vn 0.9256 -0.1330 -0.3543
vn 0.5447 0.8336 -0.0921
vn 0.5752 0.5899 -0.5667
vn 0.7414 0.2047 -0.6390
vn -0.6763 0.1002 0.7297
vn -0.5129 0.7990 0.3139
vn 0.6578 0.5594 -0.5043
vn 0.4148 -0.6654 -0.6206
vn -0.8866 0.3907 0.2477
vn -0.2078 -0.9488 0.2379
vn -0.3643 -0.5492 0.7521
vn -0.9324 -0.3545 -0.0707
vn -0.3683 -0.7295 0.5763
vn 0.2045 -0.9389 0.2768
vn -0.1150 -0.9834 0.1401
vn -0.5052 -0.1109 -0.8558
vn -0.1292 0.7456 -0.6537
vn -0.6936 -0.1252 -0.7094
vn -0.8867 0.4613 0.0315
vn -0.1216 -0.2841 -0.9511
vn 0.4359 0.2600 0.8616
vn 0.5866 0.8051 0.0882
vn 0.8846 -0.2577 -0.3887
vn -0.7219 0.6185 -0.3103
vn 0.5888 0.8029 0.0931
vn -0.0997 0.8108 0.5767
vn -0.0833 0.0142 -0.9964
vn -0.3123 0.3740 -0.8733
vn -0.1234 0.9885 -0.0875
vn -0.0817 0.3038 0.9492
vn -0.9564 -0.2625 0.1280
vn -0.9876 -0.1569 -0.0065
vn -0.9564 -0.2625 0.1279
vn -0.9287 -0.3144 0.1966
vn -0.6775 -0.6539 -0.3367
vn -0.6762 0.5976 -0.4308
vn 0.8870 -0.0313 -0.4607
vn 0.2422 -0.7762 -0.5821
vn 0.5176 -0.8332 0.1947
vn 0.0173 -0.9844 -0.1751
vn 0.0589 -0.9547 0.2916
vn 0.5255 -0.4774 -0.7042
vn -0.3708 -0.8739 0.3142
vn -0.3366 -0.1449 0.9304
vn -0.4580 -0.3641 0.8110
vn 0.7865 0.3737 0.4918
vn -0.3966 0.6748 0.6224
vn -0.2596 0.7382 0.6226
vn -0.2344 0.7232 -0.6497
vn -0.3241 0.1586 0.9326
vn -0.9099 0.1989 0.3641
vn -0.2454 0.0871 -0.9655
vn -0.2239 -0.1443 0.9639
vn -0.5067 0.8372 0.2058
vn -0.3509 0.8472 0.3989
vn 0.9970 -0.0778 -0.0005
vn -0.3697 -0.5625 0.7395
vn 0.8595 0.3378 -0.3836
vn -0.3527 0.6615 -0.6618
vn 0.3531 0.6875 0.6346
vn -0.3066 0.5006 0.8095
vn 0.2120 -0.1864 -0.9593
vn 0.0130 -0.8809 -0.4731
vn 0.4687 0.8687 -0.1601
vn 0.0880 0.8084 0.5821
vn 0.6586 0.6535 0.3730
vn -0.0976 0.7911 0.6038
vn -0.9511 -0.0861 0.2966
vn -0.8315 0.4538 0.3205
vn -0.8943 0.4389 -0.0875
vn 0.0161 0.9525 -0.3042
vn 0.2827 -0.6408 -0.7138
vn 0.4985 -0.4767 -0.7241
vn 0.0794 -0.9792 -0.1869
vn -0.1382 0.2987 0.9443
vn -0.4707 -0.1738 0.8650
vn -0.7834 0.5986 -0.1673
vn -0.3224 0.9446 0.0613
vn 0.1426 0.8486 -0.5095
vn -0.1794 0.1207 -0.9763
vn -0.2110 -0.3404 0.9163
vn -0.1866 0.3688 -0.9106
vn -0.1943 -0.3142 -0.9293
vn -0.6470 -0.0659 0.7596
vn 0.0039 -1.0000 -0.0063
vn -0.0162 -0.1501 0.9885
vn 0.7729 -0.6189 -0.1399
vn -0.2940 0.7269 0.6206
vn -0.2787 0.7566 0.5915
vn -0.7367 0.6609 -0.1428
vn 0.0347 0.9988 0.0341
vn 0.8004 0.1168 -0.5880
vn 0.0433 0.1039 -0.9936
vn -0.9121 -0.2375 -0.3342
vn -0.6711 0.6579 0.3419
vn 0.3442 -0.4914 -0.8000
vn 0.0540 -0.5532 -0.8313
vn -0.2979 0.9304 0.2136
vn -0.5641 0.2911 0.7727
vn -0.8947 -0.2268 0.3849
vn -0.4021 -0.1758 0.8986
vn -0.9250 0.0195 -0.3796
vn -0.9001 -0.4290 0.0762
vn 0.4351 0.4488 -0.7806
vn -0.4472 0.7337 -0.5115
vn 0.8290 -0.0927 0.5515
vn 0.6326 0.7466 -0.2058
vn -0.5126 -0.0065 -0.8586
vn -0.5578 -0.2310 -0.7972
vn 0.3871 0.6104 -0.6911
vn -0.4919 -0.2224 -0.8418
vn -0.8014 -0.5299 0.2774
vn 0.4692 0.8675 -0.1654
vn 0.3024 -0.0783 0.9500
vn 0.4571 -0.7063 0.5405
vn -0.5897 0.1566 0.7923
vn -0.2696 0.7770 0.5689
vn -0.2368 0.7995 0.5520
vn -0.2803 0.8473 0.4512
vn -0.5047 0.8607 0.0671
vn -0.9591 -0.2044 0.1959
vn -0.7736 0.3133 0.5508
vn -0.3352 0.3427 0.8776
vn -0.8987 0.3953 -0.1899
vn -0.3648 0.8793 0.3061
vn -0.4339 -0.8549 -0.2844
vn 0.1073 -0.8910 -0.4411
vn -0.1236 0.9898 0.0707
vn 0.1707 0.5513 0.8166
vn -0.0423 -0.9140 -0.4034
vn -0.5797 0.3661 -0.7279
vn 0.3241 0.5072 0.7985
vn -0.1598 0.6332 0.7573
vn -0.2922 0.6055 -0.7403
vn -0.4794 0.1611 0.8627
vn -0.3269 0.8514 0.4102
vn 0.1986 -0.9596 0.1993
vn 0.2122 -0.5890 -0.7797
vn -0.4186 0.0440 0.9071
vn -0.6488 -0.7017 0.2945
vn 0.1019 0.7395 0.6654
vn -0.0970 0.9735 0.2073
vn -0.1974 0.8870 0.4174
vn -0.6826 -0.2958 0.6683
vn 0.8434 0.5339 -0.0605
vn 0.3757 -0.9252 -0.0539
vn 0.4784 0.4435 -0.7579
vn -0.0915 -0.9175 0.3871
vn -0.1193 -0.6221 -0.7738
vn -0.7576 -0.0161 0.6525
vn 0.1470 0.7172 -0.6812
vn 0.3662 0.6202 0.6937
vn -0.2732 0.4678 -0.8406
vn -0.5381 -0.8428 0.0091
vn -0.1722 0.8405 0.5137
vn 0.8057 0.1736 0.5663
vn -0.9631 -0.2598 -0.0700
vn 0.1945 -0.0506 -0.9796
vn -0.4075 -0.7931 -0.4527
vn 0.8798 0.4737 0.0381
vn -0.5163 0.3884 -0.7633
vn -0.3343 0.3149 0.8883
vn 0.1550 0.5321 -0.8324
vn -0.2569 0.9338 0.2489
vn -0.5802 0.7905 0.1960
vn 0.9607 -0.2122 -0.1788
vn -0.3155 0.9428 -0.1073
vn 0.7506 0.4888 -0.4446
vn 0.0671 -0.6424 -0.7634
vn 0.7311 -0.6105 0.3047
vn 0.3338 0.6363 0.6955
vn 0.2807 0.2714 0.9206
vn 0.4926 0.5645 0.6623
vn -0.2451 -0.5606 -0.7910
vn -0.4743 -0.1106 -0.8734
vn -0.0127 0.9999 0.0017
vn -0.7753 0.2532 0.5786
vn -0.3007 -0.6308 0.7153
vn 0.4585 0.6551 0.6005
vn -0.1199 0.2986 0.9468
vn 0.3146 0.8859 -0.3409
vn -0.1603 -0.2425 0.9568
vn -0.4757 0.7713 0.4228
vn -0.5240 0.8006 -0.2907
vn 0.6960 -0.6681 -0.2632
vn -0.0317 0.8433 0.5365
vn -0.0068 0.2031 0.9791
vn -0.9116 -0.3032 0.2776
vn 0.5075 -0.8023 -0.3142
vn 0.1266 0.7476 -0.6520
vn 0.3297 -0.9407 0.0795
vn -0.7294 0.6832 -0.0342
vn -0.9522 -0.2926 -0.0879
vn -0.8922 -0.3983 -0.2129
vn -0.5011 0.2111 0.8392
vn -0.1045 0.9875 0.1179
vn 0.4558 -0.3996 -0.7953
vn 0.7446 -0.6224 -0.2412
vn 0.4288 -0.6598 -0.6171
vn -0.5885 -0.7972 -0.1347
vn -0.6460 -0.6190 0.4467
vn 0.4912 0.8584 0.1479
vn -0.2615 -0.5968 0.7585
vn -0.6336 -0.1022 0.7669
vn -0.2140 -0.4659 -0.8586
vn 0.6502 0.7412 0.1668
vn 0.2722 0.6177 -0.7378
vn 0.0731 -0.8247 -0.5608
vn 0.1051 0.9943 0.0160
vn -0.0004 0.9987 0.0517
vn 0.0489 0.9828 0.1783
vn 0.1169 -0.9697 0.2143
vn -0.8295 -0.5540 0.0705
vn 0.0984 -0.9855 -0.1382
vn 0.2229 -0.6761 0.7023
vn -0.6269 0.7750 0.0803
vn -0.6266 0.7722 0.1054
vn -0.7042 0.7083 0.0490
vn -0.9866 -0.0621 -0.1511
vn -0.2007 -0.5098 0.8365
vn -0.1097 -0.3030 0.9467
vn -0.8999 -0.3007 0.3158
vn -0.0026 -1.0000 -0.0015
vn -0.0023 -1.0000 -0.0010
vn -0.0013 -1.0000 -0.0031
vn -0.1798 0.9573 0.2262
vn 0.4410 -0.0181 0.8973
vn -0.1841 0.9785 0.0926
vn -0.4619 0.6292 0.6251
vn 0.2033 0.2718 0.9406
vn -0.6322 0.6567 0.4111
vn -0.6511 -0.7542 -0.0853
vn -0.5927 0.6556 -0.4679
vn -0.6301 0.3772 0.6787
vn 0.1489 0.7297 -0.6674
vn -0.8771 -0.1536 0.4550
vn -0.2011 0.3785 0.9035
vn 0.0493 -0.4222 0.9052
vn -0.2114 0.9284 -0.3056
vn -0.8858 0.1259 -0.4466
vn -0.6629 -0.4247 0.6166
vn -0.3891 0.0127 -0.9211
vn -0.6286 -0.7699 -0.1104
vn -0.9762 -0.1648 -0.1411
vn -0.6796 -0.1889 0.7089
vn -0.0092 0.9993 -0.0371
vn -0.0749 0.9803 0.1827
vn 0.6793 -0.6786 0.2793
vn 0.5483 -0.7588 0.3516
vn -0.8333 -0.2679 -0.4836
vn 0.9493 0.2353 0.2084
vn -0.4493 -0.6003 -0.6616
vn -0.3157 -0.6037 -0.7320
vn -0.4915 -0.4335 -0.7554
vn -0.7891 0.4645 -0.4019
vn -0.7971 0.1349 -0.5886
vn 0.0823 -0.4895 -0.8681
vn 0.2334 -0.8552 -0.4628
vn 0.0162 0.1950 -0.9807
vn -0.1169 -0.7188 -0.6854
vn -0.4672 0.2127 0.8582
vn -0.8821 0.3877 -0.2677
vn -0.4835 0.8581 -0.1726
vn -0.8954 -0.2361 0.3774
vn -0.6886 0.6783 0.2565
vn -0.8195 0.1357 -0.5568
vn -0.6687 0.7434 -0.0104
vn -0.8145 0.5799 0.0155
vn 0.4393 -0.8848 -0.1556
vn -0.7258 -0.1263 0.6762
vn -0.4413 0.8544 -0.2744
vn 0.0269 0.9588 -0.2829
vn -0.3505 -0.1197 0.9289
vn 0.0559 -0.9036 -0.4247
vn -0.2738 0.2009 0.9406
vn 0.1714 0.1408 -0.9751
vn -0.7246 -0.4496 -0.5223
vn -0.3895 -0.0349 -0.9204
vn -0.4494 -0.7024 0.5520
vn -0.6961 -0.6822 0.2237
vn -0.4706 -0.8716 0.1370
vn 0.1014 0.0113 -0.9948
vn -0.8302 0.1974 0.5213
vn 0.4269 -0.9034 -0.0413
vn 0.4114 -0.9102 -0.0487
vn 0.2144 -0.9010 -0.3772
vn 0.4697 0.6964 0.5425
vn 0.1874 -0.4538 0.8712
vn 0.0614 -0.9975 -0.0337
vn 0.0192 -0.9998 0.0056
vn -0.5612 0.2320 0.7945
vn 0.4635 -0.8170 -0.3430
vn -0.0512 0.3696 0.9278
vn 0.1692 0.9744 0.1477
vn -0.6054 0.5718 -0.5536
vn 0.3315 -0.8515 0.4062
vn -0.1714 -0.8645 -0.4725
vn 0.2708 0.1615 -0.9490
vn -0.4433 -0.6135 -0.6535
vn 0.4593 0.7405 0.4907
vn 0.8955 0.3603 -0.2612
vn 0.9254 0.2011 -0.3212
vn -0.3653 -0.8850 -0.2885
vn 0.0152 -0.1758 -0.9843
vn 0.4343 0.8029 0.4083
vn -0.8261 0.5549 -0.0977
vn 0.1112 -0.4195 -0.9009
vn -0.9466 -0.1863 -0.2633
vn 0.8229 -0.5485 0.1484
vn -0.4819 -0.4026 0.7782
vn -0.1685 0.9781 0.1222
vn 0.2102 -0.9730 -0.0954
vn -0.9234 0.0586 0.3794
vn 0.7901 0.5234 0.3190
vn 0.5134 -0.8496 -0.1208
vn -0.0003 -1.0000 0.0005
vn -0.0022 -1.0000 0.0008
vn -0.5273 0.7806 0.3356
vn 0.0239 -0.9997 -0.0058
vn -0.4885 0.0821 -0.8687
vn -0.4215 0.1326 0.8971
vn -0.5761 0.7299 0.3679
vn 0.4283 -0.8917 -0.1462
vn 0.2387 0.0754 -0.9682
vn -0.8326 0.5221 0.1851
vn -0.9492 0.2976 0.1024
vn -0.9163 -0.3120 0.2511
vn -0.2621 0.0078 -0.9650
vn 0.8606 0.3596 -0.3607
vn -0.3500 -0.8717 0.3430
vn -0.6219 0.6353 -0.4579
vn -0.5584 -0.5807 0.5925
vn 0.1113 -0.8928 -0.4364
vn -0.1344 0.3931 0.9096
vn -0.1423 0.9894 -0.0285
vn -0.6255 -0.5479 0.5556
vn -0.6272 -0.1758 -0.7588
vn -0.8160 -0.5628 -0.1318
vn 0.0172 0.1901 -0.9816
vn -0.2957 -0.2937 -0.9090
vn 0.4923 0.6070 -0.6238
vn 0.0306 -0.1154 -0.9928
vn -0.6088 0.4846 -0.6282
vn -0.0248 -0.7174 -0.6962
vn 0.3369 -0.9051 -0.2596
vn -0.9287 -0.2682 -0.2562
vn 0.8796 0.4517 0.1495
vn 0.0074 -0.6804 0.7328
vn -0.7881 0.1728 0.5908
vn 0.0770 -0.7697 0.6337
vn 0.3439 -0.1592 -0.9254
vn 0.0128 0.8909 0.4540
vn -0.6341 0.7136 0.2978
vn -0.0732 -0.9963 0.0460
vn -0.8783 0.4781 -0.0046
vn 0.5555 -0.0805 0.8276
vn 0.2960 -0.8219 0.4867
vn -0.4269 -0.3837 0.8189
vn -0.5906 0.7966 0.1294
vn -0.9190 0.2730 -0.2844
vn 0.8340 -0.3008 0.4625
vn 0.6975 -0.0095 0.7165
vn -0.0620 0.9925 0.1053
vn -0.4992 0.5638 -0.6580
vn 0.4499 -0.7114 0.5399
vn -0.5521 -0.8230 -0.1338
vn -0.0141 -0.7189 -0.6950
vn 0.5208 0.6294 0.5767
vn -0.9169 -0.3263 0.2297
vn 0.2024 0.5041 0.8396
vn -0.1097 -0.1464 -0.9831
vn -0.5765 -0.6532 0.4909
vn 0.1897 -0.7289 0.6578
vn -0.0895 -0.8857 0.4556
vn 0.5229 -0.8328 0.1817
vn 0.5368 -0.7211 -0.4380
vn 0.1260 0.9901 -0.0622
vn -0.3838 -0.4458 0.8087
vn -0.9993 0.0229 -0.0285
vn -0.3159 0.8425 0.4364
vn -0.2169 -0.1203 0.9688
vn -0.2619 -0.5725 0.7769
vn 0.0994 0.9589 0.2656
vn -0.6730 0.6655 -0.3229
vn 0.1311 -0.9380 0.3210
vn -0.6088 0.4269 -0.6687
vn -0.0877 -0.5767 0.8122
vn 0.1689 -0.7843 0.5969
vn 0.0864 -0.9963 0.0040
vn -0.4266 -0.4445 -0.7877
vn -0.1270 -0.6765 -0.7254
vn 0.2561 0.7470 0.6135
vn -0.0140 -0.9671 -0.2541
vn 0.6125 -0.3392 -0.7140
vn -0.3245 -0.3320 0.8857
vn -0.2518 -0.2141 0.9438
vn 0.2734 -0.9383 -0.2119
vn 0.2022 0.7056 -0.6792
vn -0.4853 0.8504 -0.2034
vn 0.6493 -0.0210 -0.7603
vn -0.9761 -0.0499 -0.2115
vn -0.1012 0.3527 -0.9302
vn 0.2868 -0.9050 -0.3141
vn -0.4608 0.5676 0.6823
vn -0.3625 -0.7405 0.5659
vn -0.7597 0.5691 -0.3147
vn -0.6948 0.5059 -0.5112
vn -0.5258 0.1695 0.8335
vn 0.1213 -0.6145 0.7796
vn -0.2442 0.1986 -0.9492
vn -0.1411 -0.7877 0.5996
vn -0.0004 -1.0000 0.0003
vn -0.0100 0.5003 0.8658
vn 0.6770 0.6987 0.2312
vn -0.0701 -0.9975 -0.0084
vn 0.4004 0.9117 -0.0920
vn -0.6781 0.2131 0.7034
vn -0.4043 0.6445 0.6489
vn 0.3267 -0.0127 0.9450
vn -0.8801 0.1578 0.4479
vn -0.2304 -0.0994 -0.9680
vn 0.0172 -0.9969 -0.0768
vn -0.5432 -0.1800 -0.8201
vn -0.1375 0.8958 0.4226
vn -0.4612 0.2124 -0.8615
vn -0.3093 0.9048 -0.2927
vn -0.1710 0.9584 -0.2284
vn -0.2754 0.8128 -0.5134
vn -0.6240 0.7624 0.1710
vn -0.5212 0.8526 -0.0373
vn -0.5447 0.8386 -0.0036
vn 0.0694 0.9133 0.4014
vn 0.5141 -0.8525 0.0946
vn -0.1745 0.5548 0.8135
vn -0.0455 0.9937 0.1023
vn -0.4400 0.6472 -0.6225
vn -0.1675 0.2528 -0.9529
vn 0.5230 -0.6902 -0.5000
vn 0.4467 0.8672 -0.2199
vn 0.4944 0.5414 0.6800
vn -0.0959 -0.2975 0.9499
vn -0.2808 -0.0000 0.9598
vn -0.3645 0.5297 0.7659
vn 0.2725 -0.2502 0.9290
vn -0.6286 -0.1283 -0.7671
vn 0.5369 -0.7673 0.3508
vn -0.6727 0.5306 -0.5156
vn 0.3796 -0.8744 -0.3022
vn -0.2212 0.0204 -0.9750
vn -0.1278 0.8349 -0.5353
vn -0.8449 0.2022 -0.4953
vn 0.6338 -0.7656 0.1106
vn -0.1145 -0.0642 -0.9914
vn 0.0910 0.4226 0.9017
vn 0.2838 -0.8621 -0.4198
vn 0.8381 0.4808 0.2578
vn 0.4059 -0.6485 0.6439
vn 0.1546 -0.9158 0.3707
vn -0.2308 0.2300 -0.9454
vn 0.4546 0.4721 -0.7553
vn -0.1303 -0.6670 0.7336
vn -0.7303 -0.2994 -0.6140
vn -0.4458 0.5291 -0.7220
vn 0.8066 -0.2817 -0.5197
vn 0.7020 -0.3406 -0.6254
vn 0.2060 0.2946 0.9332
vn 0.2750 0.8805 0.3860
vn 0.4614 0.7311 -0.5026
vn -0.1595 0.6057 -0.7796
vn 0.0329 -0.8865 -0.4615
vn 0.7219 0.6804 0.1261
vn 0.1982 0.9766 -0.0836
vn 0.4269 0.5651 0.7060
vn -0.8327 -0.2912 0.4709
vn -0.4858 0.6504 -0.5840
vn -0.4065 0.6143 -0.6763
vn -0.5277 0.8104 -0.2544
vn -0.4923 0.8052 -0.3305
vn -0.6178 0.7816 0.0863
vn 0.4460 -0.8818 -0.1535
vn -0.5984 0.3273 0.7313
vn 0.0473 -0.1599 -0.9860
vn -0.6099 0.4190 0.6727
vn -0.0309 0.8243 -0.5653
vn -0.8658 -0.1715 0.4701
vn -0.6870 0.1254 -0.7157
vn -0.5846 0.7869 0.1976
vn -0.4072 0.8588 0.3109
vn 0.5173 0.5872 -0.6225
vn 0.5995 0.7661 0.2318
vn 0.6025 -0.2267 -0.7652
vn -0.2474 -0.3371 0.9084
vn 0.7918 -0.5913 0.1530
vn -0.4214 0.8889 -0.1798
vn -0.1635 -0.8847 0.4365
vn -0.1840 0.2560 0.9490
vn 0.1455 -0.3991 0.9053
vn 0.4658 -0.8294 -0.3085
vn 0.5464 -0.3774 0.7477
vn -0.2007 -0.2666 0.9427
vn -0.2859 0.9382 -0.1949
vn -0.7325 -0.6790 -0.0493
vn -0.8864 0.4451 -0.1270
vn -0.9712 -0.1539 -0.1817
vn 0.7614 -0.5658 -0.3164
vn -0.1713 -0.4386 -0.8822
vn 0.6979 0.4156 0.5833
vn -0.2890 0.0235 0.9571
vn -0.2024 0.3762 0.9042
vn -0.4659 0.5545 -0.6895
vn -0.1313 0.9836 0.1234
vn -0.1527 0.9825 -0.1063
vn -0.0422 0.8751 -0.4822
vn 0.1929 -0.1467 0.9702
vn 0.2669 -0.1897 0.9449
vn 0.4870 -0.2603 -0.8337
vn -0.2793 0.6931 -0.6645
vn -0.6141 0.7503 0.2450
vn -0.5984 0.7479 0.2873
vn -0.4652 0.8301 -0.3074
vn -0.8471 0.5212 0.1039
vn -0.7264 0.3844 0.5697
vn -0.3831 0.6807 0.6244
vn -0.0209 -0.5076 -0.8613
vn -0.5014 0.5400 0.6760
vn 0.5168 -0.6953 0.4995
vn -0.1128 0.8535 0.5088
vn -0.8263 0.4846 -0.2872
vn -0.6327 -0.6907 -0.3502
vn 0.9458 -0.3247 0.0011
vn 0.5615 0.8262 -0.0455
vn -0.2204 0.0137 -0.9753
vn 0.9516 0.3027 -0.0533
vn 0.2461 0.9489 0.1977
vn -0.4983 0.6833 0.5337
vn -0.6268 0.3642 -0.6888
vn 0.5905 0.5103 0.6252
vn -0.7672 -0.3629 0.5289
vn -0.7728 -0.3450 0.5327
vn 0.6590 -0.4006 0.6366
vn 0.2937 0.0281 0.9555
vn 0.7016 -0.7046 0.1063
vn -0.0499 0.1231 -0.9911
vn -0.7650 -0.3711 0.5264
vn -0.7583 -0.3714 0.5358
vn 0.6555 0.2403 -0.7159
vn -0.4477 0.0617 0.8920
vn 0.2914 -0.2409 -0.9258
vn -0.7877 0.3926 0.4748
vn -0.2668 0.9339 0.2379
vn 0.6518 -0.6499 0.3908
vn -0.3292 0.1949 -0.9239
vn -0.5202 0.0280 0.8536
vn -0.2955 0.7251 0.6220
vn 0.4156 0.3099 -0.8551
vn 0.1708 0.3951 -0.9026
vn 0.4954 -0.8445 -0.2036
vn -0.0756 0.0985 -0.9923
vn -0.2796 0.7327 0.6204
vn 0.8723 0.4708 -0.1318
vn 0.6134 -0.5984 0.5154
vn 0.2265 -0.1041 0.9684
vn 0.1298 -0.8704 -0.4749
vn 0.5452 -0.3817 0.7464
vn 0.9397 -0.2525 -0.2306
vn -0.6216 0.4108 -0.6670
vn 0.5589 -0.8254 -0.0791
vn -0.6002 0.7992 -0.0329
vn -0.5376 -0.5983 -0.5942
vn -0.5691 -0.4929 -0.6581
vn -0.3612 -0.8140 0.4550
vn 0.5161 -0.7146 0.4722
vn -0.6238 0.4540 -0.6362
vn -0.4659 0.2230 0.8563
vn 0.5167 -0.3937 0.7603
vn -0.2848 -0.4389 0.8522
vn 0.0316 0.9975 0.0634
vn 0.6164 0.7614 0.2007
vn -0.7426 -0.3594 -0.5651
vn -0.5061 -0.7255 -0.4664
vn -0.3955 0.1179 -0.9109
vn 0.1972 0.1246 0.9724
vn -0.5964 -0.8021 0.0291
vn -0.0509 -0.5115 0.8578
vn -0.2358 0.8271 0.5102
vn -0.7033 0.0252 0.7105
vn -0.3715 0.9284 0.0018
vn 0.3144 0.0315 -0.9488
vn -0.5280 -0.8131 0.2451
vn 0.6545 0.7515 0.0822
vn -0.3284 -0.3880 -0.8611
vn -0.9273 0.3726 -0.0350
vn -0.7141 -0.7000 0.0065
vn -0.6452 -0.3647 0.6713
vn -0.7780 0.2976 -0.5533
vn 0.3255 -0.9276 0.1833
vn -0.8015 0.5176 0.2994
vn 0.4584 -0.7505 -0.4760
vn -0.1971 0.6850 -0.7014
vn -0.3430 -0.7599 -0.5521
vn -0.7834 0.5633 0.2628
vn -0.1199 0.9357 0.3319
vn -0.7595 -0.6347 0.1425
vn -0.2622 0.7790 0.5696
vn -0.3930 0.5154 0.7615
vn -0.5862 0.4333 -0.6846
vn -0.2806 -0.1794 0.9429
vn 0.2831 0.9341 -0.2174
vn 0.6433 -0.7554 -0.1245
vn -0.3161 -0.6790 -0.6625
vn -0.5165 0.8548 -0.0501
vn -0.4305 -0.7514 -0.5001
vn 0.0141 0.2376 -0.9713
vn -0.1570 0.4892 -0.8579
vn -0.4118 0.8554 0.3142
vn 0.6096 0.5541 0.5668
vn -0.5971 -0.0951 0.7965
vn 0.9466 -0.2330 0.2227
vn -0.1626 0.9768 -0.1393
vn -0.0387 0.7986 0.6007
vn -0.2860 -0.4303 -0.8562
vn 0.0143 -0.9315 0.3635
vn 0.7605 -0.5467 -0.3505
vn 0.0969 0.0497 -0.9941
vn -0.4590 0.3718 -0.8069
vn -0.4665 0.8838 0.0349
vn -0.1433 0.1038 -0.9842
vn -0.4344 0.6576 0.6156
vn 0.4692 0.0088 -0.8830
vn -0.4239 -0.8173 0.3904
vn -0.8373 -0.4008 -0.3719
vn 0.4605 -0.6528 0.6015
vn -0.9536 -0.1677 0.2499
vn -0.2086 0.4447 -0.8711
vn -0.7563 0.5763 -0.3095
vn 0.0799 0.0192 -0.9966
vn 0.0257 0.2493 -0.9681
vn 0.0402 0.2053 -0.9779
vn -0.5567 -0.8088 0.1897
vn 0.0730 -0.2757 -0.9585
vn 0.0812 0.5948 0.7997
vn -0.0159 -0.0303 0.9994
vn -0.2485 -0.1653 -0.9544
vn 0.7604 0.3904 -0.5190
vn 0.0624 0.9664 0.2493
vn 0.7426 -0.6226 0.2469
vn -0.6769 -0.7337 0.0589
vn 0.0970 -0.9297 0.3553
vn 0.7735 -0.4300 -0.4656
vn -0.2365 0.8303 0.5046
vn -0.0816 0.7975 0.5978
vn -0.0825 0.6743 0.7338
vn -0.3400 -0.0479 0.9392
vn 0.2353 0.7677 0.5961
vn -0.1173 0.8700 -0.4789
vn -0.0006 0.8703 -0.4925
vn 0.0338 0.9571 -0.2879
vn -0.1841 -0.8307 -0.5253
vn -0.7348 0.1006 -0.6708
vn -0.3129 0.5669 0.7620
vn 0.1281 0.9021 -0.4120
vn -0.1108 -0.5992 0.7929
vn -0.0883 0.0994 -0.9911
vn 0.5013 -0.0790 0.8617
vn 0.7973 0.1085 0.5938
vn 0.6360 -0.1386 -0.7592
vn -0.0245 0.7898 0.6129
vn -0.2827 0.8559 -0.4331
vn 0.6832 -0.7268 0.0710
vn -0.5463 0.7114 -0.4422
vn -0.7852 0.1165 -0.6082
vn -0.4596 -0.6930 0.5555
vn 0.1048 -0.8169 0.5672
vn 0.2383 -0.9622 -0.1318
vn -0.0329 0.0587 0.9977
vn 0.0049 0.7872 -0.6166
vn -0.1857 0.9078 -0.3760
vn 0.0834 -0.9700 -0.2283
vn -0.1729 0.2731 -0.9463
vn 0.8650 -0.3174 0.3887
vn 0.6536 -0.7443 0.1370
vn 0.5514 0.3106 0.7743
vn 0.0202 0.5707 0.8209
vn -0.0338 0.9949 -0.0951
vn -0.1525 0.3710 -0.9160
vn 0.4893 -0.7946 0.3594
vn 0.8402 0.4379 -0.3199
vn 0.7772 -0.4594 0.4301
vn -0.5374 0.8222 -0.1876
vn 0.1717 0.2632 -0.9493
vn -0.4199 0.7054 -0.5711
vn -0.2363 0.2993 -0.9244
vn 0.3808 0.0763 0.9215
vn -0.4175 0.3224 0.8496
vn 0.0336 -0.0363 -0.9988
vn -0.5221 -0.6944 0.4952
vn 0.3601 -0.1762 0.9161
vn 0.7406 0.5432 -0.3955
vn -0.4945 0.6334 -0.5952
vn 0.0237 0.2840 0.9585
vn -0.2520 0.9298 -0.2683
vn -0.8839 0.0136 -0.4676
vn 0.7586 0.1835 -0.6252
vn 0.5179 0.6365 0.5715
vn 0.5009 -0.3596 0.7873
vn 0.7209 -0.6884 0.0803
vn -0.2751 -0.9524 0.1314
vn 0.6162 -0.2246 -0.7549
vn 0.4450 -0.8646 0.2334
vn 0.4548 -0.6949 0.5570
vn -0.1702 -0.8917 -0.4194
vn 0.7852 -0.5529 0.2789
vn 0.8063 -0.5908 -0.0283
vn 0.6758 -0.2903 0.6775
vn 0.6834 -0.7047 0.1906
vn -0.7336 -0.6331 0.2471
vn 0.3730 0.8658 -0.3336
vn 0.0313 -0.5223 -0.8522
vn -0.3879 -0.8987 0.2046
vn 0.6494 -0.7530 0.1064
vn -0.1603 0.8877 -0.4316
vn 0.2925 -0.0814 0.9528
vn 0.1136 -0.0582 0.9918
vn -0.3313 0.6772 -0.6570
vn -0.8359 0.4911 -0.2452
vn 0.0872 -0.1800 -0.9798
vn 0.1593 0.9406 0.2997
vn -0.5642 0.8227 -0.0700
vn 0.5082 0.2481 0.8247
vn -0.2182 0.0393 0.9751
vn -0.2252 0.1024 0.9689
vn 0.4308 -0.8559 0.2862
vn -0.3882 0.4642 0.7961
vn -0.6018 0.7973 0.0461
vn 0.1080 -0.0647 -0.9920
vn 0.6439 -0.7637 -0.0465
vn -0.1620 0.9867 -0.0138
vn 0.3228 0.7445 -0.5844
vn -0.3281 0.4719 0.8183
vn 0.7424 -0.6645 -0.0853
vn -0.4239 0.7540 0.5018
vn -0.3965 0.6779 0.6191
vn 0.0176 -0.5797 -0.8146
vn 0.4362 0.5427 -0.7177
vn 0.6898 -0.1605 0.7060
vn -0.3800 0.3243 0.8663
vn 0.4483 0.8826 -0.1417
vn -0.9412 -0.3315 -0.0643
vn -0.8789 0.4703 -0.0802
vn -0.3992 0.8494 0.3451
vn -0.0203 0.8277 -0.5608
vn -0.2438 0.6119 0.7524
vn -0.3797 0.6458 0.6624
vn -0.8393 0.3038 -0.4508
vn -0.5665 0.6468 -0.5106
vn 0.7323 0.4398 -0.5200
vn 0.1909 0.8968 0.3991
vn 0.0501 0.8542 0.5176
vn -0.0922 0.4730 0.8762
vn 0.4516 0.4120 0.7914
vn 0.5400 0.7939 0.2793
vn -0.2678 0.2232 0.9373
vn -0.6859 0.7264 -0.0433
vn 0.6523 0.3664 0.6635
vn 0.0973 -0.9932 0.0637
vn 0.7485 -0.2600 0.6101
vn 0.7987 -0.5693 -0.1950
vn 0.3481 -0.8608 -0.3713
vn 0.4254 -0.8489 -0.3136
vn -0.4207 0.8173 0.3937
vn -0.0215 0.1340 -0.9908
vn 0.0599 0.6427 -0.7638
vn 0.2302 -0.0996 -0.9680
vn -0.3775 -0.2519 0.8911
vn -0.4725 0.6549 0.5898
vn -0.6443 -0.3238 0.6929
vn 0.7463 0.1933 0.6369
vn -0.0984 0.9942 -0.0426
vn 0.9325 0.3588 -0.0411
vn 0.6839 -0.5240 0.5076
vn 0.0312 -0.9875 -0.1546
vn 0.5384 0.6819 -0.4951
vn 0.7399 -0.6699 -0.0613
vn 0.8167 -0.5392 -0.2057
vn -0.1635 0.2302 -0.9593
vn 0.6326 0.7744 -0.0157
vn -0.0251 0.9989 0.0396
vn -0.5525 0.7551 -0.3530
vn 0.2767 0.8028 0.5282
vn 0.5798 0.6401 0.5040
vn 0.4554 0.4537 0.7660
vn 0.0560 0.7748 -0.6297
vn 0.8865 0.2005 0.4169
vn -0.0802 0.9667 -0.2429
vn 0.8596 -0.1190 0.4970
vn -0.0108 0.2672 0.9636
vn -0.5394 -0.1659 0.8255
vn -0.0820 -0.9180 -0.3881
vn -0.6831 -0.3408 0.6460
vn 0.8117 0.1816 -0.5552
vn 0.7958 0.5866 -0.1508
vn 0.2345 0.5007 0.8333
vn -0.7609 0.6477 -0.0394
vn -0.7106 0.5870 -0.3880
vn 0.7447 -0.4941 -0.4487
vn -0.2162 0.9741 -0.0667
vn -0.0909 0.3649 0.9266
vn -0.3085 0.1600 0.9377
vn -0.0824 -0.0426 0.9957
vn -0.5218 0.6589 0.5418
vn -0.2659 0.9063 -0.3284
vn -0.2741 0.9045 -0.3268
vn -0.2413 0.9188 -0.3124
vn 0.9456 0.1089 -0.3065
vn 0.0236 -0.0076 0.9997
vn -0.0941 0.2203 -0.9709
vn -0.9631 -0.1143 -0.2436
vn -0.1692 0.9843 0.0503
vn 0.9713 0.2257 0.0748
vn -0.4778 0.4179 0.7727
vn 0.4922 -0.8576 0.1491
vn -0.4950 0.8436 -0.2082
vn 0.6692 -0.6361 0.3842
vn 0.6219 -0.7780 0.0890
vn 0.6316 -0.7358 -0.2442
vn 0.1900 -0.8302 0.5241
vn 0.2991 0.8705 0.3909
vn 0.4385 0.3086 -0.8441
vn 0.9330 -0.2988 0.2007
vn -0.5947 -0.2350 0.7689
vn 0.1717 -0.9311 0.3217
vn 0.0776 -0.8168 -0.5716
vn 0.9770 0.2001 0.0739
vn -0.0648 0.0960 -0.9933
vn -0.0515 0.7629 0.6445
vn -0.5660 0.7780 -0.2728
vn -0.5322 0.8173 -0.2210
vn -0.4438 0.8936 -0.0667
vn -0.1714 0.9612 -0.2162
vn -0.2207 0.9121 -0.3455
vn 0.0840 -0.0708 -0.9939
vn -0.0884 0.6441 0.7598
vn 0.4208 -0.5987 0.6816
vn 0.3902 -0.7482 0.5366
vn 0.3806 -0.4542 0.8055
vn 0.8680 0.3709 0.3301
vn 0.1875 -0.8905 0.4146
vn 0.6698 -0.2601 -0.6955
vn -0.4107 0.8561 -0.3138
vn -0.7685 0.6248 -0.1382
vn -0.0536 -0.7485 0.6609
vn 0.1145 0.9411 -0.3182
vn -0.1609 -0.4531 0.8768
vn -0.4922 -0.2642 -0.8294
vn -0.1316 -0.3697 0.9198
vn -0.5552 -0.3724 -0.7437
vn -0.7385 0.6742 0.0068
vn -0.4416 0.7332 -0.5171
vn 0.0870 0.1521 0.9845
vn -0.4207 0.6181 0.6640
vn -0.5659 0.5403 0.6228
vn -0.2727 -0.2937 0.9162
vn 0.4602 0.4619 0.7582
vn 0.1227 -0.9401 0.3179
vn 0.2684 -0.3397 0.9014
vn 0.4307 -0.4434 0.7861
vn 0.7376 -0.5435 0.4007
vn 0.5611 -0.8277 0.0090
vn -0.7415 -0.6686 -0.0560
vn -0.3408 -0.9328 0.1174
vn 0.3899 -0.0126 -0.9208
vn 0.5174 0.3713 -0.7710
vn -0.6039 0.7957 -0.0460
vn 0.0739 -0.9973 0.0045
vn 0.5750 0.1052 -0.8114
vn 0.9223 -0.2926 0.2524
vn 0.5071 0.8618 -0.0076
vn 0.1562 -0.9188 -0.3626
vn -0.0005 0.7192 -0.6948
vn 0.3418 -0.0321 -0.9392
vn 0.7294 0.2496 -0.6370
vn 0.7920 0.3746 -0.4820
vn 0.4940 -0.7660 0.4113
vn -0.7846 -0.3688 -0.4984
vn -0.2211 -0.0407 -0.9744
vn 0.8518 -0.3704 -0.3704
vn 0.7296 0.3678 0.5765
vn -0.4155 -0.0677 0.9071
vn -0.5903 0.7031 0.3965
vn -0.8393 -0.5405 0.0589
vn 0.0161 -0.9999 -0.0057
vn -0.5322 0.7933 -0.2958
vn 0.0460 0.9879 -0.1483
vn 0.8187 -0.3574 -0.4494
vn -0.9917 0.1216 -0.0424
vn 0.4131 -0.2947 -0.8617
vn 0.8017 0.2973 -0.5186
vn -0.2696 0.5233 0.8084
vn 0.9198 0.3544 -0.1683
vn 0.8809 0.4120 -0.2328
vn 0.6388 0.4012 0.6565
vn -0.4467 -0.8538 0.2674
vn -0.9312 0.3380 0.1368
vn -0.4755 -0.8411 -0.2579
vn -0.7433 -0.5795 0.3342
vn -0.7813 0.5378 0.3169
vn -0.9961 -0.0507 -0.0728
vn -0.8304 -0.5438 -0.1213
vn 0.9735 -0.2242 -0.0439
vn 0.7603 -0.6340 0.1411
vn 0.1587 0.3239 -0.9327
vn 0.6152 0.6245 0.4812
vn -0.2489 0.1037 -0.9629
vn 0.4691 0.8052 0.3629
vn 0.7501 0.4141 0.5157
vn 0.6946 0.3418 0.6331
vn 0.1054 -0.6593 -0.7445
vn -0.6888 0.7216 0.0703
vn 0.7580 0.6282 0.1753
vn -0.5639 -0.6256 0.5391
vn -0.5326 0.4093 0.7408
vn -0.9430 -0.3276 0.0584
vn -0.1724 0.2208 0.9600
vn -0.1975 0.2046 0.9587
vn 0.3695 -0.8874 0.2756
vn -0.5121 0.8588 -0.0155
vn -0.3508 0.8811 -0.3172
vn -0.3946 0.8741 -0.2832
vn -0.4031 0.8601 -0.3126
vn -0.6592 0.7517 -0.0225
vn -0.4628 -0.7252 0.5098
vn -0.3031 0.4438 -0.8433
vn 0.8816 -0.2218 0.4166
vn -0.7871 -0.0278 -0.6163
vn 0.3833 0.3158 -0.8680
vn 0.8424 0.1070 -0.5281
vn -0.4215 0.8822 -0.2098
vn -0.1020 0.0065 -0.9948
vn 0.5828 0.0845 0.8082
vn -0.5109 0.8588 -0.0377
vn 0.8434 0.5125 -0.1612
vn 0.1615 -0.1114 -0.9806
vn -0.3627 0.9319 0.0072
vn 0.2221 -0.8993 -0.3768
vn 0.0066 -0.8428 -0.5382
vn -0.6531 -0.2879 -0.7005
vn -0.6959 -0.6842 0.2180
vn -0.5945 0.8035 0.0314
vn 0.0907 0.5143 0.8528
vn 0.8810 -0.2857 -0.3771
vn -0.4322 0.8474 0.3083
vn 0.8237 0.1491 -0.5471
vn 0.6677 -0.7155 0.2054
vn 0.6729 -0.5911 0.4448
vn -0.6843 0.3646 -0.6315
vn 0.5090 -0.8170 0.2709
vn -0.6511 -0.6649 -0.3660
vn 0.0525 -0.4981 0.8655
vn -0.4177 0.8603 -0.2922
vn -0.4912 0.7009 0.5172
vn -0.0231 0.7881 0.6151
vn 0.0600 0.8025 -0.5936
vn -0.1984 -0.0161 0.9800
vn 0.1363 0.2930 -0.9464
vn -0.7860 0.5316 -0.3155
vn 0.0346 0.6756 -0.7364
vn 0.7967 -0.2272 -0.5601
vn -0.1376 -0.0730 0.9878
vn -0.3769 0.9222 -0.0869
vn 0.9502 -0.2472 0.1900
vn 0.4786 -0.8249 0.3009
vn 0.5024 -0.8168 0.2838
vn -0.0585 -0.4153 0.9078
vn -0.3336 0.9427 -0.0058
vn -0.6443 -0.7189 -0.2609
vn -0.3948 0.8691 -0.2981
vn -0.1380 0.9373 0.3199
vn -0.4405 0.8753 -0.1997
vn -0.1265 0.9595 -0.2517
vn 0.3766 -0.7177 -0.5857
vn -0.2709 0.1580 0.9495
vn -0.5412 0.1022 -0.8346
vn -0.2825 -0.8179 0.5012
vn 0.1522 0.5866 0.7955
vn 0.4012 -0.0542 0.9144
vn 0.7466 -0.6123 0.2601
vn -0.6630 0.7117 0.2321
vn 0.1553 -0.7195 -0.6769
vn 0.0416 0.3713 0.9276
vn 0.1203 0.9112 0.3940
vn -0.5145 0.8350 0.1951
vn -0.9508 -0.1044 -0.2918
vn -0.7761 -0.1509 0.6122
vn -0.4118 -0.6158 0.6717
vn 0.6939 -0.6951 -0.1883
vn 0.7706 -0.5890 -0.2436
vn 0.5245 -0.7945 0.3061
vn -0.1693 -0.9300 -0.3261
vn 0.8689 0.4931 -0.0425
vn -0.1097 -0.1441 0.9835
vn 0.4898 -0.7115 -0.5038
vn -0.5596 0.6590 0.5026
vn -0.1861 0.9638 -0.1908
vn -0.4352 -0.2678 0.8596
vn 0.4196 0.6099 0.6722
vn 0.6976 0.0474 -0.7149
vn -0.2483 0.9646 0.0888
vn 0.2656 -0.5992 0.7553
vn 0.0981 0.8535 0.5118
vn -0.2003 0.0277 0.9793
vn 0.2783 0.0474 -0.9593
vn -0.1311 0.6257 -0.7689
vn -0.0299 0.4479 0.8936
vn -0.1980 0.9781 -0.0646
vn -0.2930 0.9377 0.1868
vn -0.1951 0.9783 -0.0703
vn -0.4728 0.7494 0.4634
vn 0.5089 0.6452 0.5699
vn 0.2471 -0.9452 0.2136
vn -0.8240 -0.2369 0.5147
vn -0.8668 0.4924 0.0785
vn -0.7158 0.6983 -0.0012
vn -0.7641 0.6448 0.0203
vn -0.0615 0.9484 -0.3110
vn 0.2380 -0.9577 0.1620
vn 0.1174 0.6159 0.7790
vn -0.5175 -0.7764 -0.3597
vn -0.5207 0.7693 0.3701
vn 0.7697 -0.2843 -0.5716
vn 0.9029 -0.0037 -0.4299
vn -0.5262 0.8472 -0.0735
vn -0.1856 0.3089 0.9328
vn -0.3921 0.5681 -0.7236
vn -0.1568 0.9075 -0.3898
vn -0.0780 0.2702 0.9596
vn -0.2145 0.3480 0.9126
vn -0.4409 0.6696 0.5977
vn 0.3924 -0.9067 0.1549
vn -0.9952 0.0678 -0.0711
vn -0.6431 0.4939 0.5852
vn -0.0212 0.2090 0.9777
vn -0.1238 0.2784 0.9525
vn 0.2015 -0.8068 -0.5554
vn 0.3161 -0.4246 -0.8484
vn 0.0458 0.2230 0.9737
vn 0.7059 -0.6564 -0.2661
vn -0.1666 0.6450 0.7458
vn 0.0897 -0.2889 0.9531
vn 0.3969 -0.5031 0.7677
vn -0.1004 0.1238 0.9872
vn -0.5421 -0.5032 0.6730
vn -0.8735 0.3555 0.3325
vn -0.1349 -0.9344 -0.3298
vn -0.1605 0.9250 -0.3444
vn -0.4860 -0.3821 -0.7860
vn 0.8467 -0.4913 0.2042
vn 0.3812 0.5655 -0.7314
vn 0.9720 -0.0536 0.2287
vn 0.2623 0.1151 -0.9581
vn -0.2765 -0.4043 -0.8718
vn -0.2185 -0.8640 -0.4536
vn -0.7619 -0.6390 0.1057
vn 0.7024 0.5634 0.4349
vn -0.8791 -0.4133 0.2376
vn -0.8856 -0.4164 0.2059
vn -0.8693 -0.4298 0.2443
vn 0.6387 0.7570 -0.1379
vn -0.1605 -0.3328 0.9292
vn 0.9167 -0.2137 -0.3375
vn 0.9195 0.3893 -0.0545
vn -0.2584 -0.8507 -0.4577
vn -0.0112 0.9631 0.2689
vn -0.9145 0.1177 0.3871
vn -0.9807 0.1925 -0.0335
vn -0.7629 -0.0129 0.6464
vn -0.6827 -0.7131 -0.1591
vn -0.7811 -0.2873 0.5543
vn -0.8978 0.0036 -0.4403
vn -0.4824 0.8316 -0.2752
vn 0.5552 -0.7987 0.2322
vn 0.4580 -0.5416 0.7049
vn -0.5688 0.8038 -0.1743
vn 0.5711 -0.5391 0.6190
vn -0.6367 0.4811 0.6026
vn 0.0373 0.9743 0.2222
vn -0.1031 0.1762 0.9789
vn 0.4369 -0.8918 0.1174
vn 0.6171 -0.0254 0.7865
vn -0.1893 -0.8261 0.5308
vn -0.1092 0.6943 -0.7114
vn -0.1265 0.7268 -0.6751
vn -0.1304 0.9736 0.1871
vn 0.3746 0.2496 0.8930
vn 0.6613 0.7395 -0.1262
vn 0.5909 -0.7355 0.3315
vn -0.3007 -0.1483 0.9421
vn -0.2461 0.9683 -0.0433
vn 0.1131 0.8879 0.4460
vn -0.1776 0.9105 0.3735
vn -0.6929 0.3978 -0.6014
vn 0.1940 0.7729 0.6041
vn -0.8024 -0.2418 0.5456
vn -0.5098 -0.0447 0.8591
vn 0.3416 0.2283 -0.9117
vn -0.9206 -0.0670 -0.3847
vn 0.9817 0.0634 -0.1795
vn -0.5896 0.5803 0.5618
vn -0.1016 0.7294 0.6765
vn -0.8150 0.4478 0.3677
vn -0.3277 -0.9331 -0.1483
vn -0.6431 0.6642 0.3811
vn -0.3880 0.4865 0.7828
vn -0.0440 -0.5828 -0.8114
vn -0.6866 -0.7218 0.0872
vn -0.2365 -0.7681 0.5950
vn 0.1842 -0.5295 0.8281
vn 0.0796 0.1008 -0.9917
vn -0.1406 -0.9187 -0.3690
vn -0.0958 -0.9087 -0.4063
vn 0.3905 -0.5262 0.7554
vn 0.0086 0.3344 -0.9424
vn -0.4645 0.7082 -0.5317
vn -0.6407 -0.1522 -0.7526
vn -0.5174 0.8538 -0.0575
vn -0.8350 0.5190 -0.1829
vn -0.6926 -0.7155 0.0909
vn -0.6764 -0.5956 -0.4333
vn 0.0587 -0.9839 -0.1687
vn -0.1771 0.7527 0.6341
vn -0.2953 0.2007 -0.9341
vn -0.4069 -0.6546 0.6371
vn 0.1534 -0.9704 -0.1867
vn 0.9179 0.3838 0.1011
vn -0.0887 -0.8799 0.4667
vn 0.8031 -0.5717 -0.1681
vn -0.4293 0.8892 0.1580
vn -0.9913 -0.1122 0.0683
vn -0.9903 0.1211 0.0679
vn 0.4170 0.3721 -0.8293
vn 0.0040 -0.7864 0.6177
vn -0.6188 0.7401 0.2632
vn -0.9936 0.1100 -0.0239
vn -0.8989 -0.4367 -0.0350
vn -0.9929 0.1180 -0.0167
vn -0.7369 -0.6016 -0.3084
vn 0.2819 -0.7729 -0.5685
vn 0.1099 -0.9224 0.3702
vn -0.1341 0.6962 0.7052
vn 0.3315 -0.8437 0.4222
vn -0.4006 -0.2902 0.8691
vn -0.7309 -0.6781 0.0779
vn -0.6948 0.5206 0.4962
vn -0.2012 0.8286 0.5224
vn 0.8270 -0.5503 0.1152
vn -0.9043 0.3438 -0.2533
vn 0.3478 -0.4264 0.8350
vn -0.2480 0.9364 -0.2481
vn -0.6280 -0.6968 0.3465
vn -0.3550 -0.9341 0.0392
vn -0.5607 0.4770 0.6768
vn 0.5520 -0.2025 0.8089
vn -0.0648 -0.3525 0.9336
vn 0.6876 0.4774 0.5470
vn -0.7057 0.3740 0.6017
vn 0.7290 0.5611 0.3920
vn 0.0411 0.1807 -0.9827
vn -0.7100 0.2443 -0.6605
vn -0.8725 0.4632 -0.1552
vn -0.8245 -0.1529 0.5449
vn 0.3155 -0.3676 -0.8748
vn 0.1335 -0.7933 -0.5940
vn 0.3786 -0.9159 -0.1335
vn 0.4226 -0.8218 0.3821
vn -0.8681 0.3720 -0.3287
vn -0.5598 -0.7802 -0.2792
vn -0.1510 0.9479 -0.2804
vn -0.1403 0.9429 -0.3022
vn -0.1509 0.9479 -0.2806
vn -0.2618 0.7998 0.5401
vn -0.0612 0.7361 -0.6741
vn 0.3593 0.5281 -0.7694
vn 0.0370 0.5317 -0.8461
vn -0.1254 0.7778 -0.6159
vn -0.7675 0.1936 -0.6112
vn 0.1398 -0.7325 0.6663
vn 0.1004 0.9294 -0.3551
vn -0.0814 0.9585 -0.2732
vn 0.0350 0.9548 -0.2950
vn 0.0085 0.4753 0.8798
vn -0.7268 -0.3557 0.5875
vn -0.1595 0.9516 -0.2627
vn -0.7575 0.5243 -0.3890
vn 0.3989 -0.3820 -0.8337
vn 0.2613 -0.5861 -0.7669
vn 0.3437 -0.7143 -0.6096
vn 0.1204 0.4695 -0.8747
vn -0.1147 0.9017 -0.4169
vn 0.2288 0.0813 0.9701
vn -0.7468 0.2065 -0.6322
vn -0.4334 0.9004 -0.0382
vn -0.4697 0.2131 0.8567
vn 0.6692 0.7165 -0.1968
vn 0.4012 0.1361 -0.9058
vn -0.5324 -0.5901 0.6070
vn 0.4667 0.8324 -0.2989
vn -0.1717 0.9577 -0.2309
vn -0.6085 0.4889 -0.6251
vn -0.2413 0.9394 -0.2435
vn -0.5231 -0.7633 0.3792
vn -0.5938 -0.8000 -0.0860
vn -0.2325 -0.6796 0.6957
vn -0.3651 0.7039 0.6093
vn -0.1198 0.5015 0.8568
vn 0.1786 0.9562 0.2320
vn -0.3823 0.2153 -0.8986
vn -0.2756 -0.8617 0.4260
vn 0.1344 -0.0868 -0.9871
vn 0.9933 -0.0460 0.1058
vn 0.2087 0.9776 -0.0267
vn -0.6218 -0.6261 0.4705
vn 0.7129 0.3632 0.5998
vn 0.3392 -0.8308 -0.4412
vn 0.6760 0.3643 -0.6405
vn 0.2126 0.4071 -0.8883
vn -0.9372 -0.1482 -0.3158
vn 0.0256 -0.9135 -0.4061
vn -0.0936 -0.9855 -0.1414
vn -0.3156 -0.4575 0.8313
vn 0.1568 0.9864 0.0492
vn 0.1984 0.9748 0.1021
vn 0.5153 -0.7119 -0.4772
vn -0.0496 0.1804 0.9823
vn 0.2560 -0.9209 -0.2939
vn 0.7061 0.4197 -0.5703
vn 0.8054 0.5298 -0.2657
vn -0.7235 0.4390 0.5327
vn -0.4966 -0.5679 -0.6564
vn -0.7832 -0.0668 0.6182
vn -0.6671 -0.1590 0.7278
vn -0.6620 0.0587 -0.7472
vn 0.2311 -0.9649 0.1245
vn 0.0809 0.6747 0.7337
vn -0.2772 0.8704 0.4069
vn -0.7931 -0.0376 0.6080
vn 0.4777 -0.1129 0.8712
vn -0.0911 0.9706 0.2226
vn -0.4276 -0.1000 -0.8984
vn 0.7609 -0.2076 -0.6148
vn -0.9827 -0.1384 -0.1227
vn -0.8966 -0.3997 0.1906
vn -0.4908 -0.5687 -0.6601
vn -0.5632 -0.1090 -0.8191
vn -0.8263 0.4781 -0.2977
vn -0.1337 0.3221 0.9372
vn -0.2093 0.7349 -0.6451
vn 0.0938 0.9714 0.2182
vn 0.0582 -0.1644 -0.9847
vn -0.1004 -0.8977 0.4290
vn -0.3610 -0.7760 0.5173
vn 0.1757 0.3748 -0.9103
vn 0.1524 0.8539 0.4976
vn -0.4355 0.7515 -0.4956
vn -0.1565 0.7040 -0.6927
vn -0.1716 -0.2657 0.9487
vn -0.6883 0.6962 -0.2040
vn -0.0616 -0.5000 0.8638
vn 0.7707 0.6182 -0.1543
vn 0.0818 0.9737 0.2127
vn 0.2390 0.8491 -0.4710
vn 0.2974 0.9374 0.1811
vn -0.0662 -0.9978 -0.0055
vn -0.8060 -0.5876 -0.0715
vn 0.2018 0.9508 0.2352
vn -0.5491 0.8297 -0.1002
vn -0.1064 -0.9477 0.3010
vn -0.0862 -0.9874 -0.1326
vn -0.8732 -0.4494 -0.1888
vn 0.4245 0.8958 0.1316
vn -0.6990 0.7105 -0.0815
vn -0.2476 -0.9419 -0.2272
vn -0.0716 0.8890 -0.4522
vn -0.6913 -0.5713 0.4425
vn -0.5427 0.2162 -0.8116
vn 0.3045 0.7040 0.6416
vn -0.2931 -0.8849 -0.3620
vn 0.1239 -0.8324 0.5402
vn 0.5584 0.8291 -0.0260
vn -0.3593 -0.9281 0.0977
vn -0.3768 -0.9147 0.1461
vn -0.1212 0.9821 -0.1439
vn -0.5669 -0.5412 -0.6211
vn -0.4291 -0.7274 0.5356
vn -0.0478 0.6741 -0.7371
vn 0.0333 0.9989 0.0338
vn -0.0930 0.9940 0.0582
vn -0.6866 0.1385 0.7138
vn -0.2415 0.9704 0.0097
vn -0.3400 0.9398 -0.0336
vn -0.0624 -0.0350 0.9974
vn -0.7220 0.0185 -0.6916
vn 0.6011 -0.5101 0.6152
vn 0.0358 0.2864 -0.9574
vn -0.3676 -0.7872 0.4952
vn 0.1193 -0.7451 -0.6562
vn 0.2344 0.5641 0.7917
vn 0.2747 -0.0529 -0.9601
vn -0.4358 0.8354 0.3349
vn -0.4501 -0.3007 -0.8408
vn -0.1326 0.0707 -0.9886
vn -0.1449 0.9796 -0.1391
vn -0.1868 0.9616 -0.2010
vn -0.1982 0.9615 -0.1904
vn 0.7069 0.4160 -0.5721
vn 0.6981 0.4147 -0.5836
vn 0.7131 0.4279 -0.5553
vn -0.4058 0.4442 -0.7988
vn 0.7350 0.4451 0.5116
vn -0.6357 0.5494 0.5423
vn -0.2929 -0.9538 -0.0674
vn -0.8345 -0.5313 0.1464
vn -0.0299 0.1454 0.9889
vn 0.1565 0.5970 0.7868
vn -0.2581 0.1784 -0.9495
vn -0.6345 -0.3260 0.7008
vn 0.1783 0.7349 0.6543
vn -0.5534 0.2326 -0.7998
vn 0.6865 -0.1953 0.7004
vn 0.4243 0.8421 0.3329
vn -0.6831 -0.2327 -0.6923
vn -0.8730 -0.3463 0.3435
vn -0.6719 0.7376 -0.0664
vn 0.6886 0.6492 -0.3232
vn 0.2736 0.4278 0.8615
vn -0.7678 0.3652 0.5263
vn 0.2172 0.9732 0.0750
vn -0.3160 -0.2217 0.9225
vn 0.1378 -0.7683 -0.6251
vn -0.5872 0.7930 0.1624
vn 0.8874 0.2037 -0.4137
vn 0.6321 0.4944 0.5967
vn -0.6040 -0.6894 0.3999
vn -0.1091 -0.8010 -0.5886
vn -0.1416 0.9872 -0.0737
vn 0.6526 -0.1829 0.7353
vn 0.1642 -0.6258 -0.7625
vn 0.5654 -0.8170 -0.1129
vn -0.1662 0.9830 -0.0777
vn -0.2705 0.9616 0.0466
vn -0.5632 -0.6314 -0.5330
vn 0.9510 -0.1420 -0.2748
vn 0.2774 0.9599 0.0406
vn 0.4569 -0.8879 -0.0536
vn 0.3772 -0.1003 0.9207
vn -0.2799 -0.6770 0.6806
vn -0.1300 -0.9565 -0.2614
vn -0.1481 0.6486 0.7466
vn -0.0493 0.9894 -0.1367
vn -0.4737 -0.8798 -0.0397
vn -0.3341 -0.8226 -0.4600
vn -0.5212 -0.0613 0.8512
vn -0.6901 0.1637 0.7049
vn -0.1529 0.5108 -0.8460
vn 0.5445 0.0968 -0.8332
vn -0.1905 0.4584 0.8681
vn -0.0739 -0.1047 0.9918
vn -0.4854 -0.4217 -0.7658
vn 0.2502 0.1834 0.9507
vn 0.3552 0.7942 -0.4931
vn -0.4781 0.7694 -0.4236
vn -0.1095 0.9732 0.2021
vn 0.9458 0.2994 0.1257
vn 0.0816 0.1679 0.9824
vn 0.0174 0.7091 -0.7049
vn -0.9255 0.1921 0.3263
vn -0.3920 0.5004 -0.7720
vn -0.1099 0.9854 -0.1302
vn -0.5633 -0.2450 0.7890
vn -0.0013 0.9848 0.1739
vn -0.0556 0.9706 0.2341
vn 0.0434 -0.9983 -0.0386
vn -0.8704 0.4905 0.0431
vn -0.9030 0.1622 0.3978
vn 0.0655 0.8816 0.4674
vn 0.0375 -0.7096 0.7036
vn -0.2083 0.9670 0.1469
vn -0.6057 0.2972 -0.7381
vn -0.0952 -0.8706 -0.4828
vn 0.2220 0.4961 -0.8394
vn 0.4628 0.6953 0.5498
vn 0.1473 0.9586 0.2436
vn -0.1283 0.9481 -0.2908
vn 0.5364 0.1053 -0.8373
vn 0.0719 0.1060 -0.9918
vn -0.4061 0.5503 -0.7296
vn 0.5944 0.5851 0.5517
vn -0.0977 -0.9885 -0.1151
vn 0.4701 -0.5601 0.6821
vn 0.1889 0.0633 -0.9799
vn 0.0530 0.7038 0.7084
vn -0.0786 -0.6762 0.7325
vn -0.3104 0.7801 0.5432
vn -0.0390 0.6578 0.7522
vn -0.0268 0.9943 0.1030
vn 0.1083 0.1367 -0.9847
vn 0.2343 0.8620 0.4494
vn -0.5194 0.5689 0.6376
vn -0.0048 0.7827 0.6224
vn -0.4214 0.5083 -0.7511
vn 0.5205 -0.7083 0.4768
vn -0.0797 0.9910 0.1072
vn 0.4633 -0.8494 0.2526
vn 0.5773 -0.3674 -0.7292
vn 0.0284 -0.9457 0.3238
vn 0.0635 -0.9246 -0.3757
vn 0.2522 -0.1633 0.9538
vn 0.5885 -0.1814 -0.7879
vn 0.9647 -0.2485 -0.0876
vn -0.1240 0.7189 0.6839
vn -0.4315 -0.6977 0.5719
vn 0.0989 0.1880 0.9772
vn -0.2464 0.9576 0.1490
vn -0.1632 -0.9606 -0.2251
vn 0.0271 0.9372 0.3477
vn -0.3728 0.6848 -0.6261
vn -0.1824 -0.7975 0.5750
vn -0.0757 0.7712 0.6320
vn -0.0674 0.9975 0.0203
vn 0.1412 0.9657 0.2177
vn -0.6453 0.1931 -0.7391
vn -0.4792 -0.3781 -0.7921
vn 0.7811 0.1243 -0.6119
vn 0.2013 0.7125 0.6722
vn -0.7656 -0.6171 -0.1817
vn 0.3945 0.0563 -0.9172
vn 0.3411 -0.9365 0.0815
vn -0.1380 -0.6713 -0.7282
vn 0.3818 0.7943 -0.4726
vn -0.1357 -0.0189 0.9906
vn 0.6072 -0.6577 -0.4458
vn 0.1355 0.0862 0.9870
vn 0.7392 0.5818 -0.3391
vn 0.4284 0.7982 -0.4236
vn 0.6756 0.4062 0.6153
vn -0.1349 0.6321 0.7631
vn -0.1576 0.9152 -0.3708
vn -0.4165 0.3858 -0.8232
vn 0.4961 -0.4120 0.7643
vn -0.5678 0.7277 0.3848
vn -0.0145 -0.3127 -0.9497
vn -0.7606 -0.3092 -0.5709
vn 0.0511 0.9662 -0.2525
vn 0.0384 -0.2378 0.9706
vn -0.1419 -0.8793 -0.4546
vn 0.2198 0.9738 0.0581
vn 0.5890 -0.0332 -0.8074
vn 0.2912 -0.0505 -0.9553
vn -0.2779 0.7418 -0.6103
vn -0.7375 0.2435 -0.6299
vn 0.3231 0.3145 0.8926
vn 0.0827 0.9956 -0.0452
vn 0.3242 -0.8411 0.4330
vn 0.3782 -0.7730 0.5093
vn 0.7387 -0.6681 -0.0891
vn 0.1984 0.0393 0.9793
vn -0.1813 -0.9637 -0.1960
vn -0.7607 -0.4140 0.5000
vn -0.0082 0.4649 -0.8853
vn 0.1273 0.2387 0.9627
vn 0.2408 0.1581 0.9576
vn 0.0308 0.9547 -0.2958
vn -0.0087 -0.5642 0.8256
vn 0.0764 0.8073 0.5852
vn 0.1393 -0.6044 0.7844
vn 0.1126 0.2976 0.9480
vn -0.2122 -0.9538 -0.2125
vn 0.1295 -0.8978 -0.4209
vn 0.0984 -0.3707 -0.9235
vn -0.4460 -0.7416 0.5011
vn -0.2440 -0.9174 -0.3145
vn -0.1269 0.7487 0.6507
vn 0.1334 0.8135 0.5661
vn 0.1578 -0.9874 0.0147
vn 0.0816 -0.4528 0.8879
vn -0.8292 0.1098 0.5481
vn -0.2814 0.8531 0.4393
vn -0.6729 0.5812 -0.4575
vn 0.4573 -0.2462 0.8546
vn 0.1905 0.1102 0.9755
vn 0.5173 0.4223 -0.7444
vn 0.4386 0.6160 -0.6544
vn -0.2193 -0.7742 -0.5937
vn -0.5111 -0.5288 -0.6776
vn -0.0730 -0.9585 0.2755
vn 0.4062 -0.2425 0.8810
vn 0.2651 0.9638 0.0295
vn 0.4849 -0.8219 0.2988
vn 0.3171 0.2012 0.9268
vn 0.1748 -0.9498 -0.2597
vn -0.2888 -0.0461 0.9563
vn 0.4694 -0.0622 0.8808
vn 0.2370 0.7537 -0.6130
vn 0.2547 0.9187 0.3019
vn -0.3589 0.9269 -0.1103
vn -0.1773 -0.3674 -0.9130
vn 0.4965 -0.8675 -0.0294
vn 0.5289 -0.3775 -0.7601
vn -0.2063 0.3525 0.9128
vn -0.5516 -0.2166 -0.8055
vn -0.3895 -0.7916 0.4707
vn -0.4868 -0.1073 0.8669
vn 0.4484 -0.8451 -0.2911
vn -0.7810 0.0598 -0.6216
vn 0.9264 0.3578 -0.1170
vn 0.1323 0.5616 0.8168
vn -0.1807 0.8387 -0.5137
vn 0.2945 0.9416 0.1632
vn -0.2109 0.6984 0.6839
vn -0.3910 -0.2305 0.8911
vn 0.5379 0.5568 0.6329
vn 0.0752 -0.9078 -0.4125
vn 0.9552 0.2876 -0.0704
vn -0.8542 0.4228 -0.3027
vn -0.2581 0.9144 0.3120
vn 0.8821 0.0597 0.4672
vn 0.3590 -0.1240 0.9251
vn 0.0724 -0.9086 -0.4113
vn -0.6282 -0.0319 -0.7774
vn 0.6632 0.1890 -0.7242
vn 0.1803 -0.6884 0.7025
vn 0.2792 0.5617 0.7788
vn -0.1408 0.9900 0.0007
vn 0.6585 -0.6753 0.3323
vn 0.2934 0.8092 -0.5090
vn 0.4695 -0.6532 -0.5941
vn -0.4371 -0.8896 -0.1323
vn 0.5144 -0.8167 0.2617
vn 0.3204 -0.9209 -0.2221
vn -0.2677 0.7248 0.6348
vn -0.3865 0.8617 0.3289
vn -0.0468 0.6398 0.7671
vn 0.9027 0.3375 -0.2669
vn -0.2908 0.9377 -0.1903
vn -0.9642 0.2337 -0.1257
vn -0.6849 0.3261 0.6516
vn 0.2385 0.4041 -0.8831
vn -0.1403 0.6469 -0.7495
vn 0.3668 0.2840 -0.8859
vn 0.2067 0.8587 0.4689
vn -0.7991 0.5414 -0.2616
vn 0.3952 0.3371 0.8545
vn -0.4985 -0.4242 0.7560
vn -0.7265 0.5300 -0.4374
vn -0.3922 0.8842 0.2537
vn 0.0700 0.8752 0.4786
vn -0.3515 -0.8994 0.2597
vn 0.9648 0.2367 -0.1142
vn -0.3825 0.8355 -0.3946
vn 0.0571 0.8451 0.5316
vn 0.1938 0.9808 -0.0197
vn -0.2230 0.6300 0.7439
vn 0.6649 0.4881 0.5654
vn 0.8465 -0.3007 -0.4392
vn -0.4102 -0.1329 0.9023
vn 0.1952 0.9631 0.1855
vn 0.1762 0.9667 0.1855
vn -0.9833 -0.0220 0.1807
vn 0.5263 0.2156 0.8225
vn 0.5407 -0.0527 0.8396
vn 0.4889 0.0693 -0.8696
vn 0.0316 0.9241 0.3809
vn -0.0025 0.9167 -0.3996
vn -0.5995 -0.7094 0.3706
vn 0.8090 -0.5798 0.0971
vn 0.9611 0.1529 0.2301
vn -0.1696 0.0041 0.9855
vn -0.3550 0.7595 0.5451
vn 0.1204 0.8032 0.5835
vn 0.4275 0.7811 -0.4551
vn 0.9721 0.1867 -0.1419
vn -0.8059 0.5170 0.2886
vn 0.3572 -0.8034 -0.4765
vn 0.5520 -0.5370 -0.6379
vn -0.8382 -0.5291 0.1319
vn -0.0696 -0.7529 0.6544
vn -0.0769 -0.2375 -0.9683
vn -0.4118 -0.9074 0.0844
vn 0.6761 -0.7267 -0.1216
vn -0.2317 0.0567 0.9711
vn 0.2816 0.8384 0.4667
vn 0.2598 -0.7315 0.6305
vn -0.8706 0.2463 -0.4260
vn 0.3287 -0.6907 0.6442
vn -0.2025 -0.7745 0.5993
vn 0.0949 -0.9044 0.4160
vn 0.2995 0.3965 0.8678
vn 0.4007 0.2815 0.8719
vn 0.4000 0.3409 0.8508
vn 0.0708 0.8468 0.5272
vn 0.2866 0.9051 0.3142
vn 0.9580 -0.0242 0.2859
vn 0.2509 0.9189 0.3043
vn 0.3018 0.9314 -0.2035
vn 0.6079 -0.2789 -0.7435
vn 0.1639 -0.9231 -0.3478
vn -0.5129 0.7639 -0.3915
vn -0.7658 -0.1784 0.6178
vn -0.6291 -0.1758 0.7572
vn 0.1727 -0.9675 -0.1845
vn -0.0834 -0.9863 -0.1424
vn 0.2043 0.9742 0.0955
vn 0.8378 -0.5456 0.0218
vn 0.6702 0.0163 -0.7420
vn 0.5678 -0.2697 -0.7777
vn -0.1193 0.9703 0.2104
vn 0.0869 -0.9690 -0.2314
vn -0.9399 0.3414 -0.0059
vn 0.9335 0.2949 -0.2040
vn -0.2353 0.9176 -0.3204
vn -0.2285 -0.8947 -0.3837
vn 0.3226 0.9399 0.1115
vn -0.6473 0.4136 -0.6403
vn -0.7584 0.0509 0.6498
vn -0.2284 -0.7584 0.6105
vn 0.6415 0.4918 0.5888
vn 0.3516 -0.6245 0.6974
vn 0.4952 0.7311 0.4694
vn -0.3609 0.8993 0.2469
vn 0.1826 0.1714 0.9681
vn 0.1617 -0.9656 -0.2037
vn 0.1272 -0.9760 -0.1770
vn 0.8344 -0.4656 0.2948
vn 0.8122 -0.5573 0.1724
vn -0.5238 0.8492 0.0665
vn 0.1712 0.9381 -0.3010
vn 0.8657 0.3724 0.3345
vn 0.3815 0.4120 0.8275
vn -0.2451 0.0296 0.9690
vn 0.8702 0.4793 0.1145
vn 0.5188 -0.5995 0.6095
vn -0.2745 0.4939 -0.8250
vn -0.9615 0.1310 0.2417
vn 0.1101 0.9454 0.3069
vn 0.2550 0.8163 0.5183
vn 0.6710 0.2209 -0.7078
vn 0.2140 0.0195 0.9766
vn -0.1393 -0.2746 -0.9514
vn -0.3925 0.9035 0.1723
vn 0.1764 0.3547 0.9182
vn -0.9527 0.2018 -0.2274
vn 0.3427 0.9390 -0.0287
vn 0.0298 0.9872 0.1569
vn 0.4629 -0.7285 0.5051
vn 0.3346 0.9406 0.0576
vn 0.5077 0.8372 -0.2032
vn 0.1395 0.5180 -0.8439
vn 0.5957 0.1910 0.7802
vn 0.5437 -0.8276 -0.1399
vn 0.7790 -0.5119 -0.3620
vn 0.7453 -0.3154 0.5874
vn 0.4579 0.3618 0.8120
vn 0.2036 0.1037 -0.9735
vn 0.3324 -0.5836 -0.7409
vn 0.2724 -0.0602 -0.9603
vn 0.2986 0.3069 0.9037
vn 0.4477 0.0325 0.8936
vn -0.0107 0.8420 -0.5394
vn -0.3224 0.9394 0.1168
vn -0.3361 -0.7553 0.5626
vn 0.1657 -0.0675 0.9839
vn -0.1532 -0.0012 -0.9882
vn -0.2720 -0.0127 -0.9622
vn 0.0461 -0.1928 -0.9802
vn -0.3736 -0.8805 0.2918
vn -0.3675 -0.8849 0.2862
vn -0.3504 -0.8907 0.2895
vn -0.2412 0.6574 -0.7139
vn -0.9877 0.1313 -0.0850
vn -0.5972 0.6567 -0.4605
vn -0.4770 0.1323 0.8689
vn -0.6288 -0.1544 0.7621
vn -0.4495 0.4527 0.7701
vn 0.0187 0.7501 0.6610
vn 0.2337 0.2234 -0.9463
vn -0.4957 0.8548 0.1537
vn 0.2729 0.4012 -0.8744
vn -0.1873 0.9731 -0.1340
vn -0.5792 -0.7492 0.3212
vn 0.6196 0.3558 -0.6996
vn 0.7712 -0.1667 -0.6143
vn 0.5894 0.3076 -0.7470
vn -0.1482 0.8300 0.5377
vn 0.3348 0.5784 0.7439
vn 0.7394 0.0911 -0.6671
vn -0.3528 -0.4406 0.8254
vn 0.4249 0.7571 0.4962
vn -0.1985 0.9023 0.3827
vn -0.6034 0.4027 0.6883
vn -0.3881 0.5794 0.7167
vn -0.4550 0.8847 0.1012
vn -0.1260 -0.9799 -0.1548
vn -0.9489 -0.3100 0.0591
vn 0.2241 -0.8694 0.4404
vn 0.9585 0.0953 -0.2688
vn -0.0591 -0.5966 -0.8004
vn 0.4584 0.7787 -0.4283
vn 0.3826 -0.7744 0.5039
vn -0.1004 -0.8784 -0.4673
vn 0.3494 -0.5225 -0.7778
vn 0.3852 0.3240 -0.8641
vn -0.0155 0.9065 0.4219
vn 0.0471 0.9661 0.2538
vn 0.5858 0.7447 -0.3198
vn 0.9387 -0.2380 -0.2496
vn -0.8834 0.4647 -0.0612
vn -0.4803 0.7822 0.3968
vn 0.2676 0.0853 -0.9597
vn 0.3362 -0.0042 -0.9418
vn 0.2764 0.9277 -0.2511
vn 0.2838 0.9217 -0.2643
vn 0.2006 0.9791 -0.0326
vn 0.3529 0.9348 0.0408
vn 0.5982 -0.2675 0.7554
vn -0.8177 -0.4790 0.3192
vn -0.3290 0.7222 0.6084
vn -0.5758 0.6794 0.4549
vn 0.5112 -0.8496 0.1298
vn -0.8278 -0.5349 -0.1690
vn -0.9858 0.1587 -0.0545
vn -0.8814 -0.2967 0.3676
vn 0.2083 0.1291 0.9695
vn 0.2776 -0.7540 -0.5954
vn -0.3832 -0.9229 0.0378
vn -0.7189 0.3749 0.5854
vn -0.8197 -0.1587 0.5503
vn -0.9058 -0.3544 0.2323
vn 0.8888 0.2096 -0.4075
vn 0.3294 -0.7740 -0.5408
vn -0.0001 -1.0000 0.0003
vn -0.3119 -0.9007 0.3024
vn -0.3005 -0.9157 0.2668
vn -0.2815 -0.8778 0.3875
vn 0.1002 -0.9895 0.1045
vn -0.0831 -0.8757 0.4756
vn -0.5701 -0.8095 0.1401
vn 0.8698 0.2720 -0.4118
vn 0.7005 0.5693 -0.4303
vn 0.3107 0.7807 0.5422
vn 0.4958 -0.8634 0.0936
vn -0.8603 -0.4279 -0.2770
vn -0.6661 -0.7066 -0.2389
vn -0.1820 -0.7492 -0.6369
vn 0.4649 0.8853 -0.0043
vn 0.2426 -0.9648 0.1015
vn 0.1018 0.9925 0.0679
vn 0.1565 0.9867 -0.0440
vn -0.1558 -0.7116 0.6851
vn 0.2114 -0.9008 0.3794
vn 0.4018 0.5050 0.7639
vn 0.3970 0.9155 -0.0653
vn -0.3868 0.0761 -0.9190
vn -0.5378 0.2749 -0.7970
vn -0.6109 0.4572 -0.6463
vn 0.2853 -0.2634 0.9215
vn -0.3229 0.8005 0.5049
vn 0.4357 -0.2010 -0.8774
vn 0.4762 0.8588 0.1888
vn 0.2789 0.9246 -0.2595
vn -0.7139 0.0860 0.6950
vn 0.4500 0.8882 0.0924
vn 0.5030 0.8297 -0.2422
vn 0.1614 -0.0040 0.9869
vn 0.2254 0.5945 0.7718
vn 0.3145 0.1966 0.9287
vn -0.7421 -0.1053 -0.6620
vn 0.0630 0.3631 0.9296
vn 0.3532 -0.5832 0.7315
vn 0.2815 -0.8729 -0.3986
vn 0.4295 -0.8468 -0.3138
vn -0.0777 0.1684 -0.9826
vn -0.5237 -0.1943 -0.8295
vn 0.2576 0.6594 0.7063
vn 0.6759 0.4508 -0.5830
vn -0.7070 0.5384 -0.4586
vn -0.5043 -0.8480 0.1630
vn -0.5001 -0.5773 -0.6455
vn -0.3295 -0.9428 -0.0495
vn -0.3927 -0.9196 0.0105
vn 0.9569 0.0155 -0.2899
vn 0.8864 -0.3815 -0.2622
vn -0.7516 0.5235 -0.4012
vn 0.2107 0.6421 -0.7371
vn 0.0027 0.3372 -0.9414
vn 0.3127 0.9483 0.0537
vn -0.7998 0.2396 -0.5503
vn -0.3197 0.9118 -0.2579
vn -0.1607 0.8978 0.4101
vn -0.8594 -0.2335 0.4549
vn 0.4529 0.0020 -0.8915
vn -0.0593 0.6688 0.7411
vn 0.4374 0.3412 0.8320
vn 0.2548 0.2115 -0.9436
vn 0.0274 -0.3846 -0.9227
vn 0.5485 0.7897 -0.2748
vn 0.2894 -0.9080 -0.3030
vn 0.9140 -0.4033 0.0438
vn -0.6980 -0.7140 0.0541
vn -0.7837 -0.3544 0.5101
vn -0.5123 -0.8146 0.2721
vn 0.1248 -0.4103 -0.9034
vn 0.4905 0.7626 -0.4218
vn 0.5536 -0.3626 0.7497
vn 0.4244 -0.0294 0.9050
vn 0.5313 -0.5999 0.5982
vn -0.1510 0.8472 0.5094
vn -0.8822 -0.1410 -0.4493
vn 0.1694 0.0865 0.9817
vn -0.6750 -0.5514 -0.4902
vn 0.8270 0.5438 0.1427
vn 0.3632 -0.1557 -0.9186
vn 0.3891 0.6324 -0.6699
vn -0.4006 0.1116 0.9094
vn 0.3039 0.1301 -0.9438
vn -0.5663 -0.7543 0.3320
vn 0.8394 -0.3447 0.4203
vn -0.4646 0.7857 0.4085
vn 0.4340 -0.0879 0.8966
vn 0.1673 -0.3606 -0.9176
vn -0.5722 0.3267 -0.7522
vn -0.0400 -0.4545 0.8899
vn 0.0023 -0.4223 0.9065
vn -0.7316 0.4953 -0.4685
vn 0.9031 0.1584 0.3992
vn -0.1804 -0.9816 -0.0622
vn 0.0314 0.6288 0.7769
vn 0.9516 -0.2827 0.1206
vn -0.5824 -0.8127 0.0193
vn 0.5881 0.3159 0.7446
vn 0.1428 -0.5100 -0.8482
vn 0.0361 -0.1827 -0.9825
vn -0.3080 0.4386 0.8442
vn 0.2531 -0.2807 0.9258
vn -0.4667 -0.2415 0.8508
vn 0.2358 0.1519 0.9598
vn 0.9060 -0.2401 0.3487
vn 0.0358 0.9178 -0.3954
vn 0.0181 0.2144 0.9766
vn 0.5304 -0.5315 0.6604
vn 0.6142 0.2694 0.7417
vn 0.3993 -0.9142 -0.0687
vn 0.3329 0.2362 0.9129
vn 0.3426 0.1935 0.9193
vn -0.2954 -0.9386 0.1784
vn -0.3051 -0.9298 0.2057
vn -0.3101 -0.9319 0.1883
vn -0.2351 -0.6313 -0.7390
vn 0.1542 0.1943 -0.9687
vn -0.1604 0.2562 0.9532
vn -0.5768 0.8113 0.0952
vn 0.4946 0.1780 -0.8507
vn 0.0849 0.9888 0.1231
vn 0.5994 -0.5976 0.5325
vn 0.4445 0.8904 0.0981
vn 0.5696 -0.7004 0.4300
vn 0.2892 0.9572 -0.0119
vn 0.3636 0.1479 0.9197
vn -0.2544 0.8068 -0.5333
vn 0.4898 0.8032 0.3390
vn 0.2425 0.5764 -0.7804
vn 0.9494 -0.1886 0.2513
vn -0.3334 -0.6808 -0.6523
vn -0.0041 -0.9575 -0.2885
vn -0.0137 0.9980 0.0620
vn 0.4094 0.0840 -0.9085
vn 0.4411 0.1557 -0.8838
vn 0.0653 0.6565 -0.7515
vn 0.9467 -0.3170 -0.0573
vn 0.6435 -0.7374 -0.2054
vn -0.6522 -0.0844 -0.7533
vn 0.4336 0.6429 -0.6314
vn -0.0216 0.7731 0.6339
vn 0.0172 0.7489 -0.6624
vn -0.1494 -0.9266 0.3450
vn 0.5581 0.0772 0.8262
vn -0.6601 0.6684 0.3427
vn -0.2174 0.7531 0.6210
vn -0.5761 0.7992 -0.1714
vn 0.1480 -0.2763 0.9496
vn -0.1958 0.5197 0.8316
vn 0.4807 0.7246 0.4938
vn 0.3393 0.9340 0.1115
vn 0.2330 0.6640 0.7105
vn 0.5771 -0.8157 0.0399
vn 0.2571 0.9292 0.2655
vn 0.3319 0.3725 -0.8666
vn -0.6657 -0.6215 0.4130
vn -0.1120 0.9880 -0.1068
vn 0.0031 0.8042 0.5943
vn -0.7258 -0.4105 0.5520
vn 0.5329 0.8371 0.1234
vn 0.0002 0.7542 0.6567
vn -0.4035 -0.7716 -0.4918
vn -0.1166 -0.9913 0.0612
vn 0.4544 -0.3859 -0.8028
vn 0.6258 -0.1253 0.7698
vn 0.8430 0.3722 0.3884
vn 0.6596 0.5706 -0.4893
vn -0.0250 0.2397 0.9705
vn -0.0023 -0.0265 -0.9996
vn -0.5938 0.5962 -0.5403
vn 0.5276 0.6226 -0.5779
vn 0.4615 0.7953 -0.3930
vn 0.3611 0.8103 -0.4615
vn 0.1049 -0.6324 -0.7675
vn 0.6245 -0.5740 0.5297
vn -0.0560 0.9432 0.3274
vn 0.9997 0.0114 0.0229
vn -0.3433 0.3444 -0.8738
vn 0.3589 0.9312 0.0630
vn 0.3692 0.9276 0.0572
vn 0.9759 0.1356 -0.1709
vn 0.9843 0.1529 -0.0881
vn 0.7796 0.3964 -0.4848
vn -0.2383 0.5087 0.8273
vn -0.4526 -0.8630 -0.2247
vn 0.5658 0.6104 -0.5544
vn 0.7891 0.4814 -0.3816
vn -0.1555 -0.0414 -0.9870
vn 0.0804 -0.8404 0.5359
vn 0.6499 -0.3920 -0.6511
vn 0.9208 -0.3876 0.0433
vn 0.3049 0.2073 -0.9296
vn 0.0281 -0.7543 -0.6559
vn 0.4722 -0.1287 -0.8720
vn 0.3357 0.6939 0.6370
vn 0.3925 0.3500 -0.8506
vn 0.5285 0.5058 -0.6818
vn 0.3466 -0.1203 0.9303
vn 0.3825 0.8881 0.2548
vn 0.3763 0.8640 0.3346
vn 0.5554 0.3783 0.7405
vn 0.4874 -0.0670 -0.8706
vn -0.5179 -0.8501 0.0949
vn 0.6024 -0.3073 -0.7366
vn 0.6293 0.6746 0.3858
vn 0.8998 0.3323 -0.2828
vn 0.5918 -0.2175 -0.7762
vn 0.4188 0.6649 0.6185
vn 0.4182 0.8032 0.4243
vn -0.1716 0.9852 0.0007
vn 0.4539 0.8586 -0.2383
vn 0.3647 0.9278 -0.0785
vn 0.4268 0.6797 -0.5965
vn 0.1542 0.0012 0.9880
vn 0.6694 0.2896 0.6841
vn -0.9883 0.1278 0.0826
vn 0.9491 0.0024 -0.3150
vn 0.4111 0.2521 0.8761
vn 0.8782 -0.3816 0.2883
vn 0.1444 0.4785 -0.8661
vn 0.5739 0.5525 0.6045
vn -0.9173 -0.3356 -0.2145
vn 0.6555 0.6769 -0.3348
vn 0.3392 0.9326 -0.1233
vn -0.0949 0.5578 -0.8245
vn -0.2533 -0.7557 -0.6040
vn -0.0083 -0.2501 0.9682
vn 0.2386 0.9137 0.3289
vn 0.5898 0.0848 -0.8031
vn -0.3699 -0.1745 -0.9125
vn -0.2196 -0.3511 -0.9102
vn -0.8603 -0.2479 0.4454
vn -0.5791 0.2439 0.7779
vn 0.1023 -0.9917 -0.0777
vn 0.4271 0.8115 0.3989
vn 0.4209 0.5197 -0.7435
vn -0.3427 0.9073 -0.2435
vn -0.1082 0.9920 -0.0646
vn 0.3239 0.8903 -0.3201
vn -0.1574 -0.7799 -0.6058
vn 0.2417 -0.9057 -0.3483
vn 0.2444 -0.5923 -0.7678
vn 0.1441 0.9073 0.3950
vn 0.0353 0.8963 0.4420
vn 0.0894 0.8114 0.5776
vn -0.2670 -0.9569 0.1147
vn -0.8842 0.1378 -0.4462
vn 0.2972 0.9159 -0.2700
vn 0.2033 -0.0690 0.9767
vn -0.5889 0.2492 0.7688
vn -0.5876 0.2522 0.7688
vn -0.5873 0.2515 0.7693
vn 0.2884 -0.6035 -0.7434
vn 0.4119 0.7335 0.5407
vn 0.0986 0.9198 0.3799
vn 0.6528 0.0769 -0.7536
vn -0.2427 0.0024 -0.9701
vn 0.3420 0.5779 -0.7410
vn 0.3479 0.3262 0.8790
vn 0.4450 0.7856 -0.4299
vn 0.3695 0.9292 -0.0086
vn 0.0102 0.9999 0.0012
vn -0.0225 0.9996 0.0175
vn 0.0099 0.9999 0.0014
vn 0.0698 -0.4671 -0.8815
vn -0.5173 0.0388 -0.8550
vn 0.2044 0.8840 -0.4204
vn 0.9859 -0.0888 0.1419
vn 0.2476 -0.9391 0.2382
vn 0.3852 0.1447 -0.9114
vn -0.3257 -0.9259 -0.1912
vn -0.2381 -0.6708 -0.7024
vn 0.1011 0.8227 0.5594
vn 0.1610 0.9605 0.2269
vn -0.5267 -0.8499 0.0174
vn -0.2127 0.3023 0.9292
vn -0.2234 -0.9747 -0.0117
vn 0.2534 0.0941 -0.9628
vn -0.4280 0.7113 -0.5575
vn 0.8860 -0.1963 -0.4200
vn 0.3148 -0.4874 0.8145
vn 0.6555 0.7509 -0.0803
vn 0.4061 -0.3782 -0.8319
vn 0.3553 -0.5682 -0.7422
vn -0.2117 0.9769 -0.0271
vn 0.6569 -0.1108 0.7458
vn 0.6678 -0.7443 -0.0055
vn 0.5887 -0.0303 0.8078
vn 0.3955 -0.0246 0.9181
vn 0.6459 0.5006 0.5764
vn 0.9660 -0.2386 -0.1001
vn 0.9954 -0.0732 0.0622
vn 0.3629 0.4558 0.8127
vn 0.1732 -0.9528 0.2493
vn 0.4185 -0.8993 0.1271
vn 0.9718 0.2354 0.0120
vn 0.3267 -0.0912 -0.9407
vn 0.5816 -0.5995 0.5499
vn 0.8218 -0.1871 0.5381
vn 0.5791 0.3325 0.7443
vn -0.0480 -0.0953 -0.9943
vn 0.7713 -0.4749 0.4237
vn 0.3359 0.1150 0.9348
vn 0.8963 -0.0231 0.4429
vn 0.2249 -0.6176 -0.7536
vn -0.3974 0.8571 0.3279
vn 0.5639 0.5331 -0.6307
vn 0.1494 -0.9767 0.1537
vn 0.5443 0.1045 -0.8323
vn -0.6907 -0.2924 -0.6614
vn 0.4792 -0.5200 -0.7071
vn -0.2582 -0.9659 0.0188
vn 0.5266 0.8392 0.1357
vn 0.7170 -0.5794 0.3877
vn -0.0924 -0.9654 -0.2440
vn -0.4292 -0.8862 0.1741
vn 0.2890 0.2050 -0.9351
vn 0.4265 0.6761 -0.6008
vn -0.2399 -0.9639 -0.1152
vn 0.3289 0.8863 -0.3262
vn 0.7798 0.0235 0.6255
vn -0.5757 0.4943 0.6513
vn 0.4716 -0.8778 0.0840
vn 0.1152 -0.9320 -0.3437
vn 0.7058 -0.5219 0.4790
vn 0.4791 0.1644 0.8622
vn -0.5284 0.6227 0.5771
vn -0.3802 -0.9084 0.1742
vn 0.5933 0.3746 0.7125
vn -0.5391 0.7923 0.2857
vn -0.1820 -0.9350 -0.3044
vn -0.1902 -0.6409 -0.7437
vn 0.0713 -0.7901 0.6088
vn 0.2665 -0.1566 -0.9510
vn 0.9434 0.3185 0.0926
vn 0.3777 0.4481 0.8103
vn 0.0533 -0.2516 0.9664
vn 0.5740 -0.3489 0.7408
vn -0.1989 -0.5271 -0.8262
vn -0.2459 -0.9629 0.1113
vn 0.7136 0.2649 -0.6486
vn -0.0130 0.9999 -0.0025
vn 0.7807 0.0516 0.6228
vn 0.5531 0.8318 -0.0473
vn 0.7180 0.0849 0.6908
vn 0.6426 0.7423 -0.1899
vn 0.3419 -0.0380 -0.9390
vn 0.8227 -0.1485 0.5487
vn 0.7491 -0.4725 -0.4642
vn 0.0695 -0.6291 0.7742
vn -0.1727 -0.9823 -0.0726
vn 0.5512 -0.8271 0.1101
vn -0.2781 0.8904 0.3603
vn 0.4574 0.8538 -0.2486
vn 0.4883 0.3420 -0.8029
vn 0.6052 -0.6215 0.4975
vn 0.9762 0.1727 -0.1314
vn 0.2033 0.9572 0.2058
vn 0.2720 0.9343 0.2303
vn 0.2333 0.9499 0.2079
vn -0.5176 0.7435 0.4235
vn 0.6564 0.3658 -0.6598
vn 0.6292 0.2679 -0.7296
vn 0.6765 0.6894 -0.2590
vn -0.1134 0.9464 0.3025
vn 0.9999 0.0092 0.0074
vn 0.6201 0.0961 0.7786
vn 0.2572 -0.7329 -0.6299
vn 0.2001 -0.5661 0.7997
vn 0.4126 -0.2883 0.8641
vn 0.2295 0.9531 0.1973
vn 0.4123 0.9057 0.0986
vn 0.3681 0.9267 0.0750
vn 0.8520 -0.4227 0.3089
vn 0.5831 0.7929 -0.1768
vn -0.0485 -0.8781 0.4759
vn 0.5485 0.6025 0.5797
vn 0.9589 0.0105 0.2837
vn 0.4171 -0.5792 0.7004
vn 0.0032 -1.0000 -0.0032
vn 0.0079 -1.0000 -0.0011
vn 0.5473 -0.6906 0.4728
vn 0.5253 0.7929 0.3090
vn 0.8921 -0.4519 -0.0038
vn 0.7788 -0.6225 -0.0774
vn 0.2892 0.9499 0.1189
vn -0.0020 1.0000 0.0071
vn 0.6182 -0.7817 0.0825
vn -0.3583 0.8608 0.3615
vn -0.1518 0.9879 -0.0310
vn -0.7864 0.6162 -0.0423
vn 0.3389 0.2357 0.9108
vn 0.6909 0.7132 -0.1185
vn 0.0322 0.6095 -0.7921
vn 0.8671 -0.3319 -0.3714
vn 0.5252 -0.4850 -0.6993
vn 0.6624 0.6939 0.2824
vn -0.4597 -0.0649 0.8857
vn 0.1747 -0.8565 -0.4857
vn 0.3312 -0.1952 -0.9232
vn 0.9237 0.3098 0.2255
vn 0.6834 0.5492 0.4810
vn -0.2397 -0.9687 0.0647
vn 0.6200 -0.7041 0.3463
vn 0.5860 0.8094 -0.0397
vn -0.0265 -0.9716 -0.2352
vn 0.4340 0.9007 -0.0191
vn -0.4114 0.8449 -0.3419
vn 0.4126 0.9067 -0.0880
vn 0.1852 -0.9826 -0.0110
vn 0.9028 -0.0738 -0.4236
vn 0.6353 -0.4655 0.6162
vn 0.5301 0.3715 0.7622
vn 0.3539 0.5068 -0.7861
vn 0.6587 0.3410 0.6707
vn 0.3540 -0.0414 -0.9343
vn 0.4825 0.8503 0.2101
vn -0.1742 -0.9827 -0.0634
vn 0.4826 0.8520 0.2030
vn -0.0764 0.9208 0.3824
vn 0.3512 0.8623 0.3649
vn 0.5577 -0.7046 0.4388
vn 0.7078 -0.3777 -0.5970
vn 0.7936 -0.5978 0.1132
vn -0.0960 0.8422 -0.5306
vn 0.5665 0.5728 -0.5924
vn 0.6584 -0.0772 0.7487
vn 0.0028 -0.9992 -0.0398
vn 0.4811 -0.7006 -0.5269
vn -0.2460 0.9443 0.2184
vn -0.3335 -0.9427 0.0062
vn 0.7146 -0.1896 -0.6733
vn -0.2712 0.9585 -0.0878
vn 0.1393 0.9690 0.2038
vn -0.8084 0.5855 0.0603
vn 0.4937 0.2078 -0.8444
vn 0.2176 0.3631 -0.9060
vn 0.5637 -0.0624 0.8236
vn 0.0327 -0.9944 -0.1004
vn 0.0136 -0.9549 -0.2968
vn 0.7301 0.2904 0.6186
vn -0.8200 -0.1674 -0.5474
vn 0.3473 0.9063 0.2408
vn 0.7363 0.1342 0.6632
vn 0.4695 0.8818 0.0455
vn 0.4637 0.5713 -0.6772
vn 0.5253 -0.5183 0.6749
vn 0.7157 -0.6984 0.0032
vn -0.0953 0.9011 -0.4229
vn -0.6392 0.7662 -0.0655
vn 0.8287 0.4211 -0.3687
vn 0.8745 0.0153 0.4848
vn 0.5683 -0.4971 -0.6557
vn 0.3791 0.6267 0.6809
vn 0.5568 0.8100 -0.1841
vn 0.6993 -0.5640 0.4392
vn 0.1321 0.8544 0.5026
vn 0.7921 -0.2817 -0.5415
vn -0.5939 -0.7936 0.1322
vn 0.6869 -0.4157 0.5961
vn 0.9919 -0.0729 0.1038
vn 0.7840 -0.0481 -0.6189
vn 0.5286 0.0767 0.8454
vn 0.8297 -0.5560 0.0487
vn 0.6168 -0.4652 -0.6350
vn 0.5058 0.8120 0.2912
vn -0.6705 0.5497 0.4983
vn -0.1956 0.9584 0.2079
vn 0.4159 0.9093 -0.0148
vn 0.6115 0.3470 0.7111
vn 0.9432 -0.3037 -0.1345
vn 0.5775 0.1640 0.7998
vn -0.4297 -0.8996 -0.0782
vn 0.8021 0.0853 -0.5911
vn 0.5351 -0.7936 -0.2895
vn 0.7938 0.1359 0.5928
vn 0.2081 0.9763 -0.0600
vn 0.9826 -0.0699 -0.1720
vn -0.3309 0.9184 0.2169
vn 0.3653 -0.1372 -0.9207
vn 0.4660 0.8823 0.0657
vn 0.6972 -0.0342 0.7161
vn 0.5263 -0.0349 0.8496
vn 0.5676 0.8152 0.1151
vn 0.5878 0.2892 0.7555
vn 0.8819 0.1391 -0.4505
vn 0.6481 -0.5511 0.5255
vn 0.9586 -0.0331 0.2829
vn -0.3908 0.8842 0.2557
vn -0.7999 0.5993 -0.0324
vn 0.6501 -0.5184 -0.5555
vn 0.6454 0.7606 0.0703
vn 0.2666 0.0237 0.9635
vn -0.2781 0.6495 0.7077
vn 0.7508 0.6601 0.0237
vn 0.9662 0.2031 0.1589
vn 0.8943 0.0482 0.4449
vn 0.5352 -0.8115 0.2347
vn 0.8910 -0.1388 0.4322
vn -0.7756 0.6303 -0.0328
vn 0.8100 0.2404 0.5350
vn -0.3873 0.9219 0.0113
vn -0.4762 0.3894 -0.7884
vn -0.6524 0.7572 -0.0314
vn 0.9849 0.1107 0.1330
vn 0.6853 0.7081 0.1699
vn 0.5716 0.1628 0.8042
vn 0.7936 0.2422 -0.5581
vn 0.5821 -0.5820 0.5678
vn -0.5125 0.8347 0.2015
vn 0.8020 -0.5358 -0.2640
vn 0.0224 0.9996 -0.0199
vn 0.7100 0.3110 0.6319
vn 0.6750 0.7376 0.0176
vn 0.5319 0.6916 -0.4886
vn 0.5255 0.7516 -0.3987
vn 0.4801 0.6067 -0.6336
vn 0.1926 -0.9692 -0.1535
vn 0.7199 0.4615 -0.5184
vn 0.2669 -0.9637 0.0093
vn -0.8540 0.5153 0.0718
vn -0.6195 0.7848 0.0156
vn -0.7770 0.6145 0.1366
vn 0.6995 0.2112 0.6828
vn 0.7358 0.4082 -0.5403
vn 0.8384 0.2150 -0.5009
vn 0.0528 -0.9889 -0.1387
vn 0.8379 0.1419 0.5270
vn 0.1332 -0.5011 0.8551
vn 0.8033 0.0327 -0.5947
vn 0.6145 -0.5901 0.5237
vn 0.7249 -0.6128 0.3146
vn 0.1895 -0.6797 0.7085
vn 0.9302 -0.2033 -0.3055
vn -0.0399 0.9398 0.3393
vn 0.6641 0.5794 0.4724
vn 0.8088 0.0502 0.5859
vn 0.0932 0.9676 0.2345
vn 0.4547 -0.8788 0.1446
vn -0.4521 -0.8641 0.2214
vn 0.6177 0.1649 -0.7689
vn 0.8730 0.1521 -0.4634
vn 0.8292 -0.4923 -0.2648
vn 0.4587 -0.8727 -0.1673
vn 0.6736 -0.3975 -0.6231
vn 0.4894 -0.6637 -0.5657
vn 0.3428 0.8705 -0.3532
vn -0.1687 -0.9561 -0.2397
vn 0.5626 -0.0623 0.8244
vn 0.6057 0.5724 0.5526
vn 0.5669 0.5496 0.6136
vn -0.0747 0.9954 0.0598
vn 0.4664 0.8476 -0.2530
vn 0.9072 0.1675 -0.3859
vn 0.7264 0.5923 -0.3487
vn 0.3602 -0.9292 -0.0821
vn 0.7189 -0.1221 -0.6843
vn 0.5061 -0.4775 -0.7182
vn -0.3189 0.9352 0.1541
vn 0.8470 0.1944 0.4948
vn 0.6045 0.6781 0.4181
vn 0.9173 -0.3121 0.2473
vn 0.9332 0.1256 -0.3368
vn 0.9552 0.0138 -0.2955
vn 0.3058 -0.9505 0.0550
vn 0.9513 0.2073 0.2283
vn -0.6340 -0.7732 -0.0124
vn 0.5460 -0.6486 -0.5303
vn 0.4750 -0.8142 -0.3338
vn 0.7725 0.5141 0.3728
vn 0.3702 -0.9274 0.0532
vn -0.0063 -0.9844 0.1758
vn 0.6275 -0.0611 0.7763
vn 0.9359 -0.3054 0.1754
vn 0.6798 -0.6731 0.2911
vn 0.8526 0.4101 -0.3240
vn 0.4905 0.1212 -0.8630
vn 0.7857 0.5353 0.3100
vn 0.0585 0.9911 0.1197
vn 0.9657 0.1467 -0.2141
vn 0.6324 -0.5870 -0.5056
vn 0.3901 -0.8774 -0.2792
vn 0.9671 0.0542 -0.2484
vn 0.9000 0.3308 0.2839
vn 0.8515 0.5076 0.1313
vn -0.4577 0.8494 0.2628
vn 0.9935 0.1091 -0.0331
vn 0.9868 -0.0750 0.1433
vn 0.8866 0.1498 0.4376
vn 0.7135 -0.6947 -0.0913
vn 0.5958 0.6967 0.3995
vn 0.8621 -0.4691 -0.1917
vn 0.4220 -0.9035 0.0752
vn 0.3371 -0.9372 0.0892
vn 0.4678 -0.8550 0.2240
vn 0.7467 -0.1163 0.6549
vn 0.9858 -0.0368 -0.1640
vn 0.7077 0.6644 -0.2402
vn 0.9223 0.3042 -0.2386
vn 0.5502 -0.8340 -0.0421
vn 0.6356 -0.0400 0.7710
vn 0.1741 -0.9838 0.0418
vn 0.8464 -0.4268 -0.3185
vn 0.2997 -0.9407 0.1589
vn 0.3184 -0.7957 0.5153
vn 0.8169 0.4973 0.2921
vn 0.5624 0.7923 -0.2367
vn -0.7493 -0.6594 -0.0621
vn 0.9795 0.1896 0.0685
vn 0.6748 -0.1387 0.7248
vn 0.3747 0.9076 0.1891
vn 0.8986 0.2513 0.3597
vn 0.6670 -0.7447 -0.0227
vn 0.8730 0.4728 0.1201
vn 0.7709 -0.5867 -0.2480
vn 0.8639 0.4462 0.2337
vn 0.3883 -0.9177 0.0837
vn 0.9867 0.0215 -0.1609
vn 0.6337 0.7523 -0.1806
vn 0.9397 0.3398 -0.0389
vn 0.9009 0.3888 -0.1931
vn 0.8635 -0.4706 0.1816
vn 0.5488 0.8062 -0.2209
vn 0.8819 0.3992 -0.2509
vn 0.4393 -0.8983 -0.0116
vn 0.8563 0.2676 -0.4418
vn 0.8539 -0.4476 -0.2656
vn 0.9471 -0.2908 0.1358
vn 0.4583 0.5509 -0.6975
vn 0.8303 0.4921 -0.2616
vn 0.9183 0.1586 0.3627
vn 0.5485 -0.7840 -0.2905
vn -0.0522 0.8019 -0.5952
vn 0.8126 0.3301 0.4803
vn 0.9151 0.3588 -0.1840
vn 0.7079 -0.7051 -0.0410
vn 0.0305 0.3771 -0.9257
vn 0.7701 0.1885 -0.6094
vn 0.7469 0.1718 -0.6424
vn -0.4963 0.8263 0.2664
vn 0.7021 0.7103 0.0502
vn 0.9196 0.2230 0.3235
vn 0.9270 0.0218 -0.3745
vn 0.8449 0.4299 0.3183
vn 0.6234 -0.0002 -0.7819
vn 0.6540 -0.3169 -0.6869
vn 0.1440 0.9433 0.2991
vn 0.8789 0.4038 0.2541
vn 0.5877 -0.8041 0.0891
vn 0.5583 0.6263 -0.5441
vn 0.8918 0.3978 -0.2154
vn 0.8383 0.5397 0.0771
vn 0.8159 -0.5586 -0.1495
vn 0.8734 0.4870 0.0069
vn -0.5204 0.8191 0.2414
vn 0.2542 0.7870 -0.5621
vn 0.5683 0.5141 0.6425
vn 0.8517 -0.4396 -0.2853
vn 0.9032 0.4250 -0.0595
vn 0.9545 -0.2193 0.2023
vn 0.7094 -0.6851 -0.1656
vn 0.9264 0.3755 -0.0286
vn 0.4025 0.7095 -0.5784
vn 0.7814 0.0542 0.6217
vn 0.7401 -0.5052 0.4438
vn 0.7621 0.2684 0.5893
vn 0.9615 0.2026 0.1854
vn 0.8575 -0.1877 -0.4790
vn 0.0777 0.8527 0.5166
vn 0.6369 0.0782 -0.7670
vn -0.1147 -0.9002 -0.4201
vn 0.9820 0.1169 0.1485
vn 0.7729 -0.1780 0.6090
vn 0.9982 0.0202 -0.0567
vn 0.0072 0.3373 -0.9414
vn 0.9348 0.2743 -0.2257
vn 0.8881 0.1839 -0.4213
vn -0.1857 0.2490 0.9505
vn 0.8674 0.2335 0.4394
vn 0.2694 -0.2904 -0.9182
vn 0.8096 0.0210 -0.5867
vn 0.8708 0.3117 0.3802
vn 0.6903 -0.4969 -0.5259
vn 0.3159 -0.9259 0.2071
vn 0.8981 0.1142 0.4246
vn 0.7448 -0.3025 -0.5948
vn 0.5641 -0.7507 -0.3439
vn 0.2625 0.0430 0.9640
vn 0.8691 0.0900 0.4864
vn 0.6053 0.6795 -0.4146
vn 0.6076 0.7466 -0.2711
vn 0.8032 0.0871 0.5893
vn 0.6821 0.4796 -0.5520
vn 0.9572 0.2554 0.1362
vn 0.7165 0.6594 -0.2277
vn 0.7859 0.4459 -0.4284
vn 0.2597 -0.9644 0.0497
vn 0.9488 0.0420 0.3130
vn 0.8891 0.0768 -0.4513
vn 0.8781 -0.1126 0.4651
vn 0.8307 -0.5409 -0.1319
vn 0.9565 0.2824 -0.0733
vn 0.9476 0.1413 -0.2865
vn 0.2573 -0.6023 0.7557
vn 0.9022 -0.1747 0.3943
vn 0.9631 0.2415 -0.1186
vn 0.9534 0.1347 0.2698
vn 0.5205 0.5223 0.6755
vn 0.1940 0.8163 -0.5441
vn 0.9086 -0.0170 -0.4174
vn 0.9306 0.2178 -0.2941
vn 0.9434 0.0722 -0.3238
vn 0.8960 -0.3499 -0.2735
vn 0.9379 0.1663 0.3044
vn 0.9736 0.2046 0.1012
vn 0.3716 -0.5862 0.7199
vn 0.9630 0.1542 -0.2209
vn 0.9549 0.2842 -0.0860
vn 0.3433 -0.3414 0.8749
vn 0.7711 0.5789 -0.2651
vn -0.3427 0.9362 -0.0784
vn 0.6620 0.6550 0.3643
vn 0.8974 0.2759 0.3442
vn 0.4581 -0.3306 0.8252
vn 0.9777 0.1601 0.1360
vn 0.5184 0.5954 0.6138
vn 0.6866 0.7208 -0.0949
vn 0.9028 -0.4080 -0.1362
vn 0.9428 0.2810 -0.1796
vn 0.9320 -0.0867 -0.3519
vn 0.5715 0.8039 -0.1648
vn 0.9908 0.1295 -0.0387
vn 0.4038 0.9055 0.1307
vn 0.9716 0.2363 0.0128
vn 0.9816 0.1698 -0.0868
vn 0.1639 -0.8398 -0.5175
vn 0.7326 -0.2209 0.6438
vn 0.9975 0.0048 -0.0701
vn 0.9027 0.4238 -0.0748
vn 0.9164 0.3543 -0.1865
vn 0.6782 -0.7211 -0.1417
vn 0.5769 0.0433 -0.8157
vn 0.7607 -0.0605 0.6463
vn 0.9352 -0.3249 -0.1406
vn 0.7294 0.6470 0.2220
vn 0.9078 0.4045 0.1107
vn 0.8891 -0.4276 0.1632
vt 0.603779 0.190961
vt 0.597757 0.198398
vt 0.596466 0.186927
vt 0.592992 0.211973
vt 0.588661 0.195103
vt 0.610997 0.199706
vt 0.584307 0.210780
vt 0.587371 0.002739
vt 0.590982 0.001566
vt 0.591964 0.009860
vt 0.129672 0.968051
vt 0.118972 0.967865
vt 0.117418 0.964926
vt 0.609059 0.212443
vt 0.579693 0.188578
vt 0.109603 0.967801
vt 0.100527 0.956193
vt 0.583544 0.182597
vt 0.615986 0.209700
vt 0.119930 0.950705
vt 0.135917 0.959398
vt 0.104771 0.954850
vt 0.115856 0.950479
vt 0.573020 0.182489
vt 0.142115 0.960782
vt 0.137466 0.966112
vt 0.317720 0.261493
vt 0.327607 0.257397
vt 0.339271 0.268274
vt 0.302831 0.242632
vt 0.298756 0.235918
vt 0.302357 0.235053
vt 0.569928 0.191602
vt 0.328372 0.244195
vt 0.311082 0.256427
vt 0.139239 0.956527
vt 0.535255 0.141636
vt 0.545504 0.131013
vt 0.545744 0.136202
vt 0.323053 0.242139
vt 0.143388 0.958542
vt 0.567322 0.186377
vt 0.571675 0.184418
vt 0.021561 0.285909
vt 0.024145 0.271255
vt 0.024638 0.291090
vt 0.002429 0.871647
vt 0.002253 0.876678
vt 0.000552 0.871459
vt 0.991827 0.000313
vt 0.986007 0.001872
vt 0.985321 0.000115
vt 0.340076 0.249107
vt 0.343270 0.261192
vt 0.532467 0.124838
vt 0.318316 0.233688
vt 0.540304 0.121768
vt 0.735978 0.986861
vt 0.722336 0.982428
vt 0.737177 0.981346
vt 0.149546 0.089418
vt 0.133230 0.097804
vt 0.142559 0.083222
vt 0.150382 0.080901
vt 0.149046 0.076681
vt 0.650168 0.308703
vt 0.650104 0.313980
vt 0.642519 0.311136
vt 0.529370 0.141999
vt 0.563286 0.226631
vt 0.557180 0.230847
vt 0.549208 0.228305
vt 0.345059 0.269044
vt 0.999962 0.659992
vt 0.997554 0.657584
vt 0.999515 0.651980
vt 0.558577 0.224251
vt 0.140424 0.101163
vt 0.136192 0.079540
vt 0.131919 0.082288
vt 0.520594 0.132191
vt 0.546828 0.234959
vt 0.646453 0.318334
vt 0.639117 0.319830
vt 0.011589 0.053456
vt 0.011589 0.034472
vt 0.013250 0.042352
vt 0.544328 0.219270
vt 0.537758 0.225938
vt 0.540696 0.219144
vt 0.641986 0.332317
vt 0.643733 0.326740
vt 0.644310 0.330757
vt 0.633724 0.312268
vt 0.512119 0.138122
vt 0.512827 0.128272
vt 0.997615 0.696861
vt 0.997615 0.688633
vt 0.999902 0.694899
vt 0.542558 0.226398
vt 0.125037 0.636460
vt 0.130277 0.627590
vt 0.129910 0.637500
vt 0.525567 0.118988
vt 0.621648 0.317204
vt 0.636658 0.325418
vt 0.999385 0.713461
vt 0.997635 0.714277
vt 0.997805 0.705991
vt 0.120551 0.648626
vt 0.514517 0.233025
vt 0.498314 0.228608
vt 0.505091 0.225713
vt 0.327027 0.236240
vt 0.129769 0.077958
vt 0.538390 0.231887
vt 0.530794 0.239261
vt 0.514914 0.122210
vt 0.997007 0.291363
vt 0.982626 0.291597
vt 0.983842 0.277702
vt 0.127769 0.660481
vt 0.217433 0.264367
vt 0.217314 0.269706
vt 0.215949 0.271071
vt 0.838054 0.980763
vt 0.853452 0.989431
vt 0.839510 0.989020
vt 0.510104 0.236277
vt 0.334440 0.241049
vt 0.684002 0.224807
vt 0.675161 0.224807
vt 0.683679 0.210428
vt 0.541406 0.255305
vt 0.828279 0.272499
vt 0.832759 0.281046
vt 0.828279 0.280251
vt 0.126381 0.082581
vt 0.996820 0.277877
vt 0.834946 0.272299
vt 0.305475 0.989941
vt 0.291307 0.989947
vt 0.292842 0.981240
vt 0.110354 0.650549
vt 0.208345 0.268465
vt 0.535546 0.248669
vt 0.129614 0.099974
vt 0.119927 0.096233
vt 0.675297 0.210247
vt 0.509397 0.118806
vt 0.612996 0.305257
vt 0.119365 0.088566
vt 0.208621 0.262461
vt 0.660961 0.211340
vt 0.306308 0.982000
vt 0.198586 0.267586
vt 0.833154 0.290860
vt 0.416812 0.970816
vt 0.440767 0.981986
vt 0.413524 0.981354
vt 0.726054 0.009183
vt 0.721389 0.019188
vt 0.721040 0.005025
vt 0.522930 0.241093
vt 0.112811 0.329322
vt 0.114085 0.305073
vt 0.117175 0.319635
vt 0.198824 0.263167
vt 0.825070 0.296055
vt 0.852215 0.981026
vt 0.647917 0.225350
vt 0.529002 0.269182
vt 0.256325 0.113533
vt 0.253805 0.104130
vt 0.270680 0.112726
vt 0.610895 0.314386
vt 0.014621 0.008255
vt 0.015066 0.003170
vt 0.019289 0.018191
vt 0.119374 0.291755
vt 0.725637 0.004161
vt 0.130580 0.676975
vt 0.123703 0.314595
vt 0.119275 0.329749
vt 0.122835 0.668769
vt 0.656631 0.994371
vt 0.653455 0.982951
vt 0.656631 0.986386
vt 0.731906 0.090174
vt 0.724882 0.079013
vt 0.732644 0.071251
vt 0.019656 0.004032
vt 0.129076 0.685872
vt 0.832308 0.308540
vt 0.642922 0.986354
vt 0.645984 0.982828
vt 0.643659 0.994817
vt 0.534244 0.267699
vt 0.406831 0.998791
vt 0.414684 0.993766
vt 0.414303 0.998791
vt 0.405982 0.993757
vt 0.124094 0.289262
vt 0.599262 0.299372
vt 0.595598 0.304564
vt 0.112743 0.291443
vt 0.180466 0.268918
vt 0.181126 0.262855
vt 0.823275 0.306293
vt 0.021280 0.409881
vt 0.014014 0.417027
vt 0.012759 0.412983
vt 0.601492 0.313676
vt 0.731839 0.100632
vt 0.717294 0.037411
vt 0.716233 0.046047
vt 0.693536 0.045254
vt 0.590792 0.301374
vt 0.592610 0.293614
vt 0.108024 0.281633
vt 0.112872 0.279383
vt 0.149681 0.282177
vt 0.130945 0.281951
vt 0.434348 0.970012
vt 0.990862 0.952229
vt 0.990278 0.942667
vt 0.993486 0.946601
vt 0.165904 0.264909
vt 0.574257 0.079820
vt 0.570303 0.074173
vt 0.573887 0.054804
vt 0.105356 0.272392
vt 0.593246 0.308809
vt 0.005545 0.417242
vt 0.005840 0.410456
vt 0.164099 0.270429
vt 0.241145 0.100041
vt 0.589801 0.304213
vt 0.122589 0.283434
vt 0.825130 0.315092
vt 0.155448 0.273332
vt 0.646575 0.214682
vt 0.999327 0.951882
vt 0.644526 0.221159
vt 0.241923 0.109137
vt 0.833821 0.323826
vt 0.445393 0.964859
vt 0.999787 0.942456
vt 0.237020 0.113571
vt 0.642075 0.207337
vt 0.615377 0.457307
vt 0.618525 0.451606
vt 0.642334 0.460456
vt 0.647878 0.083843
vt 0.653762 0.074907
vt 0.661120 0.075160
vt 0.646371 0.478572
vt 0.621843 0.468410
vt 0.313757 0.078717
vt 0.308437 0.086407
vt 0.294235 0.076088
vt 0.585302 0.309721
vt 0.658673 0.470551
vt 0.654547 0.463296
vt 0.713935 0.153573
vt 0.736185 0.171812
vt 0.725214 0.164707
vt 0.651819 0.099204
vt 0.645588 0.087166
vt 0.112818 0.271840
vt 0.029062 0.087494
vt 0.025534 0.084017
vt 0.029111 0.074190
vt 0.667992 0.476875
vt 0.703774 0.168766
vt 0.701010 0.166458
vt 0.550288 0.747338
vt 0.561964 0.747843
vt 0.550962 0.761652
vt 0.588994 0.727961
vt 0.565014 0.752623
vt 0.991233 0.953238
vt 0.997838 0.955743
vt 0.991233 0.956045
vt 0.643670 0.449678
vt 0.000159 0.080533
vt 0.002821 0.088293
vt 0.000582 0.085363
vt 0.002728 0.076635
vt 0.636425 0.444843
vt 0.633931 0.224984
vt 0.997673 0.953046
vt 0.643089 0.078952
vt 0.519286 0.778538
vt 0.544289 0.737467
vt 0.983877 0.512915
vt 0.984373 0.507867
vt 0.988651 0.508621
vt 0.934408 0.665844
vt 0.937664 0.661306
vt 0.940941 0.666414
vt 0.937764 0.671381
vt 0.935790 0.671564
vt 0.320114 0.076051
vt 0.317565 0.083181
vt 0.997596 0.836091
vt 0.997933 0.832247
vt 0.997788 0.841375
vt 0.991553 0.539049
vt 0.997805 0.541324
vt 0.990273 0.541428
vt 0.005094 0.983463
vt 0.007998 0.979316
vt 0.008319 0.991374
vt 0.986606 0.500298
vt 0.982785 0.501644
vt 0.979492 0.530868
vt 0.977849 0.500939
vt 0.980455 0.499435
vt 0.990135 0.513688
vt 0.117669 0.472345
vt 0.121004 0.456055
vt 0.125948 0.455226
vt 0.126378 0.464113
vt 0.154796 0.219552
vt 0.153131 0.213744
vt 0.163836 0.214435
vt 0.015439 0.277699
vt 0.021813 0.280672
vt 0.010974 0.280320
vt 0.695200 0.237050
vt 0.688149 0.234070
vt 0.695732 0.230207
vt 0.639186 0.082346
vt 0.982906 0.507042
vt 0.054023 0.571003
vt 0.055860 0.575129
vt 0.052397 0.572723
vt 0.943514 0.660970
vt 0.986121 0.516592
vt 0.983199 0.516494
vt 0.124045 0.444534
vt 0.604305 0.422870
vt 0.160113 0.263108
vt 0.990886 0.501581
vt 0.001961 0.206179
vt 0.001961 0.218063
vt 0.000026 0.211301
vt 0.388919 0.985750
vt 0.385147 0.997359
vt 0.382566 0.989433
vt 0.940293 0.659806
vt 0.131534 0.482213
vt 0.142009 0.489510
vt 0.133953 0.492641
vt 0.027512 0.006738
vt 0.020434 0.006520
vt 0.020434 0.003714
vt 0.004688 0.578696
vt 0.000644 0.573130
vt 0.008795 0.567354
vt 0.124043 0.485481
vt 0.694222 0.450555
vt 0.321063 0.081666
vt 0.932013 0.674898
vt 0.931099 0.674192
vt 0.141661 0.005784
vt 0.150244 0.002661
vt 0.157891 0.005526
vt 0.271969 0.043125
vt 0.266438 0.058386
vt 0.261380 0.047840
vt 0.056921 0.000045
vt 0.054496 0.001445
vt 0.049388 0.000080
vt 0.693025 0.170436
vt 0.697266 0.168928
vt 0.697249 0.170762
vt 0.520410 0.757092
vt 0.994785 0.809947
vt 0.992297 0.814604
vt 0.984921 0.814991
vt 0.506623 0.747170
vt 0.114990 0.481817
vt 0.317689 0.094341
vt 0.674941 0.493031
vt 0.638035 0.501808
vt 0.059463 0.567274
vt 0.675603 0.444968
vt 0.948519 0.277755
vt 0.950581 0.283420
vt 0.945559 0.277215
vt 0.533141 0.999819
vt 0.530676 0.992233
vt 0.534401 0.995211
vt 0.111841 0.475391
vt 0.881588 0.090131
vt 0.888574 0.086663
vt 0.883395 0.098179
vt 0.113058 0.490958
vt 0.554682 0.775288
vt 0.006712 0.567033
vt 0.002523 0.570076
vt 0.001236 0.567076
vt 0.534336 0.787497
vt 0.942468 0.675183
vt 0.252492 0.989676
vt 0.261050 0.990425
vt 0.250471 0.993930
vt 0.888349 0.097543
vt 0.940448 0.674558
vt 0.637737 0.512053
vt 0.262197 0.993575
vt 0.014848 0.390767
vt 0.016034 0.380569
vt 0.027740 0.375840
vt 0.987196 0.144666
vt 0.989264 0.142598
vt 0.990474 0.147114
vt 0.180833 0.998649
vt 0.191249 0.998649
vt 0.188777 0.999364
vt 0.057685 0.563262
vt 0.109560 0.118611
vt 0.082471 0.114804
vt 0.081200 0.108910
vt 0.550413 0.982723
vt 0.553335 0.990751
vt 0.549993 0.994922
vt 0.982860 0.813667
vt 0.983248 0.588392
vt 0.996384 0.588392
vt 0.993076 0.591936
vt 0.879256 0.097127
vt 0.995831 0.085073
vt 0.996478 0.081403
vt 0.998465 0.085285
vt 0.059302 0.753288
vt 0.060938 0.750392
vt 0.064710 0.754517
vt 0.004669 0.816220
vt 0.007853 0.820015
vt 0.004566 0.832067
vt 0.698358 0.238796
vt 0.686630 0.242006
vt 0.694171 0.238835
vt 0.645888 0.441115
vt 0.401860 0.035464
vt 0.388588 0.036626
vt 0.377077 0.034910
vt 0.028250 0.003198
vt 0.007397 0.770821
vt 0.003036 0.770821
vt 0.003335 0.768672
vt 0.000234 0.719545
vt 0.004789 0.719944
vt 0.000127 0.724219
vt 0.389861 0.990666
vt 0.395883 0.997843
vt 0.387712 0.992951
vt 0.238898 0.999801
vt 0.229060 0.999801
vt 0.236107 0.998708
vt 0.484264 0.023814
vt 0.474075 0.022549
vt 0.483224 0.017915
vt 0.003655 0.292737
vt 0.007449 0.293069
vt 0.000996 0.296930
vt 0.057073 0.118066
vt 0.057425 0.096172
vt 0.058415 0.091075
vt 0.048914 0.103597
vt 0.732402 0.132340
vt 0.744132 0.132530
vt 0.737019 0.134300
vt 0.115774 0.438308
vt 0.387997 0.997908
vt 0.001234 0.644459
vt 0.011682 0.644459
vt 0.009154 0.647145
vt 0.122078 0.440480
vt 0.007382 0.719434
vt 0.009073 0.724336
vt 0.634412 0.997576
vt 0.635030 0.989715
vt 0.637819 0.991676
vt 0.005071 0.725673
vt 0.009911 0.637498
vt 0.004663 0.632626
vt 0.010737 0.632814
vt 0.354770 0.163736
vt 0.355704 0.152571
vt 0.363880 0.159293
vt 0.036343 0.001078
vt 0.038203 0.001406
vt 0.033829 0.001273
vt 0.000085 0.701093
vt 0.010844 0.701093
vt 0.010596 0.705265
vt 0.989709 0.140615
vt 0.996878 0.142945
vt 0.991152 0.144035
vt 0.007323 0.296779
vt 0.991363 0.084106
vt 0.055653 0.355775
vt 0.057559 0.333989
vt 0.058604 0.360993
vt 0.987091 0.674319
vt 0.996930 0.676054
vt 0.983696 0.676898
vt 0.360665 0.170330
vt 0.010305 0.722407
vt 0.048924 0.107634
vt 0.060823 0.765885
vt 0.064933 0.749740
vt 0.141950 0.999765
vt 0.131274 0.999765
vt 0.133627 0.998248
vt 0.010321 0.643579
vt 0.984362 0.964213
vt 0.961987 0.980903
vt 0.969317 0.960462
vt 0.935462 0.990664
vt 0.942332 0.993572
vt 0.942053 0.998904
vt 0.994618 0.164060
vt 0.994798 0.168226
vt 0.991292 0.166389
vt 0.940468 0.207463
vt 0.940039 0.182677
vt 0.946697 0.184214
vt 0.991103 0.080222
vt 0.071427 0.754976
vt 0.255469 0.045480
vt 0.119856 0.999364
vt 0.127129 0.998081
vt 0.130517 0.999931
vt 0.638287 0.077099
vt 0.635629 0.080933
vt 0.630532 0.072679
vt 0.991348 0.171260
vt 0.816790 0.999487
vt 0.819320 0.995367
vt 0.826032 0.999895
vt 0.001249 0.563142
vt 0.000541 0.560052
vt 0.006910 0.560052
vt 0.399173 0.993689
vt 0.637779 0.999356
vt 0.051781 0.551694
vt 0.059023 0.557429
vt 0.002254 0.899215
vt 0.002254 0.904560
vt 0.000230 0.900807
vt 0.772085 0.985104
vt 0.779331 0.995078
vt 0.773717 0.996515
vt 0.983953 0.367441
vt 0.983638 0.355980
vt 0.990530 0.358049
vt 0.039348 0.982615
vt 0.043116 0.983986
vt 0.039457 0.986912
vt 0.042926 0.110923
vt 0.004197 0.004963
vt 0.002117 0.001992
vt 0.008812 0.002013
vt 0.978205 0.995936
vt 0.976741 0.991148
vt 0.987491 0.995134
vt 0.076814 0.747471
vt 0.352730 0.157704
vt 0.369916 0.174626
vt 0.972534 0.942594
vt 0.965494 0.953705
vt 0.369399 0.153752
vt 0.295173 0.005108
vt 0.296624 0.000644
vt 0.299462 0.005814
vt 0.998561 0.813524
vt 0.999690 0.810423
vt 0.999948 0.819483
vt 0.936566 0.676198
vt 0.999629 0.063522
vt 0.999192 0.061039
vt 0.999815 0.059180
vt 0.058394 0.549064
vt 0.062973 0.554314
vt 0.771781 0.993027
vt 0.767712 0.995876
vt 0.767794 0.988588
vt 0.606357 0.017011
vt 0.623791 0.012452
vt 0.620972 0.018290
vt 0.034577 0.095129
vt 0.034720 0.116997
vt 0.032344 0.098318
vt 0.242737 0.983795
vt 0.226712 0.989002
vt 0.229390 0.983179
vt 0.001781 0.809222
vt 0.002454 0.814009
vt 0.000030 0.806954
vt 0.370283 0.154803
vt 0.305466 0.997776
vt 0.296621 0.997776
vt 0.304357 0.990798
vt 0.069338 0.029576
vt 0.047403 0.029576
vt 0.058882 0.024572
vt 0.002475 0.937207
vt 0.002334 0.940334
vt 0.000134 0.938298
vt 0.004339 0.563644
vt 0.071271 0.813569
vt 0.062441 0.809394
vt 0.067510 0.810500
vt 0.255722 0.035007
vt 0.281044 0.038121
vt 0.058350 0.815131
vt 0.375011 0.149269
vt 0.657273 0.973880
vt 0.659171 0.973880
vt 0.657671 0.975449
vt 0.123247 0.492589
vt 0.716093 0.999762
vt 0.708514 0.998518
vt 0.715196 0.996417
vt 0.628497 0.078760
vt 0.771351 0.997999
vt 0.678994 0.234724
vt 0.684900 0.225206
vt 0.984778 0.631794
vt 0.983320 0.627024
vt 0.995815 0.631462
vt 0.705849 0.136878
vt 0.678728 0.140456
vt 0.676599 0.136768
vt 0.003353 0.653764
vt 0.008284 0.655262
vt 0.006084 0.658134
vt 0.012498 0.370783
vt 0.999999 0.967915
vt 0.999999 0.971975
vt 0.998013 0.970379
vt 0.947330 0.680953
vt 0.063296 0.740822
vt 0.074361 0.741248
vt 0.000130 0.147108
vt 0.001360 0.151696
vt 0.000788 0.159400
vt 0.997718 0.964359
vt 0.999388 0.965760
vt 0.997632 0.968577
vt 0.066631 0.806511
vt 0.041121 0.858312
vt 0.046438 0.862261
vt 0.041145 0.864160
vt 0.217889 0.007563
vt 0.217889 0.013798
vt 0.198405 0.009570
vt 0.000229 0.830899
vt 0.002255 0.826553
vt 0.002053 0.831421
vt 0.038992 0.847987
vt 0.035941 0.853858
vt 0.821134 0.993150
vt 0.345787 0.998430
vt 0.345787 0.989647
vt 0.349196 0.998323
vt 0.048539 0.856233
vt 0.935858 0.997070
vt 0.397187 0.154881
vt 0.397891 0.151237
vt 0.006851 0.687840
vt 0.002091 0.687840
vt 0.003300 0.685235
vt 0.619640 0.004562
vt 0.015073 0.776436
vt 0.015073 0.757593
vt 0.018707 0.762588
vt 0.219157 0.131120
vt 0.225305 0.133230
vt 0.210184 0.143618
vt 0.501029 0.989565
vt 0.485061 0.989565
vt 0.490313 0.989074
vt 0.004923 0.331962
vt 0.007943 0.333706
vt 0.002489 0.333711
vt 0.232852 0.137904
vt 0.342195 0.990070
vt 0.343147 0.994968
vt 0.333455 0.997014
vt 0.987171 0.163413
vt 0.002457 0.970285
vt 0.001387 0.973580
vt 0.000026 0.971337
vt 0.000009 0.935473
vt 0.999771 0.964206
vt 0.998235 0.962917
vt 0.999778 0.959788
vt 0.552053 0.004328
vt 0.558374 0.003213
vt 0.552068 0.006940
vt 0.221617 0.122801
vt 0.380965 0.153441
vt 0.041862 0.995031
vt 0.160127 0.779404
vt 0.161774 0.797467
vt 0.155334 0.782716
vt 0.949179 0.645425
vt 0.853893 0.051083
vt 0.842367 0.052091
vt 0.826186 0.050244
vt 0.000200 0.893741
vt 0.002187 0.894639
vt 0.002386 0.896920
vt 0.000098 0.899105
vt 0.000394 0.824814
vt 0.771506 0.907513
vt 0.764687 0.917723
vt 0.764527 0.892795
vt 0.948426 0.677078
vt 0.032647 0.117986
vt 0.997489 0.080139
vt 0.058624 0.805933
vt 0.994105 0.118822
vt 0.997851 0.122569
vt 0.990723 0.119253
vt 0.943003 0.373727
vt 0.946676 0.380021
vt 0.947297 0.387111
vt 0.324207 0.001233
vt 0.324207 0.007212
vt 0.321098 0.003078
vt 0.870492 0.100245
vt 0.328715 0.079490
vt 0.644811 0.011196
vt 0.644811 0.002714
vt 0.647787 0.006010
vt 0.071658 0.807226
vt 0.997585 0.763886
vt 0.997585 0.755240
vt 0.999931 0.758981
vt 0.731900 0.136368
vt 0.709420 0.123443
vt 0.941427 0.385466
vt 0.545481 0.989773
vt 0.548409 0.998801
vt 0.545481 0.998109
vt 0.961894 0.734052
vt 0.960363 0.723978
vt 0.964094 0.725839
vt 0.733930 0.816738
vt 0.744366 0.823159
vt 0.735751 0.830918
vt 0.992517 0.122609
vt 0.249037 0.370542
vt 0.244057 0.373598
vt 0.230818 0.373623
vt 0.254807 0.355712
vt 0.253639 0.369158
vt 0.017303 0.331633
vt 0.008880 0.333119
vt 0.007039 0.331064
vt 0.150198 0.785400
vt 0.148782 0.220963
vt 0.030966 0.000069
vt 0.033614 0.000069
vt 0.032386 0.001421
vt 0.000660 0.934136
vt 0.002320 0.931261
vt 0.002275 0.934887
vt 0.547977 0.990542
vt 0.634798 0.430060
vt 0.143144 0.795614
vt 0.127124 0.984216
vt 0.123474 0.987769
vt 0.115262 0.985569
vt 0.000620 0.654143
vt 0.773366 0.047222
vt 0.760265 0.049532
vt 0.771420 0.037900
vt 0.679314 0.239045
vt 0.983905 0.350889
vt 0.673020 0.233684
vt 0.676937 0.230763
vt 0.675649 0.234899
vt 0.024619 0.226582
vt 0.024619 0.246344
vt 0.022078 0.241723
vt 0.115015 0.979339
vt 0.940990 0.014236
vt 0.931138 0.011596
vt 0.951128 0.011835
vt 0.009812 0.658208
vt 0.560218 0.008212
vt 0.437688 0.998278
vt 0.439475 0.992780
vt 0.441099 0.996150
vt 0.075323 0.850162
vt 0.072529 0.857839
vt 0.076503 0.841691
vt 0.529880 0.998994
vt 0.526724 0.996346
vt 0.529907 0.990077
vt 0.002181 0.359399
vt 0.006265 0.359399
vt 0.004548 0.362409
vt 0.850664 0.396989
vt 0.855247 0.403270
vt 0.850777 0.419953
vt 0.567227 0.779645
vt 0.559861 0.780491
vt 0.369502 0.299758
vt 0.392787 0.294382
vt 0.335977 0.315437
vt 0.001902 0.960482
vt 0.001902 0.965003
vt 0.000085 0.960676
vt 0.144342 0.196343
vt 0.159928 0.197189
vt 0.152080 0.200884
vt 0.147447 0.781240
vt 0.784196 0.049372
vt 0.149226 0.208368
vt 0.155005 0.207614
vt 0.162481 0.202489
vt 0.850935 0.377053
vt 0.852438 0.386516
vt 0.499202 0.777888
vt 0.594126 0.724012
vt 0.567907 0.736978
vt 0.581059 0.719255
vt 0.948388 0.299374
vt 0.494628 0.022893
vt 0.208666 0.995956
vt 0.208666 0.990134
vt 0.220544 0.990443
vt 0.026002 0.094215
vt 0.350298 0.005139
vt 0.352137 0.002512
vt 0.351400 0.007519
vt 0.170222 0.331199
vt 0.170509 0.328928
vt 0.175700 0.334228
vt 0.751015 0.907432
vt 0.763940 0.945523
vt 0.194020 0.132698
vt 0.998903 0.556459
vt 0.997660 0.560282
vt 0.994143 0.556501
vt 0.209385 0.150920
vt 0.671681 0.242905
vt 0.170158 0.335835
vt 0.354620 0.004105
vt 0.707960 0.994753
vt 0.111978 0.988137
vt 0.112116 0.978014
vt 0.765607 0.890573
vt 0.770304 0.893554
vt 0.136378 0.774583
vt 0.148382 0.778102
vt 0.740750 0.815817
vt 0.244088 0.378735
vt 0.000768 0.929991
vt 0.000589 0.141467
vt 0.003361 0.138695
vt 0.003706 0.150303
vt 0.710697 0.128378
vt 0.127953 0.989390
vt 0.748737 0.013345
vt 0.749485 0.006228
vt 0.755486 0.004539
vt 0.062860 0.561612
vt 0.146508 0.772403
vt 0.606214 0.006438
vt 0.507092 0.784362
vt 0.168845 0.373360
vt 0.177085 0.377445
vt 0.854709 0.423550
vt 0.520019 0.801268
vt 0.508811 0.799768
vt 0.500898 0.758894
vt 0.354402 0.010900
vt 0.020148 0.610340
vt 0.019597 0.590356
vt 0.024049 0.607067
vt 0.854705 0.376748
vt 0.782254 0.002745
vt 0.775620 0.011877
vt 0.776924 0.002529
vt 0.527704 0.798997
vt 0.693545 0.169339
vt 0.662775 0.151575
vt 0.705829 0.152052
vt 0.716283 0.990302
vt 0.230435 0.387915
vt 0.221035 0.374005
vt 0.962637 0.990692
vt 0.962637 0.999372
vt 0.959370 0.996863
vt 0.322907 0.015252
vt 0.322076 0.009445
vt 0.331242 0.006109
vt 0.058835 0.800495
vt 0.592020 0.996915
vt 0.586710 0.997286
vt 0.592127 0.989798
vt 0.000627 0.260972
vt 0.002353 0.265714
vt 0.000944 0.272063
vt 0.045355 0.843647
vt 0.172151 0.327640
vt 0.142952 0.814682
vt 0.549179 0.788869
vt 0.586520 0.709817
vt 0.755836 0.945002
vt 0.757852 0.947157
vt 0.755545 0.949384
vt 0.050418 0.862647
vt 0.000228 0.145420
vt 0.010701 0.137824
vt 0.024119 0.600973
vt 0.160484 0.376614
vt 0.114820 0.976047
vt 0.112379 0.977547
vt 0.584804 0.007842
vt 0.586517 0.003994
vt 0.591550 0.011903
vt 0.185926 0.126761
vt 0.866753 0.919273
vt 0.863352 0.919563
vt 0.867695 0.906322
vt 0.067405 0.798493
vt 0.167911 0.325507
vt 0.165165 0.330047
vt 0.009242 0.367568
vt 0.005164 0.364147
vt 0.008911 0.357221
vt 0.010328 0.147845
vt 0.753655 0.956386
vt 0.554240 0.989450
vt 0.550528 0.979253
vt 0.562520 0.981531
vt 0.995397 0.072615
vt 0.991190 0.078404
vt 0.991614 0.072629
vt 0.737382 0.949732
vt 0.014873 0.313465
vt 0.008371 0.322539
vt 0.005777 0.315733
vt 0.128956 0.986909
vt 0.121620 0.248289
vt 0.110640 0.232098
vt 0.123119 0.197811
vt 0.764855 0.813823
vt 0.486355 0.054770
vt 0.496214 0.070384
vt 0.494021 0.075812
vt 0.957984 0.725942
vt 0.881802 0.118007
vt 0.772121 0.982655
vt 0.786249 0.982655
vt 0.778473 0.991513
vt 0.054397 0.980918
vt 0.047235 0.982060
vt 0.048566 0.978199
vt 0.106389 0.224652
vt 0.956975 0.723410
vt 0.962523 0.706115
vt 0.808039 0.982647
vt 0.808039 0.994502
vt 0.804977 0.993000
vt 0.071241 0.796179
vt 0.683735 0.250410
vt 0.959544 0.738194
vt 0.721484 0.794367
vt 0.219473 0.366772
vt 0.941922 0.172070
vt 0.707170 0.469363
vt 0.809223 0.039299
vt 0.792575 0.036363
vt 0.813101 0.036320
vt 0.126686 0.978066
vt 0.245635 0.140951
vt 0.236280 0.130934
vt 0.248170 0.138196
vt 0.037066 0.843242
vt 0.163571 0.348335
vt 0.003011 0.322898
vt 0.540416 0.932644
vt 0.548672 0.928491
vt 0.550469 0.938686
vt 0.391040 0.986898
vt 0.391040 0.982799
vt 0.407767 0.983932
vt 0.143365 0.215302
vt 0.607171 0.301412
vt 0.639296 0.304515
vt 0.634071 0.309126
vt 0.009733 0.172142
vt 0.003093 0.169984
vt 0.011314 0.159205
vt 0.201170 0.357057
vt 0.547266 0.793423
vt 0.492146 0.017930
vt 0.017409 0.521744
vt 0.031771 0.518746
vt 0.031771 0.537885
vt 0.774773 0.005989
vt 0.765071 0.015110
vt 0.769008 0.004973
vt 0.664742 0.134756
vt 0.381521 0.281184
vt 0.548662 0.808596
vt 0.992225 0.564537
vt 0.994397 0.568013
vt 0.989706 0.574062
vt 0.737892 0.843659
vt 0.771734 0.951396
vt 0.942438 0.408688
vt 0.495746 0.029266
vt 0.487603 0.028856
vt 0.491437 0.024957
vt 0.101556 0.980195
vt 0.109232 0.979659
vt 0.100405 0.990487
vt 0.126755 0.805313
vt 0.121646 0.794675
vt 0.451067 0.999853
vt 0.447095 0.995882
vt 0.450899 0.991701
vt 0.433429 0.006066
vt 0.440128 0.001199
vt 0.443869 0.007743
vt 0.640272 0.428454
vt 0.311921 0.014589
vt 0.311580 0.006917
vt 0.005593 0.771497
vt 0.011912 0.773429
vt 0.001998 0.776442
vt 0.045031 0.251735
vt 0.025510 0.245392
vt 0.031543 0.234604
vt 0.036500 0.399498
vt 0.037592 0.408244
vt 0.037592 0.419480
vt 0.943920 0.953652
vt 0.945369 0.921162
vt 0.949771 0.941104
vt 0.991838 0.625595
vt 0.996022 0.630242
vt 0.984107 0.625946
vt 0.163821 0.335033
vt 0.104679 0.975733
vt 0.649323 0.227142
vt 0.658389 0.226221
vt 0.123256 0.777042
vt 0.565716 0.989380
vt 0.770980 0.879341
vt 0.556956 0.929793
vt 0.569325 0.929539
vt 0.528552 0.989662
vt 0.525147 0.996963
vt 0.520820 0.988631
vt 0.800862 0.045150
vt 0.789482 0.041104
vt 0.493473 0.054938
vt 0.166827 0.322418
vt 0.454623 0.010259
vt 0.447315 0.005141
vt 0.466744 0.005487
vt 0.002759 0.726417
vt 0.008925 0.726417
vt 0.000592 0.728848
vt 0.064307 0.794023
vt 0.055465 0.856174
vt 0.060276 0.790244
vt 0.948720 0.949864
vt 0.516694 0.996955
vt 0.516654 0.992400
vt 0.197961 0.008776
vt 0.194958 0.007699
vt 0.194342 0.000663
vt 0.998088 0.621380
vt 0.998088 0.613580
vt 0.999925 0.621393
vt 0.640584 0.310241
vt 0.644725 0.302145
vt 0.745166 0.007109
vt 0.748025 0.006069
vt 0.747376 0.023241
vt 0.858409 0.933979
vt 0.767069 0.528101
vt 0.752832 0.506081
vt 0.765785 0.470491
vt 0.082248 0.760091
vt 0.079114 0.755637
vt 0.082633 0.755685
vt 0.721448 0.973896
vt 0.737515 0.973896
vt 0.722201 0.981395
vt 0.895157 0.919635
vt 0.897450 0.962630
vt 0.876530 0.962630
vt 0.624511 0.365359
vt 0.635661 0.371065
vt 0.646425 0.385158
vt 0.075988 0.870759
vt 0.161518 0.317789
vt 0.162429 0.320022
vt 0.735906 0.863641
vt 0.030609 0.001482
vt 0.028010 0.001482
vt 0.028356 0.000008
vt 0.562539 0.960993
vt 0.072632 0.608906
vt 0.077750 0.616358
vt 0.072658 0.622876
vt 0.996843 0.428843
vt 0.996843 0.442493
vt 0.995209 0.433991
vt 0.881267 0.991901
vt 0.866373 0.991901
vt 0.874300 0.990712
vt 0.370880 0.289008
vt 0.802259 0.001578
vt 0.802259 0.009848
vt 0.798834 0.007339
vt 0.253593 0.130444
vt 0.553621 0.995882
vt 0.554129 0.990082
vt 0.565236 0.996505
vt 0.085034 0.760988
vt 0.771914 0.024771
vt 0.751778 0.037362
vt 0.753855 0.027955
vt 0.082337 0.768772
vt 0.782033 0.052903
vt 0.809621 0.052903
vt 0.794913 0.054896
vt 0.010834 0.729122
vt 0.673865 0.253295
vt 0.726398 0.875292
vt 0.732047 0.877349
vt 0.727537 0.878261
vt 0.235563 0.123518
vt 0.001218 0.683461
vt 0.001218 0.677346
vt 0.006233 0.677195
vt 0.464084 0.997477
vt 0.466574 0.989816
vt 0.467361 0.997765
vt 0.770593 0.954088
vt 0.742453 0.979711
vt 0.071990 0.981673
vt 0.683403 0.968829
vt 0.655461 0.973069
vt 0.659583 0.968829
vt 0.755992 0.490454
vt 0.746041 0.498896
vt 0.741365 0.494220
vt 0.199795 0.998608
vt 0.210041 0.998608
vt 0.207519 0.999405
vt 0.871570 0.245705
vt 0.886005 0.233592
vt 0.882851 0.255166
vt 0.165395 0.621263
vt 0.152110 0.657516
vt 0.155291 0.624940
vt 0.886959 0.805758
vt 0.893965 0.797409
vt 0.892465 0.820237
vt 0.116712 0.764637
vt 0.647550 0.379708
vt 0.952324 0.739488
vt 0.035433 0.423155
vt 0.519895 0.963710
vt 0.999897 0.780281
vt 0.997705 0.781816
vt 0.997619 0.777722
vt 0.849456 0.006246
vt 0.846023 0.006246
vt 0.848829 0.002199
vt 0.999249 0.612057
vt 0.999548 0.608637
vt 0.999757 0.616400
vt 0.419614 0.988668
vt 0.419240 0.992952
vt 0.406019 0.988846
vt 0.770537 0.016579
vt 0.941619 0.299127
vt 0.495764 0.762653
vt 0.009850 0.018952
vt 0.003609 0.025193
vt 0.003563 0.010078
vt 0.198107 0.001164
vt 0.650358 0.387606
vt 0.187882 0.326919
vt 0.179630 0.500610
vt 0.160494 0.497236
vt 0.205713 0.479000
vt 0.648067 0.420186
vt 0.649716 0.399419
vt 0.653822 0.392734
vt 0.749696 0.023926
vt 0.950207 0.710795
vt 0.944419 0.729725
vt 0.933634 0.698687
vt 0.219809 0.357841
vt 0.511900 0.958886
vt 0.992122 0.225550
vt 0.998936 0.225550
vt 0.993147 0.229989
vt 0.163915 0.601987
vt 0.081502 0.769177
vt 0.083598 0.778918
vt 0.081743 0.790257
vt 0.090971 0.763457
vt 0.765503 0.955325
vt 0.643482 0.391461
vt 0.996807 0.823822
vt 0.996807 0.833903
vt 0.987793 0.828288
vt 0.026399 0.125660
vt 0.026399 0.105339
vt 0.029239 0.119286
vt 0.038883 0.007334
vt 0.030899 0.007096
vt 0.031352 0.005317
vt 0.424752 0.001187
vt 0.433147 0.000192
vt 0.427612 0.005123
vt 0.154166 0.499672
vt 0.191586 0.448168
vt 0.188559 0.476405
vt 0.712093 0.974154
vt 0.617758 0.962328
vt 0.641982 0.971171
vt 0.653958 0.968809
vt 0.696631 0.433122
vt 0.128565 0.975339
vt 0.353028 0.300298
vt 0.432089 0.091899
vt 0.449043 0.072035
vt 0.451862 0.081386
vt 0.090961 0.757744
vt 0.188616 0.478041
vt 0.085012 0.775352
vt 0.017171 0.395798
vt 0.004687 0.395798
vt 0.009169 0.392081
vt 0.494125 0.048381
vt 0.496258 0.051661
vt 0.435158 0.002795
vt 0.757219 0.552441
vt 0.192866 0.493029
vt 0.763565 0.032861
vt 0.862542 0.952595
vt 0.406764 0.992570
vt 0.998742 0.229189
vt 0.022486 0.479529
vt 0.024707 0.492126
vt 0.022785 0.499607
vt 0.878221 0.644785
vt 0.868468 0.657729
vt 0.863023 0.637362
vt 0.935832 0.259430
vt 0.935992 0.273488
vt 0.930195 0.262059
vt 0.744275 0.009831
vt 0.928965 0.787323
vt 0.937196 0.804266
vt 0.928965 0.805177
vt 0.873218 0.664994
vt 0.995712 0.606232
vt 0.986780 0.604495
vt 0.994094 0.594232
vt 0.949676 0.212030
vt 0.949640 0.228229
vt 0.945098 0.245182
vt 0.189970 0.507604
vt 0.756713 0.005982
vt 0.767872 0.021340
vt 0.749267 0.014613
vt 0.721035 0.972603
vt 0.172549 0.592857
vt 0.171121 0.611160
vt 0.221511 0.399335
vt 0.027248 0.536642
vt 0.474046 0.024059
vt 0.658344 0.430183
vt 0.565604 0.990262
vt 0.013752 0.389827
vt 0.008827 0.390785
vt 0.014877 0.382018
vt 0.097810 0.774717
vt 0.820783 0.796596
vt 0.823224 0.782752
vt 0.823860 0.804956
vt 0.944512 0.209861
vt 0.998518 0.773077
vt 0.995311 0.310138
vt 0.993690 0.319334
vt 0.993263 0.305107
vt 0.878656 0.662431
vt 0.990767 0.112077
vt 0.990767 0.099051
vt 0.996316 0.111978
vt 0.869319 0.492136
vt 0.869319 0.508335
vt 0.867138 0.475417
vt 0.382257 0.659406
vt 0.402493 0.686147
vt 0.401320 0.689072
vt 0.003007 0.390958
vt 0.787326 0.524325
vt 0.784345 0.532969
vt 0.779023 0.537666
vt 0.595580 0.730238
vt 0.607880 0.707106
vt 0.607726 0.765935
vt 0.790722 0.501331
vt 0.517492 0.021190
vt 0.497411 0.021190
vt 0.514329 0.017061
vt 0.544273 0.990093
vt 0.544300 0.996991
vt 0.543049 0.994664
vt 0.951616 0.724698
vt 0.012851 0.238905
vt 0.011560 0.229597
vt 0.015022 0.225751
vt 0.002885 0.018308
vt 0.000095 0.018308
vt 0.002507 0.009014
vt 0.494875 0.752928
vt 0.494346 0.744828
vt 0.954827 0.030654
vt 0.954827 0.019023
vt 0.966860 0.029622
vt 0.234992 0.114967
vt 0.122899 0.814170
vt 0.008132 0.296082
vt 0.010752 0.283754
vt 0.016210 0.298461
vt 0.039146 0.004091
vt 0.430856 0.006266
vt 0.311472 0.999974
vt 0.308066 0.994073
vt 0.311905 0.991084
vt 0.016496 0.241084
vt 0.561453 0.812029
vt 0.770399 0.037490
vt 0.990322 0.382980
vt 0.984133 0.384991
vt 0.983846 0.369605
vt 0.148309 0.823410
vt 0.950958 0.722547
vt 0.096266 0.786160
vt 0.099462 0.776566
vt 0.208717 0.022710
vt 0.220225 0.018522
vt 0.230429 0.022051
vt 0.221461 0.315550
vt 0.930489 0.247182
vt 0.420964 0.081668
vt 0.094697 0.768365
vt 0.004709 0.091950
vt 0.010056 0.080483
vt 0.010194 0.095871
vt 0.981024 0.732819
vt 0.981024 0.763952
vt 0.978737 0.741722
vt 0.865902 0.523093
vt 0.148305 0.738976
vt 0.140582 0.771407
vt 0.140036 0.745914
vt 0.672879 0.374075
vt 0.654164 0.371485
vt 0.229481 0.355162
vt 0.290689 0.051699
vt 0.290331 0.042798
vt 0.297349 0.037883
vt 0.059671 0.008273
vt 0.059671 0.000669
vt 0.067502 0.004963
vt 0.050148 0.937711
vt 0.039894 0.933358
vt 0.053002 0.927541
vt 0.108406 0.969127
vt 0.105855 0.975136
vt 0.100905 0.959446
vt 0.861978 0.093032
vt 0.852237 0.098657
vt 0.862257 0.085089
vt 0.120410 0.106602
vt 0.115967 0.111045
vt 0.116388 0.100556
vt 0.991225 0.037889
vt 0.994831 0.038412
vt 0.991582 0.050536
vt 0.078413 0.606984
vt 0.749620 0.973527
vt 0.795070 0.661472
vt 0.800247 0.655091
vt 0.818343 0.685501
vt 0.381119 0.075983
vt 0.397628 0.074539
vt 0.411230 0.075049
vt 0.021227 0.241711
vt 0.789605 0.538275
vt 0.790751 0.517337
vt 0.420319 0.708488
vt 0.296802 0.062961
vt 0.135628 0.218105
vt 0.936670 0.239899
vt 0.083179 0.789222
vt 0.187609 0.801599
vt 0.193492 0.818636
vt 0.183273 0.815014
vt 0.748159 0.004810
vt 0.744633 0.001593
vt 0.748626 0.003370
vt 0.879094 0.269475
vt 0.854699 0.101697
vt 0.866858 0.098876
vt 0.109899 0.975477
vt 0.131175 0.969097
vt 0.867872 0.100233
vt 0.876998 0.072147
vt 0.877781 0.095593
vt 0.440475 0.987630
vt 0.430243 0.988525
vt 0.423907 0.987133
vt 0.763511 0.279963
vt 0.759169 0.258300
vt 0.772176 0.256006
vt 0.742766 0.541654
vt 0.750622 0.580087
vt 0.740704 0.570310
vt 0.994865 0.048877
vt 0.187115 0.836586
vt 0.193129 0.833217
vt 0.656076 0.259411
vt 0.562791 0.704359
vt 0.555989 0.738595
vt 0.004308 0.740099
vt 0.001111 0.737690
vt 0.007831 0.735808
vt 0.783265 0.276898
vt 0.007732 0.367908
vt 0.002204 0.367908
vt 0.004701 0.365823
vt 0.635473 0.483995
vt 0.632738 0.495914
vt 0.611251 0.487266
vt 0.248466 0.022149
vt 0.268910 0.018526
vt 0.270163 0.023203
vt 0.007357 0.494394
vt 0.008790 0.500142
vt 0.000648 0.494573
vt 0.407528 0.719692
vt 0.822122 0.683255
vt 0.855845 0.950168
vt 0.095947 0.853988
vt 0.098994 0.836711
vt 0.100774 0.856450
vt 0.024238 0.247011
vt 0.040201 0.251289
vt 0.020405 0.252244
vt 0.054527 0.310275
vt 0.054202 0.299483
vt 0.058565 0.300252
vt 0.057504 0.283366
vt 0.795733 0.500383
vt 0.004689 0.616411
vt 0.002717 0.613594
vt 0.013180 0.613743
vt 0.758303 0.280010
vt 0.059203 0.185817
vt 0.061512 0.198913
vt 0.059704 0.214084
vt 0.043778 0.950254
vt 0.849233 0.233286
vt 0.829266 0.216751
vt 0.854529 0.220479
vt 0.759027 0.041648
vt 0.876022 0.946451
vt 0.493536 0.736145
vt 0.716370 0.969001
vt 0.720296 0.972927
vt 0.700147 0.968951
vt 0.072797 0.792342
vt 0.835576 0.085182
vt 0.093511 0.798332
vt 0.118591 0.798770
vt 0.092435 0.806358
vt 0.175725 0.796410
vt 0.181737 0.797541
vt 0.002835 0.117748
vt 0.002835 0.130141
vt 0.000146 0.124243
vt 0.995833 0.611431
vt 0.999771 0.932122
vt 0.999771 0.941698
vt 0.997745 0.940712
vt 0.255616 0.019557
vt 0.117500 0.785367
vt 0.173545 0.850989
vt 0.193215 0.844663
vt 0.741635 0.855288
vt 0.998293 0.034052
vt 0.990778 0.034052
vt 0.990823 0.029535
vt 0.164385 0.644700
vt 0.171509 0.626383
vt 0.175262 0.656610
vt 0.975690 0.994915
vt 0.971870 0.986180
vt 0.975690 0.986413
vt 0.096300 0.876592
vt 0.100315 0.877370
vt 0.109332 0.033790
vt 0.131189 0.029936
vt 0.132099 0.034147
vt 0.120883 0.118520
vt 0.753324 0.934704
vt 0.736549 0.885161
vt 0.196517 0.492578
vt 0.196212 0.508049
vt 0.058845 0.787452
vt 0.652402 0.085494
vt 0.682919 0.095410
vt 0.652554 0.102285
vt 0.211116 0.507262
vt 0.544839 0.989457
vt 0.531167 0.989457
vt 0.531519 0.982724
vt 0.997657 0.975501
vt 0.997657 0.972338
vt 0.999859 0.973280
vt 0.007037 0.666092
vt 0.002146 0.663268
vt 0.012260 0.663303
vt 0.018652 0.872280
vt 0.009167 0.872280
vt 0.013486 0.855490
vt 0.677618 0.970810
vt 0.047239 0.306724
vt 0.049539 0.319767
vt 0.044864 0.304637
vt 0.100028 0.893543
vt 0.096092 0.892813
vt 0.841143 0.029273
vt 0.831294 0.027889
vt 0.842521 0.026044
vt 0.056955 0.306467
vt 0.279282 0.069094
vt 0.280606 0.072930
vt 0.275778 0.072930
vt 0.280492 0.097324
vt 0.984171 0.699336
vt 0.993464 0.695002
vt 0.996951 0.699930
vt 0.441469 0.843735
vt 0.457403 0.864192
vt 0.409960 0.844327
vt 0.798393 0.490737
vt 0.084522 0.506929
vt 0.089370 0.508028
vt 0.086049 0.526860
vt 0.341784 0.976001
vt 0.342738 0.973379
vt 0.346329 0.977441
vt 0.082563 0.808409
vt 0.141927 0.738126
vt 0.893321 0.840445
vt 0.032415 0.057037
vt 0.031410 0.034866
vt 0.036151 0.035849
vt 0.994965 0.673359
vt 0.990875 0.669269
vt 0.996870 0.669872
vt 0.209075 0.018587
vt 0.190693 0.033913
vt 0.187348 0.018587
vt 0.115453 0.986825
vt 0.115949 0.996285
vt 0.112001 0.992142
vt 0.115174 0.809576
vt 0.661584 0.879176
vt 0.667080 0.888170
vt 0.660064 0.885716
vt 0.441002 0.050823
vt 0.452008 0.059454
vt 0.443317 0.060851
vt 0.770081 0.957302
vt 0.558113 0.546058
vt 0.562968 0.538411
vt 0.566701 0.546219
vt 0.801862 0.831452
vt 0.811219 0.837290
vt 0.801309 0.841998
vt 0.105489 0.790809
vt 0.690939 0.361732
vt 0.740732 0.507953
vt 0.733328 0.510153
vt 0.803017 0.470667
vt 0.354020 0.296439
vt 0.084348 0.595704
vt 0.802518 0.479066
vt 0.358016 0.973509
vt 0.073097 0.871175
vt 0.020494 0.009866
vt 0.020494 0.007521
vt 0.038622 0.008320
vt 0.889190 0.840074
vt 0.124959 0.990057
vt 0.571529 0.983610
vt 0.573166 0.992118
vt 0.567420 0.994797
vt 0.539523 0.099751
vt 0.552569 0.120073
vt 0.542652 0.112301
vt 0.688843 0.889044
vt 0.008274 0.769901
vt 0.001631 0.766523
vt 0.003692 0.760861
vt 0.499393 0.966390
vt 0.482869 0.982089
vt 0.491444 0.964260
vt 0.134068 0.972172
vt 0.720462 0.546273
vt 0.732283 0.567247
vt 0.706943 0.566242
vt 0.854490 0.234118
vt 0.838240 0.819914
vt 0.833612 0.847608
vt 0.821920 0.834929
vt 0.816453 0.849077
vt 0.812066 0.838351
vt 0.844177 0.946761
vt 0.636124 0.499106
vt 0.629392 0.503736
vt 0.422704 0.678807
vt 0.423392 0.675443
vt 0.436188 0.688317
vt 0.974860 0.759979
vt 0.974860 0.728843
vt 0.977947 0.752583
vt 0.582089 0.997138
vt 0.572903 0.999841
vt 0.574599 0.990224
vt 0.480674 0.972327
vt 0.475394 0.981473
vt 0.450275 0.973369
vt 0.986736 0.673503
vt 0.770225 0.128910
vt 0.761378 0.128918
vt 0.766155 0.124060
vt 0.003676 0.213998
vt 0.005479 0.206767
vt 0.014208 0.206825
vt 0.472044 0.664690
vt 0.467936 0.657008
vt 0.870810 0.995654
vt 0.879738 0.996435
vt 0.866412 0.996894
vt 0.008305 0.759657
vt 0.975969 0.981240
vt 0.598308 0.048374
vt 0.600471 0.056445
vt 0.574889 0.049476
vt 0.488430 0.347486
vt 0.507747 0.336101
vt 0.505069 0.355244
vt 0.593218 0.763964
vt 0.743177 0.006355
vt 0.473951 0.029592
vt 0.897024 0.992034
vt 0.895897 0.990082
vt 0.910859 0.990151
vt 0.621925 0.497961
vt 0.025217 0.155467
vt 0.026680 0.163764
vt 0.021065 0.156059
vt 0.498623 0.974636
vt 0.928080 0.864713
vt 0.928767 0.848552
vt 0.931209 0.863874
vt 0.191723 0.786039
vt 0.189468 0.791216
vt 0.137564 0.027122
vt 0.142377 0.047969
vt 0.134325 0.027043
vt 0.053902 0.318667
vt 0.053115 0.295235
vt 0.194615 0.815440
vt 0.078523 0.236591
vt 0.079833 0.220117
vt 0.089513 0.222711
vt 0.880500 0.269314
vt 0.970083 0.007605
vt 0.985512 0.010326
vt 0.967295 0.010775
vt 0.423302 0.668451
vt 0.449817 0.052265
vt 0.216457 0.422231
vt 0.209059 0.405923
vt 0.226922 0.490303
vt 0.811093 0.999963
vt 0.808857 0.993082
vt 0.818565 0.993256
vt 0.214909 0.503588
vt 0.654295 0.863751
vt 0.770352 0.124343
vt 0.682428 0.894115
vt 0.082777 0.802069
vt 0.849793 0.027956
vt 0.633965 0.025085
vt 0.631909 0.036744
vt 0.632367 0.021084
vt 0.177581 0.984241
vt 0.194501 0.984241
vt 0.194252 0.989430
vt 0.160172 0.037600
vt 0.160098 0.034929
vt 0.167840 0.034929
vt 0.130424 0.237835
vt 0.930663 0.236199
vt 0.810687 0.814065
vt 0.931334 0.827786
vt 0.148183 0.993365
vt 0.148770 0.989096
vt 0.154091 0.989375
vt 0.372076 0.975830
vt 0.467473 0.728008
vt 0.991084 0.145214
vt 0.997987 0.145214
vt 0.994044 0.147881
vt 0.665396 0.906554
vt 0.951164 0.736907
vt 0.998323 0.175702
vt 0.991244 0.175702
vt 0.991757 0.172037
vt 0.089008 0.159263
vt 0.090993 0.143483
vt 0.099916 0.148355
vt 0.615180 0.996873
vt 0.622189 0.991781
vt 0.622276 0.998284
vt 0.851269 0.035556
vt 0.071673 0.787474
vt 0.078627 0.818664
vt 0.855892 0.240100
vt 0.684925 0.005654
vt 0.684925 0.014217
vt 0.682189 0.006249
vt 0.771031 0.022846
vt 0.026408 0.570231
vt 0.042746 0.567350
vt 0.044630 0.570256
vt 0.995002 0.001847
vt 0.992082 0.001847
vt 0.993539 0.000140
vt 0.202573 0.385263
vt 0.873140 0.631223
vt 0.204142 0.035561
vt 0.808161 0.513539
vt 0.807471 0.510401
vt 0.820763 0.962595
vt 0.816744 0.958977
vt 0.828282 0.953913
vt 0.811284 0.966018
vt 0.804540 0.963259
vt 0.431707 0.996256
vt 0.438635 0.991223
vt 0.436213 0.998345
vt 0.949768 0.312452
vt 0.979800 0.286929
vt 0.979482 0.283653
vt 0.982577 0.284482
vt 0.276086 0.083428
vt 0.036117 0.056633
vt 0.020979 0.498234
vt 0.018237 0.504393
vt 0.010951 0.493938
vt 0.560001 0.527300
vt 0.567325 0.532162
vt 0.636962 0.226718
vt 0.124035 0.994664
vt 0.183317 0.796717
vt 0.937900 0.767600
vt 0.856145 0.785539
vt 0.554484 0.704295
vt 0.053436 0.589334
vt 0.061466 0.614047
vt 0.052791 0.614342
vt 0.767622 0.115806
vt 0.140554 0.823110
vt 0.602470 0.836899
vt 0.618659 0.839106
vt 0.630553 0.864820
vt 0.459193 0.807859
vt 0.671829 0.134995
vt 0.706214 0.123823
vt 0.703700 0.133465
vt 0.452771 0.642062
vt 0.746854 0.114997
vt 0.021836 0.506079
vt 0.410422 0.328894
vt 0.401755 0.329300
vt 0.399775 0.325053
vt 0.111804 0.804118
vt 0.567840 0.982351
vt 0.983693 0.560848
vt 0.992724 0.557561
vt 0.996436 0.561167
vt 0.007363 0.928326
vt 0.004998 0.941737
vt 0.004063 0.926618
vt 0.059776 0.143460
vt 0.059776 0.114861
vt 0.061436 0.115353
vt 0.408603 0.324469
vt 0.997549 0.626801
vt 0.999789 0.621999
vt 0.999967 0.629864
vt 0.154047 0.996497
vt 0.998398 0.881196
vt 0.997787 0.888175
vt 0.997628 0.878839
vt 0.774919 0.019959
vt 0.020998 0.146113
vt 0.026692 0.144731
vt 0.618633 0.293392
vt 0.674205 0.257748
vt 0.524554 0.337379
vt 0.518665 0.362102
vt 0.574694 0.532008
vt 0.419769 0.853364
vt 0.578597 0.993152
vt 0.637570 0.034226
vt 0.976122 0.019091
vt 0.514956 0.981848
vt 0.211021 0.368793
vt 0.200565 0.376546
vt 0.571199 0.858711
vt 0.563131 0.851550
vt 0.983021 0.609828
vt 0.976740 0.584313
vt 0.981020 0.586951
vt 0.090052 0.794413
vt 0.117428 0.822814
vt 0.982218 0.276369
vt 0.663211 0.257432
vt 0.007900 0.919574
vt 0.006619 0.926843
vt 0.006009 0.911707
vt 0.315325 0.987056
vt 0.308415 0.986213
vt 0.313921 0.982157
vt 0.305638 0.993998
vt 0.663929 0.167293
vt 0.560297 0.838596
vt 0.555602 0.841788
vt 0.536056 0.850585
vt 0.416000 0.837566
vt 0.425086 0.994615
vt 0.421909 0.997281
vt 0.422103 0.988313
vt 0.013906 0.489947
vt 0.575621 0.056025
vt 0.950618 0.691536
vt 0.214552 0.482772
vt 0.960509 0.978866
vt 0.958553 0.988931
vt 0.952556 0.990334
vt 0.836683 0.768574
vt 0.014529 0.312443
vt 0.016701 0.308521
vt 0.029095 0.311842
vt 0.160808 0.991363
vt 0.143635 0.036980
vt 0.577460 0.840967
vt 0.884115 0.278082
vt 0.298147 0.030996
vt 0.303943 0.036838
vt 0.303943 0.044729
vt 0.138828 0.710919
vt 0.145616 0.708971
vt 0.001365 0.196708
vt 0.000472 0.206914
vt 0.000125 0.194974
vt 0.996493 0.156743
vt 0.991584 0.156743
vt 0.995862 0.154732
vt 0.637837 0.042502
vt 0.815541 0.686445
vt 0.814494 0.687857
vt 0.538438 0.996865
vt 0.538164 0.995155
vt 0.075155 0.928315
vt 0.076883 0.908559
vt 0.077851 0.932740
vt 0.103698 0.773296
vt 0.099606 0.776307
vt 0.270224 0.114389
vt 0.190138 0.000650
vt 0.190138 0.007298
vt 0.187070 0.001239
vt 0.982593 0.578448
vt 0.338950 0.293120
vt 0.430549 0.055314
vt 0.210298 0.753316
vt 0.225895 0.783312
vt 0.210298 0.779710
vt 0.016928 0.112397
vt 0.020152 0.115621
vt 0.007171 0.114919
vt 0.655476 0.876179
vt 0.647968 0.859070
vt 0.760704 0.981633
vt 0.766867 0.987183
vt 0.765102 0.994522
vt 0.977920 0.291591
vt 0.543323 0.091551
vt 0.020047 0.226000
vt 0.019890 0.217199
vt 0.021949 0.216648
vt 0.227620 0.049782
vt 0.234683 0.028044
vt 0.234874 0.050943
vt 0.819605 0.816027
vt 0.161635 0.998706
vt 0.172195 0.998706
vt 0.164746 0.999803
vt 0.000695 0.786708
vt 0.004546 0.783911
vt 0.005763 0.788370
vt 0.837710 0.816700
vt 0.446336 0.008394
vt 0.443341 0.004271
vt 0.446376 0.002535
vt 0.124292 0.228640
vt 0.596189 0.289521
vt 0.135477 0.972385
vt 0.147104 0.966756
vt 0.149479 0.972089
vt 0.067681 0.638351
vt 0.067681 0.609041
vt 0.069428 0.611023
vt 0.746151 0.123918
vt 0.589917 0.823976
vt 0.833490 0.957187
vt 0.939598 0.002566
vt 0.942668 0.004797
vt 0.939886 0.006376
vt 0.992873 0.877634
vt 0.992740 0.885279
vt 0.988178 0.877462
vt 0.931636 0.458549
vt 0.938210 0.458775
vt 0.934195 0.460340
vt 0.619547 0.081535
vt 0.627786 0.066810
vt 0.624280 0.079329
vt 0.299559 0.045662
vt 0.996784 0.968427
vt 0.996784 0.980902
vt 0.993281 0.978865
vt 0.197673 0.361976
vt 0.540933 0.027179
vt 0.519638 0.027179
vt 0.540968 0.020511
vt 0.014910 0.215570
vt 0.014910 0.208673
vt 0.023475 0.215332
vt 0.393421 0.331557
vt 0.637684 0.025279
vt 0.806938 0.969436
vt 0.418497 0.334199
vt 0.810899 0.041710
vt 0.807819 0.049991
vt 0.795375 0.049120
vt 0.248272 0.074906
vt 0.239750 0.101133
vt 0.237073 0.070750
vt 0.790605 0.848817
vt 0.406631 0.000002
vt 0.406631 0.006456
vt 0.401840 0.001526
vt 0.592882 0.635737
vt 0.593204 0.599328
vt 0.601537 0.607427
vt 0.730041 0.002590
vt 0.731687 0.004856
vt 0.727826 0.006351
vt 0.828149 0.966545
vt 0.819807 0.971546
vt 0.735360 0.128603
vt 0.081356 0.808198
vt 0.808458 0.973061
vt 0.857769 0.253195
vt 0.994376 0.964148
vt 0.990224 0.965497
vt 0.992010 0.957007
vt 0.129558 0.219102
vt 0.581432 0.990449
vt 0.990780 0.116687
vt 0.990780 0.112821
vt 0.998291 0.114777
vt 0.567115 0.800132
vt 0.801475 0.972761
vt 0.884164 0.447255
vt 0.871705 0.454011
vt 0.874254 0.447255
vt 0.406584 0.728449
vt 0.480376 0.767298
vt 0.813466 0.044544
vt 0.618142 0.823845
vt 0.611972 0.811171
vt 0.101615 0.787828
vt 0.038717 0.358780
vt 0.038717 0.379501
vt 0.037785 0.355720
vt 0.944295 0.309814
vt 0.767288 0.559315
vt 0.006532 0.266831
vt 0.012507 0.264364
vt 0.014284 0.268174
vt 0.804355 0.256976
vt 0.085722 0.821001
vt 0.978991 0.752692
vt 0.978991 0.783821
vt 0.975306 0.772355
vt 0.070290 0.308850
vt 0.079238 0.281313
vt 0.078037 0.308374
vt 0.989122 0.042822
vt 0.990302 0.038418
vt 0.990510 0.059942
vt 0.002958 0.019107
vt 0.000023 0.028140
vt 0.000046 0.019053
vt 0.675431 0.061999
vt 0.659828 0.061368
vt 0.671155 0.057723
vt 0.433906 0.719713
vt 0.298143 0.053952
vt 0.150302 0.102724
vt 0.017105 0.997480
vt 0.017851 0.993634
vt 0.023496 0.996510
vt 0.011640 0.310533
vt 0.922590 0.005349
vt 0.923060 0.003593
vt 0.937321 0.005083
vt 0.657579 0.887456
vt 0.023595 0.226571
vt 0.989163 0.721295
vt 0.986751 0.717851
vt 0.996855 0.718229
vt 0.982531 0.259824
vt 0.976192 0.273059
vt 0.144707 0.960353
vt 0.205988 0.854299
vt 0.056365 0.361361
vt 0.056401 0.385687
vt 0.046659 0.378171
vt 0.044459 0.319682
vt 0.647252 0.646092
vt 0.614606 0.608062
vt 0.641430 0.624297
vt 0.598105 0.806112
vt 0.795743 0.965334
vt 0.512685 0.049808
vt 0.515988 0.066577
vt 0.511334 0.071230
vt 0.960907 0.002984
vt 0.975506 0.002984
vt 0.960988 0.006951
vt 0.002725 0.537929
vt 0.002958 0.534595
vt 0.008204 0.534102
vt 0.627845 0.096131
vt 0.004020 0.731446
vt 0.014857 0.731446
vt 0.006790 0.734525
vt 0.008033 0.350277
vt 0.000111 0.351542
vt 0.001413 0.347867
vt 0.036912 0.546419
vt 0.045552 0.566178
vt 0.036912 0.566226
vt 0.732493 0.539779
vt 0.090195 0.471649
vt 0.087695 0.390430
vt 0.083118 0.396966
vt 0.079732 0.367853
vt 0.531756 0.085162
vt 0.499828 0.101413
vt 0.500489 0.085162
vt 0.257204 0.128770
vt 0.280552 0.129740
vt 0.268224 0.139412
vt 0.531966 0.104604
vt 0.266691 0.991035
vt 0.263304 0.996901
vt 0.262867 0.989694
vt 0.952315 0.040972
vt 0.977143 0.042097
vt 0.960630 0.047950
vt 0.830920 0.968823
vt 0.000025 0.358044
vt 0.465060 0.097400
vt 0.472587 0.093125
vt 0.480221 0.097712
vt 0.266685 0.998881
vt 0.504328 0.969757
vt 0.890666 0.194245
vt 0.872485 0.200551
vt 0.872037 0.186610
vt 0.983778 0.883167
vt 0.610339 0.996314
vt 0.607744 0.998492
vt 0.607923 0.990083
vt 0.433532 0.064428
vt 0.423799 0.057447
vt 0.742180 0.868673
vt 0.058977 0.001614
vt 0.058977 0.008818
vt 0.050809 0.002758
vt 0.024819 0.218446
vt 0.867948 0.467215
vt 0.000203 0.055345
vt 0.001959 0.045388
vt 0.002777 0.056450
vt 0.179633 0.020903
vt 0.187613 0.023807
vt 0.166088 0.023691
vt 0.149305 0.539344
vt 0.140973 0.543229
vt 0.137188 0.515726
vt 0.392175 0.730360
vt 0.110755 0.820651
vt 0.984844 0.471274
vt 0.985386 0.455204
vt 0.990170 0.464926
vt 0.184925 0.004111
vt 0.658917 0.009244
vt 0.658917 0.002182
vt 0.661500 0.002732
vt 0.064346 0.918378
vt 0.057350 0.940183
vt 0.055872 0.927465
vt 0.005342 0.867722
vt 0.004097 0.874784
vt 0.004292 0.859443
vt 0.998116 0.726568
vt 0.999687 0.723847
vt 0.999897 0.732189
vt 0.932328 0.448990
vt 0.307198 0.982787
vt 0.908543 0.891433
vt 0.904373 0.896465
vt 0.901344 0.897877
vt 0.375267 0.333794
vt 0.002359 0.251424
vt 0.002359 0.262734
vt 0.001118 0.255242
vt 0.010918 0.579914
vt 0.005475 0.580104
vt 0.010834 0.566443
vt 0.061971 0.913269
vt 0.005371 0.444299
vt 0.002642 0.442724
vt 0.012301 0.444567
vt 0.002105 0.445006
vt 0.399629 0.004470
vt 0.700175 0.248266
vt 0.712008 0.257475
vt 0.719570 0.271698
vt 0.008420 0.356563
vt 0.821642 0.803427
vt 0.865361 0.988678
vt 0.855440 0.997442
vt 0.855982 0.986165
vt 0.991266 0.058895
vt 0.991266 0.051388
vt 0.997308 0.052928
vt 0.022281 0.264727
vt 0.425866 0.063562
vt 0.696428 0.003455
vt 0.685593 0.002507
vt 0.703876 0.003042
vt 0.078708 0.473740
vt 0.875639 0.440221
vt 0.964623 0.584973
vt 0.935029 0.595351
vt 0.952638 0.579238
vt 0.799350 0.833944
vt 0.804567 0.808077
vt 0.810941 0.808708
vt 0.002371 0.184490
vt 0.002371 0.196533
vt 0.000113 0.188037
vt 0.995200 0.092526
vt 0.994262 0.100717
vt 0.991722 0.098314
vt 0.610329 0.277439
vt 0.996149 0.455977
vt 0.996871 0.447730
vt 0.996896 0.461361
vt 0.869170 0.619655
vt 0.992446 0.650513
vt 0.996779 0.653014
vt 0.986827 0.652941
vt 0.100329 0.138923
vt 0.102672 0.151112
vt 0.417278 0.006518
vt 0.408036 0.004264
vt 0.414662 0.003992
vt 0.221368 0.505829
vt 0.484308 0.009293
vt 0.465022 0.009293
vt 0.468800 0.005114
vt 0.232395 0.003527
vt 0.226360 0.005724
vt 0.215196 0.003218
vt 0.259501 0.146067
vt 0.248012 0.148428
vt 0.414811 0.007847
vt 0.570906 0.806840
vt 0.077580 0.902829
vt 0.858179 0.768851
vt 0.865323 0.774996
vt 0.051406 0.488443
vt 0.055759 0.495210
vt 0.054028 0.505026
vt 0.106773 0.242790
vt 0.078602 0.272680
vt 0.444302 0.124234
vt 0.468501 0.120231
vt 0.450651 0.129018
vt 0.014120 0.622755
vt 0.013941 0.612474
vt 0.028782 0.611721
vt 0.830798 0.871818
vt 0.407362 0.006628
vt 0.469931 0.128586
vt 0.997553 0.935688
vt 0.997553 0.926210
vt 0.999963 0.926690
vt 0.990317 0.460371
vt 0.852471 0.992957
vt 0.576079 0.701823
vt 0.077811 0.961560
vt 0.076184 0.960750
vt 0.077920 0.940912
vt 0.194274 0.369233
vt 0.801650 0.816639
vt 0.571257 0.093816
vt 0.004536 0.109977
vt 0.004536 0.096377
vt 0.016328 0.111770
vt 0.412848 0.001095
vt 0.907603 0.065951
vt 0.879747 0.085379
vt 0.878953 0.065951
vt 0.189826 0.087833
vt 0.195360 0.060190
vt 0.195668 0.088345
vt 0.106324 0.053555
vt 0.086607 0.050079
vt 0.112598 0.049276
vt 0.098783 0.265574
vt 0.046708 0.372736
vt 0.940026 0.455266
vt 0.945220 0.484724
vt 0.940394 0.490089
vt 0.479678 0.987738
vt 0.484276 0.989411
vt 0.468034 0.989140
vt 0.992224 0.028700
vt 0.996700 0.025448
vt 0.998337 0.028376
vt 0.071288 0.948478
vt 0.072398 0.969914
vt 0.068188 0.966058
vt 0.033277 0.213907
vt 0.018257 0.924534
vt 0.017078 0.920132
vt 0.024692 0.930310
vt 0.011566 0.096413
vt 0.024623 0.991095
vt 0.869217 0.437549
vt 0.863582 0.810302
vt 0.851259 0.817119
vt 0.566930 0.174681
vt 0.586232 0.170225
vt 0.562536 0.184691
vt 0.194897 0.402892
vt 0.658186 0.920835
vt 0.655403 0.907376
vt 0.993263 0.517697
vt 0.996305 0.516882
vt 0.995606 0.530312
vt 0.798862 0.119075
vt 0.798862 0.088575
vt 0.803721 0.090362
vt 0.999833 0.095757
vt 0.995512 0.191220
vt 0.991234 0.185332
vt 0.996844 0.186645
vt 0.440190 0.334746
vt 0.056973 0.502976
vt 0.020532 0.236408
vt 0.910416 0.600873
vt 0.899063 0.605513
vt 0.901960 0.600134
vt 0.865860 0.997187
vt 0.003723 0.754958
vt 0.005970 0.751749
vt 0.014658 0.754914
vt 0.062516 0.635265
vt 0.067822 0.653022
vt 0.056148 0.647763
vt 0.034722 0.353575
vt 0.028707 0.331969
vt 0.034722 0.332078
vt 0.004157 0.044541
vt 0.008890 0.029974
vt 0.010249 0.043212
vt 0.805191 0.656083
vt 0.025148 0.911717
vt 0.924849 0.009216
vt 0.906249 0.009216
vt 0.911685 0.006680
vt 0.631044 0.095454
vt 0.631834 0.084160
vt 0.648664 0.109084
vt 0.907885 0.903477
vt 0.054019 0.851788
vt 0.056941 0.825097
vt 0.072841 0.845672
vt 0.917954 0.990144
vt 0.922977 0.991972
vt 0.908121 0.991648
vt 0.318541 0.097618
vt 0.318541 0.085690
vt 0.346758 0.097176
vt 0.514035 0.074882
vt 0.995959 0.532658
vt 0.994020 0.537963
vt 0.990628 0.538380
vt 0.656153 0.061289
vt 0.061742 0.714227
vt 0.056472 0.714233
vt 0.058614 0.706242
vt 0.228478 0.504505
vt 0.210270 0.822068
vt 0.091906 0.836481
vt 0.062304 0.706030
vt 0.648258 0.058449
vt 0.001987 0.593919
vt 0.000999 0.590880
vt 0.006452 0.591298
vt 0.107470 0.019617
vt 0.108135 0.038655
vt 0.101006 0.039995
vt 0.563009 0.825929
vt 0.607946 0.502799
vt 0.250679 0.166892
vt 0.217239 0.142596
vt 0.255190 0.151658
vt 0.478638 0.723411
vt 0.453067 0.717267
vt 0.509946 0.691261
vt 0.978778 0.860891
vt 0.973423 0.862326
vt 0.975108 0.848363
vt 0.326375 0.996003
vt 0.312969 0.996003
vt 0.323334 0.984127
vt 0.536568 0.700041
vt 0.538516 0.734974
vt 0.105888 0.138578
vt 0.110889 0.147964
vt 0.981668 0.759895
vt 0.981668 0.756746
vt 0.994984 0.758789
vt 0.703955 0.241700
vt 0.190123 0.079270
vt 0.205981 0.843497
vt 0.983108 0.842898
vt 0.479227 0.642153
vt 0.053887 0.630137
vt 0.891315 0.189661
vt 0.815157 0.035454
vt 0.795532 0.654636
vt 0.763571 0.673572
vt 0.028368 0.350511
vt 0.043450 0.363435
vt 0.574872 0.689125
vt 0.572485 0.694713
vt 0.561796 0.695100
vt 0.631302 0.027711
vt 0.618367 0.046045
vt 0.617714 0.026980
vt 0.515144 0.968445
vt 0.534343 0.335861
vt 0.982510 0.852693
vt 0.014203 0.053385
vt 0.014203 0.072298
vt 0.011629 0.054746
vt 0.037242 0.938102
vt 0.037242 0.960557
vt 0.033796 0.945633
vt 0.417899 0.677933
vt 0.414103 0.661846
vt 0.075583 0.931634
vt 0.442418 0.332794
vt 0.742145 0.112417
vt 0.740075 0.122309
vt 0.732129 0.128517
vt 0.978205 0.845127
vt 0.816298 0.790889
vt 0.793435 0.971743
vt 0.995832 0.249998
vt 0.996772 0.259503
vt 0.992299 0.255043
vt 0.148206 0.111535
vt 0.551974 0.008062
vt 0.564504 0.010497
vt 0.566257 0.018267
vt 0.052690 0.688456
vt 0.057315 0.695427
vt 0.718611 0.242169
vt 0.129210 0.981525
vt 0.027042 0.018093
vt 0.046977 0.018093
vt 0.031515 0.023139
vt 0.662044 0.932943
vt 0.782748 0.150357
vt 0.777494 0.133654
vt 0.786650 0.138277
vt 0.998237 0.829526
vt 0.999776 0.825298
vt 0.999626 0.834413
vt 0.690363 0.126798
vt 0.679948 0.131155
vt 0.684476 0.124419
vt 0.836059 0.131992
vt 0.829951 0.133976
vt 0.832604 0.114606
vt 0.895779 0.478311
vt 0.900474 0.468241
vt 0.897624 0.487948
vt 0.579004 0.523415
vt 0.297722 0.134678
vt 0.301025 0.136072
vt 0.298046 0.144256
vt 0.614478 0.787147
vt 0.148698 0.835462
vt 0.017377 0.682827
vt 0.015218 0.691465
vt 0.008952 0.693745
vt 0.623183 0.041392
vt 0.631749 0.038274
vt 0.624396 0.045511
vt 0.742950 0.981260
vt 0.742919 0.990639
vt 0.737925 0.983603
vt 0.053314 0.479077
vt 0.057817 0.695379
vt 0.053339 0.823324
vt 0.812665 0.267205
vt 0.035318 0.361124
vt 0.035318 0.337336
vt 0.038701 0.350647
vt 0.012977 0.480409
vt 0.019590 0.479479
vt 0.010566 0.492224
vt 0.547280 0.703822
vt 0.096495 0.139176
vt 0.045085 0.543063
vt 0.080346 0.961703
vt 0.087781 0.945801
vt 0.091816 0.948131
vt 0.801763 0.064625
vt 0.801462 0.075911
vt 0.795001 0.083611
vt 0.901257 0.922331
vt 0.081147 0.837038
vt 0.603958 0.483587
vt 0.592680 0.502665
vt 0.708923 0.122028
vt 0.676938 0.126630
vt 0.064051 0.688152
vt 0.063991 0.695866
vt 0.869709 0.974744
vt 0.861130 0.980911
vt 0.851986 0.974020
vt 0.576991 0.517914
vt 0.992114 0.533001
vt 0.025352 0.097900
vt 0.029016 0.091554
vt 0.029293 0.111625
vt 0.908429 0.086342
vt 0.895004 0.856525
vt 0.900172 0.837241
vt 0.899611 0.859202
vt 0.071139 0.976510
vt 0.850089 0.997375
vt 0.840712 0.997375
vt 0.853774 0.996664
vt 0.085938 0.410670
vt 0.898626 0.496900
vt 0.909840 0.496010
vt 0.614762 0.031584
vt 0.089889 0.138210
vt 0.308814 0.554003
vt 0.319332 0.566510
vt 0.321525 0.576258
vt 0.061331 0.496790
vt 0.045162 0.386280
vt 0.001569 0.791295
vt 0.005780 0.789594
vt 0.007870 0.793615
vt 0.805073 0.801015
vt 0.118470 0.141710
vt 0.988680 0.891043
vt 0.816958 0.277182
vt 0.989872 0.098917
vt 0.989872 0.120159
vt 0.987774 0.104536
vt 0.365330 0.097981
vt 0.399697 0.097981
vt 0.376936 0.108179
vt 0.876334 0.978101
vt 0.117665 0.155584
vt 0.044694 0.039856
vt 0.044694 0.062976
vt 0.037273 0.062517
vt 0.868301 0.178407
vt 0.891661 0.179448
vt 0.031534 0.843228
vt 0.032549 0.854832
vt 0.031773 0.865664
vt 0.058473 0.688311
vt 0.006105 0.479401
vt 0.469445 0.163222
vt 0.456419 0.158481
vt 0.474761 0.156220
vt 0.056549 0.688370
vt 0.822162 0.109551
vt 0.972183 0.841790
vt 0.112623 0.138428
vt 0.975198 0.721874
vt 0.983228 0.707965
vt 0.984066 0.732893
vt 0.000104 0.031627
vt 0.002876 0.024011
vt 0.002844 0.033614
vt 0.671724 0.133092
vt 0.783483 0.504394
vt 0.784971 0.469590
vt 0.803547 0.467134
vt 0.565392 0.169562
vt 0.588757 0.278444
vt 0.346608 0.088721
vt 0.084053 0.137176
vt 0.636174 0.043157
vt 0.781542 0.130958
vt 0.791291 0.129643
vt 0.702002 0.028438
vt 0.712694 0.028438
vt 0.699844 0.034155
vt 0.928817 0.297802
vt 0.924139 0.315263
vt 0.924151 0.278875
vt 0.494316 0.909429
vt 0.501922 0.887919
vt 0.509531 0.908612
vt 0.694322 0.120758
vt 0.760132 0.146034
vt 0.840791 0.863727
vt 0.949108 0.609724
vt 0.702485 0.549671
vt 0.895156 0.185855
vt 0.056917 0.483856
vt 0.817372 0.005993
vt 0.828107 0.009689
vt 0.828927 0.020833
vt 0.014274 0.773273
vt 0.009218 0.759554
vt 0.014098 0.757278
vt 0.905644 0.932344
vt 0.901194 0.933207
vt 0.475982 0.210863
vt 0.471569 0.203220
vt 0.489181 0.204108
vt 0.009329 0.239164
vt 0.009329 0.254626
vt 0.006568 0.245367
vt 0.273818 0.047275
vt 0.283159 0.057215
vt 0.272921 0.057518
vt 0.437669 0.140573
vt 0.149946 0.481609
vt 0.992453 0.264160
vt 0.976967 0.832160
vt 0.021714 0.476479
vt 0.805509 0.647638
vt 0.811398 0.659592
vt 0.902473 0.064677
vt 0.561014 0.160629
vt 0.597456 0.150629
vt 0.454076 0.162930
vt 0.520115 0.055128
vt 0.519849 0.051294
vt 0.523867 0.044334
vt 0.664221 0.129480
vt 0.740767 0.109560
vt 0.710051 0.099580
vt 0.742010 0.102933
vt 0.258991 0.989499
vt 0.250024 0.983676
vt 0.266121 0.988539
vt 0.462984 0.996994
vt 0.451571 0.996994
vt 0.451915 0.990587
vt 0.974311 0.914957
vt 0.972818 0.897885
vt 0.979472 0.914926
vt 0.659775 0.261960
vt 0.089242 0.135714
vt 0.869729 0.780855
vt 0.926486 0.070113
vt 0.946647 0.070113
vt 0.917237 0.071467
vt 0.591973 0.809757
vt 0.061361 0.483712
vt 0.907708 0.614536
vt 0.599082 0.505743
vt 0.562656 0.702803
vt 0.904781 0.481504
vt 0.907359 0.491233
vt 0.517901 0.949010
vt 0.506563 0.948337
vt 0.513997 0.939674
vt 0.047843 0.261341
vt 0.042078 0.277180
vt 0.041401 0.253045
vt 0.605658 0.028640
vt 0.028919 0.172579
vt 0.028086 0.182104
vt 0.027009 0.168007
vt 0.520412 0.060689
vt 0.474584 0.218797
vt 0.487478 0.210468
vt 0.482143 0.218286
vt 0.378754 0.108687
vt 0.397276 0.105421
vt 0.413099 0.107430
vt 0.009074 0.770664
vt 0.441243 0.310306
vt 0.393131 0.312959
vt 0.414790 0.298528
vt 0.071194 0.020118
vt 0.072799 0.030248
vt 0.056362 0.018727
vt 0.979861 0.467334
vt 0.983972 0.467118
vt 0.982783 0.484817
vt 0.646476 0.060512
vt 0.181921 0.894779
vt 0.187623 0.888418
vt 0.193385 0.889805
vt 0.391632 0.834707
vt 0.284456 0.048908
vt 0.893485 0.173849
vt 0.080818 0.385699
vt 0.080685 0.401694
vt 0.073181 0.391047
vt 0.649457 0.960602
vt 0.606528 0.993310
vt 0.605233 0.999399
vt 0.602613 0.990665
vt 0.008980 0.677342
vt 0.496430 0.673507
vt 0.481454 0.702254
vt 0.480304 0.688685
vt 0.005035 0.840058
vt 0.005937 0.850379
vt 0.004495 0.855421
vt 0.952494 0.047701
vt 0.416584 0.830607
vt 0.012375 0.595622
vt 0.001534 0.595622
vt 0.010531 0.590667
vt 0.186433 0.907805
vt 0.502600 0.921492
vt 0.996338 0.023956
vt 0.991243 0.027658
vt 0.991519 0.018045
vt 0.029126 0.164858
vt 0.990453 0.533008
vt 0.989211 0.542350
vt 0.983218 0.541825
vt 0.910328 0.593445
vt 0.910328 0.552109
vt 0.912325 0.567475
vt 0.624939 0.006912
vt 0.624939 0.001533
vt 0.630898 0.003143
vt 0.471646 0.143226
vt 0.191073 0.902027
vt 0.514242 0.925937
vt 0.509917 0.930374
vt 0.005881 0.658924
vt 0.005881 0.661990
vt 0.002067 0.660897
vt 0.978260 0.730746
vt 0.208178 0.902248
vt 0.214476 0.941272
vt 0.208350 0.935551
vt 0.878310 0.427085
vt 0.963020 0.611380
vt 0.587161 0.514618
vt 0.038659 0.596495
vt 0.027411 0.610891
vt 0.034260 0.591294
vt 0.995026 0.750294
vt 0.986593 0.756420
vt 0.986762 0.748796
vt 0.405267 0.254708
vt 0.346845 0.254708
vt 0.400553 0.245540
vt 0.011471 0.089089
vt 0.022309 0.089089
vt 0.015833 0.106142
vt 0.804067 0.636226
vt 0.598340 0.997891
vt 0.598898 0.988199
vt 0.601859 0.990343
vt 0.138013 0.461422
vt 0.134354 0.482177
vt 0.134916 0.455284
vt 0.779319 0.128413
vt 0.897419 0.168805
vt 0.738735 0.994895
vt 0.651609 0.269082
vt 0.910197 0.462998
vt 0.977274 0.739129
vt 0.067759 0.016448
vt 0.078723 0.423503
vt 0.081199 0.134825
vt 0.982667 0.805215
vt 0.987420 0.805464
vt 0.983018 0.808582
vt 0.689691 0.029148
vt 0.289411 0.404573
vt 0.292093 0.437658
vt 0.282374 0.425012
vt 0.510957 0.957549
vt 0.015302 0.673984
vt 0.005556 0.669439
vt 0.021270 0.668788
vt 0.984774 0.633536
vt 0.994858 0.633536
vt 0.991596 0.636211
vt 0.992493 0.237090
vt 0.996517 0.248145
vt 0.992058 0.251236
vt 0.523295 0.068433
vt 0.766746 0.468162
vt 0.435622 0.775023
vt 0.379816 0.745913
vt 0.394700 0.743483
vt 0.327897 0.990405
vt 0.339763 0.990240
vt 0.333570 0.995165
vt 0.980001 0.882689
vt 0.971152 0.887798
vt 0.976673 0.876144
vt 0.009987 0.323887
vt 0.015047 0.315657
vt 0.015293 0.322060
vt 0.805439 0.796539
vt 0.811181 0.791410
vt 0.146309 0.475030
vt 0.347197 0.012066
vt 0.345928 0.014263
vt 0.327418 0.012731
vt 0.937398 0.422422
vt 0.933470 0.423095
vt 0.318308 0.559361
vt 0.323467 0.573113
vt 0.120986 0.138104
vt 0.015574 0.489151
vt 0.021411 0.479040
vt 0.021684 0.497115
vt 0.058038 0.156908
vt 0.055862 0.148787
vt 0.058395 0.130722
vt 0.980957 0.866991
vt 0.993236 0.325093
vt 0.996584 0.312597
vt 0.996828 0.326747
vt 0.564227 0.344945
vt 0.699912 0.123660
vt 0.113700 0.135886
vt 0.868550 0.424489
vt 0.390713 0.824013
vt 0.034139 0.608617
vt 0.280192 0.067061
vt 0.767534 0.130097
vt 0.772905 0.129430
vt 0.968665 0.895108
vt 0.005591 0.637883
vt 0.008863 0.643786
vt 0.000575 0.638212
vt 0.952388 0.084953
vt 0.984522 0.085096
vt 0.970231 0.115743
vt 0.618234 0.602495
vt 0.296094 0.170102
vt 0.299775 0.170837
vt 0.084032 0.748490
vt 0.078928 0.753249
vt 0.076755 0.741832
vt 0.455098 0.080132
vt 0.647253 0.813549
vt 0.030132 0.186569
vt 0.029446 0.178733
vt 0.030663 0.164648
vt 0.792540 0.035081
vt 0.794690 0.028730
vt 0.813585 0.035607
vt 0.117988 0.137552
vt 0.830938 0.877056
vt 0.301373 0.452646
vt 0.509895 0.669276
vt 0.009433 0.024072
vt 0.004738 0.038521
vt 0.003483 0.026253
vt 0.601666 0.996958
vt 0.893762 0.820185
vt 0.052986 0.252875
vt 0.007941 0.291403
vt 0.003577 0.288232
vt 0.010333 0.279884
vt 0.634418 0.049654
vt 0.962232 0.614317
vt 0.454205 0.095171
vt 0.198257 0.937177
vt 0.088864 0.754512
vt 0.764244 0.004656
vt 0.766805 0.005588
vt 0.764757 0.012731
vt 0.981479 0.900265
vt 0.100672 0.994085
vt 0.098765 0.999954
vt 0.091082 0.996563
vt 0.141217 0.604895
vt 0.136617 0.595712
vt 0.143190 0.589139
vt 0.415183 0.645666
vt 0.489109 0.891936
vt 0.512306 0.982836
vt 0.512935 0.991829
vt 0.501968 0.982995
vt 0.797552 0.057301
vt 0.777768 0.057243
vt 0.027697 0.160172
vt 0.982668 0.113734
vt 0.080080 0.739812
vt 0.919423 0.493036
vt 0.980865 0.821359
vt 0.986078 0.827548
vt 0.985454 0.833484
vt 0.973043 0.878453
vt 0.959604 0.795844
vt 0.957877 0.829094
vt 0.939481 0.809935
vt 0.141021 0.586195
vt 0.138682 0.569556
vt 0.143655 0.572600
vt 0.138938 0.586081
vt 0.657085 0.751595
vt 0.629583 0.739965
vt 0.665641 0.732051
vt 0.624053 0.984739
vt 0.628307 0.979670
vt 0.627712 0.993505
vt 0.950573 0.616489
vt 0.314248 0.447505
vt 0.145563 0.990742
vt 0.149796 0.999819
vt 0.139163 0.998176
vt 0.583452 0.989923
vt 0.591909 0.978283
vt 0.590825 0.987344
vt 0.612183 0.753660
vt 0.441878 0.158530
vt 0.703661 0.496603
vt 0.187059 0.927343
vt 0.983799 0.525708
vt 0.990306 0.525752
vt 0.362195 0.990084
vt 0.374019 0.990084
vt 0.370583 0.995509
vt 0.029700 0.196726
vt 0.026939 0.202647
vt 0.026932 0.180860
vt 0.549340 0.700181
vt 0.146722 0.582630
vt 0.148033 0.575315
vt 0.331202 0.995354
vt 0.493232 0.669142
vt 0.146082 0.551289
vt 0.793649 0.014823
vt 0.785586 0.003724
vt 0.792439 0.003061
vt 0.423077 0.626041
vt 0.934239 0.997451
vt 0.921697 0.997451
vt 0.931799 0.995594
vt 0.449674 0.625810
vt 0.433077 0.143452
vt 0.328189 0.576407
vt 0.906665 0.501731
vt 0.520188 0.025797
vt 0.526387 0.018912
vt 0.539921 0.019262
vt 0.137900 0.453383
vt 0.524646 0.052749
vt 0.532980 0.078399
vt 0.525012 0.069850
vt 0.612211 0.048483
vt 0.138828 0.991174
vt 0.350113 0.097297
vt 0.148825 0.592673
vt 0.148825 0.655216
vt 0.137316 0.614785
vt 0.321188 0.666604
vt 0.308710 0.687924
vt 0.307645 0.685649
vt 0.629528 0.084732
vt 0.986954 0.846007
vt 0.991470 0.859905
vt 0.980711 0.859857
vt 0.007213 0.885693
vt 0.005206 0.897073
vt 0.005442 0.881864
vt 0.692554 0.947492
vt 0.682269 0.935002
vt 0.696752 0.933485
vt 0.952034 0.988384
vt 0.951498 0.980719
vt 0.961070 0.975849
vt 0.440383 0.280186
vt 0.723127 0.229834
vt 0.468980 0.629704
vt 0.699301 0.020001
vt 0.694142 0.023613
vt 0.694430 0.004703
vt 0.244387 0.048669
vt 0.255771 0.048271
vt 0.248528 0.073438
vt 0.869482 0.802108
vt 0.059132 0.179757
vt 0.059132 0.158704
vt 0.060590 0.187048
vt 0.483455 0.219036
vt 0.506002 0.218880
vt 0.494332 0.886466
vt 0.501409 0.878899
vt 0.423879 0.154827
vt 0.429347 0.123818
vt 0.430567 0.160335
vt 0.371406 0.840362
vt 0.895084 0.167140
vt 0.818699 0.086151
vt 0.827783 0.095466
vt 0.821663 0.091998
vt 0.758215 0.026317
vt 0.748921 0.022371
vt 0.767904 0.022706
vt 0.449538 0.957948
vt 0.449538 0.981943
vt 0.443656 0.978970
vt 0.495674 0.933352
vt 0.958419 0.259649
vt 0.952902 0.250396
vt 0.952902 0.231877
vt 0.197338 0.877634
vt 0.979549 0.864951
vt 0.094238 0.936710
vt 0.143309 0.582093
vt 0.815011 0.027980
vt 0.721722 0.496306
vt 0.939252 0.797339
vt 0.140348 0.556612
vt 0.975435 0.458647
vt 0.166698 0.473154
vt 0.340283 0.758198
vt 0.318477 0.776303
vt 0.322720 0.769900
vt 0.953487 0.286475
vt 0.953487 0.253515
vt 0.959578 0.271542
vt 0.190471 0.876202
vt 0.990011 0.798174
vt 0.236083 0.067667
vt 0.070797 0.534076
vt 0.070797 0.563291
vt 0.067802 0.558363
vt 0.881248 0.963451
vt 0.958673 0.226690
vt 0.989398 0.084407
vt 0.989398 0.097131
vt 0.987254 0.079028
vt 0.284081 0.072944
vt 0.627502 0.599184
vt 0.978104 0.714307
vt 0.977726 0.699100
vt 0.983140 0.703509
vt 0.899029 0.822547
vt 0.808405 0.616167
vt 0.748738 0.015909
vt 0.210033 0.070116
vt 0.213894 0.092015
vt 0.208361 0.099283
vt 0.138862 0.421947
vt 0.736833 0.238871
vt 0.754460 0.239272
vt 0.757848 0.257945
vt 0.577512 0.504634
vt 0.027783 0.674127
vt 0.030670 0.682058
vt 0.017034 0.681026
vt 0.919235 0.468014
vt 0.022304 0.312973
vt 0.567756 0.026879
vt 0.546502 0.027099
vt 0.565544 0.020804
vt 0.190087 0.926494
vt 0.195857 0.897894
vt 0.983081 0.698371
vt 0.977920 0.688273
vt 0.983525 0.683110
vt 0.973266 0.466919
vt 0.975069 0.460190
vt 0.973990 0.491623
vt 0.474808 0.466337
vt 0.474281 0.500034
vt 0.463160 0.515957
vt 0.439941 0.467237
vt 0.756770 0.991887
vt 0.746375 0.990611
vt 0.759338 0.986255
vt 0.835444 0.105280
vt 0.978921 0.833131
vt 0.968975 0.816790
vt 0.058229 0.572484
vt 0.066957 0.560019
vt 0.066155 0.587522
vt 0.019864 0.720709
vt 0.017472 0.731133
vt 0.011539 0.729543
vt 0.071593 0.731094
vt 0.804577 0.788634
vt 0.546517 0.020591
vt 0.851019 0.453509
vt 0.856102 0.442561
vt 0.861837 0.444648
vt 0.774146 0.086324
vt 0.851191 0.422362
vt 0.860646 0.431931
vt 0.853493 0.663964
vt 0.855247 0.649347
vt 0.860296 0.654248
vt 0.455354 0.293994
vt 0.768742 0.513068
vt 0.236032 0.060657
vt 0.491336 0.879502
vt 0.328769 0.589745
vt 0.973803 0.454577
vt 0.419754 0.006617
vt 0.435006 0.007320
vt 0.431545 0.009776
vt 0.614561 0.084964
vt 0.607555 0.091054
vt 0.608580 0.077130
vt 0.981958 0.304131
vt 0.981485 0.323867
vt 0.974749 0.306755
vt 0.693239 0.526559
vt 0.416788 0.043072
vt 0.416788 0.062410
vt 0.391458 0.042409
vt 0.139195 0.543143
vt 0.849539 0.469839
vt 0.020286 0.444807
vt 0.017690 0.450374
vt 0.004552 0.445646
vt 0.955431 0.432116
vt 0.955431 0.398485
vt 0.960615 0.421629
vt 0.345445 0.150005
vt 0.348840 0.140752
vt 0.350054 0.145708
vt 0.293980 0.450040
vt 0.311451 0.462381
vt 0.883426 0.154144
vt 0.691302 0.919555
vt 0.709448 0.923891
vt 0.061182 0.170174
vt 0.059244 0.148023
vt 0.061471 0.141798
vt 0.504625 0.207184
vt 0.010936 0.718168
vt 0.415466 0.009448
vt 0.084002 0.926593
vt 0.319519 0.665576
vt 0.022535 0.668857
vt 0.037213 0.672790
vt 0.018922 0.673418
vt 0.492556 0.738508
vt 0.852074 0.697505
vt 0.761308 0.051366
vt 0.749995 0.054397
vt 0.733972 0.050422
vt 0.986839 0.792511
vt 0.952712 0.110290
vt 0.968373 0.866840
vt 0.390361 0.342941
vt 0.373292 0.355095
vt 0.361751 0.345411
vt 0.078639 0.914600
vt 0.080554 0.213184
vt 0.109162 0.215459
vt 0.102814 0.229357
vt 0.078863 0.727355
vt 0.987287 0.100306
vt 0.755450 0.748348
vt 0.785223 0.759326
vt 0.774085 0.771360
vt 0.982795 0.323927
vt 0.983457 0.345188
vt 0.973821 0.334622
vt 0.585733 0.597557
vt 0.991174 0.124277
vt 0.996851 0.135384
vt 0.990730 0.137024
vt 0.626921 0.101210
vt 0.097423 0.168788
vt 0.088497 0.171862
vt 0.099161 0.150677
vt 0.775424 0.106245
vt 0.765993 0.097935
vt 0.776871 0.098039
vt 0.780472 0.321572
vt 0.793474 0.302201
vt 0.775910 0.335230
vt 0.862381 0.101970
vt 0.836079 0.121080
vt 0.838211 0.104930
vt 0.754884 0.130223
vt 0.975454 0.292129
vt 0.225678 0.852248
vt 0.972703 0.825255
vt 0.818817 0.113054
vt 0.025963 0.661187
vt 0.025416 0.653366
vt 0.042145 0.665064
vt 0.938558 0.828261
vt 0.638436 0.722296
vt 0.110878 0.172834
vt 0.035791 0.611625
vt 0.036611 0.632289
vt 0.030602 0.616814
vt 0.996752 0.124885
vt 0.894144 0.018446
vt 0.893206 0.033909
vt 0.885786 0.037690
vt 0.773994 0.068998
vt 0.891787 0.982145
vt 0.895136 0.991226
vt 0.882345 0.991897
vt 0.979776 0.783293
vt 0.979776 0.766435
vt 0.985593 0.783238
vt 0.617714 0.099706
vt 0.505389 0.958910
vt 0.492973 0.952442
vt 0.908845 0.634980
vt 0.779519 0.034639
vt 0.774043 0.027630
vt 0.791162 0.033363
vt 0.986444 0.760671
vt 0.733590 0.229047
vt 0.358499 0.139481
vt 0.840641 0.103220
vt 0.850451 0.098942
vt 0.827957 0.008211
vt 0.820329 0.005732
vt 0.826627 0.003215
vt 0.208059 0.863718
vt 0.718291 0.915396
vt 0.706743 0.911309
vt 0.975246 0.355656
vt 0.958876 0.322652
vt 0.960547 0.303562
vt 0.961640 0.336776
vt 0.063702 0.123619
vt 0.062563 0.115174
vt 0.065733 0.115868
vt 0.516494 0.218921
vt 0.366801 0.129713
vt 0.182005 0.068033
vt 0.188820 0.085497
vt 0.182585 0.087766
vt 0.073964 0.379205
vt 0.078438 0.372772
vt 0.156836 0.025965
vt 0.139674 0.028212
vt 0.136133 0.018484
vt 0.126108 0.153101
vt 0.012052 0.674840
vt 0.479666 0.482047
vt 0.346311 0.150971
vt 0.350473 0.146240
vt 0.830064 0.098513
vt 0.770464 0.114092
vt 0.887704 0.855124
vt 0.887424 0.840147
vt 0.893995 0.848834
vt 0.156962 0.020149
vt 0.031024 0.682683
vt 0.037234 0.693886
vt 0.020888 0.682667
vt 0.035092 0.567467
vt 0.022758 0.569642
vt 0.017069 0.567700
vt 0.401422 0.962337
vt 0.407818 0.982024
vt 0.401530 0.976169
vt 0.048606 0.017169
vt 0.030381 0.011248
vt 0.043152 0.008166
vt 0.995612 0.481507
vt 0.996833 0.474584
vt 0.996936 0.488158
vt 0.246922 0.100550
vt 0.280152 0.100951
vt 0.266590 0.106941
vt 0.511771 0.212160
vt 0.983395 0.385364
vt 0.979518 0.399834
vt 0.978354 0.368174
vt 0.002407 0.227668
vt 0.002407 0.239297
vt 0.000077 0.228889
vt 0.845760 0.095275
vt 0.827615 0.090339
vt 0.068519 0.545038
vt 0.066341 0.555282
vt 0.054681 0.541536
vt 0.513450 0.655996
vt 0.189083 0.059278
vt 0.324138 0.287700
vt 0.312107 0.295469
vt 0.316968 0.288633
vt 0.296598 0.326574
vt 0.323580 0.325060
vt 0.305938 0.327289
vt 0.792478 0.025864
vt 0.011977 0.958853
vt 0.012311 0.945025
vt 0.017829 0.943546
vt 0.893997 0.862138
vt 0.087503 0.179179
vt 0.047100 0.227200
vt 0.041217 0.231320
vt 0.026422 0.228150
vt 0.891788 0.018838
vt 0.232535 0.175949
vt 0.251817 0.179707
vt 0.239259 0.197642
vt 0.283755 0.981393
vt 0.268872 0.978229
vt 0.288281 0.971414
vt 0.753170 0.151269
vt 0.838368 0.279372
vt 0.836349 0.277223
vt 0.841662 0.257394
vt 0.876846 0.983382
vt 0.887592 0.980284
vt 0.050450 0.546365
vt 0.046420 0.569218
vt 0.046591 0.543549
vt 0.983025 0.292924
vt 0.413240 0.028875
vt 0.432136 0.033938
vt 0.408897 0.034215
vt 0.064654 0.538098
vt 0.521973 0.214754
vt 0.998347 0.866462
vt 0.997678 0.870256
vt 0.998145 0.860992
vt 0.996330 0.998252
vt 0.992985 0.999956
vt 0.996196 0.994268
vt 0.001208 0.396454
vt 0.011708 0.396454
vt 0.008832 0.400863
vt 0.914886 0.842149
vt 0.923208 0.845681
vt 0.910274 0.848966
vt 0.400479 0.036621
vt 0.407340 0.035411
vt 0.425154 0.036335
vt 0.976701 0.007282
vt 0.976352 0.001979
vt 0.984403 0.000560
vt 0.105336 0.154418
vt 0.551254 0.009160
vt 0.565697 0.019653
vt 0.549057 0.019533
vt 0.479719 0.135487
vt 0.477996 0.141536
vt 0.466295 0.142560
vt 0.053999 0.411656
vt 0.043700 0.408109
vt 0.039891 0.391623
vt 0.018681 0.713974
vt 0.462564 0.129671
vt 0.046735 0.531403
vt 0.050135 0.518715
vt 0.049385 0.544375
vt 0.007701 0.963389
vt 0.007701 0.978489
vt 0.003228 0.964853
vt 0.229998 0.194763
vt 0.213210 0.197031
vt 0.205574 0.187930
vt 0.229157 0.007605
vt 0.238265 0.015247
vt 0.223922 0.014874
vt 0.299931 0.975540
vt 0.017627 0.952113
vt 0.028466 0.626624
vt 0.856679 0.160346
vt 0.887705 0.870036
vt 0.046996 0.639098
vt 0.039939 0.633177
vt 0.046512 0.614752
vt 0.692473 0.057791
vt 0.690864 0.063421
vt 0.673793 0.058847
vt 0.982144 0.557692
vt 0.978353 0.536194
vt 0.982402 0.526262
vt 0.426805 0.498881
vt 0.859033 0.697896
vt 0.455602 0.134060
vt 0.544291 0.051929
vt 0.536186 0.076875
vt 0.538895 0.050795
vt 0.846005 0.895885
vt 0.857223 0.886472
vt 0.847525 0.923133
vt 0.322657 0.286094
vt 0.326170 0.282778
vt 0.325557 0.285159
vt 0.992121 0.895692
vt 0.996823 0.899638
vt 0.986783 0.899569
vt 0.719076 0.963680
vt 0.037563 0.966774
vt 0.033907 0.973107
vt 0.033475 0.950887
vt 0.379840 0.135646
vt 0.899650 0.818394
vt 0.882722 0.979658
vt 0.876841 0.980908
vt 0.882421 0.963950
vt 0.056687 0.010507
vt 0.049720 0.016708
vt 0.045799 0.008300
vt 0.987156 0.936529
vt 0.989495 0.942955
vt 0.987213 0.954181
vt 0.016827 0.960080
vt 0.876507 0.006924
vt 0.881080 0.000630
vt 0.886036 0.007319
vt 0.984092 0.008879
vt 0.440834 0.606788
vt 0.457144 0.608288
vt 0.088855 0.002713
vt 0.093167 0.005732
vt 0.077722 0.005413
vt 0.203746 0.091471
vt 0.205749 0.080114
vt 0.207005 0.092789
vt 0.366192 0.829729
vt 0.778454 0.515393
vt 0.930399 0.899525
vt 0.936443 0.890894
vt 0.937745 0.917091
vt 0.937366 0.846904
vt 0.934167 0.855691
vt 0.931983 0.840207
vt 0.674168 0.935712
vt 0.317859 0.328749
vt 0.777251 0.716395
vt 0.892572 0.676157
vt 0.883444 0.675193
vt 0.880404 0.663847
vt 0.064795 0.015844
vt 0.055329 0.948627
vt 0.058666 0.940255
vt 0.063572 0.943441
vt 0.015250 0.755720
vt 0.005118 0.759012
vt 0.006507 0.755642
vt 0.858913 0.902914
vt 0.886614 0.690053
vt 0.063700 0.528673
vt 0.451112 0.141973
vt 0.432840 0.164275
vt 0.503911 0.457577
vt 0.996961 0.584169
vt 0.991117 0.584169
vt 0.995161 0.582249
vt 0.890702 0.698662
vt 0.187890 0.976543
vt 0.207451 0.971302
vt 0.184998 0.981952
vt 0.371831 0.143652
vt 0.457561 0.595756
vt 0.993278 0.956988
vt 0.999271 0.958936
vt 0.995475 0.963031
vt 0.296415 0.324228
vt 0.313889 0.323868
vt 0.807984 0.572737
vt 0.806044 0.571714
vt 0.816121 0.569440
vt 0.218764 0.008365
vt 0.895326 0.135325
vt 0.902273 0.146887
vt 0.884348 0.139500
vt 0.922320 0.829745
vt 0.276078 0.115545
vt 0.750297 0.793789
vt 0.752456 0.773375
vt 0.509105 0.029826
vt 0.515147 0.034057
vt 0.503441 0.034242
vt 0.776897 0.117272
vt 0.385110 0.739745
vt 0.980666 0.884845
vt 0.215894 0.095854
vt 0.213320 0.078390
vt 0.218374 0.081791
vt 0.808940 0.782148
vt 0.906040 0.824272
vt 0.876151 0.033826
vt 0.857801 0.033216
vt 0.874207 0.027844
vt 0.823025 0.992492
vt 0.809364 0.992492
vt 0.809611 0.982669
vt 0.871463 0.217001
vt 0.889285 0.195762
vt 0.879205 0.230915
vt 0.066655 0.653767
vt 0.066836 0.681057
vt 0.057854 0.658848
vt 0.031115 0.926118
vt 0.025517 0.932789
vt 0.026390 0.911722
vt 0.682996 0.964264
vt 0.673379 0.961944
vt 0.040871 0.695618
vt 0.040350 0.679642
vt 0.049884 0.689986
vt 0.845396 0.000545
vt 0.845396 0.006410
vt 0.841141 0.005406
vt 0.203120 0.862522
vt 0.696438 0.909110
vt 0.356903 0.151460
vt 0.642071 0.044398
vt 0.644386 0.047823
vt 0.642008 0.048043
vt 0.587344 0.588459
vt 0.467131 0.027966
vt 0.450594 0.031180
vt 0.467438 0.018497
vt 0.078600 0.196094
vt 0.091004 0.179800
vt 0.441791 0.138348
vt 0.566827 0.010960
vt 0.585682 0.017086
vt 0.569918 0.027292
vt 0.329539 0.759607
vt 0.803976 0.991909
vt 0.799549 0.978284
vt 0.806511 0.981971
vt 0.108753 0.991759
vt 0.100992 0.992301
vt 0.109639 0.981370
vt 0.052802 0.697762
vt 0.195468 0.986051
vt 0.212381 0.983404
vt 0.204701 0.989411
vt 0.505545 0.988758
vt 0.502555 0.996974
vt 0.501906 0.984645
vt 0.558852 0.680376
vt 0.622448 0.976761
vt 0.609757 0.985982
vt 0.609047 0.978070
vt 0.893791 0.871704
vt 0.064393 0.923206
vt 0.628616 0.734234
vt 0.052790 0.673326
vt 0.059501 0.678025
vt 0.055079 0.123307
vt 0.052097 0.134173
vt 0.039804 0.142465
vt 0.197288 0.983266
vt 0.930574 0.988566
vt 0.922572 0.986719
vt 0.933862 0.984458
vt 0.898308 0.640292
vt 0.004617 0.306325
vt 0.016270 0.303203
vt 0.020222 0.307329
vt 0.572614 0.309208
vt 0.577896 0.295728
vt 0.585948 0.306857
vt 0.591045 0.962332
vt 0.591045 0.974126
vt 0.551529 0.962288
vt 0.197523 0.197214
vt 0.802146 0.555461
vt 0.801833 0.553763
vt 0.807088 0.550338
vt 0.047650 0.141758
vt 0.277089 0.963274
vt 0.267134 0.968466
vt 0.251920 0.965783
vt 0.664902 0.723475
vt 0.791510 0.101346
vt 0.785573 0.103692
vt 0.778281 0.088054
vt 0.054051 0.183222
vt 0.046297 0.171974
vt 0.053283 0.159873
vt 0.060508 0.112084
vt 0.793766 0.020503
vt 0.331263 0.643960
vt 0.128950 0.126929
vt 0.122404 0.151361
vt 0.121724 0.116921
vt 0.046576 0.158557
vt 0.616191 0.964680
vt 0.624623 0.975473
vt 0.606566 0.976910
vt 0.213969 0.181240
vt 0.987276 0.998113
vt 0.612129 0.997481
vt 0.609246 0.988609
vt 0.622249 0.989904
vt 0.394593 0.735949
vt 0.608535 0.581257
vt 0.607063 0.603736
vt 0.205569 0.982002
vt 0.337893 0.747409
vt 0.996370 0.587642
vt 0.986243 0.587642
vt 0.990778 0.584737
vt 0.084854 0.015704
vt 0.077074 0.013479
vt 0.075870 0.006651
vt 0.330769 0.461370
vt 0.326155 0.474555
vt 0.064981 0.007634
vt 0.762072 0.113340
vt 0.757576 0.103390
vt 0.427549 0.474392
vt 0.990274 0.992592
vt 0.930114 0.916149
vt 0.936801 0.927784
vt 0.781482 0.348344
vt 0.794181 0.368440
vt 0.365515 0.857064
vt 0.777952 0.117130
vt 0.100335 0.029029
vt 0.095142 0.048964
vt 0.086947 0.047371
vt 0.015417 0.177179
vt 0.026808 0.173033
vt 0.016143 0.191102
vt 0.652476 0.037934
vt 0.014065 0.663884
vt 0.032134 0.663884
vt 0.023405 0.667463
vt 0.361302 0.726587
vt 0.370604 0.748623
vt 0.342881 0.774127
vt 0.856191 0.933697
vt 0.648085 0.055897
vt 0.638525 0.048719
vt 0.649229 0.049406
vt 0.921461 0.827394
vt 0.905455 0.822100
vt 0.895008 0.804004
vt 0.270518 0.035376
vt 0.263490 0.026051
vt 0.275923 0.029563
vt 0.065668 0.015183
vt 0.280590 0.037039
vt 0.881042 0.707241
vt 0.000235 0.865327
vt 0.000235 0.859462
vt 0.001752 0.860498
vt 0.814125 0.114914
vt 0.824392 0.131443
vt 0.813756 0.149865
vt 0.598833 0.966908
vt 0.070438 0.031100
vt 0.066068 0.033653
vt 0.047794 0.030431
vt 0.987620 0.966731
vt 0.996483 0.966731
vt 0.990068 0.979618
vt 0.499531 0.471885
vt 0.315425 0.194209
vt 0.303702 0.205931
vt 0.306993 0.181510
vt 0.211521 0.866218
vt 0.125573 0.192079
vt 0.054048 0.507014
vt 0.035867 0.497073
vt 0.040886 0.488018
vt 0.710072 0.230954
vt 0.723912 0.228066
vt 0.712424 0.233306
vt 0.023909 0.359033
vt 0.034716 0.355729
vt 0.030202 0.370644
vt 0.422825 0.596486
vt 0.653074 0.027963
vt 0.725422 0.906019
vt 0.169916 0.990097
vt 0.181798 0.990097
vt 0.171340 0.995496
vt 0.077212 0.368932
vt 0.068773 0.345743
vt 0.077775 0.339961
vt 0.595829 0.588095
vt 0.896954 0.701138
vt 0.880492 0.712665
vt 0.896743 0.694202
vt 0.924301 0.810746
vt 0.653316 0.965562
vt 0.322021 0.192544
vt 0.324216 0.178564
vt 0.480300 0.992290
vt 0.487324 0.997394
vt 0.476908 0.998768
vt 0.768636 0.114272
vt 0.999953 0.064264
vt 0.999953 0.068871
vt 0.999053 0.065145
vt 0.959774 0.817652
vt 0.719461 0.209563
vt 0.928889 0.522877
vt 0.930638 0.509502
vt 0.938349 0.501791
vt 0.217727 0.067584
vt 0.099526 0.040459
vt 0.340254 0.599145
vt 0.058354 0.674680
vt 0.912045 0.139627
vt 0.632662 0.955033
vt 0.675376 0.996435
vt 0.666584 0.996435
vt 0.675274 0.986178
vt 0.854599 0.039716
vt 0.367345 0.723564
vt 0.702759 0.061289
vt 0.391265 0.353660
vt 0.893296 0.883152
vt 0.025485 0.192591
vt 0.043468 0.504749
vt 0.059927 0.730703
vt 0.036446 0.730703
vt 0.049996 0.723346
vt 0.904222 0.641297
vt 0.825588 0.123181
vt 0.141932 0.051597
vt 0.132851 0.047117
vt 0.138927 0.042348
vt 0.936760 0.854196
vt 0.798759 0.568562
vt 0.804573 0.563039
vt 0.698584 0.897833
vt 0.802931 0.781088
vt 0.116131 0.180367
vt 0.927249 0.972189
vt 0.170390 0.445431
vt 0.008037 0.687318
vt 0.003595 0.682876
vt 0.008327 0.676815
vt 0.350051 0.097873
vt 0.339436 0.102823
vt 0.315622 0.099013
vt 0.662924 0.989808
vt 0.484429 0.918763
vt 0.480207 0.903573
vt 0.626410 0.716065
vt 0.520649 0.031064
vt 0.999899 0.635890
vt 0.999899 0.643792
vt 0.998114 0.638224
vt 0.293982 0.463421
vt 0.034114 0.226405
vt 0.034114 0.212925
vt 0.046921 0.226186
vt 0.010348 0.580819
vt 0.010813 0.584606
vt 0.001110 0.581060
vt 0.806169 0.583654
vt 0.797229 0.583577
vt 0.019861 0.562148
vt 0.013446 0.561712
vt 0.016094 0.550245
vt 0.130385 0.668708
vt 0.135388 0.657980
vt 0.134207 0.671040
vt 0.909186 0.796283
vt 0.896646 0.737492
vt 0.882685 0.723025
vt 0.895950 0.729849
vt 0.067020 0.344289
vt 0.075870 0.370565
vt 0.068238 0.367548
vt 0.008430 0.560381
vt 0.019198 0.565402
vt 0.004647 0.565799
vt 0.010408 0.045549
vt 0.010162 0.058324
vt 0.003999 0.060567
vt 0.554627 0.673658
vt 0.692622 0.102975
vt 0.697502 0.117995
vt 0.672086 0.117179
vt 0.987116 0.067559
vt 0.987116 0.046201
vt 0.989535 0.057641
vt 0.272247 0.980739
vt 0.279916 0.983734
vt 0.282399 0.990945
vt 0.320971 0.283348
vt 0.911429 0.638616
vt 0.164560 0.976475
vt 0.182713 0.970193
vt 0.187483 0.971382
vt 0.346422 0.734989
vt 0.994669 0.348634
vt 0.996886 0.345468
vt 0.996161 0.359450
vt 0.020425 0.372040
vt 0.999918 0.057491
vt 0.999108 0.058455
vt 0.999089 0.054312
vt 0.815786 0.041067
vt 0.816076 0.019539
vt 0.818454 0.031111
vt 0.335931 0.317631
vt 0.314557 0.304606
vt 0.453751 0.077183
vt 0.458509 0.066419
vt 0.466990 0.073046
vt 0.501851 0.635858
vt 0.306186 0.286873
vt 0.992792 0.017437
vt 0.997770 0.017437
vt 0.995240 0.020317
vt 0.606339 0.133488
vt 0.594273 0.142359
vt 0.600947 0.130118
vt 0.689499 0.982690
vt 0.678970 0.989988
vt 0.675628 0.982821
vt 0.352327 0.040935
vt 0.360043 0.033012
vt 0.354733 0.042620
vt 0.747950 0.205343
vt 0.928907 0.960604
vt 0.926532 0.933459
vt 0.928870 0.930106
vt 0.321303 0.331948
vt 0.404141 0.985754
vt 0.404141 0.994375
vt 0.390692 0.988806
vt 0.785931 0.561763
vt 0.435646 0.587712
vt 0.295445 0.012911
vt 0.275842 0.012911
vt 0.288439 0.006463
vt 0.066607 0.241666
vt 0.077914 0.261479
vt 0.059195 0.267202
vt 0.990432 0.181657
vt 0.988993 0.198100
vt 0.987710 0.177459
vt 0.307304 0.328873
vt 0.248326 0.995509
vt 0.239058 0.990157
vt 0.250714 0.989588
vt 0.004569 0.045245
vt 0.301956 0.282624
vt 0.825421 0.035419
vt 0.829023 0.022993
vt 0.666339 0.029541
vt 0.678918 0.028440
vt 0.667252 0.037724
vt 0.084598 0.692585
vt 0.091559 0.674683
vt 0.124567 0.676991
vt 0.858219 0.982022
vt 0.847097 0.977663
vt 0.849963 0.973766
vt 0.602192 0.156244
vt 0.685180 0.988621
vt 0.326637 0.972184
vt 0.326637 0.988074
vt 0.320159 0.974365
vt 0.220439 0.951056
vt 0.217670 0.964212
vt 0.206272 0.965716
vt 0.658377 0.944158
vt 0.238605 0.995264
vt 0.287574 0.969165
vt 0.053142 0.218456
vt 0.890485 0.720540
vt 0.992061 0.211945
vt 0.992878 0.198908
vt 0.997010 0.207793
vt 0.259400 0.031755
vt 0.889452 0.050272
vt 0.906078 0.058024
vt 0.878323 0.057946
vt 0.191619 0.180332
vt 0.772274 0.120617
vt 0.623498 0.056597
vt 0.753812 0.332925
vt 0.532694 0.213838
vt 0.537127 0.200413
vt 0.563669 0.192299
vt 0.982933 0.209711
vt 0.981561 0.220883
vt 0.973351 0.189947
vt 0.059298 0.033522
vt 0.974266 0.178696
vt 0.974266 0.146689
vt 0.982515 0.157932
vt 0.470472 0.064703
vt 0.480436 0.069008
vt 0.331138 0.484647
vt 0.378288 0.145500
vt 0.151565 0.086255
vt 0.154394 0.077102
vt 0.164739 0.072711
vt 0.698851 0.059026
vt 0.694215 0.046290
vt 0.720092 0.047266
vt 0.898466 0.932995
vt 0.917886 0.944412
vt 0.911754 0.958858
vt 0.014047 0.708813
vt 0.023676 0.695559
vt 0.033147 0.714277
vt 0.708173 0.058075
vt 0.656929 0.152355
vt 0.661132 0.153427
vt 0.660122 0.167870
vt 0.357556 0.026890
vt 0.996006 0.197891
vt 0.002551 0.524188
vt 0.013346 0.524188
vt 0.005662 0.528966
vt 0.082152 0.708825
vt 0.975809 0.889210
vt 0.289601 0.980961
vt 0.013335 0.875238
vt 0.025296 0.873981
vt 0.011465 0.884091
vt 0.923598 0.965887
vt 0.359605 0.049116
vt 0.007786 0.718786
vt 0.001156 0.718786
vt 0.005938 0.715392
vt 0.179285 0.076158
vt 0.956618 0.852613
vt 0.957070 0.865490
vt 0.945563 0.865490
vt 0.705372 0.887394
vt 0.130548 0.653804
vt 0.039614 0.898866
vt 0.037611 0.904755
vt 0.036585 0.900410
vt 0.685965 0.044088
vt 0.073741 0.114665
vt 0.068291 0.107597
vt 0.071772 0.104093
vt 0.060742 0.356257
vt 0.057611 0.238568
vt 0.057611 0.265158
vt 0.053665 0.255886
vt 0.986132 0.479102
vt 0.988011 0.494405
vt 0.979699 0.498543
vt 0.146338 0.989422
vt 0.129370 0.989422
vt 0.131476 0.983256
vt 0.064181 0.107061
vt 0.060979 0.109018
vt 0.827885 0.040158
vt 0.184806 0.190665
vt 0.776949 0.131573
vt 0.908964 0.195932
vt 0.063758 0.103962
vt 0.201837 0.108598
vt 0.035273 0.905818
vt 0.936554 0.863295
vt 0.072411 0.272492
vt 0.035789 0.658232
vt 0.043390 0.641932
vt 0.044191 0.665072
vt 0.036661 0.909451
vt 0.024805 0.546148
vt 0.786226 0.541654
vt 0.033297 0.203302
vt 0.734198 0.997442
vt 0.722334 0.997442
vt 0.726458 0.987158
vt 0.233145 0.220971
vt 0.798915 0.294183
vt 0.790232 0.298326
vt 0.788572 0.289787
vt 0.230774 0.953687
vt 0.791391 0.085055
vt 0.795819 0.098117
vt 0.214553 0.947924
vt 0.216418 0.936553
vt 0.203078 0.078188
vt 0.988172 0.734328
vt 0.992999 0.735093
vt 0.994441 0.742075
vt 0.734473 0.083266
vt 0.743274 0.078185
vt 0.764782 0.082299
vt 0.045082 0.957841
vt 0.045082 0.981553
vt 0.039369 0.969589
vt 0.896458 0.757232
vt 0.889892 0.776234
vt 0.885445 0.764944
vt 0.733741 0.228138
vt 0.358166 0.832235
vt 0.011563 0.330001
vt 0.021271 0.326468
vt 0.028178 0.330760
vt 0.991848 0.063890
vt 0.989662 0.061285
vt 0.996925 0.061598
vt 0.650228 0.130690
vt 0.993212 0.389500
vt 0.996852 0.393140
vt 0.993979 0.403346
vt 0.048095 0.280449
vt 0.027414 0.280449
vt 0.037202 0.276431
vt 0.977080 0.626210
vt 0.976359 0.615277
vt 0.978145 0.594853
vt 0.622463 0.588299
vt 0.004607 0.617915
vt 0.013277 0.615098
vt 0.009362 0.631797
vt 0.996821 0.332182
vt 0.996299 0.340642
vt 0.993244 0.333484
vt 0.920421 0.151799
vt 0.907113 0.158688
vt 0.285587 0.295220
vt 0.067343 0.104093
vt 0.777408 0.540814
vt 0.354520 0.844061
vt 0.405488 0.123846
vt 0.419718 0.126522
vt 0.414153 0.134172
vt 0.076767 0.420459
vt 0.067563 0.423809
vt 0.068877 0.413034
vt 0.565204 0.121698
vt 0.552849 0.127994
vt 0.565207 0.109148
vt 0.142061 0.115902
vt 0.751432 0.753904
vt 0.152793 0.983182
vt 0.149957 0.986018
vt 0.135831 0.983758
vt 0.647138 0.705758
vt 0.021787 0.819848
vt 0.015729 0.836493
vt 0.015470 0.817754
vt 0.526863 0.034258
vt 0.691321 0.362768
vt 0.710268 0.364759
vt 0.683695 0.375573
vt 0.256527 0.149859
vt 0.281595 0.132307
vt 0.294889 0.149707
vt 0.001725 0.505882
vt 0.008241 0.505882
vt 0.000195 0.515127
vt 0.950033 0.988621
vt 0.956645 0.997721
vt 0.943504 0.997966
vt 0.787314 0.546778
vt 0.982909 0.659784
vt 0.982909 0.682252
vt 0.975896 0.653258
vt 0.602105 0.062071
vt 0.616751 0.058147
vt 0.630880 0.060879
vt 0.018684 0.682662
vt 0.034138 0.693890
vt 0.016036 0.693092
vt 0.488087 0.590148
vt 0.012140 0.533316
vt 0.003052 0.532681
vt 0.013838 0.525303
vt 0.997724 0.920767
vt 0.997724 0.911324
vt 0.999295 0.912364
vt 0.999864 0.916292
vt 0.999864 0.925735
vt 0.998149 0.924123
vt 0.034341 0.910225
vt 0.693218 0.393172
vt 0.651744 0.020305
vt 0.644331 0.015114
vt 0.651337 0.002547
vt 0.359457 0.177497
vt 0.359209 0.187024
vt 0.357601 0.180872
vt 0.005690 0.694575
vt 0.020639 0.694575
vt 0.008096 0.700358
vt 0.014532 0.782478
vt 0.019249 0.790649
vt 0.014814 0.801227
vt 0.056411 0.950070
vt 0.056911 0.969830
vt 0.049288 0.957194
vt 0.078765 0.335698
vt 0.098449 0.342862
vt 0.078510 0.365199
vt 0.710303 0.376241
vt 0.665654 0.937052
vt 0.465266 0.018238
vt 0.448793 0.030207
vt 0.453425 0.015496
vt 0.062201 0.097611
vt 0.086780 0.108314
vt 0.667959 0.715350
vt 0.317838 0.097053
vt 0.300091 0.097129
vt 0.308786 0.088612
vt 0.008250 0.516472
vt 0.975859 0.684547
vt 0.577059 0.203725
vt 0.578057 0.229957
vt 0.621037 0.142792
vt 0.013992 0.347424
vt 0.031224 0.353023
vt 0.012492 0.352185
vt 0.248287 0.209825
vt 0.933079 0.531737
vt 0.937458 0.506903
vt 0.938257 0.545258
vt 0.789546 0.570852
vt 0.021840 0.869971
vt 0.016893 0.853030
vt 0.021840 0.853589
vt 0.170320 0.437216
vt 0.995043 0.063901
vt 0.979926 0.616399
vt 0.800173 0.763675
vt 0.595597 0.084832
vt 0.571815 0.099121
vt 0.595343 0.079716
vt 0.598056 0.039378
vt 0.611721 0.039378
vt 0.590737 0.047060
vt 0.053486 0.251201
vt 0.046801 0.250545
vt 0.036429 0.238614
vt 0.004586 0.612506
vt 0.003028 0.600709
vt 0.009302 0.596635
vt 0.924336 0.786615
vt 0.132783 0.030370
vt 0.287726 0.089960
vt 0.801600 0.307596
vt 0.759707 0.302151
vt 0.923821 0.938868
vt 0.358884 0.194669
vt 0.360949 0.193622
vt 0.165095 0.018449
vt 0.182843 0.018449
vt 0.186618 0.019802
vt 0.045471 0.240362
vt 0.015915 0.857056
vt 0.986292 0.733715
vt 0.994334 0.722817
vt 0.992517 0.730543
vt 0.130184 0.209522
vt 0.135843 0.213058
vt 0.126975 0.219353
vt 0.402913 0.197326
vt 0.412481 0.213440
vt 0.405063 0.207442
vt 0.554599 0.122118
vt 0.562194 0.295784
vt 0.906987 0.172176
vt 0.481669 0.086315
vt 0.310847 0.007348
vt 0.297208 0.013243
vt 0.291240 0.006131
vt 0.293182 0.083199
vt 0.642274 0.988591
vt 0.642274 0.997996
vt 0.638401 0.994577
vt 0.080700 0.719070
vt 0.091680 0.752862
vt 0.081633 0.740523
vt 0.170664 0.475197
vt 0.078612 0.694439
vt 0.493601 0.035844
vt 0.495663 0.047539
vt 0.472046 0.036520
vt 0.224833 0.933105
vt 0.562254 0.109069
vt 0.984263 0.211821
vt 0.991323 0.227954
vt 0.981355 0.228318
vt 0.986589 0.784319
vt 0.986589 0.771071
vt 0.997017 0.783050
vt 0.376144 0.034053
vt 0.380352 0.028043
vt 0.399316 0.033692
vt 0.015322 0.548516
vt 0.013133 0.557297
vt 0.003059 0.557086
vt 0.164898 0.033524
vt 0.150231 0.027828
vt 0.164898 0.027981
vt 0.774761 0.289792
vt 0.912174 0.551751
vt 0.900448 0.546283
vt 0.917094 0.545410
vt 0.103934 0.176008
vt 0.928516 0.484575
vt 0.934401 0.863825
vt 0.338685 0.315507
vt 0.358137 0.324474
vt 0.813070 0.322088
vt 0.019348 0.542380
vt 0.006484 0.542380
vt 0.006504 0.539091
vt 0.357994 0.052759
vt 0.353193 0.066221
vt 0.350813 0.059225
vt 0.395799 0.132780
vt 0.688747 0.028456
vt 0.689349 0.037634
vt 0.359187 0.854412
vt 0.993957 0.077177
vt 0.998872 0.077177
vt 0.992580 0.079085
vt 0.030610 0.845496
vt 0.027016 0.840362
vt 0.030579 0.824152
vt 0.338975 0.074911
vt 0.990048 0.723824
vt 0.484018 0.048110
vt 0.322798 0.982756
vt 0.316546 0.989009
vt 0.316827 0.973733
vt 0.618533 0.128903
vt 0.372274 0.334933
vt 0.374808 0.302163
vt 0.390437 0.316210
vt 0.035570 0.914761
vt 0.832168 0.024435
vt 0.849531 0.017590
vt 0.850949 0.025633
vt 0.095458 0.379949
vt 0.113807 0.380885
vt 0.029266 0.143828
vt 0.026869 0.142444
vt 0.028734 0.123435
vt 0.993848 0.326521
vt 0.216705 0.097409
vt 0.222939 0.104765
vt 0.216125 0.098216
vt 0.910608 0.235487
vt 0.916504 0.265517
vt 0.907142 0.248426
vt 0.310680 0.013001
vt 0.196592 0.953977
vt 0.220527 0.962733
vt 0.942378 0.327921
vt 0.949736 0.320564
vt 0.949345 0.339361
vt 0.038786 0.305412
vt 0.035297 0.295825
vt 0.048146 0.302614
vt 0.143100 0.034765
vt 0.985963 0.939140
vt 0.978881 0.949255
vt 0.981509 0.935546
vt 0.941815 0.342731
vt 0.333593 0.644574
vt 0.670144 0.127030
vt 0.379336 0.715447
vt 0.389058 0.028495
vt 0.412234 0.028495
vt 0.401242 0.033105
vt 0.361525 0.178463
vt 0.423466 0.591415
vt 0.941471 0.307542
vt 0.998975 0.079306
vt 0.956759 0.885588
vt 0.614430 0.046875
vt 0.029174 0.652255
vt 0.021884 0.645753
vt 0.025719 0.639847
vt 0.988129 0.636408
vt 0.995975 0.638957
vt 0.989577 0.650726
vt 0.769994 0.975123
vt 0.766951 0.981957
vt 0.757080 0.967372
vt 0.182239 0.969139
vt 0.153098 0.976644
vt 0.155763 0.960537
vt 0.491705 0.096157
vt 0.483953 0.107227
vt 0.484137 0.093270
vt 0.400940 0.354572
vt 0.091701 0.982475
vt 0.089424 0.989483
vt 0.077201 0.980711
vt 0.364064 0.191581
vt 0.516147 0.104066
vt 0.518977 0.120111
vt 0.499675 0.102861
vt 0.181591 0.999994
vt 0.171116 0.999994
vt 0.176899 0.998516
vt 0.061448 0.091802
vt 0.053306 0.086101
vt 0.060255 0.065674
vt 0.990991 0.212148
vt 0.835669 0.296708
vt 0.004557 0.947667
vt 0.007268 0.937548
vt 0.007863 0.952665
vt 0.502390 0.115163
vt 0.066219 0.691160
vt 0.085895 0.715094
vt 0.062640 0.722650
vt 0.456883 0.881924
vt 0.637427 0.138899
vt 0.253356 0.083914
vt 0.263153 0.082182
vt 0.269149 0.091071
vt 0.990145 0.804460
vt 0.995449 0.808457
vt 0.982693 0.812033
vt 0.800488 0.591907
vt 0.894839 0.793203
vt 0.370322 0.807109
vt 0.048404 0.975414
vt 0.571055 0.981951
vt 0.550577 0.977971
vt 0.550158 0.965391
vt 0.042337 0.899766
vt 0.045094 0.900007
vt 0.043900 0.924874
vt 0.286882 0.327271
vt 0.282744 0.320064
vt 0.034290 0.889476
vt 0.040822 0.871528
vt 0.042213 0.894493
vt 0.040376 0.232157
vt 0.485494 0.107167
vt 0.760867 0.232914
vt 0.894002 0.535132
vt 0.904907 0.529713
vt 0.887059 0.732956
vt 0.391502 0.092866
vt 0.390142 0.087872
vt 0.396665 0.095676
vt 0.389701 0.085969
vt 0.393738 0.084403
vt 0.454448 0.322925
vt 0.437520 0.321456
vt 0.428281 0.313703
vt 0.304852 0.166727
vt 0.319878 0.161183
vt 0.043974 0.030784
vt 0.029915 0.025667
vt 0.051555 0.024855
vt 0.899147 0.695707
vt 0.895990 0.677800
vt 0.908362 0.695791
vt 0.893830 0.523733
vt 0.695600 0.399182
vt 0.841927 0.308925
vt 0.740528 0.042218
vt 0.731737 0.039827
vt 0.738697 0.035830
vt 0.019327 0.608223
vt 0.725988 0.019731
vt 0.724910 0.014935
vt 0.728791 0.007318
vt 0.309854 0.230962
vt 0.304919 0.207379
vt 0.320923 0.204558
vt 0.698957 0.106503
vt 0.504876 0.963625
vt 0.750553 0.036412
vt 0.731315 0.050112
vt 0.987327 0.166296
vt 0.990319 0.158076
vt 0.990148 0.178735
vt 0.758607 0.050094
vt 0.734345 0.049479
vt 0.746775 0.041809
vt 0.211218 0.867968
vt 0.858758 0.281923
vt 0.839552 0.282150
vt 0.848544 0.271345
vt 0.982625 0.248694
vt 0.991110 0.260123
vt 0.983467 0.258320
vt 0.076841 0.441908
vt 0.015579 0.061402
vt 0.020959 0.055458
vt 0.035488 0.066014
vt 0.320126 0.221579
vt 0.279182 0.100630
vt 0.999425 0.666898
vt 0.997595 0.667955
vt 0.998150 0.659914
vt 0.732675 0.898260
vt 0.062923 0.710956
vt 0.751771 0.336398
vt 0.021462 0.832865
vt 0.481751 0.946797
vt 0.230645 0.097035
vt 0.604001 0.100762
vt 0.571856 0.100762
vt 0.592806 0.088508
vt 0.179057 0.997670
vt 0.185866 0.988299
vt 0.193024 0.997791
vt 0.024825 0.948523
vt 0.024825 0.967026
vt 0.015414 0.964820
vt 0.345820 0.339806
vt 0.732354 0.036022
vt 0.744995 0.018623
vt 0.749017 0.033443
vt 0.027317 0.054741
vt 0.021638 0.363284
vt 0.010321 0.366961
vt 0.009659 0.350376
vt 0.446090 0.018392
vt 0.446090 0.028801
vt 0.424750 0.028307
vt 0.039836 0.124767
vt 0.055544 0.119358
vt 0.040891 0.138963
vt 0.907797 0.238416
vt 0.070061 0.091979
vt 0.144636 0.955795
vt 0.852962 0.023308
vt 0.853246 0.004511
vt 0.858890 0.017380
vt 0.232545 0.930229
vt 0.781494 0.551627
vt 0.729703 0.035922
vt 0.729703 0.059954
vt 0.723352 0.053133
vt 0.318281 0.001543
vt 0.322897 0.007896
vt 0.312473 0.005944
vt 0.986345 0.965597
vt 0.295740 0.286272
vt 0.433234 0.448349
vt 0.995780 0.510095
vt 0.993477 0.516425
vt 0.993291 0.502949
vt 0.274665 0.327219
vt 0.229173 0.310005
vt 0.259662 0.319241
vt 0.402349 0.343353
vt 0.059270 0.098619
vt 0.910105 0.260215
vt 0.548018 0.027983
vt 0.554830 0.050506
vt 0.529561 0.047404
vt 0.643232 0.019314
vt 0.639974 0.007155
vt 0.644179 0.005525
vt 0.015344 0.642137
vt 0.033337 0.268110
vt 0.035883 0.252580
vt 0.040543 0.253402
vt 0.957208 0.145168
vt 0.961114 0.156892
vt 0.955428 0.162578
vt 0.000594 0.941089
vt 0.002386 0.941671
vt 0.000956 0.946144
vt 0.866852 0.244924
vt 0.581067 0.217799
vt 0.017324 0.505639
vt 0.010275 0.501732
vt 0.008508 0.492870
vt 0.546059 0.125760
vt 0.830621 0.017090
vt 0.695685 0.227978
vt 0.697519 0.213349
vt 0.701444 0.226444
vt 0.523518 0.456559
vt 0.344190 0.053893
vt 0.031311 0.873133
vt 0.040224 0.868592
vt 0.032899 0.889481
vt 0.303611 0.217890
vt 0.663970 0.698192
vt 0.010301 0.059649
vt 0.010301 0.074976
vt 0.004602 0.065895
vt 0.038710 0.406296
vt 0.035309 0.387005
vt 0.038609 0.382576
vt 0.996853 0.491022
vt 0.996853 0.504507
vt 0.993212 0.500980
vt 0.364027 0.335827
vt 0.759446 0.044500
vt 0.126196 0.990174
vt 0.138086 0.990174
vt 0.137568 0.997406
vt 0.912332 0.977090
vt 0.609567 0.573304
vt 0.009618 0.991573
vt 0.012246 0.999660
vt 0.004148 0.999982
vt 0.797516 0.595128
vt 0.136422 0.190980
vt 0.534240 0.982360
vt 0.548721 0.977655
vt 0.548104 0.989558
vt 0.064242 0.427182
vt 0.984476 0.924223
vt 0.979090 0.936322
vt 0.977163 0.916288
vt 0.670435 0.040355
vt 0.667850 0.048454
vt 0.646505 0.048454
vt 0.075334 0.979475
vt 0.093991 0.975731
vt 0.094147 0.981452
vt 0.212219 0.921517
vt 0.040682 0.275488
vt 0.631167 0.145184
vt 0.730023 0.017557
vt 0.832790 0.981075
vt 0.836597 0.975558
vt 0.759894 0.984705
vt 0.745322 0.989440
vt 0.751678 0.975786
vt 0.405143 0.087281
vt 0.819420 0.084996
vt 0.815235 0.070251
vt 0.823161 0.074132
vt 0.489720 0.076578
vt 0.835038 0.091200
vt 0.893427 0.685858
vt 0.486071 0.121183
vt 0.030695 0.595513
vt 0.028741 0.573933
vt 0.035040 0.587342
vt 0.021520 0.545774
vt 0.017095 0.543219
vt 0.035066 0.543148
vt 0.031084 0.538696
vt 0.023402 0.542278
vt 0.013129 0.539434
vt 0.858386 0.019506
vt 0.858984 0.023359
vt 0.854294 0.023852
vt 0.611174 0.026160
vt 0.631250 0.019926
vt 0.630651 0.026160
vt 0.488502 0.605980
vt 0.002382 0.853491
vt 0.002382 0.859375
vt 0.000102 0.857467
vt 0.896473 0.738730
vt 0.999852 0.667819
vt 0.999852 0.675947
vt 0.997664 0.671973
vt 0.960198 0.177733
vt 0.389372 0.123826
vt 0.402429 0.119931
vt 0.602474 0.442800
vt 0.591069 0.470273
vt 0.574043 0.465391
vt 0.424324 0.543675
vt 0.443290 0.561649
vt 0.337068 0.344490
vt 0.806864 0.763174
vt 0.999170 0.868743
vt 0.999170 0.859523
vt 0.999837 0.865581
vt 0.024265 0.572395
vt 0.472509 0.961532
vt 0.340326 0.862018
vt 0.016410 0.971153
vt 0.024189 0.987835
vt 0.009105 0.970933
vt 0.019605 0.589109
vt 0.938669 0.388165
vt 0.930680 0.417979
vt 0.934148 0.384209
vt 0.576552 0.002577
vt 0.576552 0.012823
vt 0.561550 0.007692
vt 0.943341 0.985373
vt 0.931473 0.974768
vt 0.942333 0.978203
vt 0.906655 0.515641
vt 0.917004 0.510345
vt 0.917397 0.525857
vt 0.582790 0.498675
vt 0.579006 0.483510
vt 0.708924 0.222993
vt 0.431264 0.318872
vt 0.350863 0.229172
vt 0.346411 0.198265
vt 0.404756 0.219750
vt 0.009094 0.985183
vt 0.241472 0.949767
vt 0.249238 0.963544
vt 0.392600 0.083058
vt 0.652741 0.407249
vt 0.973817 0.930437
vt 0.937047 0.989464
vt 0.808391 0.339342
vt 0.853005 0.034662
vt 0.025625 0.125447
vt 0.011136 0.135974
vt 0.012556 0.116386
vt 0.011561 0.646519
vt 0.048657 0.281289
vt 0.656743 0.035003
vt 0.330839 0.748020
vt 0.333479 0.733409
vt 0.518799 0.595555
vt 0.497170 0.578889
vt 0.536209 0.602275
vt 0.004036 0.314714
vt 0.001644 0.312708
vt 0.011769 0.312927
vt 0.878732 0.062529
vt 0.873249 0.079371
vt 0.849535 0.063970
vt 0.938524 0.422050
vt 0.611986 0.019046
vt 0.510101 0.444798
vt 0.078178 0.057227
vt 0.069439 0.066469
vt 0.059267 0.057934
vt 0.040078 0.474343
vt 0.033744 0.477296
vt 0.042629 0.461294
vt 0.035652 0.281275
vt 0.086783 0.065162
vt 0.887903 0.968190
vt 0.592025 0.560410
vt 0.033016 0.915457
vt 0.243061 0.493910
vt 0.256097 0.495804
vt 0.239593 0.502240
vt 0.435485 0.879525
vt 0.434627 0.873551
vt 0.478280 0.857626
vt 0.904021 0.712394
vt 0.033497 0.455143
vt 0.991543 0.244100
vt 0.016662 0.069458
vt 0.238330 0.093312
vt 0.224222 0.083512
vt 0.699355 0.933929
vt 0.717818 0.918545
vt 0.705297 0.938571
vt 0.060516 0.096629
vt 0.059640 0.092641
vt 0.973932 0.940506
vt 0.527633 0.034660
vt 0.025838 0.877928
vt 0.030087 0.888611
vt 0.025545 0.893154
vt 0.011769 0.994319
vt 0.009166 0.986307
vt 0.024614 0.989844
vt 0.911961 0.015543
vt 0.915816 0.028791
vt 0.911805 0.030251
vt 0.492953 0.599673
vt 0.529932 0.587186
vt 0.006749 0.794386
vt 0.012285 0.798262
vt 0.001625 0.798211
vt 0.131612 0.197292
vt 0.750636 0.589995
vt 0.754130 0.570178
vt 0.757066 0.603412
vt 0.935979 0.877627
vt 0.291558 0.035329
vt 0.285193 0.048978
vt 0.285753 0.027028
vt 0.961224 0.927480
vt 0.687538 0.401995
vt 0.995994 0.680274
vt 0.991891 0.692903
vt 0.983638 0.677688
vt 0.072768 0.959929
vt 0.549806 0.311162
vt 0.840693 0.721579
vt 0.844978 0.734767
vt 0.821290 0.730897
vt 0.012096 0.753051
vt 0.020585 0.748150
vt 0.030130 0.753589
vt 0.009624 0.715548
vt 0.010175 0.720785
vt 0.006603 0.713629
vt 0.094828 0.325027
vt 0.983212 0.559647
vt 0.983212 0.543184
vt 0.987478 0.546098
vt 0.721614 0.993893
vt 0.717351 0.980772
vt 0.725769 0.985623
vt 0.000016 0.033990
vt 0.002965 0.038071
vt 0.000444 0.044997
vt 0.002646 0.042770
vt 0.211685 0.035013
vt 0.213489 0.049703
vt 0.203799 0.057386
vt 0.019659 0.871758
vt 0.456289 0.102817
vt 0.437514 0.108287
vt 0.445282 0.098370
vt 0.353617 0.209110
vt 0.673390 0.050604
vt 0.673873 0.056126
vt 0.656248 0.049790
vt 0.631758 0.132182
vt 0.495549 0.992582
vt 0.493361 0.993697
vt 0.496082 0.990110
vt 0.038614 0.991069
vt 0.038614 0.999989
vt 0.029444 0.997119
vt 0.499187 0.990514
vt 0.025376 0.861386
vt 0.025376 0.840055
vt 0.030760 0.852545
vt 0.024554 0.103712
vt 0.020217 0.097881
vt 0.024735 0.090925
vt 0.963620 0.514857
vt 0.956897 0.533328
vt 0.957904 0.499458
vt 0.020003 0.818141
vt 0.020527 0.800271
vt 0.027687 0.798352
vt 0.959885 0.941635
vt 0.865482 0.023679
vt 0.858911 0.006788
vt 0.994148 0.756213
vt 0.988244 0.756834
vt 0.996356 0.751363
vt 0.540673 0.974263
vt 0.547809 0.973873
vt 0.544568 0.977770
vt 0.056156 0.892244
vt 0.064559 0.906798
vt 0.056559 0.919480
vt 0.422002 0.107896
vt 0.996955 0.618116
vt 0.991449 0.619905
vt 0.988142 0.607119
vt 0.191959 0.673586
vt 0.213656 0.649174
vt 0.209743 0.661888
vt 0.389206 0.246291
vt 0.387578 0.241013
vt 0.399242 0.241873
vt 0.008048 0.791274
vt 0.003492 0.777251
vt 0.014392 0.774051
vt 0.951517 0.617062
vt 0.963039 0.650698
vt 0.951517 0.635686
vt 0.965412 0.863415
vt 0.971001 0.883381
vt 0.965412 0.881017
vt 0.863830 0.017002
vt 0.869797 0.022655
vt 0.428816 0.969486
vt 0.422153 0.962824
vt 0.446996 0.962773
vt 0.854577 0.049191
vt 0.855277 0.041191
vt 0.876519 0.050029
vt 0.375522 0.214640
vt 0.374362 0.218858
vt 0.374785 0.210812
vt 0.491563 0.568227
vt 0.493108 0.570073
vt 0.254514 0.958183
vt 0.027346 0.816722
vt 0.700026 0.888024
vt 0.549171 0.028178
vt 0.571151 0.030347
vt 0.551304 0.031224
vt 0.704863 0.963720
vt 0.759406 0.209409
vt 0.867353 0.269762
vt 0.247941 0.632909
vt 0.261634 0.639162
vt 0.254623 0.650278
vt 0.459568 0.877199
vt 0.820848 0.709880
vt 0.814237 0.693197
vt 0.648034 0.057512
vt 0.798228 0.607163
vt 0.996690 0.575439
vt 0.996821 0.577567
vt 0.990592 0.577567
vt 0.228653 0.655250
vt 0.227451 0.695702
vt 0.221947 0.681597
vt 0.968584 0.889596
vt 0.965426 0.895651
vt 0.003725 0.492782
vt 0.003725 0.490328
vt 0.008198 0.492269
vt 0.996326 0.822186
vt 0.988688 0.826596
vt 0.983306 0.822393
vt 0.226262 0.334232
vt 0.501750 0.119423
vt 0.508640 0.131447
vt 0.496627 0.126739
vt 0.907586 0.274200
vt 0.591652 0.976255
vt 0.582414 0.988971
vt 0.573773 0.976766
vt 0.404450 0.233872
vt 0.073387 0.981741
vt 0.084810 0.990041
vt 0.067699 0.991930
vt 0.361674 0.201279
vt 0.038413 0.728060
vt 0.025898 0.723505
vt 0.046631 0.723661
vt 0.001375 0.034112
vt 0.065161 0.964704
vt 0.065161 0.936438
vt 0.071948 0.943173
vt 0.237894 0.647840
vt 0.985208 0.002679
vt 0.996908 0.003027
vt 0.996908 0.012676
vt 0.166644 0.988980
vt 0.175638 0.984786
vt 0.183579 0.989382
vt 0.483464 0.091187
vt 0.483464 0.063309
vt 0.490704 0.069804
vt 0.356719 0.339330
vt 0.404055 0.024351
vt 0.410613 0.018446
vt 0.424062 0.030238
vt 0.008948 0.523355
vt 0.008948 0.506451
vt 0.019517 0.519763
vt 0.235297 0.688222
vt 0.405516 0.095266
vt 0.043999 0.467036
vt 0.121968 0.338675
vt 0.384057 0.134416
vt 0.838208 0.184265
vt 0.817685 0.172416
vt 0.863884 0.173405
vt 0.303260 0.098001
vt 0.315963 0.100182
vt 0.320833 0.106644
vt 0.336581 0.107165
vt 0.012044 0.546766
vt 0.015137 0.543034
vt 0.020314 0.547378
vt 0.178612 0.983290
vt 0.169389 0.984917
vt 0.161676 0.983623
vt 0.159827 0.983312
vt 0.163719 0.988869
vt 0.146763 0.988245
vt 0.237276 0.671397
vt 0.363497 0.198709
vt 0.134961 0.635092
vt 0.649795 0.113406
vt 0.657227 0.127403
vt 0.636756 0.134054
vt 0.021852 0.508147
vt 0.017491 0.106790
vt 0.030094 0.899022
vt 0.936959 0.812818
vt 0.928599 0.806907
vt 0.938266 0.805405
vt 0.736041 0.011389
vt 0.481499 0.987311
vt 0.497637 0.987311
vt 0.493304 0.988347
vt 0.932933 0.874281
vt 0.317414 0.195148
vt 0.878657 0.043231
vt 0.078573 0.007138
vt 0.097781 0.007138
vt 0.087639 0.014223
vt 0.416607 0.969490
vt 0.346462 0.165107
vt 0.354854 0.165841
vt 0.338907 0.185261
vt 0.574788 0.609683
vt 0.562553 0.617991
vt 0.010949 0.736340
vt 0.024740 0.746359
vt 0.010531 0.746522
vt 0.499673 0.031548
vt 0.483597 0.030142
vt 0.506965 0.030052
vt 0.116794 0.516481
vt 0.125451 0.515134
vt 0.105524 0.532297
vt 0.011284 0.650523
vt 0.001136 0.650523
vt 0.005087 0.647042
vt 0.258531 0.007460
vt 0.269105 0.013564
vt 0.249524 0.013902
vt 0.366719 0.224391
vt 0.371807 0.223971
vt 0.370906 0.965049
vt 0.354486 0.972290
vt 0.343158 0.960961
vt 0.137577 0.920066
vt 0.153098 0.916767
vt 0.145760 0.948770
vt 0.745052 0.990087
vt 0.745052 0.999481
vt 0.740294 0.995367
vt 0.473118 0.039380
vt 0.480234 0.049542
vt 0.456179 0.048498
vt 0.025885 0.487568
vt 0.025885 0.467654
vt 0.039192 0.488133
vt 0.894494 0.719617
vt 0.869339 0.036906
vt 0.696985 0.947035
vt 0.473438 0.566090
vt 0.950110 0.010422
vt 0.931658 0.010422
vt 0.944174 0.005971
vt 0.522376 0.446662
vt 0.000079 0.215641
vt 0.000915 0.218762
vt 0.000607 0.227479
vt 0.393089 0.313529
vt 0.133814 0.609636
vt 0.575996 0.434344
vt 0.599134 0.433534
vt 0.625609 0.701797
vt 0.652617 0.013895
vt 0.652270 0.003977
vt 0.656224 0.003492
vt 0.010682 0.543716
vt 0.409401 0.354407
vt 0.114448 0.176020
vt 0.237274 0.098110
vt 0.232575 0.124940
vt 0.223457 0.105769
vt 0.036984 0.612099
vt 0.043990 0.617978
vt 0.037777 0.634299
vt 0.327478 0.122382
vt 0.320759 0.140410
vt 0.305201 0.128687
vt 0.536680 0.083838
vt 0.544791 0.086325
vt 0.537387 0.099149
vt 0.407450 0.960465
vt 0.907140 0.315504
vt 0.907835 0.301672
vt 0.911565 0.313441
vt 0.294354 0.196489
vt 0.276785 0.170624
vt 0.290883 0.182571
vt 0.312887 0.034808
vt 0.314741 0.046512
vt 0.299268 0.054611
vt 0.460788 0.040021
vt 0.993244 0.235539
vt 0.998311 0.237185
vt 0.995962 0.242852
vt 0.678738 0.016922
vt 0.680310 0.004116
vt 0.684899 0.019233
vt 0.681320 0.172437
vt 0.708393 0.174806
vt 0.662198 0.173622
vt 0.479268 0.826411
vt 0.394664 0.817519
vt 0.380146 0.747359
vt 0.360504 0.785632
vt 0.273413 0.013277
vt 0.261444 0.007696
vt 0.281030 0.007091
vt 0.962654 0.627580
vt 0.802785 0.333445
vt 0.926099 0.899482
vt 0.926099 0.862565
vt 0.937289 0.887931
vt 0.412685 0.076536
vt 0.418825 0.078367
vt 0.409589 0.077587
vt 0.406459 0.987922
vt 0.410067 0.982769
vt 0.423149 0.987535
vt 0.333467 0.972600
vt 0.031638 0.387580
vt 0.014065 0.393290
vt 0.024629 0.383163
vt 0.495081 0.996201
vt 0.125316 0.145807
vt 0.139312 0.141259
vt 0.126913 0.152282
vt 0.550475 0.031958
vt 0.573718 0.031958
vt 0.556218 0.034112
vt 0.982723 0.320289
vt 0.982723 0.303158
vt 0.990451 0.308048
vt 0.337222 0.854139
vt 0.720349 0.491134
vt 0.150752 0.999577
vt 0.156472 0.998568
vt 0.161717 0.999942
vt 0.295306 0.074535
vt 0.323670 0.070297
vt 0.310748 0.077258
vt 0.051495 0.184846
vt 0.043659 0.199158
vt 0.039257 0.197198
vt 0.496267 0.999458
vt 0.494386 0.999118
vt 0.131300 0.930288
vt 0.006154 0.547143
vt 0.909717 0.021565
vt 0.911075 0.030138
vt 0.897172 0.039041
vt 0.733561 0.005605
vt 0.032703 0.919813
vt 0.023714 0.734660
vt 0.010563 0.734660
vt 0.016257 0.732304
vt 0.528401 0.005303
vt 0.514572 0.010337
vt 0.509353 0.005063
vt 0.013104 0.402299
vt 0.027518 0.400529
vt 0.030612 0.408214
vt 0.996139 0.180832
vt 0.993645 0.178062
vt 0.998930 0.179646
vt 0.325136 0.002690
vt 0.342524 0.002690
vt 0.333584 0.004265
vt 0.024650 0.895447
vt 0.015391 0.893713
vt 0.012608 0.889738
vt 0.238834 0.939408
vt 0.898320 0.042342
vt 0.916941 0.049120
vt 0.891802 0.049561
vt 0.346368 0.620431
vt 0.327791 0.599733
vt 0.841816 0.255534
vt 0.827148 0.272216
vt 0.816637 0.273693
vt 0.218969 0.087029
vt 0.990236 0.098208
vt 0.990236 0.085101
vt 0.996352 0.087454
vt 0.986393 0.071302
vt 0.957969 0.071302
vt 0.969254 0.059349
vt 0.802408 0.604084
vt 0.032459 0.197779
vt 0.588643 0.638431
vt 0.031424 0.918439
vt 0.031814 0.914811
vt 0.513107 0.141076
vt 0.489087 0.141887
vt 0.475964 0.130876
vt 0.123755 0.175580
vt 0.544021 0.118958
vt 0.567215 0.644912
vt 0.405995 0.097831
vt 0.562724 0.050693
vt 0.542526 0.060584
vt 0.547455 0.052029
vt 0.345989 0.987239
vt 0.359128 0.987791
vt 0.349940 0.995714
vt 0.572538 0.027891
vt 0.412974 0.575934
vt 0.884264 0.348657
vt 0.878799 0.339161
vt 0.881322 0.334790
vt 0.537939 0.978763
vt 0.527700 0.978317
vt 0.316479 0.505240
vt 0.305913 0.497022
vt 0.323088 0.505490
vt 0.915085 0.035624
vt 0.723617 0.185266
vt 0.724282 0.193375
vt 0.715217 0.198801
vt 0.003125 0.275636
vt 0.007917 0.270315
vt 0.017242 0.271533
vt 0.932401 0.822141
vt 0.938310 0.110584
vt 0.949268 0.105847
vt 0.943817 0.115205
vt 0.834954 0.997443
vt 0.825282 0.990416
vt 0.836417 0.988647
vt 0.735956 0.995461
vt 0.732382 0.992716
vt 0.736621 0.988622
vt 0.547234 0.292221
vt 0.797860 0.533320
vt 0.804793 0.537006
vt 0.788459 0.540815
vt 0.015243 0.455388
vt 0.003138 0.459322
vt 0.006149 0.447782
vt 0.277143 0.327339
vt 0.728048 0.207663
vt 0.710029 0.206706
vt 0.205975 0.153769
vt 0.194933 0.160731
vt 0.194460 0.151738
vt 0.992620 0.016695
vt 0.691273 0.499816
vt 0.761800 0.298552
vt 0.740111 0.294282
vt 0.751076 0.253361
vt 0.823601 0.615014
vt 0.821138 0.620296
vt 0.806831 0.599620
vt 0.137307 0.558355
vt 0.134719 0.557086
vt 0.129369 0.538555
vt 0.147034 0.163642
vt 0.166386 0.170686
vt 0.144543 0.185091
vt 0.189434 0.660867
vt 0.243215 0.947201
vt 0.815545 0.525054
vt 0.913387 0.322089
vt 0.016447 0.882159
vt 0.366254 0.207567
vt 0.020242 0.359095
vt 0.014919 0.353772
vt 0.033268 0.354180
vt 0.382449 0.988057
vt 0.373651 0.982977
vt 0.390383 0.982634
vt 0.004524 0.543507
vt 0.573640 0.989329
vt 0.572437 0.977881
vt 0.581065 0.989332
vt 0.046757 0.613355
vt 0.050317 0.593167
vt 0.050610 0.618954
vt 0.155873 0.109710
vt 0.169625 0.113394
vt 0.151378 0.120707
vt 0.799917 0.994933
vt 0.800919 0.986775
vt 0.804157 0.997329
vt 0.330942 0.191294
vt 0.713257 0.059705
vt 0.709876 0.058474
vt 0.724107 0.057353
vt 0.413714 0.227350
vt 0.723098 0.060355
vt 0.938374 0.103862
vt 0.009169 0.651843
vt 0.022625 0.661619
vt 0.011261 0.659259
vt 0.870330 0.988471
vt 0.856069 0.983837
vt 0.873191 0.979736
vt 0.773522 0.025168
vt 0.779024 0.016064
vt 0.782601 0.022218
vt 0.565941 0.456680
vt 0.833513 0.617093
vt 0.159464 0.890773
vt 0.161320 0.902672
vt 0.956498 0.017761
vt 0.966549 0.011958
vt 0.976438 0.017849
vt 0.849404 0.620383
vt 0.731079 0.062747
vt 0.316822 0.906065
vt 0.319082 0.862937
vt 0.424502 0.903502
vt 0.111855 0.540886
vt 0.085474 0.030285
vt 0.087720 0.016909
vt 0.105286 0.024006
vt 0.569247 0.060441
vt 0.880349 0.623648
vt 0.897383 0.611721
vt 0.897594 0.655542
vt 0.564242 0.001213
vt 0.568168 0.004065
vt 0.561986 0.006239
vt 0.822801 0.147088
vt 0.844748 0.135676
vt 0.838545 0.152204
vt 0.483753 0.575058
vt 0.017612 0.281189
vt 0.022760 0.290871
vt 0.011517 0.281539
vt 0.996998 0.161038
vt 0.991417 0.157838
vt 0.996998 0.157572
vt 0.239340 0.933467
vt 0.005575 0.132424
vt 0.004994 0.121885
vt 0.010903 0.121885
vt 0.866805 0.948727
vt 0.867117 0.937446
vt 0.879131 0.938286
vt 0.148136 0.893865
vt 0.792797 0.019492
vt 0.280481 0.285484
vt 0.823914 0.134280
vt 0.702106 0.062866
vt 0.855173 0.050287
vt 0.875786 0.051002
vt 0.935948 0.104291
vt 0.920102 0.109459
vt 0.017283 0.298046
vt 0.781630 0.571441
vt 0.774935 0.568367
vt 0.780430 0.541561
vt 0.954182 0.031758
vt 0.943535 0.027177
vt 0.954035 0.027558
vt 0.003642 0.520947
vt 0.008439 0.517305
vt 0.008222 0.520947
vt 0.319533 0.058361
vt 0.911836 0.071339
vt 0.908777 0.064777
vt 0.938218 0.066523
vt 0.414127 0.581717
vt 0.986786 0.575822
vt 0.205286 0.101387
vt 0.346760 0.722598
vt 0.536775 0.169696
vt 0.538759 0.161118
vt 0.561658 0.168559
vt 0.043092 0.016806
vt 0.027026 0.017367
vt 0.024966 0.010949
vt 0.181743 0.087770
vt 0.151093 0.087770
vt 0.180937 0.077655
vt 0.259042 0.964168
vt 0.011819 0.673911
vt 0.001692 0.673911
vt 0.001594 0.668861
vt 0.024306 0.877032
vt 0.043983 0.668457
vt 0.025565 0.668457
vt 0.033951 0.664379
vt 0.070440 0.786793
vt 0.063316 0.761978
vt 0.081244 0.762604
vt 0.001497 0.518412
vt 0.916718 0.042693
vt 0.142079 0.899514
vt 0.991461 0.179179
vt 0.759051 0.577442
vt 0.450862 0.085072
vt 0.446418 0.097550
vt 0.441143 0.094504
vt 0.054871 0.336614
vt 0.056055 0.322971
vt 0.058392 0.329063
vt 0.056169 0.309685
vt 0.990027 0.694492
vt 0.984141 0.697890
vt 0.984301 0.681643
vt 0.961598 0.139326
vt 0.954316 0.126482
vt 0.961554 0.113945
vt 0.935885 0.119685
vt 0.364710 0.211966
vt 0.010236 0.534035
vt 0.019797 0.538493
vt 0.005041 0.538346
vt 0.132124 0.183459
vt 0.472979 0.129912
vt 0.557837 0.192766
vt 0.497855 0.128356
vt 0.827382 0.736510
vt 0.993630 0.102408
vt 0.999415 0.104288
vt 0.997181 0.110706
vt 0.298907 0.058405
vt 0.556705 0.061287
vt 0.569632 0.065392
vt 0.553292 0.074990
vt 0.038122 0.732316
vt 0.025961 0.749055
vt 0.026244 0.739950
vt 0.273414 0.178055
vt 0.633643 0.955922
vt 0.632647 0.974931
vt 0.623684 0.981982
vt 0.136157 0.166881
vt 0.618481 0.121176
vt 0.630228 0.112344
vt 0.076266 0.905409
vt 0.063999 0.900804
vt 0.070926 0.899266
vt 0.022209 0.711902
vt 0.260231 0.950238
vt 0.265880 0.955880
vt 0.692928 0.056966
vt 0.676724 0.055550
vt 0.671205 0.041891
vt 0.608409 0.981508
vt 0.597182 0.973935
vt 0.593776 0.962854
vt 0.415515 0.999343
vt 0.415515 0.993756
vt 0.417421 0.999204
vt 0.341595 0.123680
vt 0.278947 0.281205
vt 0.915114 0.105684
vt 0.959182 0.275835
vt 0.959182 0.308865
vt 0.953386 0.306553
vt 0.856978 0.961709
vt 0.838703 0.957856
vt 0.865922 0.953261
vt 0.122486 0.334151
vt 0.908727 0.326723
vt 0.718522 0.184907
vt 0.790181 0.229211
vt 0.781829 0.231237
vt 0.776531 0.208288
vt 0.810901 0.518743
vt 0.813202 0.596707
vt 0.359426 0.995871
vt 0.949683 0.517236
vt 0.949683 0.551815
vt 0.939537 0.542476
vt 0.010145 0.136436
vt 0.222855 0.651553
vt 0.137905 0.168099
vt 0.153165 0.154170
vt 0.989544 0.324016
vt 0.984442 0.339717
vt 0.983631 0.323472
vt 0.128998 0.076989
vt 0.118829 0.082860
vt 0.118928 0.065178
vt 0.869816 0.954819
vt 0.236189 0.052423
vt 0.236973 0.037456
vt 0.243195 0.031531
vt 0.630997 0.097892
vt 0.648696 0.110751
vt 0.625017 0.111916
vt 0.536134 0.113055
vt 0.307132 0.019119
vt 0.313335 0.029683
vt 0.310423 0.028162
vt 0.800245 0.022189
vt 0.794850 0.025304
vt 0.797686 0.018987
vt 0.053650 0.059313
vt 0.054299 0.039474
vt 0.063918 0.054525
vt 0.022605 0.459765
vt 0.035691 0.439391
vt 0.031940 0.458948
vt 0.897002 0.784085
vt 0.885909 0.792445
vt 0.896911 0.759663
vt 0.950252 0.254848
vt 0.943819 0.268642
vt 0.941949 0.242933
vt 0.408856 0.097063
vt 0.821065 0.218068
vt 0.789217 0.208593
vt 0.836028 0.049071
vt 0.821975 0.049298
vt 0.830607 0.041330
vt 0.773125 0.233813
vt 0.767608 0.213571
vt 0.419024 0.322223
vt 0.082984 0.050324
vt 0.096693 0.053998
vt 0.070719 0.052965
vt 0.691751 0.997447
vt 0.691091 0.992622
vt 0.696646 0.990148
vt 0.103559 0.137371
vt 0.117211 0.120189
vt 0.119550 0.133086
vt 0.318431 0.030254
vt 0.325796 0.028955
vt 0.317522 0.046523
vt 0.532490 0.981914
vt 0.956888 0.575688
vt 0.958306 0.549561
vt 0.964622 0.562294
vt 0.991080 0.164832
vt 0.219169 0.632587
vt 0.630719 0.687315
vt 0.423983 0.091054
vt 0.953951 0.146363
vt 0.804418 0.070758
vt 0.811578 0.100132
vt 0.804418 0.100077
vt 0.810892 0.101040
vt 0.813182 0.127085
vt 0.801323 0.133932
vt 0.344319 0.002719
vt 0.352516 0.010916
vt 0.335015 0.011190
vt 0.133018 0.069372
vt 0.147937 0.075806
vt 0.362733 0.989375
vt 0.361226 0.982805
vt 0.371434 0.982805
vt 0.045278 0.040420
vt 0.314196 0.883802
vt 0.997578 0.902126
vt 0.997578 0.892708
vt 0.999938 0.896582
vt 0.744539 0.016669
vt 0.458131 0.881127
vt 0.229176 0.005734
vt 0.248718 0.014508
vt 0.240620 0.015336
vt 0.325435 0.052018
vt 0.894622 0.479929
vt 0.897627 0.503727
vt 0.889259 0.491430
vt 0.356572 0.209955
vt 0.059448 0.765324
vt 0.035932 0.765324
vt 0.058874 0.758769
vt 0.390294 0.010216
vt 0.377705 0.005633
vt 0.397258 0.005184
vt 0.921857 0.746766
vt 0.923730 0.748647
vt 0.923730 0.758857
vt 0.949257 0.272598
vt 0.046046 0.064848
vt 0.405688 0.961386
vt 0.361641 0.962621
vt 0.388160 0.949113
vt 0.910770 0.882005
vt 0.921321 0.897820
vt 0.911057 0.910052
vt 0.030593 0.899813
vt 0.030593 0.920867
vt 0.025542 0.899798
vt 0.260019 0.611475
vt 0.726866 0.985165
vt 0.612605 0.125655
vt 0.615056 0.810530
vt 0.615056 0.688197
vt 0.642768 0.810561
vt 0.766443 0.215938
vt 0.767842 0.176125
vt 0.771040 0.183230
vt 0.037032 0.313094
vt 0.036142 0.323270
vt 0.035496 0.299184
vt 0.257559 0.171044
vt 0.562500 0.430006
vt 0.698975 0.085487
vt 0.722481 0.096768
vt 0.698975 0.100475
vt 0.007238 0.878513
vt 0.005678 0.881217
vt 0.006221 0.865927
vt 0.161635 0.160180
vt 0.813948 0.258918
vt 0.154551 0.141117
vt 0.629035 0.982615
vt 0.643195 0.982615
vt 0.639236 0.991057
vt 0.362159 0.083045
vt 0.370473 0.081925
vt 0.367514 0.090519
vt 0.645988 0.689304
vt 0.546394 0.061487
vt 0.507197 0.054518
vt 0.510561 0.075226
vt 0.503970 0.076992
vt 0.473254 0.126319
vt 0.995104 0.185078
vt 0.245961 0.005528
vt 0.997155 0.184893
vt 0.000006 0.127673
vt 0.002974 0.132814
vt 0.000148 0.140087
vt 0.255335 0.486438
vt 0.263655 0.495218
vt 0.420371 0.555597
vt 0.810679 0.071286
vt 0.539983 0.069753
vt 0.121741 0.164654
vt 0.000179 0.798549
vt 0.002305 0.800333
vt 0.000316 0.806021
vt 0.010882 0.586079
vt 0.001040 0.586079
vt 0.003857 0.583320
vt 0.697314 0.983473
vt 0.691968 0.989845
vt 0.691657 0.975381
vt 0.090955 0.013506
vt 0.109244 0.007563
vt 0.108730 0.013798
vt 0.610805 0.581227
vt 0.615217 0.556330
vt 0.269996 0.318460
vt 0.035588 0.060203
vt 0.418067 0.993702
vt 0.241998 0.711445
vt 0.275757 0.018548
vt 0.292502 0.023035
vt 0.270836 0.023181
vt 0.696887 0.986656
vt 0.924215 0.375459
vt 0.925797 0.368813
vt 0.928741 0.365305
vt 0.172831 0.004513
vt 0.169364 0.005775
vt 0.173185 0.002670
vt 0.270723 0.290067
vt 0.937338 0.829600
vt 0.857619 0.144292
vt 0.802268 0.018315
vt 0.785980 0.205510
vt 0.830485 0.203234
vt 0.832722 0.215921
vt 0.139119 0.557047
vt 0.540608 0.111373
vt 0.915923 0.332663
vt 0.531585 0.200639
vt 0.722178 0.285519
vt 0.717454 0.279467
vt 0.016351 0.216107
vt 0.011473 0.227807
vt 0.005010 0.218106
vt 0.031574 0.972440
vt 0.025786 0.973460
vt 0.030293 0.952521
vt 0.068483 0.044918
vt 0.691362 0.048567
vt 0.166154 0.002875
vt 0.289544 0.042250
vt 0.289544 0.066047
vt 0.285221 0.054931
vt 0.362901 0.203806
vt 0.918557 0.883101
vt 0.367542 0.074969
vt 0.817623 0.041882
vt 0.130631 0.365105
vt 0.875711 0.004951
vt 0.862316 0.007260
vt 0.863247 0.004951
vt 0.022431 0.442511
vt 0.954008 0.017333
vt 0.555293 0.425852
vt 0.728363 0.094079
vt 0.718765 0.083563
vt 0.086837 0.995381
vt 0.084077 0.996385
vt 0.074116 0.995169
vt 0.303293 0.197955
vt 0.302247 0.208107
vt 0.295813 0.214541
vt 0.054275 0.185870
vt 0.058492 0.170130
vt 0.058233 0.196487
vt 0.386359 0.020409
vt 0.367134 0.023703
vt 0.367491 0.013484
vt 0.349988 0.367981
vt 0.176056 0.104626
vt 0.025500 0.862022
vt 0.028557 0.862291
vt 0.027923 0.869543
vt 0.025554 0.960619
vt 0.377969 0.989063
vt 0.206342 0.105377
vt 0.126807 0.914774
vt 0.025543 0.871509
vt 0.331031 0.960832
vt 0.420642 0.097739
vt 0.101057 0.662815
vt 0.087891 0.659665
vt 0.099295 0.657392
vt 0.829645 0.038579
vt 0.831863 0.028970
vt 0.839245 0.036937
vt 0.254925 0.314405
vt 0.231666 0.308540
vt 0.707193 0.483609
vt 0.082847 0.515539
vt 0.066621 0.537871
vt 0.059230 0.501870
vt 0.915208 0.116193
vt 0.681401 0.411331
vt 0.359320 0.216371
vt 0.269151 0.962271
vt 0.514737 0.179186
vt 0.959788 0.742017
vt 0.964702 0.731479
vt 0.963591 0.764795
vt 0.869070 0.016928
vt 0.889499 0.016928
vt 0.885752 0.032749
vt 0.185872 0.197400
vt 0.213030 0.198397
vt 0.232371 0.226020
vt 0.011384 0.408345
vt 0.001035 0.408345
vt 0.008927 0.402882
vt 0.214365 0.707512
vt 0.784925 0.699062
vt 0.777292 0.700334
vt 0.795511 0.674651
vt 0.545819 0.449160
vt 0.014765 0.833446
vt 0.010502 0.821734
vt 0.014833 0.817324
vt 0.698180 0.199376
vt 0.029742 0.073344
vt 0.435069 0.341378
vt 0.083726 0.119460
vt 0.907032 0.424118
vt 0.900519 0.416787
vt 0.908977 0.405563
vt 0.688705 0.489597
vt 0.313210 0.487867
vt 0.800805 0.611848
vt 0.074394 0.755184
vt 0.002715 0.075383
vt 0.000171 0.076852
vt 0.000599 0.073214
vt 0.964114 0.583574
vt 0.419539 0.081365
vt 0.562316 0.074534
vt 0.987856 0.874324
vt 0.981344 0.883623
vt 0.982018 0.866004
vt 0.361008 0.352346
vt 0.499375 0.077465
vt 0.097865 0.017290
vt 0.363739 0.101351
vt 0.373873 0.107202
vt 0.355369 0.106796
vt 0.810768 0.049579
vt 0.383490 0.013957
vt 0.991135 0.183652
vt 0.166716 0.424595
vt 0.180774 0.447498
vt 0.169336 0.434374
vt 0.656608 0.160173
vt 0.644438 0.167199
vt 0.612641 0.161074
vt 0.890691 0.422181
vt 0.838701 0.030733
vt 0.795306 0.006489
vt 0.795698 0.349558
vt 0.136083 0.540099
vt 0.857243 0.718118
vt 0.869434 0.714851
vt 0.864677 0.743126
vt 0.078736 0.677928
vt 0.747278 0.168066
vt 0.000680 0.328583
vt 0.002933 0.325483
vt 0.007765 0.330255
vt 0.180942 0.215128
vt 0.196349 0.237772
vt 0.734965 0.019674
vt 0.170623 0.014704
vt 0.171141 0.008789
vt 0.187740 0.013813
vt 0.977103 0.983678
vt 0.988198 0.993967
vt 0.976786 0.989744
vt 0.057857 0.039443
vt 0.083226 0.039443
vt 0.066365 0.042525
vt 0.232185 0.198075
vt 0.354228 0.092373
vt 0.359474 0.094068
vt 0.192681 0.135217
vt 0.183406 0.151948
vt 0.173940 0.155394
vt 0.840696 0.230177
vt 0.881170 0.323865
vt 0.518738 0.429168
vt 0.022653 0.073923
vt 0.083133 0.133417
vt 0.339491 0.107558
vt 0.348352 0.100092
vt 0.000243 0.974383
vt 0.002241 0.975032
vt 0.001369 0.977430
vt 0.995942 0.761188
vt 0.988579 0.771322
vt 0.987168 0.760720
vt 0.976167 0.385451
vt 0.976167 0.357056
vt 0.978627 0.353744
vt 0.926515 0.362922
vt 0.047500 0.000555
vt 0.050445 0.001928
vt 0.043445 0.001715
vt 0.742299 0.009118
vt 0.417078 0.015583
vt 0.435619 0.021786
vt 0.422713 0.026642
vt 0.943082 0.278180
vt 0.989931 0.987774
vt 0.029145 0.883135
vt 0.410244 0.093305
vt 0.889329 0.903654
vt 0.901725 0.883769
vt 0.908945 0.889615
vt 0.225126 0.050309
vt 0.235334 0.052435
vt 0.235334 0.077361
vt 0.535425 0.294020
vt 0.868593 0.016054
vt 0.871509 0.008023
vt 0.885934 0.008023
vt 0.664628 0.687943
vt 0.015516 0.221451
vt 0.019258 0.216107
vt 0.019239 0.233471
vt 0.878734 0.883806
vt 0.873470 0.912058
vt 0.916062 0.036920
vt 0.937888 0.026040
vt 0.925817 0.039534
vt 0.335668 0.500877
vt 0.329587 0.491586
vt 0.621142 0.169777
vt 0.626685 0.165736
vt 0.632854 0.173088
vt 0.358514 0.209448
vt 0.817163 0.514975
vt 0.167927 0.088554
vt 0.189270 0.088892
vt 0.186327 0.095251
vt 0.919150 0.027087
vt 0.165407 0.088433
vt 0.400740 0.206688
vt 0.376388 0.216527
vt 0.396073 0.197221
vt 0.233832 0.019072
vt 0.240794 0.019072
vt 0.231072 0.022657
vt 0.013637 0.797609
vt 0.008460 0.793265
vt 0.013895 0.782122
vt 0.749148 0.195871
vt 0.538457 0.410416
vt 0.558443 0.412600
vt 0.163993 0.005595
vt 0.150754 0.088775
vt 0.242733 0.619634
vt 0.179101 0.095751
vt 0.072849 0.381817
vt 0.057305 0.389259
vt 0.064596 0.380362
vt 0.165767 0.535715
vt 0.164186 0.556329
vt 0.154174 0.539934
vt 0.450066 0.904922
vt 0.786740 0.950163
vt 0.791541 0.965532
vt 0.759211 0.964758
vt 0.004848 0.464489
vt 0.010884 0.467304
vt 0.001039 0.467453
vt 0.190032 0.008147
vt 0.539328 0.010193
vt 0.520285 0.010193
vt 0.527011 0.007194
vt 0.888249 0.802185
vt 0.499915 0.084263
vt 0.505296 0.077839
vt 0.529395 0.084296
vt 0.852104 0.701687
vt 0.000213 0.101900
vt 0.002768 0.097475
vt 0.002233 0.109678
vt 0.888311 0.430503
vt 0.872754 0.416664
vt 0.184524 0.226758
vt 0.943092 0.017447
vt 0.812159 0.027099
vt 0.793039 0.027704
vt 0.806040 0.020980
vt 0.845680 0.117518
vt 0.864701 0.101558
vt 0.879605 0.117401
vt 0.242456 0.022468
vt 0.120469 0.658035
vt 0.609382 0.503370
vt 0.345343 0.083035
vt 0.375373 0.005110
vt 0.204014 0.053007
vt 0.202230 0.038479
vt 0.211580 0.031444
vt 0.910801 0.869878
vt 0.355900 0.221937
vt 0.540651 0.067577
vt 0.367808 0.945476
vt 0.149697 0.549015
vt 0.225517 0.150587
vt 0.250149 0.169099
vt 0.224139 0.163698
vt 0.100584 0.670056
vt 0.160092 0.432812
vt 0.164782 0.413831
vt 0.002158 0.488232
vt 0.002373 0.482075
vt 0.008771 0.491099
vt 0.676854 0.419151
vt 0.130064 0.899794
vt 0.599134 0.976790
vt 0.609013 0.984607
vt 0.599859 0.987156
vt 0.400535 0.323532
vt 0.585818 0.650473
vt 0.565522 0.649076
vt 0.160237 0.751703
vt 0.175291 0.736168
vt 0.198047 0.762346
vt 0.619181 0.693929
vt 0.671233 0.027784
vt 0.677076 0.019410
vt 0.692404 0.020751
vt 0.307398 0.039997
vt 0.295958 0.998538
vt 0.291850 0.999873
vt 0.290232 0.992179
vt 0.621775 0.165716
vt 0.419481 0.086333
vt 0.515767 0.077154
vt 0.806840 0.503307
vt 0.991289 0.071894
vt 0.991289 0.065712
vt 0.998776 0.068112
vt 0.688003 0.476469
vt 0.246103 0.611064
vt 0.500573 0.050205
vt 0.352228 0.098648
vt 0.870456 0.421875
vt 0.690999 0.027049
vt 0.775805 0.201358
vt 0.005858 0.482404
vt 0.814512 0.023086
vt 0.732704 0.203447
vt 0.727845 0.200476
vt 0.731519 0.183599
vt 0.857026 0.004166
vt 0.535071 0.993924
vt 0.530608 0.990179
vt 0.542417 0.990256
vt 0.784841 0.986632
vt 0.784671 0.994714
vt 0.781096 0.991096
vt 0.709557 0.294562
vt 0.650486 0.103565
vt 0.683379 0.098943
vt 0.656329 0.121127
vt 0.924309 0.041863
vt 0.942680 0.048549
vt 0.917728 0.048105
vt 0.818229 0.216041
vt 0.010179 0.016717
vt 0.003667 0.007418
vt 0.010242 0.002657
vt 0.905240 0.342640
vt 0.864636 0.601962
vt 0.857172 0.612620
vt 0.857377 0.569537
vt 0.541831 0.993874
vt 0.887493 0.016319
vt 0.832070 0.220996
vt 0.098791 0.320600
vt 0.078591 0.334185
vt 0.087071 0.312989
vt 0.890502 0.520303
vt 0.950705 0.174731
vt 0.941626 0.145425
vt 0.950476 0.139229
vt 0.677397 0.429286
vt 0.849563 0.035848
vt 0.538314 0.453729
vt 0.524610 0.450618
vt 0.358882 0.203143
vt 0.877843 0.325199
vt 0.349052 0.816976
vt 0.046080 0.569856
vt 0.046080 0.594078
vt 0.041351 0.575038
vt 0.923257 0.740835
vt 0.618188 0.057347
vt 0.647088 0.057347
vt 0.644404 0.061381
vt 0.066602 0.007671
vt 0.075417 0.005143
vt 0.066163 0.012740
vt 0.011506 0.245481
vt 0.022771 0.245481
vt 0.012733 0.262219
vt 0.954973 0.010964
vt 0.780981 0.997968
vt 0.002815 0.071087
vt 0.347823 0.012923
vt 0.358585 0.021054
vt 0.354298 0.031666
vt 0.949109 0.175059
vt 0.949109 0.210435
vt 0.944086 0.208173
vt 0.662605 0.677835
vt 0.220041 0.237399
vt 0.780848 0.171484
vt 0.026127 0.193311
vt 0.024496 0.203609
vt 0.012124 0.203422
vt 0.914092 0.599643
vt 0.938756 0.612743
vt 0.938756 0.638310
vt 0.159977 0.719473
vt 0.161353 0.072976
vt 0.154097 0.072976
vt 0.154966 0.047242
vt 0.725335 0.087531
vt 0.996404 0.705747
vt 0.983228 0.706345
vt 0.986240 0.701008
vt 0.858272 0.158815
vt 0.354129 0.011553
vt 0.197802 0.420210
vt 0.991098 0.701720
vt 0.536793 0.100024
vt 0.822126 0.580017
vt 0.224180 0.063048
vt 0.438226 0.887496
vt 0.998108 0.650164
vt 0.999826 0.645442
vt 0.999905 0.651253
vt 0.026637 0.910398
vt 0.022124 0.898327
vt 0.025004 0.901998
vt 0.065576 0.817365
vt 0.080571 0.810253
vt 0.075258 0.817365
vt 0.686442 0.210007
vt 0.862219 0.617009
vt 0.459819 0.942517
vt 0.606243 0.991417
vt 0.418287 0.051910
vt 0.424236 0.062248
vt 0.418615 0.067869
vt 0.477296 0.550105
vt 0.057596 0.361858
vt 0.623039 0.997460
vt 0.623039 0.985650
vt 0.626837 0.994835
vt 0.943842 0.977705
vt 0.949276 0.986027
vt 0.944878 0.986146
vt 0.784902 0.947998
vt 0.789596 0.935641
vt 0.359959 0.100209
vt 0.041869 0.093370
vt 0.056625 0.091033
vt 0.037265 0.105920
vt 0.898552 0.997416
vt 0.891887 0.995630
vt 0.904934 0.995789
vt 0.774179 0.201729
vt 0.071165 0.824819
vt 0.414853 0.020432
vt 0.069000 0.837201
vt 0.280041 0.962173
vt 0.850435 0.044552
vt 0.802527 0.102444
vt 0.040433 0.334126
vt 0.053953 0.320606
vt 0.053379 0.345067
vt 0.226967 0.990344
vt 0.235546 0.992967
vt 0.225641 0.994803
vt 0.945863 0.991992
vt 0.868830 0.521159
vt 0.868675 0.567672
vt 0.850607 0.569253
vt 0.605715 0.556233
vt 0.171753 0.155261
vt 0.211261 0.724210
vt 0.293830 0.821957
vt 0.282174 0.826572
vt 0.291844 0.793776
vt 0.069663 0.389052
vt 0.070439 0.411276
vt 0.059715 0.414724
vt 0.392414 0.194206
vt 0.376090 0.215100
vt 0.388100 0.171388
vt 0.159098 0.760190
vt 0.938890 0.285314
vt 0.938890 0.322734
vt 0.930956 0.309490
vt 0.908333 0.088010
vt 0.913200 0.109784
vt 0.909892 0.111694
vt 0.063154 0.830795
vt 0.072159 0.371771
vt 0.426826 0.354529
vt 0.231603 0.178515
vt 0.207402 0.181256
vt 0.000165 0.065721
vt 0.821583 0.570212
vt 0.043104 0.586515
vt 0.032405 0.574667
vt 0.037499 0.571359
vt 0.783989 0.718608
vt 0.752659 0.688497
vt 0.053230 0.249228
vt 0.053230 0.222704
vt 0.058543 0.231472
vt 0.200471 0.408100
vt 0.327185 0.479003
vt 0.959541 0.014430
vt 0.567793 0.053123
vt 0.579159 0.034866
vt 0.580708 0.043739
vt 0.940557 0.453267
vt 0.950153 0.441831
vt 0.948774 0.476698
vt 0.057366 0.891673
vt 0.200181 0.089407
vt 0.232466 0.975727
vt 0.215100 0.982047
vt 0.208667 0.976040
vt 0.808052 0.586211
vt 0.689483 0.203229
vt 0.357191 0.611507
vt 0.005092 0.231484
vt 0.804103 0.493240
vt 0.302447 0.219183
vt 0.932620 0.833425
vt 0.955700 0.943333
vt 0.959666 0.963113
vt 0.946941 0.964226
vt 0.416832 0.091046
vt 0.850495 0.545791
vt 0.833224 0.188443
vt 0.843505 0.195690
vt 0.833854 0.203506
vt 0.266034 0.059720
vt 0.257964 0.081894
vt 0.256569 0.054718
vt 0.935590 0.120630
vt 0.937738 0.126141
vt 0.929011 0.119795
vt 0.003047 0.186289
vt 0.014837 0.182458
vt 0.007871 0.200056
vt 0.393528 0.230784
vt 0.594488 0.642107
vt 0.936938 0.019532
vt 0.937402 0.024846
vt 0.921079 0.019465
vt 0.685331 0.106142
vt 0.886513 0.129070
vt 0.875329 0.123801
vt 0.877095 0.118670
vt 0.274978 0.488652
vt 0.369548 0.697274
vt 0.360270 0.691872
vt 0.011487 0.588689
vt 0.018816 0.592769
vt 0.018404 0.604555
vt 0.285109 0.006559
vt 0.281706 0.008293
vt 0.284171 0.000649
vt 0.592880 0.993400
vt 0.592718 0.979857
vt 0.599035 0.984610
vt 0.833042 0.202505
vt 0.785934 0.202505
vt 0.829023 0.180009
vt 0.921986 0.004464
vt 0.911958 0.005342
vt 0.906628 0.004097
vt 0.562791 0.079978
vt 0.877758 0.340035
vt 0.885705 0.369695
vt 0.876838 0.384754
vt 0.353844 0.072171
vt 0.916547 0.026238
vt 0.547271 0.088241
vt 0.835481 0.208252
vt 0.820582 0.506598
vt 0.153667 0.723105
vt 0.159610 0.710580
vt 0.149636 0.574168
vt 0.644818 0.038075
vt 0.644818 0.017563
vt 0.651258 0.022003
vt 0.366976 0.944374
vt 0.360389 0.940802
vt 0.376956 0.919646
vt 0.349404 0.960610
vt 0.102334 0.294353
vt 0.104221 0.316055
vt 0.525916 0.161010
vt 0.995979 0.262843
vt 0.996364 0.277148
vt 0.992210 0.266005
vt 0.136810 0.500264
vt 0.134685 0.512451
vt 0.131762 0.504406
vt 0.894477 0.523052
vt 0.432240 0.882412
vt 0.928336 0.355221
vt 0.668715 0.315679
vt 0.650236 0.354124
vt 0.630098 0.342961
vt 0.982743 0.801256
vt 0.982743 0.783941
vt 0.987451 0.786079
vt 0.998119 0.643332
vt 0.678619 0.341587
vt 0.134908 0.531767
vt 0.237350 0.986816
vt 0.038978 0.594563
vt 0.927400 0.129344
vt 0.456363 0.988865
vt 0.439812 0.988865
vt 0.442944 0.988283
vt 0.159627 0.005133
vt 0.161712 0.002836
vt 0.950465 0.882802
vt 0.957055 0.895065
vt 0.945081 0.903449
vt 0.523351 0.036856
vt 0.515988 0.059517
vt 0.515397 0.038539
vt 0.214123 0.305389
vt 0.045570 0.344671
vt 0.730235 0.100739
vt 0.958647 0.931948
vt 0.950809 0.935897
vt 0.169692 0.562311
vt 0.172768 0.585571
vt 0.576889 0.093251
vt 0.553600 0.091214
vt 0.583026 0.080122
vt 0.913326 0.081054
vt 0.860287 0.222883
vt 0.918645 0.160954
vt 0.445937 0.198711
vt 0.415713 0.193382
vt 0.455927 0.196021
vt 0.362274 0.010043
vt 0.921561 0.736678
vt 0.253496 0.062641
vt 0.255643 0.080126
vt 0.245102 0.089867
vt 0.702681 0.254854
vt 0.374223 0.231587
vt 0.034190 0.270690
vt 0.015984 0.270690
vt 0.023579 0.265326
vt 0.097176 0.281811
vt 0.045387 0.106682
vt 0.809125 0.487501
vt 0.795860 0.994820
vt 0.785462 0.991036
vt 0.797251 0.990732
vt 0.355725 0.215781
vt 0.552592 0.081433
vt 0.859110 0.617746
vt 0.791226 0.995358
vt 0.801779 0.011501
vt 0.388999 0.947306
vt 0.015194 0.601035
vt 0.997758 0.800811
vt 0.999864 0.802617
vt 0.997652 0.808695
vt 0.994662 0.374352
vt 0.994662 0.360372
vt 0.996893 0.360632
vt 0.214594 0.150594
vt 0.935826 0.842882
vt 0.596049 0.993814
vt 0.993058 0.336521
vt 0.995019 0.341910
vt 0.993434 0.350513
vt 0.160991 0.718531
vt 0.182408 0.690109
vt 0.200161 0.755991
vt 0.073596 0.831685
vt 0.544106 0.385106
vt 0.481387 0.381863
vt 0.488953 0.367226
vt 0.284629 0.958930
vt 0.765527 0.068094
vt 0.773034 0.097331
vt 0.765527 0.096800
vt 0.528361 0.291055
vt 0.524335 0.311930
vt 0.763812 0.013268
vt 0.756804 0.003622
vt 0.762282 0.003714
vt 0.856878 0.202948
vt 0.263994 0.281897
vt 0.060655 0.882966
vt 0.987885 0.648704
vt 0.980818 0.652304
vt 0.986985 0.635587
vt 0.153072 0.136336
vt 0.991001 0.187405
vt 0.996861 0.195469
vt 0.990223 0.196599
vt 0.615318 0.164079
vt 0.612480 0.169352
vt 0.600273 0.129025
vt 0.598762 0.129862
vt 0.600660 0.120646
vt 0.426366 0.196722
vt 0.062440 0.525032
vt 0.059875 0.532081
vt 0.059228 0.510343
vt 0.909232 0.614518
vt 0.910235 0.634843
vt 0.191835 0.402402
vt 0.107213 0.090869
vt 0.085365 0.100329
vt 0.085170 0.088941
vt 0.999520 0.809721
vt 0.156671 0.002716
vt 0.150113 0.253271
vt 0.129774 0.238865
vt 0.157784 0.232905
vt 0.252783 0.019290
vt 0.932534 0.188953
vt 0.937450 0.170607
vt 0.938802 0.207436
vt 0.079999 0.158454
vt 0.088407 0.170072
vt 0.081207 0.172264
vt 0.806253 0.235645
vt 0.857424 0.118444
vt 0.799674 0.982663
vt 0.785922 0.984928
vt 0.792460 0.982663
vt 0.054684 0.175112
vt 0.054684 0.148782
vt 0.058580 0.167248
vt 0.021107 0.975319
vt 0.039499 0.975319
vt 0.028354 0.978978
vt 0.295466 0.964560
vt 0.000618 0.876544
vt 0.002363 0.878623
vt 0.000785 0.882025
vt 0.062146 0.067162
vt 0.069503 0.068352
vt 0.062154 0.095779
vt 0.116519 0.099024
vt 0.922114 0.713883
vt 0.922114 0.680667
vt 0.924384 0.720227
vt 0.374253 0.060817
vt 0.395764 0.070848
vt 0.367277 0.071324
vt 0.012921 0.940666
vt 0.012921 0.922723
vt 0.026324 0.934943
vt 0.034039 0.253506
vt 0.016632 0.259162
vt 0.018841 0.254653
vt 0.071868 0.849537
vt 0.071868 0.868409
vt 0.060569 0.850968
vt 0.510774 0.060531
vt 0.504404 0.043029
vt 0.510995 0.036837
vt 0.953612 0.229795
vt 0.952321 0.212961
vt 0.960115 0.218532
vt 0.799771 0.990014
vt 0.210314 0.752012
vt 0.032968 0.070884
vt 0.728421 0.254541
vt 0.213165 0.302132
vt 0.740719 0.650166
vt 0.745461 0.713852
vt 0.740719 0.689744
vt 0.052607 0.247162
vt 0.044264 0.232712
vt 0.052039 0.222286
vt 0.677097 0.348083
vt 0.425178 0.925845
vt 0.052099 0.536353
vt 0.051817 0.515091
vt 0.469533 0.172880
vt 0.476414 0.156194
vt 0.496067 0.159659
vt 0.669961 0.971717
vt 0.690491 0.972773
vt 0.690491 0.981515
vt 0.924002 0.155913
vt 0.651347 0.416847
vt 0.166186 0.384986
vt 0.464944 0.990535
vt 0.463346 0.995453
vt 0.453089 0.989644
vt 0.059617 0.229030
vt 0.061439 0.208208
vt 0.062092 0.236402
vt 0.788975 0.572644
vt 0.793572 0.580530
vt 0.674394 0.982083
vt 0.846263 0.569384
vt 0.361315 0.049384
vt 0.363505 0.036963
vt 0.369481 0.051959
vt 0.812074 0.933165
vt 0.451120 0.954629
vt 0.516165 0.074568
vt 0.517540 0.058327
vt 0.522516 0.069954
vt 0.609259 0.160180
vt 0.608695 0.165200
vt 0.164219 0.245686
vt 0.139384 0.506427
vt 0.069995 0.089956
vt 0.419934 0.078741
vt 0.254933 0.474156
vt 0.471441 0.034234
vt 0.478175 0.030346
vt 0.494779 0.032875
vt 0.677691 0.997811
vt 0.677803 0.991382
vt 0.682965 0.990266
vt 0.020449 0.911410
vt 0.012441 0.137174
vt 0.027300 0.126379
vt 0.025388 0.143865
vt 0.973850 0.181128
vt 0.982931 0.172047
vt 0.981511 0.204009
vt 0.123627 0.913669
vt 0.121217 0.937687
vt 0.114863 0.917033
vt 0.510871 0.191388
vt 0.786199 0.989700
vt 0.681318 0.486070
vt 0.566512 0.034805
vt 0.811816 0.102742
vt 0.818090 0.085504
vt 0.817477 0.116185
vt 0.947291 0.103229
vt 0.926734 0.103238
vt 0.935005 0.088587
vt 0.084814 0.019387
vt 0.084814 0.040226
vt 0.073656 0.019444
vt 0.840737 0.575988
vt 0.946858 0.870520
vt 0.596640 0.675945
vt 0.960247 0.196931
vt 0.158281 0.760039
vt 0.606384 0.125061
vt 0.027730 0.331513
vt 0.027730 0.350554
vt 0.018470 0.347348
vt 0.152152 0.404242
vt 0.997678 0.684418
vt 0.997986 0.676238
vt 0.999828 0.681347
vt 0.815831 0.063012
vt 0.833326 0.057328
vt 0.834939 0.086736
vt 0.999724 0.756428
vt 0.998611 0.750116
vt 0.999899 0.747795
vt 0.331406 0.036216
vt 0.343330 0.027867
vt 0.353144 0.036150
vt 0.045530 0.468173
vt 0.045530 0.491588
vt 0.037928 0.481420
vt 0.977243 0.410136
vt 0.984009 0.391545
vt 0.983806 0.423160
vt 0.345075 0.686645
vt 0.336536 0.645456
vt 0.939447 0.990999
vt 0.999838 0.677290
vt 0.262861 0.006920
vt 0.267502 0.000532
vt 0.272658 0.006084
vt 0.917756 0.092037
vt 0.303566 0.787862
vt 0.226607 0.959271
vt 0.240742 0.960507
vt 0.209158 0.975156
vt 0.347598 0.946571
vt 0.087872 0.142845
vt 0.910313 0.996080
vt 0.915471 0.997462
vt 0.902711 0.997383
vt 0.124753 0.007526
vt 0.144000 0.007526
vt 0.135035 0.015326
vt 0.057637 0.392724
vt 0.067550 0.390617
vt 0.057808 0.416139
vt 0.361743 0.008844
vt 0.361743 0.000595
vt 0.368510 0.006298
vt 0.354384 0.953741
vt 0.602413 0.255476
vt 0.600155 0.276959
vt 0.586083 0.236702
vt 0.170567 0.007715
vt 0.177703 0.002718
vt 0.187605 0.007233
vt 0.670995 0.430079
vt 0.421412 0.079899
vt 0.445453 0.061681
vt 0.443971 0.072569
vt 0.818196 0.955822
vt 0.133759 0.941529
vt 0.011614 0.898853
vt 0.081105 0.136728
vt 0.773470 0.071005
vt 0.077590 0.888783
vt 0.077174 0.901924
vt 0.073195 0.898209
vt 0.088005 0.066193
vt 0.101307 0.072970
vt 0.075613 0.067743
vt 0.073557 0.082839
vt 0.925566 0.806784
vt 0.931364 0.822716
vt 0.926799 0.843986
vt 0.036200 0.196530
vt 0.032354 0.193303
vt 0.035906 0.173564
vt 0.194461 0.170134
vt 0.207626 0.153373
vt 0.801502 0.230866
vt 0.818525 0.220097
vt 0.683733 0.993092
vt 0.690832 0.983320
vt 0.689202 0.997306
vt 0.788056 0.926758
vt 0.996870 0.209800
vt 0.996870 0.223881
vt 0.991704 0.213871
vt 0.802931 0.911765
vt 0.150746 0.382503
vt 0.683475 0.094201
vt 0.654329 0.084730
vt 0.670380 0.079172
vt 0.930497 0.961187
vt 0.937796 0.933946
vt 0.937859 0.970674
vt 0.073604 0.889023
vt 0.381611 0.245899
vt 0.850489 0.126680
vt 0.281675 0.085629
vt 0.289415 0.093370
vt 0.281374 0.116557
vt 0.028935 0.703825
vt 0.028935 0.695083
vt 0.049555 0.698941
vt 0.036810 0.035461
vt 0.042673 0.042449
vt 0.037009 0.058429
vt 0.925552 0.917269
vt 0.928894 0.898315
vt 0.928144 0.929306
vt 0.012710 0.548459
vt 0.003887 0.554869
vt 0.001697 0.549197
vt 0.992928 0.276916
vt 0.404282 0.958167
vt 0.343335 0.079004
vt 0.442171 0.934445
vt 0.525073 0.286680
vt 0.687589 0.309066
vt 0.106839 0.071823
vt 0.115218 0.057311
vt 0.114835 0.085263
vt 0.914619 0.136280
vt 0.121248 0.250264
vt 0.112935 0.250949
vt 0.108012 0.232155
vt 0.308121 0.866132
vt 0.972135 0.080787
vt 0.955912 0.076440
vt 0.985965 0.072573
vt 0.996291 0.466818
vt 0.993277 0.466818
vt 0.994867 0.453202
vt 0.245884 0.974848
vt 0.644911 0.854067
vt 0.630434 0.877407
vt 0.632235 0.866850
vt 0.865733 0.222199
vt 0.242950 0.762596
vt 0.267326 0.729872
vt 0.274772 0.754588
vt 0.383111 0.974952
vt 0.359866 0.972918
vt 0.390396 0.962952
vt 0.690320 0.337223
vt 0.921869 0.887033
vt 0.911164 0.864075
vt 0.922914 0.846698
vt 0.164254 0.599407
vt 0.150055 0.593410
vt 0.079807 0.404964
vt 0.071489 0.413281
vt 0.071212 0.390662
vt 0.200346 0.380619
vt 0.822011 0.921286
vt 0.293555 0.491624
vt 0.878737 0.574281
vt 0.864117 0.595160
vt 0.864287 0.569140
vt 0.923943 0.731896
vt 0.869704 0.694529
vt 0.004971 0.084420
vt 0.004971 0.069083
vt 0.010429 0.078293
vt 0.376883 0.963056
vt 0.716243 0.989555
vt 0.707281 0.987154
vt 0.716119 0.981135
vt 0.385102 0.037055
vt 0.386326 0.048723
vt 0.065875 0.876432
vt 0.028890 0.673703
vt 0.039664 0.673703
vt 0.039316 0.695398
vt 0.339895 0.959689
vt 0.000094 0.708778
vt 0.000094 0.706532
vt 0.010208 0.710281
vt 0.291515 0.021551
vt 0.301997 0.018588
vt 0.306371 0.021651
vt 0.619699 0.911705
vt 0.641608 0.930113
vt 0.637435 0.964102
vt 0.284787 0.018780
vt 0.502336 0.151734
vt 0.701044 0.982312
vt 0.584950 0.973606
vt 0.568435 0.977117
vt 0.550172 0.963768
vt 0.915104 0.104160
vt 0.081903 0.839026
vt 0.994219 0.417902
vt 0.995326 0.430553
vt 0.993248 0.431577
vt 0.950247 0.516572
vt 0.939470 0.493462
vt 0.949879 0.481938
vt 0.659733 0.977329
vt 0.633002 0.919849
vt 0.645903 0.908034
vt 0.647268 0.926360
vt 0.865863 0.143851
vt 0.780643 0.591064
vt 0.207951 0.015269
vt 0.188472 0.015269
vt 0.192425 0.008079
vt 0.345189 0.989385
vt 0.328432 0.989385
vt 0.340285 0.982796
vt 0.829621 0.014258
vt 0.829621 0.005116
vt 0.844994 0.007310
vt 0.967154 0.072218
vt 0.423962 0.068984
vt 0.095612 0.976085
vt 0.088027 0.959818
vt 0.096772 0.939961
vt 0.572372 0.686511
vt 0.602317 0.702293
vt 0.896258 0.566950
vt 0.989387 0.592055
vt 0.984096 0.608337
vt 0.982298 0.589378
vt 0.788172 0.716355
vt 0.915112 0.127107
vt 0.046327 0.007219
vt 0.047813 0.002646
vt 0.057498 0.009277
vt 0.194895 0.131002
vt 0.189727 0.119919
vt 0.214089 0.120032
vt 0.006393 0.249984
vt 0.009333 0.258061
vt 0.006067 0.265664
vt 0.796009 0.109978
vt 0.789784 0.129135
vt 0.788335 0.107026
vt 0.931480 0.350160
vt 0.931480 0.312532
vt 0.938863 0.346372
vt 0.312702 0.795067
vt 0.019970 0.565754
vt 0.026060 0.547013
vt 0.033184 0.563467
vt 0.078323 0.419572
vt 0.775961 0.976610
vt 0.757176 0.965764
vt 0.792750 0.966734
vt 0.603904 0.669358
vt 0.195809 0.987728
vt 0.207068 0.991386
vt 0.194323 0.996873
vt 0.002842 0.115007
vt 0.000138 0.119691
vt 0.000267 0.107334
vt 0.315508 0.960135
vt 0.789624 0.726030
vt 0.897433 0.610894
vt 0.177002 0.046204
vt 0.201963 0.046204
vt 0.179551 0.058296
vt 0.780010 0.125941
vt 0.839287 0.186112
vt 0.853095 0.180440
vt 0.854150 0.187151
vt 0.056190 0.432694
vt 0.057016 0.420885
vt 0.074461 0.441629
vt 0.397386 0.060228
vt 0.418065 0.076384
vt 0.391672 0.067731
vt 0.870599 0.196087
vt 0.867207 0.222441
vt 0.431831 0.899644
vt 0.398703 0.970390
vt 0.629737 0.052052
vt 0.605281 0.059998
vt 0.602752 0.047801
vt 0.297766 0.235230
vt 0.002875 0.057298
vt 0.002875 0.068385
vt 0.000105 0.059439
vt 0.740954 0.092764
vt 0.764057 0.094600
vt 0.755849 0.103193
vt 0.003078 0.923872
vt 0.003078 0.908716
vt 0.005367 0.917797
vt 0.413607 0.063996
vt 0.983224 0.656017
vt 0.179354 0.116296
vt 0.743687 0.105115
vt 0.204910 0.115396
vt 0.223591 0.081035
vt 0.236214 0.082603
vt 0.237909 0.091327
vt 0.273892 0.517192
vt 0.281014 0.502467
vt 0.279952 0.529950
vt 0.640470 0.867411
vt 0.740619 0.172769
vt 0.752385 0.143693
vt 0.748683 0.163493
vt 0.203028 0.058615
vt 0.282334 0.748037
vt 0.281354 0.479036
vt 0.273170 0.477448
vt 0.857685 0.164488
vt 0.841902 0.165961
vt 0.845457 0.155926
vt 0.944381 0.837001
vt 0.958748 0.829681
vt 0.947781 0.860830
vt 0.224185 0.065156
vt 0.372334 0.024066
vt 0.373427 0.036088
vt 0.363662 0.035918
vt 0.811229 0.912048
vt 0.788721 0.907675
vt 0.788088 0.889560
vt 0.281498 0.235094
vt 0.235751 0.248159
vt 0.260094 0.233597
vt 0.885694 0.303604
vt 0.926699 0.350627
vt 0.532518 0.079535
vt 0.024651 0.969559
vt 0.011259 0.968857
vt 0.009626 0.963874
vt 0.960500 0.788246
vt 0.960500 0.755222
vt 0.963991 0.772744
vt 0.381495 0.022531
vt 0.010835 0.706013
vt 0.343427 0.074836
vt 0.907420 0.327593
vt 0.900329 0.354056
vt 0.901576 0.312114
vt 0.848022 0.136210
vt 0.570707 0.295078
vt 0.564479 0.278852
vt 0.587588 0.293607
vt 0.831479 0.969888
vt 0.826599 0.984906
vt 0.825252 0.972770
vt 0.981942 0.733830
vt 0.985767 0.735480
vt 0.981708 0.742512
vt 0.986810 0.748101
vt 0.986810 0.734761
vt 0.996796 0.747344
vt 0.201537 0.526792
vt 0.182671 0.576722
vt 0.167564 0.557381
vt 0.798231 0.097889
vt 0.377372 0.625965
vt 0.360617 0.123405
vt 0.358110 0.129224
vt 0.346951 0.125813
vt 0.527301 0.057100
vt 0.533305 0.060852
vt 0.533305 0.074015
vt 0.986002 0.742208
vt 0.405939 0.237501
vt 0.429571 0.213146
vt 0.451758 0.244833
vt 0.926869 0.948766
vt 0.925661 0.962576
vt 0.925093 0.932108
vt 0.379299 0.128900
vt 0.555407 0.043083
vt 0.330173 0.960788
vt 0.290294 0.970048
vt 0.302397 0.960788
vt 0.980221 0.917529
vt 0.990276 0.909091
vt 0.984832 0.922313
vt 0.533115 0.048688
vt 0.984522 0.901830
vt 0.027397 0.546852
vt 0.035979 0.544063
vt 0.036190 0.566717
vt 0.602794 0.018957
vt 0.603376 0.035638
vt 0.595829 0.039165
vt 0.936469 0.745547
vt 0.925194 0.722068
vt 0.936704 0.710558
vt 0.943669 0.084956
vt 0.948780 0.102778
vt 0.935078 0.085954
vt 0.768529 0.169201
vt 0.770146 0.150720
vt 0.797230 0.168527
vt 0.756359 0.951370
vt 0.756359 0.978089
vt 0.750845 0.973343
vt 0.711267 0.992006
vt 0.697576 0.992006
vt 0.698540 0.982659
vt 0.931375 0.748458
vt 0.327260 0.971271
vt 0.098561 0.925107
vt 0.112474 0.935411
vt 0.099911 0.931126
vt 0.804923 0.881268
vt 0.077945 0.880118
vt 0.401255 0.189994
vt 0.403806 0.194971
vt 0.398640 0.200143
vt 0.064769 0.997012
vt 0.068820 0.995537
vt 0.077308 0.996698
vt 0.906225 0.131120
vt 0.591735 0.124123
vt 0.764389 0.083658
vt 0.187346 0.507232
vt 0.171684 0.526137
vt 0.753700 0.167304
vt 0.061447 0.451445
vt 0.586713 0.142453
vt 0.928483 0.576601
vt 0.937901 0.546549
vt 0.936472 0.562763
vt 0.996985 0.772375
vt 0.989602 0.772375
vt 0.996868 0.762151
vt 0.338916 0.079897
vt 0.054122 0.118415
vt 0.032316 0.125500
vt 0.032433 0.118980
vt 0.284546 0.734096
vt 0.747106 0.133739
vt 0.816823 0.440720
vt 0.819980 0.466435
vt 0.806858 0.449693
vt 0.385591 0.327306
vt 0.345490 0.141871
vt 0.909598 0.032929
vt 0.919916 0.041587
vt 0.897272 0.040944
vt 0.841107 0.915255
vt 0.841328 0.932901
vt 0.831797 0.924564
vt 0.042491 0.982109
vt 0.022586 0.982109
vt 0.041253 0.976163
vt 0.753689 0.152421
vt 0.059279 0.877239
vt 0.757852 0.992964
vt 0.757655 0.997273
vt 0.750876 0.997273
vt 0.810351 0.854469
vt 0.821450 0.884196
vt 0.599462 0.169936
vt 0.470879 0.987231
vt 0.462710 0.989420
vt 0.454605 0.987494
vt 0.705646 0.385806
vt 0.726526 0.386271
vt 0.716324 0.401960
vt 0.236639 0.244496
vt 0.983303 0.276649
vt 0.983303 0.259367
vt 0.987387 0.270901
vt 0.284967 0.766784
vt 0.457101 0.212197
vt 0.043621 0.533973
vt 0.032385 0.534891
vt 0.032385 0.512837
vt 0.405971 0.200557
vt 0.044501 0.433321
vt 0.032712 0.436043
vt 0.044593 0.424862
vt 0.705664 0.178989
vt 0.057964 0.723784
vt 0.037069 0.711884
vt 0.047452 0.715571
vt 0.267618 0.980948
vt 0.248577 0.973639
vt 0.247036 0.963911
vt 0.595096 0.031218
vt 0.571819 0.031218
vt 0.579481 0.027897
vt 0.927971 0.545330
vt 0.828511 0.163663
vt 0.313970 0.535319
vt 0.119395 0.935726
vt 0.097029 0.922847
vt 0.107062 0.917442
vt 0.067749 0.591063
vt 0.071844 0.588196
vt 0.070970 0.617468
vt 0.067563 0.655062
vt 0.087926 0.651472
vt 0.079424 0.673716
vt 0.657038 0.159039
vt 0.615689 0.159263
vt 0.648051 0.148328
vt 0.819220 0.414340
vt 0.831990 0.434678
vt 0.821709 0.430845
vt 0.610290 0.675107
vt 0.565724 0.294092
vt 0.540973 0.288479
vt 0.550944 0.267097
vt 0.645577 0.945383
vt 0.036920 0.720213
vt 0.493952 0.181280
vt 0.515984 0.211619
vt 0.498939 0.202881
vt 0.996434 0.654192
vt 0.995836 0.657584
vt 0.987396 0.653964
vt 0.258549 0.232956
vt 0.254069 0.227062
vt 0.411960 0.276862
vt 0.414295 0.243474
vt 0.437589 0.277639
vt 0.403242 0.173712
vt 0.130794 0.948821
vt 0.724997 0.156520
vt 0.932989 0.076557
vt 0.793875 0.156260
vt 0.014889 0.380180
vt 0.002995 0.388822
vt 0.004284 0.382614
vt 0.243701 0.221136
vt 0.511004 0.155444
vt 0.564317 0.282852
vt 0.746370 0.992295
vt 0.073073 0.872045
vt 0.358993 0.820889
vt 0.335143 0.779700
vt 0.350426 0.797222
vt 0.194646 0.680837
vt 0.204424 0.666872
vt 0.192966 0.687406
vt 0.276378 0.808467
vt 0.343836 0.985833
vt 0.346724 0.982728
vt 0.354755 0.986473
vt 0.890837 0.477183
vt 0.880139 0.478771
vt 0.880145 0.472759
vt 0.732879 0.084192
vt 0.833639 0.947030
vt 0.131627 0.264357
vt 0.660186 0.667016
vt 0.820234 0.158294
vt 0.554070 0.246399
vt 0.177427 0.586894
vt 0.218062 0.607676
vt 0.218062 0.632076
vt 0.067911 0.680868
vt 0.814258 0.150688
vt 0.657650 0.003590
vt 0.658076 0.015792
vt 0.652902 0.016778
vt 0.045229 0.528512
vt 0.044390 0.517610
vt 0.049698 0.514030
vt 0.684043 0.188045
vt 0.947335 0.006584
vt 0.959350 0.004025
vt 0.960122 0.006904
vt 0.309870 0.265849
vt 0.324865 0.272842
vt 0.302098 0.275631
vt 0.289406 0.563354
vt 0.281314 0.550759
vt 0.906324 0.847059
vt 0.901167 0.825295
vt 0.917511 0.829832
vt 0.717600 0.016481
vt 0.718321 0.036673
vt 0.714262 0.035410
vt 0.303363 0.974632
vt 0.750422 0.654989
vt 0.837282 0.123439
vt 0.229455 0.760784
vt 0.963316 0.509679
vt 0.952518 0.480521
vt 0.963316 0.485665
vt 0.235968 0.058021
vt 0.243327 0.035372
vt 0.245900 0.044234
vt 0.269776 0.263493
vt 0.253363 0.259095
vt 0.276268 0.257856
vt 0.791191 0.719546
vt 0.046879 0.569839
vt 0.050651 0.591233
vt 0.046716 0.595585
vt 0.329604 0.082679
vt 0.331620 0.058632
vt 0.337689 0.060468
vt 0.321962 0.060891
vt 0.327815 0.050754
vt 0.327215 0.077413
vt 0.286817 0.465201
vt 0.042297 0.872063
vt 0.048995 0.871066
vt 0.059452 0.881524
vt 0.338056 0.086922
vt 0.400088 0.284557
vt 0.395919 0.309432
vt 0.541199 0.396361
vt 0.477968 0.395157
vt 0.292861 0.492495
vt 0.271459 0.507632
vt 0.270516 0.505597
vt 0.254716 0.179908
vt 0.270385 0.177984
vt 0.251419 0.196778
vt 0.110813 0.939914
vt 0.995673 0.925831
vt 0.996833 0.933024
vt 0.990748 0.935862
vt 0.311428 0.023384
vt 0.328891 0.026019
vt 0.321851 0.028245
vt 0.795776 0.738742
vt 0.056818 0.870342
vt 0.981960 0.784503
vt 0.981960 0.815596
vt 0.974324 0.784986
vt 0.873614 0.467707
vt 0.502829 0.167914
vt 0.982046 0.749186
vt 0.984170 0.707556
vt 0.994965 0.715399
vt 0.984240 0.717183
vt 0.457449 0.243830
vt 0.990470 0.922252
vt 0.049185 0.509945
vt 0.850333 0.846886
vt 0.858851 0.840468
vt 0.856177 0.853726
vt 0.038453 0.982786
vt 0.038742 0.988898
vt 0.033347 0.987145
vt 0.903409 0.115562
vt 0.887989 0.129447
vt 0.908569 0.100413
vt 0.964610 0.525746
vt 0.964610 0.559699
vt 0.957397 0.534598
vt 0.664559 0.997147
vt 0.661063 0.997330
vt 0.660329 0.986276
vt 0.073963 0.468642
vt 0.077950 0.467023
vt 0.084728 0.471769
vt 0.051883 0.757335
vt 0.044296 0.733987
vt 0.052574 0.732978
vt 0.770775 0.603349
vt 0.912577 0.312527
vt 0.908951 0.298997
vt 0.920796 0.313932
vt 0.616508 0.147741
vt 0.439394 0.989602
vt 0.451317 0.989602
vt 0.443054 0.997482
vt 0.413642 0.883140
vt 0.299267 0.057039
vt 0.313197 0.048804
vt 0.312601 0.057505
vt 0.865612 0.346294
vt 0.868136 0.366890
vt 0.858858 0.355940
vt 0.608128 0.074368
vt 0.619842 0.086957
vt 0.626348 0.097784
vt 0.562022 0.124593
vt 0.604771 0.160602
vt 0.963527 0.475915
vt 0.413513 0.182210
vt 0.380567 0.988240
vt 0.383262 0.996534
vt 0.371333 0.996857
vt 0.361589 0.272095
vt 0.524713 0.285040
vt 0.506804 0.254977
vt 0.528494 0.270127
vt 0.312956 0.259623
vt 0.733414 0.138326
vt 0.405678 0.255327
vt 0.048096 0.998472
vt 0.047208 0.994573
vt 0.055624 0.994573
vt 0.984745 0.734122
vt 0.984745 0.717940
vt 0.988926 0.722944
vt 0.006897 0.700397
vt 0.001548 0.698659
vt 0.004746 0.696026
vt 0.938777 0.223149
vt 0.938597 0.234566
vt 0.929579 0.235355
vt 0.015875 0.476360
vt 0.003002 0.476360
vt 0.010110 0.471976
vt 0.030644 0.053593
vt 0.017046 0.053593
vt 0.030283 0.034336
vt 0.302421 0.230697
vt 0.939490 0.530976
vt 0.939490 0.496346
vt 0.945756 0.523164
vt 0.231259 0.768992
vt 0.571516 0.313922
vt 0.559669 0.312810
vt 0.575696 0.311019
vt 0.988465 0.574101
vt 0.980794 0.577516
vt 0.990890 0.564560
vt 0.055056 0.998419
vt 0.508202 0.164314
vt 0.899426 0.449394
vt 0.898419 0.461917
vt 0.897668 0.455371
vt 0.641507 0.875558
vt 0.463780 0.029978
vt 0.470930 0.034106
vt 0.447599 0.032802
vt 0.983198 0.658009
vt 0.098847 0.954918
vt 0.012126 0.069602
vt 0.014203 0.075310
vt 0.013123 0.088371
vt 0.713869 0.024479
vt 0.309232 0.016437
vt 0.322808 0.015993
vt 0.584214 0.277361
vt 0.325100 0.020062
vt 0.792723 0.755552
vt 0.025451 0.432687
vt 0.616783 0.073602
vt 0.760175 0.574777
vt 0.512583 0.174644
vt 0.983130 0.587586
vt 0.983130 0.577342
vt 0.996503 0.579545
vt 0.095014 0.901696
vt 0.317868 0.510150
vt 0.996404 0.413761
vt 0.993704 0.407346
vt 0.996404 0.410265
vt 0.589539 0.018580
vt 0.593308 0.027908
vt 0.577854 0.023983
vt 0.808646 0.052113
vt 0.797431 0.051132
vt 0.825023 0.050222
vt 0.002475 0.929928
vt 0.000997 0.926760
vt 0.002480 0.925015
vt 0.945492 0.004340
vt 0.114589 0.271018
vt 0.391526 0.165359
vt 0.385084 0.157532
vt 0.985746 0.755814
vt 0.008321 0.870320
vt 0.004595 0.856415
vt 0.008308 0.854966
vt 0.359066 0.641785
vt 0.079867 0.725244
vt 0.065040 0.732158
vt 0.053765 0.724374
vt 0.423566 0.170107
vt 0.428043 0.176324
vt 0.885877 0.995688
vt 0.892576 0.996869
vt 0.879407 0.997357
vt 0.882788 0.114093
vt 0.498869 0.001528
vt 0.503994 0.003193
vt 0.497994 0.006917
vt 0.011707 0.298249
vt 0.018807 0.302347
vt 0.004045 0.301728
vt 0.989788 0.037475
vt 0.970870 0.029066
vt 0.977106 0.020160
vt 0.766414 0.983971
vt 0.757950 0.978262
vt 0.757679 0.970822
vt 0.857568 0.369888
vt 0.052652 0.435477
vt 0.050676 0.440906
vt 0.050822 0.415527
vt 0.155877 0.958164
vt 0.625288 0.877619
vt 0.044063 0.638614
vt 0.031314 0.656161
vt 0.026975 0.638424
vt 0.036619 0.756138
vt 0.025235 0.771807
vt 0.015542 0.754274
vt 0.923457 0.290327
vt 0.536872 0.368992
vt 0.631449 0.660496
vt 0.655354 0.662661
vt 0.794830 0.617406
vt 0.511561 0.274936
vt 0.840857 0.945667
vt 0.278574 0.276380
vt 0.767042 0.985132
vt 0.771457 0.975664
vt 0.771407 0.990059
vt 0.923006 0.271304
vt 0.926460 0.253071
vt 0.928956 0.264213
vt 0.592112 0.162545
vt 0.746921 0.403909
vt 0.005054 0.325950
vt 0.017797 0.325950
vt 0.009185 0.329788
vt 0.921683 0.723162
vt 0.609955 0.902853
vt 0.625266 0.888604
vt 0.981981 0.755987
vt 0.024210 0.313111
vt 0.031624 0.313241
vt 0.015072 0.324743
vt 0.996932 0.233515
vt 0.989655 0.235880
vt 0.989756 0.229098
vt 0.059435 0.508746
vt 0.811545 0.788365
vt 0.820367 0.738337
vt 0.820944 0.790724
vt 0.588209 0.173153
vt 0.590829 0.166044
vt 0.929756 0.214838
vt 0.674833 0.197357
vt 0.809459 0.753593
vt 0.964850 0.991525
vt 0.967596 0.996986
vt 0.965358 0.997331
vt 0.905212 0.448849
vt 0.911443 0.446458
vt 0.901782 0.466293
vt 0.968085 0.987766
vt 0.990382 0.018541
vt 0.238604 0.264635
vt 0.228251 0.493209
vt 0.247116 0.517453
vt 0.244998 0.522104
vt 0.901255 0.846985
vt 0.043402 0.511805
vt 0.845539 0.827258
vt 0.848301 0.829780
vt 0.857250 0.721892
vt 0.852263 0.735595
vt 0.852654 0.719327
vt 0.987217 0.070764
vt 0.990005 0.063104
vt 0.990428 0.084437
vt 0.032033 0.091562
vt 0.033768 0.071733
vt 0.035031 0.094189
vt 0.079777 0.607534
vt 0.089052 0.629649
vt 0.078515 0.632472
vt 0.312165 0.776127
vt 0.007743 0.631855
vt 0.003682 0.631855
vt 0.004760 0.621995
vt 0.848916 0.006965
vt 0.848916 0.016383
vt 0.830170 0.015794
vt 0.091380 0.610566
vt 0.863605 0.829439
vt 0.281271 0.795502
vt 0.530922 0.083750
vt 0.944469 0.084206
vt 0.948775 0.076748
vt 0.974557 0.082447
vt 0.999969 0.089423
vt 0.999969 0.094383
vt 0.999534 0.092462
vt 0.085143 0.597305
vt 0.325175 0.052943
vt 0.205505 0.680593
vt 0.813950 0.174200
vt 0.644260 0.038626
vt 0.638403 0.046990
vt 0.638925 0.025042
vt 0.020809 0.667949
vt 0.006017 0.667949
vt 0.012404 0.664888
vt 0.023613 0.193327
vt 0.010167 0.203096
vt 0.011611 0.193532
vt 0.026981 0.322410
vt 0.414340 0.872183
vt 0.237598 0.238252
vt 0.301255 0.005680
vt 0.301594 0.001807
vt 0.309276 0.006247
vt 0.002373 0.832385
vt 0.002373 0.838826
vt 0.000111 0.832312
vt 0.976838 0.443502
vt 0.976838 0.411937
vt 0.980440 0.432373
vt 0.260381 0.513961
vt 0.925198 0.749173
vt 0.934875 0.749810
vt 0.933325 0.767531
vt 0.527014 0.313250
vt 0.041967 0.205722
vt 0.051922 0.186999
vt 0.045666 0.210915
vt 0.234956 0.242622
vt 0.021648 0.451734
vt 0.016164 0.459162
vt 0.016896 0.455581
vt 0.018479 0.944524
vt 0.025043 0.937087
vt 0.025237 0.945838
vt 0.274153 0.243116
vt 0.267847 0.256316
vt 0.252957 0.256316
vt 0.053223 0.260030
vt 0.053453 0.284928
vt 0.046694 0.267812
vt 0.149025 0.881350
vt 0.139510 0.828108
vt 0.149025 0.846515
vt 0.282396 0.993324
vt 0.290381 0.982334
vt 0.289392 0.992879
vt 0.984416 0.462862
vt 0.974352 0.452797
vt 0.983066 0.431326
vt 0.092697 0.101675
vt 0.091074 0.110879
vt 0.081032 0.100791
vt 0.360585 0.982767
vt 0.754733 0.683394
vt 0.772585 0.647065
vt 0.783270 0.646130
vt 0.124595 0.029667
vt 0.109368 0.032627
vt 0.126101 0.019534
vt 0.003980 0.747836
vt 0.018871 0.747836
vt 0.009399 0.751915
vt 0.018638 0.955113
vt 0.384584 0.282044
vt 0.000195 0.922294
vt 0.002289 0.920049
vt 0.000875 0.924958
vt 0.927175 0.341750
vt 0.990876 0.923055
vt 0.363483 0.054262
vt 0.374426 0.054453
vt 0.351357 0.071156
vt 0.934482 0.198326
vt 0.643388 0.028385
vt 0.775032 0.604484
vt 0.329616 0.015471
vt 0.759530 0.659117
vt 0.011093 0.901349
vt 0.020662 0.914520
vt 0.009641 0.917329
vt 0.963465 0.989970
vt 0.962777 0.983424
vt 0.974630 0.981217
vt 0.299457 0.276669
vt 0.080707 0.648674
vt 0.928604 0.289403
vt 0.996858 0.399950
vt 0.893913 0.438095
vt 0.894850 0.134235
vt 0.987754 0.244148
vt 0.982984 0.246373
vt 0.982764 0.229037
vt 0.024802 0.661479
vt 0.010966 0.651427
vt 0.024048 0.649499
vt 0.675088 0.983638
vt 0.668773 0.986843
vt 0.660232 0.978879
vt 0.970479 0.985656
vt 0.969617 0.992432
vt 0.969436 0.987326
vt 0.021494 0.445295
vt 0.018531 0.452272
vt 0.693362 0.176394
vt 0.579837 0.270871
vt 0.393390 0.160633
vt 0.740578 0.390866
vt 0.308465 0.001205
vt 0.024845 0.982826
vt 0.868214 0.382894
vt 0.888221 0.100062
vt 0.595058 0.022686
vt 0.089998 0.651080
vt 0.120626 0.263967
vt 0.798239 0.417749
vt 0.788572 0.409346
vt 0.817119 0.417763
vt 0.175877 0.657021
vt 0.857838 0.735925
vt 0.090416 0.739550
vt 0.108789 0.752898
vt 0.094020 0.759985
vt 0.402513 0.162918
vt 0.877927 0.433171
vt 0.897485 0.432366
vt 0.072012 0.464551
vt 0.174134 0.883221
vt 0.150729 0.883056
vt 0.149760 0.838480
vt 0.183689 0.978712
vt 0.171913 0.982036
vt 0.167424 0.977994
vt 0.847716 0.891075
vt 0.845500 0.882944
vt 0.847637 0.858527
vt 0.424233 0.005956
vt 0.417794 0.005956
vt 0.424013 0.000502
vt 0.851791 0.473988
vt 0.864148 0.459262
vt 0.851490 0.495439
vt 0.707624 0.149930
vt 0.720798 0.133803
vt 0.596922 0.030600
vt 0.988920 0.229134
vt 0.894032 0.457785
vt 0.985075 0.040079
vt 0.285844 0.195509
vt 0.261868 0.077088
vt 0.274074 0.075738
vt 0.272457 0.082958
vt 0.409337 0.982113
vt 0.402883 0.962249
vt 0.408225 0.963062
vt 0.661597 0.986151
vt 0.400731 0.052344
vt 0.375722 0.060470
vt 0.377582 0.051303
vt 0.199651 0.691079
vt 0.857595 0.884381
vt 0.998227 0.720938
vt 0.999786 0.718712
vt 0.999726 0.723243
vt 0.961306 0.982722
vt 0.962126 0.989158
vt 0.959874 0.988926
vt 0.991162 0.060528
vt 0.996418 0.056710
vt 0.996303 0.060502
vt 0.472490 0.142578
vt 0.514097 0.142578
vt 0.486969 0.150020
vt 0.042964 0.864420
vt 0.049080 0.866453
vt 0.179825 0.243841
vt 0.165495 0.263727
vt 0.166979 0.253521
vt 0.717549 0.136110
vt 0.676626 0.136110
vt 0.717810 0.133637
vt 0.984385 0.965944
vt 0.978300 0.979613
vt 0.962957 0.981895
vt 0.063614 0.343261
vt 0.068074 0.331254
vt 0.074488 0.340347
vt 0.011636 0.459325
vt 0.064403 0.314964
vt 0.114977 0.099921
vt 0.268615 0.085711
vt 0.630080 0.985270
vt 0.634202 0.989392
vt 0.630392 0.997343
vt 0.906875 0.264144
vt 0.906875 0.271353
vt 0.899882 0.261012
vt 0.178375 0.202029
vt 0.151242 0.193213
vt 0.177744 0.181834
vt 0.412551 0.164151
vt 0.905250 0.280106
vt 0.308395 0.258254
vt 0.183793 0.973254
vt 0.000706 0.277311
vt 0.010720 0.277311
vt 0.001502 0.287517
vt 0.321353 0.395150
vt 0.330359 0.409969
vt 0.319371 0.411289
vt 0.381618 0.610448
vt 0.368729 0.207006
vt 0.374736 0.181963
vt 0.379110 0.199737
vt 0.135054 0.595702
vt 0.127758 0.605525
vt 0.128832 0.595158
vt 0.988913 0.141999
vt 0.987163 0.121999
vt 0.990482 0.120793
vt 0.118099 0.892508
vt 0.516554 0.142124
vt 0.543717 0.144500
vt 0.508761 0.149977
vt 0.609454 0.121323
vt 0.606771 0.124006
vt 0.607367 0.118049
vt 0.044411 0.274898
vt 0.808823 0.423522
vt 0.923732 0.723386
vt 0.967992 0.008162
vt 0.959612 0.011212
vt 0.949544 0.008516
vt 0.994642 0.414386
vt 0.996913 0.414386
vt 0.996850 0.428138
vt 0.193585 0.169059
vt 0.171773 0.835078
vt 0.855963 0.743240
vt 0.551876 0.470097
vt 0.569378 0.477702
vt 0.555263 0.492838
vt 0.610518 0.533242
vt 0.617791 0.550827
vt 0.014912 0.420317
vt 0.018656 0.414247
vt 0.016967 0.420210
vt 0.098810 0.941300
vt 0.079034 0.910849
vt 0.084899 0.890791
vt 0.850181 0.768005
vt 0.852052 0.744204
vt 0.858711 0.756541
vt 0.073372 0.314464
vt 0.126352 0.867427
vt 0.125081 0.835253
vt 0.047087 0.986021
vt 0.061471 0.993870
vt 0.046826 0.993509
vt 0.906476 0.254126
vt 0.209149 0.989246
vt 0.213887 0.983813
vt 0.226022 0.983813
vt 0.225463 0.989361
vt 0.123098 0.586090
vt 0.973435 0.994132
vt 0.437629 0.990178
vt 0.427794 0.997324
vt 0.423772 0.988766
vt 0.858723 0.858652
vt 0.300549 0.579234
vt 0.865351 0.485730
vt 0.519768 0.976965
vt 0.549427 0.962860
vt 0.547492 0.972077
vt 0.014327 0.307512
vt 0.009203 0.310471
vt 0.004053 0.307800
vt 0.022134 0.415682
vt 0.755356 0.723118
vt 0.770317 0.713926
vt 0.754279 0.733938
vt 0.422462 0.986004
vt 0.415899 0.982944
vt 0.432586 0.982699
vt 0.147425 0.120899
vt 0.161258 0.133355
vt 0.125875 0.142389
vt 0.379904 0.182649
vt 0.137992 0.569962
vt 0.835465 0.965520
vt 0.930553 0.538153
vt 0.524583 0.160220
vt 0.521292 0.155691
vt 0.545844 0.159835
vt 0.908138 0.275238
vt 0.283067 0.128874
vt 0.295427 0.128956
vt 0.294496 0.137810
vt 0.012276 0.586891
vt 0.007436 0.590953
vt 0.001633 0.587259
vt 0.791991 0.376087
vt 0.767580 0.396289
vt 0.938364 0.764460
vt 0.164800 0.015305
vt 0.150754 0.008755
vt 0.170161 0.008540
vt 0.746082 0.407528
vt 0.756107 0.409573
vt 0.413235 0.854951
vt 0.108207 0.884940
vt 0.014601 0.451533
vt 0.990811 0.441733
vt 0.985147 0.453880
vt 0.984350 0.437824
vt 0.865601 0.470978
vt 0.030501 0.024763
vt 0.049910 0.018456
vt 0.051963 0.023455
vt 0.550355 0.148970
vt 0.165634 0.032054
vt 0.174594 0.027554
vt 0.169506 0.034765
vt 0.578118 0.118352
vt 0.408736 0.885008
vt 0.407257 0.881260
vt 0.293252 0.144910
vt 0.825801 0.491223
vt 0.839969 0.508507
vt 0.823600 0.509145
vt 0.078658 0.579569
vt 0.078658 0.524753
vt 0.091238 0.530745
vt 0.917400 0.996441
vt 0.913174 0.995696
vt 0.925872 0.995610
vt 0.157132 0.263646
vt 0.094210 0.713502
vt 0.087537 0.736029
vt 0.084606 0.719980
vt 0.998308 0.714909
vt 0.938742 0.006409
vt 0.929252 0.009864
vt 0.920175 0.006033
vt 0.115192 0.118162
vt 0.280606 0.100119
vt 0.900342 0.251424
vt 0.963211 0.652320
vt 0.955931 0.679491
vt 0.953828 0.645894
vt 0.927642 0.340659
vt 0.924026 0.320152
vt 0.928432 0.304150
vt 0.133277 0.127226
vt 0.861095 0.393398
vt 0.003775 0.948484
vt 0.008297 0.960910
vt 0.003625 0.963587
vt 0.896495 0.449910
vt 0.760704 0.985103
vt 0.764412 0.996516
vt 0.759184 0.993796
vt 0.282430 0.995372
vt 0.268986 0.995372
vt 0.275028 0.985750
vt 0.044311 0.149766
vt 0.052739 0.146658
vt 0.053797 0.158752
vt 0.994798 0.480067
vt 0.994798 0.493604
vt 0.994273 0.489503
vt 0.958608 0.359599
vt 0.951477 0.374892
vt 0.951725 0.341452
vt 0.229183 0.235502
vt 0.236130 0.220213
vt 0.955837 0.438288
vt 0.964182 0.415359
vt 0.964146 0.449022
vt 0.180258 0.215161
vt 0.004538 0.834396
vt 0.007881 0.829623
vt 0.007736 0.844992
vt 0.924889 0.338898
vt 0.001005 0.172246
vt 0.000132 0.162270
vt 0.001358 0.160094
vt 0.506269 0.411214
vt 0.867714 0.341897
vt 0.857081 0.308333
vt 0.867313 0.304609
vt 0.891378 0.566078
vt 0.891378 0.522347
vt 0.896997 0.566012
vt 0.972955 0.997454
vt 0.304453 0.777355
vt 0.808194 0.398759
vt 0.521059 0.965890
vt 0.201679 0.999963
vt 0.191266 0.999963
vt 0.193354 0.998547
vt 0.129901 0.689863
vt 0.143740 0.707735
vt 0.136067 0.701965
vt 0.365676 0.071421
vt 0.432104 0.161023
vt 0.106226 0.724192
vt 0.857075 0.333904
vt 0.029460 0.398600
vt 0.035617 0.398600
vt 0.034142 0.419085
vt 0.998301 0.171880
vt 0.993254 0.171880
vt 0.995074 0.169402
vt 0.288623 0.588687
vt 0.681509 0.190119
vt 0.506959 0.304884
vt 0.206734 0.646257
vt 0.059541 0.856181
vt 0.546478 0.317868
vt 0.754275 0.055565
vt 0.766653 0.050317
vt 0.770523 0.054930
vt 0.290365 0.241001
vt 0.963724 0.654911
vt 0.963724 0.688358
vt 0.955799 0.687246
vt 0.096826 0.719457
vt 0.151385 0.891873
vt 0.168325 0.173332
vt 0.188067 0.026834
vt 0.900902 0.153680
vt 0.909555 0.185977
vt 0.898194 0.195053
vt 0.025711 0.104972
vt 0.025711 0.123543
vt 0.017508 0.108469
vt 0.925024 0.786842
vt 0.296221 0.781357
vt 0.996022 0.388202
vt 0.994540 0.389445
vt 0.994606 0.375582
vt 0.379342 0.258236
vt 0.906287 0.240635
vt 0.996964 0.715125
vt 0.986643 0.707627
vt 0.995462 0.708394
vt 0.757869 0.407628
vt 0.354686 0.520156
vt 0.021590 0.411337
vt 0.030002 0.415166
vt 0.997522 0.628947
vt 0.999498 0.631302
vt 0.997726 0.636826
vt 0.284445 0.121223
vt 0.091573 0.706078
vt 0.320310 0.142023
vt 0.338583 0.150544
vt 0.304179 0.144475
vt 0.124725 0.565157
vt 0.957894 0.992466
vt 0.306200 0.133715
vt 0.027398 0.409557
vt 0.980046 0.050886
vt 0.986569 0.069830
vt 0.965244 0.053886
vt 0.201393 0.003029
vt 0.212412 0.006609
vt 0.200405 0.008397
vt 0.118979 0.947742
vt 0.863455 0.506958
vt 0.804839 0.475933
vt 0.083143 0.591980
vt 0.083143 0.566410
vt 0.091224 0.604566
vt 0.970434 0.830675
vt 0.971628 0.844053
vt 0.965850 0.843270
vt 0.026101 0.331953
vt 0.015433 0.346636
vt 0.011653 0.333599
vt 0.889582 0.450127
vt 0.315767 0.156971
vt 0.600297 0.660454
vt 0.781240 0.609076
vt 0.698623 0.997389
vt 0.706189 0.992682
vt 0.705113 0.995650
vt 0.600983 0.020491
vt 0.358735 0.263671
vt 0.509794 0.183604
vt 0.956370 0.721638
vt 0.956370 0.688198
vt 0.963153 0.693310
vt 0.537266 0.492461
vt 0.111780 0.823256
vt 0.859168 0.351625
vt 0.758573 0.601578
vt 0.845201 0.843649
vt 0.089987 0.549930
vt 0.694705 0.995310
vt 0.850281 0.544398
vt 0.854201 0.525110
vt 0.864758 0.510032
vt 0.577727 0.012833
vt 0.577248 0.006691
vt 0.583485 0.008898
vt 0.185878 0.034497
vt 0.938532 0.781260
vt 0.948700 0.791611
vt 0.938832 0.796213
vt 0.031061 0.410707
vt 0.922728 0.719037
vt 0.123300 0.854855
vt 0.054050 0.133847
vt 0.139748 0.189239
vt 0.634690 0.006781
vt 0.625092 0.008647
vt 0.634201 0.002606
vt 0.288235 0.170189
vt 0.261210 0.151266
vt 0.294369 0.150725
vt 0.379924 0.245204
vt 0.351788 0.252743
vt 0.367472 0.225040
vt 0.296718 0.595954
vt 0.955965 0.348888
vt 0.964552 0.334014
vt 0.963007 0.367427
vt 0.172413 0.700388
vt 0.900617 0.237529
vt 0.578733 0.003652
vt 0.628733 0.010956
vt 0.518968 0.971195
vt 0.909894 0.018944
vt 0.897359 0.036198
vt 0.897884 0.021245
vt 0.057727 0.981788
vt 0.607127 0.885072
vt 0.425605 0.928018
vt 0.651164 0.174809
vt 0.641386 0.167963
vt 0.679498 0.169538
vt 0.948642 0.773699
vt 0.854665 0.819244
vt 0.958767 0.994427
vt 0.763724 0.394074
vt 0.755044 0.390281
vt 0.510186 0.960441
vt 0.332835 0.398057
vt 0.219581 0.065503
vt 0.217741 0.050523
vt 0.226372 0.042793
vt 0.354174 0.493952
vt 0.112072 0.881662
vt 0.028061 0.290785
vt 0.034551 0.292524
vt 0.023048 0.292584
vt 0.118619 0.938364
vt 0.015949 0.394046
vt 0.034337 0.388072
vt 0.035715 0.397323
vt 0.119317 0.750591
vt 0.109001 0.713338
vt 0.114042 0.720678
vt 0.955261 0.308698
vt 0.960522 0.338537
vt 0.953040 0.342072
vt 0.023981 0.430483
vt 0.132857 0.555283
vt 0.789154 0.774357
vt 0.790714 0.753788
vt 0.796630 0.766888
vt 0.606034 0.896130
vt 0.106670 0.706483
vt 0.157456 0.014702
vt 0.138122 0.014702
vt 0.147621 0.008149
vt 0.293179 0.198134
vt 0.011591 0.583978
vt 0.011591 0.567041
vt 0.022189 0.571204
vt 0.456101 0.078928
vt 0.469548 0.077689
vt 0.480394 0.087117
vt 0.096914 0.817787
vt 0.104775 0.808420
vt 0.104618 0.865202
vt 0.624235 0.009367
vt 0.621170 0.005012
vt 0.624158 0.004933
vt 0.104383 0.005721
vt 0.091960 0.003530
vt 0.107742 0.002724
vt 0.113377 0.587696
vt 0.086733 0.181880
vt 0.073591 0.199969
vt 0.069546 0.162177
vt 0.697891 0.992675
vt 0.618647 0.958593
vt 0.618647 0.913737
vt 0.632222 0.952698
vt 0.077888 0.200761
vt 0.078252 0.229442
vt 0.065315 0.218718
vt 0.817510 0.617189
vt 0.817510 0.669944
vt 0.805441 0.639547
vt 0.094262 0.705623
vt 0.107113 0.703475
vt 0.609821 0.100749
vt 0.850095 0.496337
vt 0.605385 0.024145
vt 0.604252 0.037095
vt 0.604421 0.022021
vt 0.591157 0.013053
vt 0.590431 0.017710
vt 0.371105 0.162095
vt 0.481096 0.484148
vt 0.526835 0.507522
vt 0.978727 0.836636
vt 0.992461 0.832173
vt 0.990983 0.847906
vt 0.026464 0.714877
vt 0.034046 0.718246
vt 0.027530 0.716722
vt 0.542188 0.139554
vt 0.553404 0.135828
vt 0.579024 0.140346
vt 0.788940 0.970786
vt 0.798248 0.981878
vt 0.779636 0.977350
vt 0.992083 0.874084
vt 0.991167 0.863621
vt 0.992439 0.859647
vt 0.016651 0.426319
vt 0.781741 0.050683
vt 0.778908 0.055992
vt 0.082898 0.123829
vt 0.073946 0.151382
vt 0.067624 0.132517
vt 0.568911 0.260718
vt 0.550072 0.128834
vt 0.562903 0.128407
vt 0.034299 0.295034
vt 0.003580 0.370712
vt 0.010777 0.370209
vt 0.013807 0.378425
vt 0.291405 0.779280
vt 0.004197 0.652748
vt 0.008191 0.651451
vt 0.008222 0.653070
vt 0.541690 0.403616
vt 0.576530 0.510084
vt 0.568694 0.520961
vt 0.491221 0.163650
vt 0.491242 0.182656
vt 0.478355 0.179203
vt 0.243926 0.091931
vt 0.253919 0.086162
vt 0.243068 0.099631
vt 0.183615 0.201291
vt 0.179411 0.212708
vt 0.166012 0.208355
vt 0.784815 0.772296
vt 0.114726 0.087974
vt 0.084480 0.080054
vt 0.108183 0.076641
vt 0.198896 0.706689
vt 0.104186 0.973727
vt 0.098318 0.982107
vt 0.098000 0.955796
vt 0.023238 0.719353
vt 0.157296 0.710795
vt 0.991409 0.036985
vt 0.990693 0.035020
vt 0.997384 0.035180
vt 0.480809 0.096677
vt 0.939001 0.762157
vt 0.770321 0.435025
vt 0.770921 0.430447
vt 0.778671 0.438502
vt 0.251086 0.168255
vt 0.489751 0.350375
vt 0.458419 0.350413
vt 0.477700 0.336991
vt 0.000073 0.377324
vt 0.003498 0.372611
vt 0.012346 0.379003
vt 0.385808 0.887499
vt 0.920923 0.122782
vt 0.887820 0.133538
vt 0.908458 0.112364
vt 0.557211 0.505528
vt 0.115733 0.705240
vt 0.121998 0.710604
vt 0.966627 0.917718
vt 0.953842 0.928446
vt 0.971824 0.896194
vt 0.942597 0.409526
vt 0.947276 0.410351
vt 0.941624 0.421633
vt 0.288123 0.969835
vt 0.268206 0.977084
vt 0.255842 0.969761
vt 0.995047 0.037012
vt 0.949683 0.935722
vt 0.944466 0.904654
vt 0.953162 0.915990
vt 0.736744 0.021429
vt 0.723038 0.031892
vt 0.720564 0.020013
vt 0.636141 0.538665
vt 0.607594 0.512697
vt 0.655554 0.513283
vt 0.002135 0.596180
vt 0.007304 0.596180
vt 0.003919 0.598554
vt 0.894047 0.447686
vt 0.887948 0.443558
vt 0.132008 0.673927
vt 0.148152 0.662894
vt 0.001647 0.870817
vt 0.001798 0.864901
vt 0.002474 0.868273
vt 0.000010 0.868483
vt 0.275064 0.099596
vt 0.113375 0.547480
vt 0.747609 0.726564
vt 0.747768 0.719201
vt 0.253158 0.526327
vt 0.978598 0.467608
vt 0.982042 0.487138
vt 0.978216 0.499108
vt 0.818625 0.571608
vt 0.806768 0.542723
vt 0.822144 0.561940
vt 0.772542 0.982021
vt 0.785941 0.993243
vt 0.788986 0.998312
vt 0.787434 0.997576
vt 0.030696 0.418957
vt 0.762194 0.418584
vt 0.767911 0.410440
vt 0.312702 0.765637
vt 0.063292 0.193333
vt 0.633468 0.173991
vt 0.624624 0.012793
vt 0.000170 0.893158
vt 0.002424 0.887766
vt 0.002229 0.892795
vt 0.972536 0.861221
vt 0.775903 0.419113
vt 0.870188 0.084840
vt 0.840691 0.083261
vt 0.859531 0.072140
vt 0.051922 0.699526
vt 0.033662 0.712793
vt 0.032529 0.704559
vt 0.326779 0.912906
vt 0.333503 0.908247
vt 0.342673 0.915719
vt 0.026964 0.382910
vt 0.035629 0.380056
vt 0.033905 0.387417
vt 0.790313 0.996431
vt 0.528897 0.988325
vt 0.529811 0.982220
vt 0.530435 0.985027
vt 0.019237 0.788313
vt 0.015537 0.778146
vt 0.019117 0.769561
vt 0.000060 0.890285
vt 0.126813 0.946857
vt 0.506498 0.308858
vt 0.444322 0.308858
vt 0.502805 0.281803
vt 0.053295 0.822594
vt 0.053295 0.795389
vt 0.055497 0.811805
vt 0.350363 0.230502
vt 0.893938 0.439759
vt 0.274525 0.073080
vt 0.261491 0.075851
vt 0.270914 0.050329
vt 0.593034 0.978296
vt 0.592224 0.962843
vt 0.598536 0.982016
vt 0.840934 0.073699
vt 0.529848 0.321587
vt 0.537172 0.323595
vt 0.130300 0.694704
vt 0.136963 0.706244
vt 0.131883 0.756861
vt 0.805859 0.467507
vt 0.956920 0.896301
vt 0.954035 0.912849
vt 0.374235 0.086673
vt 0.395889 0.096771
vt 0.364667 0.097132
vt 0.177334 0.073493
vt 0.164311 0.071581
vt 0.166341 0.058765
vt 0.718304 0.714675
vt 0.726999 0.716136
vt 0.727625 0.720554
vt 0.545049 0.255182
vt 0.554126 0.247892
vt 0.119709 0.696307
vt 0.267681 0.127218
vt 0.110822 0.698363
vt 0.815573 0.018269
vt 0.815354 0.005704
vt 0.826971 0.020625
vt 0.268454 0.993298
vt 0.268454 0.979380
vt 0.274020 0.984391
vt 0.613882 0.538305
vt 0.295452 0.063353
vt 0.292116 0.082271
vt 0.290738 0.055334
vt 0.131452 0.952165
vt 0.267415 0.118875
vt 0.084503 0.088287
vt 0.075825 0.201850
vt 0.744307 0.628920
vt 0.943626 0.862165
vt 0.938433 0.842785
vt 0.943832 0.829340
vt 0.686687 0.045639
vt 0.693436 0.034838
vt 0.709240 0.038646
vt 0.812334 0.165882
vt 0.801501 0.136116
vt 0.812508 0.129200
vt 0.909052 0.388330
vt 0.898180 0.358461
vt 0.909073 0.346394
vt 0.893773 0.044843
vt 0.880352 0.054956
vt 0.885816 0.038752
vt 0.307354 0.905848
vt 0.021920 0.717814
vt 0.323762 0.387049
vt 0.762879 0.643834
vt 0.775362 0.632428
vt 0.045717 0.465373
vt 0.045717 0.439743
vt 0.052644 0.443404
vt 0.811633 0.378035
vt 0.059195 0.482784
vt 0.118224 0.691535
vt 0.793047 0.973694
vt 0.819471 0.973694
vt 0.809687 0.982094
vt 0.965367 0.862817
vt 0.927246 0.408800
vt 0.925213 0.385572
vt 0.926647 0.372124
vt 0.033382 0.365688
vt 0.344107 0.138040
vt 0.019372 0.428863
vt 0.008349 0.523437
vt 0.002580 0.523524
vt 0.003865 0.521805
vt 0.502211 0.309545
vt 0.513036 0.320369
vt 0.486617 0.310571
vt 0.035850 0.918068
vt 0.041153 0.898280
vt 0.042640 0.921393
vt 0.916776 0.057056
vt 0.921544 0.050247
vt 0.944128 0.056047
vt 0.621261 0.001562
vt 0.007587 0.521682
vt 0.109015 0.690698
vt 0.169427 0.669417
vt 0.335518 0.133640
vt 0.953199 0.902828
vt 0.720244 0.718580
vt 0.294533 0.210987
vt 0.972635 0.926807
vt 0.052096 0.449679
vt 0.052096 0.475309
vt 0.048251 0.461821
vt 0.153443 0.050381
vt 0.153443 0.061393
vt 0.127232 0.055031
vt 0.219769 0.998574
vt 0.229809 0.998574
vt 0.223589 0.999936
vt 0.906961 0.386080
vt 0.902362 0.412161
vt 0.900789 0.370254
vt 0.020008 0.297839
vt 0.011270 0.006571
vt 0.017212 0.016862
vt 0.011104 0.024229
vt 0.038333 0.456730
vt 0.045152 0.437996
vt 0.044739 0.459333
vt 0.999951 0.050694
vt 0.999951 0.053628
vt 0.999055 0.052043
vt 0.380376 0.882389
vt 0.635807 0.646815
vt 0.614265 0.120535
vt 0.607735 0.130534
vt 0.611391 0.119562
vt 0.389759 0.380421
vt 0.366233 0.377955
vt 0.371430 0.371875
vt 0.003216 0.502586
vt 0.006016 0.500837
vt 0.013178 0.505125
vt 0.126571 0.951037
vt 0.738893 0.019432
vt 0.741433 0.020728
vt 0.856108 0.425615
vt 0.856108 0.378160
vt 0.866197 0.417499
vt 0.896598 0.034960
vt 0.244445 0.382858
vt 0.266992 0.420086
vt 0.234051 0.387024
vt 0.374891 0.492968
vt 0.786370 0.789237
vt 0.905268 0.319416
vt 0.902719 0.290289
vt 0.907514 0.277206
vt 0.047207 0.209762
vt 0.052153 0.191302
vt 0.052644 0.216050
vt 0.037809 0.440936
vt 0.109568 0.705684
vt 0.495897 0.027719
vt 0.498666 0.021878
vt 0.517019 0.021878
vt 0.828855 0.468860
vt 0.763903 0.631817
vt 0.987330 0.789521
vt 0.996773 0.789521
vt 0.993243 0.802134
vt 0.025367 0.996788
vt 0.025367 0.984334
vt 0.036233 0.991127
vt 0.794429 0.154451
vt 0.794429 0.118276
vt 0.800703 0.121379
vt 0.676996 0.004993
vt 0.677871 0.014995
vt 0.662540 0.004620
vt 0.333817 0.928900
vt 0.259153 0.005195
vt 0.249540 0.012179
vt 0.249886 0.003221
vt 0.332770 0.238192
vt 0.327974 0.224158
vt 0.808597 0.681719
vt 0.814918 0.698714
vt 0.805507 0.700373
vt 0.058839 0.455119
vt 0.128933 0.281507
vt 0.775632 0.804661
vt 0.228874 0.299274
vt 0.218193 0.295951
vt 0.221390 0.292379
vt 0.115593 0.690704
vt 0.078739 0.482688
vt 0.083308 0.506194
vt 0.067710 0.485761
vt 0.252372 0.293505
vt 0.249702 0.303433
vt 0.241687 0.301213
vt 0.456229 0.052679
vt 0.481360 0.060844
vt 0.452569 0.066546
vt 0.989987 0.895616
vt 0.982381 0.900942
vt 0.982193 0.883956
vt 0.022255 0.299480
vt 0.382785 0.415431
vt 0.638353 0.008146
vt 0.644197 0.026131
vt 0.624059 0.014690
vt 0.373791 0.979843
vt 0.398790 0.971720
vt 0.400675 0.982080
vt 0.034636 0.167768
vt 0.026912 0.157405
vt 0.027743 0.145518
vt 0.011943 0.700797
vt 0.022122 0.695154
vt 0.011658 0.709714
vt 0.991772 0.573943
vt 0.995837 0.568348
vt 0.999286 0.574225
vt 0.221834 0.507359
vt 0.243713 0.523051
vt 0.237080 0.529635
vt 0.607287 0.093083
vt 0.409826 0.027731
vt 0.388485 0.027731
vt 0.392448 0.021449
vt 0.034235 0.421716
vt 0.415560 0.367265
vt 0.047668 0.600235
vt 0.043914 0.614858
vt 0.035293 0.609259
vt 0.038129 0.435848
vt 0.129397 0.066662
vt 0.130588 0.057358
vt 0.151387 0.062160
vt 0.026225 0.306266
vt 0.079923 0.038747
vt 0.057186 0.038747
vt 0.076069 0.030801
vt 0.665133 0.530782
vt 0.989365 0.012647
vt 0.978565 0.017683
vt 0.970893 0.012123
vt 0.164125 0.220267
vt 0.822144 0.306179
vt 0.811538 0.316421
vt 0.808220 0.301289
vt 0.925964 0.442978
vt 0.917896 0.407848
vt 0.918993 0.400042
vt 0.862972 0.814767
vt 0.479163 0.191712
vt 0.214306 0.050598
vt 0.213617 0.030781
vt 0.230000 0.027892
vt 0.021721 0.852886
vt 0.014046 0.843739
vt 0.021564 0.834148
vt 0.053590 0.733270
vt 0.061651 0.747423
vt 0.052874 0.757884
vt 0.495331 0.227406
vt 0.478911 0.219749
vt 0.521589 0.219688
vt 0.516892 0.027799
vt 0.468973 0.225876
vt 0.136333 0.645950
vt 0.141060 0.643352
vt 0.144228 0.659639
vt 0.743314 0.975758
vt 0.749979 0.974341
vt 0.744317 0.988898
vt 0.492081 0.321590
vt 0.554818 0.410779
vt 0.238131 0.547918
vt 0.470919 0.981371
vt 0.453564 0.981977
vt 0.450094 0.974803
vt 0.421650 0.387394
vt 0.474490 0.399572
vt 0.422320 0.369286
vt 0.096094 0.980210
vt 0.100282 0.993101
vt 0.087497 0.995945
vt 0.270886 0.397195
vt 0.247665 0.033000
vt 0.254623 0.043773
vt 0.246619 0.047506
vt 0.161961 0.051197
vt 0.000253 0.180816
vt 0.000032 0.173020
vt 0.001458 0.173979
vt 0.026234 0.167956
vt 0.025694 0.171365
vt 0.022659 0.166106
vt 0.174084 0.227957
vt 0.153762 0.076273
vt 0.815523 0.369860
vt 0.817820 0.718453
vt 0.136139 0.638435
vt 0.000499 0.821166
vt 0.002481 0.818336
vt 0.002462 0.824982
vt 0.450748 0.257947
vt 0.470107 0.275900
vt 0.460963 0.297443
vt 0.039747 0.770034
vt 0.060104 0.784823
vt 0.044174 0.799763
vt 0.059598 0.970707
vt 0.076376 0.981603
vt 0.051294 0.974864
vt 0.999559 0.835219
vt 0.999944 0.839613
vt 0.999687 0.844364
vt 0.674257 0.019492
vt 0.669102 0.021364
vt 0.737217 0.024244
vt 0.068828 0.480890
vt 0.335660 0.382153
vt 0.439310 0.405145
vt 0.810689 0.721081
vt 0.045616 0.156765
vt 0.317798 0.914223
vt 0.012975 0.587996
vt 0.022793 0.572816
vt 0.017992 0.590125
vt 0.077942 0.230173
vt 0.077942 0.259146
vt 0.068605 0.238415
vt 0.785164 0.436298
vt 0.820425 0.726657
vt 0.807474 0.754445
vt 0.346871 0.555334
vt 0.396118 0.497128
vt 0.425714 0.492440
vt 0.252194 0.025520
vt 0.148388 0.656674
vt 0.683608 0.276213
vt 0.693297 0.257333
vt 0.690716 0.275810
vt 0.497164 0.005103
vt 0.492468 0.009800
vt 0.477997 0.006264
vt 0.944652 0.433898
vt 0.032527 0.304006
vt 0.813100 0.377630
vt 0.820529 0.379483
vt 0.809465 0.398309
vt 0.905067 0.868695
vt 0.014266 0.582943
vt 0.851095 0.621758
vt 0.851095 0.573473
vt 0.855811 0.602442
vt 0.290552 0.742839
vt 0.158236 0.661958
vt 0.003032 0.460126
vt 0.015846 0.460126
vt 0.009484 0.465358
vt 0.810951 0.337531
vt 0.809264 0.361450
vt 0.585373 0.909958
vt 0.981943 0.229772
vt 0.981943 0.243442
vt 0.975948 0.229260
vt 0.954160 0.057405
vt 0.932453 0.051589
vt 0.959748 0.050394
vt 0.223835 0.518748
vt 0.206545 0.540598
vt 0.206025 0.509847
vt 0.554524 0.389219
vt 0.228239 0.036318
vt 0.036142 0.142217
vt 0.009816 0.736241
vt 0.009816 0.747117
vt 0.000119 0.746187
vt 0.061880 0.731933
vt 0.820310 0.519301
vt 0.381921 0.534353
vt 0.963493 0.460240
vt 0.955525 0.466927
vt 0.956765 0.441656
vt 0.731127 0.724171
vt 0.567138 0.896766
vt 0.052529 0.759092
vt 0.037903 0.763243
vt 0.038068 0.757317
vt 0.346685 0.368506
vt 0.342384 0.419195
vt 0.442986 0.962212
vt 0.660627 0.008595
vt 0.311805 0.979019
vt 0.304674 0.975694
vt 0.314793 0.974745
vt 0.451459 0.288163
vt 0.826899 0.989016
vt 0.821741 0.987139
vt 0.831309 0.987314
vt 0.709877 0.100878
vt 0.741932 0.111293
vt 0.707645 0.120682
vt 0.876271 0.025782
vt 0.855473 0.032539
vt 0.860496 0.024589
vt 0.228388 0.267998
vt 0.658021 0.278345
vt 0.520477 0.987741
vt 0.520387 0.977701
vt 0.013802 0.444362
vt 0.004578 0.431666
vt 0.013593 0.425980
vt 0.902153 0.435231
vt 0.591628 0.988098
vt 0.584801 0.997495
vt 0.583732 0.992110
vt 0.024982 0.164938
vt 0.990445 0.986561
vt 0.978258 0.982601
vt 0.986396 0.967736
vt 0.524921 0.977718
vt 0.020737 0.741450
vt 0.012170 0.735451
vt 0.030553 0.735502
vt 0.031426 0.765783
vt 0.297718 0.741533
vt 0.258854 0.287181
vt 0.262928 0.302400
vt 0.481308 0.098838
vt 0.458783 0.100808
vt 0.447157 0.097900
vt 0.165676 0.248784
vt 0.014449 0.443875
vt 0.014449 0.427958
vt 0.032744 0.438044
vt 0.730727 0.030951
vt 0.208658 0.318621
vt 0.196174 0.311852
vt 0.197712 0.297747
vt 0.636476 0.971748
vt 0.654370 0.974339
vt 0.655037 0.981967
vt 0.054291 0.928977
vt 0.056432 0.940547
vt 0.050837 0.939606
vt 0.996388 0.472522
vt 0.993221 0.481222
vt 0.993180 0.467611
vt 0.032514 0.669153
vt 0.055415 0.669153
vt 0.045576 0.675606
vt 0.594430 0.322850
vt 0.585016 0.311632
vt 0.619968 0.318125
vt 0.783133 0.414090
vt 0.087252 0.681610
vt 0.082136 0.690471
vt 0.059792 0.682011
vt 0.370692 0.408434
vt 0.015573 0.260967
vt 0.034104 0.254946
vt 0.032402 0.267160
vt 0.088360 0.274511
vt 0.068113 0.283952
vt 0.060671 0.274418
vt 0.066822 0.635866
vt 0.059185 0.622072
vt 0.066995 0.608545
vt 0.456262 0.051060
vt 0.479418 0.050252
vt 0.481145 0.059535
vt 0.056883 0.412714
vt 0.042472 0.392879
vt 0.055257 0.391062
vt 0.320333 0.368930
vt 0.991576 0.147052
vt 0.996018 0.153166
vt 0.990072 0.155979
vt 0.304853 0.737193
vt 0.332681 0.419788
vt 0.314015 0.445108
vt 0.330571 0.419871
vt 0.060075 0.632136
vt 0.422730 0.386386
vt 0.021028 0.470141
vt 0.022258 0.475877
vt 0.017856 0.475877
vt 0.984656 0.559228
vt 0.988764 0.546584
vt 0.995473 0.554997
vt 0.237549 0.301915
vt 0.143863 0.956662
vt 0.642822 0.610502
vt 0.652173 0.592153
vt 0.808464 0.286854
vt 0.455495 0.164425
vt 0.463696 0.176552
vt 0.446164 0.166886
vt 0.660746 0.550194
vt 0.462636 0.192535
vt 0.981289 0.624031
vt 0.984887 0.637461
vt 0.980835 0.648199
vt 0.848260 0.367712
vt 0.834795 0.376200
vt 0.892426 0.050346
vt 0.919795 0.050346
vt 0.908230 0.056459
vt 0.615314 0.110538
vt 0.394494 0.428562
vt 0.974838 0.247667
vt 0.770954 0.794936
vt 0.485874 0.282108
vt 0.431507 0.349477
vt 0.042076 0.146897
vt 0.025851 0.839297
vt 0.025851 0.818109
vt 0.030780 0.817931
vt 0.347685 0.036918
vt 0.357169 0.048416
vt 0.351391 0.045648
vt 0.805088 0.020193
vt 0.803241 0.020688
vt 0.805632 0.014736
vt 0.017507 0.460651
vt 0.021950 0.460929
vt 0.217349 0.286101
vt 0.214151 0.281557
vt 0.854533 0.299297
vt 0.881085 0.300339
vt 0.876313 0.306373
vt 0.658939 0.013042
vt 0.661825 0.017634
vt 0.199912 0.717189
vt 0.869444 0.973153
vt 0.863231 0.963261
vt 0.874674 0.964095
vt 0.030182 0.429052
vt 0.964641 0.403765
vt 0.951901 0.394297
vt 0.953798 0.372611
vt 0.575190 0.313977
vt 0.325781 0.918329
vt 0.257227 0.275235
vt 0.042925 0.589812
vt 0.964528 0.370204
vt 0.043407 0.819932
vt 0.052454 0.800529
vt 0.052499 0.825403
vt 0.951582 0.041510
vt 0.948824 0.049089
vt 0.926709 0.041324
vt 0.887347 0.010398
vt 0.905996 0.004505
vt 0.905408 0.010398
vt 0.019461 0.727867
vt 0.041887 0.803570
vt 0.686562 0.605066
vt 0.686562 0.503727
vt 0.708371 0.593185
vt 0.175227 0.682547
vt 0.629613 0.982053
vt 0.796614 0.289699
vt 0.001934 0.816102
vt 0.000174 0.819151
vt 0.000053 0.812245
vt 0.044796 0.668447
vt 0.044796 0.642532
vt 0.062010 0.652725
vt 0.981292 0.259709
vt 0.450275 0.335541
vt 0.477748 0.321993
vt 0.476070 0.310727
vt 0.829241 0.368776
vt 0.803361 0.015525
vt 0.384585 0.136872
vt 0.399872 0.145467
vt 0.387993 0.144181
vt 0.963998 0.475384
vt 0.243862 0.548271
vt 0.039872 0.750203
vt 0.043162 0.734726
vt 0.050541 0.758071
vt 0.201013 0.753893
vt 0.633057 0.259799
vt 0.649595 0.306262
vt 0.641225 0.295176
vt 0.630412 0.298119
vt 0.740355 0.724916
vt 0.000070 0.297593
vt 0.009865 0.297593
vt 0.003740 0.300023
vt 0.000486 0.185151
vt 0.869811 0.806980
vt 0.068743 0.308441
vt 0.064184 0.286992
vt 0.077893 0.281227
vt 0.188657 0.323109
vt 0.176826 0.331135
vt 0.158745 0.306806
vt 0.887586 0.004563
vt 0.716291 0.722849
vt 0.726636 0.731708
vt 0.013494 0.463948
vt 0.065292 0.935003
vt 0.065292 0.911627
vt 0.074025 0.940335
vt 0.021651 0.726075
vt 0.506033 0.278423
vt 0.977242 0.582014
vt 0.977242 0.550624
vt 0.983017 0.562599
vt 0.575311 0.057149
vt 0.604023 0.057149
vt 0.600151 0.062573
vt 0.134957 0.364657
vt 0.143308 0.381779
vt 0.124978 0.373851
vt 0.100508 0.041018
vt 0.124095 0.038954
vt 0.098955 0.048259
vt 0.019045 0.457556
vt 0.002473 0.239972
vt 0.002473 0.250321
vt 0.000176 0.240121
vt 0.775339 0.061916
vt 0.746270 0.061916
vt 0.765293 0.057309
vt 0.306081 0.918193
vt 0.983738 0.675437
vt 0.983738 0.658890
vt 0.987946 0.669540
vt 0.283857 0.401768
vt 0.274401 0.381524
vt 0.284367 0.391859
vt 0.735889 0.727298
vt 0.388554 0.065926
vt 0.378569 0.060838
vt 0.403846 0.053299
vt 0.951389 0.040404
vt 0.935810 0.030318
vt 0.952121 0.032039
vt 0.025573 0.631877
vt 0.014990 0.624188
vt 0.030713 0.612038
vt 0.046896 0.952295
vt 0.007045 0.276173
vt 0.022141 0.271268
vt 0.022265 0.277664
vt 0.019597 0.303977
vt 0.977645 0.261053
vt 0.416242 0.139455
vt 0.193007 0.767712
vt 0.203556 0.773321
vt 0.171723 0.777529
vt 0.621463 0.988372
vt 0.610661 0.987617
vt 0.622822 0.978344
vt 0.023159 0.169672
vt 0.010622 0.178781
vt 0.012537 0.156043
vt 0.033869 0.422130
vt 0.940951 0.441110
vt 0.167518 0.297508
vt 0.450592 0.971658
vt 0.451907 0.957816
vt 0.471763 0.963136
vt 0.756489 0.604237
vt 0.948727 0.980529
vt 0.943230 0.975579
vt 0.963710 0.972968
vt 0.129093 0.013839
vt 0.110044 0.013829
vt 0.123192 0.009707
vt 0.344476 0.045953
vt 0.333781 0.359772
vt 0.002295 0.908706
vt 0.002295 0.913947
vt 0.000189 0.911151
vt 0.887643 0.301786
vt 0.247863 0.469524
vt 0.244814 0.491555
vt 0.225280 0.483264
vt 0.003573 0.418849
vt 0.013317 0.417997
vt 0.003807 0.430488
vt 0.525842 0.323815
vt 0.784640 0.380177
vt 0.171521 0.662103
vt 0.960647 0.184924
vt 0.960647 0.195752
vt 0.954539 0.164029
vt 0.929150 0.040720
vt 0.337974 0.038076
vt 0.993097 0.296264
vt 0.995477 0.292141
vt 0.994913 0.306468
vt 0.027482 0.541724
vt 0.042923 0.536104
vt 0.048027 0.542386
vt 0.417160 0.135225
vt 0.247092 0.270985
vt 0.977960 0.048641
vt 0.959794 0.049593
vt 0.983077 0.041316
vt 0.234575 0.907051
vt 0.272994 0.914477
vt 0.271605 0.926284
vt 0.956545 0.563734
vt 0.952561 0.578605
vt 0.951552 0.558800
vt 0.837574 0.963517
vt 0.960901 0.964826
vt 0.929981 0.973571
vt 0.934115 0.644615
vt 0.937731 0.658111
vt 0.925160 0.637504
vt 0.305236 0.979025
vt 0.181243 0.076406
vt 0.165503 0.054741
vt 0.177671 0.056861
vt 0.173249 0.797008
vt 0.164930 0.797715
vt 0.123991 0.048478
vt 0.992163 0.858184
vt 0.989089 0.848721
vt 0.994021 0.853060
vt 0.422112 0.625790
vt 0.953411 0.196626
vt 0.022357 0.160402
vt 0.951922 0.479814
vt 0.951922 0.446167
vt 0.955182 0.456347
vt 0.109854 0.007992
vt 0.124175 0.007026
vt 0.257637 0.453224
vt 0.287002 0.440177
vt 0.577811 0.310533
vt 0.441615 0.098563
vt 0.415098 0.108214
vt 0.407367 0.098443
vt 0.074797 0.913291
vt 0.254026 0.441463
vt 0.732243 0.033722
vt 0.012516 0.472138
vt 0.449452 0.182830
vt 0.012369 0.423499
vt 0.635934 0.001218
vt 0.641264 0.005091
vt 0.636341 0.007724
vt 0.421331 0.151754
vt 0.889687 0.979431
vt 0.883289 0.979431
vt 0.883957 0.963937
vt 0.052892 0.952246
vt 0.926110 0.675958
vt 0.398700 0.156842
vt 0.515268 0.986527
vt 0.239814 0.426860
vt 0.042447 0.873876
vt 0.047468 0.878897
vt 0.043044 0.899100
vt 0.156652 0.957689
vt 0.152731 0.922944
vt 0.182945 0.930617
vt 0.584116 0.141609
vt 0.553500 0.149812
vt 0.542560 0.141296
vt 0.803833 0.010449
vt 0.802897 0.009178
vt 0.813839 0.980226
vt 0.818467 0.977868
vt 0.813268 0.983634
vt 0.817409 0.983628
vt 0.516322 0.323106
vt 0.613080 0.097981
vt 0.195022 0.283629
vt 0.206184 0.826878
vt 0.191959 0.792425
vt 0.196875 0.781883
vt 0.083320 0.319200
vt 0.079080 0.308539
vt 0.080423 0.282915
vt 0.891848 0.149786
vt 0.899150 0.166865
vt 0.889893 0.158255
vt 0.821247 0.988463
vt 0.777737 0.045318
vt 0.796793 0.046762
vt 0.789604 0.050601
vt 0.329369 0.040002
vt 0.129001 0.392289
vt 0.770007 0.286659
vt 0.871603 0.855713
vt 0.858964 0.877604
vt 0.862658 0.850004
vt 0.985743 0.860568
vt 0.987073 0.864221
vt 0.970702 0.864168
vt 0.026942 0.750227
vt 0.039626 0.732768
vt 0.038848 0.756054
vt 0.946519 0.444423
vt 0.172465 0.277409
vt 0.099260 0.266493
vt 0.865275 0.878187
vt 0.733805 0.725445
vt 0.035758 0.426039
vt 0.552909 0.321120
vt 0.833225 0.973087
vt 0.315500 0.922092
vt 0.656184 0.297375
vt 0.650860 0.308452
vt 0.805647 0.007887
vt 0.303770 0.131456
vt 0.296519 0.128026
vt 0.288839 0.117881
vt 0.496497 0.029255
vt 0.506611 0.028370
vt 0.519896 0.029200
vt 0.161471 0.819214
vt 0.651332 0.270607
vt 0.001760 0.952380
vt 0.000273 0.955571
vt 0.000227 0.951037
vt 0.278462 0.922606
vt 0.280176 0.916752
vt 0.486808 0.971143
vt 0.783313 0.039769
vt 0.788718 0.817119
vt 0.313468 0.357100
vt 0.057763 0.967456
vt 0.063181 0.958071
vt 0.065436 0.971162
vt 0.284348 0.080714
vt 0.290912 0.082842
vt 0.286757 0.088777
vt 0.054354 0.287066
vt 0.054354 0.260376
vt 0.057916 0.279797
vt 0.346256 0.051453
vt 0.299710 0.350034
vt 0.306123 0.341984
vt 0.617747 0.289366
vt 0.616674 0.257077
vt 0.290534 0.072557
vt 0.189428 0.697639
vt 0.192181 0.721704
vt 0.659742 0.019024
vt 0.150698 0.821588
vt 0.991380 0.624885
vt 0.979808 0.621125
vt 0.986707 0.606114
vt 0.668605 0.022206
vt 0.321126 0.933948
vt 0.353076 0.428021
vt 0.551435 0.369299
vt 0.876257 0.876496
vt 0.280545 0.006319
vt 0.273354 0.006319
vt 0.278816 0.000139
vt 0.333227 0.445962
vt 0.033228 0.212600
vt 0.014959 0.206664
vt 0.031709 0.203198
vt 0.019569 0.160787
vt 0.239248 0.570277
vt 0.235831 0.567876
vt 0.000011 0.251335
vt 0.999764 0.884760
vt 0.999764 0.894177
vt 0.998745 0.887404
vt 0.032157 0.731584
vt 0.035681 0.728544
vt 0.035644 0.732044
vt 0.185051 0.665395
vt 0.837474 0.987357
vt 0.925130 0.676694
vt 0.934780 0.676694
vt 0.930597 0.714761
vt 0.304680 0.126116
vt 0.937842 0.460236
vt 0.937842 0.498532
vt 0.931010 0.478189
vt 0.837157 0.996957
vt 0.837157 0.988140
vt 0.839942 0.991176
vt 0.319649 0.347393
vt 0.093882 0.434133
vt 0.090916 0.400230
vt 0.092660 0.379081
vt 0.068429 0.603703
vt 0.054770 0.589446
vt 0.061993 0.584756
vt 0.291198 0.980029
vt 0.996647 0.380782
vt 0.995659 0.377095
vt 0.996889 0.366859
vt 0.095245 0.853173
vt 0.094276 0.906553
vt 0.079121 0.876201
vt 0.821903 0.979477
vt 0.516204 0.989016
vt 0.333808 0.057965
vt 0.030102 0.310805
vt 0.034503 0.309069
vt 0.823007 0.972292
vt 0.170112 0.964069
vt 0.205585 0.943523
vt 0.182319 0.965568
vt 0.314863 0.981539
vt 0.926804 0.409733
vt 0.926804 0.443381
vt 0.924165 0.406595
vt 0.201275 0.076513
vt 0.209149 0.069385
vt 0.208369 0.077764
vt 0.002355 0.842791
vt 0.000129 0.840404
vt 0.000310 0.836792
vt 0.869205 0.663501
vt 0.852059 0.641559
vt 0.860077 0.638420
vt 0.651222 0.274863
vt 0.292945 0.116729
vt 0.171596 0.115182
vt 0.190969 0.098926
vt 0.205453 0.114540
vt 0.328664 0.349673
vt 0.864479 0.891137
vt 0.424655 0.161347
vt 0.751858 0.515814
vt 0.157596 0.815421
vt 0.002441 0.946505
vt 0.002441 0.951160
vt 0.000540 0.948876
vt 0.822092 0.984449
vt 0.956241 0.507907
vt 0.956241 0.541770
vt 0.953843 0.524341
vt 0.122492 0.055986
vt 0.109944 0.052624
vt 0.135957 0.049906
vt 0.117094 0.049330
vt 0.913516 0.979020
vt 0.893167 0.981518
vt 0.887279 0.969301
vt 0.283788 0.116360
vt 0.267790 0.274805
vt 0.255018 0.273445
vt 0.772010 0.035340
vt 0.507761 0.309071
vt 0.874245 0.257958
vt 0.505335 0.005105
vt 0.508530 0.000708
vt 0.508574 0.006744
vt 0.022908 0.308874
vt 0.062757 0.611965
vt 0.991350 0.417092
vt 0.984805 0.422585
vt 0.984842 0.408017
vt 0.076322 0.442804
vt 0.078154 0.453484
vt 0.073121 0.444882
vt 0.952581 0.544594
vt 0.921829 0.783004
vt 0.918224 0.789249
vt 0.920585 0.781722
vt 0.249380 0.434997
vt 0.751634 0.794642
vt 0.733025 0.805388
vt 0.803649 0.005641
vt 0.035144 0.310166
vt 0.035144 0.330668
vt 0.025462 0.327720
vt 0.192487 0.474167
vt 0.197434 0.455465
vt 0.007417 0.304418
vt 0.004177 0.304020
vt 0.007533 0.302637
vt 0.031695 0.734701
vt 0.824586 0.976098
vt 0.024803 0.633224
vt 0.010964 0.643278
vt 0.012347 0.623984
vt 0.875576 0.895650
vt 0.038198 0.777628
vt 0.036859 0.783235
vt 0.033378 0.788208
vt 0.123547 0.002568
vt 0.124043 0.005380
vt 0.107949 0.004240
vt 0.010229 0.303508
vt 0.880740 0.149860
vt 0.191018 0.002561
vt 0.193520 0.001650
vt 0.193315 0.006899
vt 0.999308 0.878702
vt 0.997711 0.877433
vt 0.997711 0.872684
vt 0.364740 0.861137
vt 0.698311 0.022164
vt 0.711735 0.021943
vt 0.713287 0.027735
vt 0.999241 0.869435
vt 0.696856 0.292038
vt 0.693778 0.287460
vt 0.704405 0.290511
vt 0.028522 0.732292
vt 0.617631 0.103214
vt 0.343542 0.447383
vt 0.725759 0.481113
vt 0.696497 0.426430
vt 0.717813 0.428379
vt 0.185985 0.975562
vt 0.204974 0.949425
vt 0.203881 0.970986
vt 0.516539 0.980484
vt 0.689697 0.293657
vt 0.685124 0.288442
vt 0.788849 0.035813
vt 0.022102 0.732408
vt 0.401216 0.009153
vt 0.395095 0.009128
vt 0.398273 0.005646
vt 0.285800 0.060255
vt 0.490292 0.956311
vt 0.623761 0.101732
vt 0.038409 0.000218
vt 0.044552 0.000218
vt 0.040850 0.001272
vt 0.000431 0.854373
vt 0.000069 0.851423
vt 0.002415 0.848558
vt 0.347788 0.427002
vt 0.329022 0.410950
vt 0.569626 0.913127
vt 0.019283 0.156767
vt 0.132689 0.349310
vt 0.132837 0.353611
vt 0.130327 0.356562
vt 0.697673 0.649128
vt 0.692951 0.698925
vt 0.683690 0.679115
vt 0.439160 0.244429
vt 0.477247 0.249361
vt 0.465085 0.249000
vt 0.255815 0.989059
vt 0.238969 0.989059
vt 0.244906 0.983121
vt 0.633578 0.254389
vt 0.798233 0.007220
vt 0.795408 0.004676
vt 0.796879 0.002219
vt 0.687859 0.084005
vt 0.693321 0.079087
vt 0.686097 0.101672
vt 0.001632 0.391661
vt 0.007807 0.391661
vt 0.004563 0.393734
vt 0.296272 0.928119
vt 0.414642 0.009257
vt 0.801550 0.812116
vt 0.789111 0.799220
vt 0.798794 0.763082
vt 0.513021 0.010225
vt 0.493934 0.010225
vt 0.503007 0.005671
vt 0.360984 0.022861
vt 0.366211 0.018476
vt 0.366444 0.027022
vt 0.997378 0.138751
vt 0.994264 0.140931
vt 0.990202 0.138845
vt 0.079401 0.864883
vt 0.190981 0.007292
vt 0.880094 0.029017
vt 0.885023 0.037554
vt 0.879508 0.051460
vt 0.038315 0.806712
vt 0.031891 0.793408
vt 0.042625 0.796046
vt 0.985226 0.900276
vt 0.996394 0.900276
vt 0.995612 0.913435
vt 0.720950 0.053088
vt 0.720950 0.030370
vt 0.726640 0.040682
vt 0.347176 0.015408
vt 0.353465 0.034766
vt 0.342511 0.023376
vt 0.219922 0.999992
vt 0.209785 0.999992
vt 0.216095 0.998518
vt 0.249322 0.998587
vt 0.244334 0.999923
vt 0.239501 0.998934
vt 0.034508 0.941666
vt 0.034508 0.918742
vt 0.038517 0.921110
vt 0.330431 0.982573
vt 0.338516 0.973954
vt 0.345042 0.981731
vt 0.002339 0.847071
vt 0.000145 0.848911
vt 0.000518 0.842594
vt 0.007649 0.693256
vt 0.006010 0.689415
vt 0.008269 0.688264
vt 0.687826 0.074839
vt 0.716884 0.984305
vt 0.720274 0.993619
vt 0.716910 0.996321
vt 0.003271 0.334955
vt 0.011524 0.337166
vt 0.003119 0.347196
vt 0.002754 0.093897
vt 0.000227 0.099317
vt 0.000422 0.087469
vt 0.887536 0.262663
vt 0.129536 0.348357
vt 0.128508 0.354911
vt 0.291374 0.921820
vt 0.161032 0.957730
vt 0.201284 0.060826
vt 0.215595 0.050900
vt 0.290853 0.592785
vt 0.291283 0.601731
vt 0.288748 0.601687
vt 0.653270 0.323730
vt 0.656602 0.316364
vt 0.663133 0.313025
vt 0.057776 0.954030
vt 0.002237 0.884085
vt 0.000307 0.888223
vt 0.000247 0.882765
vt 0.080335 0.853010
vt 0.896091 0.665665
vt 0.881896 0.663923
vt 0.879866 0.624945
vt 0.015495 0.156504
vt 0.022499 0.637809
vt 0.029092 0.629951
vt 0.041584 0.637576
vt 0.327307 0.337841
vt 0.001170 0.691071
vt 0.283658 0.602200
vt 0.444739 0.311853
vt 0.467667 0.323342
vt 0.234722 0.551114
vt 0.946718 0.377933
vt 0.941094 0.363166
vt 0.948656 0.373776
vt 0.085971 0.057059
vt 0.105231 0.065507
vt 0.086524 0.063373
vt 0.064748 0.450897
vt 0.657606 0.360877
vt 0.638662 0.371554
vt 0.624559 0.341312
vt 0.716022 0.727154
vt 0.026789 0.020940
vt 0.030619 0.029155
vt 0.021968 0.019040
vt 0.156222 0.282400
vt 0.327586 0.972718
vt 0.219371 0.266345
vt 0.435028 0.034166
vt 0.442787 0.029955
vt 0.448539 0.031497
vt 0.082522 0.453875
vt 0.087191 0.471302
vt 0.078792 0.450882
vt 0.408080 0.959072
vt 0.867356 0.903688
vt 0.858923 0.926857
vt 0.860196 0.880893
vt 0.633771 0.175118
vt 0.587789 0.175118
vt 0.617263 0.170634
vt 0.395382 0.072379
vt 0.383462 0.074981
vt 0.385211 0.072379
vt 0.144186 0.386280
vt 0.683840 0.625726
vt 0.140114 0.342760
vt 0.004000 0.441081
vt 0.004981 0.434886
vt 0.011400 0.443405
vt 0.184920 0.832388
vt 0.262125 0.001063
vt 0.264265 0.002617
vt 0.260325 0.007382
vt 0.218497 0.066254
vt 0.692078 0.027450
vt 0.016593 0.019989
vt 0.030584 0.767391
vt 0.932558 0.369089
vt 0.938585 0.373154
vt 0.932754 0.381481
vt 0.105500 0.400689
vt 0.120147 0.402837
vt 0.114875 0.412748
vt 0.938640 0.385453
vt 0.028113 0.408733
vt 0.012819 0.409267
vt 0.011132 0.403450
vt 0.691097 0.704050
vt 0.710616 0.673149
vt 0.709511 0.702957
vt 0.026950 0.783294
vt 0.295159 0.607364
vt 0.288513 0.613906
vt 0.012281 0.349596
vt 0.274028 0.271309
vt 0.852875 0.053367
vt 0.840842 0.055489
vt 0.825217 0.052807
vt 0.741875 0.411445
vt 0.753841 0.423695
vt 0.753891 0.461970
vt 0.990399 0.815818
vt 0.986394 0.821539
vt 0.972839 0.816946
vt 0.798291 0.843331
vt 0.341459 0.934640
vt 0.340136 0.938684
vt 0.327611 0.938976
vt 0.730273 0.798579
vt 0.113731 0.056698
vt 0.085277 0.470262
vt 0.999950 0.603634
vt 0.997566 0.610971
vt 0.997584 0.603709
vt 0.302979 0.195904
vt 0.295630 0.208634
vt 0.296740 0.171396
vt 0.699662 0.443688
vt 0.258485 0.927540
vt 0.526261 0.028066
vt 0.526261 0.032735
vt 0.520309 0.027871
vt 0.425282 0.029421
vt 0.002483 0.906568
vt 0.000028 0.909023
vt 0.000001 0.903694
vt 0.026366 0.734698
vt 0.011086 0.152115
vt 0.011800 0.138631
vt 0.019394 0.142215
vt 0.999310 0.599817
vt 0.997843 0.602963
vt 0.997709 0.595249
vt 0.051098 0.183593
vt 0.045667 0.183166
vt 0.037824 0.174756
vt 0.332127 0.830951
vt 0.324845 0.837959
vt 0.315297 0.827345
vt 0.114796 0.020518
vt 0.125147 0.018506
vt 0.108832 0.030675
vt 0.869749 0.615188
vt 0.851563 0.622736
vt 0.007396 0.992475
vt 0.004030 0.997282
vt 0.004557 0.985331
vt 0.038521 0.783451
vt 0.004616 0.815479
vt 0.004754 0.799524
vt 0.016408 0.802647
vt 0.479726 0.228097
vt 0.512118 0.243202
vt 0.457579 0.244829
vt 0.225046 0.257369
vt 0.029669 0.950835
vt 0.025473 0.958103
vt 0.026327 0.937078
vt 0.368069 0.995698
vt 0.362419 0.999803
vt 0.360198 0.990261
vt 0.023679 0.480822
vt 0.022520 0.467575
vt 0.023301 0.460560
vt 0.290669 0.990687
vt 0.302475 0.990687
vt 0.295960 0.995900
vt 0.914273 0.014680
vt 0.927440 0.011152
vt 0.934212 0.014320
vt 0.045477 0.173381
vt 0.999995 0.744414
vt 0.998262 0.748133
vt 0.998017 0.739696
vt 0.923306 0.770429
vt 0.175908 0.119006
vt 0.185697 0.119397
vt 0.184278 0.124693
vt 0.418431 0.247592
vt 0.855869 0.257509
vt 0.842094 0.277181
vt 0.843205 0.230519
vt 0.911128 0.918057
vt 0.921957 0.899301
vt 0.921606 0.939248
vt 0.005250 0.975134
vt 0.003529 0.984895
vt 0.003195 0.970396
vt 0.999869 0.822171
vt 0.997647 0.826936
vt 0.997660 0.817872
vt 0.546346 0.912549
vt 0.550098 0.921380
vt 0.921669 0.769311
vt 0.284110 0.112470
vt 0.881503 0.142962
vt 0.298755 0.927738
vt 0.999778 0.691392
vt 0.998726 0.687469
vt 0.999783 0.683173
vt 0.543774 0.028160
vt 0.489642 0.997316
vt 0.480083 0.990371
vt 0.493588 0.990265
vt 0.640577 0.259431
vt 0.711243 0.648281
vt 0.019229 0.813114
vt 0.801032 0.443426
vt 0.812392 0.422458
vt 0.818992 0.430750
vt 0.999936 0.800720
vt 0.997871 0.799523
vt 0.999685 0.792754
vt 0.861563 0.450933
vt 0.867479 0.417385
vt 0.867696 0.464880
vt 0.360829 0.039647
vt 0.675743 0.295583
vt 0.468199 0.994360
vt 0.467515 0.990240
vt 0.479331 0.990240
vt 0.947925 0.359185
vt 0.064156 0.944387
vt 0.025448 0.773872
vt 0.018938 0.024590
vt 0.665407 0.302653
vt 0.670427 0.302941
vt 0.146833 0.401973
vt 0.147834 0.384405
vt 0.145854 0.389518
vt 0.356606 0.460503
vt 0.338054 0.458921
vt 0.347880 0.453198
vt 0.915399 0.699358
vt 0.903832 0.686741
vt 0.917388 0.686800
vt 0.507374 0.999375
vt 0.507374 0.989697
vt 0.511007 0.991756
vt 0.019713 0.155457
vt 0.759420 0.057530
vt 0.745224 0.060493
vt 0.740604 0.058339
vt 0.038656 0.338785
vt 0.035363 0.335493
vt 0.038338 0.314965
vt 0.998852 0.763650
vt 0.998852 0.772366
vt 0.997671 0.770549
vt 0.832279 0.456946
vt 0.832703 0.431785
vt 0.838920 0.423535
vt 0.234967 0.587263
vt 0.278159 0.442993
vt 0.072365 0.870427
vt 0.072365 0.899072
vt 0.063253 0.882721
vt 0.327751 0.941906
vt 0.300759 0.098052
vt 0.868806 0.142127
vt 0.187669 0.123364
vt 0.177158 0.133511
vt 0.927048 0.605440
vt 0.930816 0.594834
vt 0.936265 0.604634
vt 0.913362 0.764549
vt 0.898792 0.785358
vt 0.900416 0.757589
vt 0.314111 0.858222
vt 0.038636 0.766685
vt 0.200757 0.546665
vt 0.201277 0.539360
vt 0.322272 0.112000
vt 0.961111 0.030841
vt 0.974627 0.033714
vt 0.952845 0.040197
vt 0.820287 0.051686
vt 0.818633 0.055631
vt 0.801871 0.055631
vt 0.477884 0.993929
vt 0.867244 0.150273
vt 0.890858 0.666762
vt 0.910388 0.672555
vt 0.937334 0.566940
vt 0.934091 0.595572
vt 0.927792 0.576361
vt 0.355843 0.487183
vt 0.330581 0.490774
vt 0.167386 0.115868
vt 0.736808 0.743709
vt 0.729445 0.739734
vt 0.897368 0.744200
vt 0.043151 0.182855
vt 0.003478 0.907380
vt 0.003478 0.896294
vt 0.007846 0.911456
vt 0.981727 0.145447
vt 0.976059 0.146966
vt 0.975313 0.128880
vt 0.859419 0.155334
vt 0.797973 0.170033
vt 0.773984 0.179197
vt 0.784635 0.170033
vt 0.008445 0.903355
vt 0.938778 0.362082
vt 0.696913 0.074185
vt 0.538947 0.008908
vt 0.538038 0.005516
vt 0.548268 0.005002
vt 0.829524 0.056113
vt 0.993157 0.451923
vt 0.993157 0.438291
vt 0.996907 0.444971
vt 0.700090 0.018202
vt 0.698135 0.012183
vt 0.713544 0.020216
vt 0.674457 0.289058
vt 0.975686 0.116820
vt 0.981965 0.125990
vt 0.998213 0.730783
vt 0.999786 0.736653
vt 0.997731 0.739162
vt 0.188904 0.436758
vt 0.206657 0.423000
vt 0.023363 0.033963
vt 0.691731 0.972919
vt 0.707930 0.973290
vt 0.717608 0.980066
vt 0.669269 0.297905
vt 0.197299 0.542476
vt 0.295378 0.226463
vt 0.283267 0.233456
vt 0.292363 0.214376
vt 0.574919 0.432975
vt 0.577265 0.427131
vt 0.584132 0.432381
vt 0.737901 0.006054
vt 0.738983 0.001717
vt 0.743470 0.008218
vt 0.135616 0.412910
vt 0.997580 0.791928
vt 0.981407 0.114833
vt 0.001025 0.468039
vt 0.011421 0.468074
vt 0.003624 0.471137
vt 0.985155 0.658860
vt 0.996560 0.666437
vt 0.988252 0.666525
vt 0.000507 0.919845
vt 0.000507 0.914731
vt 0.002474 0.914968
vt 0.529228 0.005215
vt 0.163336 0.133223
vt 0.941336 0.355579
vt 0.039992 0.164155
vt 0.044076 0.161166
vt 0.013133 0.534125
vt 0.015991 0.522661
vt 0.026609 0.537945
vt 0.726918 0.425365
vt 0.053810 0.218369
vt 0.058096 0.202372
vt 0.058461 0.228825
vt 0.820651 0.177358
vt 0.738240 0.062491
vt 0.933069 0.356375
vt 0.804064 0.451032
vt 0.026713 0.397012
vt 0.022840 0.400391
vt 0.010545 0.400391
vt 0.297395 0.611235
vt 0.058439 0.066572
vt 0.050856 0.089911
vt 0.042406 0.070719
vt 0.680640 0.352412
vt 0.686226 0.342424
vt 0.696355 0.359423
vt 0.653471 0.017522
vt 0.665953 0.023079
vt 0.665251 0.034142
vt 0.269186 0.269933
vt 0.812902 0.094276
vt 0.812902 0.065188
vt 0.817500 0.084095
vt 0.324715 0.853267
vt 0.631411 0.081075
vt 0.646365 0.093185
vt 0.648768 0.106704
vt 0.956892 0.040148
vt 0.976260 0.034959
vt 0.980515 0.041047
vt 0.285350 0.726969
vt 0.243585 0.928490
vt 0.249789 0.936133
vt 0.730396 0.060541
vt 0.289704 0.104902
vt 0.353226 0.455058
vt 0.166153 0.909233
vt 0.601662 0.101445
vt 0.572952 0.115420
vt 0.569865 0.101445
vt 0.674795 0.281616
vt 0.817811 0.409919
vt 0.680763 0.277363
vt 0.011891 0.471355
vt 0.730558 0.057231
vt 0.371538 0.072063
vt 0.208845 0.775963
vt 0.760910 0.430492
vt 0.024684 0.497919
vt 0.024684 0.517978
vt 0.022510 0.505192
vt 0.992696 0.991335
vt 0.996097 0.981990
vt 0.996375 0.992807
vt 0.951550 0.681866
vt 0.951550 0.648487
vt 0.954064 0.664311
vt 0.990914 0.402149
vt 0.984745 0.407325
vt 0.985323 0.390986
vt 0.697600 0.981378
vt 0.658739 0.128251
vt 0.663169 0.118750
vt 0.662068 0.154474
vt 0.653344 0.020390
vt 0.665583 0.037236
vt 0.654060 0.030910
vt 0.017213 0.662023
vt 0.006632 0.662023
vt 0.006850 0.659387
vt 0.796303 0.445310
vt 0.704197 0.021249
vt 0.281902 0.614667
vt 0.938739 0.347781
vt 0.590051 0.415790
vt 0.230578 0.589756
vt 0.013688 0.208812
vt 0.014352 0.215121
vt 0.003532 0.216921
vt 0.361002 0.431724
vt 0.592728 0.122102
vt 0.027613 0.035705
vt 0.011606 0.025724
vt 0.205441 0.942306
vt 0.668777 0.278790
vt 0.219812 0.118267
vt 0.233451 0.127466
vt 0.241688 0.146512
vt 0.014291 0.396430
vt 0.605877 0.858332
vt 0.560883 0.892745
vt 0.547358 0.887553
vt 0.022793 0.648261
vt 0.012465 0.650082
vt 0.009994 0.647981
vt 0.363416 0.454715
vt 0.999933 0.853913
vt 0.997613 0.860286
vt 0.997584 0.851090
vt 0.328942 0.036551
vt 0.336594 0.022465
vt 0.342196 0.025444
vt 0.359645 0.003146
vt 0.359645 0.020203
vt 0.355209 0.010429
vt 0.050112 0.429563
vt 0.045738 0.438942
vt 0.045268 0.413517
vt 0.339199 0.450808
vt 0.927481 0.485325
vt 0.927481 0.448604
vt 0.928952 0.479921
vt 0.230334 0.608349
vt 0.156320 0.421234
vt 0.700837 0.005535
vt 0.352119 0.451579
vt 0.285953 0.866049
vt 0.446022 0.048038
vt 0.421837 0.055896
vt 0.422244 0.046439
vt 0.996961 0.662766
vt 0.825503 0.996655
vt 0.824154 0.991244
vt 0.833074 0.997827
vt 0.707201 0.331460
vt 0.694962 0.350622
vt 0.710742 0.321868
vt 0.365175 0.073404
vt 0.454317 0.320369
vt 0.448029 0.035424
vt 0.445560 0.047040
vt 0.425791 0.043645
vt 0.992730 0.980367
vt 0.575665 0.424096
vt 0.587181 0.395882
vt 0.078730 0.434547
vt 0.603413 0.017176
vt 0.595295 0.021312
vt 0.601491 0.004520
vt 0.152209 0.330546
vt 0.194713 0.555175
vt 0.737843 0.478372
vt 0.987140 0.543129
vt 0.996606 0.543129
vt 0.996963 0.553742
vt 0.215291 0.256925
vt 0.686413 0.307198
vt 0.682650 0.299608
vt 0.709695 0.303537
vt 0.318907 0.942842
vt 0.201581 0.045456
vt 0.176462 0.045456
vt 0.190942 0.037505
vt 0.777644 0.448637
vt 0.219315 0.070162
vt 0.223308 0.059189
vt 0.222609 0.082888
vt 0.333649 0.020156
vt 0.991108 0.562579
vt 0.997964 0.562579
vt 0.995284 0.565091
vt 0.036391 0.805924
vt 0.042063 0.818089
vt 0.028478 0.816633
vt 0.147982 0.326282
vt 0.447896 0.319342
vt 0.162740 0.904457
vt 0.949616 0.345463
vt 0.288577 0.099643
vt 0.005477 0.542849
vt 0.001237 0.541471
vt 0.005718 0.539118
vt 0.295543 0.935669
vt 0.031374 0.820829
vt 0.050593 0.827074
vt 0.032403 0.844844
vt 0.122944 0.331049
vt 0.231211 0.561472
vt 0.152122 0.121768
vt 0.369139 0.455214
vt 0.767788 0.430614
vt 0.771958 0.443382
vt 0.704719 0.596157
vt 0.098255 0.029414
vt 0.085053 0.047585
vt 0.086552 0.031134
vt 0.283879 0.833296
vt 0.305269 0.604300
vt 0.314788 0.669512
vt 0.543168 0.906977
vt 0.813129 0.172670
vt 0.795415 0.155199
vt 0.799745 0.134831
vt 0.287257 0.718878
vt 0.278985 0.218694
vt 0.341269 0.018591
vt 0.081082 0.441616
vt 0.808555 0.253884
vt 0.796455 0.254712
vt 0.794427 0.233493
vt 0.288282 0.935634
vt 0.218419 0.573716
vt 0.163253 0.414862
vt 0.317799 0.947138
vt 0.500183 0.991274
vt 0.500183 0.999784
vt 0.497333 0.993623
vt 0.062075 0.718436
vt 0.060712 0.723189
vt 0.054458 0.714602
vt 0.943980 0.342882
vt 0.083816 0.509165
vt 0.066656 0.504886
vt 0.066209 0.486364
vt 0.109350 0.998063
vt 0.119165 0.998063
vt 0.118562 0.999950
vt 0.031827 0.509446
vt 0.034382 0.503967
vt 0.054115 0.508371
vt 0.797890 0.166611
vt 0.044169 0.956640
vt 0.039288 0.965094
vt 0.040012 0.941016
vt 0.989136 0.965557
vt 0.987747 0.957553
vt 0.990395 0.958417
vt 0.075278 0.309687
vt 0.082726 0.320323
vt 0.075248 0.339096
vt 0.708245 0.002596
vt 0.028809 0.796417
vt 0.273643 0.232776
vt 0.367828 0.449667
vt 0.922642 0.758639
vt 0.603508 0.113343
vt 0.209928 0.853446
vt 0.317320 0.666761
vt 0.040756 0.709226
vt 0.989877 0.923093
vt 0.989877 0.940792
vt 0.987271 0.929206
vt 0.231287 0.246512
vt 0.199295 0.260426
vt 0.194478 0.243155
vt 0.063354 0.767401
vt 0.068941 0.786885
vt 0.053265 0.766022
vt 0.315147 0.944999
vt 0.199576 0.552328
vt 0.072629 0.164004
vt 0.079383 0.138797
vt 0.079279 0.168207
vt 0.785099 0.251935
vt 0.757759 0.465866
vt 0.816923 0.465720
vt 0.800402 0.466265
vt 0.813020 0.021322
vt 0.807967 0.003517
vt 0.813020 0.005292
vt 0.017924 0.034110
vt 0.781189 0.255330
vt 0.773680 0.252617
vt 0.050902 0.703040
vt 0.806950 0.020063
vt 0.318358 0.380157
vt 0.125857 0.305687
vt 0.593378 0.020275
vt 0.593378 0.002576
vt 0.599865 0.005021
vt 0.338374 0.455916
vt 0.370043 0.446069
vt 0.011878 0.032871
vt 0.715058 0.728439
vt 0.779728 0.359903
vt 0.761040 0.368464
vt 0.778838 0.348414
vt 0.240062 0.787542
vt 0.257841 0.767712
vt 0.249743 0.808098
vt 0.071353 0.653544
vt 0.068240 0.641928
vt 0.070328 0.624151
vt 0.766047 0.235392
vt 0.779381 0.234608
vt 0.037079 0.359226
vt 0.037079 0.382950
vt 0.035450 0.368125
vt 0.760013 0.254941
vt 0.774826 0.369953
vt 0.776903 0.373988
vt 0.294478 0.961017
vt 0.135585 0.429140
vt 0.112911 0.431251
vt 0.119080 0.421274
vt 0.196424 0.565038
vt 0.989657 0.948005
vt 0.377893 0.456116
vt 0.105249 0.998074
vt 0.112210 0.999939
vt 0.102395 0.999833
vt 0.709381 0.297832
vt 0.701757 0.292938
vt 0.921111 0.758561
vt 0.535047 0.915066
vt 0.754287 0.233528
vt 0.739238 0.760293
vt 0.083659 0.424292
vt 0.616078 0.409436
vt 0.616460 0.402931
vt 0.160880 0.331771
vt 0.167171 0.327024
vt 0.827400 0.655369
vt 0.818316 0.673321
vt 0.818390 0.631615
vt 0.974587 0.501514
vt 0.974587 0.523580
vt 0.973252 0.492317
vt 0.976784 0.629033
vt 0.979997 0.624445
vt 0.979702 0.655734
vt 0.302966 0.705470
vt 0.339364 0.549900
vt 0.289328 0.204048
vt 0.080850 0.768703
vt 0.080850 0.798113
vt 0.073646 0.782644
vt 0.688931 0.729108
vt 0.229442 0.572740
vt 0.720870 0.318371
vt 0.721400 0.323021
vt 0.190308 0.562373
vt 0.997721 0.704991
vt 0.999715 0.697550
vt 0.999821 0.705828
vt 0.131642 0.450946
vt 0.128885 0.453839
vt 0.135971 0.438954
vt 0.566440 0.391755
vt 0.555414 0.373284
vt 0.690541 0.096324
vt 0.696386 0.097146
vt 0.686128 0.105784
vt 0.380724 0.434732
vt 0.372520 0.491288
vt 0.734459 0.749074
vt 0.156192 0.315437
vt 0.590804 0.383817
vt 0.592882 0.392229
vt 0.270279 0.863507
vt 0.997695 0.697839
vt 0.775315 0.379374
vt 0.264608 0.829962
vt 0.225971 0.578260
vt 0.125483 0.441916
vt 0.272547 0.831270
vt 0.493020 0.083682
vt 0.496350 0.074533
vt 0.493355 0.103808
vt 0.979240 0.354047
vt 0.982570 0.348278
vt 0.983006 0.379988
vt 0.290234 0.875565
vt 0.696271 0.077028
vt 0.296382 0.661039
vt 0.645778 0.403910
vt 0.428597 0.435948
vt 0.411014 0.405603
vt 0.429877 0.417291
vt 0.384977 0.456003
vt 0.024838 0.037591
vt 0.999807 0.847984
vt 0.999574 0.851332
vt 0.997709 0.848546
vt 0.497542 0.099846
vt 0.197138 0.571516
vt 0.084515 0.415931
vt 0.717311 0.015042
vt 0.381415 0.493240
vt 0.398788 0.463856
vt 0.403825 0.493018
vt 0.050589 0.584147
vt 0.048268 0.570984
vt 0.050364 0.558426
vt 0.277619 0.643036
vt 0.262311 0.631771
vt 0.154341 0.308856
vt 0.079772 0.427246
vt 0.830182 0.039372
vt 0.842637 0.040986
vt 0.841685 0.050047
vt 0.772731 0.347441
vt 0.706920 0.290710
vt 0.297856 0.892077
vt 0.316084 0.958363
vt 0.470326 0.194528
vt 0.467461 0.199045
vt 0.446726 0.191498
vt 0.127374 0.455860
vt 0.161354 0.887976
vt 0.172715 0.896903
vt 0.919754 0.749251
vt 0.715620 0.006359
vt 0.179721 0.260032
vt 0.630269 0.212219
vt 0.633977 0.229590
vt 0.627319 0.223570
vt 0.440309 0.439601
vt 0.604179 0.213728
vt 0.198430 0.578933
vt 0.047271 0.842805
vt 0.051724 0.826187
vt 0.053077 0.850912
vt 0.990438 0.562041
vt 0.980252 0.576061
vt 0.984594 0.562242
vt 0.930663 0.302810
vt 0.930663 0.265496
vt 0.937692 0.285321
vt 0.390058 0.456691
vt 0.282768 0.718708
vt 0.599250 0.231700
vt 0.396290 0.561384
vt 0.378487 0.579037
vt 0.426002 0.487623
vt 0.046440 0.494200
vt 0.046440 0.468542
vt 0.052418 0.477935
vt 0.953527 0.519900
vt 0.952858 0.493048
vt 0.955736 0.494643
vt 0.716162 0.873923
vt 0.719781 0.888111
vt 0.680903 0.863533
vt 0.717663 0.011810
vt 0.615435 0.395078
vt 0.047842 0.643096
vt 0.047842 0.617212
vt 0.050022 0.632667
vt 0.109501 0.614788
vt 0.116377 0.622009
vt 0.109664 0.633636
vt 0.261543 0.232723
vt 0.256221 0.223629
vt 0.391504 0.453223
vt 0.189471 0.573550
vt 0.192651 0.588717
vt 0.016059 0.037397
vt 0.997783 0.910575
vt 0.999715 0.904399
vt 0.999792 0.910221
vt 0.199183 0.588330
vt 0.740867 0.366287
vt 0.746385 0.375645
vt 0.723829 0.379365
vt 0.997724 0.904413
vt 0.282829 0.197244
vt 0.274362 0.197355
vt 0.193000 0.035867
vt 0.184882 0.038043
vt 0.168649 0.035479
vt 0.422082 0.457838
vt 0.220242 0.589846
vt 0.717256 0.741401
vt 0.732524 0.752438
vt 0.730752 0.775285
vt 0.113926 0.639082
vt 0.108003 0.651612
vt 0.627767 0.237408
vt 0.636159 0.238675
vt 0.632179 0.239243
vt 0.396291 0.448438
vt 0.998156 0.842161
vt 0.030652 0.948680
vt 0.026903 0.934688
vt 0.031716 0.927624
vt 0.413436 0.454595
vt 0.268478 0.211702
vt 0.640711 0.394566
vt 0.440430 0.410434
vt 0.152268 0.286757
vt 0.140994 0.002640
vt 0.140994 0.005805
vt 0.124779 0.003136
vt 0.402032 0.455069
vt 0.196563 0.595473
vt 0.736578 0.324798
vt 0.735438 0.319871
vt 0.962135 0.310425
vt 0.964680 0.330660
vt 0.963050 0.334155
vt 0.853872 0.049683
vt 0.997650 0.791255
vt 0.997650 0.782515
vt 0.999866 0.788148
vt 0.719038 0.292346
vt 0.712409 0.295877
vt 0.125480 0.633536
vt 0.999701 0.901149
vt 0.494307 0.191764
vt 0.582588 0.215191
vt 0.964245 0.312696
vt 0.407410 0.454191
vt 0.130602 0.468488
vt 0.496145 0.195205
vt 0.408290 0.434959
vt 0.406664 0.448806
vt 0.744330 0.346764
vt 0.241205 0.894980
vt 0.248832 0.874397
vt 0.713022 0.766670
vt 0.469189 0.849589
vt 0.504956 0.793846
vt 0.490222 0.403563
vt 0.501555 0.420164
vt 0.497988 0.427339
vt 0.692853 0.742733
vt 0.124391 0.594290
vt 0.054191 0.188966
vt 0.054537 0.203657
vt 0.053262 0.199580
vt 0.953271 0.486061
vt 0.417598 0.449135
vt 0.435597 0.510154
vt 0.457340 0.514818
vt 0.452059 0.519601
vt 0.398350 0.450309
vt 0.755502 0.330793
vt 0.421166 0.449800
vt 0.128735 0.468138
vt 0.961798 0.301711
vt 0.242004 0.837569
vt 0.601285 0.384874
vt 0.474316 0.200454
vt 0.776047 0.013675
vt 0.783657 0.003201
vt 0.794246 0.018657
vt 0.338816 0.553874
vt 0.836428 0.655983
vt 0.833868 0.677278
vt 0.693285 0.863899
vt 0.726262 0.855435
vt 0.053542 0.215406
vt 0.732065 0.788351
vt 0.716723 0.372760
vt 0.683545 0.997006
vt 0.680589 0.996046
vt 0.682836 0.993058
vt 0.822632 0.681350
vt 0.179715 0.248130
vt 0.172018 0.887318
vt 0.669180 0.772379
vt 0.669180 0.674218
vt 0.674585 0.732420
vt 0.130372 0.477881
vt 0.973784 0.198946
vt 0.978046 0.212152
vt 0.973523 0.213364
vt 0.581427 0.230292
vt 0.447560 0.434727
vt 0.619226 0.245474
vt 0.738611 0.301746
vt 0.607657 0.246660
vt 0.448097 0.447230
vt 0.476846 0.409616
vt 0.469622 0.508747
vt 0.500525 0.511239
vt 0.462718 0.530619
vt 0.298384 0.672262
vt 0.432907 0.010415
vt 0.438159 0.007966
vt 0.452339 0.010312
vt 0.227237 0.837081
vt 0.641840 0.382588
vt 0.752636 0.473816
vt 0.452477 0.529068
vt 0.976711 0.226462
vt 0.973271 0.230761
vt 0.327736 0.190125
vt 0.340339 0.151156
vt 0.352202 0.154558
vt 0.596264 0.240608
vt 0.362899 0.610391
vt 0.156337 0.290998
vt 0.350222 0.580653
vt 0.244612 0.214682
vt 0.168613 0.263560
vt 0.491900 0.433650
vt 0.749719 0.308519
vt 0.229643 0.891217
vt 0.709496 0.361970
vt 0.457365 0.439894
vt 0.264798 0.662403
vt 0.258694 0.645906
vt 0.278098 0.327919
vt 0.298814 0.353781
vt 0.285460 0.376006
vt 0.508987 0.516606
vt 0.736646 0.336473
vt 0.436919 0.518951
vt 0.185458 0.229734
vt 0.619176 0.251303
vt 0.452314 0.407864
vt 0.321917 0.159583
vt 0.658744 0.870164
vt 0.651144 0.850830
vt 0.750943 0.490706
vt 0.592081 0.241542
vt 0.594292 0.244047
vt 0.057974 0.065584
vt 0.049635 0.067054
vt 0.037406 0.065999
vt 0.612840 0.250533
vt 0.052433 0.777201
vt 0.051269 0.766133
vt 0.066962 0.786773
vt 0.705617 0.344960
vt 0.467371 0.413169
vt 0.605908 0.262197
vt 0.921056 0.668035
vt 0.924448 0.648794
vt 0.924388 0.688017
vt 0.300505 0.679936
vt 0.055910 0.121285
vt 0.055910 0.141482
vt 0.054373 0.147468
vt 0.928876 0.961379
vt 0.923577 0.979860
vt 0.912654 0.981989
vt 0.252565 0.198511
vt 0.733695 0.498511
vt 0.487270 0.454686
vt 0.465422 0.425192
vt 0.797669 0.828405
vt 0.726749 0.783778
vt 0.712956 0.801684
vt 0.700762 0.779127
vt 0.534401 0.509561
vt 0.511487 0.528367
vt 0.646247 0.844303
vt 0.645242 0.857503
vt 0.548503 0.339018
vt 0.549307 0.336016
vt 0.565716 0.343062
vt 0.210250 0.824808
vt 0.226412 0.860686
vt 0.215454 0.922832
vt 0.682890 0.853557
vt 0.670854 0.767050
vt 0.796632 0.834037
vt 0.578410 0.335527
vt 0.466414 0.541986
vt 0.531904 0.913456
vt 0.693514 0.840641
vt 0.274788 0.671377
vt 0.743422 0.790794
vt 0.672187 0.851141
vt 0.226770 0.335364
vt 0.276974 0.694378
vt 0.555712 0.503248
vt 0.467645 0.844663
vt 0.527764 0.910746
vt 0.225727 0.898885
vt 0.652361 0.841107
vt 0.443459 0.529320
vt 0.435520 0.523832
vt 0.759982 0.484002
vt 0.640099 0.830816
vt 0.624187 0.847891
vt 0.456209 0.543477
vt 0.726864 0.512052
vt 0.692070 0.830778
vt 0.732494 0.841224
vt 0.438510 0.540648
vt 0.414733 0.517897
vt 0.498526 0.869640
vt 0.687366 0.838633
vt 0.477819 0.546828
vt 0.622883 0.336390
vt 0.265795 0.694375
vt 0.695046 0.822594
vt 0.255457 0.672539
vt 0.679410 0.796445
vt 0.951500 0.543775
vt 0.951500 0.509876
vt 0.954610 0.542767
vt 0.651379 0.832291
vt 0.691236 0.801940
vt 0.680164 0.834034
vt 0.785962 0.928814
vt 0.781479 0.910024
vt 0.783780 0.895853
vt 0.827799 0.884818
vt 0.841352 0.865462
vt 0.836612 0.913303
vt 0.484617 0.248257
vt 0.459175 0.246031
vt 0.516483 0.244043
vt 0.467749 0.561978
vt 0.676205 0.773865
vt 0.431093 0.544724
vt 0.466771 0.594601
vt 0.269393 0.720572
vt 0.417275 0.503545
vt 0.659193 0.828703
vt 0.686150 0.820478
vt 0.929573 0.926825
vt 0.937293 0.931014
vt 0.930451 0.956547
vt 0.665029 0.790358
vt 0.661147 0.772595
vt 0.682735 0.804212
vt 0.266856 0.719604
vt 0.459411 0.578480
vt 0.869414 0.778428
vt 0.864480 0.764873
vt 0.869747 0.729769
vt 0.423994 0.531511
vt 0.886062 0.371202
vt 0.886062 0.415684
vt 0.881946 0.383805
vt 0.777256 0.879991
vt 0.650287 0.812027
vt 0.722494 0.168030
vt 0.739570 0.174245
vt 0.693118 0.172631
vt 0.268257 0.728129
vt 0.664676 0.818295
vt 0.794434 0.874166
vt 0.742812 0.867369
vt 0.759398 0.863135
vt 0.421802 0.525078
vt 0.756063 0.607272
vt 0.758884 0.657637
vt 0.751661 0.627984
vt 0.397095 0.533931
vt 0.464061 0.601207
vt 0.417935 0.519800
vt 0.672652 0.805677
vt 0.067644 0.589630
vt 0.067644 0.560395
vt 0.069465 0.576153
vt 0.655746 0.805859
vt 0.643962 0.791986
vt 0.930289 0.919757
vt 0.527784 0.913556
vt 0.413188 0.514670
vt 0.840205 0.911918
vt 0.416715 0.530317
vt 0.415440 0.518976
vt 0.650008 0.780950
vt 0.468030 0.619951
vt 0.420971 0.534290
vt 0.109833 0.750678
vt 0.107696 0.721895
vt 0.111278 0.743908
vt 0.110069 0.720480
vt 0.797744 0.860527
vt 0.804116 0.869510
vt 0.744110 0.590515
vt 0.742997 0.574227
vt 0.469150 0.614714
vt 0.002453 0.966628
vt 0.000031 0.969962
vt 0.000291 0.965458
vt 0.000509 0.956877
vt 0.002472 0.955398
vt 0.000935 0.959655
vt 0.832723 0.907565
vt 0.263890 0.726060
vt 0.792726 0.861328
vt 0.792199 0.854508
vt 0.804629 0.849626
vt 0.117588 0.754496
vt 0.740848 0.599139
vt 0.112586 0.779768
vt 0.105462 0.779669
vt 0.765073 0.862007
vt 0.778274 0.861285
vt 0.758374 0.859348
vt 0.283239 0.994229
vt 0.287404 0.999250
vt 0.284135 0.999313
vt 0.738384 0.572865
vt 0.779246 0.853208
vt 0.781737 0.854198
vt 0.288048 0.994334
vt 0.758871 0.857566
vt 0.838205 0.916455
usemtl backpack_loot_sack
f 1633/1/1 1634/2/2 1635/3/3
f 1634/2/2 1649/4/4 1636/5/5
f 1634/2/2 1636/5/5 1635/3/3
f 1649/4/4 1634/2/2 1639/6/6
f 1637/7/7 1636/5/5 1649/4/4
f 1638/8/8 1633/9/8 1635/10/8
f 1634/2/2 1633/1/1 1639/6/6
f 1639/11/6 1633/12/1 1638/13/9
f 1649/4/4 1639/6/6 1640/14/10
f 1635/3/3 1636/5/5 1641/15/11
f 1638/13/9 1635/16/3 1642/17/12
f 1635/3/3 1641/15/11 1642/18/12
f 1640/14/10 1639/6/6 1646/19/13
f 1637/7/7 1641/15/11 1636/5/5
f 1638/13/9 1655/20/14 1639/11/6
f 1639/11/6 1655/20/14 1643/21/15
f 1644/22/16 1638/13/9 1642/17/12
f 1638/13/9 1644/22/16 1661/23/17
f 1653/24/18 1642/18/12 1641/15/11
f 1643/21/15 1646/25/13 1639/26/6
f 1637/27/7 1645/28/19 1647/29/20
f 1638/13/9 1661/23/17 1655/20/14
f 1640/30/10 1646/31/13 1651/32/21
f 1641/15/11 1637/7/7 1647/33/20
f 1645/28/19 1637/27/7 1648/34/22
f 1637/27/7 1649/35/4 1640/30/10
f 1655/20/14 1654/36/23 1643/21/15
f 1646/25/13 1643/21/15 1654/36/23
f 1653/37/18 1644/38/16 1642/39/12
f 1637/27/7 1640/30/10 1650/40/24
f 1654/36/23 1651/41/21 1646/25/13
f 1647/33/20 1652/42/25 1641/15/11
f 1652/42/25 1653/43/18 1641/15/11
f 1659/44/26 1654/45/26 1655/46/26
f 1655/47/27 1661/48/27 1656/49/27
f 1659/50/28 1655/51/28 1656/52/28
f 1650/40/24 1648/34/22 1637/27/7
f 1648/34/22 1657/53/29 1645/28/19
f 1658/54/30 1647/29/20 1645/28/19
f 1644/38/16 1653/37/18 1670/55/31
f 1650/40/24 1640/30/10 1663/56/32
f 1644/38/16 1670/55/31 1661/57/17
f 1640/30/10 1651/32/21 1663/56/32
f 1676/58/33 1654/59/33 1659/60/33
f 1654/61/23 1684/62/34 1660/63/35
f 1654/64/23 1660/63/35 1651/65/21
f 1656/66/36 1661/67/37 1662/68/38
f 1645/28/19 1657/53/29 1658/54/30
f 1670/55/31 1653/37/18 1652/69/25
f 1656/70/36 1662/71/38 1671/72/39
f 1652/73/25 1647/29/20 1658/54/30
f 1670/74/40 1669/75/40 1661/76/40
f 1656/70/36 1671/72/39 1659/77/41
f 1676/78/42 1684/62/34 1654/61/23
f 1660/63/35 1663/79/32 1651/65/21
f 1664/80/43 1660/63/35 1684/62/34
f 1665/81/44 1670/55/31 1652/69/25
f 1662/71/38 1666/82/45 1671/72/39
f 1661/67/37 1669/83/46 1667/84/47
f 1662/68/38 1661/67/37 1667/84/47
f 1657/85/48 1652/86/48 1658/87/48
f 1659/88/41 1675/89/49 1676/90/50
f 1668/91/51 1669/92/46 1670/93/52
f 1660/63/35 1664/80/43 1663/79/32
f 1662/68/38 1667/84/47 1672/94/53
f 1652/95/25 1657/96/29 1665/81/44
f 1670/97/54 1683/98/54 1668/99/54
f 1675/89/49 1659/88/41 1671/100/39
f 1666/101/45 1662/102/38 1672/103/53
f 1665/81/44 1683/104/55 1670/55/31
f 1673/105/56 1672/94/53 1667/84/47
f 1668/91/51 1691/106/57 1669/92/46
f 1669/92/46 1691/106/57 1667/84/47
f 1674/107/58 1684/108/58 1676/109/58
f 1672/103/53 1761/110/59 1666/101/45
f 1675/111/49 1674/112/60 1676/113/50
f 1650/40/24 1663/56/32 1677/114/61
f 1677/115/61 1663/79/32 1664/80/43
f 1677/114/61 1648/34/22 1650/40/24
f 1678/116/62 1679/117/63 1675/89/49
f 1666/82/45 1678/116/62 1671/72/39
f 1665/81/44 1657/96/29 1680/118/64
f 1671/100/39 1678/116/62 1675/89/49
f 1688/119/65 1685/120/66 1681/121/67
f 1761/110/59 1672/103/53 1682/122/68
f 1665/81/44 1680/118/64 1683/104/55
f 1683/123/55 1684/124/34 1674/125/60
f 1700/126/69 1681/127/67 1685/128/66
f 1674/112/60 1675/111/49 1686/129/70
f 1687/130/71 1648/34/22 1677/114/61
f 1688/131/65 1689/132/72 1685/133/66
f 1678/116/62 1666/82/45 1760/134/73
f 1668/135/51 1690/136/74 1691/137/57
f 1664/80/43 1684/62/34 1677/138/61
f 1657/53/29 1648/34/22 1687/130/71
f 1692/139/75 1688/119/65 1681/121/67
f 1667/84/47 1691/106/57 1673/105/56
f 1668/135/51 1683/140/55 1690/136/74
f 1696/141/76 1689/142/72 1688/143/65
f 1761/110/59 1760/144/73 1666/101/45
f 1674/125/60 1686/145/70 1683/123/55
f 1678/116/62 1760/134/73 1693/146/77
f 1683/147/55 1680/148/64 1684/62/34
f 1685/133/66 1689/132/72 1700/149/69
f 1680/118/64 1657/96/29 1687/150/71
f 1682/151/68 1672/94/53 1673/105/56
f 1680/148/64 1687/152/71 1684/62/34
f 1686/129/70 1675/111/49 1679/117/63
f 1687/152/71 1677/138/61 1684/62/34
f 1683/123/55 1686/145/70 1690/153/74
f 1689/132/72 1694/154/78 1700/149/69
f 1692/155/75 1696/141/76 1688/143/65
f 1690/153/74 1686/145/70 1697/156/79
f 1691/137/57 1690/136/74 1695/157/80
f 1679/117/63 1678/116/62 1693/146/77
f 1708/158/81 1698/159/82 1689/160/72
f 1708/161/81 1689/162/72 1696/163/76
f 1686/129/70 1679/117/63 1697/164/79
f 1761/165/59 1703/166/83 1760/167/73
f 1697/156/79 1695/168/80 1690/153/74
f 1691/137/57 1695/157/80 1673/169/56
f 1681/127/67 1700/126/69 1705/170/84
f 1698/171/82 1694/154/78 1689/132/72
f 1679/117/63 1711/172/85 1697/164/79
f 1711/172/85 1679/117/63 1693/146/77
f 1694/173/78 1699/174/86 1700/175/69
f 1712/176/87 1682/151/68 1673/105/56
f 1701/177/88 1707/178/89 1700/179/69
f 1760/167/73 1703/166/83 1713/180/90
f 1708/161/81 1696/163/76 1704/181/91
f 1761/110/59 1682/122/68 1702/182/92
f 1762/183/93 1693/184/77 1760/167/73
f 1761/110/59 1702/182/92 1703/185/83
f 1692/186/75 1704/187/91 1696/188/76
f 1699/189/86 1701/190/88 1700/191/69
f 1705/192/84 1700/179/69 1707/178/89
f 1703/185/83 1702/182/92 1716/193/94
f 1706/194/95 1673/169/56 1695/157/80
f 1705/195/84 1707/196/89 1681/197/67
f 1762/198/93 1711/172/85 1693/146/77
f 1707/199/89 1708/200/81 1704/201/91
f 1701/202/88 1708/200/81 1707/199/89
f 1704/187/91 1692/186/75 1681/197/67
f 1762/183/93 1760/167/73 1709/203/96
f 1704/187/91 1681/197/67 1707/196/89
f 1702/204/92 1682/151/68 1710/205/97
f 1712/176/87 1710/205/97 1682/151/68
f 1713/180/90 1703/166/83 1716/206/94
f 1709/203/96 1760/167/73 1713/180/90
f 1711/207/85 1706/208/95 1697/156/79
f 1697/156/79 1706/208/95 1695/168/80
f 1706/194/95 1712/209/87 1673/169/56
f 1713/210/90 1716/211/94 1714/212/98
f 1712/176/87 1724/213/99 1710/205/97
f 1699/189/86 1564/214/100 1701/190/88
f 1708/215/101 1701/216/101 1564/217/101
f 1702/204/92 1717/218/102 1716/219/94
f 1714/220/98 1734/221/103 1713/180/90
f 1702/204/92 1710/205/97 1717/218/102
f 1762/222/93 1709/203/96 1715/223/104
f 1698/159/82 1708/158/81 1726/224/105
f 1709/203/96 1713/180/90 1734/221/103
f 1716/225/94 1717/226/102 1718/227/106
f 1711/207/85 1729/228/107 1706/208/95
f 1564/229/108 1725/230/108 1708/231/108
f 1720/232/109 1734/221/103 1714/220/98
f 1710/205/97 1724/213/99 1719/233/110
f 1721/234/111 1714/212/98 1716/211/94
f 1721/234/111 1720/235/109 1714/212/98
f 1711/207/85 1715/236/104 1729/228/107
f 1750/237/112 1699/174/86 1694/173/78
f 1710/205/97 1719/233/110 1717/238/102
f 1709/203/96 1734/221/103 1737/239/113
f 1724/240/99 1712/209/87 1706/194/95
f 1715/223/104 1711/241/85 1762/222/93
f 1694/154/78 1698/171/82 1721/242/111
f 1721/243/111 1716/225/94 1718/227/106
f 1721/242/111 1698/171/82 1720/244/109
f 1694/173/78 1732/245/114 1750/237/112
f 1729/246/107 1724/240/99 1706/194/95
f 1726/224/105 1728/247/115 1698/159/82
f 1718/227/106 1722/248/116 1721/243/111
f 1694/173/78 1722/249/116 1732/245/114
f 1721/242/111 1722/250/116 1694/154/78
f 1141/251/117 1554/252/118 1142/253/119
f 1723/254/120 1719/255/110 1724/256/99
f 1142/253/119 1552/257/121 1143/258/122
f 1141/251/117 1142/253/119 1143/258/122
f 1725/259/123 1726/260/105 1708/261/81
f 1717/238/102 1719/233/110 1727/262/124
f 1142/253/119 1144/263/125 1552/257/121
f 1142/253/119 1145/264/126 1144/263/125
f 1698/265/82 1728/266/115 1763/267/127
f 1723/254/120 1724/268/99 1729/269/107
f 1720/232/109 1456/270/128 1734/221/103
f 1750/271/112 1564/272/100 1699/273/86
f 1552/257/121 1144/263/125 1146/274/129
f 1737/239/113 1715/223/104 1709/203/96
f 1730/275/130 1456/276/128 1698/265/82
f 1763/267/127 1730/275/130 1698/265/82
f 1141/277/117 1143/278/122 1551/279/131
f 1143/278/122 1552/280/121 1632/281/132
f 1738/282/133 1732/283/114 1722/284/116
f 1147/285/134 1145/264/126 1142/253/119
f 1731/286/135 1763/287/127 1747/288/136
f 1763/287/127 1731/286/135 1730/289/130
f 1148/290/137 1142/253/119 1554/252/118
f 1720/244/109 1698/171/82 1456/291/128
f 1732/283/114 1738/282/133 1733/292/138
f 1719/255/110 1723/254/120 1727/293/124
f 1553/294/139 1554/295/118 1141/277/117
f 1148/290/137 1147/285/134 1142/253/119
f 2833/296/140 2832/297/141 2840/298/142
f 1551/279/131 1553/294/139 1141/277/117
f 2832/299/141 2833/300/140 2834/301/143
f 2832/299/141 2835/302/144 2836/303/145
f 1717/226/102 1722/248/116 1718/227/106
f 1725/259/123 1564/304/146 1568/305/147
f 1751/306/148 1750/307/148 1732/308/148
f 2832/299/141 2834/301/143 2835/302/144
f 1733/309/149 1567/310/149 1732/311/149
f 1737/312/150 1734/313/150 1748/314/150
f 2622/315/151 2832/297/141 2836/316/145
f 2714/317/152 2690/318/153 2692/319/154
f 2840/298/142 2845/320/155 2833/296/140
f 2613/321/156 2614/322/157 2615/323/158
f 2613/321/156 2615/323/158 2616/324/159
f 1728/325/115 1745/326/160 1763/327/127
f 1551/279/131 1143/278/122 1632/281/132
f 1726/260/105 1725/259/123 1568/305/147
f 1735/328/161 1717/329/102 1727/330/124
f 2691/331/162 2694/332/163 2692/333/154
f 2840/298/142 2832/297/141 2622/315/151
f 1729/269/107 1736/334/164 1723/254/120
f 2714/317/152 2692/319/154 2694/335/163
f 1746/336/165 1733/337/138 1738/338/133
f 2833/300/140 2837/339/166 2834/301/143
f 2833/296/140 2850/340/167 2838/341/168
f 2615/323/158 2614/322/157 2619/342/169
f 1148/290/137 1554/252/118 1149/343/170
f 1736/344/164 1729/228/107 1715/236/104
f 2840/298/142 2622/315/151 2841/345/171
f 1743/346/172 1717/347/172 1735/348/172
f 1737/349/173 1736/350/173 1715/351/173
f 2837/339/166 2833/300/140 2838/352/168
f 2616/353/159 2615/354/158 2617/355/174
f 1757/356/175 1738/357/133 1722/358/116
f 1734/359/176 1456/360/176 1748/361/176
f 2616/353/159 2618/362/177 2613/321/156
f 1144/263/125 1145/264/126 818/363/178
f 1564/304/146 1739/364/179 1568/305/147
f 2836/303/145 2839/365/180 2622/366/151
f 2617/367/181 2615/368/181 2619/369/181
f 2617/370/182 2619/371/169 2620/372/183
f 1567/373/184 1751/374/184 1732/375/184
f 1742/376/185 1740/377/186 1731/378/135
f 1553/294/139 1555/379/187 1554/295/118
f 2845/380/155 2840/381/142 2841/382/171
f 1555/379/187 1149/383/170 1554/295/118
f 2618/362/177 2621/384/188 2613/321/156
f 1726/260/105 1568/305/147 1728/385/115
f 1028/386/189 1632/387/132 1552/257/121
f 1730/275/130 1731/378/135 1740/377/186
f 1746/336/165 1567/388/190 1733/337/138
f 1736/334/164 1727/293/124 1723/254/120
f 1145/264/126 1147/285/134 1150/389/191
f 2690/390/153 2705/391/192 2692/392/154
f 1731/393/193 1741/394/193 1742/395/193
f 2618/362/177 2616/353/159 2617/355/174
f 2613/321/156 2621/384/188 2849/396/194
f 1722/397/116 1717/398/102 1752/399/195
f 2529/400/196 2621/384/188 2618/362/177
f 1551/279/131 1632/281/132 1557/401/197
f 1735/402/198 1727/403/198 1743/404/198
f 1028/386/189 1552/257/121 1146/274/129
f 1551/279/131 1556/405/199 1553/294/139
f 2842/406/200 2835/302/144 2834/301/143
f 2841/407/171 2622/408/151 2634/409/201
f 1717/398/102 1743/410/202 1752/399/195
f 2836/303/145 2835/302/144 2905/411/203
f 2613/321/156 2849/396/194 2614/322/157
f 1028/386/189 1151/412/204 1632/387/132
f 2622/408/151 2839/413/180 2634/409/201
f 1632/414/132 1558/415/205 1557/416/197
f 2838/417/168 2850/418/167 2848/419/206
f 1731/420/207 1559/421/207 1741/422/207
f 1567/388/190 1746/336/165 1744/423/208
f 2833/296/140 2845/320/155 2850/340/167
f 2714/424/209 2705/425/209 2690/426/209
f 1737/427/210 1748/428/210 1736/429/210
f 2634/430/201 2845/380/155 2841/382/171
f 1745/431/211 1731/432/211 1747/433/211
f 1756/434/212 1722/397/116 1752/399/195
f 2847/435/213 2843/436/214 2844/437/215
f 2619/438/169 2624/439/216 2642/440/217
f 2850/441/218 2845/442/218 2634/443/218
f 2692/444/154 2693/445/219 2691/446/162
f 1152/447/220 1147/285/134 1148/290/137
f 2694/448/221 2702/449/221 2695/450/221
f 1551/279/131 1557/401/197 1556/405/199
f 2842/406/200 2834/301/143 2837/339/166
f 1757/356/175 1722/358/116 1756/451/212
f 2844/452/222 2843/453/222 2846/454/222
f 2850/455/167 2847/456/213 2848/457/206
f 2857/458/223 2698/459/224 2839/460/180
f 1738/461/225 1744/462/225 1746/463/225
f 1558/464/205 1632/465/132 1151/466/204
f 2697/467/226 2696/468/227 2839/469/180
f 2850/470/228 2849/471/194 2621/472/188
f 2850/470/228 2629/473/229 2849/471/194
f 2634/474/201 2839/475/180 2623/476/230
f 2630/477/231 2619/342/169 2614/322/157
f 2839/460/180 2698/459/224 2697/478/226
f 1745/479/232 1747/480/232 1763/481/232
f 2905/411/203 2835/302/144 2842/406/200
f 2624/482/216 2619/342/169 2630/477/231
f 2844/483/215 2872/484/233 2847/456/213
f 2697/485/226 2698/486/224 2699/487/234
f 2848/457/206 2847/456/213 2865/488/235
f 2625/489/236 2621/490/188 2626/491/237
f 2521/492/238 2539/493/239 2516/494/240
f 2857/495/241 2839/496/241 2858/497/241
f 2855/498/242 2625/499/242 2626/500/242
f 2529/501/243 2618/502/243 2638/503/243
f 2839/469/180 2696/468/227 2623/504/230
f 2843/436/214 2847/435/213 2850/505/167
f 2851/506/244 2850/507/244 2621/508/244
f 1748/509/245 1456/510/245 1754/511/245
f 2614/322/157 2849/396/194 2630/477/231
f 2847/456/213 2872/484/233 2865/488/235
f 2516/494/240 2533/512/246 2521/492/238
f 2873/513/247 2872/484/233 2844/483/215
f 2852/514/248 2629/473/229 2850/470/228
f 2619/438/169 2642/440/217 2627/515/249
f 2624/439/216 2628/516/250 2642/440/217
f 1749/517/251 1751/518/251 1567/519/251
f 2621/490/188 2625/489/236 2854/520/252
f 2630/521/231 2849/522/194 2629/523/229
f 2524/524/253 2626/525/237 2621/526/188
f 2873/527/247 2844/528/215 2862/529/254
f 2694/530/163 2695/531/255 2714/532/152
f 2853/533/256 2843/436/214 2850/505/167
f 2635/534/257 2642/440/217 2628/516/250
f 2627/535/249 2620/372/183 2619/371/169
f 1749/536/258 1750/537/258 1751/538/258
f 1743/539/202 1754/540/259 1752/541/195
f 1727/293/124 1736/334/164 1743/539/202
f 2862/529/254 2844/528/215 2846/542/260
f 2626/543/261 2519/544/262 2880/545/263
f 2854/546/252 2625/547/236 2855/548/264
f 2698/459/224 2857/458/223 2856/549/265
f 2697/485/226 2699/487/234 2696/550/227
f 1738/551/133 1753/552/266 1744/423/208
f 1736/553/267 1748/554/267 1754/555/267
f 2621/556/268 2854/557/268 2851/558/268
f 2624/559/216 2630/560/231 2632/561/269
f 2696/562/227 2631/563/270 2623/564/230
f 2634/565/201 2852/514/248 2850/470/228
f 2880/566/271 2855/567/271 2626/568/271
f 2694/332/163 2691/331/162 2693/445/219
f 1743/539/202 1736/334/164 1754/540/259
f 2628/569/272 2624/570/272 2632/571/272
f 2628/516/250 2633/572/273 2635/534/257
f 2521/492/238 2517/573/274 2539/493/239
f 2533/512/246 2516/494/240 2518/574/275
f 2634/575/201 2629/523/229 2852/576/248
f 2539/493/239 2520/577/276 2516/494/240
f 2879/578/277 2856/579/277 2857/580/277
f 1741/581/278 1559/582/278 1742/583/278
f 2858/584/279 2836/303/145 2905/411/203
f 2857/585/280 2858/586/280 2879/587/280
f 1456/276/128 1730/275/130 1740/377/186
f 2839/365/180 2836/303/145 2858/584/279
f 1738/551/133 1757/588/175 1458/589/281
f 2635/590/257 2647/591/282 2642/592/217
f 2629/523/229 2634/575/201 2630/521/231
f 2652/593/283 2636/594/284 2637/595/285
f 2850/596/167 2851/597/286 2853/598/256
f 1731/599/287 1745/600/287 1559/601/287
f 2519/602/288 2626/603/288 2524/604/288
f 2518/574/275 2516/494/240 2520/605/276
f 1753/552/266 1738/551/133 1458/589/281
f 2521/606/289 2533/607/289 2523/608/289
f 2620/609/290 2638/610/290 2617/611/290
f 2854/612/252 2859/613/291 2870/614/292
f 2854/546/252 2855/548/264 2859/615/291
f 2842/616/200 2860/617/293 2956/618/294
f 2620/372/183 2528/619/295 2638/620/296
f 2837/621/166 2860/617/293 2842/616/200
f 2539/493/239 2522/622/297 2520/577/276
f 818/363/178 1145/264/126 1150/389/191
f 2861/623/298 2846/624/298 2843/625/298
f 2617/355/174 2638/626/299 2618/362/177
f 2696/627/227 2699/628/234 2631/629/270
f 1754/540/259 1755/630/300 1752/541/195
f 2647/591/282 2635/590/257 2641/631/301
f 2694/332/163 2700/632/302 2702/633/303
f 1755/634/304 1754/635/304 1456/636/304
f 2705/637/192 2714/638/152 2706/639/305
f 2848/640/206 2865/641/235 2895/642/306
f 1558/415/205 1560/643/307 1557/416/197
f 2873/644/308 2862/645/308 2874/646/308
f 2905/411/203 2842/406/200 2863/647/309
f 2628/516/250 2640/648/310 2639/649/311
f 2700/650/312 2701/651/312 2702/652/312
f 2872/653/313 2864/654/313 2865/655/313
f 2866/656/314 2956/618/294 2860/617/293
f 2517/657/274 2540/658/315 2539/659/239
f 2539/660/316 2544/661/316 2522/662/316
f 2861/663/317 2862/664/254 2846/665/260
f 2628/516/250 2639/649/311 2633/572/273
f 2523/666/318 2517/657/274 2521/667/238
f 2519/544/262 2524/668/253 2880/545/263
f 2640/669/319 2628/670/319 2632/671/319
f 2523/666/318 2525/672/320 2517/657/274
f 2621/526/188 2529/673/196 2524/524/253
f 2638/674/321 2522/622/297 2529/675/196
f 2891/676/322 2643/677/322 2623/678/322
f 2652/593/283 2644/679/323 2636/594/284
f 1568/680/324 1561/681/324 1728/682/324
f 2526/683/325 2527/684/326 2528/685/295
f 2540/658/315 2517/657/274 2525/672/320
f 2837/686/327 2867/687/327 2868/688/327
f 2859/689/328 2869/690/328 2870/691/328
f 2700/632/302 2694/332/163 2693/445/219
f 2528/685/295 2527/684/326 2638/692/296
f 2641/693/329 2635/694/329 2633/695/329
f 2838/417/168 2848/419/206 2867/696/330
f 2858/697/331 2887/698/331 2888/699/331
f 2870/614/292 2851/700/332 2854/612/252
f 2855/701/333 2869/702/333 2859/703/333
f 2524/704/253 2529/705/196 2530/706/334
f 2638/692/296 2527/684/326 2520/707/276
f 2638/674/321 2531/708/335 2522/622/297
f 2627/535/249 2528/619/295 2620/372/183
f 2891/709/336 2623/564/230 2631/563/270
f 2853/710/256 2871/711/337 2861/712/317
f 2867/713/330 2837/339/166 2838/352/168
f 2520/714/338 2531/715/338 2638/716/338
f 2864/717/339 2872/718/233 2873/719/247
f 2873/719/247 2874/720/340 2864/717/339
f 2862/664/254 2861/663/317 2874/721/340
f 2877/722/341 2875/723/342 2914/724/343
f 2863/647/309 2842/406/200 2956/725/294
f 2522/622/297 2531/708/335 2520/577/276
f 2878/726/344 2853/598/256 2851/597/286
f 2861/727/317 2843/436/214 2853/533/256
f 2837/621/166 2868/728/345 2860/617/293
f 2698/729/224 2856/730/265 2699/731/234
f 2642/732/217 2647/733/282 2651/734/346
f 1756/735/347 1458/736/347 1757/737/347
f 1758/738/348 1756/434/212 1752/399/195
f 1739/364/179 1564/304/146 1572/739/349
f 1756/740/350 1758/741/350 1458/742/350
f 2520/707/276 2527/684/326 2526/683/325
f 2956/618/294 2866/656/314 2863/743/309
f 2870/744/351 2878/745/351 2851/746/351
f 2623/476/230 2643/747/352 2634/474/201
f 2634/474/201 2643/747/352 2630/748/231
f 2651/734/346 2627/749/249 2642/732/217
f 2524/750/253 2532/751/353 2880/752/263
f 2883/753/354 2894/754/355 2876/755/356
f 2877/756/341 2932/757/357 2875/758/342
f 2699/731/234 2856/730/265 2708/759/358
f 2870/760/359 2869/761/360 2871/762/337
f 2870/760/359 2853/763/256 2878/764/344
f 2886/765/361 2848/766/361 2884/767/361
f 2868/728/345 2866/656/314 2860/617/293
f 2861/712/317 2871/711/337 2874/768/340
f 1728/325/115 1561/769/362 1745/326/160
f 2858/770/363 2888/771/363 2879/772/363
f 2532/773/353 2855/774/364 2880/775/263
f 2532/751/353 2524/750/253 2530/776/334
f 1152/447/220 1148/290/137 1153/777/365
f 1147/285/134 1152/447/220 1150/389/191
f 2871/711/337 2881/778/366 2874/768/340
f 2870/760/359 2871/762/337 2853/763/256
f 2882/779/367 2883/780/354 2876/781/356
f 2848/640/206 2895/642/306 2884/782/368
f 1755/783/300 1759/784/369 1752/785/195
f 2703/786/370 2700/632/302 2693/445/219
f 2646/787/371 2632/561/269 2630/560/231
f 2704/788/372 2702/789/373 2701/790/374
f 1575/791/375 1456/792/375 1740/793/375
f 2882/779/367 2876/781/356 2885/794/376
f 2533/795/377 2518/796/377 2523/797/377
f 2864/798/339 2895/642/306 2865/641/235
f 2529/705/196 2537/799/378 2530/706/334
f 2891/800/379 2631/801/379 2892/802/379
f 2886/803/380 2867/804/330 2848/805/206
f 2526/683/325 2528/685/295 2520/707/276
f 2644/806/381 2429/807/381 2636/808/381
f 2905/809/382 2887/810/382 2858/811/382
f 2522/812/297 2549/813/383 2529/814/196
f 1557/401/197 1560/815/307 1579/816/384
f 1154/817/385 1151/818/204 1028/819/189
f 2888/820/386 2856/821/386 2879/822/386
f 1575/823/387 1740/824/186 1562/825/388
f 2864/826/339 2874/768/340 2881/778/366
f 1755/783/300 1456/827/389 1759/784/369
f 1745/326/160 1563/828/390 1559/829/391
f 1563/828/390 1562/825/388 1559/829/391
f 1740/824/186 1742/830/185 1562/825/388
f 2544/831/392 2547/832/393 2522/812/297
f 1555/379/187 1553/294/139 2037/833/394
f 2705/834/192 2706/835/305 2707/836/395
f 1559/829/391 1562/825/388 1742/830/185
f 2709/837/396 2692/392/154 2705/391/192
f 1151/466/204 1560/838/307 1558/464/205
f 1749/839/397 1572/840/397 1564/841/397
f 1564/272/100 1750/271/112 1749/842/398
f 2887/843/399 2900/844/400 2888/845/401
f 2536/846/402 2535/847/403 2555/848/404
f 2889/849/405 2875/723/342 2890/850/406
f 2518/851/275 2520/707/276 2528/685/295
f 2891/852/407 2892/853/407 2643/854/407
f 2627/855/249 2518/851/275 2528/685/295
f 2701/790/374 2700/632/302 2712/856/408
f 2534/857/409 2536/846/402 2555/848/404
f 2888/845/401 2900/844/400 2892/858/410
f 2699/628/234 2708/859/358 2631/629/270
f 2876/781/356 2894/860/355 2893/861/411
f 2893/862/411 2894/863/355 2914/724/343
f 2886/864/380 2895/865/306 2864/826/339
f 2877/756/341 2957/866/412 2932/757/357
f 2871/762/337 2869/761/360 2532/867/353
f 2855/774/364 2532/773/353 2869/868/360
f 2535/869/403 2536/870/402 2563/871/413
f 2643/747/352 2646/872/371 2630/748/231
f 2882/779/367 2896/873/414 2883/780/354
f 2558/874/415 2544/875/415 2539/876/415
f 1744/423/208 1753/552/266 1457/877/416
f 2876/781/356 2893/861/411 2885/794/376
f 2895/865/306 2886/864/380 2884/878/368
f 2644/679/323 2652/593/283 2657/879/417
f 1553/294/139 1565/880/418 2037/833/394
f 2530/881/334 2555/848/404 2532/882/353
f 2549/813/383 2537/883/378 2529/814/196
f 2864/826/339 2881/778/366 2886/864/380
f 1911/884/419 1550/885/420 1553/294/139
f 1566/886/421 1555/379/187 2037/833/394
f 1553/294/139 1550/885/420 1565/880/418
f 2888/845/401 2892/858/410 2856/887/422
f 2523/888/318 2518/889/275 2538/890/423
f 2549/813/383 2522/812/297 2547/832/393
f 2547/832/393 2544/831/392 2543/891/424
f 2856/892/425 2892/893/425 2708/894/425
f 1553/294/139 1464/895/426 1911/884/419
f 1575/896/427 1455/897/428 1456/898/389
f 2708/859/358 2892/899/429 2631/629/270
f 2897/900/430 2898/901/431 2871/762/337
f 2732/902/432 2429/903/432 2644/904/432
f 2645/905/433 2632/906/269 2646/907/371
f 2867/908/330 2866/656/314 2868/728/345
f 2647/909/434 2649/910/434 2651/911/434
f 2539/912/435 2540/913/435 2558/914/435
f 2523/666/318 2541/915/436 2525/672/320
f 1753/552/266 1458/589/281 1457/877/416
f 2535/847/403 2554/916/437 2555/848/404
f 2881/778/366 2871/711/337 2899/917/438
f 2914/724/343 2894/863/355 2877/722/341
f 1570/918/439 1556/405/199 1557/401/197
f 2709/919/396 2705/834/192 2707/836/395
f 2892/920/410 2900/921/400 2887/922/399
f 2540/658/315 2525/672/320 2558/923/440
f 2542/924/441 2535/869/403 2563/871/413
f 2547/925/393 2563/871/413 2536/870/402
f 2518/889/275 2557/926/442 2538/890/423
f 2537/927/378 2555/848/404 2530/881/334
f 2901/928/443 2885/794/376 2893/929/411
f 2647/930/444 2641/931/444 2653/932/444
f 2557/933/442 2518/851/275 2627/855/249
f 1457/877/416 1567/388/190 1744/423/208
f 2658/934/445 2648/935/446 2689/936/447
f 2866/656/314 2867/908/330 2902/937/448
f 2554/916/437 2535/847/403 2542/938/441
f 2536/846/402 2534/857/409 2547/939/393
f 2649/940/449 2647/941/449 2653/942/449
f 2563/871/413 2547/925/393 2543/943/424
f 2897/900/430 2871/762/337 2532/867/353
f 2892/920/410 2887/922/399 2903/944/450
f 2712/856/408 2704/788/372 2701/790/374
f 1749/945/451 1567/946/190 1457/947/416
f 2544/948/452 2558/949/452 2543/950/452
f 2710/951/453 2892/920/410 2903/944/450
f 2641/952/454 2633/953/273 2653/954/455
f 2921/955/456 2896/873/414 2882/779/367
f 2646/956/371 2643/957/352 2710/958/453
f 2932/757/357 2957/866/412 2958/959/457
f 2545/960/458 2546/961/459 2568/962/460
f 2894/754/355 2883/753/354 2904/963/461
f 1752/399/195 1759/964/369 1758/738/348
f 2658/965/462 2689/966/462 2550/967/462
f 2903/968/450 2887/969/399 2905/970/203
f 2710/958/453 2643/957/352 2892/971/410
f 2894/754/355 2931/972/463 2877/973/341
f 2639/974/311 2640/975/310 2632/976/269
f 2866/656/314 2906/977/464 2863/743/309
f 2875/723/342 2889/849/405 2914/724/343
f 2715/978/465 2693/445/219 2692/444/154
f 2896/979/414 2904/963/461 2883/753/354
f 2957/866/412 2877/756/341 2931/980/463
f 2898/901/431 2943/981/466 2871/762/337
f 2726/982/467 2714/532/152 2695/531/255
f 1155/983/468 1144/263/125 818/363/178
f 2712/856/408 2700/632/302 2703/786/370
f 1149/343/170 1153/777/365 1148/290/137
f 1739/984/179 1570/985/439 1568/986/147
f 2911/987/469 2882/779/367 2885/794/376
f 1553/294/139 1556/405/199 1464/895/426
f 2689/988/447 2648/989/446 2650/990/470
f 1149/383/170 1555/379/187 1566/886/421
f 2538/991/423 2541/915/436 2523/666/318
f 2537/927/378 2549/992/383 2555/848/404
f 2639/993/311 2653/954/455 2633/953/273
f 2651/994/346 2649/995/471 2653/996/455
f 1155/983/468 1146/274/129 1144/263/125
f 2885/794/376 2901/928/443 2911/987/469
f 2547/997/472 2548/998/472 2549/999/472
f 1563/828/390 1745/326/160 1569/1000/473
f 1759/1001/369 1461/1002/474 1758/1003/348
f 2732/1004/475 2644/1005/475 2657/1006/475
f 2897/1007/430 2532/882/353 2555/848/404
f 1556/405/199 1570/918/439 1577/1008/476
f 1560/838/307 1151/466/204 1573/1009/477
f 2652/1010/283 2637/1011/285 2423/1012/478
f 2546/1013/459 2600/1014/479 2568/1015/460
f 2902/937/448 2906/977/464 2866/656/314
f 2714/638/152 2711/1016/480 2706/639/305
f 1174/1017/481 1151/818/204 1154/817/385
f 1556/405/199 1577/1008/476 1464/1018/426
f 2548/1019/482 2547/1020/482 2534/1021/482
f 2555/848/404 2549/992/383 2534/857/409
f 2875/758/342 2932/757/357 2907/1022/483
f 2875/723/342 2916/1023/484 2890/850/406
f 2894/754/355 2904/963/461 2931/972/463
f 2627/749/249 2651/734/346 2553/1024/485
f 2557/1025/442 2552/1026/486 2538/1027/423
f 2689/1028/447 2582/1029/487 2550/1030/488
f 2881/778/366 2899/917/438 2908/1031/489
f 2909/1032/490 2886/864/380 2881/778/366
f 2557/1033/491 2551/1034/491 2552/1035/491
f 2652/1036/283 2654/1037/492 2657/1038/417
f 1161/1039/493 1152/447/220 1153/777/365
f 2632/906/269 2645/905/433 2653/1040/455
f 2639/1041/311 2632/906/269 2653/1040/455
f 1758/1042/494 1457/1043/494 1458/1044/494
f 1568/1045/147 1570/1046/439 1579/1047/384
f 2905/1048/203 2863/1049/309 2906/1050/464
f 2557/1051/442 2627/1052/249 2553/1053/485
f 2554/1054/495 2612/1055/495 2555/1056/495
f 1557/401/197 1579/816/384 1570/918/439
f 2548/1057/496 2534/857/409 2549/992/383
f 2689/1028/447 2561/1058/497 2582/1029/487
f 2695/1059/255 2702/1060/498 2712/856/408
f 2909/1032/490 2910/1061/499 2886/864/380
f 1457/947/416 1571/1062/500 1749/945/451
f 2914/724/343 2889/849/405 2959/1063/501
f 2645/1064/433 2646/1065/371 2653/996/455
f 2556/1066/502 2574/1067/503 2557/1068/504
f 1572/1069/349 1577/1070/476 1739/984/179
f 2546/961/459 2545/960/458 2584/1071/505
f 2542/938/441 2612/1072/506 2554/916/437
f 1573/1073/507 1151/1074/507 1174/1075/507
f 2882/1076/367 2911/1077/469 2921/1078/456
f 2867/908/330 2912/1079/508 2902/937/448
f 2558/1080/440 2525/672/320 2541/915/436
f 2913/1081/509 2912/1079/508 2867/908/330
f 2553/1053/485 2559/1082/510 2557/1051/442
f 2557/1068/504 2560/1083/511 2551/1084/512
f 2562/1085/513 2563/1086/413 2543/1087/424
f 2556/1088/514 2557/1089/514 2580/1090/514
f 1457/1091/416 1758/1003/348 1571/1092/500
f 2909/1032/490 2881/778/366 2908/1031/489
f 2893/1093/411 2914/1094/343 2959/1095/501
f 2655/1096/515 2648/935/446 2658/934/445
f 1155/1097/468 1028/1098/189 1146/1099/129
f 2561/1100/497 2689/1101/447 2650/1102/470
f 1575/823/387 1562/825/388 1563/828/390
f 2661/1103/516 2550/1104/517 2663/1105/518
f 1456/1106/389 1455/1107/428 1349/1108/519
f 2657/1109/417 2654/1110/492 2662/1111/520
f 2940/1112/521 2867/804/330 2886/803/380
f 2574/1067/503 2560/1083/511 2557/1068/504
f 2562/1113/513 2542/938/441 2563/1114/413
f 2907/1022/483 2915/1115/522 2875/758/342
f 2916/1116/523 2917/1117/523 2918/1118/523
f 2646/1065/371 2723/1119/524 2653/996/455
f 2582/1120/487 2564/1121/525 2550/1122/488
f 1745/326/160 1561/769/362 1569/1000/473
f 2712/1123/526 2702/1124/526 2704/1125/526
f 2648/1126/527 2655/1127/527 2656/1128/527
f 1154/817/385 1156/1129/528 1174/1017/481
f 2550/1130/529 2564/1131/529 2565/1132/529
f 2648/989/446 2575/1133/530 2650/990/470
f 2612/1072/506 2542/938/441 2562/1113/513
f 1572/1134/349 1749/1135/451 1460/1136/531
f 2561/1100/497 2650/1102/470 2566/1137/532
f 2541/1138/436 2584/1139/505 2558/1140/440
f 2561/1100/497 2566/1137/532 2571/1141/533
f 2657/1142/534 2828/1143/534 2732/1144/534
f 2911/1077/469 2959/1145/501 2921/1078/456
f 2693/445/219 2715/978/465 2713/1146/535
f 2916/1147/484 2875/758/342 2915/1115/522
f 2916/1147/484 2964/1148/536 2917/1149/537
f 2648/989/446 2656/1150/538 2575/1133/530
f 2557/1151/539 2559/1152/539 2580/1153/539
f 2574/1154/540 2556/1155/540 2593/1156/540
f 2916/1023/484 2918/1157/541 2890/850/406
f 2663/1105/518 2550/1104/517 2565/1158/542
f 2945/1159/543 2903/968/450 2905/970/203
f 2657/1160/417 2727/1161/544 2828/1162/545
f 2714/1163/152 2726/1164/467 2711/1165/480
f 2921/1166/546 2959/1167/546 2922/1168/546
f 1561/1169/362 1568/1170/147 1579/1171/384
f 2670/1172/547 2727/1173/544 2657/1174/417
f 2658/1175/445 2550/1176/517 2659/1177/548
f 1570/985/439 1739/984/179 1577/1070/476
f 2886/864/380 2910/1061/499 2940/1178/521
f 2703/786/370 2693/445/219 2713/1146/535
f 2654/1110/492 2660/1179/549 2662/1111/520
f 2896/979/414 2923/1180/550 2904/963/461
f 2905/1048/203 2906/1050/464 2945/1181/543
f 2651/994/346 2653/996/455 2672/1182/551
f 2896/1183/414 2921/1184/456 2919/1185/552
f 2921/1186/553 2920/1187/553 2919/1188/553
f 2920/1189/554 2921/1190/554 2922/1191/554
f 2584/1192/505 2567/1193/555 2543/1194/424
f 2600/1014/479 2546/1013/459 2579/1195/556
f 2692/392/154 2709/837/396 2715/1196/465
f 2035/1197/557 1566/886/421 2037/833/394
f 2600/1198/558 2601/1199/558 2568/1200/558
f 2569/1201/559 2562/1085/513 2543/1087/424
f 2662/1111/520 2660/1179/549 2664/1202/560
f 2964/1148/536 2916/1147/484 2915/1115/522
f 2612/1203/506 2897/1007/430 2555/848/404
f 2553/1204/485 2651/1205/346 2570/1206/561
f 2550/1207/517 2661/1208/516 2659/1209/548
f 2558/1140/440 2584/1139/505 2543/1210/424
f 1574/1211/562 1153/1212/365 1149/1213/170
f 2871/762/337 2943/981/466 2925/1214/563
f 1575/823/387 1563/828/390 1569/1000/473
f 2651/994/346 2672/1182/551 2668/1215/564
f 2560/1216/511 2586/1217/565 2551/1218/512
f 2670/1172/547 2657/1174/417 2662/1219/520
f 2571/1220/533 2572/1221/566 1232/1222/567
f 2566/1137/532 2573/1223/568 2571/1141/533
f 2918/1157/541 2968/1224/569 2890/850/406
f 2703/786/370 2713/1146/535 2712/856/408
f 2662/1111/520 2664/1202/560 2663/1225/518
f 2545/1226/570 1172/1227/570 1177/1228/570
f 2663/1229/571 2565/1230/571 2672/1231/571
f 2593/1232/572 2556/1233/573 2580/1234/574
f 2560/1235/511 2574/1236/503 2587/1237/575
f 1459/1238/576 1565/1239/576 1550/1240/576
f 2664/1241/560 2661/1103/516 2663/1105/518
f 2723/1119/524 2646/1065/371 2710/1242/453
f 2727/1161/544 2716/1243/577 2738/1244/578
f 2828/1162/545 2727/1161/544 2738/1244/578
f 818/363/178 1150/389/191 1157/1245/579
f 2959/1246/501 2911/987/469 2901/928/443
f 1154/817/385 1034/1247/580 1156/1129/528
f 2568/1248/460 1165/1249/581 2545/1250/458
f 2650/1102/470 2575/1251/530 2566/1137/532
f 2668/1252/564 2570/1206/561 2651/1205/346
f 2571/1220/533 2576/1253/582 2572/1221/566
f 2553/1254/583 2577/1255/583 2559/1256/583
f 2545/960/458 1177/1257/584 2567/1258/555
f 2574/1236/503 2593/1259/585 2587/1237/575
f 1155/1097/468 1138/1260/586 1028/1098/189
f 2553/1204/485 2570/1206/561 2585/1261/587
f 2575/1251/530 2573/1223/568 2566/1137/532
f 2578/1262/588 2584/1139/505 2541/1138/436
f 2658/934/445 2665/1263/589 2655/1096/515
f 2543/1194/424 2567/1193/555 2569/1264/559
f 2552/1265/590 2551/1218/512 2586/1217/565
f 2902/937/448 2912/1079/508 2906/977/464
f 2583/1266/591 2541/1267/591 2538/1268/591
f 2599/1269/592 2571/1270/533 1232/1271/567
f 1026/1272/593 1024/1273/594 1025/1274/595
f 2901/1275/443 2893/1093/411 2959/1095/501
f 2667/1276/596 2654/1277/492 2652/1278/283
f 2599/1269/592 2561/1279/497 2571/1270/533
f 2583/1280/597 2546/1281/459 2594/1282/598
f 1758/1003/348 1461/1002/474 1571/1092/500
f 2717/1283/599 2718/1284/600 2719/1285/601
f 2553/1204/485 2585/1261/587 2577/1286/602
f 1575/1287/603 1569/1288/603 1576/1289/603
f 2903/944/450 2948/1290/604 2710/951/453
f 2663/1291/518 2666/1292/605 2662/1219/520
f 2653/996/455 2723/1119/524 2672/1182/551
f 2898/901/431 2897/900/430 2590/1293/606
f 2652/1010/283 2423/1012/478 2667/1294/596
f 2538/1027/423 2552/1026/486 2579/1295/556
f 1158/1296/607 1152/447/220 1161/1039/493
f 1460/1136/531 1749/1135/451 1571/1297/500
f 2580/1298/574 2559/1299/608 2585/1300/609
f 2576/1253/582 2571/1141/533 2581/1301/610
f 1024/1302/594 1026/1303/593 1027/1304/611
f 2719/1285/601 2681/1305/612 2717/1283/599
f 2923/1306/550 2896/1183/414 2919/1185/552
f 2668/1307/613 2672/1308/613 2565/1309/613
f 2582/1310/487 2561/1279/497 2599/1269/592
f 2661/1208/516 2664/1202/560 2659/1209/548
f 1573/1311/614 1174/1312/614 1560/1313/614
f 2718/1314/600 2717/1315/599 2710/1316/453
f 2718/1317/600 2710/1318/453 2719/1319/601
f 2559/1299/615 2577/1320/616 2585/1300/609
f 2720/1321/617 2721/1322/618 2729/1323/619
f 1034/1324/580 1154/1325/385 1028/1326/189
f 2720/1321/617 2729/1323/619 2722/1327/620
f 2583/1328/621 2538/1329/621 2579/1330/621
f 2919/1331/552 2947/1332/622 2923/1333/550
f 2931/972/463 2904/963/461 2936/1334/623
f 2564/1335/525 2591/1336/624 2570/1337/561
f 1165/1338/625 1172/1339/625 2545/1340/625
f 1150/389/191 1152/447/220 1158/1296/607
f 2035/1341/557 2034/1342/626 1566/886/421
f 1572/1343/349 1460/1344/531 1577/1345/476
f 2655/1346/627 2575/1133/530 2656/1150/538
f 2662/1219/520 2666/1292/605 2670/1172/547
f 2908/1031/489 2899/917/438 2924/1347/628
f 2594/1348/629 2546/1349/629 2584/1350/629
f 2593/1232/572 2580/1234/574 2585/1351/609
f 2593/1259/585 2596/1352/630 2587/1237/575
f 1149/383/170 1566/886/421 2034/1342/626
f 2586/1353/631 2560/1354/631 2587/1355/631
f 2564/1335/525 2570/1337/561 2565/1356/632
f 1577/1008/476 1578/1357/633 1464/1018/426
f 2583/1358/597 2578/1262/588 2541/1138/436
f 2577/1359/634 2597/1360/634 2585/1361/634
f 2899/917/438 2871/711/337 2925/1362/563
f 2926/1363/635 2931/972/463 2936/1334/623
f 2588/1364/636 2576/1253/582 2431/1365/637
f 1163/1366/638 1160/1367/638 1162/1368/638
f 2938/1369/639 2897/1007/430 2612/1203/506
f 1026/1272/593 1025/1274/595 1029/1370/640
f 1165/1249/581 2568/1248/460 2601/1371/641
f 2571/1141/533 2573/1223/568 2589/1372/642
f 2552/1373/643 2585/1374/643 2597/1375/643
f 1461/1376/644 1491/1377/644 1460/1378/644
f 2723/1379/524 2710/1316/453 2717/1315/599
f 2727/1380/544 2670/1381/547 2669/1382/645
f 2677/1383/646 2660/1179/549 2654/1384/492
f 2897/1007/430 2938/1369/639 2590/1385/606
f 1024/1386/594 1027/1387/611 1030/1388/647
f 1193/1389/648 1162/1390/648 1168/1391/648
f 1560/1392/307 1581/1393/649 1579/1394/384
f 1163/1395/650 1159/1396/651 1160/1397/652
f 2562/1398/513 1177/1399/584 2612/1400/506
f 2724/1401/653 2725/1402/654 2726/1403/467
f 2552/1404/590 2586/1405/565 2585/1406/655
f 2564/1121/525 2582/1120/487 2591/1407/624
f 2945/1408/543 2948/1290/604 2903/944/450
f 2927/1409/656 2928/1410/657 2920/1411/658
f 2745/1412/659 2716/1413/659 2727/1414/659
f 2668/1415/564 2565/1356/632 2570/1337/561
f 2721/1322/618 2669/1416/660 2729/1323/619
f 2722/1327/620 2728/1417/661 2720/1321/617
f 2710/1318/453 2757/1418/662 2719/1319/601
f 2583/1358/597 2584/1139/505 2578/1262/588
f 1024/1386/594 1030/1388/647 1025/1419/595
f 1580/1420/663 1569/1000/473 1561/769/362
f 2581/1301/610 2571/1141/533 2589/1372/642
f 1031/1421/664 1026/1272/593 1029/1370/640
f 1232/1222/567 2572/1221/566 2592/1422/665
f 2929/1423/666 2930/1424/667 2957/1425/412
f 2917/1426/537 2934/1427/668 2918/1428/541
f 1561/1169/362 1579/1171/384 1585/1429/669
f 2567/1430/555 2562/1398/513 2569/1431/559
f 1170/1432/670 1159/1396/651 1163/1395/650
f 2588/1364/636 2572/1221/566 2576/1253/582
f 1184/1433/671 1170/1432/670 1163/1395/650
f 2669/1434/672 2670/1435/672 2729/1436/672
f 2430/1437/673 2671/1438/673 2655/1439/673
f 1161/1440/493 1174/1441/481 1156/1442/528
f 2722/1443/620 2729/1444/619 2674/1445/674
f 2596/1446/675 2585/1406/676 2586/1405/565
f 2958/1447/457 2957/1425/412 2935/1448/677
f 2730/1449/678 2695/1059/255 2712/856/408
f 2731/1450/679 2706/835/305 2711/1451/480
f 2676/1452/680 2663/1453/680 2672/1454/680
f 1171/1455/681 1161/1440/493 1156/1442/528
f 2659/1209/548 2664/1202/560 2677/1383/646
f 2573/1223/568 2575/1251/530 2589/1372/642
f 2596/1456/682 2593/1457/682 2585/1458/682
f 2732/1459/683 2828/1460/545 2684/1461/684
f 1162/1462/685 1190/1463/686 1163/1464/687
f 1571/1465/688 1461/1466/688 1460/1467/688
f 1177/1399/584 2562/1398/513 2567/1430/555
f 2733/1468/689 2719/1319/601 2757/1418/662
f 2664/1202/560 2660/1179/549 2677/1383/646
f 2928/1410/657 2919/1469/552 2920/1411/658
f 2430/1470/690 2655/1096/515 2665/1263/589
f 2723/1471/524 2717/1472/599 2673/1473/691
f 2681/1474/692 2673/1475/692 2717/1476/692
f 1162/1477/693 1160/1478/652 1181/1479/694
f 1181/1479/694 1160/1478/652 1159/1480/651
f 2722/1327/620 2734/1481/695 2728/1417/661
f 2587/1482/696 2596/1483/696 2586/1484/696
f 1161/1440/493 1153/1485/365 1174/1441/481
f 2601/1486/697 1164/1487/697 1165/1488/697
f 1560/1392/307 1174/1489/698 1581/1393/649
f 2938/1490/639 2612/1491/506 2595/1492/699
f 2594/1493/598 2584/1139/505 2583/1358/597
f 1759/1494/369 1456/1106/389 1349/1108/519
f 1149/383/170 2034/1342/626 1587/1495/700
f 2676/1496/701 2672/1497/702 2675/1498/703
f 2912/1079/508 2945/1499/543 2906/977/464
f 2595/1500/699 2612/1400/506 1177/1399/584
f 1025/1501/595 1030/1502/647 1043/1503/704
f 2957/1425/412 2931/1504/463 2926/1505/635
f 2429/1506/705 2637/1507/705 2636/1508/705
f 2579/1509/556 2546/1281/459 2583/1280/597
f 2600/1510/706 2605/1511/706 2601/1512/706
f 1190/1463/686 1162/1462/685 1193/1513/707
f 2581/1301/610 2431/1365/637 2576/1253/582
f 2937/1514/708 2940/1178/521 2909/1032/490
f 2932/1515/357 2958/1447/457 2933/1516/709
f 2545/960/458 2567/1258/555 2584/1071/505
f 2933/1517/709 2907/1022/483 2932/757/357
f 1166/1518/710 1162/1519/710 1167/1520/710
f 2729/1521/619 2772/1522/711 2674/1523/674
f 1168/1524/712 1167/1525/713 1193/1526/714
f 2935/1448/677 2957/1425/412 2930/1424/667
f 2675/1527/703 2673/1473/691 2679/1528/715
f 1163/1529/716 1169/1530/716 1184/1531/716
f 2725/1402/654 2724/1401/653 2739/1532/717
f 2670/1172/547 2772/1522/711 2729/1521/619
f 2670/1172/547 2666/1292/605 2772/1522/711
f 2889/849/405 2960/1533/718 2959/1534/501
f 2596/1535/719 2585/1261/587 2570/1206/561
f 2597/1536/720 2585/1261/721 2596/1535/719
f 2936/1537/623 2913/1081/509 2867/908/330
f 1576/1538/722 1491/1539/722 1461/1540/722
f 2597/1536/720 2596/1535/719 2598/1541/723
f 2598/1542/724 2552/1543/724 2597/1544/724
f 2423/1545/725 2667/1546/725 2424/1547/725
f 1201/1548/726 1177/1549/726 1172/1550/726
f 2669/1416/660 2721/1322/618 2720/1321/617
f 1586/1551/727 1581/1552/727 1174/1553/727
f 2675/1527/703 2723/1471/524 2673/1473/691
f 2675/1498/728 2672/1497/728 2723/1554/728
f 2423/1555/478 2435/1556/729 2667/1557/730
f 2663/1558/731 2676/1559/701 2675/1527/703
f 2945/1499/543 2912/1079/508 2913/1081/509
f 1196/1560/732 1168/1561/712 1187/1562/733
f 1162/1477/693 1181/1479/694 1167/1563/713
f 1159/1564/651 1170/1565/670 1185/1566/734
f 1170/1565/670 1183/1567/735 1185/1566/734
f 1582/1568/736 1030/1569/736 1027/1570/736
f 1155/1571/468 818/1572/178 819/1573/737
f 2734/1481/695 2722/1327/620 2735/1574/738
f 1171/1575/681 1158/1576/607 1161/1577/493
f 1172/1578/739 1165/1579/740 1211/1580/741
f 1043/1503/704 1029/1581/640 1025/1501/595
f 2727/1380/544 2669/1382/645 2760/1582/742
f 2658/1175/445 2659/1177/548 2677/1583/646
f 2909/1032/490 2940/1178/521 2910/1061/499
f 1169/1584/743 1163/1585/687 1190/1586/686
f 2904/963/461 2923/1180/550 2936/1334/623
f 1202/1587/744 1172/1588/739 1173/1589/745
f 1153/1590/365 1586/1591/746 1174/1592/481
f 2675/1527/703 2679/1528/715 2663/1558/731
f 2741/1593/747 2736/1594/748 2737/1595/749
f 2909/1032/490 2924/1347/628 2935/1596/677
f 2595/1597/699 1175/1598/750 1231/1599/751
f 1168/1600/712 1166/1601/752 1176/1602/753
f 2968/1224/569 2918/1157/541 2934/1603/668
f 2731/1450/679 2707/836/395 2706/835/305
f 2738/1604/578 2716/1605/577 2737/1606/749
f 2960/1533/718 2889/849/405 2890/850/406
f 1043/1607/704 1036/1608/754 1034/1609/755
f 2909/1032/490 2935/1610/677 2937/1514/708
f 2654/1384/492 2683/1611/756 2677/1383/646
f 2711/1165/480 2725/1612/654 2774/1613/757
f 2722/1327/620 2725/1614/654 2735/1574/738
f 1046/1615/758 1156/1129/528 1034/1247/580
f 2591/1407/624 2582/1120/487 2599/1616/592
f 2735/1574/738 2725/1614/654 2739/1617/717
f 1165/1579/740 1164/1618/759 1211/1580/741
f 2929/1423/666 2957/1425/412 2926/1505/635
f 2936/1619/623 2867/804/330 2940/1112/521
f 2733/1620/760 2765/1621/760 2719/1622/760
f 2658/1175/445 2677/1583/646 2665/1623/589
f 2767/1624/761 2736/1594/748 2741/1593/747
f 2725/1612/654 2711/1165/480 2726/1164/467
f 2744/1625/762 2741/1626/747 2737/1627/749
f 1583/1628/763 1580/1629/663 1584/1630/764
f 1175/1598/750 2595/1597/699 1177/1631/584
f 1166/1632/765 1173/1633/745 1172/1634/739
f 1580/1635/663 1576/1636/766 1569/1637/473
f 1184/1433/671 1183/1638/735 1170/1432/670
f 820/1639/767 818/1640/178 1157/1641/579
f 2938/1490/639 2595/1492/699 1262/1642/768
f 1461/1643/474 1463/1644/769 1576/1645/770
f 1462/1646/771 1575/1647/427 1576/1645/770
f 2430/1470/772 2678/1648/773 2655/1096/627
f 2828/1460/545 2738/1649/578 2737/1650/749
f 2765/1651/774 2764/1652/775 2719/1653/601
f 2669/1654/776 2759/1655/776 2760/1656/776
f 2605/1657/777 2600/1658/479 2603/1659/778
f 1043/1660/779 1034/1661/779 1041/1662/779
f 1172/1588/739 1202/1587/744 1201/1663/780
f 1193/1664/781 1178/1665/782 1179/1666/783
f 1173/1667/784 1166/1668/784 1167/1669/784
f 2681/1670/612 2719/1653/601 2682/1671/785
f 1180/1672/786 1190/1673/786 1193/1674/786
f 1172/1634/739 1211/1675/741 1166/1632/765
f 2908/1031/489 2924/1347/628 2909/1032/490
f 1167/1525/713 1181/1676/694 1193/1526/714
f 2637/1677/285 2429/1678/787 2425/1679/788
f 2663/1680/518 2686/1681/789 2666/1682/605
f 1034/1324/580 1028/1326/189 1035/1683/790
f 2934/1427/668 2917/1426/537 2964/1684/536
f 2552/1026/486 2598/1685/723 2579/1295/556
f 2601/1686/791 2605/1687/791 1164/1688/791
f 2828/1460/545 2737/1650/749 2736/1689/748
f 1182/1690/792 1167/1691/713 1168/1692/712
f 1580/1635/663 1608/1693/793 1576/1636/766
f 2663/1694/731 2679/1695/715 2680/1696/794
f 2930/1697/667 2929/1423/666 2937/1698/708
f 2680/1699/795 2686/1700/795 2663/1701/795
f 2425/1702/788 2435/1556/729 2637/1703/285
f 2937/1704/708 2935/1448/677 2930/1424/667
f 2673/1705/691 2681/1706/612 2682/1707/785
f 1579/1171/384 1581/1708/649 1585/1429/669
f 1184/1709/796 1198/1710/796 1183/1711/796
f 2682/1671/785 2719/1653/601 2740/1712/797
f 1166/1601/752 1168/1600/712 1162/1713/798
f 2938/1714/639 2042/1715/799 2590/1293/606
f 2570/1206/561 2602/1716/800 2596/1535/719
f 2741/1717/801 2761/1718/801 2767/1719/801
f 2603/1720/778 2598/1541/723 2596/1535/719
f 2595/1597/699 1231/1599/751 1262/1721/768
f 1179/1666/783 1180/1722/802 1193/1664/781
f 1201/1723/803 1175/1598/750 1177/1631/584
f 1232/1222/567 2592/1422/665 2604/1724/804
f 1196/1560/732 1187/1562/733 1188/1725/805
f 1169/1726/743 1198/1727/806 1184/1728/807
f 1181/1729/808 1159/1730/808 1185/1731/808
f 1194/1732/809 1198/1733/806 1188/1734/805
f 1561/769/362 1585/1735/669 1580/1420/663
f 1032/1736/810 1031/1421/664 1029/1370/640
f 1036/1608/754 1043/1607/704 1037/1737/811
f 2680/1696/794 2679/1695/715 2673/1738/691
f 2742/1739/812 2743/1740/813 2745/1741/814
f 2605/1742/815 1211/1580/741 1164/1618/759
f 2710/1318/453 2948/1743/604 2757/1418/662
f 1034/1744/816 1036/1745/816 1046/1746/816
f 1186/1747/817 1175/1598/750 1201/1723/803
f 2923/1180/550 2939/1748/818 2936/1334/623
f 1187/1749/819 1212/1750/819 1188/1751/819
f 2575/1752/530 2439/1753/820 2426/1754/821
f 2590/1293/606 2042/1715/799 2898/901/431
f 2741/1755/822 2744/1756/822 2761/1757/822
f 1188/1725/805 1198/1758/806 1196/1560/732
f 2913/1081/509 2939/1759/818 2945/1499/543
f 1032/1760/810 1029/1581/640 1043/1503/704
f 2938/1490/639 1262/1642/768 1206/1761/823
f 1189/1762/824 1167/1763/824 1182/1764/824
f 2603/1765/778 2600/1014/479 2579/1195/556
f 1198/1766/825 1213/1767/825 1183/1768/825
f 2936/1769/826 2940/1770/826 2926/1771/826
f 2966/1772/827 2898/901/431 2042/1715/799
f 2599/1269/592 1232/1271/567 2602/1773/800
f 1153/1590/365 1574/1774/562 1586/1591/746
f 2759/1775/828 2728/1417/661 2756/1776/829
f 1589/1777/830 1584/1778/764 1580/1779/663
f 1584/1778/764 1590/1780/831 1583/1781/763
f 1167/1782/832 1189/1783/832 1219/1784/832
f 2715/1196/465 2709/837/396 2776/1785/833
f 1212/1786/834 1195/1787/835 1188/1788/805
f 1185/1566/734 1183/1567/735 1209/1789/836
f 1169/1584/743 1190/1586/686 1210/1790/837
f 1584/1778/764 1589/1777/830 1590/1780/831
f 1203/1791/838 1173/1792/745 1167/1793/839
f 2716/1605/577 2745/1794/814 2746/1795/840
f 2939/1759/818 2913/1081/509 2936/1537/623
f 2726/1796/467 2695/1059/255 2730/1449/678
f 1462/1646/771 1576/1645/770 1463/1644/769
f 2759/1775/828 2669/1416/660 2720/1321/617
f 2736/1594/748 2767/1624/761 2762/1797/841
f 2937/1698/708 2929/1423/666 2940/1798/521
f 2654/1277/492 2667/1276/596 2683/1799/756
f 1033/1800/842 1027/1304/611 1026/1303/593
f 2731/1450/679 2711/1451/480 2747/1801/843
f 1157/1245/579 1150/389/191 1158/1296/607
f 2684/1802/844 2429/1803/844 2732/1804/844
f 1190/1805/686 1180/1722/802 1179/1666/783
f 2924/1347/628 2899/917/438 2941/1806/845
f 1191/1807/846 1230/1808/847 1585/1809/669
f 1565/880/848 1459/1810/848 2037/833/848
f 1191/1811/849 1585/1812/849 1586/1813/849
f 2740/1712/797 2748/1814/850 2682/1671/785
f 1179/1666/783 1210/1815/837 1190/1805/686
f 1173/1792/745 1203/1791/838 1202/1816/744
f 1219/1817/851 1192/1818/852 1178/1819/782
f 1030/1502/647 1037/1820/811 1043/1503/704
f 2749/1821/853 2744/1625/762 2737/1627/749
f 2599/1822/854 2570/1823/854 2591/1824/854
f 2606/1825/855 1195/1826/855 2605/1827/855
f 2948/1828/856 2945/1829/856 2942/1830/856
f 1219/1817/851 1178/1819/782 1193/1831/781
f 2605/1832/857 2609/1833/857 2606/1834/857
f 2637/1703/285 2435/1556/729 2423/1555/478
f 2742/1739/812 2745/1741/814 2753/1835/858
f 2581/1836/859 2589/1837/859 2431/1838/859
f 2579/1195/556 2598/1839/723 2603/1765/778
f 1196/1840/732 1223/1841/860 1168/1692/712
f 1463/1842/769 1461/1002/474 1759/1001/369
f 2775/1843/861 2713/1146/535 2715/978/465
f 2687/1844/862 2772/1845/711 2666/1682/605
f 2749/1846/853 2737/1606/749 2716/1605/577
f 821/1847/863 819/1573/737 818/1572/178
f 2674/1445/674 2774/1613/757 2722/1443/620
f 2603/1659/778 2609/1848/864 2605/1657/777
f 1208/1849/865 1198/1727/806 1169/1726/743
f 1460/1344/531 1592/1850/866 1577/1345/476
f 1608/1693/793 1491/1851/867 1576/1636/766
f 2943/1852/466 2898/901/431 2944/1853/868
f 1191/1807/846 1586/1854/746 1574/1855/562
f 1585/1856/669 1230/1857/847 1243/1858/869
f 2442/1859/870 2572/1221/566 2588/1364/636
f 2774/1613/757 2725/1612/654 2722/1443/620
f 2924/1347/628 2941/1806/845 2963/1860/871
f 1188/1788/805 1195/1787/835 1194/1861/809
f 2750/1862/872 2712/856/408 2713/1146/535
f 2608/1863/873 2605/1864/873 1195/1865/873
f 1196/1866/732 1215/1867/874 1197/1868/875
f 1196/1866/732 1198/1869/806 1215/1867/874
f 1455/897/428 1575/896/427 1467/1870/876
f 1181/1871/694 1199/1872/877 2039/1873/878
f 2442/1859/870 2592/1422/665 2572/1221/566
f 819/1573/737 822/1874/879 1155/1571/468
f 2665/1875/880 2677/1876/880 2430/1877/880
f 1203/1791/838 1167/1793/839 1219/1878/881
f 2427/1879/882 2425/1679/788 2429/1678/787
f 2728/1417/661 2734/1481/695 2756/1776/829
f 1149/1213/170 1587/1880/700 1574/1211/562
f 2907/1022/483 2933/1517/709 2915/1115/522
f 2570/1206/561 2599/1881/592 2602/1716/800
f 1030/1882/883 1582/1883/883 1588/1884/883
f 1026/1303/593 1031/1885/664 1033/1800/842
f 2929/1423/666 2926/1505/635 2940/1798/521
f 2596/1535/719 2602/1716/800 2603/1720/778
f 1183/1886/735 1200/1887/884 1209/1888/836
f 2753/1835/858 2745/1741/814 2751/1889/885
f 2759/1775/828 2720/1321/617 2728/1417/661
f 1194/1732/809 1213/1890/886 1198/1733/806
f 1191/1807/846 1574/1855/562 1185/1891/734
f 1586/1892/887 1585/1429/669 1581/1708/649
f 1201/1893/780 1202/1894/744 1203/1895/838
f 2727/1380/544 2752/1896/888 2745/1897/814
f 2727/1380/544 2760/1582/742 2752/1896/888
f 1166/1898/889 1211/1899/889 1204/1900/889
f 2923/1901/890 2945/1902/890 2939/1903/890
f 2749/1846/853 2716/1605/577 2746/1795/840
f 2442/1859/870 2604/1724/804 2592/1422/665
f 1181/1871/694 1185/1891/734 1199/1872/877
f 1208/1849/865 1215/1904/874 1198/1727/806
f 2927/1409/656 2922/1905/891 2959/1906/892
f 2923/1333/550 2942/1907/893 2945/1908/894
f 1181/1909/694 2039/1910/878 1193/1911/714
f 2426/1912/821 2431/1913/637 2589/1372/642
f 2439/1914/820 2575/1133/530 2655/1346/627
f 2960/1533/718 2890/850/406 2968/1224/569
f 2742/1915/812 2753/1916/858 2754/1917/895
f 1230/1857/847 1234/1918/896 1243/1858/869
f 1045/1919/897 1156/1129/528 1046/1615/758
f 1187/1920/733 1168/1600/712 1176/1602/753
f 1168/1692/712 1223/1841/860 1182/1690/792
f 1034/1921/580 1035/1922/790 1041/1923/898
f 1589/1924/899 1591/1925/899 1590/1926/899
f 1262/1721/768 1205/1927/900 1206/1928/823
f 2606/1929/901 1207/1930/901 1195/1931/901
f 1195/1787/835 1212/1786/834 2608/1932/902
f 1580/1629/663 1583/1628/763 1599/1933/903
f 1176/1934/753 1166/1935/752 1204/1936/904
f 1036/1937/905 1038/1938/905 1137/1939/905
f 1037/1737/811 1038/1940/906 1036/1608/754
f 2604/1941/907 2442/1942/907 1220/1943/907
f 1046/1944/908 1036/1945/908 1137/1946/908
f 1027/1304/611 1033/1800/842 1582/1947/909
f 1196/1948/910 1197/1949/910 1223/1950/910
f 1580/1420/663 1585/1735/669 1603/1951/911
f 1759/1001/369 1349/1952/519 1463/1842/769
f 2038/1953/912 2034/1954/626 2035/1955/557
f 2760/1956/913 2751/1957/913 2752/1958/913
f 2039/1873/878 1185/1891/734 1574/1855/562
f 1179/1666/783 1208/1959/865 1210/1815/837
f 1209/1960/836 1191/1807/846 1185/1891/734
f 2927/1409/656 2920/1411/658 2922/1905/891
f 2426/1912/821 2589/1372/642 2575/1251/530
f 1262/1721/768 1231/1599/751 1205/1927/900
f 1580/1779/663 1601/1961/914 1589/1777/830
f 2755/1962/915 2759/1963/915 2756/1964/915
f 2767/1965/761 2785/1966/916 2762/1967/841
f 2754/1968/895 2743/1969/813 2742/1970/812
f 1595/1971/917 1590/1972/831 1591/1973/918
f 1203/1895/838 1204/1974/919 1201/1893/780
f 1610/1975/920 1594/1976/920 1244/1977/920
f 2943/1852/466 2944/1853/868 2925/1978/563
f 1592/1979/921 1460/1980/921 1491/1981/921
f 2947/1982/622 2919/1983/552 2951/1984/922
f 1178/1819/782 1192/1818/852 1223/1985/923
f 1169/1726/743 1210/1986/837 1208/1849/865
f 1590/1780/831 1593/1987/924 1583/1781/763
f 1193/1831/781 1227/1988/925 1219/1817/851
f 1600/1989/926 1594/1990/927 1610/1991/928
f 1211/1992/929 1237/1993/929 1204/1994/929
f 1575/1647/427 1462/1646/771 1467/1995/876
f 1212/1996/834 1222/1997/930 2608/1998/902
f 2730/1449/678 2712/856/408 2750/1862/872
f 1550/1999/931 2036/2000/932 1459/2001/933
f 1185/1891/734 2039/1873/878 1199/1872/877
f 1189/2002/934 1182/2003/934 1192/2004/934
f 1231/1599/751 1175/1598/750 1186/1747/817
f 1590/1780/831 1595/2005/917 1604/2006/935
f 1178/1665/782 1255/2007/936 1179/1666/783
f 1221/2008/937 1232/1222/567 2604/1724/804
f 1590/1780/831 1604/2006/935 1596/2009/938
f 1206/1761/823 2040/2010/939 2938/1490/639
f 1189/2011/940 1192/2012/940 1219/2013/940
f 1580/1420/663 1603/1951/911 1601/2014/914
f 2687/1844/862 2666/1682/605 2686/1681/789
f 2603/1659/778 2607/2015/941 2609/1848/864
f 2608/2016/942 1237/2017/942 2605/2018/942
f 1577/1008/476 1592/2019/866 1578/1357/633
f 1593/1987/924 1619/2020/943 1583/1781/763
f 2899/917/438 2925/1362/563 2941/1806/845
f 1585/2021/669 1244/2022/944 1597/2023/945
f 2757/1418/662 2777/2024/946 2733/1468/689
f 2035/1197/557 2037/833/394 2054/2025/947
f 1600/1989/926 1598/2026/948 1594/1990/927
f 1228/2027/949 1191/1807/846 1057/2028/950
f 2588/1364/636 2431/1365/637 2434/2029/951
f 2764/1652/775 2740/1712/797 2719/1653/601
f 2756/2030/952 2735/2031/952 2759/2032/952
f 2775/2033/861 2715/1196/465 2776/1785/833
f 1155/1097/468 822/2034/879 1138/1260/586
f 2609/2035/864 2610/2036/953 2606/2037/954
f 1171/1455/681 1156/1442/528 1045/2038/897
f 2756/1776/829 2734/1481/695 2735/1574/738
f 1032/1760/810 1043/1503/704 1042/2039/955
f 1179/2040/956 1255/2041/956 1208/2042/956
f 1237/2043/957 1211/2044/957 2605/2045/957
f 1591/2046/918 1589/2047/958 1602/2048/959
f 2777/2049/960 2757/2050/960 2758/2051/960
f 2677/2052/646 2428/2053/961 2430/2054/962
f 1228/2027/949 1230/1808/847 1191/1807/846
f 2758/2055/963 2757/1418/662 2948/1743/604
f 1204/1974/919 1203/1895/838 1219/2056/881
f 2730/2057/678 2724/1401/653 2726/1403/467
f 2609/2058/864 2607/2059/941 2610/2060/953
f 1183/1886/735 1213/2061/964 1200/1887/884
f 1204/2062/965 1186/2063/965 1201/2064/965
f 1205/1927/900 1231/1599/751 1214/2065/966
f 1204/1936/904 1242/2066/967 1176/1934/753
f 1208/2067/968 1224/2068/968 1215/2069/968
f 1213/2070/886 1194/1861/809 1224/2071/969
f 2038/1953/912 1587/2072/700 2034/1954/626
f 2935/1448/677 2961/2073/970 2958/1447/457
f 2439/2074/820 2655/2075/627 2678/2076/773
f 2667/1557/730 2435/1556/729 2436/2077/971
f 2037/2078/394 1459/2079/933 2054/2080/947
f 1216/2081/972 1191/1807/846 1209/1960/836
f 1583/1781/763 1619/2020/943 1599/2082/903
f 1232/2083/567 1221/2084/937 1217/2085/973
f 2942/1907/893 2923/1333/550 2947/1332/622
f 2683/2086/974 2667/2087/974 2436/2088/974
f 1219/2089/975 1240/2090/975 1218/2091/975
f 1591/1973/918 1602/2092/959 1595/1971/917
f 1182/2093/976 1223/2094/976 1192/2095/976
f 2778/2096/977 2744/2097/762 2749/2098/853
f 1588/2099/978 1037/2100/811 1030/2101/647
f 2944/1853/868 2898/901/431 2966/1772/827
f 818/1640/178 820/1639/767 821/2102/863
f 1157/2103/579 1158/1576/607 1171/1575/681
f 2759/2104/979 2751/2105/885 2760/2106/980
f 1455/2107/428 1348/2108/981 1349/2109/519
f 2043/2110/982 1206/2111/823 1205/2112/900
f 1455/2107/428 1351/2113/983 1348/2108/981
f 1594/2114/927 1597/2115/945 1244/2116/944
f 2427/2117/882 2429/2118/787 2684/2119/684
f 1600/2120/926 1604/2006/935 1595/2005/917
f 2761/2121/984 2744/2097/762 2778/2096/977
f 2709/919/396 2707/836/395 2731/1450/679
f 2038/2122/912 2051/2123/985 1587/2124/700
f 1597/2115/945 1594/2114/927 1598/2125/948
f 1601/2126/914 1491/1851/867 1608/1693/793
f 2039/2127/878 1574/2128/562 1587/2129/700
f 1194/1861/809 1195/1787/835 1224/2071/969
f 2785/1966/916 2771/2130/986 2762/1967/841
f 1218/2131/987 1204/2132/987 1219/2133/987
f 1238/2134/988 1212/2135/834 1187/1920/733
f 2915/1115/522 2961/2136/970 2964/1148/536
f 2762/2137/989 2771/2138/989 2736/2139/989
f 1187/1920/733 1176/1602/753 1238/2134/988
f 1218/2140/990 1242/2066/967 1204/1936/904
f 1243/2141/869 1244/2022/944 1585/2021/669
f 1215/2142/991 1224/2143/991 1195/2144/991
f 1601/2145/992 1602/2146/992 1589/2147/992
f 1911/2148/419 1464/2149/426 1916/2150/993
f 2777/2024/946 2740/2151/797 2733/1468/689
f 2946/2152/994 2935/1596/677 2924/1347/628
f 1230/2153/847 1235/2154/995 1234/2155/896
f 2768/2156/996 2754/1917/895 2753/1916/858
f 2745/2157/814 2752/2158/888 2751/2159/885
f 2442/1859/870 2588/1364/636 2434/2029/951
f 1137/2160/997 1038/2161/998 1039/2162/999
f 1220/2163/1000 2442/2164/1000 1221/2165/1000
f 2604/2166/1001 1220/2167/1001 1221/2168/1001
f 2763/2169/1002 2743/1969/813 2754/1968/895
f 1197/1868/875 1215/1867/874 1226/2170/1003
f 1227/2171/925 1240/2172/1004 1219/2173/851
f 1178/1819/782 1223/1985/923 1255/2174/936
f 2040/2175/1005 1206/2176/1005 2041/2177/1005
f 1200/2178/1006 1213/2179/1006 1224/2180/1006
f 1137/2160/997 1039/2162/999 1040/2181/1007
f 2764/2182/775 2733/2183/689 2740/2184/797
f 2733/2183/689 2764/2182/775 2765/2185/774
f 2608/1998/902 1222/1997/930 1237/2186/1008
f 1041/2187/898 1042/2188/955 1043/2189/704
f 2769/2190/1009 2761/2121/984 2778/2096/977
f 1037/1737/811 1619/2191/1010 1038/1940/906
f 2761/2192/984 2766/2193/1011 2767/2194/761
f 1601/2195/1012 1608/2196/1012 1602/2197/1012
f 1207/2198/1013 2606/2037/954 2610/2036/953
f 1596/2009/938 1593/1987/924 1590/1780/831
f 1238/2134/988 1222/2199/930 1212/2135/834
f 1248/2200/1014 1255/2201/1014 1223/2202/1014
f 1252/2203/1015 1157/2103/579 1171/1575/681
f 1603/2204/911 1585/2021/669 1597/2023/945
f 2739/2205/717 2759/2206/979 2735/2207/738
f 2961/2073/970 2933/1516/709 2958/1447/457
f 2938/2208/639 2047/2209/1016 2042/2210/799
f 1208/2211/1017 1255/2212/1017 1224/2213/1017
f 1226/2214/1003 1223/2215/1018 1197/2216/875
f 1465/2217/1019 1463/1842/769 1349/1952/519
f 2678/2218/1020 2430/2219/1020 2432/2220/1020
f 2602/1773/800 1232/1271/567 1233/2221/1021
f 1237/2222/1022 1225/2223/1022 2610/2224/1022
f 2426/1754/821 2444/2225/1023 2431/2226/637
f 1215/2227/874 1225/2228/1024 1226/2229/1003
f 2602/1716/800 2607/2230/941 2603/1720/778
f 1044/2231/1025 1137/2232/1025 1040/2233/1025
f 1610/2234/1026 1604/2235/1026 1600/2236/1026
f 2828/1460/545 2736/1689/748 2684/1461/684
f 1205/2112/900 1214/2237/966 1227/2238/925
f 1195/2239/1027 1225/2228/1024 1215/2227/874
f 1592/2019/866 1609/2240/1028 1578/1357/633
f 2039/1910/878 2044/2241/1029 1193/1911/714
f 1031/1885/664 1049/2242/1030 1058/2243/1031
f 1602/2244/959 1612/2245/1032 1595/2246/917
f 2673/1705/691 2685/2247/1033 2680/2248/794
f 1045/2249/897 1046/2250/758 1044/2251/1034
f 1609/2252/1035 1482/2253/1035 1578/2254/1035
f 1463/1644/769 1466/2255/1036 1462/1646/771
f 1225/2228/1024 1195/2239/1027 1207/2256/1037
f 1044/2251/1034 1046/2250/758 1137/2257/1038
f 2610/2258/1039 1225/2259/1039 1207/2260/1039
f 1234/2155/896 1235/2154/995 1039/2261/999
f 2767/2194/761 2766/2193/1011 2785/2262/916
f 2709/919/396 2731/1450/679 2776/2263/833
f 1186/2264/817 1204/2265/1040 1250/2266/1041
f 2944/1853/868 2969/2267/1042 2925/1978/563
f 2938/2208/639 2040/2268/939 2047/2209/1016
f 1599/1933/903 1605/2269/1043 1580/1629/663
f 1228/2270/949 1229/2271/1044 1230/2272/847
f 1226/2229/1003 1225/2228/1024 1222/2273/930
f 1350/2274/1045 1351/2275/983 1455/2276/428
f 2947/2277/622 2948/2278/604 2942/2279/893
f 1206/2280/1046 2043/2281/1046 2041/2282/1046
f 2680/2248/794 2685/2247/1033 2686/2283/789
f 1031/1885/664 1058/2243/1031 1033/1800/842
f 2439/2074/820 2678/2076/773 2432/2284/1047
f 1193/2285/1048 2044/2286/1048 1247/2287/1048
f 1214/2288/1049 1231/2289/1049 1227/2290/1049
f 2961/2136/970 2915/1115/522 2933/1517/709
f 2610/2291/1050 2611/2292/1050 1237/2293/1050
f 1232/2294/567 1217/2295/973 1233/2296/1021
f 2919/1983/552 2949/2297/1051 2951/1984/922
f 1234/2298/896 1039/2299/999 1243/2300/869
f 1230/2272/847 1229/2271/1044 1235/2301/995
f 2610/2060/953 2607/2059/941 2611/2302/1052
f 1597/2023/945 1606/2303/1053 1603/2204/911
f 1582/1947/909 1047/2304/1054 1048/2305/1055
f 1578/2306/633 1916/2307/993 1464/2308/426
f 2042/1715/799 2950/2309/1056 2966/1772/827
f 1186/1747/817 1236/2310/1057 1227/2311/925
f 1200/2312/1058 1216/2313/1058 1209/2314/1058
f 1204/2315/1059 1237/2316/1059 1246/2317/1059
f 1231/1599/751 1186/1747/817 1227/2311/925
f 1248/2318/1060 1223/2215/1018 1226/2214/1003
f 1237/2319/1061 1222/2320/1061 1225/2321/1061
f 2963/1860/871 2946/2152/994 2924/1347/628
f 1193/1831/781 2043/2322/982 1227/1988/925
f 1595/2246/917 1612/2245/1032 1600/2323/926
f 1238/2324/988 1176/1934/753 1242/2066/967
f 2751/2325/885 2768/2326/996 2753/2327/858
f 2761/2192/984 2769/2328/1009 2766/2193/1011
f 1597/2329/1062 1598/2330/1062 1606/2331/1062
f 1239/2332/1063 1039/2333/999 1038/2334/998
f 1031/2335/664 1067/2336/1064 1049/2337/1030
f 1608/2338/1065 1607/2339/1065 1602/2340/1065
f 1191/1807/846 1216/2081/972 1057/2028/950
f 2928/1410/657 2949/2341/1051 2919/1469/552
f 2426/1754/821 2439/1753/820 2444/2225/1023
f 1243/2300/869 1039/2299/999 1239/2342/1063
f 1243/2343/1066 1239/2344/1066 1253/2345/1066
f 1515/2346/1067 1605/2347/1043 1599/2348/903
f 1236/2349/1057 1240/2172/1004 1227/2171/925
f 2043/2110/982 1205/2112/900 1227/2238/925
f 2107/2350/1068 2041/2351/1069 2043/2352/1070
f 1477/2353/1071 1578/2354/1071 1482/2355/1071
f 2739/2356/717 2724/2357/653 2770/2358/1072
f 1217/2085/973 1221/2084/937 1255/2359/1073
f 1248/2360/1060 1226/2361/1003 1222/2362/930
f 2453/2363/1074 2430/2054/962 2428/2053/961
f 1218/2364/990 1240/2365/1004 1241/2366/1075
f 2607/2230/941 2602/1716/800 2611/2367/1052
f 1041/1923/898 1035/1922/790 1139/2368/1076
f 1042/2039/955 1050/2369/1077 1032/1760/810
f 1242/2370/967 1218/2364/990 1241/2366/1075
f 2430/2054/962 2453/2363/1074 2433/2371/1078
f 1237/2372/1079 2611/2373/1079 1246/2374/1079
f 1593/1987/924 1596/2009/938 1619/2020/943
f 1462/2375/1080 1466/2376/1080 1467/2377/1080
f 1028/1326/189 1051/2378/1081 1035/1683/790
f 2771/2379/986 2684/1461/684 2736/1689/748
f 2968/2380/1082 2954/2381/1082 2960/2382/1082
f 2674/2383/674 2772/2384/711 2803/2385/1083
f 1468/2386/1084 1473/2387/1085 1483/2388/1086
f 1243/2389/1087 1253/2390/1087 1244/2391/1087
f 2773/2392/1088 2774/2393/757 2674/2383/674
f 2431/2226/637 2446/2394/1089 2434/2395/951
f 1216/2396/1090 1200/2397/1090 1224/2398/1090
f 1042/2188/955 1041/2187/898 1065/2399/1091
f 2948/2278/604 2947/2277/622 2951/2400/922
f 2961/2073/970 2935/1448/677 2946/2401/994
f 1468/2386/1084 1483/2388/1086 1469/2402/1092
f 2748/1814/850 2685/2403/1033 2682/1671/785
f 1038/2334/998 1053/2404/1093 1239/2332/1063
f 2044/2405/1029 2039/2127/878 1587/2129/700
f 1598/2026/948 1600/1989/926 1606/2406/1053
f 2814/2407/1094 2927/1409/656 2959/2408/892
f 1032/2409/810 1067/2336/1064 1031/2335/664
f 2439/2074/820 2432/2284/1047 2433/2410/1078
f 2775/2411/861 2776/2412/833 2798/2413/1095
f 2602/2414/800 1245/2415/1096 2611/2416/1052
f 1603/2417/911 1491/1851/867 1601/2126/914
f 2803/2385/1083 2773/2392/1088 2674/2383/674
f 2687/1844/862 2793/2418/1097 2772/1845/711
f 1470/2419/1098 1468/2386/1084 1469/2402/1092
f 2758/2420/1099 2829/2421/1099 2777/2422/1099
f 1580/2423/1100 1607/2424/1100 1608/2425/1100
f 2740/1712/797 2777/2426/946 2829/2427/1101
f 1246/2428/1102 1250/2266/1041 1204/2265/1040
f 2043/2322/982 1193/1831/781 1247/2429/1103
f 1605/2430/1043 1493/2431/1104 1607/2432/1105
f 1483/2388/1086 1471/2433/1106 1469/2402/1092
f 1618/2434/1107 1619/2191/1010 1037/1737/811
f 1619/2020/943 1622/2435/1108 1599/2082/903
f 1582/2436/909 1048/2437/1055 1588/2438/1109
f 2713/1146/535 2775/1843/861 2750/1862/872
f 2791/2439/1110 2724/1401/653 2730/2057/678
f 1038/2440/1111 1619/2441/1111 1052/2442/1111
f 1248/2443/1060 1249/2444/1112 1240/2365/1004
f 1050/2445/1077 1042/2188/955 1065/2399/1091
f 2038/1953/912 2035/1955/557 2054/2446/947
f 1478/2447/1113 1349/2448/1113 1348/2449/1113
f 1236/2310/1057 1186/1747/817 1250/2450/1041
f 2442/2451/870 1251/2452/1114 1221/2453/937
f 2435/2454/1115 2425/2455/1115 2436/2456/1115
f 1474/2457/1116 1472/2458/1117 1487/2459/1118
f 1604/2460/935 1610/2461/1119 1613/2462/1120
f 1469/2463/1092 1521/2464/1121 1470/2465/1098
f 2749/1846/853 2746/1795/840 2778/2466/977
f 2754/2467/895 2768/2468/996 2763/2469/1002
f 1216/2081/972 1066/2470/1122 1057/2028/950
f 2925/1362/563 2952/2471/1123 2941/1806/845
f 1609/2472/1028 1592/2473/866 1491/2474/1124
f 2436/2475/1125 2425/2476/788 2459/2477/1126
f 1468/2478/1084 1506/2479/1127 1473/2480/1085
f 1602/2244/959 1486/2481/1128 1612/2245/1032
f 1242/2370/967 1241/2366/1075 1249/2482/1112
f 2041/2351/1069 2107/2350/1068 2040/2483/1129
f 1171/1455/681 1045/2038/897 1055/2484/1130
f 1249/2444/1112 1241/2366/1075 1240/2365/1004
f 1244/2485/1131 1239/2486/1131 1610/2487/1131
f 2437/2488/1132 2428/2489/961 2677/2490/646
f 2779/2491/1133 2774/2393/757 2773/2392/1088
f 2439/1753/820 2445/2492/1134 2444/2225/1023
f 1588/2099/978 1615/2493/1135 1037/2100/811
f 1038/2494/998 1052/2495/1136 1053/2496/1093
f 1472/2497/1117 1474/2498/1116 1353/2499/1137
f 2431/2226/637 2444/2225/1023 2446/2394/1089
f 1236/2349/1057 1248/2500/1060 1240/2172/1004
f 1050/2369/1077 1067/2501/1064 1032/1760/810
f 2447/2502/1138 2684/1461/684 2780/2503/1139
f 1607/2432/1105 1580/2504/663 1605/2430/1043
f 1472/2458/1117 1475/2505/1140 1487/2459/1118
f 1222/2506/930 1238/2507/988 1249/2482/1112
f 1614/2508/1141 1596/2509/938 1604/2510/935
f 2685/2247/1033 2673/1705/691 2682/1707/785
f 2746/1795/840 2745/1794/814 2781/2511/1142
f 1248/2360/1060 1222/2362/930 1254/2512/1143
f 1607/2513/1144 1498/2514/1144 1602/2515/1144
f 1355/2516/1145 1351/2275/983 1350/2274/1045
f 2743/2517/813 2781/2518/1142 2745/2519/814
f 1217/2295/973 1245/2520/1146 1233/2296/1021
f 2438/2521/1147 2439/2522/1147 2433/2523/1147
f 2759/2104/979 2782/2524/1148 2751/2105/885
f 1468/2525/1084 1470/2465/1098 1476/2526/1149
f 1245/2415/1096 1246/2527/1102 2611/2416/1052
f 2439/1753/820 2440/2528/1150 2445/2492/1134
f 2964/2529/536 2961/2530/970 2965/2531/1151
f 1600/2323/926 1612/2245/1032 1606/2532/1053
f 2430/2533/962 2433/2410/1078 2432/2284/1047
f 1217/2534/1152 1255/2535/1152 1245/2536/1152
f 2042/2210/799 2047/2209/1016 2045/2537/1153
f 2446/2394/1089 2441/2538/1154 2434/2395/951
f 2785/1966/916 2786/2539/1155 2771/2130/986
f 1252/2540/1015 1171/1455/681 1055/2484/1130
f 1239/2541/1156 1244/2542/1156 1253/2543/1156
f 1039/2544/1157 1072/2545/1157 1040/2546/1157
f 1596/2509/938 1614/2508/1141 1623/2547/1158
f 2442/2548/870 2434/2395/951 2441/2538/1154
f 1037/2549/1159 1615/2550/1159 1618/2551/1159
f 1587/2129/700 2051/2552/985 2046/2553/1160
f 2602/2554/1161 1233/2555/1161 1245/2556/1161
f 1222/2506/930 1249/2482/1112 1254/2557/1143
f 1242/2370/967 1249/2482/1112 1238/2507/988
f 2437/2488/1132 2677/2490/646 2683/2558/756
f 1255/2559/1162 1256/2560/1163 1224/2561/1164
f 1249/2444/1112 1248/2443/1060 1254/2562/1143
f 1611/2563/1165 1613/2462/1120 1610/2461/1119
f 1471/2433/1106 1483/2388/1086 1494/2564/1166
f 2446/2394/1089 2443/2565/1167 2441/2538/1154
f 1044/2566/1034 1040/2567/1168 1072/2568/1169
f 1622/2569/1170 1619/2570/1170 1618/2571/1170
f 1475/2505/1140 1472/2458/1117 1499/2572/1171
f 1054/2573/1172 1055/2574/1130 1045/2575/897
f 1477/2576/1173 1916/2307/993 1578/2306/633
f 1465/2217/1019 1349/1952/519 1478/2577/1174
f 2724/2357/653 2791/2578/1110 2770/2358/1072
f 2439/1753/820 2438/2579/1175 2440/2528/1150
f 2427/2580/882 2459/2477/1126 2425/2476/788
f 1221/2453/937 1257/2581/1176 1255/2582/1073
f 1484/2583/1177 1483/2584/1086 1473/2585/1085
f 1239/2586/1178 1611/2587/1165 1610/2588/1119
f 2962/2589/1179 2963/2590/871 2941/2591/845
f 1474/2457/1116 1487/2459/1118 1508/2592/1180
f 2442/2451/870 2449/2593/1181 1251/2452/1114
f 1463/1644/769 1465/2594/1019 1466/2255/1036
f 2782/2595/1148 2759/2206/979 2739/2205/717
f 823/2596/1182 820/1639/767 1157/1641/579
f 2044/2405/1029 2046/2553/1160 1247/2597/1183
f 1251/2452/1114 1257/2581/1176 1221/2453/937
f 1612/2245/1032 1486/2481/1128 1505/2598/1184
f 1039/2599/1185 1235/2600/1185 1229/2601/1185
f 1479/2602/1186 1469/2603/1092 1471/2604/1106
f 1245/2605/1096 1255/2606/1187 1248/2500/1060
f 1059/2607/1188 1045/2608/897 1060/2609/1189
f 1596/2610/1190 1623/2611/1190 1619/2612/1190
f 1609/2613/1028 1480/2614/1191 1482/2615/1192
f 1045/2249/897 1044/2251/1034 1060/2616/1189
f 2746/1795/840 2781/2511/1142 2778/2466/977
f 1911/2148/419 1916/2150/993 1481/2617/1193
f 1588/2438/1109 1048/2437/1055 1616/2618/1194
f 2044/2405/1029 1587/2129/700 2046/2553/1160
f 1489/2619/1195 1471/2433/1106 1494/2564/1166
f 2683/2558/756 2453/2620/1074 2428/2489/961
f 2948/2621/604 2951/2622/922 2949/2341/1051
f 1033/1800/842 1047/2304/1054 1582/1947/909
f 1467/2623/876 1350/2274/1045 1455/2276/428
f 1482/2624/1196 1912/2625/1197 1477/2576/1173
f 2428/2489/961 2437/2488/1132 2683/2558/756
f 1255/2559/1162 1258/2626/1198 1256/2560/1163
f 2444/2627/1023 2445/2628/1134 2452/2629/1199
f 1475/2505/1140 1499/2572/1171 1511/2630/1200
f 1348/2631/1201 1351/2632/1201 1478/2633/1201
f 1483/2634/1202 1484/2635/1202 1494/2636/1202
f 1612/2637/1203 1505/2638/1203 1504/2639/1203
f 2964/2640/536 2965/2641/1151 2934/2642/668
f 2775/1843/861 2798/2643/1095 2750/1862/872
f 2440/2528/1150 2452/2644/1199 2445/2492/1134
f 2949/2341/1051 2928/1410/657 2948/2621/604
f 1071/2645/1204 1047/2304/1054 1033/1800/842
f 1496/2646/1205 1912/2647/1205 1482/2648/1205
f 1051/2378/1081 1028/1326/189 1138/2649/586
f 1606/2532/1053 1612/2245/1032 1504/2650/1206
f 2783/2651/1207 2768/2326/996 2751/2325/885
f 2771/2379/986 2786/2652/1155 2780/2503/1139
f 2776/2412/833 2731/2653/679 2798/2413/1095
f 1485/2654/1208 1488/2655/1209 1470/2465/1098
f 2966/2656/827 2967/2657/1210 2944/2658/868
f 2687/2659/862 2686/2660/789 2685/2661/1033
f 1250/2662/1041 1246/2527/1102 1245/2415/1096
f 2047/2663/1016 2040/2664/939 2048/2665/1211
f 2452/2629/1199 2446/2666/1089 2444/2627/1023
f 1245/2605/1096 1248/2500/1060 1236/2349/1057
f 1041/2667/898 1059/2607/1188 1056/2668/1212
f 1056/2668/1212 1065/2669/1091 1041/2667/898
f 1039/2670/1213 1229/2671/1213 1072/2672/1213
f 1521/2673/1121 1469/2603/1092 1479/2602/1186
f 1063/2674/1214 1057/2675/950 1066/2676/1122
f 1486/2677/1128 1602/2678/959 1498/2679/1215
f 1613/2680/1120 1614/2681/1141 1604/2682/935
f 2433/2371/1078 2453/2363/1074 2451/2683/1216
f 1487/2684/1118 1475/2685/1140 1488/2686/1209
f 819/1573/737 824/2687/1217 822/1874/879
f 1480/2614/1191 1609/2613/1028 1617/2688/1218
f 2049/2689/1219 1247/2597/1183 2046/2553/1160
f 1479/2690/1186 1471/2691/1106 1489/2692/1195
f 1250/2450/1041 1245/2693/1096 1236/2310/1057
f 1615/2694/1220 1588/2695/1220 1616/2696/1220
f 1617/2697/1218 1609/2472/1028 1491/2474/1124
f 825/2698/1221 1157/2699/579 1252/2700/1015
f 1255/2701/1222 1257/2702/1222 1258/2703/1222
f 2427/2117/882 2684/2119/684 2447/2704/1138
f 824/2687/1217 1138/2705/586 822/1874/879
f 1467/2706/1223 1466/2707/1223 1350/2708/1223
f 1521/2464/1121 1485/2654/1208 1470/2465/1098
f 1508/2709/1180 1487/2684/1118 1488/2686/1209
f 2962/2589/1179 2941/2591/845 2952/2710/1123
f 2769/2711/1224 2778/2712/1224 2784/2713/1224
f 1916/2307/993 1477/2576/1173 1912/2625/1197
f 2047/2663/1016 2048/2665/1211 2045/2714/1153
f 1058/2715/1031 1049/2716/1030 1067/2717/1064
f 2954/2718/1225 2968/2719/1225 2973/2720/1225
f 2771/2379/986 2780/2503/1139 2684/1461/684
f 2750/1862/872 2798/2643/1095 2730/1449/678
f 2779/2491/1133 2747/1801/843 2711/1451/480
f 2785/2721/1226 2766/2722/1226 2786/2723/1226
f 1256/2560/1163 1216/2724/972 1224/2561/1164
f 2711/1451/480 2774/2393/757 2779/2491/1133
f 1508/2709/1180 1488/2686/1209 1485/2725/1208
f 2925/2726/563 2969/2727/1042 2952/2710/1123
f 2440/2528/1150 2438/2579/1175 2452/2644/1199
f 2459/2728/1227 2683/2729/1227 2436/2730/1227
f 1074/2731/1228 1044/2566/1034 1072/2568/1169
f 1054/2732/1172 1045/2733/897 1059/2734/1188
f 1606/2303/1053 1491/2735/867 1603/2204/911
f 2739/2205/717 2770/2736/1072 2782/2595/1148
f 2784/2737/1229 2778/2466/977 2781/2511/1142
f 1622/2738/1108 1515/2739/1067 1599/2740/903
f 2766/2741/1230 2769/2742/1230 2784/2743/1230
f 1911/2744/1231 1490/2745/1231 1550/2746/1231
f 1491/2747/1232 1504/2748/1232 1617/2749/1232
f 2953/2750/1233 2928/1410/657 2927/1409/656
f 2451/2751/1216 2453/2752/1074 2448/2753/1234
f 2787/2754/1235 2751/2755/885 2788/2756/1236
f 1476/2526/1149 1470/2465/1098 1488/2655/1209
f 1251/2452/1114 1258/2757/1198 1257/2581/1176
f 2049/2689/1219 2107/2758/1068 1247/2597/1183
f 1506/2479/1127 1492/2759/1237 1473/2480/1085
f 1058/2243/1031 1071/2645/1204 1033/1800/842
f 2791/2760/1110 2730/1449/678 2798/2643/1095
f 1521/2464/1121 1360/2761/1238 1485/2654/1208
f 1074/2731/1228 1060/2762/1189 1044/2566/1034
f 1497/2763/1239 1486/2677/1128 1498/2679/1215
f 2751/2105/885 2782/2524/1148 2788/2764/1236
f 2438/2579/1175 2433/2765/1240 2452/2644/1199
f 1618/2766/1241 1623/2767/1242 1622/2768/1243
f 1473/2585/1085 1492/2769/1237 1484/2583/1177
f 1228/2770/949 1072/2771/1244 1229/2772/1044
f 2950/2773/1056 2967/2657/1210 2966/2656/827
f 1489/2774/1245 1494/2775/1245 1605/2776/1245
f 1607/2777/1246 1493/2778/1246 1498/2779/1246
f 1622/2780/1247 1624/2781/1247 1620/2782/1247
f 2446/2666/1089 2452/2629/1199 1261/2783/1248
f 1054/2573/1172 1252/2784/1015 1055/2574/1130
f 1911/2785/419 1481/2786/1193 1490/2787/1249
f 1523/2788/1250 1489/2789/1195 1605/2790/1043
f 1494/2791/1251 1495/2792/1252 1493/2793/1104
f 1619/2794/1253 1623/2795/1242 1052/2796/1254
f 2042/2210/799 2106/2797/1255 2950/2798/1056
f 2783/2799/1207 2751/2755/885 2787/2754/1235
f 2043/2800/1256 1247/2801/1256 2107/2802/1256
f 2789/2803/1257 2743/1969/813 2790/2804/1258
f 2946/2805/994 2970/2806/1259 2961/2530/970
f 2449/2807/1181 2442/2548/870 2441/2538/1154
f 1053/2808/1260 1611/2809/1260 1239/2810/1260
f 1480/2811/1261 1617/2812/1261 1504/2813/1261
f 1605/2814/1043 1494/2791/1251 1493/2793/1104
f 1621/2815/1262 1622/2816/1262 1620/2817/1262
f 2793/2418/1097 2688/2818/1263 2772/1845/711
f 1508/2592/1180 1353/2819/1137 1474/2457/1116
f 2446/2394/1089 1261/2820/1248 2443/2565/1167
f 1606/2303/1053 1504/2821/1206 1491/2735/867
f 1051/2822/1081 1138/2705/586 824/2687/1217
f 1621/2823/1264 1515/2739/1067 1622/2738/1108
f 2763/2169/1002 2790/2804/1258 2743/1969/813
f 1482/2615/1192 1480/2614/1191 1496/2824/1265
f 1251/2452/1114 1260/2825/1266 1258/2826/1198
f 2106/2797/1255 2042/2210/799 2045/2537/1153
f 1495/2792/1252 1494/2791/1251 1484/2827/1267
f 1497/2828/1239 1503/2829/1268 1486/2830/1128
f 1478/2831/1269 1351/2832/983 1352/2833/1270
f 1459/2079/933 2110/2834/1271 2054/2080/947
f 2790/2835/1258 2763/2469/1002 2813/2836/1272
f 1495/2837/1252 1497/2838/1239 1498/2839/1215
f 2058/2840/1273 2051/2123/985 2038/2122/912
f 1057/2028/950 1063/2841/1214 1228/2027/949
f 2106/2842/1274 2048/2843/1274 2040/2844/1274
f 1615/2845/1275 1616/2846/1276 1061/2847/1277
f 2441/2538/1154 2443/2565/1167 2450/2848/1278
f 1350/2849/1045 1466/2255/1036 1465/2594/1019
f 1062/2850/1279 1072/2771/1244 1228/2770/949
f 823/2851/1182 1157/2699/579 825/2698/1221
f 1525/2852/1280 1484/2853/1280 1492/2854/1280
f 2451/2751/1216 2448/2753/1234 2456/2855/1281
f 2743/2517/813 2789/2856/1257 2781/2518/1142
f 2793/2857/1097 2687/2659/862 2685/2661/1033
f 1622/2858/1282 1623/2859/1282 1624/2860/1282
f 2427/2580/882 2447/2861/1138 2459/2477/1126
f 2770/2736/1072 2797/2862/1283 2782/2595/1148
f 2038/2122/912 2054/2863/947 2058/2840/1273
f 1041/2864/898 1054/2732/1172 1059/2734/1188
f 1497/2838/1239 1495/2837/1252 1484/2865/1267
f 2433/2866/1284 2451/2867/1284 2452/2868/1284
f 2965/2641/1151 2971/2869/1285 2934/2642/668
f 2786/2870/1286 2766/2871/1286 2784/2872/1286
f 2683/2873/756 2461/2874/1287 2453/2875/1074
f 2740/1712/797 2829/2427/1101 2815/2876/1288
f 2962/2589/1179 2972/2877/1289 2963/2590/871
f 1251/2452/1114 2449/2593/1181 1260/2825/1266
f 1616/2878/1290 1048/2879/1290 1047/2880/1290
f 1499/2881/1171 1472/2497/1117 1500/2882/1291
f 2045/2714/1153 2048/2665/1211 2106/2883/1255
f 1355/2884/1145 1352/2833/1270 1351/2832/983
f 1495/2837/1252 1498/2839/1215 1501/2885/1292
f 1476/2526/1149 1488/2655/1209 1510/2886/1293
f 1056/2668/1212 1059/2607/1188 1060/2609/1189
f 1502/2887/1294 1492/2888/1294 1506/2889/1294
f 1501/2890/1292 1493/2793/1104 1495/2792/1252
f 1350/2891/1045 1465/2892/1019 1352/2893/1270
f 2448/2894/1234 2454/2895/1295 2457/2896/1296
f 2780/2503/1139 2786/2652/1155 2784/2737/1229
f 2461/2874/1287 2455/2897/1297 2448/2894/1234
f 2040/2898/1129 2107/2899/1068 2106/2900/1255
f 2456/2901/1298 2448/2902/1298 2457/2903/1298
f 2797/2862/1283 2796/2904/1299 2782/2595/1148
f 1228/2770/949 1063/2905/1214 1062/2850/1279
f 1497/2906/1239 1484/2907/1267 1519/2908/1300
f 2685/2909/1301 2458/2910/1301 2793/2911/1301
f 2461/2874/1287 2448/2894/1234 2453/2875/1074
f 1216/2081/972 841/2912/1302 1066/2470/1122
f 1259/2913/1303 1256/2560/1163 1258/2626/1198
f 820/1639/767 826/2914/1304 821/2102/863
f 1508/2709/1180 1485/2725/1208 1371/2915/1305
f 1067/2717/1064 1064/2916/1306 1058/2715/1031
f 1058/2715/1031 1064/2916/1306 1071/2917/1204
f 2454/2895/1295 2448/2894/1234 2455/2897/1297
f 2781/2511/1142 2780/2503/1139 2784/2737/1229
f 1503/2918/1307 1505/2919/1307 1486/2920/1307
f 2050/2921/1308 2051/2922/1308 2058/2923/1308
f 2799/2924/1309 2798/2413/1095 2731/2653/679
f 2451/2925/1216 2457/2896/1296 2452/2926/1199
f 1507/2927/1310 1523/2788/1250 1605/2790/1043
f 825/2698/1221 1252/2700/1015 837/2928/1311
f 2457/2896/1296 1261/2929/1248 2452/2926/1199
f 1503/2930/1312 1504/2931/1312 1505/2932/1312
f 2740/1712/797 2830/2933/1313 2748/1814/850
f 2459/2934/1314 2461/2935/1314 2683/2936/1314
f 2443/2565/1167 1261/2820/1248 2450/2848/1278
f 2688/2937/1315 2685/2403/1033 2748/1814/850
f 1256/2560/1163 841/2938/1302 1216/2724/972
f 2946/2805/994 2976/2939/1316 2970/2806/1259
f 1476/2526/1149 1506/2940/1127 1468/2525/1084
f 2797/2941/1317 2791/2942/1317 2798/2943/1317
f 2788/2756/1236 2792/2944/1318 2787/2754/1235
f 2688/2945/1319 2793/2946/1319 2458/2947/1319
f 2763/2469/1002 2768/2468/996 2813/2836/1272
f 2447/2861/1138 2461/2948/1320 2459/2477/1126
f 1503/2949/1268 1497/2906/1239 1519/2908/1300
f 2770/2358/1072 2791/2578/1110 2797/2950/1283
f 2803/2951/1321 2772/2952/1321 2688/2953/1321
f 2953/2750/1233 2948/2621/604 2928/1410/657
f 2973/2954/1322 2968/2955/569 2934/2956/668
f 1605/2347/1043 1515/2346/1067 1507/2957/1310
f 1525/2958/1323 1519/2959/1323 1484/2960/1323
f 1493/2961/1324 1507/2962/1324 1498/2963/1324
f 2461/2964/1287 2464/2965/1325 2455/2966/1297
f 1524/2967/1326 1624/2968/1326 1623/2969/1326
f 1063/2674/1214 1066/2676/1122 832/2970/1327
f 1085/2971/1328 1050/2445/1077 1065/2399/1091
f 2688/2937/1315 2458/2972/1329 2685/2403/1033
f 1353/2973/1330 1508/2974/1330 1371/2975/1330
f 1525/2976/1331 1480/2977/1332 1504/2978/1333
f 1070/2979/1334 1047/2304/1054 1071/2645/1204
f 1615/2980/1335 1061/2981/1335 1618/2982/1335
f 1065/2983/1091 1056/2668/1212 1085/2984/1328
f 2963/2590/871 2974/2985/1336 2946/2986/994
f 832/2987/1337 1066/2988/1337 841/2989/1337
f 827/2990/1338 819/1573/737 821/1847/863
f 2049/2689/1219 2108/2991/1339 2107/2758/1068
f 2441/2538/1154 2450/2848/1278 2449/2807/1181
f 1624/2992/1340 1509/2993/1341 1620/2994/1342
f 1047/2995/1054 1070/2996/1334 1616/2997/1276
f 1353/2998/1343 1371/2999/1343 1354/3000/1343
f 2944/2658/868 2967/2657/1210 2975/3001/1344
f 1067/3002/1064 1050/3003/1077 1061/3004/1277
f 1488/2686/1209 1475/2685/1140 1510/3005/1293
f 2830/2933/1313 2740/1712/797 2815/2876/1288
f 1501/2890/1292 1507/3006/1310 1493/2793/1104
f 1052/2495/1136 1611/3007/1345 1053/2496/1093
f 2965/2531/1151 2961/2530/970 2970/2806/1259
f 2451/2925/1216 2456/3008/1281 2457/2896/1296
f 824/2687/1217 819/1573/737 827/2990/1338
f 1061/2847/1277 1616/2846/1276 1068/3009/1346
f 826/2914/1304 828/3010/1347 821/2102/863
f 1355/3011/1145 1350/2891/1045 1352/2893/1270
f 2460/3012/1348 1261/2929/1248 2457/2896/1296
f 1614/2681/1141 1613/2680/1120 1626/3013/1349
f 2731/2653/679 2747/1801/843 2799/2924/1309
f 2792/2944/1318 2806/3014/1350 2787/2754/1235
f 1912/3015/1197 1496/3016/1265 1512/3017/1351
f 1067/3018/1352 1068/3019/1352 1064/3020/1352
f 1475/2685/1140 1511/3021/1200 1510/3005/1293
f 1623/2767/1242 1618/2766/1241 1625/3022/1353
f 1504/2978/1333 1503/3023/1268 1525/2976/1331
f 2461/3024/1354 2800/3025/1354 2469/3026/1354
f 2454/2895/1295 2460/3012/1348 2457/2896/1296
f 1614/2508/1141 1524/3027/1355 1623/2547/1158
f 1068/3028/1346 1067/3002/1064 1061/3004/1277
f 1260/3029/1266 836/3030/1356 1258/3031/1198
f 1512/3032/1351 1496/2824/1265 1480/2614/1191
f 2054/2080/947 2110/2834/1271 2052/3033/1357
f 1498/3034/1215 1507/3035/1310 1522/3036/1358
f 2781/2518/1142 2789/2856/1257 2794/3037/1359
f 2449/2807/1181 2450/2848/1278 1261/2820/1248
f 2953/2750/1233 2927/1409/656 2270/3038/1360
f 1616/2997/1276 1070/2996/1334 1068/3039/1346
f 2461/3040/1361 2447/3041/1361 2800/3042/1361
f 2788/2756/1236 2801/3043/1362 2792/2944/1318
f 1050/2445/1077 1085/2971/1328 1061/3044/1277
f 1061/3044/1277 1069/3045/1363 1618/3046/1241
f 2780/2503/1139 2794/3047/1359 2447/2502/1138
f 1060/3048/1189 1074/3049/1228 1073/3050/1364
f 1360/2761/1238 1513/3051/1365 1485/2654/1208
f 1625/3052/1353 1052/2796/1254 1623/2795/1242
f 1070/3053/1334 1071/3054/1204 1068/3055/1346
f 1513/3056/1365 1371/2915/1305 1485/2725/1208
f 1041/2864/898 1139/3057/1076 1054/2732/1172
f 1514/3058/1366 1515/3059/1067 1621/3060/1264
f 2747/1801/843 2779/2491/1133 2799/2924/1309
f 2807/3061/1367 2792/3062/1367 2801/3063/1367
f 2974/2985/1336 2963/2590/871 2972/2877/1289
f 1507/3035/1310 1515/3059/1067 1514/3058/1366
f 2795/3064/1368 2829/3065/1101 2758/3066/963
f 2277/3067/1369 2795/3064/1368 2758/3066/963
f 1072/3068/1370 1073/3069/1370 1074/3070/1370
f 1626/3071/1349 1613/2462/1120 1611/2563/1165
f 1506/2889/1127 1476/3072/1149 1516/3073/1371
f 1506/2889/1127 1516/3073/1371 1502/2887/1372
f 1356/3074/1373 1263/3075/1373 1357/3076/1373
f 1517/3077/1374 1520/3078/1375 1480/3079/1332
f 1522/3080/1358 1501/2885/1292 1498/2839/1215
f 2950/2798/1056 2106/2797/1255 2109/3081/1376
f 1071/3054/1204 1064/3082/1306 1068/3055/1346
f 2796/3083/1299 2797/3084/1283 2773/3085/1088
f 1353/2499/1137 1518/3086/1377 1472/2497/1117
f 2798/3087/1095 2799/3088/1309 2797/3084/1283
f 2788/3089/1236 2782/3090/1148 2796/3091/1299
f 1140/3092/1378 1063/2674/1214 832/2970/1327
f 845/3093/1379 1252/2784/1015 1054/2573/1172
f 2927/1409/656 2814/2407/1094 2270/3038/1360
f 1522/3036/1358 1507/3035/1310 1514/3058/1366
f 1519/3094/1300 1525/2976/1331 1503/3023/1268
f 2976/3095/1316 2946/2986/994 2974/2985/1336
f 2983/3096/1380 2965/2531/1151 2970/2806/1259
f 1614/2681/1141 1626/3013/1349 1524/3097/1355
f 1514/3098/1366 1621/3099/1264 1620/3100/1342
f 1076/3101/1381 1078/3102/1382 1075/3103/1383
f 1362/3104/1384 1356/3105/1385 1357/3106/1386
f 820/1639/767 823/2596/1182 829/3107/1387
f 1358/3108/1388 1465/3109/1388 1478/3110/1388
f 2460/3012/1348 2475/3111/1389 1261/2929/1248
f 2796/3083/1299 2773/3085/1088 2803/3112/1083
f 2794/3047/1359 2780/2503/1139 2781/2511/1142
f 1069/3045/1363 1061/3044/1277 1085/2971/1328
f 1480/3113/1390 1520/3114/1390 1512/3115/1390
f 1256/2560/1163 1259/2913/1303 841/2938/1302
f 2447/3116/1391 2794/3117/1391 2800/3118/1391
f 1076/3119/1381 1075/3120/1383 1085/3121/1392
f 1072/2771/1244 1062/2850/1279 1096/3122/1393
f 2799/3088/1309 2773/3085/1088 2797/3084/1283
f 1062/2850/1279 1063/2905/1214 1077/3123/1394
f 2046/2553/1160 2051/2552/985 2053/3124/1395
f 2468/3125/1396 2454/3126/1295 2455/2966/1297
f 1916/3127/1397 1915/3128/1397 1481/3129/1397
f 1084/3130/1398 1056/2668/1212 1060/2609/1189
f 1480/3079/1332 1525/3131/1331 1517/3077/1374
f 1514/3098/1366 1620/3100/1342 1522/3132/1358
f 1052/2495/1136 1081/3133/1399 1611/3007/1345
f 2046/2553/1160 2053/3124/1395 2049/2689/1219
f 2799/2924/1309 2779/2491/1133 2773/2392/1088
f 2971/3134/1285 2973/2954/1322 2934/2956/668
f 1479/3135/1400 1359/3136/1400 1521/3137/1400
f 2953/3138/1233 2758/2055/963 2948/1743/604
f 2801/3139/1362 2788/3089/1236 2796/3091/1299
f 1359/3140/1401 1360/3141/1401 1521/3142/1401
f 1069/3143/1363 1625/3022/1353 1618/2766/1241
f 1352/2833/1270 1358/3144/1402 1478/2831/1269
f 1507/3006/1310 1501/2890/1292 1528/3145/1403
f 2052/3146/1357 2058/3147/1273 2054/3148/947
f 1052/2495/1136 1090/3149/1404 1081/3133/1399
f 1263/3150/1405 1366/3151/1406 1357/3152/1386
f 1528/3153/1403 1501/2885/1292 1522/3080/1358
f 844/3154/1407 1258/3031/1198 836/3030/1356
f 2802/3155/1408 2796/3156/1299 2803/3157/1083
f 2748/1814/850 2830/2933/1313 2688/2937/1315
f 1078/3158/1382 1110/3159/1409 1075/3160/1383
f 1550/1999/931 1490/3161/1249 2036/2000/932
f 1927/3162/1410 1525/3163/1411 1492/3164/1412
f 1078/3102/1382 1076/3101/1381 1062/3165/1413
f 1056/2668/1212 1084/3130/1398 1085/2984/1328
f 2804/3166/1414 2800/3167/1415 2794/3168/1359
f 1517/3169/1374 1512/3170/1351 1520/3171/1375
f 2830/3172/1313 2815/3173/1288 2805/3174/1416
f 2108/2991/1339 2049/2689/1219 2053/3124/1395
f 1090/3175/1417 1052/3176/1417 1625/3177/1417
f 2449/2593/1181 836/3178/1356 1260/2825/1266
f 1357/3106/1386 1361/3179/1418 1362/3104/1384
f 1139/2368/1076 1035/1922/790 1051/3180/1081
f 1516/3073/1371 1476/3072/1149 1510/3181/1293
f 1522/3182/1358 1620/2994/1342 1509/2993/1341
f 1096/3183/1419 1062/3184/1419 1076/3185/1419
f 1352/2893/1270 1465/2892/1019 1358/3186/1402
f 2107/2899/1068 2055/3187/1420 2106/2900/1255
f 2804/3166/1414 2688/3188/1315 2800/3167/1415
f 1611/3189/1421 1087/3190/1422 1264/3191/1423
f 1927/3162/1410 1918/3192/1424 1525/3163/1411
f 1544/3193/1425 1511/3194/1200 1499/3195/1171
f 1518/3086/1377 1538/3196/1426 1472/2497/1117
f 1627/3197/1427 1264/3198/1428 1629/3199/1429
f 1108/3200/1430 1107/3201/1431 1079/3202/1432
f 1078/3102/1382 1062/3165/1413 1104/3203/1433
f 2969/2727/1042 2975/3001/1344 2952/2710/1123
f 2977/3204/1434 2978/3205/1435 2950/2773/1056
f 2768/2326/996 2783/2651/1207 2806/3206/1350
f 1523/3207/1250 1507/3208/1310 1361/3209/1418
f 1107/3201/1431 1080/3210/1436 1079/3202/1432
f 1085/2971/1328 1089/3211/1437 1069/3045/1363
f 1089/3212/1438 1085/3121/1392 1075/3120/1383
f 1522/3213/1358 1509/2993/1341 1530/3214/1439
f 2787/2754/1235 2806/3014/1350 2783/2799/1207
f 1264/3215/1440 1628/3216/1440 1611/3217/1440
f 1546/3218/1441 1510/3005/1293 1511/3021/1200
f 2460/3219/1348 2454/3126/1295 2462/3220/1442
f 1075/3160/1383 1110/3159/1409 1082/3221/1443
f 1081/3222/1444 1086/3223/1444 1611/3224/1444
f 2807/3225/1445 2801/3226/1446 2246/3227/1447
f 1089/3228/1448 1085/2984/1328 1084/3130/1398
f 1075/3120/1383 1082/3229/1443 1089/3212/1438
f 1472/2497/1117 1538/3196/1426 1500/2882/1291
f 1362/3230/1384 1364/3231/1449 1356/3232/1385
f 1489/2692/1195 1523/3233/1250 1361/3234/1418
f 2950/2773/1056 2978/3205/1435 2967/2657/1210
f 1079/3235/1432 1097/3236/1450 1083/3237/1451
f 2803/3238/1083 2688/3188/1315 2804/3166/1414
f 1084/3239/1398 1060/3048/1189 1073/3050/1364
f 2829/3065/1101 2795/3064/1368 2815/3240/1288
f 1089/3212/1438 1076/3241/1381 1085/3242/1392
f 1611/2563/1165 1268/3243/1452 1626/3071/1349
f 1517/3169/1374 1913/3244/1453 1512/3170/1351
f 1088/3245/1454 1265/3246/1455 1082/3247/1443
f 1083/3237/1451 1108/3248/1430 1079/3235/1432
f 1629/3249/1456 1264/3250/1456 1630/3251/1456
f 1072/3252/1457 1096/3253/1457 1095/3254/1457
f 2479/3255/1458 2464/3256/1325 2463/3257/1459
f 1086/3258/1460 1081/3259/1460 1090/3260/1460
f 1628/3261/1461 1268/3262/1461 1611/3263/1461
f 1611/3264/1421 1086/3265/1462 1087/3266/1422
f 1084/3130/1398 1086/3267/1463 1089/3228/1448
f 1265/3268/1464 1088/3269/1464 1270/3270/1464
f 837/3271/1465 1252/3272/1465 832/3273/1465
f 1532/3274/1466 1509/2993/1341 1524/3275/1467
f 1073/3276/1364 1072/3277/1468 1095/3278/1469
f 847/3279/1470 823/2851/1182 825/2698/1221
f 1364/3231/1449 1362/3230/1384 1363/3280/1471
f 2108/3281/1339 2053/3282/1395 2057/3283/1472
f 1252/3284/1015 830/3285/1473 832/3286/1327
f 1361/3209/1418 1507/3208/1310 1363/3287/1471
f 2479/3288/1458 2463/3289/1459 2472/3290/1474
f 1082/3247/1443 1110/3291/1409 1088/3245/1454
f 1509/2993/1341 1624/2992/1340 1524/3275/1467
f 2469/3292/1475 2800/3167/1415 2688/3188/1315
f 2479/3293/1476 2468/3294/1476 2464/3295/1476
f 1499/3195/1171 1500/3296/1291 1544/3193/1425
f 1479/3297/1186 1361/3298/1418 1359/3299/1477
f 1263/3300/1405 1356/3301/1385 1270/3302/1478
f 1509/2993/1341 1532/3274/1466 1530/3214/1439
f 2449/2593/1181 1261/3303/1248 836/3178/1356
f 2819/3304/1479 2812/3305/1480 2804/3306/1414
f 1629/3199/1429 1630/3307/1481 1631/3308/1482
f 836/3309/1483 1261/3310/1483 851/3311/1483
f 1362/3104/1384 1361/3179/1418 1363/3312/1471
f 1631/3308/1482 1627/3197/1427 1629/3199/1429
f 1489/2692/1195 1361/3234/1418 1479/2690/1186
f 1090/3313/1484 1069/3314/1484 1089/3315/1484
f 1095/3278/1469 1084/3316/1398 1073/3276/1364
f 1089/3228/1448 1086/3267/1463 1090/3317/1485
f 2056/3318/1486 2108/3319/1486 2057/3320/1486
f 2790/3321/1258 2813/3322/1272 2789/3323/1257
f 1525/3324/1487 1918/3325/1487 1526/3326/1487
f 1091/3327/1488 1078/3328/1382 1104/3329/1433
f 2792/3330/1489 2807/3331/1489 2246/3332/1489
f 1527/3333/1490 1528/3334/1403 1522/3335/1358
f 2809/3336/1491 2804/3166/1414 2794/3168/1359
f 1099/3337/1492 1096/3338/1492 1076/3339/1492
f 1119/3340/1493 1097/3341/1494 1092/3342/1495
f 1082/3343/1496 1265/3344/1496 1102/3345/1496
f 1525/3131/1331 1526/3346/1497 1517/3077/1374
f 2455/2966/1297 2464/2965/1325 2468/3125/1396
f 1119/3340/1493 1092/3342/1495 1104/3347/1433
f 2475/3348/1498 851/3349/1498 1261/3350/1498
f 1626/3351/1499 1532/3352/1499 1524/3353/1499
f 2952/2710/1123 2975/3001/1344 2962/2589/1179
f 1507/3354/1310 1528/3355/1403 1370/3356/1500
f 1628/3357/1501 1264/3358/1428 1627/3359/1427
f 1263/3300/1405 1270/3302/1478 1277/3360/1502
f 2479/3288/1458 2472/3290/1474 2474/3361/1503
f 1117/3362/1504 1264/3191/1423 1087/3190/1422
f 2051/2552/985 2058/3363/1273 2053/3124/1395
f 904/3364/1505 1088/3245/1454 1110/3291/1409
f 1625/3365/1506 1069/3366/1506 1090/3367/1506
f 1270/3368/1478 1102/3369/1507 1265/3370/1508
f 2454/3126/1295 2468/3125/1396 2462/3220/1442
f 1353/3371/1509 1354/3372/1509 1518/3373/1509
f 2758/3066/963 2953/3374/1233 2277/3067/1369
f 2808/3375/1510 2801/3139/1362 2796/3091/1299
f 1092/3342/1495 1091/3376/1488 1104/3347/1433
f 1365/3377/1511 1364/3378/1449 1363/3379/1471
f 1361/3380/1418 1357/3381/1386 1402/3382/1512
f 2056/3383/1513 2107/3384/1068 2108/3385/1339
f 1093/3386/1514 1264/3387/1514 1117/3388/1514
f 2954/3389/1515 2959/1534/501 2960/1533/718
f 2809/3390/1516 2819/3391/1516 2804/3392/1516
f 1076/3241/1381 1089/3212/1438 1094/3393/1517
f 2817/3394/1518 2794/3037/1359 2789/2856/1257
f 1095/3395/1519 1096/3396/1519 1099/3397/1519
f 1269/3398/1520 1626/3399/1349 1268/3400/1452
f 1517/3401/1521 1526/3402/1521 1529/3403/1521
f 2465/3404/1522 2479/3288/1458 2474/3361/1503
f 1530/3405/1523 1536/3406/1523 1522/3407/1523
f 1536/3408/1524 1527/3333/1490 1522/3335/1358
f 2688/2937/1315 2810/3409/1525 2469/3410/1475
f 1526/3411/1526 1918/3412/1526 1529/3413/1526
f 1531/3414/1527 1502/3415/1372 1516/3416/1371
f 1051/2822/1081 824/2687/1217 831/3417/1528
f 1111/3418/1529 845/3093/1379 1054/2573/1172
f 1368/3419/1530 1364/3420/1449 1365/3421/1511
f 2464/3422/1325 2466/3423/1531 2463/3424/1459
f 2476/3425/1532 2464/2965/1325 2461/2964/1287
f 2967/2657/1210 2978/3205/1435 2975/3001/1344
f 2969/2727/1042 2944/2658/868 2975/3001/1344
f 832/3286/1327 830/3285/1473 833/3426/1533
f 2796/3156/1299 2802/3155/1408 2808/3427/1510
f 1079/3428/1432 1092/3429/1495 1097/3430/1450
f 1626/3399/1349 1269/3398/1520 1532/3431/1466
f 1368/3432/1530 1267/3433/1534 1364/3434/1449
f 1376/3435/1535 1535/3436/1535 1500/3437/1535
f 1357/3381/1386 1366/3438/1406 1402/3382/1512
f 1098/3439/1536 1092/3429/1495 1079/3428/1432
f 1095/3278/1469 1099/3440/1537 1084/3316/1398
f 1092/3342/1495 1098/3441/1536 1091/3376/1488
f 1259/2913/1303 1258/2626/1198 844/3442/1407
f 2795/3064/1368 2811/3443/1538 2815/3240/1288
f 832/3444/1539 841/3445/1539 837/3446/1539
f 1080/3447/1436 1098/3439/1536 1079/3428/1432
f 1364/3448/1449 1266/3449/1540 1356/3450/1385
f 1094/3393/1517 1100/3451/1541 1076/3241/1381
f 2810/3409/1525 2470/3452/1542 2469/3410/1475
f 1540/3453/1543 1549/3454/1543 1533/3455/1543
f 2062/3456/1544 2053/3282/1395 2058/3457/1273
f 2472/3458/1474 2467/3459/1545 2474/3460/1503
f 1268/3461/1452 1628/3357/1501 1627/3359/1427
f 1097/3462/1546 1133/3463/1547 1092/3464/1548
f 1082/3229/1443 1094/3393/1517 1089/3212/1438
f 1078/3328/1382 1091/3327/1488 1123/3465/1549
f 1100/3466/1541 1087/3266/1422 1086/3265/1462
f 2803/3157/1083 2804/3467/1414 2812/3468/1480
f 2479/3469/1550 2471/3470/1551 2468/3471/1396
f 1913/3244/1453 1517/3169/1374 1534/3472/1552
f 1490/2787/1249 1481/2786/1193 1914/3473/1553
f 2971/2869/1285 2965/2641/1151 2979/3474/1554
f 1517/3475/1374 1529/3476/1555 1534/3477/1552
f 2977/3478/1434 2950/2798/1056 2109/3081/1376
f 2809/3479/1491 2794/3037/1359 2817/3394/1518
f 1119/3480/1493 1111/3481/1556 1097/3482/1494
f 1369/3483/1557 1367/3484/1557 1368/3485/1557
f 1376/3486/1558 1375/3487/1559 1535/3488/1560
f 1361/3489/1418 1402/3490/1512 1383/3491/1561
f 1086/3492/1562 1084/3493/1562 1100/3494/1562
f 2461/2964/1287 2469/3495/1475 2470/3496/1542
f 1271/3497/1563 1267/3498/1534 1268/3499/1452
f 1917/3500/1564 1918/3501/1564 1927/3502/1564
f 1546/3218/1441 1511/3021/1200 1544/3503/1425
f 2471/3504/1551 2462/3220/1442 2468/3125/1396
f 1100/3451/1541 1099/3505/1565 1076/3241/1381
f 1535/3506/1560 1544/3507/1425 1500/3508/1291
f 1490/3161/1249 2033/3509/1566 2036/2000/932
f 1099/3510/1567 1100/3511/1567 1084/3512/1567
f 1263/3150/1405 1277/3513/1502 1280/3514/1568
f 1091/3376/1488 1098/3441/1536 1123/3515/1549
f 1630/3516/1569 1264/3517/1569 1272/3518/1569
f 1512/3017/1351 1924/3519/1570 1912/3015/1197
f 1094/3520/1571 1082/3521/1571 1103/3522/1571
f 829/3107/1387 826/2914/1304 820/1639/767
f 1536/3523/1572 1530/3524/1572 1537/3525/1572
f 1627/3526/1427 1271/3497/1563 1268/3499/1452
f 1367/3527/1573 1267/3528/1534 1368/3529/1530
f 1376/3530/1574 1500/3531/1574 1538/3532/1574
f 847/3279/1470 829/3533/1387 823/2851/1182
f 825/2698/1221 837/2928/1311 847/3279/1470
f 1380/3534/1575 1528/3535/1575 1527/3536/1575
f 1101/3537/1576 904/3364/1505 1110/3291/1409
f 1267/3433/1534 1266/3538/1540 1364/3434/1449
f 2107/2899/1068 2059/3539/1577 2055/3187/1420
f 1377/3540/1578 1269/3541/1520 1268/3499/1452
f 1102/3542/1507 1113/3543/1579 1082/3544/1580
f 1367/3527/1573 1377/3545/1578 1267/3528/1534
f 1532/3546/1466 1379/3547/1581 1530/3548/1439
f 2813/3549/1272 2768/2326/996 2806/3206/1350
f 2466/3550/1582 2472/3551/1582 2463/3552/1582
f 2107/3384/1068 2056/3383/1513 2057/3283/1472
f 833/3553/1533 1140/3554/1378 832/3555/1327
f 2303/3556/1583 2270/3557/1583 2814/3558/1583
f 1528/3355/1403 1380/3559/1584 1370/3356/1500
f 2473/3560/1585 2465/3561/1522 2474/3562/1503
f 1113/3543/1579 1103/3563/1586 1082/3544/1580
f 1386/3564/1587 1513/3565/1365 1360/3566/1238
f 2106/2900/1255 2055/3187/1420 2109/3567/1376
f 1539/3568/1588 1529/3569/1555 1415/3570/1589
f 1367/3571/1573 1369/3572/1590 1393/3573/1591
f 2246/3227/1447 2801/3226/1446 2247/3574/1592
f 1363/3287/1471 1507/3208/1310 1365/3575/1511
f 2971/3134/1285 2979/3576/1554 2973/2954/1322
f 1386/3577/1587 1360/3578/1238 1412/3579/1593
f 1393/3573/1591 1369/3572/1590 1370/3580/1500
f 1077/3581/1394 1119/3582/1493 1104/3583/1433
f 1365/3584/1511 1507/3354/1310 1370/3356/1500
f 2818/3585/1594 2789/3323/1257 2813/3322/1272
f 1104/3586/1595 1062/3587/1595 1105/3588/1595
f 2033/3589/1566 1490/2787/1249 1914/3473/1553
f 1459/2001/933 2060/3590/1596 2110/3591/1271
f 1270/3592/1478 1356/3450/1385 1266/3449/1540
f 1377/3540/1578 1268/3499/1452 1267/3498/1534
f 1912/3015/1197 1924/3519/1570 1923/3593/1597
f 1540/3594/1598 1539/3595/1598 1549/3596/1598
f 1492/3597/1412 1502/3598/1372 1927/3599/1410
f 1063/2905/1214 1140/3600/1378 1112/3601/1599
f 1532/3431/1466 1269/3398/1520 1379/3602/1581
f 1512/3170/1351 1919/3603/1600 1924/3604/1570
f 2270/3605/1360 2277/3067/1369 2953/3374/1233
f 2817/3606/1518 2789/3323/1257 2818/3585/1594
f 1369/3607/1590 1365/3421/1511 1370/3608/1500
f 2816/3609/1601 2805/3174/1416 2815/3610/1288
f 827/2990/1338 821/1847/863 828/3611/1347
f 1918/3612/1602 1415/3570/1589 1529/3569/1555
f 915/3613/1603 1110/3614/1409 1106/3615/1604
f 1271/3616/1563 1627/3617/1427 1278/3618/1605
f 1545/3619/1606 1544/3507/1425 1535/3506/1560
f 1098/3620/1607 907/3621/1607 1123/3622/1607
f 1987/3623/1608 1915/3624/1609 1916/3625/993
f 1366/3438/1406 1403/3626/1610 1402/3382/1512
f 1371/3627/1305 1518/3628/1611 1354/3629/1612
f 1107/3630/1431 1108/3631/1430 1083/3632/1451
f 1101/3633/1613 907/3634/1614 1080/3635/1436
f 1927/3599/1410 1502/3598/1372 1531/3636/1527
f 1080/3635/1436 1107/3637/1431 1101/3633/1613
f 1098/3439/1536 1080/3447/1436 907/3638/1614
f 1918/3639/1615 1917/3640/1615 1913/3641/1615
f 1109/3642/1616 1110/3643/1409 1078/3644/1382
f 1105/3645/1617 1077/3581/1394 1104/3583/1433
f 1918/3646/1602 1913/3647/1453 1415/3648/1589
f 1269/3649/1618 1377/3650/1618 1379/3651/1618
f 1369/3607/1590 1368/3419/1530 1365/3421/1511
f 2811/3443/1538 2816/3652/1601 2815/3240/1288
f 1631/3653/1482 1630/3654/1481 1272/3655/1619
f 1542/3656/1620 1510/3005/1293 1546/3218/1441
f 1403/3657/1610 1366/3151/1406 1263/3150/1405
f 914/3658/1621 1083/3659/1451 1097/3660/1450
f 1367/3661/1573 1372/3662/1622 1377/3663/1578
f 1527/3664/1490 1536/3665/1524 1537/3666/1623
f 2688/2937/1315 2830/2933/1313 2831/3667/1624
f 1541/3668/1625 1545/3619/1606 1535/3506/1560
f 2462/3220/1442 2475/3669/1389 2460/3219/1348
f 1549/3670/1626 1537/3671/1626 1533/3672/1626
f 2792/3673/1627 2246/3674/1627 2250/3675/1627
f 1459/2001/933 2036/2000/932 2061/3676/1628
f 1513/3677/1365 1373/3678/1629 1371/3679/1305
f 1078/3328/1382 1123/3465/1549 1109/3680/1616
f 2820/3681/1630 2461/2964/1287 2470/3496/1542
f 1627/3682/1427 1631/3653/1482 1275/3683/1631
f 2809/3684/1632 2817/3685/1632 2819/3686/1632
f 1917/3687/1633 1512/3170/1351 1913/3244/1453
f 2247/3688/1634 2801/3689/1634 2248/3690/1634
f 1516/3073/1371 1510/3181/1293 1542/3691/1620
f 1372/3662/1622 1367/3661/1573 1393/3692/1591
f 1097/3693/1450 1133/3694/1635 914/3695/1621
f 1512/3170/1351 1917/3687/1633 1919/3603/1600
f 1529/3476/1555 1831/3696/1636 1534/3477/1552
f 1110/3614/1409 915/3613/1603 1101/3697/1576
f 2976/2939/1316 2980/3698/1637 2970/2806/1259
f 1402/3490/1512 1374/3699/1638 1383/3491/1561
f 1111/3700/1556 1133/3463/1639 1097/3462/1494
f 1077/3581/1394 1112/3701/1599 1119/3582/1493
f 1103/3702/1586 1113/3703/1579 1094/3704/1640
f 1119/3480/1493 845/3705/1641 1111/3481/1556
f 1915/3624/1609 1977/3706/1642 1481/2786/1193
f 2036/2000/932 2033/3509/1566 2061/3676/1628
f 1102/3369/1507 1270/3368/1478 1266/3707/1540
f 2062/3708/1544 2058/3147/1273 2052/3146/1357
f 1063/2905/1214 1112/3601/1599 1077/3123/1394
f 904/3364/1505 1101/3537/1576 915/3709/1603
f 1278/3618/1605 1627/3617/1427 1120/3710/1643
f 2476/3425/1532 2461/2964/1287 2820/3681/1630
f 1128/3711/1644 1083/3659/1451 914/3658/1621
f 1915/3624/1609 1987/3623/1608 1977/3706/1642
f 1270/3712/1645 1273/3713/1645 1277/3714/1645
f 2813/3549/1272 2806/3206/1350 2818/3715/1594
f 1109/3642/1616 1106/3716/1604 1110/3643/1409
f 1539/3717/1588 1540/3718/1646 1543/3719/1647
f 2831/3667/1624 2810/3409/1525 2688/2937/1315
f 2476/3720/1532 2466/3423/1531 2464/3422/1325
f 2467/3459/1545 2477/3721/1648 2474/3722/1503
f 2484/3723/1649 2462/3220/1442 2471/3504/1551
f 2066/3724/1650 2977/3478/1434 2109/3081/1376
f 1280/3514/1568 1286/3725/1651 1263/3150/1405
f 1537/3726/1652 1530/3548/1439 1379/3547/1581
f 2792/2944/1318 2291/3727/1653 2806/3014/1350
f 2817/3728/1654 2818/3729/1654 2819/3730/1654
f 1360/3731/1655 1359/3732/1655 1412/3733/1655
f 1403/3657/1610 1263/3150/1405 1286/3725/1651
f 1094/3704/1640 1113/3703/1579 1278/3734/1605
f 2981/3735/1656 2982/3736/1657 2962/2589/1179
f 2074/3737/1658 2055/3187/1420 2059/3539/1577
f 2481/3738/1659 2471/3470/1551 2479/3469/1550
f 1546/3739/1660 1544/3740/1660 1547/3741/1660
f 1077/3123/1394 1105/3742/1617 1062/2850/1279
f 1100/3743/1541 1114/3744/1661 1087/3745/1422
f 1542/3746/1662 1385/3747/1662 1516/3748/1662
f 2467/3459/1545 2472/3458/1474 2466/3749/1531
f 2467/3459/1545 2466/3749/1531 2478/3750/1663
f 1540/3751/1646 1533/3752/1664 1537/3753/1665
f 841/3754/1302 833/3755/1533 837/3756/1311
f 1083/3632/1451 1115/3757/1666 1107/3630/1431
f 1546/3758/1441 1400/3759/1667 1542/3760/1620
f 1375/3761/1559 1376/3762/1558 1538/3763/1426
f 1537/3764/1668 1549/3765/1668 1380/3766/1668
f 1544/3767/1425 1545/3768/1606 1920/3769/1669
f 847/3279/1470 834/3770/1670 829/3533/1387
f 1131/3771/1671 1116/3772/1672 1117/3773/1504
f 1107/3774/1673 1118/3775/1673 1101/3776/1673
f 1377/3777/1578 1378/3778/1674 1379/3779/1581
f 2059/3780/1577 2107/3384/1068 2057/3283/1472
f 2806/3206/1350 2819/3781/1479 2818/3715/1594
f 1270/3782/1675 1274/3783/1676 1273/3784/1677
f 1957/3785/1678 1916/3625/993 1912/3015/1197
f 1919/3786/1679 1922/3787/1679 1924/3788/1679
f 1380/3789/1680 1527/3664/1490 1537/3666/1623
f 2247/3790/1592 2248/3791/1681 2262/3792/1682
f 915/3793/1603 1106/3794/1604 903/3795/1683
f 845/3796/1379 830/3285/1473 1252/3797/1015
f 2473/3560/1585 2474/3722/1503 2477/3721/1648
f 1113/3798/1579 1102/3799/1507 1282/3800/1684
f 847/3279/1470 837/2928/1311 835/3801/1685
f 2057/3283/1472 2053/3282/1395 2063/3802/1686
f 2808/3803/1687 2248/3804/1687 2801/3805/1687
f 1281/3806/1688 1271/3807/1563 1278/3808/1605
f 1282/3809/1684 1278/3810/1605 1113/3811/1579
f 1547/3812/1689 1928/3813/1690 1546/3814/1441
f 827/2990/1338 831/3417/1528 824/2687/1217
f 1372/3662/1622 1393/3692/1591 1381/3815/1691
f 849/3816/1692 844/3817/1692 836/3818/1692
f 830/3285/1473 835/3819/1685 833/3426/1533
f 1548/3820/1693 1380/3821/1693 1549/3822/1693
f 2975/3001/1344 2981/3735/1656 2962/2589/1179
f 2473/3560/1585 2477/3721/1648 2512/3823/1694
f 2470/3452/1542 2810/3409/1525 2820/3824/1630
f 1120/3825/1695 1627/3826/1695 1275/3827/1695
f 1537/3828/1652 1379/3829/1581 1387/3830/1696
f 2465/3831/1697 2480/3832/1697 2479/3833/1697
f 835/3819/1685 837/3834/1311 833/3426/1533
f 1539/3835/1588 1831/3836/1636 1529/3837/1555
f 1544/3767/1425 1920/3769/1669 1547/3838/1689
f 2079/3839/1698 2057/3283/1472 2063/3802/1686
f 2477/3721/1648 2467/3459/1545 2478/3750/1663
f 910/3840/1699 1106/3794/1604 1109/3841/1616
f 1377/3842/1578 1372/3843/1622 1378/3844/1674
f 1274/3845/1676 1270/3846/1675 1088/3847/1454
f 1547/3848/1689 1920/3849/1669 1921/3850/1700
f 1271/3807/1563 1281/3806/1688 1267/3851/1534
f 1282/3809/1684 1281/3852/1688 1278/3810/1605
f 1370/3853/1701 1399/3854/1701 1393/3855/1701
f 1922/3856/1702 1923/3857/1597 1924/3858/1570
f 2476/3425/1532 2820/3681/1630 2825/3859/1703
f 1831/3836/1636 1539/3835/1588 1543/3860/1647
f 1386/3564/1587 1384/3861/1704 1513/3565/1365
f 1087/3745/1422 1114/3744/1661 1117/3862/1504
f 2079/3839/1698 2059/3780/1577 2057/3283/1472
f 1513/3677/1365 1384/3863/1704 1373/3678/1629
f 1927/3864/1705 1931/3865/1706 1917/3866/1707
f 1101/3633/1613 1118/3867/1708 907/3634/1614
f 915/3868/1709 931/3869/1709 904/3870/1709
f 1380/3559/1584 1399/3871/1710 1370/3356/1500
f 1913/3244/1453 1534/3472/1552 1925/3872/1711
f 1373/3873/1629 1518/3628/1611 1371/3627/1305
f 2830/3172/1313 2805/3174/1416 2831/3874/1624
f 1088/3875/1454 904/3876/1505 931/3877/1712
f 1112/3878/1713 846/3879/1713 1119/3880/1713
f 1415/3648/1589 1913/3647/1453 1925/3881/1711
f 1119/3882/1714 846/3883/1714 845/3884/1714
f 1266/3885/1540 1276/3886/1715 1102/3799/1507
f 1140/3600/1378 846/3887/1716 1112/3601/1599
f 1100/3451/1541 1094/3393/1517 1125/3888/1717
f 910/3840/1699 903/3795/1683 1106/3794/1604
f 1382/3889/1718 1390/3890/1719 1395/3891/1720
f 1410/3892/1721 1538/3893/1426 1518/3894/1377
f 1534/3895/1552 1831/3896/1636 1415/3897/1589
f 2260/3898/1722 2808/3899/1722 2802/3900/1722
f 1518/3894/1377 1389/3901/1723 1410/3892/1721
f 1374/3902/1638 1401/3903/1724 1383/3904/1561
f 1547/3812/1689 1921/3905/1700 1928/3813/1690
f 1917/3866/1707 1931/3865/1706 1926/3906/1725
f 1542/3907/1726 1384/3908/1726 1385/3909/1726
f 1274/3845/1676 1088/3847/1454 1292/3910/1727
f 2979/3474/1554 2965/2641/1151 2983/3911/1380
f 1379/3779/1581 1378/3778/1674 1396/3912/1728
f 1957/3785/1678 1987/3623/1608 1916/3625/993
f 1384/3863/1704 1542/3760/1620 1400/3759/1667
f 1384/3913/1729 1386/3914/1729 1385/3915/1729
f 1415/3897/1589 1831/3896/1636 1832/3916/1730
f 1546/3814/1441 1928/3813/1690 1930/3917/1731
f 1272/3655/1619 1275/3683/1631 1631/3653/1482
f 2982/3736/1657 2972/2877/1289 2962/2589/1179
f 1919/3918/1732 1917/3919/1732 1922/3920/1732
f 1395/3891/1720 1394/3921/1733 1382/3889/1718
f 1380/3922/1734 1548/3923/1735 1411/3924/1736
f 2802/3155/1408 2803/3157/1083 2812/3468/1480
f 2484/3723/1649 2513/3925/1737 2462/3220/1442
f 833/3755/1533 841/3754/1302 838/3926/1738
f 2254/3927/1739 2249/3928/1740 2258/3929/1741
f 1378/3844/1674 1372/3843/1622 1768/3930/1742
f 2792/3931/1318 2250/3932/1743 2251/3933/1744
f 1375/3761/1559 1538/3763/1426 1410/3934/1721
f 1537/3935/1745 1387/3936/1745 1388/3937/1745
f 1277/3938/1746 1273/3939/1746 1280/3940/1746
f 1518/3941/1747 1373/3942/1747 1389/3943/1747
f 2252/3944/1748 2247/3574/1592 2262/3945/1682
f 903/3795/1683 905/3946/1749 915/3793/1603
f 1380/3559/1584 1398/3947/1750 1399/3871/1710
f 1415/3948/1589 1925/3872/1711 1534/3472/1552
f 1535/3488/1560 1375/3487/1559 1939/3949/1751
f 2252/3944/1748 2262/3945/1682 2253/3950/1752
f 2252/3944/1748 2246/3227/1447 2247/3574/1592
f 1531/3414/1527 1516/3416/1371 1414/3951/1753
f 2249/3928/1740 2259/3952/1754 2258/3929/1741
f 2476/3720/1532 2482/3953/1755 2466/3423/1531
f 1379/3829/1581 1396/3954/1728 1387/3830/1696
f 1266/3955/1756 1267/3956/1756 1279/3957/1756
f 2259/3952/1754 2249/3928/1740 2295/3958/1757
f 2513/3925/1737 2475/3669/1389 2462/3220/1442
f 1540/3751/1646 1537/3753/1665 1420/3959/1758
f 2473/3560/1585 2480/3960/1759 2465/3561/1522
f 1114/3744/1661 1131/3961/1671 1117/3862/1504
f 1278/3962/1760 909/3963/1760 1094/3964/1760
f 1412/3965/1761 1359/3299/1477 1361/3298/1418
f 1390/3966/1719 1405/3967/1762 1395/3968/1720
f 1923/3857/1597 1922/3856/1702 1935/3969/1763
f 1539/3568/1588 1548/3970/1735 1549/3971/1764
f 1400/3759/1667 1373/3678/1629 1384/3863/1704
f 1917/3972/1707 1926/3973/1725 1922/3856/1702
f 1531/3414/1527 1414/3951/1753 1927/3974/1410
f 1111/3975/1765 845/3976/1765 839/3977/1765
f 1361/3978/1418 1383/3979/1561 1391/3980/1766
f 1927/3981/1767 1414/3982/1767 1931/3983/1767
f 1400/3984/1667 1546/3985/1441 1930/3986/1731
f 1372/3662/1622 1381/3815/1691 1409/3987/1768
f 2060/3590/1596 1459/2001/933 2061/3676/1628
f 827/2990/1338 102/3988/1769 831/3417/1528
f 1516/3989/1770 1385/3990/1770 1414/3991/1770
f 2254/3992/1739 2258/3993/1741 2263/3994/1771
f 1374/3902/1638 1392/3995/1772 1401/3903/1724
f 1928/3996/1773 1921/3997/1773 1929/3998/1773
f 2479/3999/1774 2480/4000/1774 2481/4001/1774
f 2078/4002/1775 2074/4003/1658 2059/4004/1577
f 2110/2834/1271 2070/4005/1776 2052/3033/1357
f 1120/4006/1777 1275/4007/1777 1294/4008/1777
f 1941/4009/1778 1545/4010/1606 1541/4011/1625
f 839/4012/1779 1121/4013/1780 1111/3700/1556
f 2063/3802/1686 2053/3282/1395 2064/4014/1781
f 2251/3933/1744 2250/3932/1743 2255/4015/1782
f 1111/3418/1529 1054/2573/1172 1122/4016/1783
f 827/2990/1338 840/4017/1784 102/3988/1769
f 1133/3463/1639 1111/3700/1556 1121/4013/1780
f 916/4018/1785 1278/4019/1605 1120/4020/1643
f 1279/4021/1786 1276/4022/1715 1266/4023/1540
f 1928/4024/1690 1929/4025/1787 1930/4026/1731
f 1386/3577/1587 1412/3579/1593 1385/4027/1788
f 2802/3155/1408 2812/3468/1480 2285/4028/1789
f 1411/4029/1790 1398/4030/1790 1380/4031/1790
f 2055/3187/1420 2065/4032/1791 2109/3567/1376
f 1415/3570/1589 1548/3970/1735 1539/3568/1588
f 1118/4033/1708 906/4034/1792 907/4035/1614
f 2481/3738/1659 2484/4036/1649 2471/3470/1551
f 841/4037/1302 1259/4038/1303 838/4039/1738
f 1392/4040/1793 1391/4041/1793 1383/4042/1793
f 1389/4043/1723 1373/4044/1629 1410/4045/1721
f 909/4046/1794 1278/4047/1794 916/4048/1794
f 1276/3886/1715 1282/3800/1684 1102/3799/1507
f 2480/3960/1759 2473/3560/1585 2491/4049/1795
f 1382/4050/1718 1435/4051/1796 1390/4052/1719
f 1393/4053/1797 1399/4054/1797 1381/4055/1797
f 1109/4056/1798 1123/4057/1798 1135/4058/1798
f 835/3801/1685 842/4059/1799 847/3279/1470
f 910/4060/1800 905/4061/1800 903/4062/1800
f 2256/4063/1801 2273/4064/1801 2268/4065/1801
f 2273/4066/1802 2256/4067/1802 2264/4068/1802
f 2295/3958/1757 2257/4069/1803 2259/3952/1754
f 838/4039/1738 1259/4038/1303 843/4070/1804
f 1388/4071/1805 1420/4072/1805 1537/4073/1805
f 2257/4074/1803 2258/4075/1741 2259/4076/1754
f 1394/4077/1806 1395/4078/1806 1429/4079/1806
f 1123/4080/1807 907/4081/1807 1124/4082/1807
f 1378/4083/1674 1768/4084/1742 1396/4085/1728
f 1394/4086/1733 1397/4087/1808 1382/4088/1718
f 1259/4038/1303 844/4089/1407 843/4070/1804
f 2476/3425/1532 2825/3859/1703 2482/4090/1755
f 1385/4091/1809 1412/4092/1809 1414/4093/1809
f 2275/4094/1810 2792/4095/1318 2251/3933/1744
f 2109/3567/1376 2065/4032/1791 2066/4096/1650
f 1398/4097/1750 1407/4098/1811 1399/4099/1710
f 1410/4045/1721 1373/4044/1629 1400/4100/1667
f 2255/4015/1782 2250/3932/1743 2252/3944/1748
f 1390/4052/1719 1435/4051/1796 1406/4101/1812
f 1088/3875/1454 932/4102/1813 1292/4103/1727
f 1281/3806/1688 1279/4104/1814 1267/3851/1534
f 1135/4105/1815 1123/4106/1815 1124/4107/1815
f 1412/3965/1761 1361/3298/1418 1391/4108/1766
f 1401/4109/1816 1392/4110/1816 1383/4111/1816
f 1912/3015/1197 1923/3593/1597 1957/3785/1678
f 2483/4112/1817 2477/3721/1648 2478/3750/1663
f 2252/3944/1748 2250/3932/1743 2246/3227/1447
f 2260/4113/1818 2248/4114/1681 2808/4115/1819
f 2792/2944/1318 2821/4116/1820 2291/3727/1653
f 2267/4117/1821 2254/3992/1739 2263/3994/1771
f 2079/4118/1698 2078/4002/1775 2059/4004/1577
f 2977/3478/1434 2066/3724/1650 2085/4119/1822
f 851/4120/1823 849/4121/1823 836/4122/1823
f 1402/4123/1512 1403/4124/1610 1374/4125/1638
f 1100/4126/1541 1125/4127/1717 1130/4128/1824
f 1135/4129/1825 1134/4130/1826 1129/4131/1827
f 1115/3757/1666 1126/4132/1828 1107/3630/1431
f 1540/3718/1646 1420/4133/1758 1543/3719/1647
f 1407/4098/1811 1425/4134/1829 1399/4099/1710
f 1390/3966/1719 1434/4135/1830 1405/3967/1762
f 1405/3967/1762 1446/4136/1831 1395/3968/1720
f 1831/3896/1636 1543/4137/1647 1832/3916/1730
f 2263/4138/1771 2258/4075/1741 2261/4139/1832
f 1407/4140/1833 1398/4141/1833 1411/4142/1833
f 1100/4126/1541 1130/4128/1824 1114/4143/1661
f 2248/4114/1681 2260/4113/1818 2262/4144/1682
f 2253/3950/1752 2255/4015/1782 2252/3944/1748
f 2481/4145/1659 2495/4146/1834 2484/4147/1649
f 908/4148/1835 1124/4149/1836 907/4150/1614
f 907/4151/1614 906/4152/1792 908/4153/1835
f 1956/4154/1837 1930/4026/1731 1929/4025/1787
f 846/4155/1716 1140/3554/1378 833/3553/1533
f 930/4156/1838 1121/4013/1780 839/4012/1779
f 1276/3886/1715 1283/4157/1839 1282/3800/1684
f 1288/4158/1840 1280/4159/1568 1273/4160/1677
f 1302/4161/1841 1399/4099/1710 1425/4134/1829
f 931/3877/1712 932/4102/1813 1088/3875/1454
f 845/4162/1842 846/4163/1842 839/4164/1842
f 847/4165/1843 842/4166/1843 834/4167/1843
f 2291/3727/1653 2819/4168/1479 2806/3014/1350
f 1292/3910/1727 1285/4169/1844 1274/3845/1676
f 1411/4170/1845 1404/4171/1846 1407/4172/1811
f 1926/3973/1725 1834/4173/1847 1922/3856/1702
f 2512/3823/1694 2491/4049/1795 2473/3560/1585
f 1930/4026/1731 1956/4154/1837 1835/4174/1848
f 1136/4175/1849 1125/4176/1717 1094/4177/1517
f 909/4178/1850 1136/4179/1850 1094/4180/1850
f 1281/4181/1851 1282/4182/1851 1283/4183/1851
f 1420/4184/1852 1388/4185/1852 1387/4186/1852
f 1423/4187/1853 1405/4188/1762 1434/4189/1830
f 1446/4136/1831 1429/4190/1854 1395/3968/1720
f 910/4191/1699 1109/4192/1616 911/4193/1855
f 1286/3725/1651 1280/3514/1568 1284/4194/1856
f 2983/3096/1380 2970/2806/1259 2980/3698/1637
f 914/3695/1621 1133/3694/1635 1127/4195/1857
f 2466/3423/1531 2482/3953/1755 2485/4196/1858
f 1111/4197/1529 1122/4198/1783 845/3796/1379
f 1406/4199/1812 1434/4135/1830 1390/3966/1719
f 1414/4200/1859 1926/4201/1859 1931/4202/1859
f 1425/4203/1829 1407/4204/1811 1408/4205/1860
f 1293/4206/1861 916/4018/1785 1120/4020/1643
f 1409/4207/1768 1425/4208/1829 1372/3843/1622
f 827/2990/1338 901/4209/1862 840/4017/1784
f 2256/4210/1863 2263/4211/1771 2264/4212/1864
f 1274/4213/1865 1285/4214/1865 1288/4215/1865
f 1408/4205/1860 1407/4204/1811 1764/4216/1866
f 2481/4145/1659 2480/4217/1759 2495/4146/1834
f 1764/4218/1866 1407/4172/1811 1404/4171/1846
f 914/4219/1867 919/4220/1867 1128/4221/1867
f 1281/3806/1688 1290/4222/1868 1279/4104/1814
f 856/4223/1869 1139/4224/1076 1051/4225/1081
f 2295/3958/1757 2265/4226/1870 2257/4069/1803
f 1439/4227/1871 1410/4228/1721 1400/4229/1667
f 1435/4230/1796 1382/4088/1718 1444/4231/1872
f 1418/4232/1873 1411/4233/1873 1414/4234/1873
f 1541/4011/1625 1947/4235/1874 1941/4009/1778
f 2492/4236/1875 2478/4237/1663 2487/4238/1876
f 1391/4239/1877 1392/4240/1878 1381/4241/1691
f 1284/4242/1856 1280/4159/1568 1288/4158/1840
f 1274/3783/1676 1288/4243/1840 1273/3784/1677
f 1935/3969/1763 1932/4244/1879 1923/3857/1597
f 1418/4245/1880 1412/4246/1761 1391/4247/1766
f 1109/4248/1616 1135/4249/1825 929/4250/1881
f 1423/4187/1853 1422/4251/1882 1405/4188/1762
f 1413/4252/1883 1416/4253/1884 1410/4254/1721
f 2483/4112/1817 2512/3823/1694 2477/3721/1648
f 1391/4247/1766 1399/4255/1710 1418/4245/1880
f 2973/2954/1322 2979/3576/1554 2984/4256/1885
f 1117/3773/1504 1116/3772/1672 1264/4257/1886
f 2033/3589/1566 1914/3473/1553 1976/4258/1887
f 1281/4259/1888 1283/4260/1888 1290/4261/1888
f 2257/4074/1803 2278/4262/1889 2258/4075/1741
f 2820/3824/1630 2810/3409/1525 2822/4263/1890
f 1418/4245/1880 1414/4264/1891 1412/4246/1761
f 2263/4211/1771 2286/4265/1892 2264/4212/1864
f 2062/3456/1544 2064/4014/1781 2053/3282/1395
f 1411/3924/1736 1548/3923/1735 1415/4266/1589
f 1374/4125/1638 1403/4124/1610 1287/4267/1893
f 1109/4268/1616 929/4269/1881 909/4270/1894
f 1399/4271/1895 1391/4272/1895 1381/4273/1895
f 1129/4274/1896 1134/4275/1896 918/4276/1896
f 1264/4277/1886 1116/4278/1672 1272/4279/1897
f 1375/4280/1559 1410/4281/1721 1416/4282/1884
f 2052/3146/1357 2067/4283/1898 2062/3708/1544
f 1287/4284/1899 1403/4285/1899 1286/4286/1899
f 2278/4262/1889 2266/4287/1900 2258/4075/1741
f 1302/4288/1841 1433/4289/1901 1399/4290/1710
f 1835/4291/1902 1933/4292/1902 1934/4293/1902
f 1414/4294/1903 1415/4295/1903 1926/4296/1903
f 1136/4175/1849 1130/4297/1824 1125/4176/1717
f 2819/3304/1479 2285/4298/1789 2812/3305/1480
f 1933/4299/1904 1835/4300/1904 1956/4301/1904
f 1433/4289/1901 1417/4302/1905 1399/4290/1710
f 1832/4303/1730 1543/4304/1647 1420/4305/1758
f 2985/4306/1906 2972/2877/1289 2982/3736/1657
f 1374/3902/1638 1287/4307/1893 1392/3995/1772
f 1405/4308/1762 1422/4309/1882 1428/4310/1907
f 917/4311/1908 1136/4312/1908 909/4313/1908
f 2485/4314/1858 2478/3750/1663 2466/3749/1531
f 1128/4315/1644 1115/3757/1666 1083/3632/1451
f 856/4316/1869 1051/2822/1081 831/3417/1528
f 1396/4085/1728 1768/4084/1742 1289/4317/1909
f 1833/4318/1910 1404/4319/1910 1411/4320/1910
f 1411/4321/1911 1418/4322/1911 1833/4323/1911
f 901/4209/1862 827/2990/1338 828/3611/1347
f 2062/3456/1544 2067/4324/1898 2068/4325/1912
f 1414/4326/1913 1411/4327/1913 1415/4328/1913
f 1114/4143/1661 1130/4128/1824 1131/4329/1671
f 1399/4290/1710 1417/4302/1905 1418/4330/1880
f 1381/3815/1691 1347/4331/1914 1409/3987/1768
f 909/4332/1894 1022/4333/1915 1109/4192/1616
f 1930/3986/1731 1419/4334/1916 1400/3984/1667
f 2258/4075/1741 2266/4287/1900 2261/4139/1832
f 2249/4335/1740 2254/4336/1739 2295/4337/1757
f 2267/4338/1821 2293/4339/1917 2254/4336/1739
f 1935/3969/1763 1922/3856/1702 1834/4173/1847
f 851/4340/1918 848/4341/1919 849/4342/1920
f 1275/3683/1631 1766/4343/1921 1294/4344/1922
f 1420/4345/1923 1387/4346/1923 1764/4347/1923
f 1421/4348/1924 1422/4349/1882 1423/4350/1853
f 1022/4333/1915 909/4332/1894 916/4351/1925
f 844/4089/1407 849/4352/1920 843/4070/1804
f 2291/4353/1653 2285/4298/1789 2819/3304/1479
f 905/4354/1749 910/4355/1699 911/4356/1855
f 1129/4131/1827 934/4357/1926 1135/4129/1825
f 2263/4358/1771 2256/4359/1863 2268/4360/1927
f 1128/4361/1644 912/4362/1928 1126/4363/1828
f 1116/3772/1672 1131/3771/1671 1132/4364/1929
f 2986/4365/1930 2978/3205/1435 2977/3204/1434
f 905/4354/1749 928/4366/1931 915/4367/1603
f 1121/4368/1932 946/4369/1932 1133/4370/1932
f 1768/3930/1742 1372/3843/1622 1425/4208/1829
f 1288/4371/1840 1287/4372/1933 1286/4373/1651
f 1054/2732/1172 1139/3057/1076 1122/4374/1783
f 1309/4375/1934 1392/4376/1772 1287/4377/1893
f 1408/4378/1860 1424/4379/1935 1425/4380/1829
f 1300/4381/1936 1276/4022/1715 1279/4021/1786
f 2273/4382/1937 2264/4383/1864 2331/4384/1938
f 1115/4385/1666 1128/4361/1644 1126/4363/1828
f 1766/4343/1921 1275/3683/1631 1272/3655/1619
f 1446/4386/1831 1405/4308/1762 1428/4310/1907
f 1923/4387/1939 1932/4388/1939 1938/4389/1939
f 851/4390/1918 2475/3669/1389 2513/3925/1737
f 1764/4391/1866 1832/4303/1730 1420/4305/1758
f 2251/3933/1744 2255/4015/1782 2275/4094/1810
f 2824/4392/1940 2805/3174/1416 2816/3609/1601
f 1118/4033/1708 913/4393/1941 906/4034/1792
f 2981/3735/1656 2975/3001/1344 2987/4394/1942
f 2478/4237/1663 2492/4236/1875 2483/4395/1817
f 1285/4396/1943 1287/4397/1943 1288/4398/1943
f 2976/3095/1316 2974/2985/1336 2972/2877/1289
f 1116/4399/1944 1132/4400/1944 1136/4401/1944
f 1400/4402/1945 1430/4403/1945 1439/4404/1945
f 830/3285/1473 850/4405/1946 835/3819/1685
f 1289/4406/1947 1767/4407/1947 1396/4408/1947
f 2286/4409/1892 2331/4384/1938 2264/4383/1864
f 1134/4410/1948 1135/4411/1948 918/4412/1948
f 1279/4413/1949 1291/4414/1949 1409/4415/1949
f 1396/4416/1950 1767/4417/1950 1387/4418/1950
f 1535/3488/1560 1939/3949/1751 1541/4419/1625
f 2275/4094/1810 2821/4420/1820 2792/4095/1318
f 1272/4279/1897 1116/4278/1672 1767/4421/1951
f 914/4422/1621 1127/4423/1857 919/4424/1952
f 1834/4173/1847 1942/4425/1953 1935/3969/1763
f 2486/4426/1954 2491/4049/1795 2512/3823/1694
f 915/4427/1955 938/4428/1955 931/4429/1955
f 1425/4430/1956 1424/4431/1956 1768/4432/1956
f 1949/4433/1957 1416/4253/1884 1413/4252/1883
f 2063/3802/1686 2064/4014/1781 2069/4434/1958
f 2795/3064/1368 2277/3067/1369 2823/4435/1959
f 1130/4436/1960 1136/4437/1960 1131/4438/1960
f 851/4439/1918 852/4440/1961 848/4441/1919
f 2831/3667/1624 2822/4263/1890 2810/3409/1525
f 2052/3146/1357 2070/4442/1776 2067/4283/1898
f 2253/3950/1752 2262/3945/1682 2292/4443/1962
f 1306/4444/1963 1381/4241/1691 1392/4240/1878
f 1279/4445/1786 1409/4446/1768 1347/4447/1914
f 1022/4448/1964 916/4449/1964 1290/4450/1964
f 917/4451/1965 909/4270/1894 929/4269/1881
f 918/4452/1966 1135/4453/1967 1124/4454/1836
f 1764/4455/1866 1404/4456/1846 1832/4457/1730
f 2268/4458/1968 2273/4459/1968 2274/4460/1968
f 1287/4377/1893 1285/4461/1844 1309/4375/1934
f 1292/4103/1727 932/4102/1813 936/4462/1969
f 1938/4463/1970 1932/4464/1970 1935/4465/1970
f 1929/4025/1787 1943/4466/1971 1956/4154/1837
f 1439/4227/1871 1427/4467/1972 1410/4228/1721
f 2303/4468/1973 2269/4469/1974 2270/4470/1360
f 2816/3652/1601 2811/3443/1538 2824/4471/1940
f 1408/4205/1860 1764/4216/1866 1387/4472/1975
f 1835/4473/1976 1934/4474/1976 1833/4475/1976
f 919/4476/1952 912/4362/1928 1128/4361/1644
f 2085/4477/1822 2066/4096/1650 2065/4032/1791
f 1438/4478/1977 1428/4479/1977 1422/4480/1977
f 1133/4481/1978 946/4482/1978 1127/4483/1978
f 1921/4484/1979 1936/4485/1979 1929/4486/1979
f 856/4223/1869 853/4487/1980 1139/4224/1076
f 1288/4371/1840 1286/4373/1651 1284/4488/1856
f 1136/4489/1981 1132/4490/1981 1131/4491/1981
f 1832/3916/1730 1833/4492/1982 1415/3897/1589
f 2060/3590/1596 2061/3676/1628 2071/4493/1983
f 1408/4494/1984 1387/4495/1984 1426/4496/1984
f 2478/3750/1663 2485/4314/1858 2487/4497/1876
f 908/4148/1835 961/4498/1985 1124/4149/1836
f 1022/4499/1986 1290/4500/1986 1283/4501/1986
f 1285/4502/1844 1276/4022/1715 1300/4381/1936
f 2275/4094/1810 2255/4015/1782 2253/3950/1752
f 1116/4503/1672 1136/4504/1987 1766/4505/1921
f 1425/4506/1829 1409/4507/1768 1291/4508/1988
f 1427/4509/1972 1413/4510/1883 1410/4511/1721
f 1415/4512/1589 1834/4173/1847 1926/3973/1725
f 1124/4454/1836 961/4513/1985 918/4452/1966
f 2831/3874/1624 2805/3174/1416 2824/4392/1940
f 1279/4104/1814 1290/4222/1868 1291/4514/1988
f 2268/4360/1927 2272/4515/1989 2263/4358/1771
f 2063/3802/1686 2069/4434/1958 2079/3839/1698
f 1954/4516/1990 1936/4517/1991 1921/3850/1700
f 934/4518/1992 1129/4519/1992 918/4520/1992
f 1139/4224/1076 853/4487/1980 1122/4198/1783
f 2271/4521/1993 2295/4337/1757 2254/4336/1739
f 1428/4522/1994 1438/4523/1995 1442/4524/1996
f 850/4405/1946 830/3285/1473 845/3796/1379
f 1939/4525/1751 1375/4280/1559 1416/4282/1884
f 1436/4526/1997 1428/4522/1994 1442/4524/1996
f 1438/4527/1998 1422/4349/1882 1421/4348/1924
f 1417/4302/1905 1837/4528/1999 1418/4330/1880
f 1296/4529/2000 1285/4530/1844 1292/4531/1727
f 1920/4532/2001 1545/4533/2001 1940/4534/2001
f 1545/4535/2002 1941/4536/2002 1940/4537/2002
f 1933/4538/2003 1834/4539/1847 1934/4540/2004
f 1446/4541/1831 1394/4542/1733 1429/4543/1854
f 842/4059/1799 835/3801/1685 854/4544/2005
f 2272/4545/2006 2267/4546/2006 2263/4547/2006
f 911/4356/1855 928/4366/1931 905/4354/1749
f 1400/3984/1667 1419/4334/1916 1430/4548/2007
f 2273/4549/2008 2279/4550/2008 2274/4551/2008
f 1832/4457/1730 1404/4456/1846 1833/4552/1982
f 1920/3849/1669 1954/4516/1990 1921/3850/1700
f 916/4018/1785 1297/4553/2009 1290/4554/1868
f 1387/4555/2010 1767/4556/2011 1765/4557/2012
f 2972/2877/1289 2985/4306/1906 2976/3095/1316
f 2820/3824/1630 2333/4558/2013 2825/4559/1703
f 854/4560/2005 835/3819/1685 850/4405/1946
f 2085/4119/1822 2986/4561/1930 2977/3478/1434
f 2821/4562/2014 2275/4563/2014 2276/4564/2014
f 1276/4565/1715 1285/4530/1844 1296/4529/2000
f 1293/4206/1861 1297/4553/2009 916/4018/1785
f 2988/4566/2015 2987/4394/1942 2978/3205/1435
f 902/4567/2016 840/4017/1784 901/4209/1862
f 1293/4568/1861 1120/4569/1643 1772/4570/2017
f 1283/4571/1839 1276/4565/1715 1296/4529/2000
f 1835/4572/1848 1419/4573/1916 1930/4574/1731
f 1439/4575/2018 1430/4576/2018 1838/4577/2018
f 1427/4578/1972 1438/4579/1998 1421/4580/1924
f 1283/4581/1839 1296/4582/2000 920/4583/2019
f 1767/4556/1951 1116/4584/1672 1766/4585/1921
f 2277/4586/1369 2270/4470/1360 2269/4469/1974
f 1109/4192/1616 1022/4333/1915 911/4193/1855
f 849/4342/1920 848/4341/1919 869/4587/2020
f 1107/4588/1431 1126/4363/1828 913/4589/1941
f 908/4153/1835 906/4152/1792 925/4590/2021
f 1120/4569/1643 1294/4591/1922 1772/4570/2017
f 1935/3969/1763 1937/4592/2022 1938/4593/2023
f 2267/4338/1821 2272/4594/1989 2293/4339/1917
f 859/4595/2024 838/4039/1738 843/4070/1804
f 1136/4504/1987 1294/4596/1922 1766/4505/1921
f 1439/4597/1871 1438/4579/1998 1427/4578/1972
f 1406/4199/1812 1443/4598/2025 1434/4135/1830
f 1834/4539/1847 1833/4599/1982 1934/4540/2004
f 1767/4600/2026 1766/4601/2026 1272/4602/2026
f 929/4269/1881 921/4603/2027 917/4451/1965
f 929/4250/1881 1135/4249/1825 924/4604/2028
f 1291/4508/1988 1298/4605/2029 1425/4506/1829
f 1938/4606/2023 1961/4607/2030 1923/3593/1597
f 935/4608/2031 857/4609/2032 922/4610/2033
f 2495/4611/2034 2493/4612/2034 2484/4613/2034
f 1765/4614/2012 1767/4615/2035 1289/4616/2036
f 1840/4617/2037 1419/4573/1916 1835/4572/1848
f 1394/4542/1733 1446/4541/1831 1445/4618/2038
f 2795/3064/1368 2826/4619/2039 2811/3443/1538
f 1437/4620/2040 1417/4621/1905 1432/4622/2041
f 1947/4623/1874 1541/4624/1625 1948/4625/2042
f 934/4626/1926 924/4604/2028 1135/4249/1825
f 1837/4627/1999 1417/4621/1905 1437/4620/2040
f 1415/3897/1589 1833/4492/1982 1834/4628/1847
f 1960/4629/2043 2061/3676/1628 2033/3509/1566
f 2278/4630/1889 2257/4069/1803 2265/4226/1870
f 2825/4631/1703 2488/4632/2044 2482/4633/1755
f 2072/4634/2045 2988/4635/2015 2978/4636/1435
f 1423/4350/1853 1431/4637/2046 1421/4348/1924
f 1939/4638/1751 1948/4625/2042 1541/4624/1625
f 1935/3969/1763 1942/4425/1953 1937/4592/2022
f 1424/4379/1935 1408/4378/1860 1426/4639/2047
f 2331/4384/1938 2279/4640/2048 2273/4382/1937
f 2512/4641/1694 2483/4395/1817 2511/4642/2049
f 938/4643/2050 915/4644/1603 928/4645/1931
f 2275/4094/1810 2280/4646/2051 2276/4647/2052
f 1136/4504/1987 917/4648/2053 1294/4596/1922
f 1283/4581/1839 920/4583/2019 1022/4333/1915
f 1347/4447/1914 1300/4649/1936 1279/4445/1786
f 1914/3473/1553 1481/2786/1193 1977/3706/1642
f 934/4650/1926 918/4651/1966 923/4652/2054
f 924/4653/2055 1132/4654/2055 921/4655/2055
f 1920/4656/1669 1940/4657/2056 1954/4658/1990
f 942/4659/2057 935/4608/2031 922/4610/2033
f 922/4610/2033 857/4609/2032 76/4660/2058
f 1947/4661/2059 1940/4662/2059 1941/4663/2059
f 925/4664/2021 961/4498/1985 908/4148/1835
f 2984/4665/1885 2989/4666/2060 2973/4667/1322
f 2488/4668/2044 2485/4196/1858 2482/3953/1755
f 1433/4669/2061 1302/4670/2061 1295/4671/2061
f 1772/4672/2017 1294/4596/1922 917/4648/2053
f 859/4595/2024 843/4070/1804 855/4673/2062
f 1432/4674/2063 1417/4675/2063 1433/4676/2063
f 1413/4510/1883 1427/4509/1972 1949/4677/1957
f 854/4678/2064 846/4155/1716 833/3553/1533
f 942/4679/2057 926/4680/2065 927/4681/2066
f 1768/4682/2067 1424/4683/2067 1299/4684/2067
f 1122/4198/1783 850/4405/1946 845/3796/1379
f 868/4685/2068 853/4686/1980 856/4687/1869
f 1397/4087/1808 1394/4086/1733 1445/4688/2038
f 930/4689/2069 839/4690/2069 846/4691/2069
f 1292/4692/2070 936/4693/2070 1296/4694/2070
f 2278/4695/1889 2283/4696/2071 2266/4697/1900
f 2283/4696/2071 2281/4698/2072 2266/4697/1900
f 1299/4699/2073 1289/4700/2073 1768/4701/2073
f 2064/4014/1781 2062/3456/1544 2068/4325/1912
f 2262/4144/1682 2260/4113/1818 2292/4702/1962
f 911/4703/1855 920/4704/2019 928/4705/1931
f 1107/4588/1431 913/4589/1941 1118/4706/1708
f 1423/4707/1853 1434/4708/1830 1431/4709/2046
f 1297/4710/2009 1291/4514/1988 1290/4222/1868
f 2284/4711/2074 2282/4712/2075 2266/4713/1900
f 1424/4714/2076 1298/4715/2076 1299/4716/2076
f 2281/4717/2072 2284/4711/2074 2266/4713/1900
f 1957/3785/1678 1923/3593/1597 1961/4607/2030
f 929/4718/2077 924/4719/2077 921/4720/2077
f 930/4721/1838 946/4722/2078 1121/4723/1780
f 1833/4724/2079 1840/4725/2079 1835/4726/2079
f 1765/4557/2080 1767/4556/2081 1766/4585/2082
f 1443/4727/2025 1406/4728/1812 1435/4729/1796
f 1779/4730/2083 1772/4672/2017 917/4648/2053
f 1942/4731/1953 1834/4539/1847 1933/4538/2003
f 1127/4423/1857 912/4732/1928 919/4424/1952
f 2254/4336/1739 2293/4339/1917 2271/4521/1993
f 872/4733/2084 857/4734/2084 856/4735/2084
f 1943/4736/1971 1929/4737/1787 1936/4738/1991
f 1428/4739/2085 1436/4740/2085 1334/4741/2085
f 1296/4742/2000 928/4705/1931 920/4704/2019
f 917/4743/2086 921/4744/2086 1779/4745/2086
f 846/4746/1716 976/4747/2087 930/4748/2088
f 1127/4749/1857 946/4750/2078 966/4751/2089
f 857/4752/2090 935/4753/2090 979/4754/2090
f 1303/4755/2091 1437/4756/2040 1432/4757/2041
f 931/4758/1712 939/4759/2092 932/4760/1813
f 1956/4761/2093 1959/4762/2094 1933/4538/2003
f 1300/4763/1936 1301/4764/2095 1285/4765/1844
f 1302/4766/1841 1425/4767/1829 1295/4768/2096
f 920/4583/2019 911/4193/1855 1022/4333/1915
f 2281/4769/2072 2283/4770/2071 2284/4771/2074
f 842/4059/1799 829/4772/1387 834/4773/1670
f 1938/4593/2023 1937/4592/2022 1944/4774/2097
f 1443/4727/2025 1435/4729/1796 1444/4775/1872
f 1942/4731/1953 1933/4538/2003 1959/4762/2094
f 2513/3925/1737 2484/3723/1649 2493/4776/2098
f 2285/4777/1789 2260/4778/1818 2802/4779/1408
f 1296/4780/2000 938/4643/2050 928/4645/1931
f 1381/3815/1691 1306/4781/1963 1347/4331/1914
f 1285/4461/1844 1301/4782/2095 1309/4375/1934
f 933/4783/2099 924/4784/2028 934/4785/1926
f 2072/4634/2045 2978/4636/1435 2986/4786/1930
f 942/4679/2057 943/4787/2100 935/4788/2031
f 1431/4709/2046 1434/4708/1830 1441/4789/2101
f 2485/4314/1858 2515/4790/2102 2487/4497/1876
f 2286/4791/1892 2263/4792/1771 2302/4793/2103
f 1418/4794/1880 1839/4795/2104 1833/4796/2105
f 950/4797/2106 936/4798/1969 932/4760/1813
f 2282/4799/2107 2287/4800/2107 2266/4801/2107
f 1296/4802/2108 936/4803/2108 950/4804/2108
f 2513/4805/1737 852/4440/1961 851/4439/1918
f 1446/4806/1831 1428/4807/1907 1447/4808/2109
f 1307/4809/2110 1306/4444/1963 1392/4240/1878
f 1438/4810/2111 1439/4811/2111 1838/4812/2111
f 925/4590/2021 906/4152/1792 937/4813/2112
f 1433/4814/2113 1303/4815/2113 1432/4816/2113
f 2261/4139/1832 2309/4817/2114 2263/4138/1771
f 938/4818/2115 939/4819/2115 931/4820/2115
f 2283/4696/2071 2278/4695/1889 2288/4821/2116
f 1304/4822/2117 968/4823/2117 1305/4824/2117
f 923/4825/2054 933/4783/2099 934/4785/1926
f 2978/3205/1435 2987/4394/1942 2975/3001/1344
f 1430/4826/2007 1419/4827/1916 1836/4828/2118
f 1945/4829/2119 1939/4830/2119 1416/4831/2119
f 1305/4832/2120 1327/4833/2120 1304/4834/2120
f 866/4835/2121 1122/4198/1783 853/4487/1980
f 1442/4836/2122 1438/4837/2122 1838/4838/2122
f 1298/4839/2029 1291/4840/1988 1771/4841/2123
f 1839/4795/2104 1418/4794/1880 1848/4842/2124
f 2271/4521/1993 2289/4843/2125 2295/4337/1757
f 1948/4625/2042 1946/4844/2126 1947/4623/1874
f 1382/4088/1718 1397/4087/1808 1857/4845/2127
f 1293/4206/1861 1771/4846/2123 1297/4553/2009
f 1305/4847/2128 991/4848/2128 1327/4849/2128
f 1300/4850/1936 1347/4851/1914 1312/4852/2129
f 1306/4853/1963 1312/4852/2129 1347/4851/1914
f 1946/4854/2126 1940/4855/2056 1947/4856/1874
f 1416/4857/2130 1949/4858/2130 1945/4859/2130
f 906/4860/2131 913/4861/2131 940/4862/2131
f 1837/4863/1999 1848/4842/2124 1418/4794/1880
f 2287/4864/2132 2261/4139/1832 2266/4287/1900
f 833/3755/1533 838/3926/1738 854/4865/2064
f 921/4866/2133 1132/4867/2134 941/4868/2135
f 932/4760/1813 939/4759/2092 950/4797/2106
f 1771/4841/2123 1291/4840/1988 1297/4869/2009
f 930/4721/1838 956/4870/2136 946/4722/2078
f 923/4652/2054 918/4651/1966 961/4871/1985
f 871/4872/2137 856/4873/1869 857/4874/2138
f 2268/4360/1927 2290/4875/2139 2272/4515/1989
f 2292/4876/2140 2291/4877/2140 2821/4878/2140
f 2489/4879/2141 2485/4196/1858 2488/4668/2044
f 1126/4363/1828 912/4362/1928 962/4880/2142
f 1425/4767/1829 1776/4881/2143 1295/4768/2096
f 1392/4882/2144 1309/4883/2144 1307/4884/2144
f 1300/4763/1936 1308/4885/2145 1301/4764/2095
f 1132/4886/2134 924/4887/2146 941/4888/2135
f 88/4889/2147 942/4890/2057 922/4610/2033
f 1312/4891/2148 1306/4892/2148 1307/4893/2148
f 2291/4894/2149 2292/4895/2149 2285/4896/2149
f 2511/4897/2049 2499/4898/2150 2512/4899/1694
f 858/4900/2151 853/4901/2151 868/4902/2151
f 1308/4903/2152 1300/4904/2152 1312/4905/2152
f 2298/4906/2153 2283/4770/2071 2288/4907/2116
f 935/4908/2031 943/4909/2100 944/4910/2154
f 945/4911/2155 951/4912/2156 858/4913/2157
f 868/4914/2158 871/4915/2158 858/4916/2158
f 1837/4917/1999 1437/4918/2040 1836/4919/2118
f 1295/4920/2159 1777/4921/2159 1433/4922/2159
f 1421/4348/1924 1431/4637/2046 1440/4923/2160
f 1776/4881/2143 1425/4767/1829 1298/4924/2029
f 938/4643/2050 1296/4780/2000 939/4925/2161
f 842/4059/1799 854/4544/2005 887/4926/2162
f 939/4927/2163 1296/4928/2163 964/4929/2163
f 2824/4471/1940 2811/3443/1538 2306/4930/2164
f 2821/4931/2165 2276/4932/2165 2292/4933/2165
f 849/4342/1920 869/4587/2020 189/4934/2166
f 838/3926/1738 859/4935/2024 854/4865/2064
f 1769/4936/2167 1426/4937/2047 1387/4555/2010
f 2074/3737/1658 2073/4938/2168 2055/3187/1420
f 1939/4939/2169 1945/4940/2169 1948/4941/2169
f 1946/4854/2126 1952/4942/2170 1940/4855/2056
f 2067/4283/1898 2070/4442/1776 2075/4943/2171
f 925/4664/2021 946/4944/2078 961/4498/1985
f 2253/3950/1752 2292/4443/1962 2275/4094/1810
f 1428/4945/2172 1334/4946/2173 1854/4947/2174
f 953/4948/2175 948/4949/2176 947/4950/2177
f 1769/4951/2167 1424/4952/1935 1426/4953/2047
f 1770/4954/2178 1776/4955/2143 1298/4956/2029
f 1308/4885/2145 1309/4957/1934 1301/4764/2095
f 1848/4958/2124 1837/4959/1999 1419/4960/1916
f 950/4961/2179 1310/4962/2180 1296/4963/2181
f 1320/4964/2182 947/4965/2182 948/4966/2182
f 1836/4919/2118 1419/4967/1916 1837/4917/1999
f 925/4590/2021 937/4813/2112 946/4750/2078
f 872/4968/2183 856/4969/2183 873/4970/2183
f 1447/4971/2184 1428/4972/2184 1854/4973/2184
f 1328/4974/2185 1327/4975/2185 991/4976/2185
f 1387/4555/2010 1765/4557/2012 1769/4936/2167
f 2959/4977/2186 2954/4978/2187 2955/4979/2188
f 937/4813/2112 966/4751/2089 946/4750/2078
f 860/4980/2189 856/4316/1869 831/3417/1528
f 1779/4981/2190 921/4982/2190 949/4983/2190
f 1323/4984/2191 1437/4756/2040 1303/4755/2091
f 1434/4135/1830 1443/4598/2025 1441/4985/2101
f 857/4986/2192 183/4987/2192 76/4988/2192
f 2272/4989/1989 2310/4990/2193 2293/4991/1917
f 858/4992/2194 871/4993/2194 979/4994/2194
f 943/4909/2100 927/4995/2066 944/4910/2154
f 957/4996/2195 964/4997/2195 1296/4998/2195
f 2284/4711/2074 2294/4999/2196 2282/4712/2075
f 939/5000/2092 952/5001/2197 950/5002/2106
f 856/5003/2198 860/5004/2198 873/5005/2198
f 955/5006/2199 948/5007/2199 953/5008/2199
f 902/4567/2016 861/5009/2200 840/4017/1784
f 901/5010/1862 828/3010/1347 826/2914/1304
f 843/4070/1804 849/4352/1920 855/4673/2062
f 2297/5011/2201 2265/5012/2201 2295/5013/2201
f 1775/5014/2202 1298/5015/2029 1771/5016/2123
f 951/5017/2156 963/5018/2203 984/5019/2204
f 2296/5020/2205 2301/5021/2206 2282/4712/2075
f 858/4913/2157 979/5022/2207 945/4911/2155
f 1946/4854/2126 1948/5023/2042 1952/4942/2170
f 1305/5024/2208 968/5025/2208 991/5026/2208
f 2290/4875/2139 2268/4360/1927 2274/5027/2209
f 2278/4630/1889 2265/4226/1870 2297/5028/2210
f 2071/4493/1983 2061/3676/1628 1960/4629/2043
f 1949/5029/2211 1952/5030/2211 1945/5031/2211
f 952/5032/2212 939/5033/2212 964/5034/2212
f 1310/5035/2213 957/5036/2213 1296/5037/2213
f 2302/5038/2103 2282/5039/2075 2301/5040/2206
f 951/5041/2214 984/5042/2214 969/5043/2214
f 1312/5044/2215 1307/5045/2216 1334/5046/2217
f 1937/4592/2022 1942/4425/1953 1950/5047/2218
f 2296/5020/2205 2282/4712/2075 2294/4999/2196
f 1327/5048/2219 1330/5049/2220 1304/5050/2221
f 1977/3706/1642 1976/4258/1887 1914/3473/1553
f 2276/4647/2052 2280/4646/2051 2292/4443/1962
f 2990/5051/2222 2979/5052/1554 2983/3096/1380
f 953/5053/2175 947/5054/2177 954/5055/2223
f 2492/4236/1875 2498/5056/2224 2483/4395/1817
f 1309/5057/2225 1313/5058/2225 1307/5059/2225
f 1427/5060/2226 1967/5061/2226 1949/5062/2226
f 2515/4790/2102 2485/4314/1858 2489/5063/2141
f 962/5064/2227 984/5019/2204 963/5018/2203
f 88/4889/2147 1009/5065/2228 942/4890/2057
f 2278/4630/1889 2298/5066/2153 2288/5067/2116
f 1126/4363/1828 962/4880/2142 913/4589/1941
f 1320/5068/2229 948/5069/2230 955/5070/2231
f 961/4498/1985 946/4944/2078 956/5071/2136
f 1956/4154/1837 1943/4466/1971 1951/5072/2232
f 926/5073/2065 942/4890/2057 1009/5065/2228
f 2289/4843/2125 2297/5074/2210 2295/4337/1757
f 1298/5075/2029 1782/5076/2233 1770/5077/2178
f 1952/5078/2170 1949/5079/2234 1953/5080/2235
f 2260/4778/1818 2285/4777/1789 2292/5081/1962
f 2820/3824/1630 2822/4263/1890 2351/5082/2236
f 2074/5083/1658 2078/5084/1775 2073/5085/2168
f 1954/5086/1990 1966/5087/2237 1936/4738/1991
f 2493/5088/2098 2494/5089/2238 2513/5090/1737
f 1955/5091/2239 1954/4658/1990 1940/4657/2056
f 2306/5092/2164 2811/5093/1538 2826/5094/2039
f 926/5095/2240 1001/5096/2240 940/5097/2240
f 856/4873/1869 871/4872/2137 867/5098/2241
f 1311/5099/2242 1312/5100/2243 1303/5101/2244
f 2055/3187/1420 2073/4938/2168 2065/4032/1791
f 1440/5102/2245 1431/5103/2245 1441/5104/2245
f 1940/5105/2056 1952/5106/2170 1955/5107/2239
f 854/4678/2064 958/5108/2246 846/4155/1716
f 2275/4094/1810 2292/4443/1962 2280/4646/2051
f 1319/5109/2247 964/5110/2248 957/5111/2249
f 1293/5112/2250 1775/5113/2250 1771/5114/2250
f 2068/4325/1912 2067/4324/1898 2075/5115/2171
f 2309/4817/2114 2261/4139/1832 2287/4864/2132
f 2980/3698/1637 2990/5051/2222 2983/3096/1380
f 1444/4231/1872 1382/4088/1718 1857/4845/2127
f 2795/5116/1368 2823/5117/1959 2826/5094/2039
f 947/5118/2177 1320/5119/2229 954/5120/2223
f 1836/4828/2118 1838/5121/2251 1430/4826/2007
f 866/4835/2121 850/4405/1946 1122/4198/1783
f 829/3107/1387 878/5122/2252 826/2914/1304
f 1442/5123/2253 1838/5124/2251 1780/5125/2254
f 1316/5126/2255 1304/5127/2221 1330/5128/2220
f 2480/5129/1759 2491/5130/1795 2490/5131/2256
f 1772/5132/2017 1779/5133/2083 1778/5134/2257
f 958/5135/2246 976/4747/2087 846/4746/1716
f 1937/4592/2022 1950/5047/2218 1964/5136/2258
f 1319/5109/2247 959/5137/2259 964/5110/2248
f 1419/4960/1916 1840/5138/2037 1848/4958/2124
f 1334/5046/2217 1781/5139/2260 1312/5044/2215
f 2284/4771/2074 2283/4770/2071 2299/5140/2261
f 871/5141/2262 857/5142/2262 979/5143/2262
f 2278/4630/1889 2297/5028/2210 2298/5066/2153
f 1772/5144/2263 1775/5145/2263 1293/5146/2263
f 1945/5147/2264 1952/4942/2170 1948/5023/2042
f 961/5148/2265 960/5149/2265 923/5150/2265
f 2511/4642/2049 2483/4395/1817 2498/5056/2224
f 1397/4087/1808 1445/4688/2038 1857/4845/2127
f 2824/5151/2266 2827/5152/2266 2831/5153/2266
f 942/4679/2057 927/4681/2066 943/4787/2100
f 1839/5154/2104 1840/5155/2037 1833/5156/2105
f 1959/5157/2267 1956/5158/2267 1951/5159/2267
f 913/4589/1941 962/4880/2142 940/5160/2268
f 862/5161/2269 958/5162/2246 866/5163/2121
f 906/4152/1792 940/5164/2270 937/4813/2112
f 866/5163/2121 863/5165/2271 862/5161/2269
f 861/5009/2200 102/3988/1769 840/4017/1784
f 1308/5166/2145 1312/5100/2243 1311/5099/2242
f 930/5167/2272 960/5168/2272 956/5169/2272
f 1334/5170/2273 1436/5171/2273 1781/5172/2273
f 937/5173/2112 976/5174/2087 966/5175/2089
f 1769/4936/2167 1765/4557/2012 1773/5176/2274
f 1304/5127/2221 1316/5126/2255 967/5177/2275
f 951/4912/2156 972/5178/2276 963/5179/2203
f 956/5180/2277 960/5181/2277 961/5182/2277
f 1304/5127/2221 967/5177/2275 968/5183/2278
f 866/5163/2121 853/5184/1980 863/5165/2271
f 2350/5185/2279 2814/5186/2280 2955/5187/2188
f 2512/4899/1694 2490/5131/2256 2486/5188/1954
f 1957/5189/1678 1961/5190/2030 1958/5191/2281
f 1298/5075/2029 1424/5192/1935 1782/5076/2233
f 1436/5193/2282 1442/5194/2282 1780/5195/2282
f 1334/5196/2283 1307/5197/2283 1313/5198/2283
f 1309/5199/1934 1324/5200/2284 1314/5201/2285
f 829/4772/1387 842/4059/1799 877/5202/2286
f 1127/5203/1857 966/5204/2089 912/5205/1928
f 2294/5206/2196 2319/5207/2287 2296/5208/2205
f 1950/5047/2218 1942/4425/1953 1959/5209/2094
f 966/5210/2089 975/5211/2288 864/5212/2289
f 962/5213/2227 963/5214/2203 972/5215/2276
f 951/4912/2156 965/5216/2290 972/5178/2276
f 976/5174/2087 975/5217/2288 966/5175/2089
f 1966/5087/2237 1943/4736/1971 1936/4738/1991
f 2064/4014/1781 2076/5218/2291 2069/4434/1958
f 1309/5199/1934 1308/5219/2145 1324/5200/2284
f 862/5161/2269 975/5220/2288 958/5162/2246
f 1289/4616/2036 1299/5221/2292 1773/5222/2274
f 1308/5223/2145 1311/5099/2242 1315/5224/2293
f 962/5225/2142 912/5205/1928 966/5204/2089
f 1976/5226/1887 1960/5227/2043 2033/5228/1566
f 975/5229/2288 862/5230/2269 864/5231/2289
f 2299/5232/2261 2294/5233/2196 2284/5234/2074
f 1775/5014/2202 1299/5235/2292 1298/5015/2029
f 1427/5236/2294 1421/5237/2294 1967/5238/2294
f 2831/3667/1624 2827/5239/2295 2822/4263/1890
f 2302/4793/2103 2305/5240/2296 2286/4791/1892
f 2492/4236/1875 2487/4238/1876 2515/5241/2102
f 1957/3785/1678 1968/5242/2297 1987/3623/1608
f 1841/5243/2298 1836/5244/2118 1437/5245/2040
f 964/5246/2299 959/5247/2299 952/5248/2299
f 858/5249/2300 886/5250/2300 853/5251/2300
f 1961/5252/2030 1938/4593/2023 1944/4774/2097
f 1773/5222/2274 1765/4614/2012 1289/4616/2036
f 967/5253/2301 1316/5254/2301 1325/5255/2301
f 1317/5256/2302 1312/5044/2215 1781/5139/2260
f 1312/5257/2303 1317/5258/2303 1303/5259/2303
f 1421/5260/1924 1440/5261/2160 1842/5262/2304
f 2294/5233/2196 2299/5232/2261 2308/5263/2305
f 1330/5049/2220 1327/5048/2219 1318/5264/2306
f 927/5265/2066 951/4912/2156 945/4911/2155
f 2302/5038/2103 2287/5266/2132 2282/5039/2075
f 2973/4667/1322 2989/4666/2060 2954/5267/2307
f 1319/5268/2247 957/5269/2249 1321/5270/2308
f 853/5271/1980 865/5272/2309 863/5273/2271
f 865/5272/2309 864/5274/2289 863/5273/2271
f 962/5275/2310 978/5276/2310 940/5277/2310
f 999/5278/2311 955/5279/2312 953/5280/2175
f 1311/5099/2242 1303/5101/2244 1788/5281/2313
f 2283/4770/2071 2298/4906/2153 2300/5282/2314
f 2486/5283/2315 2490/5284/2315 2491/5285/2315
f 1778/5134/2257 1774/5286/2316 1772/5132/2017
f 1950/5047/2218 1959/5209/2094 1964/5136/2258
f 1446/4806/1831 1447/4808/2109 1862/5287/2317
f 1841/5243/2298 1437/5245/2040 1323/5288/2191
f 1320/5068/2229 955/5070/2231 1319/5289/2318
f 926/4680/2065 965/5290/2290 927/4681/2066
f 966/5291/2319 978/5292/2319 962/5293/2319
f 2269/4469/1974 2823/5117/1959 2277/4586/1369
f 1773/5294/2274 1299/5235/2292 1775/5014/2202
f 866/5295/2121 958/5296/2246 892/5297/2320
f 1433/5298/2321 1788/5299/2321 1303/5300/2321
f 1325/5301/2322 1310/4962/2180 950/4961/2179
f 950/5302/2323 967/5303/2323 1325/5304/2323
f 2283/4770/2071 2300/5282/2314 2299/5140/2261
f 952/5001/2197 967/5305/2275 950/5002/2106
f 921/4866/2133 1785/5306/2324 949/5307/2325
f 868/5308/2068 867/5309/2241 885/5310/2326
f 867/5311/2241 868/4685/2068 856/4687/1869
f 1944/4774/2097 1937/5312/2022 1965/5313/2327
f 990/5314/2328 968/5315/2278 967/5316/2275
f 1319/5317/2329 1321/5318/2329 1790/5319/2329
f 2296/5320/2205 2319/5321/2287 2301/5322/2206
f 1769/4951/2167 1782/5323/2233 1424/4952/1935
f 2076/5218/2291 2080/5324/2330 2079/3839/1698
f 1324/5325/2284 1308/5223/2145 1315/5224/2293
f 1421/5326/2331 1843/5327/2331 1967/5328/2331
f 864/5329/2289 865/5330/2309 988/5331/2332
f 1445/4688/2038 1448/5332/2333 1857/4845/2127
f 1844/5333/2334 1848/4958/2124 1840/5138/2037
f 2317/5334/2335 2306/5092/2164 2826/5094/2039
f 951/5335/2156 969/5336/2336 970/5337/2337
f 959/5137/2259 1319/5109/2247 985/5338/2338
f 1326/5339/2339 1316/5126/2255 1330/5128/2220
f 1967/5340/2340 1953/5080/2235 1949/5079/2234
f 1433/5341/2341 1787/5342/2341 1788/5343/2341
f 978/5344/2342 966/5210/2089 864/5212/2289
f 930/4748/2088 976/4747/2087 960/5345/2343
f 1772/5132/2017 1774/5286/2316 1775/5346/2202
f 965/5216/2290 951/4912/2156 927/5265/2066
f 952/5001/2197 971/5347/2344 967/5305/2275
f 991/5348/2345 968/5349/2345 990/5350/2345
f 972/5351/2276 965/5352/2290 926/5353/2065
f 962/5213/2227 978/5354/2342 988/5331/2332
f 955/5355/2346 973/5356/2346 1319/5357/2346
f 1320/5358/2229 1319/5359/2318 1790/5360/2347
f 1951/5072/2232 1943/4466/1971 1983/5361/2348
f 2492/5362/1875 2515/5363/2102 2498/5364/2224
f 2302/5365/2103 2263/5366/1771 2309/5367/2114
f 2984/4256/1885 2979/3576/1554 2990/5051/2222
f 940/5368/2270 1005/5369/2349 937/5370/2112
f 1776/5371/2143 1777/5372/2350 1295/5373/2096
f 1777/5374/2350 1787/5375/2351 1433/5376/2352
f 978/5354/2342 864/5329/2289 988/5331/2332
f 1310/5377/2353 1797/5378/2354 957/5379/2249
f 2289/4843/2125 2307/5380/2355 2297/5074/2210
f 2079/3839/1698 2069/4434/1958 2076/5218/2291
f 858/5381/2157 951/5335/2156 974/5382/2356
f 1441/5383/2101 1845/5384/2357 1440/5385/2160
f 984/5386/2204 983/5387/2358 969/5336/2336
f 869/4587/2020 889/5388/2359 189/4934/2166
f 975/5389/2360 976/5390/2360 958/5391/2360
f 1959/5392/2094 1951/5393/2232 1962/5394/2361
f 1314/5395/2285 1313/5396/2362 1309/5397/1934
f 1443/5398/2025 1444/5399/1872 1851/5400/2363
f 962/5213/2227 972/5215/2276 978/5354/2364
f 1966/5087/2237 1954/5086/1990 1955/5401/2239
f 1778/5402/2257 1779/5403/2083 949/5404/2325
f 2319/5207/2287 2294/5206/2196 2308/5405/2305
f 923/4825/2054 1005/5406/2349 933/4783/2099
f 2065/4032/1791 2073/4938/2168 2077/5407/2365
f 1321/5270/2308 957/5269/2249 1322/5408/2366
f 955/5279/2312 999/5278/2311 977/5409/2367
f 1865/5410/2368 1445/5411/2038 1446/5412/1831
f 989/5413/2369 865/5414/2309 853/5415/1980
f 1790/5416/2370 1321/5417/2370 1322/5418/2370
f 972/5351/2276 940/5419/2371 978/5420/2364
f 952/5421/2197 959/5422/2259 994/5423/2372
f 1003/5424/2373 1005/5369/2349 940/5368/2270
f 2350/5185/2374 2303/5425/1973 2814/5186/2375
f 2304/5426/2376 2274/5427/2376 2279/5428/2376
f 2315/5429/2377 2272/4515/1989 2290/4875/2139
f 2986/4786/1930 2085/5430/1822 2072/4634/2045
f 884/5431/2378 868/5432/2068 885/5433/2326
f 1444/5399/1872 1861/5434/2379 1851/5400/2363
f 869/5435/2020 870/5436/2380 889/5437/2359
f 941/4888/2135 924/4887/2146 1793/5438/2381
f 926/5353/2065 940/5419/2371 972/5351/2276
f 1854/5439/2382 1862/5440/2382 1447/5441/2382
f 973/5442/2383 985/5443/2383 1319/5444/2383
f 2827/5445/2295 2351/5446/2236 2822/5447/1890
f 1797/5378/2354 1310/5377/2353 1315/5448/2293
f 1003/5424/2373 940/5368/2270 1001/5449/2384
f 1436/5450/2385 1780/5451/2254 1781/5452/2260
f 944/5453/2154 979/5454/2207 935/5455/2031
f 1316/5456/2386 1326/5457/2386 1325/5458/2386
f 933/4783/2099 980/5459/2387 924/4784/2028
f 1955/5107/2239 1952/5106/2170 1953/5460/2235
f 1320/5358/2229 1790/5360/2347 1789/5461/2388
f 2959/5462/2186 2955/5463/2188 2814/5464/2280
f 1421/5465/1924 1846/5466/2389 1843/5467/2390
f 2078/5468/2391 2079/5469/2391 2080/5470/2391
f 1324/5471/2392 1310/4962/2180 1325/5301/2322
f 1773/5176/2274 1782/5472/2233 1769/4936/2167
f 955/5473/2312 981/5474/2393 973/5475/2394
f 2493/5476/2395 2495/5477/2395 2494/5478/2395
f 1320/5119/2229 1789/5479/2388 954/5120/2223
f 1829/5480/2396 953/5053/2175 954/5055/2223
f 952/5001/2197 982/5481/2397 971/5347/2344
f 1323/5482/2398 1303/5483/2398 1317/5484/2398
f 1963/5485/2399 1964/5486/2258 1959/5487/2094
f 2065/4032/1791 2081/5488/2400 2085/4477/1822
f 892/5297/2320 888/5489/2401 866/5295/2121
f 983/5490/2358 984/5491/2204 962/5492/2227
f 1862/5287/2317 1865/5493/2368 1446/4806/1831
f 2302/5038/2103 2318/5494/2402 2287/5266/2132
f 884/5431/2378 871/5495/2137 868/5432/2068
f 2271/4521/1993 2307/5380/2355 2289/4843/2125
f 2302/5038/2103 2301/5040/2206 2305/5496/2296
f 983/5387/2358 970/5337/2337 969/5336/2336
f 857/5497/2403 872/5498/2403 873/5499/2403
f 2333/5500/2013 2497/5501/2404 2825/4631/1703
f 2820/3824/1630 2351/5082/2236 2330/5502/2405
f 1448/5503/2333 1445/5411/2038 1865/5410/2368
f 1770/4954/2178 1783/5504/2406 1776/4955/2143
f 1774/5286/2316 1773/5505/2274 1775/5346/2202
f 1785/5306/2324 921/4866/2133 941/4868/2135
f 2316/5506/2407 2304/5507/2407 2279/5508/2407
f 1965/5509/2408 1937/5510/2408 1964/5511/2408
f 1782/5512/2409 1783/5513/2409 1770/5514/2409
f 1310/5515/2410 1324/5516/2410 1315/5517/2410
f 2110/2834/1271 2060/5518/1596 2082/5519/2411
f 2068/4325/1912 2083/5520/2412 2064/4014/1781
f 2286/4409/1892 2305/5521/2296 2331/4384/1938
f 2319/5321/2287 2305/5522/2296 2301/5322/2206
f 1870/5523/2413 1839/4795/2104 1848/4842/2124
f 1324/5524/2414 1325/5525/2414 1326/5526/2414
f 1951/5393/2232 1978/5527/2415 1962/5394/2361
f 2824/5528/1940 2306/5529/2164 2827/5530/2295
f 2297/5531/2210 2307/5532/2355 2298/5533/2153
f 2076/5218/2291 2064/4014/1781 2084/5534/2416
f 1005/5406/2349 960/5345/2343 976/4747/2087
f 871/4872/2137 884/5535/2378 867/5098/2241
f 1314/5201/2285 1324/5200/2284 1345/5536/2417
f 2309/5367/2114 2318/5537/2402 2302/5365/2103
f 2060/5518/1596 2071/4493/1983 2082/5519/2411
f 954/5538/2223 1789/5539/2388 1813/5540/2418
f 2480/5129/1759 2490/5131/2256 2495/5541/1834
f 1005/5406/2349 923/4825/2054 960/5345/2343
f 1978/5542/2415 1951/5072/2232 1983/5361/2348
f 1840/5138/2037 1869/5543/2419 1844/5333/2334
f 1323/5288/2191 1780/5544/2254 1841/5243/2298
f 1838/5124/2251 1847/5545/2420 1874/5546/2421
f 2075/5547/2171 1972/5548/2422 2083/5549/2412
f 1838/5550/2251 1836/5551/2118 1847/5552/2420
f 937/5370/2112 1005/5369/2349 976/5553/2087
f 971/5554/2344 990/5314/2328 967/5316/2275
f 2298/5533/2153 2307/5532/2355 2321/5555/2423
f 973/5556/2424 981/5557/2424 985/5558/2424
f 2300/5282/2314 2308/5559/2305 2299/5140/2261
f 2490/5131/2256 2512/4899/1694 2499/4898/2150
f 987/5560/2425 979/5454/2207 944/5453/2154
f 1964/5486/2258 1963/5485/2399 1965/5561/2426
f 1845/5384/2357 1855/5562/2427 1440/5385/2160
f 1444/4231/1872 1857/4845/2127 1861/5563/2379
f 1943/5564/1971 1966/5565/2237 1973/5566/2428
f 1783/5567/2406 1777/5372/2350 1776/5371/2143
f 862/5230/2269 874/5568/2429 864/5231/2289
f 1783/5569/2406 1782/5472/2233 1773/5176/2274
f 986/5570/2430 955/5473/2312 977/5571/2367
f 2309/5572/2431 2310/5573/2431 2315/5574/2431
f 2085/5575/1822 2086/5576/2432 2072/5577/2045
f 1844/5578/2433 1870/5579/2433 1848/5580/2433
f 863/5581/2271 864/5582/2289 874/5583/2429
f 887/5584/2162 854/4560/2005 850/4405/1946
f 1840/5155/2037 1839/5154/2104 1869/5585/2419
f 1967/5586/2340 1843/5587/2434 1970/5588/2435
f 1836/5551/2118 1869/5589/2419 1847/5552/2420
f 2083/5520/2412 2068/4325/1912 2075/5115/2171
f 994/5423/2372 982/5590/2397 952/5421/2197
f 1334/4946/2173 1449/5591/2436 1854/4947/2174
f 979/5022/2207 987/5592/2425 945/4911/2155
f 1953/5593/2235 1967/5586/2340 1970/5588/2435
f 927/4995/2066 998/5594/2437 944/4910/2154
f 957/5269/2249 1797/5595/2354 1322/5408/2366
f 1452/5596/2438 1454/5597/2439 1450/5598/2440
f 862/5599/2269 863/5600/2271 880/5601/2441
f 869/5602/2020 852/4440/1961 870/5603/2380
f 826/2914/1304 902/5604/2016 901/5010/1862
f 988/5605/2442 865/5606/2442 989/5607/2442
f 1315/5224/2293 1311/5099/2242 1798/5608/2443
f 951/5335/2156 970/5337/2337 974/5382/2356
f 848/4441/1919 852/4440/1961 869/5602/2020
f 849/4352/1920 875/5609/2444 855/4673/2062
f 2311/5610/2445 2300/5282/2314 2298/4906/2153
f 2287/4864/2132 2308/5559/2305 2309/4817/2114
f 1969/5611/2446 1961/5252/2030 1944/4774/2097
f 1841/5243/2298 1849/5612/2447 1836/5244/2118
f 1450/5613/2448 1454/5614/2448 1332/5615/2448
f 1454/5616/2449 1856/5617/2449 1857/5618/2449
f 1327/5619/2219 1328/5620/2450 1342/5621/2451
f 1955/5622/2452 1953/5623/2452 1966/5624/2452
f 1850/5625/2453 1839/4795/2104 1870/5523/2413
f 1788/5281/2313 1798/5608/2443 1311/5099/2242
f 1958/5626/2281 1968/5627/2297 1957/5628/1678
f 981/5474/2393 955/5473/2312 986/5570/2430
f 1774/5629/2316 1783/5569/2406 1773/5176/2274
f 1943/5630/2454 1973/5631/2454 1983/5632/2454
f 859/4595/2024 855/4673/2062 875/5609/2444
f 2823/5117/1959 2312/5633/2455 2826/5094/2039
f 2279/4640/2048 2331/4384/1938 2313/5634/2456
f 2311/5610/2445 2308/5559/2305 2300/5282/2314
f 2075/4943/2171 2070/4442/1776 2082/5635/2411
f 1314/5395/2285 1811/5636/2457 1313/5396/2362
f 1851/5637/2363 1845/5638/2357 1441/5639/2101
f 83/5640/2458 826/2914/1304 878/5122/2252
f 2513/5090/1737 2494/5089/2238 2496/5641/2459
f 2497/5501/2404 2488/4632/2044 2825/4631/1703
f 2489/5063/2141 2514/5642/2460 2515/4790/2102
f 1855/5643/2427 1842/5262/2304 1440/5261/2160
f 2310/5644/2193 2309/5645/2114 2314/5646/2461
f 1785/5647/2324 1778/5402/2257 949/5404/2325
f 2310/4990/2193 2323/5648/2462 2293/4991/1917
f 958/5296/2246 879/5649/2463 892/5297/2320
f 899/5650/2464 873/5651/2464 860/5652/2464
f 888/5653/2401 850/4405/1946 866/4835/2121
f 988/5654/2332 983/5490/2358 962/5492/2227
f 1961/5190/2030 1969/5655/2446 1958/5191/2281
f 1010/5656/2465 997/5657/2466 1002/5658/2467
f 1845/5384/2357 1852/5659/2468 1855/5562/2427
f 2269/4469/1974 2312/5633/2455 2823/5117/1959
f 874/5583/2429 876/5660/2469 863/5581/2271
f 2287/5266/2132 2318/5494/2402 2308/5661/2305
f 1780/5125/2254 1838/5124/2251 1874/5546/2421
f 1784/5662/2470 1323/5663/2191 1317/5664/2302
f 1793/5665/2471 1785/5666/2471 941/5667/2471
f 1845/5638/2357 1851/5637/2363 1852/5668/2468
f 876/5669/2469 880/5601/2441 863/5600/2271
f 2318/5537/2402 2309/5367/2114 2315/5670/2377
f 987/5592/2425 927/5265/2066 945/4911/2155
f 1441/4985/2101 1443/4598/2025 1851/5671/2363
f 2495/5541/1834 2490/5131/2256 2494/5672/2472
f 877/5673/2286 878/5674/2252 829/5675/1387
f 877/5202/2286 842/4059/1799 887/4926/2162
f 1856/5676/2473 1454/5597/2439 1452/5596/2438
f 1853/5677/2474 1846/5466/2389 1421/5465/1924
f 1843/5678/2475 1846/5679/2475 1970/5680/2475
f 1318/5681/2306 1327/5619/2219 1329/5682/2476
f 2310/5683/2193 2272/4515/1989 2315/5429/2377
f 991/5684/2477 990/5685/2328 1343/5686/2478
f 1338/5687/2479 1318/5688/2306 1337/5689/2480
f 1965/5313/2327 1969/5611/2446 1944/4774/2097
f 1342/5690/2481 991/5691/2481 1343/5692/2481
f 1342/5621/2451 1328/5620/2450 991/5693/2482
f 1983/5694/2483 1959/5487/2094 1962/5695/2361
f 997/5696/2484 995/5697/2485 1019/5698/2486
f 1829/5480/2396 999/5699/2311 953/5053/2175
f 2073/5085/2168 2078/5084/1775 2087/5700/2487
f 1783/5569/2406 1774/5629/2316 1799/5701/2488
f 2279/4640/2048 2313/5634/2456 2316/5702/2489
f 1314/5395/2285 1335/5703/2490 1811/5636/2457
f 1002/5658/2467 1792/5704/2491 1794/5705/2492
f 2318/5706/2493 2305/5707/2493 2319/5708/2493
f 1774/5709/2494 1778/5710/2494 1785/5711/2494
f 924/5712/2495 980/5713/2495 992/5714/2495
f 2306/5529/2164 2317/5715/2335 2827/5530/2295
f 2318/5716/2496 2319/5717/2496 2308/5718/2496
f 1794/5705/2492 1010/5656/2465 1002/5658/2467
f 2274/5027/2209 2304/5719/2497 2290/4875/2139
f 1786/5720/2498 1788/5721/2313 1787/5722/2351
f 1797/5378/2354 1315/5448/2293 1798/5723/2443
f 1338/5687/2479 1330/5724/2220 1318/5688/2306
f 1953/5593/2235 1970/5588/2435 1971/5725/2499
f 2320/5726/2500 2307/5380/2355 2271/4521/1993
f 1451/5727/2501 1857/5728/2502 1865/5729/2368
f 2330/5502/2405 2333/4558/2013 2820/3824/1630
f 1880/5730/2503 1862/5731/2504 1854/5732/2174
f 958/5108/2246 854/4678/2064 879/5733/2463
f 990/5734/2328 971/5735/2344 993/5736/2505
f 2085/4477/1822 2081/5488/2400 2086/5737/2432
f 1322/5738/2506 1791/5739/2506 1790/5740/2506
f 1454/5741/2507 1451/5727/2501 1333/5742/2508
f 1855/5743/2427 1860/5744/2509 1842/5745/2304
f 852/5746/1961 2513/5090/1737 894/5747/2510
f 1971/5748/2499 1966/5749/2237 1953/5750/2235
f 2326/5751/2511 2309/4817/2114 2308/5559/2305
f 985/5338/2338 994/5752/2372 959/5137/2259
f 1450/5753/2440 1332/5754/2512 1331/5755/2513
f 1852/5756/2468 1860/5744/2509 1855/5743/2427
f 1869/5585/2419 1839/5154/2104 1863/5757/2514
f 1784/5758/2470 1798/5759/2443 1788/5760/2313
f 850/4405/1946 888/5653/2401 887/5584/2162
f 2271/4521/1993 2293/4991/1917 2320/5726/2500
f 2488/5761/2044 2497/5762/2404 2489/5763/2141
f 1324/5764/2515 1326/5765/2515 1345/5766/2515
f 1853/5677/2474 1421/5465/1924 1842/5767/2304
f 1783/5569/2406 1795/5768/2516 1777/5769/2350
f 2307/5532/2355 2320/5770/2500 2321/5555/2423
f 1863/5757/2514 1839/5154/2104 1850/5771/2453
f 1451/5727/2501 1454/5741/2507 1857/5728/2502
f 933/4783/2099 1005/5406/2349 1004/5772/2517
f 1869/5585/2419 1863/5757/2514 1847/5773/2420
f 1857/5774/2127 1856/5775/2518 1858/5776/2519
f 1781/5777/2260 1803/5778/2520 1317/5779/2302
f 2991/5780/2521 2982/3736/1657 2981/3735/1656
f 992/5781/2522 1793/5782/2381 924/5783/2146
f 2513/5090/1737 2496/5641/2459 894/5747/2510
f 1448/5784/2523 1865/5785/2523 1857/5786/2523
f 1340/5787/2524 1343/5686/2478 990/5685/2328
f 2075/5788/2525 2089/5789/2525 1972/5790/2525
f 1787/5375/2351 1777/5374/2350 1795/5791/2516
f 1857/5792/2127 1858/5793/2519 1861/5794/2379
f 97/5795/2526 878/5674/2252 877/5673/2286
f 2511/5796/2527 2498/5797/2527 2499/5798/2527
f 1852/5668/2468 1859/5799/2528 1860/5800/2509
f 1318/5681/2306 1329/5682/2476 1337/5801/2480
f 874/5568/2429 862/5230/2269 880/5802/2441
f 995/5803/2485 997/5804/2484 80/5805/2529
f 1796/5806/2530 1829/5807/2530 954/5808/2530
f 2489/5763/2141 2497/5762/2404 2514/5809/2460
f 1450/5598/2440 1331/5810/2513 1452/5596/2438
f 76/4660/2058 996/5811/2531 922/4610/2033
f 1995/5812/2532 1959/5487/2094 1983/5694/2483
f 898/5813/2533 876/5660/2469 874/5583/2429
f 2081/5488/2400 2065/4032/1791 2077/5407/2365
f 80/5814/2534 997/5815/2534 1010/5816/2534
f 998/5817/2437 987/5560/2425 944/5453/2154
f 2311/5610/2445 2298/4906/2153 2321/5818/2423
f 892/5297/2320 895/5819/2535 888/5489/2401
f 1780/5451/2254 1803/5820/2520 1781/5452/2260
f 1784/5821/2470 1317/5779/2302 1803/5778/2520
f 1332/5822/2512 1454/5823/2507 1333/5824/2508
f 1856/5676/2473 1452/5596/2438 1453/5825/2536
f 1788/5826/2313 1786/5827/2498 1784/5662/2470
f 1850/5828/2453 1962/5829/2361 1863/5830/2514
f 881/5831/2537 859/4595/2024 875/5609/2444
f 927/5265/2066 987/5592/2425 998/5832/2437
f 999/5833/2311 1000/5834/2538 977/5835/2367
f 1795/5768/2516 1783/5569/2406 1799/5701/2488
f 889/5388/2359 890/5836/2539 189/4934/2166
f 926/5073/2065 80/5837/2529 1001/5838/2384
f 1881/5839/2540 1449/5840/2436 1334/5841/2173
f 2073/4938/2168 2087/5842/2487 2077/5407/2365
f 1851/5843/2363 1861/5844/2379 1866/5845/2541
f 2498/5364/2224 2515/5363/2102 2499/5846/2150
f 1981/5847/2542 1993/5848/2542 1973/5849/2542
f 1971/5748/2499 1980/5850/2543 1966/5749/2237
f 1995/5812/2532 1963/5485/2399 1959/5487/2094
f 1791/5851/2544 1322/5408/2366 1797/5595/2354
f 1861/5794/2379 1858/5793/2519 1866/5852/2541
f 994/5752/2372 985/5338/2338 1008/5853/2545
f 1983/5854/2546 1973/5855/2546 1993/5856/2546
f 2326/5751/2511 2308/5559/2305 2311/5610/2445
f 902/5604/2016 826/2914/1304 882/5857/2547
f 1004/5772/2517 1023/5858/2548 933/4783/2099
f 983/5490/2358 988/5654/2332 989/5859/2549
f 80/5837/2529 926/5073/2065 1009/5065/2228
f 1983/5694/2483 1962/5695/2361 2001/5860/2550
f 1859/5799/2528 1862/5861/2551 1860/5800/2509
f 2070/4005/1776 2110/2834/1271 2082/5519/2411
f 1866/5845/2541 1859/5862/2528 1851/5843/2363
f 1006/5863/2552 974/5382/2356 970/5337/2337
f 1962/5829/2361 1978/5864/2415 1863/5830/2514
f 1859/5799/2528 1852/5668/2468 1851/5637/2363
f 1009/5865/2228 995/5803/2485 80/5805/2529
f 1860/5866/2509 1862/5867/2551 1864/5868/2553
f 1998/5869/2554 1973/5566/2428 1966/5565/2237
f 1988/5870/2555 1975/5871/2556 1982/5872/2557
f 1988/5873/2555 1974/5874/2558 1975/5875/2556
f 1863/5876/2514 1874/5546/2421 1847/5545/2420
f 997/5877/2466 1015/5878/2559 1002/5879/2467
f 1003/5880/2560 1004/5881/2560 1005/5882/2560
f 954/5538/2223 1813/5540/2418 1796/5883/2561
f 873/5884/2562 899/5885/2562 895/5886/2562
f 933/4783/2099 1023/5858/2548 980/5459/2387
f 1870/5887/2413 1844/5333/2334 1869/5543/2419
f 974/5888/2356 886/5889/2563 858/5890/2157
f 1988/5870/2555 1982/5872/2557 1878/5891/2564
f 993/5736/2505 1340/5892/2524 990/5734/2328
f 1864/5868/2553 1842/5767/2304 1860/5866/2509
f 1000/5893/2538 999/5699/2311 1829/5480/2396
f 1789/5894/2388 1790/5895/2347 1791/5896/2544
f 191/5897/2565 889/5437/2359 870/5436/2380
f 1829/5898/2396 1012/5899/2566 1015/5900/2559
f 881/5831/2537 849/4352/1920 189/5901/2166
f 880/5601/2441 876/5669/2469 898/5902/2533
f 1785/5903/2567 1793/5904/2568 1774/5629/2316
f 2314/5905/2461 2309/4817/2114 2326/5751/2511
f 2080/5906/2330 2087/5700/2487 2078/5084/1775
f 2084/5534/2416 2064/4014/1781 2083/5520/2412
f 831/3417/1528 102/3988/1769 860/5907/2189
f 1976/5908/2569 1977/5909/2569 1989/5910/2569
f 2827/5445/2295 2322/5911/2570 2351/5446/2236
f 889/5912/2571 191/5913/2571 193/5914/2571
f 849/4352/1920 881/5831/2537 875/5609/2444
f 1863/5915/2572 1978/5916/2572 1979/5917/2572
f 1792/5918/2573 1793/5919/2573 1794/5920/2573
f 874/5568/2429 880/5802/2441 883/5921/2574
f 1974/5874/2558 1991/5922/2575 1975/5875/2556
f 2323/5923/2462 2310/5644/2193 2314/5646/2461
f 1859/5924/2528 1858/5925/2519 1862/5926/2551
f 1811/5927/2576 1334/5928/2576 1313/5929/2576
f 2090/5930/2577 2086/5737/2432 2081/5488/2400
f 396/5931/2578 1329/5682/2476 1327/5619/2219
f 1970/5932/2435 1846/5466/2389 1853/5677/2474
f 1862/5933/2579 1880/5934/2579 1864/5935/2579
f 1817/5936/2580 1451/5937/2501 1865/5938/2368
f 1881/5839/2540 1867/5939/2581 1449/5840/2436
f 1453/5940/2582 1452/5941/2582 497/5942/2582
f 986/5570/2430 977/5571/2367 1007/5943/2583
f 1994/5944/2584 1998/5945/2554 1966/5946/2237
f 2290/4875/2139 2304/5719/2497 2315/5429/2377
f 1335/5947/2490 1314/5201/2285 1345/5536/2417
f 1859/5924/2528 1866/5948/2541 1858/5925/2519
f 1784/5662/2470 1780/5949/2254 1323/5663/2191
f 1980/5950/2543 1994/5944/2584 1966/5946/2237
f 1978/5542/2415 1983/5361/2348 1979/5951/2585
f 1326/5339/2339 1330/5128/2220 1346/5952/2586
f 1449/5953/2436 1880/5730/2503 1854/5732/2174
f 2985/4306/1906 2982/3736/1657 2352/5954/2587
f 2318/5955/2402 2331/5956/1938 2305/5957/2296
f 1973/5958/2428 1994/5959/2584 1981/5960/2588
f 1970/5961/2435 1853/5962/2474 1886/5963/2589
f 2350/5964/2374 2269/4469/1974 2303/4468/1973
f 974/5888/2356 1006/5965/2552 886/5889/2563
f 2981/3735/1656 2987/4394/1942 2992/5966/2590
f 1000/5834/2538 1007/5967/2583 977/5835/2367
f 985/5968/2338 981/5969/2591 1008/5970/2545
f 97/5971/2526 877/5202/2286 887/4926/2162
f 1858/5776/2519 1856/5775/2518 1868/5972/2592
f 1982/5973/2593 1975/5974/2593 1886/5975/2593
f 1886/5976/2589 1975/5977/2556 1984/5978/2594
f 2293/4991/1917 2323/5648/2462 2320/5726/2500
f 980/5979/2387 1023/5980/2548 992/5781/2522
f 1962/5695/2361 1850/5981/2453 2001/5860/2550
f 1780/5544/2254 1849/5612/2447 1841/5243/2298
f 1864/5868/2553 1853/5677/2474 1842/5767/2304
f 884/5982/2378 885/5983/2326 896/5984/2595
f 1774/5629/2316 1793/5904/2568 1799/5701/2488
f 2001/5985/2596 1979/5986/2596 1983/5987/2596
f 970/5337/2337 983/5387/2358 1006/5988/2552
f 1984/5989/2594 1970/5961/2435 1886/5963/2589
f 1786/5720/2498 1787/5722/2351 1795/5990/2516
f 1984/5989/2594 1985/5991/2597 1970/5961/2435
f 1969/5611/2446 1965/5313/2327 1958/5992/2281
f 883/5993/2574 880/5601/2441 898/5902/2533
f 989/5413/2369 853/5415/1980 886/5994/2598
f 89/5995/2599 887/5996/2162 888/5997/2401
f 1009/5998/2228 1019/5999/2486 995/6000/2485
f 1984/5978/2594 1975/5977/2556 1991/6001/2575
f 1334/6002/2600 1811/6003/2601 1810/6004/2602
f 2071/4493/1983 1960/4629/2043 2088/6005/2603
f 971/5347/2344 982/5481/2397 1013/6006/2604
f 1870/5523/2413 2001/6007/2550 1850/5625/2453
f 861/6008/2200 902/6009/2016 72/6010/2605
f 1799/6011/2606 1793/6012/2606 1792/6013/2606
f 1453/6014/2607 497/6015/2607 1856/6016/2607
f 1881/5839/2540 1334/5841/2173 1801/6017/2608
f 1830/6018/2609 1010/6019/2609 1794/6020/2609
f 1881/6021/2610 1865/6022/2368 1862/6023/2317
f 396/5931/2578 1327/5619/2219 1342/5621/2451
f 1786/5827/2498 1780/5949/2254 1784/5662/2470
f 1971/6024/2499 1970/5961/2435 1985/5991/2597
f 1858/5776/2519 1868/5972/2592 1862/6025/2551
f 2089/6026/2611 2075/4943/2171 2082/5635/2411
f 1451/6027/2501 1817/6028/2580 1333/5824/2508
f 2326/6029/2511 2323/5923/2462 2314/5646/2461
f 1336/6030/2612 1346/5952/2586 1330/5128/2220
f 1329/6031/2476 1338/6032/2479 1337/6033/2480
f 1968/5627/2297 1986/6034/2613 1987/6035/1608
f 889/6036/2359 193/6037/2614 890/6038/2539
f 1786/5827/2498 1804/6039/2615 1780/5949/2254
f 2496/5641/2459 2506/6040/2616 894/5747/2510
f 883/5921/2574 897/6041/2617 874/5568/2429
f 99/6042/2618 899/6043/2619 860/6044/2620
f 1796/6045/2621 1806/6046/2621 1829/6047/2621
f 891/6048/2622 885/5310/2326 867/5309/2241
f 1331/5755/2513 1332/5754/2512 1341/6049/2623
f 1452/6050/2624 1331/6051/2624 497/6052/2624
f 1330/5128/2220 1338/6053/2479 1336/6030/2612
f 2324/6054/2625 2269/4469/1974 2350/5964/2374
f 2980/3698/1637 2976/2939/1316 2985/6055/1906
f 2083/5549/2412 1972/5548/2422 2089/6056/2626
f 1008/5853/2545 1011/6057/2627 994/5752/2372
f 2072/5577/2045 2086/5576/2432 2090/6058/2577
f 884/5535/2378 891/6059/2622 867/5098/2241
f 1867/6060/2581 1880/6061/2503 1449/6062/2436
f 2323/5648/2462 2325/6063/2628 2320/5726/2500
f 2980/3698/1637 2985/6055/1906 2990/5051/2222
f 1334/6002/2600 1810/6004/2602 1805/6064/2629
f 1797/6065/2354 1798/6066/2443 1791/6067/2544
f 1820/6068/2630 1795/6069/2630 1799/6070/2630
f 1988/6071/2555 1878/6072/2564 1974/6073/2558
f 1345/6074/2631 1326/6075/2631 1346/6076/2631
f 1798/5759/2443 1784/5758/2470 1800/6077/2632
f 1009/5065/2228 88/4889/2147 1020/6078/2633
f 1786/6079/2498 1795/6080/2516 1818/6081/2634
f 1012/6082/2566 1002/5879/2467 1015/5878/2559
f 2001/6083/2635 2000/6084/2636 1979/6085/2637
f 2333/5500/2013 2504/6086/2638 2497/5501/2404
f 1989/6087/2639 1977/3706/1642 1996/6088/2640
f 1983/6089/2483 1993/6090/2641 1990/6091/2642
f 2326/6092/2643 2325/6093/2643 2323/6094/2643
f 1006/6095/2552 983/6096/2358 989/6097/2549
f 1010/6098/2644 1826/6099/2644 80/6100/2644
f 892/6101/2645 893/6102/2645 111/6103/2645
f 879/5649/2463 893/6104/2646 892/5297/2320
f 1334/6105/2647 1805/6106/2647 1801/6107/2647
f 2003/6108/2648 1965/5561/2426 1963/5485/2399
f 1795/6080/2516 1813/6109/2418 1818/6081/2634
f 895/5819/2535 892/5297/2320 111/6110/2649
f 1813/5540/2418 1789/5539/2388 1818/6111/2634
f 982/6112/2397 994/5752/2372 1011/6057/2627
f 1867/5939/2581 1876/6113/2650 1877/6114/2651
f 1800/6115/2632 1784/5821/2470 1803/5778/2520
f 971/6116/2652 1013/6117/2652 1344/6118/2652
f 1882/6119/2653 1868/6120/2592 1856/6121/2518
f 1804/6122/2615 1803/5820/2520 1780/5451/2254
f 1789/5894/2388 1802/6123/2654 1818/6124/2634
f 1836/5244/2118 1849/5612/2447 1869/6125/2419
f 1974/6126/2558 2015/6127/2655 1991/6128/2575
f 2311/5610/2445 2321/5818/2423 2326/5751/2511
f 2514/6129/2460 2502/6130/2656 2515/6131/2102
f 2499/4898/2150 2515/6131/2102 2502/6130/2656
f 190/6132/2657 191/5897/2565 870/5436/2380
f 2091/6133/2658 2988/4635/2015 2072/4634/2045
f 2327/6134/2659 2827/5530/2295 2317/5715/2335
f 1012/6135/2566 1792/6136/2491 1002/6137/2467
f 971/6138/2660 1344/6139/2660 993/6140/2660
f 2318/5955/2402 2332/6141/2661 2331/5956/1938
f 1792/6136/2491 1012/6135/2566 1806/6142/2662
f 2490/5131/2256 2503/6143/2663 2494/5672/2472
f 1019/5999/2486 1009/5998/2228 1020/6144/2633
f 1338/6032/2479 1329/6031/2476 1336/6145/2612
f 1992/6146/2664 1974/6073/2558 1878/6072/2564
f 2333/6147/2665 2330/6148/2665 2329/6149/2665
f 2320/5770/2500 2325/6150/2628 2328/6151/2666
f 1849/6152/2447 1870/6153/2413 1869/6154/2419
f 1803/6155/2520 1804/6156/2615 1805/6157/2629
f 870/5603/2380 852/4440/1961 894/6158/2510
f 895/6159/2535 89/5995/2599 888/5997/2401
f 981/5474/2393 986/5570/2430 82/6160/2667
f 1871/6161/2668 1867/6060/2581 1877/6162/2651
f 1803/5778/2520 1805/6163/2629 1810/6164/2602
f 1813/6165/2418 1816/6166/2669 1796/6167/2561
f 1881/6021/2610 1801/6168/2670 1865/6022/2368
f 1798/6066/2443 1807/6169/2671 1791/6067/2544
f 1806/6170/2672 1012/5899/2566 1829/5898/2396
f 1979/6171/2637 1873/6172/2673 1863/6173/2514
f 1987/3623/1608 1996/6088/2640 1977/3706/1642
f 897/6174/2617 898/5813/2533 874/5583/2429
f 2327/6175/2659 2322/5911/2570 2827/5445/2295
f 2503/6143/2663 2490/5131/2256 2499/4898/2150
f 1862/6176/2674 1868/6177/2674 1872/6178/2674
f 1874/5546/2421 1863/5876/2514 1873/6179/2673
f 1800/6077/2632 1809/6180/2675 1798/5759/2443
f 1339/6181/2676 1340/6182/2676 993/6183/2676
f 2320/5770/2500 2328/6151/2666 2321/5555/2423
f 1789/5894/2388 1791/5896/2544 1807/6184/2671
f 2503/6143/2663 2499/4898/2150 2502/6130/2656
f 896/5984/2595 885/5983/2326 79/6185/2677
f 1011/6057/2627 1013/6186/2604 982/6112/2397
f 1981/6187/2588 1990/6188/2642 1993/6189/2641
f 2328/6190/2666 2326/5751/2511 2321/5818/2423
f 826/2914/1304 83/5640/2458 882/5857/2547
f 1796/6167/2561 1816/6166/2669 1808/6191/2678
f 1006/5965/2552 1014/6192/2679 886/5889/2563
f 1981/6187/2588 1994/6193/2584 1990/6188/2642
f 2332/6194/2661 2318/5537/2402 2315/5670/2377
f 1856/6121/2518 502/6195/2680 1882/6119/2653
f 1990/6091/2642 1995/6196/2532 1983/6089/2483
f 2304/6197/2497 2316/6198/2489 2315/6199/2377
f 1965/6200/2681 2003/6201/2681 2013/6202/2681
f 1333/5824/2508 1341/6203/2623 1332/5822/2512
f 2352/5954/2587 2982/3736/1657 2991/5780/2521
f 884/5535/2378 896/6204/2595 891/6059/2622
f 989/6097/2549 1014/6205/2679 1006/6095/2552
f 897/6206/2682 883/6207/2682 898/6208/2682
f 1830/6209/2683 1826/6210/2683 1010/6211/2683
f 1984/5989/2594 2009/6212/2684 1985/5991/2597
f 73/6213/2685 873/6214/2686 895/6215/2535
f 1958/5992/2281 1965/5313/2327 2013/6216/2687
f 1873/6217/2673 1877/6218/2651 1874/6219/2421
f 893/6220/2646 879/5733/2463 859/6221/2024
f 989/6222/2688 886/6223/2688 1014/6224/2688
f 2003/6108/2648 1963/5485/2399 1995/5812/2532
f 1809/6225/2675 1807/6169/2671 1798/6066/2443
f 2111/6226/2689 2080/5324/2330 2076/5218/2291
f 891/6048/2622 79/6227/2677 885/5310/2326
f 74/6228/2690 1016/6229/2691 1019/6230/2486
f 1019/5698/2486 1016/6231/2691 997/5696/2484
f 1342/6232/2692 1343/6233/2692 1340/6234/2692
f 1994/6235/2584 1971/5748/2499 1985/6236/2597
f 2329/6237/2693 2330/6238/2405 2500/6239/2694
f 2082/5519/2411 2071/4493/1983 2088/6005/2603
f 1980/5850/2543 1971/5748/2499 1994/6235/2584
f 1875/6240/2695 1873/6172/2673 1979/6171/2637
f 1341/6241/2623 490/6242/2696 1331/6243/2513
f 1810/6244/2602 1865/5938/2368 1801/6245/2670
f 1786/5827/2498 1902/6246/2697 1804/6039/2615
f 1864/6247/2553 1871/6248/2668 1853/6249/2474
f 2316/6198/2489 2313/6250/2456 2315/6199/2377
f 2325/6150/2628 2326/6251/2511 2328/6151/2666
f 2312/5633/2455 2317/5334/2335 2826/5094/2039
f 1810/6244/2602 1817/5936/2580 1865/5938/2368
f 2021/6252/2698 2084/6253/2416 2083/6254/2412
f 2514/5809/2460 2497/5762/2404 2504/6255/2638
f 1793/6256/2699 1830/6257/2699 1794/6258/2699
f 1876/6259/2650 1874/6260/2421 1877/6261/2651
f 1829/5480/2396 1015/6262/2559 1000/5893/2538
f 1867/6060/2581 1871/6161/2668 1880/6061/2503
f 859/6221/2024 879/5733/2463 854/4678/2064
f 1875/6263/2695 1979/6085/2637 2000/6084/2636
f 1800/6115/2632 1803/5778/2520 1810/6164/2602
f 1007/6264/2583 82/6265/2667 986/6266/2430
f 1877/6267/2700 1888/6268/2700 1871/6269/2700
f 899/6270/2701 89/6271/2701 895/6272/2701
f 1958/5992/2281 2013/6216/2687 2012/6273/2702
f 2331/6274/1938 2332/6275/2661 2334/6276/2703
f 1878/6277/2564 1982/6278/2557 1879/6279/2704
f 1864/6247/2553 1880/6280/2503 1871/6248/2668
f 1015/6281/2705 997/6282/2705 1016/6283/2705
f 1881/6284/2706 1862/6285/2706 1872/6286/2706
f 1817/6287/2707 1810/6288/2707 1811/6289/2707
f 1805/6290/2708 1804/6291/2708 1801/6292/2708
f 1871/6293/2668 1888/6294/2709 1853/6295/2474
f 396/6296/2710 1336/6297/2710 1329/6298/2710
f 1884/6299/2711 1882/6300/2653 1885/6301/2712
f 1000/6302/2538 82/6265/2667 1007/6264/2583
f 1870/5523/2413 1883/6303/2713 2001/6007/2550
f 2331/4384/1938 2334/6304/2703 2313/5634/2456
f 1890/6305/2714 1780/5125/2254 1874/5546/2421
f 190/6306/2657 870/5603/2380 894/6158/2510
f 75/6307/2715 76/6308/2058 183/6309/2716
f 1892/6310/2717 1884/6311/2717 1885/6312/2717
f 1792/6136/2491 1806/6142/2662 1799/6313/2718
f 1856/6121/2518 497/6314/2719 502/6195/2680
f 1331/6243/2513 492/6315/2720 497/6316/2721
f 1886/6317/2589 1853/6318/2474 637/6319/2722
f 1812/6320/2723 1345/6321/2417 1809/6322/2675
f 639/6323/2724 1992/6146/2664 1878/6072/2564
f 859/4595/2024 881/5831/2537 109/6324/2725
f 405/6325/2726 1902/6246/2697 1786/5827/2498
f 993/6326/2727 1344/6327/2727 1339/6328/2727
f 1813/6329/2728 1795/6330/2728 1814/6331/2728
f 1976/5226/1887 1989/6332/2639 1996/6333/2640
f 1812/6320/2723 1809/6322/2675 1815/6334/2729
f 1346/5952/2586 1336/6030/2612 397/6335/2730
f 1881/5839/2540 1876/6113/2650 1867/5939/2581
f 1881/6336/2731 1872/6337/2732 1801/6338/2670
f 1023/5980/2548 93/6339/2733 992/5781/2522
f 2993/6340/2734 2987/4394/1942 2988/4566/2015
f 89/6341/2599 899/6342/2619 77/6343/2735
f 1990/6344/2642 1994/6235/2584 1997/6345/2736
f 490/6242/2696 492/6315/2720 1331/6243/2513
f 2083/6254/2412 2089/6346/2626 2021/6252/2698
f 2514/6129/2460 2504/6347/2638 2502/6130/2656
f 1887/6348/2737 1879/6279/2704 1982/6278/2557
f 103/6349/2738 1008/5970/2545 981/5969/2591
f 2333/5500/2013 2500/6350/2694 2504/6086/2638
f 1813/6351/2739 1814/6352/2739 1816/6353/2739
f 397/6354/2740 1342/6355/2740 1340/6356/2740
f 1333/5824/2508 1817/6028/2580 1341/6203/2623
f 1998/6357/2554 1994/5959/2584 1973/5958/2428
f 1811/6358/2741 1335/6359/2741 1817/6360/2741
f 396/6361/2742 397/6362/2742 1336/6363/2742
f 1886/6364/2589 1887/6365/2737 1982/6366/2557
f 1890/6367/2714 1849/5612/2447 1780/5544/2254
f 1000/6302/2538 1017/6368/2743 82/6265/2667
f 83/5640/2458 878/5122/2252 87/6369/2744
f 77/6370/2735 899/6043/2619 99/6042/2618
f 1346/6371/2745 1823/6372/2745 1345/6373/2745
f 1345/6374/2417 1812/6375/2723 1335/6376/2490
f 397/6377/2746 1340/6378/2746 1339/6379/2746
f 1346/5952/2586 397/6335/2730 1339/6380/2747
f 1849/6152/2447 1890/6381/2714 1870/6153/2413
f 1001/5838/2384 80/5837/2529 1018/6382/2748
f 1882/6300/2653 502/6383/2680 1885/6301/2712
f 1801/6384/2749 1876/6113/2650 1881/5839/2540
f 2500/6239/2694 2333/6385/2013 2329/6237/2693
f 1346/6386/2750 1339/6387/2750 1823/6388/2750
f 405/6325/2726 1786/5827/2498 1818/6389/2634
f 2332/6390/2661 2315/6391/2377 2334/6392/2703
f 1808/6393/2751 1821/6394/2751 1796/6395/2751
f 1019/6396/2752 1020/6397/2752 1021/6398/2752
f 1342/6399/2451 397/6400/2753 396/6401/2578
f 1344/6402/2754 1823/6403/2754 1339/6404/2754
f 1021/6405/2755 80/6406/2529 81/6407/2756
f 1987/3623/1608 1986/6408/2613 710/6409/2757
f 1987/3623/1608 710/6409/2757 1996/6088/2640
f 1984/5978/2594 1991/6001/2575 2009/6410/2684
f 2313/6411/2456 2334/6392/2703 2315/6391/2377
f 1816/6412/2758 1819/6413/2758 1808/6414/2758
f 1335/6376/2490 1812/6375/2723 1817/6415/2580
f 72/6010/2605 78/6416/2759 861/6008/2200
f 1820/6417/2760 1825/6418/2761 1795/6419/2762
f 1872/6420/2763 1868/6120/2592 1882/6119/2653
f 1874/6260/2421 1876/6259/2650 1890/6421/2714
f 2503/6422/2764 2501/6423/2764 2494/6424/2764
f 490/6425/2765 491/6426/2765 492/6427/2765
f 1344/6428/2766 1013/6429/2766 1823/6430/2766
f 79/6431/2767 891/6432/2767 896/6433/2767
f 1898/6434/2768 1872/6420/2763 1882/6119/2653
f 1885/6435/2712 502/6436/2680 1892/6437/2769
f 2076/5218/2291 2084/5534/2416 2111/6226/2689
f 981/6438/2770 82/6439/2770 103/6440/2770
f 881/5831/2537 189/5901/2166 188/6441/2771
f 195/6442/2772 881/6443/2537 188/6444/2771
f 1793/5782/2381 992/5781/2522 1827/6445/2773
f 1887/6365/2737 1886/6364/2589 637/6446/2722
f 1999/6447/2774 1994/5959/2775 1998/6357/2776
f 1890/6421/2714 1876/6259/2650 1891/6448/2777
f 1873/6217/2673 1888/6449/2778 1877/6218/2651
f 74/6450/2690 1019/6451/2486 1021/6452/2755
f 1806/6453/2662 1796/6454/2779 1825/6455/2761
f 1821/6456/2780 1825/6455/2761 1796/6454/2779
f 1807/6184/2671 1802/6123/2654 1789/5894/2388
f 1801/6457/2781 1891/6458/2781 1876/6459/2781
f 1801/6460/2782 1804/6461/2782 1890/6462/2782
f 1341/6203/2623 494/6463/2783 490/6464/2696
f 1000/5893/2538 1016/6465/2784 1017/6466/2743
f 103/6467/2785 399/6468/2785 1008/6469/2785
f 93/6339/2733 1023/5980/2548 1004/6470/2517
f 1008/6471/2786 399/6472/2786 1011/6473/2786
f 93/6339/2733 1004/6470/2517 1003/6474/2373
f 1985/6236/2597 1997/6345/2736 1994/6235/2584
f 405/6325/2726 1818/6389/2634 1802/6475/2654
f 80/6476/2787 1826/6477/2787 81/6478/2787
f 1814/6479/2788 1795/6480/2788 1821/6481/2788
f 1021/6452/2755 81/6482/2756 74/6450/2690
f 1809/6180/2675 1800/6077/2632 1815/6483/2729
f 2000/6084/2636 1889/6484/2789 1875/6263/2695
f 492/6485/2790 493/6486/2790 497/6487/2790
f 1809/6488/2791 1345/6489/2791 1822/6490/2791
f 1890/6491/2792 1891/6492/2792 1801/6493/2792
f 494/6463/2783 1341/6203/2623 1817/6028/2580
f 491/6494/2793 490/6495/2793 494/6496/2793
f 1000/5893/2538 1015/6262/2559 1016/6465/2784
f 1883/6497/2794 2000/6498/2794 2001/6499/2794
f 2015/6127/2655 2002/6500/2795 1991/6128/2575
f 502/6195/2680 497/6314/2719 496/6501/2796
f 2003/6108/2648 1995/5812/2532 1990/6502/2642
f 2981/3735/1656 2992/5966/2590 2994/6503/2797
f 111/6504/2798 893/6220/2646 859/6221/2024
f 1012/6135/2799 410/6505/2800 1806/6142/2801
f 1802/6506/2802 414/6507/2802 405/6508/2802
f 2993/6340/2734 2992/5966/2590 2987/4394/1942
f 1992/6146/2664 639/6323/2724 640/6509/2803
f 2111/6510/2689 2092/6511/2804 2080/6512/2330
f 900/6513/2805 102/3988/1769 861/5009/2200
f 1816/6514/2806 1814/6515/2807 404/6516/2808
f 82/6517/2809 1017/6518/2809 411/6519/2809
f 1825/6418/2761 1821/6520/2780 1795/6419/2762
f 83/6521/2458 84/6522/2810 882/6523/2547
f 1809/6225/2675 1822/6524/2811 1807/6169/2671
f 636/6525/2812 1890/6526/2714 1906/6527/2813
f 1810/6528/2602 1801/6529/2670 498/6530/2814
f 1799/6313/2718 1806/6142/2662 1825/6531/2761
f 1823/6532/2815 1822/6533/2815 1345/6534/2815
f 1828/6535/2816 1815/6536/2729 1800/6115/2632
f 1892/6537/2817 1894/6538/2818 1884/6539/2819
f 405/6325/2726 495/6540/2820 1902/6246/2697
f 93/6339/2733 1003/6474/2373 94/6541/2821
f 2324/6054/2625 2312/5633/2455 2269/4469/1974
f 2501/6542/2822 2496/5641/2459 2494/5089/2238
f 1830/6543/2823 420/6544/2824 1820/6545/2760
f 2322/5911/2570 2335/6546/2825 2351/5446/2236
f 87/6547/2744 878/5674/2252 97/5795/2526
f 1830/6548/2826 1820/6549/2826 1799/6550/2826
f 498/6530/2814 1801/6529/2670 1824/6551/2827
f 398/6552/2828 1819/6553/2829 400/6554/2830
f 495/6555/2831 1824/6556/2827 1801/6338/2670
f 1904/6557/2832 1853/6295/2474 1888/6294/2709
f 1898/6558/2833 1882/6559/2833 1901/6560/2833
f 496/6561/2796 1872/6420/2763 1898/6434/2768
f 2013/6562/2834 2003/6563/2648 2004/6564/2835
f 2502/6565/2656 2501/6566/2822 2503/6567/2663
f 1828/6535/2816 1800/6115/2632 1810/6164/2602
f 640/6509/2803 1974/6073/2558 1992/6146/2664
f 1878/6568/2564 1879/6569/2704 639/6570/2724
f 2502/6565/2656 2504/6571/2638 2501/6566/2822
f 1893/6572/2836 637/6319/2722 1853/6318/2474
f 400/6554/2830 1819/6553/2829 1816/6573/2806
f 1882/6574/2837 1884/6575/2837 1894/6576/2837
f 1828/6577/2816 1817/6415/2580 1812/6375/2723
f 2007/6578/2838 1985/5991/2597 2009/6212/2684
f 1017/6579/2839 1016/6580/2839 411/6581/2839
f 1011/6582/2840 399/6583/2840 398/6584/2840
f 1812/6320/2723 1815/6334/2729 1828/6585/2816
f 85/6586/2841 87/6587/2744 97/6588/2526
f 2000/6084/2636 1883/6589/2713 1889/6484/2789
f 2005/6590/2842 1976/5226/1887 1996/6333/2640
f 1825/6591/2843 1830/6592/2843 1799/6593/2843
f 1890/6526/2714 636/6525/2812 1870/5523/2413
f 414/6594/2844 1802/6595/2844 1807/6596/2844
f 1819/6597/2845 398/6598/2845 399/6599/2845
f 404/6516/2808 1814/6515/2807 1821/6600/2846
f 881/6443/2537 195/6442/2772 109/6601/2725
f 922/4610/2033 996/5811/2531 88/4889/2147
f 1894/6602/2847 1901/6603/2847 1882/6604/2847
f 1003/6605/2373 1001/5838/2384 100/6606/2848
f 420/6544/2824 1830/6543/2823 1793/6607/2381
f 1819/6608/2849 399/6609/2849 1808/6610/2849
f 1968/5627/2297 1958/5626/2281 2012/6611/2702
f 1974/6073/2558 640/6509/2803 2015/6612/2655
f 1013/6613/2850 1011/6614/2850 402/6615/2850
f 1817/6616/2580 1828/6617/2816 494/6618/2783
f 859/6619/2851 109/6620/2851 86/6621/2851
f 403/6622/2852 494/6623/2783 419/6624/2853
f 400/6625/2854 1011/6626/2854 398/6627/2854
f 900/6628/2805 861/6008/2200 78/6416/2759
f 410/6629/2855 1012/6630/2855 411/6631/2855
f 646/6632/2856 1894/6538/2818 1892/6537/2817
f 1825/6633/2857 1826/6634/2857 1830/6635/2857
f 1021/6636/2755 1018/6382/2748 80/5837/2529
f 636/6525/2812 1883/6303/2713 1870/5523/2413
f 1895/6637/2858 1899/6638/2858 1901/6639/2858
f 1807/6640/2859 1822/6641/2859 414/6642/2859
f 552/6643/2860 1872/6420/2763 496/6561/2796
f 1968/5627/2297 2006/6644/2861 1986/6034/2613
f 495/6555/2831 1801/6338/2670 1872/6337/2732
f 1827/6645/2773 420/6544/2824 1793/6607/2381
f 1822/6646/2862 1823/6647/2863 414/6648/2864
f 419/6624/2853 494/6623/2783 423/6649/2865
f 1816/6650/2806 414/6651/2864 400/6652/2830
f 1899/6653/2866 1895/6654/2867 1896/6655/2868
f 401/6656/2869 422/6657/2870 407/6658/2871
f 2006/6644/2861 1968/5627/2297 2012/6611/2702
f 400/6652/2830 402/6659/2872 1011/6660/2873
f 2072/4634/2045 2093/6661/2874 2091/6133/2658
f 1810/6528/2602 498/6530/2814 1828/6662/2816
f 1013/6663/2875 402/6664/2875 1823/6665/2875
f 2072/5577/2045 2090/6058/2577 2093/6666/2874
f 2007/6667/2876 2009/6668/2876 2008/6669/2876
f 506/6670/2877 492/6671/2878 491/6672/2879
f 1991/6673/2880 2008/6674/2880 2009/6675/2880
f 412/6676/2881 422/6657/2870 401/6656/2869
f 1016/6229/2691 74/6228/2690 415/6677/2882
f 494/6618/2783 1828/6617/2816 498/6678/2814
f 491/6672/2879 494/6679/2783 506/6670/2877
f 423/6680/2865 494/6618/2783 498/6678/2814
f 1898/6681/2768 500/6682/2883 496/6683/2796
f 401/6684/2869 2/6685/2884 412/6686/2881
f 87/6687/2744 84/6522/2810 83/6521/2458
f 422/6688/2870 494/6689/2783 403/6690/2852
f 402/6691/2872 414/6648/2864 1823/6647/2863
f 1903/6692/2885 1906/6527/2813 1890/6526/2714
f 2505/6693/2886 2504/6086/2638 2115/6694/2887
f 1018/6382/2748 100/6606/2848 1001/5838/2384
f 1816/6695/2806 404/6696/2808 414/6697/2864
f 1901/6698/2888 1897/6699/2888 1898/6700/2888
f 1898/6681/2768 1900/6701/2889 500/6682/2883
f 1894/6702/2818 1879/6703/2704 1887/6704/2737
f 2327/6175/2659 2335/6546/2825 2322/5911/2570
f 429/6705/2890 1821/6706/2891 1808/6707/2892
f 400/6652/2830 414/6651/2864 402/6659/2872
f 88/6708/2147 8/6709/2893 1020/6710/2633
f 2080/5906/2330 2092/6711/2804 2087/5700/2487
f 2327/6134/2659 2317/5715/2335 2336/6712/2894
f 77/6343/2735 91/6713/2895 89/6341/2599
f 410/6714/2896 411/6715/2896 1016/6716/2896
f 1898/6717/2897 1897/6718/2897 1900/6719/2897
f 1894/6702/2818 646/6720/2856 1879/6703/2704
f 2010/6721/2898 2004/6564/2835 2003/6563/2648
f 1990/6502/2642 2010/6722/2898 2003/6108/2648
f 495/6723/2899 1872/6724/2899 552/6725/2899
f 1883/6589/2713 1907/6726/2900 1889/6484/2789
f 89/6727/2599 90/6728/2901 887/6729/2162
f 82/6730/2902 427/6731/2902 103/6732/2902
f 401/6733/2869 407/6734/2871 2/6735/2884
f 415/6736/2903 410/6737/2903 1016/6738/2903
f 496/6739/2796 497/6740/2719 493/6741/2904
f 403/6622/2852 419/6624/2853 422/6742/2870
f 2990/5051/2222 2995/6743/2905 2984/4256/1885
f 1899/6744/2866 1900/6745/2889 1901/6746/2906
f 1894/6747/2907 1909/6748/2908 1901/6749/2909
f 2/6735/2884 407/6734/2871 406/6750/2910
f 495/6751/2820 405/6752/2726 507/6753/2911
f 2335/6754/2912 2182/6755/2912 2351/6756/2912
f 1899/6744/2866 500/6757/2883 1900/6745/2889
f 99/6042/2618 91/6758/2895 77/6370/2735
f 422/6759/2870 406/6760/2910 407/6761/2871
f 1904/6762/2832 1901/6763/2909 1893/6764/2836
f 1894/6747/2907 644/6765/2913 1909/6748/2908
f 1901/6763/2909 1904/6762/2832 1895/6766/2867
f 1804/6767/2914 1902/6768/2914 1896/6769/2914
f 1825/6770/2915 408/6771/2915 1826/6772/2915
f 1903/6773/2885 1895/6774/2867 1904/6775/2832
f 404/6776/2808 1821/6777/2846 409/6778/2916
f 498/6779/2814 552/6780/2917 423/6781/2865
f 1902/6782/2918 1905/6783/2918 1896/6784/2918
f 82/6785/2919 411/6786/2919 427/6787/2919
f 2115/6694/2887 2504/6086/2638 2500/6350/2694
f 1895/6774/2867 1903/6773/2885 1896/6788/2868
f 422/6759/2870 424/6789/2920 406/6760/2910
f 189/6790/2166 187/6791/2921 188/6792/2771
f 1808/6707/2892 399/6793/2922 429/6705/2890
f 415/6794/2882 74/6450/2690 81/6482/2756
f 92/6795/2923 93/6796/2733 94/6797/2821
f 2011/6798/2924 2012/6799/2924 2013/6800/2924
f 640/6509/2803 2030/6801/2925 2015/6612/2655
f 2112/6802/2926 2500/6239/2694 2330/6238/2405
f 992/5781/2522 93/6339/2733 1827/6445/2773
f 493/6803/2904 492/6671/2878 506/6670/2877
f 552/6804/2860 496/6739/2796 505/6805/2927
f 552/6780/2917 498/6779/2814 1824/6806/2827
f 1899/6653/2866 1896/6655/2868 500/6807/2883
f 2351/6808/2236 2112/6802/2926 2330/6238/2405
f 1003/6809/2373 95/6810/2928 94/6811/2821
f 2004/6812/2835 2011/6813/2929 2013/6814/2834
f 2010/6722/2898 1990/6502/2642 2014/6815/2930
f 1821/6816/2931 429/6817/2931 409/6818/2931
f 1804/6819/2932 1903/6692/2885 1890/6526/2714
f 506/6820/2877 494/6689/2783 422/6688/2870
f 410/6821/2933 427/6822/2934 411/6823/2935
f 194/6824/2936 189/4934/2166 890/5836/2539
f 1901/6746/2906 1900/6745/2889 1897/6825/2937
f 422/6826/2870 419/6827/2853 431/6828/2938
f 412/6829/2881 413/6830/2939 422/6831/2870
f 111/6832/2940 129/6833/2940 105/6834/2940
f 1824/6806/2827 495/6835/2831 552/6780/2917
f 1893/6836/2836 1853/6295/2474 1904/6557/2832
f 2004/6837/2835 2010/6838/2898 2014/6839/2930
f 399/6793/2922 103/6840/2941 426/6841/2942
f 1997/6345/2736 1985/6236/2597 2007/6842/2838
f 95/6843/2943 96/6844/2943 94/6845/2943
f 859/6846/2024 86/6847/2944 111/6848/2798
f 1020/6710/2633 8/6709/2893 116/6849/2945
f 887/6850/2946 85/6851/2946 97/6852/2946
f 1904/6853/2832 1906/6527/2813 1903/6692/2885
f 405/6752/2726 414/6854/2864 507/6753/2911
f 496/6855/2796 500/6856/2883 499/6857/2947
f 1873/6172/2673 1875/6240/2695 1908/6858/2948
f 1873/6859/2673 1908/6860/2948 1888/6861/2778
f 2317/5334/2335 2312/5633/2455 2336/6862/2894
f 415/6863/2882 408/6864/2949 410/6865/2933
f 1902/6866/2950 495/6867/2950 1905/6868/2950
f 860/6869/2951 98/6870/2951 99/6871/2951
f 100/6872/2848 95/6810/2928 1003/6809/2373
f 404/6696/2808 416/6873/2952 414/6697/2864
f 412/6686/2881 2/6685/2884 461/6874/2953
f 500/6875/2883 503/6876/2954 499/6877/2947
f 429/6705/2890 399/6793/2922 426/6841/2942
f 1908/6878/2955 636/6879/2955 1906/6880/2955
f 500/6881/2883 1896/6882/2868 501/6883/2956
f 1820/6884/2760 440/6885/2957 1825/6886/2761
f 1825/6887/2958 435/6888/2959 408/6889/2949
f 1990/6344/2642 1997/6345/2736 2007/6842/2838
f 2077/5407/2365 2087/5842/2487 2092/6890/2804
f 417/6891/2960 418/6892/2961 419/6893/2853
f 1879/6569/2704 646/6894/2856 639/6570/2724
f 1826/6895/2962 408/6864/2949 415/6863/2882
f 521/6896/2963 502/6897/2680 496/6898/2796
f 2002/6899/2795 2015/6900/2655 2017/6901/2964
f 1021/6902/2755 116/6849/2945 1018/6903/2748
f 505/6805/2927 496/6739/2796 493/6741/2904
f 420/6904/2824 440/6905/2957 1820/6906/2760
f 92/6795/2923 101/6907/2965 93/6796/2733
f 1887/6365/2737 637/6446/2722 1894/6908/2818
f 506/6820/2877 422/6688/2870 421/6909/2966
f 410/6821/2933 435/6888/2959 427/6822/2934
f 404/6776/2808 409/6778/2916 416/6910/2952
f 423/6781/2865 552/6780/2917 417/6911/2960
f 422/6912/2967 431/6913/2967 424/6914/2967
f 1018/6903/2748 116/6849/2945 100/6915/2848
f 1893/6572/2836 1910/6916/2968 637/6319/2722
f 417/6891/2960 419/6893/2853 423/6917/2865
f 2004/6837/2835 2014/6839/2930 2016/6918/2969
f 1826/6919/2962 415/6794/2882 81/6482/2756
f 102/6920/1769 98/6921/2970 860/6922/2189
f 187/6923/2921 189/6924/2166 197/6925/2971
f 882/6926/2547 72/6010/2605 902/6009/2016
f 191/6927/2565 190/6928/2657 196/6929/2972
f 2500/6930/2694 2112/6931/2926 2113/6932/2973
f 493/6803/2904 506/6670/2877 505/6933/2927
f 422/6831/2870 413/6830/2939 421/6934/2966
f 2084/6253/2416 2021/6252/2698 2032/6935/2974
f 2097/6936/2975 2090/5930/2577 2081/5488/2400
f 416/6873/2952 444/6937/2976 414/6697/2864
f 1892/6437/2769 502/6436/2680 647/6938/2977
f 502/6939/2680 528/6940/2978 529/6941/2979
f 501/6883/2956 503/6942/2954 500/6881/2883
f 418/6943/2980 414/6697/2864 444/6937/2976
f 103/6944/2981 427/6945/2981 426/6946/2981
f 1991/6947/2575 2002/6948/2795 2008/6949/2982
f 408/6889/2949 435/6888/2959 410/6821/2933
f 2312/5633/2455 2324/6054/2625 2164/6950/2983
f 2506/6951/2616 190/6952/2657 894/6953/2510
f 495/6954/2984 552/6955/2985 1905/6956/2986
f 412/6686/2881 436/6957/2987 413/6958/2939
f 2094/6959/2988 2089/6960/2611 2082/6961/2411
f 198/6962/2989 193/6963/2614 191/6964/2565
f 424/6789/2920 107/6965/2990 406/6760/2910
f 9/6966/2991 76/6308/2058 75/6307/2715
f 1875/6263/2695 1889/6484/2789 1908/6967/2948
f 636/6525/2812 1907/6968/2900 1883/6303/2713
f 1825/6969/2958 429/6970/2992 435/6971/2959
f 501/6972/2993 1896/6973/2993 1905/6974/2993
f 501/6975/2994 1905/6976/2986 552/6977/2985
f 2012/6611/2702 2011/6978/2995 2006/6644/2861
f 2991/5780/2521 2981/3735/1656 2994/6503/2797
f 1804/6979/2996 1896/6980/2996 1903/6981/2996
f 107/6982/2990 424/6983/2920 431/6984/2938
f 646/6985/2997 1892/6986/2997 647/6987/2997
f 2496/5641/2459 2114/6988/2998 2506/6040/2616
f 129/6989/2999 104/6990/3000 105/6991/3001
f 110/6992/3002 107/6982/2990 431/6984/2938
f 117/6993/3003 420/6904/2824 1827/6994/2773
f 873/6214/2686 13/6995/3004 857/6996/3005
f 887/6997/2162 86/6998/3006 85/6999/2841
f 1904/7000/2832 635/7001/3007 1906/7002/2813
f 2501/6542/2822 2505/6693/2886 2114/6988/2998
f 188/6792/2771 187/6791/2921 192/7003/3008
f 2019/7004/3009 2016/7005/2969 2014/7006/2930
f 2016/7007/2969 2011/7008/2929 2004/7009/2835
f 1986/6034/2613 2006/6644/2861 682/7010/3010
f 104/6990/3000 106/7011/3011 105/6991/3001
f 429/7012/3012 1825/7013/3012 438/7014/3012
f 2500/6930/2694 2113/6932/2973 2150/7015/3013
f 521/6896/2963 528/7016/2978 502/6897/2680
f 406/6750/2910 118/7017/3014 2/6735/2884
f 409/7018/3015 428/7019/3015 416/7020/3015
f 418/7021/2980 507/6753/2911 414/6854/2864
f 1893/6764/2836 1901/6763/2909 1909/7022/2908
f 2002/6948/2795 2017/7023/2964 2008/6949/2982
f 193/7024/2614 194/7025/2936 890/7026/2539
f 406/7027/2910 107/7028/2990 108/7029/3016
f 504/7030/3017 506/7031/2877 515/7032/3018
f 427/7033/3019 435/7034/3019 425/7035/3019
f 2007/7036/3020 2008/7037/3020 2023/7038/3020
f 195/7039/2772 86/7040/2944 109/7041/2725
f 552/7042/3021 505/7043/3021 417/7044/3021
f 2018/7045/3022 1960/5227/2043 1976/5226/1887
f 505/7046/2927 508/7047/3023 417/7048/3024
f 440/6885/2957 438/7049/3025 1825/6886/2761
f 426/7050/3026 427/7051/3026 425/7052/3026
f 2505/6693/2886 2501/6542/2822 2504/6086/2638
f 2091/6133/2658 2093/7053/2874 2988/4635/2015
f 409/7054/3027 430/7055/3028 428/7056/3029
f 506/7057/2877 504/7058/3017 505/7059/2927
f 2005/6590/2842 2018/7045/3022 1976/5226/1887
f 426/7060/2942 428/7061/3030 429/7062/2890
f 2182/7063/3031 2112/6802/2926 2351/6808/2236
f 1990/6344/2642 2007/6842/2838 2014/7064/2930
f 435/6971/2959 429/6970/2992 430/7065/3032
f 101/6907/2965 1827/7066/2773 93/6796/2733
f 428/7067/3033 430/7068/3033 429/7069/3033
f 495/6954/2820 507/7070/2911 552/6955/2985
f 455/7071/3034 110/7072/3002 431/7073/2938
f 507/7074/2911 501/6975/2994 552/6977/2985
f 421/6909/2966 432/7075/3035 506/6820/2877
f 433/7076/3036 440/6905/2957 420/6904/2824
f 110/7077/3002 427/7078/3037 123/7079/3038
f 430/7080/3039 409/7081/3039 429/7082/3039
f 108/7083/3040 107/7084/3040 110/7085/3040
f 420/6904/2824 117/6993/3003 433/7076/3036
f 425/7086/3041 427/7087/3037 110/7088/3002
f 114/7089/3042 99/7090/3042 98/7091/3042
f 1908/7092/3043 1889/7093/3043 2024/7094/3043
f 2093/6666/2874 2090/6058/2577 2097/7095/2975
f 1888/7096/3044 641/7097/3044 1904/7098/3044
f 1907/6968/2900 636/6525/2812 2025/7099/3045
f 105/7100/3001 106/7101/3011 111/7102/2649
f 431/7073/2938 419/6893/2853 455/7071/3034
f 1907/7103/3046 2025/7104/3046 1889/7105/3046
f 123/7079/3038 113/7106/3047 110/7077/3002
f 637/6319/2722 1910/6916/2968 642/7107/3048
f 2114/7108/2998 2115/7109/2887 2116/7110/3049
f 84/6522/2810 87/6687/2744 112/7111/3050
f 2025/7112/3051 2024/7113/3051 1889/7114/3051
f 2017/6901/2964 2015/6900/2655 2030/7115/2925
f 188/6792/2771 192/7003/3008 195/7116/2772
f 2082/7117/3052 2100/7118/3052 2094/7119/3052
f 1020/6710/2633 116/6849/2945 1021/6902/2755
f 191/6964/2565 196/7120/2972 198/6962/2989
f 2019/7121/3009 666/7122/3053 2016/7007/2969
f 887/6729/2162 90/6728/2901 86/7123/3006
f 2011/7008/2929 2016/7007/2969 2029/7124/3054
f 682/7010/3010 2020/7125/3055 1986/6034/2613
f 1908/6860/2948 653/7126/3056 1888/6861/2778
f 428/7061/3030 426/7060/2942 425/7127/3057
f 2088/7128/2603 1960/5227/2043 2018/7045/3022
f 648/7129/3058 637/6319/2722 642/7107/3048
f 514/7130/3059 503/7131/3059 501/7132/3059
f 503/6876/2954 538/7133/3060 499/6877/2947
f 436/6957/2987 412/6686/2881 461/6874/2953
f 2/6685/2884 434/7134/3061 461/6874/2953
f 110/7135/3002 113/7136/3047 115/7137/3062
f 114/7138/3063 91/7139/2895 99/7140/2618
f 653/7141/3064 641/7142/3064 1888/7143/3064
f 110/7144/3065 115/7145/3065 108/7146/3065
f 190/6952/2657 2506/6951/2616 2509/7147/3066
f 2111/6510/2689 751/7148/3067 2092/6511/2804
f 92/7149/2923 94/7150/2821 101/6907/2965
f 116/7151/2945 118/7017/3014 406/6750/2910
f 2024/7152/3068 636/7153/3068 1908/7154/3068
f 2995/6743/2905 2989/7155/2060 2984/4256/1885
f 435/7156/3069 428/7157/3069 425/7158/3069
f 443/7159/3070 117/7160/3003 1827/7066/2773
f 118/7161/3071 8/7162/3071 2/7163/3071
f 506/7031/2877 432/7164/3035 515/7032/3018
f 2006/7165/3072 2011/7166/3072 2029/7167/3072
f 427/7168/3073 437/7169/3073 123/7170/3073
f 467/7171/3074 416/7172/2952 428/7173/3075
f 1904/7174/3076 1910/7175/3076 635/7176/3076
f 508/7177/3023 505/7059/2927 504/7058/3017
f 507/7178/3077 418/7179/3077 417/7180/3077
f 637/6446/2722 638/7181/3078 1894/6908/2818
f 181/7182/3079 882/6523/2547 84/6522/2810
f 2089/7183/3080 2102/7184/3080 2021/7185/3080
f 419/6893/2853 418/6892/2961 455/7071/3034
f 526/7186/3081 507/7187/3081 417/7188/3081
f 526/7189/3082 417/7048/3024 508/7047/3023
f 119/7190/3083 73/6213/2685 895/6215/2535
f 2077/5407/2365 2095/7191/3084 2099/7192/3085
f 2005/6590/2842 1996/6333/2640 710/7193/2757
f 110/7072/3002 455/7071/3034 463/7194/3086
f 413/6830/2939 436/7195/2987 421/6934/2966
f 507/7074/2911 514/7196/3087 501/6975/2994
f 2025/7197/3088 636/7198/3088 2024/7199/3088
f 437/7200/3089 427/7201/3090 425/7202/3041
f 2007/6842/2838 2022/7203/3091 2014/7064/2930
f 86/6847/2944 121/7204/3092 111/6848/2798
f 1909/7205/3093 1910/7206/3093 1893/7207/3093
f 2327/6175/2659 2337/7208/3094 2335/6546/2825
f 87/6587/2744 180/7209/3095 112/7210/3050
f 8/7211/2893 118/7017/3014 116/7151/2945
f 642/7212/3048 1910/7213/2968 649/7214/3096
f 429/7215/3097 438/7216/3097 442/7217/3097
f 2023/7218/3098 2008/6949/2982 2017/7023/2964
f 452/7219/3099 509/7220/3100 522/7221/3101
f 2007/6842/2838 2023/7222/3098 651/7223/3102
f 110/7088/3002 463/7224/3086 425/7086/3041
f 2324/6054/2625 2350/5964/2374 2338/7225/3103
f 509/7220/3100 452/7219/3099 511/7226/3104
f 2342/7227/3105 2339/7228/3106 2183/7229/3107
f 648/7230/3058 638/7231/3078 637/7232/2722
f 2339/7228/3106 2342/7227/3105 2340/7233/3108
f 428/7173/3075 437/7234/3089 467/7171/3074
f 8/6709/2893 88/6708/2147 996/7235/2531
f 85/7236/2841 120/7237/3109 180/7238/3095
f 2094/6959/2988 2102/7239/3110 2089/6960/2611
f 499/6857/2947 521/7240/2963 496/6855/2796
f 193/7024/2614 198/7241/2989 201/7242/3111
f 644/7243/2913 639/7244/2724 646/7245/2856
f 644/7246/3112 1894/7247/3112 638/7248/3112
f 129/7249/3113 111/7250/3113 121/7251/3113
f 438/7252/3025 446/7253/3114 439/7254/3115
f 98/6921/2970 102/6920/1769 122/7255/3116
f 2024/7256/3117 2025/7257/3117 2019/7258/3117
f 524/7259/3118 509/7260/3118 511/7261/3118
f 438/7252/3025 433/7262/3036 446/7253/3114
f 194/7025/2936 193/7024/2614 200/7263/3119
f 181/7264/3079 72/6010/2605 882/6926/2547
f 89/6341/2599 91/6713/2895 90/7265/2901
f 639/7266/3120 2028/7267/3120 640/7268/3120
f 2016/7007/2969 666/7122/3053 2029/7124/3054
f 85/6586/2841 180/7209/3095 87/6587/2744
f 2340/7269/3121 2342/7270/3121 2343/7271/3121
f 438/7252/3025 440/7272/2957 433/7262/3036
f 430/7055/3122 437/7273/3089 428/7056/3075
f 197/6925/2971 189/6924/2166 194/7274/2936
f 445/7275/3123 444/6937/2976 416/6873/2952
f 1910/7276/2968 1904/7277/3124 641/7278/3125
f 642/7279/3126 649/7280/3126 648/7281/3126
f 455/7282/3127 418/7283/3127 444/7284/3127
f 1910/7213/2968 643/7285/3128 649/7214/3096
f 1827/7066/2773 101/6907/2965 443/7159/3070
f 2988/4635/2015 2093/7053/2874 2996/7286/3129
f 134/7287/3130 100/6915/2848 116/6849/2945
f 2114/6988/2998 2505/6693/2886 2115/6694/2887
f 113/7288/3047 123/7289/3038 1/7290/3131
f 2339/7291/3132 2153/7292/3132 2183/7293/3132
f 512/7294/3133 541/7295/3133 510/7296/3133
f 85/6999/2841 86/6998/3006 124/7297/3134
f 1909/7298/2908 644/7299/2913 645/7300/3135
f 106/7101/3011 182/7301/3136 111/7102/2649
f 1908/7302/3137 1906/7303/3137 653/7304/3137
f 116/6849/2945 1/7305/3131 134/7287/3130
f 2339/7306/3106 2340/7307/3108 2341/7308/3138
f 2099/7192/3085 2097/6936/2975 2081/5488/2400
f 2019/7309/3139 2025/7310/3140 669/7311/3141
f 439/7312/3115 441/7313/3142 438/7314/3025
f 1909/7315/3143 544/7316/3144 1910/7317/3145
f 452/7318/3099 524/7319/3146 511/7320/3104
f 666/7321/3147 2019/7322/3147 650/7323/3147
f 2007/6842/2838 651/7223/3102 2022/7203/3091
f 512/7324/3148 513/7325/3148 541/7326/3148
f 510/7327/3149 513/7328/3150 512/7329/3151
f 2509/7330/3066 196/6929/2972 190/6928/2657
f 1986/7331/2613 2020/7332/3055 710/7333/2757
f 514/7334/3152 538/7335/3152 503/7336/3152
f 438/7337/3153 441/7338/3153 442/7339/3153
f 650/7340/3154 2019/7309/3139 669/7311/3141
f 433/7076/3036 117/6993/3003 443/7341/3070
f 2340/7342/3155 2343/7343/3155 2344/7344/3155
f 2327/6134/2659 2336/6712/2894 2337/7345/3094
f 2014/7006/2930 2022/7346/3091 2019/7004/3009
f 2026/7347/3156 752/7348/3157 2100/7349/3158
f 425/7086/3041 463/7224/3086 467/7350/3074
f 1910/7276/2968 641/7278/3125 643/7351/3128
f 181/7182/3079 84/6522/2810 112/7210/3050
f 2018/7045/3022 2005/6590/2842 2027/7352/3159
f 666/7122/3053 682/7353/3160 2029/7124/3054
f 996/7354/2531 76/6308/2058 9/6966/2991
f 521/7355/3161 517/7356/3161 528/7357/3161
f 2025/7358/3162 2024/7359/3162 669/7360/3162
f 507/7074/2911 526/7361/3163 514/7196/3087
f 446/7253/3114 456/7362/3164 439/7254/3115
f 467/7363/3074 437/7200/3089 425/7202/3041
f 2077/5407/2365 2099/7192/3085 2081/5488/2400
f 1/7364/3131 115/7137/3062 113/7136/3047
f 648/7230/3058 2023/7365/3098 638/7231/3078
f 640/6509/2803 2028/7366/3165 2030/6801/2925
f 644/7367/2913 646/7368/2856 647/7369/3166
f 444/7370/3167 445/7371/3167 455/7372/3167
f 648/7373/3058 649/7374/3168 2023/7375/3098
f 2342/7376/3169 2344/7377/3170 2343/7378/3171
f 2153/7379/3172 2339/7306/3106 2154/7380/3173
f 873/6214/2686 73/6213/2685 13/6995/3004
f 2164/6950/2983 2171/7381/3174 2312/5633/2455
f 90/6728/2901 124/7382/3134 86/7123/3006
f 101/6907/2965 94/7150/2821 96/7383/3175
f 2114/6988/2998 2496/5641/2459 2501/6542/2822
f 86/6847/2944 125/7384/3176 121/7204/3092
f 123/7289/3038 134/7385/3130 1/7290/3131
f 406/7027/2910 108/7029/3016 116/7386/2945
f 504/7058/3017 515/7387/3018 508/7177/3023
f 515/7032/3018 432/7164/3035 453/7388/3177
f 114/7138/3063 128/7389/3178 91/7139/2895
f 447/7390/3179 456/7362/3164 446/7253/3114
f 2096/7391/3180 751/7148/3067 2111/6510/2689
f 2024/7392/3181 653/7393/3182 656/7394/3183
f 647/7395/2977 502/6939/2680 529/6941/2979
f 644/7243/2913 638/7396/3184 639/7244/2724
f 541/7397/3185 516/7398/3186 510/7399/3149
f 96/7383/3175 95/7400/2928 101/6907/2965
f 2017/7401/2964 655/7402/3187 2023/7365/3098
f 195/7039/2772 125/7403/3176 86/7040/2944
f 895/7404/2535 111/7405/2649 182/7406/3136
f 2111/6510/2689 2084/6253/2416 2032/6935/2974
f 2341/7308/3138 2154/7380/3173 2339/7306/3106
f 650/7407/3188 2022/7408/3091 651/7409/3102
f 429/7410/3189 442/7411/3190 465/7412/3191
f 2029/7413/3192 682/7414/3192 2006/7415/3192
f 446/7416/3114 433/7417/3036 447/7418/3179
f 432/7075/3035 448/7419/3193 453/7420/3177
f 128/7389/3178 90/7421/2901 91/7139/2895
f 644/7367/2913 647/7369/3166 665/7422/3194
f 2115/7109/2887 2117/7423/3195 2116/7110/3049
f 416/7172/2952 467/7171/3074 445/7424/3123
f 652/7425/3196 1906/7002/2813 635/7001/3007
f 651/7426/3102 2023/7427/3098 659/7428/3197
f 514/7429/3198 526/7430/3198 525/7431/3198
f 2023/7375/3098 649/7374/3168 659/7432/3197
f 513/7433/3199 518/7434/3199 541/7435/3199
f 120/7237/3109 85/6999/2841 124/7297/3134
f 197/6925/2971 194/7274/2936 200/7436/3119
f 429/7410/3189 465/7412/3191 430/7437/3122
f 2344/7438/3170 2345/7439/3200 2340/7440/3108
f 2183/7441/3201 2153/7442/3172 2181/7443/3202
f 2023/7365/3098 655/7402/3187 638/7231/3078
f 2093/7444/3203 2097/7445/3203 2098/7446/3203
f 521/7447/3204 527/7448/3204 517/7449/3204
f 129/6989/2999 126/7450/3205 104/6990/3000
f 104/6990/3000 127/7451/3206 106/7011/3011
f 465/7452/3191 442/7453/3190 441/7454/3142
f 2506/7455/3207 2114/7456/3207 2509/7457/3207
f 543/7458/3208 538/7459/3208 514/7460/3208
f 653/7461/3182 2024/7462/3181 641/7463/3125
f 2340/7307/3108 2345/7464/3200 2341/7308/3138
f 2024/7462/3181 2019/7465/3009 641/7463/3125
f 513/7328/3150 510/7327/3149 518/7466/3209
f 659/7428/3197 670/7467/3210 651/7426/3102
f 2017/7468/3211 2030/7469/3211 655/7470/3211
f 659/7471/3212 649/7472/3213 655/7473/3187
f 509/7474/3214 519/7475/3215 515/7476/3018
f 101/6907/2965 5/7477/3216 443/7159/3070
f 649/7472/3213 638/7478/3078 655/7473/3187
f 439/7312/3115 472/7479/3217 441/7313/3142
f 650/7407/3188 651/7409/3102 676/7480/3218
f 1/7481/3219 3/7482/3219 115/7483/3219
f 668/7484/3220 682/7485/3160 666/7486/3053
f 2352/7487/2587 2990/5051/2222 2985/6055/1906
f 430/7488/3122 449/7489/3221 437/7490/3089
f 2022/7491/3091 650/7492/3188 654/7493/3222
f 1909/7494/3223 645/7495/3223 530/7496/3223
f 538/7133/3060 520/7497/3224 499/6877/2947
f 499/7498/2947 520/7499/3224 521/7500/2963
f 2098/7501/3225 2097/7502/2975 2099/7503/3085
f 544/7316/3144 635/7504/3007 1910/7317/3145
f 669/7505/3226 2024/7392/3181 656/7394/3183
f 2337/7208/3094 2347/7506/3227 2335/6546/2825
f 669/7507/3228 654/7508/3228 650/7509/3228
f 108/7510/3229 115/7511/3229 3/7512/3229
f 453/7513/3177 509/7474/3214 515/7476/3018
f 182/7406/3136 119/7514/3083 895/7404/2535
f 639/7244/2724 638/7396/3184 664/7515/3230
f 514/7516/3231 525/7517/3232 545/7518/3233
f 200/7263/3119 193/7024/2614 201/7242/3111
f 2026/7519/3156 2100/7520/3158 2082/5519/2411
f 2153/7521/3172 2154/7522/3173 2155/7523/3234
f 509/7524/3235 453/7525/3235 522/7526/3235
f 2026/7519/3156 2082/5519/2411 2088/6005/2603
f 5/7477/3216 101/6907/2965 95/7400/2928
f 2030/7527/2925 2028/7528/3165 655/7529/3187
f 2022/7530/3091 641/7463/3125 2019/7465/3009
f 524/7319/3146 460/7531/3236 523/7532/3237
f 451/7533/3238 123/7534/3239 437/7535/3089
f 658/7536/3240 659/7471/3212 655/7473/3187
f 127/7451/3206 104/6990/3000 126/7450/3205
f 659/7537/3241 649/7538/3096 643/7539/3128
f 641/7540/3125 659/7537/3241 643/7539/3128
f 2028/7528/3165 639/7244/2724 664/7515/3230
f 654/7493/3222 656/7541/3183 2022/7491/3091
f 2344/7377/3170 2342/7376/3169 2159/7542/3242
f 3/7543/3243 116/7544/3243 108/7545/3243
f 449/7546/3221 430/7437/3122 465/7412/3191
f 450/7547/3244 436/6957/2987 461/6874/2953
f 447/7418/3179 433/7417/3036 457/7548/3245
f 533/7549/3246 509/7550/3214 524/7551/3146
f 196/7552/3247 2509/7553/3247 2508/7554/3247
f 2154/7522/3173 2156/7555/3248 2155/7523/3234
f 2338/7556/3103 2350/7557/2374 2356/7558/3249
f 114/7559/3250 98/7560/3250 141/7561/3250
f 448/7419/3193 432/7075/3035 421/6909/2966
f 522/7562/3251 453/7563/3252 464/7564/3251
f 2150/7015/3013 2115/7109/2887 2500/6930/2694
f 437/7490/3089 449/7489/3221 451/7565/3238
f 656/7541/3183 641/7566/3125 2022/7491/3091
f 421/6934/2966 436/7195/2987 448/7567/3193
f 95/6810/2928 100/6872/2848 5/7568/3216
f 530/7569/3253 544/7570/3144 1909/7571/3143
f 309/7572/3254 526/7189/3082 508/7047/3023
f 681/7573/3255 638/7574/3078 649/7575/3213
f 141/7576/3256 128/7577/3256 114/7578/3256
f 2111/6510/2689 2032/6935/2974 2096/7391/3180
f 680/7579/3257 653/7393/3182 1906/7580/3258
f 644/7299/2913 665/7581/3194 645/7300/3135
f 522/7582/3259 454/7583/3259 452/7584/3259
f 129/7585/2999 121/7204/3092 126/7586/3205
f 2993/7587/2734 2988/4635/2015 2996/7286/3129
f 520/7497/3224 538/7133/3060 672/7588/3260
f 2156/7589/3248 2154/7380/3173 2341/7308/3138
f 638/7590/3261 657/7591/3261 664/7592/3261
f 524/7319/3146 452/7318/3099 460/7531/3236
f 2150/7015/3013 2113/6932/2973 2346/7593/3262
f 309/7594/3263 525/7595/3263 526/7596/3263
f 521/7500/2963 520/7499/3224 527/7597/3264
f 2028/7528/3165 664/7515/3230 655/7529/3187
f 659/7598/3212 658/7599/3240 670/7600/3210
f 2346/7601/3262 2112/6802/2926 2182/7063/3031
f 2098/7602/3225 2101/7603/3265 2093/7053/2874
f 681/7573/3255 649/7575/3213 659/7604/3266
f 518/7605/3209 510/7606/3149 516/7607/3186
f 1906/7608/3267 652/7609/3267 680/7610/3267
f 2347/7611/3268 2168/7612/3268 2335/7613/3268
f 2021/6252/2698 2102/7614/3269 2032/6935/2974
f 660/7615/3270 659/7616/3241 641/7617/3125
f 2344/7438/3170 2160/7618/3271 2345/7439/3200
f 669/7619/3272 656/7620/3272 661/7621/3272
f 513/7328/3273 518/7466/3274 310/7622/3275
f 659/7428/3276 681/7623/3277 670/7467/3278
f 658/7536/3240 655/7473/3187 662/7624/3279
f 517/7625/3280 527/7626/3280 528/7627/3280
f 453/7628/3281 448/7629/3281 464/7630/3281
f 522/7562/3251 464/7564/3251 454/7631/3282
f 309/7632/3254 508/7177/3023 515/7387/3018
f 2346/7593/3262 2113/6932/2973 2112/6931/2926
f 455/7633/3283 445/7634/3123 467/7635/3074
f 2992/5966/2590 2993/6340/2734 2994/6503/2797
f 2117/7423/3195 2118/7636/3284 2116/7110/3049
f 196/7637/3285 2508/7638/3285 198/7639/3285
f 667/7640/3286 666/7641/3286 650/7642/3286
f 8/7643/2893 434/7644/3061 2/7645/2884
f 2171/7646/3287 2164/7647/3287 2157/7648/3287
f 454/7649/3288 464/7650/3288 452/7651/3288
f 100/6915/2848 133/7652/3289 5/7653/3216
f 529/7654/3290 528/7655/3290 527/7656/3290
f 2171/7381/3174 2336/6862/2894 2312/5633/2455
f 472/7657/3217 465/7452/3191 441/7454/3142
f 2342/7658/3291 2183/7659/3291 2348/7660/3291
f 2171/7661/3174 2337/7345/3094 2336/6712/2894
f 3/7662/3292 1/7663/3292 116/7664/3292
f 13/6995/3004 183/7665/2716 857/6996/3005
f 550/7666/3293 536/7667/3294 523/7668/3237
f 645/7669/3295 672/7670/3295 530/7671/3295
f 2160/7672/3271 2344/7377/3170 2159/7542/3242
f 130/7673/3296 900/6628/2805 78/6416/2759
f 663/7674/3297 656/7394/3183 653/7393/3182
f 509/7550/3214 533/7549/3246 519/7675/3215
f 2342/7676/3298 2348/7677/3298 2159/7678/3298
f 664/7679/3230 662/7680/3279 655/7681/3187
f 752/7348/3157 2094/7682/2988 2100/7349/3158
f 5/7477/3216 4/7683/3299 443/7159/3070
f 2115/7109/2887 2150/7015/3013 2117/7423/3195
f 539/7684/3300 516/7398/3186 541/7397/3185
f 531/7685/3301 536/7667/3294 550/7666/3293
f 665/7686/3302 647/7687/3302 532/7688/3302
f 198/7689/3303 2508/7690/3303 2507/7691/3303
f 450/7547/3244 448/7692/3193 436/6957/2987
f 2324/6054/2625 2349/7693/3304 2164/6950/2983
f 130/7673/3296 122/7255/3116 900/6628/2805
f 463/7194/3086 455/7071/3034 468/7694/3305
f 532/7695/3306 647/7395/2977 529/6941/2979
f 106/7011/3011 127/7451/3206 131/7696/3307
f 106/7101/3011 131/7697/3307 182/7301/3136
f 666/7698/3053 667/7699/3308 668/7700/3220
f 439/7312/3115 456/7701/3164 472/7479/3217
f 100/6915/2848 134/7287/3130 133/7652/3289
f 645/7702/3309 527/7703/3309 520/7704/3309
f 681/7705/3310 659/7616/3241 660/7615/3270
f 645/7706/3311 520/7497/3224 672/7588/3260
f 519/7475/3215 309/7707/3254 515/7476/3018
f 658/7599/3240 688/7708/3312 670/7600/3210
f 665/7709/3313 532/7710/3313 527/7711/3313
f 669/7712/3314 661/7713/3314 654/7714/3314
f 645/7300/3135 665/7581/3194 527/7715/3315
f 72/6010/2605 132/7716/3316 78/6416/2759
f 2118/7636/3284 2114/7108/2998 2116/7110/3049
f 2168/7717/3317 2182/7718/3317 2335/7719/3317
f 443/7341/3070 457/7720/3245 433/7076/3036
f 900/6628/2805 122/7255/3116 102/6920/1769
f 658/7536/3240 662/7624/3279 688/7721/3312
f 123/7722/3318 133/7723/3318 134/7724/3318
f 135/7725/3319 126/7586/3205 121/7204/3092
f 462/7726/3320 461/6874/2953 434/7134/3061
f 2156/7555/3248 2341/7727/3138 2173/7728/3321
f 2507/7729/3322 2508/7730/3322 2509/7731/3322
f 671/7732/3323 638/7574/3078 681/7573/3255
f 641/7617/3125 677/7733/3324 660/7615/3270
f 673/7734/3325 705/7735/3326 651/7736/3102
f 641/7566/3125 656/7541/3183 663/7737/3297
f 2181/7443/3202 2153/7442/3172 2158/7738/3327
f 651/7736/3102 670/7739/3210 673/7734/3325
f 2173/7728/3321 2341/7727/3138 2345/7740/3200
f 467/7741/3328 468/7742/3328 455/7743/3328
f 676/7744/3329 667/7745/3329 650/7746/3329
f 192/7003/3008 187/6791/2921 147/7747/3330
f 447/7418/3179 457/7548/3245 4/7748/3299
f 516/7607/3186 478/7749/3331 518/7605/3209
f 536/7750/3294 531/7751/3301 306/7752/3332
f 638/7753/3078 671/7754/3323 657/7755/3333
f 532/7756/3334 529/7757/3334 527/7758/3334
f 2117/7423/3195 2119/7759/3335 2118/7636/3284
f 705/7735/3326 676/7760/3218 651/7736/3102
f 2095/7191/3084 2077/5407/2365 751/7761/3067
f 2031/7762/3336 2005/6590/2842 710/7193/2757
f 2161/7763/3337 2160/7764/3271 2159/7765/3242
f 128/7389/3178 141/7766/3338 90/7421/2901
f 443/7341/3070 4/7767/3299 457/7720/3245
f 530/7569/3253 672/7768/3339 544/7570/3144
f 452/7769/3340 464/7770/3340 459/7771/3340
f 2005/6590/2842 2031/7762/3336 2027/7352/3159
f 543/7772/3341 514/7516/3231 545/7518/3233
f 523/7532/3237 533/7773/3246 524/7319/3146
f 534/7774/3342 531/7685/3301 550/7666/3293
f 2088/7128/2603 2018/7045/3022 2026/7775/3156
f 449/7546/3221 465/7412/3191 458/7776/3343
f 531/7751/3301 534/7777/3342 306/7752/3332
f 2157/7778/3344 2160/7764/3271 2161/7763/3337
f 523/7779/3237 535/7780/3345 550/7781/3293
f 72/6010/2605 181/7264/3079 132/7716/3316
f 127/7782/3206 126/7783/3205 142/7784/3346
f 670/7600/3210 688/7708/3312 673/7785/3325
f 306/7786/3332 523/7787/3237 536/7788/3294
f 2173/7728/3321 2345/7740/3200 2160/7789/3271
f 2337/7208/3094 2167/7790/3347 2347/7506/3227
f 460/7531/3236 535/7791/3345 523/7532/3237
f 488/7792/3348 434/7644/3061 8/7643/2893
f 309/7707/3254 519/7475/3215 305/7793/3349
f 447/7794/3179 472/7795/3217 456/7796/3164
f 309/7797/3350 537/7798/3351 525/7799/3232
f 452/7800/3099 459/7801/3352 460/7802/3236
f 450/7547/3244 466/7803/3353 448/7692/3193
f 2995/6743/2905 2990/5051/2222 2352/7487/2587
f 467/7804/3354 463/7805/3354 480/7806/3354
f 664/7679/3230 722/7807/3355 662/7680/3279
f 662/7624/3279 674/7808/3356 688/7721/3312
f 2338/7225/3103 2349/7693/3304 2324/6054/2625
f 135/7809/3319 142/7784/3346 126/7783/3205
f 4/7810/3299 472/7795/3217 447/7794/3179
f 320/7811/3357 519/7675/3215 533/7549/3246
f 672/7812/3358 538/7813/3358 543/7814/3358
f 451/7533/3238 133/7815/3359 123/7534/3239
f 181/7182/3079 112/7210/3050 184/7816/3360
f 2991/5780/2521 2994/6503/2797 3004/7817/3361
f 539/7818/3300 478/7819/3331 516/7820/3186
f 523/7787/3237 306/7786/3332 533/7821/3246
f 198/7241/2989 199/7822/3362 201/7242/3111
f 2158/7738/3327 2153/7442/3172 2166/7823/3363
f 2077/5407/2365 2092/6890/2804 751/7761/3067
f 147/7747/3330 195/7116/2772 192/7003/3008
f 136/7824/3364 125/7384/3176 205/7825/3365
f 320/7811/3357 305/7826/3349 519/7675/3215
f 675/7827/3366 682/7485/3160 668/7484/3220
f 705/7828/3367 667/7829/3367 676/7830/3367
f 434/7134/3061 488/7831/3348 462/7726/3320
f 535/7791/3345 460/7531/3236 540/7832/3368
f 2161/7833/3337 2159/7834/3242 2163/7835/3369
f 187/6791/2921 197/7836/2971 147/7747/3330
f 313/7837/3370 541/7838/3370 518/7839/3370
f 461/7840/2953 462/7841/3320 450/7842/3244
f 463/7843/3371 468/7844/3371 480/7845/3371
f 2156/7555/3248 2162/7846/3372 2155/7523/3234
f 2119/7759/3335 2117/7423/3195 2150/7015/3013
f 677/7847/3324 641/7566/3125 663/7737/3297
f 135/7725/3319 121/7204/3092 136/7824/3364
f 137/7848/3373 98/7849/2970 122/7850/3116
f 112/7210/3050 180/7209/3095 138/7851/3374
f 539/7684/3300 541/7397/3185 548/7852/3375
f 541/7853/3376 313/7854/3376 542/7855/3376
f 652/7425/3196 635/7001/3007 686/7856/3377
f 448/7857/3193 466/7858/3353 464/7859/3378
f 635/7860/3007 544/7861/3144 678/7862/3379
f 672/7863/3380 543/7864/3380 544/7865/3380
f 2161/7866/3337 2163/7867/3369 2157/7868/3344
f 4/7869/3381 5/7870/3381 6/7871/3381
f 654/7493/3222 661/7872/3382 656/7541/3183
f 451/7873/3238 458/7874/3343 133/7875/3359
f 2160/7764/3271 2157/7778/3344 2164/7876/2983
f 2151/7877/3383 2509/7878/3383 2114/7879/3383
f 465/7880/3191 472/7881/3217 325/7882/3384
f 716/7883/3385 309/7884/3385 305/7885/3385
f 677/7886/3324 693/7887/3386 660/7615/3270
f 136/7824/3364 121/7204/3092 125/7384/3176
f 2098/7501/3225 2099/7503/3085 2103/7888/3387
f 535/7780/3345 540/7889/3368 550/7781/3293
f 471/7890/3388 458/7891/3388 465/7892/3388
f 139/7893/3389 131/7894/3307 127/7782/3206
f 2996/7286/3129 2093/7053/2874 2101/7603/3265
f 458/7895/3343 451/7565/3238 449/7489/3221
f 660/7615/3270 693/7887/3386 681/7705/3310
f 544/7896/3390 543/7772/3341 314/7897/3391
f 133/7898/3392 6/7899/3392 5/7900/3392
f 2160/7901/3271 2164/7902/2983 2165/7903/3393
f 541/7904/3185 542/7905/3394 548/7906/3375
f 466/7907/3353 469/7908/3395 464/7909/3378
f 133/7910/3396 472/7911/3396 6/7912/3396
f 2153/7521/3172 2155/7523/3234 2166/7913/3363
f 667/7699/3308 705/7914/3326 706/7915/3397
f 310/7916/3398 680/7917/3398 312/7918/3398
f 90/6728/2901 205/7919/3399 124/7382/3134
f 545/7920/3233 316/7921/3400 542/7905/3394
f 2163/7835/3369 2159/7834/3242 2348/7922/3401
f 142/7784/3346 139/7893/3389 127/7782/3206
f 679/7923/3402 680/7924/3402 652/7925/3402
f 181/7264/3079 184/7926/3360 132/7716/3316
f 2347/7927/3403 2167/7928/3403 2168/7929/3403
f 183/7665/2716 13/6995/3004 75/7930/2715
f 537/7931/3351 317/7932/3404 525/7517/3232
f 681/7933/3310 693/7934/3386 702/7935/3405
f 653/7393/3182 680/7579/3257 663/7674/3297
f 525/7517/3232 317/7932/3404 545/7518/3233
f 542/7936/3394 313/7937/3406 545/7938/3233
f 682/7939/3160 675/7940/3366 683/7941/3407
f 137/7848/3373 140/7942/3408 98/7849/2970
f 668/7700/3220 667/7699/3308 706/7915/3397
f 320/7943/3357 716/7944/3409 305/7945/3349
f 200/7436/3119 202/7946/3410 197/6925/2971
f 683/7947/3411 2020/7948/3411 682/7949/3411
f 2160/7901/3271 2165/7903/3393 2176/7950/3412
f 674/7951/3356 662/7680/3279 722/7807/3355
f 2175/7952/3413 2165/7953/3393 2164/7954/2983
f 678/7862/3379 686/7955/3377 635/7860/3007
f 306/7786/3332 546/7956/3414 533/7821/3246
f 131/7957/3307 139/7958/3389 145/7959/3415
f 543/7772/3341 545/7518/3233 314/7897/3391
f 394/7960/3416 537/7798/3351 309/7797/3350
f 306/7961/3332 307/7962/3417 546/7963/3414
f 320/7964/3418 533/7965/3418 547/7966/3418
f 2101/7603/3265 2098/7602/3225 2103/7967/3387
f 756/7968/3419 2032/7969/3419 2102/7970/3419
f 317/7932/3404 316/7971/3400 545/7518/3233
f 450/7842/3244 481/7972/3420 466/7973/3353
f 141/7974/3338 98/7975/2970 146/7976/3421
f 198/7977/2989 2507/7978/3422 199/7979/3362
f 314/7980/3423 678/7981/3423 544/7982/3423
f 2164/7954/2983 2349/7983/3304 2175/7952/3413
f 467/7984/3424 482/7985/3425 468/7986/3426
f 2182/7987/3031 2169/7988/3427 2346/7989/3262
f 308/7990/3428 309/7991/3350 716/7992/3429
f 2170/7993/3430 2164/7994/3430 2157/7995/3430
f 2118/7636/3284 2119/7759/3335 2120/7996/3431
f 2119/7759/3335 2150/7015/3013 2152/7997/3432
f 657/7998/3333 694/7999/3433 664/7679/3230
f 2180/8000/3434 2337/8001/3094 2171/8002/3174
f 2337/8001/3094 2180/8000/3434 2167/8003/3347
f 545/7938/3233 313/7937/3406 314/8004/3391
f 677/7847/3324 663/7737/3297 684/8005/3435
f 2172/8006/3436 2349/8007/3304 2338/7556/3103
f 120/7237/3109 124/7297/3134 205/8008/3399
f 467/8009/3437 480/8010/3437 482/8011/3437
f 533/8012/3438 337/8013/3439 547/8014/3440
f 469/7908/3395 459/8015/3352 464/7909/3378
f 2160/8016/3271 2203/8017/3441 2173/8018/3321
f 2174/8019/3442 2162/7846/3372 2156/7555/3248
f 2352/5954/2587 2991/5780/2521 3004/7817/3361
f 142/8020/3346 135/7725/3319 143/8021/3443
f 78/6416/2759 132/7716/3316 130/7673/3296
f 130/7673/3296 144/8022/3444 122/7255/3116
f 458/7874/3343 331/8023/3445 133/7875/3359
f 539/7818/3300 548/8024/3375 478/7819/3331
f 2173/7728/3321 2174/8019/3442 2156/7555/3248
f 4/7810/3299 6/8025/3446 472/7795/3217
f 2175/8026/3413 2176/8027/3412 2165/8028/3393
f 657/7755/3333 671/7754/3323 687/8029/3447
f 139/7958/3389 153/8030/3448 145/7959/3415
f 996/8031/2531 7/8032/3449 8/8033/2893
f 518/8034/3450 551/8035/3450 313/8036/3450
f 2121/8037/3451 2150/8038/3013 2346/8039/3262
f 468/8040/3426 486/8041/3452 480/8042/3453
f 2203/8017/3441 2160/8016/3271 2201/8043/3454
f 2349/8044/3304 2177/8045/3455 2175/8046/3413
f 680/8047/3456 679/8048/3456 312/8049/3456
f 2177/8050/3455 2176/8027/3412 2175/8026/3413
f 197/7836/2971 209/8051/3457 147/7747/3330
f 310/8052/3458 311/8053/3458 680/8054/3458
f 685/8055/3459 310/8056/3459 312/8057/3459
f 540/8058/3368 460/7802/3236 459/7801/3352
f 481/7972/3420 450/7842/3244 462/7841/3320
f 2151/8059/3460 2114/7108/2998 2120/7996/3431
f 551/8060/3461 310/8061/3461 685/8062/3461
f 712/8063/3462 681/8064/3462 702/8065/3462
f 488/8066/3348 8/8033/2893 7/8032/3449
f 152/8067/3463 131/7697/3307 145/8068/3415
f 310/8069/3464 551/8070/3464 311/8071/3464
f 518/7605/3209 478/7749/3331 549/8072/3465
f 98/7975/2970 155/8073/3466 146/7976/3421
f 98/7975/2970 140/8074/3408 155/8073/3466
f 546/8075/3467 337/8076/3467 533/8077/3467
f 316/7921/3400 548/7906/3375 542/7905/3394
f 468/8078/3426 483/8079/3468 484/8080/3469
f 2171/8081/3174 2157/8082/3344 2179/8083/3470
f 146/8084/3421 159/8085/3471 90/6728/2901
f 469/8086/3395 466/7973/3353 481/7972/3420
f 671/7732/3323 681/7573/3255 712/8087/3472
f 677/7886/3324 695/8088/3473 693/7887/3386
f 482/8089/3474 480/8090/3474 470/8091/3474
f 133/8092/3475 331/8093/3475 472/8094/3475
f 394/8095/3416 309/7991/3350 308/7990/3428
f 679/8096/3476 652/8097/3476 312/8098/3476
f 209/8051/3457 258/8099/3477 147/7747/3330
f 2120/7996/3431 2114/7108/2998 2118/7636/3284
f 671/7732/3323 712/8087/3472 687/8100/3447
f 716/7944/3409 320/7943/3357 711/8101/3478
f 471/8102/3479 465/7880/3191 325/7882/3384
f 11/8103/3480 9/6966/2991 75/6307/2715
f 550/8104/3481 540/8105/3481 476/8106/3481
f 313/8107/3482 315/8108/3482 314/8109/3482
f 324/8110/3483 458/8111/3483 471/8112/3483
f 678/8113/3484 314/8114/3484 315/8115/3484
f 325/8116/3384 472/8117/3217 331/8118/3485
f 2152/8119/3432 2150/8038/3013 2121/8037/3451
f 2201/8120/3454 2160/7901/3271 2176/7950/3412
f 675/7827/3366 668/7484/3220 706/8121/3397
f 683/8122/3407 708/8123/3486 2020/7332/3055
f 685/8124/3487 313/8125/3487 551/8126/3487
f 684/8127/3435 663/7674/3297 680/7579/3257
f 125/7403/3176 195/7039/2772 147/8128/3330
f 326/8129/3488 469/8086/3395 481/7972/3420
f 394/8130/3489 470/8131/3489 537/8132/3489
f 694/8133/3433 657/7755/3333 687/8029/3447
f 471/8134/3490 474/8135/3490 324/8136/3490
f 139/7958/3389 142/8020/3346 153/8030/3448
f 486/8041/3452 468/8040/3426 484/8137/3469
f 673/7734/3325 717/8138/3491 705/7735/3326
f 2178/8139/3492 2166/7913/3363 2155/7523/3234
f 2194/8140/3493 2158/8141/3327 2166/8142/3363
f 200/8143/3119 201/8144/3111 202/8145/3410
f 486/8146/3494 473/8147/3494 480/8148/3494
f 477/8149/3495 474/8150/3495 471/8151/3495
f 2157/7868/3344 2163/7867/3369 2179/8152/3470
f 2155/7523/3234 2162/7846/3372 2178/8139/3492
f 2166/8142/3363 2178/8153/3492 2194/8140/3493
f 677/7886/3324 684/8154/3435 695/8088/3473
f 664/7679/3230 733/8155/3496 722/7807/3355
f 717/8138/3491 673/7734/3325 699/8156/3497
f 468/7986/3426 482/7985/3425 483/8157/3468
f 2180/8158/3434 2171/8081/3174 2179/8083/3470
f 652/7425/3196 686/7856/3377 685/8159/3498
f 90/8160/2901 141/7974/3338 146/7976/3421
f 313/8161/3499 685/8162/3499 315/8163/3499
f 685/8164/3500 312/8165/3500 652/8166/3500
f 2158/8167/3501 2183/8168/3501 2181/8169/3501
f 327/8170/3502 678/8171/3502 315/8172/3502
f 2163/7835/3369 2348/7922/3401 2187/8173/3503
f 327/8174/3504 686/8175/3504 678/8176/3504
f 692/8177/3505 687/8178/3447 690/8179/3506
f 153/8030/3448 142/8020/3346 143/8021/3443
f 2167/8180/3507 2182/8181/3507 2168/8182/3507
f 3004/7817/3361 2994/6503/2797 2993/6340/2734
f 2103/7967/3387 2104/8183/3508 2101/7603/3265
f 2105/8184/3509 2095/7191/3084 751/7761/3067
f 751/8185/3067 2096/8186/3180 760/8187/3510
f 708/8123/3486 710/7333/2757 2020/7332/3055
f 477/8188/3511 549/8189/3465 478/8190/3331
f 693/8191/3512 687/8192/3512 712/8193/3512
f 147/7747/3330 258/8099/3477 204/8194/3513
f 2167/8195/3347 2180/8196/3434 2182/7987/3031
f 550/8197/3514 338/8198/3514 534/8199/3514
f 325/8116/3384 331/8118/3485 475/8200/3515
f 9/8201/2991 10/8202/3516 996/8203/2531
f 159/8085/3471 205/7919/3399 90/6728/2901
f 488/7831/3348 487/8204/3517 462/7726/3320
f 137/7848/3373 122/7850/3116 144/8205/3444
f 180/7238/3095 120/7237/3109 205/8008/3399
f 550/8206/3518 476/8207/3518 338/8208/3518
f 477/8209/3519 478/8210/3519 474/8211/3519
f 687/8178/3447 692/8177/3505 697/8212/3520
f 2099/7192/3085 2095/7191/3084 2105/8184/3509
f 693/7887/3386 695/8088/3473 687/8213/3521
f 688/8214/3312 674/8215/3356 722/8216/3355
f 518/7605/3209 549/8072/3465 551/8217/3522
f 708/8123/3486 683/8122/3407 689/8218/3523
f 481/8219/3524 483/8220/3524 326/8221/3524
f 458/8222/3525 485/8223/3525 331/8224/3525
f 534/8225/3526 338/8226/3526 340/8227/3526
f 2183/8228/3527 2158/8229/3327 2348/8230/3528
f 2169/8231/3427 2121/8037/3451 2346/8039/3262
f 686/8232/3529 327/8233/3529 690/8234/3529
f 459/7801/3352 479/8235/3530 349/8236/3531
f 664/7679/3230 694/7999/3433 733/8155/3496
f 316/8237/3400 317/8238/3404 548/8239/3375
f 125/7403/3176 147/8128/3330 205/8240/3365
f 757/8241/3532 2096/7391/3180 2032/6935/2974
f 148/8242/3533 140/7942/3408 137/7848/3373
f 144/8205/3444 148/8242/3533 137/7848/3373
f 2031/8243/3336 710/8244/2757 709/8245/3534
f 691/8246/3535 695/8088/3473 684/8154/3435
f 479/8247/3530 459/8248/3352 469/8249/3395
f 752/8250/3157 2026/8251/3156 2018/8252/3022
f 470/8253/3536 394/8254/3536 326/8255/3536
f 685/8256/3537 327/8257/3537 315/8258/3537
f 2348/7922/3401 2184/8259/3538 2187/8173/3503
f 368/8260/3539 549/8189/3465 477/8188/3511
f 470/8261/3540 480/8262/3540 473/8263/3540
f 487/8264/3541 481/8265/3541 462/8266/3541
f 685/8267/3498 686/8268/3377 695/8269/3473
f 482/8270/3542 470/8271/3542 483/8272/3542
f 692/8273/3543 690/8274/3543 716/8275/3543
f 2032/8276/2974 756/8277/3544 753/8278/3545
f 2103/7888/3387 2099/7503/3085 2105/8279/3509
f 690/8280/3546 687/8281/3546 695/8282/3546
f 2173/7728/3321 2185/8283/3547 2174/8019/3442
f 368/8260/3539 477/8188/3511 471/8284/3479
f 726/8285/3548 693/8286/3386 712/8287/3549
f 694/8288/3433 687/8178/3447 697/8212/3520
f 478/8289/3331 548/8290/3375 324/8291/3550
f 2348/7922/3401 2186/8292/3551 2184/8259/3538
f 485/8293/3552 473/8294/3552 486/8295/3552
f 716/7992/3429 723/8296/3553 308/7990/3428
f 695/8297/3554 686/8298/3554 690/8299/3554
f 675/7940/3366 689/8300/3523 683/7941/3407
f 338/8301/3555 476/8302/3556 318/8303/3557
f 2996/7286/3129 2101/7603/3265 2104/8183/3508
f 2510/8304/3558 2507/8305/3559 2509/8306/3560
f 201/7242/3111 199/7822/3362 203/8307/3561
f 702/7935/3405 693/7934/3386 726/8308/3548
f 317/8309/3404 470/8310/3562 473/8311/3563
f 317/8312/3564 537/8313/3564 470/8314/3564
f 349/8315/3531 476/8316/3556 540/8317/3368
f 319/8318/3565 547/8319/3440 358/8320/3566
f 704/8321/3567 688/8214/3312 722/8216/3355
f 319/8318/3565 320/8322/3357 547/8319/3440
f 692/8323/3505 696/8324/3568 697/8325/3520
f 716/8326/3429 690/8327/3569 698/8328/3570
f 202/8145/3410 201/8144/3111 203/8329/3561
f 13/6995/3004 11/8330/3480 75/7930/2715
f 205/8008/3399 150/8331/3571 180/7238/3095
f 182/7301/3136 131/7697/3307 152/8067/3463
f 699/8332/3572 673/8333/3572 688/8334/3572
f 143/8021/3443 135/7725/3319 136/7824/3364
f 325/8335/3384 368/8260/3539 471/8284/3479
f 306/7961/3332 534/8336/3342 321/8337/3573
f 2120/7996/3431 2119/7759/3335 2151/8059/3460
f 470/8338/3574 326/8339/3574 483/8340/3574
f 540/8058/3368 459/7801/3352 349/8236/3531
f 10/8202/3516 9/8201/2991 11/8341/3480
f 484/8342/3469 485/8343/3575 486/8344/3452
f 483/8079/3468 336/8345/3576 484/8080/3469
f 2185/8346/3547 2173/8347/3321 2203/8348/3441
f 2179/8349/3470 2163/8350/3369 2187/8351/3503
f 675/7940/3366 700/8352/3577 689/8300/3523
f 478/8289/3331 324/8291/3550 474/8353/3578
f 680/7579/3257 719/8354/3579 684/8127/3435
f 548/8239/3375 317/8238/3404 322/8355/3580
f 696/8324/3568 692/8323/3505 716/8356/3581
f 2176/8357/3582 2177/8358/3582 2197/8359/3582
f 320/8360/3357 319/8361/3565 323/8362/3583
f 487/8363/3584 488/8364/3584 7/8365/3584
f 685/8366/3585 729/8367/3585 327/8368/3585
f 2348/8369/3586 2191/8370/3586 2188/8371/3586
f 2158/8229/3327 2194/8372/3493 2206/8373/3587
f 2180/8196/3434 2189/8374/3588 2182/7987/3031
f 326/8375/3488 479/8247/3530 469/8249/3395
f 706/8121/3397 700/8376/3577 675/7827/3366
f 321/8337/3573 534/8336/3342 340/8377/3589
f 548/8239/3375 322/8355/3580 324/8378/3550
f 112/7210/3050 138/7851/3374 184/7816/3360
f 685/8267/3498 695/8269/3473 701/8379/3590
f 2122/8380/3591 2152/8119/3432 2121/8037/3451
f 754/8381/3592 2102/8382/3110 755/8383/3593
f 458/8384/3594 473/8385/3594 485/8386/3594
f 145/7959/3415 153/8030/3448 152/8387/3463
f 473/8388/3563 458/8389/3595 324/8378/3550
f 261/8390/3596 7/8391/3449 996/8392/2531
f 484/8342/3469 336/8393/3576 485/8343/3575
f 697/8325/3520 696/8324/3568 707/8394/3597
f 204/8395/3513 205/8396/3365 147/8397/3330
f 712/8398/3598 702/8399/3598 703/8400/3598
f 2507/7978/3422 208/8401/3599 199/7979/3362
f 2186/8292/3551 2348/7922/3401 2188/8402/3600
f 704/8403/3567 699/8404/3497 688/8405/3312
f 755/8406/3593 2102/7239/3110 2094/6959/2988
f 754/8381/3592 756/8407/3544 2102/8382/3110
f 308/8408/3601 326/8409/3601 394/8410/3601
f 149/8411/3602 132/7716/3316 184/7926/3360
f 694/7999/3433 697/8325/3520 714/8412/3603
f 485/8413/3604 331/8414/3604 489/8415/3604
f 680/7579/3257 311/8416/3605 701/8417/3590
f 138/7851/3374 180/7209/3095 150/8418/3571
f 705/8419/3326 717/8420/3491 706/8421/3397
f 327/8422/3606 715/8423/3606 690/8424/3606
f 757/8425/3532 759/8426/3607 2096/8427/3180
f 2152/7997/3432 2151/8059/3460 2119/7759/3335
f 73/6213/2685 14/8428/3608 13/6995/3004
f 317/8309/3404 473/8311/3563 322/8429/3580
f 701/8379/3590 695/8269/3473 691/8430/3535
f 325/8431/3609 475/8432/3609 335/8433/3609
f 349/8315/3531 318/8434/3557 476/8316/3556
f 337/8013/3439 358/8435/3566 547/8014/3440
f 261/8390/3596 996/8392/2531 15/8436/3610
f 698/8437/3570 723/8438/3553 716/8439/3429
f 2190/8440/3611 2180/8158/3434 2179/8083/3470
f 184/7816/3360 138/7851/3374 149/8441/3602
f 707/8442/3597 696/8443/3568 750/8444/3612
f 473/8388/3563 324/8378/3550 322/8355/3580
f 551/8445/3522 549/8189/3465 311/8446/3613
f 3004/7817/3361 2993/6340/2734 2996/8447/3129
f 2032/8276/2974 753/8278/3545 757/8425/3532
f 2348/8230/3528 2158/8229/3327 2191/8448/3614
f 754/8449/3592 753/8450/3545 756/8451/3544
f 711/8452/3478 320/8360/3357 323/8362/3583
f 2189/8453/3588 2180/8454/3434 2200/8455/3615
f 715/8456/3616 327/8457/3616 371/8458/3616
f 708/8459/3617 709/8460/3617 710/8461/3617
f 758/8462/3618 2031/8243/3336 709/8245/3534
f 204/8395/3513 206/8463/3619 205/8396/3365
f 2177/8045/3455 2192/8464/3620 2213/8465/3621
f 349/8466/3622 479/8467/3622 326/8468/3622
f 214/8469/3623 2507/8305/3559 2510/8304/3558
f 2356/7558/3249 2172/8006/3436 2338/7556/3103
f 701/8417/3590 719/8354/3579 680/7579/3257
f 697/8325/3520 707/8394/3597 714/8412/3603
f 323/8470/3624 716/8471/3624 711/8472/3624
f 2179/8349/3470 2187/8351/3503 2190/8473/3611
f 331/8474/3625 485/8475/3625 329/8476/3625
f 2213/8465/3621 2197/8477/3626 2177/8045/3455
f 332/8478/3627 349/8479/3627 326/8480/3627
f 696/8443/3568 716/8481/3581 750/8444/3612
f 144/8022/3444 130/7673/3296 53/8482/3628
f 752/8250/3157 755/8483/3593 2094/8484/2988
f 759/8485/3629 760/8486/3629 2096/8487/3629
f 738/8488/3630 689/8300/3523 700/8352/3577
f 703/8489/3631 721/8490/3631 712/8491/3631
f 321/8337/3573 307/7962/3417 306/7961/3332
f 2193/8492/3632 2169/7988/3427 2182/7987/3031
f 331/8493/3633 329/8494/3634 330/8495/3635
f 720/8496/3636 696/8497/3637 725/8498/3638
f 2192/8464/3620 2177/8045/3455 2349/8044/3304
f 707/8499/3597 713/8500/3639 714/8501/3603
f 151/8502/3640 152/8503/3640 153/8504/3640
f 750/8505/3641 713/8506/3641 707/8507/3641
f 729/8508/3642 371/8509/3643 327/8510/3644
f 2158/8229/3327 2206/8373/3587 2191/8448/3614
f 154/8511/3645 143/8021/3443 136/7824/3364
f 328/8512/3646 337/8513/3646 546/8514/3646
f 311/8446/3613 549/8189/3465 357/8515/3647
f 485/8516/3648 336/8517/3648 329/8518/3648
f 330/8519/3649 475/8520/3649 331/8521/3649
f 715/8522/3650 698/8523/3570 690/8524/3569
f 487/8525/3651 483/8526/3651 481/8527/3651
f 483/8528/3652 487/8529/3652 336/8530/3652
f 706/8121/3397 718/8531/3653 700/8376/3577
f 719/8532/3654 691/8533/3654 684/8534/3654
f 185/8535/3655 144/8022/3444 53/8482/3628
f 761/8536/3656 2105/8537/3509 751/8538/3067
f 556/8539/3657 698/8523/3570 715/8522/3650
f 321/8337/3573 340/8377/3589 362/8540/3658
f 151/8541/3659 153/8542/3660 163/8543/3661
f 323/8544/3662 750/8545/3662 716/8546/3662
f 2027/8547/3159 2031/8243/3336 758/8462/3618
f 204/8194/3513 258/8099/3477 206/8548/3619
f 326/8549/3663 308/7990/3428 347/8550/3664
f 318/8303/3557 339/8551/3665 338/8301/3555
f 699/8552/3497 703/8553/3666 717/8554/3491
f 723/8296/3553 373/8555/3667 308/7990/3428
f 702/7935/3405 726/8308/3548 735/8556/3668
f 347/8557/3669 332/8558/3669 326/8559/3669
f 699/8404/3497 721/8560/3670 703/8561/3666
f 703/8553/3666 702/7935/3405 735/8556/3668
f 319/8562/3671 358/8563/3671 341/8564/3671
f 760/8187/3510 762/8565/3672 751/8185/3067
f 369/8566/3673 368/8260/3539 325/8335/3384
f 706/8421/3397 717/8420/3491 718/8567/3653
f 148/8242/3533 155/8568/3466 140/7942/3408
f 341/8569/3674 323/8362/3583 319/8361/3565
f 307/7962/3417 363/8570/3675 546/7963/3414
f 719/8571/3579 701/8379/3590 691/8430/3535
f 549/8189/3465 368/8260/3539 357/8515/3647
f 725/8572/3676 720/8573/3676 723/8574/3676
f 146/8575/3421 155/8576/3466 156/8577/3677
f 2194/8578/3493 2178/8579/3492 2206/8580/3587
f 132/7716/3316 53/8482/3628 130/7673/3296
f 151/8541/3659 164/8581/3678 152/8582/3463
f 475/8583/3679 330/8495/3635 335/8584/3680
f 750/8585/3681 564/8586/3682 713/8587/3639
f 2188/8588/3683 2191/8448/3614 2195/8589/3684
f 197/6925/2971 202/7946/3410 221/8590/3685
f 694/7999/3433 714/8412/3603 733/8155/3496
f 307/7962/3417 321/8337/3573 363/8570/3675
f 332/8591/3686 333/8592/3687 349/8593/3688
f 2162/7846/3372 2174/8019/3442 2196/8594/3689
f 373/8595/3667 342/8596/3690 350/8597/3691
f 371/8509/3643 729/8508/3642 344/8598/3692
f 2121/8037/3451 2123/8599/3693 2122/8380/3591
f 763/8600/3694 755/8483/3593 752/8250/3157
f 721/8601/3695 726/8285/3548 712/8287/3549
f 373/8555/3667 347/8550/3664 308/7990/3428
f 373/8595/3667 350/8597/3691 347/8602/3664
f 758/8462/3618 2018/8252/3022 2027/8547/3159
f 366/8603/3696 350/8604/3691 334/8605/3697
f 350/8606/3698 345/8607/3698 334/8608/3698
f 732/8609/3699 704/8610/3567 722/8611/3355
f 2201/8120/3454 2176/7950/3412 2202/8612/3700
f 347/8613/3664 350/8604/3691 366/8603/3696
f 2350/8614/2279 2955/8615/2188 2356/8616/3701
f 733/8155/3496 732/8617/3699 722/7807/3355
f 720/8496/3702 725/8498/3703 558/8618/3704
f 154/8511/3645 153/8030/3448 143/8021/3443
f 339/8551/3665 318/8303/3557 354/8619/3705
f 2197/8620/3706 2198/8621/3706 2176/8622/3706
f 701/8623/3707 729/8624/3707 685/8625/3707
f 718/8567/3653 717/8420/3491 734/8626/3708
f 363/8570/3675 328/8627/3709 546/7963/3414
f 2206/8373/3587 2195/8589/3684 2191/8448/3614
f 202/8145/3410 213/8628/3710 221/8629/3685
f 699/8404/3497 704/8403/3567 730/8630/3711
f 2162/8631/3372 2206/8580/3587 2178/8579/3492
f 350/8632/3691 346/8633/3712 345/8634/3713
f 698/8437/3570 556/8635/3657 723/8438/3553
f 162/8636/3714 150/8331/3571 205/8008/3399
f 553/8637/3715 701/8638/3715 311/8639/3715
f 202/8145/3410 203/8329/3561 213/8628/3710
f 197/6925/2971 221/8590/3685 229/8640/3716
f 369/8641/3673 325/8642/3384 335/8643/3717
f 335/8643/3717 353/8644/3718 369/8641/3673
f 2172/8006/3436 2192/8645/3620 2349/8007/3304
f 153/8646/3719 154/8647/3719 163/8648/3719
f 2203/8348/3441 2199/8649/3720 2185/8346/3547
f 199/7822/3362 207/8650/3721 203/8307/3561
f 699/8404/3497 730/8630/3711 721/8560/3670
f 725/8651/3722 723/8652/3722 724/8653/3722
f 336/8654/3723 487/8655/3724 263/8656/3725
f 730/8657/3711 704/8610/3567 732/8609/3699
f 2200/8658/3615 2180/8158/3434 2136/8659/3726
f 164/8581/3678 151/8541/3659 157/8660/3727
f 328/8661/3709 363/8662/3675 337/8663/3439
f 2202/8612/3700 2176/7950/3412 2198/8664/3728
f 323/8362/3583 341/8569/3674 351/8665/3729
f 703/8553/3666 735/8556/3668 717/8554/3491
f 570/8666/3730 750/8667/3730 323/8668/3730
f 725/8669/3731 724/8670/3731 558/8671/3731
f 371/8672/3732 554/8673/3733 715/8674/3650
f 338/8675/3555 339/8676/3665 340/8677/3589
f 164/8581/3678 158/8678/3734 152/8582/3463
f 2201/8679/3454 2202/8680/3700 2203/8681/3441
f 154/8682/3735 205/8683/3735 159/8684/3735
f 2152/8119/3432 2122/8380/3591 2132/8685/3736
f 735/8686/3737 726/8687/3737 721/8688/3737
f 12/8689/3738 13/8690/3004 14/8691/3608
f 2136/8659/3726 2190/8440/3611 2215/8692/3739
f 353/8693/3740 335/8694/3740 266/8695/3740
f 349/8696/3531 354/8697/3705 318/8698/3557
f 341/8699/3741 358/8700/3741 351/8701/3741
f 714/8501/3603 713/8500/3639 727/8702/3742
f 342/8703/3743 373/8704/3743 343/8705/3743
f 2207/8706/3744 2187/8173/3503 2184/8259/3538
f 728/8707/3745 718/8567/3653 734/8626/3708
f 350/8632/3691 344/8708/3692 346/8633/3712
f 345/8709/3713 346/8710/3712 334/8711/3697
f 371/8712/3746 342/8713/3746 343/8714/3746
f 701/8715/3747 553/8716/3747 729/8717/3747
f 2185/8718/3547 2196/8594/3689 2174/8019/3442
f 199/7979/3362 208/8401/3599 207/8719/3721
f 329/8494/3634 336/8654/3723 380/8720/3748
f 332/8721/3686 347/8722/3749 348/8723/3750
f 708/8123/3486 689/8218/3523 738/8724/3630
f 723/8725/3553 720/8726/3751 373/8727/3667
f 721/8728/3670 730/8729/3711 731/8730/3752
f 146/8575/3421 156/8577/3677 160/8731/3753
f 700/8376/3577 718/8531/3653 738/8732/3630
f 2190/8733/3754 2204/8734/3754 2208/8735/3754
f 713/8587/3639 564/8586/3682 584/8736/3755
f 351/8737/3729 349/8738/3531 364/8739/3756
f 146/8740/3421 167/8741/3757 159/8742/3471
f 182/7301/3136 152/8067/3463 158/8743/3734
f 154/8744/3645 136/7824/3364 205/7825/3365
f 733/8155/3496 714/8412/3603 727/8745/3742
f 342/8746/3690 371/8747/3643 350/8748/3691
f 349/8696/3531 351/8749/3729 354/8697/3705
f 160/8731/3753 167/8750/3757 146/8575/3421
f 2172/8006/3436 2215/8692/3739 2192/8645/3620
f 207/8751/3758 213/8752/3758 203/8753/3758
f 329/8494/3634 380/8720/3748 330/8495/3635
f 347/8754/3759 366/8755/3759 348/8756/3759
f 350/8632/3691 352/8757/3760 344/8708/3692
f 2018/8252/3022 764/8758/3761 752/8250/3157
f 720/8759/3762 567/8760/3762 323/8761/3762
f 2509/8762/3560 2151/8763/3460 2124/8764/3763
f 361/8765/3764 353/8766/3718 266/8767/3765
f 263/8768/3725 333/8592/3687 332/8591/3686
f 356/8769/3766 720/8726/3751 323/8770/3583
f 53/8482/3628 132/7716/3316 149/8411/3602
f 356/8769/3766 373/8727/3667 720/8726/3751
f 357/8771/3647 368/8772/3539 346/8773/3712
f 754/8449/3592 765/8774/3767 753/8450/3545
f 358/8775/3768 354/8776/3768 351/8777/3768
f 367/8778/3769 355/8779/3770 334/8711/3697
f 340/8677/3589 339/8676/3665 362/8780/3658
f 755/8781/3771 765/8782/3771 754/8783/3771
f 2998/8784/3772 2989/7155/2060 2995/6743/2905
f 350/8748/3691 371/8747/3643 352/8785/3760
f 2123/8599/3693 2121/8037/3451 2169/8231/3427
f 2204/8786/3773 2190/8473/3611 2187/8351/3503
f 2507/8787/3774 210/8788/3774 208/8789/3774
f 730/8729/3711 732/8790/3699 733/8791/3496
f 356/8792/3766 323/8793/3583 351/8737/3729
f 731/8730/3752 730/8729/3711 733/8791/3496
f 344/8598/3692 352/8794/3760 371/8509/3643
f 2189/8374/3588 2193/8492/3632 2182/7987/3031
f 161/8795/3775 162/8796/3775 205/8797/3775
f 367/8778/3769 334/8711/3697 346/8710/3712
f 358/8798/3566 337/8663/3439 363/8662/3675
f 10/8202/3516 15/8799/3610 996/8203/2531
f 2193/8492/3632 2189/8374/3588 2128/8800/3776
f 151/8541/3659 163/8543/3661 167/8801/3777
f 717/8554/3491 735/8556/3668 734/8802/3708
f 159/8742/3471 167/8741/3757 154/8803/3778
f 163/8804/3779 154/8805/3779 167/8806/3779
f 377/8807/3780 346/8633/3712 344/8708/3692
f 263/8656/3725 380/8720/3748 336/8654/3723
f 343/8808/3781 373/8809/3781 374/8810/3781
f 713/8500/3639 584/8811/3755 727/8702/3742
f 368/8772/3539 367/8812/3769 346/8773/3712
f 377/8807/3780 357/8813/3647 346/8633/3712
f 2219/8814/3782 2213/8465/3621 2192/8464/3620
f 138/7851/3374 150/8418/3571 149/8441/3602
f 559/8815/3783 351/8737/3729 364/8739/3756
f 567/8816/3784 570/8817/3784 323/8818/3784
f 2352/8819/2587 3004/8820/3361 2997/8821/3785
f 729/8822/3786 311/8823/3786 376/8824/3786
f 2205/8825/3787 2162/8631/3372 2196/8826/3689
f 2136/8659/3726 2180/8158/3434 2190/8440/3611
f 164/8827/3678 157/8828/3727 158/8829/3734
f 158/8829/3734 157/8828/3727 20/8830/3788
f 182/7301/3136 158/8743/3734 19/8831/3789
f 760/8187/3510 759/8832/3607 762/8565/3672
f 335/8584/3680 330/8495/3635 266/8833/3790
f 262/8834/3791 263/8835/3725 487/8836/3724
f 349/8837/3688 333/8838/3687 263/8839/3725
f 567/8840/3792 720/8841/3702 558/8842/3704
f 158/8829/3734 20/8830/3788 19/8843/3789
f 555/8844/3793 723/8845/3553 556/8846/3657
f 11/8341/3480 13/8690/3004 12/8689/3738
f 167/8750/3757 160/8731/3753 173/8847/3794
f 565/8848/3795 715/8674/3650 554/8673/3733
f 354/8619/3705 358/8849/3796 339/8551/3665
f 334/8850/3697 378/8851/3797 366/8852/3696
f 728/8853/3798 734/8854/3798 735/8855/3798
f 151/8541/3659 167/8801/3777 157/8660/3727
f 311/8856/3799 729/8857/3799 553/8858/3799
f 208/8401/3599 210/8859/3800 207/8719/3721
f 264/8860/3801 266/8833/3790 330/8495/3635
f 349/8837/3688 263/8839/3725 359/8861/3802
f 2162/8631/3372 2205/8825/3787 2206/8580/3587
f 360/8862/3803 378/8851/3797 334/8850/3697
f 2190/8440/3611 2208/8863/3804 2215/8692/3739
f 2196/8594/3689 2185/8718/3547 2199/8864/3720
f 376/8865/3805 344/8598/3692 729/8508/3642
f 380/8866/3748 263/8768/3725 332/8591/3686
f 2122/8380/3591 2123/8599/3693 2125/8867/3806
f 258/8868/3477 209/8869/3457 206/8463/3619
f 2211/8870/3807 2206/8580/3587 2205/8825/3787
f 2103/8871/3387 2105/8872/3509 766/8873/3808
f 376/8874/3809 377/8875/3809 344/8876/3809
f 119/7514/3083 182/7406/3136 18/8877/3810
f 161/8878/3811 205/8396/3365 206/8463/3619
f 2198/8879/3812 2197/8880/3812 2213/8881/3812
f 2126/8882/3813 2151/8763/3460 2152/8883/3432
f 380/8884/3748 332/8721/3686 348/8723/3750
f 723/8845/3553 555/8844/3793 724/8885/3814
f 144/8205/3444 185/8886/3655 148/8242/3533
f 718/8531/3653 728/8887/3745 738/8732/3630
f 559/8815/3783 356/8792/3766 351/8737/3729
f 727/8888/3815 740/8889/3816 736/8890/3817
f 562/8891/3818 735/8892/3819 721/8893/3670
f 366/8894/3820 381/8895/3820 348/8896/3820
f 171/8897/3821 156/8577/3677 155/8576/3466
f 735/8898/3819 742/8899/3822 728/8887/3745
f 156/8577/3677 171/8897/3821 160/8731/3753
f 353/8644/3718 361/8900/3764 395/8901/3823
f 735/8892/3819 562/8891/3818 742/8902/3822
f 209/8903/3457 197/6925/2971 211/8904/3824
f 2188/8588/3683 2195/8589/3684 2210/8905/3825
f 182/7406/3136 186/8906/3826 18/8877/3810
f 379/8907/3827 343/8908/3827 374/8909/3827
f 2206/8910/3587 2210/8905/3825 2195/8589/3684
f 2123/8599/3693 2169/8231/3427 2127/8911/3828
f 353/8644/3718 395/8901/3823 369/8641/3673
f 357/8515/3647 376/8912/3829 311/8446/3613
f 119/7190/3083 18/8913/3810 73/6213/2685
f 334/8850/3697 355/8914/3770 360/8862/3803
f 169/8915/3830 157/8916/3830 167/8917/3830
f 812/8918/3831 2105/8537/3509 761/8536/3656
f 339/8919/3832 321/8920/3832 362/8921/3832
f 2187/8351/3503 2207/8922/3744 2204/8786/3773
f 165/8923/3833 166/8924/3834 162/8636/3714
f 2199/8925/3720 2203/8681/3441 2202/8680/3700
f 2210/8926/3835 2206/8927/3835 2211/8928/3835
f 2216/8929/3836 2208/8930/3837 2204/8931/3773
f 727/8745/3742 745/8932/3838 733/8155/3496
f 2128/8933/3776 2189/8453/3588 2200/8455/3615
f 358/8934/3839 363/8935/3839 339/8936/3839
f 2104/8937/3508 2103/8871/3387 766/8873/3808
f 339/8938/3840 363/8939/3840 321/8940/3840
f 167/8941/3841 173/8942/3841 169/8943/3841
f 742/8899/3822 743/8944/3842 728/8887/3745
f 2127/8911/3828 2125/8867/3806 2123/8599/3693
f 359/8945/3843 364/8946/3843 349/8947/3843
f 365/8948/3844 373/8949/3667 356/8950/3766
f 774/8951/3845 753/8450/3545 765/8774/3767
f 727/8952/3846 737/8953/3846 745/8954/3846
f 578/8955/3847 708/8956/3486 738/8957/3630
f 157/8828/3727 168/8958/3848 20/8830/3788
f 2192/8464/3620 2215/8959/3739 2219/8814/3782
f 330/8495/3635 380/8720/3748 264/8860/3801
f 160/8731/3753 175/8960/3849 173/8847/3794
f 171/8897/3821 175/8960/3849 160/8731/3753
f 2220/8961/3850 2188/8402/3600 2199/8962/3720
f 157/8828/3727 169/8963/3851 168/8958/3848
f 566/8964/3852 750/8965/3681 570/8966/3853
f 774/8951/3845 765/8774/3767 755/8967/3593
f 210/8968/3854 2507/8969/3854 214/8970/3854
f 731/8971/3752 562/8972/3818 721/8973/3670
f 2199/8974/3855 2209/8975/3855 2196/8976/3855
f 366/8977/3696 378/8978/3797 381/8979/3856
f 206/8463/3619 209/8869/3457 211/8980/3824
f 766/8873/3808 767/8981/3857 2104/8937/3508
f 395/8982/3858 367/8983/3858 368/8984/3858
f 728/8887/3745 739/8985/3859 738/8732/3630
f 355/8914/3770 264/8986/3860 360/8862/3803
f 376/8987/3829 357/8813/3647 377/8807/3780
f 2989/4666/2060 2998/8988/3772 2954/5267/2307
f 367/8778/3769 265/8989/3861 355/8779/3770
f 2208/8990/3862 2216/8991/3862 2215/8992/3862
f 170/8993/3863 20/8830/3788 168/8958/3848
f 395/8994/3823 368/8995/3539 369/8996/3673
f 555/8997/3793 556/8998/3657 565/8999/3795
f 715/9000/3650 565/8999/3795 556/8998/3657
f 371/9001/3864 561/9002/3864 554/9003/3864
f 2186/8292/3551 2207/8706/3744 2184/8259/3538
f 2132/8685/3736 2122/8380/3591 2125/8867/3806
f 812/9004/3831 766/8873/3808 2105/8872/3509
f 763/8600/3694 770/9005/3865 755/8483/3593
f 815/9006/3866 763/8600/3694 752/8250/3157
f 724/8885/3814 555/8844/3793 557/9007/3867
f 197/6925/2971 229/8640/3716 211/8904/3824
f 182/7301/3136 19/8831/3789 186/9008/3826
f 750/8585/3681 563/9009/3868 564/8586/3682
f 2199/9010/3869 2188/9011/3869 2210/9012/3869
f 2188/8402/3600 2220/8961/3850 2186/8292/3551
f 2207/8706/3744 2186/8292/3551 2223/9013/3870
f 365/8948/3844 370/9014/3871 373/8949/3667
f 744/9015/3872 743/9016/3872 742/9017/3872
f 727/9018/3873 740/9019/3874 737/9020/3875
f 265/9021/3876 361/8765/3764 266/8767/3765
f 166/8924/3834 150/8331/3571 162/8636/3714
f 2128/9022/3776 2200/9023/3615 2135/9024/3877
f 356/8792/3766 559/8815/3783 365/9025/3844
f 171/9026/3821 155/8568/3466 174/9027/3878
f 2205/8825/3787 2196/8826/3689 2209/9028/3879
f 561/9029/3880 371/9030/3880 343/9031/3880
f 364/8739/3756 359/9032/3881 372/9033/3882
f 2209/9034/3879 2199/9035/3883 2210/9036/3884
f 155/8568/3466 148/8242/3533 174/9027/3878
f 2216/8929/3836 2204/8931/3773 2217/9037/3885
f 168/8958/3848 169/8963/3851 173/9038/3886
f 373/9039/3887 379/9040/3887 374/9041/3887
f 355/8914/3770 265/9042/3861 264/8986/3860
f 16/9043/3888 17/9044/3889 361/9045/3764
f 731/9046/3890 733/9047/3890 745/9048/3890
f 2205/8825/3787 2209/9028/3879 2211/8870/3807
f 2210/9036/3884 2211/9049/3807 2209/9034/3879
f 558/8842/3704 574/9050/3891 567/8840/3792
f 2199/9051/3720 2202/9052/3700 2212/9053/3892
f 2198/9054/3728 2213/9055/3621 2218/9056/3893
f 2124/8764/3763 2151/8763/3460 2126/8882/3813
f 814/9057/3894 2996/7286/3129 2104/8183/3508
f 581/9058/3895 727/9059/3742 584/9060/3755
f 2218/9056/3893 2214/9061/3896 2198/9054/3728
f 17/9062/3889 375/9063/3897 361/9064/3764
f 2216/8929/3836 2217/9037/3885 2214/9065/3896
f 762/8565/3672 759/8832/3607 813/9066/3898
f 812/8918/3831 761/8536/3656 786/9067/3899
f 68/9068/3900 73/9069/2685 18/9070/3810
f 395/9071/3901 361/9072/3901 375/9073/3901
f 2219/8814/3782 2218/9074/3893 2213/8465/3621
f 17/9062/3889 16/9075/3888 35/9076/3902
f 558/9077/3903 724/8885/3814 557/9007/3867
f 2198/8664/3728 2212/9078/3892 2202/8612/3700
f 19/9079/3789 20/9080/3788 170/9081/3863
f 562/8891/3818 586/9082/3904 742/8902/3822
f 348/8723/3750 381/9083/3905 380/8884/3748
f 751/8185/3067 762/8565/3672 768/9084/3906
f 2215/9085/3907 2214/9086/3907 2219/9087/3907
f 2215/9088/3908 2216/9089/3908 2214/9090/3908
f 786/9067/3899 761/8536/3656 769/9091/3909
f 761/8536/3656 751/8538/3067 769/9092/3909
f 739/8985/3859 728/8887/3745 743/8944/3842
f 2198/8664/3728 2214/9065/3896 2212/9078/3892
f 166/9093/3834 149/8441/3602 150/8418/3571
f 764/8758/3761 2018/8252/3022 758/8462/3618
f 2204/8786/3773 2207/8922/3744 2217/9094/3885
f 212/9095/3910 213/9096/3710 207/9097/3911
f 764/8758/3761 815/9006/3866 752/8250/3157
f 741/9098/3912 709/9099/3534 708/9100/3486
f 386/9101/3913 343/9102/3914 379/9103/3915
f 558/9104/3916 557/9105/3916 574/9106/3916
f 206/8463/3619 211/8980/3824 219/9107/3917
f 2224/9108/3918 2231/9109/3918 2221/9110/3918
f 770/9111/3865 774/9112/3845 755/9113/3593
f 2218/9114/3919 2219/9115/3919 2214/9116/3919
f 2126/8882/3813 2152/8883/3432 2134/9117/3920
f 19/9079/3789 170/9081/3863 27/9118/3921
f 3000/9119/3922 2998/9120/3772 2352/9121/2587
f 384/9122/3923 377/9123/3923 376/9124/3923
f 370/9125/3871 365/9126/3844 559/9127/3783
f 2231/9128/3924 2224/9129/3924 2227/9130/3924
f 738/8957/3630 739/9131/3859 578/8955/3847
f 2199/9051/3720 2212/9053/3892 2220/9132/3850
f 562/9133/3925 746/9134/3925 569/9135/3925
f 555/9136/3793 565/9137/3795 557/9138/3867
f 744/9139/3926 742/9140/3926 586/9141/3926
f 2127/8911/3828 2132/8685/3736 2125/8867/3806
f 375/9063/3897 17/9062/3889 35/9076/3902
f 343/9142/3927 560/9143/3927 561/9144/3927
f 561/9145/3928 605/9146/3928 554/9147/3928
f 214/9148/3929 207/9149/3929 210/9150/3929
f 172/9151/3930 170/9152/3930 168/9153/3930
f 562/9154/3931 569/9155/3931 586/9156/3931
f 582/9157/3932 376/9158/3932 377/9159/3933
f 2221/9160/3934 2231/9161/3934 2222/9162/3934
f 2220/8961/3850 2223/9013/3870 2186/8292/3551
f 265/9163/3861 270/9164/3935 264/9165/3860
f 774/9112/3845 770/9111/3865 785/9166/3936
f 172/9167/3937 168/9168/3937 173/9169/3937
f 743/9170/3842 744/9171/3938 575/9172/3939
f 265/9173/3940 266/9174/3940 43/9175/3940
f 584/8736/3755 564/8586/3682 606/9176/3941
f 214/9177/3623 212/9095/3910 207/9178/3911
f 2152/8883/3432 2132/9179/3736 2134/9117/3920
f 566/8964/3852 563/9180/3868 750/8965/3681
f 731/8971/3752 745/9181/3942 577/9182/3943
f 266/9183/3790 264/9184/3801 270/9185/3944
f 173/9186/3945 22/9187/3946 172/9188/3947
f 581/9189/3895 740/8889/3948 727/8888/3742
f 2227/9190/3949 2224/9191/3949 2225/9192/3949
f 739/9131/3859 575/9193/3939 578/8955/3847
f 563/9194/3950 606/9195/3950 564/9196/3950
f 2207/8922/3744 2223/9197/3870 2217/9094/3885
f 384/9198/3951 582/9199/3951 377/9200/3951
f 575/9201/3939 739/8985/3859 743/8944/3842
f 270/9164/3952 265/9163/3953 43/9202/3954
f 43/9203/3955 266/9183/3790 270/9185/3944
f 228/9204/3956 213/8628/3710 216/9205/3957
f 777/9206/3958 759/8426/3607 757/8425/3532
f 577/9182/3943 562/8972/3818 731/8971/3752
f 554/9207/3733 605/9208/3959 587/9209/3960
f 360/9210/3803 272/9211/3961 378/9212/3797
f 737/9020/3875 740/9019/3874 745/9213/3962
f 386/9214/3913 560/9215/3963 343/9216/3914
f 2200/8658/3615 2136/8659/3726 2135/9217/3877
f 757/8425/3532 753/8278/3545 777/9206/3958
f 221/8629/3685 213/8628/3710 228/9204/3956
f 2221/9218/3964 2234/9219/3965 2224/9220/3966
f 268/9221/3967 264/8860/3801 380/8720/3748
f 582/9157/3932 384/9222/3968 376/9158/3932
f 758/8462/3618 709/8245/3534 748/9223/3969
f 568/9224/3970 571/9225/3971 565/9226/3795
f 769/9227/3909 751/9228/3067 768/9229/3906
f 3004/7817/3361 2996/8447/3129 3005/9230/3972
f 370/9231/3973 604/9232/3973 373/9233/3973
f 373/9234/3974 604/9235/3974 379/9236/3974
f 213/9237/3710 215/9238/3975 216/9239/3957
f 587/9240/3960 565/8848/3795 554/8673/3733
f 578/9241/3847 741/9098/3912 708/9100/3486
f 213/9096/3710 212/9095/3910 215/9242/3975
f 375/9243/3976 34/9244/3976 395/9245/3976
f 382/9246/3977 265/8989/3861 367/8778/3769
f 35/9247/3978 34/9248/3978 375/9249/3978
f 577/9182/3943 746/9250/3979 562/8972/3818
f 581/9058/3895 584/9060/3755 747/9251/3980
f 2224/9220/3966 2234/9219/3965 2225/9252/3981
f 16/9043/3888 361/9045/3764 32/9253/3982
f 585/9254/3983 566/9255/3852 567/9256/3792
f 746/9257/3979 568/9258/3970 569/9259/3984
f 570/9260/3853 567/9256/3792 566/9255/3852
f 745/9261/3985 597/9262/3985 577/9263/3985
f 2212/9078/3892 2214/9065/3896 2217/9037/3885
f 3005/9264/3972 2996/9265/3129 814/9266/3894
f 361/9045/3764 265/9267/3876 32/9253/3982
f 264/9184/3801 268/9268/3967 282/9269/3986
f 744/9171/3938 576/9270/3987 575/9172/3939
f 364/8739/3756 372/9033/3882 559/8815/3783
f 785/9271/3936 770/9005/3865 763/8600/3694
f 176/9272/3988 165/9273/3988 162/9274/3988
f 19/9275/3789 27/9276/3921 283/9277/3989
f 582/9278/3990 384/9279/3990 602/9280/3990
f 148/8242/3533 185/8886/3655 174/9281/3878
f 2193/9282/3632 2128/9283/3776 2129/9284/3991
f 174/9027/3878 175/9285/3849 171/9026/3821
f 360/9210/3803 269/9286/3992 272/9211/3961
f 740/9019/3874 594/9287/3993 745/9213/3962
f 2124/8764/3763 2126/8882/3813 2134/9117/3920
f 2212/9288/3994 2223/9289/3994 2220/9290/3994
f 395/9291/3995 382/9292/3995 367/9293/3995
f 73/9069/2685 68/9068/3900 14/9294/3608
f 212/9095/3910 214/9177/3623 215/9242/3975
f 2124/8764/3763 2510/9295/3558 2509/8762/3560
f 565/8848/3795 587/9240/3960 569/9259/3984
f 571/9296/3971 593/9297/3996 565/9298/3795
f 568/9224/3970 572/9299/3997 571/9225/3971
f 2223/9300/3998 2226/9301/3998 2217/9302/3998
f 2212/9078/3892 2217/9037/3885 2226/9303/3999
f 573/9304/4000 574/9305/3891 557/9306/3867
f 2226/9307/4001 2223/9308/4001 2212/9309/4001
f 360/9310/3803 264/9311/3860 267/9312/4002
f 575/9313/3939 576/9314/3987 578/9315/3847
f 565/8848/3795 569/9259/3984 568/9258/3970
f 768/9084/3906 762/8565/3672 813/9066/3898
f 560/9316/4003 605/9317/4003 561/9318/4003
f 273/9319/4004 378/8978/3797 272/9320/3961
f 593/9321/4005 600/9322/4005 565/9323/4005
f 557/9138/3867 565/9137/3795 600/9324/4006
f 746/9325/3979 577/9326/3943 572/9327/3997
f 270/9185/4007 264/9184/3801 282/9269/3986
f 578/9328/4008 749/9329/4008 741/9330/4008
f 764/8758/3761 758/8462/3618 771/9331/4009
f 774/9332/4010 777/9333/4010 753/9334/4010
f 384/9335/4011 582/9336/4011 579/9337/4011
f 21/9338/4012 22/9339/4012 173/9340/4012
f 580/9341/4013 581/9342/4013 747/9343/4013
f 276/9344/4014 268/9345/4014 380/9346/4014
f 360/9310/3803 267/9312/4002 269/9347/3992
f 43/9348/4015 25/9349/4015 270/9350/4015
f 2128/9022/3776 2135/9024/3877 2130/9351/4016
f 579/9352/4017 582/9353/4018 583/9354/4019
f 603/9355/4020 386/9101/3913 379/9103/3915
f 378/8978/3797 273/9319/4004 381/8979/3856
f 604/9356/4021 603/9357/4021 379/9358/4021
f 747/9359/4022 584/9360/4022 606/9361/4022
f 172/9362/4023 26/9363/4023 170/9364/4023
f 2222/9365/4024 2234/9366/4024 2221/9367/4024
f 50/9368/4025 166/9093/3834 48/9369/4026
f 2130/9351/4016 2135/9024/3877 2131/9370/4027
f 767/8981/3857 766/8873/3808 812/9371/3831
f 567/8840/3792 574/9050/3891 585/9372/3983
f 2132/8685/3736 2127/8911/3828 2133/9373/4028
f 174/9374/4029 23/9375/4029 175/9376/4029
f 571/9296/3971 572/9377/3997 593/9297/3996
f 275/9378/4030 265/9379/4030 382/9380/4030
f 206/8463/3619 259/9381/4031 161/8878/3811
f 748/9382/3969 709/9099/3534 741/9098/3912
f 568/9383/3970 746/9325/3979 572/9327/3997
f 21/9384/4032 173/9385/3794 175/9386/3849
f 2227/9387/4033 2225/9388/3981 2238/9389/4034
f 381/9390/4035 276/9391/4035 380/9392/4035
f 559/9127/3783 604/9393/4036 370/9125/3871
f 16/9075/3888 24/9394/4037 35/9076/3902
f 270/9395/4038 265/9396/4039 275/9397/4040
f 587/9209/3960 605/9208/3959 588/9398/4041
f 580/9399/4042 740/8889/3948 581/9189/3895
f 265/9267/3876 25/9400/4043 32/9253/3982
f 2228/9401/4044 2225/9252/3981 2234/9219/3965
f 21/9402/4032 172/9188/3947 22/9187/3946
f 26/9403/4045 172/9188/3947 21/9402/4032
f 602/9404/4046 569/9259/3984 587/9240/3960
f 582/9405/4018 602/9404/4046 583/9406/4019
f 50/9368/4025 149/8441/3602 166/9093/3834
f 217/9407/4047 161/9408/3811 259/9409/4031
f 744/9410/3938 586/9411/4048 576/9412/3987
f 25/9413/4049 265/9414/4049 270/9415/4049
f 557/9306/3867 600/9416/4006 573/9304/4000
f 170/9417/3863 26/9418/4045 29/9419/4050
f 586/9420/4051 569/9421/4051 614/9422/4051
f 2132/9423/4052 2133/9424/4052 2134/9425/4052
f 381/9426/3856 273/9427/4004 276/9428/4053
f 166/8924/3834 165/8923/3833 176/9429/4054
f 10/8202/3516 11/8341/3480 69/9430/4055
f 745/9431/4056 589/9432/4056 597/9433/4056
f 2129/9284/3991 2128/9283/3776 2130/9434/4016
f 2169/8231/3427 2129/9284/3991 2127/8911/3828
f 2104/8937/3508 767/8981/3857 817/9435/4057
f 596/9436/4058 585/9372/3983 574/9050/3891
f 2169/8231/3427 2193/9282/3632 2129/9284/3991
f 587/9437/3960 588/9438/4041 583/9354/4019
f 600/9439/4006 589/9440/4059 573/9441/4000
f 395/9442/4060 34/9443/4061 382/9444/4062
f 576/9314/3987 599/9445/4063 578/9315/3847
f 587/9240/3960 583/9406/4019 602/9404/4046
f 24/9446/4037 16/9043/3888 32/9253/3982
f 772/9447/4064 813/9448/3898 759/8426/3607
f 814/9449/3894 2104/8937/3508 817/9435/4057
f 604/9450/4065 559/9451/4065 590/9452/4065
f 29/9453/4050 27/9454/3921 170/9455/3863
f 275/9397/4040 267/9456/4002 270/9395/4038
f 596/9436/4058 574/9050/3891 573/9457/4000
f 586/9411/4048 614/9458/4066 591/9459/4067
f 745/9460/3962 594/9461/3993 589/9440/4059
f 589/9440/4059 600/9439/4006 597/9462/4068
f 594/9461/3993 573/9441/4000 589/9440/4059
f 176/9463/4054 162/9464/4069 161/9408/3811
f 592/9465/4070 579/9352/4017 583/9354/4019
f 2229/9466/4071 2215/8692/3739 2172/8006/3436
f 586/9411/4048 591/9459/4067 576/9412/3987
f 2215/8692/3739 2230/9467/4072 2136/8659/3726
f 382/9444/4062 34/9443/4061 383/9468/4073
f 264/9311/3860 270/9469/4038 267/9312/4002
f 271/9470/4074 385/9471/4075 359/9472/3881
f 600/9473/4076 593/9474/3996 572/9475/3997
f 573/9457/4000 594/9476/3993 596/9436/4058
f 592/9477/4070 384/9478/4077 579/9479/4017
f 372/9480/3882 359/9472/3881 385/9471/4075
f 566/9255/3852 585/9254/3983 563/9481/3868
f 774/9112/3845 785/9166/3936 773/9482/4078
f 219/9107/3917 259/9381/4031 206/8463/3619
f 33/9483/4079 28/9484/4080 29/9485/4050
f 29/9453/4050 28/9486/4080 27/9454/3921
f 2352/7487/2587 2998/8784/3772 2995/6743/2905
f 268/9487/4081 276/9488/4081 271/9489/4081
f 2222/9490/4082 2231/9491/4083 2241/9492/4084
f 24/9394/4037 37/9493/4085 35/9076/3902
f 572/9475/3997 577/9494/3943 595/9495/4086
f 774/9496/4087 773/9497/4087 777/9498/4087
f 559/8815/3783 385/9499/4075 590/9500/4088
f 2234/9219/3965 2232/9501/4089 2228/9401/4044
f 596/9502/4058 594/9503/3993 580/9504/4090
f 30/9505/4091 26/9403/4045 21/9402/4032
f 813/9448/3898 772/9447/4064 768/9506/3906
f 2135/9507/3877 2136/9508/3726 2131/9509/4027
f 175/9510/3849 23/9511/4092 31/9512/4093
f 359/9513/4094 268/9514/4094 271/9515/4094
f 602/9404/4046 614/9516/4095 569/9259/3984
f 2225/9388/3981 2233/9517/4096 2238/9389/4034
f 595/9495/4086 577/9494/3943 597/9518/4097
f 43/9519/4098 33/9520/4079 25/9521/4043
f 272/9522/3961 390/9523/4099 273/9524/4004
f 2222/9525/4100 2235/9526/4100 2234/9527/4100
f 2229/9466/4071 2172/8006/3436 2356/7558/3249
f 43/9528/4098 28/9484/4080 33/9483/4079
f 583/9354/4019 615/9529/4101 592/9465/4070
f 598/9530/4102 588/9398/4041 605/9208/3959
f 269/9347/3992 278/9531/4103 274/9532/4104
f 580/9533/4105 594/9534/4105 740/9535/4105
f 559/8815/3783 372/9033/3882 385/9499/4075
f 283/9277/3989 186/9536/3826 19/9275/3789
f 595/9495/4086 600/9473/4076 572/9475/3997
f 217/9407/4047 176/9463/4054 161/9408/3811
f 387/9537/4106 603/9538/4106 273/9539/4106
f 384/9478/4077 592/9477/4070 601/9540/4107
f 26/9403/4045 30/9505/4091 24/9394/4037
f 29/9419/4050 26/9418/4045 24/9541/4037
f 278/9531/4103 269/9347/3992 267/9312/4002
f 43/9203/4098 270/9185/4007 282/9269/3986
f 563/9481/3868 585/9254/3983 596/9542/4058
f 21/9384/4032 175/9386/3849 31/9543/4093
f 272/9544/3961 269/9545/3992 274/9546/4104
f 282/9269/3986 268/9268/3967 359/9547/3802
f 387/9548/4108 386/9549/4108 603/9550/4108
f 387/9551/4109 273/9552/4004 390/9553/4099
f 614/9554/4110 599/9555/4110 591/9556/4110
f 815/9006/3866 785/9557/3936 763/8600/3694
f 597/9558/4111 600/9559/4111 595/9560/4111
f 576/9314/3987 591/9561/4067 599/9445/4063
f 275/9562/4112 382/9563/4112 383/9564/4112
f 606/9565/4113 580/9566/4113 747/9567/4113
f 149/8411/3602 177/9568/4114 53/8482/3628
f 214/9569/3623 2510/9295/3558 225/9570/4115
f 24/9541/4037 32/9571/3982 29/9419/4050
f 767/8981/3857 775/9572/4116 817/9435/4057
f 217/9407/4047 259/9409/4031 218/9573/4117
f 775/9572/4116 767/8981/3857 812/9371/3831
f 2999/9574/4118 2997/8821/3785 3004/8820/3361
f 601/9575/4107 602/9576/4046 384/9577/4077
f 35/9076/3902 37/9493/4085 42/9578/4119
f 273/9427/4004 603/9579/4120 276/9428/4053
f 42/9578/4119 41/9580/4121 35/9076/3902
f 33/9520/4079 32/9581/3982 25/9521/4043
f 29/9419/4050 32/9571/3982 33/9582/4079
f 222/9583/4122 216/9239/3957 215/9238/3975
f 487/8836/3724 7/9584/3449 262/8834/3791
f 12/8689/3738 69/9430/4055 11/8341/3480
f 390/9553/4099 386/9214/3913 387/9551/4109
f 283/9277/3989 27/9276/3921 28/9585/4080
f 605/9586/4123 609/9587/4123 598/9588/4123
f 275/9589/4040 278/9590/4103 267/9591/4002
f 211/9592/4124 229/9593/4124 219/9594/4124
f 590/9595/4125 603/9596/4125 604/9597/4125
f 596/9502/4058 580/9504/4090 606/9598/4126
f 611/9599/4127 749/9600/4127 578/9601/4127
f 560/9602/4128 612/9603/4128 605/9604/4128
f 41/9605/4129 34/9606/4129 35/9607/4129
f 31/9543/4093 30/9608/4091 21/9384/4032
f 24/9394/4037 30/9505/4091 37/9493/4085
f 2222/9490/4082 2241/9492/4084 2235/9609/4130
f 588/9438/4041 615/9529/4101 583/9354/4019
f 44/9610/4131 43/9203/4098 282/9269/3986
f 563/9481/3868 596/9542/4058 606/9611/4126
f 36/9612/4132 31/9512/4093 23/9511/4092
f 176/9429/4054 48/9613/4026 166/8924/3834
f 383/9614/4133 277/9615/4133 275/9616/4133
f 769/9091/3909 776/9617/4134 786/9067/3899
f 601/9575/4107 617/9618/4135 602/9576/4046
f 2237/9619/4136 2232/9501/4089 2234/9219/3965
f 2233/9620/4096 2225/9252/3981 2228/9401/4044
f 2352/8819/2587 2997/8821/3785 3000/9621/3922
f 30/9505/4091 38/9622/4137 37/9493/4085
f 3006/9623/4138 3001/9624/4139 3004/9625/3361
f 272/9544/3961 274/9546/4104 391/9626/4140
f 2954/9627/2307 2998/9628/3772 2955/9629/4141
f 780/9630/4142 777/9631/4142 773/9632/4142
f 217/9407/4047 218/9573/4117 220/9633/4143
f 42/9634/4144 37/9635/4144 38/9636/4144
f 34/9637/4061 277/9638/4145 383/9639/4073
f 390/9553/4099 560/9215/3963 386/9214/3913
f 389/9640/4146 34/9641/4146 41/9642/4146
f 388/9643/4147 274/9644/4147 592/9645/4147
f 812/8918/3831 786/9067/3899 816/9646/4148
f 229/9647/4149 221/9648/4149 228/9649/4149
f 178/9650/4150 48/9613/4026 176/9429/4054
f 602/9404/4046 616/9651/4151 614/9516/4095
f 2231/9491/4083 2227/9652/4033 2241/9492/4084
f 259/9409/4031 219/9653/3917 218/9573/4117
f 607/9654/4152 578/9315/3847 599/9445/4063
f 592/9655/4153 274/9656/4153 601/9657/4153
f 2124/8764/3763 225/9570/4115 2510/9295/3558
f 272/9522/3961 391/9658/4140 390/9523/4099
f 276/9659/4154 385/9660/4154 271/9661/4154
f 785/9662/3936 815/9663/3866 778/9664/4155
f 215/9238/3975 224/9665/4156 222/9583/4122
f 222/9666/4122 228/9204/3956 216/9205/3957
f 608/9667/4157 609/9668/4157 605/9669/4157
f 278/9590/4103 275/9589/4040 277/9670/4158
f 23/9511/4092 174/9671/3878 39/9672/4159
f 769/9227/3909 768/9229/3906 779/9673/4160
f 773/9674/4161 785/9675/4161 780/9676/4161
f 214/9177/3623 224/9677/4156 215/9242/3975
f 772/9447/4064 779/9678/4160 768/9506/3906
f 68/9068/3900 18/9070/3810 40/9679/4162
f 601/9680/4163 274/9681/4163 277/9682/4163
f 771/9683/4009 758/8462/3618 748/9223/3969
f 186/9536/3826 283/9277/3989 40/9679/4162
f 815/9684/3866 764/9685/3761 781/9686/4164
f 2137/9687/4165 2127/8911/3828 2129/9284/3991
f 276/9688/4166 603/9689/4166 385/9690/4166
f 30/9608/4091 31/9543/4093 38/9691/4137
f 612/9692/4167 608/9693/4167 605/9694/4167
f 389/9695/4168 277/9638/4145 34/9637/4061
f 41/9696/4169 42/9697/4169 38/9698/4169
f 610/9699/4170 599/9700/4063 614/9701/4171
f 214/9177/3623 223/9702/4172 224/9677/4156
f 222/9666/4122 224/9703/4156 228/9204/3956
f 3004/8820/3361 3001/9704/4139 2999/9574/4118
f 39/9672/4159 36/9612/4132 23/9511/4092
f 598/9530/4102 615/9705/4101 588/9398/4041
f 816/9706/4148 775/9572/4116 812/9371/3831
f 277/9707/4173 274/9708/4173 278/9709/4173
f 2138/9710/4174 2134/9117/3920 2133/9373/4028
f 218/9573/4117 219/9653/3917 220/9633/4143
f 393/9711/4175 274/9712/4175 592/9713/4175
f 225/9714/4115 223/9702/4172 214/9177/3623
f 777/9206/3958 780/9715/4176 759/8426/3607
f 393/9716/4177 592/9465/4070 615/9529/4101
f 226/9717/4178 217/9407/4047 220/9633/4143
f 69/9430/4055 15/8799/3610 10/8202/3516
f 43/9718/4098 44/9719/4131 28/9585/4080
f 749/9720/4179 748/9382/3969 741/9098/3912
f 590/9721/4180 385/9722/4180 603/9723/4180
f 611/9724/4181 578/9315/3847 607/9654/4152
f 359/9547/3802 263/9725/3725 279/9726/4182
f 149/8441/3602 50/9368/4025 177/9727/4114
f 390/9728/4099 612/9729/4183 560/9730/3963
f 53/8482/3628 177/9568/4114 179/9731/4184
f 226/9717/4178 176/9463/4054 217/9407/4047
f 2136/9508/3726 2139/9732/4185 2131/9509/4027
f 277/9638/4145 389/9695/4168 601/9733/4186
f 779/9673/4160 776/9734/4134 769/9227/3909
f 599/9735/4063 610/9736/4170 607/9737/4152
f 2124/8764/3763 2134/9117/3920 2140/9738/4187
f 772/9447/4064 759/8426/3607 625/9739/4188
f 617/9740/4135 616/9651/4151 602/9404/4046
f 2129/9284/3991 2130/9434/4016 2141/9741/4189
f 391/9742/4190 392/9743/4190 390/9744/4190
f 2215/8692/3739 2229/9466/4071 2230/9467/4072
f 41/9745/4191 38/9746/4137 389/9747/4192
f 615/9705/4101 598/9530/4102 609/9748/4193
f 280/9749/4194 601/9750/4194 389/9751/4194
f 2141/9741/4189 2137/9687/4165 2129/9284/3991
f 2241/9752/4195 2234/9753/4195 2235/9754/4195
f 616/9755/4196 613/9756/4196 614/9757/4196
f 390/9728/4099 608/9758/4197 612/9729/4183
f 392/9759/4198 608/9760/4198 390/9761/4198
f 178/9762/4150 45/9763/4199 46/9764/4200
f 391/9765/4201 274/9766/4201 393/9767/4201
f 2241/9492/4084 2227/9652/4033 2238/9768/4034
f 614/9701/4171 613/9769/4202 610/9699/4170
f 2136/9508/3726 2230/9770/4072 2139/9732/4185
f 2134/9117/3920 2138/9710/4174 2140/9738/4187
f 220/9633/4143 219/9653/3917 229/9771/4203
f 2130/9351/4016 2131/9370/4027 2141/9772/4189
f 601/9575/4107 280/9773/4204 617/9618/4135
f 7/9584/3449 281/9774/4205 262/8834/3791
f 263/9725/3725 281/9775/4205 279/9726/4182
f 389/9747/4192 38/9746/4137 304/9776/4206
f 392/9777/4207 609/9778/4207 608/9779/4207
f 3004/9780/3361 3005/9781/3972 3006/9782/4138
f 392/9783/4208 391/9784/4208 618/9785/4208
f 2133/9373/4028 2127/8911/3828 2142/9786/4209
f 779/9678/4160 772/9447/4064 782/9787/4210
f 618/9788/4211 391/9789/4211 393/9790/4211
f 28/9585/4080 44/9719/4131 283/9277/3989
f 607/9737/4152 610/9736/4170 613/9791/4202
f 38/9691/4137 31/9543/4093 304/9792/4206
f 31/9543/4093 36/9793/4132 47/9794/4212
f 615/9795/4101 618/9796/4213 393/9797/4177
f 2233/9620/4096 2228/9401/4044 2236/9798/4214
f 613/9791/4202 616/9799/4151 617/9800/4135
f 280/9801/4204 389/9747/4192 304/9776/4206
f 816/9706/4148 817/9435/4057 775/9572/4116
f 782/9787/4210 772/9447/4064 625/9739/4188
f 615/9795/4101 609/9802/4193 618/9796/4213
f 625/9739/4188 759/8426/3607 780/9715/4176
f 47/9794/4212 304/9792/4206 31/9543/4093
f 12/8689/3738 14/8691/3608 68/9803/3900
f 225/9714/4115 2353/9804/4215 223/9702/4172
f 815/9684/3866 781/9686/4164 778/9664/4155
f 609/9805/4216 392/9806/4216 618/9807/4216
f 279/9726/4182 282/9269/3986 359/9547/3802
f 783/9808/4217 816/9646/4148 786/9067/3899
f 784/9809/4218 786/9067/3899 776/9617/4134
f 2137/9687/4165 2142/9786/4209 2127/8911/3828
f 2236/9798/4214 2239/9810/4219 2233/9620/4096
f 3005/9264/3972 814/9266/3894 817/9811/4057
f 48/9812/4026 49/9813/4220 50/9814/4025
f 2124/8764/3763 2140/9738/4187 225/9570/4115
f 771/9815/4009 748/9816/3969 796/9817/4221
f 624/9818/4222 780/9819/4222 785/9820/4222
f 617/9800/4135 622/9821/4223 621/9822/4224
f 186/9536/3826 40/9679/4162 18/9070/3810
f 617/9800/4135 621/9822/4224 613/9791/4202
f 786/9823/4225 784/9824/4225 783/9825/4225
f 617/9800/4135 280/9826/4204 622/9821/4223
f 178/9827/4150 46/9828/4200 49/9813/4220
f 48/9812/4026 178/9827/4150 49/9813/4220
f 2138/9710/4174 2142/9786/4209 2354/9829/4226
f 816/9830/4148 787/9831/4227 817/9832/4057
f 782/9787/4210 788/9833/4228 779/9678/4160
f 46/9764/4200 45/9763/4199 54/9834/4229
f 621/9822/4224 607/9737/4152 613/9791/4202
f 227/9835/4230 176/9463/4054 226/9717/4178
f 281/9774/4205 263/8835/3725 262/8834/3791
f 2237/9836/4231 2234/9837/4231 2241/9838/4231
f 229/9771/4203 226/9717/4178 220/9633/4143
f 789/9839/4232 764/9685/3761 771/9840/4009
f 2131/9370/4027 2143/9841/4233 2141/9772/4189
f 63/9842/4234 177/9727/4114 50/9368/4025
f 304/9843/4206 622/9821/4223 280/9826/4204
f 2148/9844/4235 2229/9466/4071 2356/7558/3249
f 2228/9401/4044 2232/9501/4089 2236/9798/4214
f 801/9845/4236 776/9734/4134 779/9673/4160
f 47/9846/4212 36/9612/4132 51/9847/4237
f 228/9848/3956 224/9677/4156 260/9849/4238
f 179/9850/4184 52/9851/4239 53/9852/3628
f 260/9853/4240 234/9854/4240 228/9855/4240
f 788/9833/4228 782/9787/4210 625/9739/4188
f 229/9856/4241 228/9857/4241 234/9858/4241
f 2138/9710/4174 2354/9829/4226 2140/9738/4187
f 52/9859/4239 185/8535/3655 53/8482/3628
f 2137/9687/4165 2141/9741/4189 2142/9786/4209
f 7/8391/3449 261/8390/3596 281/9860/4205
f 2143/9861/4233 2131/9509/4027 2139/9732/4185
f 624/9862/4242 785/9863/4242 792/9864/4242
f 2142/9786/4209 2138/9710/4174 2133/9373/4028
f 817/9811/4057 790/9865/4243 3005/9264/3972
f 780/9715/4176 624/9866/4244 625/9739/4188
f 778/9664/4155 791/9867/4245 792/9868/4246
f 794/9869/4247 779/9678/4160 788/9833/4228
f 781/9686/4164 791/9867/4245 778/9664/4155
f 2233/9870/4096 2243/9871/4248 2238/9872/4034
f 784/9873/4218 805/9874/4249 783/9875/4217
f 39/9672/4159 174/9876/3878 185/9877/3655
f 54/9878/4229 60/9879/4250 46/9880/4200
f 801/9881/4236 784/9809/4218 776/9617/4134
f 178/9882/4150 176/9463/4054 227/9835/4230
f 2230/9467/4072 2229/9466/4071 2147/9883/4251
f 224/9677/4156 230/9884/4252 260/9849/4238
f 226/9717/4178 229/9771/4203 227/9835/4230
f 185/9877/3655 52/9885/4239 55/9886/4253
f 611/9724/4181 607/9654/4152 619/9887/4254
f 225/9570/4115 2140/9738/4187 2354/9829/4226
f 2243/9871/4248 2233/9870/4096 2239/9888/4219
f 60/9889/4250 49/9813/4220 46/9828/4200
f 796/9817/4221 748/9816/3969 620/9890/4255
f 625/9739/4188 624/9866/4244 623/9891/4256
f 799/9892/4257 816/9830/4148 783/9875/4217
f 748/9816/3969 749/9893/4179 620/9890/4255
f 54/9894/4229 45/9895/4199 56/9896/4258
f 44/9897/4259 282/9898/4259 283/9899/4259
f 607/9654/4152 621/9900/4224 619/9887/4254
f 792/9868/4246 785/9662/3936 778/9664/4155
f 60/9879/4250 54/9878/4229 56/9901/4258
f 799/9892/4257 783/9875/4217 805/9874/4249
f 284/9902/4260 282/9269/3986 279/9726/4182
f 47/9846/4212 51/9847/4237 57/9903/4261
f 304/9904/4206 47/9905/4212 57/9906/4261
f 227/9835/4230 231/9907/4262 178/9882/4150
f 2237/9619/4136 2240/9908/4263 2232/9501/4089
f 2240/9909/4263 2237/9910/4136 2241/9911/4084
f 233/9912/4264 56/9896/4258 45/9895/4199
f 51/9847/4237 36/9612/4132 39/9672/4159
f 793/9913/4265 794/9869/4247 788/9833/4228
f 779/9673/4160 802/9914/4266 801/9845/4236
f 2241/9492/4084 2238/9768/4034 2245/9915/4267
f 230/9884/4252 224/9677/4156 223/9702/4172
f 45/9916/4199 232/9917/4268 233/9918/4264
f 621/9919/4269 622/9920/4269 304/9921/4269
f 231/9907/4262 227/9835/4230 229/9771/4203
f 55/9886/4253 39/9672/4159 185/9877/3655
f 282/9269/3986 285/9922/4270 283/9923/4271
f 2240/9908/4263 2236/9798/4214 2232/9501/4089
f 781/9686/4164 764/9685/3761 789/9839/4232
f 230/9884/4252 223/9702/4172 241/9924/4272
f 802/9914/4266 779/9673/4160 794/9925/4247
f 792/9926/4246 795/9927/4273 624/9928/4274
f 619/9887/4254 749/9893/4179 611/9724/4181
f 49/9813/4220 63/9929/4234 50/9814/4025
f 771/9840/4009 796/9930/4221 789/9839/4232
f 621/9900/4224 304/9931/4206 619/9887/4254
f 625/9739/4188 793/9913/4265 788/9833/4228
f 2142/9786/4209 2141/9741/4189 2144/9932/4275
f 236/9933/4276 234/9934/4277 260/9935/4238
f 178/9882/4150 232/9917/4268 45/9916/4199
f 2353/9804/4215 241/9924/4272 223/9702/4172
f 805/9874/4249 800/9936/4278 799/9892/4257
f 3001/9704/4139 3006/9937/4138 2359/9938/4279
f 2141/9772/4189 2143/9841/4233 2144/9939/4275
f 787/9831/4227 816/9830/4148 799/9892/4257
f 2238/9768/4034 2243/9940/4248 2245/9915/4267
f 790/9941/4243 3006/9782/4138 3005/9781/3972
f 260/9942/4238 230/9943/4252 235/9944/4280
f 304/9904/4206 57/9906/4261 628/9945/4281
f 260/9942/4238 235/9944/4280 236/9946/4276
f 2236/9798/4214 2240/9908/4263 2239/9810/4219
f 3001/9704/4139 2359/9938/4279 2999/9574/4118
f 625/9739/4188 797/9947/4282 793/9913/4265
f 623/9948/4283 624/9949/4283 806/9950/4283
f 233/9951/4284 627/9952/4284 56/9953/4284
f 287/9954/4285 625/9955/4285 623/9956/4285
f 178/9882/4150 237/9957/4286 232/9917/4268
f 63/9958/4234 179/9731/4184 177/9568/4114
f 236/9946/4276 235/9944/4280 238/9959/4287
f 15/8436/3610 69/9960/4055 286/9961/4288
f 749/9893/4179 619/9887/4254 620/9890/4255
f 232/9917/4268 287/9962/4289 233/9918/4264
f 237/9957/4286 178/9882/4150 231/9907/4262
f 233/9963/4290 287/9964/4290 627/9965/4290
f 229/9966/4203 234/9967/4277 239/9968/4291
f 2353/9969/4215 225/9970/4115 2354/9971/4226
f 2243/9940/4248 2242/9972/4292 2245/9915/4267
f 51/9847/4237 39/9672/4159 58/9973/4293
f 798/9974/4294 799/9975/4294 800/9976/4294
f 623/9977/4295 806/9978/4296 287/9979/4297
f 2230/9770/4072 2147/9980/4251 2420/9981/4298
f 231/9907/4262 229/9771/4203 239/9982/4291
f 802/9983/4266 794/9869/4247 246/9984/4299
f 2240/9908/4263 2244/9985/4300 2239/9810/4219
f 2239/9986/4219 2242/9987/4292 2243/9988/4248
f 797/9947/4282 625/9739/4188 247/9989/4301
f 59/9990/4302 60/9991/4250 56/9992/4258
f 49/9813/4220 60/9991/4250 59/9990/4302
f 2242/9987/4292 2239/9986/4219 2244/9993/4300
f 2144/9994/4275 2143/9861/4233 2366/9995/4303
f 801/9996/4304 802/9997/4304 244/9998/4304
f 628/9945/4281 619/9999/4254 304/9904/4206
f 794/9869/4247 793/9913/4265 246/9984/4299
f 239/9982/4291 237/9957/4286 231/9907/4262
f 49/9813/4220 59/9990/4302 63/9929/4234
f 2359/9938/4279 2997/8821/3785 2999/9574/4118
f 247/9989/4301 625/9739/4188 287/10000/4289
f 787/10001/4227 799/10002/4257 798/10003/4305
f 287/9979/4297 626/10004/4306 627/10005/4307
f 240/10006/4308 230/10007/4252 241/10008/4272
f 784/9809/4218 801/9881/4236 804/10009/4309
f 2241/9911/4084 2245/10010/4267 2240/9909/4263
f 56/10011/4310 627/10012/4310 626/10013/4310
f 232/9917/4268 242/10014/4311 287/9962/4289
f 626/10004/4306 287/9979/4297 806/9978/4296
f 2145/10015/4312 2139/9732/4185 2230/9770/4072
f 51/9847/4237 288/10016/4313 57/9903/4261
f 628/9945/4281 57/9906/4261 288/10017/4313
f 257/10018/4314 241/9924/4272 2353/9804/4215
f 246/10019/4315 244/10020/4315 802/10021/4315
f 242/10014/4311 232/9917/4268 243/10022/4316
f 237/9957/4286 243/10022/4316 232/9917/4268
f 247/9989/4301 287/10000/4289 242/10023/4311
f 795/10024/4273 792/9868/4246 803/10025/4317
f 246/9984/4299 797/9947/4282 247/9989/4301
f 804/10026/4309 805/10027/4249 784/10028/4218
f 624/9928/4274 795/9927/4273 806/10029/4296
f 2244/10030/4318 2240/10031/4318 2245/10032/4318
f 235/9944/4280 230/9943/4252 240/10006/4308
f 246/9984/4299 793/9913/4265 797/9947/4282
f 796/10033/4221 781/9686/4164 789/10034/4232
f 289/10035/4319 626/10004/4306 806/9978/4296
f 2245/10036/4267 2242/9987/4292 2244/9993/4300
f 2366/9995/4303 2143/9861/4233 2139/9732/4185
f 244/10037/4320 234/9934/4277 236/9933/4276
f 238/9959/4287 244/10038/4320 236/9946/4276
f 804/10026/4309 807/10039/4321 805/10027/4249
f 243/10022/4316 245/10040/4322 242/10014/4311
f 800/9936/4278 805/9874/4249 807/10041/4321
f 246/10042/4299 234/9934/4277 244/10037/4320
f 244/10043/4320 808/10044/4323 801/9881/4236
f 238/9959/4287 235/9944/4280 240/10006/4308
f 58/9973/4293 39/9672/4159 55/9886/4253
f 2230/9770/4072 2420/9981/4298 2145/10015/4312
f 288/10016/4313 51/9847/4237 58/9973/4293
f 237/9957/4286 239/9982/4291 243/10022/4316
f 59/9990/4302 61/10045/4324 63/9929/4234
f 628/10046/4281 629/10047/4325 619/9887/4254
f 787/10001/4227 798/10003/4305 253/10048/4326
f 2355/10049/4327 2356/10050/3249 2955/9629/4141
f 619/9887/4254 629/10047/4325 620/9890/4255
f 56/10051/4258 626/10052/4306 289/10053/4319
f 787/10001/4227 3003/10054/4328 817/9811/4057
f 282/9269/3986 284/9902/4260 285/9922/4270
f 2366/9995/4303 2139/9732/4185 2145/10015/4312
f 806/9978/4296 795/10055/4273 289/10035/4319
f 800/10056/4278 809/10057/4329 798/10058/4305
f 234/9967/4277 248/10059/4330 239/9968/4291
f 808/10044/4323 804/10009/4309 801/9881/4236
f 245/10040/4322 246/10060/4299 242/10014/4311
f 3000/10061/3922 2997/10062/3785 2357/10063/4331
f 239/9982/4291 248/10064/4330 243/10022/4316
f 795/10024/4273 803/10025/4317 289/10065/4319
f 803/10025/4317 792/9868/4246 791/9867/4245
f 246/10060/4299 247/10066/4301 242/10014/4311
f 245/10040/4322 243/10022/4316 248/10064/4330
f 809/10067/4329 800/9936/4278 807/10041/4321
f 808/10068/4323 807/10039/4321 804/10026/4309
f 630/10069/4332 796/9817/4221 620/9890/4255
f 55/9886/4253 70/10070/4333 58/9973/4293
f 246/10042/4299 248/10071/4330 234/9934/4277
f 245/10040/4322 248/10064/4330 246/10060/4299
f 62/10072/4334 283/10073/4334 285/10074/4334
f 52/9885/4239 70/10070/4333 55/9886/4253
f 261/8390/3596 290/10075/4335 281/9860/4205
f 620/9890/4255 629/10047/4325 630/10069/4332
f 63/10076/4234 61/10077/4324 179/9850/4184
f 2353/9969/4215 2358/10078/4336 257/10079/4314
f 787/10001/4227 253/10048/4326 3003/10054/4328
f 798/10058/4305 809/10057/4329 810/10080/4337
f 261/8390/3596 15/8436/3610 286/9961/4288
f 798/10003/4305 810/10081/4337 253/10048/4326
f 64/10082/4338 59/9990/4302 56/9992/4258
f 290/10083/4339 279/10084/4339 281/10085/4339
f 52/9851/4239 179/9850/4184 70/10086/4333
f 790/9941/4243 2364/10087/4340 3006/9782/4138
f 3006/9937/4138 3002/10088/4341 2359/9938/4279
f 12/10089/4342 300/10090/4342 69/10091/4342
f 807/10041/4321 810/10092/4337 809/10067/4329
f 807/10093/4321 808/10094/4323 810/10095/4337
f 808/10096/4323 244/10038/4320 238/9959/4287
f 64/10082/4338 61/10045/4324 59/9990/4302
f 288/10017/4313 291/10097/4343 628/9945/4281
f 241/10008/4272 249/10098/4344 240/10006/4308
f 796/10033/4221 631/10099/4345 781/9686/4164
f 61/10077/4324 70/10086/4333 179/9850/4184
f 240/10006/4308 250/10100/4346 238/9959/4287
f 817/9811/4057 3003/10054/4328 790/9865/4243
f 2354/9829/4226 2142/9786/4209 2144/9932/4275
f 628/9945/4281 291/10097/4343 629/10101/4325
f 56/10051/4258 289/10053/4319 64/10102/4338
f 2997/10103/3785 2359/10104/4279 2360/10105/4347
f 2360/10105/4347 2357/10063/4331 2997/10062/3785
f 292/10106/4348 284/9902/4260 279/9726/4182
f 251/10107/4349 252/10108/4349 808/10109/4349
f 631/10110/4345 796/9817/4221 630/10069/4332
f 240/10006/4308 249/10098/4344 250/10100/4346
f 71/10111/4350 58/9973/4293 70/10070/4333
f 2353/9969/4215 2354/9971/4226 2358/10078/4336
f 283/9277/3989 62/10112/4351 40/9679/4162
f 2360/10105/4347 2361/10113/4352 2357/10063/4331
f 252/10114/4353 255/10115/4354 808/10094/4323
f 803/10116/4317 632/10117/4355 289/10118/4319
f 238/9959/4287 251/10119/4356 808/10096/4323
f 300/10120/4357 286/9961/4288 69/9960/4055
f 241/9924/4272 257/10018/4314 249/10121/4344
f 261/8390/3596 299/10122/4358 290/10075/4335
f 808/10094/4323 255/10115/4354 810/10095/4337
f 791/9867/4245 781/9686/4164 631/10099/4345
f 2386/10123/4359 2420/9981/4298 2147/9980/4251
f 2364/10087/4340 790/9941/4243 3003/10124/4328
f 289/10053/4319 632/10125/4355 64/10102/4338
f 634/10126/4360 803/10025/4317 791/9867/4245
f 250/10100/4346 251/10119/4356 238/9959/4287
f 58/9973/4293 71/10111/4350 288/10016/4313
f 630/10069/4332 629/10047/4325 633/10127/4361
f 64/10082/4338 65/10128/4362 61/10045/4324
f 634/10126/4360 791/9867/4245 631/10099/4345
f 629/10101/4325 291/10097/4343 633/10129/4361
f 285/9922/4270 293/10130/4363 62/10131/4351
f 631/10110/4345 630/10069/4332 633/10127/4361
f 253/10132/4326 810/10133/4337 254/10134/4364
f 3002/10135/4341 2360/10105/4347 2359/10104/4279
f 61/10045/4324 65/10128/4362 70/10136/4333
f 2362/10137/4365 2357/10063/4331 2361/10113/4352
f 3006/9782/4138 2364/10087/4340 3002/10138/4341
f 250/10100/4346 249/10098/4344 257/10139/4314
f 71/10140/4350 291/10097/4343 288/10017/4313
f 634/10141/4360 632/10117/4355 803/10116/4317
f 2354/9971/4226 2144/10142/4275 2146/10143/4366
f 62/10112/4351 66/10144/4367 40/9679/4162
f 252/10145/4353 251/10119/4356 255/10146/4354
f 71/10140/4350 633/10129/4361 291/10097/4343
f 2144/10147/4368 2366/10148/4368 2146/10149/4368
f 257/10139/4314 256/10150/4369 250/10100/4346
f 255/10151/4370 254/10152/4370 810/10153/4370
f 70/10136/4333 65/10128/4362 71/10154/4350
f 251/10119/4356 250/10100/4346 255/10146/4354
f 632/10125/4355 65/10155/4362 64/10102/4338
f 255/10156/4354 250/10100/4346 256/10150/4369
f 634/10157/4371 631/10158/4371 632/10159/4371
f 279/9726/4182 295/10160/4372 292/10106/4348
f 255/10161/4373 256/10162/4373 257/10163/4373
f 257/10164/4374 254/10165/4374 255/10166/4374
f 2365/10167/4375 2366/9995/4303 2145/10015/4312
f 40/9679/4162 66/10168/4367 68/9068/3900
f 631/10169/4345 294/10170/4376 632/10125/4355
f 294/10170/4376 631/10169/4345 633/10129/4361
f 633/10129/4361 71/10140/4350 294/10170/4376
f 2362/10137/4365 3000/10061/3922 2357/10063/4331
f 2998/9120/3772 3000/9119/3922 2390/10171/4377
f 65/10155/4362 294/10170/4376 71/10140/4350
f 3003/10172/4328 811/10173/4378 2363/10174/4379
f 294/10170/4376 65/10155/4362 632/10125/4355
f 2364/10175/4340 2363/10176/4379 3002/10135/4341
f 2365/10177/4375 2146/10143/4366 2366/10178/4303
f 279/10179/4182 290/10180/4335 295/10181/4372
f 12/10182/3738 68/10183/3900 300/10184/4380
f 2367/10185/4381 2358/10078/4336 2354/9971/4226
f 253/10048/4326 811/10186/4378 3003/10054/4328
f 2365/10167/4375 2145/10015/4312 2420/9981/4298
f 261/8390/3596 286/9961/4288 300/10120/4357
f 2390/10171/4377 2369/10187/4382 2998/9120/3772
f 295/10181/4372 290/10180/4335 299/10188/4358
f 3002/10135/4341 2363/10176/4379 2368/10189/4383
f 2955/9629/4141 2998/9628/3772 2369/10190/4382
f 257/10079/4314 2358/10078/4336 2370/10191/4384
f 284/9902/4260 296/10192/4385 285/9922/4270
f 2148/9844/4235 2356/7558/3249 2372/10193/4386
f 2354/9971/4226 2371/10194/4387 2367/10185/4381
f 253/10132/4326 254/10134/4364 811/10195/4378
f 297/10196/4388 292/10106/4348 295/10160/4372
f 2368/10189/4383 2360/10105/4347 3002/10135/4341
f 285/9922/4270 296/10192/4385 293/10130/4363
f 2146/10143/4366 2371/10194/4387 2354/9971/4226
f 3003/10197/4328 2363/10176/4379 2364/10175/4340
f 2358/10078/4336 2367/10185/4381 2370/10191/4384
f 2355/10049/4327 2372/10198/4386 2356/10050/3249
f 2369/10190/4382 2412/10199/4389 2955/9629/4141
f 67/10200/4390 300/10184/4380 68/10183/3900
f 2373/10201/4391 2146/10143/4366 2365/10177/4375
f 2362/10137/4365 2361/10113/4352 2374/10202/4392
f 2362/10137/4365 2374/10202/4392 2375/10203/4393
f 2147/9883/4251 2229/9466/4071 2148/9844/4235
f 292/10106/4348 297/10196/4388 284/9902/4260
f 62/10112/4351 293/10204/4363 66/10144/4367
f 297/10196/4388 296/10192/4385 284/9902/4260
f 2387/10205/4394 2365/10177/4375 2420/10206/4298
f 2360/10105/4347 2376/10207/4395 2361/10113/4352
f 66/10168/4367 67/10208/4390 68/9068/3900
f 2360/10105/4347 2368/10189/4383 2376/10207/4395
f 2370/10191/4384 2377/10209/4396 257/10079/4314
f 254/10210/4364 257/10079/4314 2377/10209/4396
f 2361/10113/4352 2376/10207/4395 2378/10211/4397
f 2379/10212/4398 3000/10061/3922 2362/10137/4365
f 2955/9629/4141 2399/10213/4399 2355/10049/4327
f 2371/10194/4387 2380/10214/4400 2367/10185/4381
f 2361/10113/4352 2378/10211/4397 2374/10202/4392
f 2421/10215/4401 2368/10189/4383 2363/10176/4379
f 2955/9629/4141 2412/10199/4389 2399/10213/4399
f 2146/10143/4366 2373/10201/4391 2371/10194/4387
f 295/10181/4372 299/10188/4358 303/10216/4402
f 298/10217/4403 293/10130/4363 296/10192/4385
f 297/10196/4388 298/10217/4403 296/10192/4385
f 2367/10185/4381 2380/10214/4400 2370/10191/4384
f 811/10173/4378 254/10210/4364 2381/10218/4404
f 2374/10202/4392 2378/10211/4397 2375/10203/4393
f 293/10130/4363 298/10217/4403 66/10219/4367
f 2363/10174/4379 811/10173/4378 2382/10220/4405
f 2149/10221/4406 2148/10222/4406 2372/10223/4406
f 2383/10224/4407 2365/10177/4375 2387/10205/4394
f 2384/10225/4408 811/10173/4378 2381/10218/4404
f 2385/10226/4409 2380/10214/4400 2371/10194/4387
f 2420/10227/4298 2386/10228/4359 2387/10229/4394
f 2386/10230/4359 2147/10231/4251 2388/10232/4410
f 2382/10220/4405 811/10173/4378 2384/10225/4408
f 299/10233/4411 261/10234/4411 300/10235/4411
f 254/10210/4364 2377/10209/4396 2381/10218/4404
f 2389/10236/4412 2376/10207/4395 2368/10189/4383
f 2389/10236/4412 2368/10189/4383 2421/10215/4401
f 2363/10174/4379 2382/10220/4405 2421/10237/4401
f 2405/10238/4413 2378/10211/4397 2376/10207/4395
f 2376/10207/4395 2389/10236/4412 2408/10239/4414
f 297/10196/4388 295/10160/4372 301/10240/4415
f 2377/10209/4396 2380/10214/4400 2385/10226/4409
f 2370/10191/4384 2380/10214/4400 2377/10209/4396
f 2379/10212/4398 2390/10241/4377 3000/10061/3922
f 2371/10194/4387 2391/10242/4416 2385/10226/4409
f 2392/10243/4417 2377/10209/4396 2385/10226/4409
f 2373/10201/4391 2365/10177/4375 2383/10224/4407
f 2392/10243/4417 2384/10225/4408 2381/10218/4404
f 302/10244/4418 300/10245/4380 67/10246/4390
f 2393/10247/4419 2389/10248/4412 2421/10237/4401
f 2392/10243/4417 2381/10218/4404 2377/10209/4396
f 2373/10201/4391 2391/10242/4416 2371/10194/4387
f 2382/10220/4405 2384/10225/4408 2394/10249/4420
f 66/10219/4367 298/10217/4403 302/10250/4418
f 2373/10201/4391 2383/10224/4407 2391/10242/4416
f 2421/10237/4401 2382/10220/4405 2393/10247/4419
f 2408/10239/4414 2405/10251/4413 2376/10207/4395
f 2147/10252/4421 2148/10253/4421 2149/10254/4421
f 2378/10211/4397 2395/10255/4422 2375/10203/4393
f 303/10256/4423 299/10257/4423 300/10258/4423
f 2392/10243/4417 2385/10226/4409 2391/10242/4416
f 2394/10249/4420 2384/10225/4408 2392/10243/4417
f 2396/10259/4424 2387/10229/4394 2386/10228/4359
f 2383/10224/4407 2387/10205/4394 2422/10260/4425
f 67/10261/4426 66/10262/4426 302/10263/4426
f 295/10160/4372 303/10264/4402 301/10240/4415
f 2392/10243/4417 2391/10242/4416 2397/10265/4427
f 2383/10224/4407 2422/10260/4425 2391/10242/4416
f 2422/10266/4425 2387/10229/4394 2396/10259/4424
f 2396/10259/4424 2386/10267/4359 2413/10268/4428
f 2398/10269/4429 2375/10203/4393 2395/10255/4422
f 2399/10270/4399 2412/10271/4389 2400/10272/4430
f 2378/10211/4397 2405/10238/4413 2404/10273/4431
f 2391/10242/4416 2422/10260/4425 2397/10265/4427
f 2405/10251/4413 2408/10239/4414 2401/10274/4432
f 2379/10212/4398 2362/10137/4365 2402/10275/4433
f 2402/10275/4433 2362/10137/4365 2375/10203/4393
f 2382/10220/4405 2394/10249/4420 2403/10276/4434
f 2394/10249/4420 2392/10243/4417 2403/10276/4434
f 2382/10220/4405 2403/10276/4434 2393/10247/4419
f 2403/10276/4434 2392/10243/4417 2397/10265/4427
f 2398/10269/4429 2402/10275/4433 2375/10203/4393
f 2404/10277/4435 2405/10278/4435 2401/10279/4435
f 2403/10276/4434 2406/10280/4436 2393/10247/4419
f 2397/10265/4427 2422/10260/4425 2406/10280/4436
f 2397/10265/4427 2406/10280/4436 2403/10276/4434
f 2389/10248/4412 2393/10247/4419 2407/10281/4437
f 303/10282/4402 300/10245/4380 302/10244/4418
f 2412/10199/4389 2369/10190/4382 2411/10283/4438
f 2390/10241/4377 2379/10212/4398 2369/10284/4382
f 2393/10247/4419 2406/10280/4436 2407/10281/4437
f 2149/10285/4439 2388/10232/4410 2147/10231/4251
f 2398/10269/4429 2409/10286/4440 2402/10275/4433
f 301/10240/4415 298/10217/4403 297/10196/4388
f 2409/10286/4440 2379/10287/4398 2402/10275/4433
f 2389/10248/4412 2407/10281/4437 2408/10288/4414
f 2409/10286/4440 2398/10269/4429 2395/10255/4422
f 2401/10274/4432 2408/10239/4414 2414/10289/4441
f 2378/10211/4397 2404/10273/4431 2415/10290/4442
f 2400/10291/4430 2412/10292/4389 2409/10293/4440
f 2409/10293/4440 2412/10292/4389 2379/10294/4398
f 2415/10290/4442 2395/10255/4422 2378/10211/4397
f 2422/10266/4425 2407/10295/4437 2406/10296/4436
f 2409/10286/4440 2395/10255/4422 2415/10290/4442
f 2399/10270/4399 2410/10297/4443 2355/10298/4327
f 2408/10239/4414 2407/10299/4437 2414/10289/4441
f 2410/10297/4443 2399/10270/4399 2400/10272/4430
f 2411/10300/4444 2369/10301/4444 2379/10302/4444
f 2411/10303/4445 2379/10304/4445 2412/10305/4445
f 2388/10232/4410 2413/10306/4428 2386/10230/4359
f 298/10217/4403 301/10240/4415 302/10250/4418
f 303/10307/4402 302/10250/4418 301/10240/4415
f 2414/10308/4441 2404/10309/4431 2401/10310/4432
f 2407/10295/4437 2422/10266/4425 2396/10259/4424
f 2415/10311/4442 2400/10291/4430 2409/10293/4440
f 2407/10295/4437 2396/10259/4424 2414/10308/4441
f 2410/10297/4443 2400/10272/4430 2416/10312/4446
f 2404/10313/4431 2400/10291/4430 2415/10311/4442
f 2416/10314/4446 2400/10291/4430 2404/10313/4431
f 2413/10268/4428 2417/10315/4447 2396/10259/4424
f 2414/10308/4441 2396/10259/4424 2418/10316/4448
f 2417/10315/4447 2413/10268/4428 2388/10317/4410
f 2416/10312/4446 2355/10298/4327 2410/10297/4443
f 2418/10316/4448 2396/10259/4424 2417/10315/4447
f 2404/10309/4431 2414/10308/4441 2418/10316/4448
f 2355/10318/4327 2149/10319/4439 2372/10320/4386
f 2416/10312/4446 2419/10321/4449 2355/10298/4327
f 2416/10322/4446 2404/10323/4431 2418/10316/4448
f 2419/10324/4449 2149/10319/4439 2355/10318/4327
f 2417/10315/4447 2419/10325/4449 2418/10316/4448
f 2419/10325/4449 2416/10322/4446 2418/10316/4448
f 2419/10325/4449 2417/10315/4447 2388/10317/4410
f 2388/10232/4410 2149/10285/4439 2419/10326/4449
