# totem_war: normalized for CS2Warcraft (Y-up, ground at y=0, scale 33.6754)
o totem_war
v 4.1507 55.8658 4.2084
v 4.5905 55.7593 4.2787
v 4.4947 57.2721 2.5554
v 6.1977 57.2883 2.1302
v 4.0450 56.3996 1.4607
v 4.4863 56.8353 1.5385
v 4.2206 56.6389 2.0621
v 4.3082 57.2591 1.5088
v 4.4904 57.0591 0.5554
v 4.9173 57.2899 2.9897
v 4.7392 57.4285 2.1111
v 4.3817 56.0735 0.6626
v 4.9895 56.1105 0.1577
v 4.8630 56.8255 2.6775
v 4.9359 57.1046 2.2427
v 4.6924 56.6953 0.8478
v 5.1571 56.2476 0.1058
v 4.8122 57.0259 3.4560
v 5.2998 56.8930 3.0241
v 6.3259 57.3188 2.6313
v 5.1120 55.8593 0.2755
v 5.2297 55.7250 0.0818
v 4.7420 56.8997 0.4731
v 5.1321 56.5363 3.9445
v 5.6910 55.1143 -0.0723
v 5.3660 56.7630 3.7816
v 5.0068 55.5099 -0.4642
v 5.2191 55.9557 -0.4262
v 5.5142 55.1687 -0.3744
v 7.1060 56.3352 0.1297
v 5.7619 55.5136 -0.3969
v 6.1263 60.8225 0.1624
v 6.4151 55.5980 3.9082
v 5.7947 60.7951 0.4648
v 7.5839 60.0013 1.1525
v 5.8881 60.9970 0.3439
v 6.8420 60.8133 0.5484
v 6.1209 54.4454 0.4249
v 5.8209 56.5092 3.7332
v 6.6216 56.7079 0.5818
v 8.2265 56.6986 3.3183
v 6.9188 57.5345 1.1252
v 6.9337 59.4312 0.6198
v 7.3885 59.4253 1.2902
v 6.9374 60.7000 0.1895
v 7.2513 58.3670 0.6655
v 7.7019 56.7481 0.0104
v 8.3192 55.7318 3.3165
v 7.3717 58.5799 1.6391
v 8.4861 59.1614 1.6043
v 8.2996 59.9164 0.5288
v 8.1405 59.6467 -0.0167
v 8.4840 57.7036 2.7308
v 8.9503 59.0298 0.2918
v 9.2976 56.1197 2.6568
v 8.6933 55.1054 2.8125
v 9.4568 56.2924 0.2794
v 9.0873 55.5751 0.4489
v 8.9941 59.1522 0.9474
v 8.7327 58.1494 -0.2354
v 9.5163 55.5300 1.8565
v 9.5477 57.9921 0.4408
v 9.2318 57.3685 -0.1164
v 9.6046 57.3161 0.2830
v 9.7935 56.3767 1.4639
v 9.7542 57.5329 0.7627
v 9.6590 57.7483 1.4571
v 5.6787 56.0938 4.1367
v 6.9348 57.7452 2.1922
v 7.4988 57.4281 3.0810
v 7.6953 60.2175 0.9464
v 7.0355 59.6198 0.1650
v 8.0505 58.7730 -0.1600
v 8.4512 57.1540 -0.2529
v 9.4799 56.9279 2.2794
v -0.0104 56.3289 -2.0220
v -0.1413 56.0321 -2.2547
v 0.2416 60.1741 0.9835
v 0.7890 56.3722 -2.3024
v -0.1551 57.9550 1.6029
v 0.1629 57.2087 1.3293
v 0.5400 60.1010 0.4163
v 0.1706 59.4265 1.0485
v 0.7360 58.4902 -1.7544
v -0.1260 56.9612 1.3452
v 0.6741 57.3883 1.7226
v 0.9860 57.8328 1.8722
v 0.2087 57.5900 2.0035
v 0.2742 57.5850 -0.7608
v 0.5996 60.4386 -0.4953
v 0.5344 61.3325 0.9173
v 1.0113 57.1375 -1.4681
v 0.3828 59.2256 0.8700
v 0.8212 58.1542 0.7251
v 0.7960 57.8725 -0.4017
v 0.8589 59.6236 0.2768
v 1.1691 55.4245 1.9512
v 0.5813 56.7472 -2.1666
v 1.2793 60.6781 -0.1181
v 0.3497 59.5310 1.3322
v 0.8963 54.8351 0.0767
v 0.5249 59.1133 1.4658
v 0.9547 59.5196 0.9792
v 0.1663 57.5375 -2.6295
v 0.9366 58.8403 -0.0284
v 0.9049 58.3258 -2.0197
v 0.3183 56.9818 -2.1568
v 1.0521 57.6890 -2.3219
v 1.1727 57.1100 -2.0488
v 0.7648 58.5308 -1.3869
v 1.1436 57.3392 -1.9516
v 0.5953 60.9712 0.9525
v 0.8395 58.8383 -1.8257
v 1.5337 57.4002 -2.3452
v 1.3832 58.6966 -1.3533
v 0.9221 58.8596 -0.6496
v 0.9628 59.2747 -0.6905
v 1.2000 57.4909 -1.2809
v 1.2131 58.7577 -1.3014
v 0.9260 59.5242 0.0307
v 1.1266 59.6269 0.5959
v 1.5139 57.8923 1.4463
v 0.9515 57.9183 -2.5036
v 0.9243 58.5123 0.4277
v 1.8216 57.9104 0.3470
v 0.8854 57.7544 1.1386
v 1.4203 59.4253 -0.4406
v 1.2871 59.2994 -1.0832
v 1.3577 57.4694 -1.8434
v 1.5507 57.7219 -1.4187
v 1.1332 58.2517 -2.1935
v 1.0107 57.8394 -2.0584
v 1.1592 60.4761 0.2301
v 1.3479 58.2375 -0.0038
v 0.9550 55.1151 0.8359
v 1.0908 57.6678 -1.1815
v 1.7133 57.8658 -2.1352
v 1.4108 58.9174 -1.0736
v 1.6666 58.3824 1.1906
v 1.5156 58.3453 -1.3801
v 1.3267 59.2424 0.7602
v 0.7520 56.3380 -2.1085
v 1.3545 56.7578 -2.0188
v 1.6180 57.4880 -2.1411
v 1.6919 58.7357 -1.4891
v 1.5345 58.0293 -0.4754
v 1.7217 59.1412 -0.3698
v 1.1733 58.2006 1.4997
v 1.7787 58.4395 0.5854
v 1.7993 57.3775 -1.8295
v 0.9951 56.7696 -2.5071
v 1.8572 57.1676 -2.3373
v 1.6017 58.6321 0.8752
v 2.0416 58.4741 0.4492
v 1.4665 57.0428 -2.1216
v 1.6485 58.0159 -0.9952
v 2.7421 55.5401 3.9028
v 2.0242 57.5546 -2.0793
v 1.8501 58.6565 -1.0469
v 1.8966 57.9253 -0.2499
v 1.9076 57.9728 -0.7427
v 2.7668 55.6110 1.2135
v 2.0486 58.2788 -0.7892
v 1.6970 58.0278 -1.8367
v 2.2749 57.9793 0.0864
v 2.0955 57.3644 -0.8906
v 2.3077 57.6887 -0.5952
v 2.1780 57.2683 -1.3756
v 1.9626 57.1701 -2.0252
v 2.3438 58.2474 -0.4068
v 2.0827 57.7563 -1.7493
v 2.7895 55.9053 3.1084
v 3.0008 55.6449 3.8675
v 2.7819 55.2752 0.9668
v 3.0711 55.0863 0.5804
v 2.9511 56.5159 2.2068
v 3.0926 56.1890 2.1521
v 3.6648 56.4842 3.5612
v 3.3965 56.1352 1.3809
v 3.0168 56.2131 0.5411
v 3.3423 55.9985 0.1397
v 3.1977 55.4861 -0.0584
v 3.1635 56.5635 2.7949
v 3.4953 56.0736 3.2468
v 3.0327 55.7754 0.6371
v 2.8737 56.5794 1.4317
v 3.5394 55.4294 -0.3537
v 3.8260 55.7126 0.5912
v 3.8157 54.4857 -0.5361
v 4.1612 56.2493 0.2209
v 4.1619 57.3230 1.9620
v 4.1001 56.8789 0.6060
v 4.6592 54.2780 0.2185
v 4.4368 56.6373 0.2570
v 4.7268 56.1876 -0.0904
v 4.5011 56.0895 -0.2062
v 4.8571 55.3673 -0.1803
v 3.7046 56.8930 1.3587
v 1.4484 54.8085 3.9032
v 2.8525 53.6402 0.1174
v 4.0247 54.2284 4.5003
v 3.4110 55.1778 4.3382
v 3.4661 52.9134 0.4333
v 4.0896 53.1508 0.6247
v 4.4410 52.7611 3.7385
v 3.7593 52.2520 3.5909
v 4.3522 52.3461 2.4058
v 4.4828 54.9641 4.2655
v 4.0673 55.4976 4.0259
v 4.5807 53.6103 -0.3550
v 3.2443 54.3137 0.4292
v 4.0938 54.9264 0.1598
v 3.5411 53.7546 0.3800
v 4.4275 54.3375 -0.5475
v 3.5361 55.0152 0.0003
v 4.9252 55.1381 4.5288
v 4.8162 53.4134 0.3882
v 5.0849 54.3642 4.5867
v 5.2781 53.5841 3.8012
v 5.0838 52.9662 1.5905
v 4.8892 53.0431 0.4202
v 5.1383 53.8387 0.4583
v 5.8423 52.9645 0.2869
v 5.3185 52.9530 2.5951
v 5.1377 52.7833 0.6485
v 5.1038 52.6556 1.4141
v 5.4142 53.6698 0.6442
v 5.5055 52.9324 2.3703
v 5.3649 52.5191 2.5311
v 5.5459 53.1631 3.1690
v 5.5000 52.7787 2.8537
v 5.2413 53.4652 0.5183
v 5.3796 53.3349 1.0003
v 5.5538 53.2917 1.1299
v 5.7768 52.0031 1.4576
v 5.6119 52.6969 0.6048
v 5.4629 52.6063 2.3837
v 5.7004 53.7546 4.1473
v 6.1224 54.4957 4.0742
v 5.7807 53.3299 0.8769
v 5.5701 52.5236 0.6804
v 5.5386 53.2102 3.8808
v 5.7546 52.9901 2.8106
v 5.6568 53.0626 2.3469
v 6.3876 53.3762 2.3349
v 6.5666 52.5552 0.5238
v 5.8760 53.0357 3.0693
v 6.0291 53.9397 0.6952
v 6.4335 53.6208 1.1563
v 5.6892 53.1423 1.7679
v 6.4150 54.2604 0.0670
v 6.7971 54.3199 -0.1130
v 5.9101 52.8795 2.6805
v 5.6427 52.7066 0.3253
v 5.6612 52.0602 2.5072
v 6.2597 52.1963 2.0612
v 6.8079 53.8334 0.6345
v 5.9442 53.3042 1.4776
v 6.3704 51.9332 2.4444
v 5.6684 54.4341 -0.0990
v 6.1247 54.4638 -0.1979
v 5.6043 52.4491 3.0658
v 6.1232 52.2870 2.6949
v 6.4712 53.4226 1.7291
v 6.4022 51.9123 2.1184
v 6.7768 53.2613 0.3825
v 5.9747 52.8961 1.8882
v 6.3829 54.5944 4.3395
v 6.2317 52.7890 3.4256
v 6.4083 52.3494 2.1615
v 6.8813 53.4755 1.0477
v 6.1688 55.7771 4.3448
v 6.9116 54.5641 4.1465
v 6.4232 54.9304 4.1662
v 6.7801 54.1989 3.8776
v 6.8303 53.0833 2.6635
v 6.8955 53.5052 3.3878
v 6.9455 53.3419 1.7510
v 7.0410 52.1150 2.1053
v 6.7128 52.2730 2.3178
v 6.8317 53.3604 0.2208
v 6.8973 53.5713 2.4473
v 7.0283 53.6578 3.3454
v 7.1655 52.9552 1.8882
v 8.1506 54.3630 1.2996
v 8.5263 54.4625 2.0065
v 6.7310 54.1163 -0.4096
v 7.0293 54.3800 3.4348
v 6.9263 54.8335 3.9596
v 7.3641 53.1947 0.3407
v 6.9612 53.8678 0.3240
v 7.3679 53.5522 0.2867
v 7.5186 53.5300 1.1648
v 7.0613 54.0042 3.7990
v 7.3705 53.5677 3.1182
v 7.1856 53.9223 2.8091
v 7.5067 53.3058 1.5919
v 7.5882 53.1654 1.6942
v 7.3888 52.9213 1.9997
v 7.1726 54.0629 3.0943
v 8.0382 55.4136 0.1186
v 9.3557 55.3953 1.0844
v 5.9508 55.0525 4.4075
v 6.0748 55.5220 4.3063
v 7.8760 54.7541 0.5058
v 6.0346 51.2189 1.1982
v 6.4022 51.0568 0.7701
v 6.0818 51.9283 0.4914
v 6.4334 51.8428 0.3952
v 6.4444 51.3718 0.3222
v 7.4163 52.4150 0.2766
v 6.6409 51.2514 0.5910
v 7.5947 52.1761 0.2653
v 6.3998 51.1554 1.7195
v 6.5666 50.8866 1.2634
v 6.4689 51.1239 1.0615
v 7.4083 50.1577 1.3747
v 6.6096 51.2450 1.6663
v 7.0899 53.2636 0.2364
v 6.9010 53.1934 0.1303
v 8.5285 48.7678 0.5564
v 7.5986 52.0004 0.5584
v 7.9273 49.3138 0.7612
v 6.3910 51.4171 1.9392
v 7.0381 51.8714 1.6721
v 8.0575 49.0031 1.3502
v 7.6727 52.0469 1.5892
v 7.4961 47.7269 1.3553
v 7.9675 49.6393 1.5982
v 8.0000 52.4907 0.7816
v 7.6661 52.2275 0.9401
v 7.9992 52.2212 0.7929
v 7.8697 52.1622 1.7065
v 7.7774 53.0800 0.9649
v 8.0781 48.6670 0.6901
v 8.4912 48.6561 1.4020
v 7.8709 48.2061 1.3748
v 8.6384 49.7754 1.5918
v 8.6384 50.3673 0.5042
v 9.4204 49.7772 1.4442
v 8.7291 49.7497 0.4952
v 9.3946 49.8074 0.4837
v 8.8535 50.3841 0.6878
v 9.4930 49.9360 0.6569
v 10.0355 50.4918 1.3666
v 9.8219 51.5190 1.2641
v 9.8334 51.5062 0.7149
v 10.5298 50.5490 0.8191
v 10.5223 50.5921 1.1352
v 10.6270 45.8160 1.2123
v 10.8241 46.2100 0.8839
v 11.2428 48.7862 0.9045
v 8.8135 50.2976 1.5104
v 0.8049 51.5453 6.6725
v 0.1674 47.7260 7.1304
v 0.0106 48.4742 7.1679
v -0.1304 54.8338 3.9734
v 0.5072 49.7804 7.0375
v 0.9908 48.7332 5.9702
v 0.6165 49.3479 6.0990
v 1.3752 53.2257 5.3158
v 0.3579 49.2235 6.3477
v 1.4341 48.2374 6.1820
v 0.9600 49.4454 4.7315
v 1.0223 50.7307 6.9277
v 0.7928 47.0089 2.4625
v 0.7896 55.3943 2.3530
v 1.1947 50.2849 5.3492
v 0.7669 49.4979 6.8959
v 0.8974 48.2723 2.1462
v 1.2905 47.6919 2.3674
v 0.9451 48.6084 1.7724
v 0.7374 48.1968 1.7787
v 1.5252 53.9625 4.4714
v 1.5255 48.5132 1.7786
v 1.4284 48.9345 4.8930
v 1.5956 50.4497 4.9962
v 1.0973 50.1345 4.7302
v 0.8924 49.8831 4.7680
v 2.3694 50.3416 6.2088
v 1.0912 47.5397 6.1422
v 1.6795 51.8655 6.2143
v 1.5751 49.9585 4.4009
v 1.4693 48.7084 1.4074
v 0.9760 48.2176 1.6796
v 1.9441 49.3673 4.4689
v 1.5868 47.1293 4.4065
v 1.7116 48.3220 3.9703
v 2.0612 47.5492 5.8601
v 1.9188 50.7257 6.6973
v 1.6782 47.6460 3.9085
v 2.4834 51.6465 5.5884
v 2.0498 49.7923 4.4346
v 2.0751 49.2106 3.5891
v 2.1860 49.9680 4.1062
v 2.1014 50.0569 3.4165
v 2.2256 48.2297 3.9580
v 2.4141 48.2389 6.1496
v 2.2585 47.7693 3.9943
v 1.9606 48.9089 4.8171
v 2.6861 48.9033 5.7191
v 2.7170 50.5541 6.2771
v 2.3907 50.3841 3.8140
v 2.0735 49.2311 4.0824
v 1.9953 48.4506 3.9590
v 2.5330 50.2171 2.9275
v 1.9420 50.2776 6.7262
v 2.1795 49.7470 2.9619
v 2.5326 48.0425 3.7147
v 2.1063 48.4140 4.2092
v 2.5769 49.0630 2.9254
v 2.9916 48.1746 3.2520
v 2.8061 49.6759 4.5062
v 2.5378 51.1127 4.8624
v 2.0947 47.5616 5.1305
v 2.9303 47.9171 4.8664
v 2.3049 48.6765 1.7339
v 2.4713 48.1993 2.3811
v 3.2629 48.7137 2.6428
v 2.5498 47.6029 4.9734
v 2.4964 50.2841 5.3569
v 3.1292 48.7055 3.9753
v 2.8307 50.0943 5.6892
v 2.6345 48.5260 6.0008
v 2.9029 50.6625 4.5119
v 3.8157 53.1906 4.3385
v 3.0082 48.5700 1.9869
v 2.8864 50.5311 5.8201
v 2.8278 49.3511 5.4738
v 2.9650 48.0488 5.6874
v 2.5106 52.0421 4.8769
v 2.7271 48.5816 4.3480
v 2.7911 48.7252 4.2588
v 3.2031 48.5360 3.7798
v 3.2044 52.7832 4.2597
v 3.1286 50.4211 5.1649
v 3.0665 47.8961 5.1908
v 3.1627 48.1053 2.8723
v 3.5323 48.5625 2.2385
v 3.1136 48.6177 1.5265
v 3.0255 49.0395 4.3048
v 3.3534 48.7491 4.6702
v 3.5417 50.8473 1.9377
v 3.1109 50.8805 3.6653
v 3.4453 51.6293 2.0400
v 3.7855 52.0198 2.7528
v 3.5900 50.9742 1.1441
v 3.6572 52.3661 0.9224
v 4.0770 48.4834 2.6274
v 4.1447 48.5788 1.3188
v 4.7618 47.4531 3.1968
v 3.7890 48.0822 3.1547
v 5.0066 48.1272 2.3641
v 4.3655 48.5442 2.3159
v -0.9033 49.5095 -1.8510
v 0.9538 50.3194 -2.3130
v 0.7290 51.9506 -2.5019
v 0.1209 54.6123 -0.4727
v 1.0007 53.6689 -1.6688
v 0.3804 48.4297 -2.0678
v 0.3517 49.3468 -1.7593
v 0.8269 47.2607 -3.0008
v 0.9757 48.8600 -1.5633
v 1.4766 49.7989 -1.8359
v 1.0593 47.2979 -3.1634
v 1.1074 52.9668 -2.1320
v 0.6348 47.8902 -2.6067
v 1.2206 49.1272 -1.2830
v 1.9407 54.3956 0.1728
v 1.6688 48.6551 -0.8022
v 2.2486 50.5339 -1.6039
v 1.6348 48.9521 -0.7118
v 1.8460 48.5445 -2.1456
v 2.1392 53.5613 -0.8132
v 2.0449 52.3263 -1.8437
v 1.8806 48.9036 -0.0036
v 2.6358 50.0773 -1.0541
v 2.3490 49.2455 -0.4725
v 2.2785 47.6734 -3.7894
v 2.6394 48.4328 -2.5527
v 1.8973 48.0008 -3.2971
v 2.2401 48.5903 -1.9643
v 1.9932 48.0141 -0.1169
v 1.9297 48.7494 0.1541
v 3.0541 48.4903 0.0679
v 2.9057 51.4028 -1.0381
v 1.9347 48.8823 0.7289
v 2.7309 49.3293 -0.0771
v 2.9628 49.3659 1.6268
v 2.6732 48.1820 -3.3828
v 2.2887 48.8772 0.8342
v 2.4941 48.7980 0.6404
v 2.5078 48.3550 -0.3828
v 3.2492 47.8970 -0.2332
v 2.5848 47.8651 -0.5480
v 2.8559 51.9762 -0.7588
v 3.2070 50.1903 0.1141
v 3.1376 50.3781 0.6617
v 2.9938 49.6238 2.0781
v 3.4256 47.9834 -1.5801
v 3.3609 47.3326 -0.2351
v 3.4111 48.6770 1.1955
v 3.8422 48.0652 0.4088
v 3.6590 47.0496 -1.1184
v 3.0816 48.3748 -2.8731
v 3.8158 47.5843 -3.1526
v 3.8268 48.4777 0.6866
v 3.5739 48.4947 0.8043
v 3.2428 47.3820 -3.7291
v 4.0323 47.6378 -1.8937
v 4.4195 48.4736 1.2930
v 4.2071 47.1897 -2.2177
v 4.2131 47.1664 -2.6102
v 4.6766 47.8531 0.6536
v 4.8244 48.4515 1.7569
v 5.5199 47.5777 1.9487
v 5.3677 47.5278 1.0469
v 5.1369 48.1344 1.3620
v 5.9307 46.8463 0.8657
v 9.6439 47.4937 1.4618
v 5.9225 46.9344 1.2824
v 1.0060 48.6847 -1.7512
v 1.5381 48.3171 -2.7461
v 2.6667 48.1097 -1.1044
v 3.0360 48.3506 -2.1249
v -4.3859 56.3187 -0.0386
v -4.4576 54.3973 -0.5648
v -4.2380 56.1370 0.1626
v -4.1291 57.1275 1.0815
v -3.5947 55.3657 -0.3652
v -4.0105 56.6629 0.6523
v -3.7218 55.8532 0.7637
v -2.9197 56.5654 1.3834
v -3.3152 55.3558 -0.1210
v -3.9232 54.4530 -0.5474
v -3.5166 56.1725 1.3448
v -3.0511 55.8826 0.7830
v -4.2022 57.1599 2.4652
v -3.3941 56.0421 0.1560
v -3.0513 56.6295 2.2010
v -3.0180 56.1023 0.5216
v -2.6088 55.7625 2.2743
v -3.3859 56.2618 3.0890
v -2.7910 55.7093 3.3129
v -2.4451 55.3886 1.2166
v -2.3049 57.1092 -0.9660
v -1.9978 56.1017 -0.8822
v -2.3618 57.9197 -0.9331
v -2.3482 57.6927 -0.2712
v -2.0583 57.9958 0.5893
v -2.2532 56.0571 -0.3617
v -2.0655 55.7124 -1.1611
v -2.3902 57.2246 -0.5778
v -2.0233 56.4156 0.0157
v -1.6757 56.3957 0.8899
v -1.2463 56.1088 -1.9336
v -2.2017 58.2269 0.4270
v -1.5570 58.5911 1.2136
v -1.9209 57.7702 -0.9755
v -1.9328 58.0432 -0.9742
v -1.8376 58.3576 -0.0593
v -2.0167 55.7941 -0.4138
v -1.5443 57.9498 -1.8817
v -2.2403 58.1966 -0.7428
v -1.8698 56.9358 -0.5873
v -1.7393 56.9446 -1.1554
v -1.0753 58.9561 1.1981
v -1.7703 58.2274 0.1894
v -1.1774 58.4217 1.3824
v -2.0321 58.5094 0.0960
v -1.2809 58.7672 0.9903
v -1.9321 57.8198 -1.6810
v -0.9189 57.9510 -2.2722
v -1.5223 56.3893 -1.1707
v -1.6073 57.7156 -1.0301
v -1.6312 56.0914 -0.6750
v -1.4976 56.2276 -0.9193
v -0.6216 56.9540 -2.3329
v -1.5091 56.1224 -0.2232
v -1.7536 56.0392 0.0666
v -1.3903 56.7236 1.2549
v -1.2517 57.6023 -1.7206
v -2.0901 57.5956 -1.2031
v -1.7521 57.3122 -1.8048
v -1.6567 56.5720 -0.1855
v -0.9440 58.7981 0.9489
v -1.2407 56.7802 0.0424
v -1.1606 56.2365 0.6440
v -0.9163 59.6154 -0.1361
v -1.2350 60.5270 0.2104
v -0.9147 59.4854 0.2925
v -1.3297 61.0305 -0.0839
v -0.2800 62.9261 0.2974
v -0.5368 57.5316 -2.3853
v -1.4959 55.5754 -1.1416
v -1.0390 56.3226 0.4115
v -0.5368 56.0888 -1.5977
v -1.3827 55.8922 -1.1963
v -0.7090 56.3526 -1.8226
v -0.8061 57.6126 0.8023
v -1.2141 55.5490 -1.5834
v -1.5227 57.8672 -1.5371
v -0.2735 58.0624 -2.1889
v -1.0489 56.9513 0.3942
v -0.8212 57.0824 1.7085
v -0.9314 56.4091 0.8463
v -0.8985 55.1879 1.1068
v -0.5509 60.2460 0.5239
v -0.7341 56.8066 1.6320
v -1.0326 56.1505 -1.1732
v -1.0539 56.5171 -0.9147
v -0.7012 58.3954 1.3905
v -1.1301 57.3656 1.1808
v -0.8011 57.6287 -0.4020
v -0.6389 56.3290 -1.4241
v -0.2969 59.1680 1.5791
v -0.3240 56.2377 -1.9438
v -0.1231 58.7873 1.6252
v -0.4007 56.7493 1.2954
v -0.8289 56.2400 -1.5005
v -0.2838 58.9835 1.0570
v -1.4268 55.8904 -1.9770
v 0.2107 56.4950 -2.6333
v -0.4029 59.6248 -0.5067
v -0.6537 60.8675 -1.0239
v -0.1984 57.3250 -0.7629
v -0.9943 58.6551 1.4129
v 0.0792 57.2892 1.9702
v 0.6316 60.8788 -0.9905
v -0.0422 60.7368 1.2340
v -0.2184 57.9446 -2.5686
v -0.6801 55.6802 -1.7948
v 0.0071 64.0000 -0.2344
v -0.6738 61.0103 0.9539
v -0.3050 62.7951 -0.6094
v 0.3331 57.9469 -2.4011
v 0.2737 59.9250 -0.8579
v -0.2512 59.2795 -0.7534
v 0.0430 60.4163 -1.2216
v 0.1056 63.3425 -0.4647
v -0.8845 55.7599 -2.1243
v 0.0422 57.9442 -2.1444
v 0.6535 57.2765 -1.5189
v -0.6215 57.6837 -2.0418
v -0.0106 56.5499 -1.6384
v -1.8336 56.6815 0.4873
v -1.8836 56.0934 -1.2041
v -2.0972 55.9693 -1.2489
v -1.7971 57.1419 0.4512
v -1.3572 56.9432 1.1997
v -9.7977 56.6621 1.8363
v -9.8318 56.3871 0.9981
v -9.5333 56.2128 0.4202
v -9.5979 55.5840 1.9436
v -9.8603 57.4585 0.8092
v -9.5407 58.3802 1.0929
v -9.1932 56.3764 0.0162
v -9.5866 57.5335 0.1236
v -9.4741 57.9165 1.8532
v -9.4302 55.9921 2.5337
v -9.4601 57.0351 2.3345
v -8.6908 59.3408 1.3345
v -9.2780 57.5504 -0.1423
v -9.1152 59.0179 0.4192
v -8.7444 57.6044 2.6759
v -8.1794 60.0443 0.2703
v -8.1216 56.9372 3.2840
v -7.7462 57.3799 3.1053
v -8.2203 56.1256 3.4252
v -7.9187 58.5300 2.0470
v -7.9931 60.1737 0.8312
v -7.6345 59.4697 1.3370
v -6.9270 60.8470 0.4681
v -7.1426 57.8157 2.1948
v -7.1329 59.1995 0.5263
v -8.6129 57.0913 -0.2771
v -7.0765 57.8589 1.6692
v -5.8802 60.8577 0.2368
v -6.3647 60.8443 0.1281
v -6.1446 60.8253 0.5888
v -6.9770 57.5242 1.1644
v -6.0978 56.5056 0.6736
v -7.4050 57.0282 0.2861
v -6.5019 55.6082 3.9080
v -5.8325 56.5794 3.6313
v -5.8207 57.0659 1.9863
v -7.2638 59.4210 0.1129
v -5.9544 61.0041 0.3824
v -4.5739 56.1380 0.6539
v -5.2558 56.2374 -0.1016
v -5.0968 55.7700 -0.2611
v -5.1197 57.1599 3.2879
v -4.9807 56.8459 2.8046
v -5.1460 56.8398 3.5376
v -4.8049 56.9508 3.5100
v -5.4697 55.6620 4.1625
v -5.3870 55.9079 -0.4281
v -5.1760 55.8529 0.2433
v -4.9856 56.1114 0.1550
v -4.7913 57.3105 1.6046
v -5.0186 57.1395 2.2518
v -4.6795 56.3539 0.0193
v -5.1786 55.3307 -0.4512
v -4.7586 55.7499 -0.3642
v -4.6597 55.7746 4.2698
v -5.1494 56.2540 0.1535
v -4.7231 56.9268 0.3563
v -4.9083 57.0877 3.1392
v -4.4134 56.8781 3.1369
v -4.8764 56.7554 0.6267
v -4.3971 56.6995 2.2100
v -4.6333 57.4216 1.5143
v -4.3786 56.0760 0.6228
v -4.5475 56.8155 0.2422
v -4.1494 56.3134 1.1101
v -4.2524 57.3332 1.8971
v -4.3405 57.2551 1.5478
v -4.8015 56.8978 1.1689
v -4.0247 56.4486 1.4615
v -3.7273 56.5094 3.4991
v -4.4842 55.4658 4.4698
v -3.4400 56.7033 2.9657
v -8.1840 59.5812 -0.1027
v -7.8414 56.4391 -0.0545
v -7.3481 58.3724 0.6268
v -5.0225 57.3223 2.8892
v -5.4711 56.8846 3.1026
v -9.4297 55.3737 1.1137
v -8.4888 54.3935 1.8795
v -8.3224 54.6385 2.8079
v -8.5204 55.6209 3.2024
v -8.2769 54.3482 1.3774
v -7.1896 54.1588 3.1708
v -6.9307 53.6997 2.6446
v -7.5918 53.5417 1.1519
v -7.5126 53.3436 1.6246
v -7.2835 53.6042 1.2902
v -6.9496 53.3615 1.6580
v -7.4213 53.8185 3.0948
v -7.2967 53.6474 3.3833
v -7.3666 52.8766 2.0344
v -6.5662 54.1927 0.0901
v -7.0637 53.6086 3.2836
v -7.5199 55.3086 0.0908
v -6.7354 54.4977 3.9741
v -6.7676 54.2082 -0.4283
v -6.8640 54.5607 4.1417
v -7.2920 52.9453 1.8072
v -6.7852 53.3620 3.1708
v -6.3395 55.7296 4.3399
v -6.7489 52.2689 2.3237
v -6.8960 53.5206 1.1188
v -6.6514 54.0677 0.4732
v -6.7089 54.1261 4.0134
v -6.3905 54.6096 0.0224
v -6.8685 54.2736 -0.1664
v -7.4328 53.5626 0.3707
v -6.7661 53.5706 2.0457
v -6.7294 55.0446 3.8085
v -7.0751 54.6707 3.9363
v -6.2645 54.6909 -0.5309
v -6.4330 52.3552 2.0665
v -6.4876 54.1146 -0.0846
v -5.8065 55.0679 0.1451
v -6.2139 55.3550 4.1902
v -6.2343 52.5105 3.1254
v -6.5693 53.6160 1.2418
v -6.1147 53.3499 0.9706
v -6.4702 52.4243 2.4544
v -6.7703 53.2433 0.4592
v -6.3266 54.6805 4.3436
v -6.5550 52.6058 0.4741
v -5.9549 53.3067 1.4500
v -6.1374 54.3236 0.4884
v -5.8562 55.0265 4.2044
v -6.5471 54.0396 3.8079
v -5.9410 52.8783 2.6498
v -5.7309 55.0385 -0.2747
v -5.9154 52.0257 2.6312
v -5.8324 53.3582 3.9516
v -5.7657 53.0390 2.3486
v -6.2732 53.3444 2.6333
v -6.5942 53.4586 1.8225
v -6.4221 52.8113 3.3329
v -5.8785 54.9305 -0.1057
v -5.8899 52.2676 2.7924
v -6.0882 52.8787 1.8653
v -5.8654 53.1613 1.7661
v -6.0767 55.4138 4.4067
v -6.9690 53.2289 0.1328
v -5.9251 55.2661 4.4398
v -5.7663 56.4153 4.0802
v -5.6341 53.0506 2.7229
v -6.0267 54.1468 -0.0215
v -6.2457 53.0170 0.2943
v -5.7784 52.9659 0.2539
v -5.7287 52.1222 1.4555
v -6.0788 51.2975 1.3736
v -6.4162 52.0607 2.5616
v -5.5217 55.3848 0.0795
v -5.8443 53.2760 3.2213
v -5.6628 53.0099 3.7490
v -6.1167 53.8412 0.7181
v -5.6682 53.2577 1.3265
v -5.8200 52.0257 2.4042
v -5.3869 54.5446 4.4821
v -4.9999 54.0835 -0.2689
v -5.0726 54.4023 4.5350
v -5.4490 52.4815 2.6126
v -5.7254 52.6557 0.4968
v -5.7021 53.1564 3.0585
v -5.4447 52.9324 2.5788
v -4.8441 55.4303 -0.1595
v -5.4560 52.6229 1.3867
v -4.5168 52.5949 3.4413
v -5.4256 53.2533 3.4408
v -5.1858 52.7232 1.7478
v -5.0576 53.0700 0.7973
v -5.3600 53.4689 0.5192
v -5.6102 52.5046 2.3514
v -5.5349 53.5507 0.6491
v -5.1325 52.9982 1.3949
v -4.6169 53.6559 -0.4048
v -3.9308 52.9334 4.1790
v -5.1964 53.9118 4.0043
v -5.1909 52.8787 0.3850
v -4.8034 53.2236 0.1782
v -4.0679 54.2946 4.4725
v -4.6727 54.7412 4.2674
v -4.6786 54.3434 0.1776
v -5.1934 53.8725 0.4245
v -3.7081 52.1602 1.3246
v -3.4455 54.4282 0.3258
v -4.3350 52.3058 2.3823
v -3.9452 52.1842 3.0668
v -4.1248 55.0670 0.1774
v -3.9180 55.7612 3.7615
v -4.2718 55.3854 4.0713
v -3.5667 54.1328 4.6283
v -3.6765 54.7566 -0.1332
v -3.2983 54.9136 4.5038
v -3.0025 55.8114 3.4956
v -3.2340 55.5227 4.0264
v -3.6251 53.7188 0.4179
v -3.0559 55.2242 0.7122
v -3.6310 55.3369 4.0615
v -1.7964 53.5913 4.6019
v -2.6672 53.6132 0.0621
v -2.6881 55.5089 1.3766
v -3.0572 54.8399 0.6590
v -1.4292 55.0999 1.0813
v -8.0206 54.5456 0.7367
v -4.2292 52.7787 0.9508
v -11.2411 48.7370 1.0821
v -9.6037 47.3661 1.4566
v -9.9594 51.5026 1.2816
v -9.9358 51.4752 0.6850
v -11.2428 48.8373 0.9209
v -9.5666 47.3822 0.5894
v -9.5804 49.8036 0.6354
v -9.5799 51.0260 1.2982
v -8.8570 50.4236 0.6817
v -9.4328 49.6600 0.4906
v -8.6003 48.7972 0.5536
v -8.7971 50.3384 1.5105
v -9.5692 49.7987 1.3772
v -8.6637 49.7841 1.6104
v -8.7250 48.8879 1.5163
v -8.5763 49.8271 0.4236
v -7.6712 50.0696 1.6367
v -6.7359 51.3046 0.5234
v -8.0893 52.2747 0.8554
v -7.8214 49.5591 0.7877
v -8.0547 48.9090 1.3413
v -8.0534 52.4209 1.5780
v -8.0499 48.7684 0.7160
v -7.9550 52.1547 1.6730
v -7.7155 53.1510 0.7089
v -7.4735 47.7061 1.3923
v -7.6933 52.1382 1.5250
v -7.1875 51.8801 1.6712
v -7.8892 52.2563 0.4891
v -7.6380 53.0282 1.8212
v -7.6516 52.0331 0.5261
v -7.4096 52.0764 0.2194
v -7.6197 52.5321 0.4230
v -8.4918 48.7216 1.4287
v -7.2692 53.2613 0.2216
v -7.6938 49.7967 1.3420
v -6.6054 52.6212 0.2939
v -7.4999 52.0774 2.0080
v -6.6197 50.8396 1.2986
v -6.6222 51.4741 2.0401
v -6.6368 51.1734 1.5408
v -6.4055 51.0685 0.7291
v -6.3395 51.3671 0.3575
v -7.0811 52.2747 0.2854
v -6.4992 51.1895 1.0919
v -6.4091 50.8503 1.3270
v -6.4234 51.9099 2.1184
v -6.3021 51.5512 0.4842
v -3.9473 48.2812 2.9234
v -3.6122 48.6038 2.0782
v -3.2680 48.2802 2.6794
v -3.1441 50.9070 3.1751
v -3.9334 52.3174 3.5227
v -2.8567 50.6387 3.9642
v -3.5443 50.9862 2.0091
v -3.0945 47.7304 3.1253
v -3.2932 48.9768 3.2152
v -2.9126 49.5817 2.2163
v -3.1657 48.4216 2.9585
v -3.0866 48.5879 4.1412
v -2.5638 51.1419 4.8812
v -3.0193 48.0831 5.7519
v -3.0406 50.0866 5.7765
v -2.7402 49.4465 5.5709
v -2.9758 49.6243 2.0818
v -3.0442 49.1059 2.1184
v -2.8254 47.8997 4.7266
v -3.3988 48.7559 4.6178
v -2.7272 50.5591 6.3463
v -2.8981 50.6616 4.4281
v -3.2826 48.7409 2.6315
v -3.1702 48.8784 4.3403
v -2.7941 49.8828 4.5694
v -3.1469 50.4781 5.1647
v -2.6079 48.0656 3.6971
v -2.4907 47.4148 2.8908
v -2.2940 49.0011 3.7496
v -3.1193 47.8849 5.1882
v -2.4944 47.5278 5.1500
v -2.5319 53.0878 4.5647
v -2.5542 48.3345 6.1243
v -2.3771 47.8839 6.0476
v -2.3591 50.2858 3.4190
v -2.1135 49.8473 4.5011
v -2.9868 50.4568 5.9819
v -2.5681 52.0300 4.9584
v -2.4749 47.9995 2.5788
v -3.0194 48.5930 1.8464
v -2.7362 48.8239 4.2230
v -2.1565 49.2092 4.0698
v -2.7506 50.3577 6.1187
v -2.0187 50.4163 5.1256
v -2.2140 47.5385 5.8017
v -2.1254 49.9823 3.2279
v -2.3641 47.6846 4.0081
v -2.2634 49.9069 4.2387
v -2.5556 48.6594 5.8664
v -1.5148 49.8011 5.9445
v -2.4605 49.2327 2.7601
v -2.0999 48.3797 4.2725
v -1.9881 49.4097 4.4990
v -2.3855 48.8568 5.2648
v -1.5886 48.4546 5.9550
v -2.3383 48.2794 3.9762
v -2.0024 49.6497 3.5381
v -1.6026 49.8215 4.3844
v -1.9650 48.4446 3.9081
v -1.5951 47.6049 4.3218
v -1.3546 50.3382 5.1030
v -0.9565 52.3485 6.2287
v -0.6618 49.3921 6.7997
v -0.7467 49.7448 7.0208
v -1.9536 50.1555 6.7406
v -1.7716 49.0234 4.7305
v -1.0891 48.6828 5.9992
v -0.8994 49.7215 4.8428
v -1.1320 49.3397 4.7296
v -0.2730 50.4902 6.9221
v -0.6968 51.2972 6.7772
v -1.1789 50.1792 4.8232
v -0.7205 49.4920 5.8634
v -1.0635 48.4893 2.0728
v -1.0059 48.7130 1.6017
v -0.7813 48.2797 2.1088
v -0.8653 47.8790 2.0674
v -0.8468 55.3442 2.5044
v -1.8310 50.7237 6.7490
v 0.1568 55.3676 1.4839
v -1.4054 48.2050 6.2121
v -1.1886 47.7252 6.1342
v -0.3204 49.7581 6.9415
v -0.1034 54.3901 4.4825
v -1.0959 54.7498 3.9012
v -0.3774 49.2156 6.3876
v -0.0435 49.8411 6.7299
v -0.0106 49.5314 6.3753
v 0.0107 47.7252 7.4626
v 0.2217 52.4502 6.1832
v -5.1649 48.1117 1.2087
v -4.6829 47.7970 0.5910
v -4.7263 48.1504 0.9152
v -4.4721 48.5810 2.0439
v -4.4736 48.4370 1.2125
v -4.1779 47.3846 -2.5339
v -3.8738 47.8384 0.1018
v -3.5601 48.0779 -1.8717
v -3.9322 48.4549 0.6848
v -3.6924 46.6666 -3.5982
v -3.1402 47.9656 -0.2135
v -4.0556 48.0944 0.3851
v -3.5857 48.5108 0.5366
v -3.7420 52.6310 0.8086
v -3.6232 51.2494 1.0637
v -3.9566 47.8351 -2.0252
v -3.2656 48.2951 -2.8797
v -2.9184 52.0636 -0.4157
v -3.0418 48.3641 -2.9836
v -2.9660 48.4408 -2.1258
v -3.1712 50.6505 0.6774
v -3.0223 49.9832 2.1334
v -3.5294 48.6741 1.0848
v -3.3524 52.7915 0.3703
v -2.8522 47.7107 -0.9283
v -2.7810 48.2528 -1.3042
v -2.7334 48.7859 0.6080
v -3.0497 50.4688 -0.4291
v -3.1346 49.8939 0.5401
v -2.5368 49.2254 0.0645
v -2.7829 51.5423 -1.1253
v -3.2174 47.4572 -3.7190
v -2.6086 48.0268 -3.5457
v -2.2291 48.8228 1.0668
v -2.3607 48.4697 -2.7124
v -2.1462 52.4194 -1.6664
v -2.4354 48.4599 2.1842
v -2.5255 50.1842 -1.1860
v -2.3086 48.5739 -1.8756
v -2.1090 47.9606 -3.4138
v -2.0633 47.9775 -0.2036
v -3.0690 48.4985 0.0753
v -2.5607 48.8059 0.3986
v -1.9630 50.5921 -1.8156
v -2.6497 47.7744 -0.6111
v -2.3930 48.3762 -0.3976
v -1.7733 48.4746 -2.3870
v -1.6697 49.7257 -1.6483
v -1.8058 48.9531 -0.4340
v -1.8971 48.9112 0.5728
v -1.8522 48.6295 -1.2360
v -1.9463 48.7847 0.2624
v -1.4905 48.6494 -1.5977
v -1.3096 48.2141 -2.7325
v -1.7873 54.3800 0.1450
v -1.0630 47.8022 -2.9405
v -1.7666 48.6026 -0.7427
v -0.8820 53.2330 -2.0918
v -0.1092 54.3672 -1.0737
v -0.5759 47.5672 -2.6995
v -0.7808 50.3163 -2.3291
v -0.8269 47.1471 -2.9964
v -0.9657 54.7290 0.1425
v -0.2214 48.7075 -2.0750
v -0.5367 54.5898 -0.3281
v -0.6129 52.2286 -2.4639
v -0.8789 53.7123 -1.7032
v -0.1449 48.9532 -1.8426
v -1.1617 48.8268 -1.5317
v -0.9937 49.2163 -1.5227
v -0.0178 47.8510 -2.1727
v 0.5136 53.1483 -2.2058
v -0.6695 48.4556 -2.0593
v -3.1580 46.9653 -3.8877
v -1.8645 47.4171 -3.6578
v -0.5171 44.9250 3.1538
v 0.1656 46.3627 7.0067
v -0.2547 43.6947 6.9003
v 0.2983 43.8214 7.0242
v -0.2530 46.3877 7.0066
v -0.6953 42.5341 5.0135
v 0.4575 42.4941 5.0234
v -0.7958 43.7407 6.4713
v -0.4034 47.6629 7.3011
v -0.0171 47.0458 7.0433
v 0.8718 44.9206 3.1888
v -0.5276 46.7689 2.3355
v 0.6474 42.7517 5.8256
v 0.2290 45.3515 2.5313
v 0.8580 45.3858 4.9300
v 0.2275 46.6214 2.6380
v 0.5437 46.9327 7.0223
v -0.5139 41.1439 5.4264
v 0.2597 47.2325 6.4698
v 0.2456 46.7915 6.4729
v 0.9242 45.1861 6.6741
v 0.6184 46.4013 6.9173
v 1.0742 38.9129 5.7094
v 0.7783 43.8529 6.9051
v 0.4344 46.6636 2.2674
v 0.8429 42.7049 5.4430
v 0.3812 46.6736 6.7877
v 0.8982 43.7409 6.7256
v 1.6477 44.9325 5.3273
v 0.7815 47.0787 2.1584
v 1.1795 46.3603 1.9395
v 0.3900 43.2195 5.3212
v 1.5365 43.3316 5.4958
v 0.7663 48.1590 6.4626
v 0.4521 47.7111 7.3386
v 0.6743 43.7732 6.4430
v 1.7241 43.5213 4.7530
v 1.4045 46.6837 2.2222
v 1.6324 42.4619 5.8152
v 1.7029 42.2181 5.4195
v 1.3542 45.5292 6.4681
v 1.4232 47.3340 2.4278
v 1.5898 45.6986 4.7492
v 0.7411 40.4334 5.6296
v 1.8314 40.0745 4.6083
v 1.5274 42.5162 4.8324
v 1.8174 45.6276 3.0837
v 1.5871 45.2825 1.5033
v 1.7518 44.6361 5.7758
v 1.6224 45.6311 5.0129
v 1.5805 46.4848 5.0427
v 1.7652 46.0860 0.9674
v 2.0577 40.5859 4.5003
v 1.5885 45.7534 6.1840
v 1.6834 45.6764 5.4861
v 1.3400 46.0698 3.5493
v 1.7948 47.1665 5.3570
v 1.5807 44.4130 6.2707
v 1.2533 47.6578 5.6509
v 1.9459 47.5576 5.6203
v 2.1004 47.2992 2.8187
v 2.2882 46.6202 2.7307
v 1.5807 40.4388 5.3133
v 3.4642 41.6719 4.4757
v 2.6527 42.0315 5.1940
v 2.2256 47.5318 4.3462
v 0.8742 45.7987 3.4920
v 3.3100 45.5969 2.0873
v 1.5439 45.8605 4.4844
v 1.5121 43.3477 5.1583
v 2.9871 42.6980 4.0851
v 2.4388 43.3116 4.9949
v 2.5670 43.3455 4.3919
v 2.5330 45.1929 4.2036
v 2.1090 46.6187 3.9418
v 2.4280 47.8680 2.5788
v 2.6562 46.2270 2.4540
v 2.5058 47.3995 2.9279
v 2.7019 46.1387 2.6613
v 2.9831 43.0557 4.1043
v 3.1524 41.8435 4.2587
v 3.3972 47.3049 3.4873
v 3.0235 40.3037 3.9448
v 3.7396 45.0511 3.4010
v 2.5589 45.6373 4.2555
v 3.8736 45.4661 2.5166
v 2.9180 41.0406 4.2216
v 3.2621 45.3441 1.6831
v 2.4440 44.9194 2.4671
v 2.6464 45.8852 2.1977
v 3.3112 45.8479 1.5612
v 3.2780 43.2112 4.3271
v 3.5649 45.8391 3.0527
v 3.2744 41.4275 3.7446
v 3.3620 39.6376 3.6241
v 4.0452 42.4341 3.7125
v 3.9370 45.8239 3.2541
v 3.7271 42.5332 3.3789
v 4.2211 46.9306 3.5028
v 3.5740 46.4539 3.5294
v 3.9190 43.5758 2.8244
v 3.9357 43.5661 2.3598
v 3.7451 45.5736 2.5102
v 3.7004 43.0992 3.4674
v 3.8528 44.3323 2.5347
v 4.2628 43.5891 2.3458
v 4.3308 45.4474 2.7407
v 4.0652 43.1530 2.9747
v 4.0167 42.3996 2.7950
v 4.4212 45.1974 2.0865
v 4.4866 43.1854 2.8748
v 4.1332 42.5613 2.6680
v 4.0147 44.5054 2.1998
v 4.1967 45.1055 2.3203
v 4.3643 45.3778 2.0212
v 3.9906 42.5186 2.5012
v 4.2804 42.0928 2.4954
v 4.4952 40.0094 3.2363
v 4.4797 39.9753 2.9254
v 4.7100 42.8534 2.5619
v 5.0296 46.0947 2.8559
v 4.9121 46.7742 3.2081
v 4.5667 43.0414 2.4137
v 5.5012 46.8766 2.5264
v 5.4687 47.4387 2.3933
v 3.1669 44.9203 1.6167
v 3.3686 45.6162 1.7721
v 3.7737 45.6981 1.2408
v 4.5990 37.2476 -2.3007
v 4.7401 42.5917 -1.6762
v 4.3970 42.4340 2.3819
v 4.7414 46.1053 0.9488
v 4.4696 45.2877 1.0828
v 4.6129 45.0630 1.2963
v 4.4829 44.9931 2.1369
v 4.6458 43.5270 1.3181
v 4.8297 42.5068 1.6220
v 4.6731 40.8964 1.6811
v 4.7590 43.3314 1.9557
v 4.6326 41.5802 1.8613
v 4.7430 40.2799 1.7890
v 4.8818 42.0333 1.8326
v 5.0351 35.9900 -0.9606
v 4.5402 42.3627 2.0006
v 4.9791 41.2413 2.2994
v 4.7177 45.6766 -0.0078
v 4.9334 40.3353 1.8976
v 5.0114 40.2285 2.1184
v 4.8366 40.8507 2.2037
v 4.7744 41.8333 2.0690
v 4.7748 45.4545 0.2332
v 4.6347 44.7791 0.2001
v 5.1411 45.6207 1.7901
v 4.7465 42.2530 1.4278
v 5.0375 42.3272 1.2445
v 4.8098 45.5184 0.5225
v 4.9192 40.6006 1.6924
v 4.9068 41.4770 1.6909
v 4.9876 41.2340 1.3753
v 4.9056 43.5103 0.1281
v 4.9542 42.1720 0.7056
v 5.0281 36.6153 0.8201
v 4.9722 43.5124 -1.0191
v 5.2119 42.3585 0.2974
v 5.3660 45.9754 1.4484
v 4.9472 40.5239 1.4739
v 5.3676 40.2528 1.5417
v 4.8377 42.6939 -1.8410
v 4.7579 41.7256 1.5378
v 4.8474 46.8045 0.6221
v 4.9167 42.1438 0.2748
v 5.2684 41.9911 1.9380
v 4.9552 41.8608 2.1956
v 5.0442 41.6028 1.3254
v 5.3717 41.0377 2.2091
v 5.1350 42.2860 1.7360
v 5.4992 40.6166 1.5797
v 5.3659 40.3830 2.2038
v 5.3313 41.2579 1.5472
v 5.2531 41.4552 1.8553
v 5.4678 46.3890 1.2234
v 5.5370 46.3610 2.0863
v 5.5327 41.0518 1.6045
v 5.6318 46.7599 1.7190
v 5.7779 40.1859 2.1841
v 5.4210 40.8305 2.1489
v 5.7774 39.4492 2.2877
v 6.0940 40.2947 2.2321
v 5.5225 40.6024 1.8581
v 5.3402 41.0245 1.8521
v 5.9594 39.3356 2.1347
v 5.4603 39.2277 1.8099
v 6.1557 39.9583 2.1091
v 7.5879 47.7679 0.6970
v 7.3874 45.5327 0.8014
v 8.3814 46.6130 0.5856
v 8.3951 44.6641 1.2777
v 8.3425 44.7171 0.8469
v 8.9870 44.1321 1.2452
v 9.0988 43.8999 0.9256
v 9.1646 43.8342 1.1902
v 9.5585 44.1893 0.9324
v 11.2292 48.7346 1.0954
v 3.4589 45.8108 1.1567
v 5.0183 42.3385 -0.4126
v 0.4508 43.6813 -4.9031
v 1.0037 45.8254 -2.5843
v 0.3511 45.2928 -1.5775
v 0.4570 45.5840 -1.5800
v 0.8770 46.4029 -2.9016
v 1.5517 45.6177 -4.4464
v 0.1223 42.4043 -4.6398
v 0.6800 43.7663 -4.7247
v 1.4168 42.8214 -4.7045
v 1.0664 42.7524 -4.6100
v -0.1548 42.8238 -4.8380
v 1.3969 45.6249 -2.3870
v 1.6292 46.4189 -3.5687
v 1.9809 43.6075 -4.5226
v 1.6638 45.2779 -2.3200
v 1.2720 45.3690 -1.0715
v 1.7955 45.7642 -3.3392
v -0.5225 45.8694 -3.8188
v 0.8246 45.7861 -4.5111
v 1.7874 45.2527 -1.7368
v 1.3094 45.6196 -3.4123
v 1.5988 45.5331 -0.6111
v 1.8059 45.3044 0.0782
v 0.2249 44.9156 -3.3964
v 1.5679 47.2050 -3.5587
v 1.9488 45.2890 -2.8569
v 2.2585 45.6400 -3.7131
v 1.9799 39.9366 -4.1808
v 1.8160 46.1395 0.0326
v 2.4444 45.3010 -3.8712
v 1.6399 37.1577 -4.4424
v 1.8799 39.3018 -4.0805
v 2.9019 42.8183 -4.0492
v 2.1273 42.7706 -4.0647
v 2.1761 41.4306 -3.7839
v 1.4380 45.4028 -2.1943
v 2.3419 46.2054 0.1586
v 2.3316 45.4165 -1.2029
v 2.2598 42.9742 -3.8316
v 2.4714 45.2672 -1.4981
v 2.2666 43.6650 -3.8269
v 1.8323 43.7686 -4.4042
v 2.2831 45.8059 1.3880
v 2.7212 46.0827 0.5384
v 2.0725 45.8755 0.8116
v 2.0614 46.4339 0.1112
v 2.9015 46.4072 -0.6328
v 3.1007 44.9200 -1.5551
v 2.6009 46.7063 -0.2916
v 2.9675 43.7384 -3.9087
v 2.9551 45.1299 -3.8183
v 2.7953 47.2119 -0.4770
v 2.9188 45.5634 -3.5334
v 3.3914 35.7943 -3.8290
v 1.9177 44.9213 -2.8667
v 2.9062 45.1357 -1.9156
v 3.3767 45.6747 -1.3124
v 3.0515 47.4778 -0.8194
v 3.1324 46.7281 -0.7246
v 3.4583 44.9239 0.4919
v 3.6408 46.2140 -3.5537
v 3.5993 45.5358 -3.1097
v 3.2243 46.4486 0.1100
v 3.6258 39.4296 -3.2991
v 3.4860 42.7564 -3.0910
v 3.4914 41.1051 -3.0599
v 3.8188 45.2448 -3.0646
v 3.7368 42.8094 -3.4056
v 3.6563 45.3748 0.4202
v 4.1510 46.2361 -2.8533
v 3.2825 46.3713 -3.8186
v 3.9656 47.0577 -3.2531
v 3.8042 42.7254 -3.1202
v 4.1505 47.0666 -1.5926
v 4.1838 46.4916 -1.5637
v 3.9498 45.6485 -2.5928
v 4.1608 46.1971 0.6456
v 3.9004 45.7967 -1.5262
v 4.1706 47.8128 0.2931
v 3.7217 43.9351 -3.1595
v 4.5121 45.6200 -1.7343
v 4.4162 43.6459 -2.6064
v 4.9047 45.4372 0.0240
v 2.7445 45.9082 -0.9791
v 2.0951 46.2153 -3.9176
v 3.8826 46.4377 0.3972
v -5.6427 46.6624 2.1524
v -5.5565 47.1735 2.4142
v -5.5837 47.3140 1.5617
v -5.3526 47.7267 2.3946
v -4.7694 47.6998 3.0728
v -4.5873 47.0466 3.3828
v -5.0971 45.5524 1.9667
v -4.5956 45.3868 2.5387
v -4.0943 45.4263 2.6446
v -3.6575 47.8579 3.2863
v -3.4845 47.2897 3.4865
v -3.8656 45.2377 3.1202
v -3.8779 45.5836 2.8874
v -3.7047 43.5594 3.1035
v -3.6789 46.3698 3.5162
v -3.2803 46.0016 3.0291
v -2.9564 45.6476 3.8477
v -3.8912 45.7767 1.1193
v -2.8138 43.3482 4.3052
v -2.8250 42.8729 4.2560
v -3.0285 43.3469 4.5982
v -1.3113 42.9883 5.8865
v -3.0484 45.7819 2.4248
v -1.2340 45.9585 3.6340
v -2.7925 45.8445 2.1365
v -2.6092 46.4268 2.6091
v -2.9460 45.9472 2.0968
v -1.5361 45.8832 4.3779
v -2.4130 43.4313 4.1570
v -2.6744 43.4375 3.9673
v -2.5256 46.7930 2.9257
v -1.5178 45.7856 3.0571
v -2.2106 47.5694 4.3740
v -2.3812 46.5504 2.7305
v -1.7421 45.9765 1.7836
v -1.7207 47.5062 3.9650
v -2.3949 47.4440 4.2122
v -2.5935 47.8059 3.1816
v -2.1993 47.3829 2.8288
v -1.8405 47.2918 5.4553
v -1.2117 43.0871 5.6645
v -2.2050 47.7276 4.7487
v -1.0651 41.9531 5.0805
v -1.6053 45.6812 4.6339
v -1.7593 45.6260 5.1251
v -2.9724 44.9107 1.5272
v -0.4681 45.7930 3.3808
v -1.8296 44.6844 5.8338
v -1.7005 45.7591 6.0784
v -1.8614 45.1126 5.3435
v -1.7985 46.8033 5.1620
v -1.7046 46.7013 4.8984
v -1.5118 44.3851 5.8939
v -1.3918 47.6049 5.6365
v -1.3157 47.4352 2.3815
v -1.4012 45.4211 4.7493
v -1.6197 44.6123 6.1305
v -1.5456 44.1624 6.3419
v -1.0970 46.5086 2.0342
v -1.1807 43.2809 4.9005
v -1.0681 45.3124 2.1394
v -0.6355 42.6720 5.6583
v -0.9796 45.1530 6.6058
v -1.3400 45.7584 6.5080
v -0.9499 43.8971 6.8715
v -0.8095 47.1957 2.1598
v 0.4253 45.1445 5.4138
v -1.0177 43.7618 6.5318
v -0.5947 47.5330 7.2980
v -0.4973 42.6664 6.0607
v -0.1470 42.0023 5.7314
v 0.6144 43.2495 5.0278
v -0.2051 42.1424 5.3810
v -0.7012 46.7239 7.0048
v -0.2919 47.1660 6.4749
v -0.3922 46.7650 6.4746
v -0.8038 47.3088 2.4495
v 0.8867 45.3285 2.2666
v -0.3394 45.3017 2.4801
v -0.3309 45.4769 7.0538
v 0.2000 45.4435 7.0679
v -0.7325 42.9323 5.5868
v -0.1421 43.1328 5.7688
v -5.3256 46.5281 2.8119
v -3.8848 45.8417 3.2875
v -4.9267 46.7447 3.2185
v -2.4579 43.2521 4.7676
v -10.8732 46.4835 1.1647
v -9.8070 44.4847 1.1957
v -9.1031 43.8042 1.1486
v -9.7455 44.3816 0.8995
v -8.2618 44.7734 1.2899
v -9.0872 43.8341 0.9134
v -7.4596 45.4512 1.3122
v -6.0114 39.9295 2.1013
v -6.3083 39.7930 2.2654
v -6.3092 40.2295 2.3991
v -5.5518 41.1583 1.7887
v -6.0755 40.8376 2.0977
v -6.1490 40.2617 2.4684
v -5.6499 39.4625 2.2329
v -5.8779 40.4412 2.1519
v -5.9271 40.9595 2.2803
v -5.6179 41.1340 1.4729
v -5.6819 39.3419 1.4777
v -5.8339 39.5514 1.9189
v -5.5804 40.6865 2.0976
v -5.2969 39.5959 1.9212
v -5.5949 41.1263 2.1069
v -5.0892 40.4854 2.1701
v -5.6715 41.2354 1.6584
v -5.4190 40.8170 1.5778
v -5.3061 42.0477 1.4017
v -5.2069 42.0479 2.0560
v -5.4122 42.0630 1.9131
v -5.2433 42.4915 1.9715
v -5.2588 42.5099 1.7386
v -5.2748 41.3602 2.2064
v -5.2415 41.2930 1.4702
v -5.1017 40.9790 1.3748
v -5.4368 40.5015 1.4915
v -5.0426 40.6660 1.5356
v -5.0644 41.8608 1.3827
v -5.0917 46.0861 2.8344
v -5.4567 46.0773 1.4344
v -5.0724 41.0606 1.6909
v -5.2395 40.8961 2.0562
v -5.0093 42.0900 2.2243
v -4.8923 41.1130 2.1378
v -4.6071 39.9753 1.7002
v -4.9128 40.6345 1.8202
v -4.8664 42.7378 1.6269
v -4.7592 42.6908 1.4162
v -5.0685 42.7795 -0.1515
v -4.9553 39.9487 1.5919
v -5.0033 41.2878 2.0825
v -4.6910 43.5720 1.5265
v -4.8754 43.7618 0.5714
v -5.4020 39.2825 1.6893
v -4.7241 39.9369 1.3813
v -4.9924 39.3349 1.8081
v -4.8923 42.0341 1.9758
v -4.5979 40.5411 1.6395
v -4.7820 42.5806 2.3655
v -4.6141 41.9497 1.7571
v -4.6745 43.4560 2.8535
v -4.8447 45.4673 0.4083
v -4.5611 45.4201 1.8634
v -4.6843 42.4754 2.1161
v -4.7435 40.7280 1.4266
v -4.5286 42.5928 1.9107
v -4.2083 40.8568 2.0357
v -4.5632 42.7746 3.6224
v -4.6954 42.1910 1.6099
v -4.6644 41.8290 2.2591
v -4.3068 41.4748 2.2324
v -4.7328 43.3766 3.1249
v -4.0204 42.6406 2.6171
v -3.8600 43.0878 3.9957
v -3.7595 43.3655 3.5785
v -4.2021 38.6270 3.6970
v -4.4885 43.2615 3.4177
v -4.3536 41.9353 3.9550
v -4.1504 43.6395 2.7580
v -4.0338 44.4901 2.3283
v -3.8429 44.1970 2.6633
v -3.9750 42.7151 3.5782
v -3.7424 41.5732 2.4035
v -3.9413 43.3815 2.6265
v -4.0855 38.9230 4.7470
v -3.6102 43.6451 2.7627
v -3.9248 40.0083 2.7720
v -4.1351 42.7567 3.1173
v -3.3979 43.5084 3.5421
v -3.8393 40.6542 2.1604
v -3.6752 39.4186 2.8409
v -3.6143 42.3038 3.4477
v -2.7904 39.7252 4.1866
v -3.3428 42.6720 3.8132
v -3.7970 42.5964 3.2037
v -3.0398 42.3259 4.3791
v -3.7359 40.4789 4.3580
v -3.1781 41.4353 3.6713
v -3.0947 43.1127 4.6606
v -2.5262 41.3570 4.5199
v -2.6176 41.0291 4.9210
v -2.3935 42.3340 4.5426
v -3.0057 42.5400 3.7972
v -2.4574 42.5275 3.8432
v -1.2073 38.6053 5.2220
v -1.9180 42.3761 4.4219
v -1.0711 42.3310 4.7631
v -1.6381 41.0368 5.0801
v -0.1958 40.9980 5.1263
v -10.7503 46.0047 0.8824
v -11.1492 47.6022 0.9016
v -7.3455 47.6042 0.6839
v -5.9087 46.9369 0.8464
v -8.0901 44.8960 0.8219
v -5.9330 46.9427 1.2936
v -5.4915 46.9207 1.0251
v -4.8916 46.6072 0.6905
v -4.8551 46.1155 1.0542
v -5.0257 43.7719 -1.2519
v -5.0250 43.6128 1.7395
v -5.1228 43.7705 0.1453
v -4.8965 42.8538 -1.4180
v -4.8569 45.5207 -0.2941
v -4.6884 42.7292 -1.2360
v -4.9045 45.2586 0.6757
v -4.7544 43.8230 0.3829
v -4.5635 43.8708 -1.0867
v -4.1205 46.1008 0.7178
v -4.7918 43.8037 -0.9485
v -4.5704 45.6231 -1.1212
v -4.0885 45.3128 -2.4629
v -4.7133 43.7842 -1.4333
v -4.6649 45.4603 -1.3508
v -4.2520 47.1104 0.2592
v -4.5403 45.6660 1.4278
v -3.6126 43.5936 -3.6881
v -4.4457 42.8878 -2.4435
v -3.9689 42.7625 -2.7573
v -4.2395 46.3354 -2.7136
v -4.2956 46.9102 -2.1766
v -4.1761 46.9329 -2.9607
v -4.0724 45.9884 -1.5910
v -4.2022 46.8550 -1.5529
v -4.1871 43.7503 -2.4199
v -3.9796 43.6885 -2.5217
v -3.4588 42.8479 -3.5517
v -3.6504 46.1253 -1.1637
v -3.5199 47.8251 -1.4579
v -4.0722 45.5515 -2.0064
v -3.8912 46.1882 0.8030
v -3.9275 43.7451 -3.2396
v -4.6986 43.7439 -2.2094
v -3.9096 45.6506 -1.0423
v -3.6272 45.2961 -1.6606
v -3.2336 45.6983 1.6744
v -3.9778 47.0789 0.1176
v -3.8158 46.2343 0.5172
v -3.5632 45.0002 -2.7072
v -3.6610 45.2166 -1.9510
v -3.3896 33.3403 -3.0959
v -3.5625 43.7015 -3.2407
v -3.4263 46.1596 -3.6868
v -3.3260 44.9506 -2.3457
v -3.4636 44.9082 0.1487
v -3.5294 45.8880 1.4278
v -3.6024 44.7511 -3.1403
v -3.5970 45.4572 -2.9917
v -2.6489 45.9471 0.7043
v -3.3877 47.2240 -0.2312
v -3.1017 45.0560 -2.0257
v -3.5623 42.7925 -3.1830
v -3.3682 44.9538 -1.8329
v -3.0956 42.5059 -3.2406
v -3.2674 42.9664 -3.2201
v -2.9473 43.7383 -3.7024
v -2.6935 42.8495 -4.1411
v -3.2499 43.7399 -3.1926
v -3.1803 43.6353 -3.3656
v -3.1348 46.6841 -0.7364
v -3.0331 43.7138 -4.0311
v -3.1126 40.9200 -3.2555
v -2.8568 44.9641 -3.5625
v -3.0940 44.8663 -3.2749
v -3.4974 45.1377 -2.2340
v -2.7699 42.7655 -3.8637
v -2.1148 46.2836 -3.9178
v -3.0888 46.4679 0.1253
v -2.7730 45.0069 -3.0133
v -2.5715 45.3583 -3.9334
v -2.8395 46.9075 -0.4486
v -2.8050 45.1463 -3.1091
v -2.6997 45.8380 -0.7518
v -2.5219 45.3192 -1.3837
v -2.9084 45.6969 -1.0140
v -2.2485 45.4336 -3.5341
v -2.3783 45.8490 1.2301
v -2.5421 46.5149 -0.2499
v -0.8644 44.9062 -3.3301
v -2.3723 46.1435 0.1969
v -2.1159 46.8862 -3.9652
v -1.3969 43.5955 -4.8111
v -2.0640 45.6135 -4.1800
v -1.8161 45.8616 -0.1855
v -2.1814 45.3779 -1.6127
v -2.0496 46.3916 0.1124
v -1.9003 45.2190 -2.0435
v -2.1012 45.2882 -3.1607
v -1.7190 45.8946 1.3646
v -1.5423 46.6236 -3.5576
v -1.9276 45.6003 -3.4051
v -1.8665 46.2081 0.3504
v -1.7039 45.3211 1.3776
v -1.9844 45.2525 -1.4526
v -1.4841 45.3003 -1.9674
v -1.3895 45.3963 -0.9400
v -1.1550 45.7104 -3.5224
v -1.5615 45.3828 -2.4591
v -1.8041 45.2843 -0.0329
v -1.3806 45.6879 -2.4589
v -1.0427 46.6481 -3.1277
v -1.0738 45.8153 -4.3576
v -0.7642 45.3834 -4.7006
v -0.9683 45.8801 -2.6001
v -1.1112 42.7706 -4.3443
v -1.4268 43.7333 -4.5230
v -1.0510 44.7697 -4.4059
v -0.0140 45.9083 -1.7152
v -0.3418 45.2948 -1.5812
v -1.0871 43.5725 -4.3601
v -1.1304 46.0903 -2.7465
v -0.0096 46.6532 -2.2310
v -0.7670 43.7482 -4.6778
v -0.6854 45.4844 -1.4818
v 0.0693 45.5853 -4.7555
v -1.3589 42.7378 -4.4925
v 0.0051 39.5086 -4.3740
v -1.3807 38.7933 5.5867
v 0.3687 37.1160 5.8426
v -1.1353 41.8235 5.4478
v -0.9416 33.1196 4.1491
v -0.2246 37.2289 5.5551
v -0.5740 31.6711 4.7952
v 0.7273 32.8622 5.7428
v -0.8006 34.7390 6.0766
v 0.4954 32.0836 5.5653
v 1.0270 33.9140 5.6618
v 1.2484 38.0252 5.3587
v 0.3875 39.1043 5.3617
v 1.7830 38.3997 5.0036
v 1.0943 33.2688 5.5938
v 1.6466 39.2714 5.6927
v 1.1571 39.5518 5.5249
v 1.9624 32.8095 5.3920
v 1.5455 33.4434 5.6797
v 1.9377 32.7219 4.9300
v 0.9431 40.7646 6.0099
v 1.9868 33.5841 4.4676
v 2.0770 35.3290 4.8012
v 2.1112 35.1888 4.4358
v 2.3091 36.7559 5.4317
v 2.0628 39.0950 4.9699
v 2.1983 33.7191 4.7979
v 2.4887 31.0749 5.1111
v 2.9644 38.1212 4.8350
v 3.2949 37.0762 3.6151
v 2.7979 33.7145 3.9765
v 3.5575 39.2432 4.0510
v 2.5218 32.2490 4.6805
v 3.1482 31.5249 5.0807
v 3.2580 32.6628 4.5232
v 3.2122 32.9706 4.7507
v 3.8283 31.7648 4.8151
v 3.1610 34.8376 3.7150
v 3.3331 35.5417 3.5201
v 3.7447 31.8518 2.9081
v 3.2780 31.5565 5.1454
v 3.5570 37.2006 2.9906
v 4.2964 35.0663 4.5089
v 3.6797 37.5515 3.3522
v 3.9869 32.1303 4.7665
v 4.8400 31.6094 1.4172
v 3.9107 33.5557 4.4046
v 4.4553 33.2472 4.5379
v 4.1500 32.8915 4.3703
v 4.2975 32.4868 4.5949
v 3.5262 35.5532 2.9641
v 4.4366 34.6787 4.4652
v 4.3690 34.8181 4.1329
v 4.2639 37.6069 3.6506
v 4.8240 33.4626 4.5124
v 4.2730 33.7284 4.3601
v 5.2916 34.6806 4.0472
v 4.2953 33.4637 4.3148
v 5.3036 33.4120 4.3698
v 5.1362 32.9873 4.6998
v 4.1009 34.0407 4.6786
v 5.3343 34.0045 4.1707
v 5.3387 33.3096 4.5714
v 4.8541 33.9993 4.2862
v 5.0507 34.5719 4.1543
v 5.0804 34.3518 3.9409
v 5.3975 33.4337 1.7412
v 5.6536 35.2864 2.5309
v 6.2901 33.5954 2.4324
v 6.2649 34.2218 1.6864
v 7.7007 31.2774 1.5441
v 6.6181 33.0545 1.9145
v 6.6701 33.1356 2.2156
v -0.5883 33.6990 6.2581
v 1.0567 32.9343 6.0313
v 2.0944 36.7229 5.0948
v 3.1476 35.3383 4.0043
v 2.7708 33.5114 4.4913
v 2.8672 32.4617 5.0341
v 0.1073 36.5354 -4.5400
v 0.3324 36.8511 -4.6416
v 1.2553 31.8391 -4.8042
v 0.0693 37.1279 -4.3418
v 1.7478 36.2350 -4.6129
v 1.8478 37.5280 -4.1138
v 3.1241 38.5068 3.8171
v 2.6677 36.8129 -4.2442
v 2.8030 31.7720 -4.2191
v 2.4752 40.3523 4.6689
v 2.3373 37.5076 -4.0477
v 2.3112 39.6349 4.3717
v 3.8061 31.6449 -3.5319
v 3.6042 40.4837 4.1186
v 3.7449 36.0190 2.6380
v 4.0673 39.6136 3.2158
v 3.7739 38.8658 -3.3553
v 4.5374 31.6392 -2.5907
v 4.2748 36.6416 2.4318
v 4.2356 35.7226 2.4995
v 4.2439 32.4972 2.5523
v 4.6320 39.5125 1.8559
v 5.0558 32.3809 -0.7320
v 4.9057 31.8213 -1.1419
v 4.7548 39.4820 1.5265
v 5.1940 38.7914 1.7127
v 4.9085 38.5679 2.0647
v 5.0948 31.6136 0.0923
v 5.1765 38.3639 2.2967
v 5.1305 36.8176 1.7412
v 5.1283 36.7862 2.1358
v 5.0453 38.9459 2.0133
v 5.0216 39.2747 1.8328
v 5.0706 38.6799 2.1370
v 5.0346 39.1222 2.1954
v 4.8681 38.5612 1.7321
v 4.9638 38.3307 1.6779
v 5.0030 36.2032 1.8350
v 5.4039 38.9987 1.7905
v 5.4008 38.8397 1.3760
v 5.1857 35.7428 1.6269
v 5.2634 39.0081 2.3705
v 5.3091 39.2709 2.1270
v 5.4110 38.7286 2.1850
v 5.2342 38.6111 2.4312
v 5.6565 34.3536 1.2310
v 5.7981 36.0619 2.4353
v 5.3569 36.3981 2.4643
v 5.3478 37.0056 1.4974
v 5.2360 38.2192 1.4438
v 5.6666 38.2805 1.6093
v 5.1022 36.0186 2.3315
v 5.3713 38.9863 2.1506
v 5.4783 36.7557 2.3053
v 5.6465 36.3966 1.4654
v 5.7623 38.1875 2.0765
v 5.8588 36.0466 1.5764
v 6.1397 31.8148 0.2291
v 5.9571 34.6199 1.2898
v 5.8184 36.9169 1.8225
v 5.9277 36.4708 1.5697
v 6.1143 36.0540 1.8882
v 7.1016 29.9711 -0.1080
v 6.4458 32.0690 0.5210
v -3.9241 31.8296 2.1195
v -4.6671 32.8883 1.1224
v -4.5661 35.2900 5.0610
v -3.8210 32.9317 2.5826
v -4.5924 34.8289 5.4581
v -4.0227 35.4370 5.3101
v -4.4292 34.2646 5.2890
v -4.3065 34.8768 5.2776
v -4.8705 34.9560 5.2637
v -3.7596 35.0095 5.3088
v -4.3042 33.9413 5.2915
v -4.0234 34.7034 5.2770
v -3.0745 32.3885 3.0318
v -4.2552 35.8015 5.0715
v -3.8912 35.3713 4.8177
v -2.7543 36.2172 4.7272
v -3.2663 32.9377 5.3419
v -3.8128 33.4752 5.2877
v -2.5627 33.6591 4.8336
v -3.4262 31.7484 2.9650
v -3.0834 32.9187 5.0922
v -3.1542 34.1685 3.4668
v -3.1287 34.2323 3.2364
v -3.0414 32.9930 3.4557
v -3.2287 35.6343 2.9406
v -2.9198 35.1842 3.1890
v -2.9222 32.6249 5.1950
v -2.2575 38.0710 4.2978
v -2.6307 32.3238 5.0896
v -2.1935 36.0798 5.0025
v -3.2941 38.0599 4.7473
v -2.0272 36.8810 4.3338
v -1.7103 31.6340 4.3750
v -2.6317 34.2450 4.6003
v -2.1026 34.4693 4.6489
v -2.3949 33.6095 4.7640
v -1.9427 31.8127 5.5715
v -2.5692 32.9706 5.1987
v -2.0275 35.1275 5.2183
v -1.8449 37.0665 4.6950
v -2.2628 32.0013 5.3898
v -2.4885 34.4397 4.9157
v -2.6955 32.6746 5.0259
v -2.5757 33.8914 5.1737
v -1.4545 31.8063 4.1617
v -2.3787 31.7862 3.7961
v -1.6841 34.3555 5.1467
v -1.9368 32.9439 5.7539
v -1.6878 32.7021 5.5296
v -2.1670 34.1727 5.0949
v -1.6059 36.5014 4.4377
v -1.6544 31.5976 5.6701
v -1.5106 32.0978 5.9274
v -1.8408 31.5311 5.5715
v -1.6906 31.6902 5.4355
v -1.7536 32.9446 5.2522
v -0.1082 36.5107 5.8988
v -0.7076 34.1928 5.8181
v -1.6130 31.2722 5.9240
v -1.0305 31.9514 6.0907
v -1.1287 31.8732 3.9797
v -0.9411 32.9439 6.2138
v -1.1772 31.2092 5.7177
v -0.2900 36.0781 5.5228
v -0.8138 32.8559 5.8846
v -1.3260 32.3457 5.6972
v -3.0227 35.4378 3.5465
v -2.4745 32.8717 3.9222
v -8.6822 31.6248 2.4156
v -9.1796 31.6748 1.6219
v -8.1372 31.0303 0.3868
v -8.7826 31.4686 2.6672
v -7.7438 32.3950 1.8405
v -7.0455 33.6310 2.3805
v -8.1651 33.0897 2.4319
v -7.7284 30.7386 1.1964
v -6.0488 34.5551 1.7134
v -6.4409 33.7794 1.2155
v -7.1654 34.8657 2.1367
v -6.8524 35.5833 1.8452
v -8.4160 33.0960 1.9889
v -8.0381 33.3364 1.5367
v -6.3120 35.0311 2.4947
v -7.1926 32.5241 0.6183
v -7.8126 31.9920 0.4553
v -6.2755 36.5060 2.4638
v -6.2757 37.4934 1.9057
v -6.2317 36.8163 1.6080
v -6.5462 36.8431 2.1842
v -6.1759 37.1502 2.4230
v -5.8805 36.7067 2.5961
v -6.2583 36.2382 1.5874
v -6.5117 35.0986 1.5640
v -5.6976 36.3897 1.7332
v -5.7656 38.8480 2.3808
v -6.1102 38.6732 1.8251
v -5.6125 36.6762 2.4746
v -5.8680 39.3328 2.2951
v -5.9866 39.3296 2.0364
v -6.0140 37.4631 1.6389
v -5.5859 38.8949 1.5105
v -5.5079 38.5058 1.6075
v -5.8203 39.1413 2.1065
v -5.8387 38.7914 1.6818
v -5.3118 38.4491 2.2581
v -5.4754 36.6360 1.9484
v -5.4556 39.1345 1.9637
v -5.4028 39.3849 2.4074
v -5.4823 37.3825 2.2424
v -5.5585 39.1964 1.8681
v -5.2806 39.3385 2.0857
v -5.2263 38.9345 1.8882
v -4.8572 42.7066 0.0821
v -4.1323 42.1212 -2.4453
v -4.1047 33.1071 -2.2710
v -3.9048 32.8518 -2.3980
v -3.7417 31.8021 -2.2035
v -3.9927 36.6552 4.8721
v -4.1694 40.2211 3.3249
v -3.8847 35.7242 2.4609
v -3.8104 37.2585 4.1744
v -4.1050 37.0003 4.6342
v -3.6966 38.9555 2.4105
v -3.7246 36.5420 4.4692
v -4.3039 35.5535 4.6660
v -3.7396 32.3356 -2.2366
v -3.4935 36.3252 2.5233
v -3.7124 38.3477 4.3715
v -3.8978 41.4383 3.6795
v -2.9857 38.2216 4.4695
v -3.8596 34.3814 2.6727
v -3.4175 34.9951 3.0238
v -3.3482 38.0810 3.2482
v -3.3761 36.8290 3.1400
v -3.0885 39.5951 -3.4885
v -2.9856 35.7207 -3.1912
v -3.0754 34.0572 -3.3366
v -2.1843 38.0793 4.7106
v -3.0313 39.7235 4.1406
v -2.8799 36.3672 4.3092
v -2.2430 36.2750 4.5663
v -2.1022 33.2598 -4.1042
v -3.1498 40.3830 3.6487
v -2.2055 39.6786 4.1884
v -2.9039 31.8500 -3.3395
v -2.9601 33.1012 -3.5277
v -2.7929 40.5445 3.9154
v -1.9664 38.3695 4.3820
v -0.7668 31.8667 -4.7052
v -1.9862 41.6814 3.9630
v -1.2040 35.4488 -4.4631
v -0.6184 31.9680 -4.6070
v -2.8437 31.6545 -3.6858
v -1.4301 36.9049 4.0084
v -1.3787 38.1435 4.0816
v -1.6812 39.9476 4.3314
v -1.0165 38.3945 4.6653
v -4.6629 31.6855 -0.9529
v -3.2444 37.6005 2.9262
v -1.4295 24.3919 4.6486
v -0.7870 24.6262 4.8172
v -0.7789 30.9230 4.6639
v 0.0353 31.8121 4.8309
v -0.6003 30.0121 5.6277
v 0.4331 24.4341 5.0471
v -0.1954 29.3352 5.4533
v -1.0155 27.2411 4.6320
v 0.6142 30.4383 5.5790
v 0.3702 20.3931 5.1992
v 0.1863 30.1771 5.3970
v 0.0881 30.2022 5.6815
v 0.1303 28.5711 5.4399
v 0.9910 31.6243 4.8659
v 0.4825 29.5490 5.4401
v 0.6142 29.0806 5.5845
v 1.5678 31.5695 4.9838
v 0.7340 29.1683 5.3846
v 0.0392 23.8560 5.0274
v 0.9102 29.7148 5.2388
v 0.7371 25.1099 4.9153
v 0.7726 23.8152 4.9634
v 1.5156 30.8429 4.6342
v 1.0694 23.1491 4.7786
v 1.1963 22.2966 4.6734
v 1.5026 23.7316 4.2297
v 1.6529 23.0170 4.4371
v 1.1082 30.0412 5.3837
v 1.3048 29.8186 5.3469
v 1.6995 31.5236 5.3081
v 1.5143 30.4834 5.1582
v 1.3318 26.4764 4.6310
v 1.7637 24.5480 4.7523
v 1.5864 24.6330 4.5351
v 1.2391 24.6504 4.4155
v 1.0899 24.6005 4.6665
v 0.9896 23.6808 4.6643
v 2.1749 23.7148 4.5348
v 2.0219 23.8739 4.7358
v 1.8239 23.2242 4.6173
v 2.0684 27.9400 4.5008
v 2.5054 26.7424 4.3365
v 1.7513 30.2225 5.1518
v 1.8310 31.4249 5.3417
v 2.0828 30.2878 5.1168
v 2.8898 31.8289 3.7720
v 2.1732 30.9607 5.0453
v 2.7149 23.7005 4.3519
v 3.0668 24.2830 4.3611
v 2.8168 24.6175 4.2623
v 2.4735 30.5195 5.0654
v 2.8294 26.3464 4.1383
v 2.4203 31.3879 4.8230
v 2.6103 22.6481 4.5257
v 2.6095 27.7872 4.2703
v 3.0015 25.1531 4.1712
v 2.9176 26.6126 4.7981
v 3.4424 23.8111 4.0690
v 2.9820 28.1064 3.9990
v 2.6671 30.8513 3.9747
v 3.1072 30.1995 3.5832
v 2.7440 27.5656 4.7687
v 3.5887 26.2798 4.4446
v 2.9730 26.2509 3.8086
v 3.2152 28.0444 4.5107
v 3.0127 28.7587 3.6308
v 3.3438 28.1124 3.7736
v 3.7812 30.6938 2.7521
v 3.3573 30.9730 3.5664
v 3.8223 24.4034 3.7135
v 3.8546 29.5452 2.8689
v 3.8119 28.0501 3.9600
v 3.7500 27.8461 5.5084
v 3.3098 26.2313 3.8522
v 3.9639 27.4928 5.6129
v 3.9013 25.5606 3.1460
v 4.0651 24.5209 3.1686
v 3.8200 26.7192 3.3430
v 4.2464 27.4230 3.8614
v 4.0919 31.6330 2.8088
v 3.8699 27.2456 3.2368
v 4.2653 26.9021 3.9328
v 3.9676 28.2371 2.9061
v 3.7859 26.7448 2.8886
v 3.8215 29.3431 2.5617
v 4.3784 31.2884 2.4885
v 4.1561 30.8205 2.6570
v 4.7512 28.3231 5.5373
v 4.3966 27.3753 5.4904
v 4.5437 27.9811 5.8497
v 4.3203 28.2547 5.6927
v 4.8429 28.6295 5.9503
v 4.6101 27.4965 5.3603
v 4.7026 30.6253 1.3370
v 4.6819 22.4999 2.3314
v 4.5249 22.5108 2.2689
v 4.8267 29.7001 1.3443
v 4.5439 20.9033 2.6965
v 4.6734 23.7152 1.8363
v 4.8074 30.7512 1.4344
v 4.7415 28.5784 1.0558
v 4.9030 28.1556 1.3246
v 4.7415 29.3832 1.0551
v 5.1372 23.8721 1.3289
v 4.9855 24.5904 1.4604
v 4.9694 30.6198 0.4499
v 4.8713 25.7800 0.9177
v 5.2387 23.8718 0.6511
v 7.4933 31.1775 1.7883
v 0.8605 30.9162 4.8652
v 0.3169 30.7994 5.5153
v 0.7924 30.5164 5.8853
v 0.6844 31.9138 5.8659
v 1.7103 24.9697 4.6506
v 3.7853 27.7189 3.4126
v 4.5563 27.2922 2.3566
v 4.7348 24.4733 2.3858
v 5.2040 24.5372 0.6770
v -0.5793 24.6332 -4.8358
v -1.1194 30.9150 -4.6424
v 0.0284 27.6152 -4.8533
v -0.1379 31.8463 -4.8685
v 0.6681 30.8820 -4.9030
v 2.1507 30.8199 -4.4789
v 1.1589 30.7507 -4.6397
v 1.8816 27.9351 -4.6449
v 1.9672 25.5791 -4.6762
v 2.3769 30.7153 -4.2141
v 1.8645 29.9643 -4.4592
v 1.8542 26.4747 -4.2498
v 2.0261 27.0571 -4.5221
v 2.7111 29.6405 -4.1168
v 1.9445 28.3066 -4.4290
v 2.4239 24.6551 -4.4341
v 2.6537 27.4459 -4.7108
v 3.4513 30.6935 -3.6470
v 2.6083 26.8825 -4.7237
v 2.8570 28.2091 -3.7158
v 3.5527 27.2344 -5.3108
v 2.7995 29.4383 -3.7840
v 3.0784 28.1561 -3.8344
v 3.1627 26.1141 -4.0803
v 3.4552 24.4175 -3.8879
v 3.0057 26.3752 -4.5096
v 3.1934 25.9595 -3.7824
v 3.5198 26.1960 -3.7813
v 4.3531 28.3219 -5.9908
v 2.5142 27.8167 -4.4371
v 4.2148 30.8259 -3.0261
v 4.1251 23.9625 -3.1823
v 3.7555 26.5022 -4.0606
v 3.4665 28.1461 -3.9642
v 4.0156 27.9379 -4.5315
v 3.9837 27.5423 -3.7420
v 3.7156 27.8197 -3.4509
v 3.8760 26.7710 -3.4723
v 3.9918 26.8716 -3.8798
v 4.2798 27.9821 -2.6960
v 4.6958 28.2257 -1.8958
v 4.3465 28.0548 -5.8873
v 4.4926 23.7991 -2.5313
v 4.5284 25.1273 -2.4883
v 4.7368 24.3805 -2.1927
v 4.8418 30.7765 -1.7759
v 4.9031 23.9527 -1.8244
v 5.0182 30.0181 0.6995
v 5.0949 26.8537 -0.9507
v 5.0078 24.6095 -0.9450
v 5.2279 24.3989 -0.4498
v 5.0335 30.7209 -0.6794
v 4.9367 27.6580 0.1008
v 5.0676 29.0507 -0.0043
v 5.1573 26.0330 0.4738
v 5.2805 22.4325 -0.5293
v 5.1215 27.4486 -0.6612
v 5.8419 27.7687 0.1034
v 5.1426 26.3476 -0.8601
v 5.0907 25.8655 -0.0484
v 4.9405 27.3772 0.6709
v 6.0782 26.6272 0.1717
v 5.9548 26.8231 -0.6001
v 5.8284 27.5895 0.4197
v 5.9693 27.3223 -0.5997
v 6.8143 27.4986 0.0363
v 6.0233 30.0262 0.0310
v 5.9909 29.1719 0.1292
v 5.6980 32.6144 1.6298
v 6.2828 30.2364 0.0230
v 6.3025 30.8993 -0.0624
v 6.2174 29.7477 0.5157
v 5.6130 31.9658 0.7761
v 6.1538 31.9434 1.5153
v 6.7236 30.3982 1.7452
v 7.0085 29.4345 -0.4629
v 6.1391 29.8339 0.2259
v 6.8378 29.3204 -0.0829
v 7.0271 29.1823 0.5379
v 6.7433 29.1751 0.4961
v 6.7949 29.2239 0.2887
v 6.5661 29.6524 0.6326
v 7.2128 28.6547 -0.5583
v 7.1023 28.7058 0.5399
v 7.2145 29.1560 -0.0870
v 7.4370 28.3872 -0.4258
v 6.6808 29.6173 1.1016
v 7.6367 28.6124 1.3471
v 7.6716 28.8787 0.5070
v 7.8672 28.7473 0.4236
v 8.2278 29.8639 1.0817
v 8.1650 27.9871 1.1174
v 7.9982 28.8486 0.8489
v 8.0137 29.2889 0.9685
v -0.8127 28.4706 -4.6995
v 4.0902 24.4982 -3.1561
v 7.9962 29.9340 1.0177
v -9.6680 31.0140 1.5163
v -9.7765 30.2960 1.5270
v -9.1516 31.0368 1.7549
v -9.1650 30.9631 1.9533
v -9.2039 30.5809 2.2022
v -8.8840 29.8962 2.2671
v -9.0142 30.7658 2.0866
v -8.7583 30.9232 2.3256
v -8.9804 30.5364 1.8120
v -8.6252 30.7701 0.9374
v -9.2845 31.0961 1.3600
v -8.8491 30.7820 2.5250
v -8.4905 30.5690 0.9351
v -9.3503 29.4631 2.2473
v -8.9750 29.9121 0.9456
v -8.0735 30.8556 1.7650
v -8.1604 31.6391 1.8748
v -8.3376 30.5461 0.3205
v -8.3891 32.4174 1.3835
v -8.2199 30.9093 0.6057
v -8.3311 30.1404 1.2473
v -7.5167 31.5669 0.6203
v -6.2095 27.3313 0.1291
v -6.2454 27.3044 -0.1699
v -6.2447 27.1344 -0.1005
v -4.6885 26.7720 0.8440
v -5.1864 27.4432 -4.1021
v -5.1613 27.4949 -4.9882
v -5.1153 28.2449 -4.9268
v -5.4902 28.6168 -5.1494
v -4.4636 25.9554 0.1642
v -4.6214 27.7516 0.1782
v -5.1752 27.5959 -0.3594
v -4.5954 26.9044 -3.0007
v -4.7225 26.1668 0.4727
v -3.1397 26.9484 -4.2040
v -4.0718 27.8234 -3.2628
v -4.7938 31.6507 0.3808
v -4.8014 31.5107 -0.2201
v -4.6632 30.7501 0.0617
v -5.2549 28.0705 -4.6358
v -4.6033 31.6473 1.2340
v -4.7266 26.1829 -0.2667
v -4.4438 30.7724 -1.3940
v -4.3901 27.8160 0.0921
v -4.4831 28.3563 5.5936
v -4.3621 28.9554 1.5561
v -4.2987 27.0684 -1.7962
v -4.2930 28.5095 -1.4819
v -5.0520 28.0941 -5.1332
v -4.1018 30.7556 1.9608
v -3.1992 27.3014 -4.1773
v -4.1319 27.0113 1.7038
v -4.2981 25.4365 1.7734
v -4.1038 28.3984 -1.9626
v -4.0381 28.2471 -1.6132
v -4.0755 28.1651 2.4116
v -4.4618 30.9478 1.6163
v -4.0044 28.5068 2.0995
v -4.2340 28.1413 2.0880
v -4.5664 28.2443 5.4795
v -3.6858 26.5090 3.6995
v -3.9387 29.3475 2.0309
v -4.0327 24.1113 2.7280
v -3.3177 30.8823 -3.1988
v -3.9069 27.1997 -2.5342
v -3.5623 27.8412 -3.7682
v -3.5304 27.7844 -3.0794
v -3.6141 27.0844 3.0418
v -3.4491 25.4207 3.1676
v -3.3130 27.8832 3.1144
v -3.4460 25.9203 -2.9007
v -3.2532 26.2427 3.1960
v -3.8138 27.4387 3.3555
v -3.3329 30.8322 3.0396
v -2.5259 30.9779 -3.9488
v -3.5917 27.8538 3.4280
v -3.8452 27.4264 5.1981
v -3.1548 26.2763 4.0767
v -2.4990 26.9773 4.5132
v -4.3375 28.1523 5.5862
v -3.1813 25.7480 3.1199
v -3.1264 30.0647 3.1053
v -2.8390 27.0837 -3.7555
v -3.1348 27.6695 -3.4935
v -3.1349 28.0999 3.4983
v -2.7901 27.9954 -3.7282
v -2.5617 27.8264 4.3382
v -2.5563 26.1290 3.8444
v -2.6917 29.5643 -3.7182
v -2.6560 29.2806 -3.4849
v -2.2997 30.9940 4.0396
v -2.5584 25.5834 -3.5535
v -2.9815 26.3816 -3.6499
v -2.6939 28.0875 3.8128
v -2.5861 28.5765 -3.4217
v -1.8356 26.7079 -4.3435
v -2.9627 26.1093 3.6535
v -2.7877 24.6361 3.7827
v -2.4479 25.4067 3.7308
v -2.5002 28.7407 3.7562
v -2.2482 27.7399 4.0298
v -2.1476 26.5500 4.0411
v -1.6860 25.1043 -4.5492
v -1.7850 23.8839 4.3395
v -1.3690 27.7485 4.3378
v -1.7608 23.6873 3.9057
v -2.1143 24.6487 4.1318
v -1.3050 31.0027 4.5057
v -1.8350 22.1677 4.1374
v -1.4913 23.6966 4.3890
v -1.0081 30.7538 4.0387
v -1.4374 31.3401 6.0505
v -1.2091 27.0073 4.0743
v -1.5562 24.6625 4.0372
v -1.4310 24.6276 4.3533
v -1.1360 26.0083 4.4241
v -0.8798 30.8196 4.3352
v -1.1308 31.2581 6.0247
v -0.9647 31.7432 4.4159
v -0.5071 31.6583 5.6244
v -0.9614 30.3487 5.8663
v -0.5527 29.9609 5.7528
v -0.3736 30.4635 5.7372
v -9.2048 30.6168 1.0155
v -5.3538 28.0937 -5.1991
v -4.6673 27.1379 -0.7934
v -4.1712 30.7259 -1.8755
v -4.1050 31.7013 -2.1418
v -3.8750 30.7830 2.3656
v -3.6318 31.2819 2.9534
v -1.2034 23.7188 4.6302
v -5.1351 15.8061 0.2436
v -4.9936 15.9594 -0.0520
v -4.9706 21.2648 0.3734
v -4.6957 15.7204 0.6209
v -4.8997 17.0371 0.8521
v -4.7445 17.4292 1.8719
v -4.3354 16.2811 -2.9957
v -4.6294 17.6184 1.0805
v -5.0261 15.6890 -1.3852
v -4.5995 15.8249 -2.5003
v -4.4977 19.3884 1.2618
v -4.2955 21.9033 2.0472
v -4.0086 20.2432 2.9319
v -3.8731 15.3567 2.6913
v -3.8074 16.6500 2.7220
v -4.0305 15.3869 3.2986
v -2.3863 17.4800 4.4318
v -2.8001 20.3546 3.7991
v -3.5268 21.1298 3.5106
v -2.6263 18.1948 3.7465
v -2.4293 20.3588 3.7792
v -2.4930 23.9196 4.1112
v -1.9462 21.6681 4.3941
v -2.2091 21.5365 4.0989
v -2.1090 23.6747 4.0453
v -0.5536 18.8446 5.0276
v -0.7709 19.2221 5.1292
v 1.6873 14.2437 5.1953
v 3.1742 17.3872 4.4661
v 2.3366 19.0608 4.3683
v 2.5369 18.3847 4.3373
v 3.1313 18.0881 4.1074
v 3.5702 18.9326 4.0659
v 3.9207 17.9768 3.5021
v 4.4754 13.1248 -3.3215
v 4.5080 18.4467 2.9951
v 4.3796 18.8752 2.6651
v 4.2979 21.0632 2.6665
v 4.6081 23.8845 2.7026
v 4.9502 17.0866 2.0198
v 4.6810 23.0432 -2.2206
v 4.7729 18.6769 -1.8105
v 4.8708 18.0194 -1.7117
v 5.2695 15.8193 1.9052
v 4.9738 23.5585 1.6928
v 4.9671 18.1325 -1.8982
v 5.4018 16.4600 1.3908
v 4.8691 16.8235 1.4968
v 5.2937 21.3848 0.6721
v 5.0344 20.3367 0.6827
v 5.2008 17.1039 0.4578
v 5.3541 17.6456 0.5070
v -5.0303 16.0216 -0.7885
v -4.0383 20.4538 2.6278
v -3.3984 16.7860 3.7700
v -3.2663 15.2834 3.9980
v -0.8008 17.0735 5.1790
v -0.6375 23.4625 4.8909
v 2.5419 19.0204 4.5046
v 4.1721 20.6160 3.0859
v 4.9451 17.2024 2.5156
v 5.6107 16.4786 -0.1521
v -4.7095 18.3296 -1.5283
v -4.7614 23.8989 0.9818
v -4.8572 20.8291 1.0168
v -4.8453 24.3064 0.4373
v -4.7347 24.6209 -0.2245
v -4.6838 23.0061 -0.9400
v -4.5351 22.6279 1.5931
v -4.7178 20.2775 1.4216
v -4.5660 24.0421 -1.6651
v -5.2869 27.4294 -4.6743
v -4.2224 26.1115 -3.7812
v -4.8262 24.1673 -0.5715
v -4.4019 24.3970 2.0383
v -4.5588 21.7557 1.6922
v -4.0398 23.7301 -2.5062
v -4.6642 16.2860 -1.9377
v -4.1700 16.3458 -2.9607
v -4.0648 18.2624 -2.7989
v -3.7696 24.3940 -3.0629
v -3.8639 20.1670 -3.1696
v -4.5680 26.5018 -3.1772
v -4.3627 26.5938 -4.4459
v -3.5514 16.1122 -3.9203
v -3.4827 26.0445 -3.0988
v -3.3124 23.9115 -3.6202
v -4.0061 25.5571 -2.2388
v -3.5952 16.5976 -3.4809
v -4.3680 24.5353 -1.9759
v -3.8403 26.4117 -2.6340
v -3.5180 26.3481 -4.1828
v -2.8757 24.5537 -3.7712
v -3.3469 16.1237 -3.5520
v -3.1235 21.4881 -3.8991
v -2.7227 16.3167 -4.5738
v -3.2157 17.4663 -3.4214
v -3.3486 16.1778 -3.6222
v -2.5881 24.4072 -4.2115
v -3.3347 16.5914 -4.0664
v -3.1847 16.6445 -3.9511
v -3.7770 16.3778 -3.6867
v -2.5840 16.6943 -4.5578
v -1.7974 23.6486 -4.4727
v -1.5884 16.2960 -4.8802
v -1.6405 24.6022 -4.5099
v -2.8056 25.2019 -3.7197
v -1.7195 23.9379 -4.8023
v -1.8406 16.6171 -4.8720
v -0.6616 23.2095 -4.8972
v -1.6462 18.6597 -4.6243
v -1.7375 16.9060 -4.8042
v -1.2850 16.8670 -4.6694
v -1.0637 16.3545 -4.9862
v -1.2274 16.3820 -4.7357
v -1.1153 24.4059 -5.0007
v -1.2071 19.7727 -4.7377
v -1.2112 16.7719 -4.7396
v -0.5209 23.6799 -4.8705
v -0.9124 20.3890 -4.6389
v -0.8492 19.2345 -4.6058
v -0.4068 23.8828 -5.1279
v 0.9783 24.4380 -5.1008
v -0.5960 20.2251 -4.9117
v -0.1479 23.7174 -4.7538
v 0.0354 25.0070 -4.9197
v -0.1572 24.6655 -4.7376
v -1.0917 16.9346 -4.9863
v 0.2494 23.6896 -4.9833
v -1.8334 16.4598 -4.9781
v 1.1152 23.8332 -5.0626
v 1.8398 17.4255 -4.9644
v 0.9094 21.3750 -5.1314
v 0.8876 24.6332 -4.8685
v -0.7566 16.8893 -5.2341
v 1.1922 17.1723 -5.2643
v 1.7428 22.5845 -4.9048
v 2.4329 23.7230 -4.5039
v 2.6802 22.1995 -4.4654
v 3.4268 21.8893 -3.9481
v 2.2727 17.5006 -4.6372
v 2.9811 21.3800 -4.0473
v 3.4989 23.9178 -3.8465
v -4.8912 20.7815 -0.8856
v -4.6808 22.4313 -1.4963
v -1.7560 23.0715 -4.6520
v 2.1187 24.3605 -4.7709
v -4.1842 15.4733 2.9841
v -4.3717 14.9254 2.7432
v -4.1755 14.9001 2.9887
v -4.4031 15.0252 3.1534
v -4.3364 10.4863 6.5991
v -3.9971 10.4645 6.7323
v -4.0873 12.8731 3.1368
v -4.0057 12.4925 2.9489
v -3.9067 10.6268 5.3406
v -4.1853 13.0428 3.4654
v -3.6133 10.1903 3.5771
v -3.6849 14.7864 3.7470
v -3.1816 13.4808 4.3064
v -3.0340 11.7439 4.5513
v -3.3167 10.0772 5.1527
v -3.5612 10.2047 5.1019
v -3.6144 14.9078 4.0776
v -3.7156 13.6558 3.9475
v -3.6050 6.5926 3.3680
v -2.5219 10.7183 5.5025
v -4.2529 10.6080 6.8855
v -3.2249 13.9931 4.0470
v -2.7237 10.0982 4.0094
v -3.3466 10.6585 4.1349
v -2.8933 14.5670 4.2761
v -3.3164 11.5148 4.2388
v -1.7799 15.0275 4.8911
v -2.7109 5.5929 4.3693
v -3.2172 11.1172 3.7464
v -3.1021 10.2243 4.2211
v -2.6568 14.0106 4.6697
v -1.7326 14.4435 4.9274
v -2.7164 10.1003 4.5641
v -2.3819 12.9216 4.4591
v -2.5150 13.3993 4.4273
v -2.2609 14.6715 4.9944
v -2.3562 11.9468 4.7270
v -2.8530 11.9675 4.0072
v -2.2970 12.4825 4.3391
v -1.6653 9.7701 4.7986
v -2.3108 9.9810 4.3520
v -1.5550 4.8221 4.6048
v -2.1243 12.2653 4.5057
v -1.7703 14.0458 5.1941
v -2.1167 11.5960 4.9635
v -1.9251 11.0930 5.0298
v -0.8682 14.8865 5.5000
v -2.7561 15.0960 4.7326
v -1.4936 10.8310 4.7859
v -1.9949 10.6234 4.9954
v -1.5408 14.6026 5.3911
v -0.6536 14.8654 5.2919
v -0.3898 13.9648 5.3744
v -0.6865 14.4638 5.6415
v -1.2094 11.3617 4.7018
v -0.8342 9.2487 4.6128
v -0.8521 7.4430 4.6347
v 0.3890 14.1625 5.8599
v -0.3848 11.5211 5.3409
v -0.7109 9.2664 4.6912
v -0.5086 6.8926 4.7287
v -0.7887 4.4235 5.1611
v -0.1243 7.0696 4.9016
v -0.3215 8.1019 5.1615
v 0.8115 14.4751 5.7220
v 0.0718 14.0133 5.0272
v 0.3510 14.4283 5.4086
v 0.0932 6.6874 5.3455
v 0.4930 7.3930 5.2107
v 0.2718 12.6199 5.3524
v 1.3864 13.7814 5.2915
v 0.3162 13.8951 5.2535
v 1.0496 14.0503 5.7198
v 1.2909 7.3174 5.1131
v 0.9413 14.4203 5.0219
v 1.1404 14.4228 5.1089
v 1.6947 6.8143 5.1899
v 1.8429 7.2286 4.5972
v 0.7107 14.4250 5.2070
v 2.0761 14.2268 5.4058
v 2.6092 13.6832 5.3257
v 1.1251 6.9897 5.3335
v 1.9945 10.9353 5.0228
v 2.0770 8.1312 4.7629
v 2.4724 11.0741 4.7325
v 1.9847 14.2412 5.0274
v 3.2631 13.7503 4.9314
v -3.9479 9.4650 3.1769
v -3.5746 13.1597 3.7102
v -1.1617 11.8272 5.0576
v 0.9264 15.0974 5.2261
v 2.7599 7.5147 4.2037
v 2.2085 9.1193 4.3707
v 2.5258 8.4356 4.5363
v 3.8165 12.9280 3.8768
v 2.4193 10.4552 4.5370
v 3.1449 9.9495 4.3855
v 3.9836 10.9940 5.8209
v 3.3273 10.2517 5.3123
v 2.6931 13.4908 4.8256
v 3.8744 9.9750 5.3944
v 4.7770 10.6275 6.7433
v 3.0680 8.0001 4.2397
v 3.4193 12.0569 4.3004
v 2.7657 11.7708 4.6323
v 2.8247 13.9103 4.8050
v 3.6326 8.6846 3.8055
v 4.1735 11.0871 5.7040
v 3.8832 11.7615 4.2891
v 3.8058 7.8793 3.7126
v 3.7242 9.1709 3.5171
v 3.4349 13.1892 -4.3151
v 4.1390 10.1453 3.5936
v 4.0789 10.0280 4.9084
v 3.9375 10.2215 4.3530
v 3.5374 9.9840 4.0919
v 4.1798 12.9758 4.3035
v 3.9152 10.4124 3.7626
v 3.9791 13.2160 3.8044
v 4.1536 13.5198 3.5148
v 3.8519 15.0015 3.6115
v 3.4830 13.3067 4.7470
v 4.9389 10.4201 6.6273
v 3.9928 17.1987 3.7799
v 4.1696 10.6352 4.1224
v 4.3163 13.2286 4.1771
v 4.3498 10.2263 4.9760
v 5.2097 12.7360 3.0009
v 3.8854 13.5162 4.5011
v 4.4422 10.9497 5.4431
v 3.9587 11.6282 3.9261
v 4.8625 12.1127 -2.8800
v 4.0687 12.7133 3.8542
v 4.9660 12.2523 2.8191
v 5.2415 12.4193 3.1387
v 4.4095 14.9547 -3.0920
v 4.6962 6.7750 2.8783
v 5.2086 9.9194 -2.5529
v 5.1423 17.9757 -1.6011
v 4.4357 16.2619 -3.0423
v 5.1854 10.2144 -2.2958
v 5.4642 11.2405 -1.6791
v 5.2643 12.3297 2.1709
v 4.5987 13.0180 3.3352
v 5.1487 9.6764 2.2767
v 5.2012 9.3708 -0.1332
v 5.5932 11.4838 1.4358
v 5.4206 12.9736 0.0159
v 5.4954 11.9368 -0.4705
v 5.6667 12.5346 0.0893
v 5.6557 12.3180 2.3751
v 5.3399 9.7953 -2.1239
v 5.4270 10.2020 -1.3548
v 5.8261 10.1928 -1.2562
v 5.2230 12.1227 2.1860
v 5.3599 12.6301 2.5301
v 5.5283 11.7417 -1.3328
v 5.6653 12.5265 -0.6633
v 5.3317 11.7703 -0.0304
v 5.5487 14.8182 0.2764
v 5.2668 13.7785 0.0622
v 5.4968 10.4967 0.1625
v 5.4621 10.4568 -1.4804
v 5.8622 10.3778 -1.2568
v 5.6787 11.4171 0.5508
v 5.5640 16.2135 0.3937
v 5.6290 11.8407 1.3137
v 5.4952 11.3787 0.1269
v 5.9924 11.4917 1.4106
v 5.6652 11.9365 2.3354
v 5.7368 11.1329 0.1431
v 7.4160 10.8238 -0.6783
v 5.6280 11.0571 0.4301
v 5.9320 11.0801 0.7124
v 6.0903 11.6106 0.8798
v 6.0790 11.1982 -0.0527
v 5.1657 9.9717 -0.3377
v 7.2293 10.4618 -0.6440
v 6.1110 10.8711 -0.0108
v 6.1189 11.1679 0.6853
v 7.3702 10.7398 -0.8208
v 7.4063 10.7531 -0.5307
v 3.5836 13.5097 4.2560
v -6.0999 10.9511 -0.2974
v -6.3773 11.2581 -0.1570
v -5.2704 11.8281 -0.1526
v -5.3216 12.5636 1.3453
v -6.3757 11.2838 -0.3661
v -5.4097 12.0985 0.6491
v -4.7552 10.9694 -1.0058
v -5.3707 11.5629 0.1796
v -5.0324 11.7164 0.4281
v -5.3184 11.3205 -0.8857
v -5.2870 12.2079 1.5406
v -5.0248 12.2951 0.8301
v -4.6839 10.6390 -0.4771
v -5.0408 11.8231 -0.5725
v -5.0676 13.9268 -0.2240
v -5.0271 11.2522 -1.6821
v -4.8578 12.6672 2.5927
v -4.9930 15.4576 1.6084
v -4.9303 15.2122 0.9839
v -5.1239 15.5287 -0.3877
v -4.9014 13.0117 2.5315
v -5.1248 15.7217 1.1146
v -5.0979 10.9032 -1.3943
v -4.8137 10.8077 -1.2694
v -4.7636 15.1340 2.4590
v -5.1086 11.5965 0.5416
v -4.9925 11.1113 0.3913
v -4.7578 11.7919 -0.7829
v -4.8914 15.4617 0.1340
v -4.8812 9.6141 -0.1692
v -4.8878 12.8748 -1.6151
v -4.7913 12.7921 1.6382
v -4.9919 12.0732 1.4085
v -4.7588 15.8302 -1.8608
v -4.7580 12.9554 2.1416
v -4.8248 11.4759 -1.0155
v -4.5988 15.4918 2.5956
v -4.7931 11.9652 1.5733
v -4.8289 10.6563 -0.0375
v -4.5959 8.3161 -0.2315
v -4.8272 12.3720 1.9003
v -4.6299 12.5338 2.3618
v -4.6281 12.6393 -2.0377
v -4.6933 15.4062 0.5728
v -4.7130 10.9998 1.7950
v -4.7760 10.6611 1.7087
v -4.5328 13.2524 3.0226
v -4.6607 11.2154 -2.0369
v -4.6965 10.7891 -2.1056
v -4.5642 6.0773 -0.5224
v -4.7651 4.9675 -1.3236
v -4.5778 7.8771 -2.0023
v -4.6019 8.5008 -1.1274
v -4.1051 10.0978 2.9225
v -4.5562 11.0420 -2.3927
v -4.3027 15.3275 3.2865
v -4.4994 9.0751 -0.6083
v -4.7638 4.7748 2.1030
v -4.4004 6.6737 2.0687
v -3.7275 13.3132 -3.5144
v -4.6876 3.9538 2.4485
v -4.4308 9.5468 1.9623
v -4.4169 5.9920 2.5006
v -4.1989 10.3387 -2.8811
v -4.4985 4.7999 2.1992
v -4.1691 13.3528 3.0539
v -4.0995 11.4018 -2.9914
v -4.5297 2.2706 -2.7934
v -3.9433 10.5751 -3.4584
v -3.9501 10.8253 -3.1297
v -3.8574 9.1586 2.9479
v -3.6840 15.9004 -3.4878
v -3.5527 10.3709 -3.6773
v -3.6430 7.6980 2.9539
v -3.5680 11.1340 -4.3947
v -3.5159 10.6565 -4.3591
v -3.4090 16.0536 -3.8072
v -3.2160 11.5608 -3.9970
v -3.1178 10.3607 -3.6197
v -3.1777 9.8726 -3.8076
v -3.0500 10.8310 -3.7485
v -2.9193 10.2926 -3.9863
v -5.1907 15.4232 0.5238
v -4.2707 10.8574 -2.9249
v -4.5457 10.5843 -7.2216
v -4.5992 10.6248 -6.8790
v -3.2944 11.6619 -4.6865
v -4.1201 10.2993 -6.0156
v -3.5566 10.1102 -5.9364
v -2.9992 11.9719 -4.7123
v -3.1218 10.3659 -6.0174
v -3.2834 10.2315 -4.4739
v -3.1352 10.3447 -4.0949
v -2.6235 11.9439 -4.9809
v -2.6599 10.0979 -5.1343
v -2.5128 10.0152 -4.5171
v -2.5650 12.0769 -4.5772
v -2.3917 9.5504 -4.7097
v -2.1989 11.1066 -5.3665
v -4.5642 10.7268 -7.2712
v -2.2978 10.6550 -5.3971
v -2.0153 11.8400 -4.7697
v -1.9711 9.8986 -4.6384
v -2.0370 10.2336 -4.3086
v -1.7806 12.0116 -4.8709
v -2.0487 9.3928 -4.6583
v -2.1965 7.7456 -4.7701
v -1.4764 8.2535 -4.5359
v -1.6529 9.4880 -4.2956
v -1.3166 9.1362 -4.9850
v -1.8522 10.3859 -4.3502
v -1.7653 10.9978 -4.8991
v -1.2299 9.7858 -4.6890
v -2.1325 9.6711 -4.9706
v -1.3633 9.4899 -5.2928
v -1.3403 9.1442 -5.2291
v -1.7060 11.5520 -4.6388
v -1.2675 9.7169 -4.9491
v -0.9767 9.0480 -5.2631
v -1.5421 14.7709 -4.8371
v -0.9371 11.6898 -5.1724
v -1.3937 11.1271 -4.7906
v -1.3417 8.1887 -4.6784
v -1.0807 12.1375 -4.8396
v -1.0792 14.8647 -4.6055
v -1.2151 13.7457 -4.5715
v 0.1968 9.1410 -5.6270
v -0.4710 9.4302 -5.3573
v -1.0627 9.6549 -5.2120
v 0.5000 15.6947 -5.0636
v 0.6206 9.2083 -5.3569
v 0.8773 8.6557 -5.3909
v 0.3983 11.5405 -5.2316
v 0.4325 14.4021 -4.8366
v 0.6696 16.5747 -5.2329
v 1.5845 16.9062 -5.2317
v 2.2945 13.1476 -5.0099
v 1.7857 9.1837 -5.0362
v 2.4736 17.3997 -4.6737
v 2.2109 10.5640 -4.9674
v 2.2914 11.2986 -4.9456
v 2.4085 10.6508 -5.1666
v 2.4989 11.6533 -4.7760
v 2.6203 9.8148 -4.6633
v 2.6532 9.9963 -4.9715
v 3.1465 9.9168 -4.7876
v 3.4476 9.9095 -4.1304
v 3.1459 11.6911 -4.6554
v 3.6947 9.9346 -5.4821
v 3.5238 11.6434 -4.1459
v 3.9503 10.0722 -5.0896
v 3.8535 10.9497 -4.1787
v 3.6513 10.0739 -4.3272
v 3.7899 10.6125 -3.8991
v 3.3844 11.6026 -4.4917
v 4.8092 10.6900 -7.0240
v -2.8521 9.6740 -4.2415
v -7.9923 1.7467 -0.1294
v -7.5759 0.7750 -0.0520
v -8.1900 2.8382 -0.1068
v -7.2633 0.2346 2.0054
v -7.4215 1.3012 0.4180
v -6.7739 1.2232 -3.2527
v -6.9827 1.1110 2.7425
v -7.2195 0.0024 -0.9741
v -7.4940 0.1995 -0.3109
v -7.3589 0.3666 -1.8155
v -7.2139 1.5997 0.4847
v -6.9869 1.9187 -0.3830
v -6.7319 0.3733 3.4802
v -6.5513 0.2735 -3.9053
v -5.8683 1.2388 -4.7796
v -6.4426 2.0173 2.4735
v -6.0121 0.0021 4.1463
v -6.0055 2.0931 -3.4526
v -5.9898 2.2404 2.6588
v -5.3564 0.2012 5.3267
v -6.0278 1.0886 4.5145
v -5.6273 2.0876 3.9187
v -5.2223 2.3036 1.2121
v -5.3266 1.9636 -4.6554
v -4.7679 0.2342 -6.0501
v -5.1955 3.2025 0.3156
v -5.0574 2.3316 -0.2700
v -1.2834 0.0137 7.3643
v -4.7949 4.1544 0.2798
v -5.0557 5.3549 0.4327
v -4.7233 1.4422 -5.7821
v -4.7462 2.8273 -6.7427
v -4.9351 2.1414 4.6559
v -4.4927 2.2983 2.2608
v -3.7394 2.2990 3.6446
v -4.6313 1.7124 -5.5935
v -4.4957 1.3336 5.9328
v -4.5304 2.7000 6.9385
v -4.0815 1.9145 5.7030
v -4.4721 1.7545 6.7752
v -4.2013 0.6747 6.3637
v -4.7466 4.9376 -1.9109
v -4.2428 7.0894 -2.6455
v -4.4728 4.4857 -2.3410
v -4.3786 3.6385 -2.0058
v -4.6651 2.3065 -1.8821
v -4.0816 2.7822 2.7789
v -4.3503 2.2961 3.0033
v -4.7709 2.2712 2.2860
v -3.9103 6.8369 3.1219
v -4.1543 1.9885 -5.7414
v -3.5084 2.3000 -4.0765
v -3.8330 4.7853 3.4609
v -3.6664 6.2014 2.9705
v -3.5635 1.8458 6.1228
v -3.9755 1.6334 6.7773
v -3.8894 1.0403 6.5036
v -3.3954 9.9390 -3.7789
v -1.5636 1.1737 7.4654
v -2.4357 2.0861 6.3538
v -2.9770 2.2945 4.4628
v -3.1868 4.0552 4.1558
v -3.1672 4.5175 3.9010
v -0.9881 0.2023 7.6246
v -3.8047 0.2918 6.5860
v 0.0202 2.2255 6.5633
v -2.2208 4.7316 4.2054
v -0.4119 1.7142 7.3021
v -1.4763 5.5602 4.8187
v -1.4432 2.2720 5.2609
v -1.3055 4.5470 4.6677
v -1.7689 4.1792 4.9301
v -0.8117 4.9054 4.8259
v -0.5182 5.5824 4.8958
v -0.5819 2.2706 5.5205
v 0.7102 0.0005 7.6192
v -0.7589 1.0418 7.7067
v 0.7660 0.2424 7.8509
v 0.4895 1.3367 7.6946
v 1.2483 2.2710 5.5214
v 1.6094 0.5788 7.8413
v 2.7049 1.3430 7.4600
v 5.1059 0.0265 6.3359
v 4.8968 2.2137 5.6511
v 2.2976 5.6177 4.9360
v 2.6691 5.5598 4.1406
v 2.1789 6.9796 4.5475
v 2.6675 5.6365 4.4491
v 3.1219 2.2994 4.8945
v 3.1963 5.2402 4.5694
v 3.3154 5.3293 4.1478
v 2.6440 1.8083 7.0979
v 3.5920 2.6995 8.0553
v 3.3853 1.8739 6.8543
v 3.6611 2.1088 6.5083
v 2.3703 0.2039 7.6929
v 3.2122 0.7093 7.5417
v 3.4526 2.7360 8.1547
v 3.4449 6.5649 3.7514
v 3.9127 3.4717 3.5119
v 3.5610 2.7102 4.6996
v 3.6377 1.2680 7.2150
v 3.6541 2.2703 4.6078
v 3.6164 3.2793 3.7863
v 5.3165 0.9818 6.4082
v 5.2317 0.3138 6.5005
v 6.5329 1.3653 5.0422
v -6.1667 2.2351 -2.3742
v -7.3464 1.5324 -0.6107
v -6.9488 1.9471 0.1435
v -5.1479 3.9183 1.2262
v -4.7044 4.5340 -0.2888
v -4.8568 2.2360 -4.5759
v 4.2499 0.2646 7.0784
v -4.4515 1.1748 -6.2996
v -3.2238 0.3301 -7.1059
v -3.8254 1.7991 -6.1735
v -1.6994 2.2080 -6.5435
v -2.4284 1.1209 -7.3735
v -4.0794 0.0303 -6.3374
v -3.9560 1.4615 -6.3887
v -1.7503 0.2340 -7.6356
v 0.8697 0.0000 -7.6074
v -2.9168 2.2999 -4.5379
v -2.2219 3.8673 -4.7878
v -1.8227 6.7204 -5.0226
v -0.0256 2.2211 -6.7452
v -0.7522 0.3943 -7.8624
v -1.3193 2.2741 -5.3711
v -0.7484 1.9385 -7.1530
v 0.1535 5.7046 -5.4729
v -0.0820 0.9477 -7.8635
v 0.1394 2.2712 -5.6274
v 1.4020 0.2061 -7.7712
v 2.0792 2.7327 -8.1547
v 1.3716 1.5945 -7.4128
v 0.9293 9.0110 -5.4957
v 3.2611 9.0467 -4.4750
v 2.9385 0.2001 -7.4079
v 2.2403 1.9032 -7.9929
v 2.0693 0.9326 -7.6241
v 1.7067 1.8117 -7.9317
v 1.9324 8.5362 -4.6890
v 1.9471 2.2708 -5.3623
v 2.2639 5.1678 -4.9697
v 2.2406 5.8132 -4.6059
v 2.5319 8.5924 -4.7013
v 2.1598 8.7641 -4.5662
v 2.6212 5.4026 -4.8527
v 1.9960 1.9413 -7.0172
v 2.5044 1.5140 -7.2369
v 2.4432 4.1586 -4.8696
v 2.5369 2.8650 -4.5728
v 3.7142 9.2664 -4.1636
v 2.4054 4.6393 -4.6058
v 3.0935 4.3037 -4.4729
v 2.9756 2.9965 -4.4066
v 2.2923 2.2938 -5.1498
v 3.2892 2.3010 -4.7366
v 3.3899 8.8184 -4.1096
v 3.3270 3.2331 -4.4833
v 4.3092 9.6353 -3.3843
v 4.4776 2.0582 -5.9462
v 3.9488 8.9574 -3.8802
v 4.1008 5.7641 3.6261
v 4.4085 3.2731 -3.0934
v 4.2421 4.7227 -3.2442
v 4.3699 3.1429 -3.5051
v 4.0499 3.2289 3.3489
v 4.3624 2.7149 3.4095
v 4.6416 1.1003 -6.6221
v 5.4201 2.1394 -5.1095
v 4.6414 6.0707 -3.1075
v 4.6749 3.6831 -2.7319
v 4.8805 2.9054 -2.5730
v 4.8362 4.6378 2.5259
v 4.6728 7.0640 2.4941
v 4.6736 8.4636 2.3306
v 4.7555 10.4924 -6.9740
v 5.0755 2.2746 3.1266
v 4.7819 9.3254 -3.0367
v 4.4168 9.4316 -3.5582
v 4.6172 10.5609 -7.1756
v 5.8004 1.2584 -5.6839
v 4.6356 2.3006 3.2172
v 5.0367 4.3377 2.8162
v 5.0817 4.6541 2.5392
v 5.4750 2.8438 -0.2392
v 5.1673 4.8275 -2.4991
v 5.0037 5.0733 -0.5961
v 5.2314 6.9688 -0.0804
v 5.1630 5.4729 0.2001
v 5.2013 7.7172 -0.6604
v 5.2039 8.5903 -0.7826
v 5.4095 5.4460 -0.8768
v 5.3245 5.1605 2.1945
v 4.8478 8.9310 2.3787
v 5.5008 5.5704 0.3912
v 5.3344 8.3183 -0.3684
v 6.9155 0.0098 -4.2190
v 5.0706 4.4545 -0.5952
v 5.7269 2.8727 1.8871
v 5.4142 9.2522 -0.0580
v 5.5174 5.5270 -1.7516
v 5.6170 6.2131 1.0279
v 5.7395 2.2892 1.7863
v 6.5682 1.6954 -4.4325
v 5.6134 2.2935 -2.1249
v 5.8910 2.2709 -1.5572
v 4.6791 0.1718 -6.6011
v 5.8889 0.0355 -5.4876
v 7.1242 2.2408 1.7129
v 5.8580 2.3023 -0.6985
v 5.9215 2.2984 0.5999
v 6.7228 0.4452 5.1001
v 7.2690 0.7661 -4.1834
v 7.2754 1.1109 4.1584
v 7.2879 0.1735 -3.9828
v 7.2476 1.7663 -4.7584
v 6.7535 1.3883 -4.5428
v 7.2044 0.1697 4.2826
v 7.6141 1.6690 -4.0602
v 7.3339 1.2014 -3.8983
v 7.6406 2.0369 -1.2636
v 7.0714 1.7396 -3.6274
v 8.2270 1.1022 -1.6157
v 7.7301 2.8327 -4.8394
v 8.2159 0.2948 -1.9154
v 8.3561 1.1471 -0.4343
v 7.6998 1.5792 2.3969
v 8.8468 2.6901 2.2944
v 7.7823 1.7894 1.4599
v 8.0499 1.1039 2.2907
v 8.1176 1.3028 1.4278
v 8.4143 1.5128 1.5733
v 8.2595 1.8160 2.4643
v 8.6886 1.8912 2.2238
v -3.6489 2.0820 -5.9710
v 3.3618 2.2061 -6.2197
v 3.2452 1.0023 -7.2978
v 3.5497 5.3154 -4.2354
v 4.4749 9.1489 -3.0883
v 7.1045 2.1727 -2.5969
v 6.2265 0.3181 -5.4407
v 6.7639 1.9527 -3.8669
v 6.3168 2.1571 4.3203
v 7.6314 0.0243 3.0305
v 7.5780 1.8734 2.0951
v 8.2637 0.8257 2.0335
v 8.2272 0.1998 1.6409
vn -0.8618 0.1113 -0.4949
vn -0.8787 -0.0787 -0.4708
vn -0.8472 0.1509 0.5093
vn -0.7604 -0.1238 0.6375
vn -0.8390 -0.2969 -0.4560
vn -0.0789 -0.0152 0.9968
vn -0.1921 0.7997 0.5689
vn -0.1420 0.7960 -0.5884
vn -0.6384 -0.3692 0.6753
vn -0.5739 -0.5571 -0.6002
vn -0.0868 -0.0152 -0.9961
vn -0.1238 0.0136 -0.9922
vn -0.1306 0.0479 0.9903
vn -0.0208 -0.8570 0.5148
vn -0.9471 -0.0907 0.3079
vn -0.9570 -0.2307 -0.1759
vn -0.8912 -0.4032 0.2078
vn -0.5194 0.8207 -0.2380
vn -0.7787 0.1384 0.6120
vn -0.9886 0.0948 -0.1169
vn -0.8116 -0.1878 -0.5532
vn 0.5132 0.4848 0.7082
vn -0.8137 0.0797 -0.5757
vn -0.8709 0.4873 0.0637
vn -0.4957 -0.3481 -0.7957
vn -0.5346 0.8092 -0.2437
vn -0.9306 0.3596 -0.0679
vn -0.4405 0.2768 -0.8540
vn -0.9350 0.1461 0.3232
vn -0.7902 0.3481 0.5043
vn -0.8808 0.0413 0.4717
vn -0.7814 -0.0350 0.6230
vn -0.7662 -0.5590 -0.3170
vn -0.7947 0.5106 -0.3282
vn 0.4607 -0.5593 -0.6891
vn -0.5539 0.6558 0.5129
vn 0.0388 -0.8418 -0.5383
vn -0.8994 0.4271 -0.0933
vn 0.2463 -0.0665 0.9669
vn 0.7678 -0.5431 -0.3399
vn -0.4683 -0.0018 -0.8836
vn -0.2080 0.3672 0.9066
vn -0.4167 0.4975 0.7608
vn -0.3467 0.4653 -0.8144
vn -0.5167 -0.6652 0.5390
vn -0.5827 0.4146 -0.6990
vn -0.7175 -0.6953 -0.0423
vn -0.3569 -0.6779 -0.6428
vn -0.9450 0.0159 0.3268
vn -0.9964 0.0756 -0.0394
vn -0.1994 0.1705 0.9650
vn -0.5927 -0.7975 0.1123
vn -0.9355 0.2059 -0.2872
vn -0.7875 0.2194 0.5759
vn 0.0808 -0.0288 -0.9963
vn -0.0237 0.5473 0.8366
vn 0.2631 -0.6908 -0.6735
vn -0.6040 -0.6129 0.5095
vn -0.6142 0.6945 -0.3748
vn -0.0412 -0.1022 0.9939
vn 0.4334 -0.5002 0.7496
vn -0.6778 -0.0308 0.7346
vn 0.1784 -0.0546 -0.9824
vn -0.1530 0.0648 -0.9861
vn 0.0211 -0.0147 -0.9997
vn -0.9416 -0.3062 0.1400
vn 0.2505 -0.5374 0.8053
vn -0.5149 0.2806 0.8100
vn -0.8429 0.5370 0.0335
vn -0.6921 0.0298 0.7212
vn -0.7730 -0.4600 -0.4369
vn -0.8380 -0.3357 -0.4301
vn -0.7745 -0.4645 -0.4294
vn -0.0982 -0.3787 -0.9203
vn -0.4580 0.4673 -0.7562
vn 0.3301 -0.4284 0.8411
vn -0.0272 0.0027 0.9996
vn -0.6769 -0.0641 -0.7333
vn 0.6193 -0.5360 0.5738
vn -0.4369 -0.8994 0.0121
vn -0.3179 0.2840 0.9046
vn 0.3087 -0.9183 -0.2480
vn -0.5060 -0.2556 0.8238
vn -0.7409 -0.1603 -0.6523
vn -0.4606 -0.8354 -0.2999
vn -0.6765 0.4220 -0.6035
vn -0.4433 0.7757 0.4492
vn -0.9293 0.3299 -0.1662
vn 0.9350 -0.1431 0.3243
vn -0.5318 -0.5610 -0.6344
vn 0.2202 0.3072 -0.9258
vn 0.3979 -0.1011 -0.9118
vn 0.6643 -0.7237 0.1869
vn 0.0195 0.0015 0.9998
vn 0.6689 -0.0943 0.7374
vn 0.6679 -0.1633 0.7261
vn -0.0141 0.6676 0.7444
vn -0.2010 0.2828 -0.9379
vn -0.4454 0.0328 0.8947
vn -0.6025 0.3807 -0.7015
vn 0.5895 -0.1425 0.7951
vn 0.4331 -0.0612 0.8993
vn -0.9103 0.3942 -0.1263
vn 0.2817 0.5981 0.7503
vn -0.7804 0.2652 -0.5663
vn -0.4907 -0.4073 -0.7703
vn 0.2518 -0.8612 -0.4415
vn -0.1287 -0.8494 -0.5119
vn 0.4773 -0.8191 -0.3182
vn 0.7341 -0.6622 -0.1502
vn 0.1292 -0.5770 -0.8064
vn 0.7546 -0.5327 -0.3831
vn 0.2074 0.0985 -0.9733
vn -0.5940 0.3756 -0.7114
vn -0.7456 0.2942 -0.5979
vn -0.9119 -0.3697 0.1784
vn 0.6799 -0.3454 0.6468
vn -0.9445 -0.3098 0.1097
vn 0.7932 -0.5912 0.1464
vn 0.8408 -0.1687 -0.5144
vn -0.6411 0.7376 0.2118
vn -0.8735 0.3520 -0.3363
vn -0.8053 0.2576 0.5340
vn 0.8925 -0.4435 0.0825
vn -0.9856 -0.0774 0.1504
vn 0.8983 0.4302 -0.0899
vn 0.4892 -0.5391 0.6856
vn -0.5073 -0.8607 -0.0430
vn -0.9243 0.2047 -0.3220
vn -0.8722 0.0662 0.4846
vn -0.9901 -0.0883 0.1087
vn -0.9570 -0.2793 -0.0789
vn -0.8783 0.3080 -0.3657
vn 0.8782 0.1526 0.4532
vn 0.4051 -0.0718 -0.9114
vn 0.0217 0.0528 0.9984
vn -0.1083 -0.0674 0.9918
vn -0.5513 0.1610 -0.8186
vn -0.6339 0.4728 -0.6120
vn 0.5427 -0.5703 0.6166
vn 0.5611 -0.3513 0.7495
vn 0.4476 -0.3395 0.8273
vn -0.4389 -0.8770 -0.1957
vn -0.5832 0.0731 0.8091
vn -0.4764 0.2770 0.8345
vn -0.2668 0.3987 -0.8774
vn -0.8869 0.1803 0.4253
vn 0.3679 0.4414 0.8184
vn -0.9959 -0.0851 0.0292
vn 0.1877 -0.0909 0.9780
vn -0.3767 0.9202 0.1067
vn 0.8538 0.5144 0.0803
vn -0.8691 0.3099 -0.3856
vn -0.0038 -0.9945 0.1044
vn -0.4099 -0.1212 -0.9040
vn -0.6821 -0.4215 -0.5976
vn 0.4872 0.3059 -0.8180
vn 0.6608 -0.5351 -0.5264
vn 0.5374 0.7591 0.3673
vn 0.2013 -0.8874 -0.4148
vn 0.3470 -0.1195 -0.9302
vn 0.7577 0.6495 0.0639
vn -0.3031 -0.8443 -0.4419
vn 0.0822 0.5500 0.8311
vn -0.4041 -0.0180 0.9145
vn -0.9413 0.0814 -0.3277
vn 0.2729 -0.2335 0.9333
vn -0.5368 0.1701 0.8264
vn 0.7962 -0.5983 -0.0899
vn 0.7385 -0.4013 -0.5419
vn -0.3271 -0.9158 0.2331
vn -0.5894 0.7993 0.1169
vn 0.0012 0.8880 0.4599
vn 0.1162 0.4220 -0.8991
vn -0.9338 -0.2883 -0.2117
vn -0.8526 -0.5222 0.0200
vn -0.8557 0.3547 -0.3768
vn -0.8252 -0.5435 0.1537
vn 0.5764 -0.5847 -0.5709
vn -0.5229 -0.5993 0.6061
vn -0.1537 0.9821 0.1093
vn -0.9446 0.3059 -0.1188
vn 0.9469 -0.3210 -0.0182
vn -0.4974 -0.1204 -0.8591
vn 0.7447 -0.4001 0.5342
vn -0.7469 0.2666 -0.6091
vn 0.9076 -0.3832 -0.1712
vn 0.8909 -0.3579 -0.2797
vn 0.7065 -0.2417 -0.6651
vn 0.3432 0.1614 0.9253
vn -0.8601 0.3933 -0.3248
vn -0.8644 0.3856 0.3228
vn -0.1089 -0.9936 -0.0308
vn -0.7558 0.4984 0.4246
vn -0.4037 -0.8915 0.2053
vn 0.2536 0.5723 0.7798
vn 0.5924 0.8010 -0.0862
vn -0.7578 0.5005 0.4187
vn 0.8361 -0.5370 0.1119
vn -0.7621 0.5700 -0.3069
vn 0.8121 -0.5159 0.2726
vn 0.0884 0.0544 -0.9946
vn 0.5045 -0.4899 0.7109
vn -0.0653 0.6068 0.7922
vn 0.1080 0.0971 -0.9894
vn -0.8723 0.3192 0.3704
vn 0.8666 0.1200 -0.4843
vn 0.0073 0.9051 -0.4252
vn -0.6189 -0.0402 0.7845
vn 0.4415 -0.0350 -0.8966
vn -0.1450 -0.7630 0.6300
vn -0.3104 0.2763 0.9096
vn -0.1776 0.1383 0.9743
vn -0.7604 -0.5346 -0.3688
vn 0.7549 0.5422 -0.3690
vn -0.1349 -0.5654 -0.8137
vn 0.8049 -0.4443 0.3934
vn -0.2813 -0.3619 0.8888
vn -0.1828 -0.4646 0.8664
vn -0.2930 -0.1703 -0.9408
vn -0.3459 0.7392 -0.5779
vn -0.2581 -0.3488 0.9010
vn 0.4334 0.9008 -0.0269
vn -0.2465 0.8587 0.4492
vn -0.1983 0.0455 0.9791
vn -0.6357 -0.5681 0.5227
vn 0.2889 -0.1016 0.9519
vn -0.7986 -0.2306 0.5559
vn -0.8325 0.5134 -0.2083
vn 0.3060 0.7084 -0.6360
vn -0.1358 0.8455 0.5164
vn -0.3498 -0.4599 0.8162
vn -0.1541 0.7157 0.6812
vn -0.7573 -0.5163 -0.4000
vn 0.3965 0.8901 -0.2249
vn -0.4426 0.8839 -0.1509
vn 0.6338 -0.4852 -0.6024
vn -0.5980 0.7924 -0.1204
vn -0.4590 0.8873 0.0450
vn -0.1339 0.9898 -0.0496
vn 0.0511 -0.2615 -0.9638
vn -0.4978 -0.3828 0.7782
vn -0.7035 -0.4866 0.5180
vn -0.7853 0.4406 -0.4350
vn 0.2204 -0.1290 -0.9668
vn -0.5162 -0.7269 0.4529
vn 0.6166 0.4394 0.6533
vn -0.7623 0.2766 -0.5851
vn -0.6681 0.7205 0.1860
vn -0.0603 -0.2404 -0.9688
vn 0.2600 -0.5578 -0.7882
vn -0.0183 -0.5908 0.8066
vn 0.2647 -0.2864 0.9208
vn -0.4515 0.0937 0.8873
vn -0.8892 0.2965 0.3484
vn -0.5971 -0.5171 0.6133
vn -0.6177 0.7020 -0.3546
vn 0.4461 -0.3744 -0.8129
vn -0.1181 -0.3225 0.9392
vn -0.9439 0.2928 -0.1526
vn -0.5401 0.2219 -0.8119
vn -0.4906 0.8313 -0.2611
vn -0.0375 -0.1868 -0.9817
vn 0.0384 -0.0517 0.9979
vn -0.1195 0.0813 -0.9895
vn -0.9863 -0.1272 0.1055
vn 0.5984 -0.6730 -0.4347
vn -0.4049 0.8927 -0.1977
vn -0.5039 0.2073 -0.8385
vn -0.3921 0.1078 0.9136
vn 0.8430 0.1072 -0.5271
vn 0.5759 -0.7850 -0.2283
vn 0.7794 -0.3998 0.4823
vn 0.3015 0.0632 -0.9514
vn -0.3341 -0.7472 0.5745
vn 0.5741 -0.7189 -0.3920
vn -0.0488 -0.7590 0.6493
vn -0.6190 -0.7790 0.0999
vn -0.3038 -0.7207 0.6231
vn -0.4652 -0.8822 -0.0734
vn -0.1748 0.9837 0.0431
vn 0.0462 -0.7189 -0.6936
vn -0.9627 0.0539 -0.2651
vn 0.2558 0.9060 0.3372
vn -0.4706 0.1845 0.8629
vn 0.3214 0.9170 -0.2361
vn -0.4173 -0.7055 0.5728
vn -0.4657 0.2320 0.8540
vn -0.3402 0.6427 0.6865
vn -0.2197 0.4288 0.8763
vn -0.7583 -0.6464 -0.0852
vn -0.5124 0.3924 0.7638
vn -0.6485 -0.4942 0.5790
vn -0.7508 0.3003 0.5883
vn -0.8312 0.5519 0.0670
vn 0.0625 -0.9928 -0.1023
vn 0.6231 -0.4627 0.6307
vn 0.7773 -0.5537 0.2986
vn 0.6499 -0.4114 0.6390
vn 0.0014 0.1259 0.9920
vn -0.3393 -0.7938 -0.5047
vn -0.0638 0.3118 -0.9480
vn 0.5455 -0.5023 -0.6709
vn 0.4332 -0.0130 -0.9012
vn 0.0270 -0.9462 0.3225
vn -0.9847 -0.1740 -0.0132
vn 0.1582 0.3886 -0.9077
vn -0.9929 -0.1132 -0.0362
vn -0.0545 0.0459 -0.9975
vn 0.0895 0.0396 -0.9952
vn -0.9924 0.0426 0.1153
vn 0.0726 -0.3093 0.9482
vn -0.7608 0.6483 0.0302
vn -0.6802 0.2912 -0.6727
vn 0.3089 -0.6322 -0.7106
vn 0.5430 -0.6473 -0.5349
vn 0.0872 -0.5037 -0.8595
vn -0.1707 -0.3101 0.9353
vn 0.6654 -0.6349 -0.3925
vn 0.1203 0.9543 -0.2737
vn 0.6035 -0.6870 -0.4048
vn -0.6251 -0.3573 -0.6940
vn 0.8892 -0.3569 -0.2864
vn -0.6564 0.5365 0.5304
vn -0.5355 -0.2085 -0.8184
vn 0.1578 -0.9852 0.0663
vn -0.9817 -0.0002 0.1902
vn -0.3427 -0.2729 0.8989
vn 0.0274 -0.0030 -0.9996
vn -0.3362 -0.2700 0.9023
vn 0.0648 0.9975 0.0272
vn 0.1609 0.2117 0.9640
vn 0.3340 -0.1621 0.9285
vn -0.5528 0.7679 0.3236
vn -0.6936 -0.6425 0.3258
vn -0.8099 0.4790 0.3386
vn -0.8634 -0.4892 -0.1233
vn 0.4513 -0.7170 -0.5312
vn -0.0522 -0.5133 -0.8566
vn 0.9065 -0.1633 -0.3894
vn -0.8955 -0.4408 0.0608
vn 0.3059 0.2495 -0.9188
vn -0.4752 0.2784 0.8346
vn 0.2795 -0.0953 0.9554
vn -0.9287 0.2897 -0.2314
vn -0.8933 0.4357 0.1106
vn -0.4230 0.1089 0.8996
vn -0.2997 -0.0098 -0.9540
vn -0.1624 0.5883 0.7922
vn -0.4307 0.3601 0.8276
vn 0.1300 0.7315 -0.6693
vn -0.2599 0.9652 -0.0274
vn -0.2713 0.9610 -0.0538
vn -0.6374 0.4092 0.6529
vn -0.4426 -0.8756 0.1937
vn -0.6331 -0.4651 -0.6187
vn -0.0466 -0.3665 -0.9293
vn -0.7867 -0.4620 -0.4096
vn -0.1695 0.5216 -0.8362
vn -0.5704 0.6542 -0.4967
vn -0.0075 0.5774 -0.8164
vn 0.1174 -0.1917 -0.9744
vn -0.6216 0.1878 -0.7605
vn -0.5187 -0.8515 -0.0767
vn -0.6331 0.6860 -0.3586
vn -0.5440 -0.6519 0.5284
vn -0.3429 -0.6290 0.6977
vn 0.8710 -0.2680 0.4118
vn 0.9395 0.0107 0.3425
vn 0.1368 0.8521 0.5053
vn 0.8408 -0.5338 -0.0901
vn -0.1528 -0.5368 0.8298
vn -0.0324 0.6676 0.7438
vn 0.6995 -0.3583 0.6183
vn -0.6548 0.3468 0.6716
vn 0.2020 0.8161 -0.5414
vn -0.3836 0.7542 -0.5330
vn -0.8784 -0.0109 -0.4778
vn -0.4684 0.8775 -0.1032
vn -0.0863 0.8839 0.4596
vn -0.6759 0.7284 0.1126
vn 0.6456 -0.0703 0.7604
vn 0.3172 -0.0804 0.9449
vn -0.4741 0.4566 0.7528
vn -0.7473 0.3564 -0.5608
vn -0.7622 -0.5407 0.3560
vn 0.1131 0.1942 0.9744
vn -0.5884 0.6365 -0.4987
vn 0.5042 -0.2472 -0.8275
vn -0.5302 -0.6043 0.5947
vn 0.3170 0.4346 0.8430
vn -0.2781 0.4800 -0.8320
vn -0.4390 -0.3859 -0.8114
vn -0.4458 -0.6306 -0.6353
vn -0.5041 -0.1703 -0.8467
vn 0.2969 -0.5355 -0.7906
vn -0.2017 -0.2905 0.9354
vn 0.3733 -0.8591 -0.3501
vn 0.8076 -0.3797 -0.4512
vn 0.6046 -0.7914 -0.0900
vn -0.8763 -0.4519 -0.1670
vn 0.4940 0.0465 0.8682
vn 0.9267 -0.0048 0.3757
vn -0.2261 0.3653 -0.9030
vn 0.5102 -0.5354 0.6731
vn 0.6445 -0.7544 0.1243
vn -0.9189 0.1228 -0.3749
vn 0.6694 -0.5838 -0.4595
vn 0.7628 -0.1094 0.6373
vn -0.6010 0.7892 0.1264
vn -0.2670 0.9610 -0.0719
vn 0.6182 -0.6124 0.4928
vn 0.8981 -0.4398 0.0084
vn -0.5084 0.7049 -0.4946
vn -0.3409 0.0925 0.9355
vn 0.5340 -0.6908 0.4875
vn -0.3217 -0.0367 -0.9461
vn 0.1724 0.9012 0.3977
vn -0.1631 0.9231 -0.3482
vn -0.8786 0.4731 0.0652
vn -0.8894 -0.4022 0.2172
vn -0.9219 -0.3554 0.1541
vn -0.9874 -0.1508 -0.0487
vn -0.9752 -0.0767 -0.2075
vn -0.9677 -0.1466 0.2050
vn -0.9022 0.1903 0.3872
vn -0.9772 0.1947 -0.0840
vn 0.2023 -0.3287 0.9225
vn 0.6476 -0.5992 0.4708
vn -0.2054 0.4969 0.8431
vn 0.6223 -0.7771 -0.0947
vn -0.3640 -0.4213 -0.8307
vn -0.5168 -0.7539 -0.4057
vn -0.6690 -0.6940 -0.2659
vn -0.8396 -0.0434 -0.5415
vn -0.6562 0.7361 -0.1660
vn -0.6632 0.7298 -0.1662
vn -0.2123 0.9588 -0.1888
vn 0.2185 -0.0135 0.9757
vn -0.7273 -0.5437 -0.4189
vn 0.0449 0.1572 -0.9865
vn -0.0721 0.8912 -0.4479
vn -0.8216 -0.1327 0.5544
vn 0.6532 0.1653 -0.7389
vn -0.7805 0.5241 0.3407
vn 0.9517 0.2899 0.1014
vn 0.1939 -0.7608 0.6194
vn -0.7758 0.4262 -0.4653
vn -0.0405 0.9343 0.3541
vn 0.5759 0.5899 -0.5659
vn 0.6114 0.1739 -0.7720
vn 0.7223 0.0854 -0.6862
vn -0.4634 0.7758 0.4282
vn 0.6249 0.0522 0.7790
vn -0.3743 -0.0808 0.9238
vn -0.8576 0.0018 0.5143
vn 0.6114 0.0736 -0.7879
vn -0.3954 -0.9005 0.1811
vn -0.7505 0.6154 -0.2410
vn 0.7574 0.2236 0.6134
vn 0.3750 -0.1806 -0.9093
vn 0.6132 0.3263 -0.7193
vn 0.7461 -0.5362 0.3948
vn -0.9862 -0.1262 0.1068
vn -0.9122 -0.3066 -0.2718
vn -0.9400 -0.2985 -0.1649
vn 0.6516 0.7254 0.2218
vn 0.7330 0.4912 -0.4705
vn -0.2046 -0.0651 0.9767
vn 0.0229 0.8064 0.5909
vn -0.0580 0.8024 0.5940
vn -0.6168 -0.5291 0.5828
vn -0.8766 0.2680 -0.3998
vn -0.7670 0.4641 0.4431
vn -0.8893 0.4190 0.1832
vn 0.0546 -0.1464 -0.9877
vn 0.0971 -0.0130 -0.9952
vn -0.2078 -0.1414 -0.9679
vn -0.9668 0.2524 -0.0410
vn -0.7796 -0.4466 0.4390
vn -0.8023 0.5719 -0.1712
vn -0.8878 0.4090 0.2111
vn 0.3824 -0.6932 0.6109
vn 0.2659 -0.6524 0.7097
vn 0.1968 -0.9481 0.2497
vn -0.6262 -0.7164 0.3076
vn -0.0022 0.2640 -0.9645
vn -0.5037 0.3144 -0.8047
vn -0.4329 -0.3553 -0.8285
vn -0.0740 -0.8717 -0.4844
vn 0.1688 -0.8810 -0.4420
vn 0.3361 0.4303 0.8378
vn 0.3345 -0.5740 0.7474
vn -0.0820 -0.9965 0.0127
vn 0.0320 -0.1913 -0.9810
vn -0.3705 -0.4308 -0.8229
vn -0.7932 0.2519 0.5544
vn -0.2272 0.3429 -0.9115
vn -0.9524 0.2823 -0.1148
vn -0.7180 0.5295 -0.4518
vn -0.0763 0.4973 0.8642
vn -0.5708 -0.7312 0.3735
vn -0.4354 -0.8660 0.2460
vn -0.7263 0.6702 -0.1528
vn 0.9343 0.3476 -0.0788
vn 0.0855 0.8205 0.5652
vn -0.9318 0.0593 0.3582
vn -0.5380 0.6800 -0.4982
vn 0.9360 0.0351 0.3503
vn -0.5622 0.1099 0.8197
vn -0.5397 0.4423 0.7163
vn -0.4695 -0.8627 0.1879
vn 0.9153 0.2563 0.3106
vn 0.0826 -0.9939 -0.0726
vn -0.9387 0.2121 -0.2718
vn -0.9306 0.3547 0.0899
vn -0.5473 0.2621 -0.7948
vn 0.9936 -0.0230 0.1105
vn 0.6077 0.3699 0.7028
vn 0.6634 0.4847 0.5700
vn -0.7313 -0.5473 -0.4070
vn 0.1672 0.5121 -0.8425
vn 0.2108 0.1468 -0.9664
vn -0.4168 0.0903 0.9045
vn -0.9949 0.0413 0.0920
vn -0.9665 0.1493 -0.2090
vn 0.6391 0.2917 -0.7116
vn -0.2855 -0.4800 -0.8295
vn 0.4214 0.8897 -0.1758
vn 0.8818 0.2047 -0.4249
vn -0.9305 0.0323 0.3650
vn 0.5619 -0.6391 -0.5252
vn -0.3615 -0.9279 0.0913
vn -0.8457 -0.5184 -0.1264
vn -0.6263 0.4902 0.6061
vn 0.3719 -0.8996 -0.2288
vn 0.3962 -0.8752 -0.2775
vn 0.5201 -0.6613 0.5405
vn -0.6594 0.2223 0.7181
vn -0.7605 -0.6479 0.0430
vn -0.8058 -0.5229 0.2780
vn 0.3549 0.7170 0.6000
vn 0.3602 -0.9098 -0.2062
vn 0.2399 -0.7137 -0.6581
vn -0.3273 -0.6941 -0.6412
vn 0.5924 -0.7196 -0.3623
vn -0.4782 0.8725 0.1008
vn -0.5581 -0.0420 0.8287
vn -0.9275 -0.0940 -0.3619
vn -0.9440 -0.2974 -0.1431
vn -0.2611 -0.0020 -0.9653
vn 0.4035 -0.9147 0.0233
vn 0.1884 -0.9638 -0.1885
vn -0.5811 0.6626 0.4725
vn -0.8155 0.5004 -0.2907
vn -0.7421 0.4213 -0.5213
vn -0.1597 0.9639 0.2130
vn -0.9890 0.1279 -0.0737
vn -0.9597 0.1453 -0.2406
vn -0.9891 0.1267 -0.0753
vn -0.9862 0.1634 0.0276
vn -0.5338 -0.8298 -0.1630
vn 0.5163 0.2282 -0.8255
vn 0.7501 0.6222 -0.2241
vn 0.6035 0.7972 -0.0174
vn 0.5275 0.4476 0.7220
vn -0.5970 0.7738 -0.2117
vn 0.0219 0.1291 -0.9914
vn -0.8562 -0.4549 -0.2450
vn -0.9932 0.0995 -0.0612
vn -0.4405 -0.5065 -0.7412
vn -0.8965 -0.3749 0.2361
vn -0.9925 0.0119 0.1218
vn -0.7708 0.3971 -0.4982
vn -0.2986 0.8519 0.4302
vn -0.8005 -0.4945 0.3387
vn -0.6616 -0.5814 0.4735
vn -0.6748 -0.7330 -0.0862
vn -0.8843 0.0587 0.4633
vn -0.9612 0.0348 0.2735
vn -0.8697 -0.4935 0.0119
vn -0.5866 -0.6738 0.4494
vn -0.4680 -0.8733 -0.1354
vn 0.8106 0.3872 -0.4394
vn 0.2503 0.2009 0.9471
vn 0.5803 -0.2978 -0.7580
vn -0.3120 0.1463 0.9388
vn -0.8414 0.5384 0.0465
vn -0.9388 0.2748 -0.2076
vn -0.9821 0.0464 0.1826
vn 0.1118 0.9892 0.0946
vn -0.5172 0.7672 0.3793
vn 0.0180 0.9793 0.2016
vn -0.9821 0.0982 -0.1608
vn -0.7676 0.0649 0.6376
vn -0.9156 -0.3481 0.2012
vn -0.9438 0.1736 0.2811
vn 0.0886 -0.6919 -0.7165
vn -0.3592 0.9206 0.1531
vn -0.7698 0.6239 -0.1344
vn -0.9591 0.2768 -0.0598
vn -0.4674 0.8745 -0.1298
vn -0.7987 -0.5661 -0.2039
vn -0.7866 -0.6164 -0.0366
vn -0.2587 -0.5955 0.7606
vn 0.1376 0.4673 -0.8733
vn -0.6318 0.7691 0.0964
vn -0.0297 -0.3099 0.9503
vn 0.3747 -0.1587 0.9135
vn -0.3347 -0.7908 -0.5125
vn 0.3414 0.3517 -0.8717
vn 0.4575 0.0076 -0.8892
vn -0.9924 0.0026 -0.1230
vn -0.7349 0.6573 -0.1670
vn -0.4489 0.6868 -0.5716
vn -0.3962 0.6190 -0.6781
vn -0.7673 0.4754 -0.4305
vn 0.3078 -0.9167 -0.2550
vn 0.3079 -0.9166 -0.2550
vn 0.3078 -0.9166 -0.2550
vn -0.0148 0.9739 -0.2263
vn -0.7109 0.6655 0.2276
vn -0.6999 0.7100 -0.0772
vn -0.9699 -0.0690 -0.2335
vn -0.8611 -0.0882 -0.5008
vn -0.8207 -0.0195 -0.5711
vn -0.2447 0.1625 -0.9559
vn -0.9662 -0.0209 -0.2568
vn -0.9267 0.3751 0.0234
vn 0.9726 0.1590 -0.1695
vn 0.9629 -0.1054 -0.2486
vn 0.9742 -0.1253 -0.1876
vn -0.2963 -0.8256 -0.4801
vn -0.5488 -0.0145 0.8359
vn -0.9162 0.1471 0.3727
vn -0.8039 -0.5937 -0.0355
vn -0.0254 0.5372 0.8431
vn -0.1299 0.6647 0.7357
vn 0.4655 0.5219 0.7148
vn -0.9832 0.0850 0.1618
vn -0.9520 0.0040 0.3061
vn -0.1725 0.4721 0.8645
vn -0.9337 -0.1390 0.3301
vn 0.6125 -0.7456 -0.2624
vn 0.4792 0.8163 0.3224
vn -0.5416 0.7188 -0.4358
vn -0.5824 0.1738 -0.7941
vn -0.5992 0.5503 -0.5815
vn 0.6882 -0.7251 0.0244
vn -0.9970 0.0589 0.0497
vn -0.6355 0.7479 -0.1919
vn -0.4292 0.8812 0.1981
vn -0.9820 -0.0009 -0.1891
vn -0.9676 0.1691 -0.1874
vn -0.9395 0.1690 -0.2978
vn 0.9711 0.0874 -0.2220
vn 0.8794 0.2773 -0.3870
vn -0.8472 0.5241 0.0874
vn -0.8752 0.4705 -0.1127
vn -0.1148 -0.8954 0.4303
vn -0.8064 -0.5542 -0.2063
vn 0.6635 -0.2825 0.6928
vn -0.8102 0.1077 0.5762
vn -0.9103 -0.0788 0.4064
vn -0.3628 -0.0231 0.9316
vn -0.8270 0.5492 -0.1203
vn 0.3077 -0.9167 -0.2550
vn 0.4003 -0.8365 0.3743
vn 0.2793 -0.9519 -0.1256
vn -0.2641 -0.2899 0.9199
vn 0.9016 -0.2653 0.3416
vn -0.7978 0.5984 -0.0732
vn -0.1046 0.8596 0.5001
vn -0.3465 -0.5996 -0.7214
vn -0.3680 -0.9296 0.0200
vn -0.5503 -0.8348 -0.0152
vn -0.7548 -0.0018 -0.6559
vn -0.9948 0.0272 -0.0978
vn -0.9828 -0.0294 -0.1821
vn 0.3874 0.9210 0.0404
vn -0.9312 0.0395 -0.3624
vn -0.9626 -0.1940 0.1889
vn -0.8617 0.2307 0.4520
vn -0.2672 0.9490 -0.1672
vn 0.1047 -0.5417 0.8340
vn -0.9494 0.1934 0.2476
vn -0.9982 0.0302 0.0523
vn -0.6992 -0.4825 0.5275
vn 0.2803 0.8055 -0.5221
vn -0.9852 -0.1562 0.0706
vn -0.8459 -0.0226 -0.5329
vn 0.4381 -0.5914 0.6770
vn -0.9118 0.0089 0.4105
vn -0.9185 0.0281 -0.3943
vn -0.9812 -0.0323 0.1902
vn -0.9254 -0.0195 -0.3786
vn -0.2958 0.9367 0.1873
vn -0.4029 -0.3751 -0.8348
vn -0.7399 -0.4989 0.4513
vn 0.8962 -0.0707 0.4379
vn 0.9288 -0.1033 0.3558
vn -0.6964 0.6170 -0.3666
vn -0.6617 -0.6368 0.3957
vn -0.4151 -0.6796 0.6049
vn -0.8834 -0.4129 0.2216
vn -0.4291 -0.4853 0.7618
vn -0.2452 0.4776 -0.8437
vn -0.7610 0.4793 -0.4372
vn -0.6123 0.0737 0.7872
vn -0.7607 0.5746 -0.3019
vn 0.6562 -0.7540 0.0298
vn -0.9531 -0.0086 0.3024
vn 0.7577 0.3015 0.5788
vn -0.9670 0.0207 0.2540
vn -0.7204 -0.5710 -0.3936
vn -0.5738 0.7696 0.2802
vn -0.9516 0.0876 0.2946
vn -0.9931 0.0936 0.0704
vn -0.9643 0.2375 -0.1175
vn -0.8581 0.4798 0.1828
vn -0.3559 0.1987 0.9132
vn -0.9651 0.0818 -0.2486
vn 0.2889 -0.6360 -0.7155
vn -0.8373 -0.2772 0.4712
vn -0.5880 -0.5910 0.5522
vn -0.9252 0.2861 -0.2493
vn -0.3231 0.9407 -0.1034
vn 0.3967 -0.1890 -0.8983
vn -0.2512 -0.1838 0.9503
vn -0.5975 0.7952 -0.1032
vn 0.3278 0.0619 0.9427
vn -0.9071 0.0459 -0.4183
vn -0.9416 0.0748 -0.3284
vn -0.9110 0.0084 0.4124
vn -0.9968 -0.0211 -0.0777
vn -0.7360 -0.1545 0.6592
vn 0.2795 -0.0954 0.9554
vn -0.9707 -0.1628 0.1768
vn -0.9042 -0.2535 -0.3439
vn -0.7139 0.6519 0.2556
vn -0.7748 0.0379 0.6311
vn 0.7399 0.6679 0.0802
vn -0.7633 0.5243 -0.3775
vn -0.3096 -0.9506 -0.0222
vn -0.5373 -0.0425 0.8423
vn -0.8269 0.2978 -0.4770
vn -0.9886 -0.0918 -0.1194
vn -0.9494 -0.1826 0.2554
vn -0.9067 0.0529 0.4183
vn -0.4299 -0.0939 -0.8980
vn 0.8148 -0.5298 -0.2352
vn -0.6389 0.7597 -0.1213
vn -0.9570 0.1545 0.2456
vn -0.9911 0.1327 0.0121
vn -0.9890 0.0109 0.1475
vn -0.9743 -0.0303 -0.2231
vn 0.4713 -0.2039 -0.8581
vn 0.2846 -0.2533 -0.9246
vn -0.7563 -0.2122 0.6188
vn -0.9713 -0.1624 0.1737
vn -0.5339 0.1956 0.8226
vn -0.9064 0.1249 0.4035
vn -0.4159 -0.7812 -0.4656
vn -0.3323 0.8557 0.3966
vn -0.6124 -0.5516 -0.5663
vn -0.4880 0.7108 -0.5065
vn 0.2955 0.8754 0.3825
vn -0.9589 -0.0241 0.2827
vn -0.9113 0.0462 0.4091
vn -0.9759 0.1372 -0.1694
vn -0.9880 0.0253 -0.1522
vn -0.8938 0.4075 0.1874
vn -0.9514 0.1500 -0.2688
vn -0.7037 0.5127 -0.4919
vn -0.8878 -0.0273 -0.4595
vn -0.9748 -0.1882 -0.1201
vn -0.9976 -0.0651 0.0243
vn -0.9806 0.0092 -0.1959
vn -0.7936 0.4414 -0.4188
vn -0.8528 0.1086 -0.5108
vn -0.9956 -0.0839 0.0425
vn 0.1224 0.9868 0.1060
vn -0.9979 -0.0116 0.0632
vn -0.7241 -0.2176 -0.6545
vn -0.7821 -0.4097 -0.4696
vn -0.9388 0.0522 -0.3406
vn -0.9787 -0.0182 0.2045
vn -0.9122 -0.0248 0.4089
vn -0.8952 0.0602 0.4416
vn -0.9550 -0.0023 -0.2966
vn -0.0995 0.5426 -0.8341
vn -0.3489 0.3358 0.8749
vn -0.2830 0.9361 0.2088
vn 0.1888 -0.3382 -0.9219
vn -0.7985 0.5681 0.1992
vn -0.2721 0.0514 0.9609
vn 0.1552 -0.9042 -0.3978
vn -0.9746 0.2156 -0.0604
vn -0.9001 0.0473 -0.4332
vn -0.7433 0.0617 -0.6661
vn -0.8656 0.3889 -0.3155
vn -0.8641 -0.0856 0.4960
vn -0.9942 0.0022 -0.1079
vn -0.5883 0.0243 0.8083
vn -0.9137 0.3865 -0.1257
vn -0.8490 0.0187 0.5281
vn -0.2129 -0.9677 0.1349
vn -0.0341 -0.6277 -0.7777
vn -0.3908 -0.9195 -0.0414
vn -0.5589 -0.7271 -0.3986
vn -0.2317 0.1162 -0.9658
vn -0.9310 -0.2314 0.2823
vn 0.5458 -0.2626 0.7957
vn -0.5981 -0.0284 0.8009
vn -0.8684 0.0547 -0.4928
vn -0.9762 -0.1725 -0.1318
vn -0.9745 0.0216 -0.2235
vn -0.3533 -0.2641 0.8975
vn 0.5603 0.0095 0.8282
vn -0.4291 -0.5107 0.7451
vn -0.0949 0.9953 0.0212
vn -0.4962 -0.5669 0.6575
vn -0.5816 0.3744 0.7222
vn -0.9535 0.0141 0.3011
vn 0.8072 -0.4866 0.3340
vn -0.9704 -0.2413 0.0054
vn -0.9991 0.0153 0.0402
vn -0.0086 0.9811 0.1933
vn -0.5136 -0.0189 -0.8578
vn -0.9258 -0.3669 -0.0906
vn 0.3724 -0.2517 -0.8933
vn -0.5474 0.6787 0.4896
vn -0.1876 0.6956 0.6935
vn -0.1268 -0.1426 -0.9816
vn -0.4923 0.7378 0.4619
vn -0.8086 -0.1442 0.5704
vn -0.9013 0.1119 0.4186
vn 0.4849 0.4100 -0.7725
vn -0.7826 0.3560 -0.5107
vn -0.7387 0.0702 -0.6704
vn -0.9363 -0.0114 -0.3511
vn -0.9726 -0.1545 -0.1736
vn -0.9701 -0.0382 -0.2398
vn -0.5426 -0.5087 0.6685
vn -0.3487 -0.5063 0.7887
vn 0.0909 0.5083 0.8564
vn -0.7848 -0.0100 0.6197
vn -0.6433 -0.0305 0.7650
vn -0.8215 0.5188 0.2364
vn -0.3290 0.5027 0.7994
vn -0.3863 0.6145 0.6879
vn 0.5844 0.4933 0.6443
vn -0.3722 0.8463 -0.3811
vn -0.5514 -0.8335 -0.0358
vn -0.3383 -0.0412 -0.9401
vn -0.8594 -0.0001 -0.5113
vn -0.4464 0.6293 -0.6362
vn -0.2922 0.9086 -0.2983
vn -0.8135 -0.0179 -0.5813
vn 0.3589 -0.6420 -0.6775
vn -0.7545 0.0347 -0.6553
vn -0.3986 0.5104 -0.7619
vn 0.3118 0.9227 0.2267
vn -0.9658 0.0817 0.2462
vn -0.9360 0.1255 0.3288
vn -0.9880 0.1290 0.0854
vn -0.6525 0.6821 -0.3301
vn 0.2951 0.8701 -0.3947
vn -0.9005 0.0980 0.4237
vn -0.3669 -0.5935 0.7163
vn -0.5345 -0.3824 0.7537
vn -0.5135 -0.3943 0.7621
vn -0.9683 -0.0852 0.2346
vn -0.9884 -0.1515 -0.0146
vn -0.9645 -0.1827 -0.1906
vn -0.8910 0.0040 0.4539
vn -0.1852 -0.1478 -0.9715
vn -0.3589 0.9296 0.0839
vn -0.6652 0.2096 0.7166
vn -0.8196 -0.1300 -0.5580
vn -0.0517 0.7529 0.6561
vn -0.9016 0.1104 -0.4183
vn -0.6594 -0.6210 0.4239
vn -0.9109 0.3771 0.1676
vn -0.7189 -0.0260 -0.6947
vn -0.8679 0.0404 -0.4951
vn -0.8911 0.0902 0.4447
vn 0.0364 0.9412 -0.3359
vn 0.4968 0.8118 -0.3070
vn 0.5015 0.8538 -0.1397
vn 0.5015 0.8538 -0.1396
vn 0.5789 0.4374 -0.6882
vn -0.7937 -0.6064 0.0482
vn -0.5713 -0.8056 0.1571
vn -0.5506 -0.8198 0.1573
vn -0.7400 -0.1493 0.6558
vn -0.9224 0.0347 0.3846
vn -0.6974 -0.0773 0.7125
vn -0.8902 -0.0239 -0.4550
vn -0.4874 0.2755 -0.8286
vn -0.3829 0.6889 0.6155
vn 0.1657 0.8946 -0.4151
vn -0.1891 0.9527 0.2379
vn -0.7415 0.6378 0.2083
vn -0.6140 -0.4777 0.6283
vn -0.1786 -0.1615 0.9706
vn 0.5972 0.4534 -0.6616
vn 0.3432 0.6179 -0.7074
vn 0.9011 -0.0498 -0.4307
vn -0.8645 0.0280 -0.5019
vn -0.6073 -0.7428 0.2819
vn -0.9927 -0.1015 0.0652
vn 0.3498 -0.5274 -0.7743
vn 0.5340 -0.3764 -0.7571
vn 0.3193 -0.0302 -0.9472
vn -0.7123 -0.1562 -0.6843
vn 0.4954 0.8686 -0.0132
vn -0.6679 -0.2489 -0.7014
vn 0.5434 -0.3203 0.7760
vn -0.8307 0.2128 0.5145
vn -0.6547 0.2678 -0.7069
vn -0.7429 -0.5083 -0.4356
vn -0.6798 -0.2413 0.6926
vn -0.7489 0.5077 -0.4258
vn -0.3730 -0.9266 0.0478
vn -0.7099 -0.6947 0.1162
vn -0.0731 -0.2832 0.9563
vn 0.4419 -0.1008 0.8914
vn 0.4770 0.1165 0.8712
vn -0.6316 -0.6437 0.4322
vn 0.5188 -0.8476 -0.1115
vn -0.7688 0.6179 0.1649
vn 0.2073 0.4937 -0.8446
vn -0.8790 -0.0607 0.4730
vn -0.4598 0.2620 0.8485
vn -0.8402 0.0296 0.5414
vn -0.0119 -0.0163 -0.9998
vn 0.8886 -0.0737 0.4528
vn -0.1159 -0.8990 -0.4223
vn -0.6060 0.3524 0.7131
vn -0.6747 0.0177 0.7379
vn -0.9749 0.2008 0.0961
vn -0.7502 -0.6475 0.1342
vn -0.2374 -0.5093 0.8272
vn -0.0996 0.2086 0.9729
vn -0.8305 0.5333 0.1610
vn -0.9672 0.2514 -0.0375
vn -0.5542 -0.0841 -0.8281
vn -0.5450 0.7236 -0.4235
vn -0.9065 0.0427 0.4200
vn -0.0216 -0.2625 -0.9647
vn 0.2166 0.7673 -0.6036
vn 0.3691 0.7113 -0.5982
vn -0.9035 -0.3550 -0.2400
vn -0.9967 -0.0520 0.0619
vn -0.8727 0.2021 -0.4444
vn -0.5276 -0.0557 0.8477
vn -0.9921 0.0308 -0.1215
vn -0.7281 -0.5290 0.4360
vn -0.8333 -0.3676 0.4129
vn 0.0686 0.9697 -0.2343
vn -0.8555 0.0573 -0.5147
vn -0.4594 0.7712 -0.4407
vn 0.0940 -0.1964 0.9760
vn -0.6687 -0.0640 0.7408
vn 0.2753 0.2671 -0.9235
vn -0.8788 0.0849 0.4696
vn -0.8444 0.1296 0.5198
vn -0.6318 0.1440 0.7616
vn -0.8204 0.0243 -0.5713
vn -0.8874 -0.4299 0.1664
vn -0.8991 0.0418 0.4356
vn -0.8937 -0.0427 0.4466
vn -0.3772 0.8230 -0.4247
vn -0.8008 -0.3065 0.5146
vn -0.2862 0.8954 -0.3412
vn 0.1076 -0.1999 0.9739
vn -0.3945 -0.9075 0.1443
vn 0.2901 0.9533 -0.0841
vn -0.7638 0.0018 -0.6454
vn 0.3805 0.9052 -0.1893
vn -0.7846 0.1562 0.6000
vn -0.9803 0.1334 -0.1456
vn -0.7310 -0.2586 -0.6315
vn -0.9364 0.3179 0.1485
vn -0.4727 -0.3452 -0.8108
vn -0.7333 0.4153 -0.5384
vn -0.9742 -0.1287 -0.1853
vn -0.8806 -0.4120 0.2340
vn 0.2166 -0.5952 0.7738
vn -0.4899 -0.0833 0.8678
vn -0.9434 -0.0203 0.3310
vn 0.0765 0.3144 0.9462
vn -0.4865 0.7071 0.5132
vn 0.7895 -0.6137 -0.0012
vn 0.3062 0.6870 -0.6590
vn -0.0818 0.7032 0.7063
vn 0.9450 0.0425 0.3242
vn 0.6539 0.2104 -0.7267
vn -0.1736 0.5253 -0.8330
vn 0.6669 0.1998 -0.7179
vn -0.3667 0.3487 0.8625
vn -0.7152 -0.4459 0.5382
vn -0.8359 -0.2233 0.5013
vn -0.8650 -0.2098 0.4558
vn -0.8395 0.0195 -0.5431
vn -0.6539 -0.2643 -0.7089
vn -0.3952 0.0585 0.9167
vn -0.0565 -0.8138 -0.5784
vn 0.0577 0.0290 0.9979
vn 0.2395 0.2522 0.9376
vn -0.0461 -0.0449 0.9979
vn -0.5594 -0.6902 -0.4590
vn -0.5445 -0.3956 -0.7396
vn 0.4919 -0.3239 -0.8082
vn -0.8238 -0.1571 0.5447
vn -0.8502 -0.2743 0.4493
vn 0.0190 0.0120 0.9997
vn 0.0152 0.0221 0.9996
vn 0.0169 -0.0272 0.9995
vn -0.7217 -0.2099 0.6596
vn -0.5390 0.6969 -0.4732
vn 0.6725 0.7127 0.1995
vn -0.7511 0.0930 0.6536
vn -0.9669 -0.2405 0.0855
vn 0.8879 0.4449 -0.1169
vn 0.6245 0.7072 0.3314
vn -0.9171 -0.1638 0.3634
vn -0.6220 -0.2033 0.7561
vn -0.6321 0.4409 0.6373
vn -0.7970 0.4894 0.3541
vn -0.9356 -0.0468 -0.3499
vn -0.6748 -0.6820 -0.2821
vn -0.5319 0.3235 -0.7826
vn -0.8613 0.0196 -0.5077
vn -0.7512 -0.6508 -0.1104
vn -0.9900 0.1369 0.0352
vn -0.6538 0.2737 0.7054
vn -0.7996 0.1106 0.5903
vn -0.1446 -0.5291 -0.8362
vn 0.0532 0.9919 0.1152
vn -0.6365 -0.5417 -0.5490
vn -0.7366 -0.0596 0.6737
vn -0.3187 -0.7624 0.5632
vn -0.5821 0.0486 0.8116
vn -0.3416 -0.4180 -0.8418
vn -0.9711 0.0730 0.2274
vn -0.9125 0.0418 0.4069
vn -0.9990 -0.0244 -0.0363
vn 0.5893 0.3000 0.7502
vn -0.4411 0.6572 0.6112
vn -0.7774 0.5578 0.2908
vn -0.2251 0.8705 -0.4377
vn 0.2200 0.0405 0.9747
vn 0.0435 0.9795 0.1967
vn 0.2750 0.9520 0.1346
vn 0.3064 0.9396 0.1529
vn -0.7562 -0.0478 -0.6526
vn -0.7399 0.0230 -0.6724
vn 0.2609 0.6636 -0.7012
vn 0.1794 -0.7256 -0.6643
vn -0.0971 0.7910 -0.6041
vn -0.6655 0.2893 -0.6881
vn -0.0542 -0.0059 0.9985
vn -0.6907 -0.0240 -0.7227
vn 0.3917 -0.4540 -0.8003
vn -0.6461 -0.4096 -0.6440
vn -0.5484 0.3464 0.7611
vn -0.7698 0.2017 0.6056
vn -0.7579 0.4469 -0.4753
vn 0.7709 0.6365 -0.0250
vn -0.3882 -0.5798 0.7163
vn -0.6750 0.6820 -0.2815
vn 0.4100 0.6030 -0.6843
vn -0.8635 0.1079 -0.4927
vn -0.6347 -0.0416 0.7716
vn 0.4697 0.7855 -0.4030
vn -0.8107 0.0658 0.5818
vn -0.7256 0.0227 -0.6877
vn 0.7051 -0.5748 0.4151
vn -0.4969 -0.1941 -0.8458
vn -0.6835 0.2376 -0.6902
vn -0.7940 0.3629 0.4877
vn -0.1142 -0.9836 -0.1395
vn -0.4584 -0.1881 0.8686
vn -0.4695 0.8815 -0.0506
vn -0.7349 0.4000 -0.5477
vn -0.1049 -0.9944 0.0160
vn -0.1650 0.9862 -0.0114
vn -0.7307 0.0577 0.6803
vn -0.3771 -0.2974 0.8771
vn -0.4362 -0.4658 0.7699
vn -0.6378 -0.6321 -0.4400
vn -0.4025 0.6855 -0.6067
vn -0.7107 0.0384 -0.7024
vn -0.8070 0.1875 -0.5601
vn -0.7772 0.4086 0.4786
vn -0.7221 0.4008 0.5639
vn -0.9719 -0.2330 -0.0319
vn -0.7488 0.0098 0.6627
vn 0.5255 -0.5180 -0.6749
vn -0.9781 -0.0384 0.2044
vn 0.5202 0.6830 -0.5127
vn 0.5274 -0.0365 -0.8488
vn -0.4000 -0.7688 -0.4989
vn -0.8058 0.0364 0.5911
vn -0.7962 0.3385 0.5015
vn -0.9731 -0.1891 -0.1315
vn -0.5679 0.6825 -0.4601
vn -0.6300 -0.0097 0.7765
vn 0.4447 -0.0939 0.8908
vn -0.5791 0.0762 -0.8117
vn 0.6919 -0.0323 0.7212
vn 0.5670 0.0398 0.8228
vn 0.6741 -0.0517 0.7368
vn 0.2711 -0.3383 -0.9012
vn -0.0803 -0.0000 0.9968
vn 0.4146 0.8286 -0.3761
vn 0.2713 0.0808 0.9591
vn -0.0839 -0.2738 -0.9581
vn 0.0129 -0.6099 -0.7924
vn 0.2207 0.2531 0.9419
vn 0.1371 0.1365 0.9811
vn 0.2813 -0.3331 -0.8999
vn -0.2347 -0.7843 -0.5743
vn -0.7386 -0.0275 0.6736
vn -0.7545 -0.0917 -0.6498
vn -0.9939 0.0862 0.0689
vn -0.9923 0.1184 0.0370
vn 0.6111 -0.0514 -0.7899
vn -0.1530 0.8540 -0.4972
vn -0.7736 0.5370 -0.3365
vn -0.6703 0.5501 -0.4981
vn -0.3122 -0.9055 0.2874
vn -0.8178 -0.4941 -0.2951
vn -0.6085 0.0058 0.7935
vn -0.6550 -0.1117 0.7473
vn 0.9827 0.1483 0.1111
vn 0.1222 0.3332 0.9349
vn -0.1518 0.0299 0.9880
vn -0.3835 0.0045 0.9235
vn -0.7495 -0.3855 0.5381
vn -0.4959 0.5794 0.6468
vn 0.0243 0.9398 -0.3407
vn -0.7339 0.0193 -0.6790
vn -0.1924 -0.0242 0.9810
vn -0.8862 0.2169 0.4093
vn -0.6203 0.4794 -0.6208
vn -0.9272 0.1880 -0.3239
vn -0.5124 0.8377 0.1889
vn -0.1423 -0.6850 -0.7145
vn 0.8890 -0.4548 0.0529
vn -0.9709 -0.1434 -0.1918
vn -0.0280 0.2680 0.9630
vn 0.2669 -0.9185 -0.2917
vn 0.1338 0.0812 0.9877
vn 0.4940 0.4497 -0.7441
vn -0.3677 0.0559 0.9283
vn -0.0831 0.5290 0.8445
vn -0.4552 0.4971 0.7387
vn -0.6462 0.7616 0.0497
vn -0.8052 0.5594 -0.1968
vn 0.8851 0.4458 -0.1334
vn -0.8660 0.1083 -0.4881
vn -0.9453 -0.3059 0.1136
vn -0.5692 0.0907 0.8172
vn -0.3904 0.4448 -0.8060
vn 0.5383 0.3194 -0.7799
vn 0.6370 -0.0876 -0.7659
vn -0.8211 -0.0844 0.5645
vn -0.1646 -0.9636 0.2107
vn -0.4127 -0.8118 -0.4131
vn 0.1923 0.9811 -0.0204
vn -0.9140 0.2045 0.3504
vn 0.2855 0.7923 0.5392
vn -0.0671 0.9808 -0.1831
vn -0.1204 -0.0759 0.9898
vn -0.6171 0.3323 0.7132
vn 0.9424 -0.0244 -0.3336
vn -0.9631 -0.0463 0.2653
vn -0.8623 -0.1264 -0.4904
vn -0.2492 -0.6254 -0.7394
vn -0.5642 -0.6928 -0.4490
vn -0.4753 0.3017 -0.8265
vn -0.6280 0.7779 0.0215
vn -0.4182 -0.6471 0.6375
vn -0.5691 0.0688 0.8194
vn 0.6201 0.6281 0.4700
vn -0.3783 0.8858 -0.2688
vn -0.5516 -0.6092 0.5698
vn -0.7522 -0.5502 0.3626
vn -0.3998 -0.3611 -0.8425
vn -0.7363 0.1879 0.6501
vn -0.6243 0.1557 0.7655
vn -0.6833 0.4641 -0.5637
vn -0.5623 0.5038 -0.6558
vn -0.8437 -0.4166 -0.3386
vn 0.0564 0.1085 0.9925
vn 0.0263 -0.1207 -0.9923
vn -0.0840 0.6173 0.7822
vn -0.7625 0.0811 -0.6418
vn -0.6200 -0.7839 -0.0330
vn -0.7333 0.0348 -0.6790
vn -0.6335 -0.0913 -0.7683
vn -0.5923 0.0904 -0.8006
vn -0.1508 0.9080 0.3909
vn -0.5409 -0.8390 0.0584
vn 0.6380 0.7671 -0.0673
vn -0.6243 0.7639 -0.1634
vn -0.9632 -0.2632 0.0543
vn -0.7778 -0.5537 0.2974
vn -0.9479 -0.2591 0.1852
vn -0.9466 -0.2717 -0.1733
vn 0.6321 -0.2744 0.7247
vn 0.4243 -0.6074 0.6716
vn -0.6226 0.0741 0.7790
vn -0.6020 -0.0230 0.7982
vn -0.5886 0.1999 0.7833
vn -0.9435 -0.0595 0.3260
vn -0.9556 -0.1316 -0.2636
vn -0.4261 -0.0885 0.9003
vn -0.7052 -0.1797 0.6858
vn 0.8203 0.1544 0.5507
vn -0.9474 -0.3134 -0.0652
vn 0.6426 0.0957 -0.7602
vn -0.6206 0.4742 -0.6245
vn -0.2293 -0.9225 -0.3105
vn 0.8717 -0.1691 -0.4599
vn 0.5405 -0.7010 -0.4653
vn -0.5433 -0.7778 0.3159
vn -0.6787 -0.0192 -0.7342
vn -0.8138 -0.5483 -0.1929
vn -0.5694 0.2694 -0.7767
vn -0.4477 0.5945 0.6679
vn 0.0038 -0.9898 -0.1425
vn 0.3808 0.9246 0.0089
vn -0.9990 0.0319 0.0310
vn -0.7375 -0.3933 0.5490
vn -0.7823 0.0358 -0.6219
vn 0.7334 0.6351 -0.2424
vn -0.3298 0.7241 -0.6058
vn -0.3414 -0.6369 0.6913
vn 0.0338 0.9221 -0.3855
vn 0.1800 0.6462 0.7416
vn 0.7520 -0.5236 0.4004
vn -0.6663 -0.1195 0.7361
vn -0.0843 0.9042 0.4186
vn -0.2878 -0.6977 -0.6561
vn -0.4698 -0.3484 -0.8111
vn -0.1785 -0.4154 -0.8919
vn 0.5113 0.5062 0.6945
vn -0.1956 0.0134 -0.9806
vn 0.6357 0.1324 0.7605
vn -0.2829 0.4373 -0.8537
vn -0.0828 -0.1284 0.9883
vn -0.9194 0.0025 -0.3934
vn -0.4076 0.3733 -0.8334
vn -0.4268 0.8198 -0.3817
vn -0.2855 0.0845 -0.9546
vn -0.7007 -0.5690 -0.4304
vn -0.8681 -0.4053 0.2865
vn -0.7626 0.3193 -0.5625
vn 0.5618 -0.8224 0.0895
vn 0.1033 0.0135 -0.9946
vn -0.4071 0.7175 0.5652
vn -0.3853 0.7145 -0.5840
vn 0.6280 0.5016 0.5950
vn -0.6911 0.3316 0.6422
vn -0.3246 0.3443 0.8810
vn -0.1672 0.8657 0.4718
vn -0.7036 0.4631 0.5390
vn -0.5484 0.0664 -0.8336
vn -0.4482 -0.0296 0.8934
vn -0.4186 0.8601 -0.2914
vn -0.9467 -0.2829 0.1542
vn -0.6454 0.0865 0.7589
vn 0.4045 0.4775 0.7799
vn 0.6784 -0.1041 0.7273
vn -0.5495 -0.3015 0.7792
vn -0.9707 0.1341 0.1993
vn -0.9206 0.0681 0.3845
vn -0.3944 -0.1901 -0.8991
vn -0.1872 0.5335 -0.8248
vn -0.6793 -0.1345 -0.7214
vn 0.2686 0.4367 -0.8586
vn 0.7213 -0.3558 0.5942
vn -0.7322 0.1995 0.6512
vn -0.3809 0.8718 0.3079
vn 0.8492 0.3730 0.3739
vn -0.7397 -0.1388 0.6585
vn -0.7403 0.0017 -0.6722
vn 0.7561 0.0864 -0.6487
vn 0.8017 0.0020 -0.5977
vn -0.6276 0.0634 -0.7759
vn -0.6714 -0.1176 -0.7317
vn -0.4843 0.3496 0.8020
vn -0.9328 -0.3569 -0.0508
vn -0.3175 0.9455 0.0722
vn -0.2018 0.9565 0.2107
vn 0.4510 0.7970 -0.4017
vn -0.5494 -0.0421 0.8345
vn -0.4731 0.6788 -0.5615
vn 0.1531 0.7308 0.6652
vn 0.2818 -0.1095 -0.9532
vn -0.6451 -0.6933 0.3212
vn 0.0497 -0.9466 -0.3184
vn 0.1481 0.9304 0.3352
vn -0.0558 -0.9294 0.3649
vn -0.4772 -0.4040 -0.7804
vn 0.3148 0.7487 0.5833
vn -0.9397 -0.2448 -0.2388
vn -0.5654 0.0307 -0.8242
vn -0.9670 0.0641 -0.2464
vn 0.0854 0.8310 -0.5497
vn -0.4695 -0.0900 0.8783
vn 0.5560 0.7792 -0.2893
vn -0.8577 0.4690 0.2107
vn -0.8646 0.1214 0.4875
vn -0.9212 -0.2186 -0.3220
vn 0.1721 0.6541 -0.7366
vn -0.6139 0.5873 0.5275
vn 0.2954 -0.1032 0.9498
vn 0.5194 0.1572 -0.8400
vn -0.3267 -0.8770 0.3522
vn 0.6710 -0.2110 -0.7107
vn 0.0582 0.8016 0.5950
vn -0.5650 0.0697 0.8221
vn -0.9908 -0.1350 0.0057
vn -0.8612 -0.1291 0.4916
vn -0.1174 0.0081 -0.9930
vn -0.1173 0.0083 -0.9931
vn -0.1235 -0.0019 -0.9923
vn -0.1159 0.0106 -0.9932
vn 0.8986 0.3965 0.1879
vn 0.3385 0.9152 0.2186
vn -0.5945 0.1548 0.7891
vn -0.7927 0.0409 0.6083
vn 0.4962 0.7790 -0.3833
vn -0.7913 -0.6035 -0.0986
vn -0.2493 0.1742 -0.9526
vn -0.4560 -0.8864 0.0796
vn -0.9542 -0.1283 0.2704
vn 0.2000 0.8896 0.4105
vn -0.6195 -0.3024 0.7244
vn -0.6981 -0.6476 0.3055
vn -0.6895 -0.1558 0.7074
vn -0.4075 -0.5836 -0.7024
vn -0.6318 0.3858 0.6723
vn -0.5402 -0.5675 0.6213
vn -0.1071 -0.8279 0.5505
vn -0.5089 -0.4862 0.7104
vn -0.6061 0.4221 -0.6741
vn 0.8489 0.3378 -0.4065
vn -0.5100 -0.0730 0.8571
vn -0.9019 0.2139 0.3753
vn -0.4502 0.7845 0.4265
vn -0.1929 0.9775 0.0849
vn -0.9513 0.1409 -0.2742
vn 0.1833 -0.0704 -0.9805
vn -0.9198 0.0346 -0.3909
vn -0.9161 0.0105 -0.4009
vn -0.9288 -0.0257 -0.3698
vn -0.5634 0.0460 -0.8249
vn -0.1679 -0.4140 0.8947
vn -0.5078 -0.0210 -0.8612
vn -0.6365 0.0043 -0.7713
vn -0.6853 0.0010 0.7282
vn -0.7723 -0.0384 0.6341
vn -0.9428 -0.2392 -0.2324
vn -0.8635 -0.4909 -0.1159
vn 0.1091 0.1483 -0.9829
vn 0.2546 0.9373 -0.2379
vn -0.7155 0.4660 -0.5204
vn -0.8711 -0.2782 -0.4046
vn -0.4393 0.5691 -0.6951
vn -0.2218 0.5933 0.7738
vn -0.0250 0.9974 -0.0677
vn -0.5140 0.6924 -0.5063
vn -0.4386 0.6434 -0.6274
vn -0.2513 0.4715 0.8453
vn 0.7076 0.1150 -0.6972
vn -0.4819 0.8551 0.1911
vn -0.5451 -0.4472 -0.7091
vn -0.4412 -0.0428 0.8964
vn -0.8977 0.0100 0.4405
vn -0.9011 -0.4007 -0.1656
vn -0.9391 -0.1758 -0.2953
vn -0.9513 -0.0030 0.3084
vn -0.4738 -0.6191 -0.6263
vn 0.7097 0.5275 0.4670
vn -0.1961 -0.0516 -0.9792
vn -0.1322 0.9836 0.1227
vn -0.0460 0.5753 -0.8167
vn -0.0314 -0.9973 0.0660
vn 0.4490 -0.8463 -0.2865
vn -0.8484 -0.5152 0.1213
vn -0.8437 0.3024 -0.4435
vn -0.4829 -0.1745 0.8581
vn 0.0947 -0.0809 -0.9922
vn -0.1840 0.0949 0.9783
vn -0.3074 0.0587 0.9498
vn -0.6183 0.3608 0.6982
vn -0.9375 -0.0768 0.3395
vn -0.8759 0.2369 0.4204
vn 0.0910 -0.0103 0.9958
vn -0.9805 0.0355 0.1931
vn 0.4028 0.9107 -0.0909
vn 0.5476 0.8367 0.0096
vn -0.0862 0.3938 0.9152
vn -0.0729 -0.8860 0.4579
vn -0.9704 0.2292 -0.0755
vn -0.9029 0.0152 0.4295
vn -0.8011 0.4566 -0.3869
vn -0.4863 -0.0581 0.8719
vn 0.6315 0.1727 0.7559
vn -0.7066 -0.6334 -0.3155
vn -0.7833 0.5830 -0.2157
vn -0.2596 -0.5804 -0.7719
vn -0.3231 0.8125 0.4851
vn -0.2631 -0.5784 -0.7722
vn 0.7694 0.6242 0.1354
vn 0.6744 0.6154 0.4080
vn -0.3605 -0.0137 0.9327
vn -0.2137 0.6448 0.7339
vn 0.0415 -0.3726 -0.9271
vn -0.5885 0.2306 0.7749
vn -0.0422 0.9069 0.4193
vn -0.5544 0.0745 0.8289
vn -0.7366 0.0982 -0.6691
vn -0.4082 0.6159 0.6738
vn -0.5632 0.0219 -0.8260
vn -0.4878 0.4339 -0.7575
vn 0.4685 -0.6730 0.5723
vn -0.8487 0.0593 -0.5255
vn -0.9973 0.0237 0.0690
vn -0.9493 0.1734 -0.2623
vn -0.8467 -0.0721 -0.5272
vn -0.8796 -0.0034 -0.4756
vn 0.6343 -0.0290 0.7726
vn -0.4770 0.6308 -0.6120
vn 0.1182 -0.8394 0.5304
vn -0.6724 -0.0058 -0.7402
vn -0.7901 0.0069 -0.6129
vn 0.7960 0.0439 -0.6038
vn 0.4705 0.2828 0.8358
vn -0.5025 -0.5673 -0.6525
vn 0.3142 0.1027 -0.9438
vn 0.4242 0.1164 -0.8980
vn -0.1206 0.0455 -0.9917
vn -0.5422 0.0291 -0.8397
vn 0.1065 -0.7462 0.6572
vn -0.3233 0.1979 0.9254
vn -0.5238 0.1085 0.8449
vn -0.1938 0.0014 0.9810
vn 0.2138 -0.3169 -0.9241
vn -0.1935 -0.3039 -0.9328
vn -0.7881 -0.6137 -0.0476
vn -0.5437 -0.2939 0.7861
vn -0.4201 -0.6517 0.6315
vn -0.7703 -0.5675 0.2908
vn -0.7625 -0.2255 0.6064
vn -0.5834 -0.2220 0.7813
vn -0.3250 -0.3518 -0.8778
vn -0.3263 -0.4532 -0.8295
vn 0.3584 0.8354 -0.4167
vn -0.6063 -0.5015 -0.6172
vn -0.0202 0.9952 -0.0953
vn -0.9438 0.1516 -0.2937
vn -0.5347 0.5799 0.6146
vn -0.5046 -0.0436 -0.8623
vn -0.1485 -0.9687 -0.1987
vn -0.7859 0.4015 -0.4702
vn -0.3262 -0.7678 0.5514
vn -0.7698 0.2764 0.5753
vn 0.2766 -0.3227 -0.9052
vn -0.5720 0.7028 0.4228
vn 0.3966 0.8122 0.4279
vn -0.5130 0.3535 0.7822
vn -0.7128 0.5632 -0.4180
vn -0.6497 -0.1188 0.7508
vn 0.5429 -0.2773 0.7927
vn -0.6301 0.3853 0.6742
vn -0.6194 -0.7842 0.0357
vn -0.9796 -0.1737 -0.1014
vn -0.6783 0.3042 0.6689
vn -0.4795 -0.2839 0.8303
vn 0.0425 -0.9525 0.3014
vn -0.1001 -0.4580 -0.8833
vn 0.1528 0.9650 0.2131
vn 0.7508 0.1797 0.6356
vn 0.0966 0.7743 0.6253
vn -0.3552 -0.8223 -0.4445
vn -0.4554 -0.2761 -0.8464
vn -0.7079 0.6887 0.1566
vn 0.1513 0.5400 -0.8280
vn -0.1603 -0.5524 -0.8180
vn 0.0015 -0.9995 -0.0306
vn -0.4901 0.4131 -0.7676
vn 0.0586 0.9474 -0.3145
vn -0.1442 0.9634 0.2259
vn -0.5795 0.7774 0.2447
vn -0.8813 -0.4555 0.1260
vn -0.3489 0.0120 0.9371
vn 0.6588 -0.0599 0.7499
vn -0.5777 0.3169 -0.7522
vn -0.7736 0.4772 0.4170
vn -0.6424 0.0105 0.7663
vn 0.5860 0.2104 -0.7825
vn -0.5040 -0.0139 0.8636
vn -0.6226 0.2629 -0.7371
vn -0.6181 0.5495 -0.5622
vn 0.1225 -0.9849 -0.1227
vn -0.0555 -0.8326 0.5511
vn -0.1542 -0.1115 0.9817
vn 0.6754 -0.3957 -0.6223
vn -0.5553 0.0131 0.8315
vn -0.2009 -0.3141 0.9279
vn 0.0271 -0.8939 0.4474
vn -0.4183 -0.4762 -0.7735
vn -0.0401 -0.1407 -0.9892
vn -0.4448 -0.8174 0.3662
vn -0.2602 -0.4102 0.8741
vn -0.5509 -0.2071 0.8085
vn -0.4798 -0.0798 0.8737
vn 0.5511 0.6569 0.5146
vn -0.2760 -0.0543 0.9596
vn 0.0550 0.8686 -0.4925
vn -0.8191 0.2439 -0.5192
vn 0.8293 -0.5583 -0.0227
vn -0.4401 0.2063 0.8739
vn -0.7419 -0.3296 -0.5839
vn -0.3336 0.3596 0.8715
vn -0.1055 0.3540 0.9293
vn 0.1795 -0.7908 0.5852
vn 0.1730 0.1409 -0.9748
vn -0.2918 -0.5218 0.8016
vn -0.2402 -0.7471 0.6198
vn 0.6437 -0.5850 0.4934
vn -0.4513 -0.1196 0.8843
vn -0.2993 -0.1309 0.9451
vn -0.3238 0.4042 0.8555
vn 0.6213 0.3769 0.6870
vn -0.6297 -0.7591 0.1652
vn -0.7214 -0.3566 -0.5936
vn 0.5016 0.8184 0.2804
vn -0.5747 -0.7614 0.3000
vn -0.5441 -0.2462 -0.8021
vn 0.8194 -0.4095 -0.4011
vn 0.5438 -0.3193 0.7761
vn 0.6967 0.0719 -0.7138
vn 0.6202 -0.4133 0.6668
vn 0.0503 -0.7454 0.6647
vn 0.3512 -0.4942 0.7953
vn -0.5277 0.0397 -0.8485
vn -0.4260 0.0287 0.9042
vn 0.2355 -0.8826 0.4070
vn -0.4949 -0.3973 0.7728
vn -0.1947 0.9715 0.1353
vn -0.4088 0.5717 0.7113
vn 0.0509 -0.8950 -0.4432
vn -0.4388 -0.0450 0.8975
vn -0.7526 -0.2459 -0.6108
vn 0.6415 -0.5802 0.5018
vn -0.5641 0.0057 0.8257
vn -0.4858 0.3512 -0.8004
vn -0.3380 0.9047 0.2593
vn -0.1839 0.2360 0.9542
vn 0.5720 -0.7382 0.3575
vn 0.7904 -0.2987 -0.5347
vn -0.9383 0.0255 -0.3448
vn 0.0760 -0.0784 -0.9940
vn -0.4020 -0.1150 0.9084
vn -0.9740 -0.1757 0.1430
vn -0.0061 0.9724 0.2334
vn -0.2405 -0.0582 -0.9689
vn -0.2703 0.6398 0.7194
vn 0.1034 0.1837 -0.9775
vn 0.3536 -0.0932 0.9307
vn -0.1605 0.9870 0.0043
vn -0.6264 0.6991 -0.3449
vn -0.1263 0.9503 -0.2845
vn -0.4538 0.2969 0.8402
vn -0.3794 0.1830 0.9070
vn -0.4486 0.2555 0.8564
vn -0.6062 0.1937 0.7714
vn -0.2718 0.3524 -0.8955
vn -0.1668 -0.1157 -0.9792
vn -0.0462 -0.3949 -0.9176
vn -0.6123 0.2101 0.7622
vn 0.1005 -0.2705 0.9575
vn 0.5395 -0.8039 0.2504
vn -0.4623 -0.2952 -0.8362
vn 0.2764 0.5858 -0.7618
vn 0.5569 0.6998 0.4473
vn -0.5811 0.7735 -0.2532
vn -0.4051 0.1347 0.9043
vn -0.5528 -0.7946 0.2510
vn -0.5081 0.6519 -0.5630
vn -0.3437 0.3632 0.8660
vn 0.5392 0.5509 -0.6370
vn -0.0884 -0.4862 -0.8694
vn -0.3682 0.0315 -0.9292
vn -0.1650 0.7870 -0.5945
vn -0.3762 -0.3520 0.8571
vn -0.6239 0.7252 0.2913
vn -0.8791 0.0887 0.4683
vn -0.7275 0.4534 0.5150
vn -0.3174 0.1749 0.9320
vn 0.9808 -0.0653 -0.1835
vn -0.4798 -0.1316 -0.8675
vn -0.1771 0.0845 0.9806
vn -0.3931 -0.9061 -0.1563
vn -0.2603 0.9633 -0.0656
vn 0.4718 -0.1293 -0.8722
vn -0.8646 -0.2612 -0.4292
vn 0.3156 -0.7864 0.5310
vn -0.8894 -0.4178 0.1856
vn 0.2943 0.9523 -0.0802
vn 0.1378 0.8817 -0.4512
vn -0.2788 -0.9603 0.0072
vn -0.4850 -0.0051 -0.8745
vn 0.0057 -0.6761 0.7367
vn -0.8803 -0.3801 0.2838
vn -0.1330 0.8775 0.4607
vn 0.0863 -0.9261 0.3673
vn -0.7431 0.0680 0.6657
vn -0.2630 -0.1455 0.9538
vn -0.4305 0.0995 -0.8971
vn -0.6079 -0.1247 0.7842
vn -0.5268 0.1466 0.8373
vn -0.0738 -0.0224 0.9970
vn -0.8755 -0.4355 0.2095
vn 0.4312 -0.2188 -0.8753
vn -0.4975 0.2251 -0.8378
vn -0.9423 0.2263 0.2468
vn -0.9676 0.0576 -0.2458
vn -0.9804 -0.0636 0.1866
vn -0.8092 -0.2474 -0.5328
vn -0.0451 0.6525 0.7564
vn -0.8815 0.3659 0.2984
vn -0.3902 0.8734 -0.2914
vn -0.6375 -0.1165 0.7616
vn -0.3113 -0.0389 0.9495
vn -0.0009 -0.9677 -0.2522
vn -0.3428 -0.5837 -0.7360
vn -0.0837 0.2458 0.9657
vn -0.3570 0.6404 -0.6800
vn -0.4585 0.1079 -0.8821
vn -0.9681 -0.0576 0.2439
vn -0.6153 0.1841 0.7665
vn -0.7394 0.4880 0.4639
vn -0.4346 -0.8681 -0.2400
vn 0.4355 0.0969 -0.8950
vn -0.4690 -0.0019 0.8832
vn -0.2234 0.7396 0.6349
vn 0.0676 0.9911 0.1142
vn -0.2760 0.7664 0.5800
vn -0.2604 0.3085 0.9149
vn -0.2928 -0.9489 0.1176
vn 0.4026 -0.9016 -0.1584
vn -0.4699 -0.8827 -0.0022
vn -0.8476 -0.1962 -0.4930
vn -0.9877 -0.0994 0.1205
vn -0.5612 0.7934 -0.2357
vn -0.4024 0.4683 0.7866
vn -0.9033 -0.1956 0.3819
vn -0.8198 -0.2432 -0.5184
vn -0.8501 0.4632 -0.2506
vn -0.2809 0.1049 0.9540
vn -0.9887 -0.0648 -0.1354
vn 0.1689 -0.2889 0.9423
vn 0.5438 -0.4782 0.6897
vn -0.9349 -0.1755 0.3083
vn -0.5253 0.1615 0.8355
vn -0.2651 -0.9642 0.0097
vn -0.2125 0.7005 -0.6813
vn 0.1715 0.4749 0.8632
vn -0.6909 0.2350 0.6837
vn -0.7605 -0.0140 0.6492
vn 0.2654 -0.1245 -0.9561
vn 0.4894 -0.5053 -0.7108
vn 0.3791 -0.2250 -0.8976
vn 0.4291 0.3673 -0.8252
vn 0.0648 0.0203 0.9977
vn -0.5089 -0.1883 0.8400
vn 0.4026 -0.9153 -0.0140
vn -0.3227 0.9180 0.2305
vn -0.2405 0.9633 -0.1188
vn -0.1719 0.9833 0.0604
vn 0.8276 0.4601 -0.3215
vn -0.4646 0.0467 0.8843
vn -0.9984 -0.0433 0.0374
vn -0.3579 0.0392 -0.9329
vn -0.2065 -0.9192 -0.3352
vn -0.7906 -0.0365 0.6112
vn -0.3087 -0.2613 -0.9146
vn 0.7898 0.2235 0.5712
vn -0.3903 -0.2366 0.8898
vn -0.4619 0.0341 0.8863
vn -0.0898 0.6328 0.7691
vn -0.6670 0.4426 -0.5994
vn -0.9467 0.3193 0.0430
vn 0.0837 0.0495 -0.9953
vn 0.4079 0.6267 0.6640
vn -0.9729 -0.1724 -0.1540
vn -0.5112 -0.4855 0.7092
vn -0.0600 0.8656 0.4971
vn -0.6685 -0.6848 0.2901
vn -0.7089 -0.2593 0.6559
vn -0.9650 -0.2570 -0.0515
vn -0.7258 -0.6771 0.1215
vn -0.3275 -0.8852 0.3302
vn 0.1177 0.9302 -0.3477
vn 0.2933 -0.5661 -0.7704
vn -0.4081 -0.1027 0.9071
vn 0.7923 -0.1270 -0.5967
vn 0.2741 0.9443 0.1824
vn -0.5028 -0.5414 -0.6739
vn -0.1776 -0.1388 -0.9743
vn -0.7298 0.5947 -0.3371
vn -0.4738 0.0207 -0.8804
vn -0.3096 -0.1786 0.9339
vn -0.8826 0.1145 0.4560
vn -0.0091 0.7005 -0.7136
vn -0.5278 0.7947 -0.2998
vn 0.5380 0.6429 0.5451
vn 0.0754 0.0038 0.9971
vn 0.1095 0.0730 0.9913
vn 0.0806 0.0499 0.9955
vn 0.1094 0.0730 0.9913
vn 0.2297 -0.9731 -0.0197
vn 0.5001 0.1389 -0.8548
vn 0.6581 0.0089 -0.7529
vn -0.7177 0.2946 0.6309
vn -0.8832 -0.0679 -0.4641
vn -0.5798 0.0159 0.8146
vn -0.6020 -0.4874 0.6325
vn -0.2334 0.7437 -0.6265
vn -0.3202 0.4036 -0.8571
vn -0.7623 0.4218 0.4908
vn -0.3611 -0.0147 0.9324
vn 0.1985 -0.0368 0.9794
vn -0.1205 -0.9818 -0.1466
vn -0.6605 -0.4676 -0.5875
vn 0.5722 -0.1845 -0.7991
vn -0.7474 0.4318 -0.5050
vn -0.1556 0.0320 0.9873
vn -0.6338 -0.7603 -0.1419
vn 0.3655 0.1228 0.9227
vn -0.2285 -0.2837 0.9313
vn 0.4601 -0.8490 0.2599
vn 0.2223 -0.6043 0.7651
vn 0.8573 0.4368 -0.2725
vn 0.1741 0.1093 0.9786
vn 0.1376 0.0956 0.9859
vn -0.6236 0.2634 -0.7361
vn 0.1673 -0.9857 -0.0190
vn -0.3442 0.5241 -0.7790
vn 0.8437 0.2594 -0.4700
vn -0.4490 -0.5102 0.7335
vn 0.6727 -0.0417 -0.7388
vn 0.0359 -0.9994 -0.0009
vn 0.6917 0.6331 -0.3473
vn 0.7870 0.6096 0.0950
vn 0.4544 -0.2668 -0.8499
vn -0.9138 -0.2639 0.3087
vn -0.4523 0.0193 -0.8917
vn 0.3170 0.1402 -0.9380
vn 0.2383 0.0366 -0.9705
vn 0.2273 -0.0925 -0.9694
vn 0.7494 0.5708 -0.3355
vn 0.2251 0.0598 0.9725
vn -0.0918 0.7832 0.6150
vn -0.8239 0.5399 0.1725
vn -0.2092 0.0394 0.9771
vn 0.2033 -0.9354 0.2894
vn 0.8365 0.3282 -0.4388
vn 0.7421 0.6685 0.0485
vn -0.4958 -0.1153 -0.8608
vn 0.4199 0.1142 -0.9004
vn -0.2188 0.0280 -0.9754
vn 0.2837 0.0395 -0.9581
vn 0.4189 -0.1621 -0.8935
vn -0.7722 0.2994 0.5604
vn -0.9469 -0.0356 -0.3195
vn -0.5888 -0.1478 -0.7947
vn -0.8031 0.4715 -0.3643
vn -0.0271 0.0405 -0.9988
vn 0.2800 -0.0046 -0.9600
vn -0.1314 -0.9845 0.1163
vn 0.4958 0.4233 0.7583
vn -0.5877 -0.7932 -0.1597
vn 0.6149 -0.7825 -0.0980
vn -0.9634 -0.2303 0.1369
vn -0.5221 -0.7841 -0.3356
vn -0.3025 0.1264 0.9447
vn -0.2004 0.8823 -0.4260
vn 0.0637 -0.1090 -0.9920
vn 0.2271 0.7334 -0.6407
vn -0.1611 -0.2685 -0.9497
vn -0.7010 -0.7120 -0.0406
vn -0.7097 -0.6378 0.2992
vn 0.2553 -0.0894 -0.9627
vn -0.2978 0.8526 -0.4293
vn 0.0078 0.9814 -0.1917
vn 0.1722 0.9711 -0.1653
vn -0.6202 0.4973 -0.6067
vn -0.0056 0.9937 0.1120
vn -0.2582 0.0430 0.9651
vn -0.1878 -0.9820 0.0208
vn -0.8644 -0.2189 0.4527
vn -0.0764 -0.8710 0.4854
vn -0.3631 0.8186 -0.4451
vn -0.1900 0.4241 0.8854
vn -0.5371 -0.1943 -0.8209
vn -0.8918 0.0725 0.4466
vn -0.7652 -0.5224 -0.3763
vn -0.8948 -0.0134 0.4464
vn 0.4273 -0.1291 0.8948
vn -0.3080 0.7224 -0.6191
vn 0.1657 0.0499 0.9849
vn -0.4446 0.0178 0.8955
vn -0.4196 -0.1518 0.8949
vn -0.8999 -0.0373 0.4345
vn 0.6340 0.5944 0.4948
vn -0.1364 -0.5131 0.8474
vn 0.5180 -0.8072 -0.2830
vn 0.6264 -0.7719 0.1082
vn 0.9355 0.3440 0.0811
vn -0.6446 0.1789 0.7433
vn -0.9015 -0.4327 -0.0087
vn -0.9242 0.1442 0.3536
vn -0.8663 -0.3063 -0.3947
vn 0.0922 -0.6530 0.7517
vn 0.4142 0.0569 0.9084
vn -0.1672 0.1473 -0.9749
vn -0.0111 -0.7157 -0.6984
vn -0.9734 0.0829 0.2134
vn -0.5255 -0.0398 0.8499
vn -0.6248 -0.1650 0.7632
vn -0.4833 0.8459 0.2257
vn -0.3708 -0.2048 0.9058
vn -0.9758 0.2188 0.0032
vn -0.1425 -0.9080 0.3939
vn -0.3282 0.0159 0.9445
vn -0.2327 -0.2207 0.9472
vn 0.5133 0.8582 -0.0088
vn -0.5551 -0.5306 -0.6406
vn -0.7173 -0.3027 -0.6276
vn -0.3365 0.1752 0.9252
vn -0.3623 -0.0969 0.9270
vn 0.0683 0.7180 0.6927
vn -0.1471 0.0097 0.9891
vn 0.8165 0.0167 -0.5771
vn -0.0168 0.2334 -0.9722
vn -0.4427 -0.0439 0.8956
vn -0.0840 -0.9531 -0.2909
vn -0.3845 -0.7510 -0.5367
vn 0.9927 -0.1182 0.0255
vn -0.9310 -0.0391 -0.3630
vn -0.9533 0.2358 0.1885
vn -0.4042 0.0897 -0.9103
vn -0.9020 -0.2120 0.3761
vn -0.3140 0.4325 -0.8452
vn 0.3196 0.7404 -0.5914
vn 0.7748 -0.4344 0.4592
vn -0.6808 -0.6581 0.3217
vn 0.4841 -0.7859 -0.3847
vn 0.1137 -0.6148 0.7804
vn 0.0122 -0.5140 0.8577
vn 0.1691 -0.6454 0.7449
vn -0.8223 0.0014 0.5690
vn -0.8685 0.1159 0.4820
vn 0.9086 0.3206 -0.2675
vn -0.8202 -0.2642 -0.5074
vn -0.8563 0.4015 0.3249
vn 0.4820 -0.8705 0.0996
vn 0.1542 0.7009 0.6964
vn -0.5943 -0.7008 0.3946
vn -0.6584 0.5168 -0.5472
vn 0.7781 -0.1877 -0.5994
vn -0.5060 -0.8611 0.0490
vn -0.4322 0.5210 -0.7360
vn -0.3493 0.2145 -0.9121
vn -0.9889 -0.0102 0.1484
vn -0.9573 0.0919 0.2741
vn -0.0778 0.7510 0.6557
vn 0.0187 0.9754 0.2197
vn -0.2191 -0.0111 -0.9756
vn 0.0125 0.0492 0.9987
vn -0.3875 -0.7897 -0.4756
vn -0.3667 -0.7917 -0.4886
vn 0.9409 0.1247 -0.3149
vn 0.7582 -0.3515 0.5492
vn -0.9491 -0.2477 -0.1947
vn -0.6254 0.0715 0.7770
vn -0.6318 0.0676 0.7722
vn -0.3290 0.3725 -0.8678
vn 0.2910 0.0826 -0.9532
vn 0.0855 0.0254 -0.9960
vn -0.3742 0.1337 -0.9177
vn -0.3259 0.6847 0.6520
vn -0.0748 0.6434 0.7619
vn 0.1066 0.9609 -0.2556
vn -0.2630 0.6991 -0.6649
vn -0.2316 0.4690 -0.8523
vn -0.2864 -0.0048 -0.9581
vn -0.9286 0.2729 0.2514
vn -0.4909 -0.3231 -0.8091
vn -0.3298 -0.7941 -0.5106
vn 0.2388 0.8958 0.3749
vn -0.2442 0.1796 0.9530
vn 0.3064 -0.1322 -0.9427
vn -0.2475 0.0048 0.9689
vn -0.1929 -0.0720 0.9786
vn 0.0186 0.6250 -0.7804
vn -0.1216 0.9521 -0.2804
vn 0.0030 0.8910 -0.4540
vn 0.2443 -0.8311 -0.4996
vn -0.3366 -0.0102 -0.9416
vn -0.3899 0.0690 -0.9183
vn 0.9052 0.1787 0.3857
vn -0.6076 -0.0478 -0.7928
vn 0.2021 -0.0459 -0.9783
vn 0.2589 -0.1527 -0.9538
vn -0.9664 0.2002 0.1611
vn -0.4010 -0.0683 -0.9135
vn -0.8265 0.0904 0.5556
vn -0.3982 -0.0376 0.9165
vn -0.6012 0.0712 0.7959
vn -0.4082 -0.7672 -0.4948
vn -0.2592 -0.9455 -0.1972
vn -0.4451 -0.7881 -0.4252
vn -0.4463 -0.2957 -0.8446
vn -0.1828 -0.7297 -0.6589
vn 0.1573 -0.9094 -0.3850
vn 0.8579 -0.3151 -0.4059
vn 0.8554 0.4429 0.2686
vn -0.1607 -0.0111 -0.9869
vn -0.8597 0.1794 0.4783
vn -0.2015 0.0744 0.9767
vn 0.7575 -0.6480 0.0796
vn -0.4094 0.7121 0.5704
vn 0.3817 0.9094 -0.1655
vn -0.2874 -0.1067 0.9519
vn -0.5170 0.5565 -0.6504
vn -0.4676 -0.7175 -0.5163
vn -0.0052 0.9943 0.1062
vn -0.4142 -0.1079 0.9038
vn -0.6144 -0.2925 0.7327
vn -0.3568 -0.1162 0.9269
vn 0.7937 -0.2440 0.5572
vn 0.5808 -0.7923 0.1871
vn -0.4970 -0.3761 0.7820
vn -0.1637 -0.7283 0.6654
vn -0.1527 -0.7668 0.6234
vn -0.5977 0.4964 0.6295
vn 0.6384 0.2082 0.7410
vn 0.7498 -0.4809 -0.4545
vn 0.0218 0.9784 0.2054
vn -0.5110 0.5616 -0.6508
vn -0.7312 0.0296 -0.6815
vn 0.7310 -0.2839 -0.6205
vn -0.2021 0.8842 -0.4211
vn -0.2888 -0.0529 0.9559
vn 0.1908 -0.2514 -0.9489
vn -0.9346 -0.3249 0.1444
vn -0.4001 0.7218 -0.5648
vn -0.1165 0.6737 -0.7298
vn -0.3311 -0.3548 -0.8744
vn -0.7875 0.1375 0.6008
vn -0.8309 0.1275 0.5416
vn 0.5271 0.3097 -0.7914
vn 0.1490 -0.9676 0.2039
vn -0.1382 -0.0778 0.9873
vn -0.1150 0.8959 -0.4291
vn -0.1077 -0.6248 -0.7733
vn 0.1963 -0.9589 0.2051
vn -0.3146 0.1335 0.9398
vn -0.1702 -0.9344 -0.3128
vn -0.1902 0.5108 0.8384
vn 0.3902 0.2034 -0.8980
vn -0.4705 -0.5888 0.6572
vn -0.2620 0.3263 -0.9082
vn 0.6118 0.1955 -0.7665
vn 0.1281 0.1711 0.9769
vn -0.1401 -0.1143 0.9835
vn -0.2139 -0.0262 0.9765
vn -0.1244 0.5134 0.8491
vn -0.3628 -0.5560 0.7478
vn -0.9854 -0.1684 0.0231
vn -0.7013 0.0417 -0.7116
vn -0.6351 -0.0976 -0.7663
vn -0.6500 0.6464 0.3995
vn -0.9384 0.3308 -0.0997
vn 0.1266 0.9542 -0.2711
vn -0.1522 -0.0217 -0.9881
vn 0.0505 0.0435 0.9978
vn 0.1438 -0.8742 0.4639
vn -0.3895 0.1272 -0.9122
vn 0.1097 0.0970 -0.9892
vn -0.5552 0.0473 -0.8304
vn -0.9994 -0.0279 -0.0181
vn -0.9044 -0.0928 -0.4164
vn -0.9202 -0.1273 0.3701
vn 0.8906 -0.0666 0.4500
vn -0.1713 0.0009 -0.9852
vn -0.0591 0.0905 0.9941
vn 0.8091 0.2274 0.5419
vn -0.7198 0.0211 -0.6939
vn -0.2918 -0.9249 -0.2436
vn 0.8687 -0.4865 0.0937
vn -0.4439 -0.1670 -0.8804
vn -0.9796 -0.1067 0.1702
vn -0.7868 -0.2122 0.5796
vn -0.9779 -0.1250 0.1679
vn -0.4789 0.0171 0.8777
vn 0.8596 -0.5099 0.0339
vn -0.6512 -0.2180 -0.7269
vn -0.1423 0.3819 -0.9132
vn -0.0691 -0.1723 -0.9826
vn -0.2471 0.1368 -0.9593
vn -0.8921 -0.1086 0.4387
vn 0.9732 -0.2299 0.0099
vn -0.1839 -0.0495 0.9817
vn -0.8503 0.0596 0.5230
vn 0.5282 -0.2302 -0.8173
vn -0.0478 -0.4113 -0.9102
vn -0.7981 -0.2557 0.5455
vn 0.4979 -0.5512 -0.6695
vn 0.5672 0.6294 0.5312
vn -0.2380 -0.4217 0.8749
vn -0.0103 -0.1157 0.9932
vn 0.3842 -0.4848 -0.7857
vn -0.7953 -0.4289 0.4285
vn -0.9882 0.0701 0.1359
vn -0.5103 0.3880 0.7675
vn -0.5321 -0.0908 -0.8418
vn -0.1095 0.0052 -0.9940
vn 0.5127 0.0074 -0.8586
vn -0.4884 0.0998 -0.8669
vn -0.4801 -0.5684 0.6681
vn -0.3922 -0.0258 -0.9195
vn 0.3447 0.2172 0.9132
vn 0.6146 -0.1495 0.7745
vn -0.5267 -0.7205 -0.4510
vn -0.3035 -0.1109 -0.9464
vn -0.1376 0.0178 -0.9903
vn 0.3296 -0.2309 -0.9154
vn 0.7111 0.0054 0.7030
vn -0.1750 -0.3452 -0.9221
vn -0.3305 0.0799 0.9404
vn -0.3527 -0.0082 0.9357
vn -0.6419 0.1458 0.7528
vn -0.7240 -0.0413 0.6885
vn -0.2815 0.0291 0.9591
vn -0.1980 -0.0932 0.9757
vn -0.0349 -0.6014 -0.7982
vn -0.4028 -0.8892 -0.2170
vn -0.1354 0.8029 -0.5805
vn -0.4853 -0.5061 -0.7130
vn 0.8825 -0.3769 -0.2812
vn -0.6442 0.0480 0.7633
vn 0.3351 -0.2844 0.8982
vn -0.1801 -0.3093 -0.9338
vn -0.0149 0.0692 0.9975
vn -0.0341 0.2353 0.9713
vn 0.1114 0.1154 -0.9871
vn 0.9717 -0.0958 0.2160
vn 0.4655 -0.4634 0.7541
vn -0.7786 -0.0593 0.6248
vn -0.8504 0.0042 0.5261
vn -0.6325 0.6925 -0.3470
vn -0.6025 0.7904 0.1105
vn -0.0473 0.0991 -0.9940
vn -0.6153 0.1492 0.7741
vn 0.3272 -0.9076 0.2629
vn -0.8939 -0.2526 0.3702
vn -0.4132 -0.5157 -0.7506
vn -0.5179 0.3867 0.7630
vn -0.4781 0.3654 0.7987
vn 0.0891 -0.1330 -0.9871
vn -0.5709 0.1092 -0.8137
vn -0.6414 -0.6601 0.3909
vn -0.0118 -0.1316 -0.9912
vn -0.1523 0.7543 0.6386
vn -0.2267 0.9736 -0.0260
vn 0.1054 0.0076 -0.9944
vn -0.0095 0.2288 -0.9734
vn 0.1646 -0.0086 -0.9863
vn 0.1194 0.0487 -0.9917
vn -0.0734 -0.2641 -0.9617
vn -0.9196 -0.0879 -0.3828
vn -0.0670 0.8118 -0.5801
vn -0.4699 0.2830 0.8361
vn -0.4325 -0.1801 0.8835
vn -0.2769 0.1395 0.9507
vn 0.5795 0.2726 -0.7680
vn 0.3368 -0.0490 -0.9403
vn -0.2381 -0.0941 0.9667
vn -0.2306 -0.3388 -0.9122
vn -0.2229 -0.3233 0.9197
vn 0.4341 0.0597 -0.8989
vn -0.6054 -0.1089 0.7885
vn -0.1090 -0.7807 -0.6153
vn -0.5362 0.2475 0.8070
vn -0.6344 0.2576 0.7288
vn 0.1327 0.8297 0.5422
vn -0.1182 -0.7031 0.7012
vn -0.6393 0.0057 0.7689
vn -0.3998 0.0980 0.9114
vn 0.6157 -0.4299 0.6604
vn 0.0315 0.0238 -0.9992
vn -0.0106 -0.0067 0.9999
vn -0.5062 -0.7535 -0.4195
vn -0.4187 0.0147 0.9080
vn 0.0648 0.6127 -0.7877
vn 0.3115 -0.9341 -0.1743
vn -0.3458 -0.0002 0.9383
vn -0.4651 0.2862 -0.8377
vn -0.1937 -0.3701 0.9086
vn 0.3013 0.3481 0.8877
vn -0.0247 0.3543 -0.9348
vn -0.5086 -0.0441 0.8599
vn 0.0547 0.5777 -0.8144
vn -0.1530 -0.7914 -0.5919
vn -0.2831 0.7813 0.5562
vn -0.6169 0.3097 0.7236
vn -0.2181 -0.9345 0.2814
vn -0.7114 -0.0170 -0.7026
vn -0.7020 -0.0088 -0.7122
vn -0.6106 0.1003 -0.7856
vn 0.4197 -0.9076 0.0128
vn 0.1148 0.2388 -0.9642
vn -0.1092 -0.2249 -0.9683
vn 0.4496 -0.5484 0.7050
vn -0.0853 0.9053 0.4162
vn -0.0484 0.4186 -0.9069
vn 0.0880 -0.9335 -0.3475
vn 0.3534 -0.9329 -0.0690
vn 0.0098 0.5351 0.8447
vn 0.1181 -0.3350 0.9348
vn -0.3526 -0.3273 -0.8767
vn -0.6119 0.2148 0.7612
vn -0.2983 -0.0921 0.9500
vn -0.0791 0.0229 0.9966
vn 0.0519 -0.3693 -0.9279
vn -0.1166 -0.9086 0.4012
vn -0.3354 0.6287 0.7016
vn -0.6325 -0.0669 -0.7717
vn -0.0902 -0.0516 0.9946
vn -0.5455 0.0346 -0.8374
vn -0.1285 0.1978 0.9718
vn -0.3523 0.0982 0.9307
vn -0.4951 0.1638 0.8533
vn -0.2903 0.0569 0.9553
vn -0.5325 0.0285 -0.8459
vn 0.3275 -0.0461 0.9437
vn -0.2930 0.6581 -0.6936
vn -0.0850 0.4079 -0.9091
vn -0.0310 -0.5603 0.8277
vn -0.0646 -0.3057 0.9499
vn 0.0468 0.4159 -0.9082
vn 0.0842 0.8580 0.5067
vn -0.0792 -0.7448 -0.6626
vn -0.3431 -0.7020 0.6241
vn -0.9139 -0.0524 0.4026
vn -0.3608 0.3563 0.8619
vn -0.2809 0.0050 0.9597
vn -0.0075 -0.1637 0.9865
vn -0.6924 -0.7208 -0.0312
vn 0.0912 -0.0375 0.9951
vn -0.2449 -0.1857 0.9516
vn 0.0315 0.0256 0.9992
vn 0.0653 -0.0454 -0.9968
vn -0.2703 0.6643 -0.6969
vn -0.7158 0.1416 0.6838
vn 0.0305 -0.1701 -0.9850
vn -0.3010 -0.1976 -0.9329
vn 0.1228 0.1358 -0.9831
vn 0.6334 -0.0143 -0.7737
vn -0.1035 0.5830 0.8058
vn 0.1105 -0.2099 -0.9715
vn -0.2004 0.3045 0.9312
vn 0.2041 -0.2815 -0.9376
vn 0.4263 -0.3571 0.8311
vn -0.8535 -0.4796 0.2040
vn -0.8061 0.3587 0.4706
vn -0.0138 -0.3056 -0.9521
vn -0.0237 -0.9990 0.0369
vn -0.0274 -0.0595 0.9979
vn -0.0495 0.5870 -0.8081
vn 0.0027 0.1899 -0.9818
vn 0.2392 0.3506 -0.9055
vn 0.0206 -0.6152 -0.7881
vn -0.1934 -0.2712 -0.9429
vn 0.3085 -0.1904 0.9320
vn 0.2335 -0.1080 0.9663
vn -0.0245 0.9144 -0.4040
vn -0.0118 0.3902 -0.9206
vn -0.1324 0.0267 -0.9908
vn -0.3782 -0.0619 0.9236
vn -0.1311 0.8045 -0.5793
vn 0.8382 -0.3127 -0.4468
vn -0.0297 0.7529 -0.6575
vn -0.9654 0.0670 0.2519
vn 0.0781 0.1307 0.9883
vn -0.1702 0.0785 0.9823
vn -0.3931 0.1331 -0.9098
vn -0.4070 -0.3832 0.8292
vn 0.4808 -0.0289 -0.8764
vn 0.0177 0.0118 -0.9998
vn 0.0119 -0.9983 -0.0570
vn 0.0741 0.7009 0.7094
vn -0.9416 -0.2724 -0.1978
vn -0.0159 0.3071 -0.9515
vn 0.0347 0.9977 -0.0587
vn -0.2551 -0.1021 -0.9615
vn 0.1765 0.4555 -0.8726
vn 0.1000 0.1606 0.9819
vn 0.0900 -0.4040 -0.9103
vn -0.5168 -0.0444 0.8550
vn 0.0961 -0.4225 0.9012
vn 0.1588 0.1324 0.9784
vn 0.1329 0.1758 0.9754
vn -0.4066 -0.1127 -0.9066
vn 0.1866 0.5385 -0.8217
vn -0.9812 -0.1863 0.0505
vn 0.1002 0.7920 0.6022
vn 0.1481 0.0705 0.9865
vn -0.5377 0.1146 -0.8353
vn -0.2545 0.3206 -0.9124
vn -0.1427 0.0208 -0.9896
vn 0.1201 -0.0364 0.9921
vn -0.0476 -0.3181 0.9469
vn 0.1554 -0.1038 0.9824
vn -0.0329 -0.1018 0.9943
vn 0.0651 -0.3391 0.9385
vn 0.5256 0.3385 0.7805
vn -0.5245 0.4382 0.7300
vn -0.1999 0.0839 -0.9762
vn -0.2934 0.2476 0.9234
vn -0.1102 0.0087 -0.9939
vn -0.2151 -0.3116 0.9256
vn -0.1402 0.0707 -0.9876
vn -0.1967 0.0043 -0.9804
vn 0.3156 0.0611 0.9469
vn 0.5539 0.7406 0.3803
vn 0.4629 0.1149 -0.8789
vn 0.0197 0.4268 -0.9041
vn -0.1078 -0.0093 -0.9941
vn 0.2379 0.2370 0.9419
vn -0.0870 0.2811 0.9557
vn 0.1150 -0.8669 -0.4850
vn 0.1508 -0.0405 0.9877
vn -0.1234 -0.0342 0.9918
vn 0.0614 -0.5604 0.8259
vn 0.1102 0.1993 0.9737
vn 0.2908 -0.0302 0.9563
vn 0.2938 -0.0929 -0.9513
vn 0.5785 0.0236 0.8153
vn -0.5378 0.3966 0.7440
vn 0.0915 0.4801 0.8724
vn -0.2444 0.1619 -0.9561
vn -0.0745 -0.1449 -0.9866
vn -0.0045 0.4840 -0.8750
vn -0.5260 -0.5529 0.6462
vn -0.9221 -0.0491 -0.3838
vn -0.0847 0.0905 -0.9923
vn 0.0365 -0.5277 0.8486
vn 0.0628 -0.2819 0.9574
vn 0.3477 -0.7331 0.5845
vn 0.4006 -0.9124 -0.0843
vn 0.4033 -0.7654 -0.5015
vn 0.0431 -0.0121 0.9990
vn 0.1021 0.8311 -0.5466
vn 0.3107 -0.8948 -0.3205
vn -0.7709 -0.5864 0.2487
vn 0.0172 0.4515 0.8921
vn -0.0317 -0.7524 0.6579
vn 0.1930 -0.0465 0.9801
vn -0.2776 0.9495 -0.1461
vn 0.0030 0.3596 0.9331
vn 0.0019 -0.7629 0.6465
vn 0.3085 -0.4402 0.8432
vn 0.6237 -0.6772 0.3904
vn -0.1420 0.3661 -0.9197
vn 0.5620 0.2636 0.7840
vn -0.0669 -0.0415 -0.9969
vn -0.1343 -0.3279 0.9351
vn 0.1564 0.4083 -0.8993
vn -0.0713 0.7332 0.6763
vn -0.2812 0.5360 0.7960
vn -0.1787 0.1649 -0.9700
vn -0.2478 -0.5014 0.8290
vn -0.1470 0.7875 -0.5986
vn 0.3503 -0.2933 0.8895
vn -0.0981 0.0039 -0.9952
vn -0.0572 0.0065 -0.9983
vn -0.1027 -0.0167 -0.9946
vn 0.1577 0.0024 0.9875
vn -0.2565 0.7854 0.5634
vn -0.4126 -0.2536 -0.8749
vn 0.0093 0.9960 -0.0888
vn 0.8672 -0.3709 0.3321
vn 0.1743 0.0081 -0.9847
vn -0.6923 -0.1223 -0.7112
vn -0.1746 -0.1025 -0.9793
vn -0.9373 -0.2422 0.2508
vn 0.1151 0.0425 0.9924
vn -0.0245 0.7142 -0.6995
vn -0.0322 -0.0139 -0.9994
vn 0.2976 0.1309 0.9457
vn 0.0545 -0.0243 0.9982
vn 0.0019 0.0607 0.9982
vn 0.5483 -0.1049 0.8297
vn 0.0170 0.0541 0.9984
vn 0.8919 0.0054 0.4523
vn 0.9940 0.0283 0.1056
vn 0.2458 -0.5452 -0.8015
vn 0.3890 -0.0951 -0.9163
vn 0.6093 -0.0327 -0.7923
vn 0.3704 -0.4340 -0.8212
vn -0.3536 -0.0146 -0.9353
vn 0.1781 -0.7683 -0.6148
vn -0.3856 0.3378 0.8586
vn -0.1435 0.9781 0.1507
vn 0.3903 0.2904 -0.8737
vn 0.2135 -0.3413 0.9154
vn 0.0399 -0.9814 0.1879
vn 0.0920 -0.5474 -0.8318
vn 0.0632 -0.9684 0.2412
vn -0.0341 0.0162 0.9993
vn 0.1348 0.7432 0.6553
vn 0.4252 0.0771 0.9018
vn 0.0578 -0.4010 -0.9143
vn -0.0070 -0.9643 -0.2646
vn 0.7648 -0.5852 0.2697
vn 0.5952 -0.1647 0.7865
vn 0.2263 0.1817 0.9570
vn 0.8665 -0.2874 0.4082
vn 0.8858 -0.2870 0.3646
vn 0.4187 0.3518 0.8372
vn 0.8917 0.1659 0.4211
vn -0.1103 0.3081 -0.9449
vn 0.1792 -0.0186 -0.9836
vn 0.1628 0.1885 -0.9685
vn 0.0385 -0.9178 0.3951
vn 0.0291 0.7318 0.6809
vn -0.1341 0.7030 0.6985
vn 0.1238 -0.6830 -0.7199
vn 0.3833 -0.8002 0.4612
vn 0.2084 0.0409 -0.9772
vn 0.2567 -0.2133 -0.9427
vn -0.1391 -0.9630 0.2310
vn -0.1481 -0.9332 -0.3275
vn 0.2929 0.8091 0.5094
vn 0.2008 0.0989 -0.9746
vn 0.2247 -0.4876 -0.8436
vn -0.7463 0.0115 -0.6655
vn -0.7646 -0.0294 -0.6438
vn 0.1802 -0.5720 -0.8002
vn -0.1195 -0.9768 -0.1778
vn -0.3627 0.9252 -0.1119
vn 0.0835 -0.0260 -0.9962
vn -0.0279 -0.3630 0.9314
vn 0.0955 0.1344 0.9863
vn 0.0543 -0.0179 0.9984
vn -0.1795 0.3721 -0.9107
vn -0.3600 0.6980 -0.6190
vn -0.9443 0.0242 -0.3282
vn -0.7615 -0.0286 -0.6475
vn -0.5187 0.7028 0.4868
vn 0.0377 0.5719 -0.8195
vn 0.2626 0.2497 -0.9320
vn 0.3211 0.7566 -0.5696
vn -0.4744 0.4514 -0.7558
vn -0.8724 -0.4422 0.2083
vn -0.2518 -0.3298 0.9098
vn 0.2667 -0.6534 -0.7085
vn 0.4108 -0.3763 -0.8305
vn 0.4514 -0.4090 0.7931
vn 0.6126 -0.0256 0.7900
vn 0.5505 -0.3141 -0.7735
vn 0.2798 0.0651 -0.9578
vn 0.1081 0.8276 -0.5508
vn 0.0892 0.8030 -0.5893
vn -0.1890 -0.5982 -0.7787
vn -0.3859 0.8082 -0.4449
vn 0.2174 0.1093 0.9699
vn 0.0829 -0.0299 0.9961
vn 0.8941 -0.3221 0.3110
vn 0.0464 -0.1350 -0.9898
vn 0.5154 -0.8237 0.2363
vn 0.1105 -0.0428 0.9930
vn 0.9816 0.0135 -0.1906
vn 0.6192 -0.1688 0.7669
vn -0.5614 -0.3673 0.7416
vn -0.6557 0.0810 0.7507
vn -0.5879 -0.1628 0.7924
vn 0.0451 0.6997 -0.7130
vn -0.2778 0.5517 -0.7864
vn -0.0226 -0.0803 0.9965
vn 0.6973 0.2271 0.6799
vn -0.4839 0.3114 0.8178
vn -0.3332 0.1516 0.9306
vn 0.0283 -0.5748 0.8178
vn 0.3677 0.6740 -0.6407
vn -0.0144 -0.6466 -0.7627
vn 0.9914 -0.0294 0.1273
vn 0.7068 0.4179 0.5707
vn 0.5636 0.4770 0.6744
vn 0.1353 -0.7443 0.6540
vn 0.2661 -0.0031 -0.9639
vn 0.0806 0.0112 -0.9967
vn 0.2986 -0.8819 0.3648
vn 0.2427 0.0887 0.9660
vn 0.7426 -0.1529 -0.6521
vn 0.8878 -0.3710 -0.2725
vn 0.5878 0.5609 -0.5830
vn -0.8843 0.0704 0.4616
vn -0.1350 0.8814 -0.4527
vn 0.4835 0.0195 0.8751
vn 0.0875 0.6738 -0.7337
vn 0.0271 0.4908 -0.8709
vn 0.4416 -0.3061 0.8434
vn 0.0407 -0.9977 -0.0551
vn 0.0942 0.0360 -0.9949
vn 0.3550 0.1745 0.9184
vn 0.2338 -0.0901 -0.9681
vn -0.1501 -0.0252 0.9883
vn 0.3636 -0.7684 0.5266
vn -0.3698 -0.0477 0.9279
vn 0.4647 0.6391 0.6129
vn 0.5307 0.0465 0.8463
vn 0.3318 0.7978 -0.5034
vn -0.8845 0.1565 0.4396
vn 0.5596 0.8135 -0.1581
vn 0.5104 -0.8415 -0.1773
vn 0.0012 -0.0405 0.9992
vn 0.2631 -0.1244 0.9567
vn 0.1490 0.4405 0.8853
vn -0.0334 0.1415 0.9894
vn 0.0861 0.5454 0.8338
vn 0.1199 -0.4190 0.9000
vn -0.9191 0.1090 0.3787
vn -0.3159 0.2014 0.9272
vn -0.6795 0.0961 -0.7274
vn 0.7011 -0.0006 -0.7130
vn 0.6947 0.6242 0.3574
vn 0.8738 -0.3830 0.2996
vn -0.9557 0.0514 -0.2899
vn 0.5619 -0.0988 0.8213
vn 0.4622 0.3118 0.8301
vn 0.7596 -0.5399 0.3628
vn -0.1164 -0.1659 -0.9792
vn 0.7037 0.5762 0.4156
vn -0.6089 -0.4002 -0.6849
vn -0.7871 -0.0314 0.6160
vn -0.1508 0.9738 -0.1705
vn -0.0525 0.7367 0.6742
vn 0.5362 -0.8120 0.2305
vn 0.5496 0.1858 -0.8145
vn -0.6591 -0.2340 0.7147
vn -0.7090 -0.3822 -0.5926
vn -0.8193 0.4497 -0.3558
vn 0.1622 0.6699 0.7246
vn -0.3374 0.1941 -0.9211
vn -0.3841 -0.1205 -0.9154
vn -0.0406 0.9952 -0.0888
vn 0.1173 0.9860 -0.1188
vn 0.1241 0.5127 0.8496
vn 0.5016 0.5236 -0.6887
vn 0.5932 -0.7047 0.3892
vn -0.9813 -0.1594 0.1083
vn 0.6046 0.0053 -0.7965
vn 0.4462 0.1042 0.8888
vn 0.3119 0.5190 0.7958
vn 0.3834 0.4964 0.7789
vn 0.6831 0.4978 0.5344
vn -0.2422 0.0227 -0.9700
vn 0.6495 0.1689 0.7414
vn 0.8319 -0.1241 0.5408
vn 0.4270 0.8976 0.1094
vn 0.4247 -0.4598 0.7799
vn 0.8767 -0.2004 0.4374
vn 0.7503 -0.2585 0.6085
vn 0.1715 -0.8169 -0.5507
vn 0.6229 0.4405 -0.6464
vn 0.0480 -0.0436 0.9979
vn 0.1049 -0.0861 -0.9908
vn -0.2725 0.0612 -0.9602
vn 0.6343 -0.4837 -0.6031
vn 0.4883 -0.7680 0.4143
vn 0.0707 0.6281 -0.7749
vn 0.4249 0.5525 0.7171
vn 0.5074 -0.8356 -0.2106
vn 0.0858 0.0013 -0.9963
vn -0.3404 0.0181 -0.9401
vn 0.5424 -0.1327 0.8296
vn 0.3818 0.5716 -0.7263
vn -0.5850 0.7536 -0.2997
vn 0.2231 0.2017 -0.9537
vn 0.0734 -0.3002 0.9511
vn 0.3691 0.0523 0.9279
vn 0.2641 0.0458 0.9634
vn 0.1724 0.7859 0.5938
vn 0.4411 -0.5610 -0.7005
vn -0.4881 0.2330 -0.8411
vn -0.0104 -0.6618 -0.7496
vn 0.6539 0.4094 0.6362
vn 0.8319 -0.2698 0.4849
vn 0.1241 0.7340 -0.6677
vn 0.1032 0.7333 0.6721
vn 0.4704 0.2624 -0.8425
vn 0.8626 -0.3701 -0.3449
vn 0.1819 0.2411 0.9533
vn -0.6639 -0.6205 -0.4175
vn -0.6751 -0.2522 0.6933
vn -0.9810 -0.1444 0.1295
vn -0.9911 -0.0221 0.1315
vn 0.9647 -0.0962 -0.2452
vn 0.9991 0.0291 -0.0304
vn 0.9733 -0.2266 -0.0361
vn 0.5239 -0.8516 0.0145
vn 0.4656 -0.5615 -0.6840
vn -0.4007 -0.8837 -0.2418
vn 0.6872 -0.2596 0.6785
vn 0.9397 0.0094 0.3418
vn 0.6084 -0.2168 0.7634
vn -0.2539 0.7896 -0.5587
vn 0.6636 -0.6524 0.3661
vn -0.0742 0.2991 0.9513
vn -0.3004 0.1258 0.9455
vn 0.5064 -0.1057 0.8558
vn 0.3280 0.3612 -0.8729
vn 0.5440 -0.7800 -0.3092
vn -0.3209 -0.1495 -0.9352
vn 0.5572 -0.3396 -0.7577
vn 0.3220 -0.6398 -0.6979
vn 0.3494 0.0267 -0.9366
vn 0.0985 0.0890 -0.9911
vn 0.3161 0.0419 -0.9478
vn 0.7767 -0.4868 0.3998
vn 0.2910 -0.1196 -0.9492
vn -0.7644 0.1359 0.6302
vn 0.1281 -0.6166 0.7768
vn -0.0234 0.4175 -0.9084
vn 0.8047 -0.4826 -0.3457
vn 0.6576 -0.7421 -0.1297
vn -0.0011 0.4225 0.9064
vn -0.5196 -0.4938 0.6973
vn 0.3669 -0.0918 0.9257
vn 0.2901 -0.1255 -0.9487
vn -0.3557 0.0177 -0.9344
vn -0.1689 0.6074 0.7762
vn 0.4049 -0.3456 0.8465
vn 0.8467 0.1683 0.5047
vn 0.1642 -0.2524 -0.9536
vn -0.8081 0.5418 -0.2312
vn 0.1999 0.3314 -0.9221
vn -0.7221 0.0797 -0.6871
vn -0.0247 -0.1980 0.9799
vn 0.5559 -0.6863 0.4690
vn 0.3898 -0.1578 0.9073
vn -0.1314 0.8672 -0.4803
vn 0.7282 0.5407 0.4212
vn -0.3735 0.0376 -0.9269
vn 0.3336 0.0272 0.9423
vn -0.5989 0.2363 0.7652
vn 0.1694 0.4882 0.8562
vn 0.2653 0.4665 0.8438
vn 0.3261 -0.9451 0.0215
vn 0.3742 0.0255 0.9270
vn 0.1613 0.0714 -0.9843
vn 0.1585 0.8181 0.5528
vn 0.3576 0.7608 -0.5417
vn -0.4027 -0.1749 0.8985
vn -0.4345 -0.2724 0.8585
vn -0.5938 -0.7856 -0.1737
vn 0.3073 -0.6593 0.6863
vn -0.5003 -0.6453 -0.5773
vn -0.3823 -0.2745 0.8823
vn -0.2747 -0.2485 0.9289
vn 0.5985 0.4825 -0.6395
vn -0.9799 -0.1355 -0.1463
vn 0.3605 0.7120 0.6026
vn 0.7668 0.0145 0.6418
vn 0.2666 0.0269 0.9634
vn -0.6177 -0.2164 -0.7561
vn 0.3664 0.1173 0.9230
vn 0.2657 0.6972 -0.6658
vn -0.0008 0.9997 -0.0264
vn 0.3082 -0.0085 -0.9513
vn 0.6250 -0.5551 0.5488
vn -0.4508 -0.0600 -0.8906
vn 0.7864 0.1686 -0.5942
vn 0.6215 0.0796 0.7794
vn 0.6406 -0.7569 0.1293
vn 0.2639 0.8080 0.5267
vn -0.0344 -0.9991 -0.0254
vn 0.7468 0.6529 -0.1267
vn 0.8738 0.1657 0.4571
vn 0.4553 -0.0517 0.8888
vn 0.0968 0.1699 0.9807
vn 0.0516 0.8493 0.5253
vn 0.2866 0.7562 0.5883
vn 0.9890 0.1477 -0.0038
vn 0.0434 -0.9791 0.1988
vn 0.0567 -0.3277 0.9431
vn 0.8823 -0.4604 -0.0977
vn 0.6373 0.1002 0.7641
vn -0.8448 0.4366 0.3093
vn 0.2600 -0.5033 -0.8241
vn -0.6283 -0.6507 0.4263
vn -0.4671 -0.8793 -0.0932
vn 0.1107 0.4034 0.9083
vn 0.4486 0.3682 -0.8144
vn 0.9115 0.1459 0.3845
vn 0.7688 0.0764 -0.6349
vn 0.9455 -0.1958 0.2602
vn 0.7772 0.2927 0.5571
vn 0.7755 0.5946 -0.2121
vn 0.5114 -0.4391 -0.7386
vn 0.8780 -0.4420 0.1835
vn 0.3137 0.0723 -0.9468
vn 0.1997 0.0531 -0.9784
vn 0.0428 0.2868 0.9570
vn 0.1789 0.9051 -0.3857
vn 0.7454 -0.6650 -0.0462
vn -0.9021 -0.0492 -0.4287
vn 0.8557 -0.3722 -0.3595
vn 0.5406 -0.0725 -0.8381
vn 0.1664 -0.0161 0.9859
vn 0.4689 0.5016 0.7270
vn -0.4928 -0.2356 -0.8376
vn 0.6942 -0.6744 -0.2516
vn -0.6657 -0.3375 -0.6655
vn -0.8551 0.2483 -0.4551
vn -0.6541 0.1321 -0.7448
vn -0.5998 0.3674 0.7108
vn 0.3421 -0.0515 0.9382
vn -0.4279 0.3131 -0.8478
vn -0.0603 -0.1879 -0.9803
vn -0.3467 -0.1533 -0.9254
vn 0.3847 0.6683 -0.6367
vn 0.8966 -0.1790 0.4052
vn 0.8880 -0.4219 -0.1832
vn -0.5211 0.2256 -0.8231
vn 0.5710 0.1132 0.8131
vn 0.5915 -0.1224 0.7970
vn 0.9313 -0.2088 0.2983
vn 0.5304 0.2152 0.8200
vn -0.1931 0.1594 0.9682
vn -0.4657 -0.6341 0.6173
vn -0.3203 0.3852 0.8654
vn 0.7318 0.0901 -0.6755
vn 0.8109 -0.2788 -0.5145
vn 0.6240 0.4366 0.6481
vn 0.3382 0.4013 0.8512
vn -0.8429 -0.0011 0.5380
vn -0.0488 -0.9750 0.2170
vn 0.4277 0.7570 -0.4940
vn 0.2032 0.9672 -0.1525
vn 0.6609 -0.7429 -0.1062
vn 0.8054 0.5383 -0.2482
vn 0.3828 0.7442 0.5473
vn -0.6441 -0.4213 0.6385
vn -0.8523 0.5169 0.0799
vn 0.1133 0.0247 -0.9933
vn -0.5236 -0.7828 0.3362
vn 0.5821 0.2195 0.7829
vn 0.1487 0.7593 0.6336
vn -0.1288 0.5441 0.8291
vn -0.5439 -0.8387 -0.0262
vn -0.4414 0.2579 0.8594
vn 0.4461 0.8831 -0.1453
vn 0.5435 0.5618 -0.6237
vn 0.2946 0.2164 -0.9308
vn -0.5518 -0.1455 -0.8212
vn -0.4146 -0.7417 0.5272
vn -0.2764 -0.9187 0.2820
vn 0.0425 0.5796 0.8138
vn 0.8065 -0.1080 0.5813
vn 0.6393 0.0113 0.7689
vn 0.4274 0.7532 -0.5000
vn -0.6280 0.6596 0.4130
vn -0.0951 -0.9905 0.0994
vn -0.7564 -0.3700 0.5395
vn -0.6351 -0.4751 -0.6090
vn -0.8583 0.2369 -0.4551
vn 0.1738 0.7698 -0.6142
vn -0.3824 0.7787 -0.4975
vn 0.1900 0.3537 -0.9159
vn 0.4522 -0.7246 -0.5201
vn 0.4018 0.2439 0.8827
vn -0.5302 -0.0720 0.8448
vn -0.3711 0.7238 0.5818
vn 0.0269 -0.9209 0.3889
vn 0.9886 -0.0754 -0.1303
vn 0.5891 0.5872 0.5551
vn 0.6238 -0.6773 0.3899
vn 0.9666 -0.0622 -0.2487
vn 0.5576 -0.1280 -0.8202
vn -0.8725 0.1847 -0.4523
vn 0.4299 0.0250 0.9025
vn -0.3536 0.7166 -0.6012
vn 0.3513 -0.9350 -0.0480
vn -0.5246 0.6735 -0.5207
vn 0.9985 -0.0498 0.0223
vn 0.9910 -0.0599 0.1199
vn 0.7039 0.2078 -0.6792
vn -0.2529 -0.9674 0.0161
vn 0.0317 -0.1180 0.9925
vn 0.9606 0.0938 -0.2615
vn 0.4705 0.8124 -0.3444
vn 0.9109 -0.4125 -0.0084
vn 0.0382 -0.9970 0.0675
vn 0.5557 0.3502 0.7540
vn -0.0699 -0.0508 0.9963
vn -0.2504 0.9671 0.0448
vn 0.5458 -0.1036 -0.8315
vn 0.5056 -0.6425 -0.5758
vn 0.9590 0.1031 -0.2639
vn 0.9511 0.0291 -0.3075
vn 0.9600 0.0708 -0.2708
vn 0.6931 -0.7125 0.1090
vn -0.2972 -0.8961 -0.3297
vn 0.5781 -0.7747 -0.2563
vn 0.3541 0.0408 0.9343
vn -0.9361 -0.0310 -0.3503
vn 0.0182 -0.9953 -0.0949
vn -0.2641 -0.7121 0.6505
vn 0.0301 -0.8038 0.5941
vn -0.1148 -0.5049 0.8555
vn -0.6570 -0.7351 0.1674
vn -0.4415 0.7280 -0.5246
vn 0.5966 0.3573 -0.7186
vn 0.8384 -0.0466 0.5430
vn 0.8010 0.5007 0.3281
vn 0.4503 0.3997 0.7984
vn 0.2015 -0.4352 0.8775
vn 0.2341 -0.1779 0.9558
vn -0.1710 0.6736 0.7190
vn -0.2182 0.1166 0.9689
vn 0.3764 0.2042 -0.9037
vn 0.6377 0.2161 -0.7393
vn -0.2736 0.9453 0.1778
vn -0.3296 0.0868 0.9401
vn -0.7455 0.0365 0.6655
vn 0.2090 -0.1029 -0.9725
vn 0.2146 -0.3936 0.8939
vn 0.2647 0.0128 0.9642
vn 0.2326 -0.8354 0.4980
vn 0.5089 -0.8451 -0.1637
vn 0.5032 0.5029 0.7028
vn 0.7663 0.0364 -0.6415
vn 0.3107 -0.7424 0.5935
vn -0.1891 0.4212 0.8870
vn -0.6774 -0.7111 0.1884
vn -0.3711 -0.1818 -0.9106
vn -0.4010 0.6076 0.6856
vn -0.0175 -0.5728 -0.8195
vn 0.2718 -0.1159 -0.9554
vn 0.3594 0.3602 -0.8609
vn 0.6464 0.4842 -0.5896
vn -0.0422 -0.5468 0.8362
vn 0.1269 -0.9892 0.0738
vn 0.8597 -0.4733 -0.1923
vn 0.4554 -0.8429 0.2865
vn 0.3518 -0.4516 -0.8200
vn -0.2135 -0.9766 0.0246
vn -0.1383 -0.1738 0.9750
vn -0.0754 0.8851 -0.4593
vn 0.4665 0.0086 -0.8845
vn 0.8484 -0.4541 -0.2721
vn 0.9104 0.3988 -0.1105
vn 0.3473 0.7714 -0.5332
vn 0.8512 -0.1886 -0.4897
vn 0.0914 0.3933 0.9149
vn 0.2633 -0.5752 -0.7744
vn -0.7487 -0.3262 -0.5771
vn -0.6687 -0.1630 -0.7255
vn 0.6059 0.1372 -0.7836
vn 0.7939 -0.5572 0.2433
vn 0.7041 -0.6050 -0.3719
vn 0.2607 -0.9651 -0.0232
vn -0.8848 -0.4291 0.1818
vn -0.3695 0.4050 0.8363
vn -0.4622 -0.5372 0.7055
vn 0.5286 0.0319 0.8483
vn 0.5292 0.4814 0.6987
vn 0.2148 -0.0979 0.9717
vn 0.4441 0.1132 -0.8888
vn -0.2283 0.5884 -0.7757
vn 0.4540 0.3862 -0.8030
vn 0.8304 0.4359 0.3469
vn 0.3844 0.3379 -0.8591
vn 0.7503 -0.3722 -0.5463
vn 0.6282 -0.5877 -0.5098
vn 0.4261 -0.6115 0.6667
vn 0.5212 -0.6921 -0.4993
vn 0.3906 -0.0448 0.9195
vn -0.6980 -0.0490 0.7144
vn -0.5163 -0.1822 0.8368
vn 0.6542 -0.1313 -0.7449
vn 0.7258 0.5953 -0.3448
vn 0.1163 -0.3694 0.9220
vn 0.9411 -0.0122 -0.3378
vn 0.9392 0.0391 -0.3410
vn 0.6201 -0.1931 0.7604
vn 0.8416 -0.2690 0.4683
vn 0.7327 0.6007 -0.3198
vn 0.7660 0.5177 -0.3811
vn 0.7835 -0.0025 -0.6214
vn 0.4172 0.0094 -0.9088
vn 0.3538 0.0968 -0.9303
vn 0.8513 0.4106 -0.3267
vn 0.3550 -0.0723 -0.9321
vn 0.5816 -0.2427 -0.7764
vn -0.0614 -0.2819 -0.9575
vn 0.1506 -0.6462 0.7481
vn 0.7160 0.1743 0.6760
vn 0.2140 -0.0534 -0.9754
vn 0.3572 0.1000 0.9286
vn 0.6006 0.0641 0.7970
vn 0.0837 -0.9539 -0.2882
vn -0.0223 0.3985 0.9169
vn 0.8500 0.0976 -0.5176
vn 0.1364 0.0721 -0.9880
vn 0.7134 -0.2875 -0.6390
vn -0.1517 -0.1808 -0.9718
vn 0.4971 -0.0721 -0.8647
vn -0.3702 -0.6284 -0.6842
vn -0.4202 -0.2647 0.8680
vn -0.2552 -0.0109 0.9668
vn 0.5522 0.0086 0.8337
vn 0.9103 -0.0787 0.4065
vn 0.8652 0.4759 0.1578
vn 0.8241 -0.1984 -0.5305
vn 0.8028 0.2990 -0.5158
vn 0.7248 0.0116 0.6888
vn 0.4664 -0.0484 -0.8832
vn 0.7849 -0.3946 0.4778
vn 0.8845 -0.4418 0.1496
vn -0.1141 -0.7959 -0.5945
vn 0.4795 0.8232 0.3040
vn 0.0257 0.2055 -0.9783
vn -0.3669 -0.7672 -0.5261
vn -0.2243 -0.8924 0.3915
vn -0.1023 0.0120 0.9947
vn 0.4152 -0.8552 -0.3101
vn 0.8392 0.0018 0.5438
vn -0.2219 0.4869 -0.8448
vn 0.6496 -0.0065 0.7603
vn -0.3572 -0.8828 0.3050
vn 0.2726 0.8610 0.4293
vn 0.0290 0.4424 0.8964
vn 0.8095 0.5619 -0.1702
vn 0.4039 0.7627 0.5051
vn 0.3785 0.0344 -0.9250
vn 0.1508 0.3421 -0.9275
vn -0.7426 -0.3138 -0.5917
vn 0.5686 -0.0027 -0.8226
vn 0.5792 0.0267 0.8148
vn 0.2642 0.8057 -0.5301
vn -0.0920 -0.9796 0.1785
vn -0.8027 0.2516 0.5407
vn 0.9501 -0.2986 -0.0903
vn -0.9611 0.1204 -0.2486
vn -0.1558 -0.2864 -0.9454
vn 0.9895 -0.1232 0.0756
vn 0.8510 0.3094 -0.4244
vn 0.1866 0.0217 -0.9822
vn 0.7583 -0.1692 0.6296
vn 0.2780 -0.1447 0.9496
vn 0.0656 -0.1925 0.9791
vn -0.0298 -0.8808 0.4725
vn 0.4561 0.0245 -0.8896
vn 0.2416 0.7223 0.6480
vn 0.2968 -0.0843 -0.9512
vn -0.6604 -0.3193 0.6796
vn 0.2916 -0.4154 0.8616
vn -0.0364 0.9838 -0.1757
vn 0.1871 0.9816 0.0371
vn 0.6296 0.7213 -0.2887
vn 0.3534 0.4247 -0.8335
vn -0.6764 -0.1385 -0.7234
vn -0.4441 -0.0382 -0.8952
vn 0.2817 0.2158 0.9349
vn 0.5666 -0.8239 0.0139
vn -0.6227 0.2674 -0.7353
vn 0.5289 0.8126 -0.2449
vn 0.7621 -0.2811 0.5832
vn 0.1837 -0.0889 0.9790
vn 0.3745 0.0712 0.9245
vn 0.3759 0.6182 0.6903
vn -0.2394 -0.1008 0.9657
vn 0.5013 0.0712 -0.8623
vn 0.6886 -0.6800 0.2518
vn -0.3535 0.7308 0.5839
vn 0.2175 0.0977 -0.9712
vn -0.5208 -0.7612 0.3864
vn -0.3398 0.0033 -0.9405
vn -0.6780 -0.7081 0.1973
vn 0.0665 -0.5239 0.8492
vn 0.3618 0.2992 0.8829
vn 0.2884 0.7767 -0.5599
vn 0.3699 0.0048 0.9291
vn 0.6743 -0.6122 0.4130
vn -0.6948 -0.1419 -0.7051
vn -0.0284 -0.0984 -0.9947
vn 0.5438 -0.1205 -0.8305
vn 0.5326 0.1601 0.8311
vn 0.3723 0.4408 0.8168
vn 0.9385 0.2333 -0.2545
vn 0.8716 0.2129 0.4416
vn 0.1553 -0.7189 0.6776
vn 0.4337 -0.0670 -0.8986
vn 0.8643 0.3685 -0.3422
vn -0.2862 -0.2328 -0.9295
vn 0.0363 0.8162 -0.5767
vn 0.6804 0.5773 0.4514
vn 0.7697 -0.1311 0.6248
vn 0.4700 0.4278 -0.7721
vn 0.2103 0.2379 0.9483
vn -0.8019 -0.5335 0.2688
vn -0.1722 -0.0091 -0.9850
vn -0.0747 0.9702 0.2303
vn 0.3988 -0.5782 0.7118
vn 0.8008 0.0872 0.5925
vn -0.0553 0.0010 -0.9985
vn 0.4366 0.0640 -0.8974
vn 0.5063 0.0728 -0.8593
vn 0.8564 -0.5141 -0.0480
vn -0.0311 -0.0197 -0.9993
vn 0.1398 0.3305 -0.9334
vn 0.1388 -0.8811 -0.4521
vn 0.3820 0.9213 0.0726
vn 0.2476 -0.5405 -0.8041
vn 0.0340 -0.7623 0.6463
vn -0.4570 -0.6150 -0.6426
vn 0.7345 0.5088 0.4491
vn 0.2289 0.2909 0.9290
vn 0.9205 -0.1299 0.3686
vn 0.5426 0.0413 0.8389
vn -0.0778 0.5272 -0.8462
vn 0.3680 0.7752 -0.5135
vn 0.3732 -0.0103 0.9277
vn 0.2719 -0.7256 -0.6321
vn 0.3811 -0.9227 0.0583
vn 0.3833 -0.6813 0.6237
vn 0.5438 -0.0523 0.8376
vn 0.8970 0.0584 -0.4381
vn 0.8461 0.0812 -0.5269
vn 0.9434 -0.0164 -0.3313
vn -0.5077 -0.0271 0.8611
vn 0.5385 -0.0585 -0.8406
vn 0.6565 0.1057 0.7469
vn -0.0376 -0.8143 0.5792
vn 0.3662 -0.7858 0.4984
vn -0.8891 -0.3377 0.3091
vn 0.4479 0.1728 -0.8772
vn -0.0262 -0.6780 0.7346
vn 0.9859 0.1138 -0.1223
vn -0.8542 -0.0769 0.5142
vn 0.4511 0.0584 -0.8905
vn 0.6637 -0.3838 0.6420
vn 0.7156 -0.6825 -0.1488
vn 0.7681 -0.1284 0.6274
vn -0.5704 0.2502 -0.7823
vn 0.5797 0.5757 0.5766
vn 0.7341 -0.6397 -0.2279
vn 0.8229 -0.0511 0.5658
vn 0.8874 -0.3987 -0.2314
vn 0.3279 0.8989 -0.2905
vn 0.7686 -0.3417 0.5408
vn -0.9029 0.1501 0.4029
vn -0.7047 0.2020 0.6802
vn -0.5615 0.5263 0.6386
vn 0.7598 -0.5094 -0.4041
vn 0.9347 0.3460 -0.0812
vn 0.9711 -0.0070 -0.2385
vn -0.5525 0.0056 0.8335
vn -0.5475 0.7939 0.2645
vn -0.5373 -0.8038 0.2554
vn 0.8101 -0.5859 0.0201
vn 0.7914 -0.0419 -0.6099
vn 0.3664 0.3684 0.8544
vn 0.2570 0.9566 -0.1373
vn -0.0930 -0.2198 0.9711
vn 0.8613 -0.3030 -0.4079
vn 0.2730 0.3710 -0.8876
vn 0.4830 0.3466 -0.8041
vn 0.5179 -0.0837 -0.8513
vn 0.4077 0.8788 0.2480
vn 0.2768 0.3695 -0.8871
vn -0.7247 -0.6416 0.2512
vn 0.6243 0.6249 0.4688
vn 0.6099 0.0209 -0.7922
vn 0.5627 -0.0855 -0.8222
vn -0.6300 -0.0597 -0.7743
vn 0.5780 -0.0035 -0.8160
vn 0.3164 0.0116 0.9486
vn -0.0623 0.0309 0.9976
vn -0.8081 0.2460 0.5352
vn 0.9481 0.2083 0.2401
vn 0.5365 0.2327 -0.8112
vn 0.7208 -0.1052 0.6851
vn -0.1491 0.2512 -0.9564
vn 0.5330 0.0191 0.8459
vn -0.5235 -0.5920 0.6127
vn -0.3317 0.0816 -0.9399
vn 0.1768 -0.6657 -0.7250
vn 0.3917 0.0741 0.9171
vn 0.4652 0.2819 0.8391
vn 0.5268 0.1382 0.8387
vn 0.0163 -0.3679 -0.9297
vn 0.1995 0.8125 0.5477
vn 0.1025 0.2510 0.9625
vn 0.3661 -0.5855 -0.7233
vn 0.3749 0.0875 -0.9229
vn -0.9930 0.0539 0.1050
vn 0.3471 0.2597 -0.9012
vn 0.5366 -0.0246 -0.8435
vn 0.1529 -0.0192 0.9881
vn -0.0611 0.3673 0.9281
vn 0.6828 0.3066 0.6632
vn 0.6788 0.4370 0.5901
vn 0.7166 0.0449 -0.6961
vn 0.6451 0.3947 0.6543
vn 0.5817 -0.1374 0.8017
vn 0.7411 0.0565 0.6690
vn 0.2256 0.9709 0.0802
vn 0.7694 -0.0585 0.6361
vn 0.9532 0.2640 0.1471
vn 0.2887 -0.0965 -0.9526
vn 0.1514 0.3528 -0.9233
vn 0.4758 0.1175 -0.8717
vn 0.4253 -0.9019 -0.0756
vn 0.9508 -0.1997 -0.2367
vn 0.6272 -0.6098 -0.4846
vn 0.4859 -0.8529 0.1907
vn 0.5878 0.1286 0.7987
vn 0.9929 -0.0731 -0.0939
vn 0.1779 -0.9250 0.3357
vn -0.8075 0.0394 -0.5886
vn 0.6179 -0.0365 -0.7854
vn 0.4580 -0.0165 -0.8888
vn 0.2271 0.9521 0.2048
vn 0.9318 -0.1044 0.3477
vn -0.2710 0.8587 0.4350
vn -0.5717 0.3185 0.7561
vn 0.6784 0.0125 -0.7346
vn -0.3452 -0.6389 0.6875
vn -0.5453 0.3989 -0.7372
vn 0.0239 -0.9052 -0.4242
vn 0.3366 0.3197 -0.8857
vn -0.3143 -0.3063 0.8986
vn -0.4842 0.1976 0.8523
vn 0.7517 -0.1275 0.6471
vn -0.0047 -0.1831 0.9831
vn 0.1141 -0.5166 0.8486
vn 0.7109 0.6647 -0.2298
vn 0.5573 0.0513 0.8288
vn 0.7147 0.3245 0.6196
vn 0.9065 0.0620 -0.4176
vn 0.6416 -0.2700 -0.7180
vn 0.2385 0.8340 -0.4976
vn 0.4011 -0.0347 0.9154
vn 0.4486 -0.0492 0.8924
vn 0.5258 -0.0626 -0.8483
vn -0.3873 0.6069 -0.6940
vn -0.8608 0.2375 0.4502
vn 0.9887 -0.0370 0.1453
vn 0.8325 0.4761 -0.2833
vn -0.8147 0.5657 -0.1277
vn 0.9683 0.2156 -0.1261
vn -0.1121 0.1162 -0.9869
vn 0.3116 0.3504 -0.8832
vn 0.6477 -0.0004 0.7619
vn 0.5987 0.7762 0.1976
vn 0.9109 -0.2208 0.3487
vn 0.9256 -0.2929 0.2395
vn 0.1591 0.7526 0.6390
vn 0.8321 -0.4909 0.2581
vn 0.9541 0.1119 0.2777
vn 0.0437 -0.0928 0.9947
vn 0.3137 -0.8738 -0.3716
vn -0.7584 -0.6419 -0.1132
vn -0.0386 -0.3766 -0.9256
vn -0.7513 0.4745 -0.4587
vn -0.7932 -0.5190 0.3187
vn -0.8986 0.4351 -0.0562
vn -0.9209 -0.3433 0.1849
vn -0.0470 0.8374 0.5445
vn 0.4156 0.0004 -0.9096
vn 0.1653 -0.9849 -0.0524
vn 0.6500 -0.0175 0.7597
vn 0.7290 0.1018 0.6769
vn 0.8415 0.2624 0.4722
vn 0.7839 -0.5397 -0.3069
vn -0.8581 0.3818 -0.3434
vn 0.6447 -0.5622 0.5180
vn 0.4840 0.0710 0.8722
vn -0.4069 0.4500 -0.7949
vn -0.0223 -0.0312 0.9993
vn 0.0801 -0.0296 0.9963
vn -0.2272 0.0289 0.9734
vn 0.5611 -0.7768 -0.2858
vn 0.3382 0.9193 0.2011
vn 0.9219 0.1429 0.3602
vn -0.5971 -0.4807 0.6422
vn -0.7648 -0.5808 -0.2788
vn 0.5853 -0.4972 0.6405
vn 0.7676 0.0549 0.6386
vn -0.0780 -0.2772 0.9576
vn -0.1592 -0.5646 -0.8099
vn 0.1646 -0.7240 -0.6699
vn 0.9695 -0.1629 -0.1832
vn 0.6499 0.4871 0.5834
vn 0.9213 -0.0212 -0.3882
vn 0.5898 -0.3300 0.7370
vn -0.8146 -0.0699 -0.5758
vn -0.5253 0.8422 0.1215
vn 0.8142 -0.3744 -0.4437
vn 0.3294 0.9167 -0.2263
vn -0.4347 0.8649 0.2511
vn 0.6424 -0.1021 -0.7596
vn -0.4146 -0.2181 0.8835
vn 0.6306 0.0038 -0.7761
vn 0.5685 -0.1889 0.8007
vn 0.5241 -0.5355 0.6623
vn 0.6738 -0.0204 -0.7386
vn 0.9657 0.2594 0.0115
vn 0.5683 -0.3423 0.7482
vn 0.1873 0.1431 0.9718
vn 0.5918 0.7313 0.3392
vn 0.6407 0.1222 0.7580
vn -0.0127 0.0562 0.9983
vn -0.0896 0.2457 0.9652
vn 0.3187 -0.0946 -0.9431
vn 0.9989 0.0220 0.0424
vn -0.4208 -0.7625 0.4915
vn 0.8163 0.4101 -0.4067
vn 0.9650 -0.1966 -0.1734
vn 0.3914 -0.0127 0.9201
vn -0.2930 0.6731 0.6790
vn 0.2373 0.0697 -0.9689
vn -0.8137 0.5338 -0.2300
vn 0.4915 -0.5682 -0.6600
vn 0.4965 -0.5204 -0.6947
vn 0.2111 -0.9437 0.2547
vn -0.1316 -0.9763 0.1717
vn 0.0941 0.0596 -0.9938
vn 0.4471 0.6281 -0.6369
vn -0.5796 -0.0172 -0.8147
vn -0.5962 -0.6676 0.4460
vn -0.9113 -0.0808 -0.4037
vn -0.3580 0.6872 0.6322
vn 0.7023 -0.0958 0.7054
vn 0.3769 -0.1510 0.9138
vn 0.5678 -0.7502 0.3389
vn -0.3553 0.9165 0.1837
vn 0.5491 0.7372 0.3937
vn -0.0865 0.9839 0.1563
vn 0.5926 0.0189 0.8053
vn 0.3613 0.8793 0.3104
vn 0.1689 0.8674 0.4681
vn -0.2010 0.9084 -0.3667
vn -0.3054 0.8525 0.4242
vn -0.1065 0.9587 0.2636
vn 0.0246 0.9940 0.1067
vn 0.1071 0.9030 -0.4162
vn 0.5016 -0.3991 -0.7675
vn 0.2036 0.9785 -0.0319
vn -0.6388 -0.6286 -0.4437
vn -0.3672 0.6514 -0.6639
vn 0.9487 -0.1899 -0.2527
vn 0.9625 -0.1198 0.2432
vn -0.6662 -0.1828 0.7230
vn -0.8880 -0.2413 0.3913
vn -0.8348 -0.0763 0.5453
vn 0.9291 -0.3071 -0.2062
vn 0.2128 -0.2409 -0.9469
vn -0.6079 0.7916 -0.0619
vn -0.2130 -0.3234 0.9220
vn -0.3089 0.0516 0.9497
vn 0.9539 -0.1700 0.2472
vn -0.2574 -0.2903 -0.9216
vn -0.5427 0.2491 0.8022
vn 0.5147 0.4304 0.7415
vn 0.5104 -0.0284 -0.8595
vn 0.5789 0.4690 0.6670
vn -0.1646 -0.9382 -0.3044
vn 0.4762 0.4153 0.7751
vn -0.1045 0.3095 0.9451
vn -0.7375 -0.1437 -0.6599
vn 0.2269 -0.2949 0.9282
vn -0.2529 0.9241 0.2866
vn -0.1090 -0.9448 0.3089
vn 0.7012 -0.3965 0.5926
vn 0.9856 0.1683 -0.0144
vn 0.6689 -0.2398 -0.7036
vn 0.0485 -0.9929 0.1088
vn 0.6762 -0.0125 -0.7366
vn 0.8421 0.1560 -0.5163
vn -0.5998 0.0292 -0.7996
vn 0.6195 -0.3843 -0.6844
vn 0.5756 -0.6370 -0.5128
vn 0.2278 -0.3099 -0.9231
vn 0.7141 0.6743 0.1879
vn -0.6828 0.5109 -0.5223
vn 0.2798 -0.5708 0.7720
vn 0.3945 0.6017 0.6945
vn 0.1299 0.9399 -0.3158
vn 0.8043 0.0513 0.5920
vn 0.2321 0.7565 -0.6114
vn 0.9387 0.3310 0.0962
vn 0.5059 0.8089 -0.2995
vn 0.4138 0.9031 -0.1144
vn -0.6638 -0.5945 0.4538
vn 0.6682 0.0170 0.7438
vn 0.3134 0.9120 -0.2647
vn 0.4916 0.8164 0.3031
vn 0.2896 -0.9500 -0.1165
vn 0.1587 0.9631 -0.2175
vn 0.3114 0.4072 0.8586
vn 0.8875 -0.0800 0.4538
vn 0.9717 -0.2322 0.0437
vn 0.4444 0.8739 -0.1971
vn 0.0667 0.1049 0.9922
vn 0.2758 -0.3647 -0.8893
vn 0.3514 -0.4882 0.7989
vn 0.4488 0.8104 0.3766
vn -0.4199 0.8226 -0.3834
vn 0.3633 -0.3869 -0.8475
vn 0.6657 -0.0339 -0.7454
vn -0.3771 0.0107 -0.9261
vn -0.8897 -0.4566 -0.0023
vn 0.9122 -0.4097 -0.0100
vn 0.6458 0.0268 0.7631
vn 0.7119 0.1049 0.6944
vn 0.6284 0.4973 0.5981
vn 0.2395 0.1276 0.9625
vn 0.9665 -0.1762 0.1865
vn 0.7398 0.2955 0.6045
vn 0.8371 0.2204 0.5007
vn 0.7008 -0.7106 0.0620
vn 0.6787 0.6432 0.3545
vn 0.6319 0.1845 0.7527
vn -0.7172 -0.4290 0.5491
vn -0.6384 0.4625 0.6152
vn -0.4206 0.8358 0.3529
vn 0.6187 0.6905 0.3747
vn 0.7557 0.1056 -0.6464
vn 0.9949 -0.0893 0.0468
vn 0.1038 -0.3044 -0.9469
vn -0.5631 0.8254 0.0405
vn -0.0024 0.6585 0.7526
vn 0.2353 0.9093 0.3433
vn 0.4464 0.0202 0.8946
vn 0.2649 -0.0144 0.9642
vn 0.6503 -0.7481 0.1322
vn 0.8347 0.2000 -0.5131
vn 0.7518 -0.2922 0.5911
vn 0.6675 0.5451 -0.5072
vn 0.1072 0.9896 -0.0960
vn 0.2086 0.7699 -0.6031
vn 0.0120 -0.6504 0.7595
vn -0.5710 -0.6254 -0.5318
vn -0.8972 -0.4342 0.0807
vn -0.3088 0.0099 -0.9511
vn 0.5386 -0.0439 0.8414
vn -0.1563 0.8656 -0.4757
vn 0.7122 -0.6312 -0.3072
vn 0.7978 -0.4181 -0.4344
vn 0.8872 0.0074 0.4614
vn 0.9037 -0.0383 0.4265
vn 0.9028 0.0110 0.4299
vn -0.4956 0.1681 0.8521
vn 0.4650 0.1398 0.8742
vn -0.3818 0.9110 -0.1557
vn 0.5453 -0.1264 0.8287
vn 0.4434 -0.0654 0.8939
vn 0.0259 0.8128 0.5820
vn -0.6263 -0.3566 -0.6933
vn 0.9446 -0.0229 0.3275
vn 0.8275 0.4113 -0.3823
vn 0.3546 0.8439 0.4025
vn -0.3290 -0.9437 -0.0336
vn 0.4065 -0.5949 -0.6934
vn 0.8381 0.0072 -0.5455
vn 0.9507 -0.1087 -0.2904
vn 0.9508 0.1107 0.2893
vn 0.9838 -0.0378 -0.1755
vn 0.7824 -0.0061 0.6227
vn 0.8122 -0.0022 0.5834
vn 0.7600 -0.0064 0.6499
vn 0.5454 0.5123 -0.6634
vn 0.7154 -0.6407 0.2788
vn 0.2537 0.9069 -0.3365
vn 0.9042 0.4110 0.1166
vn 0.7913 0.0745 -0.6069
vn 0.7528 0.0014 0.6582
vn 0.6853 0.7118 0.1542
vn 0.6810 -0.0212 -0.7320
vn -0.2423 0.9702 -0.0082
vn 0.6951 0.1610 0.7006
vn 0.7231 0.0558 0.6885
vn 0.7273 0.1528 -0.6691
vn 0.6422 -0.0613 -0.7641
vn -0.0349 0.0538 0.9979
vn 0.8157 -0.0385 -0.5772
vn -0.1169 -0.9599 -0.2549
vn 0.3191 -0.8914 0.3218
vn 0.9012 0.3741 0.2189
vn 0.4520 0.3529 0.8193
vn 0.7453 0.6271 0.2265
vn 0.4770 0.2952 -0.8278
vn 0.1590 0.8080 -0.5673
vn 0.9302 0.2074 -0.3027
vn 0.4590 0.0776 0.8851
vn 0.4826 0.3331 -0.8100
vn 0.5830 -0.0955 -0.8069
vn 0.2761 -0.6915 0.6676
vn 0.6249 0.7300 -0.2767
vn 0.2704 -0.5307 -0.8033
vn 0.8922 0.3650 0.2661
vn -0.2361 -0.9328 0.2724
vn 0.7273 0.0085 -0.6863
vn 0.7523 0.3307 0.5698
vn -0.4499 0.3538 0.8200
vn 0.7931 0.0633 -0.6058
vn 0.1386 0.1341 -0.9812
vn -0.0857 0.0586 -0.9946
vn 0.7753 -0.5032 0.3818
vn 0.7730 0.0732 0.6301
vn 0.9572 -0.2710 -0.1019
vn 0.8051 0.0284 -0.5924
vn -0.1917 -0.4360 -0.8793
vn -0.2791 0.9572 -0.0771
vn 0.6138 -0.0696 0.7864
vn 0.7420 -0.1412 -0.6554
vn 0.0154 0.1670 0.9858
vn -0.1412 0.0613 -0.9881
vn 0.1712 -0.9622 -0.2118
vn -0.1602 -0.9499 -0.2685
vn 0.0396 -0.8827 -0.4682
vn 0.0673 0.0196 -0.9975
vn 0.9903 -0.0739 -0.1180
vn 0.9244 0.0530 -0.3778
vn 0.2946 -0.0500 0.9543
vn 0.7955 -0.4050 -0.4507
vn -0.1369 0.2393 0.9613
vn -0.6413 -0.7625 0.0861
vn 0.1705 0.9562 0.2379
vn 0.9970 0.0225 -0.0735
vn 0.8132 0.3424 0.4706
vn 0.9330 -0.3224 0.1600
vn 0.9455 0.0472 0.3223
vn 0.8983 0.2512 0.3604
vn 0.7168 0.1060 0.6892
vn 0.3683 -0.9202 -0.1328
vn -0.4944 0.4562 -0.7399
vn 0.0995 0.8498 0.5177
vn 0.6757 0.4540 0.5808
vn 0.7220 -0.3546 0.5941
vn -0.2491 -0.9658 0.0713
vn 0.8437 -0.0206 0.5364
vn 0.8517 0.1277 0.5083
vn 0.9866 0.0655 -0.1495
vn 0.7220 0.0192 0.6916
vn 0.5678 -0.7416 -0.3572
vn 0.5820 -0.0950 0.8076
vn 0.8411 0.1529 -0.5188
vn 0.2607 0.9645 -0.0415
vn 0.4125 -0.0642 0.9087
vn 0.7476 0.6616 0.0579
vn 0.7501 0.6321 0.1942
vn 0.9957 0.0132 0.0918
vn 0.9413 0.0307 0.3361
vn 0.7357 -0.4641 -0.4933
vn 0.6905 0.3232 0.6472
vn 0.5649 0.0060 0.8252
vn 0.3118 -0.2616 -0.9134
vn 0.9206 -0.2457 0.3036
vn 0.9750 -0.2182 -0.0414
vn -0.3860 0.2543 0.8867
vn 0.8338 -0.5112 -0.2086
vn 0.9342 -0.0507 0.3530
vn 0.5035 0.8620 0.0589
vn 0.1806 -0.6722 -0.7180
vn 0.8066 -0.0064 -0.5911
vn 0.9397 -0.2016 -0.2762
vn 0.3995 0.8162 -0.4173
vn 0.8060 0.0578 0.5891
vn 0.5534 0.1741 -0.8145
vn 0.5991 0.1462 0.7872
vn 0.8019 0.0261 -0.5969
vn 0.8764 0.0586 -0.4780
vn 0.6243 0.1277 0.7707
vn 0.3229 -0.0283 0.9460
vn 0.6716 0.2296 0.7044
vn -0.0793 0.4734 0.8773
vn 0.7085 0.4486 0.5449
vn 0.2843 -0.8359 0.4696
vn -0.5473 0.8273 0.1263
vn -0.6472 0.5785 -0.4965
vn 0.4464 -0.6892 0.5707
vn 0.4489 0.3614 0.8172
vn 0.7388 -0.0330 -0.6731
vn 0.6714 0.0989 -0.7345
vn 0.6172 -0.5502 0.5624
vn 0.8169 0.4741 0.3285
vn 0.9627 0.0599 -0.2639
vn 0.1330 0.0521 0.9897
vn 0.8706 0.1373 0.4724
vn 0.3891 0.8803 0.2715
vn -0.0759 -0.8526 0.5170
vn 0.2481 -0.2891 -0.9246
vn -0.3588 -0.1135 0.9265
vn 0.8723 0.1334 -0.4704
vn 0.6253 -0.6142 -0.4814
vn 0.8799 -0.2505 -0.4037
vn 0.8800 0.0425 0.4730
vn 0.6136 -0.7114 -0.3427
vn -0.9598 -0.0329 0.2789
vn -0.7323 0.0347 -0.6801
vn -0.7322 0.0341 -0.6802
vn -0.7318 0.0356 -0.6806
vn 0.8434 0.4040 -0.3542
vn 0.7347 -0.0772 -0.6740
vn 0.7066 0.6265 0.3290
vn 0.3887 -0.7856 -0.4814
vn -0.0841 -0.3820 -0.9203
vn 0.6306 -0.1897 0.7525
vn -0.1182 0.5991 0.7919
vn -0.9736 -0.0601 0.2202
vn 0.6494 -0.0306 0.7598
vn -0.1905 0.1499 -0.9702
vn 0.5434 -0.7271 -0.4197
vn -0.5652 -0.7010 -0.4350
vn 0.2669 0.9381 0.2210
vn 0.5062 -0.8623 -0.0156
vn 0.9057 -0.3285 0.2679
vn 0.0081 0.0507 0.9987
vn 0.3705 0.7981 0.4751
vn -0.2387 0.0022 0.9711
vn -0.0712 0.9972 -0.0235
vn 0.5915 0.2370 0.7707
vn 0.9409 0.3318 0.0674
vn 0.8000 0.0517 -0.5977
vn 0.9844 -0.1501 0.0920
vn 0.6228 0.0539 0.7805
vn 0.8824 0.1015 0.4595
vn 0.3041 0.9438 0.1294
vn 0.8738 0.0529 0.4833
vn 0.0523 -0.4699 -0.8812
vn 0.9248 0.2941 -0.2413
vn 0.4688 0.3917 0.7917
vn -0.6281 -0.7392 0.2429
vn -0.7363 0.0178 -0.6764
vn -0.8560 -0.5149 0.0468
vn 0.8474 -0.0124 -0.5309
vn -0.2327 -0.6581 -0.7161
vn 0.7955 -0.5565 -0.2397
vn 0.6996 0.6519 -0.2926
vn 0.8477 -0.0339 0.5294
vn 0.2820 0.0023 0.9594
vn 0.2645 0.9505 -0.1627
vn 0.6364 0.5827 -0.5055
vn 0.4280 -0.3008 0.8523
vn -0.0373 -0.2506 -0.9674
vn 0.9537 0.0402 -0.2981
vn -0.6431 0.2184 -0.7339
vn 0.3500 0.0124 0.9367
vn 0.6346 0.0146 0.7727
vn 0.3563 0.0062 0.9343
vn 0.6272 0.7629 0.1569
vn -0.4860 -0.8538 -0.1865
vn 0.8686 0.4767 -0.1353
vn 0.7348 -0.0531 0.6762
vn 0.9058 0.0861 -0.4148
vn 0.7873 0.2647 -0.5569
vn -0.5452 0.8041 -0.2371
vn 0.5048 0.7220 -0.4731
vn 0.3080 0.8713 -0.3821
vn 0.0231 -0.9417 -0.3357
vn -0.3542 -0.1609 -0.9212
vn 0.8582 0.1487 0.4914
vn -0.2997 0.9401 -0.1624
vn 0.9144 -0.0032 -0.4047
vn 0.9179 0.0070 0.3967
vn 0.7938 0.0013 0.6082
vn 0.9032 0.1354 0.4073
vn 0.6642 -0.5262 0.5310
vn 0.4478 -0.4858 0.7507
vn 0.8986 -0.0690 0.4333
vn -0.2180 0.1862 0.9580
vn 0.6261 0.2419 0.7413
vn -0.1500 0.1114 0.9824
vn 0.7296 -0.0143 -0.6837
vn 0.8673 -0.0258 -0.4971
vn 0.8993 0.0057 -0.4373
vn -0.5473 -0.8202 0.1664
vn 0.3559 0.5413 0.7618
vn 0.4696 -0.8829 0.0038
vn 0.8374 0.0432 -0.5449
vn 0.5262 0.1722 0.8328
vn 0.4413 -0.2004 -0.8747
vn 0.1936 -0.3059 0.9322
vn 0.3337 -0.5945 -0.7316
vn 0.9101 -0.0078 -0.4143
vn -0.2382 0.8241 -0.5139
vn 0.5276 -0.1211 -0.8408
vn -0.1001 -0.9401 0.3260
vn 0.5671 -0.4345 -0.6997
vn -0.1955 0.5544 -0.8090
vn 0.4317 -0.8804 0.1963
vn 0.9133 -0.2406 0.3287
vn -0.5817 0.8134 -0.0036
vn 0.7045 -0.5015 0.5022
vn -0.2423 0.7678 -0.5931
vn 0.2482 0.9671 -0.0562
vn 0.8885 -0.4564 0.0470
vn 0.4330 0.8695 0.2377
vn 0.9274 0.2096 0.3099
vn 0.4437 -0.4339 -0.7841
vn 0.7470 -0.1667 -0.6435
vn 0.9637 -0.2284 -0.1385
vn 0.8725 0.0040 0.4886
vn 0.9872 0.0940 0.1287
vn 0.8454 -0.4965 0.1969
vn 0.7110 0.1458 0.6879
vn 0.5684 0.6458 0.5098
vn 0.8699 -0.1234 0.4775
vn -0.9020 -0.3739 0.2159
vn 0.9258 -0.0107 0.3779
vn 0.8608 0.2109 -0.4631
vn -0.7299 0.0223 -0.6831
vn -0.3796 0.9025 0.2036
vn 0.2702 0.9474 -0.1717
vn -0.1328 0.0668 0.9889
vn -0.2779 -0.2163 -0.9359
vn 0.5349 0.2849 0.7954
vn 0.9849 -0.1034 0.1386
vn -0.1245 -0.0053 0.9922
vn 0.8173 -0.3483 0.4590
vn 0.5443 0.7697 0.3336
vn 0.5351 0.6901 0.4873
vn 0.6665 -0.0407 -0.7444
vn 0.5389 0.8000 -0.2639
vn -0.1027 0.5178 -0.8493
vn 0.4744 -0.8245 0.3086
vn 0.9114 -0.1867 -0.3667
vn 0.0805 -0.5699 -0.8177
vn 0.2591 -0.0158 -0.9657
vn 0.9940 -0.1023 -0.0382
vn -0.6830 -0.2391 -0.6902
vn 0.9365 0.2653 0.2293
vn -0.1483 0.0432 -0.9880
vn 0.9739 -0.0984 -0.2047
vn 0.9984 0.0221 -0.0521
vn 0.8265 0.0033 -0.5629
vn 0.9741 0.2055 0.0944
vn -0.1229 0.3409 0.9320
vn 0.5255 0.4770 -0.7045
vn 0.7899 0.2258 0.5701
vn 0.9490 -0.0057 -0.3152
vn -0.1919 -0.6555 0.7304
vn 0.6810 -0.2066 -0.7025
vn 0.6881 -0.2162 -0.6926
vn 0.8551 -0.0009 0.5184
vn -0.6731 -0.2059 0.7103
vn 0.6454 -0.4980 0.5792
vn -0.9519 -0.1653 0.2579
vn 0.5460 0.7476 -0.3780
vn 0.5686 -0.1101 0.8152
vn 0.1718 0.9748 0.1422
vn 0.3545 0.4323 -0.8291
vn 0.5590 -0.4511 0.6958
vn 0.4225 -0.4929 0.7606
vn 0.9389 0.1661 -0.3015
vn 0.8066 0.2059 0.5541
vn 0.9243 0.0802 0.3732
vn -0.8411 0.0374 -0.5396
vn 0.9557 0.0785 0.2836
vn 0.9197 -0.0044 -0.3926
vn 0.6845 0.4508 0.5729
vn 0.8102 0.5846 -0.0418
vn 0.8568 -0.2247 -0.4642
vn -0.0953 -0.7971 -0.5963
vn 0.9699 -0.1220 0.2109
vn 0.0246 0.2209 0.9750
vn 0.2778 -0.7574 -0.5909
vn 0.0635 -0.7189 -0.6922
vn 0.9348 -0.3245 -0.1443
vn -0.7452 -0.4448 0.4968
vn 0.7021 -0.2237 -0.6761
vn 0.3946 -0.8379 -0.3772
vn 0.1698 0.9206 0.3517
vn 0.7107 0.4074 -0.5735
vn 0.8519 0.4727 0.2252
vn 0.8227 -0.5586 0.1055
vn 0.7893 0.0080 0.6140
vn 0.7671 0.0217 -0.6412
vn 0.7927 -0.1643 -0.5871
vn 0.7163 0.3647 0.5949
vn 0.7997 0.0834 0.5945
vn 0.5764 -0.4841 0.6584
vn 0.4905 -0.3023 0.8173
vn 0.5801 -0.4810 0.6574
vn 0.9571 -0.2608 -0.1265
vn 0.5049 -0.8392 0.2020
vn 0.9986 0.0419 -0.0334
vn 0.8426 0.0631 0.5348
vn -0.0441 -0.1739 -0.9838
vn 0.6770 0.3809 0.6297
vn 0.4372 0.8973 -0.0608
vn -0.3301 0.6851 -0.6494
vn 0.8497 -0.3911 0.3536
vn 0.9700 0.0116 -0.2429
vn 0.4491 0.8505 -0.2738
vn 0.7572 -0.1923 -0.6242
vn 0.9776 0.0196 0.2095
vn 0.2059 -0.3690 -0.9063
vn 0.9201 -0.1595 0.3576
vn 0.5106 0.5563 0.6556
vn -0.5618 -0.6511 -0.5103
vn -0.1536 -0.4996 -0.8525
vn 0.4457 0.7654 0.4642
vn -0.2543 -0.5473 0.7973
vn 0.8721 0.3915 0.2936
vn 0.9926 0.1152 0.0387
vn 0.9835 -0.0433 0.1756
vn 0.5669 -0.1564 -0.8088
vn -0.7401 -0.2191 -0.6358
vn 0.9721 0.0584 0.2270
vn 0.1022 0.6390 -0.7624
vn 0.4628 0.3938 -0.7942
vn 0.3776 0.7528 0.5391
vn 0.5483 -0.2877 0.7852
vn 0.1826 -0.6829 0.7073
vn -0.3291 -0.3054 0.8936
vn 0.0682 0.1795 0.9814
vn 0.8709 0.4681 -0.1496
vn -0.5060 0.1004 0.8567
vn 0.6224 -0.1469 -0.7688
vn -0.2659 -0.6422 0.7189
vn -0.5559 0.3222 0.7662
vn 0.1751 -0.0843 0.9809
vn 0.9811 0.0295 -0.1911
vn 0.9952 0.0948 0.0244
vn 0.9795 0.0002 0.2016
vn 0.5223 0.8447 0.1167
vn 0.7265 -0.2032 -0.6565
vn 0.9952 0.0325 -0.0925
vn -0.3061 0.5303 0.7906
vn -0.6086 0.0163 0.7933
vn 0.7140 -0.3477 -0.6077
vn 0.9373 -0.3429 -0.0630
vn 0.6019 0.6021 0.5246
vn -0.1103 0.2483 -0.9624
vn 0.2704 -0.9213 0.2794
vn 0.5141 0.6818 0.5205
vn 0.8706 0.3743 0.3195
vn -0.2037 -0.1895 0.9605
vn 0.9950 -0.0583 -0.0812
vn 0.9767 -0.0280 -0.2128
vn -0.9374 -0.0362 -0.3463
vn -0.2435 0.1949 0.9501
vn -0.5805 0.4534 0.6763
vn 0.6267 0.3473 -0.6976
vn 0.4845 0.6979 -0.5274
vn 0.4376 -0.0881 0.8948
vn 0.4694 0.1872 0.8629
vn 0.9447 0.1263 0.3027
vn 0.0531 -0.8529 -0.5194
vn -0.4656 -0.8000 -0.3784
vn 0.2699 0.6888 -0.6728
vn 0.9844 0.0850 -0.1539
vn 0.7015 0.5991 0.3859
vn -0.9536 0.1798 -0.2416
vn -0.7933 -0.5846 -0.1703
vn -0.7880 -0.5663 -0.2416
vn -0.1425 0.5289 0.8366
vn 0.5420 -0.8276 -0.1461
vn 0.9782 0.1333 -0.1590
vn 0.9606 0.0719 -0.2686
vn -0.8994 0.2561 0.3543
vn -0.9717 0.2069 0.1138
vn -0.9288 -0.0019 -0.3705
vn 0.9907 0.0235 -0.1342
vn 0.9835 0.0053 0.1809
vn 0.8501 -0.2891 -0.4402
vn -0.9640 -0.0950 -0.2482
vn 0.8256 -0.1972 0.5286
vn 0.7903 0.6021 -0.1139
vn 0.4321 0.7044 -0.5631
vn 0.9772 -0.1991 -0.0740
vn -0.1613 0.8784 0.4499
vn 0.7827 0.0231 -0.6219
vn 0.8082 0.3966 -0.4355
vn 0.9801 0.1592 0.1188
vn 0.4609 0.0481 0.8862
vn -0.1857 -0.1378 -0.9729
vn -0.6084 -0.2451 -0.7549
vn 0.9320 -0.3569 0.0629
vn 0.7272 -0.5168 0.4517
vn 0.8753 0.0264 -0.4829
vn 0.9319 -0.3471 0.1057
vn 0.7292 0.4567 -0.5096
vn 0.8712 -0.4103 0.2696
vn -0.0551 0.8304 0.5544
vn 0.9734 0.0113 0.2289
vn 0.3629 -0.3576 -0.8605
vn 0.7859 0.1944 0.5869
vn 0.2892 0.9560 0.0500
vn 0.8534 0.3584 0.3785
vn -0.1000 -0.9950 0.0044
vn 0.3360 0.4717 0.8152
vn -0.8828 -0.4532 0.1232
vn 0.8064 0.4226 0.4137
vn -0.0112 0.7873 0.6165
vn 0.4223 0.6142 -0.6667
vn 0.6339 0.1780 -0.7526
vn 0.7325 0.0962 -0.6739
vn 0.9435 -0.0465 0.3280
vn 0.9325 0.3560 -0.0610
vn 0.8922 0.0260 0.4509
vn 0.6170 0.7835 -0.0736
vn 0.9953 0.0651 0.0723
vn 0.8186 -0.2795 -0.5018
vn 0.1613 0.0458 0.9858
vn 0.7798 -0.6230 0.0612
vn 0.4241 -0.5586 -0.7128
vn -0.7939 -0.6023 -0.0831
vn 0.5537 0.3840 -0.7389
vn 0.3479 -0.6370 -0.6879
vn 0.4422 -0.8557 -0.2688
vn 0.0332 0.7598 0.6493
vn -0.6000 -0.0159 -0.7998
vn 0.8563 -0.0319 -0.5155
vn 0.8203 0.1570 0.5500
vn 0.9975 0.0182 -0.0681
vn -0.8041 -0.4879 0.3397
vn 0.9482 -0.2586 -0.1847
vn 0.8140 0.5580 0.1612
vn 0.9920 0.0884 0.0900
vn -0.3567 0.5155 -0.7791
vn -0.6180 -0.0905 0.7810
vn -0.8904 0.0253 0.4545
vn -0.8835 0.0491 -0.4659
vn -0.6236 -0.3287 -0.7093
vn -0.7579 0.4850 0.4362
vn -0.5042 0.8532 0.1336
vn -0.6466 0.4497 0.6162
vn 0.9029 -0.1036 -0.4171
vn 0.9590 0.0735 0.2738
vn 0.9266 0.2582 -0.2735
vn 0.5744 0.2990 -0.7620
vn 0.9225 -0.3858 0.0098
vn 0.4976 0.5674 -0.6561
vn 0.5227 -0.3015 0.7974
vn 0.2192 -0.0973 -0.9708
vn 0.8418 0.5220 0.1373
vn 0.7904 0.1138 -0.6019
vn 0.3561 -0.2606 -0.8974
vn -0.0616 0.8672 0.4941
vn -0.3731 -0.8996 -0.2268
vn -0.1759 -0.9788 -0.1049
vn -0.1361 0.1022 0.9854
vn 0.2660 -0.2353 -0.9348
vn -0.3071 0.9122 0.2711
vn 0.1784 0.8883 -0.4231
vn 0.5398 0.1865 -0.8208
vn 0.7374 0.2768 0.6162
vn 0.8254 0.5494 0.1298
vn -0.9733 0.1053 -0.2038
vn 0.8538 0.3338 0.3995
vn -0.3969 -0.8735 -0.2819
vn 0.9846 0.1051 0.1398
vn 0.8831 0.1300 0.4508
vn 0.2272 0.3713 0.9003
vn 0.8546 -0.1892 0.4836
vn -0.8568 0.3901 0.3371
vn -0.7767 -0.6236 0.0882
vn -0.6280 -0.2833 -0.7249
vn 0.3110 -0.0004 0.9504
vn -0.2233 0.6570 -0.7201
vn 0.9129 0.1157 0.3915
vn 0.9265 0.1197 0.3566
vn 0.9346 0.3536 -0.0384
vn -0.0408 0.9782 0.2037
vn -0.1697 0.1582 -0.9727
vn 0.0537 0.4854 -0.8726
vn 0.9303 -0.0690 -0.3602
vn 0.8823 -0.0059 0.4706
vn 0.9204 -0.3716 -0.1218
vn 0.8535 0.4176 -0.3117
vn 0.5968 0.7987 0.0768
vn 0.4781 0.4877 0.7304
vn -0.4375 -0.7743 0.4573
vn -0.4240 -0.8561 0.2954
vn 0.9204 -0.0096 0.3908
vn -0.1653 -0.0003 -0.9862
vn 0.8509 0.4960 0.1731
vn 0.9961 -0.0423 0.0769
vn 0.9171 -0.0520 -0.3952
vn -0.9160 -0.0347 0.3996
vn 0.8512 0.0170 -0.5245
vn 0.2613 0.1048 0.9596
vn 0.0331 0.8559 -0.5161
vn 0.8617 -0.5008 -0.0813
vn 0.4497 -0.1872 -0.8733
vn 0.4572 -0.6786 0.5748
vn -0.8300 -0.1637 -0.5332
vn 0.9726 0.0003 -0.2324
vn 0.9541 0.1378 0.2658
vn 0.9796 0.1019 -0.1730
vn 0.8458 0.0952 0.5250
vn 0.7640 0.2548 -0.5928
vn 0.4783 -0.7993 0.3638
vn 0.9081 -0.0121 0.4185
vn -0.6894 0.0187 -0.7241
vn 0.3918 -0.9201 0.0038
vn 0.9715 0.1690 -0.1663
vn 0.9980 0.0449 0.0436
vn 0.8772 -0.1074 -0.4679
vn -0.7956 0.4299 -0.4269
vn -0.3834 0.1063 -0.9174
vn -0.9532 -0.1681 0.2511
vn 0.3959 -0.5121 -0.7622
vn 0.9872 0.0346 0.1559
vn 0.9703 0.0013 0.2417
vn 0.9947 0.0106 0.1022
vn 0.3075 0.4342 -0.8467
vn 0.9243 0.0585 0.3772
vn -0.8306 0.4361 0.3464
vn 0.3957 0.1347 -0.9085
vn 0.3307 -0.0043 0.9437
vn 0.8188 -0.1502 -0.5541
vn -0.2237 -0.0794 -0.9714
vn 0.4517 0.7605 0.4665
vn 0.2015 -0.0400 0.9787
vn 0.5710 0.4489 0.6873
vn 0.3245 -0.0167 -0.9457
vn 0.9068 0.0206 0.4211
vn 0.9626 0.1154 0.2451
vn 0.9901 -0.1210 -0.0714
vn 0.9764 0.1597 0.1455
vn 0.7676 0.0659 0.6376
vn 0.3475 -0.9260 -0.1474
vn 0.0281 0.9994 0.0177
vn -0.1128 0.9759 -0.1868
vn 0.8995 0.4030 0.1690
vn -0.8694 0.1331 0.4758
vn 0.6876 0.6807 -0.2528
vn -0.1723 0.2055 0.9634
vn 0.7678 0.6329 0.0993
vn 0.7677 -0.1398 -0.6253
vn -0.2237 -0.9718 -0.0747
vn -0.8413 -0.5325 -0.0927
vn 0.0445 0.7416 -0.6694
vn 0.0296 -0.2344 0.9717
vn 0.7986 0.2194 -0.5605
vn 0.3560 -0.9168 0.1811
vn 0.6759 -0.0545 -0.7350
vn -0.5510 -0.7498 -0.3663
vn 0.6023 -0.4201 -0.6788
vn -0.2947 0.2781 0.9142
vn 0.8704 -0.4877 -0.0677
vn 0.9329 -0.3362 0.1293
vn 0.9122 0.0804 0.4017
vn 0.9375 0.2549 0.2369
vn 0.7044 0.3362 0.6252
vn 0.7759 -0.5173 0.3612
vn 0.6902 0.1946 0.6970
vn -0.9984 -0.0406 -0.0390
vn 0.9255 0.0482 0.3757
vn -0.7954 -0.4736 0.3781
vn -0.1710 0.3465 -0.9223
vn 0.9394 0.0617 -0.3371
vn 0.9516 0.2848 -0.1151
vn 0.9129 0.1494 0.3799
vn 0.9421 0.0440 0.3323
vn 0.6035 0.7945 -0.0674
vn 0.7211 0.1857 0.6675
vn 0.9095 0.2663 -0.3193
vn 0.1536 -0.4709 0.8687
vn 0.9767 0.0029 -0.2145
vn 0.8202 0.0377 -0.5709
vn 0.3828 0.1031 -0.9181
vn 0.9819 0.0445 -0.1843
vn -0.9255 -0.0210 -0.3781
vn 0.8802 0.4717 -0.0531
vn 0.9291 -0.0847 0.3599
vn 0.6637 -0.2519 0.7043
vn -0.5177 0.1541 -0.8416
vn -0.9364 -0.0760 0.3425
vn -0.9516 -0.1188 0.2834
vn -0.9173 -0.1009 0.3853
vn 0.9650 -0.1023 -0.2415
vn 0.9082 0.1409 0.3940
vn 0.0638 -0.0004 -0.9980
vn -0.1095 -0.9186 0.3797
vn -0.2202 -0.2635 -0.9392
vn 0.7360 -0.1682 -0.6557
vn 0.5943 0.7935 -0.1307
vn 0.9983 0.0352 0.0454
vn 0.6668 -0.2557 -0.7000
vn 0.8681 0.1226 -0.4811
vn -0.8530 0.0902 -0.5140
vn 0.5075 0.4653 -0.7252
vn 0.3785 0.8566 0.3508
vn 0.0272 0.0828 -0.9962
vn -0.1756 -0.0668 0.9822
vn 0.4843 0.1983 0.8521
vn 0.1942 0.1715 0.9658
vn -0.7857 0.3967 0.4746
vn -0.9339 -0.3456 -0.0915
vn 0.9930 -0.1053 0.0537
vn -0.6477 -0.3840 -0.6580
vn 0.1821 -0.9777 -0.1044
vn 0.8966 0.2013 -0.3944
vn 0.2616 -0.1451 0.9542
vn 0.6724 -0.5741 0.4671
vn 0.6603 0.7155 0.2280
vn -0.3917 0.6117 0.6873
vn 0.9130 -0.3987 -0.0862
vn -0.1376 -0.8691 0.4752
vn 0.8908 0.2712 -0.3647
vn -0.9279 -0.1258 -0.3509
vn 0.9128 0.2338 0.3350
vn -0.5840 -0.5590 -0.5886
vn -0.4000 -0.0520 0.9150
vn 0.3836 -0.2774 0.8809
vn -0.1005 -0.4369 0.8939
vn -0.1288 -0.3716 -0.9194
vn -0.0305 -0.1601 -0.9866
vn -0.3871 -0.5322 -0.7529
vn -0.7976 -0.5301 0.2878
vn -0.2567 0.8398 0.4784
vn 0.2400 0.7834 0.5734
vn 0.9037 0.1072 -0.4145
vn 0.9965 -0.0353 0.0763
vn 0.9299 -0.3015 0.2108
vn 0.2696 0.1717 0.9475
vn 0.9909 0.0437 0.1271
vn 0.6953 0.4999 -0.5164
vn -0.9305 -0.3568 -0.0830
vn 0.4925 -0.0863 -0.8660
vn 0.3481 0.5656 -0.7476
vn 0.9032 0.3506 0.2475
vn -0.3038 -0.1125 0.9461
vn 0.8996 0.0048 -0.4366
vn -0.5680 0.5614 -0.6018
vn 0.5448 -0.0733 0.8354
vn 0.9921 0.0272 0.1227
vn 0.3789 0.8441 -0.3795
vn -0.3268 0.0067 0.9451
vn -0.2655 0.1969 -0.9438
vn 0.8495 0.2472 -0.4662
vn 0.8727 0.0284 -0.4874
vn 0.9176 0.0042 -0.3976
vn 0.4305 0.8376 -0.3363
vn 0.2446 0.4453 0.8613
vn 0.3323 -0.5239 0.7842
vn -0.0087 0.2674 -0.9636
vn 0.8795 0.3006 0.3690
vn -0.2667 0.9297 -0.2539
vn -0.0609 -0.2231 0.9729
vn -0.8743 -0.4801 0.0715
vn 0.9853 -0.1422 0.0944
vn -0.8582 -0.3640 0.3620
vn -0.8566 -0.3663 0.3635
vn -0.8526 -0.3717 0.3673
vn 0.3894 0.2401 -0.8892
vn 0.6415 0.6876 -0.3400
vn -0.5513 -0.2183 -0.8053
vn 0.5109 -0.8595 0.0167
vn 0.8334 0.5439 -0.0980
vn -0.7885 0.0900 -0.6084
vn 0.7412 -0.4598 0.4891
vn 0.8746 -0.4650 0.1370
vn 0.5053 0.8465 -0.1673
vn 0.9916 -0.0513 0.1184
vn 0.9697 -0.1545 0.1894
vn -0.5194 -0.7010 -0.4887
vn 0.8371 -0.1888 0.5135
vn 0.6671 -0.6477 0.3682
vn -0.6175 0.3668 -0.6958
vn -0.0398 -0.8809 0.4716
vn -0.2741 -0.8887 0.3676
vn -0.1217 -0.8899 0.4396
vn -0.8622 -0.4984 -0.0902
vn -0.1888 0.9568 -0.2210
vn 0.9627 0.2525 -0.0969
vn 0.7431 -0.1471 -0.6528
vn 0.5592 0.7555 0.3413
vn 0.1093 -0.0945 0.9895
vn -0.0405 -0.8912 0.4517
vn 0.6538 -0.4866 0.5795
vn 0.5326 -0.7249 0.4368
vn 0.4322 0.2763 -0.8584
vn 0.7432 0.0942 -0.6624
vn 0.2394 0.5044 0.8296
vn -0.7387 0.3055 -0.6008
vn -0.8465 0.0747 0.5271
vn -0.0669 0.8943 -0.4425
vn 0.6445 0.5105 0.5692
vn 0.3545 0.9087 -0.2206
vn -0.0379 0.9370 -0.3472
vn -0.0496 0.9702 0.2373
vn 0.8933 -0.4492 -0.0118
vn -0.1166 0.9924 0.0382
vn -0.0229 -0.7066 0.7072
vn 0.5561 -0.7233 0.4094
vn 0.4387 -0.5913 0.6767
vn 0.2792 -0.9567 0.0827
vn 0.1828 0.9827 0.0297
vn -0.9394 -0.0628 0.3370
vn -0.5707 0.8007 -0.1824
vn -0.3394 0.2456 -0.9080
vn -0.1516 -0.1375 -0.9788
vn 0.7640 0.1683 0.6228
vn 0.2276 -0.9593 -0.1669
vn 0.8055 0.5855 0.0912
vn -0.0546 0.0859 0.9948
vn -0.0686 0.1044 -0.9922
vn -0.0820 0.2307 0.9696
vn 0.5468 -0.0181 0.8371
vn -0.1508 -0.9873 -0.0510
vn -0.0276 -0.1170 0.9928
vn 0.4792 0.8598 -0.1763
vn 0.9488 0.2983 0.1041
vn 0.4186 -0.0266 -0.9078
vn 0.5737 -0.1621 0.8029
vn 0.5921 -0.1632 0.7892
vn 0.8618 0.3011 -0.4082
vn 0.0286 0.3554 -0.9343
vn 0.6163 0.4672 0.6339
vn -0.7195 -0.2666 -0.6412
vn -0.8589 -0.5106 0.0390
vn -0.8984 -0.3966 0.1883
vn 0.9766 0.2149 0.0118
vn -0.5397 -0.8349 0.1078
vn 0.6075 -0.2229 -0.7624
vn -0.1706 -0.5079 -0.8443
vn 0.5614 -0.7132 0.4198
vn 0.2241 -0.1833 -0.9572
vn -0.3637 -0.3912 0.8454
vn -0.7735 -0.6022 -0.1976
vn 0.7681 -0.1346 -0.6260
vn -0.4388 -0.6588 -0.6111
vn -0.0323 0.4843 0.8743
vn 0.4338 0.2556 -0.8640
vn -0.6275 -0.7470 -0.2196
vn 0.5264 0.6213 0.5804
vn 0.6827 0.7214 0.1164
vn -0.8437 -0.3691 -0.3897
vn 0.7986 0.1661 -0.5785
vn -0.9167 -0.2036 0.3438
vn -0.9277 -0.3649 -0.0794
vn -0.8143 -0.2859 0.5051
vn -0.0973 -0.8214 0.5620
vn 0.0639 -0.1164 -0.9911
vn -0.8107 0.0971 0.5774
vn -0.7347 -0.5121 0.4450
vn -0.8512 -0.3736 0.3686
vn 0.9395 0.3112 -0.1430
vn -0.1760 -0.6812 0.7106
vn -0.2406 -0.4936 -0.8357
vn 0.2062 -0.1396 0.9685
vn -0.1376 -0.0407 -0.9897
vn 0.2062 0.9149 0.3471
vn -0.7125 -0.3036 0.6326
vn 0.0219 0.0278 0.9994
vn -0.4871 -0.4008 -0.7760
vn 0.7599 0.0545 0.6477
vn 0.4395 -0.8281 0.3481
vn 0.9437 -0.3142 0.1036
vn 0.3002 -0.3672 0.8804
vn 0.9232 0.2206 -0.3146
vn 0.7220 0.2902 -0.6281
vn 0.4009 0.7262 0.5585
vn 0.9948 0.0883 -0.0502
vn 0.9157 0.3711 0.1544
vn -0.2677 0.2957 -0.9170
vn -0.1451 0.6177 0.7729
vn -0.1279 0.2802 -0.9514
vn -0.2989 0.2384 -0.9241
vn -0.7627 0.0153 -0.6466
vn 0.9507 -0.2412 0.1947
vn -0.7135 -0.1689 -0.6800
vn -0.2479 0.8979 -0.3638
vn 0.2197 -0.2454 0.9442
vn 0.8629 0.0851 0.4981
vn -0.6858 -0.4192 0.5950
vn -0.1721 -0.9840 0.0463
vn 0.1177 -0.8546 0.5058
vn 0.0359 -0.8807 0.4723
vn -0.5488 -0.6586 -0.5149
vn 0.4091 -0.6282 -0.6618
vn 0.4736 0.8244 -0.3099
vn -0.2369 -0.5096 -0.8271
vn 0.5209 -0.2201 0.8248
vn -0.1309 -0.9591 0.2509
vn -0.7877 -0.2853 0.5460
vn -0.2983 -0.8661 0.4012
vn -0.0826 0.3589 0.9297
vn -0.3506 -0.6864 -0.6371
vn -0.1333 -0.0707 -0.9885
vn 0.5880 0.4674 -0.6602
vn 0.4886 0.3362 -0.8051
vn -0.9035 -0.2857 0.3194
vn -0.9157 -0.2617 0.3050
vn -0.1710 0.1736 -0.9699
vn -0.8671 0.2322 0.4407
vn -0.5358 0.4052 -0.7407
vn -0.8457 -0.0033 -0.5337
vn 0.9434 0.2410 -0.2276
vn 0.6493 -0.6447 0.4034
vn 0.3431 -0.0259 0.9389
vn 0.8417 0.2490 0.4790
vn -0.6629 -0.4491 -0.5991
vn -0.6558 -0.6431 -0.3955
vn -0.9910 0.0647 -0.1168
vn 0.1292 0.2702 0.9541
vn -0.0287 -0.0602 -0.9978
vn 0.5743 -0.6114 0.5443
vn 0.4302 0.3284 -0.8409
vn 0.1402 0.9106 0.3887
vn 0.3999 -0.0272 0.9161
vn -0.7653 0.5770 0.2853
vn 0.6444 -0.7642 0.0284
vn -0.0292 -0.6778 -0.7347
vn 0.3088 -0.1338 -0.9417
vn -0.5863 0.7674 0.2594
vn 0.2017 0.0108 -0.9794
vn -0.4459 -0.4098 0.7958
vn -0.5860 -0.7548 0.2949
vn 0.2693 -0.6754 -0.6865
vn 0.6402 0.3821 -0.6664
vn -0.8973 -0.4191 -0.1386
vn 0.1251 -0.4891 0.8632
vn 0.5201 -0.2227 -0.8245
vn 0.0867 -0.5554 -0.8270
vn 0.3693 -0.4450 0.8158
vn -0.8923 -0.4096 0.1896
vn 0.3638 0.7206 -0.5903
vn -0.5292 -0.5491 -0.6469
vn 0.1367 -0.7112 0.6896
vn 0.0604 -0.9678 -0.2443
vn 0.2878 0.9557 -0.0623
vn -0.8132 0.4144 -0.4087
vn 0.4003 -0.3555 0.8446
vn -0.7287 -0.5370 -0.4251
vn -0.8168 -0.2863 -0.5009
vn -0.7717 -0.6048 -0.1967
vn 0.8304 0.0541 -0.5546
vn 0.3263 -0.4980 0.8034
vn 0.5552 0.2564 -0.7912
vn 0.5048 0.7711 0.3880
vn 0.8132 0.3540 0.4619
vn -0.5773 -0.5786 0.5762
vn 0.7496 0.3380 0.5690
vn 0.3829 -0.6200 0.6848
vn 0.7195 -0.5528 -0.4205
vn 0.3288 0.2594 0.9081
vn -0.7368 -0.5938 -0.3231
vn -0.9022 -0.1568 -0.4018
vn 0.5587 0.1633 -0.8132
vn 0.5179 -0.5186 0.6804
vn 0.5777 -0.2386 0.7806
vn -0.0671 -0.1775 -0.9818
vn 0.0128 -0.2924 0.9562
vn 0.5456 -0.4391 0.7138
vn 0.5605 0.2437 -0.7915
vn 0.4772 -0.8006 -0.3624
vn 0.2353 -0.1699 0.9570
vn -0.1453 -0.0188 0.9892
vn 0.8097 0.3239 -0.4893
vn -0.6065 0.7449 0.2778
vn -0.9248 -0.0648 -0.3749
vn 0.5720 -0.8145 0.0972
vn 0.9614 -0.2228 0.1617
vn 0.4973 -0.1481 0.8549
vn 0.4290 -0.8785 0.2101
vn 0.7287 0.3828 -0.5679
vn 0.1403 -0.1495 -0.9788
vn 0.2533 -0.0790 0.9642
vn 0.8154 0.0045 -0.5789
vn 0.7362 0.1134 -0.6672
vn -0.7024 -0.5330 0.4718
vn 0.8125 0.5809 -0.0486
vn 0.2510 0.5396 -0.8037
vn 0.0030 -0.4983 -0.8670
vn 0.2581 -0.9457 0.1978
vn -0.6961 0.5396 0.4736
vn -0.7960 -0.5776 0.1809
vn 0.2268 0.7585 -0.6110
vn 0.6123 -0.4507 -0.6496
vn 0.6830 0.6925 0.2322
vn -0.2128 0.0673 -0.9748
vn 0.3620 0.8463 0.3909
vn 0.2978 -0.1088 0.9484
vn 0.4919 0.0297 -0.8702
vn -0.1826 -0.4403 0.8791
vn -0.6446 -0.4649 0.6069
vn 0.4492 0.8683 0.2105
vn 0.3597 0.7764 0.5174
vn -0.0118 0.0063 -0.9999
vn 0.9627 0.2609 -0.0721
vn 0.8488 0.2516 -0.4650
vn 0.1271 -0.3867 -0.9134
vn -0.5169 -0.7706 -0.3728
vn 0.8893 -0.2249 0.3982
vn 0.3192 0.4760 -0.8195
vn 0.9043 -0.1244 0.4083
vn 0.3557 0.4078 -0.8409
vn 0.3393 0.3105 -0.8880
vn 0.7920 0.5413 -0.2823
vn 0.8345 -0.3208 0.4480
vn -0.6289 0.3878 -0.6739
vn 0.6635 0.7200 -0.2035
vn -0.1997 0.3240 0.9247
vn 0.8164 -0.3296 0.4742
vn 0.9462 -0.0440 0.3206
vn 0.7881 -0.5225 -0.3255
vn -0.8171 -0.3070 0.4879
vn 0.3213 -0.4414 -0.8378
vn -0.3225 -0.0766 -0.9435
vn 0.0439 -0.5520 -0.8327
vn 0.8454 -0.3750 0.3803
vn -0.8021 0.2414 0.5463
vn -0.7105 0.6999 -0.0725
vn -0.2773 -0.1759 0.9445
vn 0.6512 0.7576 -0.0449
vn 0.7498 -0.5432 0.3779
vn -0.5015 -0.5209 0.6908
vn 0.7207 0.1556 0.6756
vn -0.0049 0.7439 0.6683
vn 0.1097 -0.1625 0.9806
vn 0.2654 0.6061 0.7498
vn 0.8557 0.4066 0.3200
vn -0.7481 -0.4095 -0.5221
vn 0.8691 0.4220 -0.2580
vn 0.8791 -0.4064 0.2492
vn -0.2526 -0.5086 0.8231
vn 0.8152 -0.3324 -0.4743
vn -0.1589 -0.1961 0.9676
vn 0.1357 0.3604 0.9229
vn 0.8221 -0.0937 -0.5616
vn 0.9127 0.3960 -0.1008
vn 0.9458 -0.1644 0.2800
vn -0.6144 0.3091 0.7259
vn 0.6400 0.7498 -0.1677
vn 0.7647 -0.0675 0.6408
vn 0.9945 0.0174 0.1031
vn 0.3281 -0.2986 0.8962
vn 0.9132 0.2935 -0.2826
vn 0.7593 -0.6434 0.0970
vn -0.4175 -0.5654 -0.7113
vn 0.4730 0.6974 0.5384
vn 0.7957 0.1513 0.5865
vn 0.8847 0.4429 -0.1455
vn 0.8272 -0.5619 -0.0083
vn 0.8059 -0.5416 -0.2391
vn -0.9614 -0.1258 0.2448
vn 0.7480 0.0628 0.6607
vn 0.2702 0.7461 -0.6085
vn -0.6870 0.1784 -0.7044
vn 0.9454 0.0656 -0.3194
vn 0.9642 0.2653 -0.0019
vn 0.0920 -0.0292 0.9953
vn 0.7944 -0.0278 -0.6067
vn -0.0192 -0.2316 0.9726
vn 0.8960 0.2777 -0.3464
vn 0.6060 -0.5133 0.6077
vn -0.0533 -0.0614 0.9967
vn -0.4915 0.8288 -0.2676
vn -0.0490 0.0054 0.9988
vn -0.3286 -0.2061 0.9217
vn 0.2919 0.1837 -0.9386
vn 0.7279 0.0097 -0.6856
vn 0.4133 0.4868 0.7696
vn 0.1401 0.0010 0.9901
vn 0.8678 -0.3009 0.3955
vn 0.8530 0.3398 0.3962
vn 0.2182 0.2403 -0.9459
vn 0.7195 0.4536 -0.5258
vn 0.0931 0.1229 0.9880
vn 0.6338 0.0110 0.7734
vn 0.1409 -0.6602 0.7378
vn -0.0487 -0.0292 -0.9984
vn 0.0592 -0.0189 0.9981
vn 0.7329 -0.6250 -0.2687
vn 0.7926 0.2280 0.5655
vn 0.7125 -0.2792 -0.6438
vn 0.4472 -0.5788 -0.6819
vn 0.7733 0.5817 0.2523
vn 0.2447 0.3213 -0.9148
vn 0.8766 -0.3915 0.2798
vn -0.2330 -0.6314 0.7396
vn -0.5215 -0.5458 -0.6558
vn 0.4948 -0.0093 -0.8689
vn 0.7690 -0.6382 0.0367
vn 0.8101 0.3503 -0.4701
vn 0.0265 0.8577 0.5135
vn 0.5075 -0.7983 -0.3244
vn 0.8595 0.0026 -0.5112
vn 0.0528 0.8118 -0.5815
vn 0.2033 0.1732 -0.9637
vn 0.2262 0.0430 0.9731
vn 0.2868 -0.1558 -0.9452
vn 0.5733 -0.6255 -0.5292
vn 0.8544 0.4028 0.3283
vn 0.9921 -0.1139 0.0523
vn 0.9848 0.1376 -0.1057
vn 0.7080 -0.2830 0.6470
vn 0.7105 0.3008 -0.6362
vn 0.7446 0.4603 0.4834
vn 0.5928 0.1546 0.7904
vn 0.6306 0.2190 -0.7446
vn 0.9229 -0.1767 0.3420
vn 0.9867 -0.1606 0.0270
vt 0.457995 0.132203
vt 0.434738 0.133857
vt 0.455945 0.129275
vt 0.412940 0.129412
vt 0.990824 0.056550
vt 0.977327 0.057383
vt 0.981265 0.054864
vt 0.627235 0.284412
vt 0.659735 0.339126
vt 0.618815 0.334297
vt 0.187077 0.505400
vt 0.131092 0.508876
vt 0.129582 0.505637
vt 0.186140 0.516611
vt 0.962661 0.054673
vt 0.961652 0.057096
vt 0.693841 0.280444
vt 0.179204 0.776590
vt 0.201379 0.769385
vt 0.182305 0.807076
vt 0.226516 0.795971
vt 0.255513 0.782018
vt 0.385947 0.172220
vt 0.368499 0.174838
vt 0.361924 0.150301
vt 0.108877 0.660295
vt 0.122001 0.667780
vt 0.109810 0.673632
vt 0.133488 0.657112
vt 0.664466 0.274856
vt 0.362368 0.139319
vt 0.708019 0.684774
vt 0.691571 0.697320
vt 0.688579 0.678854
vt 0.241103 0.806439
vt 0.438853 0.552042
vt 0.427243 0.535006
vt 0.451424 0.526139
vt 0.070098 0.148199
vt 0.082546 0.143669
vt 0.068658 0.172989
vt 0.301116 0.061139
vt 0.304947 0.071716
vt 0.294038 0.075261
vt 0.496219 0.500181
vt 0.492152 0.508585
vt 0.460671 0.503056
vt 0.688779 0.275494
vt 0.662556 0.690891
vt 0.668139 0.664386
vt 0.687068 0.676353
vt 0.080680 0.859731
vt 0.080680 0.829614
vt 0.084903 0.846458
vt 0.022685 0.104592
vt 0.017824 0.104592
vt 0.025474 0.096708
vt 0.690080 0.699112
vt 0.441937 0.509582
vt 0.691960 0.995471
vt 0.703394 0.994610
vt 0.699202 0.999652
vt 0.701882 0.668438
vt 0.722000 0.675806
vt 0.083918 0.165136
vt 0.461901 0.479792
vt 0.273842 0.068896
vt 0.126757 0.644553
vt 0.661727 0.678275
vt 0.444880 0.475049
vt 0.468480 0.006275
vt 0.468503 0.003610
vt 0.479493 0.003610
vt 0.708740 0.999887
vt 0.635142 0.266999
vt 0.478062 0.006895
vt 0.009701 0.751356
vt 0.009701 0.739890
vt 0.014311 0.749861
vt 0.690238 0.710809
vt 0.688970 0.258610
vt 0.136888 0.650956
vt 0.716518 0.690823
vt 0.741574 0.682980
vt 0.738550 0.661686
vt 0.016547 0.111896
vt 0.029829 0.804479
vt 0.029829 0.822835
vt 0.025199 0.821826
vt 0.673090 0.246667
vt 0.016566 0.097849
vt 0.775869 0.029719
vt 0.798382 0.031689
vt 0.771903 0.032312
vt 0.165061 0.246332
vt 0.140568 0.242272
vt 0.138036 0.226285
vt 0.910579 0.010657
vt 0.908708 0.009087
vt 0.915840 0.010983
vt 0.023364 0.121857
vt 0.019158 0.115850
vt 0.023008 0.106257
vt 0.131702 0.251663
vt 0.153863 0.261146
vt 0.901568 0.011423
vt 0.037317 0.998291
vt 0.021713 0.998291
vt 0.023782 0.994706
vt 0.276250 0.084434
vt 0.034939 0.392710
vt 0.041919 0.400993
vt 0.031117 0.400906
vt 0.672463 0.715792
vt 0.000116 0.690496
vt 0.002843 0.688587
vt 0.005387 0.690603
vt 0.064091 0.388889
vt 0.066474 0.393998
vt 0.066027 0.417514
vt 0.047749 0.010943
vt 0.047749 0.003564
vt 0.049799 0.008321
vt 0.659425 0.680378
vt 0.613835 0.687514
vt 0.124565 0.259909
vt 0.146826 0.273737
vt 0.450393 0.446560
vt 0.041304 0.392823
vt 0.376775 0.140742
vt 0.350567 0.030106
vt 0.361091 0.032926
vt 0.333757 0.032640
vt 0.212494 0.818441
vt 0.141838 0.492256
vt 0.152903 0.480052
vt 0.164114 0.496063
vt 0.000709 0.135693
vt 0.002310 0.130766
vt 0.004793 0.136367
vt 0.112076 0.000072
vt 0.119039 0.000072
vt 0.112084 0.006931
vt 0.300703 0.153412
vt 0.322615 0.147950
vt 0.320162 0.153412
vt 0.304963 0.143236
vt 0.037451 0.390656
vt 0.015062 0.515969
vt 0.009305 0.518065
vt 0.009156 0.506455
vt 0.063119 0.156826
vt 0.067194 0.173430
vt 0.064546 0.173128
vt 0.623692 0.712245
vt 0.731198 0.695773
vt 0.778620 0.674495
vt 0.881768 0.918647
vt 0.851913 0.920047
vt 0.867842 0.908896
vt 0.023896 0.469173
vt 0.023135 0.458291
vt 0.037896 0.468937
vt 0.040863 0.380898
vt 0.227812 0.007133
vt 0.230592 0.003163
vt 0.239421 0.007342
vt 0.068446 0.159007
vt 0.730754 0.642163
vt 0.017858 0.505425
vt 0.131083 0.276249
vt 0.734465 0.964794
vt 0.752501 0.961378
vt 0.790318 0.964686
vt 0.159619 0.255457
vt 0.590974 0.188122
vt 0.611100 0.194026
vt 0.587309 0.200072
vt 0.909562 0.470044
vt 0.910377 0.493677
vt 0.903032 0.481355
vt 0.438614 0.446366
vt 0.141702 0.436404
vt 0.366913 0.984170
vt 0.385114 0.982578
vt 0.387464 0.985406
vt 0.804928 0.005902
vt 0.806857 0.003603
vt 0.814882 0.005259
vt 0.011499 0.504947
vt 0.195739 0.846923
vt 0.214166 0.829125
vt 0.714601 0.737417
vt 0.461988 0.050346
vt 0.452055 0.065595
vt 0.454905 0.052244
vt 0.902622 0.461900
vt 0.618127 0.003329
vt 0.608870 0.004961
vt 0.607486 0.002542
vt 0.861252 0.900220
vt 0.434952 0.049658
vt 0.443039 0.050975
vt 0.442130 0.061156
vt 0.743671 0.640651
vt 0.287466 0.021815
vt 0.264310 0.021815
vt 0.283341 0.016204
vt 0.752059 0.945661
vt 0.703282 0.644358
vt 0.715966 0.637571
vt 0.909207 0.458341
vt 0.627136 0.262590
vt 0.433460 0.058184
vt 0.997789 0.056893
vt 0.991706 0.056893
vt 0.996467 0.054163
vt 0.881574 0.924281
vt 0.774758 0.654451
vt 0.040391 0.116121
vt 0.040391 0.136005
vt 0.031645 0.133930
vt 0.009504 0.146777
vt 0.008734 0.144098
vt 0.014961 0.143663
vt 0.010781 0.784598
vt 0.002626 0.788377
vt 0.004752 0.786213
vt 0.814642 0.990705
vt 0.833682 0.990705
vt 0.830361 0.992286
vt 0.442832 0.068902
vt 0.008051 0.152986
vt 0.164951 0.437254
vt 0.800958 0.684589
vt 0.229657 0.830503
vt 0.645095 0.718777
vt 0.249897 0.692780
vt 0.236847 0.688324
vt 0.237889 0.676405
vt 0.791798 0.945822
vt 0.158312 0.665783
vt 0.159409 0.686732
vt 0.140741 0.630959
vt 0.147466 0.994919
vt 0.140225 0.999990
vt 0.131673 0.994507
vt 0.103926 0.999953
vt 0.088170 0.999953
vt 0.090930 0.995044
vt 0.617644 0.247652
vt 0.666229 0.740316
vt 0.428477 0.142719
vt 0.430889 0.154069
vt 0.413375 0.149760
vt 0.413757 0.137702
vt 0.052432 0.291073
vt 0.042749 0.266706
vt 0.056631 0.267257
vt 0.130416 0.951597
vt 0.125047 0.959265
vt 0.124212 0.909670
vt 0.161973 0.285183
vt 0.051247 0.070629
vt 0.063311 0.070629
vt 0.059198 0.095454
vt 0.388532 0.140050
vt 0.002605 0.777406
vt 0.012402 0.777488
vt 0.981329 0.020721
vt 0.989961 0.027964
vt 0.967517 0.028304
vt 0.174271 0.279831
vt 0.322990 0.991302
vt 0.308310 0.988745
vt 0.317223 0.986463
vt 0.042931 0.284848
vt 0.412463 0.140333
vt 0.009447 0.464140
vt 0.003186 0.464140
vt 0.003060 0.454319
vt 0.603808 0.267099
vt 0.821841 0.895128
vt 0.819583 0.905931
vt 0.077005 0.225922
vt 0.070031 0.215002
vt 0.076730 0.218063
vt 0.068304 0.147230
vt 0.558174 0.161773
vt 0.525431 0.163630
vt 0.541984 0.154223
vt 0.168537 0.985216
vt 0.161147 0.987905
vt 0.150623 0.985081
vt 0.051375 0.499793
vt 0.058558 0.507771
vt 0.045790 0.500509
vt 0.239603 0.729934
vt 0.059250 0.222190
vt 0.063804 0.279958
vt 0.936980 0.179680
vt 0.943960 0.192547
vt 0.938632 0.212434
vt 0.796364 0.665730
vt 0.326007 0.986127
vt 0.823668 0.924063
vt 0.130173 0.941442
vt 0.433320 0.415942
vt 0.023519 0.344857
vt 0.031741 0.338883
vt 0.039013 0.356465
vt 0.022583 0.024144
vt 0.029374 0.025433
vt 0.031444 0.034398
vt 0.909917 0.015633
vt 0.913924 0.019640
vt 0.891479 0.019885
vt 0.998371 0.794523
vt 0.991756 0.791210
vt 0.986122 0.781451
vt 0.599685 0.568115
vt 0.589714 0.571961
vt 0.587974 0.546873
vt 0.002593 0.127182
vt 0.012415 0.127182
vt 0.006457 0.137450
vt 0.214192 0.695030
vt 0.235149 0.714792
vt 0.213204 0.716072
vt 0.026496 0.017128
vt 0.006725 0.261582
vt 0.006613 0.255190
vt 0.016398 0.254676
vt 0.146167 0.092345
vt 0.142269 0.070237
vt 0.169913 0.090313
vt 0.016550 0.849788
vt 0.019960 0.845263
vt 0.030974 0.844559
vt 0.063531 0.522718
vt 0.046940 0.518205
vt 0.560361 0.199105
vt 0.180522 0.272591
vt 0.104204 0.794083
vt 0.111135 0.796576
vt 0.105289 0.804925
vt 0.916297 0.892377
vt 0.913013 0.858395
vt 0.919852 0.867081
vt 0.198163 0.948913
vt 0.223322 0.946712
vt 0.256064 0.949736
vt 0.830284 0.319781
vt 0.847848 0.304884
vt 0.883761 0.321631
vt 0.354125 0.149939
vt 0.710106 0.633485
vt 0.685929 0.632630
vt 0.683321 0.624693
vt 0.041021 0.514294
vt 0.022859 0.823204
vt 0.018118 0.808612
vt 0.026404 0.813071
vt 0.076239 0.978254
vt 0.085245 0.969577
vt 0.083196 0.975009
vt 0.169373 0.002982
vt 0.167942 0.010525
vt 0.164459 0.004299
vt 0.014650 0.973335
vt 0.010118 0.971862
vt 0.018397 0.961132
vt 0.878474 0.575916
vt 0.878389 0.561814
vt 0.884259 0.558807
vt 0.886800 0.566475
vt 0.078968 0.685069
vt 0.077000 0.693776
vt 0.068606 0.690720
vt 0.873642 0.537005
vt 0.458561 0.159447
vt 0.886983 0.551440
vt 0.051593 0.227528
vt 0.054383 0.222697
vt 0.076971 0.227140
vt 0.159597 0.010882
vt 0.126117 0.284109
vt 0.105852 0.978397
vt 0.163737 0.961044
vt 0.141662 0.964937
vt 0.165426 0.956024
vt 0.176890 0.072112
vt 0.200191 0.955866
vt 0.197852 0.960882
vt 0.191704 0.953101
vt 0.572381 0.144041
vt 0.572381 0.136099
vt 0.621716 0.138901
vt 0.910784 0.428284
vt 0.565399 0.229566
vt 0.574842 0.221962
vt 0.604158 0.227132
vt 0.837315 0.679800
vt 0.884045 0.596567
vt 0.878740 0.525400
vt 0.679437 0.760601
vt 0.678899 0.754452
vt 0.685701 0.765063
vt 0.321306 0.993863
vt 0.677996 0.754599
vt 0.645053 0.733745
vt 0.664451 0.740840
vt 0.831819 0.310327
vt 0.024404 0.126210
vt 0.013104 0.134420
vt 0.012114 0.129930
vt 0.990952 0.813221
vt 0.055061 0.210296
vt 0.010463 0.068158
vt 0.014431 0.080370
vt 0.010081 0.080917
vt 0.889880 0.548236
vt 0.096619 0.863873
vt 0.099979 0.854640
vt 0.099685 0.889232
vt 0.042612 0.747906
vt 0.045432 0.745539
vt 0.044533 0.769718
vt 0.590010 0.736745
vt 0.260073 0.550717
vt 0.257186 0.517724
vt 0.260020 0.464291
vt 0.513323 0.245292
vt 0.560137 0.228253
vt 0.599733 0.246985
vt 0.249823 0.704489
vt 0.851338 0.281671
vt 0.589369 0.086010
vt 0.617131 0.081114
vt 0.622236 0.086970
vt 0.077874 0.668711
vt 0.032314 0.787997
vt 0.017390 0.792847
vt 0.028140 0.777251
vt 0.133223 0.640650
vt 0.122644 0.639568
vt 0.127569 0.615970
vt 0.726034 0.030061
vt 0.731110 0.033615
vt 0.721476 0.038974
vt 0.182191 0.961132
vt 0.144694 0.036260
vt 0.148370 0.036401
vt 0.148370 0.053929
vt 0.744483 0.030479
vt 0.939772 0.161253
vt 0.719247 0.005353
vt 0.713455 0.002651
vt 0.723764 0.003012
vt 0.111904 0.808079
vt 0.149276 0.299565
vt 0.586674 0.220829
vt 0.138394 0.623028
vt 0.225861 0.555252
vt 0.246409 0.565631
vt 0.225530 0.559033
vt 0.083612 0.146533
vt 0.084738 0.124094
vt 0.086474 0.140396
vt 0.142800 0.305981
vt 0.878582 0.605602
vt 0.060258 0.096932
vt 0.063629 0.075645
vt 0.081313 0.096444
vt 0.061446 0.108948
vt 0.106993 0.630020
vt 0.081457 0.429595
vt 0.085020 0.457677
vt 0.069342 0.452381
vt 0.954941 0.874549
vt 0.933503 0.830445
vt 0.952781 0.833332
vt 0.040544 0.593155
vt 0.028755 0.576930
vt 0.044782 0.577983
vt 0.446601 0.957535
vt 0.455481 0.961676
vt 0.413797 0.962874
vt 0.103732 0.642685
vt 0.208443 0.555985
vt 0.216003 0.964706
vt 0.551530 0.188571
vt 0.184108 0.956891
vt 0.024306 0.602240
vt 0.010212 0.597093
vt 0.023269 0.596359
vt 0.207304 0.552928
vt 0.073016 0.672394
vt 0.111636 0.715340
vt 0.123400 0.734401
vt 0.119191 0.738326
vt 0.202010 0.963803
vt 0.870017 0.516123
vt 0.215088 0.960540
vt 0.947316 0.870393
vt 0.144277 0.060789
vt 0.019550 0.181369
vt 0.024347 0.195522
vt 0.020728 0.194840
vt 0.639023 0.606721
vt 0.612984 0.609255
vt 0.621925 0.593189
vt 0.137583 0.658667
vt 0.138824 0.649190
vt 0.148491 0.657709
vt 0.824271 0.692270
vt 0.450795 0.978810
vt 0.463172 0.971760
vt 0.467715 0.974940
vt 0.158291 0.002625
vt 0.748259 0.037270
vt 0.428118 0.955585
vt 0.710966 0.599028
vt 0.690624 0.782994
vt 0.245936 0.734335
vt 0.823492 0.922518
vt 0.728104 0.594326
vt 0.077840 0.975000
vt 0.069312 0.978977
vt 0.052725 0.975068
vt 0.651479 0.600740
vt 0.649133 0.625934
vt 0.154553 0.503613
vt 0.162340 0.498925
vt 0.177011 0.504265
vt 0.137577 0.633711
vt 0.894857 0.592939
vt 0.151625 0.626425
vt 0.633203 0.524958
vt 0.624719 0.515877
vt 0.625514 0.511385
vt 0.125372 0.751160
vt 0.224222 0.756789
vt 0.017211 0.775437
vt 0.241246 0.756142
vt 0.127080 0.711572
vt 0.128839 0.717161
vt 0.140586 0.646489
vt 0.714848 0.107601
vt 0.721757 0.114510
vt 0.682445 0.114450
vt 0.059525 0.928163
vt 0.059525 0.953278
vt 0.051030 0.946330
vt 0.186591 0.261928
vt 0.623042 0.519819
vt 0.543477 0.195122
vt 0.843687 0.682155
vt 0.886591 0.616875
vt 0.889578 0.524213
vt 0.157891 0.631363
vt 0.791076 0.316928
vt 0.893238 0.545772
vt 0.896913 0.246395
vt 0.891371 0.258915
vt 0.889860 0.254508
vt 0.993267 0.886446
vt 0.986573 0.886862
vt 0.986573 0.869145
vt 0.506736 0.116332
vt 0.521160 0.125088
vt 0.507791 0.120269
vt 0.025473 0.179665
vt 0.018931 0.716728
vt 0.011748 0.716603
vt 0.008583 0.709485
vt 0.656635 0.646272
vt 0.924355 0.845259
vt 0.538370 0.083068
vt 0.547603 0.086428
vt 0.523251 0.087518
vt 0.132797 0.730827
vt 0.868501 0.511816
vt 0.851527 0.518294
vt 0.930409 0.845110
vt 0.252018 0.953332
vt 0.996938 0.818785
vt 0.473927 0.969002
vt 0.105483 0.829228
vt 0.097401 0.434151
vt 0.514929 0.084344
vt 0.087549 0.784861
vt 0.087549 0.758418
vt 0.089540 0.750907
vt 0.125140 0.504576
vt 0.890115 0.602737
vt 0.226434 0.964858
vt 0.082932 0.214178
vt 0.082932 0.244551
vt 0.078149 0.231242
vt 0.614737 0.232315
vt 0.245985 0.757812
vt 0.240396 0.743643
vt 0.558349 0.991079
vt 0.576718 0.991079
vt 0.565898 0.992913
vt 0.988252 0.821350
vt 0.000199 0.849960
vt 0.005304 0.849960
vt 0.003109 0.855393
vt 0.874671 0.253001
vt 0.068682 0.426765
vt 0.188444 0.556476
vt 0.193738 0.559807
vt 0.053004 0.354117
vt 0.043065 0.336351
vt 0.045919 0.333181
vt 0.240419 0.009105
vt 0.243888 0.009779
vt 0.236352 0.019410
vt 0.794933 0.029673
vt 0.821375 0.029673
vt 0.803645 0.032358
vt 0.041043 0.356663
vt 0.135526 0.725390
vt 0.003771 0.671633
vt 0.002655 0.663734
vt 0.007459 0.670068
vt 0.969134 0.990247
vt 0.969134 0.986241
vt 0.987344 0.987830
vt 0.007164 0.400887
vt 0.015710 0.400290
vt 0.016848 0.407614
vt 0.576620 0.164436
vt 0.138989 0.718234
vt 0.686959 0.811590
vt 0.628620 0.492890
vt 0.633912 0.491037
vt 0.012693 0.573964
vt 0.026327 0.573964
vt 0.019138 0.576111
vt 0.039882 0.493242
vt 0.024651 0.493242
vt 0.033236 0.491751
vt 0.035758 0.881968
vt 0.047293 0.888493
vt 0.042263 0.895677
vt 0.011047 0.116587
vt 0.023471 0.124033
vt 0.013752 0.120916
vt 0.482891 0.974224
vt 0.009922 0.028965
vt 0.005586 0.025327
vt 0.009722 0.017558
vt 0.011009 0.184832
vt 0.018798 0.184696
vt 0.019507 0.195494
vt 0.017830 0.116968
vt 0.023010 0.309629
vt 0.014509 0.309629
vt 0.020194 0.302233
vt 0.001124 0.196105
vt 0.005379 0.196105
vt 0.001624 0.198092
vt 0.098561 0.143883
vt 0.090224 0.140749
vt 0.095436 0.137181
vt 0.874709 0.498883
vt 0.882004 0.503759
vt 0.099534 0.684845
vt 0.099534 0.718857
vt 0.091061 0.700743
vt 0.495633 0.116305
vt 0.025445 0.421565
vt 0.013327 0.423701
vt 0.012073 0.421221
vt 0.808283 0.024900
vt 0.793973 0.016638
vt 0.813237 0.017226
vt 0.922273 0.840235
vt 0.017073 0.294673
vt 0.587043 0.621900
vt 0.012683 0.478774
vt 0.022449 0.483328
vt 0.010101 0.489094
vt 0.790065 0.026383
vt 0.985722 0.904742
vt 0.070114 0.664404
vt 0.633303 0.223352
vt 0.636560 0.229597
vt 0.619572 0.223467
vt 0.922166 0.008623
vt 0.927844 0.013388
vt 0.913577 0.013216
vt 0.395944 0.960146
vt 0.602406 0.974109
vt 0.600288 0.979506
vt 0.597768 0.976272
vt 0.058749 0.257498
vt 0.059251 0.261879
vt 0.051216 0.261879
vt 0.011853 0.660533
vt 0.004254 0.208331
vt 0.001437 0.210378
vt 0.000748 0.208378
vt 0.489135 0.122366
vt 0.992070 0.896809
vt 0.085147 0.155546
vt 0.610067 0.976578
vt 0.490407 0.135372
vt 0.489425 0.129798
vt 0.508873 0.132268
vt 0.927244 0.662328
vt 0.927244 0.676540
vt 0.912799 0.665413
vt 0.624942 0.016769
vt 0.627841 0.024735
vt 0.611923 0.016743
vt 0.534480 0.995626
vt 0.551062 0.995626
vt 0.544384 0.999872
vt 0.877552 0.980733
vt 0.885396 0.985262
vt 0.865980 0.989079
vt 0.022216 0.258686
vt 0.032311 0.272580
vt 0.023478 0.271709
vt 0.593972 0.981947
vt 0.857528 0.247850
vt 0.563874 0.003565
vt 0.574695 0.003565
vt 0.565250 0.006940
vt 0.661481 0.017552
vt 0.666749 0.020593
vt 0.649043 0.025970
vt 0.048996 0.898994
vt 0.598082 0.702349
vt 0.604842 0.701269
vt 0.615649 0.713681
vt 0.423426 0.003215
vt 0.434503 0.005266
vt 0.429617 0.006790
vt 0.587962 0.726259
vt 0.917673 0.679619
vt 0.020271 0.873991
vt 0.031974 0.877794
vt 0.018051 0.889890
vt 0.434479 0.003276
vt 0.616304 0.027279
vt 0.928848 0.838989
vt 0.883888 0.989252
vt 0.354673 0.019406
vt 0.339696 0.016765
vt 0.356832 0.015612
vt 0.672618 0.025956
vt 0.005373 0.724136
vt 0.003666 0.718881
vt 0.015343 0.718586
vt 0.632610 0.092230
vt 0.621598 0.097365
vt 0.593503 0.092700
vt 0.890949 0.506400
vt 0.006840 0.573020
vt 0.007827 0.576055
vt 0.000678 0.575958
vt 0.640014 0.222191
vt 0.001023 0.015422
vt 0.001023 0.006088
vt 0.003480 0.007758
vt 0.628463 0.480399
vt 0.615133 0.982388
vt 0.893221 0.233538
vt 0.888112 0.236457
vt 0.640272 0.232398
vt 0.604181 0.710687
vt 0.076848 0.263114
vt 0.207464 0.034055
vt 0.218969 0.033903
vt 0.208804 0.036929
vt 0.112366 0.146461
vt 0.118789 0.143051
vt 0.115877 0.139279
vt 0.441849 0.116278
vt 0.450559 0.120340
vt 0.408870 0.117714
vt 0.485367 0.118966
vt 0.177303 0.564579
vt 0.485237 0.971117
vt 0.072766 0.256645
vt 0.052391 0.004071
vt 0.050919 0.012419
vt 0.050661 0.003089
vt 0.794899 0.002674
vt 0.804901 0.002674
vt 0.803741 0.006831
vt 0.867353 0.986276
vt 0.854666 0.983636
vt 0.855271 0.980207
vt 0.592027 0.697199
vt 0.499180 0.979472
vt 0.925108 0.643678
vt 0.885710 0.633016
vt 0.595136 0.691531
vt 0.010240 0.600771
vt 0.023416 0.492959
vt 0.596942 0.983369
vt 0.377258 0.185414
vt 0.341211 0.183290
vt 0.372526 0.175266
vt 0.001155 0.168375
vt 0.001718 0.161124
vt 0.004716 0.166864
vt 0.057797 0.596229
vt 0.042253 0.596229
vt 0.049102 0.594866
vt 0.008350 0.165779
vt 0.635701 0.017916
vt 0.531196 0.129658
vt 0.800897 0.999771
vt 0.810227 0.995726
vt 0.812354 0.999411
vt 0.022514 0.069143
vt 0.018143 0.081151
vt 0.019091 0.066627
vt 0.263534 0.773704
vt 0.247286 0.765986
vt 0.846594 0.020243
vt 0.842517 0.024197
vt 0.834791 0.019737
vt 0.882538 0.008125
vt 0.887195 0.011838
vt 0.882538 0.013886
vt 0.896852 0.013001
vt 0.982790 0.912159
vt 0.982413 0.930880
vt 0.968702 0.918728
vt 0.493942 0.993102
vt 0.505307 0.992107
vt 0.512061 0.993886
vt 0.069600 0.956742
vt 0.082518 0.959985
vt 0.078166 0.973379
vt 0.009797 0.228298
vt 0.012274 0.231836
vt 0.003234 0.231932
vt 0.191237 0.033106
vt 0.002152 0.252596
vt 0.003252 0.249836
vt 0.009854 0.252915
vt 0.363156 0.016460
vt 0.015181 0.749199
vt 0.015181 0.734042
vt 0.026840 0.740481
vt 0.607915 0.058393
vt 0.579440 0.057979
vt 0.590599 0.053754
vt 0.595012 0.644167
vt 0.591724 0.628874
vt 0.853532 0.024476
vt 0.848290 0.025286
vt 0.518822 0.003681
vt 0.529702 0.003194
vt 0.523812 0.006562
vt 0.643886 0.499974
vt 0.221145 0.141159
vt 0.200838 0.139382
vt 0.221799 0.137741
vt 0.541345 0.006968
vt 0.541345 0.004038
vt 0.552202 0.004890
vt 0.007852 0.249902
vt 0.046640 0.903034
vt 0.003856 0.374070
vt 0.000646 0.374070
vt 0.002530 0.371303
vt 0.528868 0.007311
vt 0.856712 0.022671
vt 0.950845 0.875908
vt 0.478840 0.126316
vt 0.005920 0.160789
vt 0.912072 0.983567
vt 0.929712 0.983622
vt 0.925501 0.985935
vt 0.428996 0.016701
vt 0.411037 0.019867
vt 0.405421 0.016651
vt 0.001717 0.205085
vt 0.008333 0.200278
vt 0.009789 0.210428
vt 0.065220 0.981151
vt 0.084855 0.981151
vt 0.072977 0.986333
vt 0.000182 0.279713
vt 0.004821 0.282907
vt 0.000609 0.282751
vt 0.398204 0.183596
vt 0.171262 0.001458
vt 0.175046 0.001193
vt 0.170627 0.006811
vt 0.869074 0.007324
vt 0.875023 0.005158
vt 0.878800 0.007348
vt 0.917367 0.009422
vt 0.911208 0.008774
vt 0.910047 0.003585
vt 0.886878 0.227538
vt 0.012244 0.183851
vt 0.012244 0.169326
vt 0.025274 0.177359
vt 0.024378 0.081947
vt 0.010727 0.030238
vt 0.015828 0.037008
vt 0.006183 0.029525
vt 0.012317 0.493212
vt 0.226187 0.145400
vt 0.230677 0.137760
vt 0.136242 0.715782
vt 0.139788 0.678661
vt 0.143898 0.687206
vt 0.001203 0.304570
vt 0.003800 0.302683
vt 0.002914 0.307122
vt 0.018995 0.196584
vt 0.014080 0.197901
vt 0.010020 0.196296
vt 0.968413 0.007799
vt 0.959051 0.007799
vt 0.962936 0.003207
vt 0.833633 0.025139
vt 0.055835 0.865606
vt 0.046765 0.877938
vt 0.046898 0.870160
vt 0.243351 0.138633
vt 0.003106 0.277873
vt 0.029160 0.472104
vt 0.018617 0.476567
vt 0.018695 0.474520
vt 0.912497 0.450470
vt 0.914295 0.447300
vt 0.921946 0.452461
vt 0.397989 0.177187
vt 0.035546 0.903424
vt 0.891258 0.615978
vt 0.914436 0.645143
vt 0.592433 0.693324
vt 0.914448 0.454323
vt 0.969893 0.940290
vt 0.648007 0.223009
vt 0.246732 0.145047
vt 0.003562 0.794422
vt 0.007943 0.792999
vt 0.007761 0.794795
vt 0.926407 0.632727
vt 0.635118 0.537003
vt 0.640478 0.549247
vt 0.032909 0.469906
vt 0.608154 0.050661
vt 0.001938 0.926120
vt 0.001966 0.929748
vt 0.000535 0.928124
vt 0.123073 0.141585
vt 0.005111 0.100153
vt 0.007392 0.107172
vt 0.001674 0.101315
vt 0.000112 0.107450
vt 0.243901 0.868557
vt 0.231869 0.876571
vt 0.224128 0.862136
vt 0.909287 0.644734
vt 0.921194 0.471265
vt 0.123383 0.137926
vt 0.061121 0.956163
vt 0.889955 0.985503
vt 0.911445 0.988987
vt 0.890782 0.987449
vt 0.066378 0.942578
vt 0.226925 0.850921
vt 0.030766 0.476037
vt 0.646405 0.524214
vt 0.641882 0.547446
vt 0.042214 0.878113
vt 0.060054 0.969894
vt 0.007253 0.034344
vt 0.240060 0.849078
vt 0.649708 0.232362
vt 0.959917 0.975368
vt 0.928638 0.970076
vt 0.947680 0.969661
vt 0.908173 0.669938
vt 0.977912 0.003153
vt 0.972108 0.007370
vt 0.972063 0.001635
vt 0.247487 0.885413
vt 0.690321 0.806128
vt 0.957116 0.002519
vt 0.957268 0.006874
vt 0.954688 0.009487
vt 0.216294 0.877603
vt 0.011192 0.676658
vt 0.016339 0.675375
vt 0.008673 0.685306
vt 0.927322 0.468336
vt 0.040009 0.288397
vt 0.025946 0.289920
vt 0.029237 0.284477
vt 0.253890 0.142412
vt 0.000223 0.093855
vt 0.003818 0.091683
vt 0.005423 0.096931
vt 0.694223 0.999436
vt 0.677462 0.999436
vt 0.689022 0.994561
vt 0.049321 0.885769
vt 0.043359 0.884708
vt 0.630770 0.475180
vt 0.016321 0.290777
vt 0.009678 0.291593
vt 0.007691 0.288197
vt 0.912107 0.993073
vt 0.001328 0.933309
vt 0.498039 0.009056
vt 0.512252 0.013673
vt 0.497753 0.014957
vt 0.097934 0.631299
vt 0.090609 0.641761
vt 0.093357 0.622915
vt 0.049952 0.188985
vt 0.046446 0.188985
vt 0.054018 0.168996
vt 0.000248 0.065875
vt 0.000248 0.061689
vt 0.005255 0.063879
vt 0.009030 0.877297
vt 0.004004 0.870379
vt 0.010003 0.870077
vt 0.007281 0.091163
vt 0.406663 0.180902
vt 0.531416 0.331633
vt 0.518448 0.322093
vt 0.538482 0.315253
vt 0.088546 0.007209
vt 0.096381 0.004664
vt 0.098547 0.015847
vt 0.534588 0.135474
vt 0.920102 0.001165
vt 0.922366 0.005086
vt 0.920055 0.008339
vt 0.005757 0.485166
vt 0.000246 0.485166
vt 0.004911 0.482318
vt 0.484185 0.008964
vt 0.478483 0.011527
vt 0.469292 0.008181
vt 0.001164 0.990639
vt 0.006327 0.987168
vt 0.002800 0.991402
vt 0.030876 0.060122
vt 0.029049 0.064707
vt 0.023047 0.064917
vt 0.687037 0.965481
vt 0.704895 0.969179
vt 0.709822 0.975485
vt 0.258504 0.890726
vt 0.254436 0.860151
vt 0.553463 0.004068
vt 0.563699 0.005873
vt 0.552859 0.006438
vt 0.924783 0.993922
vt 0.086100 0.333160
vt 0.072731 0.336465
vt 0.071215 0.327867
vt 0.540578 0.336530
vt 0.220471 0.767730
vt 0.142312 0.972760
vt 0.154151 0.963691
vt 0.151053 0.970418
vt 0.015456 0.864099
vt 0.016367 0.869265
vt 0.005367 0.861600
vt 0.012019 0.061262
vt 0.014964 0.064772
vt 0.009146 0.064538
vt 0.436449 0.996535
vt 0.428253 0.999782
vt 0.428293 0.995821
vt 0.442905 0.999073
vt 0.444683 0.995216
vt 0.874198 0.980329
vt 0.622984 0.002673
vt 0.629619 0.003978
vt 0.625215 0.005331
vt 0.009871 0.212058
vt 0.002135 0.212058
vt 0.005265 0.209153
vt 0.004406 0.374852
vt 0.004406 0.378525
vt 0.000096 0.376999
vt 0.647119 0.652951
vt 0.057080 0.663451
vt 0.057891 0.672557
vt 0.053905 0.672213
vt 0.001006 0.808642
vt 0.002446 0.806044
vt 0.002421 0.809764
vt 0.995164 0.128582
vt 0.999372 0.130456
vt 0.991123 0.136551
vt 0.934208 0.479679
vt 0.006548 0.693625
vt 0.001042 0.691621
vt 0.008463 0.691567
vt 0.009002 0.077910
vt 0.002571 0.075821
vt 0.009435 0.067663
vt 0.907651 0.976996
vt 0.005144 0.869017
vt 0.004587 0.956242
vt 0.000031 0.952557
vt 0.004971 0.949819
vt 0.917836 0.624033
vt 0.565304 0.690648
vt 0.585941 0.685049
vt 0.643256 0.511521
vt 0.931349 0.989551
vt 0.800820 0.049689
vt 0.794253 0.052323
vt 0.776483 0.048221
vt 0.991551 0.129316
vt 0.159948 0.967032
vt 0.137785 0.659405
vt 0.930955 0.990123
vt 0.606622 0.003211
vt 0.606622 0.007294
vt 0.595979 0.003821
vt 0.000649 0.531101
vt 0.001517 0.528428
vt 0.005854 0.531072
vt 0.920235 0.545741
vt 0.927632 0.524455
vt 0.939265 0.535277
vt 0.164348 0.109000
vt 0.178391 0.128329
vt 0.140034 0.107185
vt 0.918411 0.527589
vt 0.022870 0.061572
vt 0.006781 0.289015
vt 0.003409 0.290962
vt 0.000723 0.288828
vt 0.044385 0.699403
vt 0.034112 0.705911
vt 0.030653 0.702796
vt 0.000176 0.987087
vt 0.091490 0.328950
vt 0.610996 0.660591
vt 0.037290 0.713621
vt 0.037419 0.721807
vt 0.002896 0.948210
vt 0.057126 0.682789
vt 0.165767 0.124970
vt 0.525331 0.008688
vt 0.533449 0.011129
vt 0.533749 0.014560
vt 0.470849 0.011829
vt 0.001006 0.340722
vt 0.006806 0.345336
vt 0.001006 0.348123
vt 0.007747 0.792317
vt 0.001542 0.791555
vt 0.008963 0.788973
vt 0.028274 0.056350
vt 0.930377 0.976983
vt 0.100371 0.336083
vt 0.123622 0.502281
vt 0.117663 0.509824
vt 0.110217 0.502379
vt 0.005760 0.441366
vt 0.002337 0.446077
vt 0.001244 0.442230
vt 0.000077 0.435736
vt 0.004425 0.437149
vt 0.000601 0.439702
vt 0.001035 0.559968
vt 0.004968 0.559968
vt 0.002727 0.565594
vt 0.030980 0.048896
vt 0.619758 0.080618
vt 0.607893 0.079810
vt 0.602527 0.076053
vt 0.791632 0.007370
vt 0.796394 0.005637
vt 0.801665 0.007149
vt 0.124101 0.491456
vt 0.518777 0.014824
vt 0.606436 0.714787
vt 0.584185 0.726669
vt 0.887640 0.481647
vt 0.110394 0.514746
vt 0.001728 0.894218
vt 0.004187 0.890078
vt 0.007698 0.890385
vt 0.650207 0.990999
vt 0.656201 0.993795
vt 0.648502 0.993993
vt 0.938451 0.489669
vt 0.028313 0.047640
vt 0.795449 0.996117
vt 0.766055 0.011367
vt 0.769589 0.008816
vt 0.780718 0.011798
vt 0.007235 0.060523
vt 0.010222 0.057536
vt 0.016277 0.060160
vt 0.010278 0.894315
vt 0.654807 0.982220
vt 0.660253 0.987665
vt 0.640898 0.987765
vt 0.050767 0.665908
vt 0.004882 0.557395
vt 0.004882 0.559164
vt 0.000621 0.558249
vt 0.003081 0.604627
vt 0.001575 0.602476
vt 0.007930 0.602643
vt 0.935816 0.548311
vt 0.414596 0.009938
vt 0.400312 0.009938
vt 0.408111 0.008071
vt 0.966342 0.949912
vt 0.007498 0.806186
vt 0.123516 0.065880
vt 0.090091 0.065880
vt 0.103944 0.064685
vt 0.048472 0.943287
vt 0.043785 0.938599
vt 0.052473 0.941167
vt 0.213903 0.770999
vt 0.151368 0.104982
vt 0.138463 0.103114
vt 0.145263 0.099086
vt 0.594679 0.002750
vt 0.590899 0.007255
vt 0.583910 0.002990
vt 0.169449 0.869424
vt 0.153446 0.858093
vt 0.165765 0.858726
vt 0.523802 0.102102
vt 0.517372 0.097587
vt 0.523802 0.099069
vt 0.619006 0.005187
vt 0.247636 0.898164
vt 0.981451 0.956776
vt 0.000112 0.613691
vt 0.003356 0.611419
vt 0.005891 0.613693
vt 0.642826 0.083655
vt 0.637276 0.086729
vt 0.622882 0.086729
vt 0.021705 0.064801
vt 0.015511 0.988910
vt 0.011939 0.983962
vt 0.024367 0.977073
vt 0.014979 0.696298
vt 0.006032 0.696298
vt 0.009198 0.692897
vt 0.042889 0.015176
vt 0.035474 0.015825
vt 0.042701 0.007187
vt 0.030324 0.504987
vt 0.017199 0.514523
vt 0.018908 0.505380
vt 0.281475 0.325410
vt 0.283447 0.335403
vt 0.264467 0.330079
vt 0.251900 0.458512
vt 0.251806 0.452319
vt 0.268014 0.440924
vt 0.811694 0.942342
vt 0.804436 0.938906
vt 0.800663 0.935118
vt 0.897347 0.480112
vt 0.569266 0.027399
vt 0.569007 0.021626
vt 0.581760 0.023874
vt 0.064210 0.526610
vt 0.064105 0.507133
vt 0.066073 0.516045
vt 0.064648 0.452134
vt 0.066918 0.457184
vt 0.065658 0.471585
vt 0.779276 0.008712
vt 0.066461 0.443372
vt 0.400410 0.004400
vt 0.402787 0.001103
vt 0.404410 0.004400
vt 0.003863 0.427698
vt 0.001521 0.424907
vt 0.007983 0.424728
vt 0.186541 0.009479
vt 0.184236 0.015813
vt 0.184144 0.006198
vt 0.007374 0.366924
vt 0.005092 0.373947
vt 0.003132 0.369696
vt 0.655257 0.087430
vt 0.132995 0.096727
vt 0.067936 0.521321
vt 0.079609 0.003029
vt 0.082108 0.007451
vt 0.075629 0.008477
vt 0.667402 0.013458
vt 0.673537 0.008246
vt 0.678169 0.013765
vt 0.126207 0.510485
vt 0.154068 0.059156
vt 0.168275 0.052532
vt 0.148718 0.067028
vt 0.082450 0.004409
vt 0.006998 0.341908
vt 0.682273 0.012037
vt 0.552133 0.314690
vt 0.868470 0.226009
vt 0.645684 0.490929
vt 0.961181 0.939666
vt 0.925719 0.015686
vt 0.936918 0.018307
vt 0.927530 0.018272
vt 0.518528 0.881593
vt 0.508174 0.883419
vt 0.516160 0.874230
vt 0.057095 0.046385
vt 0.051050 0.043567
vt 0.066026 0.045469
vt 0.271964 0.360436
vt 0.558639 0.672650
vt 0.582257 0.027267
vt 0.913520 0.968990
vt 0.271869 0.008136
vt 0.284909 0.008136
vt 0.280809 0.009873
vt 0.995664 0.690372
vt 0.999451 0.693123
vt 0.995046 0.695821
vt 0.006252 0.350563
vt 0.005188 0.347288
vt 0.014322 0.347286
vt 0.033401 0.007292
vt 0.400905 0.980174
vt 0.421506 0.980174
vt 0.416479 0.980806
vt 0.587251 0.667659
vt 0.110057 0.528503
vt 0.019406 0.732267
vt 0.007607 0.732267
vt 0.012597 0.726463
vt 0.252203 0.324210
vt 0.504744 0.875634
vt 0.882864 0.919062
vt 0.882690 0.893787
vt 0.891131 0.927433
vt 0.071148 0.040680
vt 0.546492 0.309781
vt 0.023023 0.288100
vt 0.024050 0.284367
vt 0.011651 0.979467
vt 0.570328 0.995710
vt 0.578586 0.995207
vt 0.576156 0.999791
vt 0.023917 0.659453
vt 0.010100 0.659665
vt 0.015426 0.657956
vt 0.003823 0.610774
vt 0.000179 0.610774
vt 0.001838 0.608336
vt 0.023840 0.975895
vt 0.014182 0.977223
vt 0.010677 0.975199
vt 0.151371 0.132451
vt 0.234325 0.529407
vt 0.228897 0.468938
vt 0.235653 0.454449
vt 0.225730 0.510685
vt 0.993949 0.001165
vt 0.989054 0.002476
vt 0.988042 0.001026
vt 0.407494 0.001851
vt 0.277223 0.308123
vt 0.289180 0.343367
vt 0.928673 0.003906
vt 0.938260 0.003157
vt 0.938260 0.010349
vt 0.110122 0.492714
vt 0.030648 0.012956
vt 0.881610 0.476653
vt 0.099486 0.619603
vt 0.837624 0.990168
vt 0.856723 0.990168
vt 0.851968 0.992823
vt 0.828650 0.964027
vt 0.839428 0.957933
vt 0.838529 0.960431
vt 0.349299 0.004086
vt 0.360555 0.004045
vt 0.351725 0.006512
vt 0.991589 0.860959
vt 0.994825 0.862137
vt 0.989667 0.862402
vt 0.052039 0.821572
vt 0.069557 0.817458
vt 0.061540 0.821572
vt 0.177880 0.807592
vt 0.177880 0.854306
vt 0.167292 0.793847
vt 0.044464 0.060813
vt 0.036239 0.058762
vt 0.054306 0.046741
vt 0.263905 0.347828
vt 0.245506 0.519557
vt 0.243085 0.533545
vt 0.667156 0.993756
vt 0.714497 0.973034
vt 0.491900 0.878595
vt 0.000069 0.942559
vt 0.001806 0.940489
vt 0.001932 0.947456
vt 0.891350 0.637996
vt 0.891656 0.632648
vt 0.076013 0.047364
vt 0.169610 0.859309
vt 0.876562 0.891653
vt 0.978859 0.373518
vt 0.966914 0.365761
vt 0.985875 0.354461
vt 0.639851 0.056396
vt 0.650772 0.049157
vt 0.668303 0.055537
vt 0.380922 0.813514
vt 0.395781 0.822306
vt 0.368748 0.852140
vt 0.123319 0.101865
vt 0.999320 0.697686
vt 0.999418 0.702820
vt 0.997024 0.702610
vt 0.010749 0.451871
vt 0.016533 0.452019
vt 0.020441 0.466603
vt 0.597766 0.737470
vt 0.634663 0.729255
vt 0.829144 0.961586
vt 0.360313 0.006839
vt 0.363486 0.003666
vt 0.371553 0.006237
vt 0.245464 0.462182
vt 0.011064 0.466152
vt 0.008967 0.836657
vt 0.008967 0.840182
vt 0.001038 0.838402
vt 0.931151 0.556279
vt 0.893824 0.852457
vt 0.891003 0.871471
vt 0.883952 0.867845
vt 0.019905 0.656493
vt 0.260159 0.009128
vt 0.265892 0.008117
vt 0.273107 0.009392
vt 0.015787 0.332225
vt 0.009394 0.337981
vt 0.009199 0.324350
vt 0.537289 0.010763
vt 0.531996 0.009345
vt 0.547044 0.009247
vt 0.001199 0.599017
vt 0.008921 0.596508
vt 0.009306 0.600590
vt 0.005042 0.522184
vt 0.001239 0.519421
vt 0.005764 0.514835
vt 0.803306 0.057332
vt 0.389519 0.764517
vt 0.066499 0.820155
vt 0.006275 0.849379
vt 0.000229 0.847415
vt 0.004935 0.842967
vt 0.242823 0.458671
vt 0.249764 0.437442
vt 0.339888 0.980205
vt 0.359962 0.980205
vt 0.342087 0.981776
vt 0.068362 0.596738
vt 0.050809 0.585728
vt 0.050697 0.579351
vt 0.023746 0.842890
vt 0.028918 0.826970
vt 0.031782 0.843365
vt 0.035938 0.940712
vt 0.034518 0.937364
vt 0.043126 0.935152
vt 0.717541 0.979457
vt 0.742177 0.977579
vt 0.176385 0.791016
vt 0.288877 0.317500
vt 0.248197 0.307435
vt 0.097225 0.246135
vt 0.118448 0.236826
vt 0.105355 0.252042
vt 0.037853 0.655048
vt 0.024859 0.659270
vt 0.023678 0.640380
vt 0.067961 0.505876
vt 0.525050 0.301100
vt 0.540186 0.303686
vt 0.270472 0.914804
vt 0.344198 0.553177
vt 0.324638 0.566679
vt 0.343898 0.539200
vt 0.254449 0.961463
vt 0.252867 0.952494
vt 0.312916 0.957275
vt 0.005783 0.494417
vt 0.005217 0.497079
vt 0.000220 0.496129
vt 0.018482 0.198244
vt 0.010697 0.208959
vt 0.009532 0.199704
vt 0.031569 0.942616
vt 0.168313 0.935696
vt 0.186547 0.938139
vt 0.180037 0.938784
vt 0.358286 0.007461
vt 0.848878 0.952331
vt 0.158624 0.927927
vt 0.148284 0.899303
vt 0.005933 0.514097
vt 0.000070 0.514097
vt 0.003269 0.511916
vt 0.250634 0.327394
vt 0.476802 0.807958
vt 0.479401 0.757794
vt 0.492764 0.788673
vt 0.019982 0.698756
vt 0.013060 0.708952
vt 0.010232 0.708903
vt 0.090156 0.257297
vt 0.929839 0.008907
vt 0.040208 0.003383
vt 0.046835 0.001230
vt 0.046504 0.007274
vt 0.176001 0.962131
vt 0.175623 0.967189
vt 0.152915 0.006024
vt 0.144377 0.006322
vt 0.144234 0.003182
vt 0.036681 0.970877
vt 0.043215 0.963090
vt 0.058366 0.970062
vt 0.091568 0.607864
vt 0.917410 0.015901
vt 0.277820 0.891837
vt 0.274220 0.902357
vt 0.055911 0.578849
vt 0.177972 0.998470
vt 0.176167 0.994600
vt 0.192017 0.994526
vt 0.640703 0.051809
vt 0.110263 0.097931
vt 0.959635 0.008665
vt 0.973831 0.008665
vt 0.961267 0.010844
vt 0.018233 0.697998
vt 0.879386 0.224044
vt 0.005455 0.905150
vt 0.005455 0.911258
vt 0.000548 0.910408
vt 0.020283 0.716209
vt 0.994079 0.696880
vt 0.394276 0.849458
vt 0.404897 0.827697
vt 0.819483 0.964854
vt 0.457612 0.165308
vt 0.457991 0.160859
vt 0.468725 0.157983
vt 0.348662 0.550155
vt 0.386576 0.855262
vt 0.375322 0.857624
vt 0.006004 0.518433
vt 0.008003 0.520433
vt 0.006722 0.530592
vt 0.014152 0.995138
vt 0.016854 0.998358
vt 0.009106 0.996768
vt 0.018315 0.327094
vt 0.130872 0.494476
vt 0.004665 0.976293
vt 0.004665 0.965177
vt 0.008341 0.973177
vt 0.943468 0.987592
vt 0.949729 0.991398
vt 0.944635 0.990797
vt 0.063386 0.606354
vt 0.050784 0.612230
vt 0.041167 0.605379
vt 0.646842 0.532657
vt 0.046032 0.167193
vt 0.883350 0.017788
vt 0.875970 0.015811
vt 0.898417 0.015729
vt 0.005810 0.651345
vt 0.005810 0.657810
vt 0.000694 0.655315
vt 0.923535 0.017696
vt 0.909431 0.626719
vt 0.795913 0.934538
vt 0.287523 0.297758
vt 0.248641 0.330045
vt 0.638956 0.999958
vt 0.643124 0.997040
vt 0.655691 0.999206
vt 0.248040 0.759687
vt 0.246870 0.746307
vt 0.252997 0.761007
vt 0.894333 0.322389
vt 0.895396 0.339106
vt 0.894333 0.335819
vt 0.291039 0.348256
vt 0.946933 0.487683
vt 0.072872 0.137657
vt 0.062128 0.140536
vt 0.050690 0.137604
vt 0.019407 0.347687
vt 0.019407 0.361667
vt 0.014110 0.348280
vt 0.075747 0.819139
vt 0.022410 0.995220
vt 0.001548 0.878149
vt 0.009458 0.878149
vt 0.006990 0.880731
vt 0.290717 0.306972
vt 0.008976 0.121232
vt 0.008976 0.124391
vt 0.001029 0.123308
vt 0.565932 0.998034
vt 0.561984 0.997521
vt 0.012594 0.978278
vt 0.929517 0.010252
vt 0.942837 0.012601
vt 0.928599 0.013760
vt 0.629944 0.661731
vt 0.366994 0.836543
vt 0.103867 0.258422
vt 0.407730 0.846266
vt 0.444569 0.167415
vt 0.052886 0.680799
vt 0.009946 0.895032
vt 0.009946 0.898865
vt 0.001559 0.897708
vt 0.023769 0.451856
vt 0.024979 0.093677
vt 0.024245 0.096418
vt 0.011039 0.094736
vt 0.082532 0.568677
vt 0.083407 0.583077
vt 0.081758 0.577531
vt 0.410376 0.790113
vt 0.399919 0.786168
vt 0.422489 0.790677
vt 0.785585 0.096452
vt 0.758194 0.101282
vt 0.788260 0.094106
vt 0.050431 0.070771
vt 0.044383 0.091310
vt 0.045308 0.070950
vt 0.541507 0.892457
vt 0.543524 0.906785
vt 0.535333 0.903151
vt 0.894736 0.495513
vt 0.315137 0.555804
vt 0.851802 0.018943
vt 0.829038 0.018943
vt 0.844922 0.018075
vt 0.169686 0.065001
vt 0.000011 0.192254
vt 0.004991 0.192254
vt 0.003080 0.194940
vt 0.893125 0.632706
vt 0.709426 0.966799
vt 0.719751 0.963859
vt 0.396797 0.772513
vt 0.425620 0.679558
vt 0.413459 0.830242
vt 0.620142 0.012105
vt 0.618523 0.014908
vt 0.604971 0.012544
vt 0.141307 0.896072
vt 0.143805 0.909875
vt 0.591203 0.999319
vt 0.579481 0.996178
vt 0.596106 0.996586
vt 0.122172 0.530055
vt 0.617271 0.011492
vt 0.604970 0.010415
vt 0.620142 0.010019
vt 0.603732 0.258950
vt 0.597552 0.269256
vt 0.513825 0.246822
vt 0.397647 0.700850
vt 0.524451 0.873641
vt 0.124608 0.907580
vt 0.130278 0.905247
vt 0.142047 0.933641
vt 0.587846 0.082026
vt 0.158248 0.843881
vt 0.504748 0.705424
vt 0.490650 0.702031
vt 0.487456 0.697044
vt 0.102353 0.779483
vt 0.101790 0.813813
vt 0.097690 0.805929
vt 0.129696 0.427581
vt 0.123297 0.424492
vt 0.128457 0.416546
vt 0.075765 0.602207
vt 0.072107 0.581462
vt 0.079857 0.603260
vt 0.173919 0.979418
vt 0.145741 0.979418
vt 0.168607 0.970057
vt 0.150425 0.959368
vt 0.151872 0.935054
vt 0.153748 0.959312
vt 0.542019 0.889271
vt 0.549444 0.889112
vt 0.364871 0.829810
vt 0.604734 0.248083
vt 0.588671 0.027354
vt 0.120682 0.127385
vt 0.089027 0.791837
vt 0.129195 0.515363
vt 0.088743 0.785791
vt 0.386147 0.570102
vt 0.509565 0.846332
vt 0.503485 0.825812
vt 0.510638 0.834894
vt 0.201050 0.998256
vt 0.185143 0.998256
vt 0.193521 0.995241
vt 0.781119 0.003159
vt 0.791167 0.003159
vt 0.790774 0.007346
vt 0.002443 0.077134
vt 0.009493 0.079425
vt 0.002012 0.079444
vt 0.647261 0.484638
vt 0.079734 0.660302
vt 0.079734 0.629343
vt 0.084348 0.638680
vt 0.925894 0.019831
vt 0.573337 0.650676
vt 0.587055 0.649584
vt 0.050164 0.447232
vt 0.063843 0.450897
vt 0.041709 0.451217
vt 0.372111 0.870801
vt 0.496952 0.712126
vt 0.037537 0.236266
vt 0.059012 0.236266
vt 0.056712 0.240972
vt 0.954827 0.999921
vt 0.937620 0.999921
vt 0.938801 0.995077
vt 0.491455 0.739526
vt 0.258823 0.736859
vt 0.445087 0.830371
vt 0.416165 0.842334
vt 0.450057 0.825042
vt 0.824122 0.049585
vt 0.836271 0.052840
vt 0.806550 0.053467
vt 0.891397 0.350005
vt 0.559317 0.010504
vt 0.573082 0.009705
vt 0.572374 0.012807
vt 0.081241 0.414041
vt 0.102351 0.413673
vt 0.081464 0.425151
vt 0.040790 0.490091
vt 0.024491 0.490660
vt 0.023742 0.484327
vt 0.019178 0.551597
vt 0.009050 0.550354
vt 0.021966 0.545951
vt 0.043023 0.667160
vt 0.155333 0.050688
vt 0.153015 0.029090
vt 0.162000 0.030168
vt 0.395291 0.700819
vt 0.149156 0.037717
vt 0.151847 0.052451
vt 0.944470 0.070489
vt 0.911458 0.070489
vt 0.922645 0.068081
vt 0.216830 0.986513
vt 0.219441 0.992976
vt 0.202770 0.987115
vt 0.358682 0.841558
vt 0.288486 0.274382
vt 0.292573 0.307279
vt 0.148339 0.374299
vt 0.136636 0.382966
vt 0.008211 0.321447
vt 0.001102 0.319137
vt 0.008403 0.317373
vt 0.746176 0.017606
vt 0.762795 0.018075
vt 0.748559 0.026498
vt 0.503114 0.721595
vt 0.488506 0.723471
vt 0.003591 0.357077
vt 0.003867 0.355780
vt 0.006914 0.355827
vt 0.127057 0.373819
vt 0.020091 0.365448
vt 0.025627 0.348409
vt 0.038939 0.358270
vt 0.315028 0.076909
vt 0.313392 0.068352
vt 0.315406 0.056928
vt 0.878880 0.472460
vt 0.647430 0.489984
vt 0.934878 0.991383
vt 0.064010 0.579660
vt 0.056551 0.574694
vt 0.062482 0.575463
vt 0.398218 0.860444
vt 0.009759 0.003362
vt 0.002247 0.003362
vt 0.004518 0.001140
vt 0.143877 0.961329
vt 0.591041 0.993953
vt 0.601793 0.990039
vt 0.609560 0.993715
vt 0.177322 0.941338
vt 0.432640 0.161932
vt 0.587817 0.010194
vt 0.588590 0.012318
vt 0.573491 0.011573
vt 0.552481 0.999027
vt 0.565921 0.999027
vt 0.569080 0.999973
vt 0.646529 0.969166
vt 0.653955 0.969166
vt 0.642596 0.973225
vt 0.647950 0.476994
vt 0.016356 0.045620
vt 0.016356 0.058932
vt 0.012158 0.056748
vt 0.335061 0.973748
vt 0.374530 0.977201
vt 0.327821 0.977961
vt 0.237463 0.167820
vt 0.236656 0.148679
vt 0.249725 0.169024
vt 0.142069 0.517138
vt 0.067594 0.498402
vt 0.814947 0.429358
vt 0.828691 0.411764
vt 0.858308 0.407629
vt 0.745452 0.024736
vt 0.413303 0.841219
vt 0.068125 0.027197
vt 0.057165 0.023208
vt 0.070899 0.022529
vt 0.014224 0.954674
vt 0.028297 0.954674
vt 0.016904 0.960283
vt 0.021452 0.353657
vt 0.020068 0.361507
vt 0.020660 0.343846
vt 0.947613 0.650617
vt 0.936864 0.648512
vt 0.934095 0.636831
vt 0.947940 0.601484
vt 0.557984 0.012545
vt 0.488406 0.677033
vt 0.159553 0.937602
vt 0.009717 0.771983
vt 0.011742 0.766708
vt 0.011889 0.776353
vt 0.593074 0.023517
vt 0.417362 0.020994
vt 0.428443 0.018025
vt 0.441068 0.020119
vt 0.906158 0.563897
vt 0.894341 0.396471
vt 0.890997 0.377965
vt 0.356904 0.971514
vt 0.214569 0.011441
vt 0.213723 0.016326
vt 0.202140 0.016326
vt 0.124760 0.124257
vt 0.321425 0.060066
vt 0.591097 0.648080
vt 0.044841 0.744717
vt 0.042613 0.732082
vt 0.044931 0.720516
vt 0.096469 0.827142
vt 0.096469 0.861703
vt 0.093626 0.827884
vt 0.133368 0.931922
vt 0.217134 0.005427
vt 0.215735 0.003430
vt 0.227486 0.005769
vt 0.098625 0.752778
vt 0.101485 0.736558
vt 0.102476 0.770696
vt 0.413573 0.824831
vt 0.750260 0.945228
vt 0.773769 0.918801
vt 0.756840 0.093219
vt 0.798075 0.928436
vt 0.739456 0.026916
vt 0.935247 0.582098
vt 0.938278 0.560579
vt 0.563009 0.316664
vt 0.559613 0.301995
vt 0.009927 0.594675
vt 0.009098 0.580913
vt 0.019416 0.581815
vt 0.157353 0.954626
vt 0.733467 0.969729
vt 0.928993 0.799785
vt 0.932376 0.811282
vt 0.930106 0.819757
vt 0.173438 0.968556
vt 0.160633 0.970156
vt 0.160879 0.968118
vt 0.893880 0.624392
vt 0.196731 0.036730
vt 0.221470 0.038894
vt 0.193737 0.040309
vt 0.416205 0.846354
vt 0.993347 0.709862
vt 0.991129 0.731572
vt 0.986742 0.728010
vt 0.983875 0.206930
vt 0.986794 0.205901
vt 0.985343 0.208398
vt 0.337841 0.493659
vt 0.251566 0.697264
vt 0.339868 0.470419
vt 0.345352 0.473685
vt 0.570655 0.896095
vt 0.019297 0.765919
vt 0.477508 0.818944
vt 0.348197 0.497177
vt 0.948717 0.349323
vt 0.951233 0.363589
vt 0.950690 0.398551
vt 0.757493 0.038567
vt 0.772734 0.041254
vt 0.746025 0.041974
vt 0.605038 0.990042
vt 0.623576 0.990042
vt 0.612392 0.991949
vt 0.131398 0.964858
vt 0.969549 0.349776
vt 0.087567 0.588999
vt 0.041158 0.674721
vt 0.910355 0.625245
vt 0.901604 0.611373
vt 0.907416 0.598910
vt 0.777720 0.279836
vt 0.781712 0.294681
vt 0.766352 0.306325
vt 0.125699 0.840033
vt 0.129561 0.823923
vt 0.140496 0.827725
vt 0.789791 0.303142
vt 0.207908 0.010187
vt 0.466567 0.804430
vt 0.224094 0.003236
vt 0.011137 0.271833
vt 0.017170 0.267812
vt 0.021879 0.272521
vt 0.995249 0.749868
vt 0.987603 0.749771
vt 0.891595 0.396247
vt 0.057606 0.027496
vt 0.655795 0.971756
vt 0.254531 0.145633
vt 0.135939 0.844376
vt 0.887140 0.008126
vt 0.892651 0.008643
vt 0.900629 0.012885
vt 0.002637 0.795402
vt 0.007736 0.795938
vt 0.008869 0.799895
vt 0.261177 0.808107
vt 0.298520 0.865205
vt 0.268322 0.872215
vt 0.432238 0.820535
vt 0.032877 0.276615
vt 0.041516 0.266319
vt 0.032683 0.284088
vt 0.927739 0.634850
vt 0.019113 0.594673
vt 0.329854 0.198744
vt 0.323795 0.199813
vt 0.330559 0.194956
vt 0.304698 0.560714
vt 0.720960 0.947006
vt 0.098705 0.986548
vt 0.106474 0.980029
vt 0.118404 0.986954
vt 0.615884 0.041922
vt 0.617502 0.039119
vt 0.642745 0.040109
vt 0.077526 0.822362
vt 0.914507 0.019394
vt 0.556375 0.688088
vt 0.248520 0.677495
vt 0.259798 0.705046
vt 0.785799 0.104680
vt 0.760114 0.104942
vt 0.932882 0.765036
vt 0.932938 0.792998
vt 0.088407 0.569750
vt 0.181210 0.983708
vt 0.194534 0.987278
vt 0.174650 0.987108
vt 0.934413 0.610280
vt 0.510266 0.784845
vt 0.505278 0.809210
vt 0.909452 0.065492
vt 0.900411 0.066269
vt 0.898077 0.064311
vt 0.788511 0.433853
vt 0.041343 0.660982
vt 0.048409 0.659882
vt 0.068722 0.416834
vt 0.074349 0.411207
vt 0.074060 0.426988
vt 0.221928 0.152231
vt 0.539565 0.873922
vt 0.527667 0.880503
vt 0.959569 0.349114
vt 0.515795 0.806723
vt 0.021191 0.258244
vt 0.478448 0.354342
vt 0.603593 0.355430
vt 0.498239 0.368023
vt 0.036112 0.083691
vt 0.749586 0.939268
vt 0.244334 0.006673
vt 0.247915 0.003668
vt 0.255916 0.006837
vt 0.516351 0.833767
vt 0.518061 0.711899
vt 0.815346 0.962422
vt 0.503832 0.822190
vt 0.926096 0.645255
vt 0.551982 0.703835
vt 0.553710 0.695073
vt 0.451251 0.986073
vt 0.453043 0.989915
vt 0.443359 0.987192
vt 0.519029 0.999943
vt 0.509281 0.999266
vt 0.505731 0.994555
vt 0.900754 0.009996
vt 0.855636 0.216822
vt 0.804439 0.929115
vt 0.540443 0.078336
vt 0.514499 0.083366
vt 0.516497 0.080431
vt 0.261413 0.730565
vt 0.262385 0.763726
vt 0.008910 0.592618
vt 0.002095 0.587666
vt 0.008048 0.584471
vt 0.152072 0.140438
vt 0.407610 0.869873
vt 0.005208 0.549572
vt 0.002538 0.545897
vt 0.009968 0.542474
vt 0.549430 0.103837
vt 0.981593 0.067249
vt 0.994919 0.070820
vt 0.963561 0.070076
vt 0.002108 0.440411
vt 0.005937 0.437729
vt 0.009898 0.440710
vt 0.063342 0.554407
vt 0.060413 0.565915
vt 0.147903 0.830177
vt 0.177445 0.056914
vt 0.989275 0.195137
vt 0.001104 0.067589
vt 0.007900 0.067589
vt 0.003426 0.071981
vt 0.053582 0.798710
vt 0.057897 0.791747
vt 0.060913 0.797549
vt 0.534997 0.872960
vt 0.084616 0.399323
vt 0.666269 0.013388
vt 0.651567 0.013388
vt 0.651390 0.008123
vt 0.932212 0.988788
vt 0.881738 0.981814
vt 0.881008 0.977672
vt 0.893704 0.982438
vt 0.032350 0.926969
vt 0.038763 0.927871
vt 0.033808 0.932101
vt 0.672151 0.090401
vt 0.633002 0.090401
vt 0.658291 0.088188
vt 0.753239 0.315727
vt 0.107071 0.395610
vt 0.124544 0.394944
vt 0.108238 0.398817
vt 0.037645 0.918786
vt 0.008341 0.942234
vt 0.006167 0.946896
vt 0.006743 0.935045
vt 0.929711 0.609636
vt 0.895186 0.637912
vt 0.554246 0.919628
vt 0.514217 0.923911
vt 0.508344 0.920520
vt 0.919369 0.609299
vt 0.064406 0.499456
vt 0.041854 0.287458
vt 0.083353 0.388756
vt 0.042422 0.924177
vt 0.621703 0.132056
vt 0.576396 0.132056
vt 0.611417 0.130575
vt 0.515079 0.762522
vt 0.003060 0.223790
vt 0.002746 0.213444
vt 0.011761 0.212655
vt 0.464292 0.798874
vt 0.550967 0.296515
vt 0.502482 0.997381
vt 0.461093 0.986216
vt 0.647260 0.549072
vt 0.090889 0.749469
vt 0.090889 0.783798
vt 0.088701 0.783004
vt 0.009521 0.686689
vt 0.011556 0.683950
vt 0.014068 0.686134
vt 0.092663 0.587015
vt 0.793518 0.927829
vt 0.080315 0.580471
vt 0.602465 0.272715
vt 0.992446 0.839771
vt 0.988568 0.861763
vt 0.987544 0.822079
vt 0.010496 0.603030
vt 0.007069 0.613578
vt 0.002510 0.606447
vt 0.494807 0.371584
vt 0.039360 0.932807
vt 0.522295 0.498037
vt 0.510617 0.499700
vt 0.521033 0.488414
vt 0.046659 0.022625
vt 0.547762 0.087749
vt 0.544664 0.091004
vt 0.529453 0.088322
vt 0.186353 0.963945
vt 0.613741 0.902955
vt 0.137514 0.903448
vt 0.136682 0.899584
vt 0.139978 0.900983
vt 0.182911 0.817952
vt 0.178769 0.865294
vt 0.178817 0.791534
vt 0.756176 0.168261
vt 0.750431 0.169924
vt 0.740079 0.169019
vt 0.333102 0.196582
vt 0.223295 0.168370
vt 0.900883 0.977042
vt 0.628223 0.461098
vt 0.628569 0.454252
vt 0.103702 0.634266
vt 0.103702 0.597350
vt 0.105903 0.630139
vt 0.014619 0.652347
vt 0.011094 0.650851
vt 0.021922 0.640906
vt 0.140967 0.016708
vt 0.135864 0.021811
vt 0.118163 0.017335
vt 0.779643 0.042438
vt 0.774541 0.033600
vt 0.787569 0.034665
vt 0.764277 0.286696
vt 0.261814 0.433550
vt 0.951925 0.398502
vt 0.953388 0.390030
vt 0.959408 0.392221
vt 0.998764 0.003010
vt 0.995843 0.011998
vt 0.989230 0.003952
vt 0.922495 0.598507
vt 0.399555 0.903031
vt 0.405505 0.906466
vt 0.397942 0.910573
vt 0.807563 0.962301
vt 0.606837 0.969771
vt 0.624745 0.975806
vt 0.210094 0.685329
vt 0.212859 0.690941
vt 0.212738 0.696517
vt 0.628898 0.038177
vt 0.637054 0.034199
vt 0.652697 0.035568
vt 0.385126 0.910873
vt 0.378582 0.904308
vt 0.395458 0.906770
vt 0.793271 0.442500
vt 0.019441 0.872334
vt 0.015896 0.884697
vt 0.017691 0.871441
vt 0.022277 0.042872
vt 0.009239 0.042872
vt 0.009741 0.037668
vt 0.079563 0.519618
vt 0.080463 0.506368
vt 0.094322 0.510082
vt 0.539856 0.880269
vt 0.080459 0.212851
vt 0.077620 0.228947
vt 0.077890 0.198767
vt 0.023900 0.873197
vt 0.538117 0.115793
vt 0.553692 0.116635
vt 0.539998 0.119825
vt 0.792548 0.036833
vt 0.749073 0.163416
vt 0.519402 0.992471
vt 0.506380 0.991331
vt 0.524635 0.991021
vt 0.511340 0.117557
vt 0.030882 0.914967
vt 0.848937 0.827563
vt 0.848075 0.822380
vt 0.863508 0.844410
vt 0.140999 0.732661
vt 0.142542 0.718538
vt 0.147067 0.727198
vt 0.000015 0.080066
vt 0.004987 0.080066
vt 0.003685 0.084016
vt 0.080611 0.118541
vt 0.085889 0.114846
vt 0.082051 0.132942
vt 0.588654 0.536902
vt 0.559915 0.565074
vt 0.567353 0.548719
vt 0.010117 0.878802
vt 0.141518 0.173798
vt 0.127019 0.197234
vt 0.116951 0.191654
vt 0.184073 0.972836
vt 0.071481 0.780579
vt 0.964005 0.791766
vt 0.964005 0.746003
vt 0.965459 0.786874
vt 0.080314 0.203109
vt 0.717774 0.129827
vt 0.723194 0.128572
vt 0.719669 0.134646
vt 0.418719 0.159892
vt 0.093330 0.595057
vt 0.069506 0.397424
vt 0.892766 0.960254
vt 0.885547 0.964155
vt 0.872502 0.959407
vt 0.522715 0.834250
vt 0.980648 0.176731
vt 0.988427 0.175021
vt 0.218875 0.678549
vt 0.259559 0.848569
vt 0.248561 0.796620
vt 0.709304 0.142644
vt 0.713634 0.131313
vt 0.989916 0.503688
vt 0.986572 0.484725
vt 0.989382 0.462795
vt 0.414398 0.817373
vt 0.440677 0.916241
vt 0.393708 0.916241
vt 0.362224 0.912674
vt 0.098119 0.437411
vt 0.115143 0.435922
vt 0.130995 0.438015
vt 0.313851 0.048154
vt 0.094705 0.021319
vt 0.104036 0.016200
vt 0.106851 0.019555
vt 0.251228 0.643440
vt 0.259786 0.641004
vt 0.262907 0.650486
vt 0.896667 0.643598
vt 0.916838 0.573331
vt 0.523851 0.287729
vt 0.722554 0.034116
vt 0.695007 0.030733
vt 0.723202 0.031089
vt 0.446369 0.904524
vt 0.447462 0.892002
vt 0.521100 0.890256
vt 0.244531 0.647849
vt 0.589252 0.993259
vt 0.570828 0.993259
vt 0.579380 0.991734
vt 0.025594 0.279984
vt 0.024244 0.281637
vt 0.017538 0.275384
vt 0.400566 0.007258
vt 0.393890 0.007137
vt 0.397086 0.005249
vt 0.023743 0.493850
vt 0.032888 0.499146
vt 0.026434 0.499133
vt 0.205017 0.702794
vt 0.027255 0.934344
vt 0.414423 0.125866
vt 0.394903 0.122425
vt 0.431166 0.120257
vt 0.436512 0.124934
vt 0.204537 0.992233
vt 0.200193 0.988183
vt 0.217015 0.993308
vt 0.815875 0.142709
vt 0.817390 0.149762
vt 0.800300 0.145362
vt 0.151386 0.971670
vt 0.145789 0.734286
vt 0.990125 0.202689
vt 0.994196 0.207491
vt 0.990304 0.210757
vt 0.269600 0.287945
vt 0.269600 0.292086
vt 0.262459 0.286803
vt 0.175980 0.066985
vt 0.586695 0.636595
vt 0.919123 0.597057
vt 0.908064 0.588409
vt 0.054236 0.682440
vt 0.057461 0.688769
vt 0.037087 0.681416
vt 0.077684 0.782536
vt 0.082397 0.798860
vt 0.078672 0.812761
vt 0.239440 0.597849
vt 0.177969 0.598706
vt 0.192706 0.593760
vt 0.092595 0.564022
vt 0.082100 0.808599
vt 0.127853 0.445790
vt 0.122647 0.450158
vt 0.094258 0.446621
vt 0.750880 0.342394
vt 0.746052 0.354984
vt 0.730942 0.343320
vt 0.724976 0.061419
vt 0.711488 0.061419
vt 0.725359 0.052138
vt 0.568518 0.310783
vt 0.569041 0.302413
vt 0.461755 0.986070
vt 0.478215 0.991419
vt 0.462704 0.990405
vt 0.800720 0.924880
vt 0.912501 0.061238
vt 0.456192 0.120076
vt 0.448432 0.127047
vt 0.435883 0.125949
vt 0.542768 0.081270
vt 0.152972 0.975331
vt 0.010904 0.224063
vt 0.982308 0.341231
vt 0.541715 0.289343
vt 0.597151 0.424170
vt 0.605242 0.433589
vt 0.598111 0.430326
vt 0.256472 0.280806
vt 0.023692 0.923791
vt 0.000144 0.351743
vt 0.004284 0.348735
vt 0.005359 0.352115
vt 0.524036 0.722134
vt 0.875463 0.963133
vt 0.750821 0.298229
vt 0.108394 0.519874
vt 0.108394 0.556164
vt 0.105713 0.524056
vt 0.277600 0.059611
vt 0.287272 0.057731
vt 0.275810 0.065859
vt 0.337760 0.021317
vt 0.350363 0.020214
vt 0.361090 0.021807
vt 0.611363 0.404754
vt 0.893370 0.831110
vt 0.792800 0.138214
vt 0.387423 0.284038
vt 0.386548 0.283331
vt 0.394747 0.257288
vt 0.449236 0.798728
vt 0.471144 0.763175
vt 0.000559 0.615423
vt 0.006945 0.615423
vt 0.001905 0.619195
vt 0.279490 0.913968
vt 0.095024 0.526357
vt 0.441381 0.904901
vt 0.218785 0.542304
vt 0.234073 0.541770
vt 0.214148 0.545560
vt 0.244244 0.815508
vt 0.009017 0.292737
vt 0.015995 0.292737
vt 0.014001 0.306063
vt 0.259241 0.727419
vt 0.801247 0.038317
vt 0.753832 0.291101
vt 0.421327 0.040286
vt 0.421327 0.029249
vt 0.448608 0.033154
vt 0.458778 0.124265
vt 0.119083 0.002634
vt 0.122480 0.004756
vt 0.113638 0.007371
vt 0.405010 0.005480
vt 0.176768 0.593390
vt 0.281455 0.910903
vt 0.039100 0.543895
vt 0.048199 0.542778
vt 0.059949 0.549768
vt 0.458486 0.989447
vt 0.998955 0.243776
vt 0.998955 0.256475
vt 0.993541 0.245033
vt 0.499707 0.922744
vt 0.476769 0.916509
vt 0.711913 0.157061
vt 0.701710 0.139407
vt 0.722399 0.164279
vt 0.705054 0.170439
vt 0.416099 0.999482
vt 0.399809 0.999482
vt 0.406805 0.994515
vt 0.611281 0.076920
vt 0.612268 0.074571
vt 0.620684 0.078429
vt 0.634891 0.371673
vt 0.633151 0.375520
vt 0.603278 0.353650
vt 0.502008 0.381025
vt 0.253354 0.417886
vt 0.412524 0.974614
vt 0.408466 0.978262
vt 0.374917 0.978262
vt 0.259977 0.008250
vt 0.253427 0.009405
vt 0.247276 0.008104
vt 0.010981 0.870180
vt 0.028707 0.282895
vt 0.522501 0.803834
vt 0.166160 0.028634
vt 0.182749 0.030085
vt 0.167291 0.047023
vt 0.384402 0.006086
vt 0.389025 0.007325
vt 0.377859 0.007421
vt 0.180147 0.003611
vt 0.182550 0.003101
vt 0.179631 0.011907
vt 0.610478 0.349114
vt 0.766667 0.002590
vt 0.767822 0.006143
vt 0.757441 0.006915
vt 0.546322 0.095550
vt 0.261876 0.980053
vt 0.281895 0.980053
vt 0.273387 0.982929
vt 0.696851 0.053423
vt 0.411829 0.908843
vt 0.416436 0.887507
vt 0.032660 0.006160
vt 0.036185 0.002635
vt 0.041877 0.006370
vt 0.535426 0.716562
vt 0.236104 0.546491
vt 0.239040 0.549990
vt 0.192228 0.553058
vt 0.017992 0.676492
vt 0.344162 0.194435
vt 0.737543 0.303088
vt 0.803596 0.920283
vt 0.176167 0.546606
vt 0.144404 0.741929
vt 0.991613 0.214783
vt 0.996868 0.216050
vt 0.051181 0.446286
vt 0.058958 0.422351
vt 0.063876 0.449585
vt 0.490624 0.021336
vt 0.466854 0.021336
vt 0.481197 0.020685
vt 0.652738 0.039771
vt 0.079756 0.537654
vt 0.671738 0.121842
vt 0.640001 0.122557
vt 0.657198 0.115062
vt 0.289791 0.050968
vt 0.528102 0.801670
vt 0.790120 0.917365
vt 0.994607 0.209945
vt 0.240819 0.640604
vt 0.019797 0.065547
vt 0.015751 0.067020
vt 0.011218 0.065642
vt 0.433037 0.052688
vt 0.414562 0.045614
vt 0.429335 0.044750
vt 0.443113 0.893670
vt 0.524989 0.268857
vt 0.259747 0.713070
vt 0.122016 0.200389
vt 0.618075 0.729002
vt 0.383937 0.887026
vt 0.922559 0.058219
vt 0.423452 0.904177
vt 0.478074 0.125196
vt 0.020969 0.495041
vt 0.761549 0.014416
vt 0.767917 0.012098
vt 0.776220 0.013948
vt 0.543582 0.678483
vt 0.577324 0.629477
vt 0.587617 0.625923
vt 0.998008 0.220004
vt 0.353126 0.190257
vt 0.112038 0.407906
vt 0.136576 0.092041
vt 0.163945 0.103267
vt 0.161917 0.108043
vt 0.024789 0.170123
vt 0.024789 0.175587
vt 0.018232 0.171238
vt 0.805532 0.928823
vt 0.854791 0.933820
vt 0.819619 0.942909
vt 0.922980 0.577672
vt 0.901931 0.569353
vt 0.028196 0.915610
vt 0.247639 0.840391
vt 0.185872 0.046381
vt 0.176056 0.054908
vt 0.855190 0.160304
vt 0.845733 0.171687
vt 0.838389 0.161197
vt 0.842843 0.928526
vt 0.024210 0.160081
vt 0.435452 0.985491
vt 0.432904 0.980027
vt 0.453539 0.979992
vt 0.117868 0.902758
vt 0.119131 0.905519
vt 0.072237 0.230126
vt 0.076841 0.259118
vt 0.072237 0.249444
vt 0.810612 0.961410
vt 0.007808 0.511351
vt 0.006699 0.517640
vt 0.007038 0.505371
vt 0.248349 0.040092
vt 0.259089 0.037214
vt 0.275913 0.040325
vt 0.967538 0.338465
vt 0.514325 0.523091
vt 0.529623 0.524459
vt 0.545745 0.534179
vt 0.564303 0.648083
vt 0.614621 0.448032
vt 0.614545 0.445099
vt 0.621451 0.448804
vt 0.189825 0.017015
vt 0.212876 0.017015
vt 0.201161 0.020504
vt 0.855526 0.208391
vt 0.863802 0.932134
vt 0.945743 0.957811
vt 0.946969 0.964760
vt 0.910548 0.964831
vt 0.108457 0.589223
vt 0.104149 0.577385
vt 0.106637 0.552848
vt 0.620614 0.068966
vt 0.086369 0.104105
vt 0.579267 0.302559
vt 0.001605 0.155215
vt 0.007900 0.155215
vt 0.005404 0.158442
vt 0.539109 0.072712
vt 0.074305 0.575239
vt 0.371043 0.896963
vt 0.080565 0.133014
vt 0.072210 0.104231
vt 0.424539 0.803199
vt 0.683161 0.116738
vt 0.569818 0.296005
vt 0.581001 0.289832
vt 0.136617 0.088555
vt 0.081727 0.877537
vt 0.082857 0.889708
vt 0.078978 0.880285
vt 0.023111 0.932006
vt 0.166811 0.143485
vt 0.180765 0.141831
vt 0.170167 0.145835
vt 0.998770 0.618974
vt 0.992225 0.623906
vt 0.994980 0.614433
vt 0.790498 0.810094
vt 0.807795 0.807089
vt 0.997061 0.624186
vt 0.733477 0.949670
vt 0.510927 0.705554
vt 0.524905 0.709344
vt 0.799067 0.034868
vt 0.199461 0.168722
vt 0.172727 0.168851
vt 0.188911 0.159870
vt 0.332766 0.184418
vt 0.296726 0.174761
vt 0.337079 0.176804
vt 0.165979 0.011987
vt 0.172430 0.011116
vt 0.170032 0.012485
vt 0.566421 0.633595
vt 0.269415 0.425937
vt 0.026166 0.914580
vt 0.050025 0.025644
vt 0.042640 0.045934
vt 0.042886 0.022600
vt 0.145721 0.975854
vt 0.017617 0.654242
vt 0.117401 0.016720
vt 0.625020 0.346698
vt 0.996498 0.192411
vt 0.990097 0.179696
vt 0.570600 0.353738
vt 0.077838 0.234476
vt 0.755713 0.013926
vt 0.741035 0.013926
vt 0.747796 0.009586
vt 0.736727 0.516258
vt 0.738757 0.543496
vt 0.714783 0.534139
vt 0.734210 0.505874
vt 0.716303 0.518395
vt 0.700658 0.553245
vt 0.700964 0.572056
vt 0.694608 0.570224
vt 0.902843 0.807619
vt 0.894672 0.800657
vt 0.917647 0.798339
vt 0.860072 0.811172
vt 0.246758 0.858878
vt 0.246866 0.851720
vt 0.894952 0.960831
vt 0.113823 0.235780
vt 0.096556 0.244961
vt 0.083776 0.244811
vt 0.599076 0.851838
vt 0.590069 0.849142
vt 0.607149 0.841680
vt 0.638617 0.362400
vt 0.207608 0.708235
vt 0.567549 0.051330
vt 0.553697 0.050875
vt 0.550002 0.045598
vt 0.422982 0.979363
vt 0.895580 0.793878
vt 0.389628 0.968148
vt 0.376500 0.974323
vt 0.367374 0.969054
vt 0.161237 0.015898
vt 0.161890 0.011526
vt 0.031987 0.280588
vt 0.083330 0.741896
vt 0.082576 0.758194
vt 0.079084 0.744868
vt 0.004662 0.629348
vt 0.013889 0.631922
vt 0.013889 0.640507
vt 0.066915 0.035355
vt 0.652092 0.031264
vt 0.847960 0.201315
vt 0.575517 0.278941
vt 0.924768 0.065920
vt 0.001565 0.674945
vt 0.009144 0.672482
vt 0.009440 0.675192
vt 0.730263 0.355479
vt 0.587944 0.452004
vt 0.624150 0.467693
vt 0.622095 0.081836
vt 0.632033 0.084422
vt 0.628578 0.083947
vt 0.997813 0.208654
vt 0.962468 0.838044
vt 0.954835 0.816225
vt 0.968405 0.842346
vt 0.111609 0.197924
vt 0.463995 0.745964
vt 0.173885 0.410642
vt 0.160282 0.410642
vt 0.173671 0.347237
vt 0.838706 0.178355
vt 0.582626 0.296127
vt 0.135132 0.736733
vt 0.568096 0.089985
vt 0.017638 0.495352
vt 0.582730 0.615166
vt 0.411034 0.054299
vt 0.789907 0.802413
vt 0.436496 0.794182
vt 0.931545 0.818293
vt 0.961258 0.821757
vt 0.713677 0.153723
vt 0.539258 0.573807
vt 0.797365 0.987390
vt 0.777423 0.987390
vt 0.780762 0.986096
vt 0.213821 0.543417
vt 0.934958 0.687451
vt 0.940425 0.698582
vt 0.920454 0.692706
vt 0.574885 0.623551
vt 0.275416 0.034624
vt 0.250345 0.036817
vt 0.247846 0.033718
vt 0.442062 0.893334
vt 0.217990 0.163302
vt 0.224381 0.080218
vt 0.201173 0.086362
vt 0.203734 0.083858
vt 0.506459 0.509836
vt 0.435452 0.002681
vt 0.446489 0.002681
vt 0.440686 0.004322
vt 0.586703 0.827488
vt 0.110742 0.005079
vt 0.102331 0.007682
vt 0.102077 0.005079
vt 0.244724 0.636589
vt 0.225032 0.626641
vt 0.042095 0.527180
vt 0.039546 0.523162
vt 0.044362 0.520381
vt 0.008617 0.793955
vt 0.016395 0.790341
vt 0.016203 0.795021
vt 0.689465 0.546138
vt 0.602144 0.277545
vt 0.541827 0.555856
vt 0.741945 0.408778
vt 0.758702 0.412784
vt 0.411296 0.233869
vt 0.414392 0.228467
vt 0.435605 0.219714
vt 0.004894 0.108637
vt 0.003322 0.113474
vt 0.001109 0.111327
vt 0.681008 0.131043
vt 0.415017 0.973703
vt 0.650835 0.465518
vt 0.647204 0.553578
vt 0.698641 0.042303
vt 0.564358 0.087085
vt 0.186510 0.144940
vt 0.121975 0.411110
vt 0.064012 0.196891
vt 0.062141 0.204998
vt 0.042541 0.189730
vt 0.630904 0.434084
vt 0.635797 0.449055
vt 0.715738 0.128385
vt 0.672456 0.128300
vt 0.681894 0.125424
vt 0.797560 0.179945
vt 0.790084 0.177478
vt 0.795095 0.159799
vt 0.988182 0.579073
vt 0.997888 0.576433
vt 0.996580 0.587675
vt 0.896436 0.803891
vt 0.004968 0.916869
vt 0.000089 0.913324
vt 0.005414 0.912046
vt 0.655744 0.031763
vt 0.135714 0.727827
vt 0.932808 0.715929
vt 0.956074 0.340239
vt 0.815900 0.071137
vt 0.839521 0.068570
vt 0.836716 0.079641
vt 0.111530 0.009429
vt 0.185442 0.053685
vt 0.012150 0.798637
vt 0.077243 0.869854
vt 0.758566 0.899694
vt 0.078624 0.732633
vt 0.235038 0.029241
vt 0.261916 0.031593
vt 0.234332 0.031789
vt 0.752747 0.425834
vt 0.577081 0.311839
vt 0.080970 0.574329
vt 0.040903 0.542150
vt 0.039911 0.535120
vt 0.046708 0.537003
vt 0.216297 0.149884
vt 0.225550 0.146191
vt 0.003628 0.046931
vt 0.010379 0.044738
vt 0.009726 0.055813
vt 0.212151 0.153369
vt 0.949593 0.349114
vt 0.126014 0.016363
vt 0.113606 0.015785
vt 0.120556 0.012541
vt 0.010903 0.786634
vt 0.235247 0.844484
vt 0.245717 0.847494
vt 0.864012 0.013873
vt 0.869345 0.010139
vt 0.878359 0.013377
vt 0.004620 0.640787
vt 0.808066 0.074517
vt 0.971425 0.007925
vt 0.965544 0.003653
vt 0.970685 0.001079
vt 0.544893 0.074135
vt 0.998397 0.212858
vt 0.914469 0.825495
vt 0.772545 0.453979
vt 0.036903 0.640136
vt 0.027629 0.640136
vt 0.034516 0.620494
vt 0.784107 0.847105
vt 0.781156 0.848505
vt 0.779836 0.843625
vt 0.898554 0.284490
vt 0.897970 0.217761
vt 0.904187 0.220105
vt 0.798049 0.151353
vt 0.166971 0.984312
vt 0.147186 0.984312
vt 0.166489 0.981671
vt 0.227956 0.640365
vt 0.706018 0.065526
vt 0.719033 0.062038
vt 0.737204 0.064267
vt 0.828847 0.167288
vt 0.797083 0.452810
vt 0.859412 0.004300
vt 0.855025 0.002703
vt 0.864835 0.002835
vt 0.018870 0.496602
vt 0.018271 0.936757
vt 0.008743 0.939852
vt 0.010298 0.926081
vt 0.030661 0.955094
vt 0.035977 0.966494
vt 0.030556 0.975372
vt 0.986903 0.169542
vt 0.628932 0.069841
vt 0.613095 0.069414
vt 0.526487 0.279778
vt 0.140693 0.745000
vt 0.860310 0.959245
vt 0.772827 0.847933
vt 0.777624 0.854547
vt 0.611922 0.831037
vt 0.626872 0.844506
vt 0.798188 0.158567
vt 0.529186 0.751173
vt 0.006968 0.389015
vt 0.000035 0.389015
vt 0.000402 0.382371
vt 0.120036 0.456544
vt 0.092436 0.463006
vt 0.091871 0.459008
vt 0.024874 0.972580
vt 0.029834 0.974893
vt 0.015689 0.974278
vt 0.236637 0.986322
vt 0.244187 0.983574
vt 0.256609 0.986912
vt 0.041752 0.980137
vt 0.061300 0.980160
vt 0.047500 0.988347
vt 0.006483 0.408716
vt 0.004010 0.412194
vt 0.000738 0.408922
vt 0.001634 0.434859
vt 0.008371 0.434859
vt 0.008153 0.437077
vt 0.871298 0.004901
vt 0.866856 0.006972
vt 0.861568 0.004534
vt 0.772209 0.030562
vt 0.756443 0.031941
vt 0.745550 0.030090
vt 0.426515 0.006375
vt 0.415406 0.006375
vt 0.418402 0.003630
vt 0.434058 0.038675
vt 0.452600 0.040297
vt 0.425339 0.040365
vt 0.910535 0.381371
vt 0.931160 0.393563
vt 0.910903 0.385580
vt 0.749509 0.097936
vt 0.707108 0.125242
vt 0.579288 0.962576
vt 0.564989 0.963783
vt 0.562951 0.956177
vt 0.657728 0.998430
vt 0.660751 0.995067
vt 0.661706 0.997729
vt 0.442051 0.888496
vt 0.967211 0.787469
vt 0.960597 0.805019
vt 0.201955 0.545489
vt 0.644948 0.995916
vt 0.117292 0.417082
vt 0.707034 0.168577
vt 0.583471 0.844094
vt 0.594026 0.961433
vt 0.143584 0.746638
vt 0.049733 0.211971
vt 0.044485 0.201158
vt 0.911722 0.783554
vt 0.407250 0.807175
vt 0.418794 0.798832
vt 0.996981 0.180403
vt 0.917061 0.847494
vt 0.909429 0.845148
vt 0.917421 0.839238
vt 0.704336 0.012835
vt 0.693930 0.010046
vt 0.708771 0.009176
vt 0.110537 0.418818
vt 0.119513 0.425104
vt 0.086590 0.423728
vt 0.966333 0.326116
vt 0.016424 0.576598
vt 0.010146 0.576269
vt 0.008088 0.573477
vt 0.004093 0.306501
vt 0.007606 0.295687
vt 0.013416 0.307615
vt 0.910643 0.826142
vt 0.649125 0.990596
vt 0.642049 0.993896
vt 0.630515 0.990885
vt 0.547788 0.880289
vt 0.539504 0.051451
vt 0.255576 0.663729
vt 0.240667 0.659124
vt 0.652724 0.115741
vt 0.626460 0.123046
vt 0.628177 0.120069
vt 0.527938 0.710353
vt 0.083957 0.727549
vt 0.761799 0.512384
vt 0.776767 0.459674
vt 0.739866 0.627244
vt 0.706683 0.500946
vt 0.231393 0.653056
vt 0.591653 0.291178
vt 0.621141 0.956394
vt 0.685175 0.012887
vt 0.680411 0.008123
vt 0.695277 0.008301
vt 0.707456 0.997178
vt 0.720280 0.996598
vt 0.717614 0.999900
vt 0.537617 0.524237
vt 0.551359 0.529803
vt 0.554670 0.534753
vt 0.178068 0.296771
vt 0.178068 0.370562
vt 0.174608 0.324978
vt 0.053957 0.690020
vt 0.047705 0.691173
vt 0.048312 0.689526
vt 0.420534 0.156247
vt 0.982922 0.331118
vt 0.404882 0.045231
vt 0.135463 0.728116
vt 0.725827 0.321181
vt 0.364078 0.008032
vt 0.366022 0.009977
vt 0.352337 0.009529
vt 0.919928 0.952611
vt 0.533273 0.572400
vt 0.536688 0.578049
vt 0.209282 0.718867
vt 0.219422 0.747664
vt 0.214631 0.745386
vt 0.114762 0.201272
vt 0.103559 0.220020
vt 0.105266 0.202947
vt 0.556165 0.102523
vt 0.516418 0.175734
vt 0.524176 0.162824
vt 0.520549 0.184586
vt 0.009588 0.815770
vt 0.004055 0.814794
vt 0.011453 0.814545
vt 0.707802 0.007481
vt 0.697400 0.007481
vt 0.702247 0.002524
vt 0.058187 0.987540
vt 0.552492 0.095262
vt 0.791805 0.905073
vt 0.363130 0.194133
vt 0.490243 0.104025
vt 0.481385 0.103149
vt 0.481141 0.100363
vt 0.541652 0.638140
vt 0.520710 0.503221
vt 0.923809 0.591371
vt 0.790102 0.867988
vt 0.931629 0.951037
vt 0.135839 0.980125
vt 0.149960 0.986710
vt 0.132823 0.987359
vt 0.169316 0.107207
vt 0.130180 0.981499
vt 0.994631 0.708294
vt 0.999366 0.716144
vt 0.995108 0.713746
vt 0.553100 0.351579
vt 0.562266 0.335931
vt 0.980562 0.168494
vt 0.336358 0.186093
vt 0.401511 0.186093
vt 0.382004 0.188594
vt 0.617673 0.821312
vt 0.602566 0.812442
vt 0.114904 0.439926
vt 0.115756 0.443106
vt 0.098744 0.440158
vt 0.802481 0.958668
vt 0.099816 0.584370
vt 0.099816 0.618231
vt 0.095281 0.595927
vt 0.999313 0.703566
vt 0.125328 0.012151
vt 0.059574 0.747254
vt 0.051122 0.741336
vt 0.059934 0.721980
vt 0.601550 0.280660
vt 0.186324 0.029868
vt 0.194020 0.037703
vt 0.108629 0.907819
vt 0.108792 0.902076
vt 0.607157 0.049639
vt 0.582611 0.053967
vt 0.578936 0.048084
vt 0.002693 0.702177
vt 0.007678 0.698555
vt 0.008813 0.707648
vt 0.046852 0.686380
vt 0.787193 0.152747
vt 0.398465 0.234531
vt 0.361603 0.176259
vt 0.164702 0.148347
vt 0.943554 0.946920
vt 0.853183 0.227305
vt 0.868900 0.227305
vt 0.841988 0.235946
vt 0.545613 0.654867
vt 0.060527 0.554545
vt 0.210003 0.028972
vt 0.198996 0.029935
vt 0.182193 0.028594
vt 0.733458 0.407029
vt 0.776312 0.999812
vt 0.759456 0.999812
vt 0.772433 0.998687
vt 0.019348 0.346065
vt 0.007665 0.346065
vt 0.007960 0.339278
vt 0.729486 0.398769
vt 0.819764 0.176683
vt 0.819818 0.193873
vt 0.061911 0.328844
vt 0.070502 0.336816
vt 0.065381 0.347316
vt 0.107817 0.088012
vt 0.105393 0.088440
vt 0.106303 0.080147
vt 0.038352 0.691610
vt 0.036975 0.688761
vt 0.186281 0.716203
vt 0.730637 0.300669
vt 0.234045 0.087296
vt 0.804955 0.837859
vt 0.800380 0.843913
vt 0.770908 0.842311
vt 0.951604 0.353374
vt 0.753266 0.105380
vt 0.741578 0.872627
vt 0.722517 0.869752
vt 0.735849 0.858105
vt 0.608355 0.063362
vt 0.928337 0.066844
vt 0.927947 0.059688
vt 0.216154 0.017305
vt 0.218063 0.010647
vt 0.223566 0.007707
vt 0.832131 0.993933
vt 0.835005 0.991059
vt 0.851211 0.993865
vt 0.630635 0.826014
vt 0.083837 0.865865
vt 0.001220 0.021818
vt 0.002591 0.014043
vt 0.002782 0.023476
vt 0.810031 0.191734
vt 0.604604 0.008725
vt 0.602480 0.013286
vt 0.595341 0.012661
vt 0.124998 0.221127
vt 0.537413 0.144791
vt 0.551615 0.144579
vt 0.188418 0.146807
vt 0.000020 0.411217
vt 0.159949 0.150618
vt 0.124295 0.156356
vt 0.124295 0.137791
vt 0.519519 0.161712
vt 0.009974 0.799659
vt 0.195155 0.142021
vt 0.117939 0.339509
vt 0.086663 0.349671
vt 0.086915 0.338673
vt 0.373797 0.473730
vt 0.387298 0.484089
vt 0.383554 0.501713
vt 0.543609 0.586302
vt 0.614968 0.483404
vt 0.725155 0.305049
vt 0.270068 0.408574
vt 0.011794 0.120310
vt 0.003213 0.120310
vt 0.009796 0.118309
vt 0.586931 0.813493
vt 0.333367 0.044718
vt 0.361481 0.044718
vt 0.355483 0.057333
vt 0.055247 0.354998
vt 0.051559 0.342839
vt 0.998810 0.669865
vt 0.995996 0.673739
vt 0.995186 0.667931
vt 0.132371 0.438868
vt 0.129074 0.444073
vt 0.831360 0.088925
vt 0.395445 0.009419
vt 0.389716 0.008409
vt 0.403681 0.008089
vt 0.317341 0.984905
vt 0.318204 0.982850
vt 0.327574 0.985361
vt 0.724260 0.999277
vt 0.534433 0.896249
vt 0.508186 0.893953
vt 0.535635 0.889474
vt 0.913655 0.353760
vt 0.909669 0.365097
vt 0.104144 0.905877
vt 0.002574 0.416494
vt 0.008896 0.407793
vt 0.009932 0.421122
vt 0.527254 0.150376
vt 0.922285 0.839306
vt 0.932742 0.831501
vt 0.327593 0.072594
vt 0.347144 0.074474
vt 0.325999 0.082645
vt 0.987528 0.115545
vt 0.997707 0.117271
vt 0.997266 0.127898
vt 0.530663 0.980561
vt 0.521345 0.984962
vt 0.517139 0.981433
vt 0.765778 0.171267
vt 0.748990 0.180441
vt 0.698455 0.171530
vt 0.509857 0.980020
vt 0.298477 0.048698
vt 0.991924 0.168291
vt 0.125055 0.201137
vt 0.270054 0.464973
vt 0.277905 0.483120
vt 0.273273 0.509389
vt 0.116216 0.020770
vt 0.053000 0.525874
vt 0.915960 0.701058
vt 0.895487 0.839353
vt 0.201196 0.150403
vt 0.764097 0.483592
vt 0.002817 0.749694
vt 0.001594 0.746774
vt 0.005149 0.746401
vt 0.012161 0.611523
vt 0.017687 0.605997
vt 0.014458 0.614613
vt 0.724451 0.295578
vt 0.908499 0.731744
vt 0.994222 0.233877
vt 0.997093 0.227720
vt 0.997273 0.240514
vt 0.904265 0.994636
vt 0.897330 0.995859
vt 0.887131 0.994900
vt 0.895306 0.849152
vt 0.206699 0.080706
vt 0.198665 0.072091
vt 0.214078 0.079922
vt 0.122776 0.430468
vt 0.972535 0.099403
vt 0.971332 0.112549
vt 0.968110 0.105016
vt 0.451180 0.097248
vt 0.451180 0.103853
vt 0.440840 0.100210
vt 0.592203 0.009413
vt 0.262865 0.518066
vt 0.912845 0.393233
vt 0.013783 0.828565
vt 0.009817 0.840770
vt 0.009729 0.833361
vt 0.213886 0.607122
vt 0.212757 0.617998
vt 0.209663 0.598968
vt 0.585604 0.304989
vt 0.586269 0.073095
vt 0.569349 0.082885
vt 0.574716 0.068191
vt 0.116087 0.236082
vt 0.910842 0.852365
vt 0.535295 0.676205
vt 0.523794 0.577670
vt 0.046967 0.538393
vt 0.031041 0.945513
vt 0.035993 0.942045
vt 0.035430 0.962407
vt 0.195373 0.086489
vt 0.896477 0.830217
vt 0.835452 0.005885
vt 0.837492 0.002619
vt 0.844889 0.003049
vt 0.500623 0.029651
vt 0.489847 0.040427
vt 0.473364 0.029608
vt 0.100363 0.821513
vt 0.089657 0.796144
vt 0.099570 0.812446
vt 0.858329 0.963360
vt 0.205861 0.145914
vt 0.143562 0.746676
vt 0.141534 0.753516
vt 0.955782 0.326096
vt 0.038389 0.428453
vt 0.029263 0.441982
vt 0.023142 0.438910
vt 0.079023 0.021939
vt 0.056545 0.021171
vt 0.068605 0.017081
vt 0.997782 0.820957
vt 0.997782 0.860384
vt 0.993213 0.821061
vt 0.033087 0.685578
vt 0.964854 0.363851
vt 0.928368 0.817196
vt 0.715003 0.482120
vt 0.618391 0.065487
vt 0.621093 0.065345
vt 0.059038 0.017541
vt 0.238560 0.663733
vt 0.753576 0.857988
vt 0.007284 0.004346
vt 0.003868 0.005455
vt 0.003722 0.004049
vt 0.546532 0.082826
vt 0.249195 0.282058
vt 0.033906 0.774154
vt 0.029760 0.773223
vt 0.023122 0.759613
vt 0.083588 0.180726
vt 0.085743 0.156089
vt 0.086497 0.188583
vt 0.540448 0.610449
vt 0.562109 0.610900
vt 0.997928 0.108899
vt 0.249035 0.397980
vt 0.540152 0.723296
vt 0.456861 0.906746
vt 0.182120 0.086142
vt 0.590884 0.300411
vt 0.526648 0.511770
vt 0.527230 0.488363
vt 0.023919 0.767495
vt 0.216048 0.633595
vt 0.551800 0.077066
vt 0.558330 0.068603
vt 0.015101 0.720464
vt 0.022444 0.723137
vt 0.009071 0.723758
vt 0.125994 0.274266
vt 0.115869 0.308025
vt 0.113667 0.297449
vt 0.016121 0.557647
vt 0.011068 0.555808
vt 0.024450 0.555410
vt 0.189999 0.539598
vt 0.930966 0.439118
vt 0.914971 0.446577
vt 0.932717 0.399369
vt 0.685139 0.459911
vt 0.684359 0.453922
vt 0.118210 0.349475
vt 0.092223 0.351600
vt 0.117603 0.340746
vt 0.384457 0.467053
vt 0.246156 0.548128
vt 0.246156 0.459376
vt 0.258096 0.538659
vt 0.567955 0.844369
vt 0.571832 0.814686
vt 0.008911 0.751348
vt 0.633077 0.072866
vt 0.068941 0.619186
vt 0.065107 0.611776
vt 0.065277 0.606927
vt 0.350176 0.999474
vt 0.345334 0.994631
vt 0.361519 0.994523
vt 0.809849 0.187585
vt 0.397361 0.239224
vt 0.018507 0.612989
vt 0.923867 0.776541
vt 0.531015 0.544208
vt 0.277818 0.509865
vt 0.277754 0.550994
vt 0.272936 0.554037
vt 0.846761 0.070943
vt 0.558684 0.992983
vt 0.540366 0.992983
vt 0.556081 0.990509
vt 0.521260 0.041954
vt 0.518052 0.059793
vt 0.507870 0.053595
vt 0.986001 0.096802
vt 0.268273 0.987191
vt 0.286004 0.987191
vt 0.276012 0.990298
vt 0.022226 0.141520
vt 0.017116 0.133343
vt 0.026405 0.126614
vt 0.179093 0.140015
vt 0.154318 0.137466
vt 0.176320 0.137689
vt 0.155571 0.557809
vt 0.151974 0.554429
vt 0.163104 0.557076
vt 0.735248 0.482431
vt 0.088806 0.461159
vt 0.164060 0.544614
vt 0.152493 0.549651
vt 0.254704 0.060802
vt 0.238748 0.048760
vt 0.244849 0.051285
vt 0.105239 0.094255
vt 0.523156 0.510380
vt 0.371331 0.887217
vt 0.246193 0.382372
vt 0.243070 0.382225
vt 0.366565 0.892013
vt 0.497768 0.068710
vt 0.511160 0.058618
vt 0.513652 0.075949
vt 0.019223 0.342958
vt 0.012626 0.340815
vt 0.019390 0.328377
vt 0.110592 0.304696
vt 0.909934 0.221096
vt 0.489743 0.007502
vt 0.478742 0.007502
vt 0.482671 0.004004
vt 0.249797 0.274803
vt 0.936190 0.683542
vt 0.980618 0.050263
vt 0.993433 0.053697
vt 0.964545 0.053789
vt 0.133913 0.741971
vt 0.202447 0.601428
vt 0.409288 0.085954
vt 0.401366 0.081127
vt 0.412473 0.077724
vt 0.895765 0.818140
vt 0.231587 0.076786
vt 0.168028 0.857316
vt 0.144501 0.818956
vt 0.167340 0.817894
vt 0.775699 0.866556
vt 0.109193 0.161082
vt 0.116435 0.162698
vt 0.123904 0.173365
vt 0.027191 0.637648
vt 0.025590 0.629889
vt 0.032940 0.620481
vt 0.896122 0.858816
vt 0.029237 0.622567
vt 0.001045 0.709308
vt 0.002640 0.704399
vt 0.007960 0.708906
vt 0.887482 0.842806
vt 0.001033 0.580302
vt 0.005816 0.576826
vt 0.005971 0.580752
vt 0.090190 0.824876
vt 0.807459 0.861690
vt 0.810289 0.863679
vt 0.804668 0.871663
vt 0.256369 0.072403
vt 0.274509 0.054647
vt 0.771920 0.990106
vt 0.790861 0.990106
vt 0.785966 0.991885
vt 0.609907 0.115073
vt 0.707709 0.295601
vt 0.800153 0.959469
vt 0.253078 0.992281
vt 0.235666 0.992281
vt 0.236695 0.987209
vt 0.921018 0.947386
vt 0.535152 0.048858
vt 0.611117 0.281434
vt 0.079429 0.859667
vt 0.918463 0.395914
vt 0.910705 0.422720
vt 0.611037 0.488851
vt 0.625811 0.067263
vt 0.105333 0.336604
vt 0.090648 0.326692
vt 0.105452 0.305550
vt 0.707889 0.858263
vt 0.921226 0.771999
vt 0.910249 0.863619
vt 0.703124 0.983790
vt 0.685926 0.980758
vt 0.707270 0.980192
vt 0.450734 0.958162
vt 0.446309 0.955219
vt 0.461297 0.957888
vt 0.146935 0.168585
vt 0.169577 0.097742
vt 0.365779 0.503110
vt 0.851551 0.016243
vt 0.874312 0.016243
vt 0.852933 0.018775
vt 0.131618 0.749100
vt 0.052951 0.520910
vt 0.284799 0.009333
vt 0.291825 0.008718
vt 0.297992 0.009791
vt 0.515667 0.069029
vt 0.813944 0.865978
vt 0.210889 0.060043
vt 0.232433 0.062689
vt 0.203285 0.072023
vt 0.775807 0.050745
vt 0.799162 0.059245
vt 0.770623 0.059811
vt 0.076630 0.051221
vt 0.069205 0.066907
vt 0.069241 0.050574
vt 0.362340 0.887876
vt 0.912605 0.394344
vt 0.652105 0.438753
vt 0.034246 0.426063
vt 0.025710 0.423290
vt 0.037321 0.407354
vt 0.545120 0.873088
vt 0.044015 0.985633
vt 0.038194 0.993357
vt 0.027521 0.990937
vt 0.087067 0.455954
vt 0.877312 0.161625
vt 0.907281 0.170303
vt 0.881011 0.169558
vt 0.699049 0.178326
vt 0.770152 0.872935
vt 0.412091 0.984011
vt 0.405976 0.991563
vt 0.397814 0.993978
vt 0.218446 0.647742
vt 0.938869 0.977633
vt 0.950875 0.988815
vt 0.941880 0.985905
vt 0.893761 0.876707
vt 0.781981 0.159402
vt 0.319449 0.076149
vt 0.320344 0.065568
vt 0.447424 0.086380
vt 0.428955 0.093850
vt 0.427435 0.088179
vt 0.559965 0.874552
vt 0.792259 0.052922
vt 0.380303 0.227341
vt 0.388688 0.229254
vt 0.083301 0.782842
vt 0.082231 0.770609
vt 0.084352 0.752425
vt 0.845180 0.076228
vt 0.592575 0.404012
vt 0.536432 0.704031
vt 0.205800 0.622948
vt 0.599998 0.291358
vt 0.254987 0.048817
vt 0.009920 0.451384
vt 0.009920 0.462073
vt 0.003587 0.452661
vt 0.856301 0.170571
vt 0.017059 0.290659
vt 0.029964 0.290659
vt 0.023492 0.307140
vt 0.393443 0.242181
vt 0.511655 0.171934
vt 0.495536 0.180230
vt 0.486815 0.179911
vt 0.688411 0.445699
vt 0.673487 0.993748
vt 0.682831 0.991244
vt 0.692196 0.993087
vt 0.918253 0.691769
vt 0.789201 0.070614
vt 0.789201 0.077460
vt 0.783486 0.071979
vt 0.827763 0.163030
vt 0.337487 0.982623
vt 0.230150 0.672934
vt 0.205507 0.188647
vt 0.200957 0.193527
vt 0.197938 0.179668
vt 0.688989 0.990574
vt 0.707710 0.990574
vt 0.697831 0.993918
vt 0.382321 0.426926
vt 0.384928 0.440729
vt 0.170156 0.010333
vt 0.175721 0.002673
vt 0.179019 0.009059
vt 0.103621 0.304536
vt 0.725556 0.993884
vt 0.717458 0.990108
vt 0.736269 0.990150
vt 0.694054 0.849529
vt 0.670141 0.867920
vt 0.657352 0.865373
vt 0.910381 0.941566
vt 0.027971 0.183675
vt 0.026063 0.186399
vt 0.026173 0.178127
vt 0.554491 0.997261
vt 0.551482 0.994735
vt 0.568078 0.995061
vt 0.828458 0.851251
vt 0.829074 0.842153
vt 0.838033 0.859020
vt 0.035540 0.761095
vt 0.042999 0.763093
vt 0.035947 0.770706
vt 0.730455 0.845955
vt 0.475476 0.088234
vt 0.475476 0.079891
vt 0.494838 0.084843
vt 0.293759 0.143322
vt 0.315299 0.136818
vt 0.313625 0.141584
vt 0.016202 0.788784
vt 0.010586 0.782091
vt 0.016428 0.774998
vt 0.689886 0.863662
vt 0.677827 0.872861
vt 0.412752 0.100136
vt 0.326367 0.109679
vt 0.366480 0.109679
vt 0.327818 0.124938
vt 0.104144 0.899934
vt 0.097969 0.051947
vt 0.074940 0.066973
vt 0.407097 0.073571
vt 0.127705 0.095846
vt 0.955918 0.321329
vt 0.541546 0.999759
vt 0.524988 0.999759
vt 0.530843 0.998740
vt 0.027496 0.448730
vt 0.021029 0.451050
vt 0.018421 0.448862
vt 0.841003 0.086695
vt 0.001572 0.381503
vt 0.008280 0.379324
vt 0.008433 0.388060
vt 0.609485 0.315950
vt 0.037945 0.658934
vt 0.023086 0.669730
vt 0.023703 0.661480
vt 0.151630 0.430455
vt 0.167043 0.424025
vt 0.167461 0.432712
vt 0.863768 0.161094
vt 0.988042 0.427159
vt 0.993043 0.413420
vt 0.993448 0.441073
vt 0.025649 0.609302
vt 0.859942 0.044677
vt 0.869732 0.048241
vt 0.855280 0.048870
vt 0.924215 0.679462
vt 0.951380 0.977168
vt 0.813071 0.227518
vt 0.544086 0.730487
vt 0.553713 0.800109
vt 0.895375 0.625089
vt 0.907867 0.640178
vt 0.898594 0.637104
vt 0.485334 0.066100
vt 0.499612 0.058923
vt 0.051860 0.533526
vt 0.331140 0.008162
vt 0.323314 0.008847
vt 0.317684 0.008268
vt 0.410600 0.983051
vt 0.396304 0.993437
vt 0.398018 0.988692
vt 0.901817 0.624096
vt 0.932568 0.936619
vt 0.942674 0.940812
vt 0.989332 0.009291
vt 0.983739 0.011899
vt 0.975150 0.009111
vt 0.633374 0.066195
vt 0.996913 0.102449
vt 0.136430 0.613039
vt 0.127605 0.607056
vt 0.142572 0.590793
vt 0.270895 0.389544
vt 0.909997 0.680767
vt 0.589493 0.011430
vt 0.968981 0.773143
vt 0.973972 0.772706
vt 0.969671 0.778868
vt 0.044116 0.617466
vt 0.769560 0.899951
vt 0.119440 0.083278
vt 0.027937 0.145984
vt 0.024589 0.141994
vt 0.027427 0.126652
vt 0.060582 0.632859
vt 0.078988 0.647067
vt 0.061644 0.653128
vt 0.157538 0.618487
vt 0.144809 0.618618
vt 0.799137 0.161725
vt 0.656425 0.454537
vt 0.496687 0.504311
vt 0.123137 0.342621
vt 0.050191 0.762246
vt 0.055026 0.755403
vt 0.056414 0.762137
vt 0.911682 0.488970
vt 0.910132 0.459404
vt 0.920144 0.511582
vt 0.001275 0.273575
vt 0.001119 0.264501
vt 0.003435 0.264298
vt 0.638792 0.987414
vt 0.630842 0.981847
vt 0.650299 0.981571
vt 0.270857 0.108763
vt 0.288649 0.104683
vt 0.289208 0.119254
vt 0.127154 0.179353
vt 0.669562 0.019554
vt 0.683124 0.019784
vt 0.674054 0.025969
vt 0.908234 0.635205
vt 0.454559 0.094405
vt 0.489685 0.993888
vt 0.479450 0.991145
vt 0.497539 0.990604
vt 0.271528 0.674848
vt 0.271866 0.680957
vt 0.255345 0.683829
vt 0.777407 0.156203
vt 0.935018 0.998426
vt 0.920630 0.994571
vt 0.937800 0.994600
vt 0.028543 0.608899
vt 0.046433 0.614712
vt 0.027103 0.614155
vt 0.136547 0.757032
vt 0.109927 0.177046
vt 0.041443 0.750054
vt 0.393649 0.407939
vt 0.042175 0.801592
vt 0.046870 0.809724
vt 0.043018 0.825721
vt 0.397013 0.980516
vt 0.401965 0.985467
vt 0.388404 0.985132
vt 0.611212 0.326698
vt 0.637329 0.062651
vt 0.637605 0.066651
vt 0.497823 0.168258
vt 0.477021 0.985366
vt 0.479600 0.981210
vt 0.483089 0.981515
vt 0.176110 0.979268
vt 0.201967 0.974709
vt 0.213585 0.978731
vt 0.992494 0.014982
vt 0.978730 0.014982
vt 0.992756 0.010030
vt 0.204126 0.611210
vt 0.833190 0.094512
vt 0.125964 0.179860
vt 0.553351 0.323162
vt 0.540972 0.338279
vt 0.001233 0.225271
vt 0.006297 0.228950
vt 0.000206 0.231457
vt 0.215237 0.659824
vt 0.467359 0.101001
vt 0.418136 0.072125
vt 0.428014 0.085810
vt 0.934543 0.979556
vt 0.931561 0.987420
vt 0.537566 0.587988
vt 0.924309 0.066703
vt 0.903537 0.070366
vt 0.891098 0.067716
vt 0.939484 0.028586
vt 0.942659 0.030066
vt 0.935063 0.030944
vt 0.176481 0.423021
vt 0.158887 0.411597
vt 0.133324 0.090880
vt 0.709950 0.335777
vt 0.078085 0.775775
vt 0.078085 0.745485
vt 0.080494 0.757862
vt 0.264525 0.659332
vt 0.275324 0.667428
vt 0.534969 0.908925
vt 0.271284 0.048157
vt 0.018736 0.941124
vt 0.017766 0.946625
vt 0.013892 0.938973
vt 0.994362 0.870144
vt 0.995310 0.888216
vt 0.987682 0.867662
vt 0.397640 0.543254
vt 0.397355 0.558265
vt 0.383750 0.558265
vt 0.009886 0.273971
vt 0.626658 0.145221
vt 0.634135 0.139579
vt 0.637223 0.148065
vt 0.408994 0.982346
vt 0.254934 0.670204
vt 0.125886 0.345780
vt 0.026924 0.811858
vt 0.017098 0.803011
vt 0.021588 0.796446
vt 0.778092 0.177264
vt 0.226238 0.008081
vt 0.228479 0.011166
vt 0.217744 0.017432
vt 0.135327 0.079242
vt 0.476662 0.191271
vt 0.471455 0.198135
vt 0.468425 0.196020
vt 0.141072 0.538531
vt 0.125255 0.539657
vt 0.137161 0.530144
vt 0.147178 0.593201
vt 0.695308 0.277337
vt 0.569312 0.478315
vt 0.571849 0.484860
vt 0.276153 0.653670
vt 0.089146 0.305217
vt 0.774400 0.060622
vt 0.786174 0.064609
vt 0.775692 0.065441
vt 0.140884 0.082536
vt 0.317735 0.085507
vt 0.040380 0.568375
vt 0.042488 0.572895
vt 0.028274 0.568944
vt 0.499667 0.072203
vt 0.562591 0.811768
vt 0.208601 0.640474
vt 0.467985 0.204013
vt 0.381225 0.226652
vt 0.206233 0.140729
vt 0.386446 0.235387
vt 0.007177 0.157580
vt 0.018270 0.161184
vt 0.006742 0.165081
vt 0.997816 0.558706
vt 0.706848 0.841938
vt 0.849111 0.959199
vt 0.027484 0.158763
vt 0.025042 0.163998
vt 0.025111 0.144656
vt 0.713875 0.183648
vt 0.195746 0.169655
vt 0.097286 0.720516
vt 0.092001 0.726125
vt 0.092542 0.714909
vt 0.256658 0.661868
vt 0.075773 0.307238
vt 0.076498 0.319496
vt 0.071404 0.320122
vt 0.079858 0.819997
vt 0.085411 0.840396
vt 0.080760 0.826417
vt 0.745155 0.469252
vt 0.626301 0.425733
vt 0.000033 0.745862
vt 0.002924 0.741882
vt 0.004970 0.745485
vt 0.238719 0.273512
vt 0.094058 0.710011
vt 0.030686 0.333190
vt 0.042350 0.333190
vt 0.039846 0.353653
vt 0.023485 0.614193
vt 0.390352 0.450239
vt 0.017240 0.057864
vt 0.017366 0.048376
vt 0.027782 0.046162
vt 0.048300 0.699002
vt 0.046331 0.713008
vt 0.041245 0.719707
vt 0.039006 0.672862
vt 0.041277 0.677320
vt 0.023255 0.671429
vt 0.891666 0.610474
vt 0.693119 0.022708
vt 0.926450 0.221990
vt 0.913470 0.237460
vt 0.916578 0.187412
vt 0.374808 0.426137
vt 0.014025 0.448399
vt 0.755097 0.065078
vt 0.700309 0.194659
vt 0.724985 0.038026
vt 0.739363 0.038379
vt 0.730160 0.041014
vt 0.374451 0.421279
vt 0.627118 0.007494
vt 0.616504 0.007494
vt 0.621438 0.006013
vt 0.646322 0.898648
vt 0.662437 0.893865
vt 0.658982 0.904022
vt 0.338203 0.039121
vt 0.357190 0.034034
vt 0.365649 0.040504
vt 0.823105 0.160000
vt 0.827900 0.148652
vt 0.861930 0.142651
vt 0.998873 0.089210
vt 0.829131 0.835017
vt 0.071870 0.750510
vt 0.256100 0.688829
vt 0.074975 0.908354
vt 0.068254 0.902302
vt 0.066096 0.883542
vt 0.036771 0.593692
vt 0.020280 0.593692
vt 0.020258 0.583397
vt 0.986270 0.989084
vt 0.986270 0.993407
vt 0.968707 0.991459
vt 0.120069 0.184495
vt 0.507699 0.074489
vt 0.093757 0.590688
vt 0.093649 0.574779
vt 0.096336 0.585157
vt 0.087731 0.830670
vt 0.018217 0.427679
vt 0.020776 0.423246
vt 0.033809 0.427126
vt 0.905729 0.002502
vt 0.907317 0.007697
vt 0.903589 0.009504
vt 0.616481 0.315527
vt 0.563900 0.168406
vt 0.525440 0.165042
vt 0.565007 0.163760
vt 0.023090 0.060892
vt 0.091875 0.710886
vt 0.260485 0.702622
vt 0.109582 0.188593
vt 0.040546 0.659348
vt 0.279068 0.655065
vt 0.639769 0.073879
vt 0.849357 0.961339
vt 0.540696 0.006364
vt 0.529839 0.006364
vt 0.534956 0.005141
vt 0.021108 0.948915
vt 0.138370 0.760333
vt 0.135542 0.767535
vt 0.129332 0.767224
vt 0.010825 0.224773
vt 0.008046 0.228084
vt 0.002682 0.224642
vt 0.660395 0.102959
vt 0.660904 0.098922
vt 0.672654 0.092138
vt 0.023841 0.556857
vt 0.022995 0.571707
vt 0.017951 0.570818
vt 0.040332 0.427797
vt 0.040332 0.447641
vt 0.031704 0.441850
vt 0.672184 0.097901
vt 0.090207 0.732097
vt 0.740095 0.185399
vt 0.910252 0.734419
vt 0.927392 0.736220
vt 0.901505 0.759934
vt 0.161323 0.143415
vt 0.162568 0.145795
vt 0.137570 0.138915
vt 0.467681 0.192515
vt 0.001557 0.147836
vt 0.008448 0.145596
vt 0.006518 0.154554
vt 0.254884 0.201214
vt 0.270535 0.205408
vt 0.248365 0.205134
vt 0.077060 0.818608
vt 0.282915 0.640203
vt 0.278910 0.992336
vt 0.266656 0.992764
vt 0.262360 0.987226
vt 0.873243 0.159198
vt 0.562505 0.322033
vt 0.097387 0.737787
vt 0.655507 0.177311
vt 0.663880 0.177117
vt 0.675691 0.181416
vt 0.694063 0.016414
vt 0.711640 0.015687
vt 0.710409 0.019296
vt 0.907865 0.700968
vt 0.909441 0.717489
vt 0.904917 0.721152
vt 0.562703 0.975444
vt 0.556226 0.978856
vt 0.554863 0.977231
vt 0.533508 0.041257
vt 0.022418 0.971292
vt 0.019482 0.960506
vt 0.026861 0.957524
vt 0.802305 0.233061
vt 0.010840 0.560325
vt 0.133288 0.771958
vt 0.088154 0.494847
vt 0.100865 0.491549
vt 0.100865 0.501756
vt 0.249851 0.652776
vt 0.968028 0.734389
vt 0.851598 0.166495
vt 0.276778 0.695575
vt 0.696841 0.019331
vt 0.095133 0.504928
vt 0.948039 0.420803
vt 0.962754 0.429142
vt 0.946200 0.425788
vt 0.902460 0.695220
vt 0.911418 0.692307
vt 0.996125 0.087108
vt 0.982740 0.088515
vt 0.999251 0.077068
vt 0.103942 0.487952
vt 0.165850 0.143760
vt 0.466164 0.985363
vt 0.123808 0.351453
vt 0.320100 0.003141
vt 0.317480 0.004363
vt 0.308715 0.003563
vt 0.694406 0.916262
vt 0.130164 0.753468
vt 0.026358 0.614511
vt 0.991701 0.454514
vt 0.025556 0.193728
vt 0.312185 0.080350
vt 0.205419 0.656432
vt 0.925027 0.183251
vt 0.140864 0.435783
vt 0.140864 0.494682
vt 0.126270 0.487328
vt 0.491323 0.512326
vt 0.967120 0.985858
vt 0.964305 0.978124
vt 0.975898 0.978862
vt 0.794863 0.889637
vt 0.064774 0.446998
vt 0.064774 0.418435
vt 0.066792 0.419750
vt 0.499932 0.534077
vt 0.865892 0.011229
vt 0.851967 0.014831
vt 0.856371 0.012567
vt 0.840536 0.964334
vt 0.001615 0.286867
vt 0.004146 0.283851
vt 0.009891 0.286934
vt 0.757573 0.076589
vt 0.009794 0.265893
vt 0.606828 0.141555
vt 0.304315 0.133489
vt 0.292962 0.141941
vt 0.315237 0.114226
vt 0.023545 0.573196
vt 0.039377 0.532591
vt 0.036124 0.541157
vt 0.028170 0.541157
vt 0.000119 0.400885
vt 0.004383 0.400885
vt 0.002764 0.404017
vt 0.079228 0.664948
vt 0.084854 0.677014
vt 0.079990 0.695733
vt 0.986769 0.090613
vt 0.975618 0.983565
vt 0.962840 0.982805
vt 0.791942 0.951604
vt 0.135217 0.760327
vt 0.003445 0.765999
vt 0.005320 0.771769
vt 0.000183 0.771382
vt 0.015974 0.093015
vt 0.008136 0.094397
vt 0.007538 0.092696
vt 0.625494 0.891801
vt 0.627624 0.885639
vt 0.149474 0.434017
vt 0.146711 0.433114
vt 0.790756 0.991431
vt 0.800744 0.990557
vt 0.785426 0.993672
vt 0.460021 0.087544
vt 0.022400 0.668749
vt 0.016892 0.674728
vt 0.010117 0.667953
vt 0.267131 0.645482
vt 0.164833 0.871171
vt 0.170159 0.890641
vt 0.156163 0.879256
vt 0.009007 0.921381
vt 0.011250 0.913560
vt 0.013917 0.927861
vt 0.866292 0.952531
vt 0.899714 0.958424
vt 0.843157 0.958298
vt 0.195447 0.600234
vt 0.021758 0.660637
vt 0.017661 0.971440
vt 0.963323 0.314772
vt 0.979359 0.322430
vt 0.971408 0.323442
vt 0.976945 0.752306
vt 0.136327 0.573929
vt 0.134512 0.566903
vt 0.896405 0.603491
vt 0.263812 0.201092
vt 0.071697 0.852165
vt 0.077801 0.855689
vt 0.052264 0.854125
vt 0.000228 0.875291
vt 0.003025 0.871441
vt 0.007275 0.877433
vt 0.407552 0.577121
vt 0.399352 0.507794
vt 0.406210 0.468902
vt 0.905554 0.664427
vt 0.071687 0.621509
vt 0.959617 0.051884
vt 0.957653 0.055942
vt 0.941121 0.049925
vt 0.764848 0.983927
vt 0.743406 0.983927
vt 0.758918 0.971551
vt 0.762927 0.012800
vt 0.749541 0.009214
vt 0.764215 0.009211
vt 0.013436 0.660440
vt 0.931288 0.486178
vt 0.559026 0.882015
vt 0.280111 0.636505
vt 0.348723 0.504651
vt 0.351948 0.479041
vt 0.807225 0.887537
vt 0.277617 0.197987
vt 0.257671 0.196242
vt 0.327622 0.195710
vt 0.858867 0.008611
vt 0.850525 0.014452
vt 0.844485 0.008060
vt 0.848141 0.964763
vt 0.144445 0.425501
vt 0.768586 0.006007
vt 0.768788 0.003691
vt 0.774439 0.006814
vt 0.027555 0.194499
vt 0.658108 0.007437
vt 0.647545 0.007437
vt 0.653926 0.004069
vt 0.956068 0.978400
vt 0.744549 0.970298
vt 0.734585 0.967628
vt 0.765468 0.965622
vt 0.782674 0.978419
vt 0.764551 0.970961
vt 0.853224 0.216780
vt 0.794432 0.220318
vt 0.987105 0.553853
vt 0.024495 0.143316
vt 0.024495 0.159336
vt 0.018527 0.145074
vt 0.652059 0.854809
vt 0.200411 0.637038
vt 0.193414 0.614892
vt 0.649054 0.166189
vt 0.804369 0.993935
vt 0.462384 0.980617
vt 0.000132 0.323367
vt 0.006872 0.323367
vt 0.001662 0.329459
vt 0.747147 0.979351
vt 0.999259 0.512847
vt 0.997209 0.515668
vt 0.995738 0.513023
vt 0.035348 0.023822
vt 0.032484 0.033811
vt 0.028703 0.015714
vt 0.466332 0.098576
vt 0.171420 0.869745
vt 0.029840 0.954593
vt 0.029840 0.972870
vt 0.023686 0.971214
vt 0.010270 0.674498
vt 0.743581 0.986536
vt 0.763672 0.986536
vt 0.756407 0.987451
vt 0.556660 0.013359
vt 0.547541 0.010040
vt 0.557560 0.009653
vt 0.083533 0.003014
vt 0.086905 0.010245
vt 0.083180 0.012494
vt 0.090983 0.538442
vt 0.073600 0.557748
vt 0.075440 0.539802
vt 0.000168 0.958086
vt 0.005334 0.959765
vt 0.002029 0.964375
vt 0.043833 0.017991
vt 0.509517 0.085595
vt 0.276437 0.376746
vt 0.639924 0.980063
vt 0.661227 0.980063
vt 0.656562 0.981418
vt 0.021008 0.918770
vt 0.608788 0.034133
vt 0.602711 0.036004
vt 0.592420 0.036004
vt 0.019469 0.914877
vt 0.083040 0.727208
vt 0.080752 0.724723
vt 0.080103 0.717303
vt 0.031123 0.008453
vt 0.025091 0.001961
vt 0.029704 0.005267
vt 0.642330 0.433085
vt 0.083035 0.716376
vt 0.008334 0.757366
vt 0.002171 0.752889
vt 0.007539 0.753162
vt 0.947123 0.467141
vt 0.962303 0.300031
vt 0.354100 0.454122
vt 0.041371 0.248750
vt 0.041897 0.263415
vt 0.034641 0.260406
vt 0.386416 0.089426
vt 0.378357 0.070564
vt 0.396957 0.070564
vt 0.001519 0.331786
vt 0.006914 0.333540
vt 0.001090 0.338048
vt 0.008369 0.816423
vt 0.010310 0.822397
vt 0.001195 0.822086
vt 0.090537 0.565019
vt 0.709412 0.096607
vt 0.710503 0.086228
vt 0.725210 0.108915
vt 0.955985 0.299236
vt 0.175255 0.861449
vt 0.180357 0.890426
vt 0.538297 0.695761
vt 0.617982 0.311324
vt 0.191045 0.542961
vt 0.993731 0.586507
vt 0.995476 0.606454
vt 0.988375 0.586957
vt 0.070111 0.327612
vt 0.100448 0.577138
vt 0.552728 0.060206
vt 0.567108 0.052235
vt 0.550647 0.075829
vt 0.546485 0.817363
vt 0.851023 0.045085
vt 0.059149 0.016318
vt 0.062637 0.005583
vt 0.063412 0.016428
vt 0.864594 0.347986
vt 0.888941 0.341552
vt 0.879018 0.417510
vt 0.042686 0.446042
vt 0.055864 0.427904
vt 0.049779 0.446533
vt 0.036440 0.001052
vt 0.712796 0.830834
vt 0.821223 0.005760
vt 0.816620 0.005760
vt 0.824860 0.003245
vt 0.036635 0.269509
vt 0.623730 0.981422
vt 0.617874 0.975662
vt 0.621637 0.977796
vt 0.164358 0.379842
vt 0.151524 0.378390
vt 0.010676 0.571611
vt 0.375980 0.196447
vt 0.375083 0.193331
vt 0.523615 0.499680
vt 0.273562 0.201168
vt 0.593689 0.529700
vt 0.601623 0.516633
vt 0.617281 0.546221
vt 0.099505 0.583549
vt 0.195141 0.651467
vt 0.643702 0.102821
vt 0.641121 0.098824
vt 0.778688 0.003800
vt 0.552300 0.847803
vt 0.492887 0.556365
vt 0.515565 0.551330
vt 0.090799 0.743793
vt 0.286876 0.982047
vt 0.306921 0.982047
vt 0.292450 0.984437
vt 0.306446 0.079456
vt 0.294918 0.080725
vt 0.306476 0.075569
vt 0.544433 0.975564
vt 0.547923 0.972283
vt 0.864410 0.852443
vt 0.849913 0.862795
vt 0.852983 0.834054
vt 0.102148 0.521053
vt 0.163876 0.925046
vt 0.271546 0.713774
vt 0.926419 0.976321
vt 0.879984 0.976321
vt 0.896568 0.968151
vt 0.433051 0.073575
vt 0.792632 0.948241
vt 0.807015 0.945705
vt 0.849189 0.948070
vt 0.005577 0.958919
vt 0.005577 0.947534
vt 0.008430 0.948759
vt 0.533780 0.034763
vt 0.555626 0.038615
vt 0.528416 0.040274
vt 0.504693 0.088877
vt 0.996694 0.329018
vt 0.984207 0.330155
vt 0.184386 0.537191
vt 0.089228 0.274568
vt 0.098225 0.289566
vt 0.091848 0.284345
vt 0.062522 0.523983
vt 0.062176 0.529882
vt 0.054471 0.531240
vt 0.812628 0.126613
vt 0.856206 0.121174
vt 0.849171 0.137785
vt 0.023393 0.657581
vt 0.017127 0.651314
vt 0.022848 0.642069
vt 0.372384 0.088069
vt 0.567338 0.119436
vt 0.571289 0.117196
vt 0.586872 0.121372
vt 0.173603 0.927446
vt 0.127447 0.201036
vt 0.156590 0.199661
vt 0.148238 0.224854
vt 0.025071 0.601677
vt 0.039313 0.597228
vt 0.043464 0.600710
vt 0.001147 0.582993
vt 0.007857 0.582993
vt 0.001208 0.586591
vt 0.022861 0.501368
vt 0.028794 0.504135
vt 0.014728 0.503927
vt 0.152172 0.176804
vt 0.294795 0.076288
vt 0.462992 0.096507
vt 0.207867 0.005835
vt 0.203225 0.003670
vt 0.214984 0.004130
vt 0.467366 0.176468
vt 0.021847 0.953185
vt 0.093789 0.744216
vt 0.013671 0.953473
vt 0.879036 0.134643
vt 0.866460 0.147533
vt 0.874561 0.134219
vt 0.814960 0.003366
vt 0.144387 0.171326
vt 0.160360 0.185659
vt 0.025249 0.596922
vt 0.288903 0.986370
vt 0.268876 0.986370
vt 0.283675 0.980613
vt 0.022905 0.430190
vt 0.035323 0.427776
vt 0.023452 0.437157
vt 0.223906 0.276404
vt 0.597004 0.537735
vt 0.737608 0.040904
vt 0.959885 0.030118
vt 0.696667 0.901302
vt 0.989658 0.177679
vt 0.995334 0.177679
vt 0.991912 0.179000
vt 0.027656 0.529812
vt 0.970334 0.049610
vt 0.622637 0.539762
vt 0.144186 0.980160
vt 0.163968 0.980160
vt 0.146681 0.983322
vt 0.848082 0.030799
vt 0.856981 0.029230
vt 0.873278 0.030769
vt 0.204809 0.661468
vt 0.538913 0.970226
vt 0.124569 0.764647
vt 0.514723 0.543746
vt 0.862993 0.010638
vt 0.894900 0.302987
vt 0.892051 0.338646
vt 0.890993 0.311366
vt 0.021990 0.933335
vt 0.015575 0.931251
vt 0.022944 0.917590
vt 0.305639 0.105509
vt 0.530941 0.052695
vt 0.542490 0.013044
vt 0.477612 0.039417
vt 0.450352 0.039417
vt 0.468646 0.034120
vt 0.501987 0.526613
vt 0.026331 0.197561
vt 0.595462 0.116923
vt 0.729032 0.874438
vt 0.729285 0.878366
vt 0.713068 0.879785
vt 0.896238 0.099434
vt 0.906920 0.086189
vt 0.899859 0.106299
vt 0.001699 0.058038
vt 0.007806 0.058038
vt 0.005472 0.060522
vt 0.135770 0.423274
vt 0.476750 0.180082
vt 0.706327 0.828273
vt 0.875109 0.999947
vt 0.874637 0.994550
vt 0.886957 0.999127
vt 0.934394 0.977685
vt 0.929948 0.982095
vt 0.926345 0.980014
vt 0.999492 0.325886
vt 0.608674 0.115205
vt 0.402380 0.576714
vt 0.645571 0.007326
vt 0.640032 0.002679
vt 0.650613 0.003028
vt 0.170687 0.182287
vt 0.728518 0.087320
vt 0.067013 0.882043
vt 0.061415 0.862156
vt 0.078390 0.857608
vt 0.467668 0.962804
vt 0.133231 0.432025
vt 0.129172 0.430527
vt 0.142310 0.408369
vt 0.109605 0.291899
vt 0.212729 0.665742
vt 0.721380 0.427357
vt 0.061180 0.883763
vt 0.491801 0.021276
vt 0.495679 0.015738
vt 0.515702 0.021281
vt 0.586388 0.144837
vt 0.573198 0.971875
vt 0.573602 0.970118
vt 0.559639 0.970670
vt 0.155123 0.573784
vt 0.142722 0.582810
vt 0.045384 0.188442
vt 0.040659 0.175459
vt 0.044700 0.166736
vt 0.861654 0.008681
vt 0.955557 0.459897
vt 0.887795 0.327863
vt 0.787798 0.276827
vt 0.759606 0.268148
vt 0.808775 0.247808
vt 0.629357 0.982185
vt 0.614910 0.988800
vt 0.617829 0.982185
vt 0.675080 0.173168
vt 0.841623 0.047680
vt 0.663024 0.841051
vt 0.124428 0.543421
vt 0.924894 0.764197
vt 0.915042 0.772553
vt 0.891187 0.268157
vt 0.679666 0.133095
vt 0.667408 0.135175
vt 0.662353 0.130120
vt 0.701742 0.875198
vt 0.790614 0.785687
vt 0.767120 0.776311
vt 0.784154 0.780201
vt 0.010307 0.776318
vt 0.002199 0.773684
vt 0.008358 0.772456
vt 0.690949 0.312302
vt 0.142326 0.395104
vt 0.008393 0.365581
vt 0.004114 0.365581
vt 0.005017 0.364285
vt 0.219383 0.143658
vt 0.492334 0.999986
vt 0.484988 0.998610
vt 0.486758 0.994816
vt 0.634215 0.987865
vt 0.586989 0.030029
vt 0.044659 0.008040
vt 0.046887 0.008851
vt 0.044702 0.020474
vt 0.096545 0.519105
vt 0.059405 0.859551
vt 0.041838 0.872315
vt 0.039645 0.863997
vt 0.114675 0.995625
vt 0.130448 0.995625
vt 0.115344 0.999873
vt 0.825800 0.270157
vt 0.819757 0.272962
vt 0.799524 0.262295
vt 0.409727 0.401739
vt 0.445274 0.409018
vt 0.446372 0.421878
vt 0.000522 0.925812
vt 0.000522 0.918610
vt 0.001479 0.923061
vt 0.058796 0.004698
vt 0.058796 0.014312
vt 0.055261 0.006369
vt 0.367440 0.069653
vt 0.524947 0.973199
vt 0.068614 0.079491
vt 0.569338 0.882062
vt 0.480351 0.175926
vt 0.038475 0.521374
vt 0.030066 0.522879
vt 0.047344 0.293238
vt 0.042701 0.310564
vt 0.042797 0.286234
vt 0.846095 0.280237
vt 0.012317 0.269586
vt 0.018778 0.255176
vt 0.016907 0.265596
vt 0.771462 0.773054
vt 0.862524 0.861056
vt 0.085522 0.817003
vt 0.883868 0.262962
vt 0.083017 0.713080
vt 0.328750 0.140431
vt 0.020205 0.435189
vt 0.465512 0.086085
vt 0.472932 0.958254
vt 0.063890 0.534801
vt 0.061779 0.538094
vt 0.638254 0.980450
vt 0.761890 0.191313
vt 0.154918 0.519359
vt 0.822192 0.115085
vt 0.125786 0.759186
vt 0.009146 0.698501
vt 0.017367 0.696452
vt 0.009711 0.707250
vt 0.011022 0.824090
vt 0.024996 0.824090
vt 0.019304 0.826735
vt 0.722401 0.152877
vt 0.718403 0.145664
vt 0.752950 0.156005
vt 0.596714 0.121414
vt 0.234722 0.975856
vt 0.274098 0.972593
vt 0.242283 0.977882
vt 0.159275 0.946041
vt 0.219415 0.946041
vt 0.159590 0.948406
vt 0.055967 0.524063
vt 0.782970 0.796797
vt 0.679800 0.171854
vt 0.683582 0.180715
vt 0.279583 0.715051
vt 0.029449 0.216348
vt 0.029449 0.235878
vt 0.025579 0.232159
vt 0.041544 0.040760
vt 0.037646 0.043489
vt 0.035550 0.028979
vt 0.680151 0.130177
vt 0.885979 0.995398
vt 0.658379 0.133199
vt 0.149283 0.559971
vt 0.609750 0.118510
vt 0.796402 0.355217
vt 0.034945 0.257477
vt 0.019583 0.257477
vt 0.020623 0.254279
vt 0.024085 0.744159
vt 0.029786 0.742084
vt 0.039446 0.743972
vt 0.063927 0.539353
vt 0.295970 0.779091
vt 0.287241 0.769627
vt 0.293572 0.771423
vt 0.889627 0.087079
vt 0.009236 0.261365
vt 0.349555 0.407305
vt 0.891746 0.998096
vt 0.550865 0.809993
vt 0.060455 0.374692
vt 0.058898 0.388067
vt 0.051707 0.385731
vt 0.064317 0.388058
vt 0.060245 0.386575
vt 0.063199 0.362818
vt 0.296503 0.748607
vt 0.301059 0.696537
vt 0.300601 0.765522
vt 0.866213 0.282459
vt 0.123084 0.563892
vt 0.961773 0.424180
vt 0.051130 0.537159
vt 0.128166 0.774209
vt 0.497315 0.997596
vt 0.638845 0.102715
vt 0.752568 0.003237
vt 0.762690 0.003237
vt 0.755519 0.004767
vt 0.689537 0.982562
vt 0.697246 0.983921
vt 0.675941 0.983563
vt 0.698754 0.881872
vt 0.637939 0.975056
vt 0.193920 0.666445
vt 0.494444 0.091452
vt 0.492240 0.086724
vt 0.503604 0.092866
vt 0.164666 0.529609
vt 0.160625 0.543732
vt 0.451728 0.102821
vt 0.027980 0.089636
vt 0.027980 0.108963
vt 0.025046 0.103425
vt 0.527525 0.995093
vt 0.523488 0.999904
vt 0.510994 0.995189
vt 0.040855 0.787749
vt 0.030590 0.779967
vt 0.041446 0.767028
vt 0.290058 0.676352
vt 0.299522 0.679612
vt 0.501311 0.994511
vt 0.075107 0.874067
vt 0.551271 0.052370
vt 0.279777 0.725988
vt 0.410607 0.391925
vt 0.784492 0.011600
vt 0.792219 0.014413
vt 0.777565 0.013977
vt 0.649095 0.023606
vt 0.638452 0.025483
vt 0.656175 0.019665
vt 0.066574 0.322015
vt 0.841113 0.143132
vt 0.067580 0.884044
vt 0.075976 0.891512
vt 0.075976 0.906879
vt 0.035042 0.787257
vt 0.634507 0.134422
vt 0.644289 0.135513
vt 0.838489 0.049148
vt 0.859178 0.071913
vt 0.833431 0.064717
vt 0.990964 0.406271
vt 0.989608 0.419557
vt 0.987025 0.419102
vt 0.987244 0.378341
vt 0.567902 0.104038
vt 0.594106 0.099564
vt 0.595214 0.103697
vt 0.017520 0.988922
vt 0.026502 0.976561
vt 0.024284 0.988902
vt 0.836098 0.962664
vt 0.127148 0.600151
vt 0.330651 0.136983
vt 0.658354 0.447433
vt 0.043099 0.719722
vt 0.047071 0.715389
vt 0.062954 0.719645
vt 0.912923 0.207900
vt 0.909658 0.216987
vt 0.870719 0.216995
vt 0.657625 0.877318
vt 0.987516 0.614258
vt 0.658561 0.873638
vt 0.877477 0.703357
vt 0.751754 0.039142
vt 0.813811 0.901167
vt 0.818734 0.919757
vt 0.031482 0.066397
vt 0.030914 0.084325
vt 0.025843 0.081890
vt 0.532075 0.825385
vt 0.747149 0.745061
vt 0.739244 0.740151
vt 0.883890 0.125559
vt 0.872694 0.132134
vt 0.764405 0.821048
vt 0.765473 0.828432
vt 0.744414 0.843741
vt 0.811817 0.128041
vt 0.785666 0.126498
vt 0.786167 0.123451
vt 0.761252 0.745607
vt 0.738704 0.733903
vt 0.716339 0.737908
vt 0.722658 0.726411
vt 0.990204 0.627099
vt 0.736460 0.114670
vt 0.890114 0.102613
vt 0.502174 0.005634
vt 0.507223 0.006987
vt 0.496278 0.007372
vt 0.077152 0.568111
vt 0.869421 0.050152
vt 0.691706 0.829201
vt 0.580613 0.168232
vt 0.886475 0.091787
vt 0.023045 0.065750
vt 0.770368 0.457315
vt 0.780611 0.767998
vt 0.782510 0.772112
vt 0.071382 0.108784
vt 0.074821 0.131284
vt 0.061707 0.125541
vt 0.889307 0.723767
vt 0.995608 0.287154
vt 0.985293 0.867788
vt 0.967332 0.872878
vt 0.965776 0.867070
vt 0.089898 0.994559
vt 0.087520 0.996937
vt 0.074184 0.995410
vt 0.692133 0.174404
vt 0.646903 0.877451
vt 0.656268 0.881223
vt 0.809424 0.119583
vt 0.079041 0.703087
vt 0.457434 0.384353
vt 0.919453 0.008974
vt 0.911962 0.003532
vt 0.917395 0.004868
vt 0.978914 0.003674
vt 0.984259 0.008159
vt 0.974721 0.008332
vt 0.732714 0.204800
vt 0.771948 0.831860
vt 0.771889 0.818791
vt 0.776884 0.826462
vt 0.376069 0.007340
vt 0.368837 0.003165
vt 0.380038 0.003354
vt 0.197514 0.925149
vt 0.880991 0.714782
vt 0.904950 0.747758
vt 0.866377 0.700835
vt 0.076492 0.880514
vt 0.729763 0.121876
vt 0.041088 0.699131
vt 0.030567 0.695302
vt 0.049473 0.695066
vt 0.647566 0.883741
vt 0.809735 0.803720
vt 0.040417 0.830761
vt 0.044996 0.835595
vt 0.033158 0.844843
vt 0.057005 0.715134
vt 0.489413 0.520615
vt 0.125283 0.226373
vt 0.895300 0.120914
vt 0.281553 0.555671
vt 0.279177 0.555463
vt 0.281604 0.466840
vt 0.047800 0.494478
vt 0.036699 0.498518
vt 0.028238 0.494735
vt 0.321619 0.010003
vt 0.308196 0.010003
vt 0.311632 0.008006
vt 0.053128 0.652865
vt 0.068114 0.656268
vt 0.062305 0.659291
vt 0.535182 0.850278
vt 0.896408 0.591039
vt 0.957281 0.873982
vt 0.012690 0.242192
vt 0.016884 0.242411
vt 0.011681 0.248880
vt 0.061849 0.362808
vt 0.741206 0.773552
vt 0.064042 0.108813
vt 0.016098 0.520655
vt 0.029324 0.518323
vt 0.031425 0.521697
vt 0.556362 0.100381
vt 0.984601 0.003187
vt 0.984819 0.006295
vt 0.979164 0.002209
vt 0.010543 0.152070
vt 0.016551 0.143800
vt 0.022974 0.159852
vt 0.166127 0.528991
vt 0.117038 0.288560
vt 0.122378 0.273384
vt 0.948072 0.232734
vt 0.952443 0.256825
vt 0.936997 0.257634
vt 0.914399 0.977067
vt 0.474822 0.170811
vt 0.287236 0.768870
vt 0.243289 0.019593
vt 0.256440 0.021912
vt 0.237720 0.021928
vt 0.070939 0.335083
vt 0.717020 0.402932
vt 0.741033 0.416304
vt 0.062087 0.549053
vt 0.462027 0.450706
vt 0.985359 0.875248
vt 0.028950 0.522264
vt 0.024075 0.537266
vt 0.017574 0.524119
vt 0.466577 0.183610
vt 0.078938 0.654249
vt 0.078686 0.659194
vt 0.878210 0.108595
vt 0.885400 0.120541
vt 0.790610 0.764655
vt 0.039905 0.820490
vt 0.083032 0.809428
vt 0.468967 0.473809
vt 0.277816 0.089513
vt 0.192979 0.137123
vt 0.890144 0.263617
vt 0.767973 0.123595
vt 0.160261 0.803285
vt 0.767579 0.115078
vt 0.811210 0.115078
vt 0.792037 0.121540
vt 0.109002 0.309767
vt 0.113714 0.308235
vt 0.111280 0.327940
vt 0.768260 0.787382
vt 0.041989 0.022044
vt 0.516215 0.436951
vt 0.519299 0.410344
vt 0.526118 0.410045
vt 0.029171 0.479283
vt 0.039970 0.479714
vt 0.041986 0.489201
vt 0.634292 0.429076
vt 0.874063 0.278105
vt 0.874820 0.280801
vt 0.501505 0.999912
vt 0.743106 0.088466
vt 0.024047 0.482974
vt 0.362923 0.089294
vt 0.581807 0.035745
vt 0.106890 0.319839
vt 0.190820 0.675452
vt 0.062592 0.173100
vt 0.071452 0.179282
vt 0.066065 0.195863
vt 0.138804 0.042552
vt 0.142291 0.029539
vt 0.143337 0.054003
vt 0.689937 0.168117
vt 0.508973 0.465542
vt 0.489434 0.960287
vt 0.931960 0.216623
vt 0.948901 0.210350
vt 0.784341 0.993407
vt 0.765434 0.993407
vt 0.776322 0.991585
vt 0.914030 0.982913
vt 0.083341 0.135982
vt 0.060231 0.136339
vt 0.674163 0.218047
vt 0.595472 0.218047
vt 0.656861 0.210167
vt 0.030542 0.828088
vt 0.730707 0.137717
vt 0.465222 0.443800
vt 0.420600 0.034468
vt 0.398274 0.040450
vt 0.393307 0.033587
vt 0.010150 0.904336
vt 0.007033 0.904336
vt 0.009198 0.900066
vt 0.009959 0.841745
vt 0.003644 0.841745
vt 0.003548 0.840096
vt 0.065275 0.288882
vt 0.076390 0.294410
vt 0.071142 0.292269
vt 0.767133 0.246664
vt 0.145712 0.800013
vt 0.567946 0.533749
vt 0.575133 0.875657
vt 0.871883 0.699491
vt 0.476216 0.367410
vt 0.138546 0.848401
vt 0.156337 0.872595
vt 0.136104 0.881784
vt 0.707420 0.752467
vt 0.775676 0.755249
vt 0.897847 0.201348
vt 0.059221 0.497345
vt 0.063840 0.490749
vt 0.062775 0.516755
vt 0.900642 0.132562
vt 0.034051 0.293824
vt 0.041987 0.288267
vt 0.041150 0.309032
vt 0.293210 0.837422
vt 0.299745 0.837158
vt 0.288260 0.846199
vt 0.589745 0.389081
vt 0.764533 0.987394
vt 0.768694 0.974587
vt 0.786743 0.984349
vt 0.019098 0.850108
vt 0.030427 0.846427
vt 0.025776 0.865429
vt 0.996756 0.286517
vt 0.987861 0.286587
vt 0.986699 0.273303
vt 0.472093 0.477513
vt 0.691783 0.801903
vt 0.161742 0.518299
vt 0.264491 0.726176
vt 0.008831 0.739453
vt 0.008831 0.749291
vt 0.003175 0.739598
vt 0.060774 0.749772
vt 0.060774 0.722464
vt 0.081297 0.727012
vt 0.214234 0.273295
vt 0.755671 0.276089
vt 0.317437 0.107123
vt 0.010933 0.275319
vt 0.017363 0.277408
vt 0.010623 0.282217
vt 0.532763 0.841300
vt 0.053235 0.544296
vt 0.024337 0.252556
vt 0.334743 0.278989
vt 0.340595 0.278199
vt 0.331962 0.282356
vt 0.285837 0.200163
vt 0.193458 0.677170
vt 0.477368 0.956873
vt 0.394989 0.738844
vt 0.374235 0.799238
vt 0.393030 0.703739
vt 0.902348 0.776837
vt 0.819234 0.149547
vt 0.050231 0.695485
vt 0.296995 0.799938
vt 0.028043 0.740140
vt 0.023132 0.722085
vt 0.037398 0.725169
vt 0.632470 0.022650
vt 0.007888 0.906870
vt 0.006119 0.916900
vt 0.006238 0.905011
vt 0.683565 0.087520
vt 0.685955 0.068058
vt 0.698669 0.084325
vt 0.674943 0.087302
vt 0.662511 0.076238
vt 0.281036 0.977246
vt 0.294123 0.799658
vt 0.890321 0.330501
vt 0.874868 0.289731
vt 0.633499 0.092842
vt 0.004041 0.725430
vt 0.008965 0.725430
vt 0.004067 0.726796
vt 0.701637 0.208059
vt 0.867968 0.095536
vt 0.444452 0.134394
vt 0.469992 0.132159
vt 0.489515 0.135474
vt 0.501426 0.399172
vt 0.476788 0.354189
vt 0.050484 0.965089
vt 0.042063 0.952716
vt 0.047965 0.952131
vt 0.279659 0.973011
vt 0.033760 0.718589
vt 0.761407 0.791896
vt 0.958374 0.027973
vt 0.935573 0.027973
vt 0.944778 0.021552
vt 0.057679 0.994656
vt 0.073387 0.994656
vt 0.062092 0.996840
vt 0.378983 0.800957
vt 0.572484 0.373279
vt 0.624070 0.387101
vt 0.499492 0.382668
vt 0.772470 0.210779
vt 0.789187 0.222841
vt 0.772609 0.245977
vt 0.143879 0.136983
vt 0.108247 0.136983
vt 0.130253 0.131651
vt 0.937141 0.268389
vt 0.022894 0.283797
vt 0.262628 0.021796
vt 0.243807 0.018477
vt 0.266948 0.017224
vt 0.885695 0.118140
vt 0.765339 0.167936
vt 0.731592 0.789418
vt 0.857431 0.704644
vt 0.778080 0.999439
vt 0.780408 0.995125
vt 0.785318 0.995554
vt 0.986597 0.445629
vt 0.988390 0.435458
vt 0.986623 0.476498
vt 0.711679 0.811643
vt 0.952273 0.258190
vt 0.952273 0.309593
vt 0.948677 0.277030
vt 0.994822 0.020001
vt 0.972662 0.020001
vt 0.983365 0.015517
vt 0.748187 0.140559
vt 0.775946 0.148218
vt 0.776308 0.158585
vt 0.053805 0.108260
vt 0.062855 0.111026
vt 0.041197 0.116853
vt 0.380076 0.030256
vt 0.365837 0.031502
vt 0.352790 0.029529
vt 0.526444 0.831619
vt 0.078808 0.509340
vt 0.078808 0.538184
vt 0.072267 0.527696
vt 0.904229 0.583434
vt 0.753319 0.090535
vt 0.387052 0.314703
vt 0.389578 0.318748
vt 0.332688 0.301128
vt 0.328119 0.296159
vt 0.634993 0.415827
vt 0.327165 0.861835
vt 0.326344 0.865690
vt 0.778169 0.816130
vt 0.104239 0.841030
vt 0.112272 0.811049
vt 0.112369 0.846280
vt 0.005993 0.261483
vt 0.002819 0.256608
vt 0.005542 0.254701
vt 0.703622 0.166372
vt 0.764278 0.161533
vt 0.233325 0.063756
vt 0.232293 0.067290
vt 0.204351 0.073741
vt 0.525992 0.606348
vt 0.524824 0.621935
vt 0.506422 0.608991
vt 0.948668 0.880621
vt 0.881512 0.772292
vt 0.872472 0.202154
vt 0.962783 0.021185
vt 0.974286 0.021236
vt 0.965386 0.028339
vt 0.104872 0.994615
vt 0.113934 0.994615
vt 0.104766 0.998765
vt 0.002659 0.825445
vt 0.012849 0.825445
vt 0.006677 0.835886
vt 0.051109 0.190637
vt 0.575035 0.145904
vt 0.578563 0.163499
vt 0.570002 0.156697
vt 0.987458 0.546892
vt 0.018980 0.900167
vt 0.906427 0.125800
vt 0.628211 0.999451
vt 0.622963 0.995047
vt 0.637523 0.995093
vt 0.943858 0.922411
vt 0.947265 0.941282
vt 0.935810 0.936349
vt 0.233305 0.020354
vt 0.740731 0.290866
vt 0.730901 0.297624
vt 0.710984 0.285216
vt 0.734098 0.118597
vt 0.777658 0.118597
vt 0.752465 0.128026
vt 0.310033 0.053503
vt 0.309697 0.080797
vt 0.300772 0.055984
vt 0.004197 0.882882
vt 0.006967 0.888874
vt 0.000036 0.888874
vt 0.305620 0.051269
vt 0.637040 0.018540
vt 0.222100 0.077814
vt 0.430744 0.644226
vt 0.431226 0.664663
vt 0.415470 0.661038
vt 0.509834 0.599760
vt 0.518775 0.588474
vt 0.523652 0.594064
vt 0.130621 0.809571
vt 0.465381 0.090885
vt 0.015906 0.476904
vt 0.006105 0.478500
vt 0.006105 0.465973
vt 0.463828 0.297059
vt 0.455111 0.309983
vt 0.454609 0.284458
vt 0.901496 0.122863
vt 0.195014 0.988152
vt 0.203997 0.993339
vt 0.186698 0.992675
vt 0.731446 0.136616
vt 0.106266 0.330437
vt 0.951677 0.022732
vt 0.959357 0.027073
vt 0.167437 0.518575
vt 0.872779 0.105891
vt 0.975822 0.092099
vt 0.980140 0.089005
vt 0.985386 0.095930
vt 0.584988 0.083356
vt 0.607056 0.081425
vt 0.584041 0.085950
vt 0.305879 0.783445
vt 0.399230 0.171630
vt 0.418582 0.170748
vt 0.408492 0.180932
vt 0.467550 0.165672
vt 0.453860 0.019897
vt 0.464233 0.016121
vt 0.477606 0.019694
vt 0.084502 0.927374
vt 0.076578 0.914555
vt 0.082919 0.923024
vt 0.999422 0.550454
vt 0.999422 0.558100
vt 0.993074 0.550887
vt 0.059940 0.696526
vt 0.642584 0.424095
vt 0.361468 0.076451
vt 0.357825 0.055789
vt 0.362536 0.048111
vt 0.442481 0.343148
vt 0.429005 0.345866
vt 0.433668 0.337598
vt 0.039997 0.719665
vt 0.037541 0.708109
vt 0.046501 0.699045
vt 0.138009 0.076035
vt 0.124161 0.080534
vt 0.130871 0.060437
vt 0.787168 0.007421
vt 0.777114 0.007421
vt 0.780489 0.004085
vt 0.011049 0.287903
vt 0.018273 0.289964
vt 0.693491 0.164757
vt 0.000121 0.882512
vt 0.005347 0.401297
vt 0.013261 0.407046
vt 0.003247 0.407108
vt 0.731758 0.008558
vt 0.721547 0.014454
vt 0.716966 0.008779
vt 0.024025 0.212937
vt 0.019193 0.198066
vt 0.025329 0.196768
vt 0.890423 0.750734
vt 0.876695 0.839585
vt 0.882302 0.841478
vt 0.864594 0.862678
vt 0.137621 0.021966
vt 0.150352 0.018555
vt 0.160528 0.021386
vt 0.026448 0.639677
vt 0.015422 0.625696
vt 0.022369 0.624455
vt 0.093820 0.565818
vt 0.454828 0.166808
vt 0.678686 0.990124
vt 0.670657 0.993868
vt 0.659983 0.990386
vt 0.007239 0.921957
vt 0.001053 0.917463
vt 0.008952 0.917857
vt 0.703106 0.756993
vt 0.995882 0.272790
vt 0.828365 0.807018
vt 0.981878 0.071198
vt 0.969765 0.086897
vt 0.400874 0.168316
vt 0.407209 0.157509
vt 0.453053 0.172405
vt 0.365071 0.271953
vt 0.356103 0.703018
vt 0.012968 0.468116
vt 0.058987 0.967829
vt 0.039380 0.820529
vt 0.070360 0.692643
vt 0.048199 0.692643
vt 0.060466 0.689548
vt 0.784834 0.025969
vt 0.769553 0.017147
vt 0.792728 0.017053
vt 0.659396 0.016241
vt 0.682775 0.016241
vt 0.666744 0.017776
vt 0.011385 0.242684
vt 0.011385 0.245561
vt 0.002622 0.243707
vt 0.126484 0.842500
vt 0.933753 0.340304
vt 0.331338 0.320397
vt 0.492927 0.654546
vt 0.502950 0.620844
vt 0.059291 0.169491
vt 0.286363 0.999513
vt 0.297372 0.995505
vt 0.302432 0.999992
vt 0.503466 0.545384
vt 0.946106 0.889163
vt 0.803416 0.836105
vt 0.335564 0.021924
vt 0.313759 0.021924
vt 0.337066 0.020097
vt 0.014572 0.639099
vt 0.183592 0.124004
vt 0.188329 0.136509
vt 0.175241 0.133955
vt 0.064093 0.352190
vt 0.076466 0.357347
vt 0.072256 0.365980
vt 0.098172 0.996387
vt 0.018331 0.545912
vt 0.007182 0.549535
vt 0.011191 0.543012
vt 0.184900 0.543125
vt 0.999390 0.918868
vt 0.988604 0.904217
vt 0.998533 0.890037
vt 0.602980 0.145655
vt 0.513917 0.965486
vt 0.562121 0.965486
vt 0.538305 0.967480
vt 0.101094 0.878883
vt 0.101094 0.844478
vt 0.103008 0.871914
vt 0.012792 0.862386
vt 0.009520 0.855037
vt 0.020495 0.862822
vt 0.337571 0.140858
vt 0.722892 0.791926
vt 0.710088 0.809369
vt 0.699399 0.813859
vt 0.146367 0.993409
vt 0.135761 0.988463
vt 0.153383 0.987582
vt 0.061482 0.291162
vt 0.798589 0.202772
vt 0.777463 0.195092
vt 0.812849 0.195417
vt 0.000010 0.261557
vt 0.234368 0.074125
vt 0.921995 0.230540
vt 0.611792 0.149857
vt 0.621094 0.146707
vt 0.173235 0.521474
vt 0.003512 0.116916
vt 0.006020 0.109197
vt 0.014997 0.115293
vt 0.008591 0.001522
vt 0.017422 0.001522
vt 0.012591 0.003481
vt 0.153296 0.887561
vt 0.406735 0.149256
vt 0.007351 0.504656
vt 0.006132 0.497740
vt 0.007875 0.492342
vt 0.113825 0.999882
vt 0.082501 0.912845
vt 0.289396 0.204845
vt 0.991844 0.914226
vt 0.476067 0.516207
vt 0.214518 0.985343
vt 0.204314 0.985878
vt 0.223400 0.980105
vt 0.056000 0.165318
vt 0.011178 0.228052
vt 0.017226 0.225485
vt 0.014015 0.231374
vt 0.015662 0.217733
vt 0.012823 0.220004
vt 0.992481 0.508812
vt 0.997119 0.519293
vt 0.990610 0.519423
vt 0.017446 0.888208
vt 0.006066 0.884510
vt 0.009386 0.880177
vt 0.522834 0.485696
vt 0.392563 0.200439
vt 0.990253 0.128223
vt 0.990253 0.167425
vt 0.987736 0.156678
vt 0.304674 0.791539
vt 0.659933 0.983499
vt 0.662812 0.980045
vt 0.666078 0.983937
vt 0.442687 0.382960
vt 0.454291 0.361764
vt 0.032487 0.792644
vt 0.027231 0.808821
vt 0.021540 0.792480
vt 0.401038 0.576987
vt 0.410269 0.582381
vt 0.392164 0.589985
vt 0.121519 0.983905
vt 0.110705 0.981007
vt 0.130416 0.980077
vt 0.030013 0.214094
vt 0.025014 0.217594
vt 0.026237 0.198114
vt 0.436930 0.274357
vt 0.441637 0.301366
vt 0.422935 0.267962
vt 0.020838 0.231492
vt 0.892811 0.851532
vt 0.082798 0.696504
vt 0.558485 0.985675
vt 0.566200 0.984606
vt 0.561190 0.988380
vt 0.034421 0.573831
vt 0.038285 0.576062
vt 0.022745 0.576244
vt 0.674505 0.101134
vt 0.687538 0.097744
vt 0.713689 0.102356
vt 0.851529 0.174904
vt 0.845956 0.175826
vt 0.391368 0.313797
vt 0.412600 0.298678
vt 0.732329 0.589932
vt 0.716931 0.578928
vt 0.745738 0.587364
vt 0.013812 0.006889
vt 0.010354 0.014307
vt 0.010200 0.004703
vt 0.906532 0.587765
vt 0.865478 0.145552
vt 0.860599 0.132366
vt 0.874769 0.124185
vt 0.043319 0.624381
vt 0.036656 0.631043
vt 0.037786 0.615309
vt 0.453022 0.173709
vt 0.464509 0.182848
vt 0.457230 0.184662
vt 0.744776 0.791577
vt 0.405537 0.048195
vt 0.403297 0.059749
vt 0.399434 0.070364
vt 0.133890 0.054282
vt 0.111670 0.057429
vt 0.071314 0.996095
vt 0.086395 0.998754
vt 0.070684 0.998902
vt 0.613000 0.129628
vt 0.658636 0.129628
vt 0.636726 0.132503
vt 0.004592 0.822915
vt 0.011416 0.822915
vt 0.007575 0.824909
vt 0.193764 0.139829
vt 0.480608 0.531949
vt 0.058689 0.289191
vt 0.099561 0.556886
vt 0.405231 0.253641
vt 0.403744 0.245312
vt 0.422830 0.255452
vt 0.161319 0.558844
vt 0.172071 0.558415
vt 0.170113 0.567972
vt 0.008472 0.425857
vt 0.008472 0.434072
vt 0.002033 0.431795
vt 0.402076 0.995592
vt 0.398762 0.998906
vt 0.385818 0.995818
vt 0.031813 0.379224
vt 0.035773 0.387932
vt 0.030332 0.398165
vt 0.049387 0.635123
vt 0.049346 0.627972
vt 0.029861 0.313570
vt 0.022770 0.323288
vt 0.020513 0.313407
vt 0.019451 0.448193
vt 0.011178 0.441251
vt 0.025340 0.441377
vt 0.471473 0.521264
vt 0.061982 0.851224
vt 0.072545 0.839747
vt 0.069634 0.848438
vt 0.060143 0.847381
vt 0.027258 0.392115
vt 0.479369 0.539497
vt 0.114601 0.681626
vt 0.117837 0.672735
vt 0.128598 0.681926
vt 0.933522 0.015733
vt 0.955923 0.015733
vt 0.942927 0.019284
vt 0.358220 0.801234
vt 0.034871 0.754543
vt 0.034871 0.773221
vt 0.023658 0.757032
vt 0.965089 0.105391
vt 0.968646 0.096732
vt 0.936154 0.553207
vt 0.939853 0.549483
vt 0.949079 0.549161
vt 0.792570 0.950190
vt 0.849251 0.950190
vt 0.812987 0.951761
vt 0.933840 0.764442
vt 0.952442 0.809845
vt 0.933501 0.774136
vt 0.681237 0.981766
vt 0.671478 0.980094
vt 0.069091 0.915591
vt 0.058999 0.915008
vt 0.059472 0.904323
vt 0.008802 0.356266
vt 0.009882 0.359589
vt 0.001124 0.359592
vt 0.032635 0.521166
vt 0.030722 0.517853
vt 0.046316 0.519004
vt 0.997814 0.548663
vt 0.992681 0.549754
vt 0.997463 0.537290
vt 0.768459 0.995058
vt 0.015897 0.097074
vt 0.015897 0.110530
vt 0.010616 0.106019
vt 0.180587 0.622556
vt 0.186839 0.640423
vt 0.175517 0.628738
vt 0.064241 0.901190
vt 0.381604 0.986106
vt 0.365591 0.988930
vt 0.362268 0.985057
vt 0.042879 0.367401
vt 0.036681 0.386476
vt 0.029157 0.369206
vt 0.546857 0.984902
vt 0.859203 0.997828
vt 0.842147 0.997828
vt 0.847581 0.995168
vt 0.205851 0.283350
vt 0.347562 0.140578
vt 0.370530 0.999873
vt 0.364584 0.998360
vt 0.364584 0.995125
vt 0.416354 0.684843
vt 0.402594 0.690491
vt 0.106338 0.542054
vt 0.104140 0.567172
vt 0.103767 0.530877
vt 0.052045 0.314725
vt 0.050599 0.341603
vt 0.044199 0.325525
vt 0.038562 0.636817
vt 0.355719 0.836169
vt 0.320027 0.811504
vt 0.488375 0.955492
vt 0.177780 0.562270
vt 0.002510 0.183406
vt 0.002510 0.173273
vt 0.011497 0.183404
vt 0.077200 0.017878
vt 0.091485 0.021071
vt 0.080117 0.021354
vt 0.265644 0.774538
vt 0.262661 0.742390
vt 0.268936 0.734911
vt 0.028842 0.774264
vt 0.014680 0.774264
vt 0.021348 0.768007
vt 0.278170 0.747014
vt 0.117512 0.687027
vt 0.007411 0.900173
vt 0.005790 0.904230
vt 0.000593 0.900591
vt 0.081498 0.759025
vt 0.081498 0.789250
vt 0.078582 0.781172
vt 0.935425 0.920998
vt 0.947983 0.914269
vt 0.107594 0.882857
vt 0.114865 0.862448
vt 0.114332 0.878646
vt 0.250853 0.003037
vt 0.260964 0.005232
vt 0.256064 0.005467
vt 0.985962 0.263896
vt 0.978729 0.264120
vt 0.968928 0.259127
vt 0.058210 0.927225
vt 0.623107 0.147305
vt 0.634443 0.163494
vt 0.585386 0.162614
vt 0.124850 0.342090
vt 0.709862 0.098561
vt 0.788933 0.815588
vt 0.850883 0.831639
vt 0.953335 0.008730
vt 0.947784 0.014282
vt 0.939111 0.009271
vt 0.181060 0.017819
vt 0.165034 0.021392
vt 0.167442 0.016627
vt 0.018163 0.325413
vt 0.992656 0.528861
vt 0.944109 0.911815
vt 0.398423 0.191373
vt 0.406161 0.204631
vt 0.004859 0.683865
vt 0.008828 0.686644
vt 0.001177 0.686820
vt 0.002206 0.904050
vt 0.213101 0.183217
vt 0.254770 0.188197
vt 0.240467 0.199017
vt 0.485774 0.473959
vt 0.879901 0.871519
vt 0.158635 0.627061
vt 0.165937 0.635490
vt 0.158698 0.630446
vt 0.085911 0.015665
vt 0.293177 0.201174
vt 0.050401 0.468127
vt 0.041860 0.453334
vt 0.063983 0.453706
vt 0.162429 0.574471
vt 0.274242 0.770291
vt 0.014303 0.746699
vt 0.009709 0.736848
vt 0.014283 0.733541
vt 0.981052 0.761401
vt 0.985431 0.786232
vt 0.982412 0.805382
vt 0.937215 0.809420
vt 0.742910 0.251990
vt 0.760102 0.208488
vt 0.780616 0.811871
vt 0.777236 0.810605
vt 0.323401 0.288242
vt 0.199545 0.628753
vt 0.931558 0.933903
vt 0.994174 0.973391
vt 0.989221 0.971081
vt 0.997772 0.971180
vt 0.023012 0.900517
vt 0.024012 0.911942
vt 0.023619 0.919894
vt 0.071786 0.908418
vt 0.526099 0.645301
vt 0.129521 0.674981
vt 0.215032 0.197684
vt 0.016223 0.718434
vt 0.030300 0.718434
vt 0.020127 0.721286
vt 0.966863 0.071578
vt 0.960091 0.177720
vt 0.972005 0.186544
vt 0.966424 0.191748
vt 0.801121 0.042417
vt 0.803419 0.033717
vt 0.819584 0.039601
vt 0.262403 0.003303
vt 0.836694 0.987767
vt 0.824775 0.987559
vt 0.820635 0.976715
vt 0.000184 0.482691
vt 0.001916 0.479290
vt 0.005319 0.480979
vt 0.001084 0.366362
vt 0.005919 0.366362
vt 0.002101 0.368505
vt 0.383038 0.994920
vt 0.372312 0.999922
vt 0.366837 0.994576
vt 0.413022 0.620782
vt 0.009870 0.279922
vt 0.009755 0.285565
vt 0.006214 0.282990
vt 0.123313 0.148382
vt 0.119316 0.152923
vt 0.119003 0.147227
vt 0.396530 0.061204
vt 0.004794 0.154492
vt 0.000209 0.154492
vt 0.002032 0.151161
vt 0.070344 0.837453
vt 0.478025 0.621194
vt 0.033845 0.791568
vt 0.033845 0.812734
vt 0.031188 0.802899
vt 0.371221 0.008939
vt 0.365829 0.008468
vt 0.379544 0.008069
vt 0.267617 0.815719
vt 0.729956 0.224932
vt 0.460262 0.196236
vt 0.984008 0.208787
vt 0.997936 0.222709
vt 0.983406 0.232884
vt 0.057455 0.927477
vt 0.044612 0.919957
vt 0.055918 0.914961
vt 0.060353 0.327637
vt 0.077358 0.917917
vt 0.072833 0.925185
vt 0.264262 0.727052
vt 0.279148 0.730280
vt 0.025356 0.251473
vt 0.019905 0.237697
vt 0.025109 0.235270
vt 0.079533 0.696513
vt 0.773956 0.814059
vt 0.064263 0.718178
vt 0.061622 0.716721
vt 0.067575 0.705277
vt 0.639669 0.997965
vt 0.947583 0.539335
vt 0.944236 0.532093
vt 0.003637 0.274715
vt 0.280611 0.812222
vt 0.067929 0.346308
vt 0.024396 0.218057
vt 0.017125 0.220419
vt 0.019544 0.203292
vt 0.396336 0.049414
vt 0.376854 0.050116
vt 0.142958 0.058088
vt 0.047464 0.816112
vt 0.047464 0.840216
vt 0.044082 0.825776
vt 0.019667 0.243670
vt 0.118955 0.868864
vt 0.305908 0.030573
vt 0.327415 0.034362
vt 0.311323 0.039953
vt 0.011779 0.800505
vt 0.009793 0.802872
vt 0.003228 0.800429
vt 0.207872 0.277094
vt 0.243615 0.266201
vt 0.192986 0.218740
vt 0.210599 0.232075
vt 0.061559 0.693627
vt 0.072850 0.693528
vt 0.070737 0.031403
vt 0.086494 0.030024
vt 0.078285 0.049966
vt 0.477355 0.187285
vt 0.531473 0.226165
vt 0.477355 0.198681
vt 0.950484 0.188708
vt 0.098517 0.633375
vt 0.099402 0.640178
vt 0.091272 0.643137
vt 0.078689 0.349039
vt 0.789793 0.178891
vt 0.108322 0.383885
vt 0.116579 0.384371
vt 0.124379 0.393667
vt 0.906471 0.777764
vt 0.912857 0.780474
vt 0.896054 0.782718
vt 0.078807 0.028573
vt 0.465163 0.282195
vt 0.129460 0.665948
vt 0.162132 0.578276
vt 0.999441 0.031603
vt 0.999178 0.053440
vt 0.994941 0.043968
vt 0.274905 0.181057
vt 0.265660 0.179027
vt 0.253246 0.171668
vt 0.974420 0.038465
vt 0.973045 0.032002
vt 0.994735 0.033100
vt 0.096092 0.650479
vt 0.092055 0.649849
vt 0.664738 0.435752
vt 0.431359 0.261430
vt 0.024783 0.003489
vt 0.015737 0.003489
vt 0.021185 0.002014
vt 0.405222 0.672800
vt 0.985263 0.890425
vt 0.673924 0.003932
vt 0.669581 0.002768
vt 0.680094 0.002571
vt 0.154624 0.368537
vt 0.152664 0.310541
vt 0.162542 0.306945
vt 0.077926 0.853802
vt 0.158110 0.016667
vt 0.231231 0.037967
vt 0.247450 0.039158
vt 0.242396 0.039935
vt 0.059176 0.149047
vt 0.059880 0.144460
vt 0.076051 0.137596
vt 0.082895 0.137935
vt 0.077764 0.143412
vt 0.129515 0.689395
vt 0.060217 0.708154
vt 0.041069 0.467970
vt 0.210838 0.172264
vt 0.034315 0.272928
vt 0.023714 0.258338
vt 0.033902 0.259213
vt 0.008830 0.354991
vt 0.001175 0.354991
vt 0.008150 0.351863
vt 0.179995 0.581216
vt 0.964841 0.232320
vt 0.971917 0.224124
vt 0.384305 0.558827
vt 0.018991 0.040489
vt 0.012986 0.029279
vt 0.019452 0.026264
vt 0.066464 0.497596
vt 0.065032 0.494778
vt 0.067437 0.481142
vt 0.919372 0.119867
vt 0.902571 0.107978
vt 0.916433 0.108704
vt 0.042010 0.930145
vt 0.697066 0.087067
vt 0.706644 0.089995
vt 0.694337 0.091989
vt 0.260253 0.184574
vt 0.354333 0.999114
vt 0.895301 0.779450
vt 0.322088 0.796160
vt 0.897702 0.026422
vt 0.874684 0.026422
vt 0.889626 0.019601
vt 0.136353 0.894256
vt 0.168450 0.365401
vt 0.155453 0.570905
vt 0.705435 0.983474
vt 0.719239 0.980008
vt 0.720683 0.983974
vt 0.063526 0.228649
vt 0.053212 0.235083
vt 0.050765 0.231589
vt 0.223032 0.040463
vt 0.219784 0.031573
vt 0.997384 0.534122
vt 0.083878 0.901288
vt 0.081038 0.903255
vt 0.206863 0.137137
vt 0.009816 0.276033
vt 0.496045 0.592516
vt 0.662455 0.995516
vt 0.675576 0.999752
vt 0.663111 0.999234
vt 0.123626 0.767268
vt 0.124514 0.772303
vt 0.110603 0.767684
vt 0.934718 0.056973
vt 0.937542 0.050081
vt 0.955883 0.056756
vt 0.976251 0.014905
vt 0.965142 0.014905
vt 0.979330 0.012591
vt 0.121811 0.384174
vt 0.022102 0.915330
vt 0.016134 0.911152
vt 0.022385 0.900077
vt 0.767941 0.184059
vt 0.776905 0.185135
vt 0.628140 0.146661
vt 0.698276 0.014469
vt 0.683415 0.014469
vt 0.694680 0.011544
vt 0.953837 0.070357
vt 0.957030 0.068192
vt 0.969974 0.067059
vt 0.397068 0.694800
vt 0.390525 0.677184
vt 0.299899 0.040462
vt 0.952623 0.977642
vt 0.968337 0.989059
vt 0.957414 0.989341
vt 0.247049 0.034072
vt 0.230293 0.032266
vt 0.322264 0.065863
vt 0.324762 0.051696
vt 0.333775 0.064513
vt 0.343176 0.057635
vt 0.027638 0.125972
vt 0.024125 0.125262
vt 0.024125 0.106645
vt 0.500205 0.613528
vt 0.081906 0.356814
vt 0.920649 0.110058
vt 0.607971 0.008066
vt 0.623145 0.008066
vt 0.616276 0.009442
vt 0.973162 0.009607
vt 0.337854 0.052003
vt 0.095762 0.662884
vt 0.992745 0.233546
vt 0.771797 0.811584
vt 0.679215 0.995246
vt 0.814790 0.033621
vt 0.124447 0.755960
vt 0.864519 0.121609
vt 0.450812 0.337176
vt 0.010749 0.841978
vt 0.015125 0.828510
vt 0.022768 0.844327
vt 0.306641 0.356331
vt 0.311085 0.353742
vt 0.308252 0.358069
vt 0.402698 0.604784
vt 0.845306 0.004114
vt 0.843052 0.007105
vt 0.836035 0.007392
vt 0.117920 0.264357
vt 0.138264 0.236773
vt 0.138380 0.242416
vt 0.317858 0.294721
vt 0.381078 0.335499
vt 0.009663 0.125488
vt 0.009663 0.121636
vt 0.023353 0.125259
vt 0.121422 0.238237
vt 0.114482 0.253594
vt 0.111362 0.247295
vt 0.433742 0.070062
vt 0.439379 0.067297
vt 0.440348 0.074789
vt 0.112438 0.749395
vt 0.122352 0.747649
vt 0.127313 0.237136
vt 0.159191 0.019654
vt 0.021196 0.552329
vt 0.027779 0.554725
vt 0.016631 0.554486
vt 0.149095 0.017163
vt 0.149860 0.014940
vt 0.156558 0.018865
vt 0.098337 0.662584
vt 0.047937 0.318116
vt 0.036589 0.319145
vt 0.040863 0.312976
vt 0.977975 0.048429
vt 0.925139 0.924307
vt 0.111621 0.263730
vt 0.111581 0.267505
vt 0.106692 0.270518
vt 0.991012 0.534609
vt 0.308546 0.338303
vt 0.046951 0.566621
vt 0.059462 0.564140
vt 0.057132 0.573625
vt 0.091228 0.395004
vt 0.170964 0.642318
vt 0.041658 0.373812
vt 0.047861 0.385753
vt 0.042758 0.400575
vt 0.005987 0.262167
vt 0.008888 0.263520
vt 0.004118 0.263595
vt 0.241074 0.272580
vt 0.197973 0.260068
vt 0.957293 0.537787
vt 0.388407 0.066660
vt 0.189570 0.569428
vt 0.010940 0.359749
vt 0.013758 0.350532
vt 0.017432 0.361628
vt 0.117395 0.741696
vt 0.948298 0.894091
vt 0.932801 0.915807
vt 0.473664 0.289396
vt 0.575035 0.081134
vt 0.108499 0.149517
vt 0.079876 0.283524
vt 0.078732 0.266178
vt 0.086227 0.270627
vt 0.444092 0.071706
vt 0.426181 0.226764
vt 0.929153 0.934007
vt 0.107006 0.255412
vt 0.703245 0.581441
vt 0.941415 0.897351
vt 0.930569 0.912168
vt 0.337318 0.125000
vt 0.354647 0.115787
vt 0.340216 0.132337
vt 0.642009 0.413268
vt 0.659321 0.417343
vt 0.303656 0.206541
vt 0.388427 0.333562
vt 0.160313 0.641612
vt 0.308064 0.008490
vt 0.302908 0.009399
vt 0.294737 0.008110
vt 0.929304 0.110571
vt 0.118848 0.849509
vt 0.393835 0.122761
vt 0.396989 0.131206
vt 0.393271 0.134326
vt 0.209052 0.980269
vt 0.200722 0.987430
vt 0.203164 0.981847
vt 0.011089 0.210947
vt 0.018926 0.200161
vt 0.016410 0.214546
vt 0.011063 0.026044
vt 0.099888 0.016885
vt 0.099768 0.895430
vt 0.102833 0.906462
vt 0.101703 0.912870
vt 0.112846 0.736952
vt 0.196644 0.119119
vt 0.055510 0.550437
vt 0.058812 0.554377
vt 0.122077 0.856954
vt 0.120342 0.696908
vt 0.671288 0.031256
vt 0.683252 0.033366
vt 0.665200 0.032673
vt 0.655072 0.413066
vt 0.065103 0.482289
vt 0.458386 0.358848
vt 0.013742 0.553363
vt 0.050455 0.312350
vt 0.925513 0.141029
vt 0.946141 0.118557
vt 0.083565 0.897538
vt 0.926558 0.050138
vt 0.336971 0.986140
vt 0.347594 0.986813
vt 0.345709 0.993850
vt 0.726781 0.982777
vt 0.937701 0.893635
vt 0.684557 0.090196
vt 0.346787 0.061775
vt 0.870005 0.106074
vt 0.017851 0.655696
vt 0.006846 0.659272
vt 0.006661 0.651384
vt 0.640402 0.246176
vt 0.612282 0.237531
vt 0.642765 0.233958
vt 0.795338 0.013876
vt 0.781450 0.009364
vt 0.789877 0.009135
vt 0.474599 0.554465
vt 0.963013 0.247265
vt 0.038071 0.329971
vt 0.178553 0.010149
vt 0.178553 0.016364
vt 0.166119 0.015617
vt 0.464180 0.268829
vt 0.386716 0.133498
vt 0.636725 0.158171
vt 0.621510 0.995080
vt 0.623145 0.997416
vt 0.606470 0.997416
vt 0.404064 0.649161
vt 0.047893 0.931794
vt 0.038676 0.153227
vt 0.040517 0.166475
vt 0.035530 0.161872
vt 0.041851 0.156349
vt 0.475246 0.691454
vt 0.485108 0.698676
vt 0.475799 0.704347
vt 0.047771 0.558542
vt 0.979855 0.999937
vt 0.962616 0.999937
vt 0.965447 0.995061
vt 0.334130 0.772237
vt 0.441040 0.330211
vt 0.989039 0.263257
vt 0.759213 0.060987
vt 0.734476 0.060487
vt 0.747079 0.050805
vt 0.635279 0.008661
vt 0.620848 0.013350
vt 0.621371 0.009560
vt 0.041095 0.932845
vt 0.432306 0.078330
vt 0.435223 0.078246
vt 0.123522 0.852478
vt 0.930216 0.895834
vt 0.027901 0.110534
vt 0.159719 0.587583
vt 0.152331 0.584426
vt 0.854022 0.872084
vt 0.854257 0.865651
vt 0.626647 0.999864
vt 0.609971 0.999864
vt 0.616630 0.998135
vt 0.088424 0.283856
vt 0.957262 0.899672
vt 0.140030 0.049030
vt 0.126304 0.898871
vt 0.959615 0.029136
vt 0.984357 0.029136
vt 0.964668 0.030895
vt 0.058392 0.389522
vt 0.028826 0.397983
vt 0.014696 0.397983
vt 0.026959 0.395414
vt 0.873480 0.885778
vt 0.024513 0.450943
vt 0.033391 0.449377
vt 0.028427 0.459726
vt 0.041527 0.234801
vt 0.642588 0.406693
vt 0.052457 0.140815
vt 0.042617 0.145972
vt 0.047008 0.137670
vt 0.384337 0.118500
vt 0.097996 0.667276
vt 0.332137 0.993280
vt 0.685609 0.093886
vt 0.819456 0.008082
vt 0.816430 0.014429
vt 0.813442 0.010886
vt 0.991150 0.549717
vt 0.076342 0.826038
vt 0.157311 0.016947
vt 0.150132 0.007065
vt 0.158022 0.008584
vt 0.102515 0.295096
vt 0.090412 0.291184
vt 0.077882 0.810651
vt 0.077357 0.816162
vt 0.068145 0.816162
vt 0.091193 0.663899
vt 0.073780 0.337872
vt 0.927326 0.263835
vt 0.915870 0.258596
vt 0.925054 0.251939
vt 0.031585 0.137862
vt 0.034984 0.993857
vt 0.019544 0.993857
vt 0.024723 0.991636
vt 0.009081 0.350228
vt 0.827694 0.041821
vt 0.659596 0.037370
vt 0.656418 0.030664
vt 0.911228 0.171199
vt 0.141546 0.015895
vt 0.129089 0.015895
vt 0.136485 0.009617
vt 0.824658 0.014144
vt 0.603174 0.007405
vt 0.592423 0.007405
vt 0.598585 0.006102
vt 0.377431 0.992423
vt 0.377431 0.988920
vt 0.394955 0.991745
vt 0.090744 0.049091
vt 0.052183 0.810939
vt 0.083891 0.291506
vt 0.138919 0.002609
vt 0.133623 0.009897
vt 0.126714 0.003087
vt 0.327388 0.083455
vt 0.343069 0.078125
vt 0.353081 0.082794
vt 0.435318 0.239964
vt 0.051174 0.293404
vt 0.489510 0.605005
vt 0.483247 0.614662
vt 0.039953 0.145682
vt 0.747751 0.995559
vt 0.746324 0.997958
vt 0.743149 0.999438
vt 0.574303 0.015521
vt 0.598284 0.016256
vt 0.589232 0.020955
vt 0.314688 0.127321
vt 0.104957 0.152739
vt 0.377561 0.128195
vt 0.693450 0.214501
vt 0.691687 0.209328
vt 0.697920 0.210508
vt 0.245139 0.137513
vt 0.259139 0.123760
vt 0.256796 0.137920
vt 0.006043 0.192606
vt 0.013325 0.195257
vt 0.004684 0.195588
vt 0.022892 0.862779
vt 0.011625 0.854593
vt 0.018163 0.851078
vt 0.129115 0.695594
vt 0.049202 0.551196
vt 0.008333 0.332640
vt 0.002672 0.330801
vt 0.008328 0.323688
vt 0.023972 0.394181
vt 0.010045 0.394181
vt 0.018813 0.391212
vt 0.741465 0.997175
vt 0.703429 0.224572
vt 0.149564 0.008649
vt 0.991221 0.147598
vt 0.997273 0.177076
vt 0.991221 0.164724
vt 0.730532 0.055512
vt 0.035188 0.147756
vt 0.479809 0.838174
vt 0.522716 0.856147
vt 0.513228 0.860027
vt 0.917803 0.276629
vt 0.359455 0.079124
vt 0.311040 0.545055
vt 0.302521 0.520049
vt 0.321960 0.509713
vt 0.193665 0.985836
vt 0.189147 0.980054
vt 0.066556 0.763401
vt 0.071332 0.757504
vt 0.067142 0.766051
vt 0.983054 0.249442
vt 0.040695 0.075183
vt 0.032079 0.084422
vt 0.043459 0.066653
vt 0.453074 0.752476
vt 0.457769 0.761831
vt 0.432759 0.753086
vt 0.042376 0.229495
vt 0.485788 0.637975
vt 0.479471 0.633096
vt 0.420225 0.309646
vt 0.545157 0.186792
vt 0.172776 0.590056
vt 0.083481 0.338519
vt 0.952136 0.522916
vt 0.075987 0.694568
vt 0.067841 0.719639
vt 0.067585 0.709622
vt 0.041543 0.358728
vt 0.042348 0.365932
vt 0.037134 0.367135
vt 0.697582 0.051781
vt 0.712339 0.044768
vt 0.712430 0.051781
vt 0.043000 0.499979
vt 0.033253 0.504524
vt 0.024034 0.500388
vt 0.263240 0.998799
vt 0.257870 0.995698
vt 0.273896 0.996480
vt 0.230142 0.012152
vt 0.233186 0.013572
vt 0.221134 0.016862
vt 0.064031 0.759384
vt 0.058890 0.766994
vt 0.024114 0.374213
vt 0.015722 0.382605
vt 0.015850 0.367270
vt 0.561773 0.777281
vt 0.827878 0.010918
vt 0.380757 0.987567
vt 0.853614 0.993466
vt 0.861359 0.990195
vt 0.869082 0.993797
vt 0.492259 0.973921
vt 0.501219 0.974430
vt 0.514755 0.979357
vt 0.193616 0.135594
vt 0.329744 0.986467
vt 0.059265 0.551318
vt 0.066896 0.769148
vt 0.578508 0.022498
vt 0.178756 0.065786
vt 0.183354 0.061717
vt 0.191230 0.061305
vt 0.454333 0.066777
vt 0.458666 0.069289
vt 0.032149 0.070175
vt 0.413887 0.308461
vt 0.008431 0.616028
vt 0.008431 0.624092
vt 0.001574 0.621257
vt 0.017251 0.603679
vt 0.030548 0.603539
vt 0.025589 0.607567
vt 0.005203 0.022440
vt 0.005203 0.011077
vt 0.008804 0.016397
vt 0.997293 0.255722
vt 0.090254 0.221610
vt 0.091345 0.209146
vt 0.102000 0.219193
vt 0.086876 0.296154
vt 0.956069 0.213837
vt 0.051163 0.766793
vt 0.013941 0.399537
vt 0.003068 0.399537
vt 0.003720 0.389858
vt 0.999379 0.495122
vt 0.996269 0.506728
vt 0.995619 0.491271
vt 0.901256 0.373176
vt 0.902733 0.363906
vt 0.909898 0.360564
vt 0.996091 0.241598
vt 0.392906 0.669787
vt 0.701940 0.221690
vt 0.698453 0.219201
vt 0.698946 0.212886
vt 0.356726 0.134564
vt 0.375978 0.120351
vt 0.183751 0.002501
vt 0.190936 0.002501
vt 0.187190 0.008004
vt 0.023685 0.365943
vt 0.090057 0.296691
vt 0.315646 0.780121
vt 0.482058 0.286347
vt 0.445105 0.257170
vt 0.982482 0.214976
vt 0.572150 0.133649
vt 0.573924 0.131128
vt 0.579140 0.135505
vt 0.905279 0.995226
vt 0.912514 0.995226
vt 0.902136 0.999144
vt 0.228601 0.021918
vt 0.212295 0.021705
vt 0.212295 0.018305
vt 0.310972 0.202651
vt 0.295813 0.347407
vt 0.303024 0.320837
vt 0.119290 0.702958
vt 0.129170 0.703737
vt 0.203410 0.122897
vt 0.024208 0.622770
vt 0.028082 0.616349
vt 0.037015 0.617131
vt 0.193131 0.287171
vt 0.704459 0.041361
vt 0.714516 0.039588
vt 0.731259 0.041953
vt 0.195809 0.005507
vt 0.199732 0.003041
vt 0.208393 0.008245
vt 0.018090 0.008936
vt 0.029934 0.008724
vt 0.025353 0.011579
vt 0.497879 0.040150
vt 0.498718 0.033547
vt 0.501860 0.036810
vt 0.041588 0.565868
vt 0.043613 0.573199
vt 0.487516 0.868320
vt 0.545321 0.957866
vt 0.563767 0.963411
vt 0.545321 0.961721
vt 0.233593 0.016781
vt 0.025789 0.556325
vt 0.040475 0.566995
vt 0.024057 0.568238
vt 0.029801 0.373321
vt 0.505167 0.955155
vt 0.739355 0.049569
vt 0.007608 0.729776
vt 0.003126 0.728406
vt 0.011381 0.725951
vt 0.351072 0.056478
vt 0.725630 0.045178
vt 0.723022 0.050174
vt 0.860481 0.084207
vt 0.833018 0.097012
vt 0.857262 0.072572
vt 0.008962 0.057412
vt 0.001543 0.055001
vt 0.005114 0.051643
vt 0.814674 0.014634
vt 0.808561 0.011360
vt 0.808791 0.008734
vt 0.032774 0.607496
vt 0.035690 0.693667
vt 0.025600 0.692784
vt 0.040933 0.692526
vt 0.652173 0.235866
vt 0.457715 0.074974
vt 0.290862 0.327990
vt 0.194471 0.009017
vt 0.192775 0.011820
vt 0.187038 0.011920
vt 0.321941 0.783770
vt 0.677316 0.097937
vt 0.093840 0.547743
vt 0.091138 0.531551
vt 0.096615 0.541793
vt 0.042729 0.558904
vt 0.672579 0.087897
vt 0.172969 0.336389
vt 0.071899 0.752113
vt 0.020014 0.622344
vt 0.020921 0.616480
vt 0.579891 0.232343
vt 0.517980 0.474851
vt 0.301459 0.162269
vt 0.287932 0.136732
vt 0.307426 0.164880
vt 0.631344 0.965545
vt 0.680312 0.965545
vt 0.658989 0.968922
vt 0.437558 0.086300
vt 0.861569 0.108434
vt 0.760446 0.220056
vt 0.187759 0.053290
vt 0.203740 0.135894
vt 0.187021 0.049271
vt 0.197098 0.050346
vt 0.525133 0.038167
vt 0.518649 0.040304
vt 0.514639 0.032233
vt 0.006256 0.493001
vt 0.000747 0.488999
vt 0.005705 0.485988
vt 0.443732 0.085272
vt 0.454344 0.318500
vt 0.465758 0.347891
vt 0.583545 0.746166
vt 0.253132 0.983508
vt 0.273131 0.983508
vt 0.258787 0.986978
vt 0.477046 0.486731
vt 0.064129 0.469388
vt 0.042703 0.359839
vt 0.061849 0.359839
vt 0.045980 0.379602
vt 0.872749 0.991942
vt 0.001121 0.645178
vt 0.009312 0.642516
vt 0.009384 0.649129
vt 0.386738 0.648352
vt 0.205436 0.056315
vt 0.097815 0.032422
vt 0.486254 0.682504
vt 0.919274 0.999772
vt 0.474011 0.267081
vt 0.029729 0.013788
vt 0.174999 0.306801
vt 0.011575 0.440621
vt 0.008569 0.437818
vt 0.016944 0.440243
vt 0.484688 0.274423
vt 0.490029 0.557640
vt 0.430651 0.212606
vt 0.322870 0.740643
vt 0.040519 0.451689
vt 0.669544 0.102528
vt 0.674606 0.097340
vt 0.895777 0.028761
vt 0.878557 0.030268
vt 0.870606 0.029419
vt 0.050174 0.383532
vt 0.126787 0.350117
vt 0.127185 0.320758
vt 0.128778 0.327360
vt 0.286820 0.018743
vt 0.305621 0.017098
vt 0.309979 0.019420
vt 0.192516 0.650943
vt 0.177262 0.669465
vt 0.463812 0.203503
vt 0.455291 0.207181
vt 0.102960 0.539155
vt 0.102150 0.554755
vt 0.627711 0.132159
vt 0.632305 0.135376
vt 0.609461 0.135358
vt 0.864923 0.999260
vt 0.857140 0.995631
vt 0.874225 0.999804
vt 0.313463 0.089085
vt 0.297959 0.087177
vt 0.312315 0.082572
vt 0.944730 0.066211
vt 0.936980 0.068583
vt 0.822519 0.999326
vt 0.812953 0.999210
vt 0.820825 0.994671
vt 0.046746 0.934951
vt 0.048782 0.937466
vt 0.193917 0.292988
vt 0.101793 0.891825
vt 0.841648 0.874384
vt 0.125589 0.291142
vt 0.130039 0.304738
vt 0.458055 0.829528
vt 0.172809 0.658130
vt 0.422706 0.997464
vt 0.411309 0.995455
vt 0.427611 0.995032
vt 0.185219 0.016996
vt 0.295375 0.319241
vt 0.692612 0.958264
vt 0.710290 0.963001
vt 0.683637 0.960931
vt 0.490700 0.283104
vt 0.586805 0.135475
vt 0.996321 0.428928
vt 0.996321 0.470021
vt 0.991172 0.469645
vt 0.159258 0.650697
vt 0.384159 0.008093
vt 0.390160 0.009701
vt 0.376223 0.009916
vt 0.186344 0.238081
vt 0.186336 0.226612
vt 0.102803 0.521784
vt 0.912391 0.349314
vt 0.390409 0.116096
vt 0.235429 0.017602
vt 0.829869 0.996647
vt 0.054903 0.935270
vt 0.007277 0.479263
vt 0.007277 0.491722
vt 0.006230 0.480472
vt 0.376319 0.999480
vt 0.391618 0.998142
vt 0.392565 0.999857
vt 0.301805 0.286359
vt 0.787681 0.995607
vt 0.798347 0.999490
vt 0.781443 0.999890
vt 0.042754 0.262543
vt 0.043340 0.241734
vt 0.049792 0.255505
vt 0.358506 0.064557
vt 0.344774 0.064708
vt 0.354089 0.058694
vt 0.546176 0.984274
vt 0.525360 0.984274
vt 0.538749 0.980208
vt 0.324433 0.575844
vt 0.331514 0.590716
vt 0.323627 0.589614
vt 0.955287 0.516365
vt 0.349682 0.073893
vt 0.242628 0.088149
vt 0.248995 0.081476
vt 0.251631 0.082516
vt 0.900016 0.307164
vt 0.904931 0.311882
vt 0.899515 0.311677
vt 0.906521 0.278137
vt 0.188042 0.245705
vt 0.060274 0.955926
vt 0.060274 0.928016
vt 0.061787 0.945722
vt 0.453330 0.084229
vt 0.196631 0.010179
vt 0.036262 0.208071
vt 0.040885 0.207761
vt 0.042289 0.211619
vt 0.357387 0.076873
vt 0.245716 0.088442
vt 0.150100 0.597514
vt 0.164547 0.598188
vt 0.339299 0.003040
vt 0.350045 0.006532
vt 0.343610 0.007465
vt 0.447151 0.315123
vt 0.678828 0.406207
vt 0.416754 0.844038
vt 0.632087 0.993863
vt 0.613536 0.993863
vt 0.627626 0.990129
vt 0.280834 0.089514
vt 0.292309 0.083623
vt 0.159454 0.661627
vt 0.202014 0.014468
vt 0.381605 0.350059
vt 0.388550 0.346333
vt 0.476348 0.686130
vt 0.336476 0.790237
vt 0.300082 0.276552
vt 0.036814 0.229458
vt 0.487162 0.561217
vt 0.231136 0.996851
vt 0.240522 0.995196
vt 0.247104 0.997301
vt 0.651673 0.018259
vt 0.637749 0.017631
vt 0.638471 0.014722
vt 0.095528 0.130467
vt 0.089419 0.126902
vt 0.090302 0.105792
vt 0.076574 0.297104
vt 0.991653 0.245680
vt 0.501902 0.961023
vt 0.491003 0.583297
vt 0.483684 0.596125
vt 0.769683 0.178735
vt 0.487094 0.117391
vt 0.466274 0.120007
vt 0.477000 0.115611
vt 0.042946 0.908020
vt 0.052356 0.901672
vt 0.040191 0.919738
vt 0.128121 0.288703
vt 0.378904 0.670152
vt 0.007679 0.956615
vt 0.008304 0.962760
vt 0.005157 0.963603
vt 0.100558 0.015350
vt 0.100169 0.008551
vt 0.111306 0.010515
vt 0.103425 0.129487
vt 0.650504 0.014696
vt 0.906239 0.342677
vt 0.658730 0.040071
vt 0.660744 0.042471
vt 0.633903 0.042289
vt 0.675977 0.422546
vt 0.182985 0.293918
vt 0.175445 0.296518
vt 0.465281 0.513735
vt 0.064778 0.010348
vt 0.064778 0.002658
vt 0.074291 0.006634
vt 0.636471 0.008697
vt 0.650575 0.008254
vt 0.987401 0.954082
vt 0.984401 0.954886
vt 0.984005 0.944108
vt 0.102783 0.204637
vt 0.911450 0.244719
vt 0.926593 0.241656
vt 0.910999 0.254294
vt 0.915624 0.290497
vt 0.908547 0.286849
vt 0.008848 0.594241
vt 0.001157 0.594241
vt 0.001842 0.589351
vt 0.668127 0.623660
vt 0.666269 0.615583
vt 0.671998 0.611163
vt 0.871383 0.994693
vt 0.958051 0.977094
vt 0.977894 0.968114
vt 0.985005 0.970702
vt 0.044403 0.546810
vt 0.045392 0.555863
vt 0.028645 0.554398
vt 0.341111 0.071987
vt 0.933080 0.415528
vt 0.951400 0.405393
vt 0.962837 0.423016
vt 0.038076 0.240007
vt 0.042304 0.246007
vt 0.032890 0.255421
vt 0.451614 0.118407
vt 0.444872 0.116354
vt 0.960092 0.396706
vt 0.972242 0.406005
vt 0.053430 0.902619
vt 0.057749 0.903272
vt 0.058373 0.912186
vt 0.104940 0.148523
vt 0.028781 0.542333
vt 0.886051 0.780624
vt 0.999257 0.954626
vt 0.992884 0.925187
vt 0.998696 0.926722
vt 0.804819 0.014778
vt 0.533917 0.132504
vt 0.531219 0.958361
vt 0.677272 0.958603
vt 0.652891 0.963787
vt 0.042177 0.919292
vt 0.996039 0.014845
vt 0.998959 0.008583
vt 0.998879 0.020932
vt 0.917062 0.994600
vt 0.933364 0.999897
vt 0.920211 0.998937
vt 0.362084 0.832391
vt 0.040077 0.468582
vt 0.237905 0.088512
vt 0.236114 0.092002
vt 0.211079 0.087588
vt 0.995546 0.740927
vt 0.999451 0.742196
vt 0.996386 0.745816
vt 0.006990 0.732216
vt 0.001515 0.732216
vt 0.004761 0.730015
vt 0.758285 0.999009
vt 0.015299 0.139768
vt 0.008786 0.141513
vt 0.006712 0.139628
vt 0.701114 0.228816
vt 0.071282 0.476295
vt 0.083295 0.493120
vt 0.071282 0.487382
vt 0.709777 0.959346
vt 0.114306 0.810968
vt 0.122039 0.806856
vt 0.120272 0.816682
vt 0.015127 0.538711
vt 0.017463 0.529340
vt 0.022083 0.544697
vt 0.670313 0.056053
vt 0.670280 0.062506
vt 0.667905 0.056930
vt 0.745639 0.232641
vt 0.115403 0.254573
vt 0.113246 0.268341
vt 0.207075 0.091448
vt 0.200314 0.088082
vt 0.690248 0.227015
vt 0.687444 0.220891
vt 0.687169 0.571890
vt 0.355387 0.116061
vt 0.501098 0.278306
vt 0.499714 0.282627
vt 0.948969 0.508324
vt 0.385113 0.634954
vt 0.083267 0.014915
vt 0.088413 0.010597
vt 0.095322 0.014804
vt 0.098347 0.049604
vt 0.049305 0.602318
vt 0.058512 0.604785
vt 0.037036 0.603724
vt 0.687874 0.956673
vt 0.403753 0.213111
vt 0.910986 0.336492
vt 0.835299 0.995195
vt 0.839764 0.997773
vt 0.826942 0.994723
vt 0.174371 0.597574
vt 0.903746 0.332760
vt 0.907014 0.316856
vt 0.831471 0.013525
vt 0.842909 0.008191
vt 0.845867 0.013820
vt 0.053742 0.408024
vt 0.063873 0.400930
vt 0.053811 0.425983
vt 0.438251 0.993300
vt 0.445081 0.988956
vt 0.452521 0.991374
vt 0.423311 0.221948
vt 0.843894 0.994801
vt 0.983664 0.977859
vt 0.010382 0.192552
vt 0.009607 0.185184
vt 0.017406 0.195506
vt 0.995886 0.137581
vt 0.061394 0.901269
vt 0.049648 0.900295
vt 0.049944 0.893415
vt 0.290864 0.176626
vt 0.258573 0.165242
vt 0.686164 0.540848
vt 0.692009 0.563563
vt 0.667350 0.489800
vt 0.659427 0.272479
vt 0.651439 0.247423
vt 0.474401 0.605556
vt 0.651847 0.267892
vt 0.386733 0.350373
vt 0.128839 0.818607
vt 0.429954 0.220691
vt 0.087247 0.107637
vt 0.275631 0.086886
vt 0.271480 0.088580
vt 0.262216 0.082257
vt 0.905090 0.243717
vt 0.181422 0.230910
vt 0.182418 0.194400
vt 0.189439 0.183014
vt 0.191979 0.185159
vt 0.008349 0.967848
vt 0.942728 0.001101
vt 0.942728 0.008365
vt 0.939213 0.008404
vt 0.680508 0.062010
vt 0.678817 0.055960
vt 0.681370 0.055737
vt 0.045139 0.266020
vt 0.689242 0.591185
vt 0.026230 0.235825
vt 0.837671 0.880960
vt 0.116086 0.368877
vt 0.152635 0.356927
vt 0.152043 0.360576
vt 0.066985 0.359161
vt 0.045071 0.359161
vt 0.062207 0.357697
vt 0.054965 0.009249
vt 0.057889 0.015520
vt 0.054668 0.021767
vt 0.023393 0.538410
vt 0.568579 0.015710
vt 0.567911 0.027356
vt 0.560066 0.016219
vt 0.652215 0.406634
vt 0.259391 0.088817
vt 0.259749 0.075097
vt 0.800133 0.013812
vt 0.946354 0.106095
vt 0.063496 0.891466
vt 0.318528 0.020060
vt 0.307746 0.021961
vt 0.295279 0.021021
vt 0.028840 0.279396
vt 0.017144 0.273941
vt 0.033381 0.273881
vt 0.047384 0.601260
vt 0.041069 0.596839
vt 0.062983 0.596971
vt 0.464089 0.253749
vt 0.857570 0.978579
vt 0.880299 0.978579
vt 0.861930 0.979400
vt 0.280767 0.116707
vt 0.474627 0.673208
vt 0.562296 0.980049
vt 0.583276 0.980049
vt 0.569551 0.983432
vt 0.188706 0.249569
vt 0.006320 0.505232
vt 0.000183 0.503238
vt 0.004947 0.498270
vt 0.041377 0.180974
vt 0.041940 0.187403
vt 0.038967 0.176639
vt 0.098211 0.987695
vt 0.115896 0.987695
vt 0.105781 0.990294
vt 0.455674 0.736096
vt 0.822690 0.018812
vt 0.814135 0.017304
vt 0.837191 0.016706
vt 0.287890 0.331911
vt 0.141869 0.822208
vt 0.109632 0.106094
vt 0.346481 0.789388
vt 0.561387 0.031327
vt 0.435923 0.986190
vt 0.063237 0.886679
vt 0.051029 0.886846
vt 0.216454 0.121800
vt 0.655893 0.008564
vt 0.670770 0.008564
vt 0.667025 0.011446
vt 0.994425 0.974894
vt 0.064317 0.413484
vt 0.318418 0.206308
vt 0.489031 0.269150
vt 0.677951 0.063823
vt 0.254416 0.139417
vt 0.506885 0.257848
vt 0.911504 0.239637
vt 0.921774 0.235265
vt 0.097576 0.194883
vt 0.049576 0.010645
vt 0.049863 0.018885
vt 0.045184 0.022371
vt 0.114385 0.073811
vt 0.105802 0.079666
vt 0.094908 0.071155
vt 0.011556 0.394788
vt 0.024462 0.394788
vt 0.012810 0.397108
vt 0.012306 0.198545
vt 0.003702 0.198545
vt 0.007344 0.196653
vt 0.980772 0.776625
vt 0.980772 0.820944
vt 0.977707 0.821173
vt 0.498371 0.227487
vt 0.450637 0.085570
vt 0.250772 0.075078
vt 0.082868 0.478521
vt 0.640974 0.076365
vt 0.640974 0.058703
vt 0.671182 0.063979
vt 0.556926 0.030100
vt 0.557608 0.026229
vt 0.992577 0.709303
vt 0.992577 0.696399
vt 0.995918 0.703937
vt 0.511714 0.274356
vt 0.126942 0.273482
vt 0.025386 0.393531
vt 0.020560 0.390592
vt 0.030966 0.377272
vt 0.483900 0.065343
vt 0.474883 0.048213
vt 0.492341 0.050117
vt 0.102474 0.878026
vt 0.556428 0.038462
vt 0.564641 0.041724
vt 0.557757 0.042378
vt 0.090293 0.151016
vt 0.094877 0.148492
vt 0.154049 0.370436
vt 0.291268 0.509921
vt 0.948060 0.939149
vt 0.945484 0.922516
vt 0.960186 0.934063
vt 0.436300 0.722478
vt 0.360846 0.987252
vt 0.366107 0.990757
vt 0.360257 0.989450
vt 0.112437 0.015461
vt 0.326928 0.771944
vt 0.080912 0.384606
vt 0.076704 0.359330
vt 0.087419 0.366729
vt 0.965972 0.918467
vt 0.101425 0.049876
vt 0.099227 0.055916
vt 0.099482 0.044758
vt 0.188422 0.261752
vt 0.713697 0.235333
vt 0.714716 0.227113
vt 0.752857 0.224506
vt 0.708336 0.228121
vt 0.037787 0.561266
vt 0.720078 0.068829
vt 0.724501 0.076831
vt 0.719539 0.078836
vt 0.526915 0.960561
vt 0.112258 0.793126
vt 0.471829 0.087335
vt 0.463167 0.078872
vt 0.475696 0.074063
vt 0.984462 0.614581
vt 0.969408 0.620525
vt 0.975940 0.611980
vt 0.081377 0.463858
vt 0.666232 0.230273
vt 0.277866 0.066405
vt 0.300924 0.049653
vt 0.299066 0.059363
vt 0.796906 0.012318
vt 0.792098 0.008951
vt 0.806701 0.008693
vt 0.179775 0.193087
vt 0.135458 0.999811
vt 0.119670 0.999811
vt 0.133857 0.997187
vt 0.014731 0.469921
vt 0.028790 0.469921
vt 0.021593 0.472050
vt 0.050621 0.226806
vt 0.835196 0.744124
vt 0.835169 0.738009
vt 0.841754 0.734156
vt 0.575737 0.940378
vt 0.563272 0.934018
vt 0.572486 0.930899
vt 0.023615 0.376354
vt 0.082480 0.008724
vt 0.075167 0.018790
vt 0.065595 0.011214
vt 0.055977 0.883369
vt 0.815043 0.882145
vt 0.847973 0.882273
vt 0.008488 0.294138
vt 0.001017 0.294138
vt 0.007502 0.290154
vt 0.324969 0.343413
vt 0.673344 0.600777
vt 0.668485 0.608754
vt 0.931612 0.841167
vt 0.939443 0.853218
vt 0.932745 0.867580
vt 0.463452 0.516590
vt 0.465482 0.523170
vt 0.520058 0.978431
vt 0.315022 0.481244
vt 0.321835 0.496729
vt 0.053644 0.654923
vt 0.058372 0.658234
vt 0.036676 0.656766
vt 0.641120 0.005501
vt 0.632493 0.005914
vt 0.636963 0.002591
vt 0.664348 0.268200
vt 0.935564 0.595717
vt 0.944325 0.593881
vt 0.939568 0.600687
vt 0.514148 0.981917
vt 0.509688 0.985346
vt 0.493355 0.985346
vt 0.984710 0.906803
vt 0.981207 0.910701
vt 0.547717 0.035816
vt 0.544477 0.026775
vt 0.454708 0.699909
vt 0.464203 0.060938
vt 0.972480 0.066587
vt 0.965185 0.064632
vt 0.975750 0.060325
vt 0.008391 0.360318
vt 0.013797 0.362286
vt 0.005212 0.362544
vt 0.184360 0.378023
vt 0.182278 0.430687
vt 0.179822 0.429887
vt 0.051782 0.213970
vt 0.087979 0.081856
vt 0.102339 0.084284
vt 0.101140 0.096432
vt 0.083612 0.196210
vt 0.091060 0.190468
vt 0.082988 0.254990
vt 0.077592 0.266563
vt 0.078796 0.236188
vt 0.932164 0.598901
vt 0.482808 0.066935
vt 0.974990 0.399554
vt 0.114883 0.115549
vt 0.969279 0.415926
vt 0.979194 0.624163
vt 0.330796 0.774180
vt 0.176902 0.182824
vt 0.015052 0.687397
vt 0.021432 0.688180
vt 0.009083 0.692293
vt 0.026430 0.254244
vt 0.400111 0.986025
vt 0.393290 0.989963
vt 0.382280 0.986627
vt 0.311463 0.273269
vt 0.303363 0.270289
vt 0.326020 0.267427
vt 0.114395 0.292832
vt 0.102454 0.303967
vt 0.084205 0.301463
vt 0.434663 0.300172
vt 0.370537 0.362162
vt 0.180345 0.384662
vt 0.106046 0.199822
vt 0.725998 0.067722
vt 0.884415 0.018809
vt 0.861958 0.018809
vt 0.871961 0.017710
vt 0.272476 0.074795
vt 0.159825 0.613367
vt 0.168578 0.610078
vt 0.959539 0.597243
vt 0.953174 0.586303
vt 0.692532 0.921913
vt 0.704826 0.915191
vt 0.707467 0.918687
vt 0.271009 0.136804
vt 0.700930 0.924794
vt 0.328837 0.066321
vt 0.030597 0.181696
vt 0.456972 0.060372
vt 0.052560 0.879202
vt 0.189491 0.675119
vt 0.120357 0.102495
vt 0.148051 0.357224
vt 0.118430 0.365161
vt 0.112079 0.356200
vt 0.201645 0.094858
vt 0.196306 0.087233
vt 0.208387 0.094429
vt 0.418798 0.296825
vt 0.075685 0.067732
vt 0.080778 0.066556
vt 0.078570 0.073019
vt 0.480985 0.312619
vt 0.481758 0.304091
vt 0.483672 0.312752
vt 0.461840 0.246218
vt 0.174594 0.228395
vt 0.333288 0.608547
vt 0.479988 0.565980
vt 0.176026 0.087995
vt 0.180672 0.094314
vt 0.182181 0.252406
vt 0.271060 0.177926
vt 0.641843 0.057636
vt 0.881748 0.012961
vt 0.868127 0.008536
vt 0.881571 0.008049
vt 0.960180 0.907801
vt 0.351006 0.986550
vt 0.087283 0.102149
vt 0.305227 0.015584
vt 0.328590 0.015584
vt 0.313760 0.018933
vt 0.061398 0.852265
vt 0.039653 0.852265
vt 0.055376 0.848586
vt 0.241785 0.987595
vt 0.259466 0.987595
vt 0.256346 0.990894
vt 0.987620 0.061687
vt 0.988648 0.065994
vt 0.699649 0.236780
vt 0.094443 0.385131
vt 0.076643 0.389045
vt 0.991814 0.923917
vt 0.127190 0.016367
vt 0.127190 0.005144
vt 0.131439 0.010489
vt 0.030728 0.192735
vt 0.291173 0.315070
vt 0.087432 0.100342
vt 0.254283 0.115201
vt 0.267439 0.117521
vt 0.245642 0.129922
vt 0.076477 0.292569
vt 0.069954 0.289664
vt 0.061092 0.271213
vt 0.170803 0.090898
vt 0.039767 0.197048
vt 0.528161 0.445829
vt 0.024770 0.692655
vt 0.011748 0.692655
vt 0.019172 0.690537
vt 0.543181 0.935917
vt 0.554549 0.921913
vt 0.689061 0.147629
vt 0.695211 0.140581
vt 0.701432 0.146360
vt 0.847178 0.970013
vt 0.846639 0.976170
vt 0.834223 0.966501
vt 0.823761 0.969075
vt 0.861135 0.072784
vt 0.651159 0.468386
vt 0.077694 0.609872
vt 0.079340 0.612540
vt 0.074851 0.613743
vt 0.483950 0.215990
vt 0.963531 0.959723
vt 0.961533 0.946675
vt 0.970654 0.957434
vt 0.453441 0.314726
vt 0.630516 0.002777
vt 0.020703 0.092860
vt 0.023465 0.083228
vt 0.030408 0.086919
vt 0.943746 0.104296
vt 0.924695 0.109400
vt 0.947121 0.089499
vt 0.962533 0.702769
vt 0.982588 0.695161
vt 0.978242 0.702769
vt 0.013330 0.998848
vt 0.005180 0.998848
vt 0.007584 0.997650
vt 0.006939 0.168835
vt 0.011288 0.168948
vt 0.011288 0.179998
vt 0.689602 0.210495
vt 0.675953 0.182432
vt 0.697131 0.198901
vt 0.495504 0.071092
vt 0.034576 0.738288
vt 0.042963 0.742173
vt 0.037646 0.742671
vt 0.482281 0.011092
vt 0.496081 0.008659
vt 0.497209 0.011351
vt 0.287127 0.132921
vt 0.930875 0.873015
vt 0.933552 0.879640
vt 0.995006 0.060091
vt 0.995295 0.069898
vt 0.048674 0.945820
vt 0.059966 0.957488
vt 0.057207 0.962466
vt 0.519503 0.972118
vt 0.555475 0.032416
vt 0.564891 0.033295
vt 0.966577 0.609160
vt 0.086004 0.189095
vt 0.981377 0.397507
vt 0.455720 0.004051
vt 0.445242 0.007455
vt 0.444230 0.004058
vt 0.116488 0.189282
vt 0.447490 0.304553
vt 0.049050 0.876620
vt 0.348941 0.991939
vt 0.245413 0.003285
vt 0.242422 0.006276
vt 0.233826 0.003229
vt 0.250359 0.071374
vt 0.442488 0.007370
vt 0.431449 0.007370
vt 0.440996 0.005136
vt 0.524372 0.993399
vt 0.512869 0.993399
vt 0.531153 0.992594
vt 0.112630 0.055468
vt 0.099847 0.062796
vt 0.484910 0.255317
vt 0.196406 0.061158
vt 0.178782 0.085415
vt 0.181060 0.066304
vt 0.003219 0.171779
vt 0.843878 0.999950
vt 0.826958 0.999950
vt 0.831320 0.997048
vt 0.294233 0.279026
vt 0.481222 0.999911
vt 0.464751 0.999911
vt 0.470788 0.996087
vt 0.902794 0.990245
vt 0.911307 0.991746
vt 0.892095 0.991514
vt 0.018521 0.864026
vt 0.033338 0.868840
vt 0.017187 0.868367
vt 0.002528 0.447815
vt 0.008978 0.447815
vt 0.003781 0.450134
vt 0.325584 0.507654
vt 0.060528 0.859515
vt 0.060528 0.884357
vt 0.053529 0.874078
vt 0.507107 0.048583
vt 0.069146 0.611047
vt 0.178604 0.993371
vt 0.174255 0.988188
vt 0.191928 0.988119
vt 0.493074 0.225489
vt 0.511129 0.248028
vt 0.486619 0.229200
vt 0.869561 0.769800
vt 0.825096 0.973859
vt 0.048560 0.886500
vt 0.863832 0.006954
vt 0.854027 0.006954
vt 0.857547 0.005052
vt 0.672614 0.575420
vt 0.459409 0.226285
vt 0.959856 0.098411
vt 0.961487 0.108798
vt 0.691093 0.182303
vt 0.283673 0.007313
vt 0.287343 0.005194
vt 0.295117 0.006791
vt 0.523364 0.952547
vt 0.867332 0.096840
vt 0.876121 0.776737
vt 0.826197 0.726878
vt 0.474648 0.059739
vt 0.036842 0.562720
vt 0.190012 0.481700
vt 0.185663 0.494033
vt 0.182964 0.487439
vt 0.691693 0.159844
vt 0.759315 0.083586
vt 0.772764 0.093002
vt 0.754567 0.089699
vt 0.716301 0.915451
vt 0.462049 0.305320
vt 0.332828 0.999927
vt 0.339774 0.995063
vt 0.349013 0.999934
vt 0.488194 0.248952
vt 0.507911 0.247226
vt 0.779119 0.966021
vt 0.826684 0.966021
vt 0.783944 0.978951
vt 0.935579 0.132891
vt 0.938295 0.130538
vt 0.963804 0.140001
vt 0.985521 0.058382
vt 0.969337 0.423247
vt 0.348750 0.988791
vt 0.670537 0.204354
vt 0.044404 0.500432
vt 0.038754 0.516381
vt 0.031296 0.508623
vt 0.714146 0.910376
vt 0.086396 0.072005
vt 0.083363 0.064131
vt 0.322718 0.614895
vt 0.325339 0.632476
vt 0.704164 0.162816
vt 0.014735 0.025454
vt 0.014735 0.010564
vt 0.027787 0.014121
vt 0.093545 0.676801
vt 0.087756 0.664387
vt 0.100838 0.669544
vt 0.856888 0.978996
vt 0.971376 0.690155
vt 0.870849 0.743769
vt 0.878236 0.760192
vt 0.862766 0.744256
vt 0.086168 0.065755
vt 0.041317 0.737042
vt 0.465143 0.083182
vt 0.937958 0.587604
vt 0.672839 0.004706
vt 0.683339 0.004706
vt 0.678197 0.006800
vt 0.978641 0.408608
vt 0.044086 0.944488
vt 0.987115 0.630103
vt 0.996267 0.624820
vt 0.996377 0.665325
vt 0.009784 0.950503
vt 0.015844 0.961948
vt 0.009668 0.963955
vt 0.981520 0.679048
vt 0.971950 0.677315
vt 0.984281 0.672554
vt 0.548903 0.015954
vt 0.030634 0.517077
vt 0.681426 0.062603
vt 0.712771 0.062603
vt 0.693771 0.065461
vt 0.994307 0.058166
vt 0.943659 0.863865
vt 0.930938 0.496968
vt 0.935884 0.501452
vt 0.930551 0.507503
vt 0.488527 0.238020
vt 0.961748 0.087698
vt 0.130827 0.785596
vt 0.955508 0.603027
vt 0.182057 0.461550
vt 0.712084 0.085475
vt 0.723946 0.078626
vt 0.744144 0.085956
vt 0.815270 0.970699
vt 0.809945 0.979472
vt 0.524458 0.936604
vt 0.563454 0.911852
vt 0.519933 0.229916
vt 0.738632 0.076105
vt 0.309822 0.982561
vt 0.316446 0.984972
vt 0.296360 0.985423
vt 0.837081 0.797033
vt 0.790817 0.763419
vt 0.889938 0.804158
vt 0.043390 0.745162
vt 0.038331 0.751191
vt 0.024144 0.745057
vt 0.574925 0.920781
vt 0.736398 0.079494
vt 0.227808 0.115390
vt 0.031443 0.847100
vt 0.045318 0.858521
vt 0.038578 0.863125
vt 0.231056 0.891575
vt 0.235302 0.899660
vt 0.234419 0.905349
vt 0.680041 0.220440
vt 0.074520 0.621459
vt 0.095447 0.003576
vt 0.088655 0.005782
vt 0.088645 0.001721
vt 0.507287 0.005872
vt 0.507287 0.002632
vt 0.518225 0.003946
vt 0.536972 0.992889
vt 0.525373 0.990844
vt 0.543661 0.990603
vt 0.906306 0.239120
vt 0.300342 0.475230
vt 0.038326 0.088365
vt 0.097335 0.681978
vt 0.986701 0.681319
vt 0.988886 0.665643
vt 0.990565 0.674628
vt 0.484469 0.218659
vt 0.983234 0.928574
vt 0.099366 0.983083
vt 0.097450 0.986402
vt 0.079723 0.984542
vt 0.565922 0.977819
vt 0.584476 0.966632
vt 0.577329 0.976821
vt 0.685697 0.161220
vt 0.473739 0.215290
vt 0.462217 0.085994
vt 0.662272 0.612471
vt 0.331201 0.638328
vt 0.127386 0.046652
vt 0.679360 0.151454
vt 0.412861 0.288876
vt 0.087216 0.064741
vt 0.967039 0.439212
vt 0.834329 0.098242
vt 0.835076 0.108554
vt 0.832380 0.103901
vt 0.830661 0.107326
vt 0.011228 0.950647
vt 0.618119 0.005560
vt 0.612935 0.007447
vt 0.607494 0.005865
vt 0.502667 0.980637
vt 0.825831 0.089315
vt 0.820051 0.092154
vt 0.817025 0.089133
vt 0.069170 0.806867
vt 0.076239 0.780484
vt 0.077403 0.809311
vt 0.967819 0.970783
vt 0.169696 0.680149
vt 0.970203 0.634074
vt 0.790705 0.084371
vt 0.679991 0.054275
vt 0.679553 0.048740
vt 0.680807 0.051764
vt 0.979982 0.636548
vt 0.065954 0.807179
vt 0.063682 0.796793
vt 0.070496 0.792535
vt 0.714013 0.279417
vt 0.846407 0.040565
vt 0.841072 0.041327
vt 0.842415 0.033710
vt 0.846363 0.036504
vt 0.018494 0.425590
vt 0.009520 0.425590
vt 0.017299 0.424334
vt 0.984466 0.523766
vt 0.980540 0.528809
vt 0.969971 0.519309
vt 0.979878 0.128755
vt 0.124216 0.162719
vt 0.159303 0.160757
vt 0.151634 0.167554
vt 0.908186 0.733649
vt 0.931127 0.720434
vt 0.935167 0.731534
vt 0.160778 0.671894
vt 0.789169 0.088065
vt 0.455744 0.599130
vt 0.253354 0.168406
vt 0.003919 0.168677
vt 0.717889 0.911183
vt 0.960448 0.955298
vt 0.574186 0.041992
vt 0.572170 0.754126
vt 0.563047 0.767763
vt 0.679479 0.418764
vt 0.918468 0.085580
vt 0.907740 0.104963
vt 0.907689 0.093345
vt 0.650158 0.397397
vt 0.008524 0.753179
vt 0.017989 0.749920
vt 0.010771 0.760335
vt 0.202835 0.923333
vt 0.226562 0.901070
vt 0.319356 0.352690
vt 0.039181 0.842456
vt 0.050733 0.842477
vt 0.046387 0.845817
vt 0.932649 0.513270
vt 0.590960 0.975503
vt 0.074415 0.601800
vt 0.059152 0.580792
vt 0.071054 0.582046
vt 0.766928 0.735016
vt 0.838039 0.713690
vt 0.174642 0.210256
vt 0.473750 0.725982
vt 0.977856 0.165913
vt 0.971574 0.167393
vt 0.173519 0.497334
vt 0.485011 0.725074
vt 0.440523 0.706617
vt 0.064651 0.597525
vt 0.080004 0.605805
vt 0.078263 0.609078
vt 0.650675 0.185971
vt 0.663041 0.181653
vt 0.691731 0.238012
vt 0.569441 0.029158
vt 0.034264 0.053903
vt 0.031169 0.036350
vt 0.034864 0.033641
vt 0.926144 0.592747
vt 0.925192 0.598750
vt 0.048453 0.493497
vt 0.036029 0.491306
vt 0.057518 0.490995
vt 0.084446 0.495661
vt 0.084122 0.464318
vt 0.102971 0.473584
vt 0.960284 0.578053
vt 0.123455 0.450967
vt 0.120441 0.454976
vt 0.112257 0.455692
vt 0.434653 0.985519
vt 0.418564 0.991970
vt 0.417773 0.990753
vt 0.671319 0.593621
vt 0.066857 0.562983
vt 0.065318 0.580569
vt 0.064209 0.552498
vt 0.539850 0.923484
vt 0.505281 0.956865
vt 0.961225 0.688978
vt 0.706741 0.061740
vt 0.966635 0.141100
vt 0.629646 0.064421
vt 0.613206 0.060016
vt 0.639218 0.059388
vt 0.011132 0.894091
vt 0.022974 0.892024
vt 0.024151 0.896415
vt 0.068734 0.613876
vt 0.462617 0.224422
vt 0.948432 0.953139
vt 0.984844 0.911820
vt 0.237929 0.904217
vt 0.010752 0.899225
vt 0.171831 0.169532
vt 0.172626 0.164497
vt 0.175844 0.612586
vt 0.171252 0.623676
vt 0.980696 0.519942
vt 0.976620 0.512940
vt 0.980496 0.514815
vt 0.612223 0.063593
vt 0.025266 0.899372
vt 0.718013 0.918058
vt 0.099624 0.001021
vt 0.102477 0.002668
vt 0.099644 0.007984
vt 0.505268 0.962062
vt 0.344122 0.597480
vt 0.944996 0.889951
vt 0.930088 0.890199
vt 0.995827 0.682591
vt 0.992667 0.677560
vt 0.992667 0.655478
vt 0.073826 0.780546
vt 0.840081 0.106472
vt 0.977007 0.423407
vt 0.474262 0.228170
vt 0.122766 0.908558
vt 0.119739 0.943264
vt 0.119687 0.926018
vt 0.098328 0.889262
vt 0.098328 0.910370
vt 0.095818 0.875523
vt 0.601041 0.996550
vt 0.609137 0.999496
vt 0.592464 0.999949
vt 0.077321 0.744895
vt 0.077321 0.772864
vt 0.067251 0.771604
vt 0.027718 0.863003
vt 0.181086 0.355206
vt 0.181193 0.504570
vt 0.173777 0.501613
vt 0.028462 0.824062
vt 0.023358 0.839770
vt 0.017061 0.829194
vt 0.040477 0.310622
vt 0.023555 0.310622
vt 0.031163 0.291680
vt 0.009009 0.426361
vt 0.021006 0.440073
vt 0.009009 0.436651
vt 0.917578 0.514534
vt 0.946850 0.877182
vt 0.491076 0.988429
vt 0.471834 0.988429
vt 0.491148 0.981555
vt 0.003686 0.647857
vt 0.009768 0.650693
vt 0.002238 0.650793
vt 0.057838 0.603306
vt 0.373125 0.061051
vt 0.366646 0.064776
vt 0.363844 0.061058
vt 0.580432 0.037122
vt 0.007263 0.199373
vt 0.003601 0.201938
vt 0.001241 0.199263
vt 0.384339 0.282504
vt 0.401990 0.304972
vt 0.392886 0.303055
vt 0.329997 0.676700
vt 0.319909 0.676489
vt 0.329806 0.649889
vt 0.992192 0.958238
vt 0.978606 0.966342
vt 0.175027 0.347797
vt 0.178077 0.382664
vt 0.174599 0.420587
vt 0.123934 0.943868
vt 0.706140 0.059814
vt 0.529328 0.976247
vt 0.070516 0.620004
vt 0.112914 0.451712
vt 0.226919 0.117644
vt 0.228714 0.122136
vt 0.222637 0.122667
vt 0.662870 0.609365
vt 0.088265 0.891023
vt 0.987604 0.373719
vt 0.993887 0.370789
vt 0.993403 0.412102
vt 0.933936 0.269297
vt 0.929767 0.285815
vt 0.928321 0.271345
vt 0.176489 0.249388
vt 0.037963 0.726576
vt 0.042717 0.721561
vt 0.942457 0.716576
vt 0.955246 0.733204
vt 0.432327 0.991506
vt 0.854858 0.723492
vt 0.015779 0.427325
vt 0.009812 0.859827
vt 0.002695 0.859827
vt 0.006871 0.850028
vt 0.389037 0.094303
vt 0.375922 0.090789
vt 0.403126 0.093042
vt 0.347453 0.608679
vt 0.817754 0.098563
vt 0.078278 0.638753
vt 0.004767 0.493427
vt 0.000736 0.494737
vt 0.001860 0.491756
vt 0.008189 0.690682
vt 0.003656 0.687507
vt 0.012352 0.687740
vt 0.361742 0.089524
vt 0.168185 0.465705
vt 0.177097 0.436401
vt 0.941361 0.570204
vt 0.341777 0.272769
vt 0.341861 0.266352
vt 0.164584 0.198441
vt 0.013221 0.911950
vt 0.010210 0.906518
vt 0.020806 0.900456
vt 0.194698 0.687479
vt 0.999392 0.986708
vt 0.999392 0.999785
vt 0.992537 0.988433
vt 0.054594 0.846184
vt 0.996946 0.964554
vt 0.469480 0.207200
vt 0.081893 0.087813
vt 0.086287 0.088356
vt 0.007468 0.096848
vt 0.008236 0.105845
vt 0.006178 0.097893
vt 0.263480 0.067601
vt 0.928383 0.267157
vt 0.722256 0.910371
vt 0.062148 0.234910
vt 0.071124 0.229728
vt 0.071419 0.256015
vt 0.001604 0.035053
vt 0.003899 0.028748
vt 0.003720 0.038285
vt 0.090469 0.910003
vt 0.284375 0.219343
vt 0.290688 0.232883
vt 0.263285 0.236718
vt 0.677323 0.125157
vt 0.670969 0.127470
vt 0.634833 0.126281
vt 0.087634 0.882900
vt 0.090642 0.848515
vt 0.090956 0.883351
vt 0.909361 0.001692
vt 0.909147 0.007815
vt 0.906547 0.001190
vt 0.166985 0.211517
vt 0.158439 0.201628
vt 0.990235 0.783815
vt 0.986019 0.759906
vt 0.995540 0.789376
vt 0.931256 0.582889
vt 0.326661 0.681587
vt 0.318186 0.681369
vt 0.674918 0.215643
vt 0.847462 0.091563
vt 0.861685 0.088545
vt 0.125915 0.049559
vt 0.266864 0.999730
vt 0.276617 0.997117
vt 0.282911 0.999882
vt 0.365258 0.093544
vt 0.240087 0.908485
vt 0.088064 0.697577
vt 0.038492 0.871259
vt 0.170428 0.476972
vt 0.998694 0.613298
vt 0.997125 0.607446
vt 0.998872 0.573295
vt 0.112264 0.043304
vt 0.105602 0.034676
vt 0.112264 0.032651
vt 0.933548 0.527769
vt 0.940977 0.534073
vt 0.599777 0.965652
vt 0.072386 0.781615
vt 0.324662 0.655663
vt 0.997318 0.749393
vt 0.997472 0.763748
vt 0.259522 0.190146
vt 0.327498 0.190146
vt 0.258294 0.193046
vt 0.656766 0.618000
vt 0.735706 0.919628
vt 0.752181 0.919446
vt 0.745424 0.926818
vt 0.968873 0.643096
vt 0.968523 0.641011
vt 0.966349 0.633446
vt 0.443535 0.009886
vt 0.428901 0.009886
vt 0.439021 0.008623
vt 0.038355 0.448130
vt 0.021675 0.448130
vt 0.027113 0.442315
vt 0.333117 0.493404
vt 0.011610 0.892914
vt 0.009175 0.890478
vt 0.021841 0.890860
vt 0.021084 0.717845
vt 0.028722 0.699863
vt 0.033443 0.717845
vt 0.216403 0.130347
vt 0.207743 0.137483
vt 0.213298 0.127304
vt 0.492592 0.291575
vt 0.860620 0.099507
vt 0.855552 0.101351
vt 0.861704 0.094195
vt 0.051024 0.094725
vt 0.053603 0.102347
vt 0.048999 0.102283
vt 0.522151 0.457725
vt 0.923154 0.314930
vt 0.912843 0.312441
vt 0.922969 0.309352
vt 0.938440 0.493898
vt 0.946716 0.502858
vt 0.961976 0.678265
vt 0.103633 0.493766
vt 0.106973 0.511587
vt 0.103633 0.507960
vt 0.989961 0.919088
vt 0.177435 0.159633
vt 0.993706 0.695697
vt 0.012970 0.994364
vt 0.002538 0.994364
vt 0.007624 0.988127
vt 0.488513 0.879851
vt 0.413393 0.879851
vt 0.494061 0.875527
vt 0.392948 0.015936
vt 0.382196 0.018781
vt 0.380438 0.015736
vt 0.957510 0.561473
vt 0.495117 0.711128
vt 0.060457 0.106875
vt 0.910508 0.302053
vt 0.916154 0.305555
vt 0.911538 0.307775
vt 0.047367 0.092959
vt 0.225558 0.128749
vt 0.283753 0.267244
vt 0.896942 0.787876
vt 0.860223 0.766877
vt 0.846572 0.363808
vt 0.855412 0.359076
vt 0.854326 0.383161
vt 0.054563 0.601366
vt 0.927789 0.011946
vt 0.923502 0.005824
vt 0.927923 0.002561
vt 0.068342 0.213022
vt 0.061181 0.210695
vt 0.071886 0.186678
vt 0.948292 0.963474
vt 0.218996 0.125911
vt 0.437353 0.692748
vt 0.335985 0.016531
vt 0.344106 0.019487
vt 0.320727 0.018468
vt 0.610907 0.058641
vt 0.637536 0.170696
vt 0.059957 0.842160
vt 0.560839 0.906546
vt 0.514308 0.940197
vt 0.518292 0.927957
vt 0.982099 0.999078
vt 0.078986 0.720697
vt 0.076108 0.723275
vt 0.071089 0.719761
vt 0.921723 0.056191
vt 0.897481 0.057527
vt 0.898717 0.050027
vt 0.603575 0.972795
vt 0.321936 0.276910
vt 0.100392 0.779294
vt 0.092086 0.771859
vt 0.102011 0.773253
vt 0.896404 0.760356
vt 0.217899 0.593548
vt 0.228777 0.591826
vt 0.231082 0.595117
vt 0.106047 0.450762
vt 0.853654 0.096779
vt 0.955358 0.484436
vt 0.110520 0.029539
vt 0.120312 0.028676
vt 0.997307 0.381278
vt 0.995311 0.404097
vt 0.994689 0.362786
vt 0.670650 0.167094
vt 0.672592 0.153214
vt 0.966563 0.516156
vt 0.683886 0.249530
vt 0.053320 0.994168
vt 0.060376 0.997458
vt 0.044677 0.997828
vt 0.010009 0.817953
vt 0.017232 0.809931
vt 0.017301 0.822049
vt 0.991985 0.970378
vt 0.381995 0.395669
vt 0.318265 0.360696
vt 0.071413 0.712621
vt 0.685664 0.965485
vt 0.683135 0.969464
vt 0.667416 0.969464
vt 0.582594 0.029714
vt 0.845174 0.205764
vt 0.829875 0.217210
vt 0.821391 0.215867
vt 0.047781 0.102736
vt 0.728856 0.912768
vt 0.911505 0.073389
vt 0.928251 0.082662
vt 0.303032 0.459474
vt 0.289694 0.474218
vt 0.008739 0.556542
vt 0.003709 0.551512
vt 0.013800 0.551872
vt 0.257807 0.248132
vt 0.290244 0.459141
vt 0.242315 0.899271
vt 0.864396 0.350760
vt 0.991787 0.663071
vt 0.688321 0.164187
vt 0.680457 0.170067
vt 0.102121 0.482951
vt 0.592611 0.065339
vt 0.587286 0.072943
vt 0.579831 0.059123
vt 0.012310 0.822531
vt 0.915234 0.299578
vt 0.015725 0.516818
vt 0.029298 0.516818
vt 0.018213 0.519200
vt 0.868964 0.726181
vt 0.054365 0.106964
vt 0.092103 0.779111
vt 0.008901 0.533086
vt 0.008516 0.527579
vt 0.016497 0.522942
vt 0.609764 0.061485
vt 0.534905 0.922931
vt 0.165990 0.437237
vt 0.864498 0.766411
vt 0.369433 0.016316
vt 0.514327 0.078036
vt 0.518715 0.066965
vt 0.544203 0.070095
vt 0.182138 0.713933
vt 0.195116 0.770346
vt 0.177285 0.769402
vt 0.924658 0.587265
vt 0.121111 0.006553
vt 0.126007 0.009047
vt 0.114778 0.013457
vt 0.994674 0.666012
vt 0.997823 0.666012
vt 0.996339 0.667655
vt 0.183642 0.586476
vt 0.204994 0.592451
vt 0.290925 0.995066
vt 0.286120 0.998430
vt 0.274858 0.995664
vt 0.320661 0.206586
vt 0.323162 0.202274
vt 0.388500 0.202274
vt 0.350802 0.220096
vt 0.374196 0.209582
vt 0.366833 0.218832
vt 0.992106 0.916534
vt 0.162735 0.690600
vt 0.014833 0.096256
vt 0.351534 0.217022
vt 0.310014 0.996578
vt 0.317486 0.996601
vt 0.313357 0.998919
vt 0.090960 0.698294
vt 0.817984 0.197336
vt 0.842698 0.177291
vt 0.825784 0.038517
vt 0.369446 0.017570
vt 0.380190 0.020449
vt 0.356679 0.020011
vt 0.168190 0.493630
vt 0.005359 0.099036
vt 0.000644 0.099036
vt 0.001674 0.096062
vt 0.567225 0.983809
vt 0.547211 0.983763
vt 0.564338 0.982463
vt 0.009603 0.246286
vt 0.010777 0.247460
vt 0.002730 0.247368
vt 0.960691 0.672019
vt 0.971053 0.660913
vt 0.953037 0.281281
vt 0.962975 0.276646
vt 0.953955 0.294137
vt 0.113612 0.008646
vt 0.047916 0.086662
vt 0.339407 0.008254
vt 0.352940 0.008254
vt 0.345238 0.009755
vt 0.689477 0.972880
vt 0.645350 0.975607
vt 0.328309 0.481853
vt 0.018303 0.167891
vt 0.013983 0.164002
vt 0.021772 0.161273
vt 0.002647 0.755058
vt 0.006419 0.757699
vt 0.000585 0.757569
vt 0.740184 0.013534
vt 0.731283 0.010188
vt 0.740748 0.010335
vt 0.944957 0.561650
vt 0.014707 0.535262
vt 0.009585 0.535172
vt 0.016928 0.524768
vt 0.660166 0.171960
vt 0.654515 0.167803
vt 0.664513 0.164680
vt 0.060869 0.845285
vt 0.196359 0.730362
vt 0.180154 0.221672
vt 0.156195 0.225785
vt 0.120605 0.329393
vt 0.126461 0.321030
vt 0.125402 0.340089
vt 0.063530 0.676202
vt 0.066159 0.690217
vt 0.061139 0.686557
vt 0.268080 0.065260
vt 0.020778 0.410757
vt 0.025381 0.420627
vt 0.010867 0.420448
vt 0.022679 0.699866
vt 0.908077 0.295924
vt 0.911034 0.292647
vt 0.089561 0.364080
vt 0.086661 0.358615
vt 0.099582 0.356196
vt 0.737522 0.002650
vt 0.747721 0.002650
vt 0.742734 0.005354
vt 0.609236 0.059620
vt 0.947868 0.558306
vt 0.956978 0.553890
vt 0.900274 0.084584
vt 0.888239 0.085489
vt 0.890339 0.068383
vt 0.955088 0.253696
vt 0.614668 0.977067
vt 0.528616 0.978773
vt 0.318853 0.205102
vt 0.013783 0.557909
vt 0.011121 0.559150
vt 0.005727 0.558093
vt 0.344554 0.639249
vt 0.535432 0.062035
vt 0.925878 0.305810
vt 0.650960 0.617851
vt 0.657550 0.081217
vt 0.668824 0.087907
vt 0.657781 0.087144
vt 0.658832 0.588732
vt 0.158658 0.950059
vt 0.219531 0.950059
vt 0.159750 0.954393
vt 0.090152 0.452904
vt 0.824743 0.034230
vt 0.007363 0.421104
vt 0.000641 0.421104
vt 0.001964 0.417815
vt 0.315674 0.040485
vt 0.343156 0.034341
vt 0.333724 0.040485
vt 0.530691 0.332282
vt 0.525610 0.347066
vt 0.518920 0.329959
vt 0.441339 0.008166
vt 0.456110 0.008166
vt 0.448222 0.009844
vt 0.010637 0.408287
vt 0.662253 0.078482
vt 0.671407 0.172576
vt 0.223105 0.133119
vt 0.938714 0.554664
vt 0.860027 0.130418
vt 0.124795 0.313368
vt 0.958657 0.529532
vt 0.851124 0.389802
vt 0.475923 0.917066
vt 0.468490 0.923354
vt 0.400804 0.917433
vt 0.724436 0.903012
vt 0.966868 0.019948
vt 0.944587 0.019948
vt 0.950776 0.018571
vt 0.097895 0.757427
vt 0.947039 0.129042
vt 0.954115 0.122967
vt 0.964422 0.127774
vt 0.734474 0.131771
vt 0.765264 0.134531
vt 0.753033 0.139649
vt 0.024749 0.583802
vt 0.027545 0.577522
vt 0.038282 0.593063
vt 0.926125 0.289422
vt 0.243578 0.597571
vt 0.479136 0.923070
vt 0.378350 0.284535
vt 0.948192 0.468879
vt 0.936932 0.476626
vt 0.935502 0.472013
vt 0.181613 0.433976
vt 0.224175 0.424849
vt 0.180246 0.447303
vt 0.354973 0.261226
vt 0.593759 0.990259
vt 0.592606 0.992257
vt 0.575325 0.990234
vt 0.009231 0.853266
vt 0.006085 0.843582
vt 0.018928 0.844537
vt 0.725985 0.014325
vt 0.918714 0.072625
vt 0.664852 0.210648
vt 0.103707 0.529746
vt 0.357565 0.638917
vt 0.904978 0.287980
vt 0.911602 0.314099
vt 0.904978 0.310167
vt 0.165166 0.485721
vt 0.077225 0.299531
vt 0.078853 0.296710
vt 0.077616 0.327602
vt 0.251969 0.582992
vt 0.254915 0.597693
vt 0.265656 0.184333
vt 0.289892 0.177839
vt 0.330142 0.184842
vt 0.096235 0.386009
vt 0.926931 0.051921
vt 0.546332 0.981674
vt 0.590827 0.027815
vt 0.599684 0.019208
vt 0.595592 0.026975
vt 0.135215 0.436689
vt 0.103688 0.433931
vt 0.139433 0.432746
vt 0.380563 0.221262
vt 0.945354 0.476017
vt 0.950577 0.482576
vt 0.495262 0.344159
vt 0.502426 0.323239
vt 0.021507 0.823386
vt 0.824166 0.993959
vt 0.805148 0.993959
vt 0.807217 0.990033
vt 0.771393 0.742530
vt 0.861519 0.772131
vt 0.583270 0.076363
vt 0.596583 0.070712
vt 0.579480 0.080965
vt 0.020217 0.025161
vt 0.029603 0.034355
vt 0.020049 0.039871
vt 0.933480 0.323638
vt 0.084408 0.094948
vt 0.009243 0.167118
vt 0.123345 0.034809
vt 0.508925 0.346512
vt 0.341439 0.671109
vt 0.969259 0.500427
vt 0.189988 0.464986
vt 0.613133 0.212115
vt 0.588932 0.218600
vt 0.536942 0.213527
vt 0.001810 0.733610
vt 0.005270 0.736124
vt 0.001233 0.735748
vt 0.245339 0.900093
vt 0.277905 0.921202
vt 0.030976 0.042373
vt 0.024072 0.042173
vt 0.119826 0.321964
vt 0.089608 0.354361
vt 0.955282 0.633004
vt 0.964178 0.625539
vt 0.965886 0.638003
vt 0.077701 0.694434
vt 0.691608 0.411932
vt 0.744641 0.080702
vt 0.335062 0.009806
vt 0.328178 0.009204
vt 0.341656 0.009563
vt 0.009149 0.321037
vt 0.009149 0.308277
vt 0.018364 0.311942
vt 0.931230 0.077034
vt 0.356222 0.599505
vt 0.216643 0.985745
vt 0.224450 0.981238
vt 0.236583 0.985309
vt 0.003258 0.553395
vt 0.007295 0.557160
vt 0.000709 0.555422
vt 0.138187 0.008893
vt 0.148956 0.014346
vt 0.145304 0.018856
vt 0.855830 0.627838
vt 0.856554 0.706370
vt 0.258685 0.623160
vt 0.308832 0.632871
vt 0.245307 0.639194
vt 0.978840 0.016143
vt 0.969677 0.019477
vt 0.956628 0.016040
vt 0.115026 0.327277
vt 0.744970 0.943963
vt 0.693945 0.930291
vt 0.755780 0.928473
vt 0.357262 0.952483
vt 0.417125 0.955482
vt 0.387018 0.960456
vt 0.332465 0.033552
vt 0.113710 0.316969
vt 0.125909 0.286232
vt 0.119035 0.316783
vt 0.095268 0.757107
vt 0.283090 0.297538
vt 0.240171 0.228225
vt 0.266762 0.264060
vt 0.132414 0.294826
vt 0.132414 0.355999
vt 0.129717 0.327416
vt 0.116023 0.320571
vt 0.879674 0.067131
vt 0.872615 0.080715
vt 0.966405 0.297080
vt 0.357714 0.956737
vt 0.670442 0.067849
vt 0.688762 0.065274
vt 0.658912 0.076297
vt 0.365677 0.958998
vt 0.664262 0.595541
vt 0.319603 0.201118
vt 0.261411 0.254852
vt 0.130254 0.698314
vt 0.130937 0.678381
vt 0.137380 0.685970
vt 0.071427 0.674642
vt 0.905902 0.029225
vt 0.909419 0.030505
vt 0.884478 0.030805
vt 0.820831 0.103640
vt 0.809384 0.107617
vt 0.799199 0.101760
vt 0.610115 0.073124
vt 0.610920 0.035516
vt 0.608838 0.032544
vt 0.635784 0.032518
vt 0.112514 0.381724
vt 0.047097 0.108936
vt 0.747694 0.086856
vt 0.858029 0.762555
vt 0.148939 0.007157
vt 0.355332 0.225028
vt 0.515890 0.031649
vt 0.543139 0.031649
vt 0.528750 0.034884
vt 0.244210 0.130647
vt 0.990171 0.915549
vt 0.467489 0.006389
vt 0.457060 0.005962
vt 0.456473 0.003770
vt 0.121047 0.313254
vt 0.950063 0.645751
vt 0.009239 0.156821
vt 0.015102 0.156500
vt 0.021276 0.160509
vt 0.803531 0.087600
vt 0.067822 0.360862
vt 0.065357 0.389031
vt 0.064244 0.360343
vt 0.155170 0.988639
vt 0.166355 0.988639
vt 0.148803 0.993216
vt 0.160750 0.239387
vt 0.465300 0.003616
vt 0.135160 0.716246
vt 0.694320 0.978987
vt 0.096713 0.750675
vt 0.950568 0.521775
vt 0.874139 0.057413
vt 0.867460 0.056235
vt 0.882921 0.050642
vt 0.899678 0.283654
vt 0.949970 0.617418
vt 0.077517 0.974245
vt 0.052048 0.974245
vt 0.052758 0.971228
vt 0.284185 0.243130
vt 0.906945 0.263626
vt 0.066965 0.542126
vt 0.065361 0.542297
vt 0.064100 0.527889
vt 0.963798 0.498343
vt 0.957006 0.501768
vt 0.953706 0.491479
vt 0.873705 0.069375
vt 0.607502 0.065108
vt 0.364977 0.610896
vt 0.412982 0.218769
vt 0.320423 0.458575
vt 0.785663 0.060447
vt 0.814679 0.060241
vt 0.789538 0.064321
vt 0.347705 0.922954
vt 0.362097 0.889733
vt 0.360775 0.912143
vt 0.461774 0.571733
vt 0.002114 0.061058
vt 0.010392 0.061058
vt 0.007626 0.063504
vt 0.739332 0.905221
vt 0.648375 0.074674
vt 0.678672 0.249533
vt 0.517478 0.014342
vt 0.506285 0.010268
vt 0.521229 0.010170
vt 0.443349 0.224448
vt 0.748865 0.909481
vt 0.757924 0.911372
vt 0.333891 0.207339
vt 0.137299 0.668956
vt 0.372610 0.961369
vt 0.074414 0.779706
vt 0.059428 0.779248
vt 0.060719 0.774721
vt 0.077371 0.773571
vt 0.361187 0.680636
vt 0.825928 0.371909
vt 0.847048 0.360444
vt 0.083701 0.213798
vt 0.084884 0.200277
vt 0.084004 0.232940
vt 0.113692 0.374968
vt 0.054807 0.141150
vt 0.043781 0.156703
vt 0.041687 0.148126
vt 0.540757 0.976014
vt 0.989364 0.649550
vt 0.993669 0.957876
vt 0.999328 0.956037
vt 0.997794 0.962922
vt 0.005425 0.696695
vt 0.000578 0.696695
vt 0.004823 0.694000
vt 0.015997 0.362971
vt 0.017166 0.364996
vt 0.008102 0.364550
vt 0.941004 0.297125
vt 0.066527 0.526475
vt 0.019415 0.312840
vt 0.016947 0.325479
vt 0.015534 0.319300
vt 0.067862 0.663460
vt 0.363931 0.962475
vt 0.977425 0.264859
vt 0.575387 0.007393
vt 0.575387 0.003112
vt 0.586193 0.005705
vt 0.244013 0.132055
vt 0.348723 0.229774
vt 0.058886 0.151757
vt 0.011243 0.804069
vt 0.015196 0.797859
vt 0.014373 0.804398
vt 0.614776 0.026665
vt 0.016585 0.624183
vt 0.011634 0.625603
vt 0.019475 0.621029
vt 0.367795 0.228087
vt 0.246399 0.895116
vt 0.297701 0.091004
vt 0.319811 0.090968
vt 0.317135 0.094431
vt 0.023234 0.325363
vt 0.031745 0.313207
vt 0.035656 0.330634
vt 0.783620 0.062305
vt 0.165249 0.993351
vt 0.020336 0.696771
vt 0.014249 0.693933
vt 0.028272 0.693924
vt 0.786734 0.733611
vt 0.845249 0.749631
vt 0.195300 0.577968
vt 0.977892 0.773627
vt 0.973553 0.797818
vt 0.967581 0.782278
vt 0.142779 0.069190
vt 0.171685 0.066661
vt 0.174379 0.070907
vt 0.019349 0.806455
vt 0.009165 0.813855
vt 0.010659 0.806468
vt 0.000153 0.627258
vt 0.000153 0.623868
vt 0.005350 0.624199
vt 0.957713 0.521251
vt 0.228233 0.452137
vt 0.123743 0.302232
vt 0.646322 0.082094
vt 0.954226 0.471049
vt 0.580677 0.086431
vt 0.548387 0.086431
vt 0.550782 0.081153
vt 0.332556 0.089662
vt 0.242913 0.263940
vt 0.948571 0.645033
vt 0.301323 0.997266
vt 0.268617 0.982821
vt 0.249599 0.982821
vt 0.248641 0.981161
vt 0.941347 0.294216
vt 0.262886 0.999884
vt 0.246869 0.999884
vt 0.249015 0.994613
vt 0.003924 0.965038
vt 0.003924 0.968929
vt 0.001078 0.967087
vt 0.481773 0.319319
vt 0.501707 0.303772
vt 0.521727 0.007479
vt 0.510789 0.007479
vt 0.513488 0.005528
vt 0.838279 0.396101
vt 0.846874 0.395696
vt 0.092890 0.744968
vt 0.735848 0.997170
vt 0.741775 0.999328
vt 0.724958 0.998597
vt 0.494188 0.015647
vt 0.488951 0.020372
vt 0.482890 0.016872
vt 0.003602 0.924546
vt 0.009405 0.924477
vt 0.006721 0.926000
vt 0.082415 0.956848
vt 0.078820 0.956214
vt 0.083456 0.948865
vt 0.630426 0.012168
vt 0.621975 0.014432
vt 0.635587 0.010058
vt 0.051305 0.021987
vt 0.050766 0.015494
vt 0.053263 0.018596
vt 0.117941 0.377855
vt 0.009460 0.616631
vt 0.015371 0.615947
vt 0.237644 0.137164
vt 0.113659 0.323243
vt 0.956634 0.610249
vt 0.001003 0.025606
vt 0.003999 0.023734
vt 0.001110 0.032794
vt 0.559000 0.776310
vt 0.993726 0.970421
vt 0.996554 0.968048
vt 0.999270 0.970266
vt 0.864108 0.074415
vt 0.955010 0.998899
vt 0.947109 0.995215
vt 0.964346 0.994597
vt 0.478382 0.980206
vt 0.492679 0.980206
vt 0.499106 0.981275
vt 0.260996 0.575213
vt 0.255675 0.580534
vt 0.239653 0.550982
vt 0.850453 0.998518
vt 0.863216 0.999635
vt 0.846139 0.999981
vt 0.819926 0.035478
vt 0.637154 0.014954
vt 0.008883 0.421919
vt 0.012494 0.424004
vt 0.004015 0.423767
vt 0.768480 0.140328
vt 0.792645 0.218406
vt 0.167157 0.701390
vt 0.162933 0.158287
vt 0.176971 0.155210
vt 0.170570 0.158955
vt 0.004326 0.724789
vt 0.000676 0.724789
vt 0.002514 0.720433
vt 0.331842 0.985134
vt 0.347922 0.983728
vt 0.352000 0.985757
vt 0.111924 0.358639
vt 0.604829 0.088150
vt 0.626939 0.090425
vt 0.604829 0.090390
vt 0.343161 0.215220
vt 0.037681 0.604778
vt 0.049361 0.613264
vt 0.035289 0.609935
vt 0.183537 0.214496
vt 0.177805 0.214214
vt 0.181203 0.207721
vt 0.004759 0.824750
vt 0.002245 0.824750
vt 0.003173 0.823074
vt 0.991151 0.649873
vt 0.115668 0.425873
vt 0.121843 0.431055
vt 0.088262 0.429540
vt 0.294758 0.094015
vt 0.967614 0.994517
vt 0.984862 0.994517
vt 0.978318 0.996978
vt 0.065722 0.554565
vt 0.483873 0.335779
vt 0.567528 0.966079
vt 0.575192 0.966264
vt 0.578138 0.969210
vt 0.002692 0.983653
vt 0.002692 0.977885
vt 0.010729 0.988798
vt 0.008634 0.186789
vt 0.009262 0.191901
vt 0.004568 0.187007
vt 0.248985 0.132227
vt 0.029385 0.403797
vt 0.037403 0.404640
vt 0.026629 0.419614
vt 0.287951 0.034219
vt 0.302411 0.034245
vt 0.294064 0.037069
vt 0.021273 0.794401
vt 0.302874 0.606870
vt 0.311125 0.617952
vt 0.079089 0.857244
vt 0.076547 0.828187
vt 0.080031 0.827098
vt 0.721466 0.005831
vt 0.725258 0.003572
vt 0.731745 0.005933
vt 0.364353 0.269128
vt 0.955622 0.513891
vt 0.010815 0.977685
vt 0.009523 0.980755
vt 0.911737 0.900906
vt 0.891797 0.928751
vt 0.909627 0.887072
vt 0.144322 0.977889
vt 0.121461 0.975533
vt 0.132081 0.969317
vt 0.743533 0.006450
vt 0.751489 0.003555
vt 0.753715 0.006380
vt 0.087442 0.969068
vt 0.086663 0.946523
vt 0.104432 0.940056
vt 0.901977 0.934666
vt 0.995557 0.689809
vt 0.996346 0.687380
vt 0.998940 0.689182
vt 0.563408 0.968938
vt 0.031680 0.602344
vt 0.834855 0.002717
vt 0.834667 0.006787
vt 0.824975 0.006787
vt 0.053286 0.009529
vt 0.190766 0.417428
vt 0.731760 0.003632
vt 0.731767 0.892639
vt 0.103954 0.962922
vt 0.099838 0.974401
vt 0.356634 0.956782
vt 0.356933 0.960639
vt 0.354084 0.961402
vt 0.910484 0.494934
vt 0.910942 0.555600
vt 0.908023 0.501695
vt 0.987935 0.640842
vt 0.016794 0.889235
vt 0.007719 0.889235
vt 0.008368 0.886653
vt 0.742258 0.007268
vt 0.731979 0.007268
vt 0.735178 0.002737
vt 0.010294 0.804355
vt 0.002713 0.804355
vt 0.003567 0.801948
vt 0.431846 0.644872
vt 0.762978 0.142188
vt 0.733447 0.992280
vt 0.751544 0.990697
vt 0.752295 0.993796
vt 0.061271 0.064623
vt 0.060228 0.052701
vt 0.067617 0.074803
vt 0.008369 0.932952
vt 0.999281 0.483385
vt 0.999481 0.485678
vt 0.995891 0.483448
vt 0.907967 0.493424
vt 0.902294 0.004243
vt 0.897981 0.007263
vt 0.892604 0.004413
vt 0.019912 0.362868
vt 0.120771 0.045362
vt 0.470294 0.016483
vt 0.239624 0.983981
vt 0.226640 0.980502
vt 0.246596 0.981005
vt 0.009239 0.135300
vt 0.016667 0.135300
vt 0.007248 0.139004
vt 0.512109 0.136924
vt 0.500863 0.141690
vt 0.501419 0.138196
vt 0.077168 0.927093
vt 0.084913 0.928164
vt 0.848530 0.746318
vt 0.007168 0.624832
vt 0.008455 0.628795
vt 0.001049 0.628409
vt 0.373996 0.647797
vt 0.086605 0.910531
vt 0.100088 0.912822
vt 0.097678 0.927585
vt 0.132431 0.659942
vt 0.041796 0.166003
vt 0.016217 0.137671
vt 0.985507 0.118467
vt 0.761743 0.998964
vt 0.749969 0.994764
vt 0.762049 0.995472
vt 0.212735 0.310236
vt 0.219781 0.292771
vt 0.214701 0.313467
vt 0.896922 0.056934
vt 0.067836 0.048759
vt 0.951826 0.600872
vt 0.035795 0.312187
vt 0.979744 0.280169
vt 0.010904 0.066990
vt 0.002603 0.066990
vt 0.006211 0.064576
vt 0.003470 0.699798
vt 0.001073 0.697401
vt 0.006931 0.697412
vt 0.906803 0.550215
vt 0.902101 0.487304
vt 0.906803 0.496231
vt 0.062865 0.163714
vt 0.060801 0.663615
vt 0.061263 0.660047
vt 0.077353 0.661454
vt 0.001269 0.472274
vt 0.004948 0.473469
vt 0.000116 0.476740
vt 0.011600 0.323518
vt 0.283612 0.035028
vt 0.030173 0.995100
vt 0.045865 0.995100
vt 0.042913 0.997897
vt 0.905675 0.488037
vt 0.030599 0.826254
vt 0.030599 0.805061
vt 0.033433 0.818201
vt 0.371286 0.653788
vt 0.019265 0.139337
vt 0.901357 0.266466
vt 0.911194 0.944844
vt 0.897268 0.939423
vt 0.959549 0.457983
vt 0.965818 0.458882
vt 0.325661 0.032875
vt 0.310241 0.030156
vt 0.337582 0.030802
vt 0.766790 0.994532
vt 0.799681 0.105997
vt 0.151904 0.763841
vt 0.146624 0.734146
vt 0.165031 0.707858
vt 0.926977 0.151893
vt 0.878552 0.136604
vt 0.922930 0.136790
vt 0.323247 0.612861
vt 0.329981 0.604932
vt 0.009039 0.629676
vt 0.372083 0.659673
vt 0.121499 0.909623
vt 0.120751 0.911994
vt 0.117446 0.912836
vt 0.643795 0.087664
vt 0.118503 0.942034
vt 0.103423 0.938919
vt 0.108283 0.919971
vt 0.125770 0.042834
vt 0.826555 0.002828
vt 0.113804 0.917552
vt 0.087009 0.944304
vt 0.003955 0.634532
vt 0.003955 0.638604
vt 0.000547 0.634755
vt 0.002659 0.299858
vt 0.001141 0.295304
vt 0.006363 0.295304
vt 0.030598 0.594358
vt 0.045940 0.594358
vt 0.032371 0.595737
vt 0.269425 0.601006
vt 0.261170 0.611076
vt 0.265068 0.591734
vt 0.002448 0.815997
vt 0.006332 0.816269
vt 0.001672 0.819820
vt 0.343994 0.225329
vt 0.320398 0.219284
vt 0.269797 0.258254
vt 0.151882 0.153201
vt 0.373150 0.600426
vt 0.378063 0.612917
vt 0.274670 0.595351
vt 0.969481 0.803330
vt 0.114226 0.925681
vt 0.480521 0.168200
vt 0.481156 0.146449
vt 0.484593 0.172416
vt 0.087993 0.001633
vt 0.087993 0.008915
vt 0.084093 0.001590
vt 0.350542 0.085585
vt 0.353251 0.089454
vt 0.332514 0.088848
vt 0.336493 0.961610
vt 0.335891 0.957079
vt 0.256250 0.597174
vt 0.008327 0.733651
vt 0.007089 0.736306
vt 0.004047 0.732929
vt 0.130016 0.030288
vt 0.872101 0.990505
vt 0.891281 0.990017
vt 0.881319 0.992975
vt 0.770405 0.132284
vt 0.205812 0.030850
vt 0.218125 0.028679
vt 0.233407 0.030662
vt 0.904407 0.247682
vt 0.912728 0.259216
vt 0.950501 0.504490
vt 0.156310 0.764673
vt 0.339443 0.855054
vt 0.162790 0.768381
vt 0.051101 0.091990
vt 0.051639 0.076559
vt 0.059455 0.100029
vt 0.877580 0.004515
vt 0.881325 0.005386
vt 0.880559 0.007491
vt 0.012962 0.733009
vt 0.291759 0.040455
vt 0.529415 0.969389
vt 0.996990 0.329759
vt 0.996990 0.371092
vt 0.994006 0.331055
vt 0.001243 0.189134
vt 0.124680 0.157840
vt 0.283073 0.259707
vt 0.005765 0.529237
vt 0.001739 0.526853
vt 0.005138 0.526897
vt 0.003825 0.976955
vt 0.000177 0.976955
vt 0.003801 0.974020
vt 0.125958 0.967792
vt 0.121446 0.957203
vt 0.637329 0.080799
vt 0.359474 0.086878
vt 0.353318 0.083770
vt 0.739200 0.063869
vt 0.731080 0.061694
vt 0.762166 0.062429
vt 0.163821 0.767224
vt 0.193377 0.407438
vt 0.215113 0.408757
vt 0.036333 0.699242
vt 0.020696 0.699242
vt 0.027509 0.695455
vt 0.011673 0.086812
vt 0.020212 0.087860
vt 0.010637 0.091930
vt 0.018629 0.084205
vt 0.285058 0.039468
vt 0.277178 0.034082
vt 0.005386 0.479702
vt 0.329201 0.960914
vt 0.874186 0.092949
vt 0.004248 0.301995
vt 0.889987 0.992356
vt 0.886229 0.935847
vt 0.874477 0.935961
vt 0.401174 0.604393
vt 0.390209 0.614243
vt 0.388820 0.602782
vt 0.357966 0.083633
vt 0.995516 0.487600
vt 0.303039 0.562032
vt 0.462378 0.136239
vt 0.869361 0.941693
vt 0.854646 0.944323
vt 0.112036 0.920445
vt 0.790911 0.065432
vt 0.806786 0.062632
vt 0.821896 0.065239
vt 0.081150 0.610290
vt 0.081150 0.579305
vt 0.084433 0.592989
vt 0.054655 0.480646
vt 0.052161 0.468912
vt 0.062896 0.457323
vt 0.246974 0.548900
vt 0.452870 0.020317
vt 0.444264 0.019564
vt 0.453583 0.016202
vt 0.882231 0.239565
vt 0.837870 0.252117
vt 0.867368 0.235639
vt 0.910900 0.395190
vt 0.910407 0.400827
vt 0.908390 0.379954
vt 0.153694 0.005014
vt 0.156603 0.002742
vt 0.157567 0.007393
vt 0.002487 0.797496
vt 0.006481 0.799803
vt 0.000522 0.799695
vt 0.986621 0.054658
vt 0.992869 0.054658
vt 0.990561 0.055397
vt 0.009248 0.154148
vt 0.225027 0.228272
vt 0.185315 0.205348
vt 0.226133 0.573948
vt 0.986928 0.123119
vt 0.372422 0.670086
vt 0.008776 0.535665
vt 0.001729 0.533375
vt 0.007335 0.532369
vt 0.476573 0.170974
vt 0.274877 0.037840
vt 0.891053 0.146655
vt 0.949963 0.185133
vt 0.949882 0.190790
vt 0.944484 0.210937
vt 0.949119 0.014943
vt 0.957508 0.009069
vt 0.963337 0.014611
vt 0.246424 0.016330
vt 0.238819 0.018949
vt 0.246070 0.009065
vt 0.486175 0.343205
vt 0.370779 0.693290
vt 0.376409 0.675275
vt 0.748928 0.897345
vt 0.270473 0.425433
vt 0.270957 0.417784
vt 0.275504 0.416009
vt 0.003167 0.536863
vt 0.008856 0.536962
vt 0.010340 0.541676
vt 0.908171 0.424834
vt 0.903665 0.417494
vt 0.326954 0.955112
vt 0.902688 0.403678
vt 0.331684 0.084421
vt 0.756044 0.895705
vt 0.059277 0.988556
vt 0.062902 0.981123
vt 0.065628 0.992864
vt 0.033814 0.059394
vt 0.033025 0.068964
vt 0.031719 0.063886
vt 0.002358 0.522789
vt 0.022379 0.083158
vt 0.003971 0.629434
vt 0.003971 0.633698
vt 0.000531 0.632940
vt 0.007783 0.711077
vt 0.010258 0.716637
vt 0.003249 0.711830
vt 0.904788 0.430024
vt 0.325902 0.912894
vt 0.288656 0.922634
vt 0.272720 0.872042
vt 0.290914 0.873510
vt 0.945274 0.182032
vt 0.946658 0.161249
vt 0.491768 0.006921
vt 0.484246 0.003414
vt 0.495244 0.003084
vt 0.983931 0.288874
vt 0.251473 0.575795
vt 0.274602 0.431149
vt 0.330623 0.003509
vt 0.331866 0.007497
vt 0.327755 0.007497
vt 0.076791 0.991950
vt 0.152588 0.001611
vt 0.948272 0.106576
vt 0.202271 0.994822
vt 0.212580 0.994688
vt 0.207357 0.997194
vt 0.980456 0.465453
vt 0.972321 0.485189
vt 0.194415 0.012190
vt 0.201576 0.016324
vt 0.189119 0.016119
vt 0.274525 0.400011
vt 0.274881 0.393873
vt 0.277904 0.393997
vt 0.968702 0.446777
vt 0.267846 0.457744
vt 0.130004 0.040206
vt 0.908498 0.432843
vt 0.866661 0.059568
vt 0.867018 0.070082
vt 0.864319 0.063911
vt 0.889334 0.062703
vt 0.920465 0.088508
vt 0.946398 0.086104
vt 0.931408 0.091854
vt 0.902150 0.439545
vt 0.065834 0.311765
vt 0.065153 0.321511
vt 0.058307 0.311699
vt 0.323368 0.089136
vt 0.211068 0.198146
vt 0.229482 0.208236
vt 0.201076 0.195278
vt 0.887302 0.004987
vt 0.002062 0.038242
vt 0.003941 0.043406
vt 0.002188 0.047801
vt 0.033333 0.936457
vt 0.020194 0.936457
vt 0.021123 0.933978
vt 0.296894 0.961847
vt 0.321363 0.876320
vt 0.861041 0.071998
vt 0.997835 0.388407
vt 0.997835 0.429502
vt 0.994661 0.422854
vt 0.317778 0.446941
vt 0.789449 0.394781
vt 0.777499 0.385538
vt 0.793995 0.393492
vt 0.277290 0.401617
vt 0.005393 0.522896
vt 0.604082 0.041277
vt 0.577008 0.041277
vt 0.590864 0.037763
vt 0.294375 0.971150
vt 0.307210 0.967711
vt 0.340443 0.971258
vt 0.429858 0.016925
vt 0.994697 0.717966
vt 0.996799 0.718946
vt 0.996139 0.739763
vt 0.054406 0.976674
vt 0.063949 0.979231
vt 0.042104 0.979304
vt 0.883370 0.150592
vt 0.319396 0.927359
vt 0.506742 0.003205
vt 0.498272 0.005474
vt 0.495760 0.002530
vt 0.601276 0.099528
vt 0.566814 0.096513
vt 0.605772 0.095569
vt 0.530208 0.429821
vt 0.934865 0.027502
vt 0.922868 0.022751
vt 0.932995 0.020522
vt 0.704949 0.002579
vt 0.709700 0.002584
vt 0.708301 0.006425
vt 0.767913 0.144676
vt 0.867249 0.092304
vt 0.978622 0.459974
vt 0.198630 0.996345
vt 0.011723 0.577513
vt 0.025796 0.577513
vt 0.024051 0.582067
vt 0.929873 0.162417
vt 0.805008 0.201657
vt 0.023967 0.234042
vt 0.014445 0.239539
vt 0.010050 0.233698
vt 0.312715 0.853531
vt 0.999417 0.884331
vt 0.995180 0.869482
vt 0.999387 0.863474
vt 0.014658 0.091896
vt 0.119922 0.971660
vt 0.110349 0.946622
vt 0.000673 0.505876
vt 0.005775 0.505876
vt 0.005830 0.512633
vt 0.303615 0.006086
vt 0.305583 0.003164
vt 0.312619 0.007226
vt 0.075725 0.006314
vt 0.070049 0.002190
vt 0.077025 0.002430
vt 0.003649 0.761893
vt 0.013860 0.761893
vt 0.006560 0.771374
vt 0.016120 0.043537
vt 0.031404 0.043537
vt 0.018729 0.047008
vt 0.076740 0.264711
vt 0.077901 0.275751
vt 0.065998 0.265133
vt 0.987833 0.695226
vt 0.991872 0.710060
vt 0.987418 0.722296
vt 0.129743 0.984870
vt 0.135009 0.993991
vt 0.117117 0.993872
vt 0.742215 0.890976
vt 0.825497 0.393380
vt 0.814157 0.375307
vt 0.211765 0.998308
vt 0.790435 0.087155
vt 0.123159 0.984498
vt 0.046999 0.778199
vt 0.042077 0.791721
vt 0.042046 0.767558
vt 0.134395 0.882294
vt 0.114230 0.883354
vt 0.119653 0.872306
vt 0.072102 0.927018
vt 0.075182 0.929830
vt 0.072396 0.930380
vt 0.999258 0.921106
vt 0.997916 0.925236
vt 0.992738 0.920687
vt 0.245926 0.566389
vt 0.976805 0.818169
vt 0.863877 0.231143
vt 0.307256 0.267450
vt 0.295777 0.272462
vt 0.295351 0.267312
vt 0.001606 0.309521
vt 0.002050 0.314199
vt 0.001082 0.316274
vt 0.900506 0.373862
vt 0.072877 0.933379
vt 0.694786 0.003443
vt 0.689878 0.002578
vt 0.700317 0.002560
vt 0.019006 0.090650
vt 0.598612 0.985334
vt 0.577476 0.985334
vt 0.585189 0.980149
vt 0.032227 0.048595
vt 0.344964 0.242386
vt 0.763162 0.366081
vt 0.107929 0.484591
vt 0.105155 0.480104
vt 0.103677 0.471719
vt 0.183712 0.199889
vt 0.227814 0.217642
vt 0.434017 0.984838
vt 0.413407 0.984838
vt 0.424377 0.980145
vt 0.051693 0.775637
vt 0.327343 0.925274
vt 0.076520 0.934283
vt 0.276561 0.449008
vt 0.006036 0.080596
vt 0.016321 0.083624
vt 0.009219 0.085690
vt 0.008392 0.307887
vt 0.005376 0.312041
vt 0.214576 0.995809
vt 0.045387 0.646665
vt 0.041089 0.638912
vt 0.058460 0.652234
vt 0.104435 0.492609
vt 0.082812 0.607819
vt 0.085820 0.615060
vt 0.079763 0.622278
vt 0.009492 0.004175
vt 0.009492 0.013834
vt 0.004515 0.008594
vt 0.189825 0.006684
vt 0.192616 0.008361
vt 0.187322 0.010479
vt 0.682951 0.115521
vt 0.701307 0.115377
vt 0.719865 0.128372
vt 0.276085 0.265078
vt 0.008267 0.311906
vt 0.009917 0.090990
vt 0.003689 0.089016
vt 0.239009 0.251450
vt 0.797035 0.378793
vt 0.372816 0.263394
vt 0.172628 0.999349
vt 0.171034 0.994648
vt 0.175503 0.996474
vt 0.993341 0.923546
vt 0.055864 0.641077
vt 0.051407 0.634830
vt 0.051464 0.631551
vt 0.140106 0.660566
vt 0.152905 0.680749
vt 0.145547 0.681694
vt 0.179802 0.566735
vt 0.412777 0.985575
vt 0.430645 0.985575
vt 0.419128 0.988411
vt 0.949953 0.234444
vt 0.955070 0.242059
vt 0.951863 0.247614
vt 0.859091 0.019564
vt 0.873171 0.019993
vt 0.873171 0.025367
vt 0.052212 0.660696
vt 0.468713 0.995676
vt 0.466363 0.997321
vt 0.452247 0.995874
vt 0.759847 0.045230
vt 0.765389 0.061323
vt 0.743431 0.046524
vt 0.748140 0.886088
vt 0.006758 0.579861
vt 0.006656 0.576941
vt 0.014854 0.580137
vt 0.999395 0.974164
vt 0.999349 0.985316
vt 0.995083 0.985316
vt 0.982365 0.076451
vt 0.999390 0.074662
vt 0.981600 0.087419
vt 0.301188 0.007341
vt 0.007005 0.186060
vt 0.003652 0.184125
vt 0.009354 0.184132
vt 0.043769 0.069965
vt 0.048190 0.057819
vt 0.059412 0.069916
vt 0.069384 0.279129
vt 0.061169 0.269150
vt 0.221454 0.325076
vt 0.005424 0.683312
vt 0.000079 0.683312
vt 0.000152 0.678369
vt 0.480747 0.336484
vt 0.750411 0.346413
vt 0.404461 0.015719
vt 0.403412 0.021673
vt 0.396352 0.016211
vt 0.013470 0.240891
vt 0.003033 0.240676
vt 0.008187 0.233346
vt 0.415989 0.004063
vt 0.405422 0.007497
vt 0.406936 0.003509
vt 0.297860 0.007446
vt 0.292684 0.003103
vt 0.304115 0.003059
vt 0.022309 0.755953
vt 0.020413 0.766707
vt 0.020212 0.749051
vt 0.192868 0.003027
vt 0.106797 0.496667
vt 0.059262 0.665092
vt 0.065844 0.664862
vt 0.058218 0.688315
vt 0.880219 0.022419
vt 0.010132 0.648757
vt 0.010036 0.643262
vt 0.020479 0.640388
vt 0.638529 0.161254
vt 0.657672 0.146510
vt 0.659636 0.159035
vt 0.652982 0.166426
vt 0.073952 0.187104
vt 0.076986 0.198294
vt 0.076986 0.216098
vt 0.001132 0.676452
vt 0.009873 0.676452
vt 0.007606 0.684229
vt 0.056523 0.631298
vt 0.252046 0.614685
vt 0.361496 0.982357
vt 0.366658 0.983267
vt 0.357830 0.985364
vt 0.289396 0.260328
vt 0.008423 0.316426
vt 0.299972 0.262496
vt 0.043899 0.424009
vt 0.049809 0.420154
vt 0.052844 0.422050
vt 0.130611 0.865089
vt 0.973740 0.821579
vt 0.976338 0.834464
vt 0.968634 0.836529
vt 0.283191 0.023654
vt 0.276281 0.027763
vt 0.279733 0.024581
vt 0.776339 0.423973
vt 0.085648 0.638804
vt 0.775781 0.146868
vt 0.771826 0.055325
vt 0.159664 0.998833
vt 0.369067 0.245298
vt 0.012499 0.378067
vt 0.005009 0.378067
vt 0.008777 0.366805
vt 0.027899 0.160650
vt 0.027899 0.180020
vt 0.025628 0.168856
vt 0.235247 0.253929
vt 0.338179 0.246705
vt 0.831018 0.401342
vt 0.758693 0.889750
vt 0.697331 0.020206
vt 0.703691 0.021910
vt 0.694852 0.024301
vt 0.346198 0.982119
vt 0.002336 0.537820
vt 0.008319 0.542167
vt 0.001686 0.542720
vt 0.026965 0.007808
vt 0.017557 0.007808
vt 0.019230 0.004198
vt 0.106968 0.460812
vt 0.011746 0.541551
vt 0.010176 0.536989
vt 0.020340 0.545052
vt 0.988357 0.007497
vt 0.985130 0.008484
vt 0.987265 0.001521
vt 0.825193 0.242090
vt 0.839871 0.008239
vt 0.831542 0.011271
vt 0.825462 0.008642
vt 0.716818 0.021366
vt 0.052698 0.313433
vt 0.059515 0.322193
vt 0.897330 0.165796
vt 0.125412 0.849013
vt 0.693387 0.019721
vt 0.325480 0.259185
vt 0.338624 0.253002
vt 0.955161 0.251007
vt 0.464901 0.598772
vt 0.886395 0.044318
vt 0.898425 0.045371
vt 0.881013 0.048778
vt 0.924129 0.026690
vt 0.009259 0.660155
vt 0.001746 0.662596
vt 0.002000 0.659565
vt 0.051122 0.623812
vt 0.070201 0.940443
vt 0.002538 0.234070
vt 0.715261 0.005030
vt 0.257002 0.197593
vt 0.663310 0.199775
vt 0.632167 0.200462
vt 0.595819 0.187232
vt 0.008194 0.334281
vt 0.008264 0.338246
vt 0.002242 0.339056
vt 0.939422 0.049416
vt 0.911503 0.049416
vt 0.929985 0.043130
vt 0.912531 0.098988
vt 0.077373 0.955923
vt 0.464561 0.985402
vt 0.443893 0.985402
vt 0.455489 0.980581
vt 0.179606 0.086397
vt 0.195441 0.068703
vt 0.198648 0.070267
vt 0.395859 0.021800
vt 0.931854 0.175552
vt 0.919966 0.173146
vt 0.018039 0.140805
vt 0.022396 0.142837
vt 0.009119 0.142430
vt 0.982519 0.071636
vt 0.995970 0.071636
vt 0.984232 0.073937
vt 0.654680 0.193030
vt 0.339078 0.004274
vt 0.213206 0.359647
vt 0.214177 0.355147
vt 0.226535 0.364945
vt 0.043214 0.428962
vt 0.045792 0.424884
vt 0.053854 0.427196
vt 0.277192 0.032850
vt 0.300314 0.033374
vt 0.280428 0.481565
vt 0.067502 0.859366
vt 0.051205 0.856492
vt 0.076359 0.856551
vt 0.031553 0.476058
vt 0.037210 0.472550
vt 0.043884 0.474979
vt 0.914839 0.029725
vt 0.934927 0.029725
vt 0.909995 0.030805
vt 0.889583 0.005075
vt 0.895292 0.007153
vt 0.885598 0.007431
vt 0.031893 0.953810
vt 0.023725 0.953810
vt 0.027984 0.944631
vt 0.591814 0.036639
vt 0.618791 0.036639
vt 0.611563 0.041900
vt 0.153108 0.058029
vt 0.145416 0.066360
vt 0.144763 0.062099
vt 0.419852 0.976797
vt 0.442561 0.969888
vt 0.439882 0.979257
vt 0.064005 0.490004
vt 0.051627 0.489975
vt 0.050601 0.478239
vt 0.039390 0.469915
vt 0.070321 0.955418
vt 0.948697 0.298299
vt 0.952330 0.314253
vt 0.948789 0.312224
vt 0.160162 0.996941
vt 0.262363 0.005461
vt 0.265245 0.003043
vt 0.273905 0.005265
vt 0.103889 0.980588
vt 0.093655 0.981484
vt 0.084205 0.979997
vt 0.168894 0.050118
vt 0.149890 0.055407
vt 0.159496 0.049698
vt 0.933213 0.195763
vt 0.936804 0.192750
vt 0.933703 0.212598
vt 0.990825 0.683997
vt 0.962171 0.251917
vt 0.954974 0.002015
vt 0.954974 0.005989
vt 0.947978 0.002431
vt 0.857150 0.025959
vt 0.396010 0.003405
vt 0.391139 0.007492
vt 0.384880 0.003013
vt 0.877329 0.044269
vt 0.870459 0.048064
vt 0.257413 0.190293
vt 0.380931 0.020597
vt 0.033260 0.470887
vt 0.001421 0.937139
vt 0.000299 0.940221
vt 0.000080 0.933216
vt 0.898581 0.026928
vt 0.898050 0.020596
vt 0.920859 0.020596
vt 0.052489 0.476053
vt 0.051160 0.470344
vt 0.239831 0.065259
vt 0.247817 0.059668
vt 0.248913 0.072854
vt 0.027922 0.218164
vt 0.023082 0.233062
vt 0.017600 0.222608
vt 0.218453 0.335354
vt 0.233761 0.328870
vt 0.215368 0.347563
vt 0.822041 0.413971
vt 0.131604 0.807201
vt 0.124665 0.807831
vt 0.126919 0.802311
vt 0.468645 0.009975
vt 0.453817 0.009975
vt 0.461196 0.008034
vt 0.553498 0.792394
vt 0.996369 0.134760
vt 0.998882 0.136868
vt 0.992614 0.136876
vt 0.082885 0.895647
vt 0.076695 0.908920
vt 0.077274 0.878973
vt 0.197638 0.061176
vt 0.987576 0.863043
vt 0.719770 0.013935
vt 0.704942 0.013935
vt 0.712614 0.008576
vt 0.024466 0.499154
vt 0.015273 0.502245
vt 0.010552 0.501665
vt 0.009022 0.393168
vt 0.009022 0.379718
vt 0.019993 0.388964
vt 0.240385 0.090407
vt 0.234095 0.989741
vt 0.218249 0.986947
vt 0.235978 0.986234
vt 0.247210 0.633110
vt 0.046280 0.102635
vt 0.037224 0.094039
vt 0.046280 0.092266
vt 0.443758 0.999836
vt 0.450121 0.996162
vt 0.460194 0.999484
vt 0.046205 0.416689
vt 0.107804 0.979341
vt 0.202585 0.065670
vt 0.932131 0.161089
vt 0.986117 0.681906
vt 0.042246 0.592737
vt 0.045082 0.584008
vt 0.064808 0.596082
vt 0.036762 0.103798
vt 0.043678 0.113837
vt 0.413936 0.008659
vt 0.428485 0.008659
vt 0.426026 0.009850
vt 0.846488 0.005344
vt 0.846015 0.002660
vt 0.855836 0.004885
vt 0.183574 0.006187
vt 0.183574 0.017325
vt 0.179107 0.016112
vt 0.285990 0.026712
vt 0.237828 0.629688
vt 0.027244 0.977528
vt 0.041401 0.973043
vt 0.039839 0.985766
vt 0.962333 0.241358
vt 0.005243 0.471618
vt 0.000244 0.471618
vt 0.005259 0.465351
vt 0.013763 0.010241
vt 0.013763 0.023275
vt 0.010750 0.017225
vt 0.726254 0.115250
vt 0.036201 0.427028
vt 0.038537 0.404920
vt 0.973825 0.866265
vt 0.107894 0.589864
vt 0.107894 0.626744
vt 0.104712 0.598618
vt 0.222933 0.990254
vt 0.026132 0.989438
vt 0.352729 0.921489
vt 0.357191 0.916860
vt 0.357692 0.921489
vt 0.299908 0.989906
vt 0.295736 0.986406
vt 0.313568 0.986081
vt 0.886014 0.696155
vt 0.877134 0.654933
vt 0.891609 0.697262
vt 0.476263 0.352543
vt 0.470843 0.349929
vt 0.979094 0.983224
vt 0.042959 0.489718
vt 0.041548 0.477480
vt 0.621305 0.904069
vt 0.622111 0.908318
vt 0.602037 0.915869
vt 0.056314 0.047594
vt 0.606626 0.087085
vt 0.587234 0.090504
vt 0.567961 0.088140
vt 0.041528 0.427971
vt 0.041194 0.445551
vt 0.107505 0.135844
vt 0.105333 0.133255
vt 0.130862 0.129984
vt 0.030842 0.506287
vt 0.028394 0.516105
vt 0.017682 0.516224
vt 0.788977 0.111444
vt 0.374530 0.921820
vt 0.468092 0.968718
vt 0.018397 0.114534
vt 0.009603 0.110244
vt 0.008617 0.106577
vt 0.097752 0.135058
vt 0.104557 0.129789
vt 0.113128 0.811476
vt 0.120989 0.820844
vt 0.113564 0.848354
vt 0.666110 0.003751
vt 0.660542 0.006966
vt 0.655551 0.003540
vt 0.793423 0.984955
vt 0.787571 0.982825
vt 0.799649 0.975384
vt 0.047695 0.410081
vt 0.052990 0.395459
vt 0.063861 0.399202
vt 0.033490 0.677120
vt 0.022180 0.690599
vt 0.022038 0.672583
vt 0.813759 0.019235
vt 0.819936 0.024418
vt 0.809593 0.025287
vt 0.995936 0.018668
vt 0.998369 0.022881
vt 0.995628 0.038860
vt 0.069588 0.211376
vt 0.891279 0.679135
vt 0.059783 0.059155
vt 0.024829 0.414091
vt 0.017996 0.399224
vt 0.029792 0.398816
vt 0.021220 0.497255
vt 0.949517 0.213554
vt 0.008611 0.613706
vt 0.011708 0.602903
vt 0.016402 0.603820
vt 0.041659 0.402887
vt 0.009266 0.760184
vt 0.001239 0.760184
vt 0.008801 0.758075
vt 0.674257 0.136225
vt 0.002593 0.811417
vt 0.009413 0.806462
vt 0.008251 0.812348
vt 0.009002 0.736984
vt 0.007763 0.738754
vt 0.003004 0.737140
vt 0.963439 0.220031
vt 0.615862 0.877126
vt 0.625895 0.894699
vt 0.912058 0.026674
vt 0.191998 0.472746
vt 0.226605 0.465783
vt 0.225321 0.497933
vt 0.070438 0.620980
vt 0.242774 0.094302
vt 0.228769 0.095527
vt 0.251236 0.087565
vt 0.274655 0.006783
vt 0.275551 0.003464
vt 0.282505 0.006707
vt 0.019028 0.937136
vt 0.697585 0.915930
vt 0.707772 0.900116
vt 0.705085 0.913493
vt 0.508970 0.015533
vt 0.533051 0.015533
vt 0.510556 0.018984
vt 0.184913 0.387440
vt 0.225276 0.387543
vt 0.472745 0.338301
vt 0.977186 0.708559
vt 0.976220 0.719597
vt 0.970024 0.703442
vt 0.982690 0.955544
vt 0.995299 0.955544
vt 0.990255 0.957412
vt 0.634339 0.187315
vt 0.286125 0.003222
vt 0.378508 0.915582
vt 0.972264 0.726089
vt 0.920396 0.022316
vt 0.330184 0.996057
vt 0.331994 0.999941
vt 0.315830 0.998697
vt 0.988220 0.362140
vt 0.993453 0.364397
vt 0.988071 0.372083
vt 0.852773 0.002702
vt 0.926268 0.095226
vt 0.948267 0.086781
vt 0.920627 0.108817
vt 0.991229 0.486010
vt 0.994767 0.483532
vt 0.995132 0.512024
vt 0.037765 0.574377
vt 0.050342 0.573878
vt 0.047831 0.578041
vt 0.952390 0.206812
vt 0.032055 0.686885
vt 0.068863 0.333123
vt 0.278282 0.990961
vt 0.295005 0.985527
vt 0.294308 0.989178
vt 0.369870 0.237777
vt 0.365740 0.039481
vt 0.369486 0.033650
vt 0.389554 0.037188
vt 0.469244 0.994590
vt 0.485733 0.994590
vt 0.478713 0.996905
vt 0.805191 0.985436
vt 0.808727 0.975045
vt 0.076521 0.290066
vt 0.675110 0.007418
vt 0.664560 0.007418
vt 0.667961 0.003087
vt 0.017231 0.403945
vt 0.062516 0.389318
vt 0.390684 0.039887
vt 0.451754 0.586130
vt 0.007481 0.441246
vt 0.016361 0.447698
vt 0.004149 0.446069
vt 0.315744 0.007331
vt 0.322983 0.003152
vt 0.327077 0.007354
vt 0.823126 0.019776
vt 0.428108 0.070258
vt 0.424914 0.064337
vt 0.430973 0.058278
vt 0.405769 0.923337
vt 0.093574 0.842607
vt 0.096300 0.873764
vt 0.091794 0.877253
vt 0.638715 0.057664
vt 0.610409 0.057843
vt 0.622341 0.048210
vt 0.060426 0.620553
vt 0.981679 0.864413
vt 0.976594 0.866784
vt 0.983386 0.853465
vt 0.977263 0.738609
vt 0.740308 0.023845
vt 0.716921 0.018531
vt 0.740308 0.018611
vt 0.917666 0.106681
vt 0.927140 0.148463
vt 0.942922 0.148592
vt 0.933351 0.160146
vt 0.930932 0.140294
vt 0.003656 0.137768
vt 0.008001 0.143748
vt 0.001003 0.146375
vt 0.142713 0.777871
vt 0.009785 0.570265
vt 0.006236 0.559917
vt 0.009785 0.559800
vt 0.053962 0.694252
vt 0.038584 0.694252
vt 0.044586 0.692941
vt 0.639613 0.907881
vt 0.058877 0.644423
vt 0.060513 0.651716
vt 0.054570 0.647328
vt 0.405337 0.058088
vt 0.032998 0.937640
vt 0.775743 0.037856
vt 0.749019 0.037856
vt 0.757215 0.034180
vt 0.370875 0.245596
vt 0.652433 0.910464
vt 0.648998 0.913122
vt 0.283187 0.094971
vt 0.262261 0.091133
vt 0.265342 0.088476
vt 0.967709 0.728951
vt 0.972361 0.738326
vt 0.198072 0.020930
vt 0.175114 0.020930
vt 0.186379 0.017590
vt 0.944584 0.007950
vt 0.948478 0.004056
vt 0.953865 0.007518
vt 0.850169 0.112621
vt 0.856383 0.111072
vt 0.850472 0.118976
vt 0.266479 0.094426
vt 0.230811 0.409518
vt 0.400442 0.073477
vt 0.705126 0.896036
vt 0.993774 0.477541
vt 0.996765 0.476237
vt 0.003222 0.568230
vt 0.448925 0.374561
vt 0.473130 0.360827
vt 0.610872 0.096551
vt 0.635071 0.103549
vt 0.611345 0.101949
vt 0.949481 0.326040
vt 0.977557 0.840807
vt 0.275604 0.090033
vt 0.687134 0.143926
vt 0.156574 0.784455
vt 0.832728 0.024633
vt 0.825651 0.114369
vt 0.842565 0.966793
vt 0.870912 0.970762
vt 0.866784 0.976410
vt 0.844262 0.976691
vt 0.835663 0.985290
vt 0.824072 0.977124
vt 0.037105 0.647117
vt 0.039634 0.637468
vt 0.041315 0.647044
vt 0.611646 0.052479
vt 0.867133 0.325444
vt 0.870382 0.330153
vt 0.853372 0.327731
vt 0.393139 0.035214
vt 0.326846 0.978427
vt 0.306544 0.978427
vt 0.327661 0.974096
vt 0.987732 0.330768
vt 0.993759 0.341667
vt 0.853506 0.332136
vt 0.939483 0.707100
vt 0.958355 0.693537
vt 0.957989 0.713836
vt 0.002567 0.995112
vt 0.009439 0.995149
vt 0.005050 0.995329
vt 0.947895 0.160010
vt 0.954645 0.170762
vt 0.955302 0.181502
vt 0.664292 0.918271
vt 0.244734 0.411545
vt 0.251971 0.421035
vt 0.432164 0.922842
vt 0.059284 0.578198
vt 0.196522 0.920354
vt 0.190608 0.878650
vt 0.200293 0.915860
vt 0.689149 0.042318
vt 0.693979 0.034721
vt 0.696257 0.039731
vt 0.377859 0.236520
vt 0.936672 0.423372
vt 0.945817 0.420921
vt 0.936183 0.435409
vt 0.691079 0.898786
vt 0.639464 0.885431
vt 0.692505 0.882495
vt 0.633323 0.911371
vt 0.195562 0.692742
vt 0.159408 0.693162
vt 0.172047 0.691429
vt 0.049579 0.416032
vt 0.056164 0.480238
vt 0.063043 0.461341
vt 0.063896 0.486133
vt 0.515847 0.087152
vt 0.540152 0.091437
vt 0.501869 0.090956
vt 0.175299 0.696368
vt 0.950920 0.159535
vt 0.951863 0.329588
vt 0.062396 0.490749
vt 0.054714 0.499246
vt 0.055370 0.493032
vt 0.796016 0.582008
vt 0.833538 0.570311
vt 0.807042 0.601117
vt 0.288394 0.090302
vt 0.003037 0.571772
vt 0.002734 0.569299
vt 0.009773 0.571649
vt 0.005394 0.360396
vt 0.003325 0.362465
vt 0.001109 0.360449
vt 0.678103 0.916699
vt 0.300020 0.088120
vt 0.292957 0.092792
vt 0.717272 0.895915
vt 0.981447 0.834523
vt 0.218288 0.526439
vt 0.945273 0.136157
vt 0.037974 0.653200
vt 0.976263 0.747784
vt 0.648813 0.853069
vt 0.635149 0.853075
vt 0.651093 0.828721
vt 0.300508 0.031686
vt 0.052940 0.654177
vt 0.234198 0.306964
vt 0.995245 0.470967
vt 0.825147 0.269107
vt 0.631361 0.915873
vt 0.718805 0.026492
vt 0.061364 0.112725
vt 0.041187 0.136900
vt 0.041655 0.118006
vt 0.588759 0.853363
vt 0.622324 0.855448
vt 0.591923 0.858833
vt 0.596044 0.103285
vt 0.567517 0.885894
vt 0.583907 0.869208
vt 0.605901 0.885058
vt 0.669426 0.039776
vt 0.928935 0.901449
vt 0.925598 0.863308
vt 0.930830 0.846926
vt 0.153089 0.995558
vt 0.158987 0.996580
vt 0.158395 0.999940
vt 0.043039 0.638286
vt 0.143164 0.999466
vt 0.001543 0.717171
vt 0.004302 0.714412
vt 0.008963 0.717303
vt 0.710847 0.887822
vt 0.383105 0.233297
vt 0.561457 0.115071
vt 0.572203 0.125817
vt 0.529848 0.126049
vt 0.227093 0.374964
vt 0.224976 0.376430
vt 0.187513 0.980025
vt 0.172347 0.985958
vt 0.170799 0.980179
vt 0.002623 0.998384
vt 0.004798 0.050990
vt 0.000705 0.050990
vt 0.003046 0.048560
vt 0.692339 0.007285
vt 0.681848 0.007285
vt 0.688467 0.002720
vt 0.888610 0.969248
vt 0.889301 0.966061
vt 0.046274 0.636428
vt 0.333267 0.090273
vt 0.371086 0.090273
vt 0.359683 0.094319
vt 0.059640 0.133146
vt 0.011282 0.252787
vt 0.009032 0.249187
vt 0.021483 0.253565
vt 0.020058 0.335743
vt 0.020963 0.325396
vt 0.020549 0.342938
vt 0.828615 0.108991
vt 0.501418 0.103876
vt 0.491108 0.103073
vt 0.503844 0.095112
vt 0.681220 0.384213
vt 0.627483 0.403122
vt 0.626007 0.393949
vt 0.239158 0.326484
vt 0.129192 0.472608
vt 0.121294 0.462536
vt 0.138952 0.435346
vt 0.167664 0.983357
vt 0.011397 0.047087
vt 0.015360 0.044610
vt 0.010653 0.056940
vt 0.756511 0.024962
vt 0.765333 0.017560
vt 0.779757 0.024519
vt 0.523064 0.103774
vt 0.511618 0.103879
vt 0.511021 0.094220
vt 0.882496 0.656521
vt 0.943015 0.692995
vt 0.232400 0.378494
vt 0.041656 0.498194
vt 0.980961 0.825307
vt 0.978227 0.822060
vt 0.764146 0.884138
vt 0.763482 0.891755
vt 0.751120 0.881982
vt 0.189199 0.512673
vt 0.068007 0.301355
vt 0.071398 0.308719
vt 0.066121 0.321151
vt 0.721381 0.889038
vt 0.173931 0.776590
vt 0.179487 0.788049
vt 0.637621 0.828463
vt 0.484440 0.096551
vt 0.757917 0.082506
vt 0.758973 0.078928
vt 0.781963 0.082982
vt 0.392379 0.451603
vt 0.386505 0.440670
vt 0.397943 0.404866
vt 0.165538 0.698622
vt 0.141963 0.710617
vt 0.539220 0.018340
vt 0.522474 0.018340
vt 0.540215 0.015674
vt 0.063952 0.417955
vt 0.063952 0.443976
vt 0.060610 0.419523
vt 0.861580 0.631449
vt 0.843756 0.616372
vt 0.844728 0.592881
vt 0.133517 0.440385
vt 0.580524 0.163676
vt 0.636584 0.164439
vt 0.636584 0.186296
vt 0.778094 0.078099
vt 0.790357 0.081859
vt 0.812105 0.240493
vt 0.241440 0.331484
vt 0.866208 0.649012
vt 0.721795 0.881140
vt 0.075221 0.296658
vt 0.069027 0.300966
vt 0.942342 0.450770
vt 0.095599 0.987280
vt 0.095917 0.993247
vt 0.090999 0.991649
vt 0.710995 0.991230
vt 0.720726 0.992946
vt 0.701985 0.993763
vt 0.201235 0.872670
vt 0.667874 0.391174
vt 0.705927 0.889542
vt 0.885398 0.972135
vt 0.725822 0.887454
vt 0.429439 0.372453
vt 0.397402 0.344295
vt 0.431902 0.350614
vt 0.143327 0.752949
vt 0.809949 0.032818
vt 0.824719 0.030214
vt 0.836374 0.032747
vt 0.820670 0.555868
vt 0.011304 0.448283
vt 0.015433 0.450666
vt 0.006578 0.450380
vt 0.076994 0.823055
vt 0.061575 0.844278
vt 0.062356 0.827136
vt 0.021365 0.671971
vt 0.021365 0.687209
vt 0.015654 0.685636
vt 0.076450 0.301167
vt 0.705192 0.124535
vt 0.661992 0.124535
vt 0.685472 0.120588
vt 0.235973 0.352861
vt 0.795107 0.232830
vt 0.001090 0.972005
vt 0.003912 0.969573
vt 0.003842 0.973288
vt 0.102839 0.400446
vt 0.103321 0.395860
vt 0.118058 0.422049
vt 0.744708 0.878825
vt 0.072978 0.311081
vt 0.292949 0.973049
vt 0.117677 0.461028
vt 0.700434 0.898497
vt 0.002064 0.973399
vt 0.229209 0.994601
vt 0.230590 0.998396
vt 0.214632 0.997220
vt 0.059137 0.251789
vt 0.059817 0.232322
vt 0.068927 0.255422
vt 0.960002 0.593059
vt 0.983970 0.593492
vt 0.972818 0.597723
vt 0.882057 0.623586
vt 0.743415 0.876293
vt 0.424042 0.971482
vt 0.400323 0.969407
vt 0.448602 0.967988
vt 0.243404 0.359241
vt 0.041698 0.618410
vt 0.063855 0.618410
vt 0.045464 0.623711
vt 0.677973 0.035259
vt 0.589769 0.862054
vt 0.033642 0.869609
vt 0.042380 0.875728
vt 0.023152 0.869693
vt 0.962851 0.555353
vt 0.982171 0.555977
vt 0.079671 0.985742
vt 0.014258 0.993940
vt 0.011185 0.989552
vt 0.024833 0.990193
vt 0.039827 0.896838
vt 0.026348 0.898733
vt 0.033388 0.879156
vt 0.145735 0.718689
vt 0.189905 0.848318
vt 0.201804 0.847030
vt 0.201871 0.857969
vt 0.754497 0.874465
vt 0.894877 0.397285
vt 0.882813 0.432990
vt 0.875195 0.424946
vt 0.616983 0.963240
vt 0.627506 0.956720
vt 0.665175 0.960016
vt 0.388927 0.088055
vt 0.418537 0.086786
vt 0.412249 0.094304
vt 0.925700 0.447356
vt 0.046874 0.781574
vt 0.046874 0.805719
vt 0.042671 0.800005
vt 0.834823 0.333990
vt 0.023204 0.887369
vt 0.826956 0.320425
vt 0.029605 0.875763
vt 0.159331 0.713312
vt 0.148380 0.728129
vt 0.958407 0.680535
vt 0.144816 0.710673
vt 0.146430 0.714353
vt 0.091047 0.403195
vt 0.441597 0.383556
vt 0.409887 0.390120
vt 0.821456 0.103152
vt 0.924118 0.455084
vt 0.443796 0.385573
vt 0.234566 0.382335
vt 0.249770 0.364029
vt 0.731244 0.983447
vt 0.723926 0.980035
vt 0.745309 0.980872
vt 0.941151 0.468523
vt 0.929393 0.467648
vt 0.771329 0.990687
vt 0.753662 0.993802
vt 0.752432 0.990190
vt 0.241376 0.383067
vt 0.948620 0.348524
vt 0.426981 0.091493
vt 0.184275 0.117306
vt 0.186378 0.105382
vt 0.223882 0.119497
vt 0.691849 0.406621
vt 0.679778 0.392727
vt 0.827380 0.087628
vt 0.918808 0.882424
vt 0.926395 0.879663
vt 0.922247 0.919113
vt 0.704836 0.884469
vt 0.247169 0.348460
vt 0.189325 0.866714
vt 0.699841 0.883058
vt 0.962645 0.763116
vt 0.932525 0.752153
vt 0.963423 0.728397
vt 0.014924 0.367125
vt 0.014506 0.379094
vt 0.010088 0.366779
vt 0.004500 0.867890
vt 0.000003 0.864623
vt 0.004055 0.860974
vt 0.247036 0.332905
vt 0.545086 0.405124
vt 0.945764 0.467030
vt 0.714713 0.881103
vt 0.832650 0.339459
vt 0.811754 0.343415
vt 0.616476 0.874632
vt 0.607461 0.960105
vt 0.011700 0.068132
vt 0.017815 0.068132
vt 0.016949 0.081943
vt 0.223929 0.104615
vt 0.384816 0.353413
vt 0.245003 0.972049
vt 0.219336 0.978926
vt 0.198719 0.972270
vt 0.962392 0.771351
vt 0.338516 0.394120
vt 0.350803 0.386498
vt 0.355231 0.394785
vt 0.392228 0.373376
vt 0.022526 0.724477
vt 0.017805 0.728733
vt 0.017198 0.725226
vt 0.856949 0.585320
vt 0.293573 0.977528
vt 0.028334 0.753150
vt 0.021954 0.750442
vt 0.031154 0.749612
vt 0.546561 0.018843
vt 0.254094 0.331505
vt 0.021020 0.746599
vt 0.021104 0.551124
vt 0.022495 0.547847
vt 0.027921 0.553229
vt 0.019433 0.749918
vt 0.015215 0.763839
vt 0.014584 0.758316
vt 0.019202 0.763753
vt 0.579958 0.397713
vt 0.716392 0.400643
vt 0.258501 0.337039
vt 0.917527 0.917209
vt 0.866588 0.448526
vt 0.027608 0.542662
vt 0.306645 0.366355
vt 0.312039 0.354799
vt 0.312124 0.365298
vt 0.831816 0.529893
vt 0.038009 0.752482
vt 0.601934 0.182982
vt 0.026324 0.738755
vt 0.834605 0.030833
vt 0.822488 0.028697
vt 0.848848 0.029545
vt 0.592166 0.177462
vt 0.331535 0.418664
vt 0.808065 0.544923
vt 0.316018 0.378167
vt 0.339073 0.373608
vt 0.645757 0.878385
vt 0.847819 0.548984
vt 0.194826 0.538352
vt 0.181109 0.530465
vt 0.808087 0.323625
vt 0.284711 0.973112
vt 0.363044 0.396478
vt 0.770455 0.492414
vt 0.777287 0.486509
vt 0.806925 0.496655
vt 0.851278 0.447268
vt 0.026489 0.535315
vt 0.872764 0.457601
vt 0.585576 0.187500
vt 0.819331 0.526772
vt 0.281144 0.973802
vt 0.282067 0.976553
vt 0.921085 0.933744
vt 0.217646 0.539302
vt 0.227595 0.541220
vt 0.451858 0.034773
vt 0.448845 0.031760
vt 0.476117 0.032633
vt 0.963353 0.774854
vt 0.767937 0.342520
vt 0.785394 0.361088
vt 0.637267 0.885497
vt 0.809838 0.512143
vt 0.851943 0.470416
vt 0.236739 0.047693
vt 0.238037 0.062519
vt 0.209687 0.057408
vt 0.004953 0.834716
vt 0.002051 0.834716
vt 0.002533 0.829116
vt 0.839577 0.465934
vt 0.824451 0.489436
vt 0.841388 0.477511
vt 0.209963 0.047536
vt 0.667971 0.360360
vt 0.925247 0.932833
vt 0.296744 0.379355
vt 0.283779 0.364441
vt 0.930075 0.670678
vt 0.954521 0.667355
vt 0.656257 0.368108
vt 0.643927 0.344339
vt 0.780263 0.319753
vt 0.834279 0.508113
vt 0.848107 0.483988
vt 0.856772 0.493699
vt 0.849880 0.520668
vt 0.959870 0.669081
vt 0.938073 0.771661
vt 0.885092 0.947251
vt 0.906415 0.946037
vt 0.906415 0.955914
vt 0.885618 0.952961
vt 0.287399 0.383046
vt 0.078040 0.169789
vt 0.080806 0.175226
vt 0.077273 0.195258
vt 0.664550 0.338789
vt 0.739176 0.362051
vt 0.080560 0.199896
vt 0.290035 0.425081
vt 0.331921 0.455106
vt 0.698753 0.338251
vt 0.849964 0.950694
vt 0.085006 0.640902
vt 0.085006 0.671754
vt 0.081577 0.667221
vt 0.850885 0.947252
vt 0.319717 0.968015
vt 0.366626 0.968015
vt 0.365697 0.971455
usemtl totem_war
f 858/1/1 1553/2/2 854/3/3
f 1553/2/2 1445/4/4 854/3/3
f 1553/5/2 1552/6/5 1445/7/4
f 855/8/6 854/9/3 1445/10/4
f 856/11/7 858/12/1 854/13/3
f 858/12/1 856/11/7 857/14/8
f 1446/15/9 1445/7/4 1552/6/5
f 1552/6/5 1448/16/10 1446/15/9
f 854/9/3 855/8/6 856/17/7
f 1553/18/2 858/19/1 859/20/11
f 860/21/12 858/19/1 857/22/8
f 855/23/6 1445/24/4 1446/25/9
f 860/21/12 859/20/11 858/19/1
f 859/26/11 1552/27/5 1553/28/2
f 859/26/11 1448/29/10 1552/27/5
f 856/17/7 855/8/6 866/30/13
f 1447/31/14 855/23/6 1446/25/9
f 651/32/15 652/33/16 654/34/17
f 860/21/12 857/22/8 862/35/18
f 652/36/16 661/37/19 655/38/20
f 652/39/16 653/40/21 654/41/17
f 857/42/8 856/43/7 861/44/22
f 658/45/23 655/46/20 656/47/24
f 856/17/7 866/30/13 861/48/22
f 657/49/25 652/50/16 655/51/20
f 661/52/26 652/53/26 651/54/26
f 2195/55/27 2205/56/28 2196/57/29
f 657/49/25 655/51/20 658/58/23
f 655/38/20 661/37/19 659/59/30
f 2196/60/29 2197/61/31 2195/62/27
f 659/59/30 656/47/24 655/38/20
f 660/63/32 661/64/19 651/32/15
f 651/32/15 654/34/17 660/63/32
f 653/40/21 728/65/33 654/41/17
f 664/66/34 658/45/23 656/47/24
f 862/67/18 857/42/8 861/44/22
f 1556/68/35 1448/29/10 859/26/11
f 653/69/21 652/50/16 657/49/25
f 656/47/24 659/59/30 662/70/36
f 1450/71/37 1447/72/14 1446/73/9
f 1890/74/38 2195/62/27 2197/61/31
f 855/8/6 887/75/39 866/30/13
f 1450/71/37 1446/73/9 1448/76/10
f 2197/77/40 2196/78/40 2205/79/40
f 657/49/25 658/58/23 663/80/41
f 861/48/22 866/30/13 865/81/42
f 1450/82/37 1448/29/10 1556/68/35
f 664/83/34 663/80/41 658/58/23
f 659/84/30 661/64/19 665/85/43
f 2205/56/28 2195/55/27 1890/86/38
f 862/87/44 863/88/44 860/89/44
f 865/81/42 866/30/13 868/90/45
f 1890/86/38 2319/91/46 2205/56/28
f 863/92/47 864/93/47 860/94/47
f 852/95/48 728/96/33 653/97/21
f 2198/98/49 2197/99/31 2199/100/50
f 2208/101/51 2200/102/51 2201/103/51
f 656/47/24 662/70/36 664/66/34
f 654/104/17 728/96/33 729/105/52
f 2197/99/31 2198/98/49 1890/106/38
f 2208/107/53 2201/108/53 2203/109/53
f 861/44/22 865/110/42 862/67/18
f 2198/111/49 1889/112/54 1890/113/38
f 657/49/25 663/80/41 676/114/55
f 2199/115/56 2201/116/56 2198/117/56
f 887/118/39 868/119/45 866/120/13
f 2199/121/57 2197/122/57 2201/123/57
f 653/124/21 657/49/25 852/125/48
f 660/126/32 654/104/17 730/127/58
f 666/128/59 664/66/34 662/70/36
f 1889/112/54 2198/111/49 2202/129/60
f 1447/31/14 1449/130/61 855/23/6
f 867/131/62 865/132/62 868/133/62
f 860/21/12 864/134/63 859/20/11
f 863/135/64 869/136/65 864/137/63
f 2201/138/66 2197/139/66 2203/140/66
f 2319/141/67 2204/142/67 2205/143/67
f 1890/144/38 1895/145/68 1901/146/69
f 1889/147/54 1895/145/68 1890/144/38
f 2201/148/70 2202/129/60 2198/111/49
f 2203/149/71 2197/150/72 2204/151/73
f 1556/152/35 1447/153/14 1450/154/37
f 657/49/25 676/114/55 744/155/74
f 723/156/75 663/80/41 664/83/34
f 665/85/43 662/157/36 659/84/30
f 868/158/45 870/159/76 867/160/77
f 2203/161/78 2215/162/78 2208/163/78
f 2200/164/79 2202/129/60 2201/148/70
f 2197/165/80 2205/166/80 2204/167/80
f 1449/168/61 1447/153/14 1556/152/35
f 661/64/19 660/63/32 667/169/81
f 2204/151/73 2215/170/82 2203/149/71
f 730/127/58 731/171/83 660/126/32
f 863/172/64 862/173/18 884/174/84
f 728/96/33 852/95/48 732/175/85
f 729/105/52 728/96/33 732/175/85
f 723/176/75 664/177/34 666/178/59
f 657/49/25 744/155/74 852/125/48
f 2213/179/86 2319/180/46 1890/181/38
f 666/128/59 662/70/36 671/182/87
f 884/183/84 869/136/65 863/135/64
f 1895/184/88 1889/185/88 1892/186/88
f 2206/187/89 2202/188/89 1889/189/89
f 2204/151/73 2207/190/90 2215/170/82
f 1554/191/91 859/20/11 876/192/92
f 676/114/55 663/80/41 723/193/75
f 2208/194/93 2215/195/82 2200/196/79
f 1901/197/69 2213/179/86 1890/181/38
f 2209/198/94 2207/199/94 2204/200/94
f 865/201/42 867/160/77 870/159/76
f 1889/202/95 2202/203/60 2210/204/96
f 662/157/36 665/85/43 668/205/97
f 2319/206/98 2213/207/98 2204/208/98
f 654/104/17 729/105/52 730/127/58
f 665/85/43 661/64/19 667/169/81
f 884/174/84 862/173/18 865/209/42
f 660/63/32 731/210/83 669/211/99
f 1902/212/100 2213/179/86 1901/197/69
f 874/213/101 887/75/39 855/8/6
f 2210/204/96 2211/214/102 1889/202/95
f 1891/215/103 2212/216/103 2214/217/103
f 868/158/45 887/218/39 870/159/76
f 2202/203/60 2200/196/79 2210/204/96
f 668/205/97 670/219/104 662/157/36
f 2213/220/105 1891/221/105 2204/222/105
f 660/63/32 669/211/99 667/169/81
f 2207/223/90 2204/224/106 2214/225/107
f 876/192/92 859/20/11 864/134/63
f 2204/226/106 1891/227/108 2214/228/107
f 1893/229/109 1892/230/109 1889/231/109
f 2200/196/79 2215/195/82 1896/232/110
f 2215/233/82 2207/223/90 2214/225/107
f 871/234/111 864/137/63 869/136/65
f 670/219/104 671/235/87 662/157/36
f 668/205/97 665/85/43 667/169/81
f 2210/204/96 2200/196/79 1896/232/110
f 873/236/112 876/192/92 864/134/63
f 744/155/74 676/114/55 724/237/113
f 2213/238/86 1905/239/114 1891/240/115
f 865/209/42 880/241/116 884/174/84
f 873/242/112 864/243/63 871/244/111
f 1889/245/117 2211/246/117 1893/247/117
f 872/248/118 877/249/118 875/250/118
f 874/213/101 889/251/119 887/75/39
f 724/237/113 676/114/55 725/252/120
f 873/253/112 889/254/119 874/255/101
f 876/256/92 873/253/112 874/255/101
f 735/257/121 872/258/122 875/259/123
f 2211/260/102 2210/261/96 1897/262/124
f 730/127/58 733/263/125 731/171/83
f 876/264/126 874/265/126 879/266/126
f 855/23/6 1449/130/61 1451/267/127
f 1896/268/110 2215/269/82 2214/228/107
f 872/270/128 884/271/128 877/272/128
f 734/273/129 730/127/58 729/105/52
f 2818/274/130 2816/275/131 2814/276/132
f 872/258/122 735/257/121 878/277/133
f 855/23/6 1451/267/127 1557/278/134
f 1905/279/135 2216/280/135 1891/281/135
f 879/282/136 874/213/101 855/8/6
f 880/283/116 865/201/42 881/284/137
f 872/285/122 886/286/138 882/287/139
f 1556/152/35 1451/288/127 1449/168/61
f 1894/289/140 1892/290/141 1893/291/142
f 872/292/143 882/293/143 885/294/143
f 877/295/144 891/296/145 875/297/123
f 1905/239/114 2213/238/86 1913/298/146
f 886/286/138 872/285/122 878/299/133
f 735/257/121 875/259/123 883/300/147
f 1894/301/140 1895/302/68 1892/303/141
f 871/234/111 869/136/65 884/183/84
f 670/219/104 672/304/148 671/235/87
f 2814/276/132 2815/305/149 2818/274/130
f 887/218/39 894/306/150 870/159/76
f 2211/260/102 1897/262/124 1893/307/142
f 671/182/87 673/308/151 666/128/59
f 879/309/152 1554/310/152 876/311/152
f 2922/312/153 2814/313/132 2816/314/131
f 880/315/154 877/316/154 884/317/154
f 885/318/155 884/319/84 872/320/156
f 683/321/157 724/322/113 725/323/120
f 1891/324/158 2216/325/158 1896/326/158
f 670/327/104 668/328/97 674/329/159
f 2814/313/132 2922/312/153 2815/330/149
f 2214/228/107 1891/227/160 1896/268/110
f 2216/331/161 1905/332/161 1904/333/161
f 730/127/58 734/273/129 733/263/125
f 670/334/104 677/335/162 672/336/148
f 877/337/163 880/338/116 881/339/137
f 751/340/164 875/297/123 891/296/145
f 875/297/123 751/340/164 741/341/165
f 723/176/75 666/178/59 673/342/151
f 729/105/52 732/175/85 758/343/166
f 852/95/48 758/343/166 732/175/85
f 882/344/139 886/345/138 885/346/155
f 1901/347/69 1903/348/167 1899/349/168
f 887/350/169 889/351/169 894/352/169
f 687/353/170 725/354/120 676/355/55
f 1903/356/167 1901/146/69 1895/145/68
f 670/357/104 674/358/159 677/359/162
f 741/341/165 883/360/147 875/297/123
f 877/361/171 881/362/171 891/363/171
f 729/105/52 758/343/166 734/273/129
f 735/364/121 883/365/147 736/366/172
f 735/367/121 736/368/172 737/369/173
f 2825/370/174 2922/371/174 2816/372/174
f 2823/373/175 2822/374/176 2815/375/149
f 2823/373/175 2815/375/149 2922/376/153
f 757/377/177 878/378/133 735/379/121
f 2822/374/176 2817/380/178 2815/375/149
f 889/254/119 873/253/112 892/381/179
f 2818/382/130 2815/375/149 2817/380/178
f 883/383/147 741/384/165 740/385/180
f 736/368/172 738/386/181 737/369/173
f 669/387/99 731/171/83 733/263/125
f 883/365/147 739/388/182 736/366/172
f 739/389/182 883/390/147 740/391/180
f 677/335/162 675/392/183 672/336/148
f 870/159/76 881/284/137 865/201/42
f 757/393/177 888/394/184 878/395/133
f 2210/396/185 1896/397/185 1897/398/185
f 1901/197/69 1900/399/186 1902/212/100
f 1896/400/187 2216/401/188 1898/402/189
f 680/403/190 671/235/87 672/304/148
f 2823/373/175 2922/376/153 2819/404/191
f 2817/380/178 2820/405/192 2818/382/130
f 2821/406/193 2822/407/176 2823/408/175
f 2824/409/194 2816/275/131 2818/274/130
f 2822/410/176 2830/411/195 2817/412/178
f 687/353/170 675/413/183 725/354/120
f 2816/414/196 2824/415/196 2923/416/196
f 885/318/155 871/417/111 884/319/84
f 888/418/184 886/286/138 878/299/133
f 2816/419/197 2923/420/197 2825/421/197
f 2820/405/192 2824/422/194 2818/382/130
f 1899/423/198 1900/424/198 1901/425/198
f 741/426/199 748/427/199 743/428/199
f 800/429/200 744/155/74 724/237/113
f 679/430/201 687/431/201 676/432/201
f 676/433/202 723/434/202 679/435/202
f 1913/298/146 2213/238/86 1902/436/100
f 675/413/183 677/437/162 725/354/120
f 889/438/203 892/439/203 894/440/203
f 757/377/177 735/379/121 742/441/204
f 886/442/138 888/443/184 897/444/205
f 738/445/181 736/446/172 739/447/182
f 739/448/182 733/449/125 734/450/129
f 739/389/182 740/391/180 760/451/206
f 1555/452/207 1557/453/134 1451/454/127
f 2830/411/195 2822/410/176 2821/406/193
f 739/448/182 760/455/206 733/449/125
f 1903/456/167 1895/302/68 1894/301/140
f 737/457/208 752/458/208 735/459/208
f 885/346/155 886/345/138 897/460/205
f 733/263/125 759/461/209 669/387/99
f 2216/401/188 1904/462/210 1898/402/189
f 738/445/181 739/447/182 734/463/129
f 740/464/180 741/465/165 743/466/211
f 755/467/212 757/468/177 742/469/204
f 759/461/209 684/470/213 669/387/99
f 2823/373/175 2819/404/191 2827/471/214
f 681/472/215 683/473/157 725/474/120
f 681/472/215 725/474/120 677/475/162
f 1556/68/35 859/26/11 1555/476/207
f 774/477/216 852/478/48 744/479/74
f 678/480/217 672/481/148 675/482/183
f 891/483/218 893/484/218 751/485/218
f 1904/486/210 1905/487/114 1913/488/146
f 1554/489/91 1555/476/207 859/26/11
f 740/464/180 743/466/211 745/490/219
f 757/393/177 746/491/220 888/394/184
f 673/342/151 679/492/221 723/176/75
f 760/451/206 740/391/180 747/493/222
f 879/494/223 1555/495/207 1554/496/91
f 740/464/180 745/490/219 747/497/222
f 742/441/204 735/379/121 753/498/224
f 748/499/225 749/500/226 743/501/211
f 760/451/206 747/493/222 750/502/227
f 2817/380/178 2826/503/228 2820/405/192
f 756/504/229 746/491/220 757/393/177
f 678/480/217 680/505/190 672/481/148
f 1451/454/127 1556/506/35 1555/452/207
f 751/507/164 748/508/225 741/509/165
f 681/510/215 682/511/230 683/512/157
f 683/321/157 682/511/230 724/322/113
f 735/513/121 752/514/231 753/515/224
f 671/235/87 680/403/190 673/516/151
f 743/517/211 754/518/232 745/519/219
f 752/520/231 737/369/173 738/386/181
f 759/521/209 733/449/125 760/455/206
f 1904/486/210 1913/488/146 1898/522/189
f 684/523/213 667/169/81 669/211/99
f 2823/408/175 2827/524/214 2821/406/193
f 1900/525/186 1913/298/146 1902/436/100
f 870/159/76 894/526/150 881/284/137
f 685/527/233 667/169/81 684/523/213
f 891/528/234 881/529/234 894/530/234
f 677/531/162 686/532/235 681/510/215
f 755/533/212 756/534/229 757/535/177
f 738/445/181 734/463/129 758/536/166
f 2921/537/236 2819/404/191 2922/376/153
f 873/242/112 871/244/111 898/538/237
f 2921/539/236 2825/540/238 2923/541/239
f 743/501/211 749/500/226 754/542/232
f 668/328/97 727/543/240 674/329/159
f 897/444/205 888/443/184 890/544/241
f 668/328/97 685/545/233 727/543/240
f 748/499/225 762/546/242 769/547/243
f 749/500/226 748/499/225 769/547/243
f 752/514/231 738/445/181 767/548/244
f 679/549/245 678/550/245 687/551/245
f 891/552/246 894/553/246 893/554/246
f 674/358/159 686/532/235 677/359/162
f 758/536/166 767/548/244 738/445/181
f 758/343/166 852/95/48 767/555/244
f 2922/556/153 2825/540/238 2921/539/236
f 673/342/151 688/557/247 679/492/221
f 667/169/81 685/527/233 668/205/97
f 673/516/151 680/403/190 688/558/247
f 2828/559/248 2827/471/214 2819/404/191
f 2824/422/194 2820/405/192 2829/560/249
f 892/561/179 873/242/112 898/538/237
f 687/353/170 678/562/217 675/413/183
f 2829/560/249 2923/563/239 2824/422/194
f 890/564/241 888/565/184 790/566/250
f 746/567/220 763/568/251 888/569/184
f 754/570/232 749/571/226 776/572/252
f 748/508/225 751/507/164 762/573/242
f 893/574/253 900/575/253 751/576/253
f 686/532/235 674/358/159 727/577/240
f 1903/348/167 1906/578/254 1899/349/168
f 1900/579/186 1899/580/168 1909/581/255
f 784/582/256 749/500/226 769/547/243
f 2830/583/195 2826/503/228 2817/584/178
f 1899/349/168 1906/578/254 1909/585/255
f 746/491/220 756/504/229 690/586/257
f 752/514/231 767/548/244 753/515/224
f 871/417/111 885/318/155 896/587/258
f 686/532/235 682/511/230 681/510/215
f 745/519/219 754/518/232 771/588/259
f 885/346/155 897/460/205 896/589/258
f 852/478/48 774/477/216 767/590/244
f 1907/591/260 1900/579/186 1909/581/255
f 685/592/261 759/593/261 760/594/261
f 690/595/257 756/534/229 755/533/212
f 2831/596/262 2819/404/191 2921/537/236
f 761/597/263 746/491/220 690/586/257
f 855/598/264 1557/599/264 879/600/264
f 1897/601/124 1896/400/187 1898/402/189
f 1907/602/260 1912/603/265 1900/525/186
f 892/604/266 893/605/266 894/606/266
f 871/417/111 896/587/258 895/607/267
f 751/608/268 769/609/268 762/610/268
f 763/611/251 790/566/250 888/565/184
f 764/612/269 774/477/216 744/479/74
f 750/613/227 747/497/222 765/614/270
f 897/615/205 901/616/271 896/617/258
f 890/618/272 772/619/272 897/620/272
f 759/621/273 685/622/273 684/623/273
f 772/624/274 901/616/271 897/615/205
f 765/614/270 747/497/222 745/490/219
f 766/625/275 784/582/256 769/547/243
f 892/626/179 898/627/237 899/628/276
f 892/629/277 899/630/277 893/631/277
f 871/632/278 895/633/278 898/634/278
f 1894/289/140 1893/291/142 1903/635/167
f 786/636/279 766/625/275 769/547/243
f 1912/603/265 1913/298/146 1900/525/186
f 2933/637/280 2821/406/193 2827/524/214
f 2923/541/239 2829/638/249 2832/639/281
f 751/640/282 779/641/282 799/642/282
f 1912/643/283 1907/644/283 1908/645/283
f 753/646/224 767/647/244 768/648/284
f 751/649/285 786/650/279 769/651/243
f 771/588/259 765/652/270 745/519/219
f 790/653/286 770/654/286 795/655/286
f 751/656/287 900/657/287 779/658/287
f 786/650/279 751/649/285 799/659/288
f 774/660/289 753/661/224 803/662/290
f 2661/663/291 2657/664/291 2658/665/291
f 1907/666/260 1909/667/255 1910/668/292
f 2826/503/228 2833/669/293 2834/670/294
f 2834/670/294 2820/405/192 2826/503/228
f 685/671/295 760/672/295 750/673/295
f 754/570/232 776/572/252 771/674/259
f 810/675/296 772/676/296 890/677/296
f 2830/583/195 2833/669/293 2826/503/228
f 893/678/297 798/679/298 900/680/299
f 1909/585/255 1906/578/254 1911/681/300
f 753/661/224 768/682/284 803/662/290
f 724/322/113 682/511/230 800/683/200
f 767/684/244 803/685/301 773/686/302
f 798/679/298 893/678/297 899/687/276
f 746/567/220 778/688/303 763/568/251
f 753/498/224 774/689/289 742/441/204
f 1912/690/265 1914/691/304 1913/692/146
f 898/693/305 895/694/305 798/695/305
f 1914/696/304 1898/522/189 1913/488/146
f 1454/697/306 1452/698/307 1453/699/308
f 1907/700/260 1920/701/309 1908/702/310
f 898/627/237 798/703/298 899/628/276
f 2217/704/311 2218/705/311 2219/706/311
f 771/674/259 776/572/252 775/707/312
f 778/688/303 746/567/220 761/708/263
f 2821/406/193 2933/637/280 2830/411/195
f 2832/639/281 2921/539/236 2923/541/239
f 785/709/313 755/467/212 742/469/204
f 1454/697/306 1456/710/314 1452/698/307
f 770/711/315 790/712/316 794/713/317
f 776/714/252 749/715/226 780/716/318
f 782/717/319 777/718/320 783/719/321
f 767/720/322 774/721/322 803/722/322
f 895/723/267 896/724/258 798/725/323
f 764/726/324 742/727/324 774/728/324
f 1919/729/325 1453/699/308 1452/698/307
f 763/611/251 778/730/303 790/566/250
f 779/731/326 900/732/326 805/733/326
f 784/734/256 766/735/275 780/736/318
f 768/648/284 767/647/244 773/737/302
f 781/738/327 782/739/319 783/740/321
f 1918/741/328 1454/742/306 1453/743/308
f 1906/578/254 1903/348/167 1911/681/300
f 744/155/74 800/429/200 764/744/269
f 749/715/226 784/745/256 780/716/318
f 772/746/329 810/747/329 901/748/329
f 1918/741/328 1457/749/330 1454/742/306
f 777/718/320 787/750/331 783/719/321
f 1909/585/255 1911/681/300 1910/751/292
f 896/724/258 901/752/271 798/725/323
f 785/753/313 742/754/204 764/755/269
f 780/736/318 766/735/275 786/756/279
f 787/757/332 788/758/332 783/759/332
f 755/760/333 785/761/333 690/762/333
f 2829/560/249 2820/405/192 2835/763/334
f 1919/764/335 1918/765/335 1453/766/335
f 1908/767/310 1914/691/304 1912/690/265
f 1454/768/336 1460/769/336 1456/770/336
f 2829/638/249 2835/771/334 2832/639/281
f 1456/710/314 1455/772/337 1452/698/307
f 810/773/338 890/564/241 796/774/339
f 1914/691/304 1926/775/340 1898/402/189
f 783/740/321 788/776/341 781/738/327
f 1920/701/309 1907/700/260 1921/777/342
f 789/778/343 771/779/259 791/780/344
f 1916/781/345 1907/666/260 1923/782/346
f 1907/666/260 1915/783/347 1923/782/346
f 778/784/348 703/785/348 790/786/348
f 771/674/259 775/707/312 791/787/344
f 765/614/270 792/788/349 750/613/227
f 789/789/343 765/652/270 771/588/259
f 1916/790/345 1921/777/342 1907/700/260
f 1457/791/350 1460/792/350 1454/793/350
f 679/794/351 688/795/351 678/796/351
f 2227/797/352 2218/798/353 2217/799/354
f 781/738/327 793/800/355 782/739/319
f 1907/666/260 1910/668/292 1915/783/347
f 765/652/270 789/789/343 792/801/349
f 776/714/252 780/716/318 775/802/312
f 1898/402/189 1926/775/340 1897/601/124
f 2828/559/248 2838/803/356 2827/471/214
f 801/804/357 782/739/319 793/800/355
f 1557/805/134 1555/495/207 879/494/223
f 803/685/301 821/806/358 773/686/302
f 1919/729/325 1452/698/307 1463/807/359
f 1903/808/167 1893/809/142 1897/810/124
f 1916/811/345 1923/812/346 1924/813/360
f 770/814/361 796/815/361 795/816/361
f 796/774/339 890/564/241 790/566/250
f 1916/811/345 1924/813/360 1921/817/342
f 782/717/319 801/818/357 777/718/320
f 703/819/362 794/713/317 790/712/316
f 2666/820/363 2657/821/364 2661/822/365
f 2657/823/364 2683/824/366 2658/825/367
f 750/826/227 792/827/349 685/545/233
f 777/828/320 781/829/327 787/830/331
f 1452/831/307 1459/832/368 1457/833/369
f 1455/834/337 1459/832/368 1452/831/307
f 2820/405/192 2834/670/294 2835/763/334
f 770/835/315 794/836/317 796/837/339
f 790/838/370 795/839/370 796/840/370
f 797/841/371 798/842/323 901/843/271
f 779/844/372 786/845/372 799/846/372
f 789/778/343 791/780/344 792/847/349
f 1456/848/314 1460/849/373 1455/850/337
f 785/753/313 764/755/269 800/851/200
f 2819/404/191 2831/596/262 2828/559/248
f 900/852/374 798/853/374 797/854/374
f 690/855/375 785/856/313 800/857/200
f 689/858/376 698/859/377 682/511/230
f 777/828/320 811/860/378 793/861/379
f 1457/862/369 1458/863/380 1452/864/307
f 2921/539/236 2832/639/281 2836/865/381
f 777/828/320 793/861/379 781/829/327
f 1911/866/300 1903/867/167 1917/868/382
f 1918/869/383 1458/870/383 1457/871/383
f 1460/849/373 1466/872/384 1455/850/337
f 768/648/284 773/737/302 804/873/385
f 1923/874/386 1918/875/386 1919/876/386
f 1463/877/359 1452/864/307 1458/863/380
f 801/878/357 811/860/378 777/828/320
f 680/505/190 678/480/217 688/879/247
f 791/787/344 775/707/312 696/880/387
f 1924/813/360 1923/812/346 1930/881/388
f 1920/882/309 1921/883/342 1922/884/389
f 786/885/390 802/886/390 780/887/390
f 803/888/391 768/889/391 821/890/391
f 2321/891/392 2218/892/392 2227/893/392
f 1919/894/325 1930/895/393 1923/896/394
f 1903/808/167 1897/810/124 1917/897/382
f 1921/898/395 1924/899/395 1462/900/395
f 1455/901/396 1464/902/396 1459/903/396
f 1924/904/397 1930/905/397 1463/906/397
f 810/773/338 796/774/339 826/907/398
f 797/908/371 820/909/399 900/910/400
f 2683/824/366 2657/823/364 2695/911/401
f 1460/912/373 1457/913/402 1466/914/384
f 821/806/358 804/915/385 773/686/302
f 1910/916/292 1911/866/300 1929/917/403
f 761/918/263 690/919/257 697/920/404
f 1918/921/405 1923/922/405 1458/923/405
f 1457/924/406 1459/925/406 1464/926/406
f 1924/927/407 1463/928/407 1462/929/407
f 788/930/341 787/830/331 781/829/327
f 900/931/400 820/932/399 805/933/408
f 1925/934/409 1910/916/292 1929/917/403
f 1919/894/325 1463/935/359 1930/895/393
f 2664/936/410 2661/937/365 2658/938/411
f 779/939/412 805/940/408 809/941/413
f 1917/897/382 1897/810/124 1926/942/340
f 821/943/358 768/648/284 804/873/385
f 800/683/200 682/511/230 698/859/377
f 1929/917/403 1911/866/300 1917/868/382
f 2837/944/414 2828/559/248 2831/596/262
f 780/716/318 806/945/415 775/802/312
f 811/946/378 801/804/357 793/800/355
f 779/939/412 809/941/413 786/947/416
f 796/837/339 794/836/317 807/948/417
f 1920/949/309 1914/691/304 1908/767/310
f 1915/950/347 1910/916/292 1925/934/409
f 1923/951/418 1927/952/418 1930/953/418
f 775/802/312 806/945/415 696/954/387
f 2831/955/262 2921/539/236 2837/956/414
f 2664/936/410 2658/938/411 2665/957/419
f 690/855/375 800/857/200 699/958/420
f 1461/959/421 1455/960/337 1468/961/422
f 1458/962/380 1923/782/346 1915/783/347
f 1461/963/421 1478/964/423 1455/965/337
f 1455/965/337 1478/964/423 1464/966/424
f 1358/967/425 1359/968/426 1360/969/427
f 780/716/318 808/970/428 806/945/415
f 786/947/416 809/941/413 802/971/429
f 1458/962/380 1915/783/347 1928/972/430
f 901/843/271 814/973/431 797/841/371
f 2218/974/432 2237/975/433 2219/976/434
f 797/841/371 814/973/431 820/977/399
f 1358/967/425 1360/969/427 1558/978/435
f 2659/979/436 2661/937/365 2664/936/410
f 2921/539/236 2859/980/437 2926/981/438
f 805/933/408 820/932/399 809/982/413
f 810/983/338 814/973/431 901/843/271
f 1457/913/402 1464/984/439 1466/914/384
f 1358/967/425 1558/978/435 1482/985/440
f 1920/949/309 1929/986/403 1926/775/340
f 761/987/263 691/988/441 778/989/303
f 808/970/428 780/716/318 802/990/429
f 1465/991/442 1462/992/442 1463/993/442
f 1358/967/425 1441/994/443 1359/968/426
f 2827/524/214 2838/995/356 2933/637/280
f 1461/996/444 1469/997/444 1478/998/444
f 1359/968/426 1361/999/445 1360/969/427
f 793/1000/446 811/1001/446 809/1002/446
f 802/971/429 809/941/413 816/1003/447
f 2661/1004/365 2670/1005/448 2666/1006/363
f 1915/950/347 1925/934/409 1928/1007/430
f 1463/1008/359 1458/1009/380 1465/1010/449
f 816/1011/450 809/1012/450 811/1013/450
f 781/1014/451 812/1015/452 820/932/399
f 1920/949/309 1926/775/340 1914/691/304
f 2835/771/334 2846/1016/453 2832/639/281
f 809/1017/454 812/1018/454 793/1019/454
f 1922/884/389 1929/1020/403 1920/882/309
f 1468/961/422 1455/960/337 1466/1021/384
f 727/543/240 685/545/233 792/827/349
f 2926/981/438 2837/956/414 2921/539/236
f 2665/1022/455 2658/1023/455 2683/1024/455
f 703/1025/362 778/1026/303 691/1027/441
f 2217/1028/354 2219/1029/434 2220/1030/456
f 1462/1031/457 1496/1032/457 1921/1033/457
f 1478/1034/458 1467/1035/458 1464/1036/458
f 1458/1009/380 1928/1037/430 1465/1010/449
f 1917/897/382 1926/942/340 1929/1038/403
f 1360/1039/427 1361/1040/445 992/1041/459
f 781/1042/460 820/1043/460 817/1044/460
f 794/713/317 703/819/362 813/1045/461
f 1465/1046/462 1496/1047/462 1462/1048/462
f 1930/1049/463 1921/1050/463 1496/1051/463
f 2224/1052/464 2320/1053/465 2398/1054/466
f 1927/1055/467 1921/1056/342 1930/1057/468
f 1466/1058/384 1464/1059/439 1467/1060/469
f 792/1061/349 694/1062/470 692/1063/471
f 809/982/413 820/932/399 812/1015/452
f 1481/1064/472 1358/967/425 1482/1065/440
f 1468/1066/473 1470/1067/473 1461/1068/473
f 1929/1020/403 1922/884/389 1925/1069/409
f 814/1070/431 810/1071/338 826/1072/398
f 1481/1064/472 1441/994/443 1358/967/425
f 1360/1039/427 992/1041/459 1558/1073/435
f 727/543/240 792/827/349 692/1074/471
f 2224/1075/464 2398/1076/466 2235/1077/474
f 1468/1078/422 1466/1079/384 1470/1080/475
f 1461/1081/476 1476/1082/477 1469/1083/478
f 2662/1084/479 2667/1085/480 2660/1086/481
f 2664/1087/410 2662/1084/479 2659/1088/436
f 2227/797/352 2217/799/354 2226/1089/482
f 1931/1090/483 1923/1091/484 1927/1092/485
f 690/1093/486 699/1094/486 706/1095/486
f 1478/1096/487 1469/1097/487 1479/1098/487
f 686/532/235 727/577/240 693/1099/488
f 1482/1100/440 1558/1101/435 1559/1102/489
f 1930/1103/490 1496/1104/491 1927/1105/485
f 1927/1106/467 1923/1107/492 1925/1108/409
f 802/971/429 816/1003/447 825/1109/493
f 1472/1110/494 1470/1111/494 1471/1112/494
f 1923/1113/495 1931/1114/495 1925/1115/495
f 2218/974/432 2321/1116/496 2237/975/433
f 1466/1079/384 1471/1117/497 1470/1080/475
f 1470/1118/498 1472/1119/499 1474/1120/500
f 705/1121/501 696/954/387 806/945/415
f 811/946/502 815/1122/503 816/1123/447
f 2836/865/381 2840/1124/504 2921/539/236
f 1921/883/342 1932/1125/505 1922/884/389
f 695/1126/506 694/1127/470 792/1128/349
f 2664/1087/410 2667/1085/480 2662/1084/479
f 1927/1106/467 1925/1108/409 1932/1129/505
f 2235/1077/474 2398/1076/466 2221/1130/507
f 690/919/257 707/1131/508 697/920/404
f 1922/884/389 1932/1132/505 1925/1069/409
f 1931/1133/509 1928/1134/509 1925/1135/509
f 1472/1136/510 1471/1137/510 1473/1138/510
f 1362/1139/511 1359/1140/426 1441/1141/443
f 792/1142/349 791/1143/344 695/1144/506
f 1359/1140/426 1362/1139/511 1361/1145/445
f 1476/1082/477 1461/1081/476 1470/1146/498
f 793/800/512 815/1122/503 811/946/502
f 1928/1147/513 1931/1148/513 1465/1149/513
f 2661/1150/365 2659/1151/436 2670/1152/448
f 1921/1056/342 1927/1055/467 1932/1153/505
f 814/1070/431 826/1072/398 817/1154/514
f 719/1155/515 682/511/230 686/532/235
f 2659/1151/436 2662/1156/479 2660/1157/481
f 1472/1119/499 1473/1158/516 1474/1120/500
f 1558/1101/435 993/1159/517 1559/1102/489
f 696/1160/387 695/1144/506 791/1143/344
f 818/1161/518 819/1162/519 821/1163/520
f 2320/1053/465 2222/1164/521 2398/1054/466
f 1511/1165/522 1470/1166/498 1474/1167/500
f 2320/1168/523 2224/1169/523 2244/1170/523
f 1467/1060/469 1475/1171/524 1466/1058/384
f 697/1172/404 691/988/441 761/987/263
f 814/1070/431 817/1154/514 820/1173/399
f 2924/1174/525 2839/1175/526 2836/1176/381
f 1469/1177/478 1476/1178/477 1477/1179/527
f 1479/1180/528 1469/1181/528 1477/1182/528
f 793/1183/529 812/1184/529 781/1185/529
f 1466/1058/384 1475/1171/524 1471/1186/497
f 800/1187/200 698/1188/377 699/1189/420
f 1467/1190/530 1484/1191/530 1475/1192/530
f 2836/1176/381 2717/1193/531 2924/1174/525
f 821/1163/520 822/1194/532 818/1161/518
f 781/738/533 817/1195/514 832/1196/534
f 2834/670/294 2850/1197/535 2835/763/334
f 815/1122/503 793/800/512 781/738/533
f 2839/1175/526 2840/1198/504 2836/1176/381
f 1478/1199/536 1479/1200/537 1488/1201/536
f 819/1202/519 831/1203/538 821/1204/520
f 825/1109/493 808/1205/428 802/971/429
f 1475/1171/524 1485/1206/539 1471/1186/497
f 2663/1207/540 2657/821/364 2666/820/363
f 2664/1208/410 2682/1209/541 2667/1210/480
f 2660/1157/481 2670/1152/448 2659/1151/436
f 2235/1211/542 2223/1212/542 2224/1213/542
f 1467/1214/543 1478/1199/536 1488/1201/536
f 821/1215/544 831/1216/544 822/1217/544
f 1559/1102/489 1560/1218/545 1482/1100/440
f 2665/1219/546 2682/1220/546 2664/1221/546
f 1474/1222/547 1473/1223/547 1489/1224/547
f 1443/1225/548 1362/1139/511 1441/1141/443
f 2666/1226/363 2705/1227/549 2679/1228/550
f 796/837/339 807/948/417 527/1229/551
f 1927/1105/485 1496/1104/491 1498/1230/552
f 727/1231/553 700/1232/553 701/1233/553
f 1465/1234/554 1492/1235/555 1496/1236/556
f 2921/539/236 2840/1124/504 2859/980/437
f 726/1237/557 727/543/240 692/1074/471
f 2327/1238/558 2379/1239/559 2676/1240/560
f 2327/1241/561 2739/1242/561 2678/1243/561
f 727/1244/240 701/1245/562 693/1246/488
f 2244/1247/563 2224/1248/564 2223/1249/565
f 1927/1092/485 1498/1250/552 1931/1090/483
f 1441/994/443 1481/1064/472 1443/1251/548
f 794/836/317 813/1252/461 807/948/417
f 2660/1253/566 2667/1254/566 2689/1255/566
f 2660/1256/481 2668/1257/567 2670/1258/448
f 1470/1146/498 1480/1259/568 1476/1082/477
f 689/858/376 682/511/230 719/1155/515
f 2663/1260/540 2669/1261/569 2657/1262/364
f 2676/1263/570 2739/1264/570 2327/1265/570
f 1560/1266/545 1577/1267/571 1482/1268/440
f 1481/1269/572 1482/1270/572 1364/1271/572
f 2670/1272/448 2668/1273/567 2671/1274/573
f 817/1275/514 822/1276/532 832/1277/534
f 2666/1278/363 2672/1279/574 2705/1280/549
f 2850/1197/535 2852/1281/575 2835/763/334
f 2660/1282/481 2689/1283/576 2673/1284/577
f 2739/1285/578 2681/1286/579 2674/1287/580
f 2739/1288/578 2675/1289/581 2681/1290/579
f 2667/1210/480 2682/1209/541 2689/1291/582
f 2739/1288/578 2676/1292/583 2675/1289/581
f 1476/1293/477 1483/1294/584 1477/1295/527
f 1471/1296/585 1499/1297/585 1473/1298/585
f 1476/1299/586 1480/1300/586 1483/1301/586
f 1467/1302/587 1486/1303/587 1484/1304/587
f 2677/1305/588 2668/1257/567 2660/1256/481
f 2676/1240/560 2379/1239/559 2335/1306/589
f 2678/1307/590 2739/1285/578 2674/1287/580
f 2679/1308/550 2663/1309/540 2666/1310/363
f 2678/1311/591 2330/1312/592 2327/1313/593
f 815/1122/503 781/738/533 832/1196/534
f 2842/1314/594 2839/1175/526 2924/1174/525
f 2221/1315/507 2228/1316/595 2235/1317/474
f 2679/1308/550 2680/1318/596 2663/1309/540
f 1470/1166/498 1511/1165/522 1480/1319/568
f 2327/1313/593 2330/1312/592 2328/1320/597
f 992/1041/459 993/1321/517 1558/1073/435
f 796/774/339 823/1322/598 826/907/398
f 2832/639/281 2862/1323/599 2836/865/381
f 796/837/339 527/1229/551 823/1324/598
f 1561/1325/600 1563/1326/601 1571/1327/602
f 1564/1328/603 1491/1329/604 1561/1330/600
f 822/1331/532 817/1332/514 818/1333/518
f 2668/1273/567 2681/1334/579 2671/1274/573
f 815/1122/503 824/1335/605 816/1123/447
f 2660/1282/481 2673/1284/577 2677/1336/588
f 702/1337/606 691/988/441 697/1172/404
f 2379/1338/607 2327/1339/607 2328/1340/607
f 1484/1341/608 1486/1342/608 1475/1343/608
f 1475/1344/609 1493/1345/609 1485/1346/609
f 1482/1268/440 1577/1267/571 1364/1347/610
f 2686/1348/611 2682/1349/611 2683/1350/611
f 824/1335/605 825/1351/493 816/1123/447
f 2840/1198/504 2839/1175/526 2859/1352/437
f 703/1353/362 704/1354/612 813/1355/461
f 2676/1356/613 2670/1272/448 2671/1274/573
f 1491/1329/604 1563/1357/601 1561/1330/600
f 726/1358/557 700/1359/614 727/1360/240
f 817/1332/514 826/1361/398 818/1333/518
f 994/1362/615 993/1321/517 992/1041/459
f 2666/1006/363 2684/1363/616 2692/1364/617
f 2657/1262/364 2669/1261/569 2695/1365/401
f 2672/1366/574 2666/1367/363 2692/1368/617
f 2675/1369/618 2676/1370/619 2685/1371/620
f 1499/1372/621 1471/1373/621 1485/1374/621
f 1562/1375/622 1495/1376/623 1563/1377/601
f 696/1160/387 705/1378/501 695/1144/506
f 2682/1379/541 2843/1380/624 2924/1381/525
f 2686/1382/625 2843/1380/624 2682/1379/541
f 2683/1383/626 2682/1384/626 2665/1385/626
f 1477/1295/527 1483/1294/584 1479/1386/627
f 2670/1272/448 2676/1356/613 2687/1387/628
f 2688/1388/629 2681/1334/579 2668/1273/567
f 1483/1389/630 1480/1390/631 1499/1391/632
f 2717/1193/531 2836/1176/381 2862/1392/599
f 1364/1347/610 1577/1267/571 1505/1393/633
f 2834/670/294 2833/669/293 2854/1394/634
f 703/1025/362 691/1027/441 704/1395/612
f 710/1396/635 690/1397/635 706/1398/635
f 1564/1399/603 1933/1400/636 1491/1401/604
f 1931/1402/637 1487/1403/638 1465/1404/554
f 1493/1405/639 1475/1406/639 1486/1407/639
f 2668/1408/567 2677/1409/588 2688/1410/629
f 2670/1005/448 2684/1363/616 2666/1006/363
f 2331/1411/640 2391/1412/641 2328/1413/597
f 819/1414/642 818/1415/642 830/1416/642
f 2671/1274/573 2681/1334/579 2675/1417/581
f 2702/1418/643 2689/1419/582 2682/1379/541
f 831/1203/538 819/1202/519 830/1420/644
f 692/1063/471 694/1062/470 708/1421/645
f 1491/1329/604 1562/1422/622 1563/1357/601
f 1489/1423/646 1490/1424/646 1474/1425/646
f 2928/1426/647 2828/559/248 2844/1427/648
f 826/1361/398 827/1428/649 818/1333/518
f 2928/1426/647 2838/803/356 2828/559/248
f 2391/1412/641 2329/1429/650 2328/1413/597
f 700/1359/614 726/1358/557 712/1430/651
f 1361/1431/445 1362/1432/511 995/1433/652
f 707/1434/508 702/1435/606 697/1436/404
f 2470/1437/653 2329/1438/650 2400/1439/654
f 2854/1394/634 2850/1197/535 2834/670/294
f 2335/1306/589 2379/1239/559 2404/1440/655
f 1483/1441/630 1493/1442/656 1486/1443/657
f 1504/1444/658 1565/1445/659 1571/1446/602
f 2841/1447/660 2833/1448/293 2830/411/195
f 1564/1399/603 1566/1449/661 1933/1400/636
f 1931/1450/662 1498/1451/662 1487/1452/662
f 2714/1453/663 2702/1418/643 2682/1379/541
f 1504/1444/658 1571/1446/602 1563/1454/601
f 1488/1455/664 1479/1456/664 1492/1457/664
f 1443/1225/548 1363/1458/665 1362/1139/511
f 690/1459/257 710/1460/666 707/1461/508
f 2675/1369/618 2685/1371/620 2700/1462/667
f 2689/1463/668 2697/1464/668 2673/1465/668
f 2842/1466/594 2924/1467/525 2843/1468/624
f 2335/1469/669 2690/1470/669 2676/1471/669
f 1488/1472/670 1492/1473/670 1487/1474/670
f 1467/1475/671 1488/1476/671 1486/1477/671
f 694/1127/470 695/1126/506 708/1478/645
f 2470/1437/653 2328/1479/597 2329/1438/650
f 2677/1409/588 2691/1480/672 2688/1410/629
f 1489/1481/673 1473/1482/673 1506/1483/673
f 831/1484/538 853/1485/674 822/1276/532
f 1489/1486/675 1491/1487/675 1490/1488/675
f 2219/1489/434 2237/1490/433 2225/1491/676
f 2678/1492/677 2331/1493/677 2330/1494/677
f 1479/1495/627 1507/1496/678 1497/1497/679
f 1496/1236/556 1492/1235/555 1497/1497/679
f 726/1498/557 692/1063/471 716/1499/680
f 2714/1453/663 2682/1379/541 2924/1381/525
f 2330/1500/592 2331/1411/640 2328/1413/597
f 2670/1272/448 2687/1387/628 2692/1501/617
f 2690/1502/681 2687/1387/628 2676/1356/613
f 1562/1503/622 1491/1504/604 1489/1505/682
f 2220/1506/456 2226/1507/482 2217/1508/354
f 2678/1307/590 2674/1287/580 2693/1509/683
f 992/1041/459 995/1510/652 996/1511/684
f 1442/1512/685 1443/1251/548 1481/1064/472
f 2331/1513/640 2678/1514/590 2332/1515/686
f 2379/1516/687 2328/1517/687 2470/1518/687
f 2689/1519/688 2694/1520/688 2697/1521/688
f 2226/1522/689 2321/1523/689 2227/1524/689
f 1507/1496/678 1479/1495/627 1483/1525/584
f 995/1510/652 992/1041/459 1361/1040/445
f 2686/1526/625 2683/1527/366 2695/1528/401
f 1492/1529/555 1465/1404/554 1487/1403/638
f 1491/1401/604 1933/1400/636 1490/1530/690
f 2696/1531/691 2843/1532/624 2686/1526/625
f 2670/1533/692 2692/1534/692 2684/1535/692
f 2671/1274/573 2685/1536/693 2676/1356/613
f 2379/1537/559 2470/1538/653 2389/1539/694
f 1495/1540/623 1567/1541/695 1504/1542/696
f 1503/1543/697 1562/1503/622 1489/1505/682
f 692/1063/471 708/1421/645 716/1499/680
f 1497/1497/679 1492/1235/555 1479/1495/627
f 1483/1389/630 1499/1391/632 1493/1544/656
f 1474/1545/698 1490/1546/698 1511/1547/698
f 2221/1130/507 2409/1548/699 2228/1549/595
f 1493/1550/700 1499/1551/700 1485/1552/700
f 818/1553/701 827/1554/701 830/1555/701
f 691/1027/441 702/1556/606 704/1395/612
f 2409/1548/699 2221/1130/507 2398/1076/466
f 1561/1325/600 1571/1327/602 1594/1557/702
f 1364/1558/703 1365/1559/704 1481/1064/472
f 2219/1489/434 2225/1491/676 2229/1560/705
f 706/1561/706 699/1562/706 710/1563/706
f 707/1434/508 714/1564/707 702/1435/606
f 2335/1306/589 2404/1440/655 2333/1565/708
f 2689/1566/709 2702/1567/709 2694/1568/709
f 1495/1540/623 1504/1542/696 1568/1569/710
f 826/907/398 823/1322/598 827/1570/649
f 1480/1571/711 1511/1572/711 1499/1573/711
f 1505/1574/712 1567/1541/695 1495/1540/623
f 1486/1443/657 1488/1575/713 1483/1441/630
f 2390/1576/714 2329/1438/650 2391/1577/641
f 1564/1399/603 1579/1578/715 1566/1449/661
f 1562/1579/622 1494/1580/716 1495/1581/623
f 2331/1513/640 2332/1515/686 2334/1582/717
f 2400/1439/654 2392/1583/718 2393/1584/719
f 1504/1585/720 1567/1586/720 1505/1587/720
f 1488/1588/713 1500/1589/721 1483/1590/630
f 2843/1468/624 2925/1591/722 2842/1466/594
f 2717/1193/531 2714/1592/663 2924/1174/525
f 1496/1593/723 1497/1594/723 1498/1595/723
f 2844/1427/648 2828/559/248 2837/944/414
f 2329/1438/650 2390/1576/714 2400/1439/654
f 996/1511/684 994/1362/615 992/1041/459
f 2673/1596/577 2697/1597/724 2698/1598/725
f 701/1599/726 700/1600/726 718/1601/726
f 2926/981/438 2859/980/437 2724/1602/727
f 2229/1603/705 2220/1030/456 2219/1029/434
f 2222/1604/728 2320/1605/728 2410/1606/728
f 1473/1607/729 1499/1608/729 1506/1609/729
f 1594/1557/702 1571/1327/602 1574/1610/730
f 806/945/415 808/970/428 721/1611/731
f 2672/1279/574 2711/1612/732 2705/1280/549
f 2699/1613/733 2687/1387/628 2690/1502/681
f 2700/1614/734 2685/1536/693 2671/1274/573
f 2697/1615/735 2694/1616/735 2702/1617/735
f 2392/1583/718 2400/1439/654 2390/1576/714
f 2697/1618/724 2701/1619/736 2698/1620/725
f 2697/1621/724 2702/1622/643 2701/1623/736
f 2688/1388/629 2691/1624/672 2681/1334/579
f 808/1205/428 825/1109/493 829/1625/737
f 710/1626/738 718/1627/738 700/1628/738
f 2844/1629/739 2845/1630/739 2928/1631/739
f 2691/1480/672 2677/1409/588 2703/1632/740
f 1488/1588/713 1487/1633/741 1500/1589/721
f 1483/1634/742 1500/1635/742 1507/1636/742
f 2687/1387/628 2699/1613/733 2704/1637/743
f 2680/1638/744 2679/1639/744 2705/1640/744
f 2704/1641/743 2711/1642/732 2672/1366/574
f 1563/1377/601 1495/1376/623 1568/1643/710
f 1568/1644/745 1504/1645/745 1563/1646/745
f 705/1121/501 806/945/415 721/1611/731
f 686/532/235 693/1099/488 711/1647/746
f 2400/1439/654 2394/1648/747 2470/1437/653
f 1489/1505/682 1506/1649/748 1503/1543/697
f 2390/1576/714 2391/1577/641 2395/1650/749
f 1494/1580/716 1562/1579/622 1503/1651/697
f 1559/1102/489 993/1159/517 1576/1652/750
f 1497/1653/751 1487/1654/751 1498/1655/751
f 1572/1656/752 1571/1446/602 1565/1445/659
f 2844/1657/753 2849/1658/753 2845/1659/753
f 1577/1660/571 1565/1661/659 1504/1662/658
f 2233/1663/754 2232/1664/755 1978/1665/756
f 2244/1666/563 2230/1667/757 2320/1668/758
f 2681/1669/579 2691/1670/672 2475/1671/759
f 1501/1672/760 1510/1673/761 1514/1674/762
f 527/1229/551 807/948/417 813/1252/461
f 2835/763/334 2852/1281/575 2846/1675/453
f 2678/1514/590 2693/1676/683 2332/1515/686
f 2335/1677/763 2333/1678/763 2690/1679/763
f 2235/1317/474 2228/1316/595 2231/1680/764
f 1499/1681/765 1511/1682/765 1502/1683/765
f 2849/1684/766 2844/1427/648 2837/944/414
f 2704/1641/743 2672/1366/574 2692/1368/617
f 708/1421/645 695/1685/506 709/1686/767
f 1978/1665/756 1822/1687/768 1933/1688/636
f 2391/1577/641 2396/1689/769 2395/1650/749
f 1514/1690/770 1503/1691/770 1506/1692/770
f 2925/1693/722 2843/1532/624 2706/1694/771
f 1577/1695/772 1504/1696/772 1505/1697/772
f 2839/1175/526 2858/1698/773 2859/1352/437
f 2692/1501/617 2687/1387/628 2704/1637/743
f 1501/1699/774 1514/1700/774 1506/1701/774
f 1566/1702/661 1934/1703/775 1978/1704/756
f 1497/1705/679 1933/1688/636 1822/1687/768
f 1561/1330/600 1594/1706/702 1564/1328/603
f 2855/1707/776 2707/1708/777 2708/1709/778
f 2843/1532/624 2696/1531/691 2706/1694/771
f 699/1189/420 698/1188/377 710/1710/779
f 701/1245/562 711/1711/746 693/1246/488
f 2416/1712/780 2400/1713/654 2393/1714/719
f 1933/1715/636 1497/1716/679 1507/1717/678
f 2232/1718/755 2233/1719/754 2234/1720/781
f 2235/1721/474 2231/1722/764 2223/1723/565
f 712/1724/782 726/1725/782 716/1726/782
f 2680/1727/596 2709/1728/783 2663/1729/540
f 1501/1672/760 1506/1730/784 1512/1731/785
f 2394/1648/747 2471/1732/786 2470/1437/653
f 1933/1733/636 1566/1702/661 1978/1704/756
f 2673/1284/577 2703/1734/740 2677/1336/588
f 700/1359/614 707/1461/508 710/1460/666
f 2389/1735/694 2404/1440/655 2379/1239/559
f 1933/1715/636 1507/1717/678 1511/1736/787
f 2839/1175/526 2842/1314/594 2925/1737/722
f 1933/1715/636 1511/1736/787 1490/1738/690
f 2332/1515/686 2396/1739/769 2334/1582/717
f 2232/1740/755 2252/1741/788 2236/1742/789
f 1822/1687/768 1978/1665/756 2232/1664/755
f 2690/1743/681 2333/1744/708 2336/1745/790
f 704/1746/791 702/1747/791 526/1748/791
f 2714/1749/792 2717/1750/792 2721/1751/792
f 2862/1323/599 2832/639/281 2861/1752/793
f 2320/1753/794 2418/1754/794 2410/1755/794
f 1574/1610/730 1571/1327/602 1569/1756/795
f 825/1351/493 828/1757/796 829/1758/737
f 2674/1287/580 2681/1286/579 2693/1509/683
f 1365/1759/797 1364/1760/797 1366/1761/797
f 2393/1584/719 2392/1583/718 2225/1762/798
f 2416/1712/780 2397/1763/799 2400/1713/654
f 2392/1764/800 2229/1765/800 2225/1766/800
f 2671/1767/801 2675/1768/801 2700/1769/801
f 2471/1770/786 2389/1539/694 2470/1538/653
f 2839/1175/526 2925/1737/722 2858/1698/773
f 2698/1620/725 2701/1619/736 2710/1771/802
f 2229/1772/705 2392/1773/718 2220/1774/456
f 2237/1775/803 2321/1776/803 2393/1777/803
f 824/1335/605 828/1757/796 825/1351/493
f 2702/1622/643 2718/1778/804 2701/1623/736
f 1575/1779/805 1574/1780/730 1569/1781/795
f 1494/1782/716 1505/1783/712 1495/1784/623
f 2393/1785/806 2225/1786/806 2237/1787/806
f 1505/1788/807 1366/1789/807 1364/1790/807
f 1365/1559/704 1442/1512/685 1481/1064/472
f 1559/1102/489 1570/1791/808 1560/1218/545
f 2398/1792/466 2399/1793/809 2409/1794/699
f 1822/1687/768 1487/1795/741 1497/1705/679
f 2410/1796/810 2398/1792/466 2222/1797/521
f 2334/1798/811 2396/1799/811 2337/1800/811
f 2850/1801/812 2854/1802/812 2851/1803/812
f 2400/1804/654 2471/1732/786 2394/1648/747
f 2699/1613/733 2690/1805/681 2711/1806/732
f 2220/1807/456 2234/1720/781 2226/1808/482
f 1502/1809/813 1508/1810/813 1499/1811/813
f 1509/1812/814 1511/1813/787 1507/1814/678
f 2403/1815/815 2471/1770/786 2400/1816/654
f 2756/1817/816 2741/1818/816 2742/1819/816
f 2233/1719/754 2321/1820/817 2234/1720/781
f 2252/1741/788 2232/1740/755 2220/1774/456
f 698/1821/818 713/1822/818 710/1823/818
f 808/1824/428 829/1825/737 838/1826/819
f 2399/1793/809 2398/1792/466 2410/1796/810
f 2854/1394/634 2833/669/293 2878/1827/820
f 2861/1752/793 2847/1828/821 2862/1323/599
f 2698/1598/725 2480/1829/822 2673/1596/577
f 1514/1830/762 1510/1831/761 1519/1832/823
f 2401/1833/824 2392/1583/718 2390/1576/714
f 1499/1834/825 1508/1835/825 1506/1836/825
f 2709/1728/783 2680/1727/596 2705/1837/549
f 2234/1720/781 2220/1807/456 2232/1718/755
f 2337/1838/826 2396/1839/826 2391/1840/826
f 2669/1841/569 2686/1526/625 2695/1528/401
f 2234/1720/781 2321/1820/817 2226/1808/827
f 2711/1806/732 2704/1637/743 2699/1613/733
f 1494/1580/716 1503/1651/697 1517/1842/828
f 1569/1843/829 1571/1844/829 1572/1845/829
f 1509/1846/830 1502/1847/830 1511/1848/830
f 1512/1849/785 1506/1850/784 1513/1851/831
f 2832/639/281 2846/1016/453 2848/1852/832
f 2845/1853/833 2849/1854/833 2864/1855/833
f 2334/1856/717 2391/1857/641 2331/1858/640
f 830/1859/644 844/1860/834 831/1861/538
f 2858/1698/773 2925/1737/722 2706/1862/771
f 2693/1509/683 2681/1286/579 2712/1863/835
f 1821/1864/836 1822/1865/768 2232/1866/755
f 1500/1867/721 1509/1812/814 1507/1814/678
f 2402/1868/837 2395/1650/749 2396/1689/769
f 704/1869/612 528/1870/838 813/1871/461
f 2850/1872/839 2851/1873/839 2852/1874/839
f 2853/1875/840 2851/1876/840 2854/1877/840
f 2707/1708/777 2709/1728/783 2708/1709/778
f 2233/1878/754 1978/1879/756 2238/1880/841
f 2233/1878/754 2238/1880/841 2321/1881/817
f 1572/1882/752 1575/1779/805 1569/1781/795
f 2416/1712/780 2393/1714/719 2321/1883/817
f 2686/1526/625 2713/1884/842 2696/1531/691
f 2855/1885/776 2857/1886/843 2707/1887/777
f 2703/1734/740 2673/1284/577 2483/1888/844
f 2706/1889/845 2707/1890/845 2858/1891/845
f 1363/1458/665 1367/1892/846 1362/1139/511
f 2702/1622/643 2714/1893/663 2715/1894/847
f 2334/1856/717 2337/1895/848 2391/1857/641
f 1829/1896/849 1825/1897/850 1826/1898/851
f 720/1899/852 695/1144/506 705/1378/501
f 721/1900/731 808/1824/428 838/1826/819
f 698/859/377 689/858/376 713/1901/853
f 2400/1902/854 2397/1903/854 2403/1904/854
f 2707/1708/777 2706/1694/771 2709/1728/783
f 2709/1728/783 2705/1837/549 2708/1709/778
f 2226/1905/855 2234/1906/855 2239/1907/855
f 2708/1709/778 2856/1908/856 2855/1707/776
f 2669/1841/569 2713/1884/842 2686/1526/625
f 1575/1909/805 1572/1910/752 1573/1911/857
f 834/1912/858 815/1913/858 832/1914/858
f 2220/1774/456 2392/1773/718 2401/1915/824
f 2690/1916/681 2716/1917/859 2711/1612/732
f 2418/1918/860 2320/1668/758 2230/1667/757
f 2711/1612/732 2740/1919/861 2705/1280/549
f 1487/1920/741 1509/1812/814 1500/1867/721
f 1442/1921/685 1363/1458/665 1443/1922/548
f 1576/1923/750 993/1321/517 1003/1924/862
f 1574/1925/730 1575/1926/805 1573/1927/857
f 2713/1884/842 2669/1928/569 2663/1729/540
f 716/1499/680 708/1421/645 538/1929/863
f 707/1461/508 700/1359/614 712/1430/651
f 2719/1930/864 2721/1931/865 2717/1932/866
f 2404/1933/655 2405/1934/867 2333/1935/708
f 2837/944/414 2926/1936/438 2849/1684/766
f 707/1937/868 712/1938/868 714/1939/868
f 2705/1837/549 2856/1908/856 2708/1709/778
f 2338/1940/869 2390/1576/714 2395/1650/749
f 2856/1941/856 2857/1942/843 2855/1943/776
f 2255/1944/870 2275/1945/871 2240/1946/872
f 2332/1515/686 2693/1676/683 2380/1947/873
f 2701/1619/736 2719/1948/864 2710/1771/802
f 2338/1949/869 2402/1950/837 2380/1947/873
f 1512/1731/785 1939/1951/874 1501/1672/760
f 2857/1886/843 2858/1952/875 2707/1887/777
f 2220/1774/456 2241/1953/876 2252/1741/788
f 2380/1947/873 2396/1954/769 2332/1515/686
f 2701/1955/877 2718/1956/877 2719/1957/877
f 2236/1958/878 1821/1959/878 2232/1960/878
f 2857/1961/879 2859/1962/879 2858/1963/879
f 2856/1908/856 2705/1837/549 2720/1964/880
f 2380/1947/873 2402/1950/837 2396/1954/769
f 1362/1432/511 902/1965/881 995/1433/652
f 1565/1661/659 1577/1660/571 1572/1966/752
f 1559/1102/489 1576/1967/750 1570/1791/808
f 527/1968/551 813/1969/461 528/1970/838
f 719/1155/515 686/532/235 711/1647/746
f 2706/1694/771 2713/1884/842 2709/1728/783
f 822/1276/532 853/1485/674 832/1277/534
f 2713/1884/842 2663/1729/540 2709/1728/783
f 2416/1971/780 2321/1972/817 2242/1973/882
f 710/1974/883 713/1975/853 715/1976/884
f 2321/1972/817 2243/1977/885 2242/1973/882
f 2715/1894/847 2718/1778/804 2702/1622/643
f 2706/1694/771 2696/1531/691 2713/1884/842
f 1829/1896/849 1826/1898/851 1823/1978/886
f 2220/1774/456 2254/1979/887 2241/1953/876
f 1591/1980/888 1573/1911/857 1572/1910/752
f 716/1981/889 717/1982/890 712/1983/891
f 708/1421/645 709/1686/767 538/1929/863
f 2724/1984/727 2859/1985/437 2857/1942/843
f 2715/1894/847 2714/1893/663 2721/1986/865
f 526/1987/892 528/1870/838 704/1869/612
f 2841/1447/660 2830/411/195 2933/637/280
f 1513/1851/831 1506/1850/784 1508/1988/893
f 831/1861/538 844/1860/834 853/1989/674
f 718/1990/894 710/1974/883 715/1976/884
f 719/1991/515 715/1992/884 689/1993/376
f 2681/1994/895 2475/1995/895 2477/1996/895
f 1501/1672/760 1939/1951/874 1510/1673/761
f 711/1711/746 701/1245/562 718/1990/894
f 1487/1997/741 1822/1998/768 1824/1999/896
f 2248/2000/897 2254/1979/887 2220/1774/456
f 1502/2001/898 1509/2002/814 1508/2003/893
f 2238/1880/841 1978/1879/756 2322/2004/899
f 1586/2005/900 1574/1925/730 1573/1927/857
f 2474/2006/901 2693/2007/683 2712/2008/835
f 2380/1947/873 2693/1676/683 2474/2009/901
f 695/1685/506 720/2010/852 709/1686/767
f 712/2011/902 529/2012/902 714/2013/902
f 1503/2014/903 1514/2015/903 1378/2016/903
f 2691/1480/672 2703/1632/740 2722/2017/904
f 1574/1610/730 1586/2018/900 1594/1557/702
f 815/1122/503 906/2019/905 824/1335/605
f 2719/1948/864 2717/2020/866 2863/2021/906
f 2244/2022/563 2246/2023/907 2230/1667/757
f 2719/1930/864 2718/2024/804 2715/2025/847
f 1577/1660/571 1375/2026/908 1572/1966/752
f 714/2027/909 529/2028/909 702/2029/909
f 2322/2004/899 2243/2030/885 2321/1881/817
f 2406/2031/910 2404/2032/655 2389/1539/694
f 2322/2004/899 2321/1881/817 2238/1880/841
f 2744/2033/911 2742/2034/912 2741/2035/913
f 1822/1865/768 1821/1864/836 1824/2036/896
f 1560/1218/545 1375/2037/908 1577/2038/571
f 527/2039/551 535/2040/914 823/2041/598
f 844/1860/834 830/1859/644 833/2042/915
f 1594/1706/702 1578/2043/916 1579/2044/715
f 1362/1432/511 1367/2045/846 902/1965/881
f 2220/1774/456 2401/1915/824 2248/2000/897
f 2406/2031/910 2405/2046/867 2404/2032/655
f 529/2047/917 712/1983/891 717/1982/890
f 1978/2048/756 1934/2049/775 1935/2050/918
f 2691/1670/672 2722/2051/904 2475/1671/759
f 2716/1917/859 2690/1916/681 2336/2052/790
f 1825/2053/919 1828/2054/919 1826/2055/919
f 2252/1741/788 1821/2056/920 2236/1742/789
f 2397/1763/799 2407/2057/921 2403/1815/815
f 1579/1578/715 1580/2058/922 1566/1449/661
f 2254/1979/887 2245/2059/923 2241/1953/876
f 1978/1879/756 2323/2060/924 2322/2004/899
f 815/1122/503 834/2061/925 835/2062/926
f 2853/2063/927 2869/2064/928 2851/2065/929
f 1508/2066/893 1515/2067/930 1530/2068/931
f 689/1993/376 715/1992/884 713/2069/853
f 823/1322/598 535/2070/914 827/1570/649
f 2705/1280/549 2740/1919/861 2720/2071/880
f 1579/2044/715 1564/1328/603 1594/1706/702
f 2743/2072/932 2756/2073/933 2742/2074/912
f 2698/1620/725 2561/2075/934 2480/2076/822
f 1823/2077/935 1826/2078/935 1834/2079/935
f 705/1378/501 721/2080/731 720/1899/852
f 2338/1940/869 2258/2081/936 2390/1576/714
f 2721/1931/865 2719/1930/864 2715/2025/847
f 1828/2082/937 1832/2083/937 1827/2084/937
f 2223/1249/565 2246/2085/907 2244/1247/563
f 2247/2086/938 2254/2087/938 2248/2088/938
f 906/2019/905 815/1122/503 835/2062/926
f 1828/2089/939 1825/2090/939 1829/2091/939
f 1378/2092/940 1519/1832/823 1516/2093/941
f 718/1990/894 715/1976/884 719/2094/515
f 2252/1741/788 2241/1953/876 2245/2059/923
f 2389/1539/694 2471/1770/786 2406/2031/910
f 2260/2095/942 2231/1680/764 2228/1316/595
f 2255/1944/943 2272/2096/944 2275/1945/945
f 2860/2097/946 2847/2098/946 2861/2099/946
f 1823/2100/886 1834/2101/947 1945/2102/948
f 1594/1706/702 1593/2103/949 1578/2043/916
f 1505/1783/712 1494/1782/716 1521/2104/950
f 2402/1868/837 2338/1940/869 2395/1650/749
f 2845/2105/951 2934/2106/951 2928/2107/951
f 2673/1596/577 2480/1829/822 2483/2108/844
f 526/2109/892 702/2110/952 531/2111/953
f 1581/2112/954 1582/2113/955 1583/2114/956
f 2862/2115/957 2863/2116/957 2717/2117/957
f 2416/1971/780 2242/1973/882 2249/2118/958
f 718/1990/894 719/2094/515 711/1711/746
f 2475/2119/759 2722/2120/904 2476/2121/959
f 1584/2122/960 1582/2113/955 1581/2112/954
f 717/2123/961 716/2124/961 529/2125/961
f 2322/2004/899 2250/2126/962 2243/2030/885
f 2407/2057/921 2397/1763/799 2416/1712/780
f 1560/1218/545 1570/1791/808 1375/2037/908
f 2864/2127/963 2849/1684/766 2926/1936/438
f 2862/2128/964 2867/2129/965 2863/2130/906
f 528/1970/838 530/2131/966 527/1968/551
f 2477/2132/967 2712/1863/835 2681/1286/579
f 1515/2133/930 1508/2003/893 1509/2002/814
f 1517/2134/828 1521/2104/950 1494/1782/716
f 1582/2113/955 1584/2122/960 1585/2135/968
f 2401/1833/824 2390/1576/714 2258/2081/936
f 1510/2136/969 1527/2137/969 1520/2138/969
f 2408/2139/970 2406/2031/910 2471/1770/786
f 2417/2140/971 2409/2141/699 2399/2142/809
f 2251/2143/972 2254/1979/973 2248/2000/897
f 2724/1984/727 2857/1942/843 2856/1941/856
f 1000/2144/974 994/1362/615 996/1511/684
f 1515/2067/930 1537/2145/975 1530/2068/931
f 2854/2146/634 2869/2064/928 2853/2063/927
f 994/1362/615 1003/1924/862 993/1321/517
f 2926/981/438 2724/1602/727 2865/2147/976
f 2867/2148/977 2862/2149/977 2847/2150/977
f 2475/2151/759 2476/2152/959 2477/2153/978
f 1595/2154/979 1572/1966/752 1375/2026/908
f 2711/1612/732 2716/1917/859 2723/2155/980
f 2231/1722/764 2261/2156/981 2223/1723/565
f 1580/2157/922 1934/1703/775 1566/1702/661
f 1939/2158/982 1512/2159/982 1518/2160/982
f 1378/2092/940 1514/1830/762 1519/1832/823
f 1583/2161/983 1582/2162/983 997/2163/983
f 1936/2164/984 1935/2050/918 1934/2049/775
f 997/2165/985 1582/2113/955 1585/2135/968
f 2928/2166/647 2929/2167/986 2838/2168/356
f 526/1987/892 531/2169/953 528/1870/838
f 1937/2170/987 2323/2171/924 1978/2172/756
f 1978/2048/756 1935/2050/918 1936/2164/984
f 2417/2173/971 2228/1549/595 2409/1548/699
f 2740/1919/861 2711/1612/732 2723/2155/980
f 1939/1951/874 1938/2174/988 1510/1673/761
f 2478/2175/989 2479/2176/990 2494/2177/991
f 1527/2178/992 1510/2179/992 1938/2180/992
f 1519/2181/823 1510/2182/761 1520/2183/993
f 2712/2008/835 2342/2184/994 2474/2006/901
f 836/2185/995 833/2042/915 830/1859/644
f 702/2110/952 529/2186/996 531/2111/953
f 2852/2187/575 2868/2188/997 2846/1016/453
f 2480/2189/998 2561/2190/998 2481/2191/998
f 2930/2192/999 2934/2193/1000 2845/2194/1001
f 1521/2195/1002 1523/2196/1002 1505/2197/1002
f 1366/2198/1003 1505/2199/1004 1522/2200/1005
f 2414/2201/1006 2416/1971/780 2249/2118/958
f 2698/1620/725 2710/1771/802 2561/2075/934
f 832/1277/534 853/1485/674 1005/2202/1007
f 1519/2203/823 1524/2204/1008 1516/2205/941
f 2399/2206/1009 2410/2207/1009 2418/2208/1009
f 2250/2126/962 2242/2209/882 2243/2030/885
f 1830/2210/1010 1826/2211/1011 1828/2212/1012
f 1579/1578/715 1588/2213/1013 1580/2058/922
f 1518/2214/1014 1512/1849/785 1529/2215/1015
f 2252/2216/788 2245/2217/923 2324/2218/1016
f 2719/1948/864 2863/2021/906 2710/1771/802
f 2742/2219/912 2744/2220/911 2732/2221/1017
f 1831/2222/1018 1838/2223/1019 1832/2224/1020
f 1833/2225/1021 1824/2036/896 1821/1864/836
f 1586/2226/900 1573/2227/857 1587/2228/1022
f 2845/2229/1023 2864/2230/1023 2930/2231/1023
f 1513/2232/831 1508/2233/893 1530/2234/931
f 1578/2043/916 1588/2235/1013 1579/2044/715
f 2257/2236/1024 2245/2237/923 2254/2238/887
f 1594/2239/702 1586/2226/900 1587/2228/1022
f 2249/2240/958 2242/2241/882 2250/2242/962
f 1366/2198/1003 1522/2200/1005 1523/2243/1025
f 1519/2181/823 1520/2183/993 1524/2244/1008
f 1522/2245/1026 1505/2246/1026 1523/2247/1026
f 2403/1815/815 2408/2139/970 2471/1770/786
f 2249/2240/958 2250/2242/962 2322/2248/899
f 1601/2249/1027 1584/2122/960 1581/2112/954
f 2380/2250/873 2339/2251/1028 2338/2252/869
f 1589/2253/1029 1590/2254/1030 1585/2255/968
f 2253/2256/1031 2254/2257/1031 2251/2258/1031
f 2482/2259/1032 2489/2260/1033 2478/2261/989
f 1978/2262/756 1936/2263/984 1937/2264/987
f 1608/2265/1034 1587/2228/1022 1573/2227/857
f 2255/2266/943 2268/2267/1035 2256/2268/1036
f 2260/2269/942 2228/1549/595 2417/2173/971
f 1945/2102/948 1834/2101/947 1942/2270/1037
f 1938/2271/1038 1939/2272/1038 1942/2273/1038
f 2254/2238/887 2253/2274/1039 2257/2236/1024
f 1828/2275/1040 1829/2276/849 1823/2277/886
f 1378/2278/1041 1517/1842/828 1503/1651/697
f 1591/2279/888 1572/1966/752 1595/2154/979
f 527/2039/551 530/2280/966 535/2040/914
f 2336/2281/790 2333/2282/708 2411/2283/1042
f 2252/1741/788 2325/2284/1043 1821/2056/920
f 2255/1944/943 2256/2285/1036 2273/2286/1044
f 2245/2217/923 2257/2287/1024 2324/2218/1016
f 1512/1849/785 1513/1851/831 1529/2215/1015
f 1487/1997/741 1940/2288/1045 1509/2289/814
f 1940/2288/1045 1487/1997/741 1824/1999/896
f 1823/2277/886 1945/2290/948 1832/2291/1046
f 1939/2292/1047 1518/2293/1047 1942/2294/1047
f 2248/2000/897 2401/1915/824 2258/2295/936
f 2251/2143/972 2248/2000/897 2258/2295/936
f 2724/2296/1048 2856/2297/1048 2720/2298/1048
f 1824/2299/1049 1951/2300/1049 1940/2301/1049
f 837/2302/1050 721/1900/731 838/1826/819
f 1521/2303/950 1517/2304/828 1531/2305/1051
f 1007/2306/1052 997/2307/985 1585/2308/968
f 3051/2309/1053 2864/2127/963 2926/1936/438
f 2861/1752/793 2832/639/281 2848/1852/832
f 1832/2291/1046 1828/2275/1040 1823/2277/886
f 1368/2310/1054 1363/1458/665 1442/1921/685
f 995/1510/652 903/2311/1055 996/1511/684
f 2275/2312/945 2280/2313/1056 2255/2314/1057
f 2720/2315/880 2871/2316/1058 2724/2317/1059
f 1585/2308/968 1590/2318/1030 1007/2306/1052
f 1007/2319/1060 1583/2320/1060 997/2321/1060
f 1592/2322/1061 1570/2323/808 1576/2324/750
f 2725/2325/1062 2740/2326/861 2726/2327/1063
f 2273/2286/1044 2272/2096/944 2255/1944/943
f 1830/2210/1010 1828/2212/1012 1832/2224/1064
f 1593/2328/949 1594/2329/702 1587/2330/1022
f 994/1362/615 1000/2144/974 1003/1924/862
f 2325/2331/1043 2252/2216/788 2324/2218/1016
f 1001/2332/1065 1581/2112/954 1583/2114/956
f 1518/2333/1014 1529/2334/1015 1941/2335/1066
f 1941/2335/1066 1942/2336/1067 1518/2333/1014
f 1938/2337/1068 1942/2338/1068 1834/2339/1068
f 2861/2340/793 2848/2341/832 2866/2342/1069
f 2333/1935/708 2405/1934/867 2428/2343/1070
f 1585/2255/968 1584/2344/960 1589/2253/1029
f 1595/2345/979 1596/2346/1071 1591/2347/888
f 2483/2348/844 2480/2349/822 2562/2350/1072
f 2260/2095/942 2262/2351/1073 2231/1680/764
f 1363/1458/665 1368/2310/1054 1367/1892/846
f 829/1758/737 828/1757/796 838/2352/819
f 528/1970/838 539/2353/1074 530/2131/966
f 528/1970/838 531/2354/953 539/2353/1074
f 1942/2355/1075 1941/2356/1075 1945/2357/1075
f 2324/2358/1016 2257/2359/1024 2251/2360/972
f 2380/2361/873 2474/2362/901 2341/2363/1076
f 1375/2026/908 1597/2364/1077 1595/2154/979
f 2253/2365/1039 2251/2360/972 2257/2359/1024
f 2847/2366/1078 2860/2367/1078 2867/2368/1078
f 2322/2369/899 2323/2370/924 2259/2371/1079
f 836/2372/995 830/2373/644 840/2374/1080
f 1576/1923/750 1003/1924/862 1598/2375/1081
f 1003/1924/862 998/2376/1082 1598/2375/1081
f 2342/2377/1083 2341/2378/1083 2474/2379/1083
f 2740/1919/861 2723/2155/980 2726/2380/1063
f 2741/2035/913 2745/2381/1084 2744/2033/911
f 1509/2382/814 1525/2383/1085 1515/2384/930
f 2746/2385/1086 2756/2073/933 2743/2072/932
f 2428/2343/1070 2405/1934/867 2415/2386/1087
f 2412/2387/1088 2417/2140/971 2399/2142/809
f 995/1433/652 902/1965/881 903/2388/1055
f 996/1511/684 903/2311/1055 1014/2389/1089
f 1366/2390/1003 1369/2391/1090 1370/2392/1091
f 2483/2348/844 2562/2350/1072 2486/2393/1092
f 1609/2394/1093 1601/2249/1027 1581/2112/954
f 2864/2395/1094 3051/2396/1094 2930/2397/1094
f 2403/1815/815 2413/2398/1095 2408/2139/970
f 2333/2282/708 2428/2399/1070 2411/2283/1042
f 1001/2332/1065 1609/2394/1093 1581/2112/954
f 2414/2201/1006 2249/2118/958 2260/2400/942
f 2861/2401/1096 2492/2402/1096 2860/2403/1096
f 2483/2404/844 2491/2405/1097 2703/2406/740
f 2416/2407/1098 2414/2408/1098 2417/2409/1098
f 1369/2391/1090 1366/2390/1003 1371/2410/1099
f 2339/2251/1028 2258/2411/936 2338/2252/869
f 2492/2412/1100 2861/2340/793 2866/2342/1069
f 2741/2413/913 2756/2414/933 2747/2415/1101
f 2263/2416/1102 2324/2417/1016 2251/2143/972
f 1521/2418/1103 1371/2419/1103 1526/2420/1103
f 1370/2421/1091 1442/1512/685 1365/1559/704
f 1949/2422/1104 1513/2232/831 1530/2234/931
f 2720/2315/880 2740/2423/861 2871/2316/1058
f 2728/2424/1105 2336/2425/790 2411/2426/1042
f 1940/2288/1045 1943/2427/1106 1509/2289/814
f 2325/2428/1107 1840/2429/1107 1821/2430/1107
f 2561/2075/934 2710/1771/802 2727/2431/1108
f 1371/2432/1099 1366/2198/1003 1523/2243/1025
f 2414/2201/1006 2260/2400/942 2417/2433/971
f 2280/2434/1109 2268/2435/1109 2255/2436/1109
f 1509/2382/814 1532/2437/1110 1525/2383/1085
f 1521/2438/1111 1526/2439/1111 1523/2440/1111
f 2725/2325/1062 2726/2327/1063 2729/2441/1112
f 2341/2363/1113 2474/2362/1114 2340/2442/1115
f 1370/2421/1091 1365/1559/704 1366/2443/1003
f 1941/2444/1116 1944/2445/1116 1945/2446/1116
f 2869/2064/928 2854/2146/634 2870/2447/1117
f 2852/2448/1118 2851/2449/1118 2868/2450/1118
f 2863/2130/906 2730/2451/1119 2710/2452/802
f 1945/2290/948 1944/2453/1120 1835/2454/1121
f 1539/2455/1122 1520/2183/993 1527/2456/1123
f 1949/2457/1124 1530/2458/1124 1534/2459/1124
f 1576/2460/750 1598/2461/1081 1599/2462/1125
f 2562/2463/1072 2480/2464/822 2561/2465/1126
f 1602/2466/1127 1936/2164/984 1934/2049/775
f 853/1485/674 844/2467/834 1005/2202/1007
f 2492/2468/1128 2867/2469/965 2860/2470/1129
f 1936/2471/1130 1946/2472/1130 1937/2473/1130
f 1603/2474/1131 1587/2228/1022 1608/2265/1034
f 1375/2475/908 1570/2323/808 1592/2322/1061
f 2415/2476/1087 2405/2046/867 2406/2031/910
f 1007/2477/1132 1008/2478/1133 1583/2479/956
f 2725/2480/1134 2729/2481/1134 2740/2482/1134
f 1599/2483/1135 1592/2484/1135 1576/2485/1135
f 2561/2465/1126 2484/2486/1136 2562/2463/1072
f 2712/2487/1137 2477/2488/1137 2485/2489/1137
f 2261/2490/981 2246/2085/907 2223/1249/565
f 716/2491/1138 531/2492/1138 529/2493/1138
f 830/2373/644 827/2494/649 840/2374/1080
f 1834/2495/1139 1826/2211/1011 1836/2496/1140
f 1526/2497/1141 1528/2498/1141 1523/2499/1141
f 832/2500/534 835/2062/926 834/2061/925
f 2339/2501/1028 2380/2502/873 2341/2503/1076
f 2477/2153/978 2476/2152/959 2485/2504/1142
f 2712/2008/835 2382/2505/1143 2342/2184/994
f 2249/2118/958 2262/2506/1073 2260/2400/942
f 2726/2380/1063 2723/2155/980 2729/2507/1112
f 2342/2508/994 2339/2501/1028 2341/2503/1076
f 1589/2253/1029 1584/2344/960 1601/2509/1027
f 1573/2510/857 1591/2347/888 1600/2511/1144
f 2728/2512/1145 2716/2513/1145 2336/2514/1145
f 2710/2515/1146 2730/2516/1146 2727/2517/1146
f 2732/2221/1017 2731/2518/1147 2742/2219/912
f 1513/2232/831 1949/2422/1104 1529/2519/1015
f 720/2520/852 721/2521/731 837/2522/1050
f 2263/2416/1102 2251/2143/972 2258/2295/936
f 2483/2404/844 2486/2523/1092 2491/2405/1097
f 2427/2524/1148 2406/2031/910 2408/2139/970
f 2723/2155/980 2734/2525/1149 2729/2507/1112
f 1591/2347/888 1596/2346/1071 1601/2526/1027
f 1007/2306/1052 1590/2318/1030 999/2527/1150
f 1530/2528/1151 1537/2529/1151 1534/2530/1151
f 840/2531/1080 532/2532/1152 836/2533/995
f 2871/2316/1058 2740/2423/861 2729/2534/1112
f 1591/2347/888 1601/2526/1027 1600/2511/1144
f 1602/2535/1127 1934/1703/775 1580/2157/922
f 2727/2431/1108 2730/2536/1153 2561/2075/934
f 2268/2267/1035 2263/2537/1102 2256/2268/1036
f 2867/2129/965 2730/2451/1119 2863/2130/906
f 2841/1447/660 2878/2538/820 2833/1448/293
f 1830/2210/1010 1864/2539/1154 1826/2211/1011
f 2751/2540/1155 2744/2033/911 2745/2381/1084
f 1834/2495/1139 1836/2496/1140 1938/2541/1156
f 1509/2382/814 1943/2542/1106 1532/2437/1110
f 1593/2328/949 1587/2330/1022 1603/2543/1131
f 1003/2544/1157 1000/2545/1157 1014/2546/1157
f 933/2547/1158 824/1335/605 906/2019/905
f 828/1757/796 846/2548/1159 838/2352/819
f 837/2549/1050 838/2352/819 846/2548/1159
f 1573/2510/857 1600/2511/1144 1608/2550/1034
f 2262/2506/1073 2322/2369/899 2259/2371/1079
f 996/1511/684 1014/2389/1089 1000/2144/974
f 2382/2505/1143 2712/2008/835 2521/2551/1160
f 2722/2120/904 2485/2552/1142 2476/2121/959
f 2478/2553/989 2487/2554/1161 2499/2555/1162
f 2869/2556/928 2870/2557/1117 2868/2558/997
f 1949/2559/1104 1941/2560/1066 1529/2561/1015
f 533/2562/1163 531/2354/953 716/2563/680
f 1626/2564/1164 1601/2249/1027 1609/2394/1093
f 1832/2224/1064 1838/2223/1165 1830/2210/1010
f 1945/2290/948 1835/2454/1121 1832/2291/1046
f 1940/2288/1045 1947/2565/1166 1943/2427/1106
f 2262/2506/1073 2249/2118/958 2322/2369/899
f 2723/2155/980 2716/1917/859 2734/2525/1149
f 1583/2479/956 1023/2566/1167 1001/2567/1065
f 836/2568/995 532/2569/1152 845/2570/1168
f 1941/2560/1066 1949/2559/1104 1948/2571/1169
f 2869/2556/928 2868/2558/997 2851/2572/929
f 1371/2573/1170 1531/2574/1170 1369/2575/1170
f 2488/2576/1171 2478/2175/989 2489/2577/1033
f 1943/2578/1106 1525/2579/1085 1532/2580/1110
f 1520/2183/993 1539/2455/1122 1524/2244/1008
f 1580/2058/922 1588/2213/1013 1613/2581/1172
f 1371/2582/1173 1521/2583/1173 1531/2584/1173
f 1442/2585/1174 1372/2586/1174 1368/2587/1174
f 904/2588/1175 902/1965/881 1367/2045/846
f 2931/2589/1176 3051/2590/1053 2926/2591/438
f 839/2592/1177 828/1757/796 824/1335/605
f 2854/2593/634 2878/2594/820 2870/2595/1117
f 2415/2476/1087 2406/2031/910 2427/2524/1148
f 2521/2596/1178 2712/2597/1178 2490/2598/1178
f 827/1570/649 535/2070/914 840/2599/1080
f 1941/2560/1066 1948/2571/1169 1944/2600/1179
f 1537/2601/975 1515/2602/930 1533/2603/1180
f 1515/2604/1181 1525/2605/1181 1533/2606/1181
f 1629/2607/1182 1599/2462/1125 1598/2461/1081
f 2482/2259/1032 2503/2608/1183 2489/2260/1033
f 1002/2609/1184 1598/2375/1081 998/2376/1082
f 903/2388/1055 902/1965/881 904/2588/1175
f 1526/2610/1185 1371/2611/1185 1528/2612/1185
f 2742/2074/912 2731/2613/1147 2743/2072/932
f 2479/2176/990 2478/2175/989 2488/2576/1171
f 2231/1722/764 2262/2614/1073 2261/2156/981
f 1837/2615/1186 1830/2210/1010 1838/2223/1165
f 2478/2616/989 2499/2617/1162 2482/2259/1032
f 2258/2295/936 2264/2618/1187 2263/2416/1102
f 720/2520/852 837/2522/1050 722/2619/1188
f 998/2376/1082 1003/2620/862 1004/2621/1189
f 2494/2622/991 2487/2554/1161 2478/2553/989
f 2490/2623/1190 2712/2624/1191 2485/2625/1142
f 1604/2626/1192 1609/2394/1093 1001/2332/1065
f 2703/2627/740 2491/2628/1097 2722/2629/904
f 2268/2630/1035 2265/2631/1193 2263/2632/1102
f 2339/2251/1028 2342/2633/994 2381/2634/1194
f 2268/2630/1035 2271/2635/1195 2265/2631/1193
f 722/2636/1188 709/1686/767 720/2010/852
f 2407/2057/921 2416/2637/780 2419/2638/1196
f 1523/2243/1025 1528/2639/1197 1371/2432/1099
f 1527/2640/1123 1938/2641/1156 1851/2642/1198
f 1948/2643/1169 1949/2644/1104 1950/2645/1199
f 1600/2646/1144 1601/2647/1027 1626/2648/1164
f 828/1757/796 839/2592/1177 841/2649/1200
f 844/2467/834 1015/2650/1201 1005/2202/1007
f 1626/2564/1164 1609/2394/1093 1605/2651/1202
f 1008/2478/1133 1023/2566/1167 1583/2479/956
f 2503/2608/1183 2482/2259/1032 2499/2617/1162
f 2266/2652/1203 2416/2653/780 2417/2654/1204
f 2428/2343/1070 2415/2386/1087 2426/2655/1205
f 2934/2193/1000 2930/2192/999 3051/2656/1053
f 1517/2304/828 1376/2657/1206 1531/2305/1051
f 2562/2463/1072 2484/2486/1136 2496/2658/1207
f 1606/2659/1208 1595/2345/979 1597/2660/1077
f 2561/2465/1126 2492/2661/1100 2484/2486/1136
f 2413/2398/1095 2403/1815/815 2407/2057/921
f 1943/2578/1106 1533/2662/1180 1525/2579/1085
f 1003/2663/1209 1014/2664/1209 1004/2665/1209
f 835/2666/926 832/2667/534 905/2668/1210
f 906/2669/905 835/2666/926 907/2670/1211
f 908/2671/1212 832/2672/534 1006/2673/1213
f 1596/2346/1071 1595/2345/979 1606/2659/1208
f 1372/2674/1214 1442/2675/685 1373/2676/1215
f 2345/2677/1216 2258/2411/936 2339/2251/1028
f 1940/2288/1045 1951/2678/1217 1952/2679/1218
f 1537/2601/975 1533/2603/1180 1953/2680/1219
f 2561/2681/1220 2730/2682/1220 2492/2683/1220
f 832/2684/534 1005/2685/1007 1006/2686/1213
f 2496/2658/1207 2511/2687/1221 2562/2463/1072
f 2325/2331/1043 2324/2218/1016 2269/2688/1222
f 837/2689/1050 543/2690/1223 722/2691/1188
f 2345/2677/1216 2339/2251/1028 2381/2634/1194
f 2867/2469/965 2492/2468/1128 2730/2692/1119
f 1373/2676/1215 1442/2675/685 1370/2693/1091
f 533/2562/1163 539/2353/1074 531/2354/953
f 722/2636/1188 538/1929/863 709/1686/767
f 1963/2694/1224 1949/2695/1104 1534/2696/1225
f 1625/2697/1226 1608/2698/1034 1600/2646/1144
f 1592/2322/1061 1607/2699/1227 1375/2475/908
f 534/2700/1228 535/2701/914 530/2702/966
f 2399/2703/809 2418/2704/860 2288/2705/1229
f 1836/2496/1140 1826/2211/1011 1864/2539/1154
f 2419/2706/1196 2416/2653/780 2266/2652/1203
f 2744/2220/911 2748/2707/1230 2732/2221/1017
f 840/2599/1080 535/2070/914 534/2708/1228
f 1955/2709/1231 1602/2535/1127 1580/2157/922
f 2751/2540/1155 2748/2710/1230 2744/2033/911
f 2417/2711/1232 2412/2712/1232 2266/2713/1232
f 2259/2371/1079 2323/2370/924 1973/2714/1233
f 1374/2715/1234 1369/2391/1090 1531/2716/1051
f 1592/2717/1061 1597/2718/1235 1607/2719/1227
f 1606/2659/1208 1614/2720/1236 1596/2346/1071
f 1943/2721/1106 1979/2722/1237 1533/2723/1180
f 2263/2537/1102 2267/2724/1238 2256/2268/1036
f 2269/2725/1222 2324/2417/1016 2263/2416/1102
f 2865/2726/1239 2724/2727/1239 2871/2728/1239
f 536/2729/1240 845/2570/1168 532/2569/1152
f 1004/2621/1189 1033/2730/1241 998/2376/1082
f 1636/2731/1242 1589/2253/1029 1601/2509/1027
f 2323/2171/924 1937/2170/987 1973/2732/1233
f 1593/2328/949 1603/2543/1131 1620/2733/1243
f 842/2734/1244 837/2549/1050 846/2548/1159
f 840/2531/1080 537/2735/1245 532/2532/1152
f 2342/2633/994 2382/2736/1143 2381/2634/1194
f 2263/2416/1102 2264/2618/1187 2267/2737/1238
f 908/2671/1212 905/2668/1210 832/2672/534
f 1979/2722/1237 1943/2721/1106 1947/2738/1166
f 1979/2722/1237 1953/2739/1219 1533/2723/1180
f 1524/2244/1008 1539/2455/1122 1535/2740/1246
f 1936/2263/984 1602/2741/1127 1937/2264/987
f 1007/2742/1247 1010/2743/1247 1008/2744/1247
f 2733/2745/1248 2728/2424/1105 2411/2426/1042
f 1841/2746/1249 1838/2747/1165 1839/2748/1250
f 846/2548/1159 828/1757/796 841/2649/1200
f 846/2548/1159 841/2649/1200 843/2749/1251
f 2716/2750/1252 2728/2751/1252 2420/2752/1252
f 1940/2288/1045 1952/2679/1218 1947/2565/1166
f 1938/2541/1156 1836/2496/1140 1851/2753/1198
f 1539/2754/1122 1527/2640/1123 1851/2642/1198
f 2493/2755/1253 2494/2756/991 2479/2757/990
f 1370/2392/1091 1369/2391/1090 1374/2715/1234
f 2929/2167/986 2928/2166/647 2932/2758/1254
f 1614/2720/1236 1601/2526/1027 1596/2346/1071
f 2268/2759/1255 2280/2760/1255 2271/2761/1255
f 1005/2685/1007 1009/2762/1256 1006/2686/1213
f 1608/2763/1034 1619/2764/1257 1603/2765/1131
f 1007/2766/1052 999/2527/1150 1010/2767/1258
f 1604/2768/1192 1001/2769/1065 1065/2770/1259
f 2737/2771/1260 2731/2772/1147 2732/2773/1017
f 908/2671/1212 1006/2673/1213 1013/2774/1261
f 1955/2709/1231 1580/2157/922 1613/2775/1172
f 1602/2741/1127 1965/2776/1262 1937/2264/987
f 1952/2777/1218 1951/2778/1217 1824/2036/896
f 2747/2779/1101 2745/2780/1084 2741/2781/913
f 2728/2782/1263 2733/2783/1263 2420/2784/1263
f 1835/2454/1121 1960/2785/1264 1832/2291/1046
f 1950/2786/1199 1949/2695/1104 1963/2694/1224
f 2846/1016/453 2874/2787/1265 2848/1852/832
f 2937/2788/1266 2926/981/438 2865/2147/976
f 2275/2312/945 2282/2789/1267 2280/2313/1056
f 1973/2732/1233 1937/2170/987 1965/2790/1262
f 2722/2629/904 2491/2628/1097 2495/2791/1268
f 2722/2120/904 2495/2792/1268 2485/2552/1142
f 716/2793/680 538/2794/863 533/2795/1163
f 2870/2595/1117 2872/2796/1269 2868/2188/997
f 2868/2188/997 2873/2797/1270 2846/1016/453
f 2269/2798/1222 2263/2799/1102 2265/2800/1193
f 2848/2801/832 2874/2802/1265 2875/2803/1271
f 1973/2804/1233 2270/2805/1272 2259/2806/1079
f 2258/2411/936 2345/2677/1216 2348/2807/1273
f 2271/2808/1274 2280/2809/1274 2265/2810/1274
f 2732/2221/1017 2748/2707/1230 2749/2811/1275
f 1590/2254/1030 1589/2253/1029 1621/2812/1276
f 1839/2748/1250 1838/2747/1165 1832/2813/1046
f 1002/2609/1184 998/2376/1082 1033/2730/1241
f 904/2588/1175 1367/2045/846 909/2814/1277
f 2272/2815/944 2273/2816/1044 2274/2817/1278
f 1608/2763/1034 1625/2818/1226 1619/2764/1257
f 1592/2717/1061 1599/2462/1125 1597/2718/1235
f 1001/2567/1065 1023/2566/1167 1065/2819/1259
f 2737/2771/1260 2732/2773/1017 2749/2820/1275
f 2490/2623/1190 2485/2625/1142 2498/2821/1279
f 2716/1917/859 2733/2822/1248 2734/2525/1149
f 539/2823/1074 534/2700/1228 530/2702/966
f 2733/2824/1280 2716/2825/1280 2420/2826/1280
f 1952/2777/1218 1824/2036/896 1843/2827/1281
f 1002/2609/1184 1611/2828/1282 1598/2375/1081
f 2261/2156/981 2262/2614/1073 2279/2829/1283
f 1605/2830/1202 1609/2831/1093 1633/2832/1284
f 833/2042/915 850/2833/1285 844/2834/834
f 2415/2835/1286 2427/2836/1286 2423/2837/1286
f 836/2185/995 845/2838/1168 833/2042/915
f 909/2814/1277 1367/2045/846 1368/2839/1054
f 2729/2840/1112 2734/2841/1149 2737/2842/1260
f 2731/2772/1147 2737/2771/1260 2734/2843/1149
f 1979/2844/1237 1947/2565/1166 1845/2845/1287
f 846/2846/1288 843/2847/1288 842/2848/1288
f 2399/2703/809 2288/2705/1229 2412/2849/1088
f 2272/2815/944 2274/2817/1278 2275/2850/945
f 2426/2851/1289 2415/2852/1289 2424/2853/1289
f 2731/2613/1147 2734/2854/1149 2743/2072/932
f 1605/2855/1202 1601/2526/1027 1614/2720/1236
f 1373/2676/1215 1368/2856/1054 1372/2674/1214
f 1824/2036/896 1844/2857/1290 1843/2827/1281
f 2412/2858/1291 2288/2859/1291 2419/2860/1291
f 1536/2861/1292 1534/2862/1225 1537/2863/1293
f 2865/2864/976 2871/2865/1294 2813/2866/1295
f 2848/2341/832 2876/2867/1296 2866/2342/1069
f 2412/2868/1297 2419/2869/1297 2266/2870/1297
f 1011/2871/1298 1010/2767/1258 999/2527/1150
f 1821/2872/1299 1840/2873/1299 1866/2874/1299
f 536/2729/1240 849/2875/1300 845/2570/1168
f 1833/2225/1021 1821/1864/836 1866/2876/1301
f 1578/2877/1302 1593/2878/1302 1622/2879/1302
f 1620/2733/1243 1603/2543/1131 1619/2880/1257
f 1947/2565/1166 1952/2679/1218 1845/2845/1287
f 842/2881/1303 543/2882/1303 837/2883/1303
f 2496/2884/1207 2502/2885/1304 2511/2886/1221
f 2292/2887/1305 2273/2286/1044 2256/2285/1036
f 1599/2462/1125 1610/2888/1306 1597/2718/1235
f 1598/2461/1081 1611/2889/1282 1629/2607/1182
f 1014/2389/1089 903/2311/1055 941/2890/1307
f 1636/2731/1242 1601/2509/1027 1612/2891/1308
f 2411/2283/1042 2428/2399/1070 2422/2892/1309
f 1963/2893/1224 1534/2862/1225 1540/2894/1310
f 1006/2686/1213 1012/2895/1311 1013/2896/1261
f 2875/2803/1271 2876/2897/1296 2848/2801/832
f 2413/2398/1095 2421/2898/1312 2408/2139/970
f 2499/2899/1313 2502/2900/1313 2497/2901/1313
f 2756/2902/933 2746/2903/1086 2750/2904/1314
f 2497/2905/1315 2503/2906/1315 2499/2907/1315
f 1004/2908/1316 1014/2909/1316 941/2910/1316
f 910/2911/1317 911/2912/1318 924/2913/1319
f 2729/2914/1112 2735/2915/1320 2749/2916/1275
f 2424/2917/1321 2427/2918/1321 2426/2919/1321
f 2264/2920/1322 2276/2921/1322 2267/2922/1322
f 1613/2923/1323 1623/2924/1323 1955/2925/1323
f 1537/2926/1324 1545/2927/1324 1536/2928/1324
f 1600/2646/1144 1626/2648/1164 1625/2697/1226
f 1607/2929/1325 1382/2930/1325 1375/2931/1325
f 1614/2932/1236 1640/2933/1326 1605/2934/1202
f 905/2668/1210 907/2670/1211 835/2666/926
f 2418/1918/860 2230/1667/757 2288/2935/1229
f 2269/2798/1222 2265/2800/1193 2277/2936/1327
f 1954/2937/1328 1845/2938/1287 1887/2939/1329
f 1615/2940/1330 1613/2941/1331 1616/2942/1332
f 2872/2796/1269 2873/2797/1270 2868/2188/997
f 2729/2534/1112 2749/2943/1275 2871/2316/1058
f 1979/2722/1237 1845/2944/1287 1954/2945/1328
f 2411/2426/1042 2422/2946/1309 2733/2745/1248
f 1613/2941/1331 1615/2940/1330 1623/2947/1333
f 2495/2792/1268 2498/2948/1279 2485/2552/1142
f 1837/2615/1186 1864/2539/1154 1830/2210/1010
f 1944/2453/1120 1960/2949/1264 1835/2454/1121
f 1015/2950/1201 1009/2762/1256 1005/2685/1007
f 1887/2939/1329 1953/2951/1219 1954/2937/1328
f 1612/2891/1308 1601/2509/1027 1605/2952/1202
f 722/2953/1188 540/2954/1334 538/2794/863
f 1370/2693/1091 1380/2955/1335 1373/2676/1215
f 2264/2618/1187 2293/2956/1336 2276/2957/1337
f 1606/2659/1208 1597/2660/1077 1403/2958/1338
f 924/2959/1319 912/2960/1339 910/2961/1317
f 2415/2962/1340 2423/2963/1340 2424/2964/1340
f 536/2965/1341 537/2966/1341 543/2967/1341
f 904/2588/1175 940/2968/1342 903/2388/1055
f 1593/2969/1343 1620/2970/1343 1617/2971/1343
f 1541/2972/1344 1516/2973/1344 1538/2974/1344
f 910/2961/1317 912/2960/1339 913/2975/1345
f 2264/2618/1187 2258/2295/936 2293/2956/1336
f 1954/2945/1328 1953/2739/1219 1979/2722/1237
f 1607/2976/1346 1597/2977/1346 1382/2978/1346
f 1588/2235/1013 1578/2043/916 1618/2979/1347
f 543/2690/1223 540/2980/1334 722/2691/1188
f 1590/2318/1030 1621/2981/1276 1016/2982/1348
f 1833/2225/1021 1844/2857/1290 1824/2036/896
f 1375/2983/1349 1382/2984/1350 1384/2985/1351
f 1009/2762/1256 1012/2895/1311 1006/2686/1213
f 2407/2057/921 2419/2638/1196 2425/2986/1352
f 539/2823/1074 541/2987/1353 534/2700/1228
f 1887/2988/1329 1888/2989/1354 1963/2990/1224
f 907/2670/1211 914/2991/1355 906/2669/905
f 1017/2992/1356 999/2527/1150 1590/2318/1030
f 1033/2730/1241 1004/2621/1189 1018/2993/1357
f 1887/2939/1329 1963/2994/1224 1953/2951/1219
f 2427/2995/1358 2424/2996/1358 2423/2997/1358
f 1838/2998/1165 1841/2999/1249 1837/3000/1186
f 2929/3001/986 2933/3002/280 2838/3003/356
f 1602/3004/1359 1955/3005/1359 1956/3006/1359
f 1616/3007/1360 1619/3008/1361 1620/3009/1362
f 1378/2278/1041 1376/3010/1206 1517/1842/828
f 941/3011/1307 903/2388/1055 940/2968/1342
f 532/2532/1152 537/2735/1245 536/3012/1240
f 1589/2253/1029 1636/2731/1242 1621/3013/1276
f 2284/3014/1363 2262/2506/1073 2259/2371/1079
f 1959/3015/1364 1535/3016/1364 1539/3017/1364
f 1953/2680/1219 1963/3018/1224 1537/2601/975
f 845/2838/1168 850/2833/1285 833/2042/915
f 1966/3019/1365 1602/2741/1127 1957/3020/1366
f 2277/3021/1327 2265/3022/1193 2280/3023/1367
f 915/3024/1368 921/3025/1369 931/3026/1370
f 2261/2490/981 2278/3027/1371 2246/2085/907
f 534/3028/1228 537/3029/1245 840/3030/1080
f 1013/2774/1261 907/2670/1211 908/2671/1212
f 2736/3031/1372 2813/3032/1372 2871/3033/1372
f 2511/3034/1373 2502/3035/1373 2499/3036/1373
f 911/2912/1318 919/3037/1374 924/2913/1319
f 2278/3027/1371 2261/2490/981 2279/3038/1283
f 1609/2831/1093 1604/2768/1192 1633/2832/1284
f 1602/2741/1127 1966/3019/1365 1965/2776/1262
f 2734/2525/1149 2733/2822/1248 2753/3039/1375
f 2521/2551/1160 2500/3040/1376 2382/2505/1143
f 1593/3041/1377 1617/3042/1378 1622/3043/1379
f 841/2649/1200 839/2592/1177 847/3044/1380
f 2934/3045/1000 2932/2758/1254 2928/2166/647
f 907/2670/1211 905/2668/1210 908/2671/1212
f 539/2353/1074 533/2562/1163 541/3046/1353
f 1542/3047/1381 1534/2862/1225 1536/2861/1292
f 1963/3018/1224 1540/3048/1310 1537/2601/975
f 2276/3049/1337 2293/3050/1336 2292/3051/1305
f 2499/2555/1162 2487/2554/1161 2511/3052/1382
f 2276/3049/1337 2292/3051/1305 2267/3053/1238
f 2497/3054/1383 2496/3055/1207 2503/3056/1183
f 2866/3057/1069 2501/3058/1384 2492/2661/1100
f 2292/2887/1305 2256/2285/1036 2267/3059/1238
f 1955/3060/1385 1957/3061/1385 1956/3062/1385
f 1020/3063/1386 1009/2762/1256 1019/3064/1387
f 1842/3065/1388 1843/3066/1281 1844/3067/1290
f 1588/2213/1013 1627/3068/1389 1613/2581/1172
f 2492/2661/1100 2501/3058/1384 2484/2486/1136
f 1539/3069/1390 1958/3070/1390 1959/3071/1390
f 2497/3054/1383 2502/3072/1304 2496/3055/1207
f 1020/3063/1386 1012/2895/1311 1009/2762/1256
f 538/2794/863 540/2954/1334 533/2795/1163
f 2729/2840/1112 2737/2842/1260 2735/3073/1320
f 1960/3074/1391 1944/3075/1391 1948/3076/1391
f 1018/2993/1357 1004/2621/1189 941/3077/1392
f 1534/2862/1225 1542/3047/1381 1540/2894/1310
f 1008/2478/1133 1010/3078/1258 1024/3079/1393
f 2503/3080/1183 2506/3081/1394 2489/2577/1033
f 1375/3082/1395 1384/3083/1395 1380/3084/1395
f 1846/3085/1396 1887/3086/1396 1845/3087/1396
f 1620/3009/1397 1619/3008/1257 1617/3088/1378
f 2876/2867/1296 2880/3089/1398 2866/2342/1069
f 2745/2780/1084 2747/2779/1101 2751/3090/1155
f 1961/3091/1399 1948/2643/1169 1950/2645/1199
f 1850/3092/1400 1539/2754/1122 1851/2642/1198
f 1545/3093/1401 1537/2601/975 1540/3048/1310
f 1597/3094/1077 1375/3095/908 1380/3096/1335
f 933/3097/1158 839/2592/1177 824/1335/605
f 1541/3098/1402 1378/2092/940 1516/2093/941
f 1955/3099/1403 1623/3100/1403 1616/3101/1403
f 1952/2777/1218 1843/2827/1281 1846/3102/1404
f 1616/3103/1405 1623/3104/1405 1615/3105/1405
f 2421/2898/1312 2427/2524/1148 2408/2139/970
f 927/3106/1406 916/3107/1406 938/3108/1406
f 1845/3109/1287 1952/2777/1218 1846/3102/1404
f 542/3110/1407 536/2729/1240 543/3111/1408
f 917/3112/1409 916/3113/1410 927/3114/1411
f 911/3115/1318 918/3116/1412 919/3117/1374
f 1625/3118/1226 1624/3119/1413 1617/3088/1378
f 2277/3021/1327 2280/3023/1367 2286/3120/1414
f 1625/3118/1226 1617/3088/1378 1619/3008/1257
f 2284/3014/1363 2279/3121/1283 2262/2506/1073
f 2494/2756/991 2493/2755/1253 2518/3122/1415
f 2488/2576/1171 2489/2577/1033 2506/3081/1394
f 1961/3123/1399 1960/3124/1264 1948/3125/1169
f 1535/3126/1246 1516/2205/941 1524/2204/1008
f 2278/3127/1371 2288/2935/1229 2230/1667/757
f 1020/3128/1386 1019/3129/1387 1021/3130/1416
f 1611/2889/1282 1036/3131/1417 1629/2607/1182
f 2749/3132/1275 2748/2710/1230 2752/3133/1418
f 2282/3134/1419 2289/3135/1419 2280/3136/1419
f 1536/3137/1420 1545/3138/1420 1542/3139/1420
f 1599/2462/1125 1629/2607/1182 1610/2888/1306
f 2277/3021/1327 2286/3120/1414 2269/2688/1222
f 1013/3140/1261 1012/2895/1311 1020/3063/1386
f 2490/2623/1190 2498/2821/1279 2521/3141/1160
f 2743/2072/932 2734/2854/1149 2746/2385/1086
f 1605/3142/1421 1625/3143/1421 1626/3144/1421
f 542/3110/1407 543/3111/1408 842/3145/1422
f 2871/3146/1058 2749/3147/1275 2752/3148/1418
f 915/3024/1368 917/3149/1409 921/3025/1369
f 540/3150/1334 543/3151/1223 537/3029/1245
f 849/2875/1300 536/2729/1240 542/3110/1407
f 1844/2857/1290 1833/2225/1021 1866/2876/1301
f 1958/3152/1423 1539/2754/1122 1850/3092/1400
f 2278/3127/1371 2230/1667/757 2246/2023/907
f 1590/2318/1030 1016/2982/1348 1017/2992/1356
f 2749/2916/1275 2735/2915/1320 2738/3153/1424
f 2753/3154/1375 2733/3155/1248 2431/3156/1425
f 534/3028/1228 541/3157/1353 537/3029/1245
f 2738/3158/1424 2737/2771/1260 2749/2820/1275
f 2495/2791/1268 2491/2628/1097 2504/3159/1426
f 2751/2540/1155 2752/3133/1418 2748/2710/1230
f 2494/3160/1427 2518/3161/1427 2487/3162/1427
f 2343/3163/1428 2381/3164/1194 2382/3165/1143
f 1956/3166/1429 1957/3020/1366 1602/2741/1127
f 1387/3167/1430 1374/2715/1234 1531/2716/1051
f 2284/3014/1363 2281/3168/1431 2279/3121/1283
f 2870/2595/1117 2878/2594/820 2872/2796/1269
f 844/2467/834 848/3169/1432 1015/2650/1201
f 1613/3170/1433 1627/3171/1433 1616/3172/1433
f 1022/3173/1434 1019/3064/1387 1009/2762/1256
f 1020/3174/1435 919/3175/1435 1013/3176/1435
f 927/3114/1411 923/3177/1436 926/3178/1437
f 2735/3179/1438 2737/3180/1438 2738/3181/1438
f 1887/3182/1329 1846/3183/1404 1842/3065/1388
f 2275/2850/945 2274/2817/1278 2282/3184/1267
f 918/3185/1439 1013/3186/1439 919/3187/1439
f 2426/3188/1205 2427/3189/1148 2429/3190/1440
f 1837/3000/1186 1841/2999/1249 1847/3191/1441
f 1627/3192/1389 1955/3193/1442 1616/3194/1443
f 1403/3195/1338 1614/2932/1236 1606/3196/1208
f 909/2814/1277 940/2968/1342 904/2588/1175
f 2503/3080/1183 2496/3197/1207 2506/3081/1394
f 1376/3198/1444 1444/3199/1444 1377/3200/1444
f 533/3201/1163 540/3150/1334 537/3029/1245
f 926/3178/1437 917/3112/1409 927/3114/1411
f 1846/3183/1404 1843/3066/1281 1842/3065/1388
f 909/3202/1277 1368/2856/1054 929/3203/1445
f 2293/3204/1336 2258/3205/936 2348/3206/1273
f 920/3207/1446 931/3208/1370 921/3209/1369
f 2288/3210/1447 2287/3211/1448 2433/3212/1449
f 2813/3213/1295 2763/3214/1450 2865/3215/976
f 2433/3212/1449 2419/3216/1196 2288/3210/1447
f 2486/2523/1092 2504/3217/1426 2491/2405/1097
f 2273/2286/1044 2292/2887/1305 2283/3218/1451
f 537/3029/1245 541/3157/1353 533/3201/1163
f 915/3024/1368 934/3219/1452 917/3149/1409
f 2381/3220/1194 2346/3221/1453 2344/3222/1454
f 1376/2657/1206 1387/3223/1430 1531/2305/1051
f 1604/2768/1192 1065/2770/1259 1628/3224/1455
f 999/2527/1150 1017/2992/1356 1011/2871/1298
f 1839/2748/1250 1832/2813/1046 1854/3225/1456
f 913/2975/1345 912/2960/1339 1395/3226/1457
f 845/2838/1168 849/3227/1300 850/2833/1285
f 1887/2988/1329 1842/3228/1388 1888/2989/1354
f 1624/3229/1413 1625/3230/1226 1633/3231/1284
f 1621/3232/1458 1634/3233/1459 1632/3234/1460
f 2278/3235/1371 2279/3121/1283 2281/3168/1431
f 1960/3236/1264 1854/3225/1456 1832/2813/1046
f 938/3237/1461 916/3238/1461 922/3239/1461
f 2428/3240/1070 2426/3241/1205 2429/3242/1440
f 1395/3226/1457 912/2960/1339 940/3243/1342
f 923/3244/1436 914/3245/1355 907/3246/1211
f 2498/2948/1279 2495/2792/1268 2505/3247/1462
f 942/3248/1463 921/3249/1369 925/3250/1464
f 1628/3224/1455 1633/2832/1284 1604/2768/1192
f 1376/3251/1206 1378/3252/1041 1444/3253/1465
f 2871/3146/1058 2752/3148/1418 2754/3254/1466
f 2345/3255/1216 2381/3220/1194 2344/3222/1454
f 1640/2933/1326 1625/3256/1467 1605/2934/1202
f 1629/3257/1468 1036/3258/1468 1632/3259/1468
f 1023/3260/1167 1024/3261/1393 1065/3262/1259
f 1611/2828/1282 1002/2609/1184 1036/3263/1417
f 911/3264/1318 910/3265/1317 952/3266/1469
f 917/3149/1409 926/3267/1437 921/3025/1369
f 912/2960/1339 924/3268/1319 940/3243/1342
f 1888/2989/1354 1844/2857/1290 1866/2876/1301
f 1844/2857/1290 1888/2989/1354 1842/3228/1388
f 1957/3020/1366 1955/3269/1442 1962/3270/1470
f 1633/2832/1284 1630/3271/1471 1605/2830/1202
f 925/3272/1472 921/3273/1472 926/3274/1472
f 927/3275/1411 914/3245/1355 923/3244/1436
f 928/3276/1473 913/2975/1345 1395/3226/1457
f 1621/3277/1474 1632/3278/1474 1036/3279/1474
f 1963/3280/1475 1964/3281/1475 1950/3282/1475
f 2506/3283/1394 2479/3284/990 2488/3285/1171
f 2422/2892/1309 2428/2399/1070 2429/3286/1440
f 2495/2791/1268 2504/3159/1426 2505/3287/1462
f 1612/2891/1308 1605/3288/1202 1630/3289/1471
f 940/2968/1342 909/2814/1277 929/3290/1445
f 910/3291/1476 913/3292/1476 942/3293/1476
f 841/3294/1200 544/3295/1477 843/3296/1251
f 1541/3297/1478 1379/3298/1478 1378/3299/1478
f 1962/3270/1470 1966/3019/1365 1957/3020/1366
f 1617/3088/1378 1624/3119/1413 1631/3300/1479
f 1535/3126/1246 1543/3301/1480 1516/2205/941
f 1373/2676/1215 1388/3302/1481 1368/2856/1054
f 929/3203/1445 1368/2856/1054 1388/3302/1481
f 906/2669/905 914/2991/1355 939/3303/1482
f 1632/3304/1460 1639/3305/1483 1629/2607/1182
f 842/3306/1422 843/3296/1251 544/3295/1477
f 1036/3307/1417 1016/2982/1348 1621/2981/1276
f 1020/3128/1386 1021/3130/1416 1025/3308/1484
f 1625/3309/1485 1630/3310/1485 1633/3311/1485
f 2734/2854/1149 2753/3312/1375 2746/2385/1086
f 2486/2393/1092 2562/2350/1072 2508/3313/1486
f 2284/3314/1487 2285/3315/1488 2281/3316/1489
f 1862/3317/1490 1836/3318/1490 1864/3319/1490
f 1024/3079/1393 1023/2566/1167 1008/2478/1133
f 841/2649/1200 986/3320/1491 544/3321/1477
f 920/3207/1446 932/3322/1492 931/3208/1370
f 850/3323/1285 848/3169/1432 844/2467/834
f 2421/2898/1312 2413/2398/1095 2430/3324/1493
f 1962/3325/1470 1955/3193/1442 1627/3192/1389
f 914/3245/1355 927/3275/1411 938/3326/1494
f 1002/2609/1184 1033/2730/1241 1037/3327/1495
f 2935/3328/1496 2936/3329/1497 2933/3002/280
f 2285/3315/1488 2290/3330/1498 2281/3316/1489
f 1010/2767/1258 1011/2871/1298 1026/3331/1499
f 910/3265/1317 942/3332/1500 930/3333/1501
f 1634/3334/1502 1621/3335/1502 1635/3336/1502
f 2286/3337/1414 2280/3338/1367 2295/3339/1503
f 1636/3340/1504 1635/3341/1504 1621/3342/1504
f 2422/2946/1309 2431/3343/1425 2733/2745/1248
f 1380/3344/1335 1370/3345/1091 1381/3346/1505
f 939/3303/1482 938/3347/1506 922/3348/1507
f 2755/3349/1508 2756/3350/933 2750/3351/1314
f 2381/3164/1194 2343/3163/1428 2346/3352/1453
f 1963/3353/1509 1888/3354/1509 1964/3355/1509
f 2269/2688/1222 2286/3120/1414 2325/2331/1043
f 1015/2950/1201 848/3356/1432 1027/3357/1510
f 1633/3231/1284 1637/3358/1511 1624/3229/1413
f 2935/3328/1496 2933/3002/280 2929/3001/986
f 1597/2718/1235 1610/2888/1306 1638/3359/1512
f 916/3360/1410 944/3361/1513 922/3362/1507
f 942/3363/1514 913/3364/1514 953/3365/1514
f 544/3366/1477 542/3110/1407 842/3145/1422
f 2756/2414/933 2757/3367/1515 2747/2415/1101
f 1634/3233/1459 1639/3368/1483 1632/3234/1460
f 1388/3369/1481 1373/2676/1215 1380/2955/1335
f 2926/2591/438 2937/3370/1266 2931/2589/1176
f 2346/3221/1453 2347/3371/1516 2344/3222/1454
f 2351/3372/1517 2348/3373/1273 2345/3255/1216
f 2273/2816/1044 2283/3374/1451 2274/2817/1278
f 1625/3375/1518 1640/3376/1518 1630/3377/1518
f 1638/3378/1512 1382/3379/1350 1597/3380/1235
f 1036/3263/1417 1002/2609/1184 1037/3327/1495
f 953/3381/1519 920/3207/1446 921/3249/1369
f 2278/3382/1520 2287/3383/1520 2288/3384/1520
f 915/3385/1521 931/3386/1521 932/3387/1521
f 2877/3388/1522 2878/3389/820 2841/3390/660
f 2512/3391/1523 2507/3392/1524 2511/3393/1221
f 933/3394/1158 906/2669/905 939/3303/1482
f 2750/2904/1314 2746/2903/1086 2753/3395/1375
f 2562/3396/1072 2507/3392/1524 2508/3397/1486
f 917/3398/1409 934/3399/1452 950/3400/1525
f 2351/3372/1517 2345/3255/1216 2344/3222/1454
f 1013/3401/1261 918/3116/1412 911/3115/1318
f 2407/2057/921 2425/2986/1352 2413/2398/1095
f 3051/3402/1053 2932/2758/1254 2934/3045/1000
f 953/3381/1519 921/3249/1369 942/3248/1463
f 1858/3403/1526 1864/2539/1154 1837/2615/1186
f 545/3404/1527 850/3323/1285 849/3405/1300
f 1837/2615/1186 1847/3406/1441 1858/3403/1526
f 926/3407/1437 943/3408/1528 925/3409/1464
f 1380/3410/1529 1384/3411/1529 1383/3412/1529
f 1027/3357/1510 1022/3173/1434 1009/2762/1256
f 2280/3338/1367 2289/3413/1530 2295/3339/1503
f 1009/2762/1256 1015/2950/1201 1027/3357/1510
f 2754/3414/1466 2813/2866/1531 2871/2865/1058
f 2487/3415/1532 2518/3416/1532 2510/3417/1532
f 2486/2393/1092 2508/3313/1486 2504/3418/1426
f 1847/3419/1441 1841/2746/1249 1839/2748/1250
f 1538/3420/1533 1516/3421/1533 1543/3422/1533
f 1635/3423/1534 1636/2731/1242 1612/2891/1308
f 1065/3262/1259 1024/3261/1393 1642/3424/1535
f 934/3425/1452 915/3426/1368 935/3427/1536
f 928/3276/1473 953/3428/1537 913/2975/1345
f 2493/2755/1253 2479/2757/990 2523/3429/1538
f 1541/3430/1539 1681/3431/1540 1379/3432/1541
f 1542/3047/1381 1967/3433/1542 1540/2894/1310
f 923/3434/1436 907/3435/1211 936/3436/1543
f 2281/3437/1489 2290/3438/1498 2284/3439/1487
f 924/3268/1319 1028/3440/1544 940/3243/1342
f 2284/3439/1487 2290/3438/1498 2285/3441/1488
f 2282/3442/1545 2296/3443/1545 2289/3444/1545
f 2507/3392/1524 2562/3396/1072 2511/3393/1221
f 940/3243/1342 1396/3445/1546 1395/3226/1457
f 1849/3446/1547 1847/3447/1547 1863/3448/1547
f 2523/3449/1538 2479/3284/990 2506/3283/1394
f 1545/3450/1548 1377/3451/1549 1544/3452/1550
f 916/3453/1410 917/3398/1409 937/3454/1551
f 1384/3455/1552 1391/3456/1552 1383/3457/1552
f 1384/2985/1351 1382/2984/1350 1391/3458/1553
f 2291/3459/1554 2278/3235/1371 2281/3168/1431
f 1618/3460/1347 1627/3068/1389 1588/2213/1013
f 2293/3461/1555 2283/3462/1555 2292/3463/1555
f 1967/3464/1542 1545/3093/1401 1540/3048/1310
f 1392/3465/1556 1382/3379/1350 1638/3378/1512
f 1010/2767/1258 1026/3331/1499 1024/3261/1393
f 941/3077/1392 1028/3466/1544 1018/2993/1357
f 2509/3467/1557 2521/3141/1160 2498/2821/1279
f 1385/3468/1558 1370/3345/1091 1374/3469/1234
f 2747/2779/1101 2757/3367/1515 2751/3090/1155
f 1386/3470/1559 1374/2715/1234 1387/3167/1430
f 1629/2607/1182 1641/3471/1560 1610/2888/1306
f 1543/3472/1480 1535/3473/1246 1679/3474/1561
f 1029/3475/1562 1021/3130/1416 1019/3129/1387
f 1380/2955/1335 1383/3476/1563 1388/3369/1481
f 1028/3440/1544 924/3268/1319 919/3477/1374
f 2287/3478/1564 2278/3479/1564 2433/3480/1564
f 2425/3481/1352 2419/3482/1196 2432/3483/1565
f 907/3435/1211 1013/3484/1261 936/3436/1543
f 2487/2554/1161 2510/3485/1566 2511/3052/1382
f 2500/3486/1376 2343/3163/1428 2382/3165/1143
f 1959/3487/1567 1958/3488/1567 1535/3489/1567
f 1648/3490/1568 1612/2891/1308 1630/3289/1471
f 1065/2770/1259 1642/3491/1535 1628/3224/1455
f 928/3492/1569 957/3493/1569 953/3494/1569
f 925/3409/1464 943/3408/1528 942/3495/1463
f 1641/3471/1560 1629/2607/1182 1639/3305/1483
f 1544/3452/1550 1377/3451/1549 1444/3496/1465
f 914/3497/1570 938/3498/1570 939/3499/1570
f 1848/3500/1571 1961/3501/1399 1950/3502/1199
f 2433/3503/1449 2432/3504/1565 2419/3505/1196
f 1847/3406/1441 1849/3506/1572 1858/3403/1526
f 1401/3507/1573 1385/3468/1558 1374/3469/1234
f 2879/3508/1574 2846/1016/453 2873/2797/1270
f 1848/3509/1575 1950/3510/1575 1964/3511/1575
f 1618/2979/1347 1578/2043/916 1622/3512/1379
f 940/3513/1576 1028/3514/1576 941/3515/1576
f 1385/3468/1558 1381/3346/1505 1370/3345/1091
f 2753/3395/1375 2758/3516/1577 2750/2904/1314
f 1850/3517/1400 1851/3518/1198 1836/3519/1140
f 1017/2992/1356 1016/2982/1348 1036/3307/1417
f 2865/3215/976 2763/3214/1450 2937/3520/1266
f 1020/3128/1386 1025/3308/1484 919/3521/1374
f 910/3265/1317 930/3333/1501 952/3266/1469
f 2293/3522/1578 2294/3523/1578 2283/3524/1578
f 1648/3490/1568 1635/3423/1534 1612/2891/1308
f 1026/3331/1499 1011/2871/1298 1030/3525/1579
f 1043/3526/1580 1033/3527/1241 1034/3528/1581
f 1025/3529/1484 1028/3440/1544 919/3477/1374
f 2876/2867/1296 2875/2803/1271 2885/3530/1582
f 2293/3204/1336 2302/3531/1583 2294/3532/1584
f 2286/3533/1414 1840/3534/1585 2325/3535/1043
f 1618/2979/1347 1622/3512/1379 1643/3536/1586
f 1852/3537/1587 1961/3501/1399 1848/3500/1571
f 2757/3367/1515 2767/3538/1588 2752/3539/1418
f 1853/3540/1589 1866/3541/1589 1840/3542/1589
f 2297/3543/1590 2274/2817/1278 2283/3374/1451
f 2936/3329/1497 3060/3544/1591 2933/3002/280
f 2425/2986/1352 2434/3545/1592 2413/2398/1095
f 1024/3261/1393 1026/3331/1499 1031/3546/1593
f 1018/2993/1357 1028/3466/1544 1025/3547/1484
f 937/3454/1551 917/3398/1409 955/3548/1594
f 930/3549/1595 942/3550/1595 943/3551/1595
f 1862/3552/1596 1850/3517/1400 1836/3519/1140
f 932/3553/1597 946/3554/1597 915/3555/1597
f 2755/3556/1508 2757/3367/1515 2756/2414/933
f 917/3398/1409 950/3400/1525 955/3548/1594
f 1617/3557/1378 1631/3558/1479 1644/3559/1598
f 922/3348/1507 980/3560/1599 939/3303/1482
f 1033/3561/1600 1018/3562/1600 1025/3563/1600
f 1854/3225/1456 1856/3564/1601 1839/2748/1250
f 1387/3565/1430 1376/3566/1206 1386/3567/1559
f 849/2875/1300 542/3110/1407 545/3568/1527
f 2429/3190/1440 2427/3189/1148 2438/3569/1602
f 1017/2992/1356 1036/3307/1417 1032/3570/1603
f 1011/2871/1298 1017/2992/1356 1030/3525/1579
f 1377/3571/1549 1545/3572/1548 1548/3573/1604
f 1033/3574/1605 1025/3575/1605 1034/3576/1605
f 2346/3352/1453 2350/3577/1606 2347/3578/1516
f 2511/3579/1607 2510/3580/1607 2512/3581/1607
f 2289/3413/1530 2296/3582/1608 2295/3339/1503
f 1388/3583/1609 1383/3584/1609 929/3585/1609
f 2348/3206/1273 2302/3531/1583 2293/3204/1336
f 1035/3586/1610 1022/3587/1434 1027/3588/1510
f 1545/3093/1401 1967/3464/1542 1964/3589/1611
f 2754/3590/1466 2762/3591/1612 2813/3592/1531
f 1863/3593/1613 1847/3594/1613 1876/3595/1613
f 1854/3596/1456 1855/3597/1614 1856/3598/1601
f 1037/3599/1495 1032/3600/1603 1036/3601/1417
f 1021/3130/1416 1029/3475/1562 1040/3602/1615
f 944/3603/1513 916/3604/1410 945/3605/1616
f 2413/3606/1095 2434/3607/1592 2430/3608/1493
f 948/3609/1617 928/3610/1617 1395/3611/1617
f 2350/3577/1606 2346/3352/1453 2343/3163/1428
f 1035/3586/1610 1029/3612/1562 1019/3613/1387
f 2757/3367/1515 2752/3539/1418 2751/3090/1155
f 1444/3253/1465 1378/3252/1041 1398/3614/1618
f 2347/3371/1516 2351/3372/1517 2344/3222/1454
f 1597/3615/1077 1389/3616/1619 1403/3617/1338
f 2506/3081/1394 2496/3197/1207 2514/3618/1620
f 2278/3619/1371 2298/3620/1621 2433/3503/1449
f 946/3621/1622 935/3427/1536 915/3426/1368
f 1013/3401/1261 911/3115/1318 947/3622/1623
f 940/2968/1342 929/3290/1445 1396/3623/1546
f 2484/3624/1624 2514/3625/1624 2496/3626/1624
f 1634/3627/1459 1635/3628/1534 1646/3629/1625
f 2282/3184/1267 2274/2817/1278 2297/3630/1590
f 957/3631/1626 928/3632/1626 948/3633/1626
f 1542/3047/1381 1545/3450/1548 1544/3452/1550
f 2484/2486/1136 2501/3058/1384 2513/3634/1627
f 2763/3635/1628 2813/3636/1628 2762/3637/1628
f 1857/3638/1629 1858/3639/1526 1849/3640/1572
f 1862/3552/1596 1859/3641/1630 1850/3517/1400
f 1860/3642/1631 1958/3643/1423 1850/3644/1400
f 1634/3233/1459 1645/3645/1632 1639/3368/1483
f 2509/3646/1557 2498/3647/1279 2505/3648/1462
f 1876/3649/1633 1847/3419/1441 1839/2748/1250
f 1033/3527/1241 1043/3526/1580 1037/3650/1495
f 1597/3094/1077 1380/3096/1335 1389/3651/1619
f 1022/3587/1434 1035/3586/1610 1019/3613/1387
f 2472/3652/1634 2438/3653/1602 2421/2898/1312
f 557/3654/1635 548/3655/1636 549/3656/1637
f 923/3657/1436 949/3658/1638 926/3407/1437
f 1633/2832/1284 1628/3224/1455 1637/3659/1511
f 1849/3660/1639 1861/3661/1639 1857/3662/1639
f 1395/3663/1640 1394/3664/1640 948/3665/1640
f 2421/2898/1312 2430/3324/1493 2472/3652/1634
f 2291/3459/1554 2281/3168/1431 2284/3014/1363
f 570/3666/1641 548/3655/1636 557/3654/1635
f 1545/3093/1401 1970/3667/1642 1546/3668/1643
f 1545/3669/1644 1546/3670/1644 1548/3671/1644
f 1638/3359/1512 1610/2888/1306 1641/3672/1560
f 920/3207/1446 1399/3673/1645 932/3322/1492
f 950/3674/1525 934/3675/1452 982/3676/1646
f 850/3323/1285 1046/3677/1647 848/3169/1432
f 1839/2748/1250 1856/3564/1601 1876/3678/1633
f 2752/3148/1418 2770/3679/1648 2754/3254/1466
f 2523/3429/1538 2518/3122/1415 2493/2755/1253
f 1394/3680/1649 1390/3681/1650 948/3682/1651
f 922/3362/1507 944/3361/1513 951/3683/1652
f 1547/3684/1653 1967/3433/1542 1542/3047/1381
f 952/3685/1469 947/3622/1623 911/3115/1318
f 1383/3686/1654 1391/3687/1654 1396/3688/1654
f 1392/3689/1556 1391/3690/1553 1382/3691/1350
f 1855/3597/1614 1854/3596/1456 1960/3124/1264
f 967/3692/1655 955/3693/1594 950/3674/1525
f 544/3366/1477 979/3694/1656 542/3110/1407
f 2874/2787/1265 2846/1016/453 2883/3695/1657
f 2935/3696/1496 2929/2167/986 2932/2758/1254
f 2755/3349/1508 2750/3351/1314 2758/3697/1577
f 1862/3698/1596 1864/3699/1154 1870/3700/1658
f 1543/3701/1480 1679/3702/1561 1541/3703/1539
f 1964/3589/1611 1970/3667/1642 1545/3093/1401
f 1634/3704/1459 1646/3705/1625 1655/3706/1659
f 932/3707/1660 1399/3708/1660 946/3709/1660
f 944/3710/1513 962/3711/1661 951/3712/1652
f 839/2592/1177 933/3097/1158 847/3044/1380
f 936/3436/1543 1013/3484/1261 947/3713/1623
f 549/3714/1637 583/3715/1662 553/3716/1663
f 570/3666/1641 564/3717/1664 548/3655/1636
f 1853/3718/1665 1840/3534/1585 2286/3533/1414
f 2433/3503/1449 2298/3620/1621 2432/3504/1565
f 2294/3719/1666 2302/3720/1666 2283/3721/1666
f 553/3722/1663 546/3723/1667 547/3724/1668
f 2884/3725/1669 2880/3089/1398 2876/2867/1296
f 1965/3726/1670 1966/3727/1670 1973/3728/1670
f 929/3729/1671 1383/3730/1671 1396/3731/1671
f 1630/3289/1471 1649/3732/1672 1648/3490/1568
f 926/3407/1437 949/3658/1638 943/3408/1528
f 923/3434/1436 936/3436/1543 949/3733/1638
f 1037/3599/1495 1043/3734/1580 1032/3600/1603
f 1399/3673/1645 920/3207/1446 953/3381/1519
f 2347/3578/1516 2350/3577/1606 2351/3735/1517
f 2438/3653/1602 2427/2524/1148 2421/2898/1312
f 1541/3736/1673 1538/3737/1673 1543/3738/1673
f 548/3739/1636 583/3740/1662 549/3741/1637
f 2484/2486/1136 2513/3634/1627 2514/3742/1674
f 1641/3672/1560 1639/3743/1483 1647/3744/1675
f 1617/3557/1378 1644/3559/1598 1667/3745/1676
f 2510/3746/1677 2516/3747/1678 2512/3748/1523
f 2286/3749/1679 2295/3750/1679 2296/3751/1679
f 1863/3752/1680 1876/3753/1681 1849/3754/1682
f 1066/3755/1683 1024/3261/1393 1031/3546/1593
f 2296/3756/1684 2282/3184/1267 2297/3630/1590
f 936/3436/1543 947/3757/1623 949/3733/1638
f 2515/3758/1685 2501/3058/1384 2866/3759/1069
f 953/3760/1686 957/3761/1686 960/3762/1686
f 1032/3570/1603 1042/3763/1687 1017/2992/1356
f 1622/3043/1379 1617/3042/1378 1667/3764/1676
f 946/3765/1622 982/3766/1646 935/3427/1536
f 1041/3767/1688 1034/3528/1581 1025/3768/1689
f 1025/3308/1484 1021/3130/1416 1040/3602/1615
f 979/3769/1656 544/3321/1477 986/3320/1491
f 1547/3770/1690 1964/3771/1690 1967/3772/1690
f 2512/3773/1523 2516/3774/1678 2507/3775/1524
f 1864/3776/1154 1858/3639/1526 1868/3777/1691
f 952/3685/1469 958/3778/1692 947/3622/1623
f 2284/3014/1363 2259/2371/1079 2099/3779/1693
f 2099/3780/1694 2259/3781/1694 2270/3782/1694
f 553/3722/1663 649/3783/1695 549/3784/1637
f 1961/3123/1399 1855/3597/1614 1960/3124/1264
f 1627/3192/1389 1677/3785/1696 1962/3325/1470
f 954/3786/1697 937/3454/1551 955/3548/1594
f 2351/3787/1517 2299/3788/1698 2348/3789/1273
f 2283/3790/1699 2302/3791/1699 2297/3792/1699
f 1888/3793/1354 1866/3794/1301 1865/3795/1700
f 1634/3704/1459 1655/3706/1659 1645/3796/1632
f 1970/3797/1642 1548/3798/1604 1546/3799/1643
f 548/3739/1636 572/3800/1701 583/3740/1662
f 547/3724/1668 554/3801/1702 553/3722/1663
f 2758/3697/1577 2773/3802/1703 2755/3349/1508
f 955/3803/1704 967/3804/1704 954/3805/1704
f 2883/3806/1657 2875/2803/1271 2874/2802/1265
f 648/3807/1705 552/3808/1705 551/3809/1705
f 958/3778/1692 952/3685/1469 930/3810/1501
f 1644/3811/1598 1631/3812/1479 1637/3813/1511
f 980/3814/1599 922/3815/1507 966/3816/1706
f 2291/3459/1554 2284/3014/1363 2099/3779/1693
f 956/3817/1707 967/3692/1655 950/3674/1525
f 2291/3459/1554 2298/3818/1621 2278/3235/1371
f 1401/3819/1573 1374/2715/1234 1413/3820/1708
f 1858/3639/1526 1857/3638/1629 1868/3777/1691
f 649/3783/1695 550/3821/1709 549/3784/1637
f 1535/3473/1246 1958/3822/1423 1679/3474/1561
f 551/3823/1710 552/3824/1711 562/3825/1712
f 943/3826/1528 958/3778/1692 930/3810/1501
f 2302/3531/1583 2348/3206/1273 2299/3827/1698
f 548/3828/1636 564/3829/1664 572/3830/1701
f 937/3831/1551 945/3605/1616 916/3604/1410
f 2933/637/280 3060/3832/1591 2841/1447/660
f 1026/3331/1499 1038/3833/1713 1031/3546/1593
f 950/3674/1525 982/3676/1646 956/3817/1707
f 1637/3813/1511 1631/3812/1479 1624/3834/1413
f 2767/3538/1588 2760/3835/1714 2752/3539/1418
f 2504/3159/1426 2517/3836/1715 2505/3287/1462
f 2755/3556/1508 2768/3837/1716 2757/3367/1515
f 1390/3838/1717 1393/3839/1717 948/3840/1717
f 2270/2805/1272 1973/2804/1233 2099/3841/1693
f 1029/3475/1562 1035/3586/1610 1039/3842/1718
f 2429/3286/1440 2456/3843/1719 2422/2892/1309
f 546/3844/1720 553/3845/1720 584/3846/1720
f 2938/3847/1721 2937/3520/1266 2763/3214/1450
f 1548/3573/1604 1549/3848/1722 1377/3571/1549
f 551/3849/1710 554/3850/1702 547/3851/1668
f 553/3722/1663 646/3852/1723 649/3783/1695
f 1866/3853/1301 1853/3854/1665 1865/3855/1700
f 2515/3856/1685 2866/3857/1069 2880/3858/1398
f 980/3560/1599 847/3859/1380 939/3303/1482
f 2877/3860/1522 2872/2796/1269 2878/2594/820
f 2752/3861/1724 2760/3862/1724 2759/3863/1724
f 2504/3418/1426 2508/3313/1486 2517/3864/1715
f 1034/3528/1581 1041/3767/1688 1043/3526/1580
f 551/3849/1710 547/3851/1668 648/3865/1725
f 1393/3866/1726 1390/3867/1726 1409/3868/1726
f 933/3394/1158 939/3303/1482 847/3859/1380
f 1639/3368/1483 1645/3645/1632 1647/3869/1675
f 1865/3795/1700 1964/3870/1727 1888/3793/1354
f 957/3871/1728 948/3872/1729 1393/3873/1730
f 1040/3874/1731 1041/3875/1731 1025/3876/1731
f 1968/3877/1732 1848/3878/1571 1964/3879/1733
f 554/3801/1702 646/3852/1723 553/3722/1663
f 570/3666/1641 557/3654/1635 558/3880/1734
f 1042/3763/1687 1030/3525/1579 1017/2992/1356
f 1029/3475/1562 1039/3842/1718 1040/3602/1615
f 553/3716/1663 583/3715/1662 584/3881/1735
f 1394/3882/1649 1395/3883/1457 1401/3884/1573
f 2349/3885/1736 2350/3577/1606 2343/3163/1428
f 1635/3628/1534 1648/3886/1568 1646/3629/1625
f 1374/2715/1234 1386/3470/1559 1413/3820/1708
f 562/3825/1712 555/3887/1737 551/3823/1710
f 2942/3888/1738 2937/3520/1266 2938/3847/1721
f 979/3694/1656 545/3568/1527 542/3110/1407
f 2752/3889/1418 2785/3890/1739 2770/3891/1648
f 2304/3892/1740 2350/3577/1606 2349/3885/1736
f 2518/3893/1741 2523/3894/1741 2519/3895/1741
f 2297/3896/1590 2300/3897/1742 2296/3898/1684
f 944/3899/1743 945/3900/1743 962/3901/1743
f 1395/3902/1457 1396/3903/1546 1381/3904/1505
f 1399/3673/1645 953/3381/1519 961/3905/1744
f 1961/3123/1399 1867/3906/1745 1855/3597/1614
f 1864/3699/1154 1868/3907/1691 1870/3700/1658
f 547/3724/1668 546/3723/1667 647/3908/1746
f 2350/3909/1747 2304/3910/1747 2351/3911/1747
f 1399/3912/1748 1397/3913/1748 946/3914/1748
f 2301/3915/1749 2351/3916/1749 2304/3917/1749
f 949/3733/1638 947/3757/1623 958/3918/1692
f 2884/3725/1669 2876/2867/1296 2885/3530/1582
f 937/3831/1551 959/3919/1750 945/3605/1616
f 2767/3538/1588 2757/3367/1515 2768/3837/1716
f 1630/3920/1471 1640/3921/1326 1649/3922/1672
f 2506/3283/1394 2522/3923/1751 2523/3449/1538
f 2506/3924/1752 2514/3925/1752 2522/3926/1752
f 2765/3927/1753 2759/3928/1753 2760/3929/1753
f 2513/3634/1627 2522/3930/1754 2514/3742/1674
f 1398/3931/1618 1378/3932/1041 1379/3933/1541
f 957/3871/1728 1393/3873/1730 960/3934/1755
f 648/3865/1725 547/3851/1668 647/3935/1746
f 1542/3047/1381 1544/3452/1550 1547/3684/1653
f 1066/3755/1683 1642/3424/1535 1024/3261/1393
f 647/3908/1746 546/3723/1667 556/3936/1756
f 943/3937/1528 949/3733/1638 958/3918/1692
f 1968/3877/1732 1964/3879/1733 1547/3938/1653
f 550/3821/1709 557/3939/1635 549/3784/1637
f 1638/3359/1512 1641/3672/1560 1650/3940/1757
f 2429/3286/1440 2435/3941/1758 2456/3843/1719
f 2519/3942/1759 2510/3943/1759 2518/3944/1759
f 2351/3787/1517 2305/3945/1760 2299/3788/1698
f 1637/3946/1511 1628/3947/1455 1651/3948/1761
f 2351/3949/1762 2301/3950/1762 2305/3951/1762
f 934/3425/1452 935/3427/1536 982/3766/1646
f 986/3320/1491 841/2649/1200 847/3044/1380
f 570/3952/1641 561/3953/1763 560/3954/1764
f 1849/3955/1682 1876/3956/1681 1869/3957/1765
f 1399/3958/1766 1408/3959/1766 1397/3960/1766
f 570/3952/1641 560/3954/1764 564/3961/1664
f 551/3849/1710 646/3962/1723 554/3850/1702
f 2763/3214/1450 2939/3963/1767 2938/3847/1721
f 1544/3964/1550 1444/3965/1465 1400/3966/1768
f 2761/3967/1769 2758/3968/1577 2753/3154/1375
f 2776/3969/1770 2753/3154/1375 2431/3156/1425
f 1026/3331/1499 1030/3525/1579 1038/3833/1713
f 1046/3677/1647 850/3323/1285 545/3404/1527
f 1637/3813/1511 1652/3970/1771 1644/3811/1598
f 937/3971/1772 954/3972/1772 959/3973/1772
f 2509/3974/1557 2520/3975/1773 2521/3976/1160
f 2880/3858/1398 2884/3977/1669 2515/3856/1685
f 1641/3672/1560 1647/3744/1675 1650/3940/1757
f 550/3821/1709 558/3978/1734 557/3939/1635
f 1032/3979/1774 1048/3980/1774 1042/3981/1774
f 1401/3982/1573 1395/3902/1457 1381/3904/1505
f 2501/3058/1384 2882/3983/1775 2513/3634/1627
f 646/3962/1723 551/3849/1710 555/3984/1737
f 562/3985/1712 580/3986/1776 555/3987/1737
f 568/3988/1777 559/3989/1778 560/3990/1764
f 1852/3991/1587 1848/3992/1571 1968/3993/1732
f 2765/3994/1779 2760/3995/1714 2767/3996/1588
f 1638/3378/1512 1650/3997/1757 1392/3465/1556
f 2762/3998/1780 2764/3999/1781 2763/4000/1782
f 1380/3096/1335 1381/4001/1505 1389/3651/1619
f 2753/3154/1375 2776/3969/1770 2761/3967/1769
f 1857/4002/1783 1849/3955/1682 1869/3957/1765
f 1628/3947/1455 1642/4003/1535 1651/3948/1761
f 1032/4004/1603 1043/4005/1580 1040/4006/1615
f 646/3852/1723 650/4007/1784 649/3783/1695
f 1394/3680/1649 1402/4008/1785 1390/3681/1650
f 1870/4009/1658 1859/3641/1630 1862/3552/1596
f 546/3723/1667 584/4010/1786 556/3936/1756
f 568/3988/1777 560/3990/1764 561/4011/1763
f 1040/4006/1615 1048/4012/1787 1032/4004/1603
f 2430/4013/1493 2436/4014/1788 2472/4015/1634
f 2883/3806/1657 2885/3530/1582 2875/2803/1271
f 1871/4016/1789 1961/4017/1399 1852/3991/1587
f 552/4018/1790 601/4019/1790 562/4020/1790
f 1040/4006/1615 1043/4005/1580 1041/4021/1688
f 2761/3967/1769 2773/4022/1703 2758/3968/1577
f 2510/3746/1677 2519/4023/1791 2516/3747/1678
f 2768/4024/1716 2755/3349/1508 2773/3802/1703
f 1647/4025/1792 1653/4026/1792 1650/4027/1792
f 2300/3897/1742 2286/4028/1414 2296/3898/1684
f 1659/4029/1793 1648/3490/1568 1649/3732/1672
f 1647/3869/1675 1645/3645/1632 1653/4030/1794
f 1860/3642/1631 1850/3644/1400 1859/4031/1630
f 2762/3591/1612 2754/3590/1466 2766/4032/1795
f 2299/3827/1698 2310/4033/1796 2302/3531/1583
f 1042/3763/1687 1044/4034/1797 1030/3525/1579
f 1402/4035/1785 1394/3882/1649 1401/3884/1573
f 1403/4036/1338 1404/4037/1798 1067/4038/1799
f 2935/3696/1496 2932/2758/1254 2941/4039/1800
f 1653/4040/1794 1660/4041/1801 1654/4042/1802
f 1544/3452/1550 1550/4043/1803 1547/3684/1653
f 1973/4044/1804 1972/4045/1804 1969/4046/1804
f 2931/2589/1176 2937/3370/1266 2940/4047/1805
f 2785/4048/1739 2752/4049/1418 2759/4050/1806
f 2435/3941/1758 2429/3286/1440 2454/4051/1807
f 2310/4052/1808 2309/4053/1808 2302/4054/1808
f 1386/3567/1559 1376/3566/1206 1417/4055/1809
f 1655/3706/1659 1657/4056/1810 1645/3796/1632
f 1970/3797/1642 1976/4057/1811 1548/3798/1604
f 966/4058/1706 922/4059/1507 964/4060/1812
f 572/3830/1701 564/3829/1664 563/4061/1813
f 959/4062/1750 954/4063/1814 967/4064/1655
f 1857/4065/1815 1875/4066/1815 1874/4067/1815
f 964/4060/1812 922/4059/1507 951/3712/1652
f 1859/4068/1816 1870/4069/1816 1868/4070/1816
f 953/3381/1519 960/4071/1817 961/3905/1744
f 1650/4072/1818 1653/4040/1794 1654/4042/1802
f 1660/4041/1801 1653/4040/1794 1645/4073/1632
f 1618/3460/1347 1677/4074/1696 1627/3068/1389
f 1637/3946/1511 1651/3948/1761 1652/4075/1771
f 2522/4076/1819 2519/4077/1819 2523/4078/1819
f 2942/3888/1738 2938/3847/1721 2939/3963/1767
f 2763/4079/1820 2764/4080/1820 2779/4081/1820
f 2297/3896/1590 2302/4082/1821 2309/4083/1822
f 1874/4084/1823 1872/4085/1824 1857/3638/1629
f 560/4086/1764 602/4087/1825 564/4088/1664
f 2286/3533/1414 2303/4089/1826 1853/3718/1665
f 565/4090/1827 585/4091/1828 576/4092/1829
f 613/4093/1830 550/3821/1709 649/3783/1695
f 1405/4094/1831 1406/4095/1832 1407/4096/1833
f 565/4097/1827 566/4098/1834 585/4099/1828
f 1964/4100/1835 1974/4101/1835 1970/4102/1835
f 1651/4103/1761 1642/3424/1535 1066/3755/1683
f 565/4090/1827 576/4092/1829 566/4104/1834
f 2762/3998/1780 2765/4105/1836 2764/3999/1781
f 1407/4106/1833 1410/4107/1837 1405/4108/1831
f 1402/4008/1785 1409/4109/1838 1390/3681/1650
f 2528/4110/1839 2563/4111/1840 2507/3392/1524
f 558/3880/1734 567/4112/1841 570/3666/1641
f 2524/4113/1842 2520/3975/1773 2509/3974/1557
f 2304/4114/1843 2349/4115/1843 2305/4116/1843
f 2765/4117/1844 2762/4118/1844 2766/4119/1844
f 1865/4120/1700 1974/4121/1845 1964/4122/1727
f 1961/4017/1399 1871/4016/1789 1867/4123/1745
f 1416/4124/1846 1391/3690/1553 1392/3689/1556
f 575/4125/1847 559/4126/1778 568/4127/1777
f 961/4128/1848 1408/4129/1848 1399/4130/1848
f 648/4131/1849 622/4132/1849 552/4133/1849
f 576/4092/1829 574/4134/1850 566/4104/1834
f 1679/3702/1561 1681/4135/1540 1541/3703/1539
f 1618/2979/1347 1643/3536/1586 1677/4136/1696
f 550/3821/1709 569/4137/1851 558/3978/1734
f 2500/3486/1376 2525/4138/1852 2383/4139/1853
f 1544/3452/1550 1400/4140/1768 1550/4043/1803
f 2437/4141/1854 2438/4142/1854 2472/4143/1854
f 2939/4144/1855 2763/4145/1855 2779/4146/1855
f 2429/3286/1440 2438/4147/1602 2454/4051/1807
f 1857/3638/1629 1872/4085/1824 1873/4148/1856
f 1655/4149/1659 1646/4150/1625 1656/4151/1857
f 2766/4032/1795 2754/3590/1466 2772/4152/1858
f 2773/4153/1859 2767/4154/1859 2768/4155/1859
f 1660/4041/1801 1645/4073/1632 1657/4156/1810
f 1402/4157/1785 1407/4158/1833 1408/4159/1860
f 961/4160/1861 1409/4161/1838 1408/4159/1860
f 1403/4162/1338 1389/3651/1619 1404/4163/1798
f 1969/4164/1862 2099/3841/1693 1973/2804/1233
f 961/4165/1863 960/4166/1863 1393/4167/1863
f 1035/3586/1610 1027/3588/1510 1049/4168/1864
f 1038/3833/1713 1045/4169/1865 1031/3546/1593
f 2883/3695/1657 2846/1016/453 2879/3508/1574
f 2508/3397/1486 2507/3392/1524 2563/4111/1840
f 1031/3546/1593 1045/4170/1865 1066/3755/1683
f 562/3985/1712 595/4171/1866 580/3986/1776
f 564/4088/1664 602/4087/1825 563/4172/1813
f 1857/3638/1629 1873/4148/1856 1868/3777/1691
f 1402/4157/1785 1408/4159/1860 1409/4161/1838
f 2519/4023/1791 2522/4173/1754 2516/3747/1678
f 1414/4174/1867 1405/4175/1867 1410/4176/1867
f 1402/4157/1785 1401/4177/1573 1407/4158/1833
f 1875/4178/1868 1872/4179/1868 1874/4180/1868
f 1397/4181/1869 1408/4182/1870 1411/4183/1871
f 1643/4184/1586 1622/3043/1379 1667/3764/1676
f 1406/4095/1832 1405/4094/1831 1414/4185/1872
f 2304/4186/1873 2305/4187/1873 2301/4188/1873
f 576/4092/1829 585/4091/1828 579/4189/1874
f 562/4190/1875 601/4191/1875 595/4192/1875
f 559/4193/1778 602/4194/1825 560/4195/1764
f 2299/4196/1876 1980/4197/1876 2310/4198/1876
f 1391/4199/1553 1412/4200/1877 1396/4201/1546
f 2759/4202/1878 2765/4203/1878 2769/4204/1878
f 1852/3991/1587 1968/3993/1732 1871/4016/1789
f 1397/4181/1869 1411/4183/1871 946/4205/1622
f 973/4206/1879 945/3605/1616 959/3919/1750
f 1054/4207/1880 1046/3677/1647 545/3404/1527
f 570/4208/1881 567/4209/1881 571/4210/1881
f 585/4099/1828 566/4098/1834 577/4211/1882
f 2300/3897/1742 2297/3896/1590 2309/4083/1822
f 2500/3486/1376 2383/4139/1853 2343/3163/1428
f 1044/4034/1797 1038/3833/1713 1030/3525/1579
f 572/4212/1701 563/4213/1813 573/4214/1883
f 566/4098/1834 574/4215/1850 577/4211/1882
f 2754/4216/1466 2770/4217/1648 2771/4218/1884
f 1875/4219/1885 1879/4220/1886 1872/4221/1824
f 2881/4222/1887 2873/2797/1270 2872/2796/1269
f 2754/4216/1466 2771/4218/1884 2772/4223/1858
f 2454/4224/1888 2438/4225/1888 2439/4226/1888
f 2437/4227/1889 2472/4015/1634 2436/4014/1788
f 1407/4106/1833 1413/4228/1708 1410/4107/1837
f 2353/4229/1890 2349/3885/1736 2343/3163/1428
f 552/4230/1891 622/4231/1892 601/4232/1892
f 587/4233/1893 575/4234/1847 568/4235/1777
f 2769/4236/1894 2765/4237/1894 2766/4238/1894
f 1414/4239/1895 1410/4240/1895 1415/4241/1895
f 1412/4200/1877 1391/4199/1553 1416/4242/1846
f 1650/4243/1818 1654/4244/1802 1416/4245/1846
f 1407/4106/1833 1401/4246/1573 1413/4228/1708
f 1415/4247/1896 1421/4248/1897 1414/4185/1872
f 2425/2986/1352 2442/4249/1898 2434/3545/1592
f 2513/3634/1627 2882/3983/1775 2522/4250/1754
f 2431/3343/1425 2422/2946/1309 2456/4251/1719
f 2438/4252/1899 2437/4253/1900 2439/4254/1901
f 1865/3855/1700 1853/3854/1665 2314/4255/1902
f 1649/3922/1672 1640/3921/1326 1658/4256/1903
f 851/4257/1904 1054/4258/1880 545/4259/1527
f 1058/4260/1905 1027/3357/1510 848/3356/1432
f 2505/3648/1462 2524/4261/1842 2509/3646/1557
f 613/4093/1830 569/4137/1851 550/3821/1709
f 1857/4262/1906 1886/4263/1906 1875/4264/1906
f 1971/4265/1907 1962/4266/1470 1677/4267/1696
f 1393/4268/1908 1409/4269/1838 961/4270/1861
f 1872/4221/1824 1879/4220/1886 1873/4271/1856
f 1040/3602/1615 1039/3842/1718 1061/4272/1909
f 1648/4273/1568 1659/4274/1793 1646/4275/1625
f 622/4231/1892 641/4276/1910 601/4232/1892
f 574/4277/1850 576/4278/1829 577/4279/1911
f 1859/4280/1630 1868/3777/1691 1686/4281/1912
f 1857/4002/1783 1869/3957/1765 1886/4282/1913
f 2525/4283/1852 2521/2551/1160 2520/4284/1773
f 2941/4285/1800 2936/3329/1497 2935/3328/1496
f 2520/3975/1773 2524/4113/1842 2527/4286/1914
f 1072/4287/1915 1417/4288/1809 1377/4289/1549
f 1652/4290/1771 1649/3922/1672 1658/4256/1903
f 1038/3833/1713 1064/4291/1916 1045/4169/1865
f 570/3952/1641 571/4292/1917 586/4293/1918
f 1646/4150/1625 1661/4294/1919 1656/4151/1857
f 848/3356/1432 1046/4295/1647 1058/4260/1905
f 1972/4296/1920 1973/4297/1921 1966/3019/1365
f 650/4298/1784 646/3962/1723 555/3984/1737
f 1401/4299/1922 1381/4300/1922 1385/4301/1922
f 647/4302/1746 556/4303/1756 648/4304/1725
f 2773/4305/1703 2778/4306/1923 2767/3996/1588
f 1856/3598/1601 1885/4307/1924 1876/4308/1633
f 1855/3597/1614 1878/4309/1925 1856/3598/1601
f 1048/4012/1787 1040/4006/1615 1061/4310/1909
f 1406/4095/1832 1411/4311/1926 1407/4096/1833
f 556/3936/1756 584/4010/1786 578/4312/1927
f 1407/4313/1928 1411/4314/1928 1408/4315/1928
f 982/3766/1646 946/3765/1622 1411/4316/1871
f 1974/4317/1929 1975/4318/1929 1970/4319/1929
f 2291/3459/1554 2099/3779/1693 2298/3818/1621
f 1873/4320/1930 1879/4321/1930 2307/4322/1930
f 572/4323/1931 594/4324/1931 583/4325/1931
f 1649/3732/1672 1652/4075/1771 1659/4029/1793
f 945/3605/1616 973/4206/1879 962/4326/1661
f 1425/4327/1932 1415/4328/1933 1410/4107/1837
f 2515/3758/1685 2882/3983/1775 2501/3058/1384
f 2431/3343/1425 2456/4251/1719 2440/4329/1934
f 1670/4330/1935 1660/4331/1801 1657/4332/1810
f 1655/4333/1659 1656/4334/1857 1675/4335/1936
f 1404/4336/1798 1396/4337/1546 1412/4338/1877
f 1879/4339/1937 1875/4340/1937 1886/4341/1937
f 575/4234/1847 587/4233/1893 611/4342/1938
f 2773/4343/1703 2761/4344/1769 2782/4345/1939
f 983/4346/1940 1411/4311/1926 1406/4095/1832
f 1877/4347/1941 1860/4348/1631 1859/4349/1630
f 595/4350/1866 579/4351/1942 580/4352/1776
f 1980/4353/1943 1981/4354/1943 2310/4355/1943
f 576/4356/1944 579/4357/1944 598/4358/1944
f 1548/3573/1604 1977/4359/1945 1549/3848/1722
f 1962/3270/1470 1972/4296/1920 1966/3019/1365
f 622/4360/1946 648/4304/1725 556/4303/1756
f 1853/3718/1665 2303/4089/1826 2314/4361/1902
f 1869/4362/1947 1876/4363/1947 1886/4364/1947
f 1644/3811/1598 1652/3970/1771 1289/4365/1948
f 1044/4034/1797 1064/4291/1916 1038/3833/1713
f 2299/3788/1698 2305/3945/1760 2326/4366/1949
f 555/3984/1737 581/4367/1950 650/4298/1784
f 1980/4368/1951 2299/3788/1698 2326/4366/1949
f 613/4369/1830 649/4370/1695 650/4371/1784
f 1646/4275/1625 1659/4274/1793 1661/4372/1919
f 1877/4347/1941 1679/4373/1561 1958/4374/1423
f 579/4351/1942 595/4350/1866 598/4375/1952
f 1650/4376/1953 1416/4377/1953 1392/4378/1953
f 2765/3994/1779 2767/3996/1588 2778/4306/1923
f 2303/4379/1826 2286/4380/1414 2306/4381/1954
f 2526/4382/1955 2517/3864/1715 2508/3313/1486
f 1377/4289/1549 1549/4383/1722 1072/4287/1915
f 2770/3891/1648 2785/3890/1739 2771/4384/1884
f 2516/3774/1678 2522/4385/1754 2507/3775/1524
f 2500/3040/1376 2521/2551/1160 2525/4283/1852
f 2286/4028/1414 2300/3897/1742 2306/4386/1954
f 1879/4387/1956 2313/4388/1956 2307/4389/1956
f 970/4390/1957 959/4062/1750 967/4064/1655
f 559/4126/1778 575/4125/1847 582/4391/1958
f 1377/4289/1549 1417/4288/1809 1376/4392/1206
f 561/4393/1959 586/4394/1959 568/4395/1959
f 1855/4396/1960 1867/4397/1960 1878/4398/1960
f 1417/4288/1809 1413/3820/1708 1386/3470/1559
f 1060/4399/1961 1044/4034/1797 1042/3763/1687
f 2773/4305/1703 2780/4400/1962 2778/4306/1923
f 1406/4095/1832 1414/4185/1872 1421/4248/1897
f 1652/4075/1771 1651/3948/1761 1662/4401/1963
f 2942/4402/1738 2940/4047/1805 2937/3370/1266
f 2785/4048/1739 2759/4050/1806 2774/4403/1964
f 2300/4404/1742 2309/4405/1822 2308/4406/1965
f 2313/4407/1966 1879/4408/1966 1886/4409/1966
f 951/3712/1652 962/3711/1661 974/4410/1967
f 851/4257/1904 545/4259/1527 979/4411/1656
f 559/4193/1778 582/4412/1958 602/4194/1825
f 583/4413/1968 594/4414/1968 584/4415/1968
f 2932/2758/1254 3051/3402/1053 2943/4416/1969
f 2766/4032/1795 2772/4152/1858 2775/4417/1970
f 2776/4418/1770 2782/4345/1939 2761/4344/1769
f 586/4293/1918 561/3953/1763 570/3952/1641
f 2309/4419/1822 2310/4420/1971 2311/4421/1972
f 1047/4422/1973 1066/4423/1683 1045/4424/1865
f 2431/4425/1974 2440/4426/1974 2441/4427/1974
f 1868/3777/1691 1873/4148/1856 1880/4428/1975
f 1644/3811/1598 1289/4365/1948 1663/4429/1976
f 1039/3842/1718 455/4430/1977 1061/4272/1909
f 580/4431/1776 579/4432/1942 588/4433/1978
f 558/4434/1734 569/4435/1851 627/4436/1979
f 1410/4107/1837 1074/4437/1980 1425/4327/1932
f 1856/3598/1601 1878/4309/1925 1885/4307/1924
f 2782/4345/1939 2776/4418/1770 2431/4438/1425
f 1881/4439/1981 1974/4121/1845 1865/4120/1700
f 585/4440/1982 587/4441/1982 579/4442/1982
f 1421/4248/1897 983/4346/1940 1406/4095/1832
f 1548/3573/1604 1976/4443/1811 1977/4359/1945
f 1654/4244/1802 1418/4444/1983 1416/4245/1846
f 604/4445/1984 568/4446/1777 586/4447/1985
f 2442/4448/1898 2425/3481/1352 2432/3483/1565
f 2307/4449/1986 2313/4450/1987 1873/4148/1856
f 1868/3777/1691 1880/4428/1975 1882/4451/1988
f 1660/4331/1801 1670/4330/1935 1654/4452/1802
f 1060/4399/1961 1042/3763/1687 1048/4453/1787
f 980/3560/1599 963/4454/1989 847/3859/1380
f 587/4455/1893 568/4446/1777 604/4445/1984
f 964/4456/1990 965/4457/1990 966/4458/1990
f 1970/3797/1642 1975/4459/1991 1976/4057/1811
f 2764/4460/1781 2765/3994/1836 2779/4461/1992
f 2778/4306/1923 2769/4462/1993 2765/3994/1779
f 967/4463/1655 956/3817/1707 968/4464/1994
f 2939/4465/1995 2779/4466/1995 2775/4467/1995
f 2769/4468/1996 2774/4403/1964 2759/4050/1806
f 2443/4469/1997 2437/4227/1889 2436/4014/1788
f 1971/4265/1907 1972/4470/1920 1962/4266/1470
f 1679/4471/1561 1680/4472/1998 1681/4473/1540
f 1381/4001/1505 1404/4163/1798 1389/3651/1619
f 577/4474/1882 587/4475/1999 585/4476/1828
f 580/3986/1776 588/4477/1978 555/3987/1737
f 2524/4261/1842 2505/3648/1462 2527/4478/1914
f 1035/3586/1610 1049/4168/1864 1057/4479/2000
f 2508/3397/1486 2563/4111/1840 2526/4480/1955
f 1398/4481/1618 1419/4482/2001 1444/3965/1465
f 2308/4406/1965 2306/4483/1954 2300/4404/1742
f 2774/4484/1964 2778/4485/1923 2777/4486/2002
f 2308/4487/1965 2309/4419/1822 2311/4421/1972
f 592/4488/2003 589/4489/2004 590/4490/2005
f 576/4491/2006 598/4492/2006 577/4493/2006
f 956/3817/1707 982/3676/1646 968/4464/1994
f 2192/4494/2007 2298/3818/1621 2099/3779/1693
f 1751/4495/2008 1868/3777/1691 1882/4451/1988
f 2454/4496/2009 2439/4497/2009 2444/4498/2009
f 2517/3836/1715 2527/4499/1914 2505/3287/1462
f 2765/3994/1836 2769/4462/2010 2779/4461/1992
f 610/4500/2011 577/4501/1882 574/4502/2012
f 577/4474/1882 610/4503/2011 587/4475/1999
f 572/4212/1701 573/4214/1883 594/4504/2013
f 2774/4505/2014 2769/4506/2014 2778/4507/2014
f 1060/4508/1961 1048/4012/1787 1061/4310/1909
f 1976/4509/2015 1975/4510/2015 1977/4511/2015
f 2313/4512/2016 1886/4513/2016 1883/4514/2016
f 2522/4515/1754 2528/4516/1839 2507/4517/1524
f 1415/4518/1896 1420/4519/2017 1421/4520/1897
f 1659/4521/2018 1672/4522/2018 1661/4523/2018
f 2775/4524/1970 2779/4525/2019 2766/4526/1795
f 575/4234/1847 611/4342/1938 582/4527/1958
f 2773/4305/1703 2782/4528/1939 2780/4400/1962
f 2298/3620/1621 2098/4529/2020 2432/3504/1565
f 1282/4530/2021 1677/4136/1696 1643/3536/1586
f 1667/3745/1676 1644/3559/1598 1664/4531/2022
f 1664/4531/2022 1644/3559/1598 1663/4429/1976
f 973/4532/1879 959/4062/1750 969/4533/2023
f 975/4534/2024 1412/4535/2024 976/4536/2024
f 2522/4515/1754 2529/4537/2025 2528/4516/1839
f 1751/4495/2008 1686/4281/1912 1868/3777/1691
f 604/4538/1984 579/4539/1942 587/4540/1893
f 591/4541/2026 590/4490/2005 589/4489/2004
f 1886/4542/2027 1876/4308/1633 1885/4307/1924
f 2515/3856/1685 2884/3977/1669 2882/4543/1775
f 2882/4544/1775 2529/4537/2025 2522/4515/1754
f 2775/4545/1970 2772/4223/1858 2771/4218/1884
f 2445/4546/2028 2430/3608/1493 2434/3607/1592
f 2312/4547/2029 2303/4379/1826 2306/4381/1954
f 2303/4089/1826 2312/4548/2029 2314/4361/1902
f 2098/4549/2020 2442/4448/1898 2432/3483/1565
f 1661/4550/1919 1665/4551/2030 1656/4334/1857
f 1652/4075/1771 1662/4401/1963 1659/4029/1793
f 574/4277/2012 577/4279/2031 599/4552/2032
f 2942/3888/1738 2939/3963/1767 2775/4553/1970
f 980/3814/1599 966/3816/1706 965/4554/2033
f 1396/4337/1546 1404/4336/1798 1381/4555/1505
f 1659/4029/1793 1662/4401/1963 1672/4556/2034
f 983/4557/2035 982/4558/2035 1411/4559/2035
f 2779/4560/2036 2769/4561/2036 2766/4562/2036
f 592/4563/2003 590/4564/2005 593/4565/2037
f 2782/4345/1939 2431/4438/1425 2781/4566/2038
f 2443/4567/1997 2436/4568/1788 2446/4569/2039
f 1666/4570/2040 1971/4571/2040 1677/4572/2040
f 1675/4335/1936 1657/4573/1810 1655/4333/1659
f 592/4488/2003 625/4574/2041 589/4489/2004
f 606/4575/2042 581/4576/1950 555/3987/1737
f 594/4577/2043 578/4312/1927 584/4010/1786
f 2883/4578/2044 2884/4579/2044 2885/4580/2044
f 598/4581/1952 595/4582/1866 632/4583/2045
f 2777/4486/2002 2785/4584/1739 2774/4484/1964
f 588/4477/1978 606/4575/2042 555/3987/1737
f 588/4433/1978 579/4432/1942 596/4585/2046
f 2777/4486/2002 2778/4485/1923 2780/4586/1962
f 967/4463/1655 968/4464/1994 970/4587/1957
f 2441/4588/2047 2781/4566/2038 2431/4438/1425
f 1666/4589/2048 1972/4470/1920 1971/4265/1907
f 1664/4590/2049 1671/4591/2049 1667/4592/2049
f 1664/4593/2050 1668/4594/2050 1671/4595/2050
f 1661/4550/1919 1672/4596/2034 1665/4551/2030
f 2448/4597/2051 2434/4598/1592 2442/4599/1898
f 1066/4423/1683 1047/4422/1973 1662/4600/1963
f 2943/4416/1969 3051/3402/1053 2931/2589/1176
f 579/4539/1942 604/4538/1984 596/4601/2046
f 2384/4602/2052 2349/3885/1736 2353/4229/1890
f 588/4433/1978 596/4585/2046 606/4603/2042
f 1027/3357/1510 1058/4260/1905 1049/4604/1864
f 2311/4605/1972 2310/4606/1971 1981/4607/2053
f 2326/4608/2054 2305/4609/2054 2349/4610/2054
f 1682/4611/2055 1974/4612/1845 1881/4613/1981
f 2529/4537/2025 2882/4544/1775 2530/4614/2056
f 2532/4615/2057 2526/4480/1955 2563/4111/1840
f 2436/4014/1788 2430/4013/1493 2445/4616/2028
f 1675/4335/1936 1656/4334/1857 1669/4617/2058
f 1066/4618/1683 1662/4401/1963 1651/3948/1761
f 620/4619/2059 610/4500/2011 574/4502/2012
f 571/4292/1917 567/4620/2060 586/4293/1918
f 1670/4621/2061 1657/4622/2061 1675/4623/2061
f 2443/4624/2062 2446/4625/2062 2437/4626/2062
f 959/4062/1750 970/4390/1957 969/4533/2023
f 2311/4421/1972 1987/4627/2063 2308/4487/1965
f 599/4552/2032 577/4279/2031 597/4628/2064
f 1064/4629/1916 1044/4034/1797 1060/4399/1961
f 1439/4630/2065 1419/4631/2001 1398/4632/1618
f 980/3814/1599 971/4633/2066 972/4634/2067
f 1643/4184/1586 1667/3764/1676 1272/4635/2068
f 1873/4148/1856 2313/4450/1987 1880/4428/1975
f 587/4636/2069 610/4637/2069 611/4638/2069
f 577/4639/2070 598/4640/2070 597/4641/2070
f 1860/4348/1631 1877/4347/1941 1958/4374/1423
f 962/4642/1661 969/4643/2023 974/4644/1967
f 1419/4482/2001 1400/3966/1768 1444/3965/1465
f 1974/4612/1845 1977/4645/2071 1975/4646/2072
f 574/4502/2012 599/4647/2032 620/4619/2059
f 604/4445/1984 586/4447/1985 600/4648/2073
f 851/4257/1904 607/4649/2074 1054/4258/1880
f 578/4312/1927 594/4577/2043 104/4650/2075
f 1415/4518/1896 1422/4651/2076 1420/4519/2017
f 601/4652/2077 632/4653/2077 595/4654/2077
f 2313/4655/1987 2316/4656/2078 1880/4657/1975
f 1865/3855/1700 2314/4255/1902 1881/4658/1981
f 1412/4338/1877 1434/4659/2079 1404/4336/1798
f 1412/4660/1877 978/4661/2080 976/4662/2081
f 962/4642/1661 973/4663/1879 969/4643/2023
f 2781/4664/2038 2777/4486/2002 2782/4665/1939
f 1867/4666/1745 1884/4667/2082 1878/4668/1925
f 2781/4669/2038 2441/4670/2047 2440/4671/1934
f 2777/4672/2002 2781/4669/2038 2440/4671/1934
f 2447/4673/2083 2454/4674/1807 2439/4675/1901
f 1422/4676/2084 1415/4677/2084 1425/4678/2084
f 1682/4611/2055 1977/4645/2071 1974/4612/1845
f 2454/4051/1807 2461/4679/2085 2435/3941/1758
f 2528/4110/1839 2529/4680/2025 2563/4111/1840
f 1669/4617/2058 1656/4334/1857 1665/4551/2030
f 2434/3607/1592 2448/4681/2051 2445/4546/2028
f 1403/3195/1338 1640/2933/1326 1614/2932/1236
f 980/3814/1599 965/4554/2033 971/4633/2066
f 2888/4682/2086 2883/3695/1657 2879/3508/1574
f 602/4683/1825 582/4684/1958 603/4685/2087
f 2098/4686/2020 2298/4687/1621 2192/4688/2007
f 2308/4487/1965 1987/4627/2063 2312/4689/2029
f 2780/4586/1962 2782/4665/1939 2777/4486/2002
f 2439/4254/1901 2437/4253/1900 2447/4690/2083
f 2308/4487/1965 2312/4689/2029 2306/4691/1954
f 1968/3993/1732 1683/4692/2088 1871/4016/1789
f 2771/4384/1884 2785/3890/1739 2783/4693/2089
f 1551/4694/2090 1690/4695/2091 1550/4043/1803
f 1412/4696/1877 975/4697/2092 977/4698/2093
f 1046/4295/1647 1050/4699/2094 1058/4260/1905
f 604/4700/1984 589/4489/2004 596/4701/2046
f 605/4702/2095 650/4371/1784 581/4703/1950
f 2384/4704/2052 2326/4705/1949 2349/4706/1736
f 2563/4707/1840 2529/4708/2025 2533/4709/2096
f 591/4541/2026 604/4700/1984 600/4710/2073
f 606/4711/2042 1054/4712/1880 607/4713/2074
f 2446/4714/2039 2447/4690/2083 2437/4253/1900
f 1418/4444/1983 1078/4715/2097 1416/4245/1846
f 1045/4424/1865 1051/4716/2098 1047/4422/1973
f 2886/4717/2099 2884/4718/2099 2887/4719/2099
f 1423/4720/2100 1412/4200/1877 1416/4242/1846
f 606/4711/2042 596/4701/2046 1054/4712/1880
f 604/4700/1984 591/4541/2026 589/4489/2004
f 1884/4667/2082 1867/4666/1745 1871/4721/1789
f 1052/4722/2101 455/4430/1977 1039/3842/1718
f 1379/3933/1541 1427/4723/2102 1398/3931/1618
f 1662/4600/1963 1047/4422/1973 1053/4724/2103
f 1434/4725/2079 1412/4696/1877 977/4698/2093
f 963/4454/1989 986/4726/1491 847/3859/1380
f 591/4541/2026 608/4727/2104 590/4728/2005
f 1039/3842/1718 1035/3586/1610 1052/4722/2101
f 970/4729/1957 968/4730/1994 974/4731/1967
f 1057/4479/2000 1052/4722/2101 1035/3586/1610
f 1683/4692/2088 1968/3993/1732 1547/4732/1653
f 1413/4228/1708 1424/4733/2105 1410/4107/1837
f 2883/4734/1657 2535/4735/2106 2884/4736/2107
f 1667/4737/2108 1671/4738/2108 1272/4739/2108
f 979/4411/1656 607/4649/2074 851/4257/1904
f 606/4575/2042 609/4740/2109 581/4576/1950
f 2314/4741/1902 2312/4689/2029 1982/4742/2110
f 2532/4743/2057 2563/4707/1840 2533/4709/2096
f 2771/4218/1884 2783/4744/2089 2775/4545/1970
f 1422/4651/2076 1437/4745/2111 1420/4519/2017
f 1053/4746/2103 1672/4747/2034 1662/4748/1963
f 610/4749/2112 615/4750/2112 611/4751/2112
f 650/4371/1784 605/4702/2095 613/4369/1830
f 2942/3888/1738 2775/4553/1970 2944/4752/2113
f 1980/4753/1951 2326/4705/1949 1998/4754/2114
f 1980/4753/1951 1998/4754/2114 1981/4755/2053
f 975/4756/2115 976/4757/2115 977/4758/2115
f 1421/4248/1897 1426/4759/2116 983/4346/1940
f 2353/4229/1890 2343/3163/1428 2383/4139/1853
f 2777/4760/2002 2440/4761/1934 2784/4762/2117
f 1423/4763/2100 978/4661/2080 1412/4660/1877
f 1423/4764/2100 1416/4245/1846 1078/4715/2097
f 641/4765/2118 77/4766/2118 601/4767/2118
f 2314/4741/1902 1982/4742/2110 1684/4768/2119
f 596/4701/2046 589/4489/2004 1054/4712/1880
f 592/4488/2003 635/4769/2120 625/4574/2041
f 612/4770/2121 569/4771/1851 613/4772/1830
f 644/4773/2122 603/4685/2087 582/4684/1958
f 951/3712/1652 974/4410/1967 964/4060/1812
f 2932/2758/1254 2945/4774/2123 2941/4039/1800
f 1877/4347/1941 1859/4349/1630 1686/4775/1912
f 1064/4776/1916 1051/4716/2098 1045/4424/1865
f 2932/2758/1254 2943/4416/1969 2945/4774/2123
f 1666/4777/2124 1677/4778/2124 1972/4779/2124
f 1440/4780/2125 1439/4781/2125 1398/4782/2125
f 1272/4783/2126 1671/4784/2126 1674/4785/2126
f 976/4786/2081 978/4787/2080 977/4788/2093
f 1050/4699/2094 1046/4295/1647 1054/4789/1880
f 567/4112/1841 558/3880/1734 616/4790/2127
f 2887/4791/2128 2884/4736/2107 2535/4735/2106
f 1425/4792/1932 1074/4793/1980 1422/4794/2129
f 1981/4607/2053 1987/4795/2063 2311/4605/1972
f 614/4796/2130 1054/4712/1880 589/4489/2004
f 970/4729/1957 974/4731/1967 969/4797/2023
f 1664/4798/2131 1674/4799/2131 1671/4800/2131
f 2450/4801/2132 2454/4674/1807 2447/4673/2083
f 620/4802/2133 615/4803/2133 610/4804/2133
f 1886/4805/2134 1885/4806/2134 2315/4807/2134
f 2791/4808/2135 2440/4329/1934 2456/4251/1719
f 1418/4809/1983 1670/4330/1935 1435/4810/2136
f 979/4811/1656 986/4812/1491 357/4813/2137
f 558/4434/1734 627/4436/1979 616/4814/2127
f 1664/4531/2022 1663/4429/1976 1676/4815/2138
f 1682/4611/2055 1881/4613/1981 1684/4816/2119
f 597/4817/2139 598/4818/1952 617/4819/2140
f 1881/4658/1981 2314/4255/1902 1684/4820/2119
f 980/4821/1599 991/4822/2141 963/4454/1989
f 1672/4596/2034 1053/4823/2103 1665/4551/2030
f 2931/2589/1176 2940/4047/1805 2943/4416/1969
f 1421/4520/1897 1420/4519/2017 1431/4824/2142
f 2883/4734/1657 2888/4825/2086 2535/4735/2106
f 2313/4826/2143 1886/4827/2143 2315/4828/2143
f 1400/4140/1768 1551/4694/2090 1550/4043/1803
f 1652/3970/1771 1658/4829/1903 1289/4365/1948
f 978/4787/2080 1423/4830/2100 1434/4831/2079
f 581/4832/1950 609/4833/2109 605/4702/2095
f 590/4728/2005 608/4727/2104 634/4834/2144
f 569/4771/1851 612/4770/2121 618/4835/2145
f 2882/4543/1775 2884/3977/1669 2887/4836/2146
f 1426/4837/2116 1421/4520/1897 1431/4824/2142
f 622/4360/1946 556/4303/1756 623/4838/2147
f 2889/4839/2148 2877/3388/1522 2841/3390/660
f 2530/4614/2056 2882/4544/1775 2887/4840/2146
f 2533/4709/2096 2529/4708/2025 2530/4841/2056
f 1681/3431/1540 1427/4842/2102 1379/3432/1541
f 991/4843/2149 980/4844/2149 972/4845/2149
f 563/4846/1813 602/4847/1825 603/4848/2087
f 624/4849/2150 614/4796/2130 589/4489/2004
f 617/4850/2140 598/4581/1952 632/4583/2045
f 2383/4851/1853 2352/4852/2151 2353/4853/1890
f 2316/4854/2078 2313/4855/1987 2315/4856/2152
f 2890/4857/2153 2872/2796/1269 2877/3860/1522
f 1434/4831/2079 977/4788/2093 978/4787/2080
f 2534/4858/2154 2536/4859/2155 2530/4614/2056
f 1987/4627/2063 1982/4742/2110 2312/4689/2029
f 620/4619/2059 599/4647/2032 597/4860/2064
f 1436/4861/2156 1078/4715/2097 1418/4444/1983
f 2316/4854/2078 2315/4856/2152 1984/4862/2157
f 615/4863/2158 582/4527/1958 611/4342/1938
f 573/4214/1883 631/4864/2159 594/4504/2013
f 563/4846/1813 603/4848/2087 573/4865/1883
f 1064/4629/1916 1060/4399/1961 1055/4866/2160
f 1047/4422/1973 1051/4716/2098 1053/4724/2103
f 619/4867/2161 606/4868/2042 607/4869/2074
f 2527/4870/1914 2517/4871/1715 2531/4872/2162
f 609/4740/2109 606/4575/2042 619/4873/2161
f 2872/2796/1269 2890/4857/2153 2881/4222/1887
f 2383/4851/1853 2525/4874/1852 2352/4852/2151
f 2442/4448/1898 2098/4549/2020 2449/4875/2163
f 1410/4107/1837 1424/4733/2105 1074/4437/1980
f 981/4876/2164 607/4877/2074 979/4811/1656
f 601/4878/2165 77/4879/2165 632/4880/2165
f 569/4435/1851 618/4881/2145 627/4436/1979
f 968/4730/1994 982/4882/1646 987/4883/2166
f 968/4730/1994 987/4883/2166 974/4731/1967
f 1684/4884/2167 1977/4885/2167 1682/4886/2167
f 613/4772/1830 80/4887/2168 612/4770/2121
f 634/4888/2144 593/4565/2037 590/4564/2005
f 1431/4824/2142 1420/4519/2017 1071/4889/2169
f 987/4890/2170 982/4891/2170 983/4892/2170
f 615/4893/2158 620/4894/2059 597/4895/2064
f 2316/4896/2171 1984/4897/2171 2317/4898/2171
f 2783/4899/2089 2785/4900/1739 2784/4901/2117
f 1089/4902/2172 1681/4473/1540 1680/4472/1998
f 1428/4903/2173 1427/4842/2102 1681/3431/1540
f 1072/4287/1915 1429/4904/2174 1417/4288/1809
f 1643/3536/1586 1272/4905/2068 1282/4530/2021
f 2785/4906/1739 2777/4760/2002 2784/4762/2117
f 1071/4907/2169 1420/4519/2017 1437/4745/2111
f 2192/4908/2007 2099/4909/1693 2102/4910/2175
f 614/4796/2130 1056/4911/2176 1054/4712/1880
f 600/4710/2073 621/4912/2177 591/4541/2026
f 2452/4913/2178 2098/4686/2020 2192/4688/2007
f 641/4914/2179 622/4915/2179 623/4916/2179
f 589/4489/2004 625/4574/2041 624/4849/2150
f 613/4369/1830 605/4702/2095 80/4917/2168
f 2530/4614/2056 2887/4840/2146 2534/4858/2154
f 586/4918/2180 621/4919/2180 600/4920/2180
f 2446/4921/2039 2450/4922/2132 2447/4923/2083
f 2353/4853/1890 2352/4852/2151 2384/4924/2052
f 1683/4925/2181 1884/4926/2181 1871/4927/2181
f 1427/4928/2182 1440/4929/2182 1398/4930/2182
f 1067/4931/1799 1404/4932/1798 1133/4933/2183
f 1431/4824/2142 1075/4934/2184 1426/4837/2116
f 1052/4722/2101 456/4935/2185 455/4430/1977
f 971/4633/2066 965/4554/2033 984/4936/2186
f 556/3936/1756 578/4312/1927 623/4937/2147
f 1423/4938/2187 1078/4939/2187 1434/4940/2187
f 987/4941/2188 983/4942/2188 1426/4943/2188
f 2517/3864/1715 2526/4382/1955 2531/4944/2162
f 1877/4945/1941 1680/4472/1998 1679/4471/1561
f 974/4410/1967 987/4946/2166 964/4060/1812
f 965/4947/2033 964/4948/1812 984/4949/2186
f 1054/4789/1880 1056/4950/2176 1050/4699/2094
f 1673/4951/2189 1665/4551/2030 1053/4823/2103
f 1422/4794/2129 1074/4793/1980 1069/4952/2190
f 1684/4953/2119 1982/4954/2110 1983/4955/2191
f 2520/3975/1773 2527/4286/1914 2531/4956/2162
f 1059/4957/2192 1055/4866/2160 1060/4399/1961
f 2326/4705/1949 2384/4704/2052 1998/4754/2114
f 2098/4549/2020 2453/4958/2193 2449/4875/2163
f 1977/4959/1945 1983/4960/2191 1549/4961/1722
f 1400/3966/1768 1419/4482/2001 1430/4962/2194
f 1404/4336/1798 1434/4659/2079 1082/4963/2195
f 644/4773/2122 582/4684/1958 615/4964/2158
f 2446/4921/2039 2455/4965/2196 2450/4922/2132
f 608/4727/2104 591/4541/2026 621/4912/2177
f 1075/4966/2184 1431/4967/2142 1432/4968/2197
f 2873/2797/1270 2881/4222/1887 2879/3508/1574
f 2316/4656/2078 2317/4969/2198 1880/4657/1975
f 1272/4970/2199 1674/4971/2199 1279/4972/2199
f 1049/4973/1864 1063/4974/2200 1057/4975/2000
f 1049/4973/1864 1058/4976/1905 1050/4977/2094
f 2446/4569/2039 2436/4568/1788 2451/4978/2201
f 2446/4921/2039 2451/4979/2201 2455/4965/2196
f 2532/4980/2057 2530/4614/2056 2537/4981/2202
f 1418/4809/1983 1654/4452/1802 1670/4330/1935
f 621/4982/2203 586/4293/1918 567/4620/2060
f 1984/4983/2204 2318/4984/2204 2317/4985/2204
f 2946/4986/2205 2942/3888/1738 2944/4752/2113
f 1673/4987/2189 1053/4724/2103 1051/4716/2098
f 2532/4988/2206 2533/4989/2206 2530/4990/2206
f 2352/4852/2151 1989/4991/2207 2384/4992/2052
f 1059/4993/2192 1060/4994/1961 1061/4995/1909
f 2451/4978/2201 2436/4568/1788 2445/4996/2028
f 1431/4967/2142 1433/4997/2208 1432/4968/2197
f 614/4796/2130 624/4849/2150 638/4998/2209
f 1082/4999/2210 1434/5000/2210 1078/5001/2210
f 1984/5002/2211 2315/5003/2211 2318/5004/2211
f 1977/4959/1945 1684/5005/2119 1983/4960/2191
f 1757/5006/2212 1972/5007/2212 1677/5008/2212
f 1690/5009/2091 1547/5010/1653 1550/5011/1803
f 1418/5012/2213 1435/5013/2213 1436/5014/2213
f 985/5015/2214 357/4813/2137 986/4812/1491
f 987/5016/2166 984/4949/2186 964/4948/1812
f 624/5017/2215 625/5018/2215 638/5019/2215
f 1051/4716/2098 1064/4776/1916 1062/5020/2216
f 633/5021/2217 592/4563/2003 593/4565/2037
f 626/5022/2218 614/4796/2130 638/4998/2209
f 2440/4761/1934 2787/5023/2219 2784/4762/2117
f 2452/5024/2178 2453/5025/2193 2098/5026/2020
f 1084/5027/2220 1681/5028/1540 1089/5029/2172
f 1061/4272/1909 455/4430/1977 461/5030/2221
f 986/5031/2222 361/5032/2222 985/5033/2222
f 623/4937/2147 578/4312/1927 104/4650/2075
f 627/5034/2223 102/5035/2223 616/5036/2223
f 593/5037/2037 634/5038/2144 630/5039/2224
f 617/5040/2225 632/5041/2225 142/5042/2225
f 626/5022/2218 1056/4911/2176 614/4796/2130
f 2534/5043/2226 2887/5044/2226 2535/5045/2226
f 1056/4950/2176 458/5046/2227 1050/4699/2094
f 621/5047/2228 634/5048/2228 608/5049/2228
f 986/4726/1491 963/4454/1989 991/4822/2141
f 100/5050/2229 567/4112/1841 616/4790/2127
f 1078/4715/2097 1436/4861/2156 1080/5051/2230
f 1757/5052/2231 1758/5053/2232 1972/5054/2233
f 1982/4954/2110 2089/5055/2234 1983/4955/2191
f 2890/4857/2153 2877/3860/1522 2891/5056/2235
f 2456/3843/1719 2435/3941/1758 2461/4679/2085
f 2450/4922/2132 2461/5057/2085 2454/5058/1807
f 2450/4922/2132 2455/4965/2196 2461/5057/2085
f 1985/5059/2236 1981/4755/2053 1998/4754/2114
f 1437/5060/2237 1422/5061/2237 1438/5062/2237
f 1669/5063/2058 1670/5064/1935 1675/5065/1936
f 609/4740/2109 619/4873/2161 628/5066/2238
f 630/5039/2224 91/5067/2239 593/5037/2037
f 1426/5068/2116 1075/5069/2184 987/5070/2240
f 1885/5071/1924 1878/5072/1925 1685/5073/2241
f 2888/4825/2086 2541/5074/2242 2535/4735/2106
f 1400/3966/1768 1430/4962/2194 1551/5075/2090
f 2452/4913/2178 2192/4688/2007 2100/5076/2243
f 2318/5077/2244 2315/5078/2245 2090/5079/2246
f 1071/5080/2169 1437/5081/2111 1068/5082/2247
f 1431/5083/2248 1071/5084/2248 1433/5085/2248
f 1050/4977/2094 1063/4974/2200 1049/4973/1864
f 619/4867/2161 607/4869/2074 981/5086/2164
f 625/5087/2041 629/5088/2249 639/5089/2250
f 2101/5090/2251 2099/3841/1693 1969/4164/1862
f 615/4893/2158 597/4895/2064 645/5091/2252
f 88/5092/2253 80/4917/2168 605/4702/2095
f 1069/5093/2190 1074/5094/1980 1102/5095/2254
f 1438/5096/2255 1422/5097/2256 1070/5098/2257
f 597/4817/2139 617/4819/2140 76/5099/2258
f 1686/5100/1912 1751/5101/2008 1752/5102/2259
f 1063/5103/2260 1052/5104/2260 1057/5105/2260
f 2534/5106/2154 2535/5107/2106 2541/5108/2242
f 1433/5109/2208 1071/5110/2169 1076/5111/2261
f 2534/5106/2154 2541/5108/2242 2536/5112/2155
f 2317/4969/2198 2318/5113/2244 1880/4657/1975
f 1075/5069/2184 356/5114/2262 987/5070/2240
f 991/5115/2141 972/5116/2067 354/5117/2263
f 1687/5118/2264 2090/5119/2246 2315/5120/2245
f 1428/4903/2173 1681/3431/1540 1084/5121/2220
f 1419/4631/2001 1439/4630/2065 1092/5122/2265
f 460/5123/2266 1062/5124/2216 1064/5125/1916
f 461/5126/2221 455/5127/1977 456/5128/2185
f 628/5129/2238 605/4702/2095 609/4833/2109
f 630/5130/2267 634/5131/2267 78/5132/2267
f 91/5067/2239 633/5133/2217 593/5037/2037
f 603/4848/2087 631/5134/2159 573/4865/1883
f 1986/5135/2268 2318/5077/2244 1990/5136/2269
f 971/4633/2066 984/4936/2186 988/5137/2270
f 1051/4716/2098 1062/5138/2216 1673/4987/2189
f 1991/5139/2271 2318/5140/2244 1986/5141/2268
f 142/5142/2272 632/5143/2273 79/5144/2274
f 2449/5145/2163 2448/4597/2051 2442/4599/1898
f 2530/4614/2056 2536/4859/2155 2537/4981/2202
f 2526/5146/1955 2532/5147/2057 2543/5148/2275
f 1676/4815/2138 1663/4429/1976 1290/5149/2276
f 632/5150/2277 77/5151/2277 79/5152/2277
f 617/5153/2140 142/5154/2272 76/5155/2258
f 2318/5077/2244 2090/5079/2246 1990/5136/2269
f 1076/5156/2278 1075/5157/2278 1432/5158/2278
f 644/4773/2122 615/4964/2158 645/5159/2252
f 2881/4222/1887 2890/4857/2153 2892/5160/2279
f 1073/5161/2280 1072/5162/2280 1549/5163/2280
f 1429/5164/2174 1072/5165/1915 1073/5166/2281
f 1439/5167/2282 1440/5168/2282 1098/5169/2282
f 1102/5170/2254 1074/5171/1980 1424/5172/2105
f 644/5173/2283 642/5174/2283 603/5175/2283
f 988/5176/2270 984/4949/2186 989/5177/2284
f 987/5016/2166 989/5177/2284 984/4949/2186
f 628/5066/2238 619/4873/2161 85/5178/2285
f 1433/5109/2208 1076/5111/2261 1432/5179/2197
f 645/5180/2286 597/5181/2286 76/5182/2286
f 1092/5183/2287 1430/5184/2287 1419/5185/2287
f 2543/5186/2288 2539/5187/2288 2526/5188/2288
f 2440/4761/1934 2786/5189/2289 2787/5023/2219
f 1751/5190/2008 1882/5191/1988 1752/5192/2259
f 1422/5193/2290 1069/5194/2290 1070/5195/2290
f 1279/5196/2291 1664/5197/2022 1676/5198/2138
f 1640/3921/1326 1295/5199/2292 1658/4256/1903
f 1292/5200/2293 1289/4365/1948 1658/4829/1903
f 83/5201/2294 621/5202/2294 567/5203/2294
f 1075/5204/2295 1076/5205/2295 990/5206/2295
f 1056/4911/2176 626/5022/2218 458/5207/2227
f 1067/4931/1799 1133/4933/2183 1077/5208/2296
f 592/4488/2003 633/5209/2217 635/4769/2120
f 1880/5210/1975 2318/5140/2244 2091/5211/2297
f 1677/5212/2298 1278/5213/2299 1757/5214/2300
f 1685/5073/2241 1687/5118/2264 1885/5071/1924
f 1987/5215/2063 2089/5055/2234 1982/4954/2110
f 1983/4960/2191 1073/5216/2301 1549/4961/1722
f 1413/3820/1708 1417/4288/1809 1429/4904/2174
f 460/5123/2266 1064/5125/1916 1055/5217/2160
f 461/5218/2221 1059/4993/2192 1061/4995/1909
f 612/4770/2121 80/4887/2168 618/5219/2145
f 102/5220/2302 627/5221/2302 618/5222/2302
f 639/5223/2303 638/5224/2303 625/5225/2303
f 1969/5226/2304 1759/5227/2304 2101/5228/2304
f 1990/5229/2305 1991/5230/2305 1986/5231/2305
f 1665/4551/2030 1673/4951/2189 1669/4617/2058
f 2192/4908/2007 2102/4910/2175 2100/5232/2243
f 1403/3195/1338 1067/5233/1799 1640/2933/1326
f 2525/4874/1852 1989/4991/2207 2352/4852/2151
f 1972/5054/2233 1758/5053/2232 1759/5234/2306
f 1878/5072/1925 1753/5235/2307 1688/5236/2308
f 981/5086/2164 85/5237/2285 619/4867/2161
f 628/5129/2238 88/5092/2253 605/4702/2095
f 2537/5238/2309 2536/5239/2309 2541/5240/2309
f 2940/4047/1805 2942/4402/1738 2946/5241/2205
f 2888/4825/2086 2555/5242/2310 2541/5074/2242
f 1985/5059/2236 1987/5243/2063 1981/4755/2053
f 2318/5140/2244 1991/5139/2271 2091/5211/2297
f 1972/5244/2311 1759/5245/2311 1969/5246/2311
f 1885/5071/1924 1687/5118/2264 2315/5120/2245
f 1878/5072/1925 1688/5236/2308 1685/5073/2241
f 1279/5196/2291 1674/5247/2312 1664/5197/2022
f 1082/5248/2195 1133/5249/2183 1404/5250/1798
f 1080/5251/2230 1091/5252/2313 1078/5253/2097
f 1071/5080/2169 1068/5082/2247 1076/5254/2261
f 987/5255/2314 362/5256/2314 989/5257/2314
f 971/4633/2066 354/5258/2263 972/4634/2067
f 621/5259/2315 78/5260/2316 634/5261/2317
f 635/5262/2120 629/5088/2249 625/5087/2041
f 1757/5263/2318 1278/5264/2318 1678/5265/2318
f 1757/5266/2319 1678/5267/2319 1760/5268/2319
f 631/5269/2320 636/5270/2320 594/5271/2320
f 2448/4681/2051 2455/5272/2196 2445/4546/2028
f 89/5273/2321 638/5274/2209 637/5275/2322
f 637/5276/2323 638/5277/2323 639/5278/2323
f 2787/5279/2219 2783/4899/2089 2784/4901/2117
f 1683/5280/2088 1689/5281/2324 1884/5282/2082
f 1670/5064/1935 1669/5063/2058 1274/5283/2325
f 356/5114/2262 1075/5069/2184 990/5284/2326
f 979/4811/1656 357/4813/2137 367/5285/2327
f 640/5286/2328 635/5262/2120 633/5287/2217
f 2791/4808/2135 2786/5288/2289 2440/4329/1934
f 1427/5289/2329 1428/5290/2329 1079/5291/2329
f 2445/5292/2330 2455/5293/2330 2451/5294/2330
f 2099/4909/1693 2101/5295/2251 2102/4910/2175
f 1677/5212/2298 1281/5296/2331 1278/5213/2299
f 1435/5297/2332 1080/5298/2332 1436/5299/2332
f 1437/5081/2111 1438/5300/2255 1068/5082/2247
f 1663/4429/1976 1289/4365/1948 1290/5149/2276
f 76/5155/2258 142/5154/2272 98/5301/2333
f 89/5273/2321 626/5022/2218 638/5274/2209
f 2520/3975/1773 2531/4956/2162 2538/5302/2334
f 621/5259/2315 83/5303/2335 78/5260/2316
f 2941/4039/1800 2945/4774/2123 2947/5304/2336
f 1282/5305/2337 1281/5306/2337 1677/5307/2337
f 81/5308/2338 85/5237/2285 981/5086/2164
f 1085/5309/2339 1076/5310/2261 1086/5311/2340
f 990/5312/2341 1076/5310/2261 355/5313/2342
f 616/5314/2127 102/5315/2343 100/5316/2229
f 356/5317/2344 990/5318/2344 355/5319/2344
f 2941/4285/1800 2947/5320/2336 2936/3329/1497
f 2525/4283/1852 2520/4284/1773 2538/5321/2334
f 2456/5322/2345 2792/5323/2345 2791/5324/2345
f 2457/5325/2346 2448/4597/2051 2449/5145/2163
f 2090/5326/2246 1988/5327/2347 1990/5328/2269
f 1877/4945/1941 1686/5100/1912 1680/4472/1998
f 1413/5329/1708 1429/5164/2174 1081/5330/2348
f 987/5331/2349 356/5332/2349 362/5333/2349
f 357/5334/2137 985/5335/2214 199/5336/2350
f 367/5285/2327 981/4876/2164 979/4811/1656
f 77/5337/2351 641/5338/2351 623/5339/2351
f 645/5340/2352 76/5341/2352 92/5342/2352
f 457/5343/2353 1052/5344/2101 1063/5345/2200
f 1076/5310/2261 1068/5346/2247 1086/5311/2340
f 1882/5191/1988 1880/5347/1975 1752/5192/2259
f 2775/4545/1970 2783/4744/2089 2788/5348/2354
f 2545/5349/2355 2526/5350/1955 2539/5351/2356
f 2540/5352/2357 2552/5353/2357 2525/5354/2357
f 2456/5355/1719 2461/5356/2085 2792/5357/2358
f 2104/5358/2359 2100/5076/2243 2102/5359/2175
f 1760/5360/2360 1758/5053/2232 1757/5052/2231
f 1758/5053/2232 1760/5360/2360 1678/5361/2361
f 1272/5362/2068 1280/5363/2362 1282/5364/2021
f 1082/5365/2363 1078/5366/2363 1091/5367/2363
f 567/4112/1841 100/5050/2229 83/5368/2364
f 1551/5369/2090 1110/5370/2365 1690/5371/2091
f 1085/5309/2339 355/5313/2342 1076/5310/2261
f 988/5372/2270 358/5373/2366 971/5374/2066
f 2537/5375/2202 2541/5376/2367 2542/5377/2368
f 1989/5378/2207 1998/4754/2114 2384/4704/2052
f 1439/5379/2065 1098/5380/2369 1136/5381/2370
f 1081/5382/2348 1424/5172/2105 1413/5383/1708
f 1990/5384/2371 1992/5385/2371 1991/5386/2371
f 1278/5387/2372 1758/5388/2372 1678/5389/2372
f 1086/5390/2373 1068/5391/2373 1093/5392/2373
f 2891/5393/2235 2877/3388/1522 2889/4839/2148
f 2943/4416/1969 2949/5394/2374 2945/4774/2123
f 2950/5395/2375 2783/4899/2089 2787/5279/2219
f 2532/5147/2057 2537/5375/2202 2542/5377/2368
f 2543/5148/2275 2532/5147/2057 2542/5377/2368
f 1295/5199/2292 1292/5396/2293 1658/4256/1903
f 1050/5397/2094 458/5398/2227 459/5399/2376
f 89/5273/2321 458/5207/2227 626/5022/2218
f 1673/5400/2189 1062/5401/2216 467/5402/2377
f 355/5403/2378 1085/5404/2378 1083/5405/2378
f 603/5406/2379 642/5407/2379 84/5408/2379
f 77/5409/2380 623/5410/2147 151/5411/2381
f 362/5412/2382 988/5372/2270 989/5413/2284
f 78/5414/2316 112/5415/2383 630/5416/2224
f 639/5417/2384 629/5418/2384 637/5419/2384
f 2947/5304/2336 2945/4774/2123 2954/5420/2385
f 1055/5421/2160 522/5422/2386 460/5423/2266
f 1055/5421/2160 1059/5424/2192 522/5422/2386
f 79/5425/2274 77/5409/2380 151/5411/2381
f 2940/4047/1805 2963/5426/2387 2943/4416/1969
f 1669/5427/2058 1673/5428/2189 1273/5429/2388
f 644/5430/2389 84/5431/2389 642/5432/2389
f 1993/5433/2390 1073/5216/2301 1983/4960/2191
f 80/5434/2391 148/5435/2391 618/5436/2391
f 1992/5437/2392 1994/5438/2393 1991/5139/2271
f 85/5439/2285 81/5440/2338 86/5441/2394
f 2787/5442/2395 2786/5443/2395 2789/5444/2395
f 633/5445/2217 99/5446/2396 640/5447/2328
f 1992/5448/2392 1990/5328/2269 1994/5449/2393
f 82/5450/2397 78/5451/2316 83/5452/2335
f 1101/5453/2398 355/5454/2398 1083/5455/2398
f 2545/5456/2399 2539/5457/2399 2543/5458/2399
f 355/5459/2400 1101/5460/2400 356/5461/2400
f 2452/5024/2178 2460/5462/2401 2453/5025/2193
f 594/5463/2402 636/5464/2402 104/5465/2402
f 1084/5466/2220 1698/5467/2403 1428/5468/2173
f 83/5452/2335 93/5469/2404 82/5450/2397
f 603/5470/2405 84/5471/2405 113/5472/2405
f 643/5473/2406 644/5474/2406 645/5475/2406
f 2526/5350/1955 2545/5349/2355 2544/5476/2407
f 1991/5139/2271 1994/5438/2393 2091/5211/2297
f 629/5088/2249 635/5262/2120 640/5286/2328
f 2525/5477/2408 2538/5478/2408 2540/5479/2408
f 2526/4382/1955 2544/5480/2407 2531/4944/2162
f 2448/4681/2051 2457/5481/2346 2455/5272/2196
f 1547/5010/1653 1689/5281/2324 1683/5280/2088
f 1669/5482/2058 1275/5483/2409 1274/5484/2325
f 354/5117/2263 971/5485/2066 358/5486/2366
f 2790/5487/2410 2789/5488/2410 2786/5489/2410
f 1101/5490/2411 362/5491/2382 356/5492/2412
f 369/5493/2413 988/5372/2270 362/5412/2382
f 2458/5494/2414 2461/5057/2085 2459/5495/2415
f 2460/5496/2401 2449/4875/2163 2453/4958/2193
f 460/5497/2266 467/5402/2377 1062/5401/2216
f 628/5498/2416 85/5499/2416 86/5500/2416
f 628/5501/2238 87/5502/2417 88/5503/2253
f 89/5504/2321 637/5505/2322 90/5506/2418
f 637/5507/2419 629/5508/2419 90/5509/2419
f 89/5504/2321 90/5506/2418 120/5510/2420
f 1273/5429/2388 1275/5511/2409 1669/5427/2058
f 1085/5512/2339 1086/5513/2340 1083/5514/2421
f 2461/5515/2422 2458/5516/2422 2462/5517/2422
f 1087/5518/2423 1068/5519/2247 1438/5096/2255
f 988/5372/2270 369/5493/2413 358/5373/2366
f 631/5520/2159 113/5521/2424 636/5522/2425
f 1069/5523/2190 1090/5524/2426 1070/5525/2257
f 1670/5526/1935 1274/5527/2325 1287/5528/2427
f 112/5529/2383 78/5451/2316 82/5450/2397
f 91/5530/2239 99/5531/2396 633/5532/2217
f 603/4848/2087 113/5533/2424 631/5134/2159
f 2945/4774/2123 2949/5394/2374 2954/5420/2385
f 2462/5534/2428 2792/5357/2358 2461/5356/2085
f 1987/5243/2063 2000/5535/2429 2089/5536/2234
f 1059/5537/2430 461/5538/2430 463/5539/2430
f 645/5540/2431 92/5541/2432 643/5542/2433
f 630/5416/2224 112/5415/2383 91/5543/2239
f 102/5315/2343 103/5544/2434 100/5316/2229
f 1087/5518/2423 1088/5545/2435 1068/5519/2247
f 2545/5546/2355 2543/5148/2275 2544/5547/2407
f 83/5548/2436 100/5549/2436 93/5550/2436
f 1093/5551/2437 1083/5514/2421 1086/5513/2340
f 135/5552/2438 94/5553/2439 81/5554/2338
f 2564/5555/2440 1989/4991/2207 2525/4874/1852
f 1880/5347/1975 2092/5556/2441 1752/5192/2259
f 1427/5557/2442 1079/5558/2443 1440/5559/2444
f 87/5502/2417 628/5501/2238 86/5560/2394
f 2531/4956/2162 2546/5561/2445 2538/5302/2334
f 643/5562/2433 84/5563/2446 644/5564/2447
f 1673/5400/2189 467/5402/2377 462/5565/2448
f 120/5510/2420 95/5566/2449 89/5504/2321
f 359/5567/2450 360/5568/2451 362/5569/2382
f 2789/5570/2452 2790/5571/2452 2791/5572/2452
f 99/5446/2396 629/5573/2249 640/5447/2328
f 1680/4472/1998 1686/5100/1912 1702/5574/2453
f 2775/4553/1970 2788/5575/2354 2944/4752/2113
f 2000/5576/2429 1985/5059/2236 2015/5577/2454
f 1990/5328/2269 1988/5327/2347 1994/5449/2393
f 1983/4955/2191 2089/5055/2234 1993/5578/2390
f 1698/5467/2403 1084/5466/2220 1089/5579/2172
f 1090/5580/2426 1438/5096/2255 1070/5098/2257
f 1091/5581/2455 1096/5582/2455 1082/5583/2455
f 2790/5584/2456 2786/5585/2456 2791/5586/2456
f 82/5450/2397 93/5469/2404 96/5587/2457
f 1878/5072/1925 1884/5588/2082 1753/5235/2307
f 1673/5428/2189 1276/5589/2458 1273/5429/2388
f 135/5552/2438 81/5554/2338 981/5590/2164
f 1995/5591/2459 2091/5592/2459 1994/5593/2459
f 2091/5211/2297 2092/5594/2441 1880/5210/1975
f 981/5595/2164 367/5596/2327 97/5597/2460
f 80/5598/2168 88/5599/2253 148/5600/2461
f 1069/5523/2190 1094/5601/2462 1090/5524/2426
f 1110/5602/2463 1551/5603/2463 1430/5604/2463
f 1083/5605/2464 1093/5606/2464 1088/5607/2464
f 1995/5608/2465 1994/5609/2465 1997/5610/2465
f 96/5611/2466 93/5612/2466 100/5613/2466
f 354/5117/2263 361/5614/2467 991/5115/2141
f 1999/5615/2468 1997/5616/2469 1994/5617/2393
f 2943/4416/1969 2963/5426/2387 2949/5394/2374
f 2543/5148/2275 2542/5377/2368 2544/5547/2407
f 2540/5618/2470 2538/5619/2334 2552/5620/2471
f 1439/5379/2065 1136/5381/2370 1092/5621/2265
f 1068/5622/2472 1088/5623/2472 1093/5624/2472
f 522/5422/2386 1059/5424/2192 463/5625/2473
f 457/5343/2353 456/5128/2185 1052/5344/2101
f 991/5115/2141 361/5614/2467 986/5626/1491
f 111/5627/2474 76/5628/2474 98/5629/2474
f 1083/5630/2475 1088/5631/2475 1101/5632/2475
f 458/5633/2227 89/5504/2321 95/5566/2449
f 2946/4986/2205 2944/4752/2113 2958/5634/2476
f 2547/5635/2477 2542/5377/2368 2541/5376/2367
f 1547/5010/1653 1690/5009/2091 1689/5281/2324
f 618/5636/2478 148/5637/2479 141/5638/2480
f 1996/5639/2481 2090/5640/2246 1687/5641/2264
f 1101/5490/2411 1100/5642/2482 362/5491/2382
f 82/5450/2397 96/5643/2457 133/5644/2483
f 90/5506/2418 629/5645/2249 99/5646/2396
f 100/5647/2229 121/5648/2484 96/5649/2457
f 2892/5160/2279 2890/4857/2153 2891/5056/2235
f 2944/4752/2113 2788/5575/2354 2958/5634/2476
f 2788/5348/2354 2783/4744/2089 2950/5650/2375
f 1985/5059/2236 1998/4754/2114 2001/5651/2485
f 2000/5535/2429 1987/5243/2063 1985/5059/2236
f 1995/5652/2486 1997/5653/2487 2091/5654/2297
f 1094/5655/2462 1069/5093/2190 1102/5095/2254
f 1050/5397/2094 459/5399/2376 1063/5345/2200
f 81/5440/2338 126/5656/2488 86/5441/2394
f 81/5440/2338 94/5657/2439 126/5656/2488
f 1999/5615/2468 1994/5617/2393 1988/5658/2347
f 458/5633/2227 95/5566/2449 101/5659/2489
f 1091/5252/2313 1080/5251/2230 1435/5660/2136
f 2552/5661/2490 2564/5662/2490 2525/5663/2490
f 1079/5558/2443 1428/5468/2173 1698/5467/2403
f 1430/5664/2491 1092/5621/2265 1110/5665/2492
f 1438/5096/2255 1090/5580/2426 1087/5518/2423
f 1424/5172/2105 1081/5382/2348 1095/5666/2493
f 618/5667/2494 141/5668/2494 102/5669/2494
f 121/5648/2484 100/5647/2229 103/5670/2434
f 113/5521/2424 106/5671/2495 636/5522/2425
f 363/5672/2496 362/5673/2382 1100/5674/2482
f 1096/5675/2497 366/5676/2497 1082/5677/2497
f 2544/5480/2407 2546/5678/2445 2531/4944/2162
f 2791/5679/2498 2787/5680/2219 2789/5681/2499
f 2091/5654/2297 2009/5682/2500 2092/5683/2441
f 1676/5684/2138 1277/5685/2501 1279/5686/2291
f 1640/5687/1326 1192/5688/2502 1295/5689/2292
f 981/5595/2164 97/5597/2460 135/5690/2438
f 104/5691/2075 636/5692/2425 123/5693/2503
f 82/5450/2397 133/5644/2483 112/5529/2383
f 1435/5660/2136 1097/5694/2504 1091/5252/2313
f 1689/5281/2324 1753/5695/2307 1884/5282/2082
f 2004/5696/2505 2003/5697/2506 1998/5698/2114
f 1098/5699/2369 1440/5700/2444 1099/5701/2507
f 1676/5684/2138 1290/5702/2276 1277/5685/2501
f 1424/5172/2105 1095/5666/2493 1102/5170/2254
f 461/5126/2221 456/5128/2185 464/5703/2508
f 462/5704/2448 1276/5589/2458 1673/5428/2189
f 465/5705/2509 462/5565/2448 467/5402/2377
f 362/5706/2382 363/5707/2496 359/5708/2450
f 120/5709/2420 105/5710/2510 95/5711/2449
f 364/5712/2511 379/5713/2512 360/5714/2451
f 636/5692/2425 106/5715/2495 131/5716/2513
f 2893/5717/2514 2888/4682/2086 2879/3508/1574
f 466/5718/2515 1063/5345/2200 459/5399/2376
f 2007/5719/2516 1997/5720/2516 1999/5721/2516
f 358/5486/2366 365/5722/2517 354/5117/2263
f 2893/5723/2514 2555/5242/2310 2888/4825/2086
f 2461/5057/2085 2455/4965/2196 2459/5495/2415
f 1988/5724/2518 2090/5725/2518 2007/5726/2518
f 1758/5727/2232 1278/5728/2299 1281/5729/2331
f 467/5730/2377 460/5423/2266 522/5422/2386
f 1063/5345/2200 466/5718/2515 457/5343/2353
f 643/5542/2433 92/5541/2432 136/5731/2519
f 116/5732/2520 84/5733/2446 110/5734/2521
f 366/5735/2522 1096/5736/2523 373/5737/2524
f 373/5737/2524 372/5738/2525 370/5739/2526
f 1307/5740/2527 1275/5511/2409 1273/5429/2388
f 1997/5653/2487 2007/5741/2528 2091/5654/2297
f 84/5563/2446 643/5562/2433 136/5742/2519
f 99/5646/2396 120/5510/2420 90/5506/2418
f 95/5711/2449 105/5710/2510 101/5743/2489
f 1088/5744/2529 1100/5745/2529 1101/5746/2529
f 2548/5747/2530 2564/5748/2530 2552/5749/2530
f 465/5705/2509 467/5402/2377 523/5750/2531
f 1114/5751/2532 1435/5752/2136 1670/5526/1935
f 367/5753/2327 357/5334/2137 199/5336/2350
f 107/5754/2533 111/5755/2534 108/5756/2535
f 1272/5757/2068 1279/5758/2291 1285/5759/2536
f 366/5735/2522 373/5737/2524 370/5739/2526
f 368/5760/2537 360/5761/2451 379/5762/2512
f 1996/5639/2481 2007/5763/2538 2090/5640/2246
f 463/5764/2473 461/5765/2221 468/5766/2539
f 94/5553/2439 135/5552/2438 124/5767/2540
f 1275/5483/2409 1287/5768/2427 1274/5484/2325
f 1099/5701/2507 1136/5769/2370 1098/5699/2369
f 2459/5495/2415 2463/5770/2541 2458/5494/2414
f 2455/4965/2196 2457/5325/2346 2459/5495/2415
f 2452/5771/2542 2106/5772/2542 2460/5773/2542
f 2102/4910/2175 2101/5295/2251 1759/5774/2306
f 1758/5727/2232 1281/5729/2331 1302/5775/2543
f 462/5565/2448 465/5705/2509 1276/5776/2458
f 107/5777/2533 108/5778/2535 132/5779/2544
f 1985/5059/2236 2001/5651/2485 2015/5577/2454
f 104/5780/2075 123/5781/2503 108/5782/2545
f 116/5732/2520 105/5783/2510 120/5784/2420
f 141/5785/2480 103/5544/2434 102/5315/2343
f 111/5786/2534 98/5301/2333 109/5787/2546
f 2889/4839/2148 2909/5788/2547 2891/5393/2235
f 1988/5658/2347 2007/5789/2548 1999/5615/2468
f 1685/5073/2241 1996/5790/2481 1687/5118/2264
f 123/5693/2503 636/5692/2425 131/5716/2513
f 120/5791/2420 133/5792/2483 96/5793/2457
f 110/5794/2521 84/5795/2446 136/5796/2519
f 111/5797/2549 92/5798/2432 76/5799/2550
f 385/5800/2551 384/5801/2552 373/5802/2524
f 359/5708/2450 364/5712/2511 360/5714/2451
f 2003/5697/2506 2016/5803/2553 1998/5698/2114
f 132/5804/2554 111/5805/2554 107/5806/2554
f 1690/5807/2091 1691/5808/2555 1689/5281/2324
f 112/5809/2383 99/5531/2396 91/5530/2239
f 2547/5810/2556 2541/5811/2556 2555/5812/2556
f 2100/5076/2243 2104/5358/2359 2452/4913/2178
f 1280/5813/2362 1281/5814/2331 1282/5815/2021
f 369/5816/2413 407/5817/2557 358/5486/2366
f 1100/5674/2482 381/5818/2558 363/5672/2496
f 366/5819/2559 370/5820/2559 371/5821/2559
f 113/5822/2424 84/5733/2446 117/5823/2560
f 623/5824/2147 104/5825/2075 151/5826/2381
f 104/5825/2075 114/5827/2561 151/5826/2381
f 1094/5828/2462 1102/5829/2254 1095/5830/2493
f 1685/5073/2241 1688/5236/2308 1692/5831/2562
f 1091/5252/2313 1097/5694/2504 1096/5832/2563
f 358/5486/2366 407/5817/2557 365/5722/2517
f 379/5762/2512 378/5833/2564 368/5760/2537
f 371/5834/2565 1082/5835/2565 366/5836/2565
f 373/5802/2524 384/5801/2552 372/5837/2525
f 116/5732/2520 120/5784/2420 117/5823/2560
f 104/5825/2075 108/5838/2545 114/5827/2561
f 106/5715/2495 115/5839/2566 131/5716/2513
f 141/5638/2480 148/5637/2479 153/5840/2567
f 142/5154/2272 109/5787/2546 98/5301/2333
f 2016/5841/2553 2015/5577/2454 2001/5651/2485
f 124/5767/2540 101/5743/2489 105/5710/2510
f 99/5842/2396 133/5792/2483 120/5791/2420
f 135/5552/2438 101/5743/2489 124/5767/2540
f 88/5599/2253 87/5843/2417 148/5600/2461
f 110/5794/2521 136/5796/2519 116/5844/2520
f 1110/5370/2365 1694/5845/2568 1690/5371/2091
f 2007/5741/2528 2009/5682/2500 2091/5654/2297
f 1081/5330/2348 1429/5164/2174 1103/5846/2569
f 371/5847/2570 373/5848/2570 1096/5849/2570
f 2014/5850/2571 2000/5851/2429 2015/5852/2454
f 985/5335/2214 361/5614/2467 374/5853/2572
f 2016/5854/2553 2001/5855/2485 1998/5856/2114
f 380/5857/2573 362/5858/2382 360/5859/2451
f 1993/5578/2390 2089/5055/2234 2002/5860/2574
f 1758/5053/2232 1761/5861/2575 1759/5234/2306
f 385/5862/2576 373/5863/2576 371/5864/2576
f 113/5865/2424 117/5866/2560 128/5867/2577
f 371/5868/2578 1096/5869/2563 1104/5870/2579
f 134/5871/2580 105/5872/2510 116/5844/2520
f 117/5823/2560 84/5733/2446 116/5732/2520
f 362/5858/2382 380/5857/2573 369/5873/2413
f 136/5731/2519 92/5541/2432 118/5874/2581
f 1273/5875/2388 1276/5876/2458 1283/5877/2582
f 2548/5878/2583 2549/5879/2584 2564/5880/2440
f 106/5715/2495 119/5881/2585 115/5839/2566
f 375/5882/2586 370/5883/2526 372/5884/2525
f 364/5712/2511 359/5708/2450 376/5885/2587
f 1090/5580/2426 1124/5886/2588 1087/5518/2423
f 120/5887/2420 96/5888/2457 121/5889/2484
f 103/5544/2434 141/5785/2480 121/5890/2484
f 117/5866/2560 120/5887/2420 128/5867/2577
f 2011/5891/2589 2089/5055/2234 2000/5851/2429
f 1284/5892/2590 1276/5893/2458 465/5894/2509
f 1989/5895/2207 2004/5696/2505 1998/5698/2114
f 1440/5559/2444 1079/5558/2443 1105/5896/2591
f 458/5897/2227 101/5898/2489 469/5899/2592
f 2548/5900/2593 2552/5901/2593 2549/5902/2593
f 2791/5679/2498 2792/5903/2358 2793/5904/2594
f 1702/5574/2453 1686/5100/1912 1752/5102/2259
f 122/5905/2595 86/5441/2394 126/5656/2488
f 1092/5621/2265 1136/5381/2370 1106/5906/2596
f 523/5750/2531 467/5402/2377 522/5907/2386
f 131/5908/2513 137/5909/2597 123/5910/2503
f 134/5871/2580 124/5911/2540 105/5872/2510
f 1100/5912/2482 1088/5545/2435 1107/5913/2598
f 464/5703/2508 468/5914/2539 461/5126/2221
f 985/5335/2214 374/5853/2572 199/5336/2350
f 142/5142/2272 79/5144/2274 143/5915/2599
f 2552/5620/2471 2538/5619/2334 2354/5916/2600
f 125/5917/2601 126/5918/2488 94/5919/2439
f 1104/5870/2579 1096/5869/2563 1097/5920/2504
f 2000/5851/2429 2014/5850/2571 2011/5891/2589
f 459/5399/2376 458/5398/2227 469/5921/2592
f 1090/5580/2426 1094/5922/2462 1124/5886/2588
f 120/5887/2420 127/5923/2602 128/5867/2577
f 1272/5362/2068 1285/5924/2536 1280/5363/2362
f 381/5925/2558 1100/5912/2482 1120/5926/2603
f 1693/5927/2604 1698/5928/2403 1089/5929/2172
f 2891/5056/2235 2894/5930/2605 2892/5160/2279
f 2881/4222/1887 2892/5160/2279 2905/5931/2606
f 2538/5302/2334 2546/5561/2445 2553/5932/2607
f 1761/5861/2575 1758/5053/2232 1302/5933/2543
f 1079/5558/2443 1698/5467/2403 1105/5896/2591
f 1440/5559/2444 1105/5896/2591 1099/5934/2507
f 2016/5935/2608 2003/5936/2608 2004/5937/2608
f 378/5833/2564 377/5938/2609 368/5760/2537
f 113/5521/2424 128/5939/2577 106/5671/2495
f 383/5940/2610 378/5941/2564 379/5942/2512
f 92/5943/2432 130/5944/2611 118/5945/2581
f 2016/5946/2612 2004/5947/2612 2005/5948/2612
f 111/5755/2534 129/5949/2613 108/5756/2535
f 87/5502/2417 86/5560/2394 122/5950/2595
f 2103/5951/2614 2104/5952/2359 2102/5953/2175
f 1996/5790/2481 1685/5073/2241 1692/5831/2562
f 121/5889/2484 127/5923/2602 120/5887/2420
f 94/5954/2439 124/5911/2540 134/5871/2580
f 1082/5248/2195 1108/5955/2615 1133/5249/2183
f 1276/5893/2458 1286/5956/2616 1283/5957/2582
f 1100/5912/2482 1107/5913/2598 1120/5926/2603
f 128/5939/2577 119/5958/2585 106/5671/2495
f 1307/5740/2527 1287/5959/2427 1275/5511/2409
f 109/5960/2546 142/5961/2272 129/5962/2613
f 1088/5545/2435 1087/5518/2423 1107/5913/2598
f 2892/5160/2279 2895/5963/2617 2905/5931/2606
f 2544/5547/2407 2542/5377/2368 2547/5635/2477
f 1092/5621/2265 1106/5906/2596 1110/5665/2492
f 1313/5964/2618 1285/5759/2536 1279/5758/2291
f 1081/5330/2348 1103/5846/2569 1109/5965/2619
f 1273/5875/2388 1283/5877/2582 1307/5966/2527
f 375/5882/2586 372/5884/2525 384/5967/2552
f 360/5968/2451 368/5760/2537 380/5969/2573
f 109/5787/2546 129/5970/2613 111/5786/2534
f 111/5797/2549 130/5971/2611 92/5798/2432
f 130/5972/2611 111/5973/2549 132/5974/2620
f 116/5844/2520 136/5796/2519 134/5871/2580
f 132/5779/2544 108/5778/2535 131/5975/2621
f 1120/5926/2603 1125/5976/2622 381/5925/2558
f 463/5764/2473 468/5766/2539 470/5977/2623
f 151/5826/2381 114/5827/2561 152/5978/2624
f 1694/5845/2568 1691/5979/2555 1690/5371/2091
f 363/5980/2625 381/5981/2625 1125/5982/2625
f 2108/5983/2626 2105/5984/2627 2104/5985/2359
f 2005/5986/2628 2004/5987/2628 2006/5988/2628
f 2946/5241/2205 3052/5989/2629 2940/4047/1805
f 1670/5526/1935 1294/5990/2630 1114/5751/2532
f 370/5883/2526 375/5882/2586 371/5991/2631
f 132/5992/2632 131/5993/2632 140/5994/2632
f 471/5995/2633 457/5343/2353 466/5718/2515
f 2459/5495/2415 2457/5325/2346 2463/5770/2541
f 379/5942/2512 364/5996/2511 383/5940/2610
f 112/5809/2383 133/5997/2483 99/5531/2396
f 2007/5998/2634 2008/5999/2634 2009/6000/2634
f 361/5614/2467 354/5117/2263 382/6001/2635
f 2007/5763/2538 1996/5639/2481 2010/6002/2636
f 359/5708/2450 363/5707/2496 376/5885/2587
f 155/6003/2637 79/6004/2274 151/6005/2381
f 79/6004/2274 155/6003/2637 143/6006/2599
f 1111/6007/2638 1694/6008/2568 1110/6009/2365
f 1688/5236/2308 1753/5235/2307 1692/5831/2562
f 1286/5956/2616 1276/5893/2458 1288/6010/2639
f 1110/6011/2640 1119/6012/2640 1111/6013/2640
f 1073/5216/2301 1993/5433/2390 1701/6014/2641
f 1702/5574/2453 1089/4902/2172 1680/4472/1998
f 1112/6015/2642 1429/5164/2174 1073/5166/2281
f 1077/5208/2296 1133/4933/2183 1113/6016/2643
f 1289/6017/1948 1288/6018/2639 1290/6019/2276
f 1082/6020/2644 371/6021/2644 1108/6022/2644
f 456/5128/2185 457/5343/2353 471/5995/2633
f 2007/5763/2538 2010/6002/2636 2008/6023/2645
f 1087/5518/2423 1124/5886/2588 1107/5913/2598
f 371/6024/2578 1104/5870/2579 1108/6025/2615
f 119/5958/2585 128/5939/2577 138/6026/2646
f 1120/5926/2603 1123/6027/2647 1125/5976/2622
f 1094/5828/2462 1095/5830/2493 1115/6028/2648
f 1296/6029/2649 1284/6030/2590 465/5705/2509
f 1287/5528/2427 1294/5990/2630 1670/5526/1935
f 1695/6031/2650 1696/6032/2651 1752/5192/2259
f 2009/6033/2652 2008/6034/2652 2010/6035/2652
f 134/6036/2580 125/5917/2601 94/5919/2439
f 2898/6037/2653 2555/5242/2310 2893/5723/2514
f 1081/5382/2348 1109/6038/2619 1095/5666/2493
f 2787/5680/2219 2791/5679/2498 2793/5904/2594
f 2102/4910/2175 1759/5774/2306 2103/6039/2614
f 1288/6040/2654 1289/6041/2654 1292/6042/2654
f 469/5899/2592 101/5898/2489 135/6043/2438
f 118/6044/2655 146/6045/2655 136/6046/2655
f 1752/5192/2259 2092/5556/2441 2009/6047/2500
f 378/6048/2564 383/6049/2610 377/6050/2609
f 123/5781/2503 137/6051/2597 108/5782/2545
f 2891/5056/2235 2909/6052/2547 2894/5930/2605
f 384/6053/2552 385/6054/2551 375/6055/2586
f 364/5996/2511 386/6056/2656 383/5940/2610
f 119/5881/2585 138/6057/2646 115/5839/2566
f 132/5974/2620 140/6058/2657 130/5972/2611
f 470/5977/2623 468/5766/2539 472/6059/2658
f 2550/6060/2659 2547/6061/2477 2555/6062/2660
f 456/5128/2185 471/5995/2633 464/5703/2508
f 141/5785/2480 127/6063/2602 121/5890/2484
f 470/6064/2623 522/5422/2386 463/5625/2473
f 129/6065/2661 131/6066/2661 108/6067/2661
f 136/6068/2519 146/6069/2662 134/6036/2580
f 138/6070/2646 128/6071/2577 127/6072/2602
f 145/6073/2663 131/5716/2513 115/5839/2566
f 1097/5694/2504 1435/5660/2136 1114/6074/2532
f 522/6075/2386 473/6076/2664 523/6077/2531
f 385/6054/2551 371/6078/2631 375/6055/2586
f 1094/6079/2665 1115/6080/2665 1124/6081/2665
f 2879/3508/1574 2881/4222/1887 2905/5931/2606
f 382/6001/2635 354/5117/2263 365/5722/2517
f 137/5909/2597 131/5908/2513 164/6082/2666
f 148/5600/2461 87/5843/2417 139/6083/2667
f 130/6084/2668 164/6085/2669 129/5962/2613
f 2106/6086/2670 2452/4913/2178 2104/5358/2359
f 1276/5893/2458 1284/5892/2590 1288/6010/2639
f 140/6087/2671 131/6088/2671 164/6089/2671
f 2551/6090/2672 2547/6061/2477 2550/6060/2659
f 2552/6091/2673 2354/6092/2673 2549/6093/2673
f 2014/6094/2571 2013/6095/2674 2011/6096/2589
f 1277/5685/2501 1313/6097/2618 1279/5686/2291
f 141/6098/2480 138/6070/2646 127/6072/2602
f 134/6036/2580 146/6069/2662 160/6099/2675
f 129/6100/2676 164/6101/2676 131/6102/2676
f 129/5962/2613 142/5961/2272 130/6084/2668
f 141/6103/2480 147/6104/2677 138/6105/2646
f 474/6106/2678 459/5399/2376 469/5921/2592
f 2794/6107/2679 2950/5395/2375 2787/5279/2219
f 1697/6108/2680 1692/5831/2562 1699/6109/2681
f 143/6006/2599 155/6003/2637 150/6110/2682
f 2012/6111/2683 2013/6112/2674 2014/6113/2571
f 130/6114/2668 142/6115/2272 143/6116/2599
f 1693/5927/2604 1089/5929/2172 1706/6117/2684
f 2538/5619/2334 2553/6118/2607 2354/5916/2600
f 2892/5160/2279 2894/5930/2605 2895/5963/2617
f 2011/5891/2589 2002/5860/2574 2089/5055/2234
f 386/6056/2656 364/5996/2511 376/6119/2587
f 2012/6120/2683 2015/6121/2454 2016/6122/2553
f 1698/6123/2403 1693/6124/2604 1129/6125/2685
f 114/6126/2686 108/6127/2686 144/6128/2686
f 2948/6129/2687 2949/6130/2687 2963/6131/2687
f 1287/5959/2427 1307/5740/2527 1291/6132/2688
f 1288/6010/2639 1297/6133/2689 1286/5956/2616
f 2949/6134/2690 2955/6135/2690 2954/6136/2690
f 2949/6137/2691 2948/6138/2691 2955/6139/2691
f 115/5839/2566 138/6057/2646 145/6073/2663
f 2012/6111/2683 2014/6113/2571 2015/6140/2454
f 2946/4986/2205 2958/5634/2476 2957/6141/2692
f 2564/5880/2440 2549/5879/2584 2354/6142/2600
f 1155/6143/2693 1067/6144/1799 1077/6145/2296
f 1288/6018/2639 1298/6146/2694 1290/6019/2276
f 1120/5926/2603 1107/5913/2598 1124/5886/2588
f 155/6003/2637 144/6147/2695 150/6110/2682
f 134/6036/2580 160/6099/2675 125/5917/2601
f 2356/6148/2696 2006/6149/2697 2004/6150/2505
f 522/6075/2386 470/6151/2623 473/6076/2664
f 138/6105/2646 147/6104/2677 145/6152/2663
f 367/6153/2327 199/6154/2350 157/6155/2698
f 118/5945/2581 156/6156/2699 146/6157/2662
f 1116/6158/2700 1095/6159/2493 1109/6160/2619
f 459/5399/2376 474/6106/2678 466/5718/2515
f 147/6161/2677 141/5638/2480 153/5840/2567
f 387/6162/2701 388/6163/2702 1117/6164/2703
f 156/6156/2699 118/5945/2581 130/5944/2611
f 1699/6165/2681 1701/6166/2641 1993/6167/2390
f 144/6168/2704 108/5782/2545 137/6051/2597
f 1700/6169/2705 1701/6170/2641 1692/5831/2562
f 1119/6171/2706 1112/6015/2642 1073/5166/2281
f 1067/6172/1799 1192/5688/2502 1640/5687/1326
f 481/6173/2707 465/5705/2509 523/5750/2531
f 1097/5694/2504 1114/6074/2532 1118/6174/2708
f 1692/5831/2562 1697/6108/2680 1996/5790/2481
f 125/6175/2601 122/5905/2595 126/5656/2488
f 1110/6176/2709 1153/6177/2709 1119/6178/2709
f 1297/6179/2689 1288/6180/2639 1292/6181/2293
f 1123/6182/2647 1120/6183/2603 1121/6184/2710
f 387/6185/2711 391/6186/2711 388/6187/2711
f 1302/6188/2712 1762/6189/2712 1761/6190/2712
f 1103/5846/2569 1429/5164/2174 1112/6015/2642
f 2010/6191/2636 2022/6192/2713 2009/6193/2714
f 1121/6194/2710 1116/6158/2700 1117/6195/2703
f 1135/6196/2715 1133/6197/2716 1141/6198/2717
f 3060/3832/1591 2896/6199/2718 2841/1447/660
f 2551/6090/2672 2550/6060/2659 2900/6200/2719
f 2093/6201/2720 2011/6096/2589 2013/6095/2674
f 148/6202/2461 139/6203/2667 149/6204/2721
f 2950/6205/2375 2794/6206/2679 2951/6207/2722
f 1133/5249/2183 1108/5955/2615 1122/6208/2723
f 130/5972/2724 140/6058/2725 156/6209/2726
f 1286/5956/2616 1307/6210/2527 1283/5957/2582
f 1135/6211/2715 1116/6158/2700 1109/6160/2619
f 143/6116/2599 150/6212/2682 130/6114/2668
f 1287/6213/2427 1293/6214/2727 1294/6215/2630
f 1097/5920/2504 1118/6216/2708 1316/6217/2728
f 415/6218/2729 1117/6164/2703 388/6163/2702
f 1073/5166/2281 1111/6219/2730 1119/6171/2706
f 140/6220/2731 164/6221/2731 130/6222/2731
f 151/6223/2381 152/6224/2624 155/6225/2637
f 2017/6226/2732 2016/6227/2732 2005/6228/2732
f 1077/5208/2296 1113/6016/2643 1155/6229/2693
f 1125/6230/2733 389/6231/2734 363/6232/2735
f 146/6069/2662 161/6233/2736 160/6099/2675
f 2009/6047/2500 1695/6031/2650 1752/5192/2259
f 135/5690/2438 97/5597/2460 162/6234/2737
f 1692/5831/2562 1753/5235/2307 1700/6169/2705
f 1117/6195/2703 1123/6235/2647 1121/6194/2710
f 145/6236/2738 164/6237/2738 131/6238/2738
f 153/6239/2739 148/6240/2739 149/6241/2739
f 87/6242/2417 122/6243/2595 139/6244/2667
f 153/5840/2567 154/6245/2740 147/6161/2677
f 361/5614/2467 382/6001/2635 374/5853/2572
f 365/5722/2517 390/6246/2741 382/6001/2635
f 2017/6247/2742 2018/6248/2743 2016/6249/2553
f 376/6119/2587 363/6250/2496 400/6251/2744
f 155/6252/2745 169/6253/2745 144/6254/2745
f 1295/6255/2292 1297/6179/2689 1292/6181/2293
f 146/6069/2662 156/6256/2699 161/6233/2736
f 2457/5325/2346 2449/5145/2163 2473/6257/2746
f 464/5703/2508 472/6258/2658 468/5914/2539
f 474/6106/2678 475/6259/2747 466/5718/2515
f 386/6056/2656 376/6119/2587 400/6251/2744
f 97/5597/2460 367/5596/2327 172/6260/2748
f 1701/6170/2641 1699/6109/2681 1692/5831/2562
f 2006/6261/2697 2019/6262/2749 2005/6263/2750
f 156/6264/2699 130/6265/2668 161/6266/2736
f 2960/6267/2751 2788/6268/2354 2950/6269/2375
f 2546/5561/2445 2554/6270/2752 2553/5932/2607
f 2016/6122/2553 2018/6248/2743 2012/6120/2683
f 2011/5891/2589 2093/6271/2720 2020/6272/2753
f 1293/6273/2727 1287/5959/2427 1309/6274/2754
f 1108/5955/2615 1127/6275/2755 1122/6208/2723
f 1132/6276/2756 387/6277/2701 1117/6278/2703
f 471/5995/2633 466/5718/2515 475/6259/2747
f 2554/6279/2752 2546/5678/2445 2544/5480/2407
f 2105/6280/2757 2110/6281/2757 2106/6282/2757
f 405/6283/2758 388/6284/2702 391/6285/2759
f 1117/6286/2703 415/6287/2729 1123/6288/2647
f 144/6289/2695 169/6290/2760 150/6291/2682
f 1356/6292/2761 1284/5892/2590 1296/6293/2649
f 1989/6294/2207 2356/6148/2696 2004/6150/2505
f 1297/6295/2689 1295/6296/2292 1326/6297/2762
f 2022/6192/2713 2024/6298/2763 2009/6193/2714
f 2113/6299/2764 2460/6300/2764 2106/6301/2764
f 1116/6302/2700 1135/6196/2715 1141/6198/2717
f 2449/4875/2163 2460/5496/2401 2113/6303/2765
f 1290/6019/2276 1298/6146/2694 1277/6304/2501
f 465/5705/2509 481/6173/2707 1296/6029/2649
f 137/6305/2597 164/6306/2666 144/6307/2704
f 114/5827/2561 158/6308/2766 152/5978/2624
f 1121/6184/2710 1124/6309/2588 1115/6310/2648
f 172/6311/2748 367/6312/2327 157/6313/2698
f 1116/6158/2700 1121/6194/2710 1095/6159/2493
f 407/5817/2557 390/6246/2741 365/5722/2517
f 1125/6314/2767 1123/6315/2767 1126/6316/2767
f 1125/6317/2733 1126/6318/2768 389/6319/2734
f 152/6224/2624 169/6320/2769 155/6225/2637
f 1122/6321/2770 1141/6322/2770 1133/6323/2770
f 2107/6324/2771 2108/5983/2626 2104/5985/2359
f 1097/5920/2504 1316/6217/2728 1314/6325/2772
f 2020/6272/2753 2093/6271/2720 2021/6326/2773
f 114/6327/2561 144/6328/2774 158/6329/2766
f 2457/5325/2346 2473/6257/2746 2464/6330/2775
f 1121/6184/2710 1120/6183/2603 1124/6309/2588
f 476/6331/2776 470/5977/2623 472/6059/2658
f 145/6332/2663 147/6333/2677 159/6334/2777
f 1284/5892/2590 1298/6335/2694 1288/6010/2639
f 470/5977/2623 476/6331/2776 483/6336/2778
f 1299/6337/2779 1302/5775/2543 1281/5729/2331
f 1115/6338/2648 1095/6159/2493 1121/6194/2710
f 1132/6276/2756 399/6339/2780 387/6277/2701
f 387/6277/2701 399/6339/2780 391/6340/2759
f 2106/6341/2670 2104/5985/2359 2105/5984/2627
f 2936/3329/1497 2947/5320/2336 2952/6342/2781
f 1696/6343/2651 1702/6344/2453 1752/6345/2259
f 1073/6346/2782 1763/6347/2782 1111/6348/2782
f 1104/5870/2579 1127/6349/2755 1108/6025/2615
f 1694/5845/2568 1703/6350/2783 1691/5979/2555
f 2958/5634/2476 2788/5575/2354 2956/6351/2784
f 1293/6214/2727 1300/6352/2785 1294/6215/2630
f 1122/6208/2723 1127/6275/2755 1141/6353/2786
f 1300/6352/2785 1317/6354/2787 1118/6355/2708
f 160/6356/2675 161/6357/2736 166/6358/2788
f 2005/6359/2789 2019/6360/2789 2017/6361/2789
f 1104/5870/2579 1097/5920/2504 1128/6362/2790
f 1103/5846/2569 1139/6363/2791 1151/6364/2792
f 2841/1447/660 2896/6199/2718 2889/6365/2148
f 2555/6366/2793 2898/6367/2793 2550/6368/2793
f 2354/6369/2600 1989/4991/2207 2564/5555/2440
f 1313/5964/2618 1321/6370/2794 1285/5759/2536
f 1109/5965/2619 1103/5846/2569 1151/6364/2792
f 469/6371/2592 135/6372/2438 174/6373/2795
f 149/6204/2721 139/6203/2667 154/6374/2740
f 144/6375/2796 164/6376/2796 171/6377/2796
f 1356/6292/2761 1298/6335/2694 1284/5892/2590
f 374/5853/2572 382/6001/2635 392/6378/2797
f 1300/6352/2785 1118/6355/2708 1114/6379/2532
f 1277/5685/2501 1301/6380/2798 1313/6097/2618
f 1703/6381/2783 1694/6008/2568 1111/6007/2638
f 2020/6272/2753 2002/5860/2574 2011/5891/2589
f 161/6266/2736 130/6265/2668 150/6382/2682
f 464/5703/2508 471/5995/2633 477/6383/2799
f 1294/6215/2630 1300/6352/2785 1114/6379/2532
f 1123/6288/2647 415/6287/2729 1126/6384/2768
f 1281/5729/2331 1305/6385/2800 1299/6337/2779
f 149/6386/2801 154/6387/2801 153/6388/2801
f 472/6258/2658 464/5703/2508 478/6389/2802
f 3052/5989/2629 2946/5241/2205 2957/6390/2692
f 2547/5635/2477 2556/6391/2803 2544/5547/2407
f 1701/6014/2641 1763/6392/2804 1073/5216/2301
f 1753/5695/2307 1689/5281/2324 1691/5808/2555
f 383/6049/2610 393/6393/2805 377/6050/2609
f 487/6394/2806 484/6395/2807 476/6331/2776
f 1763/6396/2808 1768/6397/2808 1111/6398/2808
f 162/6399/2737 174/6373/2795 135/6372/2438
f 1302/6400/2543 1299/6401/2779 1303/6402/2809
f 390/6246/2741 392/6378/2797 382/6001/2635
f 2108/6403/2810 2112/6404/2810 2105/6405/2810
f 1698/5467/2403 1129/6406/2685 1130/6407/2811
f 2551/6408/2672 2557/6409/2812 2547/5635/2477
f 145/6332/2663 163/6410/2813 164/6411/2814
f 1762/6412/2815 1302/6413/2543 1303/6414/2809
f 476/6331/2776 484/6395/2807 483/6336/2778
f 2458/6415/2816 2795/6416/2817 2462/6417/2428
f 1291/6132/2688 1309/6274/2754 1287/5959/2427
f 164/6418/2814 163/6419/2813 171/6420/2818
f 1305/6421/2800 1281/5814/2331 1304/6422/2819
f 2953/6423/2820 2954/6424/2385 2955/6425/2821
f 2022/6426/2713 2010/6002/2636 2024/6427/2763
f 2547/5635/2477 2557/6409/2812 2556/6391/2803
f 2544/5480/2407 2573/6428/2822 2554/6279/2752
f 2104/5952/2359 2103/5951/2614 2107/6429/2771
f 1127/6349/2755 1104/5870/2579 1128/6362/2790
f 166/6358/2788 161/6357/2736 150/6291/2682
f 1696/6032/2651 1695/6031/2650 1704/6430/2823
f 163/6410/2813 145/6332/2663 159/6334/2777
f 1305/6431/2800 1306/6432/2824 1299/6401/2779
f 2355/6433/2825 2356/6148/2696 1989/6294/2207
f 1698/5467/2403 1131/6434/2826 1105/5896/2591
f 2956/6435/2827 2788/6436/2827 2960/6437/2827
f 1281/5814/2331 1280/5813/2362 1304/6422/2819
f 158/6329/2766 144/6328/2774 171/6438/2818
f 377/5938/2609 380/5969/2573 368/5760/2537
f 2034/6439/2828 2002/5860/2574 2020/6272/2753
f 2965/6440/2829 2957/6441/2692 2958/6442/2476
f 478/6389/2802 476/6443/2776 472/6258/2658
f 1303/6414/2809 1306/6444/2824 1762/6412/2815
f 1306/6445/2830 1767/6446/2830 1762/6447/2830
f 1099/6448/2507 1105/5896/2591 1131/6434/2826
f 1291/6449/2831 1307/6450/2831 1309/6451/2831
f 2787/5680/2219 2796/6452/2832 2794/6453/2679
f 159/6334/2777 147/6333/2677 154/6454/2740
f 122/6243/2595 154/6455/2740 139/6244/2667
f 386/6056/2656 393/6456/2805 383/5940/2610
f 2951/6457/2722 2960/6267/2751 2950/6269/2375
f 2953/6423/2820 2955/6425/2821 2948/6458/2833
f 1996/5639/2481 2026/6459/2834 2010/6002/2636
f 2009/6460/2835 2024/6461/2835 2023/6462/2835
f 1695/6463/2836 2009/6464/2836 2023/6465/2836
f 2039/6466/2837 1993/5578/2390 2002/5860/2574
f 2109/6467/2838 2106/6468/2838 2110/6469/2838
f 1132/6470/2756 1116/6471/2700 1141/6472/2717
f 394/6473/2839 395/6474/2840 404/6475/2841
f 150/6291/2682 169/6290/2760 166/6358/2788
f 154/6454/2740 163/6410/2813 159/6334/2777
f 1116/6476/2842 1132/6477/2842 1117/6478/2842
f 1303/6402/2809 1299/6401/2779 1306/6432/2824
f 1759/6479/2306 1765/6480/2843 2103/6481/2614
f 165/6482/2844 122/5905/2595 125/6175/2601
f 395/6474/2840 394/6473/2839 396/6483/2845
f 1118/6484/2708 1317/6485/2787 1308/6486/2846
f 152/6487/2624 158/6488/2766 169/6489/2769
f 473/6076/2664 470/6151/2623 524/6490/2847
f 2796/6452/2832 2787/5680/2219 2797/6491/2848
f 1133/6492/2849 1134/6493/2849 1113/6494/2849
f 1128/6362/2790 1097/5920/2504 1156/6495/2850
f 405/6283/2758 391/6285/2759 397/6496/2851
f 388/6497/2702 405/6498/2758 410/6499/2852
f 2021/6326/2773 2034/6439/2828 2020/6272/2753
f 408/6500/2853 396/6483/2845 394/6473/2839
f 1118/6484/2708 1308/6486/2846 1316/6501/2728
f 1356/6502/2761 1296/6029/2649 479/6503/2854
f 2023/6504/2855 2024/6505/2855 2026/6506/2855
f 1139/6363/2791 1112/6015/2642 1137/6507/2856
f 2879/3508/1574 2905/5931/2606 2897/6508/2857
f 2355/6433/2825 1989/6294/2207 2354/6509/2600
f 2010/6002/2636 2026/6459/2834 2024/6427/2763
f 424/6510/2858 363/6511/2858 398/6512/2858
f 163/6419/2813 154/6513/2740 170/6514/2859
f 1131/6434/2826 1138/6515/2860 1099/6448/2507
f 391/6285/2759 399/6516/2780 397/6496/2851
f 1764/6517/2861 1761/5861/2575 1762/6518/2862
f 1111/6007/2638 1768/6519/2863 1703/6381/2783
f 2463/5770/2541 2464/6330/2775 2465/6520/2864
f 2039/6466/2837 2025/6521/2865 1993/5578/2390
f 1131/6434/2826 1698/5467/2403 1130/6407/2811
f 481/6173/2707 479/6503/2854 1296/6029/2649
f 388/6497/2702 410/6499/2852 415/6522/2729
f 3052/5989/2629 2957/6390/2692 2971/6523/2866
f 1137/6507/2856 1112/6015/2642 1119/6171/2706
f 1139/6363/2791 1103/5846/2569 1112/6015/2642
f 169/6524/2867 168/6525/2867 166/6526/2867
f 1309/6527/2754 1307/6528/2527 1286/6529/2616
f 386/6530/2656 400/6531/2744 401/6532/2868
f 160/6099/2675 167/6533/2869 125/5917/2601
f 1155/6229/2693 1113/6016/2643 1134/6534/2870
f 2449/4875/2163 2113/6303/2765 2473/6535/2746
f 2026/6536/2834 1996/5790/2481 1710/6537/2871
f 1691/5808/2555 1703/6538/2783 1753/5695/2307
f 2551/6539/2672 2566/6540/2872 2557/6541/2812
f 2106/6542/2873 2109/6543/2873 2113/6544/2873
f 1697/6108/2680 1710/6537/2871 1996/5790/2481
f 1306/6432/2824 1305/6431/2800 1310/6545/2874
f 407/5817/2557 402/6546/2875 390/6246/2741
f 2023/6547/2876 2026/6548/2834 1705/6549/2877
f 2900/6550/2719 2550/6551/2659 2898/6552/2653
f 386/6530/2656 401/6532/2868 393/6553/2805
f 1311/6554/2878 1309/6527/2754 1286/6529/2616
f 154/6455/2740 122/6243/2595 165/6555/2844
f 2956/6556/2879 2961/6557/2879 2959/6558/2879
f 2902/6559/2880 2893/5717/2514 2879/3508/1574
f 2793/5904/2594 2792/6560/2358 2795/6561/2817
f 2947/5304/2336 2954/5420/2385 2952/6562/2781
f 2105/6563/2881 2127/6564/2881 2110/6565/2881
f 1286/6529/2616 1297/6566/2689 1327/6567/2882
f 1135/6568/2715 1109/6569/2619 1151/6570/2792
f 363/6232/2735 389/6231/2734 398/6571/2883
f 523/6077/2531 480/6572/2884 481/6573/2707
f 473/6076/2664 482/6574/2885 480/6572/2884
f 483/6575/2778 495/6576/2886 470/6151/2623
f 2127/6577/2887 2105/6578/2887 2112/6579/2887
f 1277/6580/2501 1298/6581/2694 1301/6582/2798
f 2795/6416/2817 2792/6583/2358 2462/6417/2428
f 2113/6584/2765 2109/6585/2888 2110/6586/2889
f 2023/6587/2876 1705/6588/2877 1756/6589/2890
f 403/6590/2891 395/6474/2840 396/6483/2845
f 1110/6591/2492 1106/6592/2596 1153/6593/2892
f 394/6594/2839 404/6595/2841 433/6596/2893
f 2557/6541/2812 2569/6597/2894 2558/6598/2895
f 1106/6592/2596 1136/6599/2370 1137/6600/2856
f 2551/6601/2672 2900/6602/2719 2565/6603/2896
f 2354/5916/2600 2553/6118/2607 2559/6604/2897
f 1695/6605/2650 2023/6587/2876 1756/6589/2890
f 1136/5769/2370 1099/5701/2507 1138/6606/2860
f 1133/6607/2716 1169/6608/2898 1134/6609/2870
f 1097/5920/2504 1314/6325/2772 1156/6495/2850
f 389/6319/2734 1126/6318/2768 415/6610/2729
f 473/6076/2664 480/6572/2884 523/6077/2531
f 2006/6261/2697 2356/6611/2696 2019/6262/2749
f 1297/6295/2689 1326/6297/2762 1327/6612/2882
f 2959/6613/2899 2965/6440/2829 2956/6614/2784
f 2565/6603/2896 2566/6615/2872 2551/6601/2672
f 166/6616/2900 168/6617/2900 167/6618/2900
f 473/6619/2901 524/6620/2901 482/6621/2901
f 2956/6614/2784 2965/6440/2829 2958/6442/2476
f 2465/6520/2864 2467/6622/2902 2458/5494/2414
f 421/6623/2903 377/6050/2609 393/6393/2805
f 163/6419/2813 170/6514/2859 171/6420/2818
f 2961/6624/2904 2960/6625/2751 2959/6626/2899
f 410/6627/2905 405/6628/2905 397/6629/2905
f 2956/6630/2906 2960/6631/2906 2961/6632/2906
f 2029/6633/2907 2013/6112/2674 2012/6111/2683
f 2458/6634/2908 2467/6635/2908 2795/6636/2908
f 2018/6248/2743 2017/6247/2742 2027/6637/2909
f 395/6638/2840 433/6639/2893 404/6640/2841
f 2971/6641/2866 2957/6441/2692 2965/6440/2829
f 408/6642/2853 406/6643/2910 396/6644/2845
f 483/6645/2778 484/6646/2807 495/6647/2886
f 2787/5680/2219 2793/5904/2594 2797/6491/2848
f 2569/6597/2894 2557/6541/2812 2566/6540/2872
f 2796/6648/2832 2797/6649/2848 2798/6650/2911
f 1706/6651/2684 1089/4902/2172 1702/5574/2453
f 2465/6520/2864 2458/5494/2414 2463/5770/2541
f 407/6652/2557 369/5873/2413 402/6653/2875
f 2959/6626/2899 2962/6654/2912 2968/6655/2913
f 2012/6120/2683 2028/6656/2914 2029/6657/2907
f 1304/6658/2819 1280/5363/2362 1285/5924/2536
f 400/6251/2744 363/6250/2496 424/6659/2915
f 491/6660/2916 487/6661/2806 476/6443/2776
f 97/5597/2460 172/6260/2748 162/6234/2737
f 125/6175/2601 167/6662/2869 165/6482/2844
f 392/6378/2797 431/6663/2917 374/5853/2572
f 166/6664/2918 167/6665/2918 160/6666/2918
f 1301/6380/2798 1312/6667/2919 1313/6097/2618
f 2463/5770/2541 2457/5325/2346 2464/6330/2775
f 168/6668/2920 169/6669/2920 167/6670/2920
f 2968/6671/2913 2965/6440/2829 2959/6613/2899
f 2573/6672/2822 2544/5547/2407 2556/6391/2803
f 154/6455/2740 165/6555/2844 170/6673/2859
f 470/6151/2623 495/6576/2886 524/6490/2847
f 2963/5426/2387 2940/4047/1805 3052/5989/2629
f 2032/6674/2921 2026/6675/2834 1710/6676/2871
f 481/6173/2707 490/6677/2922 479/6503/2854
f 167/6678/2869 158/6488/2766 171/6679/2818
f 169/6489/2769 158/6488/2766 167/6678/2869
f 2948/6680/2923 2963/6681/2923 2964/6682/2923
f 408/6683/2853 394/6684/2839 499/6685/2924
f 2964/6686/2925 2953/6687/2820 2948/6688/2833
f 2960/6625/2751 2962/6654/2912 2959/6626/2899
f 2556/6391/2803 2578/6689/2926 2573/6672/2822
f 2026/6675/2834 2032/6674/2921 2030/6690/2927
f 2113/6584/2765 2110/6586/2889 2116/6691/2928
f 1312/6692/2929 1321/6693/2929 1313/6694/2929
f 1192/6695/2502 1067/6144/1799 1155/6143/2693
f 1293/6696/2727 1309/6697/2754 1355/6698/2930
f 1696/6343/2651 1704/6699/2823 1707/6700/2931
f 1306/6701/2824 1310/6702/2874 1767/6703/2932
f 402/6653/2875 369/5873/2413 380/5857/2573
f 2127/6704/2933 2108/5983/2626 2111/6705/2934
f 1699/6109/2681 1708/6706/2935 1697/6108/2680
f 2112/6707/2936 2108/5983/2626 2127/6704/2933
f 1767/6708/2937 1764/6517/2861 1762/6518/2862
f 396/6644/2845 406/6643/2910 403/6709/2891
f 2558/6710/2895 2556/6391/2803 2557/6409/2812
f 424/6711/2915 401/6532/2868 400/6531/2744
f 1314/6712/2772 1316/6713/2728 1315/6714/2938
f 2018/6248/2743 2028/6656/2914 2012/6120/2683
f 480/6572/2884 482/6574/2885 525/6715/2939
f 2794/6453/2679 2796/6452/2832 2800/6716/2940
f 2029/6717/2907 2093/6718/2720 2013/6719/2674
f 2026/6548/2834 2030/6720/2927 1705/6549/2877
f 1304/6721/2941 1310/6722/2941 1305/6723/2941
f 1135/6568/2715 1169/6608/2898 1133/6607/2716
f 2801/6724/2942 2796/6725/2832 2798/6726/2911
f 1132/6470/2756 1141/6472/2717 399/6727/2780
f 1304/6658/2819 1285/5924/2536 1321/6728/2794
f 394/6594/2839 433/6596/2893 411/6729/2943
f 1704/6430/2823 1695/6031/2650 1755/6730/2944
f 2355/6731/2825 2354/6732/2600 2559/6733/2897
f 2968/6734/2945 2971/6735/2945 2965/6736/2945
f 1142/6737/2946 1127/6738/2946 1128/6739/2946
f 170/6673/2859 165/6555/2844 167/6678/2869
f 495/6647/2886 484/6646/2807 493/6740/2947
f 493/6741/2947 484/6742/2807 485/6743/2948
f 2910/6744/2949 2895/5963/2617 2894/5930/2605
f 1761/5861/2575 1764/6517/2861 1759/5234/2306
f 1316/6745/2728 1308/6486/2846 1334/6746/2950
f 415/6610/2729 420/6747/2951 389/6319/2734
f 380/5969/2573 377/5938/2609 421/6748/2903
f 1300/6749/2785 1293/6696/2727 1355/6698/2930
f 1129/6750/2952 1766/6751/2952 1770/6752/2952
f 2900/6753/2953 2899/6754/2953 2565/6755/2953
f 2966/6756/2954 2971/6757/2954 2968/6758/2954
f 475/6259/2747 486/6759/2955 471/5995/2633
f 1151/6760/2956 1139/6761/2956 1140/6762/2956
f 1129/6125/2685 1693/6124/2604 1706/6763/2684
f 1700/6169/2705 1763/6764/2804 1701/6170/2641
f 2567/6765/2957 2569/6766/2957 2566/6767/2957
f 2793/5904/2594 2799/6768/2958 2797/6491/2848
f 409/6769/2959 397/6770/2959 399/6771/2959
f 397/6772/2960 409/6773/2961 410/6774/2852
f 2566/6775/2962 2565/6776/2962 2567/6777/2962
f 171/6679/2818 170/6673/2859 167/6678/2869
f 1327/6567/2882 1311/6554/2878 1286/6529/2616
f 1699/6165/2681 1993/6167/2390 1708/6778/2935
f 2357/6779/2963 2356/6780/2963 2355/6781/2963
f 1763/6764/2804 1703/6381/2783 1768/6519/2863
f 2093/6271/2720 2031/6782/2964 2021/6326/2773
f 403/6709/2891 406/6643/2910 425/6783/2965
f 393/6553/2805 401/6532/2868 423/6784/2966
f 2465/6520/2864 2468/6785/2967 2467/6622/2902
f 487/6786/2806 485/6743/2948 484/6742/2807
f 2964/6686/2925 2954/6787/2385 2953/6687/2820
f 1317/6788/2787 1300/6749/2785 1318/6789/2968
f 1127/6275/2755 412/6790/2969 1141/6353/2786
f 1141/6791/2970 409/6792/2970 399/6793/2970
f 2110/6586/2889 2127/6794/2971 2116/6691/2928
f 394/6684/2839 411/6795/2943 499/6685/2924
f 2560/6796/2972 2553/5932/2607 2554/6270/2752
f 1316/6745/2728 1334/6746/2950 1315/6714/2938
f 476/6443/2776 478/6389/2802 488/6797/2973
f 2796/6725/2832 2801/6724/2942 2800/6798/2940
f 476/6443/2776 488/6797/2973 491/6660/2916
f 1702/6344/2453 1696/6343/2651 1709/6799/2974
f 488/6797/2973 489/6800/2975 491/6660/2916
f 505/6801/2976 490/6802/2922 481/6573/2707
f 389/6231/2734 430/6803/2977 398/6571/2883
f 1128/6804/2978 1144/6805/2979 1142/6806/2980
f 1127/6807/2755 1142/6808/2981 412/6809/2969
f 2899/6810/2982 2900/6811/2982 2901/6812/2982
f 2030/6813/2983 2032/6814/2983 1705/6815/2983
f 2909/6052/2547 2910/6744/2949 2894/5930/2605
f 2033/6816/2984 2356/6817/2984 2385/6818/2984
f 1295/5689/2292 1192/5688/2502 1319/6819/2985
f 1128/6362/2790 1156/6495/2850 1143/6820/2986
f 1308/6486/2846 1320/6821/2987 1334/6746/2950
f 395/6638/2840 413/6822/2988 433/6639/2893
f 431/6823/2989 435/6824/2989 374/6825/2989
f 392/6378/2797 390/6246/2741 402/6546/2875
f 491/6826/2916 492/6827/2990 487/6786/2806
f 1145/6828/2991 1144/6829/2991 1128/6830/2991
f 417/6831/2992 491/6660/2916 489/6800/2975
f 1318/6789/2968 1300/6749/2785 1355/6698/2930
f 421/6832/2903 402/6653/2875 380/5857/2573
f 1301/6833/2798 1322/6834/2993 1312/6835/2919
f 474/6836/2678 469/6837/2592 200/6838/2994
f 2103/5951/2614 2115/6839/2995 2107/6429/2771
f 1311/6840/2878 1355/6841/2930 1309/6842/2754
f 2553/6118/2607 2560/6843/2972 2579/6844/2996
f 2579/6845/2996 2355/6731/2825 2559/6733/2897
f 2107/6324/2771 2111/6705/2934 2108/5983/2626
f 481/6573/2707 480/6572/2884 505/6801/2976
f 374/6846/2572 157/6155/2698 199/6154/2350
f 2579/6844/2996 2559/6604/2897 2553/6118/2607
f 200/6847/2994 469/6848/2592 211/6849/2997
f 1703/6381/2783 1763/6764/2804 1753/5235/2307
f 2025/6850/2865 1708/6778/2935 1993/6167/2390
f 1145/6851/2998 1128/6852/2790 1143/6853/2986
f 2901/6854/2999 2900/6550/2719 2898/6552/2653
f 2473/6257/2746 2122/6855/3000 2464/6330/2775
f 2113/6856/2765 2116/6857/2928 2121/6858/3001
f 469/6848/2592 174/6859/2795 211/6849/2997
f 2114/6860/3002 2116/6861/2928 2127/6862/2971
f 2556/6391/2803 2558/6710/2895 2578/6689/2926
f 2795/6561/2817 2585/6863/3003 2793/5904/2594
f 2033/6864/3004 2019/6865/2749 2356/6866/2696
f 2033/6864/3004 2017/6867/2742 2019/6865/2749
f 1705/6588/2877 1711/6868/3005 1756/6589/2890
f 1135/6568/2715 1151/6570/2792 1169/6608/2898
f 2021/6869/2773 2041/6870/3006 2034/6871/2828
f 1327/6612/2882 1326/6297/2762 1319/6872/2985
f 406/6643/2910 408/6642/2853 499/6873/2924
f 474/6106/2678 486/6759/2955 475/6259/2747
f 431/6874/2917 392/6875/2797 414/6876/3007
f 1709/6799/2974 1696/6343/2651 1707/6700/2931
f 1308/6486/2846 1317/6485/2787 1320/6821/2987
f 493/6877/2947 494/6878/3008 495/6879/2886
f 413/6822/2988 395/6638/2840 425/6880/2965
f 2111/6705/2934 2107/6324/2771 2115/6881/2995
f 471/5995/2633 486/6759/2955 477/6383/2799
f 1141/6882/3009 412/6883/3009 409/6884/3009
f 441/6885/3010 433/6886/3010 413/6887/3010
f 2029/6717/2907 2035/6888/3011 2093/6718/2720
f 2356/6889/3012 2358/6890/3012 2385/6891/3012
f 2033/6864/3004 2027/6637/2909 2017/6867/2742
f 415/6892/3013 416/6893/3013 420/6894/3013
f 416/6895/3014 415/6522/2729 410/6499/2852
f 2799/6768/2958 2793/5904/2594 2585/6863/3003
f 2356/6896/3015 2357/6897/3016 2358/6898/3017
f 2032/6899/2921 1710/6900/2871 1711/6901/3018
f 1312/6835/2919 1322/6834/2993 1321/6902/2794
f 440/6903/3019 417/6904/3019 418/6905/3019
f 464/5703/2508 477/6383/2799 478/6389/2802
f 1317/6788/2787 1318/6789/2968 1320/6906/2987
f 1704/6430/2823 1755/6730/2944 1754/6907/3020
f 1756/6908/2890 1755/6730/2944 1695/6031/2650
f 2032/6909/3021 1711/6910/3021 1705/6911/3021
f 487/6786/2806 492/6827/2990 485/6743/2948
f 1765/6912/2843 1759/5234/2306 1764/6517/2861
f 1322/6913/2993 1301/6582/2798 1324/6914/3022
f 172/6915/2748 177/6916/3023 162/6917/2737
f 2952/6562/2781 2954/5420/2385 3053/6918/3024
f 3053/6918/3024 2954/5420/2385 2964/6919/2925
f 2794/6206/2679 2967/6920/3025 2951/6207/2722
f 2034/6439/2828 2039/6466/2837 2002/5860/2574
f 201/6921/3026 202/6922/3027 374/6846/2572
f 418/6923/3028 1142/6924/3028 440/6925/3028
f 2898/6926/2653 2903/6927/3029 2901/6928/2999
f 2120/6929/3030 2127/6704/2933 2111/6705/2934
f 1700/6169/2705 1753/5235/2307 1763/6764/2804
f 1329/6930/3031 524/6931/2847 495/6932/2886
f 2554/6933/2752 2573/6934/2822 2568/6935/3032
f 2893/5723/2514 2902/6936/2880 2914/6937/3033
f 491/6826/2916 417/6938/2992 440/6939/3034
f 1708/6778/2935 2025/6850/2865 1777/6940/3035
f 392/6875/2797 428/6941/3036 414/6876/3007
f 2968/6942/2913 2962/6943/2912 2969/6944/3037
f 2799/6945/3038 2804/6946/3038 2797/6947/3038
f 2466/6948/3039 2795/6949/2817 2467/6950/2902
f 410/6499/2852 432/6951/3040 416/6895/3014
f 419/6952/3041 418/6953/3042 417/6954/2992
f 389/6231/2734 420/6955/2951 437/6956/3043
f 1766/6957/3044 1129/6958/3044 1709/6959/3044
f 495/6932/2886 1323/6960/3045 1329/6930/3031
f 414/6876/3007 428/6941/3036 425/6961/2965
f 1136/6599/2370 1146/6962/3046 1137/6600/2856
f 374/6846/2572 202/6922/3027 157/6155/2698
f 423/6784/2966 421/6963/2903 393/6553/2805
f 1106/6592/2596 1147/6964/3047 1153/6593/2892
f 494/6878/3008 493/6877/2947 485/6965/2948
f 2469/6966/3048 2465/6520/2864 2464/6330/2775
f 2035/6888/3011 2031/6967/2964 2093/6718/2720
f 2116/6968/3049 2114/6969/3049 2123/6970/3049
f 1298/6581/2694 1324/6914/3022 1301/6582/2798
f 433/6596/2893 422/6971/3050 411/6729/2943
f 401/6972/3051 429/6973/3051 423/6974/3051
f 2964/6975/2925 2963/6976/2387 3052/6977/2629
f 499/6978/3052 411/6979/3052 422/6980/3052
f 1137/6507/2856 1119/6171/2706 1160/6981/3053
f 1765/6912/2843 1764/6517/2861 1325/6982/3054
f 2468/6983/2967 2466/6948/3039 2467/6950/2902
f 398/6571/2883 430/6803/2977 424/6984/2915
f 2036/6985/3055 2041/6870/3006 2021/6869/2773
f 2897/6986/3056 2905/6987/3056 2908/6988/3056
f 1270/6989/3057 1314/6712/2772 1315/6714/2938
f 509/6990/3058 479/6503/2854 490/6991/2922
f 482/6992/2885 524/6931/2847 525/6993/2939
f 1142/6808/2981 418/6953/3042 412/6809/2969
f 2914/6937/3033 2898/6037/2653 2893/5723/2514
f 1144/6994/2979 1145/6995/2998 1166/6996/3059
f 1709/6799/2974 1706/6997/2684 1702/6344/2453
f 1148/6998/3060 1144/6994/2979 1166/6996/3059
f 395/6474/2840 403/6590/2891 425/6999/2965
f 432/7000/3040 410/6774/2852 409/6773/2961
f 402/7001/2875 428/6941/3036 392/6875/2797
f 478/6389/2802 477/6383/2799 488/6797/2973
f 2469/6966/3048 2468/6785/2967 2465/6520/2864
f 1320/6906/2987 1318/6789/2968 1323/7002/3045
f 1770/7003/3061 1130/6407/2811 1129/6406/2685
f 402/7004/2875 421/6963/2903 423/6784/2966
f 374/7005/3062 435/7006/3062 426/7007/3062
f 2569/7008/2894 2570/7009/3063 2558/7010/2895
f 1160/6981/3053 1119/6171/2706 1149/7011/3064
f 1767/6703/2932 1310/6702/2874 1304/6658/2819
f 430/6803/2977 389/6231/2734 437/6956/3043
f 2021/7012/2773 2031/7013/2964 2036/7014/3055
f 1140/7015/3065 1150/7016/3066 1151/7017/2792
f 474/6106/2678 496/7018/3067 486/6759/2955
f 2800/6716/2940 2803/7019/3068 2794/6453/2679
f 2103/6481/2614 1765/6480/2843 2115/7020/2995
f 2971/6523/2866 2972/7021/3069 3052/5989/2629
f 2576/7022/3070 2570/7009/3063 2569/7008/2894
f 2576/7022/3070 2569/7008/2894 2567/7023/3071
f 2585/6863/3003 2806/7024/3072 2799/6768/2958
f 1704/6699/2823 1754/7025/3020 1707/6700/2931
f 2797/6649/2848 2996/7026/3073 2798/6650/2911
f 2469/6966/3048 2464/6330/2775 2122/6855/3000
f 2895/7027/3074 2911/7028/3074 2905/7029/3074
f 2898/6037/2653 2914/6937/3033 2903/7030/3029
f 1145/6851/2998 1143/6853/2986 1134/7031/2870
f 1140/7015/3065 1139/6363/2791 1150/7016/3066
f 429/7032/3075 401/6532/2868 424/6711/2915
f 1767/7033/3076 1325/7034/3076 1764/7035/3076
f 440/7036/3077 1142/7037/3077 427/7038/3077
f 2120/7039/3078 2111/7040/3078 2119/7041/3078
f 2902/6559/2880 2879/3508/1574 2897/6508/2857
f 2968/6942/2913 2970/7042/3079 2966/7043/3080
f 2018/6248/2743 2027/6637/2909 2037/7044/3081
f 2122/7045/3000 2473/7046/2746 2113/6856/2765
f 1710/6537/2871 1697/6108/2680 1708/6706/2935
f 1169/6608/2898 1151/6570/2792 1152/7047/3082
f 402/7048/3083 423/7049/3083 428/7050/3083
f 440/6939/3034 492/6827/2990 491/6826/2916
f 409/6773/2961 434/7051/3084 432/7000/3040
f 2039/6466/2837 2034/6439/2828 2038/7052/3085
f 419/6952/3041 417/6954/2992 489/7053/2975
f 1106/6592/2596 1137/6600/2856 1147/6964/3047
f 444/7054/3086 425/7055/2965 406/7056/2910
f 2038/7057/3087 2045/7058/3087 2039/7059/3087
f 2969/6944/3037 2970/7042/3079 2968/6942/2913
f 2565/7060/3088 2576/7022/3070 2567/7023/3071
f 409/6773/2961 412/7061/2969 434/7051/3084
f 2936/3329/1497 2952/6342/2781 3024/7062/3089
f 2121/7063/3090 2116/7064/3090 2123/7065/3090
f 1710/6900/2871 1708/7066/2935 1712/7067/3091
f 1324/7068/3022 1298/7069/2694 1356/7070/2761
f 180/7071/3092 185/7072/3093 186/7073/3094
f 2122/7045/3000 2113/6856/2765 2121/6858/3001
f 185/7072/3093 176/7074/3095 186/7073/3094
f 157/6313/2698 173/7075/3096 172/6311/2748
f 1767/6703/2932 1304/6658/2819 1325/7076/3097
f 2800/7077/2940 2801/7078/2942 2802/7079/3098
f 1295/5689/2292 1319/6819/2985 1326/7080/2762
f 2039/7081/2837 2045/7082/3099 2040/7083/3100
f 1139/6363/2791 1137/6507/2856 1146/7084/3046
f 2901/6928/2999 2903/6927/3029 2904/7085/3101
f 1710/6900/2871 1712/7067/3091 1711/6901/3018
f 1119/7086/2706 1153/7087/2892 1149/7088/3064
f 429/7089/3075 430/7090/2977 413/7091/2988
f 1148/7092/3060 1142/7093/2980 1144/7094/2979
f 441/7095/3102 432/7096/3102 433/7097/3102
f 1154/7098/3103 1192/7099/2502 1155/7100/2693
f 414/7101/3007 206/7102/3104 431/7103/2917
f 479/6503/2854 509/6990/3058 1356/6502/2761
f 414/6876/3007 425/6961/2965 444/7104/3086
f 2041/7105/3006 2038/7106/3085 2034/7107/2828
f 2119/7108/3105 2117/7109/3105 2120/7110/3105
f 1706/6763/2684 1709/7111/2974 1129/6125/2685
f 174/7112/2795 162/6917/2737 175/7113/3106
f 2966/7043/3080 2972/7114/3069 2971/7115/2866
f 2565/7116/3088 2899/7117/3107 2904/7118/3108
f 2803/7119/3068 2967/6920/3025 2794/6206/2679
f 1327/7120/2882 1328/7121/3109 1311/6840/2878
f 494/6878/3008 1323/7122/3045 495/6879/2886
f 420/6955/2951 416/7123/3110 437/6956/3043
f 1146/6962/3046 1136/6599/2370 1170/7124/3111
f 2035/7125/3112 2043/7126/3112 2031/7127/3112
f 430/6803/2977 429/7128/3075 424/6984/2915
f 1137/6507/2856 1160/6981/3053 1164/7129/3113
f 1318/6789/2968 1329/7130/3031 1323/7002/3045
f 1157/7131/3114 1134/7031/2870 1143/6853/2986
f 1143/7132/3115 1156/7133/3115 1157/7134/3115
f 1334/6746/2950 1320/6821/2987 1323/7135/3045
f 2966/7043/3080 2970/7042/3079 2972/7114/3069
f 432/7136/3116 434/7137/3116 433/7138/3116
f 423/7139/3117 429/7140/3117 428/7141/3117
f 2118/7142/3118 2123/7143/3119 2114/6860/3002
f 2028/6656/2914 2018/6248/2743 2037/7044/3081
f 497/7144/3120 488/6797/2973 477/6383/2799
f 413/7145/3121 430/7146/3121 442/7147/3121
f 1155/7100/2693 1134/7148/2870 1154/7098/3103
f 432/7149/3122 437/7150/3122 416/7151/3122
f 2039/6466/2837 2048/7152/3123 2025/6521/2865
f 211/7153/3124 174/7154/3124 175/7155/3124
f 176/7156/3125 183/7157/3125 186/7158/3125
f 2111/7159/3126 2115/7160/3126 2119/7161/3126
f 2901/7162/3127 2904/7163/3127 2899/7164/3127
f 157/6155/2698 202/6922/3027 173/7165/3096
f 177/7166/3128 173/7167/3128 184/7168/3128
f 200/6838/2994 203/7169/3129 474/6836/2678
f 2803/7170/3068 2800/7077/2940 2802/7079/3098
f 2895/7171/3130 2910/7172/3130 2911/7173/3130
f 2962/7174/2912 2960/7175/2751 3054/7176/3131
f 1136/5769/2370 1138/6606/2860 1170/7177/3111
f 176/7074/3095 185/7072/3093 177/7178/3023
f 1318/6789/2968 1355/6698/2930 1330/7179/3132
f 433/7180/3133 434/7181/3133 422/7182/3133
f 1325/7076/3097 1304/6658/2819 1339/7183/3134
f 412/6809/2969 418/6953/3042 419/6952/3041
f 474/6106/2678 203/7184/3129 496/7018/3067
f 429/7089/3075 436/7185/3135 428/7186/3036
f 206/7102/3104 435/7187/3136 431/7103/2917
f 1318/7188/3137 1330/7189/3137 1329/7190/3137
f 1327/6612/2882 1319/6872/2985 1328/7191/3109
f 477/6383/2799 486/6759/2955 497/7144/3120
f 177/7192/3023 172/6311/2748 173/7075/3096
f 1138/6606/2860 1158/7193/3138 1170/7177/3111
f 2355/7194/3139 2358/6898/3017 2357/6897/3016
f 428/6941/3036 436/7195/3135 425/6961/2965
f 1756/6589/2890 1711/6868/3005 1718/7196/3140
f 1755/7197/2944 1756/7198/2890 1713/7199/3141
f 1324/7068/3022 1356/7070/2761 1342/7200/3142
f 489/6800/2975 488/6797/2973 497/7144/3120
f 499/7201/3143 419/7202/3041 489/7203/2975
f 1166/6996/3059 1145/6995/2998 1159/7204/3144
f 1139/6363/2791 1170/7205/3111 1150/7016/3066
f 442/7206/3145 441/7207/3145 413/7208/3145
f 497/7144/3120 498/7209/3146 489/6800/2975
f 489/6800/2975 498/7209/3146 499/7210/3143
f 2359/7211/3147 2033/7212/3147 2385/7213/3147
f 2578/7214/2926 2558/7215/2895 2571/7216/3148
f 2970/7042/3079 2969/6944/3037 2974/7217/3149
f 1147/6964/3047 1160/7218/3053 1153/6593/2892
f 1134/7031/2870 1157/7131/3114 1193/7219/3150
f 414/7101/3007 444/7220/3086 206/7102/3104
f 437/7221/3151 432/7222/3152 442/7223/3152
f 1145/6995/2998 1134/7224/2870 1159/7204/3144
f 2042/7225/3153 2031/7013/2964 2043/7226/3154
f 2119/7227/3155 2115/7020/2995 2120/7228/3156
f 1356/7070/2761 509/7229/3058 1342/7200/3142
f 1768/7230/3157 1161/7231/3157 1763/7232/3157
f 2572/7233/3158 2558/7234/2895 2570/7235/3063
f 413/7091/2988 436/7185/3135 429/7089/3075
f 182/7236/3159 185/7072/3093 180/7071/3092
f 1148/7092/3060 438/7237/3160 1142/7093/2980
f 2359/7238/3161 2385/7239/3162 2358/7240/3017
f 3024/7062/3089 3060/3544/1591 2936/3329/1497
f 2042/7225/3153 2043/7226/3154 2053/7241/3163
f 2044/7242/3164 2038/7106/3085 2041/7105/3006
f 1314/6325/2772 1270/7243/3057 1156/6495/2850
f 524/6931/2847 500/7244/3165 525/6993/2939
f 1329/6930/3031 500/7244/3165 524/6931/2847
f 2799/7245/3166 2806/7246/3166 2804/7247/3166
f 1137/6600/2856 1164/7248/3113 1147/6964/3047
f 2576/7249/3070 2565/7116/3088 2904/7118/3108
f 1355/6841/2930 1311/6840/2878 1328/7121/3109
f 2579/7250/3167 2656/7251/3167 2355/7252/3167
f 2911/7253/3168 2907/7254/3169 2905/7255/3170
f 1142/7093/2980 438/7237/3160 427/7256/3171
f 427/7256/3171 439/7257/3172 440/7258/3173
f 492/6827/2990 440/6939/3034 508/7259/3174
f 442/7223/3152 432/7222/3152 441/7260/3175
f 178/7261/3176 186/7262/3176 183/7263/3176
f 2970/7042/3079 2974/7217/3149 2972/7264/3069
f 162/6917/2737 177/6916/3023 179/7265/3177
f 180/7266/3092 181/7267/3178 182/7268/3159
f 496/7018/3067 498/7209/3146 497/7144/3120
f 499/7210/3143 498/7209/3146 447/7269/3179
f 413/7091/2988 425/7270/2965 436/7185/3135
f 499/6873/2924 443/7271/3180 406/6643/2910
f 494/6878/3008 1334/7272/2950 1323/7122/3045
f 1755/7197/2944 1713/7199/3141 1754/7273/3020
f 2558/7274/3181 2572/7275/3181 2575/7276/3181
f 183/7277/3182 176/7074/3095 184/7278/3183
f 486/6759/2955 496/7018/3067 497/7144/3120
f 1712/7067/3091 1708/7066/2935 1715/7279/3184
f 1712/7067/3091 1726/7280/3185 1711/6901/3018
f 1319/6819/2985 1192/5688/2502 1331/7281/3186
f 508/7259/3174 485/6743/2948 492/6827/2990
f 2036/6985/3055 2054/7282/3187 2041/6870/3006
f 2045/7283/3188 2046/7284/3188 2040/7285/3188
f 2795/7286/2817 2466/7287/3039 2585/7288/3003
f 1146/7084/3046 1170/7205/3111 1139/6363/2791
f 430/7289/3189 437/7290/3189 442/7291/3189
f 1726/7280/3185 1714/7292/3190 1711/6901/3018
f 2041/6870/3006 2054/7282/3187 2052/7293/3191
f 406/7056/2910 443/7294/3180 444/7054/3086
f 2573/7295/2822 2578/7296/2926 2577/7297/3192
f 2031/7013/2964 2042/7225/3153 2036/7014/3055
f 2960/7298/2751 2951/7299/2722 2973/7300/3193
f 2029/6657/2907 2028/6656/2914 2049/7301/3194
f 2802/7079/3098 2801/7078/2942 2805/7302/3195
f 2045/7303/3196 2038/7304/3196 2046/7305/3196
f 2053/7306/3197 2043/7307/3197 2035/7308/3197
f 501/7309/3198 1334/7310/3198 494/7311/3198
f 505/7312/2976 480/6572/2884 525/6715/2939
f 201/6921/3026 374/6846/2572 426/7313/3199
f 1149/7088/3064 1153/7087/2892 1161/7314/3200
f 2574/7315/3201 2572/7233/3158 2570/7235/3063
f 2039/7316/2837 2047/7317/3202 2048/7318/3123
f 2969/7319/3037 2962/7174/2912 3054/7176/3131
f 1151/6570/2792 1150/7320/3066 1152/7047/3082
f 1321/6728/2794 1339/7183/3134 1304/6658/2819
f 2121/7321/3203 2124/7322/3203 2122/7323/3203
f 175/7113/3106 162/6917/2737 179/7265/3177
f 177/7324/3023 185/7325/3093 179/7326/3177
f 1342/7200/3142 1332/7327/3204 1324/7068/3022
f 2974/7328/3149 2969/7319/3037 3054/7176/3131
f 1156/6495/2850 1270/7243/3057 1157/7329/3205
f 1333/7330/3206 1322/6913/2993 1324/6914/3022
f 2115/7020/2995 2134/7331/3207 2120/7228/3156
f 2033/6864/3004 2037/7044/3081 2027/6637/2909
f 2126/7332/3208 2118/7142/3118 2114/6860/3002
f 1333/7333/3206 1324/7068/3022 1332/7327/3204
f 1149/7011/3064 1161/7334/3200 1160/6981/3053
f 419/6952/3041 434/7335/3084 412/6809/2969
f 1153/6593/2892 1160/7218/3053 1161/7336/3200
f 2123/7337/3119 2125/7338/3209 2121/7339/3210
f 2121/7339/3210 2125/7338/3209 2124/7340/3211
f 176/7074/3095 177/7178/3023 184/7278/3183
f 2911/7253/3168 2906/7341/3212 2907/7254/3169
f 440/7342/3213 502/7343/3213 508/7344/3213
f 2568/6935/3032 2595/7345/3214 2554/6933/2752
f 2905/7346/3170 2907/7347/3169 2908/7348/3215
f 2804/7349/3216 2996/7350/3073 2797/7351/2848
f 2040/7083/3100 2047/7352/3202 2039/7081/2837
f 1131/6434/2826 1162/7353/3217 1138/6515/2860
f 2114/6860/3002 2127/6862/2971 2126/7332/3208
f 503/7354/3218 494/6878/3008 485/6965/2948
f 499/7201/3143 422/7355/3219 419/7202/3041
f 2804/7356/3216 2806/7357/3220 2811/7358/3221
f 503/7354/3218 485/6965/2948 508/7359/3174
f 185/7360/3093 182/7361/3159 215/7362/3222
f 2037/7044/3081 2033/6864/3004 2359/7363/3223
f 2038/7364/3085 2044/7365/3164 2051/7366/3224
f 2038/7364/3085 2051/7366/3224 2046/7367/3225
f 1711/7368/3226 1714/7369/3226 1718/7370/3226
f 438/7237/3160 439/7257/3172 427/7256/3171
f 440/7371/3173 439/7372/3172 450/7373/3227
f 2575/7374/3228 2571/7216/3148 2558/7215/2895
f 2904/7375/3108 2580/7376/3229 2576/7377/3070
f 447/7269/3179 498/7209/3146 496/7018/3067
f 444/7378/3086 443/7379/3180 445/7380/3230
f 1138/6515/2860 1162/7353/3217 1158/7381/3138
f 419/7202/3041 422/7355/3219 434/7382/3084
f 2972/7021/3069 3056/7383/3231 3052/5989/2629
f 1754/7025/3020 1721/7384/3232 1707/6700/2931
f 1154/7098/3103 1134/7148/2870 1193/7385/3150
f 1169/7386/2898 1159/7204/3144 1134/7224/2870
f 211/6849/2997 204/7387/3233 200/6847/2994
f 1328/7121/3109 1330/7388/3132 1355/6841/2930
f 2909/7389/2547 2889/6365/2148 2927/7390/3234
f 2897/6508/2857 2916/7391/3235 2902/6559/2880
f 198/7392/3236 180/7393/3092 186/7394/3094
f 2910/6744/2949 2909/6052/2547 2927/7395/3234
f 1334/7396/3237 501/7397/3237 1357/7398/3237
f 1131/6434/2826 1130/6407/2811 1162/7353/3217
f 3054/7399/3131 2960/7400/2751 2973/7300/3193
f 1325/6982/3054 1769/7401/3238 1765/6912/2843
f 2554/7402/2752 2595/7403/3214 2560/7404/2972
f 496/7018/3067 203/7184/3129 447/7269/3179
f 181/7267/3178 187/7405/3239 182/7268/3159
f 1162/7353/3217 1130/6407/2811 1770/7003/3061
f 185/7325/3093 188/7406/3240 179/7326/3177
f 499/7407/3241 447/7408/3241 443/7409/3241
f 2656/7410/3242 2597/7411/3243 2355/7194/3139
f 2029/6717/2907 2056/7412/3244 2035/6888/3011
f 1777/6940/3035 1715/7413/3184 1708/6778/2935
f 2577/7414/3192 2578/7415/2926 2571/7216/3148
f 1713/7199/3141 1756/7198/2890 1722/7416/3245
f 1716/7417/3246 1715/7413/3184 1777/6940/3035
f 2025/6850/2865 1717/7418/3247 1777/6940/3035
f 2917/7419/3248 2904/7420/3101 2903/7421/3029
f 444/7220/3086 445/7422/3230 446/7423/3249
f 2049/7424/3194 2028/6656/2914 2037/7044/3081
f 1328/7121/3109 1349/7425/3250 1330/7388/3132
f 2122/7426/3000 2124/7427/3211 2125/7428/3209
f 504/7429/3251 1329/6930/3031 1330/7430/3132
f 213/7431/3252 204/7432/3252 211/7433/3252
f 186/7434/3094 178/7435/3253 3/7436/3254
f 505/7437/2976 525/6993/2939 500/7244/3165
f 2579/7438/2996 2560/7439/2972 2602/7440/3255
f 2910/7441/2949 2906/7442/3212 2911/7443/3168
f 1322/6913/2993 1351/7444/3256 1321/6728/2794
f 2912/7445/3257 2580/7446/3257 2904/7447/3257
f 1724/7448/3258 1712/7067/3091 1715/7279/3184
f 1340/7449/3259 1328/7191/3109 1319/6872/2985
f 452/7450/3260 438/7237/3160 1148/7092/3060
f 2996/7451/3073 2801/6724/2942 2798/6726/2911
f 2577/7414/3192 2571/7216/3148 2581/7452/3261
f 2904/7453/3101 2913/7454/3262 2912/7455/3263
f 1331/7456/3186 1192/7457/2502 1154/7458/3103
f 2802/7079/3098 2809/7459/3264 2803/7170/3068
f 2981/7460/3265 2974/7328/3149 3054/7176/3131
f 203/7461/3129 200/6847/2994 204/7387/3233
f 2914/6937/3033 2902/6936/2880 2916/7462/3235
f 2951/7299/2722 2967/7463/3025 2973/7300/3193
f 1340/7464/3259 1331/7456/3186 1154/7458/3103
f 2570/7465/3063 2580/7376/3229 2589/7466/3266
f 490/6991/2922 505/7467/2976 506/7468/3267
f 502/7469/3268 507/7470/3269 508/7471/3174
f 2904/7453/3101 2917/7472/3248 2913/7454/3262
f 1154/7458/3103 1193/7473/3150 1340/7464/3259
f 1159/7204/3144 1163/7474/3270 1166/6996/3059
f 1193/7475/3271 1157/7476/3271 1194/7477/3271
f 1319/6872/2985 1331/7478/3186 1340/7449/3259
f 2115/7020/2995 1765/6480/2843 1769/7479/3238
f 175/7113/3106 212/7480/3272 211/7481/3273
f 506/7468/3267 509/6990/3058 490/6991/2922
f 2584/7482/3274 2580/7483/3229 2912/7484/3263
f 2812/7485/3275 2996/7350/3073 2804/7349/3216
f 2123/7337/3119 2130/7486/3276 2125/7338/3209
f 1160/7218/3053 1147/6964/3047 1164/7487/3113
f 448/7488/3277 447/7269/3179 203/7184/3129
f 1335/7489/3278 1336/7490/3279 1337/7491/3280
f 184/7492/3183 209/7493/3281 183/7494/3182
f 1148/7495/3282 1166/7496/3282 452/7497/3282
f 2126/7498/3283 2127/7499/3283 2120/7500/3283
f 2573/7295/2822 2577/7297/3192 2568/7501/3032
f 2466/6948/3039 2468/6983/2967 2469/7502/3048
f 1718/7503/3140 1714/7504/3284 1722/7416/3245
f 1722/7416/3245 1756/7198/2890 1718/7503/3140
f 1766/7505/3285 1709/7506/3285 1770/7507/3285
f 450/7373/3227 502/7469/3268 440/7371/3173
f 184/7508/3286 173/7509/3286 209/7510/3286
f 506/7511/3267 1342/7512/3142 509/7513/3058
f 182/7268/3159 187/7405/3239 189/7514/3287
f 175/7113/3106 179/7265/3177 188/7515/3240
f 1728/7516/3288 1719/7517/3288 1716/7518/3288
f 2806/7519/3289 2808/7520/3289 2811/7521/3289
f 2917/7419/3248 2903/7421/3029 2914/7522/3033
f 500/7244/3165 1329/6930/3031 504/7429/3251
f 2134/7523/3207 2131/7524/3290 2120/7525/3156
f 1330/7388/3132 1349/7425/3250 504/7526/3251
f 1157/7527/3291 1270/7528/3291 1194/7529/3291
f 3023/7530/3292 2952/7531/2781 3053/7532/3024
f 1321/6728/2794 1351/7444/3256 1339/7183/3134
f 2193/7533/3293 2122/7534/3000 2135/7535/3294
f 2046/7536/3225 2050/7537/3295 2040/7083/3100
f 2358/6898/3017 2355/7194/3139 2597/7411/3243
f 1339/7538/3296 1335/7539/3296 1325/7540/3296
f 1339/7541/3297 1336/7490/3298 1335/7489/3299
f 2804/7356/3216 2811/7358/3221 2812/7542/3275
f 2975/7543/3300 2967/6920/3025 2803/7119/3068
f 2802/7079/3098 2805/7302/3195 2807/7544/3301
f 2656/7545/3302 2579/7438/2996 2602/7440/3255
f 1270/6989/3057 1315/6714/2938 1334/6746/2950
f 2046/7546/3225 2051/7547/3224 2094/7548/3303
f 1338/7549/3304 1351/7444/3256 1322/6913/2993
f 2576/7377/3070 2580/7376/3229 2570/7465/3063
f 183/7494/3182 209/7493/3281 178/7550/3253
f 2656/7551/3305 2592/7552/3305 2597/7553/3305
f 1338/7549/3304 1322/6913/2993 1333/7330/3206
f 2577/7554/3192 2581/7555/3261 2582/7556/3306
f 2896/6199/2718 2927/7390/3234 2889/6365/2148
f 2806/7024/3072 2585/6863/3003 2810/7557/3307
f 2041/7105/3006 2052/7558/3191 2070/7559/3308
f 443/7379/3180 447/7560/3179 445/7380/3230
f 445/7380/3230 447/7560/3179 448/7561/3277
f 2915/7562/3309 2906/7442/3212 2910/7441/2949
f 2597/7411/3243 2360/7563/3310 2358/6898/3017
f 2044/7242/3164 2041/7105/3006 2070/7559/3308
f 1343/7564/3311 1342/7512/3142 506/7511/3267
f 2803/7565/3312 2810/7566/3312 2975/7567/3312
f 2583/7568/3313 2584/7569/3274 2912/7570/3263
f 2128/7571/3314 2134/7331/3207 2115/7020/2995
f 2908/7348/3215 2907/7347/3169 2915/7572/3309
f 2996/7573/3073 2805/7302/3195 2801/7078/2942
f 212/7480/3272 175/7113/3106 188/7515/3240
f 1336/7574/3315 1339/7575/3315 1344/7576/3315
f 2589/7577/3316 2588/7578/3316 2570/7579/3316
f 2120/7525/3156 2131/7524/3290 2126/7580/3317
f 1720/7581/3318 1721/7582/3232 1754/7273/3020
f 500/7244/3165 510/7583/3319 505/7437/2976
f 2984/7584/3320 2964/6975/2925 2976/7585/3321
f 452/7450/3260 439/7257/3172 438/7237/3160
f 502/7469/3268 450/7373/3227 507/7470/3269
f 2053/7586/3163 2035/6888/3011 2056/7412/3244
f 2915/7587/3322 2907/7588/3322 2906/7589/3322
f 1770/7003/3061 1772/7590/3323 1162/7353/3217
f 494/7591/3008 1350/7592/3324 501/7593/3325
f 2560/7404/2972 2595/7403/3214 2602/7594/3255
f 2094/7595/3303 2050/7537/3295 2046/7536/3225
f 2974/7328/3149 2981/7460/3265 2972/7596/3069
f 2809/7459/3264 2802/7079/3098 2807/7544/3301
f 2054/7597/3187 2036/7014/3055 2068/7598/3326
f 1152/7599/3082 1193/7600/3150 1169/7601/3327
f 1357/7602/3328 1270/6989/3057 1334/6746/2950
f 2577/7554/3192 2582/7556/3306 2604/7603/3329
f 2359/7238/3161 2358/7240/3017 2360/7563/3310
f 1152/7604/3330 1159/7204/3144 1169/7386/2898
f 2469/7605/3331 2129/7606/3331 2466/7607/3331
f 2808/7608/3332 2806/7609/3332 2810/7610/3332
f 209/7493/3281 1/7611/3333 178/7550/3253
f 2585/7612/3003 2361/7613/3334 2810/7614/3307
f 1335/7615/3335 1773/7616/3335 1325/7617/3335
f 1344/7618/3336 1335/7619/3336 1336/7620/3336
f 2809/7621/3337 2810/7622/3337 2803/7623/3337
f 206/7102/3104 444/7220/3086 446/7423/3249
f 2055/7624/3338 2057/7625/3339 2053/7586/3163
f 1721/7626/3232 1772/7627/3323 1707/7628/2931
f 510/7629/3319 500/7244/3165 504/7429/3251
f 2129/7630/3340 2469/7631/3048 2122/7534/3000
f 2056/7632/3244 2029/6657/2907 2049/7301/3194
f 2068/7598/3326 2036/7014/3055 2042/7225/3153
f 2118/7633/3118 2139/7634/3341 2123/7337/3119
f 2126/7332/3208 2139/7635/3341 2118/7142/3118
f 1776/7636/3342 1728/7637/3342 1716/7638/3342
f 2586/7639/3343 2584/7569/3274 2583/7568/3313
f 2967/7463/3025 2977/7640/3344 2973/7300/3193
f 2572/7233/3158 2574/7315/3201 2575/7641/3228
f 2577/7297/3192 2604/7642/3329 2568/7501/3032
f 1722/7416/3245 1738/7643/3345 1713/7199/3141
f 1754/7273/3020 1713/7199/3141 1738/7643/3345
f 1773/7644/3346 1335/7645/3346 1344/7646/3346
f 1181/7647/3347 1193/7648/3348 1194/7649/3349
f 189/7650/3287 187/7405/3239 214/7651/3350
f 185/7325/3093 215/7652/3222 188/7406/3240
f 1769/7479/3238 2128/7571/3314 2115/7020/2995
f 182/7361/3159 189/7653/3287 215/7362/3222
f 2122/7534/3000 2125/7654/3209 2135/7535/3294
f 3052/6977/2629 2976/7585/3321 2964/6975/2925
f 2047/7352/3202 2040/7083/3100 2050/7537/3295
f 1770/7655/3061 1709/7656/2974 1772/7627/3323
f 1175/7657/3351 1728/7658/3351 1182/7659/3351
f 1333/7330/3206 1347/7660/3352 1338/7549/3304
f 1163/7661/3270 1165/7662/3353 1166/7663/3059
f 508/7664/3174 507/7665/3269 503/7354/3218
f 503/7354/3218 1350/7666/3324 494/6878/3008
f 1714/7667/3354 1726/7668/3354 1722/7669/3354
f 452/7670/3355 1166/7671/3355 1165/7672/3355
f 202/6922/3027 209/7673/3281 173/7165/3096
f 2568/7674/3356 2606/7675/3356 2595/7676/3356
f 1212/7677/3357 1328/7678/3109 1340/7679/3259
f 2057/7680/3339 2055/7681/3338 2063/7682/3358
f 1170/7205/3111 1180/7683/3359 1150/7016/3066
f 2130/7684/3276 2136/7685/3360 2125/7686/3209
f 2973/7300/3193 2977/7640/3344 3054/7399/3131
f 2123/7337/3119 2139/7634/3341 2130/7486/3276
f 1171/7687/3361 1167/7688/3362 1168/7689/3363
f 3024/7062/3089 2952/6342/2781 3023/7690/3292
f 2574/7691/3201 2570/7692/3063 2587/7693/3364
f 180/7694/3092 190/7695/3365 181/7267/3178
f 439/7257/3172 452/7450/3260 449/7696/3366
f 2025/7697/2865 2059/7698/3367 1717/7699/3247
f 1152/7047/3082 1150/7320/3066 1180/7700/3359
f 2580/7376/3229 2591/7701/3368 2589/7466/3266
f 2584/7482/3274 2591/7702/3368 2580/7483/3229
f 1193/7703/3369 1181/7704/3369 1169/7705/3369
f 1771/7706/3370 1182/7707/3370 1728/7708/3370
f 2062/7709/3371 2064/7710/3372 2050/7711/3295
f 505/7437/2976 510/7583/3319 506/7712/3267
f 1716/7417/3246 1777/6940/3035 1776/7713/3373
f 1167/7688/3362 1171/7687/3361 1170/7714/3111
f 2591/7715/3368 2588/7716/3374 2589/7717/3266
f 1171/7687/3361 1168/7689/3363 1179/7718/3375
f 2058/7719/3376 2094/7548/3303 2051/7547/3224
f 2048/7152/3123 2059/7720/3367 2025/6521/2865
f 2585/7288/3003 2466/7287/3039 2361/7721/3334
f 1170/7177/3111 1158/7193/3138 1177/7722/3377
f 2978/7723/3378 2912/7724/3263 2913/7725/3262
f 2914/7522/3033 2916/7726/3235 2917/7419/3248
f 1709/7656/2974 1707/7628/2931 1772/7627/3323
f 2131/7727/3379 2134/7728/3379 2133/7729/3379
f 2811/7730/3380 2808/7731/3380 2812/7732/3380
f 203/7461/3129 204/7387/3233 448/7733/3277
f 2063/7682/3358 2060/7734/3381 2057/7680/3339
f 1723/7735/3382 1777/6940/3035 1717/7418/3247
f 1171/7736/3383 1180/7737/3383 1170/7738/3383
f 2913/7454/3262 2917/7472/3248 2982/7739/3384
f 445/7422/3230 448/7740/3277 446/7423/3249
f 2595/7403/3214 2590/7741/3385 2602/7594/3255
f 1726/7280/3185 1712/7067/3091 1724/7742/3258
f 1715/7279/3184 1716/7743/3246 1730/7744/3386
f 1357/7745/3328 501/7593/3325 1350/7592/3324
f 2808/7746/3387 2810/7747/3388 2809/7748/3264
f 1772/7749/3323 1721/7750/3232 1731/7751/3389
f 215/7652/3222 212/7752/3272 188/7406/3240
f 2964/6975/2925 2984/7584/3320 3053/7753/3024
f 2053/7586/3163 2056/7412/3244 2055/7624/3338
f 2053/7754/3163 2061/7755/3390 2042/7756/3153
f 2360/7563/3310 2386/7757/3391 2359/7238/3161
f 2584/7758/3274 2586/7759/3343 2591/7760/3368
f 2656/7545/3302 2602/7440/3255 2592/7761/3392
f 2136/7685/3360 2135/7762/3294 2125/7686/3209
f 2122/7534/3000 2193/7533/3293 2129/7630/3340
f 198/7763/3236 190/7695/3365 180/7694/3092
f 1270/7764/3057 1348/7765/3393 1194/7649/3349
f 2594/7766/3394 2597/7767/3394 2592/7768/3394
f 1333/7333/3206 1341/7769/3395 1347/7770/3352
f 1720/7581/3318 1754/7273/3020 1738/7643/3345
f 503/7354/3218 507/7665/3269 1350/7666/3324
f 181/7267/3178 190/7695/3365 187/7405/3239
f 450/7373/3227 511/7771/3396 507/7470/3269
f 2049/7424/3194 2037/7044/3081 2365/7772/3397
f 2133/7773/3398 2136/7774/3398 2131/7775/3398
f 2917/7776/3248 2916/7777/3235 2983/7778/3399
f 2094/7595/3303 2062/7779/3371 2050/7537/3295
f 1773/7780/3400 1774/7781/3401 1325/6982/3054
f 2809/7748/3264 2807/7782/3301 2808/7746/3387
f 2592/7783/3392 2593/7784/3402 2594/7785/3403
f 1341/7769/3395 1333/7333/3206 1332/7327/3204
f 504/7526/3251 1349/7425/3250 1345/7786/3404
f 178/7787/3253 1/7788/3333 2/7789/3405
f 1170/7714/3111 1172/7790/3406 1167/7688/3362
f 1152/7604/3330 1173/7791/3407 1159/7204/3144
f 198/7392/3236 191/7792/3408 192/7793/3409
f 205/7794/3410 426/7313/3199 435/7795/3136
f 1771/7796/3411 1728/7797/3411 1776/7798/3411
f 2588/7716/3374 2587/7693/3364 2570/7692/3063
f 2361/7613/3334 2975/7799/3412 2810/7614/3307
f 435/7795/3136 206/7800/3104 205/7794/3410
f 2967/7463/3025 2995/7801/3413 2977/7640/3344
f 2978/7723/3378 2583/7802/3313 2912/7724/3263
f 2066/7803/3414 2048/7318/3123 2047/7317/3202
f 1332/7327/3204 1342/7804/3142 1343/7805/3311
f 186/7434/3094 3/7436/3254 191/7806/3408
f 1343/7805/3311 1341/7769/3395 1332/7327/3204
f 2132/7807/3415 2131/7808/3290 2136/7809/3360
f 2917/7776/3248 2983/7778/3399 2982/7810/3384
f 2588/7716/3374 2591/7715/3368 2598/7811/3416
f 2568/7812/3417 2604/7813/3417 2606/7814/3417
f 2360/7563/3310 2362/7815/3418 2386/7757/3391
f 1170/7714/3111 1174/7816/3419 1172/7790/3406
f 2057/7817/3339 2061/7755/3390 2053/7754/3163
f 2606/7818/3420 2590/7819/3420 2595/7820/3420
f 2131/7808/3290 2132/7807/3415 2126/7821/3317
f 1715/7279/3184 1730/7744/3386 1733/7822/3421
f 1721/7582/3232 1720/7581/3318 1731/7823/3389
f 1170/7177/3111 1177/7722/3377 1174/7824/3419
f 198/7392/3236 186/7394/3094 191/7792/3408
f 2064/7710/3372 2047/7825/3202 2050/7711/3295
f 215/7826/3222 189/7827/3287 217/7828/3422
f 1195/7829/3423 1344/7830/3424 1196/7831/3425
f 504/7429/3251 1345/7832/3404 510/7629/3319
f 2133/7833/3426 2134/7834/3207 2135/7835/3294
f 1175/7836/3427 1182/7837/3427 1178/7838/3427
f 2978/7839/3378 2586/7759/3343 2583/7840/3313
f 2060/7841/3428 2063/7842/3428 2055/7843/3428
f 1175/7844/3429 1183/7845/3430 1728/7846/3431
f 2979/7847/3432 3054/7848/3131 2980/7849/3433
f 1152/7047/3082 1180/7700/3359 1176/7850/3434
f 1162/7353/3217 1772/7590/3323 1177/7851/3377
f 1193/7600/3150 1152/7599/3082 1176/7852/3434
f 2981/7853/3265 3054/7848/3131 2979/7847/3432
f 1158/7381/3138 1162/7353/3217 1177/7851/3377
f 1725/7854/3435 1724/7855/3258 1735/7856/3436
f 2575/7641/3228 2574/7315/3201 2596/7857/3437
f 178/7787/3253 24/7858/3438 3/7859/3254
f 1194/7649/3349 1348/7765/3393 1181/7647/3347
f 2051/7366/3224 2044/7365/3164 2070/7860/3308
f 2064/7861/3439 2062/7862/3439 2047/7863/3439
f 1727/7864/3440 1738/7643/3345 1722/7416/3245
f 1724/7865/3441 1733/7866/3441 1735/7867/3441
f 1339/7868/3134 1234/7869/3442 1344/7870/3424
f 1152/7871/3443 1169/7872/3443 1181/7873/3443
f 1159/7204/3144 1173/7791/3407 1163/7474/3270
f 439/7257/3172 454/7874/3444 450/7875/3227
f 446/7876/3249 207/7877/3445 206/7878/3104
f 2/7789/3405 24/7858/3438 178/7787/3253
f 2136/7879/3360 2133/7833/3426 2135/7835/3294
f 1179/7718/3375 1180/7880/3446 1171/7687/3361
f 1345/7881/3447 1349/7882/3447 1346/7883/3447
f 2594/7785/3403 2617/7884/3448 2597/7885/3243
f 201/6921/3026 208/7886/3449 202/6922/3027
f 1725/7887/3435 1726/7888/3185 1724/7889/3258
f 1168/7890/3450 1167/7891/3450 1172/7892/3450
f 1172/7893/3451 1179/7894/3375 1168/7895/3363
f 208/7886/3449 209/7673/3281 202/6922/3027
f 1724/7448/3258 1715/7279/3184 1733/7822/3421
f 1769/7401/3238 1325/6982/3054 1774/7781/3401
f 510/7583/3319 512/7896/3452 506/7712/3267
f 2598/7897/3453 2591/7898/3453 2604/7899/3453
f 1346/7900/3454 1349/7901/3250 1347/7902/3352
f 2058/7719/3376 2060/7734/3381 2094/7548/3303
f 2602/7594/3255 2590/7741/3385 2599/7903/3455
f 1773/7904/3400 1344/7830/3424 1195/7829/3423
f 2096/7905/3456 2060/7906/3381 2055/7624/3338
f 192/7907/3409 190/7908/3365 198/7909/3236
f 208/7910/3449 1/7911/3333 209/7912/3281
f 1348/7913/3393 1270/6989/3057 1357/7602/3328
f 1199/7914/3457 1340/7915/3259 1193/7916/3150
f 1349/7917/3250 1328/7678/3109 1212/7677/3357
f 454/7874/3444 439/7257/3172 449/7696/3366
f 2598/7811/3416 2604/7918/3329 2582/7919/3306
f 2062/7920/3371 2094/7921/3303 2095/7922/3458
f 2365/7772/3397 2037/7044/3081 2359/7363/3223
f 1722/7923/3459 1726/7924/3459 1727/7925/3459
f 2132/7807/3415 2136/7809/3360 2126/7926/3317
f 506/7712/3267 513/7927/3460 1343/7928/3311
f 1165/7929/3353 451/7930/3461 452/7931/3260
f 448/7932/3277 207/7877/3445 446/7876/3249
f 193/7933/3462 212/7752/3272 215/7652/3222
f 2975/7543/3300 2995/7934/3413 2967/6920/3025
f 1183/7845/3430 1175/7844/3429 1178/7935/3463
f 2913/7936/3464 2982/7937/3464 2983/7938/3464
f 2134/7331/3207 2128/7571/3314 2137/7939/3465
f 217/7828/3422 189/7827/3287 210/7940/3466
f 2600/7941/3467 2587/7693/3364 2588/7716/3374
f 512/7896/3452 513/7927/3460 506/7712/3267
f 1347/7660/3352 1352/7942/3468 1338/7549/3304
f 1341/7769/3395 1346/7900/3454 1347/7902/3352
f 2065/7943/3469 2048/7944/3123 2066/7945/3414
f 2056/7412/3244 2096/7905/3456 2055/7624/3338
f 1234/7946/3442 1339/7183/3134 1351/7444/3256
f 1182/7947/3470 1775/7948/3470 1197/7949/3470
f 2602/7440/3255 2601/7950/3471 2592/7761/3392
f 2067/7951/3472 2051/7366/3224 2070/7860/3308
f 1179/7952/3473 1201/7953/3473 1180/7954/3473
f 1212/7955/3357 1347/7956/3352 1349/7957/3250
f 211/7958/3273 212/7959/3272 213/7960/3474
f 1346/7961/3475 510/7962/3475 1345/7963/3475
f 1193/7916/3150 1176/7964/3434 1199/7914/3457
f 2059/7965/3367 2048/7944/3123 2065/7943/3469
f 1341/7769/3395 1343/7805/3311 513/7966/3460
f 2057/7680/3339 2060/7734/3381 2061/7967/3390
f 2134/7331/3207 2137/7939/3465 2135/7535/3294
f 510/7583/3319 1346/7968/3454 512/7896/3452
f 2126/7969/3317 2136/7685/3360 2130/7684/3276
f 196/7970/3476 190/7908/3365 192/7907/3409
f 1338/7549/3304 1352/7942/3468 1351/7444/3256
f 450/7373/3227 454/7971/3444 511/7771/3396
f 2593/7784/3402 2617/7884/3448 2594/7785/3403
f 2913/7725/3262 2983/7972/3399 2978/7723/3378
f 1771/7973/3477 1775/7974/3478 1182/7975/3479
f 1181/7976/3347 1173/7791/3407 1152/7604/3330
f 2601/7977/3480 2602/7978/3480 2599/7979/3480
f 2068/7980/3326 2042/7756/3153 2061/7755/3390
f 189/7981/3287 214/7982/3350 210/7983/3466
f 215/7984/3222 217/7985/3422 193/7986/3462
f 1716/7987/3481 1728/7988/3481 1730/7989/3481
f 2581/7555/3261 2603/7990/3482 2582/7556/3306
f 2604/7991/3483 2591/7760/3368 2586/7759/3343
f 1341/7769/3395 513/7966/3460 1346/7900/3454
f 1771/7973/3477 1776/7992/3373 1775/7974/3478
f 2058/7719/3376 2061/7967/3390 2060/7734/3381
f 2984/7993/3320 3023/7530/3292 3053/7532/3024
f 2142/7994/3484 2129/7995/3340 2193/7996/3293
f 7/7997/3485 4/7998/3486 5/7999/3487
f 2985/8000/3488 2976/7585/3321 3052/6977/2629
f 2996/8001/3489 2992/8002/3489 2805/8003/3489
f 1730/8004/3490 1743/8005/3490 1733/8006/3490
f 1179/7894/3375 1172/7893/3451 1201/8007/3491
f 192/7793/3409 191/7792/3408 8/8008/3492
f 2096/8009/3456 2056/7632/3244 2049/7301/3194
f 1723/8010/3382 1717/7699/3247 2059/7698/3367
f 2138/8011/3493 2135/7535/3294 2137/7939/3465
f 2363/8012/3494 2364/8013/3495 2386/8014/3391
f 1727/7864/3440 1725/8015/3435 1738/7643/3345
f 2139/8016/3496 2126/8017/3496 2130/8018/3496
f 2604/7991/3483 2607/8019/3497 2606/8020/3498
f 2359/8021/3499 2386/8022/3499 2365/8023/3499
f 2047/8024/3202 2062/7920/3371 2095/7922/3458
f 1772/7749/3323 1731/7751/3389 1184/8025/3500
f 1196/8026/3425 1344/7870/3424 1234/7869/3442
f 2571/7216/3148 2575/7374/3228 2581/7452/3261
f 1720/8027/3318 1738/8028/3345 1729/8029/3501
f 1184/8030/3502 1177/8031/3502 1772/8032/3502
f 3054/7848/3131 2986/8033/3503 2980/7849/3433
f 2140/8034/3504 2367/8035/3505 2129/7995/3340
f 2600/7941/3467 2588/7716/3374 2598/7811/3416
f 213/7960/3474 222/8036/3506 204/8037/3233
f 512/7896/3452 1346/7968/3454 513/7927/3460
f 2983/7778/3399 2916/7777/3235 2998/8038/3507
f 2992/8039/3508 2807/8040/3508 2805/8041/3508
f 2129/8042/3340 2613/8043/3509 2466/7287/3039
f 2364/8044/3495 2075/8045/3510 2386/8046/3391
f 1350/8047/3324 1236/8048/3511 1357/8049/3328
f 2587/7693/3364 2596/8050/3437 2574/7691/3201
f 2054/7597/3187 2068/7598/3326 2069/8051/3512
f 1726/7888/3185 1725/7887/3435 1727/8052/3440
f 1198/8053/3513 1181/7647/3347 1348/7765/3393
f 212/7959/3272 193/8054/3462 213/7960/3474
f 2141/8055/3514 2193/7533/3293 2135/7535/3294
f 1350/8056/3324 507/7470/3269 511/7771/3396
f 4/7998/3486 12/8057/3515 5/7999/3487
f 1183/8058/3516 1185/8059/3516 1728/8060/3516
f 1182/8061/3517 1197/8062/3517 1178/8063/3517
f 3055/8064/3518 3054/8065/3131 2977/7640/3344
f 1198/8066/3513 1348/8067/3393 1357/8049/3328
f 192/7907/3409 194/8068/3519 196/7970/3476
f 2060/8069/3381 2095/7922/3458 2094/7921/3303
f 6/8070/3520 7/8071/3485 5/8072/3487
f 2812/8073/3521 2808/7746/3387 2807/7782/3301
f 2598/7811/3416 2582/7919/3306 2603/7990/3482
f 2466/7287/3039 2613/8043/3509 2361/7721/3334
f 2897/6508/2857 2998/8074/3507 2916/7391/3235
f 2054/7282/3187 2069/8075/3512 2052/7293/3191
f 2070/8076/3522 2052/8077/3522 2071/8078/3522
f 5/8079/3523 12/8080/3523 16/8081/3523
f 192/7793/3409 8/8008/3492 9/8082/3524
f 2128/7571/3314 1769/7479/3238 1774/8083/3401
f 8/8084/3525 191/8085/3525 3/8086/3525
f 2590/8087/3526 2606/8088/3526 2599/8089/3526
f 1340/8090/3259 1222/8091/3527 1212/8092/3357
f 2597/7411/3243 2617/8093/3448 2387/8094/3528
f 1195/8095/3423 1774/8096/3401 1773/8097/3400
f 1351/8098/3529 1353/8099/3529 1234/8100/3529
f 192/7907/3409 9/8101/3524 194/8068/3519
f 1728/8102/3530 1185/8103/3530 1730/8104/3530
f 1197/8105/3531 1775/8106/3478 1778/8107/3532
f 1347/7956/3352 1212/7955/3357 1352/8108/3468
f 1730/8109/3533 1731/8110/3389 1720/8111/3318
f 3055/8064/3518 2977/7640/3344 2995/7801/3413
f 2061/7755/3390 2072/8112/3534 2068/7980/3326
f 1777/8113/3035 1778/8114/3532 1776/8115/3373
f 1730/8116/3535 1185/8117/3535 1731/8118/3535
f 2597/7411/3243 2387/8094/3528 2360/7563/3310
f 1730/8109/3533 1720/8111/3318 1729/8119/3501
f 449/8120/3366 452/7931/3260 453/8121/3536
f 206/7878/3104 207/7877/3445 205/8122/3410
f 1197/8105/3531 1778/8107/3532 1210/8123/3537
f 18/8124/3538 3/8125/3538 24/8126/3538
f 1206/8127/3539 1210/8123/3537 1778/8107/3532
f 1352/7942/3468 1353/8128/3540 1351/7444/3256
f 1178/7935/3463 1197/8129/3541 1183/7845/3430
f 1776/8115/3373 1778/8114/3532 1775/8130/3478
f 8/8131/3492 3/8132/3542 11/8133/3543
f 208/7910/3449 216/8134/3544 1/7911/3333
f 1183/8135/3545 1197/8136/3545 1185/8137/3545
f 2910/8138/2949 2927/8139/3234 2918/8140/3546
f 2365/8141/3547 2386/8046/3391 2075/8045/3510
f 2077/8142/3548 2364/8143/3548 2363/8144/3548
f 2095/7922/3458 2073/8145/3549 2047/8024/3202
f 1174/7816/3419 1189/8146/3550 1172/7790/3406
f 2052/7293/3191 2069/8075/3512 2071/8147/3551
f 1174/7824/3419 1177/7722/3377 1189/8148/3550
f 1222/8091/3527 1340/8090/3259 1199/8149/3457
f 2593/7784/3402 2592/7783/3392 2617/7884/3448
f 2980/7849/3433 2987/8150/3552 2979/7847/3432
f 2193/8151/3553 2147/8152/3553 2142/8153/3553
f 2051/7547/3224 2067/8154/3472 2058/7719/3376
f 1180/7700/3359 1201/8155/3491 1176/7850/3434
f 1199/8156/3457 1176/8157/3434 1201/8158/3491
f 194/8068/3519 195/8159/3554 196/7970/3476
f 16/8160/3555 6/8070/3520 5/8072/3487
f 1736/8161/3556 1732/8162/3557 1733/8163/3558
f 1198/8066/3513 1357/8049/3328 1236/8048/3511
f 2897/8164/2857 2908/7348/3215 2915/7572/3309
f 1184/8165/3559 1731/8166/3559 1185/8167/3559
f 2128/7571/3314 2138/8011/3493 2137/7939/3465
f 196/8168/3476 27/8169/3560 190/8170/3365
f 2135/7535/3294 2138/8011/3493 2141/8055/3514
f 2096/7905/3456 2095/8171/3458 2060/7906/3381
f 1201/8158/3491 1200/8172/3561 1199/8156/3457
f 9/8173/3524 8/8131/3492 11/8133/3543
f 2617/7884/3448 2592/7783/3392 2601/8174/3471
f 2068/7980/3326 2072/8112/3534 2069/8175/3512
f 190/7695/3365 197/8176/3562 187/7405/3239
f 2/8177/3405 1/8178/3333 216/8179/3544
f 2363/8012/3494 2386/8014/3391 2362/8180/3418
f 7/8071/3485 6/8070/3520 15/8181/3563
f 2978/7839/3378 2607/8019/3497 2586/7759/3343
f 1197/8182/3564 1184/8183/3564 1185/8184/3564
f 2604/7991/3483 2586/7759/3343 2607/8019/3497
f 2361/7613/3334 2605/8185/3565 2975/7799/3412
f 2363/8012/3494 2362/8180/3418 2366/8186/3566
f 2129/7995/3340 2142/7994/3484 2140/8034/3504
f 2074/8187/3567 2075/8188/3510 2364/8189/3495
f 1350/8190/3324 514/8191/3568 1236/8192/3511
f 1350/8056/3324 511/7771/3396 514/8191/3568
f 453/8121/3536 454/8193/3444 449/8120/3366
f 2365/8141/3547 2075/8045/3510 2078/8194/3569
f 2362/7815/3418 2360/7563/3310 2387/8094/3528
f 1774/8083/3401 2143/8195/3570 2128/7571/3314
f 2986/8033/3503 3054/7848/3131 3055/8196/3518
f 426/7313/3199 219/8197/3571 201/6921/3026
f 1186/8198/3572 1184/8199/3573 1197/8200/3531
f 2366/8201/3566 2077/8202/3574 2363/8203/3494
f 3052/5989/2629 3056/7383/3231 2985/8204/3488
f 1210/8205/3575 1206/8206/3575 1216/8207/3575
f 1163/7661/3270 1173/7791/3407 1187/8208/3576
f 2059/7965/3367 2065/7943/3469 1723/8209/3382
f 2365/7772/3397 2096/8210/3456 2049/7424/3194
f 2596/8050/3437 2587/7693/3364 2600/7941/3467
f 217/8211/3577 210/8212/3577 221/8213/3577
f 2972/7596/3069 2981/7460/3265 3021/8214/3578
f 1188/8215/3579 451/8216/3461 1165/7662/3353
f 2979/7847/3432 3021/8217/3578 2981/7853/3265
f 3/8132/3542 10/8218/3580 11/8133/3543
f 1778/8107/3532 1204/8219/3581 1206/8127/3539
f 453/8121/3536 452/7931/3260 451/7930/3461
f 2606/8220/3498 2607/8221/3497 2608/8222/3582
f 2915/7572/3309 2910/8138/2949 2918/8140/3546
f 2599/8223/3583 2606/8220/3498 2608/8222/3582
f 208/7886/3449 201/6921/3026 219/8197/3571
f 2141/8055/3514 2147/8224/3584 2193/7533/3293
f 2978/7723/3378 2999/8225/3585 2610/8226/3586
f 2609/8227/3587 2613/8228/3587 2361/8229/3587
f 2095/7922/3458 2076/8230/3588 2073/8145/3549
f 1172/8231/3451 1200/8232/3561 1201/8233/3491
f 2975/7543/3300 2611/8234/3589 2995/7934/3413
f 2066/7803/3414 2047/7317/3202 2073/8235/3549
f 1189/8236/3590 1205/8237/3590 1172/8238/3590
f 1189/8239/3591 1177/8240/3591 1186/8241/3591
f 1207/8242/3592 1213/8243/3593 1778/8244/3594
f 2596/8245/3437 2600/7941/3467 2598/7811/3416
f 2077/8246/3595 2074/8187/3567 2364/8189/3495
f 1733/8247/3596 1743/8248/3597 1741/8249/3598
f 208/7910/3449 218/8250/3599 216/8134/3544
f 1206/8127/3539 1204/8219/3581 1235/8251/3600
f 448/7932/3277 220/8252/3601 207/7877/3445
f 1730/8253/3602 1729/8254/3602 1734/8255/3602
f 2061/7967/3390 2058/7719/3376 2067/8256/3472
f 2988/8257/3603 2979/7847/3432 2987/8150/3552
f 1165/7662/3353 1163/7661/3270 1188/8215/3579
f 1200/8232/3561 1172/8231/3451 1202/8258/3604
f 2128/7571/3314 2143/8195/3570 2138/8011/3493
f 1733/8259/3558 1732/8260/3557 1735/8261/3436
f 1738/8028/3345 1740/8262/3605 1729/8029/3501
f 1210/8263/3537 1203/8264/3606 1197/8265/3531
f 2986/8033/3503 3002/8266/3607 2980/7849/3433
f 3055/8064/3518 2995/7801/3413 2994/8267/3608
f 2989/8268/3609 2990/8269/3610 2610/8270/3586
f 12/8271/3611 13/8272/3612 16/8273/3613
f 1186/8198/3572 1197/8200/3531 1189/8274/3614
f 197/8275/3562 190/8170/3365 27/8169/3560
f 2078/8276/3615 2083/8277/3615 2365/8278/3615
f 2367/8279/3505 2372/8280/3616 2129/8042/3340
f 2607/8019/3497 2978/7839/3378 2610/8281/3586
f 208/8282/3449 219/8283/3571 218/8284/3599
f 1184/8285/3617 1186/8286/3617 1177/8287/3617
f 1736/8288/3618 1733/8289/3618 1741/8290/3618
f 1216/8291/3619 1208/8292/3619 1210/8293/3619
f 511/7771/3396 454/7971/3444 515/8294/3620
f 213/7960/3474 193/8054/3462 222/8036/3506
f 4/7998/3486 40/8295/3621 12/8057/3515
f 196/7970/3476 195/8159/3554 27/8296/3560
f 2079/8297/3622 2065/7943/3469 2066/7945/3414
f 2142/7994/3484 2144/8298/3623 2140/8034/3504
f 11/8299/3624 23/8300/3624 9/8301/3624
f 2991/8302/3625 2610/8270/3586 2990/8269/3610
f 1228/8303/3626 1778/8114/3532 1777/8113/3035
f 16/8304/3555 15/8181/3563 6/8070/3520
f 1725/7854/3435 1735/7856/3436 1737/8305/3627
f 2807/8306/3628 2992/8307/3628 2812/8308/3628
f 2581/7555/3261 2575/8309/3228 2603/7990/3482
f 12/8310/3629 21/8311/3629 13/8312/3629
f 1206/8313/3630 1235/8314/3630 1224/8315/3630
f 220/8316/3601 448/8317/3277 204/8037/3233
f 1730/8318/3631 1734/8319/3631 1742/8320/3631
f 2993/8321/3632 2983/7972/3399 2998/8322/3507
f 2071/8323/3551 2069/8175/3512 2072/8112/3534
f 1732/8324/3633 1740/8325/3633 1738/8326/3633
f 1172/8327/3451 1205/8328/3634 1202/8329/3604
f 1212/8330/3357 1222/8331/3527 1217/8332/3635
f 1778/8333/3594 1781/8334/3636 1207/8335/3592
f 1235/8336/3600 1204/8337/3581 1220/8338/3637
f 1207/8339/3592 1204/8340/3581 1223/8341/3638
f 2073/8145/3549 2076/8230/3588 2145/8342/3639
f 1205/8343/3634 1189/8344/3614 1197/8265/3531
f 2613/8043/3509 2129/8042/3340 2372/8280/3616
f 2072/8345/3534 2061/7967/3390 2067/8256/3472
f 2079/8297/3622 1723/8209/3382 2065/7943/3469
f 194/8068/3519 9/8101/3524 23/8346/3640
f 7/8071/3485 15/8181/3563 14/8347/3641
f 2138/8011/3493 2147/8224/3584 2141/8055/3514
f 1163/7661/3270 1187/8208/3576 1188/8215/3579
f 1199/8348/3642 1200/8349/3642 1222/8350/3642
f 2927/7390/3234 2896/6199/2718 2919/8351/3643
f 1216/8352/3644 1206/8353/3644 1224/8354/3644
f 453/8121/3536 515/8355/3620 454/8193/3444
f 2140/8034/3504 2144/8298/3623 2367/8035/3505
f 1725/8356/3645 1737/8357/3645 1738/8358/3645
f 1220/8359/3646 1204/8360/3646 1207/8361/3646
f 11/8362/3543 15/8363/3563 23/8364/3647
f 2991/8365/3648 2990/8366/3648 3010/8367/3648
f 2070/7860/3308 2071/8368/3551 2067/7951/3472
f 1235/8336/3600 1220/8338/3637 1242/8369/3649
f 1208/8370/3650 1238/8371/3650 1210/8372/3650
f 193/7986/3462 217/7985/3422 232/8373/3651
f 303/8374/3652 24/7858/3438 2/7789/3405
f 1209/8375/3653 1195/7829/3423 1196/7831/3425
f 2080/8376/3654 2145/8377/3639 2082/8378/3655
f 1781/8379/3656 1778/8380/3656 1789/8381/3656
f 2999/8225/3585 2978/7723/3378 2993/8321/3632
f 3055/8196/3518 3002/8266/3607 2986/8033/3503
f 2610/8382/3586 2991/8383/3625 3010/8384/3657
f 2095/7922/3458 2081/8385/3658 2076/8230/3588
f 3000/8386/3659 2990/8387/3610 2989/8388/3609
f 2979/7847/3432 2988/8389/3603 3021/8217/3578
f 1204/8390/3581 1778/8391/3532 1215/8392/3660
f 2994/8393/3608 2995/8394/3413 2611/8395/3589
f 2996/8396/3661 2812/8397/3661 2992/8398/3661
f 2079/8399/3622 2066/7803/3414 2073/8235/3549
f 16/8400/3662 23/8401/3662 15/8402/3662
f 2999/8403/3585 2989/8268/3609 2610/8270/3586
f 1738/8404/3663 1737/8405/3663 1732/8406/3663
f 2075/8188/3510 2074/8187/3567 2078/8407/3569
f 233/8408/3664 204/8037/3233 222/8036/3506
f 2080/8409/3654 2082/8410/3655 2076/8411/3588
f 1741/8412/3598 1739/8413/3665 1729/8414/3501
f 1203/8415/3606 1210/8416/3537 1242/8417/3666
f 2067/8256/3472 2071/8418/3551 2072/8345/3534
f 23/8419/3667 16/8420/3667 17/8421/3667
f 1215/8422/3660 1778/8423/3532 1214/8424/3668
f 1732/8260/3557 1737/8425/3627 1735/8261/3436
f 1774/8096/3401 1779/8426/3669 1780/8427/3670
f 1227/8428/3671 1781/8429/3671 1778/8430/3671
f 1215/8431/3660 1211/8432/3672 1216/8433/3673
f 2984/7993/3320 2997/8434/3674 3023/7530/3292
f 1195/8095/3423 1779/8426/3669 1774/8096/3401
f 511/7771/3396 515/8294/3620 518/8435/3675
f 1734/8436/3676 1729/8414/3501 1742/8437/3677
f 2095/8438/3458 2084/8439/3678 2081/8440/3658
f 210/8441/3466 254/8442/3679 221/8443/3680
f 1730/8444/3681 1742/8445/3681 1743/8446/3681
f 1353/8447/3540 1352/8448/3468 1354/8449/3682
f 2084/8439/3678 2095/8438/3458 2096/8450/3456
f 1217/8451/3635 1354/8452/3683 1212/8453/3357
f 2076/8411/3588 2081/8454/3658 2080/8409/3654
f 1204/8390/3581 1215/8392/3660 1224/8455/3684
f 1778/8456/3685 1781/8457/3686 1782/8458/3685
f 1204/8340/3581 1224/8459/3684 1223/8341/3638
f 4/7998/3486 7/7997/3485 14/8460/3641
f 1729/8414/3501 1739/8413/3665 1742/8437/3677
f 1211/8432/3672 1239/8461/3687 1216/8433/3673
f 1187/8208/3576 1173/7791/3407 1219/8462/3688
f 1229/8463/3689 1234/8464/3690 1353/8447/3540
f 1783/8465/3691 1792/8466/3692 1793/8467/3693
f 2372/8468/3616 2367/8469/3505 2368/8470/3694
f 2079/8399/3622 2073/8235/3549 2085/8471/3695
f 1778/8472/3696 1213/8473/3696 1214/8474/3696
f 1215/8475/3697 1216/8476/3697 1224/8477/3697
f 2984/7584/3320 2976/7585/3321 2997/8434/3674
f 1218/8478/3698 1354/8479/3698 1217/8480/3698
f 1723/7735/3382 1228/8481/3626 1777/6940/3035
f 193/7986/3462 232/8373/3651 222/8482/3506
f 1197/8265/3531 1203/8264/3606 1205/8343/3634
f 1352/8483/3699 1212/8484/3699 1354/8485/3699
f 195/8486/3554 194/8487/3519 28/8488/3700
f 197/8176/3562 214/7651/3350 187/7405/3239
f 1222/8331/3527 1218/8489/3701 1217/8332/3635
f 1216/8490/3673 1239/8491/3687 1208/8492/3702
f 2369/8493/3703 2372/8468/3616 2368/8470/3694
f 1781/8494/3704 1789/8495/3704 1782/8496/3704
f 1207/8242/3592 1223/8497/3638 1213/8243/3593
f 1219/8462/3688 1173/7791/3407 1181/7976/3347
f 1198/8053/3513 1219/8498/3688 1181/7647/3347
f 2596/8245/3437 2598/7811/3416 2603/7990/3482
f 1202/8329/3604 1205/8328/3634 1226/8499/3705
f 1218/8500/3706 1226/8501/3706 1354/8502/3706
f 1225/8503/3707 1232/8504/3708 1224/8505/3684
f 2073/8506/3549 2145/8507/3639 2085/8508/3695
f 1207/8335/3592 1227/8509/3709 1220/8510/3710
f 2372/8280/3616 2612/8511/3711 2613/8043/3509
f 2076/8512/3712 2082/8513/3712 2145/8514/3712
f 2154/8515/3713 2138/8011/3493 2143/8195/3570
f 1205/8516/3634 1221/8517/3714 1226/8518/3705
f 3/8132/3542 18/8519/3715 10/8218/3580
f 1202/8258/3604 1222/8520/3716 1200/8232/3561
f 1224/8505/3684 1232/8504/3708 1223/8521/3638
f 223/8522/3717 210/7983/3466 214/7982/3350
f 2078/8523/3569 2074/8524/3567 2371/8525/3718
f 2998/8526/3507 2897/8527/2857 2993/8528/3632
f 303/8529/3652 2/8177/3405 216/8179/3544
f 194/8487/3519 23/8530/3640 28/8488/3700
f 15/8181/3563 19/8531/3719 14/8347/3641
f 13/8272/3612 17/8532/3720 16/8273/3613
f 2918/8140/3546 2897/8164/2857 2915/7572/3309
f 224/8533/3721 205/8122/3410 207/7877/3445
f 1778/8534/3722 1788/8535/3722 1789/8536/3722
f 1224/8537/3723 1235/8538/3723 1225/8539/3723
f 2367/8540/3505 2612/8541/3711 2368/8542/3694
f 1222/8520/3716 1202/8258/3604 1226/8543/3705
f 2596/8245/3437 2603/7990/3482 2575/8309/3228
f 1227/8509/3709 1207/8335/3592 1781/8334/3636
f 2608/8544/3582 2601/8545/3724 2599/8546/3583
f 2980/7849/3433 3002/8266/3607 2987/8150/3552
f 1792/8547/3692 1783/8548/3691 1782/8549/3725
f 1741/8249/3598 1743/8248/3597 1739/8550/3665
f 1215/8422/3660 1214/8424/3668 1211/8551/3672
f 2975/8552/3726 2614/8553/3726 2611/8554/3726
f 2612/8541/3711 2369/8555/3703 2368/8542/3694
f 1222/8556/3727 1226/8557/3727 1218/8558/3727
f 2146/8559/3728 2138/8011/3493 2154/8515/3713
f 1223/8521/3638 1232/8504/3708 1213/8560/3593
f 2366/8186/3566 2362/8180/3418 2387/8561/3528
f 2365/8562/3397 2083/8563/3729 2096/8450/3456
f 2147/8564/3584 2148/8565/3730 2142/7994/3484
f 2074/8566/3731 2077/8567/3731 2371/8568/3731
f 2083/8569/3729 2078/8523/3569 2371/8525/3718
f 2919/8570/3643 2918/8140/3546 2927/8139/3234
f 1227/8571/3709 1778/8572/3532 1228/8573/3626
f 2616/8574/3732 2387/8575/3528 2617/8576/3448
f 1784/8577/3733 1779/8426/3669 1723/8578/3382
f 2148/8565/3730 2144/8298/3623 2142/7994/3484
f 1203/8264/3606 1221/8579/3714 1205/8343/3634
f 2147/8224/3584 2138/8011/3493 2156/8580/3734
f 1203/8581/3606 1220/8582/3710 1221/8583/3714
f 3010/8584/3735 2990/8387/3610 3000/8386/3659
f 1234/8585/3690 1229/8586/3689 1230/8587/3736
f 1353/8447/3540 1354/8449/3682 1229/8463/3689
f 1231/8588/3737 1219/8498/3688 1198/8053/3513
f 1778/8456/3685 1782/8458/3685 1788/8589/3738
f 1220/8582/3710 1227/8590/3709 1221/8583/3714
f 1226/8518/3705 1229/8586/3689 1354/8591/3682
f 207/7877/3445 220/8252/3601 224/8533/3721
f 1203/8592/3739 1242/8593/3739 1220/8594/3739
f 1780/8427/3670 1779/8426/3669 1784/8577/3733
f 1213/8595/3593 1232/8596/3708 1233/8597/3740
f 1234/8598/3741 1271/8599/3741 1196/8600/3741
f 18/8601/3715 26/8602/3742 10/8603/3580
f 2983/7972/3399 2993/8321/3632 2978/7723/3378
f 1240/8604/3743 1225/8605/3743 1235/8606/3743
f 2612/8607/3711 2361/7613/3334 2613/8608/3509
f 2614/8609/3744 2975/7799/3412 2605/8185/3565
f 2158/8610/3745 2145/8377/3639 2080/8376/3654
f 2084/8439/3678 2096/8450/3456 2083/8563/3729
f 426/7313/3199 205/7794/3410 219/8197/3571
f 2143/8195/3570 1780/8611/3670 2149/8612/3746
f 1209/8613/3653 1779/8426/3669 1195/8095/3423
f 218/8284/3599 219/8283/3571 242/8614/3747
f 1774/8083/3401 1780/8611/3670 2143/8195/3570
f 1271/8615/3748 1234/8585/3690 1230/8587/3736
f 2150/8616/3749 2151/8617/3750 2158/8618/3745
f 1235/8619/3751 1242/8620/3751 1240/8621/3751
f 1785/8622/3752 1783/8623/3691 1787/8624/3753
f 2997/8434/3674 2976/7585/3321 2985/8000/3488
f 2988/8257/3603 2987/8150/3552 3002/8266/3607
f 1786/8625/3754 1783/8465/3691 1793/8467/3693
f 1786/8625/3754 1787/8626/3753 1783/8465/3691
f 19/8627/3719 15/8363/3563 11/8362/3543
f 2143/8195/3570 2149/8612/3746 2154/8515/3713
f 2146/8559/3728 2156/8580/3734 2138/8011/3493
f 1788/8628/3755 1791/8629/3756 1789/8630/3757
f 1236/8631/3511 1231/8588/3737 1198/8053/3513
f 1729/8632/3501 1740/8633/3605 1741/8634/3598
f 217/7985/3422 221/8635/3758 232/8373/3651
f 514/8191/3568 511/7771/3396 518/8435/3675
f 2084/8636/3759 2086/8637/3759 2158/8638/3759
f 2366/8186/3566 2370/8639/3760 2374/8640/3761
f 1236/8192/3511 514/8191/3568 517/8641/3762
f 1227/8571/3709 1228/8573/3626 1237/8642/3763
f 2366/8201/3566 2371/8643/3718 2077/8202/3574
f 1237/8642/3763 1228/8573/3626 1271/8644/3748
f 27/8645/3764 195/8646/3764 29/8647/3764
f 2999/8648/3585 3000/8649/3659 2989/8650/3609
f 233/8408/3664 220/8316/3601 204/8037/3233
f 1788/8628/3755 1783/8651/3691 1791/8629/3756
f 1214/8424/3668 1244/8652/3765 1211/8551/3672
f 2080/8409/3654 2081/8454/3658 2084/8653/3678
f 2994/8654/3766 3002/8655/3766 3055/8656/3766
f 1210/8416/3537 1238/8657/3767 1242/8417/3666
f 2158/8610/3745 2080/8376/3654 2084/8658/3678
f 2612/8607/3711 2615/8659/3768 2361/7613/3334
f 1783/8660/3691 1788/8661/3755 1790/8662/3769
f 2369/8663/3770 2612/8664/3770 2372/8665/3770
f 225/8666/3771 226/8667/3772 221/8443/3680
f 2085/8668/3695 1723/8209/3382 2079/8297/3622
f 1791/8669/3756 1783/8623/3691 1801/8670/3773
f 3010/8671/3774 2618/8672/3774 2610/8673/3774
f 1271/8674/3748 1209/8375/3653 1196/7831/3425
f 14/8460/3641 19/8675/3719 20/8676/3775
f 2616/8677/3776 2617/8678/3776 2601/8679/3776
f 1232/8680/3708 1245/8681/3777 1233/8682/3740
f 1225/8683/3707 1245/8681/3777 1232/8680/3708
f 1211/8551/3672 1241/8684/3778 1239/8685/3687
f 1783/8548/3691 1800/8686/3779 1782/8549/3725
f 2151/8617/3750 2085/8508/3695 2145/8507/3639
f 1794/8687/3780 1787/8626/3753 1786/8625/3754
f 1230/8587/3736 1226/8518/3705 1221/8517/3714
f 451/7930/3461 1191/8688/3781 453/8121/3536
f 1213/8595/3593 1233/8597/3740 1214/8689/3782
f 1736/8690/3556 1741/8634/3598 1740/8633/3605
f 2084/8439/3678 2097/8691/3783 2086/8692/3784
f 1230/8587/3736 1229/8586/3689 1226/8518/3705
f 1723/8693/3382 2085/8694/3695 1784/8695/3733
f 2366/8186/3566 2387/8561/3528 2370/8639/3760
f 1801/8670/3773 1798/8696/3785 1791/8669/3756
f 1208/8492/3702 1239/8491/3687 1238/8697/3767
f 1228/8698/3626 1723/8578/3382 1779/8426/3669
f 2158/8618/3745 2151/8617/3750 2145/8507/3639
f 2151/8617/3750 2154/8699/3713 2085/8508/3695
f 2086/8692/3784 2152/8700/3786 2158/8701/3745
f 1237/8702/3763 1271/8615/3748 1230/8587/3736
f 221/8703/3787 226/8704/3787 237/8705/3787
f 221/8706/3788 237/8707/3788 220/8708/3788
f 195/8709/3789 28/8710/3789 29/8711/3789
f 1779/8426/3669 1209/8613/3653 1271/8712/3748
f 1801/8670/3773 1783/8623/3691 1785/8622/3752
f 2154/8515/3713 2149/8612/3746 2085/8694/3695
f 13/8713/3612 22/8714/3790 17/8715/3720
f 225/8666/3771 221/8443/3680 254/8442/3679
f 12/8716/3515 40/8717/3621 21/8718/3791
f 3014/8719/3792 3003/8720/3793 3001/8721/3794
f 1791/8722/3756 1799/8723/3795 1789/8724/3757
f 1792/8725/3796 1782/8726/3796 1793/8727/3796
f 1800/8728/3797 1783/8729/3797 1790/8730/3797
f 2149/8612/3746 1784/8695/3733 2085/8694/3695
f 2086/8692/3784 2097/8691/3783 2152/8700/3786
f 2149/8612/3746 1780/8611/3670 1784/8695/3733
f 1230/8587/3736 1227/8590/3709 1237/8702/3763
f 1740/8731/3605 1732/8162/3557 1736/8161/3556
f 3002/8732/3607 2994/8393/3608 2625/8733/3798
f 2607/8019/3497 2610/8281/3586 2618/8734/3799
f 223/8522/3717 254/8735/3679 210/7983/3466
f 2147/8224/3584 2156/8580/3734 2157/8736/3800
f 1742/8737/3801 1739/8738/3801 1743/8739/3801
f 2154/8740/3713 2151/8617/3750 2150/8616/3749
f 1239/8685/3687 1241/8684/3778 1238/8741/3767
f 2387/8575/3528 2616/8574/3732 2370/8742/3760
f 3003/8743/3793 3014/8744/3792 3026/8745/3802
f 2370/8746/3803 2373/8747/3803 2374/8748/3803
f 2374/8749/3804 2373/8750/3804 2366/8751/3804
f 233/8408/3664 222/8036/3506 227/8752/3805
f 2097/8753/3783 2157/8736/3800 2152/8754/3786
f 1271/8712/3748 1228/8698/3626 1779/8426/3669
f 1221/8583/3714 1227/8590/3709 1230/8587/3736
f 1187/8208/3576 1190/8755/3806 1188/8215/3579
f 1794/8756/3780 1786/8757/3754 1805/8758/3807
f 13/8759/3808 21/8760/3808 22/8761/3808
f 3006/8762/3809 3004/8763/3810 3003/8720/3793
f 1794/8687/3780 1808/8764/3811 1787/8626/3753
f 3003/8720/3793 3004/8763/3810 3005/8765/3812
f 1785/8622/3752 1787/8624/3753 1810/8766/3813
f 451/8216/3461 1188/8215/3579 1191/8767/3781
f 2097/8753/3783 2147/8224/3584 2157/8736/3800
f 232/8768/3651 221/8769/3758 233/8770/3664
f 2616/8771/3732 2601/8772/3724 2629/8773/3814
f 1790/8662/3769 1788/8661/3755 1809/8774/3815
f 1211/8551/3672 1244/8652/3765 1241/8684/3778
f 1245/8681/3777 1225/8683/3707 1240/8775/3816
f 1788/8776/3817 1782/8777/3817 1795/8778/3817
f 1782/8779/3818 1789/8780/3818 1796/8781/3818
f 2361/7613/3334 2615/8659/3768 2605/8185/3565
f 3012/8782/3819 3004/8763/3810 3006/8762/3809
f 2366/8201/3566 2378/8783/3820 2371/8643/3718
f 2612/8784/3711 2367/8785/3505 2153/8786/3821
f 3003/8743/3793 3008/8787/3822 3006/8788/3809
f 1240/8789/3823 1242/8790/3823 1245/8791/3823
f 205/8122/3410 224/8533/3721 230/8792/3824
f 514/8191/3568 518/8435/3675 517/8641/3762
f 2607/8019/3497 2618/8734/3799 2628/8793/3825
f 1797/8794/3826 1794/8756/3780 1805/8758/3807
f 1795/8795/3827 1809/8796/3815 1788/8797/3755
f 233/8770/3664 221/8769/3758 220/8798/3601
f 1798/8799/3785 1799/8723/3795 1791/8722/3756
f 223/8522/3717 214/7982/3350 197/8800/3562
f 1238/8801/3767 1241/8802/3778 1246/8803/3828
f 2144/8298/3623 2087/8804/3829 2153/8805/3821
f 2650/8806/3830 2635/8807/3830 2619/8808/3830
f 1786/8757/3754 1793/8809/3693 1805/8758/3807
f 1793/8809/3693 1782/8810/3831 1796/8811/3832
f 2147/8564/3584 2097/8812/3783 2148/8565/3730
f 1794/8756/3780 1797/8794/3826 1744/8813/3833
f 2084/8439/3678 2083/8563/3729 2097/8691/3783
f 3001/8721/3794 3003/8720/3793 3005/8765/3812
f 1231/8588/3737 1236/8631/3511 1247/8814/3834
f 3007/8815/3835 3012/8782/3819 3006/8762/3809
f 2371/8816/3718 2087/8817/3829 2083/8818/3729
f 2371/8816/3718 2375/8819/3836 2087/8817/3829
f 28/8820/3700 23/8821/3640 17/8822/3720
f 3007/8815/3835 2619/8823/3837 3012/8782/3819
f 2154/8824/3713 2162/8825/3838 2146/8826/3728
f 1787/8624/3753 1808/8827/3811 1810/8766/3813
f 3006/8828/3809 3008/8829/3822 3007/8830/3835
f 3009/8831/3839 3000/8649/3659 2999/8648/3585
f 1808/8832/3840 1804/8833/3840 1810/8834/3840
f 2635/8835/3841 3016/8836/3841 2619/8837/3841
f 2367/8035/3505 2144/8298/3623 2153/8805/3821
f 1794/8687/3780 1744/8838/3833 1808/8764/3811
f 2375/8839/3836 2371/8643/3718 2378/8783/3820
f 2083/8818/3729 2087/8817/3829 2097/8840/3783
f 3009/8841/3842 2618/8842/3842 3010/8843/3842
f 230/8844/3824 219/8197/3571 205/7794/3410
f 3005/8845/3812 3004/8846/3810 3011/8847/3843
f 1793/8809/3693 1806/8848/3844 1805/8758/3807
f 1790/8662/3769 1809/8774/3815 1800/8849/3779
f 68/8850/3845 18/8851/3845 24/8852/3845
f 2375/8853/3846 2376/8854/3846 2378/8855/3846
f 22/8714/3790 25/8856/3847 17/8715/3720
f 2605/8185/3565 2615/8659/3768 2614/8609/3744
f 1801/8670/3773 1785/8622/3752 1810/8766/3813
f 2619/8857/3848 3016/8858/3848 3004/8859/3848
f 19/8627/3719 11/8362/3543 10/8603/3580
f 2144/8298/3623 2148/8565/3730 2087/8804/3829
f 3012/8860/3849 2619/8861/3849 3004/8862/3849
f 2370/8742/3760 2616/8574/3732 2373/8863/3850
f 2153/8786/3821 2388/8864/3851 2612/8784/3711
f 1242/8865/3852 1246/8866/3852 1245/8867/3852
f 3009/8868/3853 3010/8869/3853 3000/8870/3853
f 2625/8733/3798 2994/8393/3608 2611/8395/3589
f 3060/3544/1591 3024/7062/3089 3013/8871/3854
f 2158/8872/3745 2155/8873/3855 2150/8874/3749
f 1789/8875/3757 1799/8876/3795 1258/8877/3856
f 222/8482/3506 232/8373/3651 227/8878/3805
f 1191/8688/3781 516/8879/3857 453/8121/3536
f 2097/8880/3783 2087/8804/3829 2148/8565/3730
f 1242/8881/3666 1238/8801/3767 1246/8803/3828
f 220/8882/3858 237/8883/3858 228/8884/3858
f 2373/8863/3850 2616/8574/3732 2640/8885/3859
f 68/8886/3860 24/7858/3438 303/8374/3652
f 516/8887/3861 518/8888/3861 515/8889/3861
f 2153/8786/3821 2087/8890/3829 2388/8864/3851
f 3014/8891/3792 3001/8892/3794 3026/8893/3802
f 1233/8682/3740 1245/8681/3777 1243/8894/3862
f 226/8667/3772 236/8895/3863 237/8896/3864
f 1789/8897/3865 1258/8898/3865 1796/8899/3865
f 1793/8809/3693 1796/8811/3832 1806/8848/3844
f 1795/8900/3866 1782/8901/3725 1807/8902/3867
f 1214/8903/3868 1233/8904/3868 1244/8905/3868
f 1236/8906/3869 517/8907/3869 1247/8908/3869
f 226/8667/3772 225/8666/3771 236/8895/3863
f 224/8909/3721 220/8910/3601 228/8911/3870
f 2156/8912/3734 2160/8913/3871 2157/8914/3800
f 68/8915/3872 26/8916/3742 18/8917/3715
f 2619/8918/3837 3007/8919/3835 2626/8920/3873
f 1219/8462/3688 1248/8921/3874 1187/8208/3576
f 2999/8225/3585 3015/8922/3875 3009/8923/3839
f 453/8121/3536 516/8879/3857 515/8355/3620
f 1188/8215/3579 1190/8755/3806 1191/8767/3781
f 2388/8864/3851 2087/8890/3829 2375/8839/3836
f 1246/8803/3828 1241/8802/3778 1256/8924/3876
f 2918/8140/3546 2920/8925/3877 2897/8164/2857
f 2650/8926/3878 2619/8918/3837 2626/8920/3873
f 218/8927/3879 238/8928/3879 216/8929/3879
f 2378/8930/3820 2366/8931/3566 2373/8932/3850
f 1799/8933/3795 1798/8934/3785 1809/8935/3815
f 224/8936/3721 228/8937/3870 229/8938/3880
f 2628/8793/3825 2618/8734/3799 2620/8939/3881
f 262/8940/3882 242/8614/3747 219/8283/3571
f 22/8941/3883 21/8718/3791 40/8717/3621
f 20/8676/3775 4/7998/3486 14/8460/3641
f 2621/8942/3884 2632/8943/3885 2622/8944/3886
f 1244/8945/3765 1252/8946/3887 1241/8947/3778
f 3027/8948/3888 3001/8721/3794 3005/8765/3812
f 1798/8934/3785 1800/8949/3779 1809/8935/3815
f 1231/8950/3889 1247/8951/3889 1219/8952/3889
f 1245/8681/3777 1249/8953/3890 1243/8894/3862
f 218/8954/3891 242/8955/3891 238/8956/3891
f 2640/8957/3859 2616/8771/3732 2629/8773/3814
f 3015/8922/3875 2999/8225/3585 2993/8321/3632
f 3021/8958/3578 2988/8257/3603 3002/8266/3607
f 3011/8847/3843 3004/8846/3810 3016/8959/3892
f 2623/8960/3893 2621/8961/3884 2634/8962/3894
f 2626/8963/3873 3017/8964/3895 2625/8733/3798
f 3017/8964/3895 3002/8732/3607 2625/8733/3798
f 262/8965/3896 219/8966/3896 230/8967/3896
f 2624/8968/3897 2608/8222/3582 2607/8221/3497
f 2378/8783/3898 2377/8969/3899 2388/8864/3851
f 1187/8208/3576 1248/8921/3874 1190/8755/3806
f 1798/8934/3785 1801/8970/3773 1800/8949/3779
f 1802/8971/3900 1744/8813/3833 1797/8794/3826
f 262/8972/3901 230/8973/3902 231/8974/3903
f 1233/8975/3740 1255/8976/3904 1244/8945/3765
f 3026/8745/3802 3008/8787/3822 3003/8743/3793
f 1256/8924/3876 1241/8802/3778 1252/8977/3887
f 517/8978/3905 518/8979/3905 1247/8980/3905
f 2621/8961/3884 2623/8960/3893 2632/8981/3885
f 1805/8982/3807 1811/8983/3906 1797/8984/3826
f 230/8985/3907 224/8986/3907 243/8987/3907
f 1256/8988/3876 1249/8989/3890 1246/8990/3828
f 197/8991/3562 260/8992/3908 223/8993/3717
f 2614/8609/3744 2615/8659/3768 2636/8994/3909
f 1233/8975/3740 1243/8995/3862 1255/8976/3904
f 224/8996/3721 229/8997/3880 231/8974/3903
f 3017/8964/3895 3022/8998/3910 3002/8732/3607
f 3016/8959/3892 3018/8999/3911 3011/8847/3843
f 3057/9000/3912 3023/7530/3292 2997/8434/3674
f 2626/8963/3873 3007/8830/3835 3008/8829/3822
f 2388/8864/3851 2375/8839/3836 2378/8783/3898
f 2614/9001/3913 2625/9002/3798 2611/9003/3589
f 229/8938/3880 228/8937/3870 237/9004/3914
f 232/9005/3651 233/9006/3664 234/9007/3915
f 2897/9008/2857 2920/9009/3877 3059/9010/3916
f 2618/8734/3799 3009/9011/3839 2620/8939/3881
f 2378/9012/3917 2639/9013/3917 2377/9014/3917
f 1745/9015/3918 1803/9016/3919 1804/9017/3920
f 1805/9018/3807 1806/9019/3844 1807/9020/3867
f 2608/8544/3582 2624/9021/3897 2601/8545/3724
f 236/9022/3921 241/9023/3921 235/9024/3921
f 235/9025/3922 237/9026/3864 236/9027/3863
f 1248/8921/3874 1250/9028/3923 1190/8755/3806
f 229/9029/3924 237/9030/3924 255/9031/3924
f 3008/8829/3822 3017/8964/3895 2626/8963/3873
f 2650/9032/3878 2626/9033/3873 2627/9034/3925
f 262/8972/3901 231/8974/3903 229/8997/3880
f 516/9035/3926 1247/9036/3926 518/9037/3926
f 1795/8900/3866 1807/8902/3867 1258/9038/3927
f 1245/9039/3777 1246/9040/3828 1249/9041/3890
f 2152/9042/3786 2159/9043/3928 2158/9044/3745
f 2159/9045/3928 2152/9046/3786 2157/8914/3800
f 3019/9047/3929 2993/8528/3632 2897/8527/2857
f 224/9048/3930 231/9049/3930 243/9050/3930
f 233/8408/3664 227/8752/3805 234/9051/3915
f 3009/8923/3839 3018/8999/3911 2620/9052/3881
f 1244/8945/3765 1255/8976/3904 1252/8946/3887
f 1782/9053/3725 1800/9054/3779 1807/9055/3867
f 1219/9056/3688 1247/9057/3931 1248/9058/3874
f 2625/9059/3932 2627/9060/3932 2626/9061/3932
f 1796/9062/3933 1258/9063/3933 1807/9064/3933
f 2628/9065/3934 2620/9066/3934 2607/9067/3934
f 1256/8988/3876 1255/9068/3904 1249/8989/3890
f 2641/9069/3935 2632/8981/3885 2623/8960/3893
f 197/9070/3936 27/9071/3936 260/9072/3936
f 1796/9073/3832 1807/9020/3867 1806/9019/3844
f 1804/9074/3937 1808/9075/3937 1745/9076/3937
f 216/9077/3544 238/9078/3938 239/9079/3939
f 239/9079/3939 303/9080/3652 216/9077/3544
f 27/9081/3940 29/9082/3941 261/9083/3942
f 262/9084/3943 229/9085/3943 255/9086/3943
f 232/9005/3651 234/9007/3915 240/9087/3944
f 10/8603/3580 39/9088/3945 19/8627/3719
f 2629/9089/3814 2601/9090/3724 2624/9091/3897
f 2630/9092/3946 2615/8659/3768 2612/8607/3711
f 1243/8995/3862 1249/9093/3890 1255/8976/3904
f 2630/9092/3946 2631/9094/3947 2622/8944/3886
f 2635/9095/3948 2644/9096/3949 2641/9097/3935
f 2639/9098/3950 2378/8930/3820 2373/8932/3850
f 28/9099/3700 31/9100/3951 29/9101/3941
f 2644/9102/3949 2632/9103/3885 2641/9104/3935
f 3005/8845/3812 3011/8847/3843 3027/9105/3888
f 1797/8984/3826 1811/8983/3906 1802/9106/3900
f 240/9107/3944 227/8878/3805 232/8373/3651
f 237/9026/3864 235/9025/3922 255/9108/3952
f 2614/9001/3913 2637/9109/3953 2625/9002/3798
f 2985/8000/3488 3020/9110/3954 2997/8434/3674
f 2639/9111/3955 2388/9112/3955 2377/9113/3955
f 2621/9114/3956 2633/9115/3956 2634/9116/3956
f 3022/8998/3910 3021/9117/3578 3002/8732/3607
f 2630/9092/3946 2388/9118/3851 2631/9094/3947
f 3016/8959/3892 2620/9052/3881 3018/8999/3911
f 2993/8321/3632 3019/9119/3929 3015/8922/3875
f 516/9120/3857 1191/8767/3781 1250/9028/3923
f 2646/9121/3957 2635/9122/3948 2641/9123/3935
f 2629/9089/3814 2624/9091/3897 2640/9124/3859
f 231/9125/3958 230/9126/3958 243/9127/3958
f 2607/9128/3959 2643/9129/3959 2624/9130/3959
f 2634/8962/3894 2633/9131/3960 2623/8960/3893
f 2636/9132/3961 2637/9133/3961 2614/9134/3961
f 1799/9135/3962 1809/9136/3962 1253/9137/3962
f 254/8442/3679 236/8895/3863 225/8666/3771
f 30/9138/3963 22/8941/3883 40/8717/3621
f 516/9139/3964 1250/9140/3964 1247/9141/3964
f 2646/9121/3957 3016/9142/3965 2635/9122/3948
f 2630/9092/3946 2612/8607/3711 2388/9118/3851
f 2156/9143/3734 2146/8826/3728 2160/9144/3871
f 2373/8863/3850 2640/8885/3859 2633/9145/3960
f 2639/9098/3950 2373/8932/3850 2633/9146/3960
f 1190/8755/3806 1250/9028/3923 1191/8767/3781
f 2641/9123/3935 2638/9147/3966 2646/9121/3957
f 3015/8922/3875 3018/8999/3911 3009/8923/3839
f 2633/9148/3960 2631/9094/3947 2639/9149/3950
f 1810/9150/3813 1804/9017/3920 1803/9016/3919
f 3056/7383/3231 2972/7021/3069 3021/9151/3578
f 2640/9152/3859 2624/9153/3897 2648/9154/3967
f 2158/8872/3745 2161/9155/3968 2155/8873/3855
f 1809/9156/3969 1257/9157/3969 1253/9158/3969
f 234/9007/3915 258/9159/3970 240/9087/3944
f 1800/8949/3779 1801/8970/3773 1812/9160/3971
f 1248/9058/3874 1247/9057/3931 1250/9161/3923
f 1799/8876/3795 1253/9162/3972 1258/8877/3856
f 3008/8829/3822 3022/9163/3910 3017/8964/3895
f 1808/9164/3811 1744/9165/3833 2172/9166/3973
f 2633/9148/3960 2621/8942/3884 2631/9094/3947
f 2639/9149/3950 2631/9094/3947 2388/9118/3851
f 1252/9167/3974 1255/9168/3974 1251/9169/3974
f 2620/9170/3975 3016/9171/3975 2646/9172/3975
f 31/9173/3951 28/8820/3700 17/8822/3720
f 2622/8944/3886 2631/9094/3947 2621/8942/3884
f 1810/9174/3813 1812/9160/3971 1801/8970/3773
f 1744/9175/3976 2170/9176/3977 2166/9177/3978
f 2146/8826/3728 2162/8825/3838 2160/9144/3871
f 1802/9178/3900 1811/9179/3906 1817/9180/3979
f 1800/9054/3779 1812/9181/3971 1807/9055/3867
f 2640/8885/3859 2641/9182/3935 2623/9183/3893
f 2638/9184/3980 2641/9185/3980 2640/9186/3980
f 236/9187/3981 308/9188/3981 241/9189/3981
f 1745/9190/3918 1808/9164/3811 2172/9166/3973
f 26/8602/3742 39/9088/3945 10/8603/3580
f 1809/8796/3815 1795/8795/3827 1257/9191/3982
f 3021/9192/3578 3022/9193/3910 3056/9194/3231
f 2637/9195/3953 2636/9196/3909 2615/9197/3768
f 2622/9198/3886 2632/9103/3885 2645/9199/3983
f 1744/8813/3833 1802/8971/3900 1814/9200/3984
f 242/9201/3985 262/9202/3985 238/9203/3985
f 230/9204/3986 243/9205/3987 244/9206/3988
f 1813/9207/3989 1802/9208/3989 1817/9209/3989
f 1251/9210/3990 1255/9211/3904 1259/9212/3991
f 227/9213/3805 240/9214/3944 248/9215/3992
f 1744/9216/3993 1814/9217/3993 2170/9218/3993
f 2620/9219/3994 2646/9220/3995 2647/9221/3996
f 17/9222/3720 25/9223/3847 31/9224/3951
f 230/9225/3986 244/9226/3988 245/9227/3997
f 244/9206/3988 243/9205/3987 253/9228/3998
f 2633/9145/3960 2640/8885/3859 2623/9183/3893
f 1816/9229/3999 1812/9160/3971 1810/9174/3813
f 3023/9230/3292 3057/9231/3912 3024/9232/3089
f 2625/9002/3798 2637/9109/3953 2627/9233/4000
f 1256/9234/4001 1252/9235/4001 1254/9236/4001
f 1744/9237/4002 2166/9238/4002 2171/9239/4002
f 2607/9240/4003 2642/9241/4004 2643/9242/4005
f 1815/9243/4006 1802/9244/3900 1813/9245/4007
f 26/8916/3742 68/8915/3872 272/9246/4008
f 1810/9150/3813 1803/9016/3919 1816/9247/3999
f 2646/9248/4009 2638/9249/4009 2649/9250/4009
f 1807/9020/3867 1816/9251/3999 1805/9018/3807
f 1258/9252/4010 1253/9253/4010 1251/9254/4010
f 2638/9255/4011 2648/9154/3967 2649/9256/4012
f 3022/9163/3910 3008/8829/3822 3026/9257/3802
f 1807/9055/3867 1812/9181/3971 1816/9258/3999
f 230/9204/4013 247/9259/4014 243/9205/3987
f 2644/9260/4015 2646/9261/4015 2649/9262/4015
f 2615/9263/3768 2630/9264/3946 2645/9265/3983
f 250/9266/4016 244/9206/3988 267/9267/4017
f 262/9268/4018 263/9269/4019 269/9270/4020
f 255/9271/4021 235/9272/4021 256/9273/4021
f 3027/9274/3888 3025/9275/4022 3026/9276/3802
f 3027/9277/3888 3011/8847/3843 3018/8999/3911
f 34/9278/4023 36/9279/4024 32/9280/4025
f 3015/8922/3875 3019/9119/3929 3018/8999/3911
f 1253/9281/4026 1252/9282/4026 1251/9283/4026
f 2919/8351/3643 2896/6199/2718 3028/9284/4027
f 2646/9285/4028 2644/9286/4028 2647/9287/4028
f 2157/8914/3800 2160/8913/3871 2159/9045/3928
f 25/9288/4029 22/9289/4029 38/9290/4029
f 1811/9179/3906 1805/9291/3807 1817/9180/3979
f 2640/9152/3859 2648/9154/3967 2638/9255/4011
f 3027/9292/3888 3026/8893/3802 3001/8892/3794
f 2620/9219/3994 2642/9241/4004 2607/9240/4003
f 1252/9293/4030 1253/9294/4030 1254/9295/4030
f 1259/9296/3991 1255/9297/3904 1256/9298/3876
f 308/9299/4031 236/9300/4031 246/9301/4031
f 238/9302/3938 262/9268/4018 269/9270/4020
f 2643/9303/4005 2648/9304/3967 2624/9305/3897
f 272/9306/4008 39/9088/3945 26/8602/3742
f 2155/9307/3855 2154/9308/3713 2150/9309/3749
f 303/9310/4032 304/9311/4032 68/9312/4032
f 2635/9095/3948 2652/9313/4033 2644/9096/3949
f 2647/9221/3996 2642/9241/4004 2620/9219/3994
f 254/8442/3679 246/9314/4034 236/8895/3863
f 244/9206/3988 253/9228/3998 267/9267/4017
f 1817/9180/3979 1805/9291/3807 1816/9315/3999
f 1802/9244/3900 1815/9243/4006 1814/9316/3984
f 304/9317/4035 272/9246/4008 68/8915/3872
f 243/9205/3987 247/9259/4014 253/9228/3998
f 2630/9318/4036 2622/9319/4036 2645/9320/4036
f 2162/9321/3838 2154/9308/3713 2163/9322/4037
f 1259/9323/4038 1795/9324/4038 1258/9325/4038
f 1253/9326/4039 1257/9327/4040 1254/9328/4041
f 1258/9329/4042 1251/9330/4042 1259/9331/4042
f 2644/9102/3949 2649/9332/4012 2632/9103/3885
f 272/9306/4008 33/9333/4043 39/9088/3945
f 308/9334/4044 306/9335/4045 235/9336/4046
f 3018/8999/3911 3019/9119/3929 3027/9277/3888
f 1803/9016/3919 1818/9337/4047 1816/9247/3999
f 2644/9338/4048 2652/9339/4048 2647/9340/4048
f 1795/9341/4049 1259/9342/4049 1257/9343/4049
f 2155/9307/3855 2163/9322/4037 2154/9308/3713
f 3056/9194/3231 3026/9276/3802 3025/9275/4022
f 223/8993/3717 260/8992/3908 266/9344/4050
f 2635/9095/3948 2650/9345/3878 2651/9346/4051
f 29/9101/3941 31/9100/3951 287/9347/4052
f 2166/9348/4053 2179/9349/4053 2171/9350/4053
f 2642/9351/4004 2648/9304/3967 2643/9303/4005
f 241/9352/4054 308/9334/4044 235/9336/4046
f 1817/9353/4055 1818/9354/4047 1813/9355/4007
f 247/9356/4056 230/9357/4056 245/9358/4056
f 34/9359/4023 35/9360/4057 36/9361/4024
f 227/8752/3805 248/9362/3992 249/9363/4058
f 2650/9032/3878 2627/9034/3925 2651/9364/4051
f 244/9226/3988 250/9365/4016 264/9366/4059
f 251/9367/4060 252/9368/4061 25/9369/3847
f 2158/9044/3745 2159/9043/3928 2163/9370/4037
f 227/8752/3805 249/9363/4058 234/9051/3915
f 1744/9371/4062 2171/9372/4062 2172/9373/4062
f 2627/9374/4000 2637/9195/3953 2654/9375/4063
f 2164/9376/4064 2174/9377/4065 2170/9378/4066
f 2654/9375/4063 2637/9195/3953 2615/9197/3768
f 262/9379/4067 255/9380/4067 259/9381/4067
f 3028/9382/4027 2918/8140/3546 2919/8570/3643
f 1815/9383/4006 1813/9355/4007 1818/9354/4047
f 31/9224/3951 25/9223/3847 252/9384/4061
f 2165/9385/4068 2164/9386/4068 2167/9387/4068
f 2174/9377/4065 2164/9376/4064 2165/9388/4069
f 2174/9377/4065 2169/9389/4070 2170/9378/4066
f 2166/9390/3978 2170/9391/3977 2179/9392/4071
f 1818/9393/4072 1817/9394/4072 1816/9395/4072
f 253/9396/3998 247/9397/4014 245/9398/3997
f 235/9399/4046 306/9400/4045 314/9401/4073
f 310/9402/4074 306/9403/4045 308/9404/4044
f 303/9405/3652 274/9406/4075 304/9407/4035
f 3025/9275/4022 3027/9274/3888 3019/9047/3929
f 254/9408/4076 223/9409/4076 320/9410/4076
f 260/9411/3908 27/9081/3940 261/9083/3942
f 36/9361/4024 35/9360/4057 37/9412/4077
f 2158/9044/3745 2163/9370/4037 2161/9413/3968
f 314/9414/4073 256/9415/4078 235/9416/4046
f 1256/9298/3876 1254/9417/4041 1259/9296/3991
f 1745/9015/3918 1746/9418/4079 1803/9016/3919
f 255/9419/4080 256/9420/4080 265/9421/4080
f 2635/9095/3948 2655/9422/4081 2652/9313/4033
f 2647/9423/4082 2652/9424/4082 2653/9425/4082
f 269/9426/4020 239/9079/3939 238/9078/3938
f 2642/9427/4083 2647/9428/4083 2648/9429/4083
f 2647/9430/4084 2653/9431/4084 2648/9432/4084
f 1818/9337/4047 1803/9016/3919 1747/9433/4085
f 25/9434/3847 38/9435/4086 251/9367/4060
f 2163/9436/4037 2155/8873/3855 2161/9155/3968
f 38/9437/4086 22/9438/3883 30/9439/3963
f 245/9227/3997 244/9226/3988 264/9366/4059
f 240/9087/3944 258/9159/3970 257/9440/4087
f 261/9441/3942 29/9442/3941 287/9443/4052
f 2652/9444/4033 2649/9445/4012 2653/9446/4088
f 240/9214/3944 257/9447/4087 248/9215/3992
f 272/9448/4008 289/9449/4089 33/9450/4043
f 2164/9451/4090 2170/9452/4090 2167/9453/4090
f 19/8675/3719 39/9454/3945 70/9455/4091
f 258/9456/3970 234/9051/3915 249/9363/4058
f 1814/9457/4092 2168/9458/4093 2170/9459/4094
f 2165/9460/4095 2167/9461/4095 2174/9462/4095
f 2172/9166/3973 1746/9463/4079 1745/9190/3918
f 2649/9445/4012 2648/9464/3967 2653/9446/4088
f 1815/9383/4006 1818/9354/4047 1747/9465/4085
f 2168/9458/4093 2167/9466/4096 2170/9459/4094
f 2615/9263/3768 2645/9265/3983 2654/9467/4063
f 266/9468/4097 320/9469/4097 223/9470/4097
f 239/9471/3939 268/9472/4098 303/9473/3652
f 1257/9327/4040 1259/9474/3991 1254/9328/4041
f 1747/9475/4085 1803/9476/3919 1750/9477/4099
f 2169/9478/4070 2179/9479/4100 2170/9480/4066
f 255/9481/4101 265/9482/4102 259/9483/4103
f 1746/9418/4079 1750/9484/4099 1803/9016/3919
f 306/9403/4045 310/9402/4074 307/9485/4104
f 2162/8825/3838 2163/9486/4037 2160/9144/3871
f 2627/9487/4105 2654/9488/4105 2651/9489/4105
f 2985/8000/3488 3058/9490/4106 3020/9110/3954
f 260/9491/3908 261/9492/3942 281/9493/4107
f 262/9494/4108 259/9495/4108 263/9496/4108
f 267/9497/4017 253/9396/3998 264/9498/4059
f 2163/9499/4037 2159/9045/3928 2160/8913/3871
f 306/9500/4109 307/9501/4109 316/9502/4109
f 314/9414/4073 265/9503/4110 256/9415/4078
f 306/9400/4045 315/9504/4111 314/9401/4073
f 260/9491/3908 281/9493/4107 266/9505/4050
f 3058/9506/4106 2985/8204/3488 3056/7383/3231
f 2635/9095/3948 2651/9346/4051 2655/9422/4081
f 267/9507/4112 264/9508/4112 250/9509/4112
f 253/9396/3998 245/9398/3997 264/9498/4059
f 306/9510/4113 316/9511/4113 315/9512/4113
f 303/9405/3652 268/9513/4098 274/9406/4075
f 308/9514/4044 309/9515/4114 310/9516/4074
f 1820/9517/4115 1815/9383/4006 1747/9465/4085
f 1815/9518/4116 1820/9519/4116 1814/9520/4116
f 2171/9521/4117 2179/9522/4100 2172/9523/4118
f 257/9440/4087 258/9159/3970 249/9524/4058
f 1814/9525/4092 1820/9526/4115 2168/9527/4093
f 2168/9458/4093 2173/9528/4119 2167/9466/4096
f 521/9529/4120 1260/9530/4121 519/9531/4122
f 1749/9532/4123 1747/9475/4085 1750/9477/4099
f 263/9533/4019 276/9534/4124 269/9535/4020
f 3019/9047/3929 2897/8527/2857 3025/9275/4022
f 270/9536/4125 276/9534/4124 263/9533/4019
f 263/9537/4126 259/9538/4126 270/9539/4126
f 34/9278/4023 32/9280/4025 72/9540/4127
f 20/8676/3775 19/8675/3719 70/9455/4091
f 2175/9541/4128 2169/9542/4070 2174/9543/4065
f 265/9544/4129 314/9545/4129 324/9546/4129
f 38/9435/4086 257/9547/4087 251/9367/4060
f 270/9548/4125 259/9549/4103 280/9550/4130
f 309/9515/4114 311/9551/4131 310/9516/4074
f 248/9215/3992 257/9447/4087 38/9552/4086
f 2896/9553/4132 3034/9554/4132 3028/9555/4132
f 3020/9110/3954 3033/9556/4133 2997/8434/3674
f 257/9547/4087 249/9557/4058 271/9558/4134
f 273/9559/4135 272/9560/4008 304/9561/4035
f 2174/9562/4065 2167/9466/4096 2175/9563/4128
f 2645/9199/3983 2632/9103/3885 2649/9332/4012
f 320/9564/4136 308/9565/4136 246/9566/4136
f 316/9567/4137 307/9568/4137 312/9569/4137
f 312/9570/4138 307/9571/4104 310/9572/4074
f 319/9573/4139 261/9441/3942 287/9443/4052
f 69/9574/4140 4/7998/3486 20/8676/3775
f 320/9575/4141 309/9515/4114 308/9514/4044
f 3056/9194/3231 3022/9193/3910 3026/9276/3802
f 272/9448/4008 273/9576/4135 289/9449/4089
f 2169/9478/4070 2177/9577/4142 2176/9578/4143
f 2169/9542/4070 2175/9541/4128 2177/9579/4142
f 305/9580/4144 248/9362/3992 38/9581/4086
f 287/9582/4052 31/9583/3951 252/9584/4061
f 3057/9231/3912 3013/9585/3854 3024/9232/3089
f 1820/9526/4115 1819/9586/4145 2168/9527/4093
f 304/9561/4035 274/9587/4075 273/9559/4135
f 239/9079/3939 269/9426/4020 276/9588/4124
f 43/9589/4146 34/9278/4023 72/9540/4127
f 274/9406/4075 268/9513/4098 275/9590/4147
f 313/9591/4148 312/9570/4138 310/9572/4074
f 310/9592/4074 311/9593/4131 313/9594/4148
f 320/9595/4149 246/9596/4149 254/9597/4149
f 314/9598/4073 315/9599/4111 318/9600/4150
f 2184/9601/4151 2172/9523/4118 2179/9522/4100
f 32/9602/4025 36/9603/4024 45/9604/4152
f 281/9493/4107 261/9492/3942 319/9605/4139
f 519/9606/4122 1261/9607/4153 521/9608/4120
f 2176/9578/4143 2179/9479/4100 2169/9478/4070
f 276/9609/4124 277/9610/4154 239/9471/3939
f 45/9604/4152 36/9603/4024 37/9611/4077
f 239/9471/3939 277/9610/4154 268/9472/4098
f 1260/9612/4121 1261/9613/4153 519/9614/4122
f 2177/9615/4142 2175/9616/4128 2178/9617/4155
f 248/9362/3992 305/9580/4144 249/9363/4058
f 2175/9563/4128 2167/9466/4096 2173/9528/4119
f 277/9618/4154 275/9619/4147 268/9620/4098
f 271/9558/4134 249/9557/4058 278/9621/4156
f 42/9622/4157 40/9623/3621 4/7998/3486
f 1819/9624/4145 1820/9517/4115 1747/9465/4085
f 259/9483/4103 265/9482/4102 279/9625/4158
f 316/9626/4159 323/9627/4160 315/9628/4161
f 2176/9629/4143 2184/9630/4151 2179/9631/4100
f 2997/8434/3674 3033/9556/4133 3029/9632/4162
f 265/9633/4102 324/9634/4163 279/9635/4158
f 1819/9636/4145 1747/9637/4085 2194/9638/4164
f 251/9367/4060 257/9547/4087 291/9639/4165
f 2918/9640/3546 3030/9641/4166 2920/9642/3877
f 2655/9422/4081 2649/9643/4012 2652/9313/4033
f 315/9644/4167 317/9645/4167 318/9646/4167
f 4/7998/3486 69/9574/4140 42/9622/4157
f 1749/9647/4168 1748/9648/4168 1747/9649/4168
f 3028/9650/4027 3030/9641/4166 2918/9640/3546
f 277/9618/4154 283/9651/4169 275/9619/4147
f 3031/9652/4170 3013/9585/3854 3057/9231/3912
f 259/9653/4103 279/9654/4158 280/9655/4130
f 320/9575/4141 311/9551/4131 309/9515/4114
f 33/9656/4043 41/9657/4171 39/9658/3945
f 273/9559/4135 274/9587/4075 275/9659/4147
f 2177/9660/4172 2178/9661/4172 2181/9662/4172
f 3057/9000/3912 2997/8434/3674 3029/9632/4162
f 266/9663/4173 281/9664/4173 320/9665/4173
f 278/9621/4156 249/9557/4058 282/9666/4174
f 275/9659/4147 283/9667/4169 294/9668/4175
f 288/9669/4176 33/9450/4043 289/9449/4089
f 2168/9527/4093 1819/9586/4145 2173/9670/4119
f 74/9671/4177 38/9437/4086 30/9439/3963
f 276/9534/4124 284/9672/4178 277/9618/4154
f 314/9598/4073 318/9600/4150 324/9673/4179
f 3059/9010/3916 2920/9009/3877 3030/9641/4166
f 69/9574/4140 20/8676/3775 70/9455/4091
f 2175/9563/4128 2173/9528/4119 2180/9674/4180
f 257/9547/4087 271/9558/4134 291/9639/4165
f 305/9675/4144 285/9676/4181 249/9677/4058
f 2649/9332/4012 2655/9678/4081 2645/9199/3983
f 270/9536/4125 284/9672/4178 276/9534/4124
f 251/9367/4060 291/9639/4165 252/9368/4061
f 318/9600/4150 325/9679/4182 324/9673/4179
f 3025/9275/4022 2897/8527/2857 3059/9680/3916
f 2177/9577/4142 2181/9681/4183 2176/9578/4143
f 275/9659/4147 294/9668/4175 273/9559/4135
f 42/9682/4157 30/9138/3963 40/8717/3621
f 252/9368/4061 291/9639/4165 292/9683/4184
f 328/9684/4185 1260/9530/4121 521/9529/4120
f 69/9685/4140 46/9686/4186 42/9687/4157
f 282/9688/4174 286/9689/4187 296/9690/4188
f 287/9582/4052 252/9584/4061 292/9691/4184
f 33/9692/4043 288/9693/4176 48/9694/4189
f 2184/9630/4151 2176/9629/4143 2189/9695/4190
f 1747/9696/4191 1748/9697/4191 2194/9698/4191
f 3032/9699/4192 3033/9700/4133 3020/9701/3954
f 270/9548/4125 280/9550/4130 299/9702/4193
f 3032/9699/4192 3020/9701/3954 3040/9703/4194
f 2178/9704/4195 2176/9705/4195 2181/9706/4195
f 273/9576/4135 294/9707/4175 289/9449/4089
f 3057/9000/3912 3029/9632/4162 3031/9708/4170
f 43/9709/4196 44/9710/4196 34/9711/4196
f 3056/9194/3231 3038/9712/4197 3058/9713/4106
f 287/9714/4052 292/9715/4184 319/9716/4139
f 2178/9617/4155 2175/9616/4128 2176/9717/4143
f 281/9718/4198 319/9719/4198 320/9720/4198
f 3032/9721/4199 3029/9722/4199 3033/9723/4199
f 319/9724/4139 311/9593/4131 320/9725/4141
f 299/9702/4193 284/9726/4178 270/9548/4125
f 277/9618/4154 284/9672/4178 283/9651/4169
f 2896/9727/4200 3060/9728/4200 3034/9729/4200
f 46/9686/4186 69/9685/4140 49/9730/4201
f 2180/9731/4202 2183/9732/4202 2175/9733/4202
f 288/9734/4203 289/9735/4203 300/9736/4203
f 312/9570/4138 313/9591/4148 322/9737/4204
f 278/9738/4156 282/9739/4174 297/9740/4205
f 321/9741/4206 316/9742/4159 312/9743/4138
f 3025/9275/4022 3059/9680/3916 3061/9744/4207
f 2172/9745/3973 2088/9746/4208 1746/9747/4079
f 290/9748/4209 319/9716/4139 292/9715/4184
f 2182/9749/4210 2175/9750/4210 2183/9751/4210
f 2172/9752/4211 2184/9753/4211 2185/9754/4211
f 291/9755/4165 271/9756/4134 293/9757/4212
f 71/9758/4213 37/9412/4077 35/9360/4057
f 1261/9613/4153 1260/9612/4121 1262/9759/4214
f 271/9756/4134 297/9740/4205 293/9757/4212
f 3056/9194/3231 3036/9760/4215 3038/9712/4197
f 280/9655/4130 279/9654/4158 299/9761/4193
f 2180/9762/4180 2173/9670/4119 2183/9763/4216
f 278/9738/4156 297/9740/4205 271/9756/4134
f 292/9764/4184 291/9765/4165 293/9766/4212
f 301/9767/4217 38/9437/4086 74/9671/4177
f 2176/9768/4143 2186/9769/4218 2189/9770/4190
f 294/9707/4175 300/9771/4219 289/9449/4089
f 43/9589/4146 46/9772/4186 49/9773/4201
f 286/9689/4187 282/9774/4174 249/9677/4058
f 2173/9670/4119 1819/9586/4145 2183/9763/4216
f 282/9739/4174 296/9775/4188 297/9740/4205
f 284/9776/4178 299/9777/4193 283/9778/4169
f 32/9779/4025 45/9780/4152 52/9781/4220
f 3028/9650/4027 3034/9782/4221 3030/9641/4166
f 3059/9010/3916 3030/9641/4166 3061/9783/4207
f 2194/9784/4164 1748/9785/4222 2188/9786/4223
f 1750/9787/4224 1748/9788/4224 1749/9789/4224
f 43/9589/4146 72/9540/4127 46/9772/4186
f 49/9790/4201 69/9791/4140 70/9792/4091
f 1750/9793/4099 1746/9747/4079 2088/9746/4208
f 321/9794/4206 312/9795/4138 322/9796/4204
f 283/9778/4169 295/9797/4225 294/9798/4175
f 47/9799/4226 30/9138/3963 42/9682/4157
f 3045/9800/4227 3025/9275/4022 3061/9744/4207
f 44/9801/4228 35/9360/4057 34/9359/4023
f 295/9802/4225 300/9771/4219 294/9707/4175
f 2175/9803/4128 2186/9769/4218 2176/9804/4143
f 324/9634/4163 333/9805/4229 279/9635/4158
f 3038/9806/4197 3036/9807/4215 3035/9808/4230
f 285/9676/4181 286/9689/4187 249/9677/4058
f 2182/9809/4231 2183/9810/4216 1819/9811/4145
f 315/9628/4161 323/9627/4160 326/9812/4232
f 323/9813/4160 316/9742/4159 321/9741/4206
f 1819/9636/4145 2194/9638/4164 2187/9814/4233
f 311/9593/4131 319/9724/4139 290/9815/4209
f 300/9771/4219 295/9802/4225 296/9816/4188
f 46/9817/4186 47/9818/4226 42/9819/4157
f 32/9280/4025 73/9820/4234 72/9540/4127
f 324/9821/4235 325/9822/4235 327/9823/4235
f 48/9824/4189 41/9657/4171 33/9656/4043
f 3036/9825/4236 3029/9826/4236 3035/9827/4236
f 43/9828/4237 49/9829/4237 44/9830/4237
f 3040/9831/4238 3020/9832/4238 3058/9833/4238
f 2175/9803/4128 2182/9834/4231 2186/9769/4218
f 315/9835/4239 326/9836/4239 317/9837/4239
f 70/9792/4091 39/9658/3945 41/9657/4171
f 3056/9194/3231 3025/9275/4022 3037/9838/4240
f 283/9778/4169 299/9777/4193 295/9797/4225
f 30/9138/3963 47/9799/4226 74/9839/4177
f 2655/9840/4081 2651/9841/4051 2654/9842/4063
f 327/9843/4241 333/9844/4229 324/9845/4163
f 297/9846/4205 296/9816/4188 295/9802/4225
f 2186/9769/4218 2182/9834/4231 2187/9847/4233
f 521/9608/4120 1261/9607/4153 1263/9848/4242
f 1748/9849/4243 1750/9793/4099 2088/9746/4208
f 1819/9636/4145 2187/9814/4233 2182/9850/4231
f 2655/9840/4081 2654/9842/4063 2645/9851/3983
f 3058/9852/4244 3038/9853/4244 3040/9854/4244
f 2172/9855/4245 2185/9856/4245 2088/9857/4245
f 318/9858/4150 327/9859/4241 325/9860/4182
f 50/9861/4246 49/9790/4201 70/9792/4091
f 311/9593/4131 290/9815/4209 313/9594/4148
f 297/9846/4205 295/9802/4225 298/9862/4247
f 317/9863/4248 326/9864/4232 318/9865/4150
f 3037/9838/4240 3039/9866/4249 3056/9194/3231
f 298/9867/4250 295/9868/4250 299/9869/4250
f 2184/9630/4151 2189/9695/4190 2185/9870/4251
f 296/9690/4188 286/9689/4187 300/9871/4219
f 3032/9872/4192 3040/9873/4194 3029/9874/4252
f 318/9858/4150 329/9875/4253 353/9876/4254
f 3038/9806/4197 3035/9808/4230 3040/9877/4194
f 290/9878/4255 292/9879/4255 334/9880/4255
f 290/9881/4209 334/9882/4256 313/9883/4148
f 3025/9275/4022 3045/9800/4227 3037/9838/4240
f 293/9766/4212 297/9846/4205 298/9862/4247
f 3030/9641/4166 3034/9782/4221 3062/9884/4257
f 49/9790/4201 50/9861/4246 44/9801/4228
f 1260/9885/4121 328/9886/4185 337/9887/4258
f 292/9764/4184 293/9766/4212 334/9888/4256
f 45/9889/4152 51/9890/4259 52/9891/4220
f 326/9892/4232 329/9893/4253 318/9894/4150
f 2088/9895/4260 2185/9896/4251 2191/9897/4261
f 279/9635/4158 333/9805/4229 299/9898/4193
f 2088/9899/4262 2191/9900/4262 2188/9901/4262
f 293/9766/4212 298/9862/4247 334/9888/4256
f 37/9611/4077 71/9902/4213 45/9604/4152
f 334/9882/4256 330/9903/4263 313/9883/4148
f 2186/9769/4218 2187/9847/4233 2189/9770/4190
f 51/9904/4259 45/9604/4152 71/9902/4213
f 3029/9874/4252 3040/9873/4194 3035/9905/4230
f 3060/9906/1591 3063/9907/4264 3034/9782/4221
f 1262/9759/4214 1264/9908/4265 1261/9613/4153
f 3043/9909/4266 3030/9641/4166 3046/9910/4267
f 3043/9909/4266 3061/9783/4207 3030/9641/4166
f 327/9843/4241 331/9911/4268 333/9844/4229
f 72/9912/4127 73/9913/4234 46/9817/4186
f 322/9737/4204 313/9591/4148 332/9914/4269
f 298/9915/4247 299/9898/4193 333/9805/4229
f 35/9360/4057 44/9801/4228 50/9861/4246
f 301/9916/4217 305/9580/4144 38/9581/4086
f 3062/9884/4257 3046/9910/4267 3030/9641/4166
f 3029/9917/4162 3036/9760/4215 3041/9918/4270
f 331/9919/4271 322/9920/4271 333/9921/4271
f 330/9922/4263 334/9923/4256 298/9915/4247
f 2188/9924/4272 1748/9925/4272 2088/9926/4272
f 46/9817/4186 73/9913/4234 47/9818/4226
f 3041/9918/4270 3031/9927/4170 3029/9917/4162
f 3034/9782/4221 3063/9907/4264 3062/9884/4257
f 3013/9585/3854 3031/9652/4170 3041/9928/4270
f 2191/9897/4261 2185/9896/4251 2189/9929/4190
f 331/9930/4268 327/9931/4241 343/9932/4273
f 3039/9866/4249 3036/9760/4215 3056/9194/3231
f 298/9915/4247 333/9805/4229 330/9922/4263
f 321/9741/4206 1260/9933/4121 335/9934/4274
f 52/9781/4220 73/9913/4234 32/9779/4025
f 333/9935/4229 322/9737/4204 332/9914/4269
f 322/9936/4204 331/9937/4268 343/9938/4273
f 2187/9814/4233 2194/9638/4164 2190/9939/4275
f 3037/9838/4240 3042/9940/4276 3039/9866/4249
f 335/9941/4274 1260/9885/4121 337/9887/4258
f 2190/9939/4275 2194/9638/4164 2191/9942/4261
f 1263/9943/4242 520/9944/4277 521/9945/4120
f 3036/9760/4215 3039/9866/4249 3041/9918/4270
f 332/9946/4278 313/9947/4278 330/9948/4278
f 3049/9949/4279 3043/9950/4279 3046/9951/4279
f 3045/9800/4227 3047/9952/4280 3042/9940/4276
f 3013/8871/3854 3041/9953/4270 3060/3544/1591
f 3037/9838/4240 3045/9800/4227 3042/9940/4276
f 335/9941/4274 326/9812/4232 323/9627/4160
f 330/9922/4263 333/9805/4229 332/9954/4269
f 337/9887/4258 326/9812/4232 335/9941/4274
f 2190/9939/4275 2189/9955/4190 2187/9814/4233
f 35/9956/4057 50/9957/4246 71/9902/4213
f 300/9871/4219 56/9958/4281 288/9693/4176
f 335/9934/4274 323/9813/4160 321/9741/4206
f 318/9858/4150 353/9876/4254 327/9859/4241
f 329/9893/4253 326/9892/4232 336/9959/4282
f 3045/9960/4283 3061/9961/4283 3044/9962/4283
f 353/9963/4254 343/9932/4273 327/9931/4241
f 56/9958/4281 300/9871/4219 286/9689/4187
f 47/9818/4226 73/9913/4234 74/9964/4177
f 520/9965/4284 328/9966/4284 521/9967/4284
f 2191/9942/4261 2189/9955/4190 2190/9939/4275
f 1263/9943/4242 1265/9968/4285 520/9944/4277
f 336/9969/4282 326/9970/4232 337/9971/4258
f 73/9913/4234 52/9781/4220 60/9972/4286
f 3045/9973/4227 3048/9974/4287 3047/9975/4280
f 70/9792/4091 53/9976/4288 50/9861/4246
f 70/9792/4091 41/9657/4171 53/9976/4288
f 1261/9607/4153 1264/9977/4265 1263/9848/4242
f 3049/9978/4289 3046/9979/4267 3050/9980/4290
f 2194/9784/4164 2188/9786/4223 2191/9981/4261
f 3042/9940/4276 3047/9952/4280 3062/9982/4257
f 3046/9979/4267 3062/9983/4257 3050/9980/4290
f 3047/9984/4280 3048/9985/4287 3062/9986/4257
f 3044/9987/4291 3043/9988/4266 3049/9989/4289
f 3043/9988/4266 3044/9987/4291 3061/9990/4207
f 3060/3544/1591 3041/9953/4270 3063/9991/4264
f 321/9741/4206 1262/9992/4214 1260/9933/4121
f 56/9958/4281 48/9694/4189 288/9693/4176
f 3039/9866/4249 3042/9940/4276 3041/9918/4270
f 3063/9993/4264 3042/9940/4276 3062/9982/4257
f 343/9938/4273 339/9994/4292 322/9936/4204
f 52/9891/4220 51/9890/4259 54/9995/4293
f 3048/9985/4287 3050/9996/4290 3062/9986/4257
f 353/9997/4254 329/9998/4253 338/9999/4294
f 55/10000/4295 41/9657/4171 48/9824/4189
f 3049/9978/4289 3050/9980/4290 3044/10001/4291
f 339/10002/4292 321/9794/4206 322/9796/4204
f 3042/9940/4276 3063/9993/4264 3041/9918/4270
f 3045/9973/4227 3044/10003/4291 3048/9974/4287
f 338/10004/4296 329/10005/4296 340/10006/4296
f 341/10007/4297 321/9794/4206 339/10002/4292
f 73/9913/4234 60/9972/4286 74/9964/4177
f 520/10008/4277 336/9969/4282 337/9971/4258
f 56/10009/4281 55/10000/4295 48/9824/4189
f 340/10010/4298 329/10011/4253 336/9969/4282
f 305/9675/4144 302/10012/4299 285/9676/4181
f 53/9976/4288 41/9657/4171 75/10013/4300
f 301/9767/4217 57/10014/4301 58/10015/4302
f 59/10016/4303 51/9904/4259 71/9902/4213
f 1264/9977/4265 1265/10017/4285 1263/9848/4242
f 50/9957/4246 59/10016/4303 71/9902/4213
f 328/10018/4185 520/10008/4277 337/9971/4258
f 305/10019/4144 301/10020/4217 58/10021/4302
f 52/9891/4220 54/9995/4293 60/10022/4286
f 285/9676/4181 302/10012/4299 286/9689/4187
f 3048/9985/4287 3044/10023/4291 3050/9996/4290
f 338/9999/4294 340/10010/4298 353/9997/4254
f 51/9890/4259 59/10024/4303 54/9995/4293
f 301/9767/4217 74/9671/4177 57/10014/4301
f 341/10007/4297 339/10002/4292 342/10025/4304
f 55/10000/4295 56/10009/4281 61/10026/4305
f 321/9794/4206 341/10007/4297 342/10025/4304
f 75/10013/4300 41/9657/4171 55/10000/4295
f 1264/9977/4265 1267/10027/4306 1265/10017/4285
f 1267/10027/4306 1264/9977/4265 1266/10028/4307
f 339/9994/4292 343/9938/4273 342/10029/4304
f 63/10030/4308 74/9671/4177 60/10031/4286
f 342/10032/4309 344/10033/4309 321/10034/4309
f 1267/10035/4306 520/9944/4277 1265/9968/4285
f 75/10036/4300 50/9957/4246 53/10037/4288
f 302/10012/4299 61/10038/4305 286/9689/4187
f 305/10019/4144 58/10021/4302 302/10039/4299
f 62/10040/4310 60/10022/4286 54/9995/4293
f 343/10041/4273 353/10042/4254 346/10043/4311
f 61/10038/4305 56/9958/4281 286/9689/4187
f 50/9957/4246 75/10036/4300 59/10016/4303
f 74/9671/4177 63/10030/4308 57/10014/4301
f 1267/10044/4312 1266/10045/4312 1268/10046/4312
f 59/10024/4303 62/10040/4310 54/9995/4293
f 62/10040/4310 63/10047/4308 60/10022/4286
f 340/10010/4298 336/9969/4282 520/10008/4277
f 57/10048/4301 302/10039/4299 58/10021/4302
f 63/10047/4308 64/10049/4313 57/10048/4301
f 347/10050/4314 343/10041/4273 346/10043/4311
f 344/10051/4315 1262/9992/4214 321/9741/4206
f 342/10029/4304 343/9938/4273 344/10052/4315
f 353/9997/4254 340/10010/4298 345/10053/4316
f 353/9997/4254 345/10053/4316 346/10054/4311
f 62/10040/4310 64/10049/4313 63/10047/4308
f 1262/9759/4214 351/10055/4317 1268/10056/4318
f 343/10057/4273 347/10058/4314 344/10051/4315
f 67/10059/4319 59/10016/4303 75/10036/4300
f 65/10060/4320 61/10026/4305 302/10039/4299
f 66/10061/4321 62/10040/4310 59/10024/4303
f 61/10026/4305 65/10060/4320 55/10000/4295
f 1264/9908/4265 1262/9759/4214 1268/10056/4318
f 66/10061/4321 59/10024/4303 67/10062/4319
f 57/10048/4301 65/10060/4320 302/10039/4299
f 67/10062/4319 75/10063/4300 65/10060/4320
f 66/10061/4321 64/10049/4313 62/10040/4310
f 55/10000/4295 65/10060/4320 75/10063/4300
f 1266/10064/4307 1264/9908/4265 1268/10056/4318
f 520/10008/4277 345/10053/4316 340/10010/4298
f 65/10060/4320 66/10061/4321 67/10062/4319
f 64/10049/4313 66/10061/4321 57/10048/4301
f 66/10061/4321 65/10060/4320 57/10048/4301
f 350/10065/4322 520/9944/4277 1267/10035/4306
f 348/10066/4323 347/10067/4314 346/10068/4311
f 348/10066/4323 346/10068/4311 349/10069/4324
f 345/10053/4316 349/10070/4324 346/10054/4311
f 1267/10071/4306 1268/10072/4318 350/10073/4322
f 347/10058/4314 348/10074/4323 344/10051/4315
f 344/10051/4315 348/10074/4323 351/10075/4317
f 344/10051/4315 351/10075/4317 1262/9992/4214
f 520/10008/4277 349/10070/4324 345/10053/4316
f 351/10076/4317 350/10073/4322 1268/10072/4318
f 520/10008/4277 1269/10077/4325 349/10070/4324
f 520/10008/4277 350/10078/4322 1269/10077/4325
f 352/10079/4326 351/10075/4317 348/10074/4323
f 349/10069/4324 1269/10080/4325 348/10066/4323
f 1269/10081/4327 350/10082/4327 351/10083/4327
f 352/10084/4326 348/10066/4323 1269/10080/4325
f 351/10085/4328 352/10086/4328 1269/10087/4328
