# pet_dragon: normalized for CS2Warcraft (Y-up, ground at y=0, scale 8.4156)
o pet_dragon
v 0.0456 9.1891 6.6875
v 0.0069 9.8944 5.5047
v -0.0520 9.7810 5.8195
v 0.1769 9.8358 5.8562
v 0.0464 9.8969 5.6108
v 0.1296 8.7422 6.8816
v 0.1626 9.5466 6.2511
v 0.2076 10.1168 6.1205
v 0.2072 9.7761 5.9631
v 0.2042 9.3966 6.3899
v 0.2581 10.2020 6.0408
v 0.2723 9.9470 6.0037
v 0.2715 10.2081 5.8266
v 0.2931 8.7725 6.9113
v 0.4176 8.9704 6.8473
v 0.2256 9.5601 6.4306
v 0.3285 10.2923 5.7759
v 0.3407 9.6332 6.4805
v 0.3194 10.2234 6.1048
v 0.3588 9.9706 6.0215
v 0.2869 9.9514 6.3515
v 0.4212 9.9962 6.2191
v 0.3144 10.1517 6.2127
v 0.3323 10.1644 5.9082
v 0.4162 10.1912 5.8649
v 0.3233 9.3351 6.5237
v 0.4062 9.5343 6.4365
v 0.4257 9.3729 6.4074
v 0.3915 10.1238 6.1162
v 0.5321 8.6974 6.9447
v 0.5763 9.1618 6.7351
v 0.5594 9.3374 6.5893
v 0.4630 9.7471 5.9994
v 0.4920 9.6630 6.1127
v 0.5302 9.4438 6.3882
v 0.4751 9.5788 6.2241
v 0.6602 9.8031 5.8870
v 0.5287 9.8298 5.8601
v 0.5616 9.8952 5.6374
v 0.6266 9.6088 6.2064
v 0.7216 9.4557 6.3490
v 0.7345 9.8868 5.6103
v 0.7140 8.6898 6.8717
v 0.7042 9.8314 5.7485
v 0.8948 9.8842 5.2463
v 0.9340 9.6286 6.0089
v 1.0044 9.8244 5.4671
v 0.8202 9.6226 6.0200
v 1.0257 9.2714 6.4888
v 0.9437 9.2127 6.5883
v 1.0998 9.4177 6.2328
v 0.8912 8.6179 6.9069
v 1.1661 8.9588 6.7250
v 1.0591 9.6311 5.8327
v 1.3268 9.4262 5.9683
v 1.2683 9.4199 6.0990
v 1.4133 9.2426 6.3558
v 1.4224 9.0490 6.5441
v 1.3318 9.5708 5.6572
v 1.2440 9.6982 5.3999
v 1.2595 8.8664 6.7021
v 1.4535 9.3979 5.8728
v 1.4820 8.8464 6.4703
v 1.5990 9.2421 6.1185
v 1.4996 9.4283 5.6646
v 1.5788 9.5783 5.0718
v 1.5718 8.7779 6.2701
v 1.5118 8.7683 6.3418
v 1.7280 9.2293 5.5964
v 1.8787 8.8902 6.0206
v 1.7457 9.4220 4.9985
v 1.6831 9.0876 6.2608
v 1.9118 8.9892 5.8628
v 1.8515 8.4511 5.7593
v 2.0081 8.7985 5.6734
v 0.0285 9.3170 6.5793
v 0.3209 9.2801 6.6627
v 1.0649 9.7237 5.7000
v 0.2917 8.6338 6.9736
v 0.2866 7.1656 8.0000
v 0.0562 7.4925 7.9705
v -0.0486 7.7398 7.8285
v 0.3585 8.4009 7.0526
v 0.5790 7.1386 7.9080
v 0.4436 7.3813 7.9801
v 0.5931 8.3007 7.0204
v 0.4418 7.4097 7.7749
v 0.2669 8.0921 7.3263
v 0.6683 8.1137 7.0036
v 0.7901 7.7520 7.7349
v 0.4608 8.8673 6.9002
v 0.6956 7.8063 7.3596
v 0.7706 7.0796 7.7845
v 0.7308 7.5860 7.7077
v 0.5414 7.4671 7.6630
v 0.5186 7.3726 7.8591
v 0.8411 7.7471 7.5666
v 0.8707 7.5272 7.6790
v 0.8506 7.8346 6.7661
v 0.7447 7.8129 7.6565
v 0.9550 9.0085 6.7150
v 0.9508 7.4497 7.4833
v 1.0862 7.3435 7.0703
v 0.8481 7.7296 7.6805
v 0.8172 7.9249 6.8871
v 0.9801 8.4101 6.7192
v 0.9564 7.8797 6.6161
v 1.3161 7.7630 6.3936
v 0.9463 7.2562 7.6130
v 0.9293 7.9189 6.5215
v 0.8848 7.9091 6.6890
v 1.0621 8.3882 6.6844
v 1.0177 8.2457 6.6285
v 1.0510 7.8268 6.5068
v 1.1838 7.9492 6.5688
v 1.3393 8.2748 6.5702
v 1.1446 8.4862 6.5746
v 1.3685 7.3261 6.3884
v 1.4575 7.8987 6.4155
v 1.4306 8.4261 6.4815
v 1.2870 8.6012 6.4612
v 1.3946 8.6725 6.4536
v 1.2109 8.6267 6.5989
v 1.4937 8.2421 6.4729
v 1.5598 8.5920 6.1762
v 1.5591 8.4811 6.3275
v 1.5108 7.7721 6.2421
v 1.1839 7.6881 6.4440
v 1.7218 8.0631 6.1511
v 1.9449 7.4829 5.6995
v 1.4349 7.7177 6.3393
v 1.6840 7.7957 6.0819
v 1.6054 7.8163 6.1313
v 1.7783 7.8511 5.9405
v 1.6183 8.5624 6.1379
v 1.6949 7.9002 5.9893
v 1.6849 8.6644 6.1994
v 1.7283 8.6679 6.0216
v 1.7546 8.3266 6.0785
v 1.5572 7.6486 6.1522
v 1.7254 8.4429 5.9961
v 1.8851 7.7227 5.8183
v 1.7751 8.0588 5.8257
v 1.7924 8.2702 5.8426
v 1.9405 7.8851 5.6837
v 1.8248 8.4697 5.9877
v 1.8685 8.0768 5.7703
v 1.8821 8.3393 5.8181
v 2.0287 7.7279 5.5508
v 2.0888 7.9572 5.1893
v 2.0470 8.3218 5.0726
v 2.0738 7.4708 5.4088
v 2.1459 7.7000 4.9687
v 2.1023 7.3717 4.9272
v 1.9759 8.2344 5.4887
v 0.0758 9.9445 5.2922
v -0.0521 9.9445 5.0058
v -0.1409 9.3259 3.6716
v 0.2273 9.8204 4.4321
v 0.1548 9.3186 3.7190
v 0.2227 8.8330 2.4682
v 0.1842 9.4646 3.3263
v 0.2619 9.0616 3.4559
v 0.3214 9.4544 2.9859
v 0.1724 10.2091 5.3729
v 0.2309 9.0162 3.0641
v 0.2665 9.9445 5.1380
v 0.1509 9.9202 5.3508
v 0.1864 9.8692 4.5625
v 0.2019 10.1031 4.5709
v 0.2083 10.0638 4.3437
v 0.3062 10.1466 5.1321
v 0.3711 10.5135 5.4158
v 0.2085 10.5557 5.1104
v 0.3229 9.5580 4.0179
v 0.2781 10.4012 5.0309
v 0.3677 10.2203 5.1063
v 0.4517 9.5505 3.9986
v 0.3523 10.3764 3.9003
v 0.3399 10.8664 4.5122
v 0.3441 9.7840 4.3630
v 0.2870 10.1133 4.0765
v 0.3333 10.2987 4.7339
v 0.4046 10.2995 4.6984
v 0.3714 10.2376 4.2828
v 0.5247 9.8586 4.5493
v 0.3368 10.2508 5.0203
v 0.4368 9.6710 3.6445
v 0.4077 9.7336 3.2573
v 0.3791 10.8233 4.4819
v 0.4137 10.1582 5.1291
v 0.4315 10.8331 4.5229
v 0.4101 10.6782 4.6432
v 0.3713 10.0907 4.0504
v 0.4523 10.1036 4.1145
v 0.5356 10.1013 4.5418
v 0.4538 9.9513 5.1479
v 0.5133 10.6331 4.9960
v 0.3889 10.3628 3.9123
v 0.4715 9.0487 3.0520
v 0.5537 10.2639 5.4384
v 0.4696 10.3213 5.1340
v 0.5619 9.9362 5.4835
v 0.5564 9.6091 3.1855
v 0.4470 9.0737 3.3538
v 0.5025 9.9413 4.8782
v 0.4710 9.0487 3.4448
v 0.5936 9.3271 3.7254
v 0.9005 9.8893 4.7126
v 0.6512 8.8171 3.3139
v 1.0060 9.8582 5.1014
v 0.8560 9.8093 4.2289
v 0.8350 9.6806 3.9744
v 0.8483 9.6527 4.0063
v 0.8983 9.5389 3.8269
v 1.1256 9.9254 4.5982
v 0.9676 10.1599 4.0793
v 0.9240 9.8743 4.3677
v 1.0021 9.8825 3.4710
v 0.9473 9.9462 4.3992
v 1.2081 9.9776 4.6345
v 1.1295 9.3124 3.6006
v 1.1628 10.3798 4.0534
v 1.2166 10.3496 4.2596
v 1.2854 9.7918 4.9375
v 1.3864 9.6012 5.4416
v 1.5610 10.2479 4.4749
v 1.4942 9.8497 4.7487
v 1.3796 9.8935 4.7152
v 1.5793 9.8433 4.7699
v 1.8594 10.0921 4.5159
v 1.7259 9.7583 4.7822
v 1.7577 9.6285 4.7941
v 2.0156 10.0986 4.4175
v 0.9009 9.1811 3.5803
v 1.4968 10.4607 4.1873
v 0.3309 8.8074 2.3102
v 0.2832 8.7107 2.4630
v 0.2195 9.6265 3.2133
v 0.3085 8.8986 2.2947
v 0.3399 9.8132 2.8861
v 0.4459 9.4433 2.9946
v 0.3523 9.1026 3.2915
v 0.4157 9.7047 2.8600
v 0.3955 8.8972 2.2572
v 0.4795 9.6646 2.9295
v 0.3855 9.8231 2.8654
v 0.4333 9.8300 2.9255
v 0.4757 8.8525 2.3788
v 1.0212 11.2480 2.5876
v 1.0605 11.4042 2.4308
v 1.0709 9.6344 3.4268
v 1.0530 11.1493 2.4733
v 1.2372 10.8418 3.1301
v 1.0566 11.0562 2.5772
v 1.1959 10.9549 2.5065
v 1.2271 10.4684 3.6419
v 1.0668 11.3126 2.3949
v 1.2058 11.2262 2.3802
v 1.0911 10.3305 3.5329
v 1.2282 10.4529 3.1028
v 1.1774 10.5523 3.4072
v 1.2755 10.5937 2.8953
v 1.3422 10.9398 2.4913
v 1.2862 9.4765 3.3278
v 1.2293 10.6476 3.3228
v 1.4218 10.7160 3.4341
v 1.5056 11.1291 2.5711
v 1.5500 10.0088 2.9801
v 1.3058 10.4392 4.1464
v 1.1975 11.3842 2.3934
v 1.4652 10.4702 3.7678
v 1.1067 11.4079 2.5447
v 1.3559 11.1708 2.9755
v 1.2372 11.4126 2.4983
v 1.5529 11.1034 3.0615
v 1.6912 11.0519 2.9578
v 1.7232 10.6374 3.5105
v 1.6739 10.4248 4.1188
v 1.4829 10.4102 2.8309
v 1.8211 10.3335 3.9017
v 1.7518 10.7083 2.7640
v 1.4995 10.8903 2.5548
v 1.8351 10.7898 2.9261
v 2.1846 9.5647 2.8499
v 1.9093 9.8149 2.8335
v 1.9318 10.5923 3.2291
v 1.6811 10.3746 4.3066
v 2.0622 10.1678 3.1084
v 2.0513 10.1404 4.3114
v 1.8840 9.9570 2.8674
v 2.0859 10.1579 3.5792
v 2.2432 10.5728 2.4571
v 1.9380 10.0859 2.9396
v 2.2999 9.9068 4.0256
v 2.1409 10.3156 2.4457
v 2.1756 10.1402 2.4471
v 2.2504 10.0167 2.4836
v 2.1556 9.9665 4.3285
v 2.3995 11.0262 2.0001
v 2.4123 9.7355 3.9626
v 2.3382 10.9422 2.1388
v 2.3478 9.6331 2.8158
v 2.5032 10.0796 3.4125
v 2.5531 10.1006 2.4912
v 2.6775 10.4040 2.6701
v 2.6199 9.8571 3.3947
v 0.3203 9.6721 2.8886
v 1.8185 10.0676 3.0253
v 1.7857 10.9240 3.0598
v 1.9455 10.1466 3.1638
v 2.2817 10.1250 3.4214
v 1.3495 9.1634 3.5813
v 1.3279 7.6742 3.5770
v 1.4641 8.2232 3.5623
v 1.8844 9.1851 3.3569
v 1.3482 8.9320 3.6150
v 1.6466 9.0454 3.7328
v 1.7135 9.0204 3.9027
v 1.4799 7.7818 3.6205
v 1.7791 7.8771 3.8213
v 1.8972 8.1511 3.9591
v 1.7746 8.7495 4.0165
v 1.8804 8.8407 4.2463
v 1.8518 9.0164 4.1352
v 1.8691 9.1894 4.8905
v 1.9163 9.4231 4.7167
v 1.9199 7.6707 4.0721
v 1.9255 9.0745 4.3419
v 1.9218 8.3158 4.0463
v 2.0674 9.2070 4.0779
v 1.9400 9.0134 4.5340
v 2.0146 9.1618 4.4117
v 2.1246 9.1984 3.3500
v 1.9218 8.8067 4.4179
v 2.0634 8.8107 3.8947
v 1.7846 8.6084 3.9576
v 2.1386 9.1464 3.5467
v 2.0062 8.4303 4.2279
v 1.8658 8.4341 4.0138
v 2.2521 9.2315 3.7656
v 2.1961 8.7609 4.2795
v 2.2024 9.5406 4.2388
v 1.9677 9.5157 4.7060
v 1.9829 8.6055 4.5301
v 2.0422 8.0428 4.3612
v 2.1104 7.9551 4.5274
v 2.2138 8.8925 3.9519
v 1.9648 7.6808 4.1625
v 1.9524 7.8023 3.8979
v 2.3249 8.5084 4.0594
v 2.0720 8.3361 4.4861
v 2.3237 8.4861 3.8806
v 2.1048 7.7633 4.5569
v 2.3696 7.8782 4.2611
v 2.0785 7.5409 4.5415
v 2.2283 8.8770 4.1424
v 2.3782 7.7680 4.0480
v 2.1268 8.0011 4.2456
v 2.2235 8.8020 3.9659
v 2.2485 8.1932 4.4723
v 2.4498 8.2708 4.0144
v 2.3999 8.0674 3.5785
v 2.3051 9.2473 3.5168
v 1.8982 8.0210 3.8468
v 2.1213 8.7547 4.3902
v 2.1448 8.9067 4.1522
v 2.0811 8.0762 4.5014
v 2.0867 8.1648 4.5279
v 2.3825 9.4790 3.9268
v 2.1810 8.8157 3.9041
v 2.2823 9.3707 3.1434
v 2.4694 7.9441 4.0604
v 2.3410 7.9769 4.0725
v 2.7351 8.4927 3.5444
v 2.4898 9.7098 2.8557
v 2.5590 9.6097 3.2960
v 2.4539 7.9048 3.9658
v 2.4729 8.0175 3.6348
v 2.3123 7.7339 3.9789
v 2.9134 8.4278 3.5388
v 2.3792 8.3002 4.3965
v 2.6076 8.2680 3.4748
v 2.6689 10.0522 2.7731
v 2.6590 8.4741 2.5041
v 2.7307 8.4834 3.9225
v 2.9121 8.4387 3.7325
v 2.8576 8.4380 3.4613
v 2.8035 8.4358 3.4381
v 2.9208 8.4647 3.6564
v 2.8440 8.4259 2.9332
v 1.9748 9.2061 4.5198
v 1.9685 9.3895 4.6845
v 2.7677 8.3071 3.7192
v 0.0669 7.9435 2.9617
v 0.1883 8.2716 2.9798
v 0.0749 8.1243 3.2428
v 0.0603 8.5794 3.2381
v 0.1647 7.9318 2.6016
v 0.3408 8.4081 3.0253
v 0.2131 8.3536 3.2107
v 0.4668 8.6949 2.5205
v 0.3659 8.3014 2.7300
v 0.4373 8.2344 2.6460
v 0.6276 8.2196 2.9374
v 0.4707 8.4079 3.0502
v 0.4750 7.7620 2.1685
v 0.5448 8.3999 3.1899
v 0.7107 8.2043 3.2054
v 0.4787 7.5548 3.2724
v 0.7392 7.9684 3.2263
v 0.6978 8.6448 3.2638
v 0.8790 8.1546 3.2614
v 0.9879 8.6941 3.3556
v 0.6788 7.7963 3.2393
v 1.1257 9.0612 3.5476
v 1.1472 7.4895 3.5821
v 0.5310 6.6280 5.3011
v 0.4643 6.4364 5.1527
v 0.4607 6.3470 7.0168
v 0.4643 6.6052 7.6645
v 0.4078 6.7597 7.7630
v 0.4500 6.7913 7.8375
v 0.5140 6.0551 5.0053
v 0.6501 6.5154 7.4192
v 0.3738 6.3365 7.2495
v 0.3558 6.5513 5.7321
v 0.2163 6.6494 5.2926
v 0.4152 5.0579 5.1338
v 0.4582 4.5067 5.2590
v 0.6245 4.6034 5.1722
v 0.5736 6.7861 7.6876
v 0.7414 6.5084 7.2635
v 0.7282 6.6343 5.1800
v 0.8052 6.6802 7.4399
v 0.6828 3.8838 5.2215
v 0.9039 6.6264 6.3626
v 0.4131 3.7540 5.2964
v 0.4464 3.6714 5.2356
v 0.9014 6.5907 6.8943
v 0.7718 6.8628 7.6933
v 0.8350 6.8505 7.4753
v 1.2201 6.7800 5.9355
v 0.9983 6.8335 7.1115
v 1.1533 7.0431 6.9218
v 1.0338 6.7410 6.4561
v 1.3103 6.7455 5.1122
v 1.7376 6.9020 5.3274
v 1.4181 6.9800 5.9237
v 0.9314 6.7196 4.8857
v 1.6218 7.2556 5.9761
v 1.5083 7.2084 5.9551
v 1.2194 7.0860 6.3888
v 1.6685 7.0385 5.7313
v 1.7992 6.9961 5.5244
v 1.8985 7.0801 5.4883
v 1.9127 7.0283 5.3231
v 2.0002 7.1744 5.3669
v 0.9557 6.9323 7.2691
v 0.0667 6.8624 3.5018
v 0.2002 7.0837 2.9353
v 0.1856 7.8200 2.5657
v 0.3687 7.7132 2.2028
v 0.3170 6.8928 2.7574
v 0.1889 7.6486 3.2962
v 0.4157 7.1386 2.4381
v 0.3519 6.8513 3.3856
v 0.3212 6.3678 3.0608
v 0.3095 7.5246 3.2903
v 0.2097 5.9801 3.2597
v 0.4399 6.3967 3.0398
v 0.3678 7.8185 2.2223
v 0.3542 6.1759 2.6672
v 0.4450 6.8221 2.6458
v 0.5498 6.8668 3.3875
v 0.4134 6.0982 2.6177
v 0.4216 6.9219 2.3280
v 0.4690 6.8850 2.3683
v 0.3908 7.5218 3.1588
v 0.4296 7.6767 2.1954
v 0.4635 6.9573 2.3084
v 0.6357 6.2538 3.1438
v 0.4790 6.0922 2.6708
v 0.4169 6.2154 2.6824
v 0.6066 6.8963 3.0223
v 0.6512 6.1496 3.1201
v 0.4546 6.4831 3.3203
v 0.6684 6.9975 3.0437
v 0.6215 7.8337 2.5178
v 0.6021 5.8835 3.2195
v 0.4238 6.0242 2.6472
v 0.5329 5.9548 3.2235
v 0.6230 7.4258 3.3161
v 0.4731 7.2728 2.6231
v 0.7259 7.2574 3.4020
v 0.8049 5.6140 3.2034
v 0.6385 5.4096 2.8217
v 0.9721 6.9639 3.6980
v 0.6547 6.9899 3.4063
v 0.8461 6.5513 3.5701
v 1.0477 6.6189 3.8697
v 0.8882 6.0203 3.4374
v 0.9559 6.4053 4.6352
v 1.1208 6.9544 4.0461
v 1.1213 6.6110 4.3821
v 1.2051 5.6222 3.8543
v 1.1266 6.4287 4.1311
v 1.1376 6.7379 4.1511
v 1.0599 7.1272 3.7797
v 1.4616 7.4090 3.8179
v 1.2114 6.9331 4.3369
v 1.1504 6.8215 4.5890
v 1.6921 6.9130 4.9059
v 1.7742 7.1956 4.3329
v 1.8102 5.7869 2.7618
v 1.8338 5.5598 2.4045
v 1.8590 7.5170 4.0131
v 1.7911 7.3940 4.0350
v 1.9558 7.0858 4.9824
v 1.7132 7.2910 4.1256
v 1.8206 5.3837 2.3447
v 2.4283 6.0388 2.1013
v 2.2172 7.2753 3.8120
v 1.9765 7.1407 4.1508
v 1.8328 7.2021 4.4117
v 1.9076 5.7447 3.0359
v 2.2492 7.1716 4.0384
v 1.7274 5.1877 2.3815
v 2.3540 7.3517 3.7352
v 2.0014 7.3279 4.5423
v 2.4611 5.8452 2.0981
v 2.1730 5.5077 2.2127
v 2.2750 6.3866 2.4928
v 2.3828 7.4882 3.7863
v 2.4021 7.2894 3.7883
v 2.3848 6.3458 2.2389
v 2.5870 7.4343 3.9127
v 2.0416 7.6556 4.4094
v 2.7406 6.4296 2.8910
v 2.4171 7.2455 3.9409
v 2.4544 6.8036 2.7634
v 2.5036 6.6368 2.8701
v 2.1868 6.1211 2.8934
v 2.3946 7.4332 3.7319
v 2.6196 7.7370 2.8119
v 2.5717 7.4089 3.8068
v 2.5529 7.6506 2.6698
v 2.4864 5.5887 2.8579
v 2.8060 6.0309 2.6928
v 0.6994 5.8132 3.2057
v 0.6933 6.2300 3.3301
v 0.3834 5.1512 2.4535
v 0.5463 4.8449 1.9687
v 0.3900 5.3976 5.0440
v 0.5601 4.3817 5.2432
v 0.9553 4.8524 4.9180
v 0.8071 6.2909 4.8799
v 1.1128 4.2175 4.9502
v 0.8251 5.7122 4.7342
v 0.9786 5.5692 4.6821
v 0.8783 5.3676 4.8344
v 0.8955 5.2735 4.7952
v 0.8780 5.4787 4.7461
v 0.9734 5.0797 2.7700
v 0.8631 6.0089 4.6734
v 1.1162 5.6743 4.5484
v 1.1843 5.3275 2.7814
v 1.0417 6.3136 3.7916
v 1.1938 5.2122 2.6081
v 1.2034 5.7524 4.3283
v 1.1573 4.2625 4.8891
v 1.4852 4.0769 4.9082
v 1.1258 6.1566 4.3352
v 1.2068 5.8383 4.1424
v 1.2120 5.5192 4.4547
v 1.5272 4.3519 4.8467
v 1.1413 5.3063 3.2181
v 1.7078 5.6780 2.9205
v 1.2417 5.5128 4.1466
v 1.3640 5.3004 3.6411
v 1.5033 4.8093 4.6655
v 1.5562 4.8773 4.4866
v 1.1521 5.4372 3.4968
v 1.3451 5.1116 3.2747
v 1.2812 3.7333 4.8365
v 1.6119 4.5002 4.7373
v 1.3992 4.9500 3.2051
v 1.5980 4.8784 3.6127
v 1.4648 4.8038 3.1472
v 1.5962 5.0994 3.2503
v 1.2854 5.2197 3.2963
v 1.7127 4.6925 4.0992
v 1.5860 4.4369 2.9680
v 1.7659 4.4776 3.7478
v 1.7804 3.6202 4.8397
v 1.6978 4.5521 4.5587
v 1.8107 4.4270 4.1399
v 2.3436 5.6500 2.9952
v 2.0881 5.7861 3.0570
v 2.0203 5.2029 3.0434
v 2.2708 5.3260 2.5652
v 1.6637 4.6763 2.2788
v 0.9460 5.3889 3.2203
v 1.0741 5.2998 3.1385
v 0.9698 4.8765 4.8709
v 1.3203 4.8253 4.7850
v 1.2927 5.4155 3.9087
v 1.5220 5.0783 3.9247
v 1.7886 4.8909 2.9877
v 1.9460 5.0799 2.7087
v 2.3721 5.3938 2.6643
v 2.4444 11.1143 2.0129
v 2.5082 11.0672 1.9638
v 2.4570 11.1172 2.0852
v 2.5870 11.0352 2.0188
v 2.5370 11.1360 2.0543
v 2.5759 10.6045 2.5903
v 2.6245 10.9913 2.1668
v 4.3575 9.9187 2.1386
v 3.8373 9.4819 2.1421
v 4.3860 9.8639 2.3750
v 4.8376 10.1369 1.8117
v 4.3155 8.5243 2.2019
v 4.7391 9.0328 1.6563
v 4.5188 8.9537 1.5866
v 4.0648 9.1750 2.1209
v 4.4704 9.1660 1.8461
v 4.6928 9.6607 1.9205
v 4.7907 9.6646 2.3816
v 5.0210 10.1179 1.6831
v 3.8064 9.3185 2.0313
v 5.6787 10.4790 2.0065
v 5.3608 10.0686 1.6936
v 5.3878 9.1552 1.3984
v 5.4753 10.4756 1.8509
v 5.1721 9.0317 1.9810
v 5.8653 9.9906 1.7536
v 6.1052 10.5243 1.4126
v 6.5191 10.8177 1.6726
v 5.9579 10.2993 1.7714
v 6.6776 10.8128 1.6999
v 6.0078 10.2506 1.4157
v 6.0233 9.9213 1.3210
v 6.0047 10.1605 1.6485
v 6.1441 10.4326 1.4076
v 5.5767 10.0860 1.9649
v 6.2264 10.2741 1.5213
v 6.4615 10.5193 1.5905
v 6.2528 10.4445 1.8052
v 6.4291 10.7601 1.3848
v 6.2037 10.2442 1.5788
v 6.5725 10.5916 1.4501
v 6.7409 10.7508 1.6842
v 6.9963 11.0830 1.2074
v 7.0703 10.9494 1.2071
v 6.6423 10.6892 1.3202
v 6.8678 10.7146 1.5128
v 7.0467 10.9759 1.5581
v 7.1573 11.1785 1.2883
v 7.1645 10.9278 1.3681
v 7.1342 11.1373 1.1924
v 7.1779 11.1535 1.3884
v 7.1380 10.9607 1.4943
v 7.2433 11.0558 1.3725
v 7.2046 11.0483 1.2136
v 7.2252 11.1626 1.2514
v 7.2583 11.1153 1.2747
v 4.8808 9.9759 2.3908
v 4.7545 10.1179 2.1679
v 5.9638 10.4013 1.4604
v 5.5070 10.4443 1.6414
v 6.5480 10.9022 1.4703
v 6.4514 10.6931 1.3389
v 6.9593 11.0908 1.4504
v 4.2448 8.6811 1.6070
v 5.3197 8.9898 1.2007
v 5.5161 8.5042 1.6095
v 4.9134 8.7194 1.9774
v 5.1193 8.0347 1.7585
v 6.4580 8.5671 0.6026
v 4.8152 8.7594 1.5234
v 4.7655 7.9617 1.3778
v 5.7820 7.4209 0.7407
v 4.9925 9.0446 1.3539
v 6.3747 9.2852 0.9759
v 5.8019 7.3638 0.6216
v 5.9059 7.1480 0.4648
v 5.5653 8.9293 1.2156
v 5.3321 7.7390 1.5622
v 5.8839 8.9017 1.5554
v 6.0036 7.1717 1.0553
v 5.6566 7.3738 1.4079
v 5.2468 7.4407 1.4705
v 5.6676 7.4848 1.2652
v 5.9941 7.3246 1.0121
v 6.3698 7.8168 0.8614
v 6.3992 9.2219 0.7799
v 5.4961 8.9522 1.9552
v 5.9618 9.0754 1.6949
v 5.8953 7.1086 0.5261
v 6.4394 9.1232 0.7559
v 6.0351 9.1553 1.5618
v 5.6983 7.2165 1.0937
v 6.1767 7.1138 0.9776
v 6.0825 9.0143 0.9973
v 6.0850 7.0190 0.4447
v 6.3214 8.9937 1.4214
v 6.1129 6.8021 0.5205
v 6.2760 6.9282 0.3956
v 6.1515 6.7802 0.7147
v 6.3036 9.6267 1.4092
v 5.5165 9.0809 1.8580
v 6.6208 6.8649 0.2531
v 6.4221 6.8131 0.6632
v 6.2043 7.1955 0.9085
v 6.4841 8.9601 1.1310
v 6.4399 6.9783 0.7756
v 6.2570 9.1714 1.4220
v 6.3619 7.5493 0.7772
v 6.2292 7.4333 0.5604
v 6.4372 7.2836 0.7613
v 6.3090 7.1564 0.4646
v 6.5699 9.1884 1.2249
v 6.2953 9.8099 1.4353
v 6.2282 7.9783 0.6081
v 6.4325 8.2195 0.6201
v 6.5438 7.0893 0.6629
v 6.7695 8.8502 0.6345
v 6.8314 6.9243 0.3339
v 6.5904 6.7548 0.4585
v 6.7411 8.7267 0.7064
v 6.5956 9.0612 0.7621
v 6.7576 9.4387 1.1770
v 6.6836 8.9531 0.6347
v 6.6789 6.7814 0.2892
v 6.8931 9.4057 1.0394
v 6.6546 9.4373 0.9684
v 6.2548 9.8539 1.3884
v 6.7049 6.9153 0.6508
v 6.7223 6.8091 0.6073
v 6.7494 8.6443 0.7823
v 6.7125 8.6184 0.8835
v 7.0278 9.2283 0.5999
v 6.8934 6.8655 0.4219
v 6.8689 9.2092 1.0541
v 6.8566 6.8291 0.5091
v 6.7791 6.8816 0.2539
v 7.0379 9.3122 0.7930
v 6.8208 6.7401 0.3489
v 6.8830 6.8402 0.3252
v 6.8830 6.7749 0.4014
v 6.8509 8.8343 0.9316
v 6.9602 8.8359 0.8038
v 7.2520 9.0840 0.5004
v 7.2808 9.1927 0.8784
v 7.4397 9.1119 0.8239
v 7.3808 9.2688 0.8217
v 7.4756 8.9954 0.6453
v 7.3884 9.1891 0.4130
v 7.9073 9.2558 0.4931
v 7.7379 9.1275 0.3221
v 7.6322 9.2643 0.4018
v 7.9010 9.0634 0.4971
v 7.8730 9.2262 0.3564
v 7.9248 9.1624 0.3818
v 7.7455 9.1970 0.7119
v 7.8839 9.1129 0.6004
v 7.9608 9.1705 0.4697
v 2.3017 10.3523 2.2682
v 2.3692 10.6367 2.5385
v 2.5394 10.8940 2.0075
v 2.6721 10.3647 2.4471
v 2.5636 7.2776 2.4152
v 2.6667 8.4931 2.6985
v 2.8001 8.6145 2.5529
v 2.8008 8.5161 2.3848
v 2.7414 8.5466 2.4505
v 2.8755 7.9500 2.2774
v 2.8401 8.2612 2.2270
v 2.9249 7.8536 2.2784
v 2.8465 6.8711 2.1268
v 2.6903 8.4197 2.4037
v 3.1480 8.8143 2.4629
v 3.1495 8.7595 2.2754
v 3.0571 7.6605 2.3354
v 3.0354 7.7179 2.3351
v 2.7969 8.6476 2.8095
v 2.9200 8.5231 2.9255
v 3.2402 8.9022 3.0076
v 3.0805 8.3454 2.9651
v 2.8636 7.5413 2.9661
v 3.1881 9.1801 2.9346
v 2.8894 8.4256 2.2050
v 3.1582 7.3543 2.4722
v 3.0290 8.0269 2.0855
v 3.0678 7.5822 2.5624
v 3.2585 7.7343 2.5807
v 3.2012 8.0682 2.8326
v 3.2945 8.5218 2.1637
v 3.0508 8.3381 2.0472
v 3.2317 9.2985 2.7985
v 3.3781 9.4252 2.9195
v 3.2837 8.0692 2.7662
v 3.2733 8.5144 2.0363
v 3.4352 8.3957 1.8543
v 3.5515 8.5983 2.8304
v 3.2416 8.6245 2.1277
v 3.3679 8.1975 2.7214
v 3.6442 8.2679 2.0475
v 3.5569 9.4069 2.9760
v 3.4454 7.8993 2.1894
v 3.6846 7.5187 2.4087
v 3.5036 8.4547 2.7357
v 3.5151 9.5076 2.8760
v 3.6015 9.4960 2.8538
v 3.5738 9.3082 2.5688
v 3.4453 9.2563 2.6648
v 3.6521 9.4451 2.9183
v 3.5961 9.3193 2.7754
v 3.5974 9.2494 2.8423
v 3.6936 9.1503 2.7664
v 4.4636 8.8708 1.5046
v 3.9500 8.5182 2.5379
v 3.6319 8.5677 2.5623
v 3.6415 8.2743 2.4308
v 3.8121 8.3386 2.3712
v 4.2221 7.8351 2.1040
v 4.1442 9.0417 2.3994
v 4.5446 9.7170 1.8552
v 4.0838 8.4534 1.8552
v 4.1407 8.1910 1.7971
v 3.4418 8.5605 2.1872
v 4.6546 8.0210 1.9810
v 4.6025 8.9121 2.2116
v 4.8590 9.6325 2.2028
v 4.2124 9.3985 2.6762
v 2.5226 10.3135 2.3032
v 2.4420 10.0774 2.4439
v 3.1499 7.8707 2.8731
v 3.6549 9.2771 2.7172
v 2.8863 5.1911 1.6849
v 2.0318 4.8620 2.3144
v 3.0008 6.9663 2.1955
v 2.7013 6.6128 2.0921
v 3.0564 5.4245 1.4436
v 3.0487 5.2552 1.4585
v 3.0103 6.6476 2.6087
v 2.8857 6.1026 2.3776
v 2.8341 6.0564 2.4377
v 3.4514 5.7708 1.7952
v 2.8072 6.1327 2.7793
v 3.0601 7.4531 2.5147
v 3.2525 7.2576 2.0538
v 3.3036 7.3831 2.0529
v 2.9709 7.9073 2.1477
v 4.1375 5.7335 0.9213
v 3.7191 6.7850 1.6145
v 3.5901 7.2945 2.2333
v 3.7741 7.2279 1.6028
v 3.5548 7.7309 2.0839
v 3.4982 7.8205 2.1648
v 4.2404 6.0379 1.4608
v 3.5857 7.9146 2.0628
v 3.2147 7.8954 2.7065
v 3.0422 5.3165 1.4313
v 4.0500 5.2365 0.8634
v 3.6315 7.5922 1.9742
v 3.6981 7.6022 2.3300
v 3.5234 7.8643 2.3778
v 3.7179 7.4460 1.8668
v 3.7167 7.5762 2.2154
v 3.6254 7.8418 2.3083
v 3.8746 6.4954 1.4147
v 3.2072 7.9856 2.0339
v 3.7361 7.3199 2.2992
v 3.9898 7.0833 1.9541
v 4.0108 7.1663 1.5774
v 4.1577 6.5141 1.8270
v 4.0164 6.6128 1.8237
v 4.1092 7.9336 1.5029
v 3.1847 8.2519 2.0144
v 3.8710 7.0651 2.1925
v 3.8773 7.1633 1.6897
v 3.9729 7.0086 2.1144
v 4.4817 7.8196 2.0917
v 4.0265 6.8263 1.4658
v 4.0151 6.1195 1.1558
v 3.7754 6.7136 1.3711
v 3.6112 7.2967 1.6066
v 4.3807 5.1659 0.8495
v 4.4595 7.7868 1.3484
v 3.8447 8.2478 2.3327
v 4.2403 6.5866 1.6979
v 4.2439 5.3543 0.7002
v 4.3299 5.7249 0.8345
v 4.2608 6.4236 1.7535
v 4.0451 6.4399 1.1122
v 4.3679 5.5687 0.7089
v 4.1410 5.8656 0.8257
v 4.1833 8.0332 1.5066
v 3.4611 8.0165 2.6142
v 4.3666 8.0083 2.2423
v 4.4287 5.6305 1.2421
v 4.5089 7.7221 1.4401
v 3.8920 7.8989 1.8177
v 4.3677 5.4553 1.0332
v 4.9736 6.1117 0.4976
v 4.5655 5.8026 1.0968
v 4.5063 5.5830 0.9549
v 4.4650 5.7244 1.2730
v 4.4288 5.3328 0.5353
v 4.6002 5.5766 0.5907
v 4.3665 6.1333 1.4303
v 4.5951 5.1207 0.7276
v 4.5867 5.3190 0.6880
v 4.7828 5.7652 0.9271
v 5.5078 7.2699 0.7804
v 4.7792 7.5677 1.2953
v 4.9960 6.0590 0.9665
v 5.1062 6.0475 0.5004
v 4.7052 5.5527 0.7351
v 5.1277 5.9236 0.6616
v 5.2831 7.6077 1.7191
v 5.8908 6.8294 0.4662
v 5.6058 6.7872 0.9967
v 5.8586 6.6960 0.5345
v 5.9175 6.6888 0.7489
v 5.3662 6.1551 0.7420
v 2.4546 5.0904 2.1475
v 4.5907 5.3326 0.7482
v -1.7349 9.4634 3.7233
v -1.4391 9.4067 4.1897
v -1.4294 9.7861 4.3810
v -1.5419 8.2113 4.5121
v -1.3873 8.6953 4.3186
v -1.4533 8.8023 4.0952
v -1.3419 9.3710 4.4961
v -1.1634 8.8419 4.2753
v -1.3302 8.7392 4.3978
v -1.3515 8.2207 4.5387
v -1.2785 8.3119 5.5709
v -1.2842 9.2170 4.4918
v -1.1966 8.7968 4.4440
v -1.2470 8.5848 4.5350
v -1.0035 9.0201 3.9083
v -1.2245 9.1605 4.4749
v -1.1671 9.0293 4.2210
v -1.4276 8.6937 4.0237
v -1.0979 9.2256 4.8907
v -1.2102 9.2866 4.6358
v -1.2196 9.4835 4.6823
v -1.1209 8.7985 5.9746
v -1.1128 8.4559 5.7772
v -1.1877 8.1435 5.6862
v -1.0756 9.1111 5.3018
v -0.9077 8.7494 6.1512
v -1.1138 9.4834 4.7248
v -1.0467 9.7093 4.7388
v -0.8307 10.3341 4.3832
v -0.8261 9.8965 4.7178
v -0.9960 9.1618 6.0072
v -0.9641 9.4232 4.9844
v -0.9025 8.5894 6.2062
v -0.9420 8.4984 6.0820
v -1.0024 9.6549 4.7509
v -0.6800 9.4621 5.7219
v -0.8095 9.2947 6.1331
v -0.5890 8.8902 6.6245
v -0.9214 9.0377 3.8021
v -0.7544 9.2670 6.2867
v -1.0865 8.7821 4.0558
v -0.8661 8.5653 6.1632
v -0.8478 9.8179 4.7377
v -0.8574 8.4076 6.3265
v -0.7190 8.7800 6.3929
v -0.4406 10.0185 4.5874
v -0.6675 9.7078 4.9917
v -0.6383 9.1602 6.4991
v -0.6421 9.9326 4.6782
v -0.7616 9.0986 3.6584
v -0.5332 9.2138 3.5677
v -0.5236 9.4766 5.9687
v -0.4933 9.3525 6.3470
v -0.5354 8.5922 6.5350
v -0.4694 9.8419 4.8732
v -0.2888 9.7898 5.5222
v -0.3551 9.9601 4.5569
v -0.2933 9.7066 5.7213
v -0.3687 9.3394 3.5934
v -0.2479 9.1311 3.5407
v -0.2514 9.5996 5.9624
v -0.2475 9.3485 6.4376
v -0.1787 9.6900 5.8762
v -0.2120 9.9491 4.4043
v -0.1218 9.9124 4.5972
v -0.1391 9.5628 3.8427
v -0.1364 9.5584 6.1484
v 0.1389 9.7042 6.0379
v -0.0294 8.7028 6.8269
v 0.2419 9.0533 6.8059
v 0.0816 8.8382 3.3255
v 0.1275 9.4592 6.3696
v -1.2579 9.1098 3.9406
v -1.1897 9.0681 4.6472
v -1.1843 8.8991 5.8032
v -1.0039 9.0567 6.1549
v -0.8879 9.0546 3.6918
v -3.4139 8.2921 3.0362
v -2.8862 8.3800 3.1579
v -2.8497 7.6546 2.9878
v -2.8777 8.0162 3.2339
v -2.7342 7.9880 3.2407
v -2.7104 7.4751 2.9914
v -2.7507 8.2627 3.2113
v -2.7386 8.3275 3.0493
v -2.7120 8.3894 2.6573
v -2.5604 8.1009 2.5614
v -2.3326 7.8901 2.9626
v -2.4295 6.6015 2.4676
v -2.2921 6.1366 2.6306
v -2.5522 7.7519 2.3514
v -2.2878 7.3360 2.3580
v -2.3870 7.2617 2.3292
v -2.2990 6.4781 2.8385
v -2.2874 7.6325 3.0192
v -2.1546 7.4213 2.5322
v -2.5287 7.4963 2.4824
v -2.3419 8.3923 3.7191
v -2.3323 8.4142 3.7912
v -2.3235 8.4161 3.6842
v -2.3169 8.4487 3.7381
v -1.9903 8.3610 4.0442
v -1.9371 8.3923 4.1253
v -2.1990 8.3539 3.6072
v -1.8953 6.4767 2.3012
v -1.9620 8.4892 3.8605
v -2.0600 8.3585 3.5799
v -1.8958 7.4066 3.9665
v -1.8707 7.4396 3.9895
v -1.5461 7.9162 3.7705
v -1.6668 7.3452 3.8137
v -1.5864 9.2400 3.7017
v -1.5574 9.2175 3.4457
v -1.6412 8.4847 4.0697
v -1.5586 8.1604 4.4773
v -1.6473 8.2173 4.1895
v -1.5510 7.4319 3.8400
v -1.3077 8.3424 4.4962
v -1.8177 7.4449 3.9026
v -1.5323 7.4462 4.2706
v -1.6581 7.8699 4.0728
v -1.5363 7.6705 4.1387
v -1.6817 7.8342 4.1259
v -1.4340 7.6393 4.0952
v -1.4883 7.7230 4.4514
v -1.6660 7.8399 4.2102
v -1.5657 9.3394 3.1602
v -1.3518 9.1045 3.5992
v -1.3449 7.8834 4.5619
v -1.2934 9.2034 3.2891
v -1.4334 8.7756 3.9455
v -1.3473 8.8221 3.9398
v -1.1080 7.8266 3.7976
v -1.3255 7.6797 4.5620
v -2.0076 8.4033 3.6166
v -1.1218 7.9803 3.7566
v -1.2791 7.6114 4.4626
v -1.3173 8.6745 3.9209
v -1.3223 8.0241 4.4962
v -1.3111 7.9520 4.3218
v -1.2657 8.3960 4.3410
v -1.1413 8.4167 4.0603
v -1.0235 8.6158 3.9613
v -1.1324 8.1617 4.0028
v -1.2256 7.6281 4.2264
v -1.1511 7.6932 4.1077
v -1.1663 7.5806 4.1138
v -1.0088 7.7404 3.9123
v -1.0038 8.0346 3.8527
v -0.6830 9.0978 3.6068
v -0.7357 7.6838 3.7201
v -0.9706 7.9341 3.8266
v -0.7229 7.4387 3.8475
v -0.6039 8.3941 3.5256
v -0.5437 8.0612 3.5092
v -0.3923 7.8270 3.4851
v -0.3386 8.6378 3.3944
v -0.2196 8.0780 3.3459
v 0.0371 7.9617 3.2737
v 0.0396 8.6839 3.2710
v -3.3163 8.4506 3.0529
v -2.8723 8.2439 3.2454
v -2.6060 8.0761 3.2005
v -2.1225 7.4813 2.7033
v -1.9111 6.1859 2.1437
v -1.9701 10.0552 2.7824
v -1.9706 10.6009 2.4637
v -1.9507 10.2458 2.4610
v -1.9714 10.7298 2.2122
v -1.8886 10.9969 2.0796
v -1.8849 10.9318 2.0389
v -1.8884 10.6391 2.1383
v -1.8327 9.5589 3.3202
v -1.8963 9.7428 3.3809
v -1.7699 10.5767 2.6292
v -1.8937 10.9649 2.2222
v -1.8689 9.9346 3.4178
v -1.8695 10.0875 2.4964
v -1.8018 10.9109 2.3057
v -1.7569 10.5660 2.1343
v -1.8292 11.0142 2.1439
v -1.6831 9.6860 3.9563
v -1.7349 9.9888 3.5236
v -1.6009 9.7359 2.6921
v -1.5394 9.9703 2.5028
v -1.7161 10.9416 2.1384
v -1.6407 10.6031 2.5431
v -1.8184 10.9438 2.0272
v -1.5597 10.3423 2.9000
v -1.4314 10.3886 2.5293
v -1.5348 10.0932 3.4147
v -1.4199 10.1781 2.4711
v -1.7352 10.7508 2.0653
v -1.5462 9.9443 3.9205
v -1.2835 10.1207 3.2551
v -1.3246 9.7644 2.7203
v -1.3455 10.1426 3.6730
v -1.2176 10.4663 3.1112
v -1.1617 9.8412 2.8357
v -1.0772 10.9037 3.0701
v -1.1932 10.0262 2.8713
v -0.9551 10.4057 4.1809
v -0.7889 9.7419 3.0510
v -1.0554 10.8357 2.8307
v -1.0542 10.6402 3.4637
v -1.0185 10.3521 3.9189
v -0.9527 11.0277 3.0986
v -0.8536 11.1739 2.8316
v -0.7581 10.4598 3.7805
v -0.5837 11.3166 2.4434
v -0.7355 10.5942 3.6250
v -1.1140 10.0830 3.0494
v -0.9021 10.0029 2.9793
v -0.9156 10.8243 3.3607
v -0.8551 10.8102 2.6299
v -0.7435 10.4436 2.8198
v -0.7467 10.4653 4.1269
v -0.6761 10.8539 3.3052
v -0.8591 10.9906 3.2023
v -0.8045 11.1635 2.9872
v -0.6828 10.6834 3.4723
v -0.5062 11.2612 2.3814
v -0.9783 9.8945 2.9534
v -0.6516 10.4092 4.2660
v -0.5025 9.5414 3.3207
v -0.6610 10.2784 2.9553
v -0.6177 11.1979 2.9493
v -0.5690 10.4427 4.0624
v -0.5292 10.6258 2.9021
v -0.3929 11.1739 2.4036
v -0.4408 10.3151 4.2574
v -0.4703 10.5404 3.1813
v -0.3160 9.7396 3.4213
v -0.5060 10.6525 3.3211
v -0.5783 10.5938 3.5624
v -0.4791 10.8057 3.0816
v -0.4503 11.4565 2.4279
v -0.3317 11.1981 2.6954
v -0.3689 11.0534 2.5139
v -0.3860 11.4513 2.5091
v -0.3615 11.4138 2.3787
v -0.2452 10.1672 4.0817
v -0.3339 11.4373 2.4214
v -0.0893 9.8299 4.2036
v -1.8466 10.2763 2.9731
v -1.8255 10.2844 2.3113
v -1.8082 9.7011 2.8773
v -1.1741 10.2781 3.8589
v -1.2628 10.1867 4.2873
v -1.3278 10.0600 4.3897
v -0.2994 11.1652 2.5362
v -0.0881 9.6428 3.9706
v -1.3797 7.5664 5.1713
v -1.2713 7.3788 5.6270
v -1.3387 7.6011 5.5227
v -1.3436 7.3311 5.0650
v -1.2746 7.1259 5.3227
v -1.2861 7.8595 5.6312
v -1.2276 7.0711 5.0903
v -1.1418 6.9648 5.3389
v -1.1781 7.2192 5.6867
v -1.1610 8.0900 5.7955
v -1.1403 8.2779 5.8377
v -0.9683 6.9450 4.7766
v -1.0478 8.3300 5.8991
v -1.0239 7.7185 6.0312
v -0.9360 7.7343 6.2127
v -1.0309 8.2310 6.1087
v -1.0380 7.9514 5.9175
v -1.0632 8.0588 5.8332
v -0.8954 7.2432 6.0717
v -0.9563 8.0283 6.2302
v -0.8265 7.1845 5.9665
v -0.8996 7.8151 6.1708
v -0.8598 8.0395 6.3495
v -0.5521 6.7757 5.9088
v -0.7358 7.7827 6.3277
v -0.7250 8.2544 6.4805
v -0.4257 7.7423 6.5719
v -0.6441 6.7354 5.3444
v -0.6834 6.8746 5.9055
v -0.6909 7.1462 6.1685
v -0.9891 7.0775 5.7777
v -0.7919 7.6182 6.2509
v -0.6159 8.6184 6.4237
v -0.6358 6.8074 4.8174
v -0.6383 7.1468 6.5609
v -0.5076 8.1800 6.5875
v -0.4574 7.4914 6.8603
v -0.4321 6.9539 6.9689
v -0.4475 6.7631 6.2246
v -0.5968 7.0934 6.3466
v -0.3409 8.1301 6.5990
v -0.0125 6.6580 5.1327
v -0.1596 8.4940 6.9046
v -0.2801 6.5971 7.1797
v -0.5208 7.0343 7.0040
v -0.3085 7.8985 6.4847
v -0.5735 7.8064 6.4247
v -0.2613 7.8843 6.6834
v -0.3688 8.3225 6.6826
v -0.4098 8.3465 6.6089
v -0.3431 7.5510 7.3743
v -0.3140 6.7761 7.3731
v -0.1482 8.9171 6.7522
v -0.4185 8.9770 6.6992
v -0.1700 6.7087 4.8083
v -0.3406 7.6900 7.6124
v -0.2672 6.8776 7.6247
v -0.2965 6.8916 7.4341
v -0.2505 6.5592 6.9018
v -0.1630 6.5481 7.3637
v -0.0343 8.1834 7.0089
v -0.2001 7.7177 7.7815
v -0.2030 7.9873 6.8799
v -0.2418 7.8331 6.7703
v -0.1832 7.8234 7.6851
v -0.1175 6.8481 7.7653
v 0.2611 6.4365 6.5017
v -0.3523 8.4757 6.6810
v -0.2761 7.6232 7.6888
v -0.0179 7.4916 7.6808
v -0.0509 7.5515 7.8796
v -0.1357 7.8053 7.4032
v 0.0614 6.3776 7.0107
v -0.0915 6.8090 7.6577
v -0.0028 6.5521 7.5557
v -0.2940 7.7791 7.6003
v -0.1274 6.6353 4.7815
v -0.0147 6.4160 7.2813
v 0.0581 7.2854 7.9809
v 0.0366 7.4218 7.7338
v 0.0684 8.1200 7.1600
v 0.1793 8.2924 7.0929
v -0.1281 6.7139 4.8863
v 0.2032 6.7815 7.8615
v -0.0606 7.4052 7.8331
v 0.0253 7.3837 7.9300
v 0.1109 6.6753 7.7338
v 0.2336 6.7564 7.7831
v 0.2691 6.3860 7.4158
v 0.2745 6.5538 7.6652
v 0.3891 7.5244 7.9765
v 0.3196 6.4215 5.1364
v 0.1173 6.1194 4.9215
v 0.3045 7.8174 7.6877
v 0.3732 5.9932 5.0128
v -1.0366 6.8952 5.2129
v -0.6506 7.4493 6.4790
v -0.4062 7.2949 7.5779
v -0.3320 7.3145 7.7080
v -0.1741 7.0652 7.8311
v 0.0272 6.5826 5.0320
v -0.9158 4.5980 4.2820
v -1.0777 3.8130 4.5223
v -1.1081 3.7689 4.3701
v -0.8965 4.5772 4.4649
v -0.8086 4.8214 3.7606
v -0.8020 4.5692 4.6694
v -0.7498 4.8960 4.3967
v -0.7142 4.3583 4.8125
v -0.6783 4.8286 4.6366
v -0.6874 4.9046 3.3909
v -0.4980 4.3062 4.8769
v -0.4056 4.0153 4.8777
v -0.3526 4.3173 4.8911
v -0.4158 5.5041 4.1638
v -0.3566 5.7329 4.4082
v -0.3672 5.8429 4.0499
v -0.2938 6.2455 4.4255
v -0.2674 5.8807 4.5401
v -0.0020 4.5797 5.0755
v -0.1882 4.8755 4.8749
v -0.1310 6.2022 4.6485
v -0.0787 5.4647 4.7424
v -0.0620 5.9614 4.6924
v -0.0236 5.6928 4.7749
v -0.1185 5.1819 4.8043
v -0.1401 6.2218 4.7168
v -0.1984 4.7803 4.8481
v 0.3268 4.4549 5.2690
v 0.0779 4.6191 5.1299
v 0.3082 5.0426 5.1238
v 0.1965 4.2076 5.2720
v 0.3974 4.0950 5.3228
v 0.2217 3.8264 5.2770
v -0.5143 5.2655 4.2927
v -0.4154 5.4623 4.4353
v -0.0852 3.9948 5.1432
v -2.3440 6.2723 2.5399
v -2.2171 6.1189 2.7786
v -2.1405 5.9425 2.4351
v -2.1268 6.4491 2.9109
v -2.1618 6.9467 2.9623
v -2.0717 5.7705 2.6567
v -1.8798 6.0032 2.1435
v -2.1050 6.1522 2.1739
v -1.9283 6.6316 2.8591
v -1.4934 5.4555 3.0342
v -1.8896 6.0307 2.9599
v -1.6776 5.6591 2.2004
v -1.5621 5.2033 2.5673
v -1.9988 5.6732 2.5511
v -1.2391 4.9747 2.6771
v -1.8084 6.5501 2.5821
v -1.8437 7.3830 4.0642
v -1.6231 7.1533 4.0441
v -1.4975 7.1197 4.0235
v -1.8626 7.3628 3.9028
v -1.4986 6.0523 2.8691
v -1.1989 5.4740 3.1249
v -1.4759 5.1057 2.7742
v -1.1450 5.7263 2.7199
v -1.2126 7.0616 4.2334
v -1.0641 7.1653 4.4441
v -1.1931 7.2586 4.5765
v -1.3326 7.1868 3.9419
v -1.0028 7.4127 4.0552
v -1.2064 7.0934 4.0936
v -1.2828 7.4436 4.6080
v -1.0099 5.5594 3.0406
v -1.1154 7.1810 4.0547
v -1.5794 5.3118 2.9022
v -0.8261 5.0715 3.2752
v -1.0510 5.0112 3.1631
v -0.7519 4.3636 2.9489
v -0.7883 4.7663 3.2111
v -0.9506 4.7101 2.7102
v -0.9895 7.1391 4.3790
v -0.8569 4.9349 2.3892
v -0.8784 5.5295 2.8984
v -0.8319 5.4610 2.7350
v -0.9240 7.2131 4.2107
v -0.3704 6.8921 4.3455
v -0.3874 5.2459 3.2677
v -0.6585 4.7666 2.3760
v -0.7200 4.5698 3.1235
v -0.6209 4.8489 3.2296
v -0.1576 4.9548 2.5844
v -0.6283 5.1607 3.7444
v -0.2969 5.2725 3.1934
v -0.4908 5.1309 3.3050
v -0.3244 7.1625 3.8854
v -0.3263 7.4072 3.6588
v -0.3458 5.2123 2.7645
v -0.5034 5.1937 3.4116
v -0.2682 5.4419 3.4605
v -0.3153 6.5903 4.2964
v -0.2723 6.2745 3.9630
v -0.3013 6.8075 4.1246
v -0.2617 6.6273 4.5170
v -0.3713 5.4909 3.7258
v -0.1094 5.4026 3.2695
v -0.1469 6.0060 3.5573
v -0.0124 6.5002 3.5599
v -0.1405 6.9359 3.7065
v -0.0744 4.9463 2.4012
v -0.1660 5.0876 2.8536
v 0.0073 6.0210 3.3801
v 0.1259 5.6806 3.1558
v 0.1166 5.2353 2.7363
v 0.1722 7.3974 3.3554
v 0.1457 7.1228 3.4243
v 0.2419 6.3447 3.3303
v 0.1428 6.1390 3.3289
v 0.1620 6.1413 3.0985
v 0.2724 6.0775 2.7808
v 0.2908 5.7301 3.1217
v 0.4847 5.2490 2.6622
v 0.3123 4.8530 2.0012
v -1.6409 6.2873 2.6242
v -0.9101 5.2016 2.3951
v -5.3213 9.0416 1.2626
v -4.7086 9.0737 1.5374
v -5.6674 8.5969 1.0688
v -5.0548 9.1250 1.7080
v -5.1884 6.7218 1.0033
v -4.4320 7.2183 1.6866
v -4.6803 8.8804 2.2156
v -5.3749 8.9573 1.7332
v -4.3084 8.3360 1.4270
v -4.3429 9.0953 1.9943
v -5.4239 9.0677 1.4824
v -4.5998 8.0710 1.8832
v -4.6316 6.9864 0.8812
v -4.7576 8.6050 1.8665
v -4.5113 8.9735 1.5778
v -5.4296 8.2339 1.5273
v -4.9333 8.3308 1.7066
v -5.9662 8.0900 1.1509
v -4.3990 7.1039 1.1125
v -4.5019 8.5636 1.4795
v -4.1696 9.0657 1.9874
v -4.1914 9.0439 2.1484
v -4.1534 8.6311 2.6251
v -4.1988 8.5301 2.4963
v -4.6614 8.1600 2.0531
v -4.5125 8.5841 2.0588
v -4.3643 8.5503 2.1738
v -4.3500 7.0898 1.8798
v -3.9473 8.9231 1.9236
v -3.7744 8.5931 2.0560
v -3.6648 8.1313 1.7534
v -4.0558 7.4081 1.9856
v -3.9246 8.2930 2.4324
v -3.4850 7.7787 2.5423
v -3.7223 8.0236 1.8968
v -3.9950 8.4290 2.4371
v -3.8301 8.9297 2.0718
v -3.6523 8.3497 1.9685
v -3.5278 8.1895 2.7752
v -3.5506 8.6020 2.9134
v -3.8989 7.1460 2.0567
v -4.6229 6.7499 1.3410
v -3.2762 7.4285 2.5341
v -3.9572 9.1810 2.7166
v -3.8573 7.3983 2.2905
v -3.9169 9.0610 2.7516
v -3.6095 8.7077 2.7489
v -3.9425 9.2198 2.8189
v -3.8463 9.0845 2.6765
v -3.8356 9.2794 2.7375
v -3.3750 8.0047 2.9105
v -3.6707 9.1872 2.6715
v -3.6337 9.2331 2.7367
v -3.7837 9.2414 2.8382
v -3.2759 8.9661 2.9354
v -3.3466 8.5712 2.2422
v -3.4157 8.1453 2.8690
v -3.9482 9.1180 2.8161
v -2.8992 8.1670 2.1839
v -3.2348 7.8984 2.8200
v -3.4058 8.7370 2.6360
v -3.1439 8.6136 3.1206
v -3.2216 8.5313 3.1195
v -3.3624 9.0566 2.7429
v -3.2594 7.9069 2.7122
v -2.9623 7.9728 2.2441
v -3.0047 8.2066 3.1810
v -3.4872 7.2203 1.6272
v -3.5713 7.2875 1.4702
v -2.6639 7.8221 2.3066
v -4.0609 8.0312 2.2003
v -2.9805 8.2474 2.2689
v -2.8983 8.2367 2.4261
v -2.9345 7.5904 2.2060
v -2.5976 8.3560 2.7882
v -2.9903 8.0634 3.1576
v -3.2111 8.7031 2.6411
v -3.0445 7.5463 2.6542
v -2.7981 7.9989 2.2780
v -2.6202 8.3701 2.9848
v -2.7560 7.4976 2.8647
v -2.6994 8.0085 2.3411
v -2.6797 8.2197 2.4962
v -2.9191 7.2758 1.9451
v -3.0290 7.9204 3.0322
v -2.9839 7.6814 2.9056
v -2.6821 7.5817 2.1617
v -4.6571 7.0072 1.5932
v -4.1991 7.1627 1.1135
v -3.8117 5.4556 1.0902
v -4.9159 6.4303 0.4386
v -4.9876 6.6823 1.2798
v -4.5008 6.7172 0.7968
v -3.2570 6.3731 1.4678
v -3.3008 5.8350 1.1431
v -3.4157 5.7424 1.6219
v -3.4901 5.2294 1.2362
v -3.0870 7.0024 1.8416
v -3.1840 7.0893 2.3383
v -3.1482 6.2449 1.2793
v -3.4059 6.2651 1.8618
v -3.1708 6.7422 2.3061
v -3.1879 5.7864 1.6590
v -3.1541 6.4960 2.1653
v -3.1627 7.1913 2.5199
v -3.0628 5.5959 1.0922
v -3.0989 6.1658 1.2441
v -2.9988 6.7419 2.2265
v -3.1121 7.0820 2.5705
v -2.9801 7.0067 2.5113
v -2.9807 6.3711 1.4457
v -2.9642 6.2572 1.5048
v -3.2518 5.4505 1.3806
v -2.9489 6.9133 2.3420
v -2.5922 7.0302 2.5939
v -2.7187 7.4484 2.7394
v -2.2606 6.1384 2.0201
v -2.2532 6.6304 2.1848
v -2.4229 6.8213 2.2858
v -2.1434 5.3904 2.1603
v -1.7371 5.1252 1.7507
v -3.0701 7.6724 1.9021
v -7.9608 7.7671 -0.1275
v -7.9161 7.8094 -0.1657
v -7.9444 7.7014 -0.0304
v -7.7566 7.9071 -0.1270
v -7.8798 7.7170 -0.1807
v -7.8703 7.6431 -0.0533
v -7.7580 7.7728 0.1757
v -7.7808 7.7109 -0.1768
v -7.7843 7.7654 -0.2048
v -7.6769 7.6521 0.0665
v -7.3737 8.0397 0.0043
v -7.3347 8.1648 0.3263
v -7.9198 7.8437 0.0032
v -7.3586 8.1009 0.4143
v -7.1757 7.9072 0.4920
v -6.4794 8.6379 0.7560
v -6.7089 8.1136 0.2196
v -7.3466 7.9241 -0.0512
v -6.4342 7.8744 0.7041
v -7.2245 7.7523 0.2828
v -6.6901 7.7236 0.4041
v -6.3655 8.5821 0.6122
v -6.6973 7.9152 0.7552
v -6.6750 8.5326 0.8460
v -6.4031 8.0779 0.3307
v -6.7436 7.7260 0.4820
v -6.7674 8.0807 0.6152
v -6.9286 7.9192 0.1083
v -6.5672 7.9765 0.3225
v -5.8714 8.6989 0.8184
v -5.7281 8.3017 0.6306
v -6.5649 8.1859 0.5043
v -6.5042 7.8840 0.2954
v -6.4375 7.7070 0.3397
v -6.8798 8.0390 0.6148
v -5.9586 8.2413 1.1110
v -6.7728 8.1372 0.2875
v -6.5400 8.1863 0.6176
v -6.2172 7.3078 0.6436
v -5.8354 8.9058 1.0651
v -6.3349 8.0065 0.4535
v -5.5601 8.1600 0.7185
v -6.2383 7.2736 0.5670
v -5.9756 7.6884 0.9825
v -6.3769 8.2643 0.7414
v -5.5124 8.3743 1.0202
v -5.5535 8.2333 0.6706
v -5.9252 8.4783 0.9467
v -6.0729 6.0926 0.2983
v -6.0977 5.9110 0.2079
v -5.8767 8.0813 0.6785
v -5.6721 8.0311 1.2369
v -6.1325 5.9873 0.2304
v -6.0530 5.9574 0.4125
v -6.1281 5.9340 0.2948
v -6.0280 5.8650 0.2696
v -6.0513 6.0168 0.1352
v -5.5867 7.0598 0.3947
v -5.8775 6.0028 0.1070
v -5.7323 5.9647 0.3331
v -5.9659 5.9064 0.4055
v -5.8373 5.9271 0.4296
v -5.8693 6.2376 0.4922
v -5.9224 6.1256 0.1375
v -5.9286 6.9866 0.5990
v -5.9510 7.0750 0.5039
v -5.7479 6.4490 0.3952
v -5.5998 6.3412 0.2559
v -5.5469 6.7835 0.8406
v -5.7312 6.0221 0.1972
v -5.2014 9.0688 1.7438
v -5.8109 6.4786 0.5378
v -5.8220 7.2038 0.3910
v -5.6085 6.1855 0.1722
v -5.3543 7.6975 1.3118
v -6.7302 8.4337 0.8928
v -5.6489 8.5156 1.3551
v -4.9116 8.6078 1.8856
v -4.6188 8.3914 1.3661
v -5.0575 5.9429 0.5489
v -5.4337 6.4545 0.3122
v -5.3683 6.3066 0.8115
v -5.2698 8.1254 0.9483
v -5.5687 8.1201 0.8222
v -5.1888 6.0081 0.4635
v -5.6773 6.0331 0.4694
v -5.2444 8.5790 1.5725
v -5.4014 8.3266 0.7871
v -5.4012 6.3606 0.1726
v -5.3432 6.3264 0.1717
v -5.7924 6.1621 0.5706
v -5.1918 8.0616 1.5052
v -5.2320 6.2823 0.2678
v -5.0793 6.1250 0.3289
v -4.9951 6.7602 0.5864
v -5.0641 6.6314 0.3708
v -4.4583 6.8933 0.7550
v -5.0183 6.5102 1.0012
v -4.9521 8.7872 1.4060
v -4.8020 6.0888 0.8636
v -4.7932 8.2100 1.0651
v -6.8664 8.1695 0.7786
v -6.1891 8.3497 1.0239
v -6.4980 7.5821 0.5277
v -0.4576 2.9532 4.9428
v -0.6111 3.1527 4.6894
v -0.4414 2.7699 5.1578
v -0.5137 3.0708 4.4561
v -0.3705 2.4099 5.3130
v -0.3172 2.8353 4.8940
v -0.2359 1.1796 4.6342
v -0.1520 2.1541 4.4414
v -0.3450 2.8477 4.3250
v -0.2089 3.4663 4.9615
v -0.4689 3.3576 4.6813
v -0.1478 2.6070 4.8389
v -0.1529 2.4881 4.4919
v -0.2442 2.7141 4.4797
v -0.1175 2.1942 5.1992
v -0.1011 2.5028 4.6741
v 0.2269 2.6753 4.7318
v 0.2422 2.0669 4.0790
v -0.0146 2.1791 4.9716
v 0.3435 2.2444 4.3383
v 0.2727 3.2598 5.1348
v 0.2760 2.8473 4.8739
v 0.3685 2.7485 4.7913
v 0.3735 2.1693 4.1939
v 0.4628 3.2436 5.1281
v 0.4331 2.6000 4.6887
v 0.4722 2.8451 4.8745
v 0.9066 2.3545 4.2127
v 0.8167 2.2589 4.1018
v 1.2987 3.5388 4.7872
v 0.8361 2.1574 4.8672
v 0.6726 0.8749 5.0899
v 0.8819 2.1670 4.6246
v 1.0317 1.9377 4.4401
v 0.9503 2.2235 5.2040
v 0.9634 2.5572 4.6543
v 0.9661 2.5024 4.9705
v 0.9920 2.9297 4.6086
v 1.1243 2.8578 4.6693
v 1.1049 2.4517 5.2314
v 1.1519 2.1108 5.3987
v 1.2652 2.3248 4.2126
v 1.2828 2.5448 4.0838
v 1.1131 2.5988 4.3590
v 1.1701 2.7288 5.0900
v 1.3347 3.0749 4.4380
v 1.2606 2.0300 5.4555
v 1.0549 1.2600 5.5723
v 1.2603 2.9935 4.8588
v 1.4018 2.7920 5.2146
v 1.3824 2.9979 5.0399
v 1.5085 2.6444 5.2942
v 1.3135 3.0756 4.3197
v 1.2836 3.2319 4.5523
v 1.4993 3.2235 4.7749
v 1.2984 3.3275 4.6660
v 1.4042 2.6509 3.9167
v 1.5519 2.9894 5.1271
v 1.4462 2.7918 3.9907
v 1.3954 3.7850 4.8962
v 1.5962 2.8117 4.0606
v 1.3943 2.9029 4.1938
v 1.6228 3.7291 4.8996
v 1.4233 2.8968 4.0481
v 1.4557 2.6112 3.8389
v 1.6244 2.0650 4.1589
v 1.7600 3.5140 4.8278
v 1.5888 3.2586 4.8581
v 1.9502 2.2823 5.0100
v 1.9327 2.7838 5.0504
v 1.8592 3.1597 4.9730
v 2.0064 3.0649 4.8539
v 1.8687 3.3794 4.8003
v 1.8235 3.8016 4.7699
v 1.8506 2.1778 4.2150
v 1.9988 3.3581 4.6048
v 2.0773 2.8106 4.7564
v 2.0946 2.8843 4.4667
v 2.0691 2.4678 4.4035
v 2.0937 2.4631 4.5889
v -0.5881 2.4941 5.3379
v -0.1226 2.9964 4.7049
v -0.5067 2.6640 4.0244
v 0.0304 2.9354 4.8299
v 0.8677 3.0017 4.7909
v 0.9396 1.6724 5.4069
v 1.1897 2.4444 4.0039
v 1.7566 2.7091 5.2068
v 1.7367 3.3255 4.8740
v 1.7850 2.8861 4.0324
v 0.6605 1.4580 3.3923
v 0.3830 1.4387 3.3369
v 0.4016 0.9705 2.6565
v 0.7374 0.9519 2.5113
v 1.0205 1.7275 3.5105
v 0.4034 2.0369 4.1064
v 0.9664 0.9492 4.8124
v 1.1281 1.6156 3.2924
v 1.4037 1.4517 4.3647
v 1.0694 0.7647 4.8361
v 1.2537 1.0138 4.6990
v 1.0381 1.5595 3.2519
v 1.4008 2.0214 4.1842
v 1.4368 1.1910 4.6252
v 1.4603 2.1281 3.4927
v 1.5492 1.5390 5.4018
v 1.3075 1.2657 5.5314
v 1.5656 1.6783 4.2819
v 1.5501 2.0196 5.4245
v 1.8772 1.5214 4.8677
v 1.6691 1.2491 5.2081
v 1.9097 1.6202 4.6780
v 1.7319 1.7607 5.2409
v 1.8014 1.9413 4.2998
v 1.7407 1.9913 5.2832
v 1.9178 1.7542 5.0018
v 1.9759 1.8084 4.6424
v 2.0292 2.3935 4.3170
v 1.9819 1.7930 4.8433
v 1.9574 2.9227 4.1323
v 2.0303 0.2855 3.4583
v 2.0346 0.0228 3.8687
v 2.0420 0.2765 3.7144
v 2.1174 0.0045 3.5036
v 2.0796 0.1957 3.8782
v 2.0161 0.1381 3.5251
v 2.1066 0.3059 3.7682
v 2.1796 0.4440 3.3924
v 2.1655 0.0019 3.6111
v 2.0987 0.0232 3.9339
v 2.2149 0.1660 3.8573
v 2.2420 0.3205 3.7202
v 2.3726 0.0025 3.5436
v 2.3567 0.1342 3.6953
v 2.4120 0.2800 3.6500
v 2.1573 0.4268 3.5421
v 2.5090 0.3704 3.4502
v 2.3429 0.4137 3.5832
v 2.5322 0.1431 3.5570
v 2.4811 0.1413 3.5618
v 2.6154 0.0338 3.5827
v 2.7127 0.0239 3.8413
v 2.8378 0.0167 3.9450
v 2.7672 0.1767 3.9512
v 2.9409 0.0063 4.2705
v 2.8831 0.1076 4.2174
v 2.9067 0.3627 4.0091
v 3.0490 0.3304 3.9531
v 2.9184 0.4352 3.8682
v 2.9675 0.1731 4.2415
v 3.0189 0.1132 4.2573
v 3.0468 0.2516 4.1112
v 3.0489 0.0334 4.2041
v 3.1232 0.0907 3.8191
v 0.3520 1.3241 3.2272
v 0.4738 1.4541 3.4370
v 2.7870 0.3166 3.9248
v 0.0462 0.0844 6.2031
v 0.2392 0.0395 6.5253
v 0.1276 0.1814 6.4972
v 0.2316 0.4695 6.3049
v 0.2767 0.1827 6.5520
v 0.3161 0.0071 5.8443
v 0.2463 0.1140 5.1805
v 0.3447 0.1422 5.3381
v 0.2980 0.0432 6.5183
v 0.3478 0.3768 6.2069
v 0.4056 0.1577 5.6938
v 0.3419 0.1632 6.4800
v 0.4099 0.2103 5.5415
v 0.4082 0.3775 5.8160
v 0.4740 0.1419 5.3545
v 0.4976 0.4727 6.1881
v 0.5263 0.0729 6.2431
v 0.5804 0.7737 5.3589
v 0.6637 0.9037 5.4819
v 0.5140 0.0496 6.5100
v 0.4705 0.1332 6.4955
v 0.6043 0.6657 6.0157
v 0.5595 0.0532 6.5320
v 0.5718 0.4934 6.2799
v 0.4344 0.2332 6.1905
v 0.6253 0.4725 6.3051
v 0.5094 0.2664 6.4840
v 0.5017 0.0083 5.5369
v 0.7806 0.2096 6.3404
v 0.5494 0.1364 6.5621
v 0.6174 0.2446 6.5146
v 0.7873 0.1496 6.2504
v 0.7898 0.2858 6.2700
v 0.8249 0.4271 6.1140
v 0.7781 0.6396 6.0550
v 0.8088 0.3857 6.2284
v 0.8195 0.0083 6.1781
v 1.1919 0.0070 6.0881
v 0.8244 0.4043 6.3518
v 0.8797 0.0087 6.3638
v 0.9645 0.6574 6.2119
v 0.8656 0.0080 6.6342
v 0.9314 0.3197 6.6199
v 0.9962 0.2303 6.6748
v 1.0133 0.4693 6.4438
v 1.0304 0.3704 6.5748
v 1.0811 0.4275 6.4441
v 1.0247 0.0031 6.3790
v 1.1544 0.1334 6.4281
v 0.9478 0.0089 6.6895
v 1.0714 0.6582 6.2312
v 1.1861 0.3159 6.3713
v 1.2974 0.1214 6.0697
v 1.1893 0.5849 6.1348
v 1.2819 0.3419 6.0287
v 1.2731 0.5498 5.9040
v 1.3272 0.0009 6.0184
v 1.3547 0.3040 6.1891
v 1.5314 0.0012 6.0521
v 1.3917 0.0077 6.1478
v 1.6012 0.0126 6.4551
v 1.5470 0.4784 6.1644
v 1.5116 0.3822 6.2599
v 1.6106 0.3134 6.3787
v 1.6294 0.1996 6.4385
v 1.6853 0.3855 6.1254
v 1.6633 0.0086 6.4265
v 0.3657 0.1684 6.2101
v 0.4141 0.2488 5.8840
v 0.4061 0.3391 5.5404
v 0.5690 0.0084 6.1797
v 0.5297 0.3298 5.1793
v 0.6662 0.2001 5.0524
v 0.6963 0.4620 4.9863
v 0.7800 0.9774 5.5520
v 0.8409 1.6799 5.2520
v 0.8242 1.2438 5.4667
v 0.9505 0.2985 4.9043
v 0.7266 0.7470 5.8405
v 1.0799 0.9176 5.6400
v 0.8533 0.6155 5.9750
v 1.2098 0.2054 4.9610
v 0.5990 0.0087 5.2848
v 1.0218 0.0083 5.0543
v 1.1277 1.0902 4.6621
v 1.0431 0.7250 5.9547
v 1.0637 0.8573 5.6807
v 1.6211 0.0160 5.6716
v 1.4241 1.6805 5.4907
v 1.3142 0.6791 5.8058
v 1.3132 0.6738 4.9166
v 1.4761 0.1154 5.1926
v 1.4289 0.4127 5.0338
v 1.3862 0.6241 5.9585
v 1.4312 0.7118 5.6848
v 1.5232 0.5359 5.9709
v 1.4743 0.9225 4.9367
v 1.4702 1.1566 5.4273
v 1.5352 0.9126 5.1098
v 1.5491 0.2212 5.2376
v 1.5705 0.9004 5.3035
v 1.5877 0.5262 5.8878
v 1.5541 1.0377 5.2710
v 1.5129 0.0082 5.3526
v 1.5261 0.6462 5.8451
v 1.4515 0.8413 5.4542
v 1.6567 0.2295 5.5813
v 1.7370 0.2011 6.0241
v 1.2673 0.0082 5.1224
v -0.8858 2.0515 5.2765
v -0.7654 2.0738 5.3827
v -0.6478 1.5557 5.4514
v -0.8850 0.2880 6.0208
v -0.7924 0.4433 5.7011
v -0.7257 0.3120 5.2357
v -0.7567 0.0226 6.4482
v -0.8778 0.1605 6.0168
v -0.6970 0.4233 6.2187
v -0.6666 0.8516 5.0578
v -0.4999 0.0160 6.1496
v -0.7122 0.0083 5.3996
v -0.7867 0.1734 6.4102
v -0.7016 0.9167 5.1118
v -0.8033 0.0179 6.3183
v -0.6881 0.0084 6.4357
v -0.7284 0.1253 6.4463
v -0.7926 0.0082 5.6879
v -0.7150 0.0076 6.0341
v -0.8068 0.3813 6.1605
v -0.6722 0.8440 5.3907
v -0.7135 0.9406 5.3413
v -0.6425 0.1748 5.1538
v -0.6405 0.1344 6.3916
v -0.6734 0.6261 5.8873
v -0.5973 0.6218 5.9416
v -0.4921 1.6696 5.5122
v -0.4685 0.7808 4.8658
v -0.4657 2.0022 5.4607
v -0.6153 0.5346 5.9900
v -0.5807 0.3617 6.2545
v -0.4530 0.1861 4.9933
v -0.4750 0.6697 5.8116
v -0.4025 0.8713 5.5880
v -0.5800 1.4692 4.3544
v -0.3599 0.8480 4.8144
v -0.4517 0.2306 6.0951
v -0.4092 0.0009 6.0451
v -0.4810 0.0083 5.1348
v -0.2956 0.2233 4.9267
v -0.3419 0.2391 6.4357
v -0.4507 0.3607 6.0563
v -0.1887 1.2079 5.5757
v -0.4378 0.5825 5.8935
v -0.2524 0.6559 6.1804
v -0.2468 0.0400 5.0203
v -0.2201 0.7330 5.9256
v -0.2084 0.9102 5.6498
v -0.2180 0.0087 6.4378
v -0.2078 0.4712 4.8629
v -0.0226 0.1179 4.9895
v -0.1347 1.6103 5.4506
v -0.2082 0.5301 6.3203
v -0.1029 0.4854 6.3937
v -0.0871 0.8736 4.8524
v -0.1923 0.3172 6.6147
v 0.3181 0.0146 5.5030
v -0.1112 0.0104 6.6978
v -0.0811 0.2864 6.6047
v 0.0140 0.3681 4.9204
v -0.1945 0.4657 6.4353
v 0.0315 1.6760 5.1689
v 0.0448 0.2349 6.3685
v -0.0262 0.6136 5.9917
v 0.0028 0.0085 6.2206
v -0.0588 0.0138 6.6942
v 0.0445 1.0337 5.5093
v 0.0562 0.6710 6.0505
v 0.0124 0.7506 5.8356
v 0.0412 0.2974 6.2975
v 0.1762 0.7253 5.8288
v 0.2439 0.0364 6.2607
v 0.2915 0.4932 5.1961
v 0.1078 0.9258 5.0062
v -0.0173 1.9527 4.6577
v 0.1787 0.9108 5.4253
v 0.2134 0.6565 6.0255
v -0.7970 1.1884 5.2113
v -0.7223 0.7113 5.2626
v 0.1347 0.0086 5.1691
v 0.1438 0.4745 6.2969
v -1.8283 2.5434 3.0780
v -1.6500 2.7584 2.8156
v -1.5336 2.6429 2.9055
v -1.7005 1.9530 3.1892
v -1.5006 2.3616 3.0759
v -1.9286 2.8117 2.7422
v -1.3376 2.4664 2.8951
v -1.3718 2.2076 3.0262
v -1.2764 1.9705 2.9282
v -1.2136 2.1983 2.8524
v -1.2283 2.7040 4.5048
v -1.2126 2.3160 4.4884
v -1.1313 1.9158 4.8911
v -1.2050 2.5138 4.4234
v -1.2001 2.7405 4.7784
v -1.1305 2.8671 4.9166
v -1.1293 3.3413 4.5161
v -1.1251 2.1760 4.3525
v -1.1398 1.7940 4.7492
v -1.1376 2.3081 4.9251
v -1.1320 3.3916 4.3084
v -1.0940 3.1188 4.1713
v -1.0913 1.7449 4.5972
v -1.1039 2.3717 4.2463
v -1.0027 3.6075 3.8485
v -1.0412 3.4121 4.7140
v -0.9848 1.4541 4.9292
v -1.0072 2.4676 2.3753
v -1.0305 2.5914 5.1043
v -1.0085 3.1394 4.9151
v -0.9501 1.7608 5.1802
v -0.9418 4.4201 3.8042
v -0.9108 2.0013 4.2384
v -1.1472 2.7214 4.2417
v -1.0282 3.2432 2.5463
v -0.9895 2.8130 2.8401
v -0.9893 3.2423 2.7360
v -0.8333 2.3349 4.1149
v -0.8952 3.3363 4.8270
v -0.9024 3.9483 3.5188
v -0.7641 2.9637 3.6405
v -0.9020 4.3409 4.6603
v -0.8881 2.3203 2.9334
v -0.9492 3.8310 4.7638
v -0.7551 3.4286 4.8466
v -0.8637 3.5400 3.4056
v -0.7578 2.1360 3.0998
v -0.7666 2.4901 3.3859
v -0.7576 3.3586 3.6872
v -0.6534 2.0019 4.1609
v -0.7879 3.8901 2.1626
v -0.7152 3.1521 3.7686
v -0.6363 2.9390 3.8917
v -0.7180 2.7557 5.2383
v -0.7567 3.2131 4.8317
v -0.7949 3.7583 4.8742
v -0.6842 2.8028 4.0777
v -0.4544 3.6949 4.8394
v -0.6283 2.0603 3.2375
v -0.5498 2.5976 3.8563
v -0.4643 3.0258 4.2486
v -0.5462 2.9024 3.9927
v -0.4861 1.7991 4.2538
v -0.4738 2.4401 4.1771
v -0.5616 2.8687 4.1581
v -0.4250 3.2878 4.5868
v -0.1537 2.3385 4.0318
v -0.4224 1.2897 2.5411
v 0.2120 1.4648 3.3967
v -0.1640 1.5615 3.2398
v 0.2216 0.9570 2.6033
v 0.3216 0.8590 2.4753
v 0.8495 0.8266 2.3534
v -0.9683 2.8516 5.0891
v -0.8942 2.8544 4.0534
v -0.5753 2.8102 3.8966
v -0.4535 1.7695 3.2516
v -0.6028 2.1863 3.4984
v -0.5392 1.8953 3.1203
v -0.2613 1.7213 3.4127
v -4.4350 1.2573 5.3175
v -4.4323 1.1973 5.3263
v -4.4915 1.2014 5.2608
v -4.2871 1.1628 5.2775
v -4.0051 0.6980 4.6409
v -4.3350 1.0527 5.2460
v -4.3035 0.9311 5.0047
v -4.2267 1.0411 5.2084
v -3.5285 0.7388 4.2943
v -3.4763 0.1662 3.8992
v -3.6156 0.4178 4.4004
v -3.7565 0.6692 4.6226
v -3.3050 0.2021 4.1022
v -3.2609 0.4551 4.0542
v -3.2858 0.2705 4.1434
v -3.3142 0.1403 3.9960
v -3.1213 0.0700 3.6283
v -3.1447 0.1836 3.8824
v -3.0286 0.2381 3.6107
v -3.0098 0.1683 3.4083
v -2.8568 0.0095 3.7231
v -2.7885 0.3062 3.5819
v -2.7667 0.0084 3.7815
v -2.7292 0.2658 3.6833
v -2.8336 0.1225 3.7341
v -2.8020 0.1070 3.2471
v -2.7246 0.1440 3.1197
v -2.7941 0.2528 3.2380
v -2.6901 0.3946 3.5128
v -2.6462 0.4628 3.3491
v -2.5089 0.0988 3.5492
v -2.6459 0.4570 3.2004
v -2.6730 0.1503 3.7351
v -2.5195 0.5547 3.1516
v -2.4742 0.5021 3.2591
v -2.4983 0.4245 3.4599
v -2.4345 0.0177 3.4339
v -2.3462 0.0568 3.5239
v -2.2273 0.4561 3.2824
v -2.2277 0.3099 3.7574
v -2.2687 0.1074 3.7802
v -2.2579 0.3611 3.5587
v -2.1389 0.5132 3.5770
v -2.3921 0.1086 3.4769
v -2.1095 0.3088 4.0931
v -2.2071 0.0081 3.8391
v -2.1594 0.1110 4.2178
v -2.1680 0.0282 4.1860
v -2.0803 0.0081 4.2750
v -2.0036 0.0084 4.1979
v -2.0654 0.1846 4.2233
v -1.9962 0.4321 3.8667
v -1.9992 0.1474 4.2001
v -1.9646 0.0066 3.9420
v -1.8832 0.4025 3.8305
v -1.8939 0.1481 3.9679
v -1.8148 0.0390 3.8443
v -1.7988 0.1966 3.8470
v -2.3974 0.6186 2.9871
v -1.9426 0.7064 2.1357
v -2.4332 1.6909 2.9595
v -2.0923 1.5628 3.0835
v -2.3570 0.5613 3.2081
v -1.4382 0.6900 2.6191
v -1.9636 2.1874 3.2087
v -1.8733 0.9416 2.5786
v -1.9618 1.7357 3.1770
v -2.3011 2.4154 2.9989
v -2.1501 0.5849 3.0903
v -1.8705 0.6549 3.1160
v -1.6909 1.4704 3.0376
v -1.9257 0.5300 3.6594
v -1.2309 0.0084 3.4626
v -1.6864 0.5723 3.2626
v -1.5375 0.7844 2.3113
v -1.5860 1.1540 2.7759
v -1.8252 2.3429 3.1783
v -1.6488 0.4891 3.3846
v -1.4646 0.7440 2.2902
v -1.6939 0.1450 3.5928
v -1.7457 0.0033 3.5618
v -1.5092 1.6657 3.0500
v -1.2601 0.0118 3.6213
v -1.4089 2.0067 3.0589
v -1.5388 0.2808 3.6684
v -1.6354 0.1472 3.5714
v -1.5767 0.1506 3.6598
v -1.4655 0.6048 3.2715
v -1.3649 1.5379 2.8916
v -0.9350 0.0095 1.2438
v -1.5317 0.4093 3.5024
v -1.4269 0.2159 3.8014
v -1.4511 0.4329 3.6041
v -1.3095 0.3268 3.7469
v -1.3558 0.3757 3.6289
v -1.3585 0.4812 3.4533
v -1.3039 0.5586 3.2436
v -1.3130 0.0164 3.8884
v -1.3042 0.7443 2.2178
v -1.1704 0.5177 2.9295
v -1.1776 0.3134 3.3807
v -1.1998 0.6656 2.2091
v -1.2517 0.1414 3.9206
v -1.2218 0.0145 3.9294
v -1.1722 0.2831 3.6791
v -1.1571 0.3283 3.4594
v -1.2591 0.4353 3.5337
v -1.1747 0.0344 3.8497
v -1.1041 0.2271 3.0561
v -1.1448 0.1121 3.5291
v -1.0405 0.6165 1.8247
v -1.0150 1.1796 1.9351
v -0.9643 2.2402 2.3644
v -0.9090 0.0499 1.0928
v -0.7901 1.1418 4.8979
v -0.8854 0.5409 0.8983
v -0.8940 0.5729 1.2308
v -0.6811 1.1564 4.6953
v -0.8542 1.1858 1.7632
v -0.7548 1.5328 2.3044
v -0.9439 1.8625 2.2171
v -0.7445 1.0626 5.1700
v -0.4777 1.3298 2.4477
v -0.5343 0.5678 1.1503
v -0.2541 0.5433 1.5838
v -0.1359 1.0319 2.5056
v -0.1789 0.9124 2.2925
v -0.4368 0.7879 1.7501
v -0.4890 0.8478 1.6736
v -0.0950 0.5449 1.7859
v -0.0042 0.3703 1.5079
v 0.3954 0.9590 2.5524
v 0.4988 0.4678 1.8978
v -1.2012 1.4371 2.5897
v -1.4069 1.2279 2.7341
v -1.1757 0.1056 3.3455
v -1.1225 0.3501 3.0915
v -0.6702 1.5786 4.3150
v 0.2838 0.4734 1.8799
v -0.9506 4.5224 2.4713
v -0.7780 4.4732 2.5248
v -0.9674 3.5050 2.6686
v -0.7154 4.1954 2.4134
v -0.7853 4.3700 3.0872
v -1.1901 4.9169 2.8706
v -0.6836 4.3331 2.3530
v -0.6037 4.3521 2.2455
v -0.4235 4.4587 2.1282
v -0.5975 4.5987 2.2692
v -0.2532 4.7075 2.3488
v -0.4687 4.5988 2.3188
v 0.2722 4.4315 1.0694
v 0.1674 4.6770 1.7346
v 0.2595 4.6250 1.5305
v 0.4279 4.5045 1.1718
v 0.3207 4.9139 1.3496
v 0.5577 5.1003 1.4582
v 0.4009 5.1075 1.2507
v 0.4598 5.0881 1.0163
v 0.5440 5.1555 1.1472
v 0.5288 3.8449 0.3786
v 0.5622 5.1298 1.0624
v 0.5308 4.6185 1.5059
v 0.5132 4.7990 1.4064
v 0.6212 4.8964 1.4238
v 0.5298 5.0716 1.0200
v 0.7016 4.6687 1.6690
v 0.6364 4.9743 1.6345
v 0.6351 5.0355 1.4161
v 0.6718 4.6541 0.7715
v 0.5889 4.4956 1.1720
v 0.7898 4.5867 0.7171
v 0.6643 3.9142 0.4563
v 1.0017 3.8016 0.4413
v 0.7995 4.2369 0.8249
v 0.7740 4.6123 0.3569
v 0.7986 5.2778 2.8292
v 0.9887 4.0677 -0.2364
v 0.6886 4.7575 1.8433
v 0.8143 4.3455 0.9909
v 1.2025 4.0481 0.8819
v 1.0920 4.7658 2.3932
v 1.3517 4.4452 2.2115
v 1.3350 4.3121 2.0377
v 1.5199 4.2210 2.2997
v 1.4484 2.8211 3.8949
v 1.5019 2.8885 3.9411
v 1.3159 4.6221 2.3273
v 1.7474 4.9303 2.2080
v 1.4755 4.5489 2.2735
v 1.5679 4.4845 2.4001
v 1.6818 3.7549 1.3520
v 1.6291 4.4395 2.5556
v 1.7257 2.9990 3.4810
v 1.6514 4.4447 3.2578
v 1.6323 3.2677 3.7116
v 1.7580 3.9366 3.4516
v 1.7619 2.7130 3.2797
v 1.7693 3.5866 3.3317
v 1.8135 3.1026 3.1293
v 1.8066 3.8755 3.6348
v 1.9070 3.9160 3.9000
v 1.9641 3.5924 4.5630
v 1.8600 4.1424 4.4981
v 1.8644 3.1776 2.8750
v 1.8462 2.4206 2.6822
v 2.0136 3.4751 4.2750
v -0.0797 4.3664 1.2800
v 1.0059 4.5278 1.7085
v 1.5595 4.0577 2.1943
v 1.7099 4.8000 2.7287
v 1.7513 3.7319 2.2758
v 0.8542 3.0933 -0.1193
v 1.0607 2.9641 -0.1372
v 0.9116 3.3909 0.1134
v 1.0634 3.8387 -0.1138
v 0.9356 3.9576 0.2718
v 1.4061 3.0549 0.1710
v 1.2205 3.6600 0.4406
v 1.0911 3.5706 0.2925
v 1.2890 2.7935 -0.0654
v 1.3144 2.3531 -0.3176
v 1.1693 3.8578 0.5967
v 1.5571 3.3449 0.4543
v 1.5078 3.7016 0.8298
v 1.7345 2.2780 0.1412
v 1.5385 1.7531 -0.4708
v 1.5619 2.1653 -0.0522
v 1.4034 4.0877 1.4979
v 2.0391 2.5691 0.3622
v 1.8714 3.5071 1.2422
v 1.9485 3.2724 0.9296
v 1.8770 3.4664 2.5104
v 1.8529 3.1341 0.5885
v 2.1673 2.1606 0.2958
v 2.0025 3.3850 1.4530
v 1.9015 2.8249 2.7732
v 1.8562 2.1976 2.3558
v 1.9498 2.8729 2.1087
v 1.9507 3.3017 1.8515
v 2.0982 3.2656 1.4489
v 2.5252 2.7460 0.9118
v 1.9750 3.0326 1.7752
v 2.1789 3.0485 2.0150
v 1.9437 2.6617 2.3253
v 2.3030 3.1332 1.2815
v 2.1824 3.1548 1.5590
v 2.3989 5.1050 1.8970
v 2.4698 3.1339 1.7999
v 2.5609 2.5461 0.7578
v 2.8130 2.9779 1.5467
v 2.6851 3.0157 2.2755
v 2.7380 2.9056 1.3576
v 2.7696 3.0766 1.8701
v 2.9402 2.9848 2.1087
v 3.0558 2.6555 1.4493
v 3.1074 2.8540 1.8678
v 3.7052 5.2380 1.2582
v 4.3235 5.1148 0.8070
v 4.2451 5.4939 0.6647
v 4.3365 4.9411 0.5027
v 4.4196 4.8903 0.6030
v 4.2407 5.1740 0.7187
v 4.5395 5.0353 0.7538
v 1.8057 3.6222 1.6092
v 1.9262 3.3314 2.3286
v 1.3243 1.2490 2.4734
v 1.0872 1.0302 2.4737
v 1.3013 1.2021 2.4015
v 1.4099 1.0674 2.0361
v 1.2947 1.7344 3.2560
v 1.4413 1.9813 3.1975
v 1.4996 2.0411 3.2300
v 1.6167 1.4040 2.1989
v 1.4769 2.5032 3.6536
v 1.6146 1.9342 2.9006
v 1.6392 2.3580 3.3064
v 1.6552 2.6185 3.4582
v 1.6296 2.0942 3.0557
v 1.6730 2.3429 3.2566
v 1.7632 2.2130 2.9039
v 1.7951 2.2344 2.8149
v 1.7861 2.1458 2.6885
v 1.7944 2.2265 2.5758
v 1.7864 1.4389 1.9647
v 1.8517 2.6970 2.9319
v 1.8311 1.2486 1.8782
v 2.1040 1.8614 2.8468
v 2.0933 1.5560 2.7015
v 2.0773 2.2528 2.8323
v 2.3311 2.5203 2.9698
v 2.2302 2.2357 3.0092
v 2.1983 1.4019 2.7746
v 2.3410 2.0056 3.0980
v 2.3961 2.7468 2.7749
v 2.5587 1.4874 3.0486
v 2.7104 1.7092 3.1667
v 2.5873 2.6258 2.9886
v 2.4769 2.2167 3.1657
v 2.6600 1.9708 3.2101
v 2.7958 2.3188 3.1848
v 2.5754 2.4664 3.1128
v 2.9459 1.5551 3.0928
v 2.9110 1.9600 3.2111
v 2.8637 2.5572 3.0434
v 2.9168 1.1437 1.1324
v 2.8197 2.3964 0.9748
v 2.4849 2.1562 0.4918
v 3.0877 1.8309 1.2247
v 2.7044 1.5913 0.7179
v 2.7844 1.3931 1.1236
v 3.1812 1.7759 3.1117
v 3.1520 2.2811 3.0916
v 3.0384 2.6079 2.9019
v 3.1019 2.4192 1.3389
v 2.9109 2.8411 2.6146
v 3.0136 1.4991 1.2482
v 2.9058 0.4657 1.2204
v 3.1666 2.6561 2.7195
v 3.1997 2.7846 2.0474
v 3.3519 1.5959 1.6897
v 3.1773 2.4347 2.9918
v 3.3132 2.5783 2.6565
v 3.3472 2.1047 1.6451
v 3.3180 2.4661 1.7423
v 3.3073 1.9040 3.0617
v 3.3076 1.2653 1.7473
v 3.2052 0.9631 1.7166
v 3.2754 1.5030 2.9248
v 3.3982 2.5318 2.1199
v 3.3870 2.1250 2.9728
v 3.3721 2.3250 2.8917
v 3.4001 1.7641 2.9511
v 3.4348 2.4309 2.6658
v 3.4705 1.9974 2.8877
v 3.4567 2.1215 1.9297
v 3.4887 2.3627 2.1842
v 3.5372 1.9696 2.0926
v 3.5349 1.6710 2.6489
v 3.5236 1.6966 2.0970
v 3.5243 2.3121 2.4987
v 3.4666 1.4065 2.5179
v 3.5736 2.0529 2.5906
v 3.5692 1.9554 2.3552
v 0.7313 0.9640 2.6149
v 2.6706 2.7488 2.8679
v 2.0557 0.1972 3.3541
v 2.0041 0.1138 3.0566
v 2.0866 0.7033 2.1446
v 1.9471 0.6160 1.9293
v 1.8131 0.0075 1.3207
v 2.0860 0.4919 3.0764
v 2.2796 0.5445 3.2566
v 2.2970 0.4675 3.4083
v 2.3391 1.0542 2.6240
v 2.0937 0.8577 2.1477
v 2.4523 0.7443 2.2989
v 2.5219 0.5705 3.1787
v 2.6403 0.6468 2.8435
v 2.6248 1.1179 2.7912
v 3.3579 0.0049 2.8476
v 2.8043 1.2893 2.9404
v 2.7683 0.5077 3.6620
v 2.7010 0.7086 2.2285
v 2.8654 0.8011 2.3608
v 2.7191 0.6303 3.2331
v 3.0306 0.9618 2.5349
v 2.9314 0.5339 3.6634
v 2.9253 0.6869 2.0100
v 2.9341 0.5031 1.4924
v 3.0872 0.7800 1.5363
v 3.1023 0.4334 3.5514
v 3.0365 0.7935 2.1796
v 3.1140 0.9570 1.4272
v 2.9285 0.0448 1.5503
v 3.4037 0.0751 2.7606
v 3.3668 1.1855 2.3099
v 3.0984 0.3386 3.7502
v 3.2649 1.1659 2.5757
v 3.0734 0.0076 3.8485
v 3.1917 0.3784 2.1602
v 3.2142 0.1205 3.4830
v 3.2571 0.4210 3.3214
v 2.9552 0.6098 3.0118
v 3.2761 0.1033 3.4535
v 3.0910 0.4450 3.2870
v 3.3540 0.5018 3.2548
v 3.6579 0.0842 3.1995
v 3.2138 0.0079 3.4777
v 3.4629 0.5277 3.1266
v 3.3502 0.3991 3.4456
v 3.3395 0.1364 3.5192
v 3.4554 0.4457 3.4287
v 3.5345 0.4683 3.1956
v 3.5282 1.5431 2.3085
v 3.5397 0.1505 3.6819
v 3.6172 0.0003 3.2937
v 3.6352 0.3586 3.5647
v 3.5657 0.4344 3.3651
v 3.7598 0.0077 3.7489
v 3.6931 0.0994 3.3131
v 3.6230 0.3444 3.1779
v 3.6775 0.1691 3.2000
v 3.7596 0.0088 3.6228
v 3.6925 0.2517 3.6550
v 3.4052 0.5703 2.9817
v 3.2995 0.6059 3.1019
v -0.7607 0.7246 1.1854
v -0.5231 0.4829 0.7574
v -0.3203 0.3029 0.7910
v -0.4189 0.3779 0.6170
v 0.1042 0.1006 0.8593
v 0.2775 0.0571 0.8952
v 0.5013 0.2976 1.5563
v 0.5053 0.4646 1.8128
v 1.0438 0.5540 1.7824
v 0.9695 0.1442 0.8879
v 1.0649 0.0010 -0.0716
v 0.9882 0.4445 1.6019
v 0.4963 0.0474 0.9141
v 1.3746 0.6275 1.4311
v 0.9113 0.4956 1.7112
v 1.3270 0.7699 1.7545
v 1.2654 0.3054 0.8851
v 1.0917 0.2161 0.8025
v 1.3816 0.8454 1.6836
v 1.6736 0.2237 -0.9189
v 1.4643 0.3305 0.0984
v 1.3039 0.1483 0.0106
v 1.5295 0.7227 1.3673
v 1.5064 0.4986 0.0372
v 1.6448 1.3325 -0.2429
v 1.6660 0.8718 0.1496
v 1.6384 1.7983 -0.0197
v 1.6336 0.7374 -0.0873
v 1.7432 1.1020 1.6827
v 1.6553 1.4117 -0.0474
v 1.8106 0.9488 0.3508
v 1.7512 1.3511 0.1000
v 1.7548 0.3321 -0.8754
v 1.6014 0.4144 -0.2713
v 1.6725 0.7084 1.0995
v 1.7716 0.6462 0.7901
v 1.8360 1.8926 0.1246
v 1.6916 0.6698 0.8614
v 1.8358 0.6346 -0.7935
v 1.8190 0.1097 0.8114
v 1.7942 0.5040 1.2116
v 1.9064 0.3612 0.5542
v 1.7876 0.0277 1.0648
v 2.0120 0.0010 0.7027
v 2.2215 1.2935 0.3929
v 1.8490 0.7016 0.7066
v 2.0769 0.0723 0.5568
v 2.0864 0.8431 0.6541
v 2.2088 0.7086 0.5096
v 2.1459 0.2814 0.4045
v 2.3552 1.7706 0.3682
v 2.4196 0.0060 0.7506
v 2.2308 0.9469 0.7084
v 2.3445 0.3091 0.4153
v 2.4757 0.8369 0.6236
v 2.4578 0.5591 0.4808
v 2.5631 0.0867 0.7562
v 2.5554 1.7546 0.5185
v 2.4994 0.4344 0.5041
v 2.5773 1.2006 0.9560
v 2.6384 0.2198 0.7371
v 2.7271 2.0020 0.6944
v 2.6851 0.5138 0.7378
v 3.0279 0.9267 1.2499
v 0.6888 0.0143 0.7323
v 0.1830 0.0061 0.2167
v 1.4408 0.5020 0.9081
v 1.5159 1.9583 -0.2205
v 1.6383 0.6774 0.5388
v 2.0829 0.4575 0.4280
v 2.0138 0.2073 0.4909
v 2.3447 0.1371 0.5009
v -4.5678 5.5656 0.5792
v -4.5725 5.5959 0.6683
v -4.4090 5.4976 0.5311
v -3.6023 5.1056 0.5886
v -4.5153 5.8820 0.3862
v -3.7625 5.0906 0.7860
v -3.5483 4.8150 0.8105
v -3.4640 5.4601 1.2671
v -3.3396 5.5423 1.5323
v -3.4838 4.5090 0.6646
v -3.3453 4.3866 0.6164
v -3.4246 4.5289 0.5133
v -3.3226 5.0713 1.1672
v -3.4459 4.5451 0.7995
v -3.3877 4.8782 0.5995
v -3.5995 5.2156 0.5796
v -3.3617 5.2825 0.8314
v -3.3459 4.4333 0.5022
v -3.3498 4.5603 0.4763
v -3.2556 4.5397 0.7643
v -3.2289 4.8323 0.5906
v -3.2545 4.7734 0.9454
v -3.2512 4.4561 0.5574
v -3.1520 4.8165 0.8456
v -2.9080 4.8754 1.1225
v -2.6672 5.2507 1.6510
v -3.1619 5.0370 0.8288
v -2.6202 4.9899 1.1826
v -2.0590 2.9759 1.7134
v -2.3923 2.6159 1.7633
v -1.9270 3.0776 1.8143
v -1.7055 4.8005 1.9606
v -1.1771 4.6262 2.1951
v -0.9524 4.6627 2.2104
v -0.7985 4.4597 2.3264
v -1.3405 5.3140 2.2648
v -1.7212 4.9019 1.7710
v -2.4607 4.9328 1.4791
v -2.1813 5.1113 1.4102
v -1.3049 3.1648 1.5565
v -1.2728 3.2080 1.1197
v -1.3482 3.1804 1.4406
v -1.1951 3.1738 1.5898
v -1.0763 3.3496 1.6931
v -1.0744 3.4256 1.4553
v -0.9672 3.4808 1.2158
v -1.0344 3.2748 0.9505
v -0.9210 3.6045 1.4403
v -1.0391 2.9575 1.9360
v -1.0366 2.6586 2.3125
v -0.9820 3.5017 1.8721
v -0.9940 3.4802 2.3813
v -0.4911 3.1973 0.2918
v -1.1495 2.5769 0.3666
v -0.6897 3.5988 0.9375
v -0.6246 3.7591 1.0676
v -0.5663 3.5190 0.6357
v -0.7641 3.7650 1.3330
v -0.4118 3.0073 0.1389
v -0.6490 4.1480 2.1935
v -0.3260 3.9551 0.8793
v -0.0534 3.7165 0.3992
v -0.0062 3.4022 0.1686
v -0.0991 4.1976 0.9678
v 0.0999 3.1325 -0.0443
v -0.2291 2.4482 -0.2408
v 0.0910 2.8274 -0.2292
v -0.1279 3.9506 0.6656
v 0.1842 3.9099 0.4763
v 0.3114 2.4235 -0.7285
v 0.5199 4.1798 0.7050
v 0.2776 4.2454 0.8162
v 0.4718 4.4270 0.5655
v 0.5902 2.3523 -0.9783
v 0.5085 3.4894 0.1267
v 0.4480 3.6090 0.2149
v 0.5789 2.7206 -0.5004
v 0.5488 2.9754 -0.2318
v 0.6368 3.0007 -0.5365
v 0.6434 4.6920 0.1807
v 0.7976 3.8226 -0.3509
v 0.8893 4.0521 -0.5991
v 0.7295 4.7254 0.4046
v 0.5943 4.7278 0.3045
v 0.6684 3.3984 0.0667
v 0.6978 3.0911 -0.1431
v 0.6933 4.6395 0.2013
v 0.6163 4.6494 0.2086
v 0.6668 4.1839 0.7249
v 0.9353 4.0900 -0.4955
v 0.9980 3.2542 -0.5717
v 0.9317 2.6019 -0.6286
v 1.0977 3.2862 -1.0319
v 0.8221 3.6028 -0.1027
v 1.0482 4.0315 -0.4695
v 1.0657 3.8579 0.1454
v 1.1466 3.1924 -0.6922
v 1.1606 2.6575 -0.3315
v 1.0733 2.5936 -0.5354
v 1.1809 3.1825 -0.9325
v 0.7639 2.6342 -0.6248
v -2.0529 2.4815 1.1286
v -2.2298 2.3551 1.2845
v -1.9932 2.8429 1.3835
v -1.8801 2.0438 0.7166
v -1.7186 2.1249 0.5696
v -1.6422 2.6271 0.7617
v -1.6922 1.7134 0.5386
v -1.6196 1.4940 0.5342
v -1.5906 2.9733 1.1187
v -1.6013 1.2485 0.7013
v -1.0736 2.9317 0.5318
v -1.5102 2.0462 0.3963
v -1.2018 2.9410 2.1771
v -1.6317 3.1179 1.9672
v -1.3662 1.7019 0.3130
v -1.1894 1.3937 0.2762
v -1.2708 1.1209 0.4581
v -1.1681 0.4752 0.4591
v -1.2011 0.8311 0.6665
v -0.8380 2.2511 0.1407
v -0.8580 0.8773 0.3930
v -0.9476 1.9428 0.1310
v -0.8210 1.3564 0.1009
v -0.9466 0.6954 0.7307
v -0.6702 0.9234 0.1225
v -0.8411 0.6675 0.8660
v -0.5947 1.8973 -0.0982
v -0.8893 0.7468 0.6379
v -0.6222 0.7388 0.2212
v -0.6467 1.4582 -0.0997
v -0.5406 1.0715 -0.1607
v -0.3756 1.0738 -0.4924
v -0.2257 1.8411 -0.5754
v -0.2882 0.7410 -0.6445
v -0.2649 1.4699 -0.6392
v -0.1961 0.3216 -0.3639
v 0.0538 0.1097 -0.3231
v -0.1367 0.7558 -1.0346
v 0.0338 1.4240 -1.2089
v 0.2199 2.0626 -0.9977
v 0.2364 0.5746 -1.7352
v -0.0221 0.6057 -1.2235
v 0.2017 0.3053 -1.3807
v 0.2462 0.0098 -0.3218
v -0.2536 0.4392 -0.2872
v -0.0878 1.1197 -1.1227
v -4.4847 1.2480 5.1850
v -4.1180 0.8435 4.2138
v -4.2393 1.1566 4.4450
v -4.1737 1.2084 4.7218
v -4.1866 1.2102 4.4597
v -4.1753 1.0613 4.1245
v -4.0554 1.3964 3.2099
v -4.0460 1.1278 2.9134
v -3.8910 0.8431 3.3686
v -4.4201 1.2935 5.2078
v -3.8614 0.6365 3.5578
v -3.9317 1.4566 3.2324
v -3.8081 1.4318 3.2629
v -4.0284 1.3669 3.8688
v -4.0192 1.3022 2.9149
v -3.8621 1.1179 2.6612
v -3.9955 1.1320 2.7724
v -3.8516 1.3690 2.8632
v -3.8672 1.2820 2.7579
v -3.7472 0.7079 2.7472
v -3.8663 0.9622 2.6645
v -3.7192 1.0530 2.6386
v -3.7095 1.2565 2.7430
v -3.6029 0.7570 2.6139
v -3.5990 1.3034 3.0075
v -3.5757 0.1124 2.3557
v -3.5561 1.2228 3.3021
v -3.5748 1.2231 2.8257
v -3.4666 0.8142 2.6709
v -3.3903 0.8549 2.7925
v -3.4644 1.1294 2.9466
v -3.5615 1.0290 3.9733
v -3.3761 0.9098 3.7109
v -3.4528 0.2228 3.0884
v -3.2046 0.0539 3.4317
v -3.0478 0.3728 3.3323
v -3.2450 0.7694 3.2510
v -3.1571 0.4102 2.6870
v -3.1551 0.5323 2.5164
v -3.0631 0.1103 3.3458
v -3.1796 0.3974 2.9917
v -3.0649 0.2353 3.2008
v -3.2437 0.2362 3.0225
v -2.6008 1.8414 2.8121
v -2.5822 2.3906 2.6423
v -2.6931 2.1125 2.4748
v -2.4080 2.1550 3.0376
v -2.3602 2.5379 2.8366
v -2.5041 2.5504 2.5342
v -2.1629 2.0499 3.1820
v -2.1630 1.7496 3.1475
v -2.1970 2.6790 2.7872
v -3.5250 0.2465 2.9489
v -3.6251 0.2027 2.0969
v -3.6564 0.6920 2.6067
v -3.5422 0.5086 2.1238
v -3.1700 0.5536 1.5053
v -3.3716 0.6828 2.4688
v -3.2682 0.2395 2.7789
v -2.6511 1.6871 2.5907
v -2.6838 1.7163 2.2341
v -2.5939 2.1215 2.8263
v -2.5938 1.9519 1.8501
v -2.6270 2.2027 2.0175
v -2.5249 1.2760 2.3079
v -2.6182 2.3909 2.2292
v -2.5913 1.5006 2.5559
v -2.4842 1.1866 2.0094
v -2.5752 1.6289 1.8585
v -2.5516 2.2469 1.8193
v -2.3419 2.0563 1.3952
v -2.6129 0.4788 2.9915
v -2.3358 2.7790 2.0379
v -2.3089 1.3795 2.8296
v -2.4248 1.2259 2.5162
v -2.1342 0.0755 1.6632
v -2.2849 0.8639 1.9335
v -2.2711 1.0988 2.5594
v -2.2359 2.8560 2.2150
v -2.2447 1.7636 1.2643
v -2.1619 0.8142 2.1987
v -2.1100 2.9852 1.9431
v -2.0998 1.8844 1.0146
v -2.0561 0.9037 2.4796
v -2.2004 1.5052 1.2752
v -1.9611 3.0190 2.1815
v -2.0696 2.5798 2.9955
v -2.7166 0.2698 3.1246
v -3.4819 0.1049 1.6741
v -3.5601 0.3242 1.8475
v -3.4507 0.0083 2.0467
v -3.3725 0.0000 2.2302
v -3.2910 0.1513 1.1454
v -3.2414 0.0044 1.3037
v -3.2617 0.3524 1.1454
v -3.0812 0.1774 0.8123
v -2.9801 0.0665 0.7814
v -3.2114 0.5912 2.0792
v -2.8566 0.0093 0.7782
v -2.7966 0.0076 1.5507
v -2.9175 0.1468 0.6890
v -2.9386 0.4109 0.7019
v -3.0427 0.5137 2.1234
v -2.8824 0.6001 1.4089
v -2.6543 0.6794 0.8292
v -2.7363 0.4771 0.6182
v -2.7757 0.4838 1.5291
v -2.6480 0.5716 0.6376
v -2.7165 0.0872 0.6773
v -2.7834 0.2435 0.6134
v -2.6537 0.2803 0.4252
v -2.6925 0.0008 0.7800
v -2.5930 0.4144 0.3979
v -2.6049 0.0739 0.7094
v -2.6798 0.1408 0.5301
v -2.4804 0.6141 0.8561
v -2.5901 0.6771 0.8842
v -2.6188 0.0076 0.8849
v -2.5543 0.1267 0.4578
v -2.5314 0.0742 0.8320
v -2.4438 0.5473 0.8815
v -2.4651 0.1205 0.5340
v -2.1650 0.5450 1.8277
v -2.0468 0.3735 1.3270
v -2.4328 0.2672 0.8349
v -2.4068 0.4729 0.4581
v -2.5021 0.2628 0.3554
v -2.4742 0.3885 0.3517
v -2.3879 0.2665 0.4289
v -2.4904 0.5439 0.4927
v -2.7384 0.0178 3.2552
v -1.9328 0.0087 1.2969
v -2.4451 1.6830 1.5989
v -2.1809 0.9601 1.2725
v -2.3797 1.0563 1.7661
v -2.0780 0.5637 1.4946
v -1.9910 0.7397 0.9304
v -1.9575 1.1574 1.0157
v -1.7734 0.8972 0.7198
v -2.0679 0.6497 1.8490
v -1.8479 0.2492 0.8520
v -1.8127 1.5367 0.7320
v -1.8124 0.7244 2.2275
v -1.8214 1.3525 1.0481
v -1.6396 1.1883 0.9139
v -1.6946 0.2644 0.6054
v -1.6840 0.5999 0.5543
v -1.4917 1.0600 0.7982
v -1.3712 0.1458 0.4718
v -1.5166 0.3935 0.4217
v -1.1590 0.0790 0.5878
v -1.1676 0.2461 0.4626
v -1.3660 0.2370 0.4143
v -1.3592 0.4279 0.3869
v -1.0201 0.0040 0.8347
v -1.0244 0.4227 0.5774
v -1.0061 0.1418 0.6921
v -2.9873 0.5067 0.8496
v -3.2257 0.0061 2.2478
v -2.5142 0.1935 1.0707
v -2.2159 0.7836 1.5236
v -2.0199 0.4776 1.1295
v -1.7874 0.0982 0.8931
v -1.5319 0.6395 0.4689
v -1.3779 0.0302 0.6235
v 0.2775 1.5765 -1.4570
v 0.4731 2.1194 -1.1682
v 0.8487 1.9568 -1.5998
v 0.8304 2.2320 -1.2017
v 1.0513 2.0848 -1.4598
v 0.9462 3.9933 -0.6931
v 0.9080 3.9580 -0.6620
v 0.9918 3.9632 -0.6738
v 1.1282 2.3204 -0.9176
v 1.1002 2.1330 -1.3185
v 0.7804 3.1863 -0.3910
v 1.0545 3.2720 -1.1103
v 0.8839 2.9111 -0.8161
v 1.0483 3.1723 -1.1683
v 0.9660 3.1976 -1.0936
v 0.9966 4.0529 -0.6265
v 1.1297 3.1792 -1.1577
v 1.0557 2.8774 -0.7540
v 1.3174 2.0074 -1.1672
v 1.1543 3.2405 -1.0894
v 1.1867 2.0791 -1.2826
v 1.3880 2.3084 -1.6738
v 1.2930 2.1546 -0.7910
v 1.5048 1.8011 -0.8153
v 1.5521 1.7144 -1.0370
v 1.5902 1.7140 -1.3217
v 1.6500 1.4800 -0.6941
v 1.7362 1.4236 -1.1073
v 4.2643 5.2285 0.5377
v 4.3808 5.0460 0.3971
v 4.4341 4.8648 0.4190
v 4.4500 4.9838 0.3735
v 4.5262 4.8665 0.4523
v 4.5482 4.9538 0.4311
v 4.5804 4.9285 0.5968
v 1.2565 2.3023 -1.5315
v 0.2840 1.1045 -1.8007
v 0.4753 1.4741 -1.8232
v 0.3452 0.7971 -1.9973
v 0.5217 0.6817 -2.2802
v 0.4532 1.1596 -2.0389
v 0.6823 0.2192 -2.1466
v 0.6057 0.4382 -2.2913
v 0.5325 1.8474 -1.4959
v 0.7326 1.3578 -2.2943
v 0.7834 0.9402 -2.6565
v 0.6817 0.5472 -2.5104
v 0.6541 0.0061 -1.3568
v 0.3587 0.1580 -1.3181
v 0.9998 0.3667 -2.8252
v 1.1386 0.1995 -2.7388
v 0.9936 1.1715 -2.8071
v 0.9681 0.0002 -1.9724
v 1.0313 1.5794 -2.3942
v 1.0855 0.5283 -3.0900
v 1.0792 1.9651 -1.6762
v 1.1836 2.3276 -1.6170
v 1.5541 0.4567 -3.5599
v 1.4011 1.7057 -2.4948
v 1.2249 1.3330 -2.9428
v 1.2881 2.3640 -1.9046
v 1.5104 0.0104 -2.6764
v 1.6581 0.0036 -1.7654
v 1.2209 1.8734 -1.9211
v 1.3578 0.0060 -0.9831
v 1.5255 1.0382 -3.7355
v 1.3961 1.8234 -2.0328
v 1.2787 2.4224 -1.8067
v 1.3762 2.4153 -1.8754
v 1.3804 2.1090 -1.8953
v 1.5317 1.6190 -2.7783
v 1.3752 2.3640 -1.9074
v 1.9869 0.2613 -1.7339
v 1.5690 1.6747 -2.6253
v 1.5905 1.7191 -2.3593
v 1.4118 1.8796 -1.5979
v 1.4586 1.8160 -1.9524
v 1.6694 1.6887 -1.9862
v 1.5980 1.8376 -2.8635
v 1.7038 1.5135 -3.1640
v 1.6934 1.9879 -2.9554
v 1.6619 1.9017 -3.0636
v 1.8203 1.4139 -1.3819
v 1.9183 1.5301 -2.8415
v 1.7876 1.9165 -2.8821
v 1.8578 1.4714 -1.7919
v 2.1408 0.1689 -2.4535
v 1.7946 1.1508 -0.8834
v 1.8967 1.0026 -1.0478
v 2.0880 1.3544 -2.3305
v 2.0507 1.2756 -1.9762
v 2.0395 1.2159 -1.8287
v 2.0186 0.6295 -1.3134
v 2.1775 0.3890 -2.0643
v 2.2024 0.6643 -1.8285
v 2.6051 0.7851 -2.8558
v 2.4032 0.4678 -2.4815
v 1.4546 0.6935 -3.6405
v 1.6835 0.2278 -3.3422
v 0.8639 0.7316 -2.8271
v 1.2189 1.0532 -3.2103
v 1.5455 1.2809 -3.5541
v 1.8745 0.8520 -4.2193
v 1.6745 0.9262 -3.9703
v 1.3567 1.5569 -2.7686
v 1.8051 1.4811 -3.5475
v 1.9364 0.1559 -3.2773
v 1.7526 1.2058 -4.0493
v 1.8516 1.0515 -4.2642
v 1.7268 1.9910 -3.0647
v 1.7791 0.5937 -3.9040
v 1.8197 1.5047 -3.2143
v 1.8324 1.9359 -3.0150
v 1.7700 2.0064 -3.0192
v 1.9091 1.3175 -4.3311
v 1.8064 1.9252 -3.0903
v 1.9676 1.4881 -3.0573
v 2.0159 0.9617 -4.4397
v 2.2385 0.6694 -4.3381
v 1.8908 1.4619 -4.0220
v 2.2866 1.3601 -4.9615
v 2.1089 1.6010 -3.8498
v 2.1972 1.8021 -4.6709
v 2.1817 1.4497 -3.1317
v 2.4128 1.3008 -3.0225
v 2.2798 1.6286 -4.0387
v 2.1252 1.7560 -3.8167
v 2.2132 1.8335 -3.7744
v 2.2153 1.5695 -3.6091
v 2.1095 1.7842 -3.7098
v 2.1949 1.8035 -3.6792
v 2.4055 0.9600 -4.7342
v 2.3509 0.2595 -3.0809
v 1.8023 0.0014 -2.5883
v 2.4686 0.3708 -3.6737
v 2.3782 1.6031 -3.8129
v 2.4023 1.6280 -3.9861
v 2.3824 0.4272 -3.9105
v 2.3500 2.0731 -5.0675
v 2.7112 0.9313 -3.1193
v 2.2115 0.8434 -1.8898
v 2.4754 0.4408 -2.7359
v 2.5197 1.5207 -3.6744
v 2.5935 0.8947 -4.7056
v 2.6149 0.5241 -3.0645
v 2.5369 1.9821 -4.5557
v 2.6965 2.1730 -4.8167
v 2.6899 0.8815 -4.6647
v 2.5593 0.5879 -4.2292
v 2.3863 0.6038 -4.3074
v 2.8294 1.7437 -4.3098
v 2.6446 1.2821 -5.1070
v 2.7401 0.7782 -3.1691
v 2.8772 0.8416 -4.2787
v 2.7977 1.0580 -3.3839
v 2.9316 0.8656 -4.0069
v 3.0361 1.6267 -4.4317
v 2.9106 1.1204 -3.6846
v 2.8497 1.2202 -3.6393
v 2.9721 1.2076 -3.9067
v 3.0517 1.1857 -4.1920
v 2.1481 1.6387 -4.1344
v 1.9057 1.5016 -3.1789
v 2.0824 1.5720 -3.6470
v 2.1207 0.3662 -3.8355
v 2.6859 0.6318 -4.1697
v 2.5341 0.4590 -3.7429
v 2.7886 0.6818 -3.4709
v 2.8344 1.0278 -4.7684
v 2.9190 0.9239 -3.6727
v 0.4754 3.9767 -7.7962
v 0.4549 4.0206 -7.7770
v 0.6230 4.0211 -7.8066
v 0.5567 4.0296 -7.6325
v 0.5998 4.0860 -7.7477
v 1.5095 3.9278 -7.4566
v 1.3720 3.8368 -7.4926
v 0.4873 3.9527 -7.6944
v 1.1873 3.6036 -7.3133
v 1.2542 3.5644 -7.1076
v 1.1529 3.7623 -7.1828
v 2.1174 3.5217 -7.0706
v 1.2956 3.9828 -7.2898
v 1.4410 4.0038 -7.4084
v 1.7155 3.1653 -6.6916
v 1.9102 4.0057 -7.4201
v 1.8210 4.0724 -7.3210
v 2.1364 3.2654 -6.2027
v 1.8850 3.1531 -6.7552
v 1.9037 3.0658 -6.4867
v 2.0329 3.1045 -6.2429
v 2.6073 3.2730 -6.0144
v 2.1692 1.5385 -4.8362
v 2.3322 4.3111 -7.4556
v 2.1538 4.1245 -7.1103
v 2.5333 1.6733 -5.3847
v 2.3974 1.9316 -5.3551
v 2.6003 2.9738 -6.3533
v 2.5678 3.7177 -6.4663
v 2.3060 1.8851 -4.4914
v 2.4619 2.1545 -4.9032
v 2.4263 2.8461 -6.0922
v 2.4854 2.9392 -5.9276
v 2.5810 2.3076 -5.7793
v 2.4450 2.3878 -5.2903
v 2.2698 4.0356 -7.4620
v 2.4904 2.2972 -5.6485
v 2.5128 2.8192 -5.6988
v 2.6301 2.3828 -5.0456
v 2.6123 2.6732 -6.0793
v 2.6607 2.1236 -5.7199
v 2.7331 1.7032 -5.4554
v 2.7811 3.1657 -5.8119
v 2.7438 2.6652 -6.0857
v 3.0199 4.8763 -7.9960
v 2.7735 3.5858 -6.1176
v 2.8784 2.0367 -5.6517
v 2.8040 1.4467 -5.2344
v 2.9898 1.3008 -4.9409
v 3.0211 1.5194 -5.1589
v 2.9578 3.1477 -5.8372
v 3.0461 2.5347 -5.4067
v 3.1153 1.8997 -5.3273
v 3.0831 5.0069 -7.9528
v 3.0789 4.9494 -8.0000
v 3.0917 2.9453 -5.9736
v 2.8991 2.7027 -6.0518
v 3.0151 2.8695 -6.0744
v 2.9440 2.2750 -5.7629
v 3.1465 2.0525 -5.3222
v 3.0970 4.7846 -7.4553
v 2.9298 4.2278 -6.7522
v 3.0364 3.0362 -5.8626
v 2.8697 3.5803 -6.0944
v 3.3086 3.2933 -6.1067
v 3.0574 2.7618 -5.8317
v 3.1485 1.9803 -5.0665
v 3.1558 4.9442 -7.9694
v 3.0712 5.0162 -7.8775
v 3.1703 4.4771 -7.2152
v 3.1875 4.9586 -7.8669
v 3.0371 4.7102 -7.8880
v 3.1623 1.6797 -4.8161
v 3.1324 1.4371 -4.7880
v 3.1690 1.7380 -5.0022
v 3.1852 4.5826 -7.4583
v 3.2876 4.1298 -7.0209
v 3.4028 3.4116 -6.6185
v 3.4124 3.2591 -6.2525
v 3.3654 3.2479 -6.4500
v 3.4668 3.4302 -6.3277
v 3.4778 3.6039 -6.4750
v 3.1982 4.1691 -7.2037
v 3.5028 3.5175 -6.5467
v 1.7522 3.2986 -6.5034
v 2.4813 2.8190 -6.1275
v 2.7293 4.7179 -7.7361
v 2.5917 3.7356 -7.0772
v 2.8985 1.7169 -5.4180
v 2.7619 4.6922 -7.5185
v 3.0329 2.0772 -5.5741
v 2.9758 2.3128 -5.0752
v 3.0022 1.9051 -4.6756
v 3.3744 3.9390 -6.7314
v 3.4603 3.6679 -6.7086
vn -0.9404 -0.0161 -0.3398
vn -0.8502 -0.4298 0.3038
vn -0.8501 0.4814 0.2136
vn -0.6848 0.3968 -0.6113
vn -0.2949 -0.9555 0.0038
vn -0.3820 -0.5080 -0.7720
vn -0.0940 -0.0936 -0.9912
vn -0.2709 0.8835 -0.3821
vn 0.1203 -0.8079 -0.5770
vn 0.0076 -0.9887 0.1500
vn -0.6536 -0.2652 0.7088
vn -0.7006 0.3186 0.6384
vn 0.1662 0.5530 -0.8164
vn 0.2368 -0.3823 -0.8932
vn 0.2108 -0.9736 -0.0877
vn 0.3274 0.2457 -0.9124
vn -0.4860 0.8725 0.0510
vn -0.4868 -0.0901 0.8689
vn -0.4376 -0.4117 0.7994
vn -0.3908 -0.4632 0.7954
vn -0.3540 0.9201 -0.1678
vn 0.1452 0.6149 -0.7751
vn -0.5468 0.2933 0.7842
vn 0.0200 0.9321 -0.3616
vn -0.3567 -0.6798 0.6408
vn -0.3409 -0.7995 0.4945
vn 0.0265 -0.6819 0.7309
vn -0.3847 -0.4661 0.7967
vn -0.0688 -0.8728 -0.4832
vn -0.0231 0.7928 -0.6091
vn -0.5733 0.7380 0.3559
vn 0.5095 -0.0044 -0.8605
vn 0.3885 -0.3033 -0.8701
vn 0.3022 -0.9346 0.1875
vn 0.5129 -0.1158 -0.8506
vn 0.3552 0.0866 -0.9308
vn 0.1013 0.7789 -0.6189
vn 0.0651 0.3323 -0.9409
vn 0.6592 0.4659 -0.5902
vn -0.6960 -0.7019 0.1516
vn -0.1301 -0.4100 -0.9027
vn -0.3372 0.9057 0.2569
vn -0.4443 -0.2683 0.8548
vn 0.9507 0.1074 -0.2910
vn 0.3724 -0.1118 -0.9213
vn -0.5414 -0.3890 0.7454
vn -0.1845 0.9296 -0.3191
vn 0.6041 -0.6251 -0.4943
vn -0.5274 0.2290 0.8182
vn -0.2444 0.9451 0.2170
vn 0.3266 -0.7606 -0.5611
vn -0.7302 -0.6787 -0.0787
vn 0.4661 -0.4105 -0.7837
vn -0.4546 -0.1369 0.8801
vn 0.1550 0.7692 -0.6199
vn -0.5095 -0.3246 0.7969
vn 0.1021 0.7756 -0.6229
vn 0.3456 0.3005 -0.8890
vn -0.5127 -0.5386 -0.6687
vn 0.3391 -0.0423 -0.9398
vn -0.6531 -0.5101 0.5597
vn 0.4541 -0.0968 -0.8857
vn -0.3322 -0.3527 0.8748
vn -0.8475 0.5303 -0.0244
vn -0.8458 -0.3582 0.3954
vn -0.8381 0.5431 0.0511
vn -0.9098 -0.3477 -0.2266
vn -0.8865 0.3746 0.2717
vn -0.3158 -0.2783 -0.9071
vn -0.7325 -0.1369 -0.6668
vn -0.0915 -0.8454 -0.5262
vn -0.1816 -0.9764 -0.1171
vn -0.6290 -0.1573 0.7613
vn -0.4282 0.5471 -0.7192
vn -0.4913 0.1457 -0.8587
vn -0.4025 -0.4380 0.8039
vn -0.1251 -0.7598 0.6380
vn 0.1159 -0.3934 -0.9120
vn 0.1617 -0.8388 0.5199
vn 0.6502 -0.7444 -0.1520
vn -0.4360 0.5335 -0.7247
vn -0.0294 0.7898 -0.6126
vn -0.3149 -0.2329 0.9201
vn -0.9736 -0.2276 0.0180
vn 0.4562 -0.1572 -0.8759
vn -0.9793 0.0833 0.1847
vn -0.8055 -0.0226 -0.5921
vn -0.5197 -0.3030 0.7988
vn 0.5844 -0.7492 -0.3118
vn -0.4042 0.7940 0.4541
vn 0.1654 -0.9089 0.3827
vn 0.5039 -0.4877 -0.7129
vn 0.1847 -0.4409 -0.8784
vn 0.3928 -0.4110 -0.8227
vn -0.4881 -0.2862 0.8245
vn -0.5569 0.1232 0.8214
vn 0.0034 -0.9860 0.1667
vn -0.5034 0.7408 0.4448
vn -0.0462 0.5254 -0.8496
vn 0.3048 0.6617 -0.6850
vn -0.3144 -0.8726 0.3737
vn -0.0192 -0.7883 0.6150
vn -0.2384 -0.8070 0.5403
vn -0.1141 0.3769 -0.9192
vn -0.5257 -0.2184 0.8222
vn -0.1665 -0.6824 0.7118
vn 0.4341 -0.3592 -0.8261
vn 0.0015 -0.8398 -0.5429
vn -0.3172 0.8512 0.4181
vn 0.2284 0.8116 -0.5378
vn 0.2402 0.8394 -0.4875
vn -0.5995 0.2321 0.7659
vn 0.2288 -0.2945 -0.9279
vn 0.2349 0.0081 -0.9720
vn -0.7360 0.3428 0.5838
vn -0.4060 -0.6598 0.6323
vn -0.2412 0.8269 -0.5081
vn 0.4061 -0.1706 -0.8978
vn 0.1481 0.6361 -0.7573
vn -0.4911 -0.5441 0.6803
vn -0.5455 0.2546 0.7985
vn 0.5639 -0.1021 -0.8195
vn -0.1977 0.8422 0.5017
vn -0.5669 -0.0386 0.8229
vn -0.0864 -0.6842 0.7241
vn 0.3981 0.2686 -0.8771
vn 0.3926 -0.1221 -0.9115
vn 0.4601 0.2038 -0.8642
vn 0.4297 -0.2044 -0.8795
vn -0.4244 -0.5304 0.7338
vn -0.3412 -0.5933 0.7291
vn -0.5150 0.2646 0.8153
vn -0.6872 0.1194 0.7166
vn 0.3357 0.7168 -0.6111
vn -0.3818 -0.7452 0.5467
vn 0.2930 0.6954 -0.6562
vn -0.0503 0.9914 0.1205
vn -0.4544 -0.6374 0.6222
vn 0.2985 0.5906 -0.7497
vn -0.4999 -0.6908 -0.5223
vn 0.4091 0.2018 -0.8899
vn -0.3609 0.6926 0.6246
vn -0.6558 -0.1982 0.7285
vn 0.1963 0.0853 -0.9768
vn -0.6454 -0.7202 -0.2546
vn -0.5001 -0.7297 0.4662
vn 0.4098 0.4189 -0.8103
vn -0.6956 0.3452 0.6300
vn 0.0337 0.7967 -0.6034
vn 0.4798 0.4872 -0.7297
vn -0.4279 -0.5342 0.7291
vn 0.6315 0.0029 -0.7754
vn 0.2952 0.9433 -0.1518
vn -0.3588 -0.9088 0.2128
vn -0.1984 -0.7350 0.6484
vn -0.0210 0.8932 0.4492
vn -0.3436 -0.7276 -0.5938
vn -0.6423 0.0419 0.7653
vn -0.4956 -0.8453 0.1995
vn -0.5109 -0.3080 0.8026
vn -0.3927 -0.9181 0.0531
vn -0.6346 -0.6547 0.4106
vn -0.3494 -0.7802 0.5189
vn -0.8350 0.5112 -0.2038
vn -0.9396 -0.1480 0.3087
vn -0.7069 0.6730 0.2178
vn 0.4493 -0.2754 -0.8499
vn 0.0193 0.9672 0.2534
vn -0.7386 0.0663 0.6708
vn -0.3721 -0.6322 0.6796
vn -0.2090 -0.6578 0.7236
vn -0.8391 -0.5242 -0.1453
vn -0.6173 -0.7583 0.2096
vn -0.5278 -0.4689 0.7082
vn 0.4909 0.2237 -0.8420
vn -0.5588 -0.2113 0.8020
vn -0.2758 0.9401 -0.2002
vn 0.3472 0.1511 0.9255
vn 0.5702 0.7540 0.3262
vn 0.3732 0.6981 -0.6111
vn 0.3932 0.4578 -0.7973
vn -0.9420 0.3185 -0.1055
vn 0.5067 -0.4023 0.7625
vn 0.4834 0.2830 0.8284
vn -0.4535 -0.3104 -0.8354
vn -0.7795 -0.2835 0.5586
vn -0.7539 0.0611 0.6542
vn -0.4479 -0.8502 0.2766
vn -0.7042 -0.7070 0.0646
vn 0.1947 0.9807 0.0168
vn 0.4233 -0.3720 -0.8261
vn 0.1524 -0.8686 0.4714
vn -0.6411 0.7662 0.0451
vn -0.5529 -0.2335 0.7999
vn -0.9711 -0.2004 -0.1299
vn -0.6459 0.0238 0.7631
vn -0.5743 0.8175 0.0446
vn -0.7788 0.6272 0.0063
vn 0.5641 -0.3710 0.7377
vn -0.9530 -0.1397 -0.2687
vn 0.3920 0.1864 -0.9009
vn -0.8644 -0.4789 -0.1534
vn 0.4126 0.8623 -0.2936
vn -0.0300 0.9850 0.1698
vn -0.7677 0.5090 -0.3892
vn 0.7923 0.3784 0.4786
vn -0.8178 -0.5340 -0.2147
vn -0.1507 0.9866 -0.0618
vn -0.8379 0.0551 -0.5430
vn 0.6165 -0.2063 -0.7598
vn 0.4629 0.8836 0.0704
vn -0.5195 0.1705 0.8373
vn -0.0943 -0.7862 0.6107
vn -0.5021 -0.2942 0.8132
vn -0.7516 -0.0121 -0.6595
vn -0.6414 -0.2921 0.7094
vn -0.7472 0.1140 0.6547
vn 0.6465 -0.0779 -0.7589
vn -0.7991 -0.5458 -0.2520
vn -0.5932 0.7773 -0.2095
vn -0.1678 0.3755 -0.9115
vn 0.0017 0.8855 -0.4646
vn -0.3568 0.6260 -0.6935
vn -0.8337 -0.4708 -0.2887
vn -0.9580 -0.0877 -0.2731
vn 0.7028 0.6513 0.2860
vn -0.6401 0.0008 -0.7683
vn -0.5645 -0.3225 0.7598
vn -0.4586 -0.1658 -0.8731
vn -0.8764 0.4567 0.1529
vn 0.0391 0.5114 -0.8584
vn -0.9309 -0.3630 0.0400
vn 0.5856 0.2227 -0.7794
vn -0.1726 0.8885 0.4251
vn -0.2219 -0.9712 -0.0871
vn 0.6104 0.6325 -0.4768
vn 0.1369 0.2581 -0.9564
vn -0.1757 0.0029 -0.9844
vn -0.0940 0.4036 -0.9101
vn 0.2831 0.6727 -0.6837
vn -0.8797 -0.4438 -0.1706
vn -0.0020 -0.7443 0.6679
vn -0.0240 0.3695 -0.9289
vn 0.1845 0.1534 -0.9708
vn 0.7444 0.0206 -0.6674
vn -0.3943 -0.9125 0.1088
vn -0.5859 0.5703 -0.5757
vn 0.5770 0.8123 -0.0848
vn -0.5064 -0.4715 -0.7220
vn 0.3645 0.7277 -0.5810
vn -0.9729 0.1339 -0.1883
vn -0.4981 0.4891 -0.7160
vn 0.4599 0.8827 0.0968
vn -0.7742 -0.6280 0.0783
vn 0.6990 0.6903 0.1867
vn 0.1689 0.7241 0.6687
vn 0.6439 0.4994 -0.5797
vn -0.5405 -0.8305 0.1344
vn -0.8979 0.3334 -0.2875
vn -0.6901 0.6059 -0.3958
vn 0.4343 0.6993 -0.5678
vn 0.2148 0.0200 -0.9764
vn 0.4208 0.1225 -0.8988
vn -0.2649 0.9055 -0.3316
vn -0.6306 -0.2837 0.7224
vn -0.8522 -0.4769 -0.2153
vn 0.4727 0.4141 -0.7778
vn -0.7675 -0.3241 0.5530
vn -0.7339 -0.2698 0.6234
vn 0.5107 0.5247 -0.6811
vn -0.3556 -0.9047 0.2348
vn 0.0742 0.8553 -0.5128
vn -0.2592 0.2112 -0.9425
vn 0.8052 0.4864 -0.3393
vn 0.0722 0.4111 0.9088
vn 0.4411 0.7251 0.5289
vn -0.0055 0.4055 0.9141
vn 0.8554 0.5091 -0.0956
vn 0.2908 0.9368 -0.1945
vn -0.8443 -0.3376 0.4161
vn -0.8336 -0.3345 0.4396
vn -0.3315 -0.0667 0.9411
vn -0.1004 0.8121 -0.5748
vn 0.2660 -0.7013 0.6614
vn 0.5218 0.7489 -0.4085
vn 0.8644 0.5026 -0.0154
vn -0.7667 0.0389 -0.6409
vn -0.9346 -0.2953 -0.1982
vn -0.0237 0.5082 -0.8609
vn -0.9936 0.1084 0.0302
vn -0.6498 0.6711 0.3569
vn -0.4320 0.0255 0.9015
vn -0.5318 -0.4632 0.7090
vn -0.4629 -0.8812 0.0962
vn -0.1089 -0.9677 0.2275
vn 0.0499 -0.9231 0.3812
vn 0.2067 0.6597 -0.7225
vn -0.9399 -0.1072 0.3240
vn 0.0115 -0.7062 0.7079
vn -0.7546 -0.4007 0.5196
vn -0.4520 0.8838 -0.1204
vn -0.4235 -0.5067 0.7509
vn 0.8801 0.3891 0.2720
vn -0.5460 -0.7582 0.3565
vn 0.3693 -0.8550 -0.3642
vn -0.2518 -0.5031 -0.8267
vn -0.3495 0.0405 0.9361
vn -0.2725 -0.5999 0.7522
vn 0.1786 -0.6124 0.7701
vn 0.8411 0.3785 0.3863
vn 0.7757 -0.1036 -0.6225
vn -0.8732 -0.2742 -0.4029
vn -0.5236 -0.3833 0.7608
vn -0.1215 -0.9913 -0.0504
vn 0.7955 0.5975 0.1009
vn 0.6078 0.3473 -0.7141
vn -0.6680 0.6405 -0.3787
vn -0.6887 -0.6723 -0.2715
vn 0.3007 0.5505 -0.7788
vn 0.4901 -0.7166 0.4962
vn 0.3446 -0.6993 0.6263
vn 0.0284 0.1012 -0.9945
vn 0.6930 -0.2456 0.6779
vn -0.1582 -0.9874 0.0003
vn 0.8631 0.5035 0.0396
vn 0.3281 0.9255 -0.1890
vn -0.5396 -0.3590 0.7616
vn 0.0293 -0.5116 0.8587
vn 0.2982 0.9170 -0.2649
vn 0.2904 -0.9313 0.2198
vn -0.5055 0.4537 -0.7339
vn -0.4354 -0.8863 -0.1580
vn 0.0443 -0.5519 0.8327
vn 0.7205 -0.6806 0.1333
vn 0.0711 0.4962 -0.8653
vn -0.8243 0.4159 -0.3842
vn 0.0005 -0.9459 0.3245
vn -0.0020 -0.5002 0.8659
vn -0.1660 0.4885 -0.8566
vn -0.9470 -0.0800 0.3112
vn 0.8222 -0.4325 -0.3700
vn 0.6167 0.2071 -0.7594
vn 0.2453 -0.8801 0.4065
vn 0.4370 -0.6009 0.6693
vn 0.4057 -0.8451 -0.3482
vn 0.4367 -0.8750 0.2090
vn 0.2651 0.9641 -0.0148
vn 0.8563 -0.4817 -0.1863
vn 0.3936 0.3929 -0.8311
vn -0.1652 -0.5262 0.8342
vn -0.1404 -0.6082 0.7813
vn 0.5082 -0.0644 -0.8588
vn -0.5695 -0.2956 0.7670
vn -0.7425 -0.1725 -0.6473
vn -0.5837 -0.6742 -0.4525
vn 0.7388 0.6307 -0.2375
vn 0.7926 -0.3562 0.4949
vn 0.9408 0.0111 0.3389
vn 0.9710 -0.1106 0.2120
vn 0.4785 -0.8418 -0.2499
vn 0.1566 0.9664 0.2036
vn -0.9802 0.0530 0.1906
vn 0.9723 -0.1344 -0.1912
vn 0.6754 0.2655 -0.6879
vn -0.7596 -0.5038 0.4114
vn 0.4019 -0.8723 -0.2786
vn 0.4447 0.8890 0.1093
vn 0.1040 -0.6110 0.7848
vn 0.8488 -0.0256 -0.5281
vn -0.5860 -0.3918 0.7093
vn 0.1112 0.4290 0.8964
vn 0.8188 -0.2447 -0.5193
vn -0.4774 -0.5461 0.6883
vn 0.3400 -0.6223 0.7051
vn 0.9425 -0.3321 0.0380
vn -0.2035 0.5753 -0.7922
vn 0.4828 -0.8243 0.2957
vn -0.2164 -0.8974 -0.3844
vn 0.5957 0.5254 -0.6075
vn 0.7267 0.1065 -0.6786
vn -0.4226 -0.2803 -0.8619
vn 0.7285 0.6017 0.3274
vn 0.8468 -0.4048 0.3450
vn 0.5496 -0.6289 -0.5500
vn 0.8310 0.1890 -0.5232
vn -0.6339 0.3085 -0.7092
vn -0.2248 -0.9513 0.2110
vn 0.2707 0.4649 -0.8429
vn -0.8106 -0.4845 0.3289
vn -0.7068 -0.6738 0.2154
vn 0.2349 -0.5818 0.7787
vn -0.6047 -0.4622 0.6486
vn 0.0169 0.9989 -0.0427
vn -0.3944 -0.4550 0.7984
vn -0.6364 -0.1658 -0.7533
vn 0.0419 -0.6009 0.7982
vn -0.2724 0.2519 0.9286
vn -0.0629 0.9653 -0.2534
vn 0.6696 0.2781 -0.6886
vn -0.5940 0.4255 -0.6827
vn -0.3663 -0.8339 0.4129
vn 0.5464 0.0969 -0.8319
vn -0.1850 -0.7858 -0.5902
vn -0.9023 -0.1576 -0.4012
vn -0.6746 -0.7351 -0.0673
vn -0.7977 0.5806 0.1627
vn 0.1495 -0.1320 0.9799
vn -0.7262 0.4056 0.5551
vn 0.6708 0.5284 0.5204
vn -0.5429 0.0301 0.8393
vn -0.3288 0.8019 -0.4989
vn 0.1241 -0.9451 -0.3024
vn 0.4084 -0.9126 0.0189
vn 0.3628 0.3850 0.8486
vn -0.1050 0.5574 0.8236
vn 0.2446 -0.6900 0.6812
vn 0.3033 0.1660 0.9383
vn -0.8368 -0.4340 0.3338
vn -0.4923 -0.8428 -0.2176
vn -0.8599 -0.2550 -0.4422
vn 0.5309 0.7723 0.3489
vn -0.6708 0.0827 0.7370
vn -0.8844 0.3022 -0.3557
vn -0.8440 0.4387 -0.3086
vn 0.5265 -0.2186 0.8216
vn 0.3354 0.9413 0.0387
vn -0.5852 -0.6110 -0.5331
vn -0.3491 0.8920 0.2872
vn -0.4660 0.8775 0.1134
vn 0.5921 0.3079 -0.7448
vn 0.4900 0.2908 0.8218
vn -0.8244 -0.3768 0.4223
vn 0.0464 -0.9541 0.2959
vn 0.6642 -0.1880 0.7236
vn -0.8048 -0.3896 0.4478
vn -0.6507 -0.1756 -0.7387
vn -0.7027 0.7115 0.0055
vn -0.9628 -0.2269 0.1469
vn -0.9832 0.1340 0.1236
vn -0.9823 -0.1613 -0.0956
vn -0.8437 0.2083 0.4948
vn -0.0055 -0.6182 0.7860
vn -0.9487 0.0156 -0.3157
vn -0.9761 0.1084 -0.1885
vn 0.2739 0.3027 -0.9129
vn 0.5482 0.5733 -0.6090
vn 0.6517 0.3707 -0.6617
vn -0.8862 -0.4543 0.0912
vn -0.8530 0.0730 0.5168
vn -0.5024 0.3654 -0.7836
vn -0.8983 0.4285 -0.0971
vn -0.7764 -0.4581 0.4328
vn 0.2123 0.6899 0.6920
vn -0.7305 0.6789 -0.0741
vn -0.1367 0.9232 0.3593
vn 0.1837 -0.9492 -0.2556
vn -0.7729 0.6143 0.1588
vn -0.8650 0.4107 0.2884
vn 0.1576 0.8887 -0.4305
vn -0.0557 -0.7930 -0.6067
vn 0.4100 0.4577 -0.7890
vn 0.4985 0.8625 0.0871
vn -0.9240 -0.3616 -0.1245
vn -0.9184 -0.1640 -0.3601
vn 0.7468 0.5270 -0.4057
vn -0.1416 0.8808 0.4518
vn -0.3880 0.8948 0.2211
vn 0.6296 -0.7769 -0.0048
vn 0.3634 -0.1162 0.9244
vn -0.8848 0.2271 -0.4069
vn 0.9326 0.1330 0.3355
vn 0.5989 -0.7851 -0.1579
vn -0.6550 -0.2163 0.7240
vn 0.8149 0.4836 0.3193
vn 0.5554 0.3929 -0.7330
vn 0.6272 0.3567 -0.6924
vn 0.6668 0.3029 -0.6809
vn -0.8564 -0.4090 -0.3151
vn -0.6250 0.1757 0.7606
vn 0.2012 0.2623 -0.9438
vn -0.8625 0.0306 -0.5051
vn -0.6458 -0.2391 0.7251
vn 0.0357 -0.3683 -0.9290
vn 0.2429 -0.1323 0.9610
vn -0.8928 -0.0945 -0.4404
vn -0.9157 -0.3745 0.1459
vn -0.5219 0.4046 0.7510
vn 0.6503 0.4030 -0.6439
vn -0.9111 0.2373 -0.3371
vn -0.8178 0.4710 -0.3308
vn -0.7735 0.6310 -0.0594
vn -0.9365 0.0596 -0.3455
vn -0.8314 0.4630 -0.3072
vn -0.9512 -0.0439 -0.3055
vn 0.8309 0.4753 -0.2893
vn -0.8327 0.2107 -0.5121
vn 0.9093 0.4161 -0.0010
vn -0.5980 0.6322 0.4927
vn -0.9341 -0.3195 -0.1594
vn 0.9517 -0.1867 0.2438
vn 0.2801 0.6664 0.6909
vn -0.0565 0.8504 0.5230
vn -0.5972 -0.4318 0.6759
vn -0.5134 -0.5553 0.6543
vn 0.8628 -0.3006 -0.4064
vn -0.2162 0.9641 0.1540
vn -0.7262 -0.6060 0.3246
vn -0.1176 0.4924 -0.8624
vn 0.1456 0.2728 -0.9510
vn -0.0847 -0.0189 0.9962
vn -0.5212 -0.8350 -0.1762
vn -0.8441 -0.4458 -0.2979
vn 0.7537 0.1278 0.6447
vn -0.6491 -0.3611 0.6695
vn -0.3417 0.0245 0.9395
vn -0.9230 0.0737 -0.3777
vn -0.8079 -0.5787 0.1114
vn -0.3012 0.2229 -0.9271
vn 0.7624 0.3889 -0.5172
vn -0.6295 -0.5349 0.5636
vn -0.3416 -0.2801 0.8971
vn -0.7348 -0.0006 -0.6783
vn -0.5482 -0.6823 0.4836
vn -0.5357 0.8200 -0.2016
vn -0.9673 -0.2350 -0.0950
vn -0.6974 -0.6547 0.2914
vn -0.5008 0.8262 -0.2581
vn -0.4391 0.7940 -0.4204
vn -0.5605 0.8022 0.2058
vn 0.5495 0.3654 -0.7514
vn -0.7637 -0.0143 -0.6454
vn -0.8659 -0.0718 -0.4951
vn -0.4483 0.7729 0.4490
vn -0.8293 -0.2087 -0.5184
vn -0.6471 -0.1837 -0.7400
vn -0.8302 0.4399 0.3426
vn -0.9039 -0.0416 0.4257
vn -0.2069 -0.5917 0.7792
vn -0.8836 0.3777 0.2766
vn -0.6216 -0.4561 -0.6368
vn 0.1749 0.3025 -0.9370
vn 0.2809 -0.9518 0.1230
vn -0.7152 0.4024 -0.5715
vn -0.2692 0.6345 0.7245
vn 0.1866 0.2318 -0.9547
vn -0.3548 0.9345 -0.0295
vn -0.7038 -0.6291 0.3299
vn -0.5644 -0.7788 0.2737
vn -0.5341 0.8424 0.0710
vn -0.8257 -0.0523 -0.5616
vn -0.6131 0.6444 -0.4570
vn -0.9045 -0.3965 -0.1571
vn 0.1347 0.8989 0.4169
vn -0.3271 -0.7573 0.5653
vn -0.0769 0.0744 0.9943
vn -0.5024 -0.8631 0.0517
vn -0.8489 -0.4676 0.2463
vn -0.8035 -0.5696 -0.1729
vn -0.0437 0.9959 0.0793
vn -0.0527 0.9970 0.0562
vn 0.0474 0.9933 0.1058
vn -0.5435 0.5059 -0.6698
vn -0.3996 0.8536 0.3343
vn -0.9256 -0.3580 0.1229
vn -0.5849 -0.7759 0.2364
vn 0.0888 -0.8318 -0.5480
vn -0.2266 0.8453 0.4839
vn -0.6475 0.6970 -0.3082
vn -0.7757 0.0772 -0.6263
vn -0.7239 0.2320 0.6498
vn -0.8540 0.4949 0.1605
vn -0.7792 0.5351 0.3264
vn -0.6412 -0.5838 0.4981
vn -0.6645 0.4191 0.6188
vn 0.6147 0.3258 0.7184
vn -0.0544 0.9972 -0.0517
vn -0.9503 -0.3017 0.0768
vn -0.1608 0.1405 0.9769
vn -0.1717 0.6123 -0.7718
vn -0.1386 0.6763 -0.7234
vn -0.5472 -0.1286 -0.8271
vn -0.6909 0.6864 -0.2269
vn 0.3485 -0.9126 0.2139
vn 0.3559 0.7997 -0.4836
vn -0.0024 0.8147 0.5799
vn 0.1010 0.6371 0.7641
vn -0.7208 -0.1824 0.6688
vn 0.4458 -0.7906 0.4199
vn 0.1821 -0.6419 0.7449
vn -0.0861 -0.7135 0.6953
vn -0.3283 0.9124 0.2443
vn 0.0553 -0.2494 0.9668
vn -0.8502 -0.0758 -0.5210
vn -0.2257 0.6279 0.7449
vn -0.5366 -0.7519 0.3830
vn -0.7109 -0.1028 -0.6957
vn -0.6638 0.1931 -0.7226
vn -0.3931 0.9177 -0.0571
vn -0.1174 -0.2952 -0.9482
vn -0.5706 0.3592 -0.7385
vn 0.7227 0.3313 -0.6066
vn -0.7714 0.6268 0.1101
vn -0.9320 -0.2164 -0.2909
vn 0.2636 0.8977 0.3531
vn -0.5294 -0.2311 0.8163
vn 0.3569 0.7335 0.5784
vn -0.1495 -0.7733 0.6161
vn 0.0443 0.3343 0.9414
vn 0.3488 0.2232 -0.9102
vn 0.7641 0.4170 0.4922
vn -0.3116 0.8613 0.4012
vn -0.3159 -0.8674 0.3844
vn -0.3508 -0.9361 -0.0255
vn -0.3302 -0.0939 0.9392
vn 0.8938 0.4376 -0.0981
vn -0.0183 0.9899 0.1408
vn -0.2529 0.9563 0.1467
vn 0.8170 0.1345 0.5607
vn -0.9967 -0.0676 0.0438
vn -0.8708 0.3166 0.3762
vn -0.8892 -0.3076 -0.3388
vn 0.1297 -0.5489 0.8257
vn -0.9795 -0.0053 -0.2012
vn -0.8789 -0.2482 -0.4073
vn 0.3594 0.1941 -0.9128
vn -0.7192 0.5506 0.4239
vn 0.1183 -0.8834 0.4535
vn -0.5614 0.7648 -0.3161
vn -0.5958 0.5928 0.5418
vn -0.5412 0.1549 0.8265
vn 0.5804 0.6097 0.5398
vn -0.8070 -0.3218 -0.4952
vn -0.6496 0.0416 -0.7591
vn -0.7006 -0.5711 -0.4279
vn -0.5803 -0.3042 -0.7554
vn -0.8495 -0.5181 -0.0993
vn -0.9725 -0.1195 0.2000
vn -0.6329 0.2900 -0.7179
vn -0.1419 0.9025 0.4066
vn -0.7154 -0.5318 -0.4532
vn -0.8676 0.3593 0.3438
vn -0.4537 0.7387 0.4984
vn -0.6312 -0.6729 -0.3857
vn -0.0016 0.9745 0.2246
vn -0.6357 -0.7469 0.1953
vn 0.1042 0.5497 0.8288
vn -0.5409 -0.6214 -0.5668
vn -0.0325 0.7460 0.6651
vn 0.1426 0.9884 0.0517
vn -0.9965 0.0785 -0.0297
vn -0.5778 0.8152 0.0401
vn -0.5236 0.6891 -0.5010
vn 0.1906 0.7712 0.6074
vn -0.3661 -0.5353 -0.7612
vn -0.2374 0.5050 -0.8298
vn -0.0622 -0.6654 -0.7439
vn -0.5123 -0.8582 -0.0316
vn 0.1547 0.8622 0.4824
vn 0.1465 -0.3913 -0.9085
vn -0.5915 0.5216 -0.6149
vn -0.7864 -0.3188 -0.5291
vn -0.6716 -0.1297 0.7295
vn -0.3240 -0.6731 -0.6648
vn 0.3410 0.3141 -0.8860
vn 0.7227 -0.5455 0.4244
vn -0.6236 -0.6165 0.4806
vn -0.8867 -0.3781 0.2662
vn -0.8863 0.0255 0.4624
vn 0.8448 0.1484 0.5141
vn 0.5768 -0.8036 0.1467
vn 0.2812 0.8679 0.4095
vn -0.3876 0.8246 0.4120
vn 0.7972 0.6029 -0.0314
vn 0.3941 -0.1215 -0.9110
vn -0.5974 -0.0035 -0.8019
vn -0.5597 -0.8286 0.0111
vn 0.0427 -0.7950 0.6051
vn -0.6628 -0.0763 -0.7449
vn 0.2478 -0.5948 0.7647
vn -0.6058 -0.5369 0.5871
vn 0.2298 -0.0779 0.9701
vn -0.6577 -0.3525 -0.6657
vn -0.3626 0.9228 0.1301
vn -0.6034 -0.3234 -0.7289
vn -0.2469 -0.1995 -0.9483
vn 0.1550 0.9872 -0.0382
vn -0.6693 -0.0588 -0.7407
vn 0.9205 -0.0419 0.3886
vn -0.4246 -0.0703 -0.9027
vn -0.1421 0.2173 0.9657
vn -0.6982 -0.6980 0.1595
vn -0.5416 -0.7963 -0.2694
vn -0.1263 -0.7120 -0.6907
vn 0.7397 0.6229 -0.2547
vn 0.1477 -0.5203 -0.8411
vn -0.5297 0.6629 -0.5291
vn 0.4953 0.6958 0.5201
vn -0.5680 0.7435 -0.3531
vn -0.4252 0.0055 0.9051
vn 0.4223 0.6310 0.6507
vn 0.1390 0.4812 -0.8655
vn -0.0835 -0.8715 -0.4833
vn -0.0507 -0.9638 -0.2616
vn 0.6310 -0.7731 0.0646
vn -0.2606 0.7941 0.5491
vn -0.0798 0.2882 -0.9542
vn 0.0084 0.8088 0.5881
vn 0.6854 0.6377 0.3516
vn -0.4005 -0.8097 -0.4289
vn -0.0566 -0.8953 -0.4418
vn 0.2616 0.2919 0.9200
vn 0.2090 0.9035 0.3741
vn -0.8160 -0.4390 0.3761
vn 0.8731 0.4784 -0.0937
vn 0.3361 -0.3167 0.8870
vn 0.3821 0.2631 0.8859
vn 0.3712 -0.2730 0.8875
vn -0.7575 0.6456 0.0973
vn -0.1219 0.0273 0.9922
vn -0.7757 0.2448 -0.5816
vn -0.1348 0.9494 0.2837
vn -0.0408 -0.9977 -0.0534
vn 0.2877 0.4679 0.8357
vn -0.7325 -0.6648 0.1467
vn -0.3079 0.9453 0.1078
vn 0.6986 -0.0936 -0.7094
vn -0.5625 -0.5483 -0.6188
vn -0.5269 0.0085 -0.8499
vn -0.9100 0.1837 0.3717
vn -0.7420 -0.6452 0.1823
vn -0.8527 0.0107 0.5222
vn -0.6634 0.7086 0.2403
vn -0.5001 0.4001 0.7680
vn -0.6931 -0.4773 0.5402
vn -0.5928 0.5263 -0.6096
vn 0.5178 -0.0452 0.8543
vn -0.6471 0.7089 0.2806
vn -0.7609 -0.2438 0.6013
vn -0.6917 0.4441 0.5695
vn -0.8918 -0.1854 0.4126
vn -0.8077 0.4823 0.3391
vn -0.4710 0.1433 -0.8704
vn 0.4853 0.3236 -0.8123
vn -0.5383 -0.8307 0.1419
vn -0.2519 -0.9440 -0.2133
vn -0.8902 -0.4541 0.0373
vn -0.4235 -0.8112 0.4033
vn 0.7145 0.6885 -0.1242
vn -0.6720 0.7203 -0.1720
vn -0.1589 -0.6640 -0.7307
vn 0.0289 0.9599 0.2788
vn 0.1647 0.8942 0.4164
vn -0.2085 0.9681 0.1389
vn -0.1891 0.7460 0.6385
vn -0.9735 0.1635 0.1597
vn -0.1462 0.3725 0.9165
vn -0.0134 -0.9701 0.2425
vn -0.5390 -0.8409 -0.0482
vn -0.6186 -0.7847 -0.0399
vn -0.9347 -0.3549 0.0209
vn -0.7176 -0.6926 0.0736
vn -0.2330 -0.9680 -0.0929
vn 0.3865 0.8025 0.4546
vn 0.0918 0.9385 0.3327
vn 0.1134 -0.4092 -0.9054
vn -0.4596 -0.0253 -0.8878
vn 0.0209 -0.8393 -0.5433
vn -0.8145 0.1671 0.5555
vn 0.3307 -0.5859 -0.7398
vn -0.9562 -0.0670 0.2849
vn -0.4893 0.3395 -0.8033
vn 0.6807 0.4673 0.5642
vn 0.5809 -0.5176 0.6282
vn 0.6622 -0.3209 0.6771
vn -0.2469 0.6128 -0.7507
vn 0.3293 -0.2282 -0.9163
vn 0.0435 -0.0645 -0.9970
vn -0.3645 0.9283 0.0734
vn -0.1315 0.7552 0.6422
vn 0.3345 0.8771 0.3447
vn -0.0105 0.9460 0.3239
vn -0.5446 0.3573 0.7588
vn -0.9809 -0.1662 -0.1012
vn -0.7130 0.6970 0.0761
vn 0.0981 0.7430 0.6621
vn 0.6709 0.1363 0.7289
vn -0.9252 -0.2551 0.2810
vn -0.8021 0.5728 0.1689
vn -0.9277 -0.3506 0.1285
vn -0.0188 -0.0066 -0.9998
vn -0.0804 -0.4305 -0.8990
vn -0.3629 0.8903 0.2752
vn -0.4593 -0.1997 -0.8656
vn -0.6630 0.5601 0.4967
vn -0.5823 -0.6358 -0.5066
vn -0.4093 -0.2570 -0.8755
vn -0.2921 -0.2935 -0.9102
vn -0.4747 0.8535 -0.2151
vn 0.1188 0.8122 0.5711
vn -0.6260 0.5549 0.5479
vn -0.9302 -0.3568 0.0860
vn 0.1073 -0.4751 -0.8734
vn -0.9086 -0.4094 -0.0824
vn -0.9045 -0.3491 0.2451
vn -0.6265 -0.5090 0.5903
vn 0.3105 0.3590 -0.8802
vn -0.8910 -0.1475 0.4294
vn 0.7934 0.2247 -0.5657
vn -0.8463 0.5209 -0.1112
vn -0.5181 -0.5274 -0.6733
vn 0.0456 0.9954 -0.0838
vn 0.2780 0.7244 0.6308
vn 0.3993 0.7463 -0.5326
vn -0.9983 -0.0494 0.0313
vn -0.8940 0.1554 0.4202
vn -0.6570 0.7301 0.1881
vn -0.2120 -0.4442 -0.8705
vn 0.4997 0.8472 0.1803
vn -0.9007 -0.2301 0.3685
vn -0.9484 -0.0076 0.3170
vn 0.4923 0.8470 0.2005
vn 0.2563 -0.8724 -0.4162
vn -0.9600 -0.2554 -0.1146
vn -0.7078 0.1475 0.6908
vn -0.9754 0.1068 0.1928
vn -0.7071 0.4721 0.5265
vn 0.0945 0.1451 -0.9849
vn 0.7972 -0.1318 0.5892
vn 0.1989 0.4912 -0.8480
vn -0.8173 -0.5476 0.1794
vn 0.8445 -0.1920 0.5000
vn -0.9296 -0.3377 0.1477
vn -0.9882 0.1086 -0.1080
vn 0.6517 0.1847 -0.7356
vn 0.3018 -0.5118 0.8044
vn -0.9157 0.3925 -0.0862
vn 0.7853 0.1410 0.6028
vn -0.9910 -0.0062 0.1334
vn -0.8659 -0.2356 0.4412
vn -0.4710 -0.6223 -0.6252
vn -0.4748 -0.8223 -0.3136
vn 0.4092 0.2058 -0.8889
vn -0.8339 0.0671 0.5478
vn -0.9640 0.2179 -0.1527
vn 0.0620 0.8317 -0.5518
vn 0.8674 -0.2648 0.4212
vn 0.8130 0.5802 0.0486
vn -0.7745 -0.5993 -0.2025
vn -0.9115 0.2205 -0.3472
vn -0.8872 -0.0953 0.4514
vn -0.5721 -0.6563 -0.4919
vn 0.1790 0.3077 0.9345
vn 0.8204 0.5038 0.2704
vn -0.9501 0.2645 -0.1656
vn 0.5666 0.8057 0.1725
vn -0.7485 -0.6443 0.1568
vn -0.6084 0.4116 0.6786
vn -0.4575 0.4402 0.7726
vn 0.7991 0.5796 0.1595
vn -0.2269 -0.9701 -0.0867
vn 0.8562 0.5094 -0.0864
vn 0.3627 -0.6978 -0.6177
vn -0.4743 0.2286 -0.8502
vn 0.1655 0.1581 -0.9735
vn 0.5268 -0.2486 -0.8128
vn -0.5836 0.2487 -0.7730
vn -0.8515 -0.1307 0.5079
vn -0.8575 0.4957 0.1380
vn 0.3754 0.4053 0.8336
vn -0.9133 -0.3764 0.1557
vn -0.8664 0.1109 0.4869
vn 0.1088 -0.9788 -0.1733
vn -0.7664 -0.1127 0.6324
vn 0.4390 -0.4824 -0.7580
vn -0.5095 0.3007 -0.8062
vn -0.9916 0.1281 -0.0181
vn -0.9878 -0.1354 -0.0774
vn -0.9450 -0.0935 0.3135
vn 0.8512 0.4470 -0.2750
vn -0.5930 -0.6801 0.4311
vn 0.1222 -0.2454 -0.9617
vn -0.8157 -0.0420 -0.5769
vn -0.9241 -0.0818 -0.3734
vn 0.9496 -0.3128 -0.0219
vn 0.5175 -0.4198 -0.7456
vn -0.9776 0.1610 0.1356
vn 0.8298 -0.4246 0.3621
vn -0.6194 -0.5672 -0.5428
vn -0.1027 0.9600 -0.2605
vn -0.9146 -0.3443 -0.2120
vn -0.8929 0.3589 0.2720
vn -0.6402 0.5407 -0.5457
vn -0.8140 0.2656 0.5166
vn -0.9634 0.1495 0.2224
vn -0.8280 -0.4041 0.3888
vn -0.6334 -0.6987 -0.3325
vn -0.7972 -0.2925 -0.5281
vn -0.9218 0.2923 0.2547
vn -0.9522 -0.3051 0.0147
vn -0.0167 -0.2305 0.9729
vn -0.6817 -0.3114 0.6621
vn -0.2538 -0.0202 0.9670
vn -0.3599 0.4019 0.8420
vn -0.8145 -0.2597 0.5188
vn -0.8722 0.0852 0.4816
vn -0.4175 0.8973 0.1430
vn 0.5277 -0.2281 -0.8182
vn 0.9616 -0.2718 -0.0376
vn 0.9295 0.2522 0.2690
vn -0.8892 -0.0115 0.4574
vn -0.8611 0.0831 -0.5016
vn 0.7264 0.2478 0.6410
vn -0.9780 0.0710 -0.1960
vn -0.8557 -0.1055 -0.5067
vn -0.8269 0.1203 -0.5494
vn 0.4610 -0.8644 -0.2007
vn 0.0370 -0.8258 -0.5628
vn -0.7911 0.5987 0.1254
vn 0.4064 0.5628 -0.7198
vn -0.5526 0.6309 -0.5446
vn -0.3985 0.7274 0.5586
vn -0.7962 0.1871 0.5754
vn 0.2254 0.8648 0.4487
vn 0.3170 0.5727 -0.7560
vn -0.7473 -0.5217 -0.4115
vn -0.6486 -0.2050 -0.7330
vn 0.7964 -0.0150 -0.6046
vn -0.4229 -0.5120 -0.7477
vn -0.7711 -0.2898 0.5670
vn -0.6608 -0.0712 -0.7472
vn 0.0304 -0.4592 -0.8878
vn -0.7989 0.2737 0.5356
vn 0.9742 -0.1012 0.2016
vn -0.8677 -0.1595 -0.4708
vn -0.1592 0.7374 0.6564
vn -0.2519 0.3449 0.9042
vn 0.8030 0.5777 0.1464
vn -0.9957 0.0739 0.0551
vn -0.5478 -0.3960 0.7370
vn -0.5876 -0.4855 0.6473
vn 0.7575 -0.3119 -0.5735
vn -0.7625 0.2917 0.5775
vn -0.4940 -0.8685 -0.0417
vn -0.2971 -0.2048 -0.9326
vn -0.8746 -0.1075 0.4728
vn -0.8912 -0.4525 0.0334
vn -0.7400 0.6706 0.0526
vn 0.8704 -0.3661 0.3291
vn 0.5847 0.6607 -0.4707
vn -0.2259 0.1121 0.9677
vn 0.3820 -0.0755 -0.9211
vn -0.4987 -0.8222 -0.2743
vn -0.3492 0.5561 0.7542
vn -0.6511 0.1057 0.7516
vn -0.6419 0.6782 -0.3577
vn -0.6064 0.6605 -0.4428
vn -0.7397 0.6643 0.1075
vn -0.2930 -0.3531 0.8885
vn -0.5931 -0.5158 -0.6182
vn -0.8820 -0.0632 0.4670
vn 0.0044 -0.7651 0.6439
vn -0.9370 0.1801 0.2992
vn -0.4317 0.4549 0.7789
vn -0.4970 0.0480 -0.8664
vn -0.7853 -0.1502 0.6007
vn -0.7865 0.6127 -0.0776
vn -0.3550 -0.8136 -0.4604
vn -0.5973 -0.5526 0.5813
vn -0.7302 0.5778 0.3647
vn -0.8799 0.4066 0.2458
vn -0.7602 0.0968 -0.6424
vn -0.6820 -0.3543 0.6398
vn 0.0575 -0.2452 -0.9678
vn -0.5952 -0.2165 -0.7738
vn 0.4721 0.7801 0.4105
vn -0.4573 0.8781 0.1410
vn -0.9702 0.1890 -0.1518
vn -0.4611 0.2421 0.8537
vn -0.9361 0.0402 0.3495
vn -0.9422 -0.1509 0.2993
vn 0.5823 -0.7445 0.3265
vn -0.5158 -0.3665 -0.7744
vn 0.4808 0.3651 -0.7972
vn -0.4547 -0.3831 -0.8040
vn -0.1165 0.5958 0.7946
vn -0.1299 -0.9210 -0.3673
vn -0.4138 0.7345 0.5378
vn -0.1157 -0.4174 0.9013
vn 0.0436 -0.9081 0.4165
vn -0.6888 0.0974 0.7184
vn 0.9628 -0.0854 -0.2562
vn -0.8271 0.2282 0.5136
vn -0.9403 0.3373 0.0451
vn -0.9953 0.0433 0.0863
vn -0.7313 0.5893 0.3433
vn -0.9759 -0.1742 -0.1317
vn -0.7121 -0.5512 0.4348
vn 0.8057 -0.3286 0.4929
vn -0.8696 0.4938 0.0037
vn -0.4793 -0.3052 -0.8229
vn -0.6702 -0.1093 0.7341
vn 0.5419 -0.7508 0.3777
vn -0.0069 -0.6139 0.7894
vn -0.9725 -0.0825 0.2176
vn -0.5413 0.3376 0.7701
vn -0.1342 -0.3663 0.9208
vn -0.7150 0.6959 -0.0677
vn -0.9620 0.0942 0.2562
vn -0.7666 0.0721 -0.6381
vn -0.8304 -0.1389 0.5396
vn -0.4456 0.4101 -0.7958
vn 0.2101 0.0637 -0.9756
vn -0.9168 0.3276 0.2285
vn -0.2018 -0.1781 -0.9631
vn 0.9886 -0.1372 -0.0622
vn -0.6381 0.7419 0.2061
vn -0.9859 0.1495 0.0754
vn -0.8393 -0.4703 -0.2727
vn 0.4436 0.8962 -0.0067
vn -0.4346 -0.8382 0.3295
vn 0.4673 0.7626 -0.4472
vn -0.2008 -0.4098 -0.8898
vn -0.4848 0.5051 -0.7141
vn 0.1032 -0.9898 0.0980
vn -0.7519 0.2820 0.5960
vn -0.2971 0.4918 0.8184
vn -0.8877 0.4296 0.1658
vn -0.9914 -0.0036 -0.1305
vn -0.0324 0.9366 0.3489
vn -0.2692 -0.8942 -0.3577
vn -0.7346 0.1991 0.6486
vn 0.0458 -0.9097 0.4128
vn -0.6030 0.4581 -0.6530
vn -0.0566 0.7826 0.6200
vn -0.9609 -0.0492 0.2723
vn -0.1754 0.3434 -0.9227
vn -0.9016 0.4152 -0.1215
vn -0.5296 0.8209 0.2138
vn -0.7000 -0.0361 0.7132
vn -0.9383 -0.2573 0.2311
vn -0.6542 0.6342 -0.4122
vn 0.5899 -0.7997 -0.1119
vn -0.4776 0.0819 0.8748
vn -0.6193 0.0563 0.7832
vn -0.7232 -0.3343 0.6043
vn 0.0071 -0.6936 0.7204
vn -0.5651 0.1293 -0.8148
vn -0.4988 0.7618 0.4133
vn -0.5228 -0.2942 -0.8001
vn -0.5721 -0.3391 0.7468
vn -0.2748 0.4667 0.8407
vn -0.0997 0.7371 0.6684
vn -0.4590 0.0149 0.8883
vn 0.0122 0.6216 -0.7832
vn -0.4440 -0.5136 -0.7342
vn 0.3057 -0.0071 0.9521
vn -0.3839 -0.7260 0.5706
vn -0.6546 0.6670 -0.3558
vn -0.8945 -0.2180 0.3903
vn -0.2153 -0.9285 -0.3025
vn 0.3148 -0.5210 -0.7934
vn -0.2330 -0.5731 -0.7857
vn -0.9192 0.3800 -0.1030
vn -0.9615 -0.2017 -0.1867
vn -0.5725 0.6054 -0.5530
vn 0.6330 0.7608 -0.1428
vn -0.0733 0.9812 0.1785
vn -0.0834 -0.9606 -0.2649
vn -0.3002 -0.9491 0.0955
vn -0.8353 -0.3418 -0.4305
vn -0.5951 0.1538 0.7888
vn -0.5332 -0.2540 0.8070
vn -0.4851 -0.8554 0.1815
vn -0.6820 -0.6149 0.3959
vn -0.7173 -0.3473 0.6040
vn -0.9160 -0.2570 0.3079
vn -0.4577 0.0674 0.8866
vn -0.7048 0.6719 -0.2276
vn -0.1258 0.4588 0.8796
vn -0.8015 -0.4067 0.4385
vn -0.7225 -0.1789 0.6678
vn -0.8519 -0.0644 0.5197
vn -0.9761 -0.1143 0.1846
vn -0.2629 0.8796 0.3965
vn -0.7805 -0.4893 0.3891
vn -0.9478 0.2451 -0.2041
vn -0.9623 -0.2687 -0.0420
vn -0.9792 -0.0245 -0.2016
vn -0.6641 -0.7404 -0.1035
vn 0.0645 -0.4577 -0.8868
vn 0.3301 0.7399 0.5862
vn 0.0138 0.7486 0.6629
vn -0.8885 -0.2467 0.3868
vn -0.3266 -0.0921 -0.9407
vn -0.5647 -0.5824 -0.5847
vn -0.5501 -0.0017 -0.8351
vn -0.2647 -0.5917 -0.7615
vn -0.5175 -0.1320 -0.8455
vn 0.7608 -0.6439 0.0817
vn -0.6050 0.0583 0.7941
vn -0.9237 0.1613 -0.3474
vn -0.9779 0.1632 -0.1308
vn -0.8416 -0.5397 -0.0221
vn -0.6988 0.3885 0.6006
vn -0.8587 0.4945 0.1344
vn 0.0745 -0.2012 -0.9767
vn 0.3510 0.6879 0.6353
vn -0.8382 0.5433 0.0470
vn -0.8905 0.4456 0.0915
vn -0.8042 0.5919 0.0546
vn -0.3842 0.2562 0.8870
vn -0.9226 -0.3421 -0.1782
vn -0.0678 0.8007 0.5952
vn -0.7132 0.5913 -0.3764
vn -0.6842 -0.7174 0.1312
vn -0.6303 0.3653 0.6851
vn -0.6892 0.4171 0.5925
vn -0.2751 -0.9603 -0.0462
vn -0.6404 -0.6970 -0.3225
vn -0.2256 0.7790 0.5851
vn -0.6941 -0.5692 0.4408
vn 0.6095 0.6294 0.4821
vn 0.9169 -0.3630 -0.1659
vn 0.3072 0.6079 0.7322
vn -0.7342 -0.5013 0.4578
vn -0.7955 0.2002 0.5719
vn -0.7973 -0.0278 0.6030
vn -0.9611 -0.0603 -0.2696
vn -0.9905 0.0803 -0.1118
vn -0.3462 0.8501 -0.3969
vn 0.2066 -0.3840 -0.8999
vn -0.5926 0.3683 -0.7164
vn -0.2964 -0.9550 0.0114
vn -0.6541 0.4219 0.6278
vn -0.4155 -0.6036 0.6805
vn -0.6475 0.7134 0.2680
vn -0.0941 -0.0681 0.9932
vn -0.2709 -0.4624 0.8443
vn 0.6060 -0.2845 -0.7428
vn -0.5559 0.7692 0.3151
vn -0.4385 0.5233 0.7307
vn 0.0018 0.3721 -0.9282
vn -0.4146 0.0927 0.9052
vn -0.9190 -0.3939 -0.0156
vn -0.8112 -0.4166 -0.4104
vn -0.6197 -0.7604 -0.1944
vn 0.5414 -0.7346 0.4090
vn 0.2066 0.4764 0.8546
vn -0.9763 -0.2072 -0.0622
vn -0.7251 0.1292 -0.6764
vn -0.5439 -0.4919 0.6799
vn 0.2344 0.7885 0.5686
vn -0.8217 0.5661 -0.0656
vn -0.8780 0.1709 0.4471
vn 0.1731 -0.6684 0.7234
vn -0.4378 0.1370 0.8886
vn 0.0015 0.3234 0.9463
vn -0.0232 0.7819 0.6230
vn -0.7635 -0.5385 -0.3565
vn 0.4895 -0.4672 -0.7362
vn -0.6787 0.0407 0.7333
vn 0.5585 0.7662 -0.3179
vn -0.7425 -0.6645 -0.0842
vn -0.8446 0.4088 -0.3458
vn -0.7691 -0.0996 -0.6313
vn 0.6381 0.7611 -0.1164
vn 0.3094 0.7495 0.5852
vn -0.2877 -0.9351 -0.2068
vn -0.8420 0.2089 0.4974
vn -0.7252 -0.6137 0.3123
vn -0.9146 -0.0600 0.4000
vn -0.0571 0.0108 -0.9983
vn 0.0052 0.7539 -0.6569
vn 0.2471 0.9469 0.2056
vn -0.9702 0.2088 0.1227
vn 0.4902 0.5481 0.6777
vn -0.4588 0.8524 0.2510
vn 0.5085 0.5957 0.6217
vn -0.6207 -0.7778 0.0994
vn -0.9440 -0.1807 0.2761
vn -0.8013 -0.0072 -0.5982
vn -0.7476 -0.6529 0.1215
vn -0.8198 0.1465 0.5536
vn -0.7928 0.5307 -0.2998
vn -0.2072 0.1287 0.9698
vn -0.7083 -0.2302 -0.6673
vn -0.6378 -0.7701 -0.0118
vn -0.0034 0.7456 0.6664
vn -0.6553 0.1794 -0.7337
vn -0.7278 -0.0715 0.6821
vn -0.3821 -0.1589 0.9104
vn 0.5992 0.3094 0.7384
vn 0.8334 0.3008 0.4636
vn -0.7730 -0.4707 0.4253
vn 0.6504 0.2915 0.7015
vn 0.8675 -0.4225 -0.2627
vn -0.5678 -0.6274 -0.5329
vn 0.4245 0.7522 0.5040
vn -0.4291 0.8503 0.3047
vn -0.8819 0.4686 0.0509
vn -0.2430 0.7600 -0.6028
vn -0.5177 0.7469 -0.4172
vn -0.8769 -0.4688 0.1063
vn -0.3349 0.0987 -0.9371
vn -0.3111 -0.8467 -0.4316
vn -0.9378 -0.3451 -0.0385
vn 0.2250 0.6394 0.7352
vn -0.5417 0.7817 -0.3092
vn -0.2777 0.7964 0.5373
vn 0.0917 -0.0545 0.9943
vn -0.4838 0.4993 0.7188
vn -0.5760 -0.7649 0.2882
vn -0.1987 0.0947 0.9755
vn -0.7418 0.5870 -0.3243
vn 0.6396 -0.2167 -0.7375
vn 0.0463 -0.2787 0.9593
vn -0.5931 0.2023 -0.7793
vn -0.6324 -0.6482 0.4241
vn -0.3500 0.3531 0.8676
vn -0.8951 -0.1801 0.4079
vn 0.2608 -0.3883 -0.8839
vn 0.0930 0.1550 0.9835
vn -0.2551 0.9059 0.3380
vn -0.7787 -0.5487 0.3042
vn -0.4205 0.5238 0.7408
vn 0.4029 0.6308 0.6631
vn -0.8817 0.4060 0.2402
vn 0.6144 0.7300 0.2994
vn -0.8552 -0.1323 -0.5011
vn -0.8226 -0.4104 0.3935
vn -0.8040 -0.4022 0.4380
vn -0.7064 -0.5902 0.3909
vn -0.1237 0.9569 -0.2629
vn 0.6249 0.7271 0.2843
vn -0.2607 -0.9545 -0.1450
vn -0.7615 -0.5292 0.3743
vn -0.6076 0.6433 -0.4658
vn 0.9917 0.0737 -0.1050
vn -0.8732 -0.0247 -0.4868
vn -0.2338 -0.7939 0.5613
vn 0.6745 0.1131 -0.7296
vn 0.7794 -0.1466 -0.6092
vn -0.8675 0.4170 -0.2714
vn -0.4606 -0.2287 -0.8577
vn -0.6386 -0.7695 0.0114
vn -0.7105 0.5187 -0.4755
vn 0.6399 -0.7520 0.1580
vn 0.3877 -0.2963 -0.8729
vn 0.2628 0.8437 0.4680
vn 0.8614 0.3222 0.3927
vn 0.5322 0.0045 -0.8466
vn -0.8851 -0.4529 0.1071
vn 0.7757 -0.5565 0.2976
vn -0.9115 -0.3872 0.1385
vn -0.3869 0.1403 -0.9114
vn -0.4227 0.8788 0.2215
vn 0.4933 -0.0282 -0.8694
vn -0.4914 -0.6240 -0.6075
vn -0.7961 -0.3676 0.4808
vn -0.1158 -0.2816 -0.9525
vn -0.5350 -0.0303 0.8443
vn -0.5370 -0.1891 0.8221
vn -0.2071 -0.9783 0.0080
vn 0.9440 -0.1642 0.2862
vn -0.4195 -0.3113 -0.8527
vn -0.5535 -0.4115 -0.7240
vn 0.0687 -0.5988 0.7980
vn -0.4759 -0.3112 -0.8226
vn -0.7273 0.3543 -0.5878
vn 0.0371 0.7098 0.7034
vn -0.9719 -0.0568 0.2284
vn 0.9295 0.1103 0.3520
vn 0.5296 0.5432 0.6515
vn -0.6741 -0.5539 -0.4887
vn -0.9022 0.2407 0.3578
vn -0.4555 0.1006 0.8845
vn -0.2658 0.5592 0.7853
vn -0.3962 -0.0696 -0.9155
vn 0.4479 0.3159 0.8364
vn -0.7051 -0.2978 0.6435
vn 0.8566 0.3035 0.4173
vn -0.8118 -0.3551 0.4635
vn -0.3955 -0.9131 0.0992
vn -0.4002 0.2019 0.8939
vn -0.1914 0.6251 0.7567
vn 0.6586 -0.5893 -0.4679
vn -0.5074 -0.8302 0.2310
vn -0.1963 -0.7912 0.5792
vn 0.3816 0.0786 0.9210
vn 0.4423 -0.3952 -0.8051
vn -0.1272 -0.0404 0.9911
vn -0.5480 -0.5822 0.6006
vn -0.6485 -0.6352 0.4195
vn -0.8054 -0.5865 0.0857
vn -0.1073 -0.9736 0.2016
vn 0.0542 0.1643 -0.9849
vn 0.1131 0.9390 0.3248
vn 0.9278 -0.3618 -0.0905
vn -0.9803 0.1973 0.0006
vn -0.4395 0.8413 0.3147
vn -0.4665 0.5546 0.6891
vn -0.8535 -0.5088 0.1127
vn -0.8696 0.1037 0.4828
vn 0.3420 0.3055 -0.8887
vn -0.6852 -0.1554 0.7116
vn -0.3546 0.9229 0.1499
vn -0.8731 -0.1729 0.4559
vn 0.5066 0.8065 -0.3048
vn 0.7755 0.6195 0.1216
vn -0.1197 0.3798 -0.9173
vn -0.9163 0.3971 -0.0529
vn 0.7211 0.5141 -0.4645
vn -0.2496 -0.9680 -0.0249
vn -0.6428 -0.7656 -0.0262
vn -0.4949 -0.4392 0.7498
vn -0.9386 0.3284 0.1059
vn -0.9619 0.1522 0.2272
vn -0.1691 -0.2767 -0.9460
vn -0.9069 0.0549 0.4178
vn -0.3382 0.8544 0.3944
vn 0.2089 0.2035 0.9565
vn -0.9039 -0.2569 -0.3421
vn -0.8949 -0.3241 0.3067
vn -0.5482 -0.7352 0.3987
vn -0.2692 0.7317 0.6262
vn -0.3900 0.8146 0.4294
vn -0.9777 0.1379 -0.1582
vn -0.2702 0.8277 0.4919
vn -0.7669 -0.5056 0.3953
vn 0.6716 0.6880 -0.2751
vn -0.9567 0.0684 0.2829
vn -0.9487 -0.2341 0.2127
vn -0.1143 0.3347 0.9354
vn 0.7121 0.0035 -0.7021
vn -0.5083 -0.6383 0.5781
vn -0.7211 -0.6614 0.2065
vn -0.5786 0.7135 -0.3951
vn -0.3631 0.5803 -0.7290
vn -0.7601 0.0640 0.6466
vn -0.5244 0.0034 0.8515
vn 0.6002 0.6088 0.5188
vn -0.6641 -0.5650 0.4897
vn -0.4082 -0.7822 0.4708
vn -0.0431 -0.7465 -0.6640
vn 0.6383 0.7527 0.1614
vn -0.4208 -0.7546 0.5036
vn 0.1087 0.9939 -0.0163
vn -0.5559 -0.8300 -0.0449
vn -0.9755 0.1164 0.1865
vn -0.5081 -0.2969 0.8085
vn -0.8708 0.3303 0.3642
vn 0.8107 0.5755 0.1071
vn -0.7356 0.6751 -0.0557
vn -0.6081 0.7760 0.1676
vn -0.5735 0.2557 0.7783
vn -0.7337 0.1146 0.6697
vn -0.9181 0.1337 -0.3731
vn -0.9388 -0.0983 -0.3301
vn -0.9555 -0.1225 0.2684
vn -0.1229 0.6015 0.7894
vn -0.0682 0.8960 0.4388
vn -0.7366 0.4801 0.4763
vn -0.4670 -0.8571 0.2175
vn -0.3916 0.4849 -0.7820
vn -0.4712 -0.7173 0.5132
vn -0.7585 -0.5962 -0.2632
vn 0.0242 0.0078 0.9997
vn -0.5480 0.1590 0.8212
vn -0.8544 0.1315 -0.5027
vn -0.9274 -0.1623 0.3371
vn 0.8380 0.4677 0.2812
vn 0.0472 0.9854 -0.1636
vn -0.5997 0.1410 0.7877
vn -0.6107 0.3356 0.7172
vn 0.1866 0.6332 -0.7512
vn -0.8399 0.2256 -0.4936
vn -0.5976 0.6073 -0.5235
vn 0.8541 0.0650 -0.5161
vn 0.8225 0.1654 -0.5442
vn -0.5423 -0.8004 -0.2555
vn -0.1607 0.8988 -0.4079
vn -0.4085 -0.7896 0.4578
vn -0.6624 -0.5885 0.4635
vn -0.5528 0.3361 0.7626
vn -0.1282 0.9917 -0.0012
vn -0.4263 0.7565 -0.4960
vn 0.8345 0.5217 -0.1773
vn -0.2346 0.5325 -0.8133
vn 0.0984 -0.1678 -0.9809
vn 0.7310 0.2862 0.6194
vn -0.6134 -0.1703 0.7712
vn 0.8334 -0.2309 0.5021
vn -0.5460 0.3356 0.7676
vn -0.8312 -0.0549 0.5532
vn -0.6713 0.3497 0.6535
vn 0.8513 0.4944 0.1755
vn -0.3888 0.5358 -0.7495
vn -0.7606 0.4955 0.4195
vn -0.3921 0.6897 -0.6087
vn 0.1232 -0.8937 -0.4314
vn -0.4551 -0.7148 0.5309
vn -0.1650 -0.6528 0.7394
vn -0.4055 -0.4524 0.7943
vn -0.4946 0.7879 -0.3669
vn -0.8096 0.1046 -0.5776
vn -0.9364 0.1125 0.3325
vn -0.4658 0.8603 0.2071
vn -0.9232 -0.1785 0.3403
vn -0.6338 -0.7670 -0.1000
vn -0.4770 -0.3666 0.7988
vn -0.2535 0.8544 0.4536
vn 0.2655 -0.4195 -0.8680
vn 0.0270 -0.9916 -0.1266
vn 0.6445 0.6999 -0.3078
vn -0.8339 -0.2308 -0.5014
vn -0.9150 -0.1454 -0.3763
vn -0.3894 -0.7300 -0.5616
vn 0.6653 -0.1203 -0.7368
vn -0.8289 -0.5594 -0.0001
vn -0.7981 -0.4479 0.4031
vn -0.8974 0.1018 -0.4293
vn -0.4283 -0.8902 0.1553
vn 0.6047 0.2916 0.7411
vn -0.0895 0.7884 0.6086
vn 0.4466 0.7408 0.5018
vn -0.4364 0.0175 0.8996
vn -0.2562 0.9645 0.0646
vn -0.3088 -0.9402 -0.1440
vn 0.3591 -0.9288 0.0916
vn 0.0324 0.8736 0.4856
vn -0.3170 0.8482 0.4244
vn 0.4688 -0.2546 -0.8458
vn -0.4151 -0.7160 0.5613
vn 0.6639 0.5112 -0.5458
vn 0.9581 0.2542 -0.1323
vn 0.0920 -0.2930 0.9517
vn -0.7262 0.0649 -0.6844
vn -0.4769 -0.5842 0.6567
vn -0.8243 0.2966 -0.4822
vn -0.1530 0.8232 0.5468
vn 0.1293 0.3043 0.9438
vn 0.3739 -0.5973 0.7095
vn -0.6197 0.1110 0.7770
vn 0.5548 -0.8271 -0.0902
vn -0.2404 -0.7924 0.5606
vn -0.7105 -0.5655 0.4188
vn -0.9890 -0.1082 -0.1006
vn -0.9634 -0.0940 0.2510
vn -0.9957 0.0434 -0.0815
vn -0.2963 -0.8840 0.3616
vn -0.7614 -0.0258 0.6477
vn -0.4039 -0.8991 0.1686
vn -0.7400 -0.1078 0.6639
vn -0.4905 0.2453 0.8362
vn 0.7502 0.3834 -0.5387
vn -0.6179 0.0331 0.7856
vn 0.7419 0.0423 0.6692
vn -0.9987 0.0362 -0.0346
vn -0.6235 -0.3095 -0.7180
vn -0.4463 -0.6749 0.5876
vn -0.6126 0.2544 -0.7483
vn 0.7118 0.7024 -0.0021
vn -0.7263 -0.1611 -0.6682
vn 0.2609 0.7451 0.6138
vn -0.1672 0.6759 0.7177
vn -0.7169 0.1006 -0.6899
vn 0.0940 0.8257 0.5563
vn -0.3451 -0.6608 0.6665
vn 0.1720 0.3200 0.9317
vn 0.5727 -0.0853 -0.8153
vn -0.2899 0.9482 0.1296
vn 0.5635 0.3973 0.7243
vn 0.4020 0.7434 0.5346
vn 0.3968 0.7461 0.5347
vn 0.4019 0.7434 0.5346
vn -0.6274 0.4033 -0.6661
vn 0.9545 0.0965 -0.2823
vn -0.6074 -0.0359 -0.7936
vn 0.0583 0.8008 0.5961
vn 0.4205 0.7334 0.5341
vn 0.9090 0.3360 0.2465
vn -0.8487 0.3277 -0.4151
vn -0.2233 0.9505 0.2163
vn -0.1769 0.4021 0.8984
vn 0.7079 0.6670 0.2321
vn -0.4775 0.6693 0.5692
vn -0.5726 0.6703 0.4720
vn -0.3709 0.5222 0.7679
vn -0.7544 -0.1974 0.6261
vn -0.2880 -0.9568 0.0398
vn -0.7156 0.2372 -0.6571
vn 0.9515 0.1613 0.2620
vn -0.2082 -0.9780 0.0167
vn 0.3856 0.1358 0.9126
vn -0.7569 0.0907 0.6472
vn -0.8530 0.1343 0.5043
vn -0.2121 -0.9569 0.1985
vn -0.6693 0.4720 -0.5738
vn 0.9735 0.2073 0.0970
vn -0.5806 0.7400 -0.3396
vn -0.1552 -0.6913 0.7057
vn -0.1856 0.7582 0.6250
vn -0.4001 0.7174 -0.5703
vn -0.7225 -0.1709 -0.6699
vn 0.8808 0.2112 0.4237
vn 0.0702 0.7126 0.6980
vn -0.3660 0.1788 0.9133
vn -0.8701 -0.2453 -0.4274
vn -0.8840 -0.3882 -0.2604
vn 0.0063 -0.7987 0.6017
vn -0.6380 -0.6057 0.4755
vn -0.4825 0.5824 -0.6542
vn -0.0928 0.2125 0.9727
vn -0.1779 0.4179 0.8909
vn -0.1885 0.6822 -0.7065
vn -0.7532 -0.6088 -0.2491
vn -0.5243 -0.8507 -0.0379
vn -0.7331 0.1033 0.6722
vn -0.8247 -0.0932 0.5578
vn -0.6353 0.7719 -0.0254
vn 0.1068 0.9594 0.2609
vn -0.1990 -0.9540 0.2241
vn 0.1694 0.8600 0.4813
vn 0.0289 0.9810 0.1920
vn -0.2072 0.2177 0.9538
vn -0.5895 0.7890 -0.1732
vn -0.6412 -0.2769 -0.7157
vn -0.3174 0.7957 0.5159
vn -0.1758 0.8831 -0.4351
vn -0.1508 -0.9545 0.2571
vn 0.0052 -0.6730 0.7397
vn -0.7148 0.5010 -0.4879
vn -0.4691 0.6849 -0.5575
vn 0.3042 -0.8228 0.4801
vn -0.5340 -0.2024 0.8209
vn -0.2409 -0.5723 0.7838
vn -0.0818 -0.8478 0.5240
vn -0.1742 0.7974 -0.5777
vn -0.0002 -0.8624 0.5063
vn 0.1183 0.8725 0.4741
vn -0.6801 0.4533 -0.5762
vn -0.3018 -0.1177 0.9461
vn -0.2928 -0.9534 -0.0731
vn -0.3828 0.6776 0.6279
vn -0.7077 -0.0037 0.7065
vn -0.7035 0.6327 0.3237
vn -0.5959 -0.7923 0.1308
vn -0.9760 -0.0911 -0.1980
vn -0.6688 -0.5052 -0.5455
vn -0.0578 -0.8934 0.4456
vn 0.4353 0.8791 -0.1942
vn -0.3720 -0.6482 0.6644
vn 0.0207 -0.1610 0.9867
vn -0.0107 -0.7150 0.6990
vn -0.7969 0.5040 -0.3331
vn -0.1914 0.3238 0.9266
vn -0.1976 0.2424 0.9498
vn -0.5007 0.7024 -0.5060
vn -0.4177 0.7900 -0.4487
vn 0.4129 0.8246 0.3868
vn -0.7267 0.4414 -0.5264
vn -0.3307 -0.3709 0.8678
vn -0.1529 -0.5652 0.8106
vn -0.2121 -0.4201 -0.8823
vn -0.8704 -0.4918 -0.0226
vn -0.9216 -0.0461 -0.3853
vn 0.9713 0.2379 0.0079
vn -0.0303 0.7509 0.6598
vn 0.1850 0.3682 0.9112
vn -0.4405 0.2347 0.8665
vn -0.1588 0.3902 0.9069
vn -0.3440 0.2708 0.8991
vn -0.7806 0.1908 -0.5953
vn -0.4462 -0.4104 -0.7953
vn -0.8489 0.1972 -0.4903
vn -0.1949 -0.9719 -0.1321
vn 0.0426 -0.9042 0.4250
vn -0.0539 -0.7716 0.6338
vn -0.2705 -0.6270 0.7306
vn -0.0655 0.5418 -0.8379
vn -0.3624 -0.0181 0.9318
vn -0.2003 -0.0165 -0.9796
vn -0.5800 0.6247 0.5228
vn -0.5937 -0.1065 -0.7976
vn 0.0662 -0.9621 0.2645
vn -0.4116 0.1216 0.9032
vn -0.0005 -0.5669 0.8238
vn -0.9651 0.0445 -0.2582
vn -0.0297 -0.9833 -0.1797
vn -0.0954 -0.9761 0.1950
vn -0.8266 0.3137 -0.4673
vn 0.2790 -0.9601 0.0176
vn -0.9483 0.0771 -0.3078
vn -0.9754 0.0480 -0.2150
vn 0.7872 -0.3101 -0.5330
vn -0.3009 0.9101 -0.2848
vn -0.4916 -0.7575 -0.4295
vn -0.8819 -0.2514 -0.3989
vn -0.5523 0.5224 -0.6496
vn -0.9009 0.2422 0.3601
vn 0.0999 0.3381 0.9358
vn -0.5546 0.6494 0.5202
vn -0.7698 0.6088 -0.1918
vn -0.1009 -0.7286 0.6774
vn 0.3010 -0.2734 -0.9136
vn 0.0729 -0.9818 0.1755
vn -0.4552 0.8101 0.3696
vn -0.3253 0.6689 0.6684
vn -0.9704 0.0483 -0.2368
vn -0.8666 0.4892 0.0985
vn -0.9559 -0.1745 -0.2363
vn 0.7378 -0.0384 -0.6740
vn 0.3801 0.7226 0.5773
vn -0.6165 -0.3659 -0.6972
vn -0.5038 -0.7814 -0.3682
vn -0.8347 0.4063 -0.3718
vn -0.2781 -0.4552 0.8458
vn -0.7528 0.1533 0.6401
vn -0.2648 -0.5184 -0.8131
vn -0.9130 0.2206 -0.3433
vn -0.4920 0.4405 -0.7509
vn -0.4254 0.1071 -0.8986
vn -0.9445 0.2551 0.2069
vn 0.1830 -0.7686 0.6130
vn -0.7214 -0.6678 -0.1835
vn -0.8557 0.3984 0.3302
vn 0.4813 -0.8724 0.0851
vn -0.0348 0.7529 0.6573
vn -0.5183 0.6144 -0.5949
vn -0.8442 -0.3275 -0.4243
vn -0.6263 0.7645 -0.1525
vn -0.9564 0.2736 0.1022
vn -0.9810 0.1185 -0.1537
vn -0.6539 0.5415 -0.5284
vn -0.1992 -0.0937 0.9755
vn -0.0969 0.0166 0.9952
vn -0.2570 -0.2057 -0.9442
vn -0.2156 0.5524 -0.8052
vn -0.8690 0.0674 -0.4902
vn -0.7781 0.3356 0.5310
vn -0.9130 0.4047 0.0508
vn -0.9112 0.3140 -0.2665
vn -0.8174 -0.3512 -0.4567
vn -0.2023 0.4763 0.8557
vn -0.5106 0.8581 -0.0547
vn -0.2972 0.9112 0.2854
vn -0.0209 0.7171 -0.6966
vn -0.9175 0.0687 -0.3918
vn -0.7498 0.6573 0.0762
vn -0.7890 0.4818 -0.3812
vn 0.0303 0.4740 -0.8800
vn -0.0995 0.8631 -0.4952
vn -0.9550 0.0015 -0.2965
vn -0.4449 0.6441 -0.6222
vn -0.6392 0.7140 -0.2857
vn -0.9161 -0.1673 -0.3644
vn -0.0079 -0.9772 0.2122
vn 0.2436 0.2361 0.9407
vn -0.1642 0.5724 -0.8034
vn -0.2157 0.7872 -0.5777
vn 0.9280 0.3374 -0.1580
vn -0.4910 -0.0608 -0.8690
vn -0.8163 -0.2862 -0.5018
vn -0.1722 0.8838 0.4350
vn -0.7067 0.2424 -0.6647
vn -0.3991 -0.6041 -0.6898
vn -0.5545 -0.3220 -0.7674
vn 0.0842 -0.7411 -0.6661
vn -0.2058 0.6202 0.7570
vn 0.4650 -0.7671 0.4420
vn 0.0671 0.8004 0.5957
vn -0.5450 0.7197 -0.4302
vn -0.0147 0.4643 0.8856
vn 0.0967 0.6680 0.7378
vn -0.7914 0.5872 -0.1696
vn 0.9066 -0.2986 -0.2981
vn 0.0908 0.4037 0.9104
vn 0.0107 0.9449 -0.3271
vn 0.2463 0.9684 -0.0379
vn -0.4431 0.6327 -0.6351
vn 0.0468 -0.3645 -0.9300
vn -0.2176 0.9518 0.2160
vn -0.0157 0.8053 -0.5927
vn 0.9316 0.3591 -0.0571
vn -0.9522 0.1272 -0.2779
vn -0.2122 0.8005 0.5605
vn 0.9278 -0.3510 0.1261
vn 0.1762 0.2834 0.9427
vn -0.8114 -0.2863 -0.5096
vn 0.8865 0.3619 0.2885
vn -0.9145 0.1968 -0.3536
vn 0.1628 0.5474 -0.8209
vn 0.0938 0.9589 -0.2678
vn -0.7517 -0.4193 -0.5091
vn -0.7929 0.3704 -0.4839
vn -0.0883 0.9618 -0.2591
vn -0.4163 0.6394 -0.6464
vn 0.1589 0.1509 -0.9757
vn 0.0653 0.3810 0.9223
vn -0.1231 0.9740 -0.1900
vn 0.0936 -0.8356 -0.5414
vn -0.2513 0.7791 -0.5743
vn 0.7522 0.6337 0.1807
vn 0.7118 0.5629 -0.4202
vn 0.1279 -0.0707 0.9893
vn -0.4647 0.5902 -0.6601
vn 0.7333 -0.0519 0.6780
vn -0.3986 -0.7794 -0.4833
vn -0.3871 -0.2466 -0.8884
vn 0.9226 0.0799 0.3774
vn 0.3066 -0.6998 -0.6452
vn 0.3285 -0.3540 0.8757
vn -0.0153 0.1473 0.9890
vn 0.0357 -0.8681 0.4952
vn 0.8609 0.4845 0.1555
vn -0.1571 -0.2614 -0.9524
vn 0.2954 -0.0836 -0.9517
vn 0.3481 0.9303 0.1159
vn 0.0420 -0.9989 -0.0218
vn -0.0134 -0.9863 0.1643
vn 0.5045 -0.6965 -0.5103
vn -0.6851 -0.3345 -0.6471
vn -0.0109 -0.6917 0.7221
vn -0.0890 -0.9907 -0.1026
vn 0.1208 -0.6375 -0.7609
vn -0.8560 -0.0098 -0.5169
vn 0.4725 0.8808 -0.0308
vn 0.6248 0.6645 -0.4099
vn -0.0042 -0.9045 0.4264
vn 0.8256 0.3959 0.4021
vn 0.5442 -0.4698 -0.6950
vn 0.2281 -0.4993 -0.8359
vn -0.4695 -0.5014 -0.7268
vn -0.1306 -0.9445 0.3013
vn -0.3136 -0.6419 0.6997
vn 0.3819 0.1672 -0.9090
vn -0.6606 0.7209 0.2094
vn -0.3309 0.8433 -0.4234
vn -0.0113 -0.4999 0.8660
vn 0.8534 0.4952 -0.1626
vn 0.4927 0.8502 0.1853
vn 0.1451 -0.2359 0.9609
vn 0.2247 0.9736 -0.0409
vn 0.3758 0.4804 0.7924
vn 0.5335 0.7955 -0.2873
vn 0.0480 0.6509 -0.7576
vn 0.7974 0.1978 0.5701
vn 0.5112 -0.0382 0.8586
vn -0.8061 0.2699 -0.5266
vn -0.3752 -0.7236 -0.5793
vn 0.2553 0.6888 0.6785
vn 0.2760 -0.6396 0.7174
vn 0.3511 -0.6040 0.7155
vn 0.1314 0.2508 0.9591
vn 0.7706 0.0360 -0.6363
vn -0.2796 0.8911 -0.3575
vn -0.2710 -0.9549 -0.1216
vn 0.9512 0.0197 -0.3079
vn 0.6473 0.4690 -0.6008
vn 0.2374 0.5059 -0.8293
vn 0.3256 -0.9391 -0.1101
vn 0.2102 -0.6964 0.6861
vn -0.0467 0.4299 0.9017
vn 0.7295 0.2307 -0.6439
vn -0.4409 -0.3854 -0.8106
vn 0.3646 -0.6826 0.6333
vn 0.2515 -0.6741 -0.6945
vn -0.6318 -0.0093 -0.7751
vn -0.1634 -0.4877 0.8576
vn 0.8487 0.4006 -0.3452
vn -0.9287 0.2354 -0.2866
vn -0.0116 -0.7597 -0.6502
vn 0.4098 0.0525 -0.9106
vn 0.3488 -0.1461 0.9257
vn 0.1367 0.1611 -0.9774
vn 0.3350 0.7265 -0.6000
vn 0.2881 -0.4646 -0.8374
vn -0.0157 -0.9986 0.0500
vn 0.1594 0.5231 0.8372
vn 0.1256 -0.9315 0.3415
vn 0.4861 0.7020 -0.5204
vn -0.8280 -0.3266 -0.4559
vn 0.0418 0.9472 0.3180
vn -0.6202 0.3415 -0.7062
vn 0.4769 -0.6752 -0.5627
vn -0.3060 0.7688 -0.5615
vn 0.4923 0.3425 -0.8002
vn 0.3424 0.7536 -0.5611
vn 0.8213 0.0641 -0.5669
vn 0.1701 0.9690 -0.1792
vn 0.8394 -0.3591 -0.4079
vn -0.9852 0.0112 0.1708
vn 0.3741 -0.7929 0.4810
vn -0.1155 -0.0566 -0.9917
vn 0.3259 0.2866 0.9009
vn 0.1088 0.7926 0.5999
vn -0.8969 -0.3005 -0.3245
vn 0.8718 -0.1148 -0.4762
vn 0.1670 -0.6214 -0.7655
vn 0.6932 0.6176 0.3716
vn 0.0013 0.9809 -0.1947
vn 0.7936 -0.1613 -0.5867
vn 0.9685 0.2489 -0.0122
vn 0.7773 0.6200 -0.1071
vn -0.4405 0.7863 -0.4332
vn 0.7091 -0.2506 -0.6591
vn 0.5717 0.6665 0.4785
vn 0.9124 0.4077 -0.0351
vn -0.8829 0.0583 -0.4660
vn -0.7692 0.3593 0.5285
vn 0.9707 0.1692 -0.1705
vn -0.8597 -0.5097 0.0350
vn 0.3741 -0.7324 -0.5688
vn -0.0576 0.8248 -0.5625
vn -0.1084 0.5601 -0.8213
vn 0.2939 -0.0603 0.9539
vn 0.5674 0.5729 -0.5915
vn -0.0628 0.9815 -0.1810
vn -0.5911 -0.8060 -0.0320
vn -0.9208 -0.0991 0.3772
vn 0.8729 0.2191 0.4360
vn 0.8127 0.0744 0.5779
vn 0.3137 0.6318 0.7088
vn -0.0990 -0.6744 0.7317
vn 0.3567 0.1184 0.9267
vn 0.7166 0.3340 0.6123
vn -0.1013 0.7907 0.6038
vn 0.4800 0.5223 0.7048
vn -0.8780 -0.4267 0.2169
vn -0.6282 -0.0160 0.7779
vn -0.7929 0.2790 0.5416
vn 0.9661 0.2581 0.0073
vn -0.9049 -0.4257 0.0058
vn 0.2124 0.1618 0.9637
vn 0.4380 0.2289 0.8694
vn 0.7649 -0.3675 -0.5290
vn 0.3226 0.9451 -0.0521
vn -0.9137 0.4038 0.0467
vn 0.6945 0.7193 0.0160
vn -0.5766 -0.7125 0.3998
vn 0.1703 0.9033 -0.3938
vn 0.7202 0.5637 0.4045
vn 0.8757 0.4255 -0.2284
vn 0.6619 0.6529 -0.3683
vn -0.8619 -0.0653 -0.5028
vn -0.6308 -0.6945 -0.3460
vn -0.8168 0.5071 0.2751
vn -0.0144 0.0137 0.9998
vn -0.6185 0.5093 0.5984
vn -0.3328 -0.9407 0.0662
vn -0.7442 -0.4965 -0.4468
vn 0.6633 0.5714 -0.4833
vn 0.2963 -0.8469 0.4415
vn 0.3908 -0.6913 0.6077
vn -0.4025 -0.8290 -0.3883
vn 0.4210 -0.5904 -0.6886
vn 0.9976 -0.0607 -0.0336
vn 0.7220 -0.6914 -0.0247
vn 0.4709 -0.7282 0.4980
vn 0.6899 0.6791 0.2505
vn 0.7528 0.6580 -0.0194
vn -0.1763 -0.3136 -0.9330
vn -0.1476 0.5363 -0.8310
vn 0.1797 0.2502 -0.9514
vn 0.1723 0.7147 0.6779
vn -0.3519 0.7395 0.5739
vn -0.9308 0.0788 -0.3569
vn 0.2466 0.8521 0.4616
vn 0.5702 0.6871 0.4503
vn -0.4891 0.8628 0.1282
vn -0.4106 0.8359 0.3641
vn 0.1313 -0.4677 -0.8741
vn 0.9496 -0.1431 -0.2788
vn -0.8680 0.0985 -0.4867
vn 0.7705 0.5327 -0.3502
vn 0.6266 -0.7590 0.1769
vn 0.7529 0.1226 -0.6466
vn 0.1673 0.5174 -0.8392
vn 0.2469 -0.9454 0.2128
vn 0.9575 0.2422 -0.1566
vn 0.5468 0.6268 -0.5551
vn 0.7341 -0.4496 0.5089
vn 0.3666 0.0498 0.9290
vn 0.7308 0.4329 -0.5277
vn 0.6049 0.5459 -0.5798
vn 0.2949 0.9529 0.0713
vn -0.5111 -0.4235 -0.7479
vn -0.6730 0.5422 -0.5030
vn 0.6574 0.6867 0.3103
vn 0.0814 -0.9530 0.2920
vn 0.1330 -0.7054 0.6962
vn 0.4131 -0.6553 0.6324
vn 0.3297 -0.7255 0.6040
vn 0.8465 -0.1530 -0.5099
vn 0.4471 -0.5181 0.7291
vn 0.9667 -0.2255 -0.1207
vn 0.3848 0.4585 0.8011
vn -0.8066 0.2462 -0.5374
vn 0.3005 0.8338 0.4631
vn 0.7988 -0.3689 -0.4752
vn 0.4198 -0.9031 -0.0903
vn -0.9362 0.1349 -0.3247
vn 0.3934 -0.6349 0.6650
vn 0.0554 0.7781 0.6257
vn 0.8349 0.5425 -0.0930
vn 0.3355 -0.7916 0.5108
vn -0.8044 -0.2871 -0.5201
vn -0.8537 0.4342 -0.2874
vn 0.6899 0.6961 -0.1986
vn -0.4468 -0.0708 0.8918
vn 0.2246 -0.7773 0.5877
vn 0.1425 0.8154 -0.5610
vn 0.0414 0.5195 -0.8535
vn -0.7148 -0.6975 0.0512
vn 0.2597 0.1286 0.9571
vn -0.8643 0.2739 -0.4218
vn 0.3730 0.3708 0.8505
vn -0.3893 -0.7027 -0.5955
vn 0.2586 0.6075 -0.7510
vn 0.4247 -0.4194 0.8023
vn -0.1691 0.9515 -0.2569
vn 0.7655 0.2892 -0.5749
vn 0.7096 0.5659 -0.4197
vn -0.0059 -0.9937 0.1120
vn -0.0056 -0.9938 0.1107
vn -0.0064 -0.9934 0.1149
vn -0.8544 0.3517 -0.3825
vn 0.6231 0.1401 -0.7695
vn 0.8649 0.4064 -0.2946
vn 0.6951 0.6379 0.3316
vn 0.9408 0.1850 -0.2842
vn -0.0081 0.5478 -0.8366
vn 0.1798 0.3345 0.9251
vn 0.2284 0.7951 0.5618
vn -0.2456 0.8125 -0.5287
vn 0.6329 0.1478 -0.7600
vn 0.9630 0.2626 -0.0604
vn -0.4400 0.8606 0.2564
vn 0.4957 0.6712 -0.5511
vn 0.4738 -0.8797 0.0407
vn 0.6589 -0.7511 0.0406
vn -0.5096 -0.5297 -0.6780
vn -0.3617 -0.6568 -0.6616
vn -0.3027 -0.6859 -0.6618
vn 0.0917 0.9233 0.3731
vn 0.8062 -0.2920 -0.5146
vn 0.2635 0.9370 0.2295
vn 0.2441 0.9662 0.0835
vn -0.0238 0.8494 0.5272
vn 0.8014 0.3525 0.4833
vn -0.8642 0.4510 -0.2230
vn 0.7569 0.2369 0.6091
vn 0.2909 -0.8915 0.3474
vn 0.1860 0.6979 -0.6916
vn -0.1459 0.9645 0.2203
vn 0.6153 0.2534 -0.7465
vn 0.1643 0.9729 0.1629
vn -0.3674 -0.1077 0.9238
vn 0.3204 -0.7966 0.5127
vn -0.0067 -0.9932 0.1162
vn 0.7509 0.5777 0.3201
vn -0.2629 0.8883 -0.3765
vn 0.1324 0.4206 0.8975
vn 0.6762 -0.4456 -0.5867
vn 0.8063 0.0605 0.5884
vn -0.1433 -0.4771 -0.8671
vn 0.8232 0.5676 -0.0155
vn -0.8646 0.2955 -0.4064
vn -0.6027 -0.0085 -0.7979
vn 0.8386 0.5399 -0.0723
vn 0.0447 0.9982 0.0388
vn 0.7616 -0.1222 -0.6364
vn 0.3965 -0.6193 0.6777
vn 0.7549 -0.1279 -0.6432
vn 0.5224 -0.1015 0.8466
vn -0.0531 0.5487 0.8343
vn 0.1723 0.9625 -0.2096
vn 0.2892 0.9051 0.3116
vn 0.7078 -0.2080 0.6751
vn 0.2972 -0.8607 0.4134
vn 0.4450 0.7045 0.5528
vn 0.8645 0.4823 0.1415
vn -0.6299 -0.3507 -0.6930
vn 0.4445 -0.0970 0.8905
vn 0.2736 0.1950 0.9419
vn -0.6417 -0.5974 -0.4810
vn -0.6378 0.2859 0.7152
vn 0.3718 -0.9151 0.1564
vn 0.4631 -0.3128 0.8293
vn -0.7994 -0.0160 -0.6006
vn 0.0835 0.5703 -0.8172
vn 0.6760 0.3629 -0.6413
vn -0.4556 0.3585 0.8148
vn -0.8589 0.2873 0.4239
vn -0.9711 0.2126 0.1086
vn -0.1588 0.8678 -0.4708
vn -0.1360 -0.9854 -0.1020
vn -0.4844 -0.3129 -0.8170
vn 0.8434 -0.3729 0.3869
vn -0.4513 -0.8467 0.2818
vn 0.4362 -0.6467 -0.6257
vn 0.2679 0.7890 0.5530
vn -0.4018 0.9157 0.0073
vn 0.0563 0.8439 -0.5336
vn -0.3572 0.7229 0.5914
vn 0.7419 0.5601 -0.3686
vn 0.7865 0.5062 -0.3538
vn 0.5352 0.2694 -0.8006
vn -0.0354 0.7880 -0.6147
vn 0.5628 0.0878 0.8219
vn -0.1160 0.9836 -0.1381
vn 0.9368 0.1187 0.3291
vn -0.3041 -0.7279 -0.6145
vn -0.1713 -0.2521 -0.9524
vn 0.7305 0.0063 0.6829
vn -0.5562 -0.2902 -0.7787
vn 0.3875 -0.8368 0.3868
vn 0.0057 -0.4547 0.8906
vn -0.0498 0.9985 0.0222
vn 0.2982 0.9508 0.0839
vn 0.7128 0.6914 -0.1179
vn -0.6517 0.7485 -0.1224
vn -0.2732 0.5624 0.7804
vn 0.2505 0.9127 -0.3230
vn -0.4926 -0.7815 -0.3830
vn -0.9458 0.0279 -0.3235
vn 0.6219 -0.5940 -0.5103
vn 0.9192 0.3886 -0.0635
vn -0.1576 -0.5762 -0.8020
vn -0.3425 0.7952 -0.5003
vn 0.5881 0.6829 -0.4333
vn 0.6800 0.5480 -0.4871
vn -0.7001 0.4727 -0.5352
vn -0.7316 0.6514 -0.2011
vn 0.2792 0.7584 0.5890
vn 0.0090 0.8274 0.5615
vn 0.8857 0.1699 0.4320
vn 0.1171 -0.6845 -0.7196
vn -0.3871 -0.7478 0.5394
vn 0.2622 0.8038 0.5340
vn 0.0550 0.8886 0.4554
vn 0.4732 -0.8480 0.2386
vn 0.1266 0.9536 0.2733
vn -0.8779 0.0393 -0.4772
vn -0.1539 0.1983 0.9680
vn 0.5581 0.6821 -0.4725
vn 0.5206 0.7954 0.3103
vn 0.7940 -0.1808 -0.5804
vn -0.6796 -0.1541 -0.7172
vn -0.2175 -0.9737 0.0684
vn 0.7217 -0.5770 -0.3824
vn 0.2746 -0.9566 0.0973
vn 0.2727 -0.9573 0.0957
vn -0.8408 0.4544 0.2942
vn 0.5411 0.7967 0.2692
vn 0.4386 -0.0670 -0.8962
vn 0.3232 0.2453 -0.9140
vn -0.2055 -0.9687 -0.1391
vn 0.2849 0.8202 -0.4962
vn -0.3055 0.7991 0.5178
vn 0.3904 0.9008 0.1902
vn -0.6077 0.3292 0.7227
vn -0.3000 0.8461 0.4407
vn 0.4077 -0.9052 0.1196
vn 0.0300 0.9566 -0.2900
vn 0.8556 -0.0680 -0.5131
vn 0.1379 0.5495 -0.8240
vn 0.8718 0.0723 -0.4845
vn -0.5020 -0.8634 0.0506
vn -0.9942 -0.0839 -0.0667
vn -0.9505 0.2978 0.0882
vn 0.8714 0.4543 -0.1851
vn 0.8699 0.4240 0.2520
vn 0.8654 0.3384 0.3695
vn 0.9208 -0.0528 0.3864
vn 0.8293 -0.2473 0.5011
vn -0.1107 -0.8851 -0.4521
vn 0.0003 -0.9169 -0.3991
vn -0.8903 0.0039 -0.4553
vn 0.7581 0.2232 -0.6128
vn -0.0870 0.9908 0.1032
vn -0.0134 0.9775 0.2104
vn -0.8143 0.2847 0.5057
vn 0.5903 0.7506 -0.2969
vn 0.0702 0.7455 0.6628
vn 0.1681 0.6330 0.7557
vn 0.1457 -0.8495 -0.5071
vn 0.4896 -0.4060 -0.7717
vn -0.9069 0.3677 -0.2056
vn -0.6748 -0.5825 0.4531
vn 0.5323 0.0935 0.8414
vn 0.4288 0.0778 0.9000
vn 0.2619 0.0880 0.9611
vn 0.6499 0.0443 0.7588
vn -0.6031 0.4911 0.6286
vn 0.8908 -0.4105 0.1946
vn -0.7430 0.2631 -0.6154
vn 0.7701 -0.5008 0.3951
vn -0.8647 0.4305 0.2587
vn 0.6870 -0.3040 0.6600
vn 0.7015 0.2657 0.6613
vn -0.4938 0.7294 -0.4734
vn -0.5514 0.7542 0.3567
vn 0.1964 -0.4927 -0.8477
vn -0.1121 0.9894 0.0924
vn 0.8700 0.0744 0.4874
vn 0.7909 0.2936 0.5369
vn 0.5732 0.6951 -0.4339
vn 0.0634 0.4932 0.8676
vn 0.0457 -0.6669 -0.7438
vn 0.2743 0.2295 -0.9338
vn 0.2561 0.7650 0.5909
vn 0.2283 0.6235 0.7477
vn -0.5853 0.2444 0.7731
vn 0.5884 -0.1898 0.7860
vn -0.8585 0.5095 0.0588
vn -0.6801 -0.4001 -0.6143
vn -0.0626 0.7757 0.6279
vn -0.9130 0.1275 0.3875
vn -0.7440 -0.0493 0.6664
vn -0.7313 0.1531 0.6646
vn 0.6022 0.7025 0.3793
vn 0.2643 -0.8217 -0.5049
vn 0.0719 0.9222 -0.3799
vn 0.5737 0.6839 -0.4507
vn 0.8554 -0.1634 0.4914
vn 0.5243 -0.8471 0.0863
vn 0.2627 0.1899 0.9460
vn 0.8664 0.2026 -0.4564
vn 0.8988 -0.1657 0.4058
vn 0.1004 -0.5640 0.8196
vn -0.0411 -0.3193 -0.9468
vn 0.0302 0.8534 -0.5204
vn 0.6964 -0.2287 -0.6803
vn -0.0726 -0.6144 -0.7856
vn 0.8088 -0.5457 0.2193
vn 0.5205 0.7829 -0.3407
vn 0.4231 -0.2195 0.8791
vn 0.8134 -0.4408 0.3796
vn 0.3003 0.8188 0.4893
vn 0.4704 -0.6124 0.6354
vn -0.1567 0.7914 -0.5909
vn 0.6474 0.1354 0.7500
vn -0.2442 0.5491 -0.7993
vn 0.6470 -0.4513 0.6145
vn 0.2935 -0.9481 0.1224
vn 0.5130 -0.6143 0.5995
vn -0.9104 0.0249 -0.4129
vn -0.7763 -0.2702 -0.5695
vn -0.2037 -0.8859 -0.4167
vn 0.2298 -0.9650 0.1267
vn 0.4768 -0.5209 -0.7081
vn 0.9591 -0.1234 -0.2549
vn 0.6101 -0.1906 0.7690
vn 0.4643 0.6011 0.6505
vn 0.3357 0.9357 -0.1082
vn 0.4980 0.8671 0.0110
vn 0.3478 -0.1605 -0.9237
vn -0.9220 0.3847 -0.0436
vn 0.6286 0.2783 0.7262
vn -0.8030 0.5920 0.0692
vn -0.3074 0.9516 -0.0038
vn -0.4357 0.8229 0.3647
vn 0.3086 -0.6516 -0.6929
vn 0.0983 -0.3274 -0.9398
vn 0.5563 0.3635 -0.7472
vn 0.3255 0.4164 0.8489
vn -0.7205 -0.3637 -0.5905
vn 0.8303 -0.5294 0.1740
vn 0.6728 -0.6993 -0.2414
vn 0.3109 -0.3011 -0.9015
vn 0.6321 0.4274 0.6463
vn 0.7651 -0.4844 -0.4243
vn -0.1139 0.9381 -0.3272
vn 0.7162 -0.3139 0.6233
vn -0.8318 0.5551 0.0001
vn -0.3162 0.6112 0.7256
vn 0.4320 0.8043 0.4079
vn 0.9347 -0.0879 -0.3445
vn -0.4798 0.3937 0.7841
vn -0.8568 -0.4220 0.2964
vn 0.1662 0.2352 -0.9576
vn 0.1471 -0.2069 0.9672
vn -0.5536 0.6904 -0.4658
vn 0.2849 -0.9582 -0.0257
vn 0.4230 -0.9046 0.0528
vn 0.2624 0.6643 -0.6999
vn 0.1421 0.9839 0.1080
vn -0.6072 0.7002 0.3757
vn -0.4706 -0.2726 -0.8392
vn 0.7467 0.2093 0.6314
vn -0.5178 0.4535 -0.7254
vn 0.9086 0.3839 0.1643
vn 0.7260 0.6448 0.2392
vn 0.7180 0.6609 0.2182
vn -0.9239 -0.3493 -0.1559
vn -0.9748 0.1678 0.1472
vn -0.6439 0.6721 -0.3656
vn -0.6448 0.7589 0.0913
vn 0.4644 0.8853 -0.0245
vn 0.3011 0.8359 0.4588
vn -0.5297 0.6570 0.5364
vn -0.0007 -1.0000 0.0003
vn -0.3379 0.3784 0.8618
vn 0.5380 -0.7826 0.3132
vn 0.6201 -0.6726 0.4038
vn -0.3995 0.8776 0.2649
vn -0.9165 -0.0087 -0.4000
vn 0.6623 -0.7481 0.0407
vn 0.8320 0.5397 0.1286
vn -0.6858 -0.0514 -0.7260
vn -0.8775 -0.2085 -0.4319
vn 0.8447 -0.3230 0.4267
vn 0.7493 0.4345 -0.4997
vn -0.3393 -0.3682 -0.8656
vn 0.9490 0.1055 -0.2971
vn 0.8567 -0.1197 -0.5017
vn 0.7485 -0.5279 0.4014
vn 0.4343 -0.3028 -0.8483
vn 0.7956 0.5615 0.2274
vn -0.4997 -0.0231 -0.8659
vn 0.6758 -0.0609 0.7346
vn 0.6924 0.6922 -0.2036
vn 0.0353 -0.7597 0.6493
vn 0.6600 -0.4537 0.5988
vn 0.9881 -0.1135 -0.1037
vn 0.9510 -0.2529 -0.1777
vn -0.7819 0.2312 -0.5789
vn 0.2624 0.6849 -0.6798
vn 0.5120 -0.1585 -0.8442
vn 0.5726 0.7121 -0.4062
vn 0.5071 0.8582 0.0796
vn 0.9728 -0.1921 0.1295
vn 0.0312 -0.6089 0.7926
vn 0.4288 0.7051 -0.5647
vn 0.5501 -0.7291 0.4073
vn -0.9297 0.2556 0.2650
vn -0.6269 0.7225 -0.2916
vn 0.6838 -0.5790 0.4441
vn 0.8646 -0.4383 0.2457
vn 0.8160 -0.0049 0.5781
vn 0.8883 0.1714 -0.4261
vn 0.4010 0.3037 0.8643
vn 0.6764 -0.4164 0.6075
vn -0.7151 0.5349 0.4501
vn 0.0491 0.9150 -0.4004
vn -0.0477 -0.4282 -0.9024
vn -0.6375 0.5072 -0.5800
vn 0.7859 -0.1603 0.5972
vn 0.9299 0.3576 -0.0861
vn 0.9861 0.0853 -0.1426
vn 0.3493 0.1478 0.9253
vn -0.9989 -0.0111 0.0461
vn -0.4710 -0.5642 -0.6781
vn 0.7513 -0.5819 -0.3112
vn -0.2582 0.7756 0.5761
vn 0.5648 -0.7263 0.3918
vn 0.0219 0.9212 0.3885
vn -0.5070 0.7774 -0.3724
vn 0.6574 -0.6246 0.4216
vn 0.2787 -0.1433 0.9496
vn 0.9436 0.1582 0.2909
vn 0.0771 0.0672 0.9948
vn 0.8021 0.4857 -0.3475
vn 0.9482 0.1512 0.2794
vn -0.8409 0.5298 0.1105
vn 0.9778 -0.0909 -0.1886
vn -0.6137 0.7805 0.1191
vn 0.8962 -0.3487 -0.2744
vn 0.4774 -0.8770 -0.0553
vn 0.9055 0.1730 0.3874
vn 0.2889 0.9040 0.3151
vn 0.2441 0.6097 -0.7541
vn 0.3001 -0.5703 -0.7647
vn 0.9814 0.1900 -0.0264
vn 0.9600 0.1736 0.2199
vn -0.3044 0.9425 0.1382
vn -0.5596 -0.6293 -0.5392
vn -0.1646 0.9165 -0.3646
vn 0.0493 -0.1434 -0.9884
vn -0.2840 0.1318 0.9497
vn 0.2985 0.0109 0.9543
vn 0.7309 0.6636 -0.1594
vn 0.4191 0.6056 -0.6765
vn -0.2452 -0.2659 -0.9323
vn 0.5025 0.3821 -0.7756
vn -0.6770 0.5989 -0.4277
vn -0.7865 0.3883 -0.4803
vn -0.2404 -0.3138 -0.9185
vn 0.6126 0.7869 0.0747
vn -0.6015 0.6983 0.3880
vn -0.8874 0.4609 0.0124
vn 0.9926 0.1213 -0.0020
vn -0.0210 0.7297 0.6834
vn 0.1258 0.9920 -0.0062
vn 0.5244 0.5593 -0.6420
vn 0.2360 -0.3002 0.9242
vn 0.9837 0.1176 0.1360
vn -0.5769 0.4473 -0.6834
vn 0.7806 0.5611 0.2754
vn -0.1664 0.3267 0.9304
vn 0.4723 -0.8044 0.3603
vn -0.8521 -0.4290 -0.2998
vn -0.6873 -0.5157 -0.5116
vn 0.4728 0.8109 0.3449
vn 0.6768 0.3817 -0.6295
vn 0.7230 0.4346 -0.5371
vn -0.1597 0.8317 0.5317
vn -0.1547 0.8027 -0.5759
vn 0.8770 0.3634 0.3144
vn -0.1409 -0.9740 -0.1774
vn 0.3985 0.8508 0.3425
vn 0.2576 -0.9660 -0.0231
vn -0.7064 0.6544 0.2699
vn 0.3506 -0.0339 0.9359
vn 0.3894 0.7618 0.5177
vn 0.3289 0.9215 -0.2066
vn 0.3736 0.8240 0.4259
vn 0.1162 0.8397 0.5305
vn 0.5750 0.3354 0.7462
vn 0.7084 0.3685 0.6019
vn -0.8848 0.4183 0.2051
vn -0.7811 -0.2138 -0.5866
vn 0.6046 -0.7812 -0.1556
vn -0.1284 -0.4520 0.8827
vn 0.6128 -0.7617 0.2105
vn 0.0802 -0.3270 -0.9416
vn -0.4559 -0.4350 -0.7764
vn 0.5004 0.8061 0.3159
vn 0.8205 0.3831 -0.4242
vn 0.8217 0.5001 -0.2734
vn 0.2531 -0.9043 0.3437
vn -0.4154 0.0248 0.9093
vn 0.3980 0.2089 0.8933
vn -0.8593 -0.1984 -0.4714
vn 0.3653 0.0681 0.9284
vn 0.4902 0.4232 0.7620
vn 0.2492 0.5081 0.8244
vn 0.2291 -0.5623 -0.7946
vn -0.5635 0.7806 0.2704
vn 0.5495 0.0370 -0.8347
vn 0.2393 0.5322 0.8121
vn 0.7742 0.5342 -0.3394
vn 0.5266 0.8158 0.2390
vn 0.5668 0.5185 -0.6403
vn -0.0252 0.4328 -0.9011
vn 0.4511 -0.6531 -0.6083
vn 0.9374 0.3467 0.0333
vn 0.6043 -0.2124 0.7679
vn 0.7925 0.5741 -0.2059
vn -0.1326 -0.7829 0.6078
vn 0.6016 -0.3101 0.7362
vn -0.3815 0.9241 -0.0215
vn 0.4837 0.0038 -0.8752
vn -0.1428 -0.5608 -0.8155
vn 0.1772 -0.6660 -0.7246
vn 0.5627 -0.6769 0.4746
vn 0.4327 -0.2598 0.8633
vn 0.4721 -0.2581 -0.8429
vn 0.6701 0.4306 0.6046
vn 0.5612 -0.8204 -0.1098
vn -0.8295 0.2216 -0.5126
vn 0.8834 0.4676 0.0319
vn 0.3899 -0.9023 -0.1839
vn -0.4834 0.0919 -0.8706
vn 0.6191 -0.7583 0.2044
vn 0.4999 0.3396 0.7967
vn -0.2539 0.7486 0.6125
vn 0.2993 0.8438 -0.4455
vn -0.7528 0.4300 0.4984
vn 0.7065 -0.2957 0.6430
vn 0.8731 0.4299 0.2300
vn 0.7703 0.3658 -0.5224
vn -0.5733 -0.2584 -0.7776
vn -0.0318 0.6793 0.7332
vn 0.5337 -0.7506 -0.3895
vn 0.5278 0.7674 -0.3641
vn 0.6663 0.6268 -0.4040
vn -0.3735 0.4623 0.8042
vn -0.4879 0.6533 0.5790
vn 0.0204 0.3236 0.9460
vn -0.2117 -0.9757 0.0564
vn -0.0413 0.9971 0.0642
vn 0.7989 0.3560 -0.4848
vn -0.3481 -0.8211 -0.4523
vn 0.8794 0.4703 0.0745
vn 0.7249 -0.4491 0.5224
vn 0.6350 0.4780 0.6068
vn -0.0487 0.8370 0.5450
vn -0.2407 0.7520 0.6136
vn 0.5979 -0.4101 -0.6887
vn 0.7538 -0.3720 0.5417
vn -0.8460 0.2610 0.4649
vn 0.8012 0.2947 -0.5208
vn -0.0321 -0.0479 -0.9983
vn -0.3517 -0.2599 0.8993
vn 0.5509 -0.1966 0.8111
vn -0.0526 0.6334 0.7720
vn 0.0777 0.5844 0.8077
vn 0.7201 -0.3644 0.5904
vn -0.5329 -0.7696 0.3516
vn 0.8189 0.4526 0.3529
vn -0.7277 0.6820 -0.0726
vn 0.3843 -0.9232 -0.0045
vn 0.8245 0.5482 0.1403
vn 0.7449 -0.4177 0.5203
vn -0.1507 -0.0709 0.9860
vn 0.5321 -0.5936 -0.6037
vn 0.8671 -0.3790 0.3233
vn 0.5553 -0.4110 -0.7230
vn 0.4812 -0.3524 -0.8027
vn 0.0235 0.9051 0.4246
vn 0.8748 -0.4385 0.2058
vn -0.3643 -0.3557 0.8607
vn 0.8627 0.5026 0.0556
vn 0.6712 -0.1543 -0.7251
vn -0.7246 0.6236 -0.2935
vn 0.7982 0.5116 -0.3179
vn 0.5645 0.7921 0.2323
vn 0.5537 -0.2804 0.7841
vn 0.2143 0.8838 0.4159
vn -0.2209 -0.4667 -0.8564
vn 0.5486 -0.0110 -0.8360
vn 0.6462 -0.6245 0.4386
vn 0.6873 -0.5911 0.4222
vn 0.6972 0.6723 -0.2489
vn -0.0319 0.9491 0.3134
vn 0.5303 0.7971 0.2889
vn 0.8782 0.4782 -0.0028
vn 0.6062 0.7585 0.2392
vn 0.6883 -0.5507 -0.4722
vn 0.6986 -0.6957 0.1676
vn 0.4213 -0.1381 -0.8963
vn 0.5660 0.1511 -0.8104
vn 0.3498 0.1011 0.9314
vn 0.2457 0.7955 0.5539
vn 0.6598 -0.5757 0.4830
vn 0.5337 -0.8188 -0.2114
vn -0.0354 0.5497 0.8346
vn 0.6139 -0.7442 0.2631
vn 0.0180 -0.8032 -0.5955
vn -0.7464 -0.5299 0.4026
vn 0.8842 -0.2723 0.3796
vn 0.7504 -0.0116 0.6609
vn 0.1225 -0.9539 -0.2740
vn 0.6493 0.7170 0.2535
vn -0.7006 -0.0480 -0.7119
vn 0.9305 0.3584 -0.0753
vn 0.6578 -0.0978 0.7468
vn 0.7250 0.3859 0.5705
vn 0.7276 -0.3382 0.5969
vn 0.9875 -0.0944 0.1260
vn 0.8174 0.5737 0.0523
vn 0.3011 -0.4840 0.8216
vn 0.7397 -0.3856 -0.5515
vn 0.7442 -0.6168 0.2563
vn 0.7962 -0.2801 -0.5362
vn 0.4392 -0.4892 -0.7535
vn 0.6786 -0.0470 0.7330
vn 0.7664 0.6409 0.0428
vn -0.0320 0.9994 -0.0147
vn -0.7412 -0.0405 0.6701
vn 0.9781 -0.1159 -0.1730
vn 0.7324 0.3783 0.5661
vn -0.5566 0.5702 0.6043
vn 0.6148 -0.7742 0.1503
vn 0.5613 -0.7006 0.4405
vn 0.3356 0.8152 0.4721
vn 0.9049 -0.3456 -0.2486
vn 0.7371 0.3124 0.5992
vn -0.7188 0.5927 -0.3634
vn 0.5420 -0.5477 0.6374
vn 0.1161 0.9063 0.4064
vn 0.6612 0.7445 -0.0927
vn 0.6668 0.5095 -0.5439
vn 0.9735 -0.2165 0.0741
vn -0.5380 0.7294 0.4225
vn -0.0694 -0.2228 0.9724
vn 0.5696 0.7045 0.4234
vn 0.4691 0.8820 -0.0456
vn 0.5276 -0.7240 0.4443
vn -0.2295 0.1377 0.9635
vn 0.2616 0.4544 -0.8515
vn 0.9938 0.0052 0.1107
vn 0.6285 -0.5174 0.5807
vn 0.4631 -0.5161 0.7205
vn 0.7211 0.1554 -0.6752
vn 0.1132 -0.2581 -0.9595
vn 0.2928 0.0417 0.9553
vn 0.7116 0.0413 0.7014
vn 0.8888 -0.2441 0.3878
vn 0.8974 0.2751 -0.3448
vn -0.4627 -0.7372 0.4924
vn 0.8273 0.4925 -0.2702
vn 0.8202 -0.5072 0.2647
vn -0.6624 0.4054 -0.6300
vn -0.2005 -0.7578 -0.6209
vn 0.8856 0.4212 -0.1957
vn 0.9270 -0.0899 -0.3640
vn -0.3964 0.6096 0.6865
vn 0.9201 0.0376 0.3899
vn 0.9514 -0.1210 0.2832
vn 0.8665 -0.4447 0.2269
vn 0.0659 -0.5995 0.7976
vn 0.7761 -0.4907 0.3961
vn 0.4611 -0.8310 -0.3112
vn -0.2986 0.0491 -0.9531
vn 0.2043 -0.9015 -0.3815
vn -0.6450 -0.4429 -0.6228
vn -0.0123 -0.9999 0.0073
vn 0.6443 0.7639 0.0369
vn 0.3563 -0.2055 0.9115
vn 0.0773 -0.3068 0.9486
vn 0.5866 -0.0891 -0.8050
vn 0.8078 -0.1927 0.5570
vn 0.5623 -0.7523 0.3434
vn 0.4045 0.7500 0.5234
vn 0.4030 -0.9131 -0.0623
vn 0.1905 -0.8693 0.4561
vn 0.0270 -0.9698 -0.2422
vn 0.4437 -0.6470 0.6201
vn 0.3678 0.7935 0.4848
vn 0.1859 0.7656 0.6158
vn -0.5213 0.4489 -0.7257
vn -0.5417 0.3781 -0.7508
vn -0.5479 0.4381 -0.7127
vn 0.7341 0.6587 -0.1649
vn 0.7402 -0.4227 0.5229
vn 0.9763 0.1690 0.1353
vn 0.6364 -0.7601 -0.1314
vn 0.8232 0.5550 0.1197
vn -0.5200 -0.3749 -0.7675
vn 0.5304 0.8376 0.1310
vn 0.9500 -0.0887 0.2993
vn 0.7741 -0.5039 0.3831
vn -0.6769 -0.0161 0.7359
vn -0.2730 0.7046 -0.6550
vn -0.8561 0.5046 0.1118
vn 0.7478 -0.4251 0.5100
vn 0.8436 -0.2826 0.4565
vn 0.7947 -0.4611 0.3948
vn 0.0340 0.2660 0.9634
vn 0.8686 0.3075 -0.3885
vn 0.9839 0.1574 0.0841
vn 0.8925 -0.4411 0.0938
vn 0.9736 -0.0173 -0.2275
vn 0.9233 0.3738 0.0882
vn -0.3046 0.8233 -0.4790
vn 0.6738 -0.4329 -0.5988
vn -0.8305 -0.0174 -0.5567
vn 0.9236 -0.3115 -0.2234
vn 0.2520 -0.6225 0.7409
vn 0.8648 -0.2010 0.4601
vn 0.6834 -0.5066 -0.5257
vn 0.2786 0.3281 0.9026
vn 0.5267 0.4932 0.6923
vn 0.7386 0.0872 -0.6685
vn 0.9837 -0.0321 0.1771
vn 0.1734 0.5222 0.8350
vn -0.1627 0.9566 -0.2417
vn 0.9939 0.1097 -0.0135
vn 0.5944 -0.6231 0.5083
vn 0.6999 -0.7009 0.1377
vn 0.3675 -0.5571 -0.7447
vn -0.3900 0.9102 -0.1393
vn 0.7460 -0.0274 0.6654
vn 0.3607 -0.6956 0.6213
vn 0.9082 0.4155 0.0513
vn 0.8767 0.4631 -0.1304
vn 0.5552 -0.0307 -0.8311
vn -0.3629 0.8554 0.3695
vn 0.4933 0.2162 0.8425
vn 0.7182 0.6457 0.2593
vn 0.9400 -0.0682 0.3344
vn -0.6445 0.3684 -0.6700
vn 0.7375 0.6556 0.1623
vn 0.2382 0.9134 0.3301
vn 0.2869 0.5941 0.7515
vn 0.8868 -0.4609 0.0347
vn 0.9267 0.2845 -0.2455
vn 0.7776 0.0525 0.6265
vn 0.9234 0.0506 -0.3804
vn 0.0879 0.5443 0.8343
vn -0.7339 0.6506 -0.1954
vn -0.8491 0.3033 -0.4324
vn -0.0472 -0.9982 0.0364
vn 0.0690 -0.5395 -0.8392
vn 0.7667 0.6419 -0.0124
vn 0.6201 -0.5444 -0.5649
vn 0.9547 0.2629 -0.1391
vn 0.8388 -0.3041 0.4516
vn 0.7424 -0.4136 0.5271
vn 0.9018 0.4146 0.1218
vn 0.3249 -0.1065 0.9397
vn 0.3137 -0.0641 0.9474
vn 0.6643 -0.7143 -0.2200
vn 0.8755 0.4361 0.2081
vn 0.1549 0.0315 -0.9874
vn 0.6538 -0.0259 -0.7562
vn 0.2189 -0.6420 0.7348
vn -0.9389 -0.0295 0.3429
vn 0.8990 0.0131 0.4377
vn 0.7080 0.3110 0.6340
vn -0.2584 0.4126 -0.8735
vn 0.4156 0.4215 0.8060
vn 0.8028 0.4750 0.3604
vn 0.6831 -0.5406 -0.4910
vn 0.8690 -0.3135 0.3828
vn -0.5081 -0.8608 0.0291
vn 0.5694 0.7765 0.2697
vn 0.8524 0.4792 0.2091
vn 0.7511 0.1150 0.6501
vn 0.4180 0.0174 0.9083
vn 0.7642 -0.1374 0.6302
vn 0.7098 -0.0585 0.7019
vn 0.7377 -0.2029 0.6439
vn 0.6245 -0.6804 0.3836
vn 0.9799 0.1990 -0.0103
vn 0.8274 0.0558 0.5589
vn 0.5413 0.0488 0.8394
vn 0.8967 0.3718 0.2401
vn -0.0360 0.0825 0.9959
vn 0.4952 -0.2594 -0.8291
vn 0.6963 -0.4135 -0.5867
vn 0.9560 -0.2350 -0.1753
vn 0.5959 0.3463 0.7246
vn -0.7898 0.5707 -0.2249
vn -0.0919 -0.5000 -0.8612
vn 0.5415 0.3201 -0.7774
vn 0.0511 -0.7222 -0.6898
vn 0.9296 -0.2452 0.2753
vn 0.9124 -0.3530 0.2070
vn 0.8294 0.4113 -0.3780
vn 0.1748 -0.7200 0.6716
vn 0.8422 0.4944 0.2151
vn 0.8596 -0.0259 0.5104
vn 0.9214 -0.1636 0.3526
vn 0.9167 0.2168 -0.3356
vn 0.7221 0.6701 -0.1720
vn 0.4134 0.1264 -0.9017
vn 0.2380 -0.4094 -0.8808
vn 0.3184 -0.3625 -0.8759
vn 0.3520 -0.4150 -0.8390
vn -0.2258 -0.7148 -0.6619
vn 0.9122 0.1121 0.3942
vn 0.9954 -0.0390 -0.0869
vn 0.9479 0.2142 0.2359
vn 0.2534 -0.3364 -0.9070
vn 0.8211 -0.3705 0.4342
vn 0.9275 0.2758 0.2524
vn -0.4036 0.5257 0.7488
vn 0.6443 0.6538 -0.3969
vn 0.9178 -0.3441 0.1981
vn 0.5388 0.8175 0.2035
vn 0.6357 -0.1566 -0.7558
vn 0.9561 0.1544 0.2490
vn -0.8274 -0.0356 -0.5605
vn 0.8575 -0.1578 0.4897
vn -0.2821 -0.4734 -0.8345
vn 0.0015 0.6049 -0.7963
vn 0.1178 0.5283 -0.8408
vn -0.2184 0.2580 0.9411
vn 0.5406 0.3580 0.7613
vn -0.4314 -0.6976 -0.5720
vn -0.2803 0.9581 -0.0583
vn -0.1580 -0.9766 0.1456
vn -0.8125 -0.5642 -0.1468
vn 0.4088 0.5724 0.7108
vn -0.0848 -0.8466 -0.5255
vn 0.7243 0.2562 0.6401
vn 0.7876 0.5836 0.1976
vn 0.9062 -0.3081 0.2895
vn 0.6672 -0.0576 -0.7426
vn 0.9540 0.2975 0.0376
vn 0.7225 -0.4095 0.5571
vn 0.7471 -0.4296 0.5073
vn 0.5332 0.0766 -0.8425
vn 0.3801 -0.6225 -0.6841
vn -0.2805 0.7898 0.5455
vn 0.1860 -0.9781 -0.0929
vn 0.2275 0.8273 0.5137
vn 0.8452 0.0300 0.5336
vn 0.0133 0.8623 -0.5062
vn 0.7726 0.6241 0.1168
vn -0.9898 -0.0355 -0.1379
vn 0.9593 0.2663 0.0935
vn 0.7778 0.2850 0.5602
vn 0.6671 -0.2100 -0.7148
vn 0.8907 0.1066 0.4420
vn 0.5006 0.3839 -0.7759
vn 0.6222 0.7321 -0.2774
vn 0.9877 0.0052 0.1565
vn 0.9792 0.0174 0.2021
vn 0.8907 -0.0956 -0.4444
vn 0.8475 0.4374 0.3007
vn 0.8138 -0.4693 -0.3428
vn -0.6917 -0.7156 0.0969
vn -0.7907 -0.6118 -0.0222
vn 0.9492 -0.1482 0.2774
vn 0.9611 -0.0555 0.2705
vn -0.8747 -0.2904 -0.3881
vn 0.9127 0.3883 0.1272
vn 0.7071 -0.7024 0.0818
vn 0.6296 -0.5863 0.5097
vn 0.6338 -0.7717 -0.0525
vn -0.6528 -0.4352 0.6201
vn 0.7591 -0.6410 -0.1135
vn 0.5622 0.4569 -0.6893
vn 0.7681 0.5120 -0.3845
vn -0.9406 -0.0895 -0.3275
vn -0.9226 0.1192 -0.3669
vn 0.4219 -0.9010 -0.1007
vn 0.6021 -0.7833 0.1545
vn -0.9808 -0.0754 0.1801
vn 0.0897 -0.4205 0.9029
vn 0.9499 0.2166 0.2253
vn 0.9650 0.1099 -0.2380
vn 0.6977 0.6368 0.3282
vn 0.5561 0.4835 0.6760
vn 0.6568 0.3690 0.6576
vn 0.3313 -0.2053 0.9209
vn 0.9186 0.2553 0.3015
vn 0.9027 0.1545 0.4016
vn 0.9288 0.3302 0.1684
vn -0.9931 -0.0647 0.0975
vn -0.8330 -0.3035 0.4626
vn 0.9650 -0.2185 0.1450
vn -0.6958 -0.2552 0.6714
vn 0.9705 0.2035 0.1295
vn 0.3431 0.8827 -0.3212
vn -0.5739 0.2492 -0.7801
vn 0.5228 -0.1103 0.8453
vn 0.6532 0.0607 0.7548
vn 0.9622 -0.1206 0.2441
vn -0.4744 -0.4659 0.7469
vn -0.9035 0.1146 -0.4130
vn 0.6165 0.0076 0.7873
vn -0.7807 -0.0342 -0.6240
vn -0.1643 -0.4400 0.8828
vn 0.9476 0.3186 0.0255
vn 0.5966 0.5492 -0.5852
vn -0.5336 0.5724 -0.6226
vn -0.9703 0.2165 0.1075
vn -0.3418 -0.8515 -0.3977
vn 0.9487 0.3043 0.0863
vn 0.9843 -0.0736 0.1603
vn 0.9079 -0.2835 -0.3087
vn -0.1038 -0.8843 -0.4553
vn 0.4753 0.1686 -0.8635
vn 0.5590 0.7475 -0.3588
vn 0.8558 0.0006 0.5174
vn 0.5463 -0.4067 0.7322
vn 0.5762 -0.3471 -0.7399
vn -0.8028 0.5962 -0.0054
vn 0.6437 0.7333 0.2187
vn -0.6403 -0.3256 -0.6957
vn -0.4854 0.8361 0.2555
vn -0.6851 0.7249 -0.0723
vn 0.9295 0.2256 0.2918
vn 0.8211 -0.1416 -0.5529
vn 0.9800 0.1063 0.1683
vn 0.9469 0.0519 0.3174
vn 0.9713 0.2370 0.0202
vn -0.1498 -0.9858 -0.0761
vn 0.8069 0.0594 0.5877
vn -0.5315 0.1812 -0.8275
vn 0.9084 0.0289 -0.4171
vn -0.2101 -0.4911 -0.8454
vn 0.8777 0.3331 0.3444
vn 0.9090 -0.1198 0.3993
vn 0.9228 0.0530 0.3816
vn 0.8386 -0.2221 -0.4974
vn -0.8266 -0.3574 0.4348
vn 0.8029 0.5244 0.2835
vn 0.6773 0.6669 0.3107
vn 0.8411 -0.2494 -0.4800
vn 0.6222 -0.2044 -0.7557
vn 0.8048 0.2726 0.5273
vn -0.3573 0.8502 0.3867
vn -0.5314 0.8467 0.0279
vn 0.9216 -0.3442 -0.1792
vn 0.8753 0.4741 0.0957
vn 0.2028 0.6057 -0.7694
vn -0.0714 -0.7895 -0.6096
vn 0.7809 0.6243 0.0229
vn 0.9861 0.1510 -0.0696
vn 0.9485 0.2710 0.1639
vn 0.3382 0.5085 0.7918
vn 0.8770 0.4126 0.2462
vn 0.6329 -0.7465 0.2056
vn 0.7781 0.6201 -0.1002
vn 0.1162 -0.0705 -0.9907
vn -0.4253 0.3228 -0.8455
vn 0.9961 0.0027 0.0881
vn -0.6667 -0.3722 -0.6457
vn 0.9339 -0.1444 0.3272
vn 0.9887 0.0423 -0.1438
vn -0.6135 -0.6833 -0.3958
vn -0.3889 -0.6903 -0.6101
vn 0.5218 0.7081 0.4757
vn 0.9681 -0.1344 0.2115
vn 0.3846 0.9021 -0.1958
vn 0.5204 -0.1676 -0.8373
vn -0.6567 0.7060 0.2651
vn 0.6402 -0.2548 0.7247
vn 0.8669 -0.4594 0.1934
vn 0.9332 -0.3037 0.1923
vn 0.9944 0.0180 0.1039
vn 0.9098 -0.3701 0.1879
vn -0.4817 0.6000 0.6388
vn 0.1624 -0.8900 -0.4260
vn 0.8080 -0.5796 0.1054
vn -0.1340 -0.7074 -0.6940
vn 0.9352 0.0711 0.3468
vn -0.2238 -0.7265 -0.6497
vn -0.9297 0.2032 -0.3072
vn 0.6190 0.7649 0.1785
vn 0.9820 0.0762 0.1726
vn 0.6316 0.6843 0.3644
vn 0.9122 0.3101 0.2677
vn 0.0395 -0.3200 -0.9466
vn 0.3539 -0.1286 -0.9264
vn -0.8234 -0.1278 0.5528
vn -0.9177 -0.2207 0.3304
vn 0.6517 -0.4172 0.6335
vn 0.9910 0.1253 0.0462
vn 0.8219 -0.5036 0.2661
vn -0.8982 -0.4217 0.1246
vn -0.8415 0.1992 0.5022
vn 0.2890 -0.9569 0.0300
vn 0.4012 -0.7859 0.4705
vn 0.5445 0.8190 -0.1811
vn 0.9161 0.1765 0.3601
vn -0.7414 0.6089 0.2820
vn 0.7481 0.6351 0.1922
vn -0.0040 0.9784 0.2068
vn -0.4163 0.8553 0.3086
vn 0.9418 -0.1361 -0.3074
vn 0.9694 0.1156 0.2167
vn 0.9656 0.0345 0.2576
vn -0.5531 0.7495 0.3637
vn 0.7853 0.3294 0.5242
vn 0.4600 -0.5931 -0.6607
vn 0.9986 -0.0405 -0.0337
vn -0.5826 -0.6985 0.4156
vn 0.9540 -0.0963 0.2841
vn 0.5953 0.6465 -0.4772
vn 0.0203 0.3452 -0.9383
vn -0.8821 0.4695 0.0387
vn -0.9736 0.1269 0.1898
vn -0.8994 0.4031 0.1690
vn 0.9367 0.3294 -0.1187
vn 0.7424 -0.6440 0.1848
vn -0.3564 0.1930 -0.9142
vn -0.1398 0.4599 -0.8769
vn 0.2321 -0.9654 0.1192
vn -0.2284 0.9039 0.3617
vn -0.5569 -0.2978 -0.7753
vn -0.4328 0.5222 0.7348
vn -0.9851 0.1398 0.0998
vn -0.1830 -0.5757 -0.7969
vn 0.9457 -0.3208 -0.0524
vn -0.9557 -0.2940 0.0161
vn -0.9694 -0.1967 0.1471
vn -0.1741 -0.2123 -0.9616
vn -0.8668 0.3863 0.3153
vn 0.8398 0.1954 0.5064
vn -0.7028 -0.3986 -0.5892
vn 0.8640 -0.4649 0.1932
vn 0.8744 -0.2039 0.4403
vn -0.5891 0.4865 0.6452
vn -0.7581 0.5828 0.2925
vn 0.9876 0.1531 -0.0344
vn -0.3211 0.7837 0.5318
vn 0.6405 0.3362 0.6904
vn -0.8557 0.5144 0.0567
vn -0.4303 0.7905 0.4358
vn -0.8674 0.1659 0.4692
vn -0.3561 0.9113 0.2068
vn -0.1923 0.1580 0.9685
vn 0.9773 -0.0464 0.2067
vn 0.9414 -0.1694 -0.2917
vn 0.8342 0.2874 0.4706
vn -0.1197 0.0501 -0.9915
vn 0.9772 -0.2094 0.0346
vn -0.7107 0.4416 -0.5476
vn 0.6377 0.6900 0.3424
vn -0.4416 0.8804 0.1726
vn 0.6534 -0.7053 0.2749
vn -0.5795 -0.7816 -0.2310
vn 0.7388 0.3415 0.5810
vn -0.6590 0.1100 0.7441
vn -0.8208 0.4628 0.3348
vn -0.3365 0.8702 -0.3599
vn -0.3322 0.9134 -0.2352
vn -0.1480 -0.2823 -0.9478
vn -0.8950 0.3014 -0.3288
vn -0.7017 0.5924 -0.3958
vn 0.2794 0.9291 0.2423
vn 0.1951 0.7619 0.6176
vn 0.9109 -0.2474 0.3301
vn -0.7126 0.6552 -0.2507
vn 0.1026 0.9941 0.0358
vn -0.9113 -0.0132 -0.4116
vn 0.6686 -0.5565 0.4932
vn 0.9998 0.0092 0.0162
vn 0.2770 -0.9198 -0.2779
vn 0.0737 0.9635 0.2574
vn 0.2045 0.6509 0.7311
vn 0.6124 0.7152 0.3368
vn -0.3161 0.8700 -0.3784
vn -0.7319 -0.6057 0.3121
vn 0.9811 -0.1596 0.1091
vn 0.4562 -0.8827 -0.1128
vn 0.8202 0.1413 0.5544
vn 0.9006 -0.4340 -0.0236
vn -0.0502 -0.9972 0.0555
vn -0.3290 -0.0397 -0.9435
vn -0.3678 0.0216 -0.9297
vn 0.4825 0.2348 0.8438
vn -0.6322 -0.3817 0.6743
vn 0.2843 0.7488 0.5987
vn 0.2994 0.7903 0.5346
vn 0.0474 0.5123 -0.8575
vn 0.7373 -0.6755 -0.0129
vn -0.6319 -0.3208 -0.7056
vn 0.8833 0.2943 0.3649
vn 0.6651 -0.5938 0.4528
vn 0.6962 -0.7178 -0.0100
vn 0.8493 -0.3148 -0.4238
vn -0.3326 0.6496 0.6837
vn 0.5205 -0.8531 0.0375
vn 0.6103 -0.3932 0.6877
vn -0.0697 0.9774 0.1995
vn -0.2151 -0.2783 -0.9361
vn 0.6862 -0.7145 -0.1368
vn -0.3887 -0.0004 0.9214
vn 0.8645 -0.3497 0.3610
vn -0.1943 0.9583 0.2096
vn -0.3874 0.7395 -0.5505
vn 0.1370 0.8430 0.5202
vn 0.3559 -0.2885 0.8889
vn 0.4793 -0.0509 -0.8762
vn 0.1657 -0.8435 -0.5109
vn -0.2942 0.9263 0.2355
vn -0.7397 0.2141 -0.6380
vn 0.3099 0.4531 0.8359
vn 0.5731 0.1071 -0.8125
vn 0.7432 0.4141 0.5255
vn 0.3400 0.9390 0.0506
vn 0.5122 -0.8435 0.1618
vn -0.3374 -0.6116 -0.7156
vn -0.9277 0.3732 0.0084
vn -0.9244 0.3335 -0.1850
vn 0.3123 -0.6229 -0.7172
vn -0.0440 0.9279 0.3703
vn 0.2748 0.2497 0.9285
vn -0.5159 -0.2036 0.8321
vn -0.3212 0.7075 -0.6295
vn 0.0287 0.9964 0.0803
vn 0.2126 0.9640 0.1597
vn 0.6190 0.4332 -0.6551
vn -0.4651 -0.5856 0.6639
vn 0.3533 -0.1172 -0.9281
vn 0.4271 0.0806 -0.9006
vn -0.4009 -0.1212 -0.9081
vn 0.8618 -0.4004 0.3116
vn -0.6652 -0.3286 -0.6704
vn 0.2150 -0.7263 0.6529
vn 0.1445 -0.8899 0.4326
vn 0.6327 -0.3366 0.6974
vn 0.8247 0.0005 -0.5656
vn 0.9931 0.0958 -0.0682
vn 0.9951 -0.0980 0.0142
vn 0.4618 -0.7622 -0.4537
vn -0.0043 -0.9997 -0.0227
vn -0.7133 -0.1672 -0.6806
vn 0.4962 0.8161 0.2963
vn 0.8080 0.5391 0.2377
vn 0.2626 -0.6665 -0.6977
vn 0.6560 0.0726 0.7513
vn -0.0032 0.8001 -0.5998
vn 0.5507 -0.7435 -0.3794
vn -0.9289 0.3674 0.0467
vn 0.8912 0.0994 0.4425
vn 0.6006 0.6822 0.4170
vn 0.3656 -0.6362 -0.6794
vn 0.2137 0.9480 0.2360
vn 0.8878 0.1463 0.4364
vn -0.7196 0.3049 -0.6238
vn 0.7288 0.2642 0.6318
vn -0.2981 0.2945 0.9080
vn 0.9542 0.0249 0.2983
vn 0.6206 0.4425 0.6474
vn -0.6080 0.6814 0.4074
vn 0.6328 0.6634 0.3993
vn 0.0490 -0.8606 -0.5069
vn -0.2480 0.8974 -0.3649
vn 0.9105 -0.1069 0.3995
vn 0.2246 -0.1232 0.9666
vn -0.3039 0.2040 0.9306
vn -0.1765 0.3658 0.9138
vn 0.1137 0.9076 0.4042
vn 0.3228 -0.7095 -0.6264
vn -0.0227 -0.4305 -0.9023
vn 0.2259 -0.5866 -0.7778
vn 0.6488 -0.6667 0.3669
vn -0.8373 -0.2170 -0.5018
vn 0.1722 -0.9149 -0.3650
vn 0.2991 -0.9261 -0.2300
vn 0.3283 0.5308 -0.7813
vn 0.8098 -0.3976 0.4315
vn -0.4996 -0.4664 -0.7300
vn -0.6264 0.5951 0.5035
vn -0.8956 -0.1214 -0.4280
vn -0.8531 0.3077 0.4213
vn 0.5654 0.2423 -0.7884
vn -0.0561 -0.7650 -0.6416
vn 0.2425 0.7954 -0.5555
vn -0.1446 0.6251 0.7670
vn -0.2885 0.9253 0.2463
vn -0.1374 -0.1485 -0.9793
vn -0.3760 0.2277 0.8982
vn 0.0089 0.9909 0.1343
vn -0.3813 0.6916 0.6134
vn -0.5192 0.7510 0.4081
vn 0.1494 0.9612 0.2320
vn 0.4034 -0.4806 -0.7787
vn 0.7549 -0.5801 0.3060
vn 0.6113 0.2089 -0.7633
vn 0.7193 -0.5947 -0.3592
vn 0.5985 -0.7625 -0.2459
vn 0.4941 -0.6722 0.5513
vn -0.2600 -0.4711 0.8429
vn -0.6392 0.5862 0.4977
vn 0.4477 0.8203 0.3559
vn -0.1019 -0.8181 -0.5660
vn -0.1560 -0.7208 -0.6754
vn -0.1575 -0.7347 -0.6599
vn 0.8682 -0.4944 -0.0424
vn 0.5644 -0.5459 0.6192
vn 0.6194 -0.6253 -0.4746
vn -0.9120 0.3494 0.2147
vn -0.8485 0.5291 0.0077
vn -0.8794 0.4638 -0.1077
vn 0.5479 -0.7619 0.3455
vn -0.0189 -0.7513 -0.6597
vn 0.8497 -0.4832 0.2109
vn 0.3602 -0.6133 -0.7029
vn 0.0087 0.8648 0.5021
vn 0.5741 -0.7921 -0.2075
vn 0.7452 -0.1893 0.6394
vn -0.5612 0.7139 0.4188
vn -0.7763 0.5744 -0.2596
vn -0.8046 0.5821 0.1173
vn -0.7204 0.1779 -0.6703
vn 0.6681 -0.1074 -0.7363
vn 0.4744 -0.7235 -0.5014
vn -0.2575 0.8262 0.5010
vn 0.5944 0.5841 0.5527
vn 0.0315 0.8305 0.5561
vn 0.4730 0.8085 -0.3501
vn 0.5382 -0.2042 0.8177
vn 0.0483 0.9530 0.2991
vn 0.8103 0.0300 -0.5852
vn 0.3929 -0.2279 -0.8909
vn -0.0899 -0.8527 0.5145
vn -0.6829 -0.3670 -0.6316
vn -0.9192 -0.0336 -0.3923
vn -0.7758 0.0373 0.6299
vn 0.1913 0.8951 -0.4029
vn -0.2587 -0.3244 -0.9099
vn -0.0943 -0.2759 0.9565
vn -0.0392 -0.7301 -0.6822
vn 0.6988 -0.2233 -0.6796
vn -0.6937 0.6258 -0.3566
vn 0.6540 -0.0007 -0.7565
vn -0.4091 0.3319 -0.8500
vn -0.0067 0.7245 0.6893
vn -0.2284 0.9736 0.0018
vn -0.6381 0.5996 0.4829
vn -0.7951 0.4087 0.4481
vn 0.8685 0.1274 0.4791
vn -0.1203 0.0426 0.9918
vn 0.8857 -0.4620 0.0461
vn -0.5094 0.6518 0.5618
vn 0.5954 -0.7162 -0.3640
vn 0.5436 0.1900 0.8175
vn -0.5525 0.2202 -0.8039
vn -0.5467 0.1564 -0.8226
vn -0.2101 -0.2746 -0.9383
vn -0.3869 -0.5487 -0.7411
vn -0.0727 0.6914 0.7188
vn -0.9964 0.0434 0.0728
vn 0.0698 0.4300 0.9001
vn 0.6443 0.5412 0.5404
vn -0.0001 0.8440 0.5364
vn 0.5751 0.6890 0.4411
vn -0.0583 -0.7319 0.6789
vn -0.8858 0.1940 -0.4216
vn 0.5833 -0.5669 -0.5817
vn 0.9701 0.0832 0.2281
vn 0.7285 -0.3129 0.6094
vn -0.1628 -0.0478 0.9855
vn -0.2002 -0.5591 -0.8046
vn 0.7708 -0.3123 -0.5553
vn -0.2006 -0.8749 0.4409
vn 0.2761 -0.8459 -0.4563
vn 0.7860 -0.5615 0.2587
vn -0.0511 0.0082 -0.9987
vn 0.5347 -0.8136 -0.2283
vn 0.7249 -0.4211 -0.5451
vn 0.0960 0.7776 -0.6213
vn 0.5417 0.6801 -0.4940
vn 0.0843 0.2482 0.9650
vn -0.0334 0.4521 0.8913
vn 0.6331 0.1480 -0.7598
vn 0.5370 -0.1145 -0.8358
vn -0.9378 0.2713 -0.2167
vn 0.7522 0.1023 -0.6509
vn 0.4145 0.0370 -0.9093
vn 0.0005 -0.5888 -0.8083
vn 0.2871 -0.9467 -0.1461
vn -0.0008 -1.0000 -0.0020
vn 0.1959 0.7034 0.6833
vn 0.1015 0.7101 0.6968
vn 0.8843 -0.4177 -0.2086
vn -0.1587 0.6832 0.7128
vn 0.9180 -0.1622 -0.3618
vn 0.8168 -0.2333 -0.5276
vn 0.6214 0.5161 -0.5895
vn 0.3543 0.9346 -0.0304
vn -0.9105 0.3567 0.2092
vn 0.8276 -0.0343 -0.5602
vn 0.8958 -0.4043 0.1846
vn 0.2892 0.6901 0.6634
vn 0.1676 -0.6237 0.7635
vn -0.3661 0.8154 0.4485
vn -0.8448 0.1544 0.5123
vn 0.8805 0.4663 -0.0849
vn 0.1304 -0.6181 -0.7752
vn -0.4357 -0.1947 -0.8788
vn 0.9654 -0.0417 -0.2573
vn 0.0799 0.9883 0.1301
vn 0.3870 0.2277 0.8935
vn -0.5390 0.3342 -0.7732
vn 0.3965 0.7662 0.5057
vn 0.7050 0.5958 0.3847
vn -0.7368 0.1670 -0.6552
vn -0.6764 -0.3641 0.6402
vn 0.1975 -0.8542 0.4809
vn 0.9051 -0.1610 0.3936
vn -0.0534 0.9861 0.1576
vn -0.2774 0.1706 -0.9455
vn 0.4831 -0.1574 -0.8613
vn 0.6233 0.5405 0.5651
vn 0.8487 -0.5125 0.1306
vn 0.9969 -0.0012 0.0783
vn 0.1440 -0.4496 0.8816
vn 0.9976 0.0604 -0.0345
vn 0.9992 0.0286 -0.0289
vn -0.7528 0.4501 0.4803
vn -0.9334 0.1433 0.3290
vn -0.9258 0.1344 0.3532
vn 0.1368 0.3294 -0.9342
vn -0.4737 0.1762 0.8629
vn -0.4540 0.6463 0.6133
vn -0.5356 0.7202 -0.4410
vn -0.5440 0.7887 -0.2864
vn 0.7819 -0.5864 -0.2117
vn -0.5384 0.4615 -0.7051
vn -0.7571 0.3864 0.5267
vn -0.9477 0.0335 0.3173
vn 0.2135 -0.0066 0.9769
vn 0.4348 0.8848 0.1675
vn 0.1997 0.5946 0.7788
vn 0.7106 -0.6734 0.2040
vn 0.8164 -0.1240 -0.5640
vn 0.8224 0.3636 0.4375
vn 0.2551 -0.7450 0.6164
vn -0.6187 -0.3009 0.7257
vn 0.7238 0.3238 -0.6093
vn 0.5038 -0.7086 -0.4940
vn 0.4390 0.0939 -0.8936
vn -0.0303 -0.0224 0.9993
vn 0.8055 -0.5920 -0.0263
vn 0.8279 -0.1173 -0.5485
vn -0.0375 -0.9990 -0.0239
vn -0.7317 0.0819 -0.6766
vn 0.7291 0.2495 0.6372
vn 0.9437 -0.0963 0.3164
vn 0.2478 -0.5152 -0.8205
vn 0.6871 -0.4177 -0.5945
vn 0.5728 -0.0337 -0.8190
vn 0.7097 0.5130 -0.4828
vn 0.0714 0.8884 0.4535
vn 0.4164 -0.5680 -0.7099
vn 0.5312 -0.4337 -0.7278
vn 0.2520 0.8687 0.4264
vn 0.5731 -0.4642 -0.6753
vn -0.2857 0.1421 -0.9477
vn 0.4341 0.8411 0.3227
vn 0.2942 0.9193 -0.2615
vn 0.1730 -0.6393 -0.7493
vn 0.4539 0.5017 0.7364
vn 0.1352 0.5940 0.7930
vn 0.2035 0.9769 -0.0649
vn 0.7791 0.4642 0.4214
vn -0.8430 0.1841 0.5055
vn -0.1003 0.7912 0.6033
vn -0.9913 -0.1212 -0.0508
vn -0.1324 0.1615 -0.9779
vn -0.4089 -0.6359 0.6546
vn 0.6481 -0.6120 -0.4532
vn -0.0661 0.1692 -0.9834
vn -0.3733 -0.9235 0.0881
vn 0.6629 0.5806 0.4728
vn 0.9550 -0.1640 0.2469
vn -0.8352 -0.4236 0.3507
vn -0.8106 -0.0148 -0.5855
vn 0.9104 0.1703 0.3770
vn -0.2333 0.2127 0.9489
vn 0.5793 0.5565 0.5956
vn -0.6639 0.2756 -0.6951
vn -0.7228 -0.0230 -0.6907
vn 0.1335 -0.9657 -0.2226
vn -0.1705 0.7970 0.5795
vn 0.5348 0.7792 0.3270
vn 0.3217 -0.2847 0.9030
vn 0.2227 -0.9699 0.0983
vn 0.9132 -0.2659 -0.3088
vn -0.6631 0.6790 -0.3150
vn 0.3903 0.2857 0.8752
vn 0.3504 0.7817 0.5160
vn 0.8153 0.1843 -0.5489
vn -0.6124 0.4586 0.6440
vn -0.3913 0.5774 0.7166
vn -0.5559 0.0588 -0.8292
vn 0.2616 0.7952 0.5471
vn 0.1370 0.0535 0.9891
vn 0.9523 -0.2153 0.2162
vn 0.6660 -0.1855 0.7225
vn 0.6789 -0.1723 0.7137
vn 0.5404 -0.3332 0.7726
vn 0.5372 0.7945 -0.2830
vn -0.9178 0.0761 0.3896
vn -0.8183 -0.2363 -0.5240
vn -0.7982 -0.2360 -0.5542
vn -0.6667 -0.5767 -0.4721
vn -0.6698 -0.0732 -0.7389
vn 0.7075 -0.1257 -0.6954
vn 0.1067 0.9453 0.3083
vn 0.9645 -0.2632 0.0210
vn 0.9469 0.1459 0.2865
vn -0.5441 0.7611 -0.3531
vn 0.6133 -0.1065 0.7826
vn -0.6187 -0.0083 -0.7856
vn 0.9804 0.0835 0.1787
vn 0.7039 -0.5278 -0.4755
vn -0.6412 0.5671 -0.5170
vn -0.3689 -0.0706 -0.9268
vn 0.7444 0.5888 0.3151
vn 0.7291 0.6595 -0.1830
vn 0.7571 -0.2897 -0.5856
vn 0.3200 -0.9348 0.1539
vn 0.8405 0.4944 0.2218
vn -0.0058 -0.9927 -0.1202
vn 0.4387 -0.7606 0.4786
vn -0.3215 0.9288 0.1841
vn 0.5044 0.0923 -0.8585
vn -0.0857 0.1838 0.9792
vn 0.9047 -0.2447 -0.3488
vn 0.8650 0.3761 0.3322
vn 0.9018 -0.4301 -0.0413
vn 0.8939 -0.4340 -0.1124
vn 0.6318 0.7627 0.1380
vn 0.6196 -0.7404 0.2604
vn 0.7958 -0.3772 -0.4738
vn 0.6659 0.2487 -0.7033
vn -0.1995 0.9012 -0.3847
vn -0.1548 0.8851 0.4389
vn -0.2382 0.1394 -0.9612
vn 0.9437 -0.2951 -0.1497
vn 0.2937 -0.9517 0.0892
vn 0.4853 0.5863 0.6486
vn 0.7942 -0.4566 -0.4010
vn 0.5016 0.7880 0.3569
vn 0.5534 -0.3078 0.7740
vn 0.8845 -0.4436 0.1444
vn 0.7330 -0.6801 -0.0110
vn 0.7128 0.6983 0.0656
vn -0.4029 -0.1312 -0.9058
vn 0.9644 0.0216 -0.2636
vn -0.8180 -0.4983 -0.2874
vn 0.7625 0.5494 0.3418
vn 0.9556 -0.1517 -0.2527
vn 0.8158 0.1375 0.5618
vn 0.4799 0.8366 0.2644
vn 0.6478 0.2583 0.7167
vn 0.5201 -0.5087 0.6861
vn 0.9299 0.2943 0.2208
vn 0.9382 0.1430 0.3150
vn 0.9686 0.1051 0.2253
vn 0.9702 0.1464 0.1932
vn 0.8681 -0.4872 0.0951
vn 0.9199 0.2920 0.2620
vn 0.7631 0.0403 -0.6450
vn 0.8682 -0.0820 -0.4894
vn 0.5679 0.4989 0.6546
vn 0.9768 -0.0862 0.1961
vn 0.8617 0.4828 -0.1561
vn 0.8291 -0.5559 0.0602
vn 0.0625 -0.3178 0.9461
vn 0.9823 -0.1399 -0.1243
vn -0.6389 0.3696 0.6746
vn 0.8673 0.4908 0.0828
vn -0.2380 0.7254 -0.6459
vn 0.6402 0.7228 0.2601
vn 0.9450 -0.1911 0.2656
vn 0.6817 -0.6072 0.4082
vn -0.0174 -0.2386 0.9710
vn 0.0529 -0.3486 0.9358
vn 0.0540 -0.3488 0.9356
vn 0.0424 -0.3115 -0.9493
vn -0.1968 -0.1130 -0.9739
vn -0.5259 0.3173 -0.7892
vn 0.2097 0.4305 -0.8779
vn 0.8778 0.0596 -0.4753
vn 0.6732 -0.3484 0.6523
vn 0.9087 0.3694 0.1943
vn 0.3340 0.5836 -0.7402
vn 0.8846 -0.4262 -0.1893
vn 0.8596 0.3577 -0.3649
vn 0.9987 0.0222 -0.0463
vn -0.3269 -0.8168 -0.4754
vn -0.4310 0.5983 -0.6755
vn 0.5869 -0.4067 -0.7001
vn 0.9063 -0.1035 -0.4097
vn -0.8467 -0.1764 -0.5019
vn 0.4982 0.0323 0.8665
vn 0.3636 0.1458 0.9201
vn 0.9492 0.2656 0.1688
vn -0.3613 0.2769 -0.8904
vn 0.9924 -0.1231 -0.0032
vn 0.9475 0.1908 -0.2565
vn -0.4180 0.6623 0.6218
vn -0.1365 0.3733 0.9176
vn 0.2103 -0.3776 0.9018
vn 0.2693 -0.6460 0.7143
vn 0.3409 -0.5126 0.7880
vn 0.9161 0.3936 0.0758
vn 0.9253 -0.1927 -0.3267
vn 0.9887 -0.1418 -0.0483
vn 0.6616 0.7481 -0.0521
vn 0.4759 0.5801 0.6610
vn 0.9586 0.1907 -0.2114
vn 0.8522 -0.4427 0.2789
vn 0.8317 0.5465 -0.0980
vn -0.5033 0.8634 0.0340
vn -0.5511 0.8068 -0.2130
vn 0.4201 -0.0442 0.9064
vn -0.3868 0.3708 0.8443
vn 0.6474 0.1976 0.7361
vn 0.7200 0.4283 0.5461
vn 0.4020 -0.6603 -0.6343
vn 0.5866 -0.3486 0.7310
vn 0.0213 0.8739 0.4857
vn 0.8786 -0.2296 -0.4188
vn -0.2713 -0.2136 -0.9385
vn 0.3957 -0.9059 -0.1510
vn -0.7580 0.2988 0.5798
vn -0.7629 0.2522 0.5953
vn 0.7419 -0.5907 -0.3173
vn 0.7455 -0.2708 0.6090
vn 0.5373 -0.3471 0.7687
vn -0.5900 0.5649 0.5769
vn -0.9466 -0.1788 -0.2683
vn 0.5714 -0.3935 0.7202
vn -0.5494 0.8141 -0.1880
vn -0.1575 0.9865 0.0447
vn -0.4705 0.1793 -0.8640
vn -0.8671 0.3178 -0.3835
vn 0.9052 -0.0205 -0.4246
vn -0.7160 0.5699 0.4032
vn 0.5756 0.8043 0.1479
vn 0.8472 0.4894 0.2067
vn 0.8966 0.0840 0.4349
vn 0.0354 0.2683 0.9627
vn 0.0649 0.1719 -0.9830
vn -0.1705 -0.5342 -0.8280
vn 0.8667 0.2456 0.4341
vn 0.9276 0.1778 -0.3286
vn -0.0908 0.8850 0.4566
vn 0.8635 -0.3945 0.3142
vn 0.9466 0.2450 -0.2097
vn -0.2996 0.9527 0.0519
vn 0.0357 0.2682 0.9627
vn 0.5028 -0.1693 0.8476
vn -0.6989 0.6148 -0.3654
vn -0.2783 -0.8531 -0.4414
vn 0.9274 -0.2561 0.2725
vn 0.7306 0.4816 0.4841
vn 0.5879 0.8081 -0.0379
vn 0.9618 0.0222 -0.2729
vn -0.1555 -0.9454 -0.2864
vn 0.3423 0.6561 -0.6726
vn -0.0722 0.4959 -0.8654
vn 0.6379 -0.0973 0.7640
vn 0.9560 -0.2870 -0.0612
vn 0.7104 -0.3148 0.6295
vn 0.9523 -0.1884 -0.2402
vn 0.1074 -0.9894 0.0975
vn -0.8009 -0.1302 -0.5845
vn 0.9565 0.2915 -0.0095
vn 0.9823 -0.1467 -0.1167
vn 0.0929 -0.4699 0.8778
vn 0.2446 0.0180 0.9695
vn 0.5662 0.6818 -0.4632
vn 0.5065 0.6409 -0.5768
vn 0.9068 0.4203 -0.0319
vn -0.5894 0.4223 0.6887
vn -0.3662 0.4759 0.7996
vn 0.6161 0.7755 0.1376
vn 0.4512 0.8631 -0.2270
vn -0.2630 0.4124 -0.8722
vn 0.8077 0.3314 0.4876
vn -0.0541 -0.5574 0.8285
vn -0.1262 0.5307 -0.8381
vn -0.5287 -0.4898 0.6932
vn 0.4549 0.3495 -0.8191
vn 0.9811 0.1135 0.1568
vn -0.6920 0.7209 0.0379
vn -0.8211 -0.5681 0.0552
vn -0.4402 0.1439 0.8863
vn -0.0314 -0.5813 0.8131
vn 0.4870 0.7559 0.4376
vn 0.9970 -0.0676 -0.0369
vn 0.2337 -0.3355 -0.9126
vn -0.6712 0.0275 -0.7408
vn -0.6288 -0.4850 -0.6078
vn -0.4740 -0.3989 -0.7850
vn -0.2936 0.6361 -0.7135
vn -0.2981 0.7036 -0.6450
vn 0.0549 0.8339 -0.5492
vn -0.0766 0.5500 -0.8317
vn 0.2130 -0.2974 0.9307
vn -0.1655 0.9431 0.2884
vn 0.7891 -0.3951 0.4704
vn 0.5475 0.5862 0.5971
vn 0.9700 0.2372 0.0530
vn 0.9573 0.2020 0.2066
vn 0.8478 0.4406 0.2952
vn 0.7376 0.1793 0.6510
vn 0.0620 0.6857 0.7253
vn 0.8164 0.2576 0.5168
vn -0.0035 0.5376 -0.8432
vn -0.5131 0.3241 -0.7948
vn 0.4743 -0.0065 0.8804
vn 0.9804 -0.1106 -0.1628
vn 0.3460 -0.2542 0.9031
vn 0.9888 0.1410 -0.0496
vn 0.2367 -0.0488 -0.9704
vn 0.8242 -0.5580 -0.0962
vn 0.1676 -0.8394 0.5170
vn -0.5627 0.3236 -0.7607
vn -0.8415 0.0724 -0.5354
vn -0.9434 0.0006 -0.3316
vn -0.1133 -0.9928 0.0389
vn -0.5342 -0.6500 -0.5405
vn 0.7298 0.0399 0.6825
vn 0.0104 -0.7134 -0.7007
vn 0.7582 0.0958 0.6449
vn 0.6961 -0.1629 0.6992
vn 0.4160 -0.6775 0.6066
vn 0.1886 -0.8022 0.5665
vn -0.5276 0.2855 -0.8001
vn 0.4322 0.2325 0.8713
vn 0.6850 -0.7274 0.0415
vn -0.4263 0.8689 -0.2514
vn -0.0716 -0.5750 0.8150
vn 0.0883 -0.3751 0.9228
vn 0.0145 0.5369 -0.8435
vn 0.7763 -0.0319 0.6296
vn 0.1216 -0.7169 0.6865
vn 0.4221 -0.2496 0.8715
vn 0.0646 -0.3970 -0.9155
vn -0.5676 0.8222 -0.0421
vn 0.7691 0.0577 0.6365
vn -0.1815 -0.2971 -0.9374
vn -0.2127 -0.9600 -0.1823
vn 0.4342 0.1980 0.8788
vn 0.5793 -0.7095 -0.4013
vn -0.5149 0.1881 -0.8364
vn 0.1002 -0.7672 0.6335
vn -0.5819 -0.4455 -0.6804
vn -0.1527 0.5480 -0.8224
vn -0.3167 0.7893 0.5260
vn -0.4931 -0.3287 -0.8055
vn 0.3223 0.4598 -0.8275
vn -0.4684 0.2952 -0.8328
vn 0.0837 -0.5624 0.8226
vn -0.5875 -0.4857 -0.6473
vn -0.4869 0.7457 -0.4549
vn -0.4350 0.1036 -0.8944
vn -0.4664 0.3870 -0.7954
vn -0.6236 -0.1390 -0.7693
vn 0.5051 0.2067 0.8379
vn -0.2378 0.6351 -0.7349
vn -0.6359 0.2975 -0.7121
vn -0.9774 0.0394 -0.2075
vn 0.4108 0.5039 -0.7598
vn 0.7419 -0.1064 0.6620
vn 0.3852 -0.8296 0.4042
vn -0.8346 -0.4538 0.3124
vn -0.6174 -0.0696 -0.7835
vn 0.1246 -0.5795 0.8054
vn -0.0720 0.4103 0.9091
vn -0.4313 -0.8825 -0.1874
vn -0.0888 -0.5764 0.8123
vn -0.3223 -0.6525 0.6858
vn -0.2862 0.4685 -0.8358
vn -0.9456 -0.3236 0.0328
vn -0.8238 0.1079 -0.5565
vn -0.3725 0.1957 -0.9071
vn 0.3610 -0.0706 0.9299
vn -0.4531 0.7099 -0.5392
vn -0.8837 -0.4099 -0.2259
vn -0.4415 0.1483 -0.8849
vn -0.4859 0.3140 -0.8157
vn 0.2088 -0.5108 0.8339
vn 0.8560 -0.1391 0.4979
vn 0.2908 0.1410 0.9463
vn -0.2676 -0.8412 0.4699
vn 0.9028 0.0497 0.4272
vn 0.0827 0.4899 -0.8679
vn -0.1702 -0.3831 -0.9079
vn -0.3910 0.3721 -0.8418
vn -0.3877 0.1725 -0.9055
vn -0.5778 -0.8134 0.0672
vn 0.5078 -0.3981 0.7640
vn 0.0976 -0.0092 -0.9952
vn 0.3525 -0.1455 0.9244
vn -0.2183 -0.1670 -0.9615
vn 0.3746 -0.5222 0.7661
vn -0.0302 -0.9904 0.1349
vn 0.7748 -0.2650 0.5739
vn -0.2983 -0.3787 -0.8761
vn 0.9269 0.1648 -0.3373
vn 0.3620 -0.3462 -0.8655
vn -0.3778 0.8120 0.4449
vn 0.5809 -0.4780 0.6589
vn 0.9310 -0.1710 0.3224
vn 0.6501 -0.2980 -0.6990
vn 0.6891 0.0584 -0.7223
vn 0.2312 -0.9225 0.3090
vn 0.7545 -0.5961 0.2745
vn -0.0221 -0.1303 -0.9912
vn 0.6079 -0.5934 0.5277
vn -0.3840 -0.3143 -0.8682
vn 0.9295 -0.0815 0.3597
vn 0.9305 -0.2890 -0.2250
vn 0.9962 -0.0710 -0.0503
vn 0.4760 -0.5073 0.7184
vn 0.7072 -0.4026 -0.5812
vn 0.6140 -0.6724 -0.4134
vn -0.5882 -0.1584 -0.7931
vn 0.1976 -0.6960 0.6903
vn -0.4012 0.7183 -0.5685
vn -0.2134 -0.1872 -0.9589
vn 0.4784 -0.4444 0.7573
vn 0.4990 -0.2189 0.8385
vn 0.4231 -0.2852 0.8600
vn -0.3707 0.1353 -0.9188
vn 0.2693 -0.4147 -0.8692
vn -0.0244 0.8100 0.5859
vn 0.4675 -0.1661 0.8682
vn 0.6336 -0.7700 0.0745
vn 0.8811 -0.4639 -0.0922
vn -0.3672 0.6633 -0.6521
vn 0.3197 0.2508 0.9137
vn 0.4675 -0.1051 0.8777
vn 0.5080 -0.3282 0.7964
vn -0.0881 0.0463 -0.9950
vn -0.4930 0.6887 -0.5317
vn -0.3926 0.9184 0.0491
vn -0.3940 0.2390 -0.8875
vn -0.2174 0.1179 -0.9689
vn -0.4631 -0.0328 -0.8857
vn 0.6308 -0.6928 0.3495
vn 0.2306 0.8918 -0.3892
vn 0.6303 0.1305 0.7653
vn -0.2791 0.6771 -0.6809
vn 0.2873 0.2767 0.9170
vn -0.4280 0.3552 -0.8310
vn 0.3859 -0.7911 0.4745
vn 0.5176 -0.5331 0.6693
vn -0.1150 0.2774 0.9538
vn 0.4035 -0.3956 0.8250
vn 0.5829 -0.5584 0.5903
vn -0.3006 0.4038 -0.8641
vn -0.3388 -0.2569 -0.9051
vn -0.5264 -0.2342 -0.8174
vn 0.5932 -0.6502 -0.4747
vn 0.4349 0.0937 0.8956
vn 0.5064 -0.7877 0.3508
vn -0.3352 0.5965 -0.7293
vn -0.2737 -0.2485 -0.9292
vn 0.4796 -0.1221 0.8690
vn -0.0829 -0.8954 0.4374
vn 0.1941 -0.6160 0.7635
vn 0.6671 0.1287 0.7338
vn 0.5779 -0.0035 0.8161
vn 0.9307 -0.2598 0.2575
vn 0.6796 -0.4287 0.5953
vn -0.3820 -0.3393 -0.8597
vn -0.3695 -0.1948 -0.9086
vn 0.4660 0.3703 0.8035
vn -0.4378 0.8990 0.0058
vn -0.2140 0.8633 0.4570
vn 0.4897 -0.1041 0.8656
vn 0.5797 -0.2833 0.7640
vn 0.5152 -0.4583 0.7243
vn 0.4725 -0.4977 0.7274
vn 0.2187 0.1174 -0.9687
vn 0.3604 0.5581 -0.7474
vn -0.4154 -0.6607 -0.6252
vn 0.4914 -0.0386 0.8701
vn 0.0945 0.0042 -0.9955
vn 0.4984 -0.1842 0.8471
vn 0.2845 -0.8925 0.3499
vn 0.1216 0.4482 0.8857
vn 0.4326 -0.6957 0.5735
vn -0.0494 -0.4459 -0.8937
vn 0.5917 -0.5836 0.5561
vn 0.0036 -0.2567 -0.9665
vn 0.2803 -0.9179 -0.2807
vn 0.5516 -0.1367 0.8229
vn -0.2630 -0.0607 -0.9629
vn 0.1064 -0.7656 -0.6344
vn 0.3095 0.2779 -0.9094
vn 0.0574 -0.9095 0.4116
vn 0.5396 -0.7980 0.2683
vn 0.5545 0.2168 0.8034
vn 0.6262 -0.5531 -0.5495
vn 0.4903 0.3600 -0.7937
vn -0.2308 -0.1151 -0.9662
vn 0.5968 0.3155 0.7378
vn 0.8404 -0.1853 0.5093
vn 0.5578 0.7195 -0.4136
vn -0.5143 0.5478 -0.6599
vn 0.2693 -0.8940 -0.3582
vn 0.5025 0.2458 0.8289
vn 0.2810 0.1788 -0.9429
vn 0.4117 -0.6818 0.6047
vn 0.1332 0.6779 -0.7230
vn 0.4259 -0.1891 0.8848
vn 0.8446 0.3201 -0.4292
vn 0.9342 0.1362 -0.3297
vn 0.8553 0.3340 0.3961
vn 0.7731 0.2486 0.5835
vn -0.0097 0.6780 -0.7350
vn 0.7630 0.5427 0.3512
vn 0.5072 -0.2896 -0.8117
vn -0.3152 0.2603 -0.9126
vn 0.4748 0.3684 0.7993
vn 0.2950 -0.8894 -0.3491
vn 0.3172 -0.2160 0.9234
vn 0.5240 -0.5626 0.6394
vn 0.1136 -0.6429 -0.7575
vn 0.1470 -0.3834 -0.9118
vn 0.3031 -0.5050 0.8081
vn -0.3876 -0.0973 -0.9167
vn 0.4284 0.8796 -0.2068
vn -0.1908 -0.9816 0.0097
vn 0.7844 -0.4063 -0.4687
vn -0.1541 -0.7721 -0.6166
vn 0.4503 0.8887 -0.0862
vn -0.3505 0.8418 0.4106
vn 0.5703 0.2198 0.7915
vn 0.4505 -0.7281 0.5166
vn -0.5331 0.4225 -0.7330
vn 0.8176 -0.5183 -0.2508
vn 0.2656 -0.4730 -0.8401
vn -0.2088 -0.4480 -0.8693
vn 0.4331 0.2698 0.8600
vn 0.1741 -0.9451 -0.2766
vn -0.3041 0.6138 -0.7286
vn 0.9466 0.2498 0.2038
vn 0.0900 -0.9487 0.3031
vn 0.4437 0.2190 0.8690
vn 0.5161 -0.8461 0.1331
vn 0.8030 0.0450 -0.5943
vn 0.8126 0.2323 0.5346
vn 0.4656 -0.7396 0.4860
vn 0.3996 -0.9071 -0.1325
vn -0.0577 0.9568 -0.2851
vn 0.3266 0.2039 0.9229
vn 0.6982 -0.5440 -0.4653
vn 0.0728 0.9719 0.2239
vn 0.9809 -0.1428 0.1322
vn 0.6721 -0.2714 0.6890
vn 0.6498 -0.7498 -0.1245
vn -0.0189 0.6096 -0.7925
vn 0.2802 0.8064 0.5208
vn 0.3893 0.6029 0.6964
vn 0.9753 -0.0456 0.2160
vn 0.0816 -0.9846 -0.1549
vn 0.5944 -0.3458 -0.7260
vn 0.5544 0.7488 -0.3633
vn 0.9809 0.1375 -0.1375
vn -0.3665 0.1986 -0.9090
vn -0.0043 -0.3517 -0.9361
vn -0.1719 0.7949 -0.5820
vn 0.7308 -0.2023 0.6519
vn 0.5430 0.8296 0.1302
vn 0.4932 0.2880 0.8209
vn 0.3284 0.8048 -0.4944
vn 0.2394 -0.9675 -0.0812
vn 0.3218 -0.1143 -0.9399
vn 0.3246 -0.7493 -0.5772
vn 0.8487 0.5205 0.0942
vn 0.7726 0.5409 -0.3326
vn 0.8053 -0.5213 -0.2824
vn 0.8576 -0.3935 0.3311
vt 0.616855 0.452453
vt 0.619553 0.448993
vt 0.624057 0.453183
vt 0.378357 0.102687
vt 0.374389 0.105885
vt 0.376599 0.101943
vt 0.991681 0.339667
vt 0.994865 0.340180
vt 0.995208 0.344098
vt 0.377148 0.101699
vt 0.377972 0.099336
vt 0.379539 0.100680
vt 0.991614 0.344570
vt 0.376047 0.098439
vt 0.370673 0.104048
vt 0.806873 0.498550
vt 0.803169 0.501737
vt 0.803680 0.496440
vt 0.480843 0.020297
vt 0.471942 0.023878
vt 0.473307 0.020956
vt 0.632660 0.443847
vt 0.481152 0.026333
vt 0.734873 0.212153
vt 0.735160 0.208867
vt 0.736912 0.212062
vt 0.809134 0.486386
vt 0.655070 0.435599
vt 0.354264 0.101851
vt 0.736407 0.242760
vt 0.812578 0.460000
vt 0.358768 0.094444
vt 0.348390 0.117125
vt 0.361122 0.111733
vt 0.349189 0.118564
vt 0.739291 0.228177
vt 0.807696 0.446150
vt 0.655531 0.423277
vt 0.680540 0.441559
vt 0.521469 0.023249
vt 0.310309 0.120509
vt 0.928707 0.486559
vt 0.934648 0.446261
vt 0.934952 0.463250
vt 0.741323 0.251955
vt 0.693333 0.453598
vt 0.795049 0.421313
vt 0.798131 0.444350
vt 0.795044 0.445178
vt 0.343077 0.812005
vt 0.351158 0.783083
vt 0.350073 0.800363
vt 0.934708 0.493279
vt 0.514680 0.002604
vt 0.486080 0.002604
vt 0.526084 0.001076
vt 0.815046 0.430829
vt 0.309796 0.113018
vt 0.668115 0.400882
vt 0.488867 0.010796
vt 0.504805 0.015066
vt 0.464785 0.016138
vt 0.314959 0.131186
vt 0.319091 0.132522
vt 0.667941 0.410603
vt 0.976233 0.571417
vt 0.979671 0.610718
vt 0.977444 0.633854
vt 0.738164 0.262363
vt 0.816731 0.426820
vt 0.841293 0.407032
vt 0.511173 0.004499
vt 0.155648 0.371583
vt 0.157653 0.391161
vt 0.154420 0.385619
vt 0.293159 0.100714
vt 0.793805 0.481038
vt 0.990359 0.322444
vt 0.990653 0.336530
vt 0.986959 0.337520
vt 0.801749 0.453793
vt 0.803099 0.416630
vt 0.800369 0.420449
vt 0.969438 0.789798
vt 0.975654 0.803948
vt 0.971679 0.809036
vt 0.265640 0.016236
vt 0.269093 0.018229
vt 0.233695 0.017347
vt 0.354218 0.808997
vt 0.802637 0.905669
vt 0.804334 0.915192
vt 0.777516 0.920256
vt 0.408439 0.844286
vt 0.398936 0.840827
vt 0.438287 0.838009
vt 0.479922 0.005149
vt 0.804825 0.456116
vt 0.990565 0.345446
vt 0.361466 0.820504
vt 0.282620 0.099297
vt 0.153619 0.394499
vt 0.410972 0.847191
vt 0.418230 0.847748
vt 0.680323 0.362495
vt 0.263137 0.090268
vt 0.156067 0.422071
vt 0.298951 0.186070
vt 0.363633 0.818620
vt 0.990338 0.362585
vt 0.677428 0.361725
vt 0.802515 0.493239
vt 0.345731 0.830683
vt 0.276707 0.015401
vt 0.306990 0.018051
vt 0.269797 0.017690
vt 0.953827 0.361858
vt 0.912807 0.962303
vt 0.908823 0.954510
vt 0.934127 0.955676
vt 0.737693 0.293198
vt 0.926448 0.962874
vt 0.373104 0.829024
vt 0.139358 0.949012
vt 0.122003 0.953603
vt 0.108995 0.947537
vt 0.158985 0.421972
vt 0.930634 0.524342
vt 0.961814 0.834228
vt 0.408728 0.824581
vt 0.410308 0.826869
vt 0.404726 0.826867
vt 0.994801 0.504629
vt 0.992021 0.504629
vt 0.993121 0.501960
vt 0.397817 0.834788
vt 0.968844 0.835385
vt 0.937603 0.956147
vt 0.152886 0.411624
vt 0.331938 0.841287
vt 0.006380 0.269210
vt 0.006380 0.272097
vt 0.002236 0.271057
vt 0.011455 0.494693
vt 0.011455 0.496690
vt 0.009326 0.496206
vt 0.436131 0.846403
vt 0.408713 0.831295
vt 0.097947 0.285404
vt 0.104006 0.281161
vt 0.100400 0.289306
vt 0.103833 0.286762
vt 0.815490 0.928356
vt 0.810799 0.893538
vt 0.991602 0.322564
vt 0.995727 0.327703
vt 0.991602 0.327715
vt 0.741132 0.287837
vt 0.994926 0.323066
vt 0.994026 0.295335
vt 0.995200 0.299717
vt 0.990636 0.294702
vt 0.969175 0.844545
vt 0.990608 0.303372
vt 0.874589 0.983754
vt 0.873726 0.989449
vt 0.869961 0.981012
vt 0.330942 0.830969
vt 0.340706 0.804485
vt 0.864971 0.982236
vt 0.101414 0.267934
vt 0.264465 0.085735
vt 0.293818 0.885638
vt 0.288856 0.885203
vt 0.295764 0.881566
vt 0.399239 0.838980
vt 0.092421 0.276463
vt 0.280143 0.881948
vt 0.021879 0.609493
vt 0.025328 0.604745
vt 0.026271 0.610268
vt 0.481699 0.986816
vt 0.498877 0.983787
vt 0.502082 0.986767
vt 0.864978 0.991854
vt 0.112064 0.956162
vt 0.446378 0.845831
vt 0.172179 0.952692
vt 0.163944 0.951152
vt 0.166173 0.946373
vt 0.170901 0.940364
vt 0.389442 0.834963
vt 0.376088 0.845085
vt 0.861560 0.986525
vt 0.298612 0.198604
vt 0.949333 0.850344
vt 0.867090 0.977736
vt 0.280201 0.888286
vt 0.141557 0.940989
vt 0.519445 0.987779
vt 0.513249 0.990668
vt 0.508431 0.987538
vt 0.855264 0.984985
vt 0.023042 0.620448
vt 0.861990 0.978944
vt 0.152482 0.422983
vt 0.341330 0.853629
vt 0.265628 0.069509
vt 0.321181 0.074369
vt 0.238880 0.078489
vt 0.145089 0.166931
vt 0.148503 0.205949
vt 0.144452 0.236009
vt 0.930279 0.355771
vt 0.960209 0.355279
vt 0.303181 0.193449
vt 0.024972 0.629258
vt 0.799742 0.524962
vt 0.259098 0.892592
vt 0.209652 0.021473
vt 0.234574 0.022426
vt 0.221970 0.023645
vt 0.932905 0.362195
vt 0.375416 0.858567
vt 0.264527 0.876396
vt 0.988254 0.384601
vt 0.989843 0.373941
vt 0.022644 0.446686
vt 0.014389 0.462646
vt 0.011314 0.446686
vt 0.418200 0.016568
vt 0.402462 0.008199
vt 0.440417 0.019170
vt 0.815099 0.880058
vt 0.740097 0.299855
vt 0.321481 0.599375
vt 0.339096 0.598740
vt 0.302094 0.605965
vt 0.793756 0.493100
vt 0.685988 0.332008
vt 0.105755 0.262207
vt 0.011807 0.467657
vt 0.020911 0.465052
vt 0.023067 0.630430
vt 0.418526 0.004656
vt 0.445814 0.019165
vt 0.407708 0.008352
vt 0.327654 0.859086
vt 0.151709 0.433630
vt 0.100145 0.261111
vt 0.100340 0.247360
vt 0.895017 0.028538
vt 0.885033 0.020810
vt 0.893335 0.024504
vt 0.447239 0.811735
vt 0.421104 0.813323
vt 0.417340 0.806804
vt 0.899025 0.035007
vt 0.885743 0.027816
vt 0.093271 0.242372
vt 0.940618 0.380605
vt 0.249258 0.849211
vt 0.909316 0.571372
vt 0.900766 0.594861
vt 0.902160 0.562404
vt 0.229417 0.881871
vt 0.227206 0.907145
vt 0.226741 0.866296
vt 0.454228 0.770337
vt 0.463743 0.768639
vt 0.465579 0.773421
vt 0.759354 0.940903
vt 0.802734 0.940903
vt 0.777416 0.944044
vt 0.250617 0.861031
vt 0.892889 0.022928
vt 0.933011 0.020331
vt 0.473339 0.847708
vt 0.909368 0.031839
vt 0.733082 0.321290
vt 0.242074 0.898381
vt 0.237435 0.889734
vt 0.154050 0.450009
vt 0.182949 0.338639
vt 0.181090 0.395411
vt 0.172547 0.405593
vt 0.321314 0.594437
vt 0.665593 0.816980
vt 0.662141 0.788871
vt 0.690864 0.800472
vt 0.484063 0.763504
vt 0.460844 0.765142
vt 0.171295 0.370769
vt 0.169679 0.389244
vt 0.165575 0.354885
vt 0.206429 0.024230
vt 0.128488 0.015811
vt 0.149389 0.017640
vt 0.116703 0.017601
vt 0.352669 0.592298
vt 0.673154 0.826436
vt 0.692273 0.824777
vt 0.937094 0.824894
vt 0.899702 0.812774
vt 0.935363 0.810798
vt 0.955721 0.969407
vt 0.948990 0.962676
vt 0.975490 0.963748
vt 0.438639 0.800463
vt 0.909570 0.555821
vt 0.344577 0.601399
vt 0.242989 0.389002
vt 0.237796 0.359552
vt 0.249958 0.401018
vt 0.920505 0.552236
vt 0.920150 0.526727
vt 0.925518 0.538463
vt 0.904226 0.056203
vt 0.524183 0.720077
vt 0.547210 0.716676
vt 0.566401 0.716676
vt 0.330454 0.012241
vt 0.330895 0.014173
vt 0.318535 0.017485
vt 0.934819 0.801294
vt 0.889779 0.947477
vt 0.860261 0.948112
vt 0.870867 0.942410
vt 0.829778 0.707186
vt 0.830830 0.722226
vt 0.810961 0.714587
vt 0.644636 0.712676
vt 0.680899 0.712676
vt 0.637194 0.717936
vt 0.662736 0.710829
vt 0.073580 0.109022
vt 0.075192 0.078087
vt 0.077303 0.101036
vt 0.451114 0.806548
vt 0.791156 0.690946
vt 0.212044 0.162215
vt 0.219943 0.186284
vt 0.213932 0.183791
vt 0.356937 0.593544
vt 0.771240 0.778275
vt 0.762997 0.775275
vt 0.797583 0.774202
vt 0.197926 0.023529
vt 0.114878 0.466491
vt 0.108276 0.475920
vt 0.107113 0.455870
vt 0.492779 0.780393
vt 0.327247 0.914760
vt 0.322901 0.930982
vt 0.325565 0.911382
vt 0.131007 0.417979
vt 0.132766 0.398598
vt 0.135368 0.416392
vt 0.904564 0.945033
vt 0.663899 0.718973
vt 0.567517 0.722065
vt 0.777221 0.309821
vt 0.789952 0.292298
vt 0.796180 0.324275
vt 0.907875 0.542209
vt 0.908874 0.547318
vt 0.486576 0.784387
vt 0.185790 0.424666
vt 0.192749 0.022987
vt 0.709144 0.821888
vt 0.956900 0.012418
vt 0.960168 0.011761
vt 0.961416 0.015191
vt 0.135100 0.398410
vt 0.139647 0.421181
vt 0.918892 0.766964
vt 0.957073 0.015486
vt 0.006338 0.209890
vt 0.005058 0.213830
vt 0.003799 0.210300
vt 0.988623 0.243596
vt 0.985314 0.241836
vt 0.992892 0.236668
vt 0.400086 0.159804
vt 0.419685 0.120807
vt 0.402456 0.165506
vt 0.991396 0.225233
vt 0.609938 0.720569
vt 0.844589 0.681993
vt 0.846246 0.702008
vt 0.180023 0.021386
vt 0.475769 0.800564
vt 0.747908 0.872910
vt 0.728465 0.872910
vt 0.759215 0.869908
vt 0.752413 0.991250
vt 0.734156 0.991250
vt 0.745902 0.987969
vt 0.037730 0.998459
vt 0.031074 0.998226
vt 0.038363 0.995966
vt 0.003876 0.434909
vt 0.010049 0.439394
vt 0.001608 0.439298
vt 0.411990 0.157358
vt 0.478319 0.809897
vt 0.361234 0.601203
vt 0.927585 0.011715
vt 0.972662 0.997279
vt 0.967717 0.990816
vt 0.968480 0.985995
vt 0.972982 0.990627
vt 0.408268 0.120591
vt 0.242655 0.426131
vt 0.321833 0.892845
vt 0.923222 0.490129
vt 0.319939 0.918346
vt 0.349246 0.016806
vt 0.712950 0.868661
vt 0.879349 0.895981
vt 0.911743 0.890477
vt 0.901609 0.895981
vt 0.328117 0.894633
vt 0.936589 0.017682
vt 0.145202 0.535928
vt 0.150287 0.584719
vt 0.145202 0.572100
vt 0.114670 0.432692
vt 0.106612 0.417643
vt 0.394857 0.070057
vt 0.404417 0.075085
vt 0.394857 0.072919
vt 0.073229 0.123130
vt 0.411770 0.108618
vt 0.489603 0.786895
vt 0.925806 0.504499
vt 0.704382 0.804525
vt 0.430483 0.937349
vt 0.454414 0.935255
vt 0.476765 0.937527
vt 0.347407 0.072190
vt 0.872270 0.888044
vt 0.907802 0.887597
vt 0.375025 0.095243
vt 0.369818 0.083634
vt 0.150273 0.535052
vt 0.835078 0.334469
vt 0.422198 0.143761
vt 0.904338 0.529880
vt 0.319928 0.894174
vt 0.442768 0.100200
vt 0.365311 0.595235
vt 0.371606 0.076900
vt 0.447255 0.086148
vt 0.364418 0.089904
vt 0.269296 0.295912
vt 0.276270 0.276826
vt 0.274083 0.296881
vt 0.760306 0.525102
vt 0.773355 0.476401
vt 0.762870 0.531031
vt 0.740128 0.779434
vt 0.448003 0.106079
vt 0.900390 0.528485
vt 0.347338 0.077396
vt 0.168946 0.334673
vt 0.363658 0.081617
vt 0.218194 0.228446
vt 0.137987 0.438159
vt 0.294805 0.224034
vt 0.299309 0.225765
vt 0.290721 0.247492
vt 0.504672 0.761874
vt 0.524450 0.771437
vt 0.835373 0.615331
vt 0.131121 0.442879
vt 0.349843 0.006773
vt 0.335982 0.069939
vt 0.328381 0.057828
vt 0.298539 0.057828
vt 0.350997 0.055094
vt 0.333204 0.984932
vt 0.331222 0.982385
vt 0.333984 0.982020
vt 0.213248 0.232910
vt 0.329664 0.984343
vt 0.002553 0.318368
vt 0.006570 0.318368
vt 0.003378 0.321267
vt 0.497955 0.790783
vt 0.322902 0.069168
vt 0.328610 0.066040
vt 0.332900 0.076236
vt 0.328577 0.073462
vt 0.583465 0.715340
vt 0.463854 0.079806
vt 0.454582 0.080361
vt 0.467800 0.088225
vt 0.266034 0.241273
vt 0.335922 0.063548
vt 0.316480 0.063823
vt 0.762360 0.489627
vt 0.726729 0.813336
vt 0.002580 0.509349
vt 0.006030 0.503829
vt 0.011104 0.506680
vt 0.922162 0.486094
vt 0.599889 0.985952
vt 0.601072 0.983319
vt 0.604011 0.985377
vt 0.302363 0.211875
vt 0.323147 0.892629
vt 0.897830 0.514110
vt 0.518223 0.776853
vt 0.250875 0.419120
vt 0.839853 0.282237
vt 0.355880 0.002558
vt 0.243876 0.438831
vt 0.995854 0.654041
vt 0.993935 0.656681
vt 0.991475 0.653506
vt 0.474011 0.109159
vt 0.402426 0.596533
vt 0.992362 0.759527
vt 0.986642 0.761059
vt 0.988822 0.754906
vt 0.900296 0.979531
vt 0.896138 0.979350
vt 0.896887 0.975103
vt 0.005610 0.111273
vt 0.010927 0.108499
vt 0.013572 0.112901
vt 0.791645 0.474399
vt 0.528055 0.763443
vt 0.000620 0.104331
vt 0.006393 0.103013
vt 0.503042 0.081250
vt 0.918406 0.484316
vt 0.857137 0.891049
vt 0.902303 0.974346
vt 0.296783 0.204088
vt 0.976214 0.755290
vt 0.732294 0.712792
vt 0.477107 0.105964
vt 0.056110 0.371988
vt 0.051018 0.368320
vt 0.047341 0.342153
vt 0.289861 0.211549
vt 0.446388 0.995844
vt 0.435988 0.992466
vt 0.447945 0.988443
vt 0.059047 0.911364
vt 0.058570 0.916812
vt 0.056647 0.911490
vt 0.952890 0.010497
vt 0.959427 0.001161
vt 0.986796 0.008371
vt 0.048703 0.370461
vt 0.768165 0.988657
vt 0.765665 0.990756
vt 0.749828 0.988464
vt 0.498410 0.091691
vt 0.282698 0.220616
vt 0.786412 0.990238
vt 0.768073 0.990238
vt 0.781229 0.987967
vt 0.290155 0.203712
vt 0.460458 0.143557
vt 0.316933 0.985625
vt 0.313254 0.981430
vt 0.254566 0.833301
vt 0.299280 0.833623
vt 0.275946 0.841083
vt 0.920468 0.922845
vt 0.889102 0.909792
vt 0.909567 0.915213
vt 0.381725 0.604429
vt 0.920385 0.976856
vt 0.588409 0.981481
vt 0.928721 0.746317
vt 0.823396 0.877701
vt 0.764034 0.877016
vt 0.818735 0.874437
vt 0.294768 0.199363
vt 0.292752 0.193807
vt 0.137167 0.442250
vt 0.805331 0.651797
vt 0.540704 0.775238
vt 0.538178 0.776218
vt 0.870358 0.084188
vt 0.856176 0.078302
vt 0.853300 0.066534
vt 0.222320 0.254916
vt 0.165248 0.310944
vt 0.357085 0.019236
vt 0.719111 0.773024
vt 0.702395 0.870555
vt 0.283023 0.186912
vt 0.279582 0.191363
vt 0.610523 0.938908
vt 0.586938 0.945227
vt 0.579542 0.937692
vt 0.915664 0.979484
vt 0.584534 0.986588
vt 0.323234 0.886048
vt 0.276179 0.196071
vt 0.519007 0.785712
vt 0.059114 0.957619
vt 0.048918 0.962856
vt 0.033462 0.958714
vt 0.283356 0.205986
vt 0.039683 0.364951
vt 0.328830 0.887305
vt 0.736712 0.314457
vt 0.743166 0.297011
vt 0.744554 0.313957
vt 0.010613 0.264954
vt 0.010401 0.282058
vt 0.007127 0.269932
vt 0.531607 0.768437
vt 0.996768 0.661586
vt 0.991138 0.663415
vt 0.989547 0.653868
vt 0.109677 0.532808
vt 0.111997 0.568017
vt 0.107898 0.553143
vt 0.220162 0.009874
vt 0.228871 0.011409
vt 0.215873 0.014454
vt 0.264793 0.210951
vt 0.595598 0.989574
vt 0.591074 0.997423
vt 0.588495 0.992300
vt 0.008464 0.262797
vt 0.842140 0.304164
vt 0.596700 0.992836
vt 0.003171 0.807398
vt 0.003171 0.790676
vt 0.005446 0.803029
vt 0.734716 0.816170
vt 0.529898 0.767647
vt 0.369479 0.063619
vt 0.822993 0.255949
vt 0.872679 0.072174
vt 0.877442 0.081680
vt 0.300342 0.841631
vt 0.694916 0.873659
vt 0.212632 0.026244
vt 0.157870 0.026244
vt 0.172749 0.021906
vt 0.323015 0.886371
vt 0.030597 0.955360
vt 0.248102 0.429953
vt 0.250276 0.445774
vt 0.245617 0.452428
vt 0.611911 0.715535
vt 0.783758 0.679470
vt 0.937558 0.907869
vt 0.063279 0.657379
vt 0.059526 0.641865
vt 0.063623 0.634769
vt 0.024342 0.473784
vt 0.021858 0.464511
vt 0.024772 0.447655
vt 0.055463 0.902726
vt 0.296052 0.844612
vt 0.768103 0.879237
vt 0.890152 0.856997
vt 0.882045 0.842956
vt 0.902626 0.854120
vt 0.058526 0.676939
vt 0.990404 0.487208
vt 0.993886 0.489219
vt 0.988374 0.489477
vt 0.035369 0.878661
vt 0.035369 0.884595
vt 0.027273 0.877344
vt 0.006452 0.526741
vt 0.002552 0.529466
vt 0.003876 0.526287
vt 0.539109 0.764344
vt 0.252933 0.932289
vt 0.263899 0.937150
vt 0.241258 0.931770
vt 0.769983 0.457280
vt 0.060656 0.893179
vt 0.092664 0.274188
vt 0.087279 0.277065
vt 0.089249 0.240185
vt 0.726573 0.342874
vt 0.365479 0.057287
vt 0.395329 0.965835
vt 0.369125 0.965835
vt 0.366962 0.963714
vt 0.275144 0.180058
vt 0.011303 0.819608
vt 0.017587 0.825170
vt 0.011506 0.829428
vt 0.103918 0.518749
vt 0.088412 0.504396
vt 0.101977 0.475573
vt 0.006571 0.529333
vt 0.011435 0.842835
vt 0.502579 0.811144
vt 0.234834 0.933908
vt 0.246567 0.926764
vt 0.597009 0.987371
vt 0.594391 0.988138
vt 0.112456 0.534906
vt 0.477583 0.128009
vt 0.761263 0.456531
vt 0.924060 0.836993
vt 0.322535 0.830915
vt 0.139017 0.967247
vt 0.128807 0.969048
vt 0.142018 0.956953
vt 0.097938 0.527468
vt 0.059032 0.954528
vt 0.083272 0.256444
vt 0.033703 0.714662
vt 0.035326 0.696117
vt 0.036748 0.727096
vt 0.243623 0.495670
vt 0.239840 0.471711
vt 0.246630 0.486193
vt 0.720000 0.776812
vt 0.883044 0.084277
vt 0.135537 0.003852
vt 0.112758 0.003852
vt 0.145225 0.002231
vt 0.129901 0.574148
vt 0.129419 0.551890
vt 0.138852 0.557925
vt 0.835284 0.053323
vt 0.263642 0.934509
vt 0.023932 0.885860
vt 0.704481 0.868358
vt 0.840618 0.255947
vt 0.033465 0.861732
vt 0.111284 0.492759
vt 0.884232 0.129174
vt 0.479164 0.930072
vt 0.526411 0.930072
vt 0.492497 0.934601
vt 0.455878 0.717560
vt 0.471363 0.721709
vt 0.433598 0.718593
vt 0.730095 0.352759
vt 0.834217 0.034308
vt 0.830589 0.068330
vt 0.827213 0.044310
vt 0.088911 0.998930
vt 0.090766 0.996001
vt 0.091546 0.998224
vt 0.619760 0.717526
vt 0.718714 0.011203
vt 0.718181 0.014646
vt 0.711702 0.012910
vt 0.041295 0.435591
vt 0.067169 0.416793
vt 0.053620 0.435716
vt 0.239237 0.929623
vt 0.991980 0.963069
vt 0.994335 0.963069
vt 0.992975 0.965466
vt 0.787454 0.430352
vt 0.715836 0.779308
vt 0.317963 0.838758
vt 0.486097 0.883398
vt 0.486902 0.860342
vt 0.501739 0.906510
vt 0.521508 0.791598
vt 0.266400 0.184598
vt 0.082808 0.996147
vt 0.857333 0.992561
vt 0.854745 0.986655
vt 0.857875 0.986364
vt 0.857538 0.997417
vt 0.854910 0.996584
vt 0.490894 0.899967
vt 0.751437 0.497999
vt 0.754148 0.500188
vt 0.763074 0.550809
vt 0.010843 0.537261
vt 0.016172 0.546875
vt 0.003088 0.538292
vt 0.514104 0.756887
vt 0.529462 0.758410
vt 0.519000 0.761783
vt 0.107181 0.528219
vt 0.109703 0.510544
vt 0.749525 0.013534
vt 0.477846 0.715696
vt 0.094416 0.250408
vt 0.651211 0.367388
vt 0.619576 0.381273
vt 0.649822 0.357772
vt 0.131155 0.535828
vt 0.137711 0.534576
vt 0.148057 0.512293
vt 0.054904 0.874369
vt 0.113295 0.521826
vt 0.134043 0.456126
vt 0.921234 0.853578
vt 0.559541 0.763640
vt 0.764549 0.443843
vt 0.773042 0.434349
vt 0.946015 0.849034
vt 0.950190 0.855669
vt 0.719004 0.363818
vt 0.139245 0.455094
vt 0.027012 0.862737
vt 0.763193 0.436897
vt 0.734533 0.412562
vt 0.747190 0.408908
vt 0.831606 0.027463
vt 0.576973 0.987023
vt 0.568815 0.993531
vt 0.567824 0.987023
vt 0.759890 0.401306
vt 0.762722 0.433683
vt 0.750202 0.383031
vt 0.389423 0.586128
vt 0.721140 0.969485
vt 0.718334 0.964625
vt 0.728195 0.965800
vt 0.935620 0.844303
vt 0.580173 0.994731
vt 0.358602 0.053258
vt 0.156262 0.967618
vt 0.011795 0.735121
vt 0.014606 0.724631
vt 0.014273 0.740274
vt 0.772045 0.018512
vt 0.772748 0.015298
vt 0.780238 0.017212
vt 0.158066 0.960196
vt 0.568909 0.759117
vt 0.917073 0.474119
vt 0.714679 0.967511
vt 0.701608 0.969082
vt 0.827339 0.029102
vt 0.006743 0.228531
vt 0.006316 0.240577
vt 0.003216 0.229609
vt 0.075545 0.973206
vt 0.069549 0.980487
vt 0.065059 0.975673
vt 0.262983 0.924958
vt 0.260748 0.908668
vt 0.236708 0.453233
vt 0.010976 0.226731
vt 0.723319 0.375824
vt 0.329317 0.833904
vt 0.247411 0.508613
vt 0.669114 0.394130
vt 0.660450 0.377923
vt 0.329202 0.838169
vt 0.581966 0.763016
vt 0.841386 0.231167
vt 0.146226 0.508033
vt 0.504115 0.716985
vt 0.515057 0.721401
vt 0.166127 0.106135
vt 0.145075 0.133211
vt 0.145447 0.101613
vt 0.242142 0.510806
vt 0.143288 0.532388
vt 0.924533 0.554138
vt 0.938031 0.570095
vt 0.944105 0.598587
vt 0.378632 0.981127
vt 0.379555 0.984573
vt 0.360920 0.980454
vt 0.237169 0.459506
vt 0.310891 0.848254
vt 0.011243 0.717404
vt 0.082650 0.974023
vt 0.752246 0.372340
vt 0.930806 0.834666
vt 0.136948 0.528961
vt 0.402931 0.605721
vt 0.711602 0.235342
vt 0.704080 0.197288
vt 0.716599 0.235145
vt 0.932138 0.619324
vt 0.910462 0.560218
vt 0.822676 0.016278
vt 0.809379 0.019735
vt 0.809080 0.015088
vt 0.756450 0.374023
vt 0.915856 0.051769
vt 0.924830 0.828760
vt 0.083446 0.970349
vt 0.323216 0.845033
vt 0.710674 0.374028
vt 0.528896 0.717742
vt 0.226044 0.626117
vt 0.217176 0.626326
vt 0.216335 0.595769
vt 0.407485 0.597227
vt 0.779200 0.425888
vt 0.253349 0.908338
vt 0.755008 0.489337
vt 0.376755 0.858998
vt 0.445564 0.849937
vt 0.451932 0.856305
vt 0.127366 0.524516
vt 0.742755 0.455176
vt 0.745554 0.439907
vt 0.381530 0.781282
vt 0.377197 0.735535
vt 0.401395 0.745443
vt 0.250161 0.531020
vt 0.191808 0.011505
vt 0.576351 0.759083
vt 0.169476 0.306765
vt 0.358914 0.984328
vt 0.073212 0.160513
vt 0.074742 0.143020
vt 0.074786 0.188455
vt 0.649194 0.347928
vt 0.648416 0.334400
vt 0.654778 0.329594
vt 0.655495 0.354100
vt 0.135803 0.521630
vt 0.359282 0.980824
vt 0.342886 0.985217
vt 0.338640 0.980947
vt 0.345922 0.759586
vt 0.656158 0.367945
vt 0.709904 0.388093
vt 0.076855 0.954991
vt 0.053973 0.962408
vt 0.065457 0.954991
vt 0.168880 0.303609
vt 0.709766 0.777874
vt 0.127514 0.515563
vt 0.601013 0.758161
vt 0.025774 0.333794
vt 0.013253 0.329726
vt 0.023219 0.309895
vt 0.022280 0.500704
vt 0.028211 0.490751
vt 0.027729 0.499166
vt 0.792003 0.018496
vt 0.016774 0.228694
vt 0.037490 0.229385
vt 0.028458 0.240378
vt 0.786213 0.014433
vt 0.978819 0.816865
vt 0.983029 0.814803
vt 0.982806 0.824538
vt 0.036717 0.234236
vt 0.205587 0.599890
vt 0.991517 0.355292
vt 0.991517 0.350739
vt 0.996319 0.354259
vt 0.699611 0.384865
vt 0.158422 0.073074
vt 0.163630 0.076371
vt 0.149197 0.075031
vt 0.986117 0.822506
vt 0.983605 0.827644
vt 0.400167 0.848047
vt 0.195540 0.942502
vt 0.200588 0.944819
vt 0.193607 0.949791
vt 0.388870 0.725440
vt 0.080533 0.242757
vt 0.082523 0.242390
vt 0.082874 0.963407
vt 0.021817 0.494399
vt 0.186802 0.944025
vt 0.180970 0.940927
vt 0.189130 0.939630
vt 0.604497 0.761591
vt 0.073732 0.238347
vt 0.077694 0.234333
vt 0.658887 0.314939
vt 0.666790 0.964729
vt 0.666955 0.969382
vt 0.660444 0.969382
vt 0.655202 0.315075
vt 0.007535 0.262687
vt 0.005651 0.268484
vt 0.001589 0.264485
vt 0.699640 0.381067
vt 0.929873 0.979819
vt 0.920717 0.986223
vt 0.917756 0.979874
vt 0.003264 0.705941
vt 0.006366 0.700569
vt 0.005586 0.717576
vt 0.687250 0.965165
vt 0.910978 0.983494
vt 0.471564 0.942014
vt 0.480915 0.941456
vt 0.476251 0.945545
vt 0.475291 0.938175
vt 0.468239 0.999774
vt 0.463909 0.998198
vt 0.474256 0.998232
vt 0.710281 0.391836
vt 0.031179 0.396631
vt 0.036924 0.402052
vt 0.028934 0.403046
vt 0.206305 0.942809
vt 0.016235 0.245711
vt 0.763048 0.437533
vt 0.211908 0.949277
vt 0.988623 0.815854
vt 0.833077 0.013716
vt 0.356411 0.779140
vt 0.340395 0.764569
vt 0.092606 0.594176
vt 0.083828 0.596696
vt 0.074145 0.581957
vt 0.339811 0.780382
vt 0.323896 0.782923
vt 0.098705 0.294931
vt 0.078242 0.294931
vt 0.100167 0.290619
vt 0.024473 0.396573
vt 0.018420 0.407774
vt 0.032706 0.492283
vt 0.466091 0.949246
vt 0.468928 0.954881
vt 0.235656 0.152594
vt 0.241426 0.135836
vt 0.250029 0.152274
vt 0.226852 0.134745
vt 0.787714 0.947043
vt 0.790492 0.943437
vt 0.805440 0.942129
vt 0.126039 0.365604
vt 0.116048 0.370263
vt 0.115725 0.312961
vt 0.266314 0.143745
vt 0.260098 0.133323
vt 0.880868 0.495075
vt 0.847316 0.513526
vt 0.853180 0.508579
vt 0.760039 0.320499
vt 0.083277 0.236980
vt 0.245494 0.170686
vt 0.711546 0.894236
vt 0.722054 0.893473
vt 0.707020 0.901158
vt 0.016294 0.397963
vt 0.082425 0.280582
vt 0.945087 0.622750
vt 0.252201 0.125182
vt 0.236389 0.160520
vt 0.207830 0.931050
vt 0.460184 0.942436
vt 0.108156 0.997528
vt 0.113322 0.999937
vt 0.104113 0.999739
vt 0.032018 0.483856
vt 0.240481 0.116630
vt 0.734425 0.897340
vt 0.728590 0.904700
vt 0.876614 0.467907
vt 0.213264 0.935714
vt 0.685947 0.387034
vt 0.682165 0.383216
vt 0.074366 0.589469
vt 0.022734 0.475674
vt 0.022028 0.484883
vt 0.948378 0.176863
vt 0.916525 0.169521
vt 0.949752 0.172764
vt 0.204551 0.568043
vt 0.209343 0.570314
vt 0.235629 0.123397
vt 0.257066 0.175604
vt 0.265448 0.156669
vt 0.839705 0.468906
vt 0.039167 0.487691
vt 0.044580 0.486220
vt 0.502828 0.985830
vt 0.507815 0.988946
vt 0.506018 0.996431
vt 0.007174 0.410140
vt 0.015090 0.410568
vt 0.012183 0.415149
vt 0.030024 0.390419
vt 0.218928 0.932487
vt 0.216332 0.925697
vt 0.014883 0.437524
vt 0.011495 0.438820
vt 0.007111 0.435395
vt 0.226398 0.146684
vt 0.039536 0.482948
vt 0.613284 0.003029
vt 0.602256 0.002064
vt 0.640522 0.001533
vt 0.268660 0.131993
vt 0.094821 0.239007
vt 0.201359 0.568605
vt 0.189806 0.578640
vt 0.027859 0.473954
vt 0.459195 0.950868
vt 0.672365 0.248130
vt 0.715088 0.256016
vt 0.726667 0.244981
vt 0.016711 0.428263
vt 0.091286 0.234917
vt 0.101636 0.225216
vt 0.866784 0.531096
vt 0.879693 0.552366
vt 0.831141 0.946346
vt 0.731804 0.237215
vt 0.721907 0.880759
vt 0.017841 0.390418
vt 0.018411 0.382900
vt 0.012006 0.420278
vt 0.287369 0.141086
vt 0.218573 0.154085
vt 0.023535 0.386893
vt 0.985595 0.776911
vt 0.277189 0.155337
vt 0.179037 0.575255
vt 0.182122 0.572000
vt 0.820923 0.941452
vt 0.672231 0.224217
vt 0.732773 0.878873
vt 0.554400 0.969860
vt 0.542369 0.964250
vt 0.569643 0.964794
vt 0.115055 0.512117
vt 0.122654 0.519717
vt 0.118209 0.569484
vt 0.273185 0.116401
vt 0.260972 0.106461
vt 0.674719 0.387798
vt 0.201058 0.779424
vt 0.218334 0.735961
vt 0.245010 0.733849
vt 0.678338 0.390450
vt 0.294210 0.129434
vt 0.917587 0.188731
vt 0.935050 0.189323
vt 0.739149 0.885157
vt 0.741948 0.897260
vt 0.266572 0.182609
vt 0.074598 0.610279
vt 0.189488 0.567304
vt 0.216345 0.917417
vt 0.019464 0.414630
vt 0.262953 0.892550
vt 0.202179 0.549910
vt 0.222380 0.169170
vt 0.997340 0.796134
vt 0.991509 0.796134
vt 0.997003 0.788496
vt 0.001027 0.530806
vt 0.006536 0.531288
vt 0.001650 0.536604
vt 0.450661 0.947716
vt 0.236450 0.173470
vt 0.432339 0.160319
vt 0.442349 0.159816
vt 0.398593 0.211737
vt 0.207577 0.551036
vt 0.992022 0.787748
vt 0.168786 0.558414
vt 0.080118 0.351769
vt 0.085760 0.360343
vt 0.081894 0.361844
vt 0.970317 0.767896
vt 0.169402 0.564551
vt 0.092147 0.597226
vt 0.010630 0.536345
vt 0.084277 0.604486
vt 0.424923 0.762658
vt 0.430380 0.756855
vt 0.515777 0.760738
vt 0.497885 0.757583
vt 0.719365 0.265097
vt 0.025771 0.410132
vt 0.239095 0.864308
vt 0.240300 0.856730
vt 0.247880 0.865585
vt 0.990756 0.797108
vt 0.712698 0.874252
vt 0.979239 0.573681
vt 0.984269 0.573241
vt 0.981262 0.636591
vt 0.258775 0.190988
vt 0.855049 0.953121
vt 0.863763 0.949058
vt 0.888488 0.951837
vt 0.196180 0.548028
vt 0.914833 0.180514
vt 0.015493 0.423623
vt 0.006616 0.643626
vt 0.007019 0.648237
vt 0.003118 0.644219
vt 0.701007 0.876688
vt 0.701850 0.890690
vt 0.969257 0.013765
vt 0.990725 0.015643
vt 0.959605 0.017152
vt 0.232867 0.180806
vt 0.034657 0.855755
vt 0.040356 0.859746
vt 0.036823 0.885755
vt 0.077179 0.625341
vt 0.004489 0.432488
vt 0.006963 0.432507
vt 0.005696 0.434212
vt 0.400753 0.771467
vt 0.003680 0.433755
vt 0.254130 0.101090
vt 0.823643 0.480129
vt 0.196683 0.147985
vt 0.186625 0.131966
vt 0.200229 0.112088
vt 0.748132 0.882096
vt 0.214656 0.129870
vt 0.292987 0.153257
vt 0.755638 0.975820
vt 0.771709 0.978654
vt 0.747297 0.979071
vt 0.082394 0.653174
vt 0.098761 0.656698
vt 0.089339 0.663745
vt 0.419474 0.909356
vt 0.410047 0.909758
vt 0.416650 0.900118
vt 0.089026 0.645632
vt 0.602148 0.999815
vt 0.603114 0.998664
vt 0.608191 0.999692
vt 0.086427 0.400385
vt 0.967366 0.338089
vt 0.954479 0.277905
vt 0.982209 0.282696
vt 0.485602 0.499015
vt 0.467281 0.496823
vt 0.472153 0.492046
vt 0.248690 0.751404
vt 0.723368 0.873810
vt 0.742501 0.874416
vt 0.079817 0.383292
vt 0.422927 0.901010
vt 0.550661 0.912427
vt 0.557959 0.922849
vt 0.506917 0.920252
vt 0.113264 0.200257
vt 0.143387 0.217946
vt 0.122070 0.225830
vt 0.247129 0.194190
vt 0.006051 0.631033
vt 0.269101 0.096879
vt 0.304995 0.148979
vt 0.474440 0.507136
vt 0.448571 0.152679
vt 0.416613 0.153543
vt 0.080502 0.250939
vt 0.085669 0.276017
vt 0.085271 0.225307
vt 0.088390 0.209363
vt 0.094685 0.215147
vt 0.214092 0.113152
vt 0.996779 0.740965
vt 0.989467 0.740806
vt 0.993063 0.735658
vt 0.232401 0.192844
vt 0.292790 0.163753
vt 0.238165 0.841507
vt 0.254750 0.835976
vt 0.244027 0.848013
vt 0.711382 0.275464
vt 0.230227 0.103411
vt 0.090571 0.669771
vt 0.104720 0.667608
vt 0.226499 0.865311
vt 0.465086 0.150405
vt 0.461274 0.154592
vt 0.997862 0.734452
vt 0.464512 0.848011
vt 0.481820 0.867891
vt 0.455669 0.865554
vt 0.326460 0.986486
vt 0.339017 0.985387
vt 0.347134 0.986736
vt 0.083135 0.638427
vt 0.081200 0.199080
vt 0.068518 0.224662
vt 0.077243 0.686529
vt 0.808290 0.016643
vt 0.163805 0.992455
vt 0.177722 0.993673
vt 0.162876 0.994367
vt 0.554157 0.991314
vt 0.553685 0.986384
vt 0.563982 0.987648
vt 0.452347 0.487955
vt 0.460086 0.481174
vt 0.073137 0.685013
vt 0.026345 0.912822
vt 0.014192 0.896095
vt 0.027369 0.894578
vt 0.483540 0.510834
vt 0.069634 0.672479
vt 0.780285 0.951572
vt 0.765445 0.950769
vt 0.762724 0.948864
vt 0.991163 0.768599
vt 0.678068 0.937928
vt 0.665635 0.942714
vt 0.666080 0.940695
vt 0.069471 0.211469
vt 0.431824 0.900671
vt 0.434378 0.893755
vt 0.351721 0.954260
vt 0.333015 0.941188
vt 0.342884 0.930227
vt 0.669161 0.946509
vt 0.673621 0.947714
vt 0.035551 0.557453
vt 0.027589 0.549491
vt 0.054520 0.550925
vt 0.222521 0.727852
vt 0.200879 0.690926
vt 0.333223 0.952356
vt 0.320232 0.948691
vt 0.675605 0.946119
vt 0.076035 0.639653
vt 0.007824 0.428779
vt 0.005220 0.424429
vt 0.011055 0.419175
vt 0.991548 0.317179
vt 0.991548 0.311813
vt 0.995274 0.316535
vt 0.322650 0.955303
vt 0.882483 0.173921
vt 0.002630 0.431813
vt 0.394618 0.897963
vt 0.510003 0.964594
vt 0.523944 0.965488
vt 0.525363 0.967515
vt 0.255391 0.088300
vt 0.070954 0.641656
vt 0.421400 0.895433
vt 0.201030 0.092048
vt 0.223306 0.993157
vt 0.230875 0.995185
vt 0.216160 0.994717
vt 0.497445 0.967996
vt 0.176373 0.111265
vt 0.183761 0.115157
vt 0.171628 0.122886
vt 0.283206 0.011015
vt 0.294334 0.007669
vt 0.290045 0.010416
vt 0.318910 0.714255
vt 0.338558 0.723454
vt 0.330002 0.724357
vt 0.184749 0.091158
vt 0.887600 0.181501
vt 0.490480 0.987926
vt 0.483571 0.997350
vt 0.478988 0.992604
vt 0.014008 0.934710
vt 0.008290 0.938011
vt 0.000690 0.934265
vt 0.318325 0.953707
vt 0.070761 0.238558
vt 0.234143 0.085487
vt 0.227262 0.082702
vt 0.243735 0.079313
vt 0.335078 0.716716
vt 0.219124 0.092436
vt 0.242643 0.829802
vt 0.078494 0.631261
vt 0.391727 0.904269
vt 0.845253 0.018459
vt 0.521395 0.945929
vt 0.532050 0.952081
vt 0.514284 0.951808
vt 0.204183 0.846637
vt 0.833675 0.988457
vt 0.840791 0.991776
vt 0.822159 0.991611
vt 0.238923 0.207189
vt 0.119721 0.686110
vt 0.112439 0.674896
vt 0.120393 0.674368
vt 0.286840 0.005317
vt 0.476575 0.987445
vt 0.336708 0.858380
vt 0.380388 0.868538
vt 0.366021 0.893955
vt 0.003725 0.026959
vt 0.011481 0.025923
vt 0.005148 0.030011
vt 0.757178 0.875069
vt 0.011023 0.030510
vt 0.231633 0.091378
vt 0.717343 0.305540
vt 0.070246 0.200194
vt 0.227473 0.937924
vt 0.234159 0.934626
vt 0.253185 0.944058
vt 0.224652 0.843754
vt 0.550057 0.988293
vt 0.890984 0.188818
vt 0.485499 0.887070
vt 0.470212 0.880573
vt 0.479414 0.879070
vt 0.018138 0.098774
vt 0.008660 0.089685
vt 0.018203 0.080141
vt 0.014776 0.098593
vt 0.567303 0.415689
vt 0.530789 0.423158
vt 0.543715 0.412835
vt 0.410684 0.888997
vt 0.520194 0.418305
vt 0.210533 0.072577
vt 0.245571 0.073855
vt 0.364498 0.863404
vt 0.103294 0.252267
vt 0.509979 0.421626
vt 0.330073 0.729306
vt 0.473057 0.999768
vt 0.478895 0.998204
vt 0.483355 0.999412
vt 0.341837 0.854651
vt 0.505058 0.418704
vt 0.586070 0.419737
vt 0.565895 0.431129
vt 0.010971 0.041487
vt 0.004211 0.040777
vt 0.455607 0.007790
vt 0.450614 0.018644
vt 0.425308 0.006843
vt 0.029872 0.835078
vt 0.027485 0.826168
vt 0.034739 0.833295
vt 0.661294 0.937500
vt 0.656717 0.950128
vt 0.633968 0.952119
vt 0.504888 0.416467
vt 0.573158 0.395424
vt 0.520712 0.414045
vt 0.481244 0.889526
vt 0.590719 0.380575
vt 0.594357 0.390821
vt 0.447759 0.491754
vt 0.939077 0.657754
vt 0.949096 0.664330
vt 0.911942 0.656834
vt 0.068960 0.194792
vt 0.634349 0.936376
vt 0.619496 0.946865
vt 0.384305 0.904340
vt 0.597264 0.400546
vt 0.033646 0.846746
vt 0.010446 0.302768
vt 0.010446 0.317466
vt 0.009321 0.321661
vt 0.709472 0.312595
vt 0.774981 0.948904
vt 0.809914 0.948904
vt 0.786506 0.952262
vt 0.233319 0.064382
vt 0.211739 0.065285
vt 0.293962 0.000632
vt 0.394191 0.004611
vt 0.376225 0.010941
vt 0.358271 0.007125
vt 0.116438 0.670646
vt 0.544269 0.404748
vt 0.446408 0.475427
vt 0.985439 0.120045
vt 0.985439 0.100431
vt 0.994288 0.108117
vt 0.009525 0.165862
vt 0.011062 0.169668
vt 0.004650 0.167636
vt 0.946917 0.994247
vt 0.945376 0.994136
vt 0.945953 0.990864
vt 0.919623 0.660079
vt 0.968383 0.637224
vt 0.534163 0.407873
vt 0.992088 0.777490
vt 0.992088 0.773955
vt 0.995240 0.777456
vt 0.102938 0.189192
vt 0.167578 0.747879
vt 0.128572 0.746085
vt 0.133048 0.728929
vt 0.125897 0.664065
vt 0.658592 0.159922
vt 0.651751 0.147441
vt 0.664175 0.160258
vt 0.453945 0.503329
vt 0.948709 0.992172
vt 0.099535 0.992476
vt 0.100800 0.993361
vt 0.097426 0.994853
vt 0.157985 0.751317
vt 0.674488 0.169548
vt 0.996442 0.456318
vt 0.996442 0.460424
vt 0.991732 0.456253
vt 0.034342 0.853507
vt 0.027095 0.850894
vt 0.744497 0.951795
vt 0.611191 0.374248
vt 0.623774 0.386936
vt 0.027309 0.844181
vt 0.940995 0.282359
vt 0.467938 0.885735
vt 0.484404 0.893896
vt 0.485833 0.513938
vt 0.605394 0.405672
vt 0.867543 0.349624
vt 0.865661 0.359655
vt 0.857984 0.342647
vt 0.672143 0.171187
vt 0.664502 0.165999
vt 0.463075 0.005178
vt 0.339553 0.956746
vt 0.622433 0.937702
vt 0.906275 0.657552
vt 0.041331 0.611024
vt 0.041331 0.606851
vt 0.052037 0.615889
vt 0.385384 0.896429
vt 0.442268 0.481851
vt 0.044217 0.605716
vt 0.396043 0.884828
vt 0.275357 0.000136
vt 0.202496 0.857900
vt 0.426972 0.887172
vt 0.086203 0.986795
vt 0.092368 0.981802
vt 0.088505 0.990416
vt 0.200012 0.065425
vt 0.050333 0.440375
vt 0.059628 0.432806
vt 0.073933 0.445508
vt 0.438921 0.476345
vt 0.173575 0.100741
vt 0.949200 0.985157
vt 0.482868 0.898523
vt 0.437879 0.890701
vt 0.689491 0.932903
vt 0.181215 0.075787
vt 0.094281 0.985510
vt 0.181847 0.068580
vt 0.489713 0.139188
vt 0.198317 0.831651
vt 0.178465 0.964223
vt 0.161842 0.961959
vt 0.176293 0.955923
vt 0.650923 0.135567
vt 0.629206 0.125143
vt 0.639642 0.117638
vt 0.990887 0.463159
vt 0.509305 0.942834
vt 0.634452 0.140140
vt 0.965445 0.708443
vt 0.960414 0.696299
vt 0.968923 0.705514
vt 0.464489 0.512735
vt 0.028375 0.936164
vt 0.041888 0.920124
vt 0.037637 0.932421
vt 0.957331 0.666290
vt 0.462800 0.521110
vt 0.743790 0.949836
vt 0.171031 0.969916
vt 0.121094 0.660216
vt 0.440044 0.467956
vt 0.590286 0.357388
vt 0.945657 0.981931
vt 0.087474 0.868862
vt 0.078290 0.850648
vt 0.087764 0.856544
vt 0.083100 0.863919
vt 0.078749 0.197098
vt 0.092416 0.164033
vt 0.118068 0.182374
vt 0.491264 0.945531
vt 0.173634 0.073741
vt 0.103863 0.990828
vt 0.842592 0.337974
vt 0.575739 0.364075
vt 0.226135 0.920890
vt 0.155651 0.142950
vt 0.160412 0.148022
vt 0.151855 0.152013
vt 0.470604 0.898363
vt 0.466406 0.888910
vt 0.383713 0.895813
vt 0.972082 0.645988
vt 0.894887 0.034804
vt 0.899473 0.042641
vt 0.882467 0.048830
vt 0.969670 0.661571
vt 0.619437 0.999930
vt 0.620404 0.998549
vt 0.624354 0.999890
vt 0.109153 0.668643
vt 0.098367 0.662657
vt 0.111549 0.657951
vt 0.416322 0.884112
vt 0.495380 0.953263
vt 0.629257 0.998853
vt 0.627241 0.999793
vt 0.624670 0.998686
vt 0.326116 0.987433
vt 0.339368 0.987433
vt 0.329180 0.991279
vt 0.883894 0.034115
vt 0.813146 0.343099
vt 0.781460 0.952389
vt 0.798393 0.969050
vt 0.780162 0.955448
vt 0.607649 0.420461
vt 0.941228 0.277994
vt 0.532078 0.986912
vt 0.532683 0.988486
vt 0.523577 0.993828
vt 0.499979 0.139459
vt 0.783112 0.963884
vt 0.085211 0.993063
vt 0.334517 0.699017
vt 0.337870 0.689552
vt 0.349084 0.688533
vt 0.150155 0.187379
vt 0.658563 0.171638
vt 0.549954 0.999994
vt 0.549014 0.997978
vt 0.556916 0.998376
vt 0.075701 0.164455
vt 0.075546 0.178728
vt 0.439621 0.463117
vt 0.443516 0.464873
vt 0.994083 0.913739
vt 0.996858 0.913378
vt 0.996858 0.920525
vt 0.869364 0.043001
vt 0.158508 0.181767
vt 0.623815 0.403446
vt 0.566131 0.986865
vt 0.566131 0.997422
vt 0.562607 0.990398
vt 0.633211 0.089619
vt 0.986416 0.920884
vt 0.197168 0.863926
vt 0.795412 0.955687
vt 0.443550 0.514716
vt 0.424207 0.878878
vt 0.652887 0.408713
vt 0.102625 0.652414
vt 0.017406 0.378533
vt 0.017727 0.374867
vt 0.020128 0.379459
vt 0.022646 0.372014
vt 0.627468 0.145250
vt 0.439263 0.492086
vt 0.382434 0.721772
vt 0.894840 0.056267
vt 0.165992 0.093577
vt 0.988579 0.623261
vt 0.995262 0.613229
vt 0.992341 0.623261
vt 0.028056 0.945069
vt 0.357963 0.019210
vt 0.587561 0.438882
vt 0.787530 0.188645
vt 0.777367 0.204005
vt 0.784256 0.190686
vt 0.851171 0.312054
vt 0.610610 0.432900
vt 0.088624 0.156129
vt 0.459751 0.884705
vt 0.569522 0.966126
vt 0.569522 0.979642
vt 0.546545 0.975009
vt 0.077105 0.440714
vt 0.019592 0.370161
vt 0.018662 0.078087
vt 0.010946 0.085180
vt 0.003639 0.082227
vt 0.172548 0.065338
vt 0.101604 0.999342
vt 0.098357 0.996096
vt 0.107421 0.996454
vt 0.059232 0.631292
vt 0.055811 0.640943
vt 0.513716 0.132923
vt 0.040616 0.639894
vt 0.048183 0.641116
vt 0.175678 0.944935
vt 0.186140 0.959580
vt 0.143089 0.645061
vt 0.131448 0.667075
vt 0.093901 0.872871
vt 0.076527 0.153067
vt 0.431569 0.483845
vt 0.620999 0.081532
vt 0.465214 0.018208
vt 0.130610 0.727637
vt 0.614751 0.125682
vt 0.000974 0.929469
vt 0.000674 0.927333
vt 0.007279 0.931026
vt 0.185696 0.863211
vt 0.436205 0.508585
vt 0.117211 0.652334
vt 0.400257 0.880996
vt 0.411050 0.879977
vt 0.707388 0.941277
vt 0.940751 0.342976
vt 0.226255 0.953854
vt 0.223822 0.918407
vt 0.072972 0.455051
vt 0.009463 0.924524
vt 0.112283 0.870921
vt 0.110865 0.874798
vt 0.164464 0.065201
vt 0.995276 0.728182
vt 0.990025 0.728182
vt 0.991516 0.724935
vt 0.463105 0.892498
vt 0.457989 0.890842
vt 0.068173 0.417732
vt 0.360067 0.005891
vt 0.363349 0.001205
vt 0.378909 0.004543
vt 0.012705 0.375042
vt 0.010703 0.359065
vt 0.026286 0.359065
vt 0.007672 0.362512
vt 0.189108 0.969663
vt 0.021476 0.365720
vt 0.992661 0.949157
vt 0.991117 0.944406
vt 0.994691 0.945345
vt 0.452387 0.858004
vt 0.455358 0.851450
vt 0.624853 0.415429
vt 0.082899 0.884278
vt 0.085190 0.867316
vt 0.186595 0.948143
vt 0.979239 0.984906
vt 0.978716 0.990565
vt 0.976123 0.988895
vt 0.108700 0.652685
vt 0.021476 0.946278
vt 0.014824 0.955259
vt 0.011808 0.954664
vt 0.652370 0.986140
vt 0.644290 0.979583
vt 0.652764 0.971953
vt 0.086165 0.152329
vt 0.388424 0.873369
vt 0.265073 0.969991
vt 0.236194 0.969991
vt 0.251400 0.967160
vt 0.425043 0.476212
vt 0.022733 0.943651
vt 0.032794 0.948784
vt 0.995209 0.680938
vt 0.994315 0.684524
vt 0.990281 0.681433
vt 0.508223 0.128788
vt 0.992421 0.240457
vt 0.996747 0.242955
vt 0.990582 0.243070
vt 0.351526 0.730625
vt 0.005881 0.070792
vt 0.009346 0.069553
vt 0.011102 0.074958
vt 0.861371 0.037220
vt 0.006098 0.075404
vt 0.080291 0.147047
vt 0.991481 0.607859
vt 0.120954 0.733464
vt 0.988012 0.610249
vt 0.394371 0.864177
vt 0.013553 0.936419
vt 0.225102 0.912613
vt 0.005379 0.088664
vt 0.007286 0.378903
vt 0.115706 0.765144
vt 0.183443 0.014812
vt 0.182367 0.017119
vt 0.150059 0.017077
vt 0.873816 0.055485
vt 0.160539 0.207105
vt 0.001260 0.818674
vt 0.012580 0.816163
vt 0.005730 0.825059
vt 0.427913 0.467230
vt 0.010858 0.810014
vt 0.842973 0.298842
vt 0.707504 0.951247
vt 0.654260 0.396702
vt 0.620345 0.867671
vt 0.620144 0.891871
vt 0.610628 0.864492
vt 0.594086 0.894836
vt 0.637459 0.420722
vt 0.093518 0.891099
vt 0.977278 0.994313
vt 0.973754 0.993262
vt 0.655847 0.798763
vt 0.654923 0.802909
vt 0.632828 0.805569
vt 0.806255 0.960005
vt 0.617290 0.817114
vt 0.619672 0.806243
vt 0.611185 0.785187
vt 0.453859 0.884920
vt 0.087678 0.881466
vt 0.638713 0.814041
vt 0.866359 0.058771
vt 0.572595 0.887924
vt 0.011096 0.870878
vt 0.011096 0.886345
vt 0.004110 0.882077
vt 0.769530 0.193222
vt 0.000712 0.079323
vt 0.002487 0.076666
vt 0.005666 0.080455
vt 0.617884 0.426067
vt 0.655651 0.811108
vt 0.421800 0.874349
vt 0.103835 0.647016
vt 0.068221 0.981245
vt 0.062102 0.991843
vt 0.062038 0.974705
vt 0.972782 0.225528
vt 0.979438 0.245679
vt 0.964974 0.225412
vt 0.876332 0.060433
vt 0.388079 0.869427
vt 0.629551 0.822858
vt 0.617737 0.863557
vt 0.591169 0.454573
vt 0.034032 0.946576
vt 0.065179 0.996014
vt 0.061892 0.999931
vt 0.056970 0.996223
vt 0.602672 0.129357
vt 0.004724 0.378030
vt 0.000598 0.824636
vt 0.110445 0.645464
vt 0.584373 0.850489
vt 0.019352 0.934249
vt 0.123482 0.722972
vt 0.124468 0.718842
vt 0.642678 0.968751
vt 0.613057 0.799021
vt 0.884259 0.341085
vt 0.889126 0.321779
vt 0.899179 0.349295
vt 0.703922 0.927618
vt 0.404330 0.874179
vt 0.058616 0.584005
vt 0.058616 0.620253
vt 0.046301 0.606241
vt 0.637707 0.824344
vt 0.659130 0.805151
vt 0.374286 0.695619
vt 0.431188 0.459843
vt 0.125051 0.712301
vt 0.608532 0.860382
vt 0.153891 0.212854
vt 0.870997 0.063056
vt 0.987051 0.670773
vt 0.000048 0.074762
vt 0.983427 0.993832
vt 0.982287 0.989674
vt 0.006621 0.375042
vt 0.193455 0.901060
vt 0.220162 0.905397
vt 0.216329 0.909266
vt 0.997931 0.284801
vt 0.990521 0.290184
vt 0.989398 0.284575
vt 0.440131 0.861060
vt 0.628716 0.830531
vt 0.078583 0.443126
vt 0.996359 0.452068
vt 0.992193 0.455095
vt 0.989449 0.448098
vt 0.445369 0.883816
vt 0.022560 0.971760
vt 0.024560 0.980708
vt 0.013332 0.984794
vt 0.449240 0.891873
vt 0.298620 0.997375
vt 0.306409 0.996001
vt 0.310604 0.997409
vt 0.302191 0.042795
vt 0.313902 0.040790
vt 0.306041 0.047505
vt 0.421569 0.501219
vt 0.015000 0.077307
vt 0.013112 0.999044
vt 0.006148 0.999265
vt 0.008141 0.996174
vt 0.305424 0.031774
vt 0.298831 0.039608
vt 0.020128 0.123692
vt 0.020128 0.140543
vt 0.018899 0.148990
vt 0.599867 0.807092
vt 0.919866 0.354339
vt 0.559859 0.998203
vt 0.564462 0.999436
vt 0.556674 0.999769
vt 0.298551 0.021627
vt 0.294896 0.028703
vt 0.292015 0.020853
vt 0.989246 0.988513
vt 0.877905 0.062789
vt 0.606228 0.790490
vt 0.056050 0.641831
vt 0.044835 0.660135
vt 0.040757 0.646506
vt 0.661315 0.824678
vt 0.657118 0.819260
vt 0.014737 0.968803
vt 0.055105 0.740933
vt 0.057679 0.752184
vt 0.050547 0.757052
vt 0.575057 0.497797
vt 0.580084 0.498921
vt 0.572357 0.505844
vt 0.765942 0.193177
vt 0.426775 0.457279
vt 0.419960 0.454268
vt 0.711455 0.947765
vt 0.300026 0.772332
vt 0.301121 0.783485
vt 0.286348 0.794296
vt 0.012567 0.996871
vt 0.011450 0.115084
vt 0.019246 0.119584
vt 0.006081 0.119513
vt 0.115240 0.735540
vt 0.306304 0.773259
vt 0.303534 0.779275
vt 0.063092 0.738979
vt 0.059094 0.733471
vt 0.777789 0.210249
vt 0.774317 0.207313
vt 0.089702 0.885228
vt 0.290710 0.770243
vt 0.767838 0.196401
vt 0.635971 0.930243
vt 0.615580 0.932027
vt 0.589573 0.929098
vt 0.025751 0.551639
vt 0.033401 0.556995
vt 0.014749 0.557332
vt 0.887700 0.063706
vt 0.063894 0.751927
vt 0.024951 0.576224
vt 0.015212 0.566030
vt 0.022161 0.568559
vt 0.902989 0.314719
vt 0.001149 0.810570
vt 0.972123 0.090796
vt 0.971541 0.101124
vt 0.968338 0.102621
vt 0.636643 0.977910
vt 0.951135 0.088659
vt 0.613039 0.823923
vt 0.904094 0.995378
vt 0.895693 0.989275
vt 0.910186 0.983334
vt 0.425127 0.869259
vt 0.306029 0.788248
vt 0.050393 0.732505
vt 0.291113 0.799490
vt 0.087670 0.995266
vt 0.071985 0.995266
vt 0.081391 0.992570
vt 0.560547 0.511723
vt 0.068948 0.746909
vt 0.951655 0.228320
vt 0.963872 0.204112
vt 0.857000 0.055918
vt 0.207326 0.996019
vt 0.210226 0.998049
vt 0.200316 0.999626
vt 0.959096 0.977463
vt 0.963389 0.972347
vt 0.962876 0.979503
vt 0.850220 0.365670
vt 0.869934 0.370113
vt 0.854683 0.384916
vt 0.589526 0.118856
vt 0.445384 0.895040
vt 0.445691 0.889265
vt 0.009944 0.497417
vt 0.013152 0.506131
vt 0.007720 0.503209
vt 0.283467 0.781895
vt 0.143100 0.524525
vt 0.137720 0.516063
vt 0.144152 0.510472
vt 0.119443 0.996164
vt 0.113859 0.998768
vt 0.110157 0.996242
vt 0.208480 0.999926
vt 0.973427 0.080238
vt 0.951752 0.080870
vt 0.961237 0.074207
vt 0.913956 0.365077
vt 0.775972 0.214305
vt 0.163445 0.507314
vt 0.159170 0.504654
vt 0.162487 0.502993
vt 0.450572 0.893979
vt 0.313361 0.056187
vt 0.534628 0.009648
vt 0.526703 0.001639
vt 0.533515 0.003334
vt 0.284960 0.766988
vt 0.001040 0.498507
vt 0.084412 0.896090
vt 0.542988 0.510771
vt 0.523492 0.511502
vt 0.505335 0.500682
vt 0.012543 0.853861
vt 0.002871 0.852845
vt 0.002155 0.846088
vt 0.508381 0.507605
vt 0.145707 0.016002
vt 0.134412 0.015014
vt 0.167666 0.014915
vt 0.917406 0.335416
vt 0.562625 0.896597
vt 0.078055 0.422313
vt 0.099262 0.977702
vt 0.096699 0.985144
vt 0.085229 0.969746
vt 0.092596 0.448097
vt 0.296922 0.801046
vt 0.044363 0.671905
vt 0.880341 0.354799
vt 0.309182 0.021555
vt 0.119405 0.725500
vt 0.568939 0.519264
vt 0.310683 0.781687
vt 0.987472 0.126287
vt 0.997322 0.126287
vt 0.995283 0.134230
vt 0.055807 0.726019
vt 0.054448 0.718366
vt 0.775120 0.225315
vt 0.949909 0.065826
vt 0.842319 0.035249
vt 0.847637 0.053061
vt 0.085203 0.107767
vt 0.086870 0.100654
vt 0.091252 0.102049
vt 0.445516 0.898567
vt 0.108427 0.089638
vt 0.106217 0.082016
vt 0.110934 0.088462
vt 0.937780 0.079696
vt 0.942806 0.227019
vt 0.955181 0.206461
vt 0.944066 0.182603
vt 0.320963 0.028118
vt 0.427324 0.885194
vt 0.947285 0.096576
vt 0.633316 0.833995
vt 0.116550 0.732104
vt 0.143523 0.996031
vt 0.150200 0.996157
vt 0.150529 0.999914
vt 0.033710 0.975954
vt 0.878201 0.365607
vt 0.863669 0.392804
vt 0.018951 0.150008
vt 0.023456 0.149614
vt 0.019417 0.161229
vt 0.335724 0.292637
vt 0.344387 0.281513
vt 0.348008 0.289345
vt 0.281494 0.806822
vt 0.125644 0.077145
vt 0.071173 0.756316
vt 0.331149 0.036771
vt 0.153530 0.498943
vt 0.199537 0.954454
vt 0.988479 0.636357
vt 0.988479 0.624160
vt 0.996823 0.628352
vt 0.126068 0.635027
vt 0.600944 0.135847
vt 0.594847 0.130882
vt 0.648503 0.833815
vt 0.132699 0.637514
vt 0.275032 0.774295
vt 0.148972 0.638557
vt 0.353956 0.296969
vt 0.349721 0.308024
vt 0.340694 0.302934
vt 0.546068 0.522326
vt 0.958074 0.193751
vt 0.415343 0.461771
vt 0.140905 0.999354
vt 0.709858 0.990032
vt 0.724229 0.991289
vt 0.706081 0.991722
vt 0.935519 0.084052
vt 0.943217 0.978156
vt 0.959758 0.103336
vt 0.420392 0.492662
vt 0.275822 0.799759
vt 0.552637 0.520570
vt 0.356120 0.288445
vt 0.083413 0.755523
vt 0.614603 0.832269
vt 0.974429 0.196942
vt 0.917439 0.080129
vt 0.129581 0.515064
vt 0.551213 0.007374
vt 0.344648 0.326086
vt 0.582180 0.079249
vt 0.413730 0.477114
vt 0.480824 0.986700
vt 0.460383 0.986700
vt 0.473380 0.984917
vt 0.845614 0.375322
vt 0.925562 0.058436
vt 0.785410 0.296403
vt 0.497406 0.510683
vt 0.495862 0.517077
vt 0.524873 0.124806
vt 0.060874 0.372369
vt 0.067919 0.363586
vt 0.070442 0.371194
vt 0.911490 0.312342
vt 0.057531 0.368939
vt 0.025173 0.995318
vt 0.008785 0.995318
vt 0.020672 0.994545
vt 0.551764 0.013060
vt 0.311553 0.795742
vt 0.990594 0.204415
vt 0.996228 0.204415
vt 0.992071 0.207648
vt 0.312996 0.775126
vt 0.323270 0.775937
vt 0.564850 0.998036
vt 0.572504 0.998036
vt 0.568107 0.999936
vt 0.120926 0.900393
vt 0.104664 0.898963
vt 0.119635 0.896847
vt 0.928915 0.355663
vt 0.100144 0.625091
vt 0.120215 0.630090
vt 0.258280 0.999829
vt 0.248056 0.999829
vt 0.248736 0.996117
vt 0.036993 0.565691
vt 0.637597 0.969422
vt 0.078300 0.896945
vt 0.935181 0.092696
vt 0.119890 0.729806
vt 0.107754 0.053916
vt 0.894663 0.608334
vt 0.911165 0.580878
vt 0.909643 0.598328
vt 0.221457 0.889381
vt 0.829531 0.585292
vt 0.811078 0.577701
vt 0.834389 0.578631
vt 0.828679 0.560872
vt 0.875478 0.615393
vt 0.871200 0.589059
vt 0.507573 0.516126
vt 0.321417 0.769145
vt 0.072135 0.013975
vt 0.087891 0.011196
vt 0.104246 0.014146
vt 0.025354 0.584410
vt 0.047124 0.600920
vt 0.033460 0.602615
vt 0.598901 0.823635
vt 0.164637 0.495421
vt 0.187911 0.885220
vt 0.349524 0.274430
vt 0.911782 0.378269
vt 0.939297 0.972383
vt 0.110741 0.166278
vt 0.025626 0.640630
vt 0.022295 0.654666
vt 0.023791 0.645671
vt 0.162878 0.904336
vt 0.345930 0.257181
vt 0.830658 0.554422
vt 0.844299 0.566357
vt 0.276935 0.767557
vt 0.035274 0.669763
vt 0.035274 0.689864
vt 0.033657 0.700739
vt 0.930833 0.369397
vt 0.862334 0.061835
vt 0.856377 0.058239
vt 0.839924 0.579332
vt 0.218685 0.976028
vt 0.218685 0.969233
vt 0.241528 0.971802
vt 0.061335 0.358131
vt 0.417997 0.522488
vt 0.401343 0.868867
vt 0.997781 0.468775
vt 0.990055 0.474389
vt 0.990752 0.465297
vt 0.319024 0.786670
vt 0.086873 0.058625
vt 0.089575 0.055377
vt 0.530528 0.531412
vt 0.968060 0.109161
vt 0.836700 0.587322
vt 0.024970 0.169547
vt 0.847763 0.295427
vt 0.423823 0.764610
vt 0.419243 0.749754
vt 0.423739 0.748118
vt 0.387440 0.701578
vt 0.874407 0.362999
vt 0.367507 0.332091
vt 0.336553 0.337240
vt 0.144472 0.502820
vt 0.018880 0.201559
vt 0.018880 0.176039
vt 0.020146 0.184999
vt 0.610629 0.836709
vt 0.074779 0.354515
vt 0.077680 0.363516
vt 0.953778 0.103652
vt 0.901457 0.607051
vt 0.938524 0.053215
vt 0.833349 0.388617
vt 0.222233 0.912340
vt 0.053478 0.358702
vt 0.832743 0.546921
vt 0.160698 0.898143
vt 0.933712 0.391092
vt 0.930841 0.324121
vt 0.868752 0.574832
vt 0.566804 0.713613
vt 0.578135 0.709697
vt 0.578214 0.710442
vt 0.341394 0.987983
vt 0.334979 0.996812
vt 0.330679 0.992328
vt 0.003701 0.188526
vt 0.003855 0.176848
vt 0.014039 0.182494
vt 0.546361 0.531057
vt 0.924408 0.090662
vt 0.269715 0.791007
vt 0.850310 0.551906
vt 0.991587 0.173474
vt 0.989495 0.158834
vt 0.994227 0.165350
vt 0.365767 0.304825
vt 0.340651 0.038006
vt 0.003487 0.011827
vt 0.003487 0.023145
vt 0.001581 0.015673
vt 0.731765 0.207109
vt 0.712331 0.193095
vt 0.710581 0.185243
vt 0.986006 0.170653
vt 0.571119 0.536462
vt 0.018614 0.969462
vt 0.183650 0.859107
vt 0.181360 0.884245
vt 0.107949 0.509123
vt 0.551317 0.534101
vt 0.011366 0.769375
vt 0.014990 0.759418
vt 0.014386 0.782396
vt 0.149568 0.488643
vt 0.146594 0.499969
vt 0.259696 0.767337
vt 0.023667 0.641297
vt 0.849376 0.055296
vt 0.927614 0.339939
vt 0.943968 0.121460
vt 0.944991 0.108264
vt 0.949274 0.110807
vt 0.023892 0.992619
vt 0.031808 0.993311
vt 0.015836 0.993696
vt 0.127306 0.903714
vt 0.136606 0.900728
vt 0.142531 0.912167
vt 0.953335 0.107421
vt 0.003562 0.116040
vt 0.369808 0.299759
vt 0.433207 0.986012
vt 0.426874 0.994728
vt 0.417274 0.988105
vt 0.293140 0.995327
vt 0.283046 0.992698
vt 0.290371 0.993729
vt 0.942953 0.521574
vt 0.943558 0.540968
vt 0.921682 0.552970
vt 0.345593 0.021996
vt 0.012920 0.964521
vt 0.886330 0.629051
vt 0.968966 0.064536
vt 0.953749 0.052370
vt 0.369494 0.315814
vt 0.059322 0.596790
vt 0.063334 0.619543
vt 0.060201 0.638385
vt 0.982623 0.144946
vt 0.978250 0.144793
vt 0.983767 0.137365
vt 0.158070 0.485655
vt 0.847949 0.395436
vt 0.296782 0.992508
vt 0.222645 0.913380
vt 0.385507 0.694577
vt 0.995842 0.358811
vt 0.991486 0.360226
vt 0.991718 0.355942
vt 0.407318 0.465025
vt 0.940825 0.051399
vt 0.051875 0.350967
vt 0.062155 0.352890
vt 0.534458 0.643839
vt 0.537022 0.627368
vt 0.552914 0.625498
vt 0.628714 0.987947
vt 0.646502 0.987947
vt 0.635117 0.989752
vt 0.561764 0.010212
vt 0.694884 0.199759
vt 0.677863 0.204476
vt 0.682969 0.181841
vt 0.364347 0.290951
vt 0.969143 0.118672
vt 0.926803 0.315779
vt 0.827656 0.535230
vt 0.836774 0.525540
vt 0.446883 0.966352
vt 0.435507 0.968352
vt 0.440326 0.963965
vt 0.005042 0.170319
vt 0.000122 0.490182
vt 0.012549 0.490182
vt 0.004833 0.493599
vt 0.860529 0.591905
vt 0.983851 0.134623
vt 0.974173 0.127154
vt 0.980359 0.122649
vt 0.862494 0.605269
vt 0.987033 0.174162
vt 0.366885 0.340933
vt 0.858018 0.546694
vt 0.845467 0.615757
vt 0.866756 0.620677
vt 0.821723 0.502524
vt 0.828980 0.508134
vt 0.807267 0.512352
vt 0.004472 0.423020
vt 0.000703 0.417831
vt 0.008927 0.419384
vt 0.557199 0.630360
vt 0.937562 0.329796
vt 0.981487 0.138108
vt 0.362615 0.261990
vt 0.864308 0.559083
vt 0.931799 0.395676
vt 0.030945 0.167735
vt 0.125823 0.494291
vt 0.309023 0.811265
vt 0.134227 0.487138
vt 0.870769 0.586779
vt 0.152593 0.907140
vt 0.586156 0.707063
vt 0.070111 0.347089
vt 0.630808 0.969995
vt 0.621697 0.979107
vt 0.608421 0.969702
vt 0.112675 0.748676
vt 0.105508 0.732584
vt 0.114157 0.726528
vt 0.910489 0.605265
vt 0.906908 0.620537
vt 0.493766 0.525372
vt 0.318591 0.800767
vt 0.940089 0.339572
vt 0.375094 0.945687
vt 0.388612 0.929457
vt 0.383527 0.945392
vt 0.401593 0.041650
vt 0.400218 0.050474
vt 0.382302 0.041301
vt 0.084902 0.962490
vt 0.078192 0.954493
vt 0.107313 0.954551
vt 0.828167 0.601180
vt 0.959951 0.051373
vt 0.980154 0.197015
vt 0.014216 0.752445
vt 0.015688 0.735627
vt 0.015399 0.758544
vt 0.855649 0.632063
vt 0.026823 0.060360
vt 0.018058 0.073225
vt 0.010767 0.069349
vt 0.599769 0.701424
vt 0.553501 0.643914
vt 0.114725 0.924274
vt 0.010683 0.054438
vt 0.533383 0.638124
vt 0.508519 0.070405
vt 0.504419 0.065527
vt 0.533037 0.053494
vt 0.038110 0.602530
vt 0.481654 0.017924
vt 0.498317 0.016466
vt 0.521894 0.017999
vt 0.994318 0.720385
vt 0.992960 0.724115
vt 0.983888 0.720924
vt 0.833421 0.051218
vt 0.520439 0.626155
vt 0.006372 0.677172
vt 0.003951 0.686207
vt 0.003765 0.669090
vt 0.994380 0.141259
vt 0.809556 0.538252
vt 0.825387 0.548037
vt 0.938885 0.395433
vt 0.333257 0.784205
vt 0.332083 0.788053
vt 0.403759 0.511304
vt 0.044657 0.245782
vt 0.042968 0.235719
vt 0.056534 0.235719
vt 0.418804 0.963731
vt 0.915765 0.616593
vt 0.012588 0.076327
vt 0.375639 0.927917
vt 0.991370 0.833826
vt 0.995191 0.839084
vt 0.990111 0.839260
vt 0.006423 0.651432
vt 0.003207 0.663436
vt 0.003460 0.646245
vt 0.021510 0.629166
vt 0.939672 0.551009
vt 0.528779 0.057679
vt 0.503530 0.529495
vt 0.559413 0.537753
vt 0.589398 0.810436
vt 0.021325 0.886996
vt 0.042967 0.888551
vt 0.036352 0.892465
vt 0.592393 0.705009
vt 0.912351 0.647132
vt 0.910339 0.652953
vt 0.894657 0.665818
vt 0.823271 0.559985
vt 0.800872 0.525321
vt 0.946635 0.717429
vt 0.969798 0.724701
vt 0.972546 0.738408
vt 0.848611 0.264404
vt 0.019712 0.175272
vt 0.921912 0.045094
vt 0.917162 0.065981
vt 0.917789 0.047040
vt 0.922034 0.646428
vt 0.914102 0.633621
vt 0.408309 0.493963
vt 0.225642 0.992477
vt 0.240146 0.992477
vt 0.232173 0.994345
vt 0.853873 0.400898
vt 0.571961 0.526671
vt 0.896179 0.646053
vt 0.872974 0.580395
vt 0.386656 0.905808
vt 0.395306 0.906799
vt 0.953401 0.699567
vt 0.954555 0.703298
vt 0.949474 0.700982
vt 0.018442 0.999439
vt 0.022642 0.997013
vt 0.025653 0.999353
vt 0.095226 0.964412
vt 0.028109 0.242068
vt 0.841261 0.054144
vt 0.413970 0.454448
vt 0.405674 0.457414
vt 0.577665 0.101606
vt 0.082656 0.342123
vt 0.083452 0.346880
vt 0.204016 0.982113
vt 0.182704 0.982113
vt 0.198634 0.980887
vt 0.877017 0.574497
vt 0.956448 0.714324
vt 0.877347 0.641065
vt 0.512392 0.113991
vt 0.501980 0.073096
vt 0.288248 0.997216
vt 0.276374 0.997216
vt 0.282320 0.996702
vt 0.013263 0.762079
vt 0.571867 0.134900
vt 0.976749 0.143658
vt 0.966172 0.126635
vt 0.570889 0.641152
vt 0.572128 0.630460
vt 0.581969 0.817747
vt 0.115399 0.768672
vt 0.095807 0.735324
vt 0.933484 0.654318
vt 0.923331 0.655465
vt 0.411391 0.862905
vt 0.045071 0.886551
vt 0.842737 0.406929
vt 0.052226 0.344507
vt 0.006938 0.620690
vt 0.003146 0.618691
vt 0.005342 0.612658
vt 0.921523 0.064711
vt 0.605246 0.982439
vt 0.611175 0.983167
vt 0.609807 0.995260
vt 0.205395 0.985994
vt 0.223572 0.982789
vt 0.227448 0.986801
vt 0.418707 0.741279
vt 0.424192 0.728774
vt 0.406735 0.481998
vt 0.996208 0.546808
vt 0.991628 0.546808
vt 0.992306 0.542903
vt 0.925547 0.644435
vt 0.920933 0.039942
vt 0.916488 0.039239
vt 0.958861 0.186990
vt 0.965307 0.190953
vt 0.408783 0.049840
vt 0.919201 0.623182
vt 0.099154 0.639067
vt 0.094995 0.631418
vt 0.099046 0.628019
vt 0.412566 0.448094
vt 0.614116 0.677791
vt 0.604187 0.686604
vt 0.601278 0.666056
vt 0.498632 0.066555
vt 0.400061 0.032005
vt 0.801296 0.539275
vt 0.785452 0.319367
vt 0.791487 0.329169
vt 0.775361 0.322248
vt 0.026628 0.445294
vt 0.008851 0.445294
vt 0.021648 0.440667
vt 0.006990 0.603334
vt 0.496166 0.069640
vt 0.562841 0.003748
vt 0.049888 0.664201
vt 0.055879 0.645764
vt 0.054929 0.668689
vt 0.582098 0.536199
vt 0.068010 0.338602
vt 0.549179 0.986788
vt 0.545071 0.981891
vt 0.555247 0.984457
vt 0.970189 0.053938
vt 0.866088 0.545531
vt 0.564914 0.981788
vt 0.928084 0.049269
vt 0.040154 0.287047
vt 0.049584 0.292728
vt 0.042280 0.289937
vt 0.963061 0.548712
vt 0.595961 0.683812
vt 0.006016 0.335902
vt 0.002226 0.334743
vt 0.007404 0.333130
vt 0.037308 0.153722
vt 0.973914 0.058921
vt 0.938843 0.322873
vt 0.537696 0.539759
vt 0.876857 0.416001
vt 0.847491 0.517184
vt 0.668975 0.207038
vt 0.912389 0.637682
vt 0.409251 0.720036
vt 0.409145 0.730380
vt 0.422426 0.711753
vt 0.492293 0.071966
vt 0.496990 0.073067
vt 0.790040 0.537391
vt 0.391231 0.456079
vt 0.408912 0.444535
vt 0.020258 0.415438
vt 0.024181 0.413773
vt 0.015889 0.439750
vt 0.372397 0.259154
vt 0.395834 0.289019
vt 0.550758 0.545345
vt 0.024647 0.283364
vt 0.024647 0.304573
vt 0.013366 0.300953
vt 0.400989 0.061805
vt 0.371747 0.062046
vt 0.366486 0.055790
vt 0.989489 0.994964
vt 0.992753 0.997704
vt 0.985959 0.997939
vt 0.777130 0.330093
vt 0.567063 0.001639
vt 0.683608 0.171011
vt 0.672015 0.199763
vt 0.059760 0.684190
vt 0.047651 0.679039
vt 0.970600 0.510000
vt 0.984980 0.591270
vt 0.984980 0.571426
vt 0.994239 0.586365
vt 0.811271 0.569541
vt 0.109755 0.773642
vt 0.103449 0.758810
vt 0.013220 0.615101
vt 0.015555 0.606388
vt 0.012778 0.625392
vt 0.569675 0.543224
vt 0.879786 0.570848
vt 0.310277 0.815373
vt 0.702307 0.170635
vt 0.725285 0.185139
vt 0.497170 0.536379
vt 0.881268 0.573492
vt 0.488628 0.531542
vt 0.030234 0.434519
vt 0.916536 0.079437
vt 0.616209 0.696988
vt 0.099330 0.911195
vt 0.974097 0.052664
vt 0.854572 0.412858
vt 0.401179 0.472450
vt 0.250375 0.962802
vt 0.234197 0.961598
vt 0.227199 0.951922
vt 0.849813 0.264435
vt 0.704384 0.924566
vt 0.696641 0.927442
vt 0.677196 0.921160
vt 0.833220 0.076188
vt 0.820273 0.074791
vt 0.829646 0.068918
vt 0.037359 0.117153
vt 0.037359 0.146912
vt 0.036134 0.139836
vt 0.864244 0.539951
vt 0.871657 0.540990
vt 0.419014 0.046987
vt 0.410088 0.690028
vt 0.383462 0.303984
vt 0.806036 0.379613
vt 0.391215 0.476886
vt 0.681505 0.926511
vt 0.343861 0.788928
vt 0.336698 0.789137
vt 0.564500 0.107280
vt 0.899327 0.659365
vt 0.888386 0.658988
vt 0.003285 0.619882
vt 0.004825 0.625630
vt 0.003600 0.637086
vt 0.522955 0.645738
vt 0.485455 0.065812
vt 0.547719 0.988560
vt 0.541408 0.997248
vt 0.539457 0.991863
vt 0.319912 0.808814
vt 0.941373 0.123967
vt 0.984596 0.165059
vt 0.975758 0.158996
vt 0.983287 0.157885
vt 0.571528 0.084738
vt 0.426627 0.712678
vt 0.033460 0.830662
vt 0.033460 0.799850
vt 0.039018 0.817383
vt 0.511794 0.632254
vt 0.040956 0.311888
vt 0.517941 0.545097
vt 0.331542 0.799191
vt 0.934931 0.034844
vt 0.018925 0.202469
vt 0.020609 0.206081
vt 0.020088 0.227840
vt 0.673381 0.921076
vt 0.676490 0.927593
vt 0.937072 0.632224
vt 0.285360 0.936638
vt 0.275856 0.945401
vt 0.276302 0.925324
vt 0.095362 0.928292
vt 0.018844 0.118040
vt 0.015117 0.113096
vt 0.017890 0.107148
vt 0.967425 0.503925
vt 0.138418 0.479034
vt 0.919065 0.595712
vt 0.152186 0.472568
vt 0.096333 0.592560
vt 0.114050 0.490114
vt 0.989598 0.902902
vt 0.986315 0.915153
vt 0.985835 0.895287
vt 0.944945 0.040910
vt 0.058930 0.398663
vt 0.051449 0.414365
vt 0.053699 0.399671
vt 0.792755 0.547618
vt 0.841171 0.053200
vt 0.045357 0.675074
vt 0.391478 0.499628
vt 0.069267 0.966720
vt 0.061486 0.969925
vt 0.057302 0.967974
vt 0.642829 0.704973
vt 0.962983 0.156131
vt 0.819163 0.090184
vt 0.808986 0.092873
vt 0.813533 0.081866
vt 0.826570 0.059123
vt 0.134114 0.927989
vt 0.937487 0.398562
vt 0.593018 0.059306
vt 0.577490 0.059785
vt 0.599021 0.051250
vt 0.979929 0.102666
vt 0.585282 0.545842
vt 0.564873 0.561293
vt 0.970546 0.558096
vt 0.956704 0.562235
vt 0.127534 0.477135
vt 0.802700 0.087782
vt 0.794266 0.098679
vt 0.083093 0.969492
vt 0.065456 0.333155
vt 0.941211 0.141805
vt 0.983538 0.572684
vt 0.976695 0.559579
vt 0.665674 0.928414
vt 0.565554 0.666897
vt 0.403222 0.028650
vt 0.822792 0.434846
vt 0.923462 0.077025
vt 0.968303 0.520058
vt 0.791367 0.336685
vt 0.013699 0.100243
vt 0.021273 0.099902
vt 0.996931 0.894752
vt 0.994989 0.900484
vt 0.992703 0.898299
vt 0.533346 0.997421
vt 0.533346 0.986866
vt 0.535585 0.989742
vt 0.828391 0.607942
vt 0.811417 0.593520
vt 0.808356 0.575963
vt 0.948795 0.030265
vt 0.954268 0.030941
vt 0.814783 0.571838
vt 0.040595 0.678491
vt 0.080775 0.625857
vt 0.091780 0.670645
vt 0.102729 0.686279
vt 0.103258 0.698344
vt 0.255821 0.948476
vt 0.144283 0.173572
vt 0.142878 0.201056
vt 0.139106 0.199514
vt 0.046222 0.373727
vt 0.050784 0.373268
vt 0.984606 0.101034
vt 0.992878 0.900172
vt 0.943654 0.723884
vt 0.870447 0.979747
vt 0.889310 0.979747
vt 0.886903 0.984774
vt 0.484761 0.537683
vt 0.976090 0.516481
vt 0.605138 0.076787
vt 0.603718 0.061465
vt 0.525574 0.546538
vt 0.004733 0.574301
vt 0.015127 0.568244
vt 0.010099 0.576254
vt 0.146402 0.927927
vt 0.970645 0.548407
vt 0.496475 0.659209
vt 0.938241 0.027000
vt 0.603762 0.708377
vt 0.633870 0.678229
vt 0.022636 0.576713
vt 0.665262 0.921097
vt 0.936877 0.402306
vt 0.074845 0.336117
vt 0.002208 0.297597
vt 0.006390 0.288628
vt 0.006915 0.302857
vt 0.975143 0.755648
vt 0.011308 0.603194
vt 0.981762 0.121253
vt 0.984688 0.109555
vt 0.984144 0.119393
vt 0.403910 0.704936
vt 0.814546 0.071590
vt 0.077711 0.569595
vt 0.091621 0.591753
vt 0.076651 0.581714
vt 0.653446 0.920546
vt 0.055949 0.294253
vt 0.059990 0.304725
vt 0.632785 0.711000
vt 0.278031 0.947277
vt 0.011028 0.466359
vt 0.000629 0.469738
vt 0.000796 0.456263
vt 0.573375 0.661820
vt 0.973175 0.499794
vt 0.795688 0.332271
vt 0.056480 0.333328
vt 0.639796 0.714585
vt 0.609845 0.050955
vt 0.788380 0.554701
vt 0.083311 0.740984
vt 0.077317 0.723154
vt 0.083311 0.724680
vt 0.988370 0.894793
vt 0.534857 0.550087
vt 0.664864 0.144746
vt 0.674708 0.144605
vt 0.386237 0.469005
vt 0.464700 0.048198
vt 0.848328 0.256666
vt 0.497301 0.642314
vt 0.488865 0.655134
vt 0.765846 0.342212
vt 0.552282 0.554744
vt 0.097192 0.767484
vt 0.530631 0.551961
vt 0.254722 0.963397
vt 0.986380 0.126906
vt 0.616838 0.066924
vt 0.062845 0.712290
vt 0.066655 0.716542
vt 0.062572 0.731922
vt 0.656773 0.692116
vt 0.378041 0.065602
vt 0.991386 0.333346
vt 0.991780 0.328590
vt 0.996071 0.330591
vt 0.627960 0.049484
vt 0.985862 0.136264
vt 0.100129 0.718173
vt 0.092560 0.721650
vt 0.343953 0.804779
vt 0.233746 0.940809
vt 0.485091 0.653668
vt 0.051214 0.899724
vt 0.053515 0.910119
vt 0.041111 0.912983
vt 0.575530 0.660066
vt 0.388601 0.323733
vt 0.881816 0.240367
vt 0.884701 0.253595
vt 0.874867 0.242698
vt 0.428084 0.688973
vt 0.647974 0.705516
vt 0.297386 0.934913
vt 0.288599 0.920437
vt 0.077204 0.547629
vt 0.091036 0.557834
vt 0.996450 0.333141
vt 0.487467 0.998098
vt 0.494428 0.999325
vt 0.484284 0.999874
vt 0.840901 0.714241
vt 0.848365 0.701371
vt 0.857264 0.715193
vt 0.129936 0.174314
vt 0.142156 0.170808
vt 0.425829 0.695249
vt 0.777567 0.550719
vt 0.868493 0.430230
vt 0.067188 0.391813
vt 0.067469 0.398465
vt 0.484739 0.545452
vt 0.504706 0.659471
vt 0.641524 0.052026
vt 0.869650 0.703941
vt 0.874861 0.714635
vt 0.862237 0.715025
vt 0.981185 0.521889
vt 0.607587 0.709202
vt 0.854855 0.429087
vt 0.049258 0.921021
vt 0.145263 0.149690
vt 0.553404 0.133701
vt 0.635898 0.722185
vt 0.629906 0.721756
vt 0.636639 0.719121
vt 0.592890 0.034019
vt 0.614956 0.044568
vt 0.094038 0.722859
vt 0.404268 0.190239
vt 0.395399 0.216542
vt 0.391366 0.199150
vt 0.384946 0.227698
vt 0.386860 0.217890
vt 0.391538 0.235531
vt 0.039713 0.639470
vt 0.026892 0.626923
vt 0.039713 0.624527
vt 0.030331 0.640598
vt 0.978794 0.503228
vt 0.992388 0.133576
vt 0.071316 0.743769
vt 0.667862 0.140468
vt 0.369242 0.225356
vt 0.095098 0.742731
vt 0.385705 0.336337
vt 0.126693 0.181608
vt 0.980588 0.503873
vt 0.398282 0.223664
vt 0.403750 0.065462
vt 0.365868 0.985374
vt 0.360735 0.986749
vt 0.345232 0.985414
vt 0.425807 0.027914
vt 0.389033 0.489801
vt 0.641889 0.044585
vt 0.011290 0.147650
vt 0.017970 0.138110
vt 0.018107 0.157886
vt 0.805181 0.068459
vt 0.040012 0.612316
vt 0.564219 0.984377
vt 0.574704 0.986226
vt 0.555048 0.985717
vt 0.888680 0.251078
vt 0.935419 0.125884
vt 0.436922 0.031995
vt 0.442838 0.052167
vt 0.892304 0.256532
vt 0.063837 0.297388
vt 0.934299 0.141199
vt 0.401468 0.171573
vt 0.383576 0.181381
vt 0.392597 0.154169
vt 0.553190 0.085488
vt 0.802211 0.057235
vt 0.792127 0.052692
vt 0.817137 0.044885
vt 0.282703 0.993568
vt 0.285150 0.995281
vt 0.271362 0.994722
vt 0.413477 0.704228
vt 0.090886 0.764519
vt 0.491796 0.664911
vt 0.313299 0.925526
vt 0.573774 0.552771
vt 0.498800 0.550060
vt 0.394374 0.299291
vt 0.067347 0.289219
vt 0.811496 0.056835
vt 0.385166 0.348757
vt 0.883547 0.257817
vt 0.791445 0.566440
vt 0.791711 0.081949
vt 0.659065 0.700585
vt 0.223955 0.981729
vt 0.206112 0.981729
vt 0.202806 0.980257
vt 0.317149 0.935711
vt 0.625812 0.038058
vt 0.120244 0.693297
vt 0.220234 0.992633
vt 0.214287 0.993682
vt 0.205514 0.992996
vt 0.362891 0.364802
vt 0.379253 0.359632
vt 0.078830 0.751255
vt 0.412711 0.057143
vt 0.389621 0.311956
vt 0.779135 0.541152
vt 0.763290 0.553138
vt 0.477701 0.542005
vt 0.480000 0.663618
vt 0.095563 0.755525
vt 0.450282 0.991228
vt 0.450282 0.985964
vt 0.463047 0.987971
vt 0.472956 0.066630
vt 0.463251 0.063808
vt 0.370534 0.195884
vt 0.061663 0.243097
vt 0.057538 0.236343
vt 0.061082 0.236460
vt 0.887633 0.261298
vt 0.645014 0.033705
vt 0.948375 0.961485
vt 0.974161 0.954576
vt 0.977118 0.962809
vt 0.663476 0.692186
vt 0.540311 0.555849
vt 0.774305 0.558270
vt 0.521160 0.675001
vt 0.867462 0.443368
vt 0.045728 0.253266
vt 0.367047 0.212970
vt 0.417612 0.048805
vt 0.425052 0.060235
vt 0.832354 0.723573
vt 0.017611 0.407883
vt 0.004690 0.407883
vt 0.014530 0.406105
vt 0.820385 0.631789
vt 0.787155 0.592022
vt 0.875859 0.982850
vt 0.888460 0.986693
vt 0.881489 0.989103
vt 0.356865 0.228759
vt 0.373917 0.485323
vt 0.131068 0.202121
vt 0.795415 0.349307
vt 0.695417 0.145390
vt 0.889896 0.701563
vt 0.990145 0.501945
vt 0.987529 0.507556
vt 0.988087 0.493389
vt 0.886311 0.224157
vt 0.515572 0.555538
vt 0.080476 0.247166
vt 0.504416 0.672554
vt 0.926461 0.736269
vt 0.923405 0.728283
vt 0.422978 0.684789
vt 0.992197 0.507624
vt 0.057723 0.918377
vt 0.527248 0.556038
vt 0.796741 0.584605
vt 0.876506 0.228220
vt 0.486393 0.671300
vt 0.867826 0.460039
vt 0.801111 0.062682
vt 0.596231 0.980827
vt 0.615629 0.980827
vt 0.599180 0.982174
vt 0.121008 0.469197
vt 0.109248 0.978777
vt 0.104220 0.979217
vt 0.108022 0.970099
vt 0.850695 0.694794
vt 0.372050 0.495774
vt 0.430724 0.050642
vt 0.062238 0.253048
vt 0.790193 0.030864
vt 0.801436 0.026091
vt 0.797296 0.039001
vt 0.546495 0.082667
vt 0.010391 0.446198
vt 0.010487 0.461140
vt 0.008127 0.461557
vt 0.814900 0.030531
vt 0.130217 0.687949
vt 0.617804 0.034174
vt 0.939364 0.771601
vt 0.910073 0.727543
vt 0.082009 0.391780
vt 0.005364 0.832454
vt 0.006991 0.835057
vt 0.002639 0.833847
vt 0.388917 0.116798
vt 0.394702 0.111921
vt 0.395473 0.124496
vt 0.329443 0.009065
vt 0.330525 0.006692
vt 0.345776 0.006692
vt 0.049886 0.936059
vt 0.771728 0.350720
vt 0.632442 0.970114
vt 0.632182 0.985054
vt 0.620979 0.985284
vt 0.495644 0.671265
vt 0.395885 0.137775
vt 0.434413 0.321909
vt 0.436295 0.325685
vt 0.430706 0.342753
vt 0.724273 0.154660
vt 0.189757 0.992558
vt 0.204567 0.992558
vt 0.194854 0.994264
vt 0.311225 0.002085
vt 0.338502 0.966811
vt 0.309750 0.966811
vt 0.320340 0.965778
vt 0.349191 0.003363
vt 0.486848 0.981190
vt 0.476560 0.980290
vt 0.496070 0.980325
vt 0.911642 0.111206
vt 0.915595 0.096084
vt 0.937407 0.094390
vt 0.375607 0.176666
vt 0.008596 0.281808
vt 0.007578 0.293448
vt 0.007116 0.274216
vt 0.126340 0.467732
vt 0.959404 0.778892
vt 0.882384 0.992378
vt 0.878856 0.996296
vt 0.875345 0.984444
vt 0.893472 0.264394
vt 0.141236 0.455708
vt 0.788180 0.042069
vt 0.775564 0.033913
vt 0.060979 0.228357
vt 0.042648 0.203661
vt 0.059868 0.197393
vt 0.005732 0.448668
vt 0.778459 0.568809
vt 0.006940 0.599888
vt 0.003197 0.610171
vt 0.003748 0.592566
vt 0.664548 0.135922
vt 0.669540 0.128893
vt 0.045392 0.233506
vt 0.996380 0.364375
vt 0.991380 0.373034
vt 0.990949 0.361358
vt 0.378296 0.160648
vt 0.779836 0.056917
vt 0.935906 0.111693
vt 0.358701 0.204669
vt 0.883300 0.278414
vt 0.995750 0.360873
vt 0.091446 0.773725
vt 0.670158 0.119885
vt 0.074899 0.300181
vt 0.518841 0.558243
vt 0.471484 0.546917
vt 0.104818 0.708495
vt 0.996891 0.937011
vt 0.986890 0.929745
vt 0.996243 0.921580
vt 0.908789 0.729165
vt 0.089941 0.970324
vt 0.034877 0.651051
vt 0.038213 0.645275
vt 0.043849 0.663590
vt 0.533615 0.564269
vt 0.126649 0.701200
vt 0.035706 0.976225
vt 0.038373 0.984432
vt 0.020421 0.984748
vt 0.812206 0.341853
vt 0.047460 0.323698
vt 0.711204 0.131279
vt 0.791144 0.989747
vt 0.784235 0.987895
vt 0.802689 0.987445
vt 0.992770 0.026231
vt 0.977326 0.026231
vt 0.990066 0.022426
vt 0.291559 0.967239
vt 0.301534 0.969912
vt 0.283343 0.969877
vt 0.752183 0.044758
vt 0.127885 0.166583
vt 0.377339 0.511062
vt 0.790451 0.071209
vt 0.453580 0.051972
vt 0.418330 0.673301
vt 0.673947 0.693476
vt 0.561711 0.562672
vt 0.382198 0.137442
vt 0.108491 0.477166
vt 0.911852 0.099977
vt 0.272718 0.969306
vt 0.020720 0.483352
vt 0.007643 0.482437
vt 0.022261 0.471032
vt 0.032682 0.752011
vt 0.021897 0.735722
vt 0.032842 0.731738
vt 0.012512 0.216174
vt 0.014257 0.207942
vt 0.017120 0.203534
vt 0.443448 0.064403
vt 0.430650 0.065253
vt 0.114748 0.172466
vt 0.989012 0.156458
vt 0.986068 0.165578
vt 0.984506 0.157091
vt 0.340283 0.218465
vt 0.384458 0.520100
vt 0.429539 0.305731
vt 0.212041 0.969126
vt 0.205476 0.979722
vt 0.190288 0.969087
vt 0.619102 0.303075
vt 0.630420 0.311728
vt 0.625610 0.326100
vt 0.777723 0.080705
vt 0.398868 0.320016
vt 0.433536 0.073161
vt 0.823688 0.332542
vt 0.875594 0.208830
vt 0.768982 0.046638
vt 0.904460 0.268545
vt 0.010250 0.204463
vt 0.013424 0.197409
vt 0.013575 0.201388
vt 0.032315 0.727462
vt 0.380461 0.010834
vt 0.373468 0.018674
vt 0.370031 0.015237
vt 0.122797 0.204593
vt 0.789896 0.049428
vt 0.991834 0.135337
vt 0.993890 0.139372
vt 0.987356 0.137136
vt 0.009390 0.353572
vt 0.000747 0.353572
vt 0.006599 0.339789
vt 0.106017 0.479829
vt 0.397450 0.550331
vt 0.410181 0.566050
vt 0.384497 0.555075
vt 0.348660 0.210196
vt 0.380209 0.383083
vt 0.886546 0.993328
vt 0.550448 0.019252
vt 0.549986 0.013971
vt 0.559938 0.017690
vt 0.356148 0.534834
vt 0.366550 0.500146
vt 0.370713 0.525211
vt 0.796194 0.355607
vt 0.820404 0.964895
vt 0.828038 0.977021
vt 0.808460 0.979681
vt 0.052178 0.321051
vt 0.407541 0.304431
vt 0.383102 0.536006
vt 0.213158 0.973029
vt 0.405582 0.236396
vt 0.417522 0.250907
vt 0.411918 0.258882
vt 0.479174 0.673335
vt 0.924359 0.127920
vt 0.377631 0.551116
vt 0.415809 0.674975
vt 0.558537 0.567079
vt 0.029475 0.645938
vt 0.362672 0.184157
vt 0.885362 0.689146
vt 0.825462 0.336886
vt 0.535353 0.011158
vt 0.530177 0.018912
vt 0.655358 0.115651
vt 0.525869 0.018997
vt 0.519636 0.015037
vt 0.397024 0.006161
vt 0.398825 0.017800
vt 0.385851 0.012345
vt 0.607634 0.970058
vt 0.580404 0.970058
vt 0.592228 0.968108
vt 0.186311 0.482179
vt 0.164297 0.452597
vt 0.184673 0.454477
vt 0.492228 0.681771
vt 0.261430 0.995373
vt 0.247440 0.995373
vt 0.258294 0.993983
vt 0.037649 0.385683
vt 0.038169 0.363936
vt 0.042524 0.375688
vt 0.022352 0.384504
vt 0.887450 0.213532
vt 0.482797 0.680923
vt 0.421456 0.280408
vt 0.210618 0.462883
vt 0.218949 0.470550
vt 0.211892 0.489337
vt 0.421406 0.631890
vt 0.434337 0.619630
vt 0.431909 0.631785
vt 0.599642 0.987245
vt 0.603613 0.986401
vt 0.599631 0.996873
vt 0.447274 0.371444
vt 0.427965 0.356648
vt 0.468230 0.383096
vt 0.359894 0.484098
vt 0.359905 0.506704
vt 0.117854 0.782925
vt 0.086942 0.806873
vt 0.092888 0.784464
vt 0.408888 0.293653
vt 0.798801 0.041767
vt 0.799529 0.049009
vt 0.368038 0.911465
vt 0.371278 0.929695
vt 0.359313 0.916502
vt 0.865864 0.685924
vt 0.850792 0.685772
vt 0.813624 0.043278
vt 0.102570 0.995275
vt 0.106653 0.992561
vt 0.116891 0.992561
vt 0.891812 0.221624
vt 0.232294 0.995430
vt 0.237950 0.994433
vt 0.246672 0.995113
vt 0.133435 0.458898
vt 0.170526 0.508834
vt 0.151064 0.450247
vt 0.731870 0.112722
vt 0.669700 0.096124
vt 0.409492 0.014204
vt 0.167163 0.958452
vt 0.160214 0.960733
vt 0.158378 0.952094
vt 0.910738 0.280780
vt 0.419946 0.323128
vt 0.616244 0.328414
vt 0.604437 0.317474
vt 0.612643 0.320052
vt 0.368950 0.176908
vt 0.044385 0.026689
vt 0.038092 0.019700
vt 0.049328 0.017715
vt 0.409928 0.591269
vt 0.436603 0.599607
vt 0.406616 0.603435
vt 0.006953 0.672018
vt 0.004198 0.667247
vt 0.006695 0.654895
vt 0.764032 0.352005
vt 0.777731 0.366512
vt 0.026751 0.009882
vt 0.025906 0.005092
vt 0.043025 0.004632
vt 0.025823 0.933583
vt 0.007629 0.933583
vt 0.012000 0.923487
vt 0.063398 0.027840
vt 0.996447 0.592955
vt 0.984293 0.592955
vt 0.992356 0.589508
vt 0.054158 0.866829
vt 0.054158 0.899010
vt 0.043663 0.882741
vt 0.094850 0.133148
vt 0.103219 0.142286
vt 0.088203 0.141714
vt 0.103235 0.782672
vt 0.370366 0.170218
vt 0.052423 0.052794
vt 0.051247 0.064139
vt 0.050135 0.046958
vt 0.423318 0.371231
vt 0.847157 0.682598
vt 0.193891 0.902427
vt 0.200263 0.907827
vt 0.183844 0.915305
vt 0.546530 0.685197
vt 0.561906 0.676085
vt 0.179264 0.509965
vt 0.039310 0.089072
vt 0.026355 0.082562
vt 0.030130 0.064803
vt 0.228197 0.482556
vt 0.379698 0.980378
vt 0.388219 0.980378
vt 0.382386 0.986677
vt 0.760691 0.559817
vt 0.447196 0.057031
vt 0.981135 0.092102
vt 0.991163 0.035230
vt 0.990658 0.093649
vt 0.762755 0.831441
vt 0.754686 0.825521
vt 0.762493 0.825306
vt 0.025535 0.582361
vt 0.027823 0.579212
vt 0.048464 0.599860
vt 0.031587 0.574680
vt 0.086738 0.382490
vt 0.094286 0.371711
vt 0.097657 0.400525
vt 0.424969 0.388084
vt 0.707573 0.926449
vt 0.704753 0.915923
vt 0.731786 0.923611
vt 0.853733 0.966427
vt 0.864569 0.959838
vt 0.866539 0.971009
vt 0.405032 0.018432
vt 0.422074 0.577736
vt 0.409077 0.574320
vt 0.065021 0.233929
vt 0.497334 0.852139
vt 0.520073 0.848129
vt 0.569569 0.852834
vt 0.498263 0.683984
vt 0.454364 0.999926
vt 0.454364 0.991514
vt 0.462879 0.999593
vt 0.971838 0.034076
vt 0.036360 0.122060
vt 0.034597 0.101910
vt 0.035725 0.092334
vt 0.823313 0.963125
vt 0.092321 0.777534
vt 0.040260 0.112857
vt 0.058510 0.095232
vt 0.049329 0.124002
vt 0.078162 0.544687
vt 0.081149 0.525586
vt 0.085849 0.532061
vt 0.754357 0.832501
vt 0.764405 0.578858
vt 0.753940 0.917759
vt 0.730845 0.917629
vt 0.846968 0.002155
vt 0.858413 0.010170
vt 0.821669 0.009496
vt 0.407220 0.085703
vt 0.431203 0.081811
vt 0.089031 0.545351
vt 0.014505 0.373943
vt 0.000700 0.373943
vt 0.009343 0.370608
vt 0.083899 0.781299
vt 0.421806 0.582853
vt 0.746286 0.556018
vt 0.979467 0.146130
vt 0.012344 0.356165
vt 0.018020 0.340442
vt 0.024144 0.353657
vt 0.098904 0.362490
vt 0.103466 0.369542
vt 0.096190 0.534358
vt 0.022586 0.663475
vt 0.026247 0.684238
vt 0.021903 0.688780
vt 0.187855 0.532995
vt 0.026343 0.645731
vt 0.026343 0.671045
vt 0.022314 0.658935
vt 0.029173 0.898030
vt 0.043344 0.890175
vt 0.027614 0.913170
vt 0.474837 0.682594
vt 0.177416 0.923592
vt 0.176191 0.904146
vt 0.997819 0.744161
vt 0.997311 0.756683
vt 0.989003 0.750567
vt 0.068544 0.111426
vt 0.028123 0.672515
vt 0.144661 0.944995
vt 0.606175 0.928354
vt 0.553988 0.915411
vt 0.577090 0.911562
vt 0.042561 0.175415
vt 0.038494 0.187929
vt 0.028397 0.173897
vt 0.629198 0.295903
vt 0.635457 0.309410
vt 0.355192 0.925532
vt 0.400333 0.983907
vt 0.043078 0.578786
vt 0.216124 0.424309
vt 0.214776 0.432505
vt 0.204564 0.429035
vt 0.210328 0.455429
vt 0.221734 0.454350
vt 0.211977 0.461808
vt 0.438545 0.584855
vt 0.768997 0.369345
vt 0.907403 0.103776
vt 0.905478 0.113546
vt 0.028204 0.338716
vt 0.474648 0.675119
vt 0.407702 0.391234
vt 0.410867 0.373477
vt 0.996450 0.631182
vt 0.996450 0.636937
vt 0.989865 0.636712
vt 0.930549 0.127466
vt 0.371455 0.159151
vt 0.850344 0.978793
vt 0.844706 0.977282
vt 0.852268 0.976597
vt 0.445994 0.609896
vt 0.068775 0.095825
vt 0.061685 0.089861
vt 0.224139 0.415440
vt 0.235437 0.393360
vt 0.226954 0.420699
vt 0.106876 0.389223
vt 0.032134 0.031354
vt 0.225360 0.465229
vt 0.228172 0.449849
vt 0.203768 0.460288
vt 0.226453 0.437418
vt 0.606144 0.911483
vt 0.989615 0.146844
vt 0.413728 0.312054
vt 0.223181 0.431532
vt 0.027864 0.363443
vt 0.035856 0.364283
vt 0.024962 0.378948
vt 0.154168 0.534436
vt 0.190374 0.934938
vt 0.062095 0.019496
vt 0.375742 0.124732
vt 0.408850 0.273693
vt 0.087011 0.520757
vt 0.395519 0.363103
vt 0.464541 0.989430
vt 0.131229 0.979467
vt 0.124122 0.986575
vt 0.110027 0.980170
vt 0.146148 0.866773
vt 0.158306 0.854827
vt 0.154801 0.866995
vt 0.608492 0.311347
vt 0.038187 0.565877
vt 0.402975 0.335372
vt 0.408839 0.327694
vt 0.656181 0.091421
vt 0.227700 0.491091
vt 0.024097 0.373709
vt 0.023170 0.365829
vt 0.404556 0.020275
vt 0.415087 0.026355
vt 0.387231 0.025829
vt 0.019837 0.704670
vt 0.030100 0.716606
vt 0.024648 0.714986
vt 0.990544 0.409533
vt 0.994429 0.402370
vt 0.996278 0.410034
vt 0.372623 0.991294
vt 0.380545 0.986903
vt 0.374392 0.995864
vt 0.993098 0.182134
vt 0.994931 0.198413
vt 0.990285 0.203573
vt 0.072281 0.107419
vt 0.026073 0.064502
vt 0.106426 0.356909
vt 0.061653 0.543513
vt 0.074471 0.512997
vt 0.613008 0.298294
vt 0.104821 0.401174
vt 0.940972 0.953757
vt 0.907989 0.953757
vt 0.915131 0.948929
vt 0.163904 0.685462
vt 0.172659 0.694401
vt 0.164380 0.707180
vt 0.085908 0.135334
vt 0.097434 0.406807
vt 0.101939 0.406902
vt 0.081629 0.768178
vt 0.086891 0.767331
vt 0.609663 0.853263
vt 0.654257 0.845222
vt 0.668429 0.853404
vt 0.363758 0.933063
vt 0.169220 0.904997
vt 0.140385 0.999940
vt 0.130776 0.999940
vt 0.137897 0.997526
vt 0.234683 0.467641
vt 0.370754 0.133047
vt 0.840421 0.908862
vt 0.888418 0.908862
vt 0.879822 0.925907
vt 0.974343 0.226587
vt 0.977041 0.213896
vt 0.981320 0.245303
vt 0.925604 0.985465
vt 0.930070 0.981444
vt 0.941603 0.990172
vt 0.071079 0.116442
vt 0.171401 0.754510
vt 0.168654 0.727625
vt 0.183718 0.748758
vt 0.098009 0.130954
vt 0.093484 0.124395
vt 0.179652 0.769683
vt 0.990691 0.400913
vt 0.028755 0.702067
vt 0.178402 0.658008
vt 0.206728 0.673111
vt 0.199118 0.686232
vt 0.048356 0.767213
vt 0.043765 0.757369
vt 0.060815 0.765135
vt 0.370977 0.552395
vt 0.349422 0.537067
vt 0.058682 0.558194
vt 0.050305 0.565120
vt 0.043324 0.558138
vt 0.043926 0.569338
vt 0.755730 0.837655
vt 0.240733 0.483477
vt 0.094174 0.545796
vt 0.032043 0.558043
vt 0.994063 0.759133
vt 0.846984 0.993649
vt 0.854486 0.983324
vt 0.851158 0.995389
vt 0.378344 0.104053
vt 0.981561 0.228118
vt 0.370731 0.516664
vt 0.136840 0.934475
vt 0.169390 0.929150
vt 0.179779 0.933994
vt 0.753798 0.563804
vt 0.438415 0.020879
vt 0.858513 0.012543
vt 0.229068 0.504989
vt 0.021327 0.564900
vt 0.021327 0.560395
vt 0.033842 0.564915
vt 0.008041 0.090564
vt 0.005201 0.092553
vt 0.002603 0.090417
vt 0.402449 0.394115
vt 0.024378 0.693781
vt 0.032711 0.692415
vt 0.393351 0.374116
vt 0.007600 0.092486
vt 0.007600 0.101634
vt 0.001016 0.099946
vt 0.207358 0.913798
vt 0.211313 0.923434
vt 0.067904 0.137205
vt 0.991939 0.212336
vt 0.991939 0.208343
vt 0.995896 0.211674
vt 0.159431 0.535054
vt 0.238182 0.662519
vt 0.231320 0.671250
vt 0.035021 0.851253
vt 0.039485 0.834590
vt 0.039407 0.857360
vt 0.866010 0.679495
vt 0.414045 0.305613
vt 0.068857 0.198154
vt 0.043424 0.919055
vt 0.052612 0.947333
vt 0.034564 0.949673
vt 0.007522 0.145699
vt 0.005370 0.151310
vt 0.003122 0.146084
vt 0.036240 0.826877
vt 0.993655 0.379380
vt 0.990449 0.374802
vt 0.997386 0.375086
vt 0.058162 0.530665
vt 0.179909 0.715916
vt 0.024268 0.491276
vt 0.018249 0.494538
vt 0.014354 0.491270
vt 0.172623 0.953703
vt 0.596649 0.850976
vt 0.612604 0.839942
vt 0.073273 0.096287
vt 0.182100 0.937760
vt 0.066638 0.228369
vt 0.982768 0.185431
vt 0.022999 0.577831
vt 0.026165 0.592860
vt 0.022999 0.593140
vt 0.460698 0.612185
vt 0.112169 0.969564
vt 0.113413 0.967080
vt 0.128064 0.968362
vt 0.368519 0.556687
vt 0.026603 0.030141
vt 0.188979 0.698811
vt 0.194041 0.719209
vt 0.189171 0.731754
vt 0.102042 0.969371
vt 0.339602 0.913396
vt 0.349181 0.913683
vt 0.347241 0.922813
vt 0.352186 0.926896
vt 0.049992 0.391357
vt 0.044764 0.392110
vt 0.043746 0.372679
vt 0.011743 0.961581
vt 0.014270 0.956925
vt 0.019645 0.962301
vt 0.997756 0.152530
vt 0.990080 0.158107
vt 0.990719 0.145492
vt 0.053320 0.046660
vt 0.233635 0.999253
vt 0.226600 0.996692
vt 0.236654 0.996746
vt 0.046496 0.525530
vt 0.043796 0.515551
vt 0.057597 0.521841
vt 0.052554 0.401077
vt 0.161209 0.662719
vt 0.032369 0.715520
vt 0.162662 0.859034
vt 0.027212 0.558754
vt 0.650079 0.015338
vt 0.622992 0.016903
vt 0.636624 0.015338
vt 0.881600 0.680306
vt 0.803488 0.973918
vt 0.756303 0.842065
vt 0.057384 0.545133
vt 0.025563 0.604125
vt 0.072703 0.278785
vt 0.067457 0.277224
vt 0.074552 0.272539
vt 0.007005 0.719062
vt 0.003131 0.721001
vt 0.004982 0.718325
vt 0.333741 0.897238
vt 0.329156 0.883038
vt 0.336705 0.891727
vt 0.840506 0.971405
vt 0.850156 0.956623
vt 0.447928 0.595566
vt 0.038526 0.827003
vt 0.337023 0.883563
vt 0.908947 0.119140
vt 0.849862 0.678862
vt 0.417413 0.323803
vt 0.197323 0.608177
vt 0.214235 0.622653
vt 0.208873 0.630311
vt 0.088235 0.761191
vt 0.003218 0.151242
vt 0.032874 0.702184
vt 0.433628 0.093618
vt 0.012235 0.047491
vt 0.012235 0.026508
vt 0.026285 0.032761
vt 0.654983 0.835902
vt 0.024191 0.603738
vt 0.101558 0.992621
vt 0.018936 0.956098
vt 0.761824 0.168502
vt 0.759380 0.173602
vt 0.747017 0.157337
vt 0.992162 0.511318
vt 0.991383 0.528623
vt 0.986077 0.522296
vt 0.606326 0.299854
vt 0.246643 0.922180
vt 0.239126 0.923813
vt 0.248230 0.907967
vt 0.990553 0.377469
vt 0.353206 0.920873
vt 0.776506 0.186139
vt 0.780499 0.190424
vt 0.769989 0.189898
vt 0.826050 0.012193
vt 0.669822 0.991355
vt 0.653966 0.988559
vt 0.671933 0.987864
vt 0.049078 0.403803
vt 0.242557 0.924547
vt 0.020403 0.382123
vt 0.166870 0.675838
vt 0.530010 0.007446
vt 0.529207 0.009652
vt 0.522429 0.008456
vt 0.844345 0.974268
vt 0.187844 0.699177
vt 0.181717 0.705827
vt 0.891639 0.908750
vt 0.897161 0.901184
vt 0.946678 0.901184
vt 0.995866 0.800031
vt 0.991712 0.796867
vt 0.994086 0.796948
vt 0.154314 0.835221
vt 0.158284 0.838141
vt 0.995713 0.272158
vt 0.991109 0.272158
vt 0.995437 0.269657
vt 0.601578 0.307573
vt 0.986969 0.123681
vt 0.990223 0.124738
vt 0.988076 0.125685
vt 0.003163 0.958295
vt 0.051451 0.011466
vt 0.170664 0.922155
vt 0.061050 0.472525
vt 0.068402 0.486433
vt 0.054448 0.475529
vt 0.619256 0.286691
vt 0.006128 0.735299
vt 0.090678 0.004763
vt 0.057699 0.008172
vt 0.056813 0.004867
vt 0.187353 0.727186
vt 0.077858 0.287767
vt 0.798068 0.362497
vt 0.078909 0.250515
vt 0.994896 0.175166
vt 0.992908 0.177154
vt 0.989898 0.175102
vt 0.165534 0.926678
vt 0.210121 0.995205
vt 0.195353 0.995205
vt 0.205035 0.994151
vt 0.975224 0.928579
vt 0.980010 0.943877
vt 0.975182 0.946093
vt 0.183621 0.938931
vt 0.991462 0.800193
vt 0.007523 0.261984
vt 0.001094 0.261984
vt 0.006057 0.257023
vt 0.387408 0.394111
vt 0.059352 0.525822
vt 0.939114 0.906269
vt 0.657418 0.004573
vt 0.669784 0.006130
vt 0.666330 0.008729
vt 0.997308 0.222719
vt 0.991864 0.223822
vt 0.994223 0.220356
vt 0.901261 0.957479
vt 0.899500 0.960655
vt 0.886250 0.954476
vt 0.650932 0.646784
vt 0.635664 0.626715
vt 0.645231 0.623019
vt 0.655306 0.607541
vt 0.911155 0.961462
vt 0.775656 0.176782
vt 0.763707 0.182655
vt 0.995373 0.091464
vt 0.993476 0.094173
vt 0.994162 0.080687
vt 0.762935 0.176355
vt 0.731805 0.118814
vt 0.730658 0.137532
vt 0.725439 0.124511
vt 0.080371 0.128085
vt 0.073162 0.142917
vt 0.633116 0.276060
vt 0.649269 0.595418
vt 0.663132 0.586913
vt 0.655668 0.597163
vt 0.188299 0.606896
vt 0.005967 0.455103
vt 0.003156 0.455103
vt 0.004910 0.452652
vt 0.765212 0.838205
vt 0.639699 0.998492
vt 0.640946 0.999978
vt 0.637817 0.999987
vt 0.061199 0.287775
vt 0.046281 0.288258
vt 0.169720 0.939578
vt 0.046083 0.564805
vt 0.674452 0.010050
vt 0.672444 0.012610
vt 0.670291 0.007000
vt 0.499676 0.007572
vt 0.501306 0.012401
vt 0.496950 0.008252
vt 0.240718 0.900188
vt 0.231613 0.925277
vt 0.197380 0.934489
vt 0.730815 0.003780
vt 0.763280 0.003780
vt 0.727377 0.007273
vt 0.354066 0.895390
vt 0.356527 0.918585
vt 0.350738 0.912722
vt 0.512497 0.016722
vt 0.538236 0.394235
vt 0.523612 0.392653
vt 0.532157 0.376312
vt 0.640489 0.651848
vt 0.637199 0.008144
vt 0.668704 0.645322
vt 0.164765 0.924973
vt 0.233565 0.901715
vt 0.230902 0.887707
vt 0.739851 0.853892
vt 0.735605 0.860010
vt 0.731461 0.860854
vt 0.149039 0.809678
vt 0.403197 0.340914
vt 0.397456 0.390441
vt 0.192407 0.994726
vt 0.177588 0.994726
vt 0.184865 0.992603
vt 0.135477 0.938229
vt 0.667972 0.597533
vt 0.882053 0.962908
vt 0.675744 0.661684
vt 0.230212 0.876548
vt 0.993946 0.020242
vt 0.994323 0.013225
vt 0.996821 0.017368
vt 0.360150 0.899101
vt 0.986980 0.220402
vt 0.022971 0.122247
vt 0.021804 0.123064
vt 0.023110 0.097919
vt 0.000598 0.483682
vt 0.014607 0.483682
vt 0.004891 0.487935
vt 0.417919 0.356942
vt 0.073273 0.127976
vt 0.644643 0.277374
vt 0.644532 0.285624
vt 0.609931 0.017025
vt 0.076267 0.756735
vt 0.347960 0.892065
vt 0.701898 0.921722
vt 0.700356 0.916877
vt 0.704494 0.918241
vt 0.065207 0.253804
vt 0.637024 0.998486
vt 0.636534 0.999993
vt 0.633630 0.998649
vt 0.017022 0.831305
vt 0.017579 0.850161
vt 0.011311 0.846997
vt 0.597633 0.839257
vt 0.431355 0.997254
vt 0.427350 0.996476
vt 0.433775 0.988047
vt 0.655854 0.278178
vt 0.344443 0.926681
vt 0.329819 0.938952
vt 0.329150 0.895818
vt 0.231155 0.913070
vt 0.681694 0.660919
vt 0.673733 0.974857
vt 0.677487 0.978007
vt 0.653988 0.976683
vt 0.012760 0.021143
vt 0.014435 0.005213
vt 0.025253 0.005328
vt 0.421973 0.354407
vt 0.020281 0.804330
vt 0.018553 0.821662
vt 0.014179 0.820226
vt 0.151803 0.007987
vt 0.116317 0.007987
vt 0.150268 0.002657
vt 0.460953 0.630576
vt 0.586425 0.639505
vt 0.011418 0.919954
vt 0.003214 0.912994
vt 0.012770 0.913002
vt 0.674401 0.641014
vt 0.019464 0.109047
vt 0.463550 0.620796
vt 0.489757 0.006593
vt 0.996289 0.220172
vt 0.007663 0.493881
vt 0.075701 0.010442
vt 0.018073 0.916820
vt 0.784806 0.185128
vt 0.669698 0.579573
vt 0.003434 0.956668
vt 0.011178 0.796615
vt 0.011178 0.773582
vt 0.012137 0.786893
vt 0.056308 0.484841
vt 0.074367 0.493681
vt 0.375261 0.524547
vt 0.832380 0.973834
vt 0.995238 0.825425
vt 0.986516 0.825425
vt 0.992048 0.811169
vt 0.028453 0.189061
vt 0.041184 0.191305
vt 0.025527 0.201020
vt 0.990241 0.447103
vt 0.988681 0.447378
vt 0.990173 0.442405
vt 0.164077 0.965617
vt 0.161224 0.986326
vt 0.143979 0.975551
vt 0.642371 0.656953
vt 0.074141 0.759671
vt 0.149040 0.278046
vt 0.137034 0.280547
vt 0.140588 0.275824
vt 0.048927 0.280462
vt 0.277368 0.982291
vt 0.278554 0.986721
vt 0.257685 0.986791
vt 0.170770 0.986740
vt 0.619472 0.659198
vt 0.424909 0.570747
vt 0.053784 0.997085
vt 0.059763 0.999873
vt 0.051742 0.999804
vt 0.254836 0.899039
vt 0.657582 0.016207
vt 0.023302 0.806267
vt 0.510741 0.349429
vt 0.189842 0.631464
vt 0.011314 0.797371
vt 0.775712 0.171270
vt 0.112677 0.377508
vt 0.124509 0.367579
vt 0.116540 0.394557
vt 0.062746 0.455826
vt 0.058680 0.465668
vt 0.054385 0.463064
vt 0.659967 0.274110
vt 0.515798 0.058447
vt 0.505073 0.061650
vt 0.465069 0.047090
vt 0.642755 0.999939
vt 0.641882 0.998540
vt 0.644484 0.999407
vt 0.160370 0.869038
vt 0.028198 0.264433
vt 0.019141 0.282209
vt 0.011842 0.262205
vt 0.783575 0.174639
vt 0.974010 0.988684
vt 0.964600 0.980787
vt 0.981675 0.980399
vt 0.915282 0.996033
vt 0.911890 0.996229
vt 0.911890 0.985018
vt 0.981742 0.932000
vt 0.542953 0.374152
vt 0.460454 0.583906
vt 0.050278 0.269295
vt 0.549035 0.391087
vt 0.804588 0.360534
vt 0.978401 0.214266
vt 0.990236 0.219319
vt 0.979906 0.218402
vt 0.044317 0.549325
vt 0.153473 0.280723
vt 0.912437 0.144375
vt 0.046563 0.364333
vt 0.043232 0.340194
vt 0.046563 0.341198
vt 0.155960 0.609671
vt 0.146584 0.584094
vt 0.635736 0.006006
vt 0.887949 0.127119
vt 0.049803 0.488608
vt 0.312371 0.981779
vt 0.313715 0.986796
vt 0.294837 0.983819
vt 0.476706 0.597560
vt 0.764766 0.006767
vt 0.753832 0.013452
vt 0.639719 0.659558
vt 0.032781 0.807688
vt 0.020433 0.824017
vt 0.017519 0.920255
vt 0.929779 0.134251
vt 0.041761 0.160469
vt 0.992097 0.939196
vt 0.989928 0.944445
vt 0.986375 0.944100
vt 0.770265 0.143302
vt 0.076105 0.763551
vt 0.918639 0.145767
vt 0.932872 0.138619
vt 0.053034 0.189437
vt 0.037052 0.201715
vt 0.652212 0.266446
vt 0.400955 0.953648
vt 0.391845 0.949050
vt 0.386890 0.939045
vt 0.924400 0.990630
vt 0.566834 0.797017
vt 0.567550 0.787091
vt 0.596619 0.791971
vt 0.471795 0.614594
vt 0.069766 0.546448
vt 0.076373 0.557455
vt 0.065555 0.555478
vt 0.823014 0.953121
vt 0.788744 0.953121
vt 0.818031 0.949059
vt 0.011199 0.677454
vt 0.011199 0.655035
vt 0.015157 0.656733
vt 0.026272 0.261633
vt 0.128846 0.268629
vt 0.808182 0.956964
vt 0.987425 0.442624
vt 0.329558 0.543441
vt 0.313338 0.554603
vt 0.308953 0.549110
vt 0.934371 0.444182
vt 0.917631 0.473177
vt 0.925706 0.438239
vt 0.476106 0.984618
vt 0.476962 0.981423
vt 0.496525 0.983135
vt 0.996931 0.024789
vt 0.077877 0.762635
vt 0.838583 0.977235
vt 0.048801 0.259853
vt 0.992380 0.953199
vt 0.032933 0.294622
vt 0.029759 0.304902
vt 0.025353 0.296653
vt 0.929185 0.972640
vt 0.943116 0.979136
vt 0.919022 0.979209
vt 0.531980 0.091685
vt 0.515659 0.067238
vt 0.530767 0.081761
vt 0.160524 0.286223
vt 0.264871 0.996180
vt 0.264871 0.999765
vt 0.254642 0.997050
vt 0.989897 0.952252
vt 0.616099 0.005276
vt 0.527116 0.101344
vt 0.525267 0.123544
vt 0.516416 0.121965
vt 0.348527 0.555799
vt 0.210238 0.641420
vt 0.366330 0.941225
vt 0.022847 0.798324
vt 0.477941 0.323530
vt 0.497836 0.326043
vt 0.499370 0.347963
vt 0.770046 0.841987
vt 0.026206 0.275433
vt 0.210405 0.996651
vt 0.220411 0.996651
vt 0.220198 0.999801
vt 0.339242 0.550249
vt 0.501192 0.339123
vt 0.045055 0.514804
vt 0.042146 0.507794
vt 0.064973 0.510601
vt 0.982820 0.939486
vt 0.074796 0.497090
vt 0.397867 0.381038
vt 0.506698 0.364164
vt 0.092109 0.117445
vt 0.852747 0.664919
vt 0.845305 0.678771
vt 0.096901 0.123153
vt 0.640786 0.264762
vt 0.434438 0.561260
vt 0.254300 0.063769
vt 0.188173 0.063769
vt 0.254162 0.050670
vt 0.229935 0.037093
vt 0.976836 0.951179
vt 0.977177 0.949480
vt 0.983271 0.944569
vt 0.990974 0.385942
vt 0.996355 0.385942
vt 0.994338 0.389527
vt 0.540431 0.083655
vt 0.045465 0.032619
vt 0.776816 0.158539
vt 0.846801 0.019049
vt 0.858780 0.017278
vt 0.881168 0.019237
vt 0.166478 0.118263
vt 0.193206 0.153634
vt 0.196424 0.171884
vt 0.573312 0.984693
vt 0.584259 0.981993
vt 0.583324 0.985569
vt 0.049031 0.006626
vt 0.121135 0.269234
vt 0.125942 0.257911
vt 0.397594 0.930657
vt 0.823609 0.857838
vt 0.809575 0.864830
vt 0.783315 0.857794
vt 0.973808 0.760125
vt 0.978991 0.758478
vt 0.990859 0.765330
vt 0.188296 0.013519
vt 0.152809 0.013519
vt 0.153045 0.003207
vt 0.329994 0.264965
vt 0.338240 0.278412
vt 0.325030 0.283915
vt 0.797172 0.377198
vt 0.742051 0.856107
vt 0.985606 0.638336
vt 0.990729 0.667390
vt 0.985449 0.669824
vt 0.988996 0.934310
vt 0.453252 0.037874
vt 0.519378 0.037691
vt 0.194652 0.650734
vt 0.892761 0.980403
vt 0.910077 0.980403
vt 0.893449 0.989187
vt 0.025409 0.354336
vt 0.038678 0.336123
vt 0.605576 0.770771
vt 0.610962 0.782298
vt 0.434562 0.987418
vt 0.447344 0.987418
vt 0.435055 0.991294
vt 0.128830 0.384347
vt 0.978948 0.512676
vt 0.802197 0.008923
vt 0.764960 0.003667
vt 0.801682 0.003041
vt 0.014314 0.854452
vt 0.605160 0.269408
vt 0.598205 0.290122
vt 0.165963 0.659898
vt 0.144609 0.666286
vt 0.327659 0.239827
vt 0.318972 0.230611
vt 0.345119 0.250673
vt 0.007054 0.931592
vt 0.007054 0.933587
vt 0.004603 0.932714
vt 0.134260 0.078080
vt 0.144721 0.078812
vt 0.133407 0.084623
vt 0.038262 0.159258
vt 0.970114 0.766104
vt 0.048906 0.476773
vt 0.985209 0.930329
vt 0.046414 0.479832
vt 0.042228 0.557083
vt 0.532803 0.361013
vt 0.072906 0.015368
vt 0.845360 0.857875
vt 0.847197 0.861771
vt 0.564753 0.983350
vt 0.413082 0.952604
vt 0.413419 0.939094
vt 0.178346 0.656205
vt 0.617401 0.788995
vt 0.621159 0.766838
vt 0.653135 0.797253
vt 0.041723 0.496595
vt 0.023528 0.798663
vt 0.071369 0.457732
vt 0.957127 0.981012
vt 0.963460 0.980458
vt 0.950569 0.985110
vt 0.029590 0.338327
vt 0.070067 0.996114
vt 0.078438 0.996114
vt 0.074913 0.999325
vt 0.127442 0.281047
vt 0.180361 0.859342
vt 0.181779 0.871011
vt 0.994736 0.214031
vt 0.043236 0.036881
vt 0.825582 0.870031
vt 0.070243 0.515574
vt 0.018503 0.213942
vt 0.018503 0.223992
vt 0.015334 0.212851
vt 0.035164 0.331911
vt 0.060551 0.325108
vt 0.064683 0.332266
vt 0.886874 0.670628
vt 0.573711 0.443155
vt 0.590308 0.456122
vt 0.558983 0.453773
vt 0.083785 0.113037
vt 0.130607 0.091208
vt 0.486249 0.623286
vt 0.920815 0.418811
vt 0.418508 0.631061
vt 0.435589 0.646185
vt 0.418297 0.671405
vt 0.294601 0.561744
vt 0.109306 0.246028
vt 0.868655 0.648062
vt 0.486825 0.602709
vt 0.406260 0.348201
vt 0.375133 0.798703
vt 0.375894 0.808305
vt 0.361561 0.811394
vt 0.724020 0.643128
vt 0.716353 0.644303
vt 0.706097 0.633095
vt 0.305431 0.307206
vt 0.280097 0.313064
vt 0.259932 0.306257
vt 0.442908 0.666985
vt 0.467288 0.694730
vt 0.402222 0.360456
vt 0.945815 0.979411
vt 0.985127 0.507869
vt 0.973652 0.997231
vt 0.975384 0.995166
vt 0.981239 0.996985
vt 0.988116 0.742129
vt 0.994790 0.741663
vt 0.985950 0.752508
vt 0.017841 0.205303
vt 0.734825 0.113351
vt 0.928323 0.394031
vt 0.827408 0.979536
vt 0.028358 0.361159
vt 0.771134 0.380595
vt 0.040764 0.481294
vt 0.048028 0.247472
vt 0.043148 0.253288
vt 0.023944 0.248181
vt 0.145141 0.289038
vt 0.185529 0.009586
vt 0.195901 0.003261
vt 0.195106 0.010424
vt 0.715350 0.659350
vt 0.705927 0.022915
vt 0.727161 0.022531
vt 0.720831 0.037819
vt 0.348052 0.931481
vt 0.357077 0.940624
vt 0.706183 0.037794
vt 0.685409 0.033611
vt 0.005104 0.197266
vt 0.007950 0.205139
vt 0.003201 0.199041
vt 0.444022 0.348304
vt 0.934640 0.168661
vt 0.414402 0.350850
vt 0.010036 0.332209
vt 0.010036 0.351014
vt 0.007197 0.336319
vt 0.207317 0.014796
vt 0.217940 0.017642
vt 0.183986 0.016354
vt 0.333513 0.297365
vt 0.319130 0.317893
vt 0.370968 0.953208
vt 0.767509 0.006918
vt 0.123392 0.400486
vt 0.526184 0.067682
vt 0.869082 0.012187
vt 0.790046 0.174219
vt 0.549604 0.356975
vt 0.292975 0.985913
vt 0.071635 0.473656
vt 0.532055 0.331669
vt 0.774637 0.381813
vt 0.004076 0.001216
vt 0.015184 0.001216
vt 0.007547 0.018044
vt 0.063708 0.030641
vt 0.703504 0.991712
vt 0.690399 0.989401
vt 0.708486 0.989028
vt 0.403732 0.929974
vt 0.011907 0.220499
vt 0.447220 0.967482
vt 0.449211 0.965108
vt 0.475233 0.966822
vt 0.713702 0.038290
vt 0.151080 0.014143
vt 0.142417 0.008665
vt 0.152029 0.008757
vt 0.486759 0.633538
vt 0.990492 0.728997
vt 0.994262 0.730222
vt 0.987998 0.740846
vt 0.013680 0.048305
vt 0.000595 0.052557
vt 0.000512 0.048563
vt 0.003437 0.205167
vt 0.563930 0.368835
vt 0.347425 0.938817
vt 0.739496 0.865345
vt 0.748297 0.853113
vt 0.065291 0.473839
vt 0.482338 0.585078
vt 0.159395 0.003771
vt 0.990942 0.420449
vt 0.990942 0.412293
vt 0.995880 0.414696
vt 0.467242 0.968224
vt 0.460579 0.973374
vt 0.446051 0.968086
vt 0.126077 0.404990
vt 0.997229 0.483892
vt 0.989086 0.486538
vt 0.989745 0.475956
vt 0.135418 0.995168
vt 0.141068 0.993654
vt 0.150441 0.995195
vt 0.653089 0.247528
vt 0.019158 0.564547
vt 0.005400 0.564372
vt 0.004626 0.561484
vt 0.100772 0.969385
vt 0.076747 0.967284
vt 0.102675 0.965739
vt 0.417901 0.620525
vt 0.406518 0.633875
vt 0.133757 0.013772
vt 0.266468 0.272425
vt 0.250651 0.300142
vt 0.012360 0.559629
vt 0.164037 0.338358
vt 0.164660 0.345476
vt 0.160788 0.331560
vt 0.730374 0.666841
vt 0.531103 0.066560
vt 0.106275 0.277315
vt 0.127102 0.106917
vt 0.098441 0.103828
vt 0.121722 0.093605
vt 0.593735 0.587507
vt 0.616723 0.541235
vt 0.610750 0.584409
vt 0.382029 0.785000
vt 0.424565 0.944642
vt 0.550805 0.946821
vt 0.547006 0.936383
vt 0.556494 0.951605
vt 0.526051 0.986594
vt 0.505879 0.986594
vt 0.516633 0.985529
vt 0.441092 0.694049
vt 0.240544 0.591212
vt 0.252260 0.578521
vt 0.229490 0.614005
vt 0.153988 0.336868
vt 0.004254 0.939278
vt 0.011965 0.939278
vt 0.010782 0.954792
vt 0.542181 0.455141
vt 0.554722 0.466071
vt 0.603337 0.454764
vt 0.592397 0.477807
vt 0.479480 0.308683
vt 0.020716 0.560265
vt 0.043304 0.420529
vt 0.065698 0.416176
vt 0.040232 0.434305
vt 0.444567 0.975654
vt 0.163680 0.323650
vt 0.106679 0.260951
vt 0.353611 0.366162
vt 0.369321 0.385917
vt 0.362571 0.392678
vt 0.006410 0.253165
vt 0.006166 0.255956
vt 0.002713 0.252951
vt 0.772905 0.126864
vt 0.986865 0.414940
vt 0.245669 0.290621
vt 0.397741 0.778839
vt 0.410384 0.766852
vt 0.989884 0.413294
vt 0.098076 0.108476
vt 0.412634 0.783722
vt 0.560391 0.936657
vt 0.005172 0.686475
vt 0.006679 0.686840
vt 0.006679 0.696340
vt 0.082970 0.489435
vt 0.077230 0.484211
vt 0.078926 0.475254
vt 0.002793 0.257946
vt 0.877727 0.167150
vt 0.889778 0.191614
vt 0.858519 0.179137
vt 0.123293 0.407602
vt 0.323142 0.327981
vt 0.065660 0.478706
vt 0.008359 0.895621
vt 0.012950 0.909751
vt 0.000735 0.909007
vt 0.704733 0.574958
vt 0.717251 0.575363
vt 0.706290 0.579498
vt 0.261169 0.993010
vt 0.275070 0.993010
vt 0.262958 0.995332
vt 0.110262 0.296800
vt 0.106075 0.296022
vt 0.011272 0.645692
vt 0.011272 0.623442
vt 0.013563 0.630706
vt 0.389659 0.798379
vt 0.775370 0.011657
vt 0.642356 0.991682
vt 0.648922 0.987891
vt 0.660229 0.991835
vt 0.263541 0.320035
vt 0.772555 0.840759
vt 0.773465 0.850483
vt 0.721640 0.634206
vt 0.727194 0.630063
vt 0.742953 0.647432
vt 0.686030 0.990733
vt 0.672165 0.989520
vt 0.690228 0.988487
vt 0.144843 0.100641
vt 0.753581 0.850460
vt 0.006992 0.679230
vt 0.242071 0.311832
vt 0.578691 0.939833
vt 0.630786 0.478727
vt 0.323687 0.218413
vt 0.137478 0.347641
vt 0.131517 0.351042
vt 0.137438 0.338221
vt 0.015678 0.524825
vt 0.015678 0.543092
vt 0.007130 0.527830
vt 0.159091 0.369976
vt 0.143500 0.354637
vt 0.788029 0.162338
vt 0.633432 0.999976
vt 0.630126 0.999976
vt 0.630770 0.998503
vt 0.792121 0.166627
vt 0.987993 0.922118
vt 0.251015 0.318921
vt 0.792331 0.179752
vt 0.106028 0.406162
vt 0.377539 0.242253
vt 0.384777 0.238779
vt 0.399728 0.236498
vt 0.467368 0.569851
vt 0.145336 0.316598
vt 0.904071 0.769858
vt 0.890265 0.751787
vt 0.909701 0.770762
vt 0.845137 0.014613
vt 0.422792 0.935892
vt 0.078424 0.466858
vt 0.371866 0.242450
vt 0.752908 0.862956
vt 0.744392 0.651356
vt 0.314842 0.986033
vt 0.326210 0.990858
vt 0.313638 0.991818
vt 0.134751 0.354677
vt 0.620274 0.255424
vt 0.617587 0.262410
vt 0.706680 0.672233
vt 0.161174 0.307672
vt 0.529999 0.450830
vt 0.740246 0.949695
vt 0.712723 0.929677
vt 0.729321 0.935198
vt 0.265920 0.054551
vt 0.283694 0.056059
vt 0.276278 0.060878
vt 0.300221 0.206548
vt 0.073371 0.481969
vt 0.956788 0.018357
vt 0.946146 0.020233
vt 0.944377 0.017780
vt 0.497076 0.860844
vt 0.513348 0.856606
vt 0.514663 0.871634
vt 0.877761 0.193444
vt 0.547192 0.986095
vt 0.541371 0.985516
vt 0.539350 0.983495
vt 0.918592 0.395071
vt 0.124154 0.411105
vt 0.162928 0.205102
vt 0.225414 0.584745
vt 0.004938 0.370888
vt 0.002113 0.369448
vt 0.005832 0.368088
vt 0.136211 0.361727
vt 0.706363 0.587822
vt 0.533720 0.860562
vt 0.455976 0.792337
vt 0.445183 0.790752
vt 0.453454 0.782439
vt 0.131492 0.986580
vt 0.147919 0.979461
vt 0.153354 0.985937
vt 0.375671 0.815314
vt 0.408387 0.795977
vt 0.989767 0.724308
vt 0.984685 0.753128
vt 0.982357 0.721783
vt 0.132349 0.979840
vt 0.541564 0.330009
vt 0.548503 0.077104
vt 0.015620 0.636048
vt 0.014790 0.626560
vt 0.015561 0.613825
vt 0.393488 0.924058
vt 0.651130 0.998589
vt 0.650185 0.999890
vt 0.648921 0.999016
vt 0.080467 0.097326
vt 0.013771 0.577460
vt 0.022215 0.577460
vt 0.016178 0.594618
vt 0.648181 0.935704
vt 0.632622 0.935494
vt 0.619032 0.933098
vt 0.328459 0.332446
vt 0.926019 0.967530
vt 0.911037 0.963516
vt 0.930496 0.963675
vt 0.356104 0.951749
vt 0.129147 0.425122
vt 0.040129 0.803426
vt 0.044785 0.794288
vt 0.053637 0.825073
vt 0.210487 0.570330
vt 0.213623 0.566811
vt 0.633441 0.244518
vt 0.036648 0.465067
vt 0.039807 0.442635
vt 0.047166 0.470408
vt 0.008024 0.369702
vt 0.095370 0.996538
vt 0.100206 0.999895
vt 0.096599 0.999914
vt 0.986327 0.121444
vt 0.995238 0.109180
vt 0.995426 0.122954
vt 0.283035 0.320092
vt 0.888901 0.136280
vt 0.220757 0.591261
vt 0.609570 0.767506
vt 0.289380 0.037504
vt 0.298431 0.041315
vt 0.111951 0.401416
vt 0.109518 0.403842
vt 0.106548 0.377056
vt 0.978080 0.010211
vt 0.976842 0.013611
vt 0.964647 0.010956
vt 0.846674 0.991680
vt 0.837330 0.988858
vt 0.837330 0.978416
vt 0.643012 0.964263
vt 0.659734 0.968790
vt 0.642472 0.967325
vt 0.502241 0.854437
vt 0.349098 0.942635
vt 0.117611 0.011436
vt 0.218814 0.968409
vt 0.189701 0.968409
vt 0.193702 0.965195
vt 0.273048 0.034417
vt 0.346963 0.249338
vt 0.232905 0.320980
vt 0.291303 0.055660
vt 0.432220 0.985093
vt 0.413136 0.986763
vt 0.411673 0.984854
vt 0.490285 0.855810
vt 0.519943 0.969044
vt 0.510968 0.976575
vt 0.496783 0.968686
vt 0.001592 0.274944
vt 0.006517 0.275080
vt 0.006517 0.287504
vt 0.645370 0.998507
vt 0.648092 0.998507
vt 0.645832 0.999973
vt 0.591211 0.273233
vt 0.599851 0.258533
vt 0.035063 0.472722
vt 0.493761 0.615392
vt 0.138784 0.324493
vt 0.875151 0.197653
vt 0.777839 0.143148
vt 0.041526 0.918577
vt 0.028156 0.933426
vt 0.018788 0.926465
vt 0.563907 0.353401
vt 0.127864 0.760478
vt 0.130352 0.752185
vt 0.134604 0.760784
vt 0.414966 0.760532
vt 0.412356 0.742719
vt 0.536672 0.064495
vt 0.268072 0.001806
vt 0.276586 0.010320
vt 0.264702 0.006633
vt 0.596860 0.067503
vt 0.011867 0.894010
vt 0.011867 0.871322
vt 0.017530 0.877337
vt 0.527314 0.986045
vt 0.655299 0.235586
vt 0.664855 0.229048
vt 0.421987 0.770342
vt 0.257062 0.328297
vt 0.675629 0.919521
vt 0.619349 0.492821
vt 0.091381 0.999874
vt 0.453160 0.322940
vt 0.432639 0.550159
vt 0.440928 0.551877
vt 0.754353 0.102762
vt 0.772047 0.101490
vt 0.992311 0.969585
vt 0.967142 0.968924
vt 0.977363 0.964622
vt 0.548565 0.871055
vt 0.552290 0.856426
vt 0.246135 0.994179
vt 0.242842 0.992643
vt 0.256905 0.993019
vt 0.323789 0.996804
vt 0.305028 0.051244
vt 0.480243 0.937618
vt 0.458358 0.929117
vt 0.460862 0.924123
vt 0.992101 0.785381
vt 0.992101 0.782283
vt 0.994721 0.783870
vt 0.084584 0.097453
vt 0.333108 0.974293
vt 0.334963 0.968165
vt 0.341929 0.970701
vt 0.319500 0.972877
vt 0.010260 0.850398
vt 0.003758 0.845345
vt 0.003758 0.835866
vt 0.259437 0.042965
vt 0.368459 0.992756
vt 0.360095 0.991879
vt 0.360950 0.987477
vt 0.680111 0.914568
vt 0.532958 0.853150
vt 0.254620 0.046761
vt 0.885767 0.002258
vt 0.861004 0.008893
vt 0.849155 0.002292
vt 0.270738 0.328633
vt 0.794966 0.385333
vt 0.061072 0.323305
vt 0.080337 0.336408
vt 0.067478 0.332453
vt 0.726625 0.415540
vt 0.731485 0.411674
vt 0.727612 0.422177
vt 0.259502 0.066389
vt 0.329042 0.638826
vt 0.292508 0.629502
vt 0.302401 0.624661
vt 0.439827 0.778942
vt 0.178741 0.982474
vt 0.193510 0.986432
vt 0.171417 0.986609
vt 0.007624 0.837388
vt 0.010434 0.844517
vt 0.124427 0.350276
vt 0.380940 0.870419
vt 0.383110 0.892255
vt 0.370058 0.892255
vt 0.355818 0.988020
vt 0.311398 0.997241
vt 0.632388 0.557203
vt 0.012076 0.144005
vt 0.010171 0.145909
vt 0.006170 0.144030
vt 0.851565 0.983404
vt 0.781441 0.123357
vt 0.518571 0.502802
vt 0.021998 0.598415
vt 0.231850 0.292404
vt 0.153597 0.752262
vt 0.170052 0.753851
vt 0.153787 0.770994
vt 0.801569 0.979698
vt 0.781209 0.979259
vt 0.797409 0.976207
vt 0.769226 0.865353
vt 0.874047 0.140397
vt 0.060902 0.913039
vt 0.071505 0.915798
vt 0.054277 0.931250
vt 0.902777 0.156628
vt 0.344698 0.964201
vt 0.358217 0.967823
vt 0.338243 0.968389
vt 0.110534 0.371464
vt 0.231456 0.305443
vt 0.985400 0.569841
vt 0.990618 0.570944
vt 0.992419 0.580210
vt 0.280233 0.014309
vt 0.141271 0.755565
vt 0.994010 0.243900
vt 0.991361 0.246044
vt 0.990946 0.243900
vt 0.066381 0.092192
vt 0.065194 0.080143
vt 0.070419 0.094773
vt 0.380259 0.915094
vt 0.398332 0.916591
vt 0.432410 0.783706
vt 0.862262 0.650103
vt 0.366775 0.965089
vt 0.744651 0.868780
vt 0.633771 0.728343
vt 0.584180 0.958318
vt 0.554188 0.958284
vt 0.558932 0.951553
vt 0.956900 0.903252
vt 0.947410 0.900779
vt 0.953211 0.894098
vt 0.604309 0.762544
vt 0.036119 0.395599
vt 0.033124 0.386382
vt 0.042844 0.388622
vt 0.909047 0.156375
vt 0.790472 0.137394
vt 0.862504 0.147412
vt 0.040066 0.843149
vt 0.054578 0.825855
vt 0.054713 0.859903
vt 0.130072 0.381031
vt 0.739379 0.940736
vt 0.326518 0.978897
vt 0.341584 0.979630
vt 0.290113 0.015600
vt 0.245801 0.330535
vt 0.147147 0.993147
vt 0.162027 0.993147
vt 0.152132 0.994689
vt 0.045053 0.398430
vt 0.959863 0.892783
vt 0.966676 0.911396
vt 0.285705 0.012596
vt 0.924260 0.973128
vt 0.414361 0.810023
vt 0.423148 0.792755
vt 0.326871 0.220678
vt 0.004434 0.288158
vt 0.218448 0.320806
vt 0.054421 0.076295
vt 0.368377 0.647637
vt 0.359161 0.652163
vt 0.362976 0.645300
vt 0.431936 0.772732
vt 0.710019 0.443536
vt 0.114831 0.771521
vt 0.777931 0.395518
vt 0.422911 0.925684
vt 0.566174 0.017028
vt 0.566511 0.004992
vt 0.571366 0.003128
vt 0.632714 0.969341
vt 0.487182 0.563067
vt 0.057015 0.469490
vt 0.877263 0.647412
vt 0.465490 0.919001
vt 0.140652 0.375054
vt 0.946172 0.709020
vt 0.935188 0.711238
vt 0.949745 0.689603
vt 0.601692 0.937657
vt 0.993789 0.246724
vt 0.435377 0.795331
vt 0.167044 0.999778
vt 0.157335 0.999778
vt 0.164963 0.996167
vt 0.323250 0.199231
vt 0.995875 0.245418
vt 0.424353 0.779530
vt 0.029782 0.032019
vt 0.040624 0.036621
vt 0.027132 0.040846
vt 0.030984 0.063421
vt 0.038906 0.064393
vt 0.040988 0.089139
vt 0.505047 0.489946
vt 0.798074 0.381981
vt 0.140522 0.772246
vt 0.413712 0.923829
vt 0.000179 0.059687
vt 0.001745 0.053846
vt 0.004333 0.059574
vt 0.010619 0.282918
vt 0.010619 0.301978
vt 0.008641 0.292670
vt 0.047931 0.017148
vt 0.043767 0.012650
vt 0.047972 0.003632
vt 0.995399 0.716429
vt 0.984327 0.720026
vt 0.986101 0.700146
vt 0.253730 0.039289
vt 0.511616 0.630642
vt 0.475805 0.556622
vt 0.826712 0.212218
vt 0.837086 0.213129
vt 0.830150 0.222435
vt 0.271914 0.334118
vt 0.286787 0.331005
vt 0.079887 0.767329
vt 0.082049 0.778893
vt 0.073154 0.771217
vt 0.984860 0.958506
vt 0.476954 0.926203
vt 0.232839 0.283229
vt 0.720389 0.594067
vt 0.490887 0.575134
vt 0.498627 0.585129
vt 0.528386 0.323659
vt 0.607127 0.993745
vt 0.604779 0.995389
vt 0.604733 0.984337
vt 0.710966 0.499562
vt 0.717907 0.494786
vt 0.731875 0.525477
vt 0.705883 0.485257
vt 0.619210 0.575822
vt 0.439601 0.799412
vt 0.994345 0.247929
vt 0.995359 0.268037
vt 0.975751 0.268037
vt 0.069892 0.091316
vt 0.994306 0.576228
vt 0.736516 0.564293
vt 0.734186 0.571648
vt 0.731578 0.565934
vt 0.469698 0.904045
vt 0.488491 0.911508
vt 0.471633 0.916230
vt 0.574495 0.008799
vt 0.830599 0.207581
vt 0.994833 0.580691
vt 0.551811 0.969961
vt 0.524215 0.969961
vt 0.530274 0.964149
vt 0.044680 0.047285
vt 0.980164 0.257320
vt 0.018072 0.160285
vt 0.003216 0.165112
vt 0.008453 0.146596
vt 0.740706 0.098793
vt 0.991082 0.429949
vt 0.996247 0.430401
vt 0.991242 0.435994
vt 0.768670 0.400793
vt 0.337573 0.645386
vt 0.329920 0.654612
vt 0.638997 0.225575
vt 0.707767 0.595802
vt 0.697140 0.593510
vt 0.003179 0.776819
vt 0.006957 0.766432
vt 0.005902 0.775432
vt 0.852331 0.189841
vt 0.045430 0.016825
vt 0.026915 0.051856
vt 0.454829 0.918607
vt 0.452898 0.302588
vt 0.634277 0.232617
vt 0.483344 0.277569
vt 0.008437 0.053993
vt 0.231779 0.330874
vt 0.576626 0.020848
vt 0.078589 0.296638
vt 0.614344 0.235284
vt 0.475371 0.157866
vt 0.472069 0.163369
vt 0.460223 0.166400
vt 0.996114 0.436244
vt 0.759705 0.633111
vt 0.773386 0.640543
vt 0.748045 0.647460
vt 0.597908 0.241056
vt 0.773657 0.667091
vt 0.006441 0.765187
vt 0.004120 0.769208
vt 0.003695 0.752333
vt 0.288246 0.938638
vt 0.305163 0.936393
vt 0.305163 0.948781
vt 0.512425 0.624620
vt 0.299370 0.936369
vt 0.575520 0.361861
vt 0.935336 0.423449
vt 0.967351 0.437030
vt 0.936252 0.490895
vt 0.248680 0.650227
vt 0.568443 0.026149
vt 0.275306 0.953139
vt 0.583143 0.943861
vt 0.147799 0.797894
vt 0.077163 0.768224
vt 0.856030 0.978435
vt 0.407254 0.669794
vt 0.836378 0.227315
vt 0.276902 0.628744
vt 0.286729 0.640028
vt 0.118954 0.782747
vt 0.832472 0.194118
vt 0.674401 0.220617
vt 0.652628 0.213178
vt 0.689965 0.593701
vt 0.695230 0.605273
vt 0.680743 0.607127
vt 0.316686 0.937050
vt 0.889155 0.160979
vt 0.194785 0.996130
vt 0.204607 0.996130
vt 0.197704 0.998295
vt 0.939780 0.686748
vt 0.933292 0.702076
vt 0.370148 0.918734
vt 0.905287 0.970685
vt 0.214551 0.309759
vt 0.729400 0.699216
vt 0.742662 0.680399
vt 0.581290 0.001788
vt 0.739985 0.567778
vt 0.315574 0.951502
vt 0.990459 0.840375
vt 0.995288 0.855236
vt 0.986466 0.856533
vt 0.072076 0.090713
vt 0.615765 0.584218
vt 0.627123 0.578794
vt 0.433455 0.930787
vt 0.039864 0.435711
vt 0.031448 0.456357
vt 0.036074 0.433471
vt 0.863886 0.009551
vt 0.881579 0.006654
vt 0.884328 0.015647
vt 0.557297 0.512750
vt 0.854594 0.647424
vt 0.130969 0.797972
vt 0.114793 0.800780
vt 0.990110 0.959639
vt 0.660512 0.202569
vt 0.734125 0.588634
vt 0.247103 0.999955
vt 0.236907 0.998300
vt 0.243078 0.997137
vt 0.110035 0.586327
vt 0.126149 0.583486
vt 0.115361 0.605866
vt 0.710759 0.461923
vt 0.461954 0.910704
vt 0.292814 0.010915
vt 0.066489 0.067798
vt 0.503781 0.303123
vt 0.874253 0.148153
vt 0.880697 0.150160
vt 0.585158 0.007246
vt 0.046070 0.043285
vt 0.609661 0.508930
vt 0.003302 0.782985
vt 0.031226 0.306697
vt 0.026505 0.333468
vt 0.025541 0.304140
vt 0.890336 0.728640
vt 0.025905 0.115851
vt 0.033566 0.094803
vt 0.034409 0.121619
vt 0.058196 0.472227
vt 0.701934 0.477682
vt 0.964127 0.996951
vt 0.955433 0.990635
vt 0.965500 0.987843
vt 0.559807 0.330188
vt 0.946932 0.668539
vt 0.933445 0.685078
vt 0.000938 0.967078
vt 0.002288 0.974731
vt 0.000753 0.978690
vt 0.513810 0.583114
vt 0.462482 0.900613
vt 0.465750 0.891577
vt 0.762937 0.089860
vt 0.106606 0.625806
vt 0.113380 0.615044
vt 0.132620 0.623669
vt 0.039296 0.405120
vt 0.983548 0.884798
vt 0.634590 0.534317
vt 0.395915 0.628425
vt 0.308598 0.437422
vt 0.314124 0.457438
vt 0.302643 0.452631
vt 0.667797 0.207485
vt 0.578793 0.027193
vt 0.269738 0.637399
vt 0.400588 0.910518
vt 0.690017 0.476601
vt 0.027814 0.059719
vt 0.219747 0.335960
vt 0.750652 0.946391
vt 0.929211 0.680931
vt 0.872095 0.206933
vt 0.872224 0.210072
vt 0.853725 0.224541
vt 0.311645 0.654912
vt 0.274391 0.330612
vt 0.443768 0.899784
vt 0.067435 0.935674
vt 0.005841 0.754929
vt 0.116742 0.574007
vt 0.124733 0.570848
vt 0.991571 0.943700
vt 0.993519 0.939726
vt 0.995741 0.942965
vt 0.747368 0.562241
vt 0.746884 0.578193
vt 0.244855 0.340821
vt 0.234747 0.338479
vt 0.251003 0.345092
vt 0.229495 0.625206
vt 0.026352 0.037620
vt 0.026352 0.059187
vt 0.017237 0.044400
vt 0.838208 0.207899
vt 0.995757 0.939738
vt 0.908474 0.745917
vt 0.289032 0.447632
vt 0.287047 0.420775
vt 0.298579 0.993651
vt 0.308663 0.994533
vt 0.294986 0.995198
vt 0.900433 0.013311
vt 0.002806 0.047636
vt 0.000235 0.043182
vt 0.002736 0.034473
vt 0.637850 0.873715
vt 0.621936 0.854157
vt 0.641154 0.858368
vt 0.005018 0.409581
vt 0.011570 0.418599
vt 0.000594 0.409721
vt 0.025518 0.437836
vt 0.884960 0.963631
vt 0.900828 0.962294
vt 0.904710 0.969018
vt 0.583045 0.350473
vt 0.910276 0.962052
vt 0.385233 0.693669
vt 0.594848 0.260355
vt 0.789711 0.120791
vt 0.657024 0.871894
vt 0.784069 0.859976
vt 0.234641 0.982811
vt 0.231478 0.985400
vt 0.225057 0.983063
vt 0.873565 0.962390
vt 0.873308 0.953850
vt 0.878311 0.952968
vt 0.545992 0.318546
vt 0.572783 0.032025
vt 0.668858 0.854087
vt 0.658689 0.855444
vt 0.884925 0.954686
vt 0.267978 0.982495
vt 0.258374 0.985440
vt 0.247024 0.982398
vt 0.221029 0.999723
vt 0.222133 0.996691
vt 0.231074 0.999761
vt 0.176075 0.999210
vt 0.179694 0.996173
vt 0.185811 0.999265
vt 0.806221 0.979113
vt 0.077632 0.921856
vt 0.082042 0.928421
vt 0.753572 0.942090
vt 0.676424 0.861208
vt 0.679635 0.853072
vt 0.004530 0.417209
vt 0.933101 0.881214
vt 0.521026 0.985228
vt 0.518645 0.981827
vt 0.538628 0.982496
vt 0.325112 0.435053
vt 0.324771 0.469135
vt 0.043141 0.418819
vt 0.032418 0.433734
vt 0.026995 0.418537
vt 0.899427 0.163909
vt 0.937161 0.720620
vt 0.634730 0.570638
vt 0.607285 0.755075
vt 0.616307 0.733654
vt 0.993999 0.066576
vt 0.995321 0.074071
vt 0.993528 0.079901
vt 0.968223 0.941326
vt 0.970090 0.948295
vt 0.951983 0.936987
vt 0.471085 0.172697
vt 0.706101 0.503482
vt 0.971992 0.017322
vt 0.971992 0.020691
vt 0.960091 0.019054
vt 0.241835 0.985765
vt 0.871907 0.640339
vt 0.054538 0.062606
vt 0.059830 0.055252
vt 0.570796 0.338564
vt 0.927904 0.947920
vt 0.926007 0.929011
vt 0.486553 0.556535
vt 0.078371 0.069123
vt 0.336177 0.460009
vt 0.349884 0.460302
vt 0.636754 0.216295
vt 0.297145 0.011593
vt 0.782764 0.630145
vt 0.779327 0.650632
vt 0.208639 0.302495
vt 0.846297 0.232359
vt 0.618859 0.495328
vt 0.652079 0.491604
vt 0.620865 0.500088
vt 0.221953 0.800093
vt 0.215007 0.787405
vt 0.234998 0.801657
vt 0.246974 0.986177
vt 0.244518 0.042047
vt 0.940123 0.723770
vt 0.795419 0.619454
vt 0.792551 0.627463
vt 0.592485 0.244584
vt 0.075602 0.781755
vt 0.064834 0.779746
vt 0.617877 0.219702
vt 0.014018 0.505841
vt 0.029825 0.506117
vt 0.016866 0.523547
vt 0.401536 0.664181
vt 0.939012 0.268502
vt 0.931812 0.244153
vt 0.934873 0.240353
vt 0.247127 0.995990
vt 0.064330 0.195873
vt 0.056241 0.195609
vt 0.050322 0.193218
vt 0.196955 0.978954
vt 0.174261 0.975298
vt 0.178806 0.965768
vt 0.246307 0.983398
vt 0.708197 0.617245
vt 0.278208 0.343917
vt 0.271245 0.346675
vt 0.661870 0.492645
vt 0.959743 0.030836
vt 0.964504 0.021875
vt 0.975549 0.024835
vt 0.928658 0.023647
vt 0.592252 0.354894
vt 0.234784 0.345267
vt 0.373287 0.693207
vt 0.133996 0.594817
vt 0.056939 0.942110
vt 0.107378 0.350523
vt 0.893441 0.163218
vt 0.582902 0.020475
vt 0.637934 0.584900
vt 0.135729 0.602479
vt 0.855571 0.953975
vt 0.046901 0.410751
vt 0.048524 0.412293
vt 0.643293 0.205830
vt 0.390367 0.986800
vt 0.401618 0.984816
vt 0.410951 0.986318
vt 0.682511 0.620392
vt 0.695270 0.576798
vt 0.703810 0.577070
vt 0.704288 0.587856
vt 0.604587 0.220634
vt 0.176769 0.977669
vt 0.169492 0.978986
vt 0.239321 0.033459
vt 0.062888 0.773610
vt 0.302454 0.001632
vt 0.996202 0.026730
vt 0.993662 0.033709
vt 0.993756 0.022044
vt 0.478030 0.260684
vt 0.519281 0.274627
vt 0.986537 0.951348
vt 0.641556 0.548135
vt 0.034077 0.151260
vt 0.037357 0.147909
vt 0.041910 0.148308
vt 0.063033 0.765988
vt 0.482749 0.553746
vt 0.027104 0.405090
vt 0.891284 0.166509
vt 0.894598 0.166659
vt 0.113422 0.347806
vt 0.794398 0.862819
vt 0.797696 0.865828
vt 0.584749 0.030974
vt 0.589642 0.001232
vt 0.646887 0.878006
vt 0.654857 0.919650
vt 0.795229 0.395577
vt 0.777611 0.401445
vt 0.761461 0.407868
vt 0.789437 0.641107
vt 0.976817 0.913794
vt 0.994180 0.956090
vt 0.992259 0.962373
vt 0.989573 0.953998
vt 0.570971 0.310849
vt 0.929670 0.696073
vt 0.505389 0.559874
vt 0.755461 0.014919
vt 0.763248 0.013393
vt 0.771283 0.018032
vt 0.423622 0.921893
vt 0.651968 0.499829
vt 0.914348 0.668062
vt 0.917259 0.660541
vt 0.789988 0.864890
vt 0.019661 0.073101
vt 0.023798 0.096562
vt 0.018777 0.098212
vt 0.219931 0.340940
vt 0.018099 0.182668
vt 0.018099 0.202532
vt 0.010791 0.185853
vt 0.415358 0.910793
vt 0.463652 0.178751
vt 0.993761 0.268673
vt 0.989007 0.272128
vt 0.989236 0.268813
vt 0.578728 0.999748
vt 0.571297 0.999748
vt 0.575702 0.999239
vt 0.506777 0.162934
vt 0.500605 0.185748
vt 0.492209 0.173412
vt 0.997469 0.763508
vt 0.997970 0.757785
vt 0.997541 0.768824
vt 0.008716 0.923750
vt 0.002068 0.920650
vt 0.015671 0.921237
vt 0.782027 0.110048
vt 0.179036 0.771427
vt 0.212412 0.785541
vt 0.176545 0.772722
vt 0.585088 0.037288
vt 0.699110 0.616672
vt 0.642079 0.530391
vt 0.929026 0.722398
vt 0.695930 0.586945
vt 0.038402 0.758486
vt 0.037306 0.782492
vt 0.033570 0.768849
vt 0.691408 0.619214
vt 0.677535 0.891899
vt 0.034506 0.789410
vt 0.786940 0.867256
vt 0.758636 0.683578
vt 0.012242 0.496220
vt 0.370015 0.692614
vt 0.984283 0.879921
vt 0.292359 0.703929
vt 0.311463 0.700082
vt 0.300975 0.720486
vt 0.073037 0.050691
vt 0.585292 0.342665
vt 0.035453 0.462626
vt 0.515955 0.256936
vt 0.630216 0.524693
vt 0.046329 0.967400
vt 0.056696 0.963584
vt 0.056696 0.978635
vt 0.388042 0.677336
vt 0.394660 0.670015
vt 0.001360 0.010063
vt 0.000561 0.019195
vt 0.000161 0.008174
vt 0.337415 0.471353
vt 0.207529 0.801327
vt 0.169671 0.756916
vt 0.997249 0.959419
vt 0.013069 0.209085
vt 0.000616 0.209085
vt 0.010845 0.205512
vt 0.018120 0.225682
vt 0.015651 0.228784
vt 0.011869 0.227911
vt 0.051012 0.410374
vt 0.673106 0.617601
vt 0.306039 0.487980
vt 0.229116 0.638926
vt 0.221932 0.633036
vt 0.474283 0.176338
vt 0.473749 0.186383
vt 0.221480 0.283183
vt 0.730625 0.027410
vt 0.738167 0.034216
vt 0.732025 0.039550
vt 0.969707 0.927340
vt 0.866081 0.110001
vt 0.674379 0.188826
vt 0.367490 0.138739
vt 0.357767 0.128530
vt 0.376454 0.111703
vt 0.778470 0.105771
vt 0.866935 0.240290
vt 0.424340 0.918731
vt 0.793724 0.405266
vt 0.787351 0.404331
vt 0.432736 0.312560
vt 0.014603 0.687670
vt 0.012413 0.676597
vt 0.013079 0.674111
vt 0.064255 0.944258
vt 0.687099 0.503687
vt 0.726799 0.005386
vt 0.706657 0.013959
vt 0.709850 0.004794
vt 0.764691 0.873629
vt 0.762044 0.577941
vt 0.079018 0.844062
vt 0.069586 0.850407
vt 0.074397 0.844548
vt 0.582363 0.307812
vt 0.106344 0.829901
vt 0.108524 0.845017
vt 0.099401 0.853982
vt 0.791289 0.650496
vt 0.304596 0.671793
vt 0.732912 0.696165
vt 0.738666 0.698326
vt 0.733205 0.710597
vt 0.688881 0.585474
vt 0.456369 0.167235
vt 0.182230 0.783972
vt 0.796696 0.635165
vt 0.734396 0.988344
vt 0.731915 0.991889
vt 0.716186 0.988398
vt 0.482877 0.967448
vt 0.500047 0.965414
vt 0.495336 0.967448
vt 0.770136 0.680159
vt 0.769368 0.687815
vt 0.698698 0.567052
vt 0.022033 0.251530
vt 0.025841 0.256405
vt 0.015146 0.257363
vt 0.157965 0.768482
vt 0.165676 0.776937
vt 0.155896 0.775890
vt 0.175140 0.781396
vt 0.953037 0.426223
vt 0.986937 0.607913
vt 0.987790 0.636028
vt 0.982306 0.634177
vt 0.984368 0.602695
vt 0.005794 0.796554
vt 0.003072 0.786398
vt 0.006558 0.779725
vt 0.145539 0.816413
vt 0.150979 0.825291
vt 0.132873 0.823617
vt 0.805792 0.866756
vt 0.604560 0.340239
vt 0.137979 0.808944
vt 0.148497 0.806310
vt 0.791692 0.697875
vt 0.494564 0.549432
vt 0.211210 0.658928
vt 0.733408 0.043785
vt 0.360050 0.968451
vt 0.366688 0.966673
vt 0.388556 0.967666
vt 0.314966 0.478451
vt 0.112260 0.834430
vt 0.036025 0.205667
vt 0.598753 0.009902
vt 0.241263 0.723379
vt 0.252186 0.723714
vt 0.253928 0.726911
vt 0.014957 0.665092
vt 0.661312 0.896041
vt 0.734545 0.016537
vt 0.579622 0.303180
vt 0.475710 0.987341
vt 0.475710 0.996947
vt 0.463976 0.987496
vt 0.644662 0.882684
vt 0.649169 0.887400
vt 0.641074 0.888860
vt 0.114288 0.826009
vt 0.652304 0.892211
vt 0.985430 0.402993
vt 0.727876 0.017850
vt 0.740694 0.022184
vt 0.025689 0.008729
vt 0.025689 0.030805
vt 0.011817 0.024260
vt 0.013219 0.233389
vt 0.798165 0.631458
vt 0.366264 0.464792
vt 0.349345 0.481031
vt 0.826528 0.987478
vt 0.819836 0.991741
vt 0.814099 0.987724
vt 0.770306 0.415075
vt 0.278656 0.446258
vt 0.798204 0.866973
vt 0.065459 0.195910
vt 0.061573 0.190623
vt 0.073815 0.189456
vt 0.913977 0.681838
vt 0.689049 0.060953
vt 0.704435 0.061762
vt 0.707529 0.070153
vt 0.944989 0.913941
vt 0.929273 0.911454
vt 0.009251 0.261868
vt 0.246743 0.354307
vt 0.982482 0.246292
vt 0.982482 0.219496
vt 0.990148 0.224329
vt 0.064278 0.182431
vt 0.007104 0.256164
vt 0.009475 0.241427
vt 0.629440 0.196360
vt 0.985927 0.697894
vt 0.995320 0.691069
vt 0.995102 0.709843
vt 0.366198 0.636214
vt 0.340396 0.632299
vt 0.337458 0.624418
vt 0.284536 0.714655
vt 0.077277 0.942998
vt 0.058190 0.946185
vt 0.055187 0.781908
vt 0.107880 0.885016
vt 0.097429 0.912538
vt 0.077117 0.901738
vt 0.664168 0.569946
vt 0.641280 0.587638
vt 0.039134 0.978334
vt 0.033522 0.970951
vt 0.047068 0.148099
vt 0.631961 0.888121
vt 0.217781 0.347316
vt 0.334272 0.496664
vt 0.324167 0.488890
vt 0.213627 0.661775
vt 0.871780 0.732250
vt 0.861528 0.883570
vt 0.880783 0.884999
vt 0.853635 0.890568
vt 0.594798 0.001507
vt 0.113874 0.841660
vt 0.901193 0.668471
vt 0.900890 0.681549
vt 0.681796 0.579166
vt 0.687720 0.584454
vt 0.685268 0.587186
vt 0.989193 0.682075
vt 0.984443 0.690302
vt 0.985291 0.670570
vt 0.033616 0.796663
vt 0.039210 0.781295
vt 0.039369 0.812217
vt 0.804800 0.615533
vt 0.041634 0.491832
vt 0.038527 0.505418
vt 0.027429 0.501363
vt 0.972863 0.832293
vt 0.991658 0.826186
vt 0.985284 0.856531
vt 0.046963 0.589426
vt 0.045249 0.575466
vt 0.050814 0.595528
vt 0.134578 0.830724
vt 0.054044 0.770666
vt 0.140574 0.588124
vt 0.851552 0.250429
vt 0.610414 0.351849
vt 0.007825 0.313077
vt 0.007825 0.294120
vt 0.009408 0.304850
vt 0.222691 0.865917
vt 0.225865 0.883916
vt 0.224629 0.911072
vt 0.049669 0.146191
vt 0.099128 0.847050
vt 0.008764 0.261147
vt 0.722815 0.057677
vt 0.728802 0.060417
vt 0.540680 0.998343
vt 0.534943 0.999881
vt 0.532305 0.998092
vt 0.962467 0.917271
vt 0.224356 0.354539
vt 0.989421 0.400844
vt 0.692833 0.070436
vt 0.648842 0.173876
vt 0.659570 0.559986
vt 0.165548 0.779040
vt 0.192136 0.191802
vt 0.179048 0.197060
vt 0.176117 0.194194
vt 0.752396 0.712795
vt 0.800836 0.407820
vt 0.494045 0.202777
vt 0.513102 0.187688
vt 0.808038 0.987782
vt 0.591712 0.033097
vt 0.046445 0.754383
vt 0.048301 0.729183
vt 0.052174 0.747555
vt 0.389841 0.987528
vt 0.402861 0.987528
vt 0.402324 0.992199
vt 0.686334 0.567717
vt 0.826016 0.846552
vt 0.798447 0.854334
vt 0.800152 0.845656
vt 0.988690 0.913314
vt 0.992189 0.913497
vt 0.985510 0.919842
vt 0.886038 0.674445
vt 0.582061 0.237603
vt 0.001281 0.550041
vt 0.012479 0.558177
vt 0.000698 0.560957
vt 0.632511 0.343258
vt 0.053337 0.149210
vt 0.361298 0.478966
vt 0.986825 0.894455
vt 0.987182 0.880442
vt 0.995435 0.878986
vt 0.715126 0.518638
vt 0.921745 0.724152
vt 0.221895 0.815309
vt 0.924446 0.692018
vt 0.601098 0.002422
vt 0.198503 0.999753
vt 0.188725 0.999753
vt 0.192935 0.997712
vt 0.652154 0.526903
vt 0.652334 0.540282
vt 0.072680 0.179992
vt 0.995022 0.889123
vt 0.590202 0.235454
vt 0.991085 0.444029
vt 0.995230 0.447041
vt 0.991220 0.448014
vt 0.994777 0.689571
vt 0.933098 0.228074
vt 0.137160 0.590637
vt 0.731760 0.617075
vt 0.011258 0.765140
vt 0.011258 0.742209
vt 0.013070 0.749435
vt 0.172386 0.789709
vt 0.173208 0.792920
vt 0.260919 0.014650
vt 0.260563 0.003921
vt 0.265366 0.001777
vt 0.081558 0.925328
vt 0.931668 0.988434
vt 0.942128 0.991832
vt 0.939918 0.995347
vt 0.703245 0.975305
vt 0.707999 0.979294
vt 0.697589 0.977120
vt 0.153750 0.783271
vt 0.858924 0.253018
vt 0.761506 0.587953
vt 0.089240 0.722204
vt 0.078222 0.718134
vt 0.090559 0.674653
vt 0.000137 0.541666
vt 0.003806 0.540331
vt 0.000589 0.546339
vt 0.293212 0.682605
vt 0.100693 0.695223
vt 0.599192 0.020726
vt 0.071941 0.162746
vt 0.508574 0.202577
vt 0.127296 0.803568
vt 0.014623 0.239571
vt 0.208169 0.812249
vt 0.915694 0.703017
vt 0.325207 0.731900
vt 0.202425 0.299709
vt 0.400582 0.414618
vt 0.752627 0.596191
vt 0.012534 0.546320
vt 0.033482 0.728036
vt 0.177766 0.795706
vt 0.450540 0.178287
vt 0.689379 0.562985
vt 0.626824 0.890903
vt 0.624604 0.878900
vt 0.444884 0.970007
vt 0.417255 0.970007
vt 0.426817 0.969172
vt 0.033956 0.759039
vt 0.313146 0.493669
vt 0.981896 0.869969
vt 0.990695 0.878768
vt 0.969776 0.880350
vt 0.673714 0.562239
vt 0.795317 0.412044
vt 0.007343 0.480263
vt 0.008163 0.468546
vt 0.022054 0.469388
vt 0.659486 0.977946
vt 0.673975 0.979394
vt 0.676538 0.982449
vt 0.343082 0.988076
vt 0.342985 0.993624
vt 0.337100 0.996718
vt 0.087269 0.931289
vt 0.300015 0.471233
vt 0.990060 0.569291
vt 0.993721 0.569291
vt 0.993472 0.571611
vt 0.503358 0.999335
vt 0.510214 0.998127
vt 0.512861 0.999846
vt 0.403870 0.987702
vt 0.413385 0.987536
vt 0.403138 0.995231
vt 0.739826 0.055740
vt 0.734512 0.073841
vt 0.600764 0.025401
vt 0.057606 0.187095
vt 0.455304 0.981804
vt 0.472759 0.982437
vt 0.457879 0.986265
vt 0.904109 0.717341
vt 0.920098 0.716931
vt 0.055726 0.146419
vt 0.060174 0.570630
vt 0.092896 0.927452
vt 0.865772 0.250398
vt 0.040383 0.067271
vt 0.038552 0.052762
vt 0.047443 0.064354
vt 0.176702 0.800674
vt 0.952465 0.912842
vt 0.909297 0.690274
vt 0.788992 0.112054
vt 0.781400 0.100428
vt 0.792554 0.095393
vt 0.643732 0.896375
vt 0.007729 0.241120
vt 0.923102 0.218372
vt 0.448693 0.290966
vt 0.452228 0.983954
vt 0.975624 0.873118
vt 0.358967 0.480304
vt 0.477030 0.200343
vt 0.657858 0.982221
vt 0.034003 0.505922
vt 0.049096 0.267500
vt 0.048834 0.273142
vt 0.047371 0.269689
vt 0.008156 0.981027
vt 0.019020 0.991891
vt 0.003281 0.995400
vt 0.205857 0.140480
vt 0.197724 0.181786
vt 0.046052 0.164659
vt 0.046159 0.154825
vt 0.609701 0.013944
vt 0.092124 0.835774
vt 0.662675 0.016075
vt 0.671623 0.015292
vt 0.699717 0.017146
vt 0.064250 0.151770
vt 0.060676 0.152846
vt 0.046182 0.775980
vt 0.673489 0.984791
vt 0.661448 0.499313
vt 0.251019 0.004717
vt 0.064859 0.169309
vt 0.056273 0.177825
vt 0.738726 0.073143
vt 0.744273 0.086356
vt 0.607385 0.196843
vt 0.251568 0.013215
vt 0.621020 0.881976
vt 0.029182 0.256161
vt 0.029206 0.264202
vt 0.110378 0.804259
vt 0.101225 0.800858
vt 0.607514 0.020820
vt 0.030941 0.271281
vt 0.714079 0.974801
vt 0.777199 0.097852
vt 0.702489 0.626622
vt 0.063323 0.068275
vt 0.049704 0.075084
vt 0.123881 0.992446
vt 0.139170 0.992446
vt 0.130674 0.995390
vt 0.260580 0.730747
vt 0.773478 0.088133
vt 0.991958 0.769492
vt 0.994273 0.769784
vt 0.994864 0.773136
vt 0.755491 0.091091
vt 0.312884 0.660613
vt 0.310037 0.668713
vt 0.138011 0.604822
vt 0.453363 0.274063
vt 0.045847 0.256174
vt 0.178199 0.808029
vt 0.991969 0.773337
vt 0.103754 0.822173
vt 0.744703 0.067414
vt 0.007371 0.885885
vt 0.002259 0.885885
vt 0.002480 0.882488
vt 0.078757 0.949159
vt 0.044543 0.523373
vt 0.039166 0.514058
vt 0.041522 0.512923
vt 0.766454 0.033192
vt 0.990203 0.905297
vt 0.514490 0.217011
vt 0.504593 0.223083
vt 0.972083 0.866626
vt 0.396645 0.400442
vt 0.901308 0.456361
vt 0.904416 0.446858
vt 0.909628 0.460168
vt 0.598308 0.202033
vt 0.918710 0.312806
vt 0.918710 0.236243
vt 0.937496 0.315201
vt 0.765382 0.420623
vt 0.169487 0.800257
vt 0.195214 0.204315
vt 0.604556 0.181546
vt 0.657471 0.985561
vt 0.111499 0.072983
vt 0.107949 0.076385
vt 0.112749 0.062066
vt 0.014908 0.999748
vt 0.013755 0.996198
vt 0.021217 0.996244
vt 0.845943 0.885357
vt 0.720268 0.979583
vt 0.091616 0.930524
vt 0.098283 0.934773
vt 0.049610 0.184192
vt 0.119292 0.992964
vt 0.126500 0.994895
vt 0.111209 0.995379
vt 0.055182 0.683422
vt 0.048136 0.710908
vt 0.045656 0.690092
vt 0.321203 0.502901
vt 0.913575 0.451437
vt 0.158130 0.796811
vt 0.039577 0.277715
vt 0.143406 0.623864
vt 0.704166 0.017177
vt 0.697016 0.015261
vt 0.733800 0.016163
vt 0.865575 0.270831
vt 0.741517 0.599400
vt 0.000225 0.856823
vt 0.008391 0.854170
vt 0.006064 0.859971
vt 0.916572 0.247708
vt 0.328376 0.861835
vt 0.308273 0.869233
vt 0.315156 0.861441
vt 0.721569 0.975372
vt 0.516568 0.236764
vt 0.158955 0.810435
vt 0.938225 0.955058
vt 0.966996 0.955058
vt 0.940324 0.962326
vt 0.663719 0.550752
vt 0.765037 0.043985
vt 0.279947 0.472425
vt 0.029670 0.278433
vt 0.025409 0.272135
vt 0.720733 0.627047
vt 0.869986 0.444213
vt 0.855905 0.280617
vt 0.850142 0.281006
vt 0.815588 0.837102
vt 0.738802 0.689236
vt 0.751129 0.027871
vt 0.625998 0.909604
vt 0.684236 0.547715
vt 0.939485 0.287639
vt 0.602815 0.907637
vt 0.603259 0.901417
vt 0.613940 0.900478
vt 0.453719 0.199569
vt 0.035196 0.280729
vt 0.046509 0.180207
vt 0.516352 0.251021
vt 0.972402 0.266415
vt 0.959432 0.261105
vt 0.970978 0.262016
vt 0.818988 0.954120
vt 0.824070 0.962252
vt 0.815686 0.956408
vt 0.762503 0.066232
vt 0.758782 0.053596
vt 0.766602 0.058228
vt 0.758480 0.088036
vt 0.051568 0.174147
vt 0.968638 0.853449
vt 0.977377 0.860976
vt 0.059260 0.689317
vt 0.938083 0.780252
vt 0.942749 0.778540
vt 0.944116 0.792080
vt 0.833239 0.839775
vt 0.356684 0.122427
vt 0.336538 0.145713
vt 0.002265 0.365775
vt 0.006082 0.363571
vt 0.014968 0.365327
vt 0.949715 0.783665
vt 0.957777 0.800644
vt 0.003434 0.978751
vt 0.020067 0.380417
vt 0.011556 0.383514
vt 0.004768 0.380297
vt 0.980136 0.848568
vt 0.055068 0.566408
vt 0.522230 0.326819
vt 0.501311 0.348025
vt 0.516357 0.312405
vt 0.645356 0.503674
vt 0.464713 0.210297
vt 0.754812 0.689699
vt 0.041745 0.187490
vt 0.661251 0.520917
vt 0.055527 0.562607
vt 0.653985 0.896560
vt 0.652664 0.908264
vt 0.845007 0.847608
vt 0.845310 0.838991
vt 0.343319 0.500453
vt 0.351029 0.495719
vt 0.244140 0.011321
vt 0.132433 0.987837
vt 0.148934 0.991823
vt 0.132937 0.990695
vt 0.245173 0.001062
vt 0.943553 0.832434
vt 0.939599 0.844105
vt 0.937772 0.843141
vt 0.043239 0.165313
vt 0.957512 0.912197
vt 0.360777 0.481419
vt 0.991727 0.013610
vt 0.978369 0.013610
vt 0.984663 0.009198
vt 0.057258 0.716477
vt 0.755231 0.071525
vt 0.099890 0.978952
vt 0.116024 0.984194
vt 0.100043 0.987089
vt 0.748889 0.050825
vt 0.088484 0.836652
vt 0.070427 0.843810
vt 0.073502 0.831428
vt 0.077299 0.952926
vt 0.470673 0.214263
vt 0.838357 0.891467
vt 0.272034 0.730349
vt 0.955609 0.903707
vt 0.962445 0.265230
vt 0.609500 0.912954
vt 0.008973 0.953817
vt 0.003191 0.953817
vt 0.003541 0.941774
vt 0.908717 0.429231
vt 0.913592 0.443088
vt 0.304138 0.500070
vt 0.491869 0.240506
vt 0.766502 0.083036
vt 0.208576 0.221393
vt 0.855316 0.848024
vt 0.738145 0.746219
vt 0.720891 0.756075
vt 0.289436 0.495835
vt 0.864447 0.853364
vt 0.867141 0.844223
vt 0.871598 0.855339
vt 0.072665 0.822905
vt 0.669372 0.556224
vt 0.149371 0.986889
vt 0.965203 0.001115
vt 0.990195 0.001115
vt 0.990025 0.008008
vt 0.509762 0.317195
vt 0.814160 0.954257
vt 0.257973 0.734578
vt 0.259517 0.737371
vt 0.236009 0.012018
vt 0.237178 0.005314
vt 0.083751 0.809852
vt 0.080333 0.799879
vt 0.092122 0.816199
vt 0.781377 0.094936
vt 0.527377 0.837312
vt 0.522029 0.841551
vt 0.505989 0.841775
vt 0.798840 0.954545
vt 0.301429 0.728898
vt 0.145870 0.607278
vt 0.047747 0.570381
vt 0.965512 0.871164
vt 0.030300 0.281501
vt 0.976295 0.662339
vt 0.978576 0.636707
vt 0.984678 0.639308
vt 0.767012 0.730458
vt 0.117437 0.049649
vt 0.910220 0.420949
vt 0.903250 0.415257
vt 0.071541 0.812845
vt 0.867531 0.299909
vt 0.552020 0.304510
vt 0.858486 0.839737
vt 0.040857 0.982801
vt 0.057206 0.979570
vt 0.053619 0.986221
vt 0.405063 0.410309
vt 0.991041 0.429084
vt 0.991041 0.421398
vt 0.997808 0.423589
vt 0.546134 0.288669
vt 0.532514 0.291764
vt 0.298654 0.967924
vt 0.286916 0.963652
vt 0.315719 0.964779
vt 0.877923 0.415938
vt 0.472076 0.965141
vt 0.457720 0.256401
vt 0.763774 0.072194
vt 0.227792 0.013962
vt 0.527524 0.441732
vt 0.564461 0.439228
vt 0.537595 0.442729
vt 0.324856 0.066647
vt 0.307814 0.071214
vt 0.242807 0.067152
vt 0.555888 0.290312
vt 0.561941 0.304745
vt 0.292392 0.730251
vt 0.085119 0.999287
vt 0.076564 0.999287
vt 0.081272 0.996658
vt 0.766905 0.604353
vt 0.463711 0.233967
vt 0.930859 0.245243
vt 0.253837 0.737311
vt 0.248454 0.744468
vt 0.661390 0.500334
vt 0.070068 0.802746
vt 0.010409 0.400273
vt 0.003272 0.392063
vt 0.019029 0.394925
vt 0.354123 0.488909
vt 0.005978 0.405413
vt 0.664923 0.518598
vt 0.954596 0.861382
vt 0.955295 0.847476
vt 0.840251 0.827367
vt 0.685662 0.518096
vt 0.826173 0.908084
vt 0.835043 0.885380
vt 0.886439 0.799107
vt 0.878396 0.796054
vt 0.884358 0.780267
vt 0.084537 0.953661
vt 0.085975 0.973336
vt 0.089525 0.982321
vt 0.070887 0.986624
vt 0.671951 0.523461
vt 0.585272 0.160282
vt 0.207037 0.221120
vt 0.959079 0.878923
vt 0.504140 0.471737
vt 0.758324 0.619234
vt 0.590414 0.139402
vt 0.991667 0.568438
vt 0.983498 0.568438
vt 0.991543 0.548135
vt 0.032122 0.527344
vt 0.029370 0.509333
vt 0.035715 0.518450
vt 0.395619 0.990981
vt 0.386855 0.997349
vt 0.382891 0.987446
vt 0.285456 0.737465
vt 0.788121 0.088795
vt 0.340372 0.515753
vt 0.042770 0.283796
vt 0.318681 0.631920
vt 0.148341 0.065275
vt 0.154338 0.063504
vt 0.145237 0.071969
vt 0.950359 0.823832
vt 0.108526 0.129771
vt 0.112317 0.120442
vt 0.117970 0.129712
vt 0.891803 0.990866
vt 0.889132 0.985138
vt 0.891912 0.979737
vt 0.035709 0.511475
vt 0.028049 0.522838
vt 0.359540 0.115685
vt 0.316571 0.690595
vt 0.152876 0.618592
vt 0.995404 0.531711
vt 0.992210 0.535808
vt 0.984322 0.530686
vt 0.037156 0.285653
vt 0.009907 0.854663
vt 0.014600 0.869108
vt 0.004660 0.865956
vt 0.004995 0.693262
vt 0.003114 0.703930
vt 0.003145 0.686846
vt 0.303183 0.525443
vt 0.020358 0.779207
vt 0.033367 0.781501
vt 0.023870 0.792481
vt 0.268366 0.750695
vt 0.990306 0.547368
vt 0.565548 0.286426
vt 0.250593 0.753517
vt 0.940578 0.226147
vt 0.961795 0.254447
vt 0.893044 0.401403
vt 0.038530 0.516670
vt 0.018590 0.161347
vt 0.018709 0.170665
vt 0.011701 0.167127
vt 0.334104 0.519360
vt 0.329447 0.685608
vt 0.848345 0.824533
vt 0.843017 0.810862
vt 0.853252 0.807611
vt 0.780510 0.081750
vt 0.984193 0.670944
vt 0.113918 0.109530
vt 0.134921 0.108992
vt 0.412194 0.427948
vt 0.038080 0.979314
vt 0.041721 0.525909
vt 0.034220 0.527925
vt 0.031148 0.506410
vt 0.991449 0.801888
vt 0.994417 0.806677
vt 0.990433 0.809364
vt 0.005748 0.366634
vt 0.021622 0.366634
vt 0.015203 0.372342
vt 0.152897 0.604568
vt 0.988467 0.176027
vt 0.995837 0.180283
vt 0.985409 0.180227
vt 0.770265 0.699342
vt 0.955162 0.778847
vt 0.968671 0.797592
vt 0.041896 0.531603
vt 0.046744 0.088861
vt 0.518016 0.847251
vt 0.414438 0.988543
vt 0.414438 0.996758
vt 0.403606 0.996716
vt 0.997909 0.806624
vt 0.966112 0.979138
vt 0.964159 0.971850
vt 0.971723 0.979549
vt 0.557138 0.281564
vt 0.000005 0.473754
vt 0.007091 0.471422
vt 0.006109 0.479414
vt 0.011770 0.385308
vt 0.005043 0.384248
vt 0.964584 0.800633
vt 0.824742 0.876508
vt 0.155542 0.071802
vt 0.040956 0.917435
vt 0.018344 0.924782
vt 0.019288 0.913535
vt 0.943672 0.843946
vt 0.002090 0.479116
vt 0.133876 0.853209
vt 0.140430 0.848699
vt 0.145398 0.849812
vt 0.547783 0.987268
vt 0.538381 0.990690
vt 0.534832 0.986502
vt 0.468295 0.242421
vt 0.331232 0.862340
vt 0.331330 0.858667
vt 0.335514 0.858846
vt 0.985909 0.385364
vt 0.777466 0.734720
vt 0.770737 0.742518
vt 0.312747 0.523398
vt 0.769843 0.027656
vt 0.870957 0.393194
vt 0.688500 0.903464
vt 0.680296 0.896138
vt 0.692557 0.889059
vt 0.127666 0.040555
vt 0.110511 0.030931
vt 0.106068 0.021303
vt 0.139765 0.867148
vt 0.132109 0.046547
vt 0.111284 0.041363
vt 0.838563 0.814388
vt 0.071771 0.999902
vt 0.063556 0.999902
vt 0.068913 0.996550
vt 0.138636 0.845597
vt 0.010312 0.224014
vt 0.018245 0.224708
vt 0.003043 0.224903
vt 0.267568 0.970002
vt 0.256483 0.963602
vt 0.285332 0.963962
vt 0.978478 0.971794
vt 0.946109 0.273610
vt 0.020746 0.788518
vt 0.945507 0.868677
vt 0.887676 0.387750
vt 0.883967 0.382542
vt 0.887486 0.380684
vt 0.996354 0.044762
vt 0.996354 0.057114
vt 0.993509 0.055214
vt 0.335021 0.139362
vt 0.344497 0.127429
vt 0.989347 0.973157
vt 0.994568 0.968776
vt 0.993632 0.976172
vt 0.527031 0.286786
vt 0.989582 0.982828
vt 0.986548 0.978364
vt 0.017537 0.181785
vt 0.014438 0.180471
vt 0.004190 0.138235
vt 0.004190 0.123924
vt 0.017507 0.136138
vt 0.930237 0.872005
vt 0.942387 0.879555
vt 0.948545 0.807255
vt 0.980376 0.995115
vt 0.987186 0.995115
vt 0.984272 0.997282
vt 0.699367 0.978244
vt 0.694561 0.986784
vt 0.680258 0.978526
vt 0.322325 0.688082
vt 0.043382 0.892540
vt 0.037885 0.915646
vt 0.029409 0.913998
vt 0.979908 0.562632
vt 0.988812 0.546998
vt 0.982172 0.567002
vt 0.043027 0.092195
vt 0.070131 0.983850
vt 0.264664 0.766720
vt 0.402591 0.433129
vt 0.428820 0.285055
vt 0.526399 0.936730
vt 0.529623 0.946142
vt 0.509027 0.941667
vt 0.349280 0.500969
vt 0.680595 0.873109
vt 0.295693 0.737038
vt 0.010445 0.825822
vt 0.010445 0.840676
vt 0.004760 0.826698
vt 0.442659 0.265801
vt 0.437477 0.173928
vt 0.494939 0.473477
vt 0.494439 0.467263
vt 0.004420 0.572923
vt 0.000586 0.574169
vt 0.001497 0.569499
vt 0.982461 0.987243
vt 0.120613 0.844806
vt 0.120873 0.840000
vt 0.003078 0.242977
vt 0.008073 0.242977
vt 0.003258 0.251028
vt 0.039933 0.999934
vt 0.039207 0.996518
vt 0.046449 0.999365
vt 0.113126 0.013509
vt 0.092886 0.006142
vt 0.115899 0.005245
vt 0.640782 0.913851
vt 0.331814 0.879667
vt 0.991564 0.839911
vt 0.994751 0.840947
vt 0.993338 0.844326
vt 0.680268 0.982351
vt 0.375690 0.996264
vt 0.382039 0.987526
vt 0.381422 0.996761
vt 0.006542 0.251701
vt 0.007528 0.209968
vt 0.995393 0.094863
vt 0.995393 0.108380
vt 0.993963 0.102267
vt 0.002295 0.977937
vt 0.002295 0.989118
vt 0.000239 0.984510
vt 0.051650 0.996700
vt 0.050227 0.999752
vt 0.043636 0.996771
vt 0.010417 0.869559
vt 0.002316 0.880709
vt 0.001241 0.868404
vt 0.532466 0.940574
vt 0.289043 0.515211
vt 0.256081 0.777828
vt 0.264218 0.775679
vt 0.266649 0.797609
vt 0.349752 0.158783
vt 0.334767 0.869736
vt 0.296554 0.902358
vt 0.316559 0.924287
vt 0.293916 0.918629
vt 0.000738 0.317115
vt 0.006961 0.313128
vt 0.006413 0.317612
vt 0.007393 0.332447
vt 0.000717 0.332334
vt 0.001852 0.325893
vt 0.550052 0.277148
vt 0.013605 0.567240
vt 0.118002 0.142457
vt 0.108165 0.139153
vt 0.032759 0.800507
vt 0.751663 0.625861
vt 0.514389 0.290671
vt 0.159636 0.072475
vt 0.156465 0.071547
vt 0.163044 0.066751
vt 0.147148 0.061213
vt 0.234357 0.970051
vt 0.211531 0.966027
vt 0.240572 0.964059
vt 0.280955 0.750693
vt 0.573190 0.295527
vt 0.944515 0.990155
vt 0.930802 0.980191
vt 0.944316 0.979941
vt 0.825003 0.883396
vt 0.487642 0.994253
vt 0.492564 0.987761
vt 0.496885 0.993932
vt 0.764930 0.687412
vt 0.848244 0.952793
vt 0.846759 0.959933
vt 0.827648 0.959933
vt 0.002569 0.190244
vt 0.006047 0.190244
vt 0.005015 0.192928
vt 0.031295 0.803661
vt 0.025654 0.799133
vt 0.270243 0.908196
vt 0.268992 0.922717
vt 0.153487 0.999880
vt 0.151284 0.996065
vt 0.160931 0.996570
vt 0.309241 0.617294
vt 0.769571 0.974697
vt 0.794545 0.974697
vt 0.774327 0.979687
vt 0.986056 0.593565
vt 0.991993 0.602746
vt 0.983801 0.596451
vt 0.934833 0.210116
vt 0.337476 0.863790
vt 0.491151 0.471382
vt 0.878353 0.715645
vt 0.994911 0.593705
vt 0.118702 0.022105
vt 0.989372 0.549569
vt 0.311254 0.735892
vt 0.982497 0.698823
vt 0.778208 0.696548
vt 0.785998 0.733046
vt 0.962424 0.807852
vt 0.959934 0.811646
vt 0.000642 0.309993
vt 0.426487 0.205621
vt 0.340839 0.156137
vt 0.994731 0.987635
vt 0.511222 0.436721
vt 0.986170 0.976100
vt 0.982145 0.979107
vt 0.934339 0.229470
vt 0.631908 0.969072
vt 0.604787 0.969072
vt 0.629784 0.963518
vt 0.783802 0.780677
vt 0.804745 0.777105
vt 0.797924 0.790566
vt 0.282595 0.497103
vt 0.138648 0.059646
vt 0.438550 0.243434
vt 0.361521 0.421867
vt 0.487841 0.852501
vt 0.560164 0.268763
vt 0.596996 0.966689
vt 0.583253 0.967715
vt 0.590240 0.963538
vt 0.996746 0.030637
vt 0.996746 0.042349
vt 0.993624 0.037040
vt 0.866689 0.789383
vt 0.977710 0.553081
vt 0.885947 0.329276
vt 0.876137 0.330068
vt 0.873583 0.300886
vt 0.326899 0.739838
vt 0.292484 0.015740
vt 0.305761 0.008814
vt 0.309411 0.016642
vt 0.111337 0.851063
vt 0.958404 0.814253
vt 0.006125 0.320365
vt 0.988617 0.608158
vt 0.008457 0.332790
vt 0.007225 0.318709
vt 0.008487 0.313941
vt 0.578725 0.963669
vt 0.275687 0.495460
vt 0.274043 0.479552
vt 0.154722 0.054387
vt 0.854549 0.310973
vt 0.863072 0.337530
vt 0.859679 0.341502
vt 0.249385 0.781629
vt 0.251316 0.808164
vt 0.238373 0.767913
vt 0.937083 0.207383
vt 0.258372 0.808124
vt 0.688811 0.012435
vt 0.289646 0.613361
vt 0.164751 0.058406
vt 0.908335 0.690972
vt 0.899734 0.693319
vt 0.988469 0.490341
vt 0.993284 0.490341
vt 0.991762 0.502563
vt 0.571277 0.284373
vt 0.343494 0.532078
vt 0.206719 0.227487
vt 0.832655 0.952383
vt 0.485784 0.460914
vt 0.081769 0.009374
vt 0.105721 0.419132
vt 0.104413 0.467154
vt 0.100844 0.429590
vt 0.279967 0.762293
vt 0.283602 0.615805
vt 0.263301 0.640416
vt 0.491280 0.447296
vt 0.382510 0.434951
vt 0.342065 0.442451
vt 0.138648 0.025048
vt 0.422690 0.966612
vt 0.413870 0.970018
vt 0.415604 0.963585
vt 0.297991 0.885799
vt 0.302553 0.877537
vt 0.651512 0.920433
vt 0.325533 0.747967
vt 0.303806 0.896528
vt 0.344140 0.737192
vt 0.019632 0.120254
vt 0.525742 0.267672
vt 0.746222 0.979964
vt 0.765182 0.979964
vt 0.760109 0.983544
vt 0.447248 0.258106
vt 0.115174 0.858867
vt 0.663784 0.912690
vt 0.567398 0.937038
vt 0.584769 0.933021
vt 0.600058 0.937118
vt 0.765949 0.018875
vt 0.306877 0.752521
vt 0.966026 0.820678
vt 0.947925 0.848931
vt 0.982251 0.529573
vt 0.337544 0.879888
vt 0.275724 0.804704
vt 0.995816 0.293884
vt 0.989993 0.291933
vt 0.992393 0.291012
vt 0.945153 0.953755
vt 0.930712 0.949886
vt 0.963358 0.948931
vt 0.612360 0.916472
vt 0.280273 0.516288
vt 0.287449 0.891949
vt 0.839412 0.723647
vt 0.430004 0.938275
vt 0.473189 0.938275
vt 0.431822 0.947178
vt 0.264999 0.476531
vt 0.744407 0.631609
vt 0.972161 0.548075
vt 0.449209 0.435963
vt 0.463877 0.442229
vt 0.449735 0.439965
vt 0.488459 0.004032
vt 0.449707 0.004032
vt 0.473426 0.001543
vt 0.990192 0.293814
vt 0.318000 0.858976
vt 0.309699 0.849083
vt 0.327294 0.855369
vt 0.639613 0.921181
vt 0.048464 0.898954
vt 0.684549 0.873069
vt 0.006419 0.304284
vt 0.935195 0.192363
vt 0.000555 0.522988
vt 0.004175 0.518005
vt 0.008061 0.526090
vt 0.330425 0.010883
vt 0.880566 0.769975
vt 0.122761 0.153725
vt 0.108907 0.160648
vt 0.110492 0.151121
vt 0.499180 0.987501
vt 0.265837 0.909349
vt 0.135649 0.135935
vt 0.967078 0.807695
vt 0.968969 0.811945
vt 0.398025 0.963591
vt 0.823903 0.953437
vt 0.590246 0.998105
vt 0.591480 0.999868
vt 0.584394 0.999535
vt 0.787899 0.265910
vt 0.783248 0.261359
vt 0.787957 0.247551
vt 0.576842 0.970065
vt 0.435549 0.434428
vt 0.277181 0.813086
vt 0.276335 0.580360
vt 0.050672 0.897576
vt 0.047025 0.892261
vt 0.006087 0.362706
vt 0.002774 0.360635
vt 0.008883 0.358531
vt 0.394339 0.968637
vt 0.076063 0.454147
vt 0.083588 0.454912
vt 0.081481 0.474706
vt 0.538093 0.263718
vt 0.243715 0.796018
vt 0.170841 0.061028
vt 0.168989 0.057324
vt 0.872098 0.793477
vt 0.090254 0.527233
vt 0.082615 0.505282
vt 0.096071 0.532681
vt 0.302923 0.821153
vt 0.161491 0.871085
vt 0.135255 0.884310
vt 0.783730 0.248407
vt 0.617615 0.928499
vt 0.003612 0.439948
vt 0.006018 0.439948
vt 0.004141 0.442464
vt 0.886154 0.757906
vt 0.012018 0.565516
vt 0.009854 0.567088
vt 0.009776 0.565198
vt 0.418710 0.431684
vt 0.041719 0.992593
vt 0.057622 0.992593
vt 0.048393 0.994736
vt 0.569755 0.963607
vt 0.992697 0.674420
vt 0.988015 0.669738
vt 0.994609 0.674214
vt 0.821802 0.956731
vt 0.485827 0.470618
vt 0.141609 0.046493
vt 0.438464 0.440232
vt 0.697874 0.885995
vt 0.694552 0.887893
vt 0.687093 0.850211
vt 0.678584 0.002433
vt 0.647767 0.002433
vt 0.641234 0.001115
vt 0.301763 0.824968
vt 0.563297 0.929076
vt 0.610043 0.932359
vt 0.990421 0.474997
vt 0.995387 0.474997
vt 0.994113 0.477866
vt 0.784927 0.231273
vt 0.789205 0.235335
vt 0.278269 0.981263
vt 0.299025 0.981263
vt 0.280893 0.986806
vt 0.278504 0.577019
vt 0.150226 0.029695
vt 0.513529 0.998025
vt 0.522963 0.998025
vt 0.513570 0.999947
vt 0.061130 0.670708
vt 0.067674 0.707821
vt 0.059036 0.712971
vt 0.144162 0.115905
vt 0.815348 0.752547
vt 0.774116 0.788658
vt 0.759811 0.779574
vt 0.345131 0.201966
vt 0.339167 0.188180
vt 0.305966 0.003632
vt 0.176439 0.060796
vt 0.304475 0.764951
vt 0.869246 0.329804
vt 0.866319 0.308845
vt 0.550271 0.264892
vt 0.792005 0.251595
vt 0.633447 0.927317
vt 0.997286 0.669726
vt 0.449735 0.444062
vt 0.464764 0.443114
vt 0.275645 0.516861
vt 0.983689 0.521696
vt 0.180794 0.052855
vt 0.980626 0.185344
vt 0.984720 0.173825
vt 0.986899 0.175241
vt 0.675711 0.974868
vt 0.699353 0.974868
vt 0.694210 0.977489
vt 0.270825 0.495182
vt 0.965186 0.814507
vt 0.178975 0.049906
vt 0.007667 0.567478
vt 0.006095 0.565315
vt 0.009110 0.565552
vt 0.773734 0.618895
vt 0.576680 0.284442
vt 0.289642 0.858357
vt 0.520303 0.932216
vt 0.561790 0.258318
vt 0.570513 0.266411
vt 0.147565 0.034058
vt 0.995381 0.001580
vt 0.990934 0.003024
vt 0.991675 0.000523
vt 0.680230 0.861538
vt 0.334139 0.227881
vt 0.647361 0.928088
vt 0.293757 0.997303
vt 0.286978 0.996108
vt 0.298932 0.996183
vt 0.272289 0.503576
vt 0.090032 0.445411
vt 0.088400 0.435953
vt 0.235881 0.819843
vt 0.240707 0.808262
vt 0.361171 0.894855
vt 0.628348 0.603735
vt 0.550051 0.623927
vt 0.552785 0.571760
vt 0.343963 0.759495
vt 0.059505 0.972954
vt 0.060061 0.970759
vt 0.078863 0.970759
vt 0.331148 0.763800
vt 0.409000 0.438557
vt 0.990817 0.208020
vt 0.973930 0.184470
vt 0.991210 0.212859
vt 0.994751 0.908720
vt 0.992641 0.910253
vt 0.992071 0.907284
vt 0.128394 0.145792
vt 0.940051 0.190697
vt 0.102577 0.927694
vt 0.134401 0.930478
vt 0.102637 0.935069
vt 0.169765 0.047165
vt 0.131499 0.936584
vt 0.863076 0.311882
vt 0.090773 0.422927
vt 0.064506 0.974501
vt 0.546630 0.579149
vt 0.763934 0.792203
vt 0.787885 0.223314
vt 0.476407 0.469188
vt 0.465804 0.466855
vt 0.023791 0.911837
vt 0.014409 0.912823
vt 0.011688 0.895084
vt 0.779699 0.617605
vt 0.991047 0.158721
vt 0.996282 0.158721
vt 0.992945 0.161097
vt 0.784550 0.195822
vt 0.793750 0.234211
vt 0.089790 0.498210
vt 0.106628 0.848584
vt 0.083942 0.494048
vt 0.391867 0.980412
vt 0.412492 0.980412
vt 0.409397 0.983095
vt 0.477386 0.443255
vt 0.504390 0.427866
vt 0.485993 0.841560
vt 0.190948 0.833789
vt 0.176118 0.809108
vt 0.221900 0.819108
vt 0.853537 0.794556
vt 0.860424 0.768634
vt 0.112482 0.876072
vt 0.204565 0.051803
vt 0.274971 0.531696
vt 0.745145 0.822433
vt 0.736681 0.854018
vt 0.742555 0.820277
vt 0.972856 0.094466
vt 0.990652 0.094466
vt 0.973472 0.099655
vt 0.797477 0.800269
vt 0.789725 0.803948
vt 0.100109 0.417286
vt 0.478822 0.455966
vt 0.976716 0.727082
vt 0.985270 0.691412
vt 0.983692 0.715001
vt 0.985293 0.166259
vt 0.190187 0.983456
vt 0.212246 0.983456
vt 0.196180 0.986640
vt 0.268154 0.891680
vt 0.103359 0.467013
vt 0.669116 0.004253
vt 0.707468 0.004253
vt 0.681517 0.013486
vt 0.132774 0.075000
vt 0.521223 0.263237
vt 0.529993 0.255638
vt 0.256082 0.854531
vt 0.599718 0.635031
vt 0.836385 0.786241
vt 0.946449 0.179985
vt 0.973855 0.179006
vt 0.457996 0.474180
vt 0.610033 0.959470
vt 0.607001 0.948154
vt 0.620363 0.959908
vt 0.681696 0.851818
vt 0.105462 0.946095
vt 0.392851 0.442811
vt 0.139289 0.067515
vt 0.745431 0.818329
vt 0.265803 0.906872
vt 0.738011 0.817070
vt 0.744154 0.814670
vt 0.813306 0.771768
vt 0.807272 0.777765
vt 0.799826 0.765780
vt 0.747924 0.819274
vt 0.096841 0.941557
vt 0.605906 0.953415
vt 0.548088 0.256392
vt 0.138956 0.144587
vt 0.569990 0.254431
vt 0.574599 0.264824
vt 0.493217 0.944031
vt 0.489328 0.936977
vt 0.503163 0.139133
vt 0.523356 0.154316
vt 0.512581 0.162427
vt 0.123306 0.880772
vt 0.779332 0.806707
vt 0.062383 0.558100
vt 0.063631 0.595635
vt 0.059427 0.591318
vt 0.991081 0.443235
vt 0.991081 0.437150
vt 0.997261 0.439298
vt 0.574460 0.157891
vt 0.572321 0.136031
vt 0.586860 0.149048
vt 0.268883 0.522164
vt 0.981024 0.723351
vt 0.138840 0.947504
vt 0.820606 0.778226
vt 0.805669 0.795263
vt 0.550963 0.132969
vt 0.546609 0.165305
vt 0.544087 0.140565
vt 0.561059 0.144251
vt 0.029045 0.995212
vt 0.034763 0.993131
vt 0.044954 0.994877
vt 0.018145 0.440625
vt 0.003649 0.445335
vt 0.007238 0.440642
vt 0.578875 0.259906
vt 0.267964 0.579847
vt 0.112150 0.018168
vt 0.088923 0.016136
vt 0.121417 0.014270
vt 0.135255 0.898469
vt 0.111703 0.886938
vt 0.532905 0.138375
vt 0.743123 0.898636
vt 0.744753 0.904061
vt 0.742612 0.902502
vt 0.228949 0.818379
vt 0.811881 0.186203
vt 0.806115 0.163892
vt 0.453870 0.838369
vt 0.533535 0.150039
vt 0.780011 0.631879
vt 0.606755 0.941207
vt 0.616660 0.940751
vt 0.233890 0.807692
vt 0.797401 0.247098
vt 0.526051 0.141109
vt 0.461154 0.462601
vt 0.799382 0.234109
vt 0.752928 0.835032
vt 0.147283 0.140003
vt 0.175586 0.033962
vt 0.117865 0.895563
vt 0.156981 0.025474
vt 0.156983 0.026894
vt 0.820148 0.797251
vt 0.236731 0.799472
vt 0.408470 0.443613
vt 0.394260 0.445592
vt 0.151986 0.020422
vt 0.852450 0.760549
vt 0.594852 0.954942
vt 0.368262 0.454416
vt 0.970192 0.021531
vt 0.986726 0.021531
vt 0.978685 0.024592
vt 0.984477 0.925424
vt 0.979871 0.908233
vt 0.985663 0.880455
vt 0.799837 0.759958
vt 0.986892 0.638790
vt 0.992675 0.652644
vt 0.988829 0.649780
vt 0.263234 0.534623
vt 0.099755 0.570368
vt 0.103805 0.616658
vt 0.099439 0.624260
vt 0.993342 0.639889
vt 0.868590 0.756193
vt 0.801600 0.811204
vt 0.223407 0.828640
vt 0.205401 0.403647
vt 0.211161 0.407252
vt 0.204295 0.411314
vt 0.456736 0.468638
vt 0.638455 0.990985
vt 0.641432 0.991782
vt 0.623646 0.991133
vt 0.910941 0.995392
vt 0.907406 0.991857
vt 0.911144 0.984334
vt 0.110219 0.880414
vt 0.101266 0.948130
vt 0.441196 0.452692
vt 0.987296 0.527034
vt 0.101660 0.547904
vt 0.096573 0.547283
vt 0.103046 0.541879
vt 0.614068 0.998606
vt 0.611979 0.999366
vt 0.608436 0.998612
vt 0.458068 0.452500
vt 0.602193 0.945017
vt 0.995773 0.070296
vt 0.994027 0.060396
vt 0.995836 0.057935
vt 0.539106 0.247786
vt 0.000070 0.887338
vt 0.009560 0.886508
vt 0.000148 0.900111
vt 0.840100 0.002610
vt 0.803082 0.005562
vt 0.806692 0.002610
vt 0.747435 0.781107
vt 0.729402 0.811803
vt 0.728996 0.794018
vt 0.754058 0.896264
vt 0.559541 0.245652
vt 0.573648 0.246989
vt 0.595496 0.262159
vt 0.578065 0.177947
vt 0.568779 0.174058
vt 0.827776 0.788080
vt 0.314880 0.963533
vt 0.343508 0.963533
vt 0.330099 0.965509
vt 0.592724 0.951442
vt 0.098672 0.554916
vt 0.341298 0.452147
vt 0.809985 0.011581
vt 0.714651 0.780188
vt 0.835505 0.903237
vt 0.836398 0.895709
vt 0.854573 0.900579
vt 0.211736 0.251146
vt 0.192291 0.218783
vt 0.214427 0.251297
vt 0.194255 0.270093
vt 0.156587 0.022403
vt 0.613823 0.999666
vt 0.616996 0.999106
vt 0.618818 0.999880
vt 0.087134 0.547601
vt 0.087727 0.552475
vt 0.084674 0.548745
vt 0.613693 0.985984
vt 0.611852 0.992856
vt 0.611958 0.981801
vt 0.535116 0.160792
vt 0.470801 0.431911
vt 0.577433 0.998142
vt 0.584756 0.998142
vt 0.580249 0.999323
vt 0.503522 0.414314
vt 0.833654 0.772682
vt 0.748750 0.791063
vt 0.885158 0.265455
vt 0.880117 0.251503
vt 0.091645 0.555779
vt 0.590840 0.957568
vt 0.827888 0.765803
vt 0.875729 0.896224
vt 0.209494 0.394351
vt 0.214452 0.398458
vt 0.746715 0.909148
vt 0.756259 0.901573
vt 0.977847 0.747932
vt 0.369096 0.985515
vt 0.369402 0.991352
vt 0.363508 0.987540
vt 0.137829 0.153831
vt 0.222673 0.818802
vt 0.532659 0.607284
vt 0.540500 0.586047
vt 0.453909 0.465575
vt 0.447703 0.465025
vt 0.452102 0.460520
vt 0.894572 0.875491
vt 0.921334 0.880210
vt 0.876041 0.878855
vt 0.069667 0.509116
vt 0.078636 0.493050
vt 0.838401 0.905890
vt 0.890800 0.908143
vt 0.983185 0.752582
vt 0.589977 0.952671
vt 0.512407 0.170462
vt 0.502827 0.153858
vt 0.849175 0.739191
vt 0.879341 0.741973
vt 0.868810 0.743589
vt 0.819970 0.819103
vt 0.828021 0.825102
vt 0.810261 0.827421
vt 0.457812 0.454361
vt 0.792665 0.812755
vt 0.163300 0.857896
vt 0.327431 0.453520
vt 0.214479 0.386861
vt 0.206557 0.386517
vt 0.591606 0.998193
vt 0.598460 0.998193
vt 0.593258 0.998766
vt 0.380537 0.985333
vt 0.080484 0.491420
vt 0.943733 0.018937
vt 0.937537 0.020597
vt 0.931077 0.019202
vt 0.082623 0.491140
vt 0.810057 0.752761
vt 0.801158 0.752444
vt 0.004873 0.899023
vt 0.026565 0.998760
vt 0.024839 0.996294
vt 0.032434 0.996171
vt 0.667162 0.789635
vt 0.575007 0.229744
vt 0.585627 0.226803
vt 0.575776 0.237911
vt 0.588773 0.206907
vt 0.991400 0.350118
vt 0.991400 0.345269
vt 0.994915 0.346600
vt 0.746871 0.226730
vt 0.742796 0.235448
vt 0.743396 0.227116
vt 0.524664 0.586433
vt 0.578831 0.204672
vt 0.583399 0.196334
vt 0.099368 0.559258
vt 0.523355 0.595825
vt 0.745658 0.266075
vt 0.744405 0.254962
vt 0.753715 0.268565
vt 0.079681 0.547870
vt 0.809239 0.835160
vt 0.813961 0.747537
vt 0.786650 0.731844
vt 0.811502 0.729395
vt 0.748714 0.235070
vt 0.850473 0.743496
vt 0.590638 0.182627
vt 0.737892 0.810511
vt 0.464834 0.444798
vt 0.837295 0.728509
vt 0.839078 0.746552
vt 0.751525 0.794171
vt 0.752915 0.808009
vt 0.210794 0.345650
vt 0.214331 0.344559
vt 0.212961 0.352692
vt 0.854637 0.746763
vt 0.010514 0.978127
vt 0.006770 0.977800
vt 0.012074 0.970693
vt 0.001228 0.549265
vt 0.014388 0.546945
vt 0.016005 0.550369
vt 0.230114 0.374595
vt 0.234631 0.391422
vt 0.222728 0.382836
vt 0.061092 0.599528
vt 0.534651 0.181482
vt 0.567494 0.241415
vt 0.001104 0.964108
vt 0.226731 0.363015
vt 0.011741 0.964093
vt 0.186429 0.379355
vt 0.183194 0.331043
vt 0.186879 0.328463
vt 0.990644 0.454566
vt 0.986041 0.507172
vt 0.986455 0.445185
vt 0.776319 0.823730
vt 0.237502 0.265978
vt 0.920803 0.001718
vt 0.921227 0.007678
vt 0.906968 0.008926
vt 0.213624 0.380738
vt 0.381125 0.055136
vt 0.371296 0.045307
vt 0.393662 0.053136
vt 0.840217 0.747307
vt 0.032207 0.970357
vt 0.033898 0.960884
vt 0.040889 0.964293
vt 0.223087 0.392802
vt 0.901684 0.002513
vt 0.063736 0.598473
vt 0.743604 0.792248
vt 0.228346 0.402197
vt 0.222042 0.405795
vt 0.006980 0.738373
vt 0.005875 0.752993
vt 0.003156 0.739398
vt 0.992401 0.988874
vt 0.996828 0.994150
vt 0.984926 0.994400
vt 0.570153 0.226785
vt 0.015080 0.719705
vt 0.011275 0.715171
vt 0.014870 0.696920
vt 0.770795 0.814660
vt 0.193373 0.211185
vt 0.194447 0.215090
vt 0.990742 0.318654
vt 0.985436 0.329311
vt 0.987415 0.317763
vt 0.355610 0.360569
vt 0.328032 0.404128
vt 0.313203 0.397501
vt 0.011354 0.683743
vt 0.014495 0.690477
vt 0.011804 0.706525
vt 0.314019 0.415011
vt 0.552491 0.185104
vt 0.375364 0.053774
vt 0.032325 0.974125
vt 0.018918 0.967949
vt 0.006126 0.736200
vt 0.902719 0.785648
vt 0.922904 0.754870
vt 0.915277 0.771871
vt 0.992248 0.125647
vt 0.990917 0.123814
vt 0.993878 0.123720
vt 0.799953 0.829560
vt 0.566644 0.190403
vt 0.859498 0.801652
vt 0.841343 0.807896
vt 0.831277 0.805998
vt 0.884066 0.802433
vt 0.652586 0.953797
vt 0.617561 0.953797
vt 0.647351 0.952436
vt 0.186862 0.292351
vt 0.230225 0.279203
vt 0.762525 0.882478
vt 0.229129 0.395980
vt 0.653368 0.952929
vt 0.688243 0.952929
vt 0.665403 0.953811
vt 0.174910 0.355957
vt 0.173624 0.382976
vt 0.310102 0.401995
vt 0.543478 0.242006
vt 0.052243 0.814874
vt 0.044159 0.787339
vt 0.053491 0.800615
vt 0.020759 0.964179
vt 0.095907 0.591927
vt 0.003164 0.736110
vt 0.997234 0.003733
vt 0.997234 0.015020
vt 0.993643 0.010295
vt 0.693414 0.670871
vt 0.614365 0.675815
vt 0.633905 0.662171
vt 0.494612 0.968109
vt 0.498711 0.972994
vt 0.481660 0.968768
vt 0.907845 0.775437
vt 0.005320 0.052714
vt 0.017374 0.048327
vt 0.021036 0.053548
vt 0.341990 0.046697
vt 0.369530 0.038630
vt 0.029065 0.548085
vt 0.032840 0.543010
vt 0.037877 0.545191
vt 0.042926 0.548223
vt 0.020482 0.949342
vt 0.898475 0.598918
vt 0.897793 0.583840
vt 0.899511 0.597439
vt 0.524893 0.183804
vt 0.513169 0.181768
vt 0.632518 0.990258
vt 0.614821 0.990258
vt 0.624518 0.988454
vt 0.468446 0.425252
vt 0.489858 0.979179
vt 0.834746 0.804102
vt 0.073990 0.993606
vt 0.059206 0.994900
vt 0.058296 0.992429
vt 0.890265 0.799813
vt 0.528330 0.241002
vt 0.207607 0.329222
vt 0.890657 0.600863
vt 0.567922 0.205106
vt 0.085522 0.401200
vt 0.081873 0.401699
vt 0.079780 0.393889
vt 0.756786 0.879306
vt 0.991932 0.319345
vt 0.995326 0.321811
vt 0.990989 0.321803
vt 0.748034 0.784603
vt 0.892851 0.002302
vt 0.552240 0.237214
vt 0.560242 0.234380
vt 0.820908 0.213764
vt 0.043257 0.545968
vt 0.496939 0.978000
vt 0.179907 0.312449
vt 0.186885 0.208089
vt 0.898749 0.812642
vt 0.523308 0.932739
vt 0.530795 0.929686
vt 0.535217 0.936001
vt 0.170445 0.315034
vt 0.107344 0.555540
vt 0.530843 0.623691
vt 0.682277 0.662495
vt 0.212568 0.330391
vt 0.954848 0.988604
vt 0.954345 0.985025
vt 0.967517 0.986592
vt 0.738189 0.205109
vt 0.538377 0.236744
vt 0.357333 0.052456
vt 0.504297 0.974688
vt 0.893191 0.552858
vt 0.757702 0.907547
vt 0.964022 0.981917
vt 0.885723 0.833058
vt 0.887358 0.830428
vt 0.886174 0.834893
vt 0.271953 0.996034
vt 0.276037 0.998391
vt 0.265778 0.998061
vt 0.758938 0.872701
vt 0.744480 0.207096
vt 0.518706 0.706638
vt 0.521246 0.700768
vt 0.569794 0.711589
vt 0.357234 0.359196
vt 0.320557 0.343065
vt 0.903500 0.826985
vt 0.951389 0.991220
vt 0.688316 0.662418
vt 0.686303 0.657858
vt 0.563700 0.224910
vt 0.546920 0.233436
vt 0.000245 0.022007
vt 0.003306 0.025068
vt 0.000242 0.034759
vt 0.933518 0.009625
vt 0.922160 0.003067
vt 0.948134 0.008826
vt 0.692046 0.655016
vt 0.818266 0.219652
vt 0.831462 0.752191
vt 0.551096 0.196687
vt 0.504655 0.979002
vt 0.764468 0.824717
vt 0.560140 0.206632
vt 0.087478 0.405123
vt 0.890111 0.006909
vt 0.879662 0.832105
vt 0.207089 0.323101
vt 0.779410 0.889984
vt 0.057596 0.790938
vt 0.054612 0.825048
vt 0.054416 0.783162
vt 0.750286 0.823207
vt 0.824819 0.752485
vt 0.693984 0.659009
vt 0.543348 0.203218
vt 0.733570 0.186878
vt 0.737583 0.195963
vt 0.709307 0.166812
vt 0.530040 0.986887
vt 0.521151 0.993346
vt 0.521654 0.987974
vt 0.525821 0.698562
vt 0.551024 0.700730
vt 0.903073 0.829673
vt 0.536292 0.222479
vt 0.871524 0.851916
vt 0.045441 0.525269
vt 0.766098 0.834165
vt 0.897992 0.827945
vt 0.534470 0.202293
vt 0.936427 0.877126
vt 0.897919 0.558856
vt 0.558468 0.217755
vt 0.527647 0.212173
vt 0.762057 0.176338
vt 0.745414 0.192400
vt 0.741111 0.193807
vt 0.179426 0.225716
vt 0.327575 0.054856
vt 0.749369 0.184210
vt 0.523495 0.692717
vt 0.551750 0.693001
vt 0.931330 0.001019
vt 0.022741 0.551718
vt 0.012874 0.556319
vt 0.006149 0.551638
vt 0.980448 0.858328
vt 0.993196 0.858694
vt 0.991526 0.868165
vt 0.697038 0.643870
vt 0.698657 0.648697
vt 0.760218 0.871896
vt 0.123730 0.997042
vt 0.133239 0.997042
vt 0.129430 0.999409
vt 0.051397 0.781172
vt 0.527260 0.218438
vt 0.171368 0.250985
vt 0.053662 0.783638
vt 0.744656 0.199885
vt 0.888213 0.003151
vt 0.693645 0.664374
vt 0.530049 0.691962
vt 0.183857 0.309493
vt 0.795380 0.991334
vt 0.804854 0.987885
vt 0.813844 0.991300
vt 0.182653 0.996133
vt 0.192411 0.996133
vt 0.187594 0.998798
vt 0.548740 0.220997
vt 0.766426 0.883052
vt 0.594740 0.999833
vt 0.598598 0.999153
vt 0.601408 0.999795
vt 0.304535 0.378473
vt 0.017560 0.875767
vt 0.012781 0.857932
vt 0.017629 0.853072
vt 0.167924 0.271740
vt 0.981999 0.867190
vt 0.703376 0.636195
vt 0.543182 0.211894
vt 0.332931 0.967741
vt 0.308056 0.969917
vt 0.304169 0.967890
vt 0.857207 0.167093
vt 0.858186 0.173689
vt 0.853311 0.170989
vt 0.187357 0.201965
vt 0.218692 0.015231
vt 0.252773 0.015231
vt 0.218590 0.017207
vt 0.991147 0.248172
vt 0.964114 0.255277
vt 0.958676 0.247510
vt 0.010410 0.962801
vt 0.004795 0.962801
vt 0.004825 0.960159
vt 0.536578 0.691485
vt 0.699956 0.671710
vt 0.174821 0.224483
vt 0.175381 0.217666
vt 0.991091 0.606643
vt 0.993968 0.602683
vt 0.997252 0.606180
vt 0.886794 0.007370
vt 0.993162 0.878114
vt 0.985530 0.871574
vt 0.984643 0.244597
vt 0.990146 0.244467
vt 0.989670 0.247170
vt 0.983498 0.247100
vt 0.886173 0.004696
vt 0.004190 0.582270
vt 0.006961 0.584236
vt 0.005335 0.593457
vt 0.856235 0.161513
vt 0.994071 0.667279
vt 0.991441 0.667025
vt 0.991441 0.664273
vt 0.514666 0.810944
vt 0.503440 0.811793
vt 0.512194 0.808472
vt 0.543227 0.690813
vt 0.995888 0.663688
vt 0.779835 0.897528
vt 0.985956 0.027018
vt 0.990707 0.033803
vt 0.971977 0.027965
vt 0.513567 0.619556
vt 0.703203 0.685095
vt 0.634641 0.776189
vt 0.638782 0.760376
vt 0.636941 0.773369
vt 0.698535 0.680957
vt 0.179392 0.308013
vt 0.504651 0.998135
vt 0.497872 0.999331
vt 0.494842 0.998165
vt 0.182662 0.296193
vt 0.173934 0.980421
vt 0.192472 0.980421
vt 0.170427 0.981566
vt 0.855260 0.155687
vt 0.517601 0.621961
vt 0.176672 0.312186
vt 0.712413 0.683923
vt 0.708604 0.677920
vt 0.568926 0.934668
vt 0.304073 0.369200
vt 0.311327 0.355753
vt 0.061795 0.846137
vt 0.055285 0.855434
vt 0.060089 0.834725
vt 0.006488 0.575828
vt 0.648490 0.741307
vt 0.956705 0.002551
vt 0.714459 0.692264
vt 0.233996 0.006638
vt 0.220180 0.008963
vt 0.227714 0.003708
vt 0.953022 0.953453
vt 0.964032 0.949911
vt 0.969405 0.950859
vt 0.731368 0.964229
vt 0.752011 0.969760
vt 0.725435 0.969881
vt 0.849633 0.142182
vt 0.719644 0.693253
vt 0.065272 0.947339
vt 0.075288 0.953121
vt 0.058816 0.947030
vt 0.101544 0.559555
vt 0.105247 0.565415
vt 0.105247 0.585807
vt 0.570458 0.931332
vt 0.165644 0.253232
vt 0.169886 0.250463
vt 0.171414 0.232852
vt 0.552042 0.686579
vt 0.042249 0.436467
vt 0.047276 0.440529
vt 0.044468 0.441451
vt 0.897999 0.547549
vt 0.980090 0.255225
vt 0.081054 0.441387
vt 0.656003 0.739306
vt 0.652133 0.779398
vt 0.985143 0.953788
vt 0.221358 0.190578
vt 0.218532 0.158268
vt 0.224955 0.191195
vt 0.843857 0.164373
vt 0.987626 0.268763
vt 0.146324 0.720191
vt 0.149780 0.736906
vt 0.146324 0.729226
vt 0.257023 0.575989
vt 0.238792 0.551744
vt 0.252417 0.563645
vt 0.148520 0.716701
vt 0.822210 0.951316
vt 0.830653 0.949054
vt 0.855945 0.951605
vt 0.850132 0.973877
vt 0.874652 0.973877
vt 0.859268 0.978987
vt 0.859128 0.806472
vt 0.448002 0.021324
vt 0.476328 0.026319
vt 0.426359 0.024923
vt 0.337700 0.339336
vt 0.853984 0.144894
vt 0.532034 0.804443
vt 0.532872 0.809598
vt 0.271680 0.565561
vt 0.250989 0.622900
vt 0.265860 0.576368
vt 0.828365 0.148913
vt 0.563459 0.676671
vt 0.853121 0.132249
vt 0.897721 0.533515
vt 0.234794 0.556436
vt 0.802243 0.904799
vt 0.061007 0.891431
vt 0.058322 0.860744
vt 0.061292 0.849066
vt 0.958609 0.032530
vt 0.147717 0.699055
vt 0.575350 0.670847
vt 0.308215 0.313631
vt 0.303181 0.296596
vt 0.321077 0.337784
vt 0.166560 0.303282
vt 0.056711 0.813091
vt 0.257435 0.562712
vt 0.233865 0.537545
vt 0.009976 0.053756
vt 0.009976 0.068393
vt 0.002188 0.067704
vt 0.254556 0.577096
vt 0.739458 0.950787
vt 0.714624 0.948177
vt 0.705043 0.926556
vt 0.589556 0.660380
vt 0.897965 0.519765
vt 0.043313 0.952802
vt 0.339370 0.043642
vt 0.822893 0.140436
vt 0.069256 0.454307
vt 0.591279 0.643708
vt 0.381402 0.025801
vt 0.371037 0.020968
vt 0.397833 0.021112
vt 0.330000 0.333139
vt 0.550808 0.808047
vt 0.330976 0.335953
vt 0.776963 0.958720
vt 0.752946 0.959949
vt 0.758180 0.955408
vt 0.553931 0.804020
vt 0.747112 0.958561
vt 0.868187 0.942364
vt 0.856590 0.947772
vt 0.824159 0.941736
vt 0.035272 0.118668
vt 0.035272 0.148438
vt 0.033658 0.142662
vt 0.165571 0.271055
vt 0.149444 0.694819
vt 0.008885 0.919827
vt 0.000238 0.919827
vt 0.002992 0.914942
vt 0.855290 0.088008
vt 0.859427 0.098747
vt 0.859427 0.086455
vt 0.165950 0.293216
vt 0.236230 0.577707
vt 0.218604 0.557820
vt 0.115157 0.999788
vt 0.122095 0.996553
vt 0.124579 0.999899
vt 0.029289 0.764784
vt 0.020439 0.770374
vt 0.026895 0.763511
vt 0.678676 0.840977
vt 0.662484 0.848004
vt 0.655558 0.841079
vt 0.022798 0.487612
vt 0.026211 0.490475
vt 0.018021 0.484674
vt 0.017090 0.490490
vt 0.008282 0.100762
vt 0.008282 0.092939
vt 0.011263 0.106929
vt 0.332887 0.563972
vt 0.284320 0.562780
vt 0.265716 0.920160
vt 0.274071 0.932093
vt 0.266687 0.951101
vt 0.126953 0.330246
vt 0.122971 0.325369
vt 0.125879 0.292135
vt 0.008255 0.487823
vt 0.105868 0.334563
vt 0.091785 0.346040
vt 0.096626 0.338312
vt 0.144695 0.667047
vt 0.146813 0.669304
vt 0.196820 0.005667
vt 0.863757 0.992355
vt 0.860423 0.994777
vt 0.859612 0.986902
vt 0.859852 0.876655
vt 0.881739 0.876655
vt 0.860141 0.880250
vt 0.161249 0.285080
vt 0.579579 0.804302
vt 0.993426 0.272877
vt 0.989519 0.283130
vt 0.989102 0.272877
vt 0.993666 0.282715
vt 0.566693 0.807158
vt 0.164545 0.292598
vt 0.855713 0.079225
vt 0.863410 0.997386
vt 0.831082 0.092939
vt 0.012991 0.098565
vt 0.235206 0.530994
vt 0.991438 0.339015
vt 0.991438 0.334071
vt 0.994370 0.336344
vt 0.050964 0.456083
vt 0.692684 0.729860
vt 0.675202 0.733342
vt 0.865173 0.994469
vt 0.635280 0.931091
vt 0.679313 0.931314
vt 0.655923 0.936622
vt 0.981010 0.450495
vt 0.975908 0.431286
vt 0.979914 0.429418
vt 0.013006 0.108784
vt 0.032056 0.758337
vt 0.990432 0.508884
vt 0.995376 0.508884
vt 0.994688 0.511390
vt 0.588299 0.809790
vt 0.032779 0.774805
vt 0.395195 0.564849
vt 0.386639 0.572850
vt 0.368662 0.569680
vt 0.344391 0.987709
vt 0.354588 0.987042
vt 0.356100 0.992684
vt 0.994522 0.781447
vt 0.991923 0.781481
vt 0.991923 0.778073
vt 0.026220 0.753693
vt 0.228165 0.545081
vt 0.895351 0.977169
vt 0.892835 0.978971
vt 0.885583 0.973893
vt 0.104502 0.612771
vt 0.160369 0.306905
vt 0.083288 0.331339
vt 0.990211 0.378696
vt 0.997419 0.383933
vt 0.989403 0.385115
vt 0.994899 0.779023
vt 0.698615 0.728153
vt 0.690112 0.717705
vt 0.017110 0.550425
vt 0.039013 0.532328
vt 0.025175 0.550847
vt 0.028114 0.748256
vt 0.031168 0.752395
vt 0.848499 0.084455
vt 0.432192 0.619643
vt 0.383915 0.620174
vt 0.385930 0.615596
vt 0.682730 0.252048
vt 0.682730 0.280798
vt 0.677753 0.243794
vt 0.870994 0.978714
vt 0.875752 0.974648
vt 0.014974 0.649233
vt 0.011888 0.648198
vt 0.014612 0.632753
vt 0.162996 0.255090
vt 0.152517 0.277164
vt 0.146279 0.265535
vt 0.344356 0.990832
vt 0.145592 0.160231
vt 0.149038 0.176522
vt 0.149038 0.198615
vt 0.221872 0.202617
vt 0.006320 0.480587
vt 0.007078 0.482920
vt 0.002552 0.482882
vt 0.013842 0.655133
vt 0.992900 0.389920
vt 0.987389 0.386954
vt 0.988258 0.385250
vt 0.990926 0.400356
vt 0.994871 0.396851
vt 0.937122 0.826483
vt 0.016233 0.525179
vt 0.524164 0.998121
vt 0.532144 0.999528
vt 0.523609 0.999852
vt 0.704201 0.722843
vt 0.701400 0.732717
vt 0.117730 0.408540
vt 0.124082 0.414249
vt 0.118998 0.415731
vt 0.822265 0.875316
vt 0.849909 0.874945
vt 0.690729 0.781028
vt 0.403209 0.610267
vt 0.122014 0.339141
vt 0.241480 0.527474
vt 0.119778 0.324444
vt 0.980274 0.408415
vt 0.703635 0.742406
vt 0.279802 0.416367
vt 0.291149 0.387521
vt 0.299869 0.425574
vt 0.305656 0.405154
vt 0.079795 0.297143
vt 0.828214 0.089692
vt 0.847395 0.082489
vt 0.125144 0.434711
vt 0.202778 0.544010
vt 0.277303 0.402213
vt 0.719306 0.732447
vt 0.715263 0.742708
vt 0.020814 0.142098
vt 0.022423 0.123710
vt 0.023281 0.148971
vt 0.080329 0.313362
vt 0.127055 0.348514
vt 0.686086 0.269833
vt 0.145518 0.249416
vt 0.248810 0.531194
vt 0.349400 0.575547
vt 0.119603 0.432385
vt 0.348227 0.026236
vt 0.232749 0.511413
vt 0.798066 0.102029
vt 0.231403 0.515909
vt 0.228145 0.516514
vt 0.980224 0.384781
vt 0.259923 0.664155
vt 0.243297 0.714472
vt 0.222806 0.711433
vt 0.187220 0.322945
vt 0.192478 0.338472
vt 0.196032 0.379096
vt 0.717594 0.749686
vt 0.223766 0.255822
vt 0.882552 0.942292
vt 0.923844 0.942292
vt 0.926875 0.945189
vt 0.346211 0.020393
vt 0.672046 0.935957
vt 0.789904 0.113655
vt 0.799571 0.122283
vt 0.810057 0.154555
vt 0.681496 0.934889
vt 0.216016 0.025242
vt 0.236893 0.023415
vt 0.270553 0.025037
vt 0.804461 0.120610
vt 0.727108 0.849342
vt 0.669403 0.093718
vt 0.630611 0.083324
vt 0.685090 0.085849
vt 0.149390 0.129818
vt 0.649302 0.026948
vt 0.715274 0.041343
vt 0.664896 0.039072
vt 0.713680 0.768384
vt 0.361220 0.621360
vt 0.265394 0.396754
vt 0.292747 0.697080
vt 0.302077 0.699845
vt 0.222687 0.679813
vt 0.342715 0.571244
vt 0.794906 0.109805
vt 0.122096 0.463765
vt 0.551425 0.871885
vt 0.553937 0.875718
vt 0.536641 0.877532
vt 0.302642 0.375703
vt 0.111443 0.319554
vt 0.326551 0.620499
vt 0.124911 0.467284
vt 0.689296 0.047116
vt 0.690492 0.055030
vt 0.681098 0.076448
vt 0.686574 0.093105
vt 0.115606 0.464561
vt 0.116810 0.442040
vt 0.684865 0.317817
vt 0.311364 0.575081
vt 0.165081 0.225298
vt 0.144517 0.239959
vt 0.926847 0.015398
vt 0.910226 0.017612
vt 0.898816 0.011024
vt 0.706928 0.780574
vt 0.724204 0.767988
vt 0.170002 0.233471
vt 0.093774 0.042167
vt 0.100037 0.040948
vt 0.120069 0.038036
vt 0.918552 0.010264
vt 0.501666 0.866070
vt 0.513624 0.877295
vt 0.486610 0.855073
vt 0.078106 0.073265
vt 0.083011 0.056961
vt 0.264189 0.358688
vt 0.289417 0.346085
vt 0.532248 0.874149
vt 0.805387 0.159090
vt 0.979284 0.501530
vt 0.974867 0.504080
vt 0.976268 0.486955
vt 0.189491 0.323366
vt 0.324903 0.571735
vt 0.582051 0.995239
vt 0.578476 0.987021
vt 0.585525 0.987436
vt 0.681586 0.318819
vt 0.500040 0.896067
vt 0.979499 0.482646
vt 0.716044 0.046272
vt 0.712389 0.043755
vt 0.754518 0.923640
vt 0.753288 0.937697
vt 0.738749 0.923034
vt 0.168041 0.219757
vt 0.172671 0.221450
vt 0.740648 0.940119
vt 0.240763 0.665392
vt 0.146410 0.695587
vt 0.144837 0.730232
vt 0.143850 0.710106
vt 0.121421 0.298187
vt 0.100874 0.038337
vt 0.105237 0.034689
vt 0.592330 0.987824
vt 0.232867 0.484128
vt 0.152313 0.213833
vt 0.189293 0.316307
vt 0.932913 0.016809
vt 0.281600 0.678478
vt 0.912645 0.948904
vt 0.900114 0.952262
vt 0.879550 0.949587
vt 0.734128 0.935559
vt 0.993467 0.051007
vt 0.993467 0.039211
vt 0.994875 0.044884
vt 0.699681 0.087120
vt 0.515781 0.884404
vt 0.993232 0.094904
vt 0.991048 0.099191
vt 0.978385 0.099723
vt 0.169234 0.214035
vt 0.095123 0.039879
vt 0.009082 0.525568
vt 0.007877 0.516994
vt 0.015702 0.523352
vt 0.003052 0.511170
vt 0.169016 0.214178
vt 0.013968 0.515587
vt 0.665416 0.077569
vt 0.655272 0.063083
vt 0.684220 0.079325
vt 0.187265 0.297918
vt 0.621286 0.963731
vt 0.609018 0.964804
vt 0.594122 0.964097
vt 0.297605 0.686091
vt 0.726075 0.932253
vt 0.175807 0.206870
vt 0.639462 0.069480
vt 0.435338 0.986769
vt 0.430936 0.982277
vt 0.436751 0.981497
vt 0.740539 0.959320
vt 0.731886 0.957518
vt 0.732459 0.950969
vt 0.090081 0.030879
vt 0.140947 0.730110
vt 0.138904 0.703022
vt 0.142662 0.710033
vt 0.513429 0.887198
vt 0.517964 0.982480
vt 0.505568 0.985802
vt 0.497747 0.981761
vt 0.743430 0.953552
vt 0.086261 0.029935
vt 0.013171 0.912149
vt 0.006596 0.912149
vt 0.012654 0.910456
vt 0.979517 0.474400
vt 0.325210 0.691965
vt 0.303908 0.353335
vt 0.308052 0.691320
vt 0.727976 0.926251
vt 0.079307 0.025063
vt 0.919250 0.995043
vt 0.930478 0.996026
vt 0.918483 0.996847
vt 0.657172 0.077396
vt 0.707510 0.080129
vt 0.073832 0.144603
vt 0.067216 0.150043
vt 0.065329 0.141212
vt 0.189825 0.309513
vt 0.157038 0.213136
vt 0.116017 0.957242
vt 0.120174 0.964962
vt 0.111625 0.966469
vt 0.133183 0.957365
vt 0.125289 0.708590
vt 0.124751 0.706903
vt 0.131679 0.701261
vt 0.761778 0.952111
vt 0.012548 0.507377
vt 0.104019 0.966209
vt 0.106505 0.956655
vt 0.066748 0.152546
vt 0.058643 0.143190
vt 0.596544 0.840385
vt 0.594945 0.850683
vt 0.585056 0.849818
vt 0.064257 0.033713
vt 0.071457 0.040650
vt 0.054240 0.059114
vt 0.257669 0.651536
vt 0.979417 0.462784
vt 0.128780 0.966812
vt 0.655684 0.057283
vt 0.532893 0.037265
vt 0.551635 0.030766
vt 0.542820 0.037265
vt 0.130944 0.696341
vt 0.447283 0.981300
vt 0.447572 0.986273
vt 0.645555 0.077324
vt 0.059387 0.136611
vt 0.739384 0.082599
vt 0.144185 0.694932
vt 0.451477 0.983921
vt 0.323602 0.696701
vt 0.564761 0.032542
vt 0.294735 0.340835
vt 0.250425 0.651586
vt 0.043754 0.128977
vt 0.044731 0.124696
vt 0.062741 0.125787
vt 0.199501 0.306204
vt 0.194704 0.299169
vt 0.566305 0.848149
vt 0.562638 0.850880
vt 0.307130 0.571932
vt 0.692701 0.967010
vt 0.714109 0.964899
vt 0.712997 0.967010
vt 0.565501 0.028402
vt 0.189780 0.295649
vt 0.821964 0.165528
vt 0.815581 0.160922
vt 0.819377 0.138840
vt 0.725955 0.040686
vt 0.050679 0.139062
vt 0.716868 0.929598
vt 0.040579 0.231516
vt 0.042751 0.215593
vt 0.043485 0.231625
vt 0.568279 0.845228
vt 0.718575 0.926382
vt 0.739590 0.979663
vt 0.722260 0.976607
vt 0.739837 0.975735
vt 0.991111 0.311076
vt 0.990946 0.306084
vt 0.994073 0.309434
vt 0.580640 0.039515
vt 0.634734 0.076999
vt 0.570810 0.037737
vt 0.596526 0.047097
vt 0.568631 0.040448
vt 0.192506 0.291456
vt 0.687310 0.964059
vt 0.726357 0.979378
vt 0.037568 0.227638
vt 0.682397 0.338187
vt 0.042708 0.132640
vt 0.009789 0.187565
vt 0.012604 0.195339
vt 0.009015 0.204224
vt 0.006149 0.196205
vt 0.979065 0.451963
vt 0.976496 0.438140
vt 0.137380 0.690940
vt 0.993383 0.302710
vt 0.139975 0.691279
vt 0.711777 0.928269
vt 0.284987 0.570593
vt 0.135299 0.679910
vt 0.129771 0.691936
vt 0.543791 0.997991
vt 0.548735 0.999790
vt 0.540469 0.999981
vt 0.252074 0.631194
vt 0.007095 0.188241
vt 0.042960 0.126105
vt 0.041728 0.129300
vt 0.996382 0.304998
vt 0.559481 0.843511
vt 0.818668 0.174368
vt 0.065264 0.019953
vt 0.145000 0.684653
vt 0.042712 0.135932
vt 0.002767 0.997214
vt 0.006356 0.996048
vt 0.004988 0.998883
vt 0.038935 0.211756
vt 0.563527 0.033998
vt 0.992371 0.906527
vt 0.993771 0.903949
vt 0.996206 0.905993
vt 0.545352 0.849464
vt 0.990615 0.903914
vt 0.560024 0.037944
vt 0.724703 0.038207
vt 0.034304 0.217324
vt 0.143172 0.682404
vt 0.739312 0.082009
vt 0.303160 0.323555
vt 0.676802 0.345145
vt 0.139979 0.681150
vt 0.620691 0.077684
vt 0.669258 0.082606
vt 0.615462 0.080311
vt 0.041527 0.212510
vt 0.813183 0.178070
vt 0.035181 0.211840
vt 0.743606 0.976472
vt 0.731336 0.039427
vt 0.822780 0.159436
vt 0.826088 0.182329
vt 0.032799 0.205780
vt 0.035984 0.208073
vt 0.031528 0.206617
vt 0.617077 0.075306
vt 0.542814 0.041839
vt 0.141866 0.677764
vt 0.743886 0.979434
vt 0.137857 0.676450
vt 0.039362 0.210058
vt 0.040836 0.210554
vt 0.746311 0.977430
vt 0.541972 0.841328
vt 0.140289 0.675241
vt 0.746569 0.979013
vt 0.679380 0.350629
vt 0.038358 0.209030
vt 0.675293 0.361375
vt 0.820503 0.196672
vt 0.529421 0.042486
vt 0.815131 0.190723
vt 0.304903 0.309854
vt 0.828080 0.201707
vt 0.529310 0.846572
vt 0.605187 0.077871
vt 0.307529 0.315210
vt 0.007786 0.139095
vt 0.015566 0.139095
vt 0.000653 0.142752
vt 0.012141 0.143216
vt 0.830978 0.193467
vt 0.527876 0.838932
vt 0.529171 0.046113
vt 0.823989 0.203628
vt 0.010138 0.354381
vt 0.011487 0.356719
vt 0.005238 0.356550
vt 0.524591 0.842471
vt 0.167975 0.999083
vt 0.177692 0.995978
vt 0.172988 0.999967
vt 0.168957 0.995992
vt 0.995924 0.832534
vt 0.991404 0.832534
vt 0.995189 0.829937
vt 0.990426 0.893892
vt 0.994332 0.891054
vt 0.994368 0.894045
vt 0.004735 0.340394
vt 0.001543 0.338076
vt 0.006566 0.337254
vt 0.992246 0.829402
usemtl pet_dragon
f 1525/1/1 1527/2/2 1537/3/3
f 1525/4/1 1537/5/3 1526/6/4
f 1530/7/5 1527/8/2 1525/9/1
f 1526/10/4 1529/11/6 1525/12/1
f 1525/9/1 1529/13/6 1530/7/5
f 1529/11/6 1526/10/4 1533/14/7
f 1526/6/4 1537/5/3 1528/15/8
f 1530/16/5 1529/17/6 1532/18/9
f 1534/19/10 1527/20/2 1530/21/5
f 1527/2/2 1531/22/11 1537/3/3
f 1531/23/11 1527/20/2 1534/19/10
f 1532/24/9 1529/25/6 1533/26/7
f 1533/14/7 1526/10/4 1528/15/8
f 1530/16/5 1532/18/9 1534/27/10
f 1531/22/11 1538/28/12 1537/3/3
f 1533/14/7 1528/15/8 1535/29/13
f 1533/26/7 1552/30/14 1532/24/9
f 1532/18/9 1544/31/15 1534/27/10
f 1533/14/7 1535/29/13 1542/32/16
f 1536/33/17 1528/15/8 1537/5/3
f 1537/34/3 1538/35/12 1536/33/17
f 1533/26/7 1542/36/16 1552/30/14
f 1532/18/9 1552/37/14 1544/31/15
f 1538/28/12 1531/22/11 1539/38/18
f 1626/39/19 1538/28/12 1539/38/18
f 1534/19/10 1547/40/20 1531/23/11
f 1540/41/21 1528/15/8 1536/33/17
f 1547/42/20 1534/43/10 1544/44/15
f 1542/36/16 1541/45/22 1552/30/14
f 1626/39/19 1600/46/23 1538/28/12
f 1542/47/16 1561/48/24 1541/49/22
f 1543/50/25 1544/51/15 1550/52/26
f 1543/53/25 1547/42/20 1544/44/15
f 1559/54/27 1627/55/28 1539/56/18
f 1552/37/14 1545/57/29 1544/31/15
f 1546/58/30 1535/29/13 1528/15/8
f 1531/22/11 1547/59/20 1539/38/18
f 1626/60/19 1539/61/18 1627/62/28
f 1548/63/31 1538/35/12 1600/64/23
f 1538/35/12 1548/63/31 1536/33/17
f 1539/38/18 1547/59/20 1559/65/27
f 1554/66/32 1561/67/32 1542/68/32
f 1552/30/14 1541/45/22 1549/69/33
f 1550/70/26 1544/71/15 1545/57/29
f 1627/55/28 1559/54/27 1551/72/34
f 1552/73/14 1549/74/33 1553/75/35
f 1554/76/36 1542/32/16 1535/29/13
f 1546/58/30 1554/76/36 1535/29/13
f 1555/77/37 1541/49/22 1561/48/24
f 1540/41/21 1536/33/17 1548/63/31
f 1552/78/14 1553/79/35 1557/80/38
f 1561/48/24 1556/81/39 1555/77/37
f 1628/82/40 1550/70/26 1545/57/29
f 1558/83/41 1545/57/29 1552/37/14
f 1552/84/14 1557/85/38 1558/86/41
f 1551/87/42 1559/88/42 1560/89/42
f 1550/52/26 1628/90/40 1543/50/25
f 1545/57/29 1558/83/41 1628/82/40
f 1560/91/43 1627/92/28 1551/93/34
f 1556/94/39 1561/95/24 1554/96/36
f 1626/60/19 1627/62/28 1600/97/23
f 1555/77/37 1556/81/39 1562/98/44
f 1553/79/35 1565/99/45 1557/80/38
f 1543/50/25 1628/90/40 1563/100/46
f 1540/41/21 1564/101/47 1546/58/30
f 1565/102/45 1553/75/35 1549/74/33
f 1546/58/30 1528/15/8 1540/41/21
f 1562/103/44 1556/94/39 1569/104/48
f 1547/59/20 1560/105/49 1559/65/27
f 1540/41/21 1548/63/31 1413/106/50
f 1565/102/45 1549/74/33 1566/107/51
f 1556/94/39 1554/96/36 1569/104/48
f 1413/108/50 1548/63/31 1600/64/23
f 1628/90/40 1567/109/52 1563/100/46
f 1557/80/38 1565/99/45 1575/110/53
f 1547/59/20 1420/111/54 1560/105/49
f 1555/77/37 1562/98/44 1570/112/55
f 1568/113/56 1543/50/25 1563/100/46
f 1569/114/57 1570/115/57 1562/116/57
f 1575/110/53 1582/117/58 1557/80/38
f 1628/118/40 1558/119/41 1590/120/59
f 1549/69/33 1541/45/22 1571/121/60
f 1567/122/52 1628/118/40 1590/120/59
f 1567/109/52 1589/123/61 1563/100/46
f 1569/124/48 1572/125/62 1570/126/55
f 1571/127/60 1566/107/51 1549/74/33
f 1543/53/25 1576/128/63 1547/42/20
f 1557/85/38 1590/129/59 1558/86/41
f 1577/130/64 1579/131/65 1573/132/66
f 1579/133/67 1577/134/67 1574/135/67
f 1579/131/65 1587/136/68 1573/132/66
f 1557/85/38 1597/137/69 1590/129/59
f 1567/122/52 1590/120/59 1589/138/61
f 1565/102/45 1566/107/51 1575/139/53
f 1543/50/25 1568/113/56 1576/140/63
f 1574/141/70 1577/142/70 1581/143/70
f 1579/144/65 1574/145/71 1580/146/72
f 1569/104/48 1554/96/36 1572/147/62
f 1579/131/65 1578/148/73 1587/136/68
f 1573/149/66 1588/150/74 1577/151/64
f 1577/151/64 1588/150/74 1581/152/75
f 1600/153/23 1627/92/28 1601/154/76
f 1585/155/77 1579/156/65 1580/157/72
f 1541/45/22 1555/158/37 1571/121/60
f 1578/159/73 1579/156/65 1585/155/77
f 1564/101/47 1540/41/21 1413/106/50
f 1574/160/71 1581/161/75 1580/162/72
f 1597/137/69 1557/85/38 1582/163/58
f 1580/162/72 1581/161/75 1583/164/78
f 1560/91/43 1601/154/76 1627/92/28
f 1585/165/77 1580/166/72 1586/167/79
f 1420/168/54 1547/169/20 1576/140/63
f 1580/166/72 1584/170/80 1586/167/79
f 1589/123/61 1568/113/56 1563/100/46
f 1588/150/74 1573/149/66 1592/171/81
f 1564/101/47 1403/172/82 1546/58/30
f 1585/173/77 1586/174/79 1578/175/73
f 1587/136/68 1578/148/73 1615/176/83
f 1587/177/68 1592/171/81 1573/149/66
f 1615/178/83 1578/175/73 1586/174/79
f 1583/179/78 1581/180/75 1588/181/74
f 1596/182/84 1589/183/84 1590/184/84
f 1583/185/78 1584/170/80 1580/166/72
f 1405/186/85 1570/126/55 1572/125/62
f 1554/96/36 1405/187/85 1572/147/62
f 1587/188/68 1596/189/86 1591/190/87
f 1592/191/81 1587/188/68 1591/190/87
f 1596/192/86 1593/193/88 1589/123/61
f 1594/194/89 1584/170/80 1583/185/78
f 1413/108/50 1600/64/23 1595/195/90
f 1596/192/86 1587/136/68 1615/176/83
f 1590/129/59 1597/137/69 1596/196/86
f 1584/170/80 1610/197/91 1586/167/79
f 1615/178/83 1586/174/79 1610/198/91
f 1596/192/86 1615/176/83 1593/193/88
f 1596/189/86 1597/199/69 1591/190/87
f 1598/200/92 1594/201/92 1583/202/92
f 1584/170/80 1594/194/89 1598/203/93
f 1593/193/88 1568/113/56 1589/123/61
f 1583/179/78 1588/181/74 1598/204/93
f 1610/205/91 1584/170/80 1598/203/93
f 1546/58/30 1403/172/82 1554/76/36
f 1566/107/51 1608/206/94 1575/139/53
f 1597/199/69 1592/191/81 1591/190/87
f 1568/113/56 1593/193/88 1599/207/95
f 1410/208/96 1600/209/96 1409/210/96
f 1600/211/97 1601/212/97 1602/213/97
f 1582/117/58 1592/214/81 1597/215/69
f 1595/195/90 1600/64/23 1410/216/98
f 1598/204/93 1588/181/74 1613/217/99
f 1603/218/100 1555/77/37 1570/112/55
f 1615/178/83 1610/198/91 1604/219/101
f 1602/220/102 1601/221/76 1611/222/103
f 1582/117/58 1605/223/104 1592/214/81
f 1615/176/83 1407/224/105 1593/193/88
f 1615/178/83 1604/219/101 1606/225/106
f 1607/226/107 1575/110/53 1608/227/94
f 1598/228/93 1609/229/108 1610/230/91
f 1575/110/53 1607/226/107 1582/117/58
f 1418/231/109 1419/232/109 1560/233/109
f 1601/154/76 1560/91/43 1611/234/103
f 1571/121/60 1555/158/37 1612/235/110
f 1403/236/82 1404/237/111 1554/238/36
f 1555/77/37 1603/218/100 1612/239/110
f 1560/105/49 1420/111/54 1418/240/112
f 1588/150/74 1592/171/81 1613/241/99
f 1576/140/63 1568/113/56 1599/207/95
f 1609/229/108 1604/242/101 1610/230/91
f 1598/228/93 1618/243/113 1609/229/108
f 1614/244/114 1598/204/93 1613/217/99
f 1407/245/115 1615/246/115 1494/247/115
f 1576/140/63 1616/248/116 1420/168/54
f 1403/172/82 1564/101/47 1413/106/50
f 1607/249/107 1608/206/94 1566/107/51
f 1599/207/95 1593/193/88 1407/224/105
f 1605/250/104 1620/251/117 1592/171/81
f 1592/171/81 1620/251/117 1613/241/99
f 1617/252/118 1598/253/93 1614/254/114
f 1603/255/100 1570/256/55 1405/257/85
f 1618/258/113 1598/259/93 1617/252/118
f 1620/251/117 1605/250/104 1619/260/119
f 1582/117/58 1619/261/119 1605/223/104
f 1615/178/83 1606/225/106 1494/262/120
f 1599/207/95 1616/248/116 1576/140/63
f 1611/263/103 1560/264/43 1419/265/121
f 1620/266/122 1621/267/122 1613/268/122
f 1413/269/50 1595/270/90 1406/271/123
f 1582/117/58 1607/226/107 1619/261/119
f 1420/272/124 1427/273/124 1418/274/124
f 1494/262/120 1606/225/106 1622/275/125
f 1614/254/114 1613/276/99 1621/277/126
f 1554/96/36 1623/278/127 1405/187/85
f 1614/254/114 1493/279/128 1617/252/118
f 1625/280/129 1571/121/60 1612/235/110
f 1606/225/106 1624/281/130 1622/282/125
f 1618/243/113 1604/242/101 1609/229/108
f 1566/107/51 1571/127/60 1625/283/129
f 1600/284/131 1602/285/102 1409/286/132
f 1621/277/126 1493/279/128 1614/254/114
f 1617/252/118 1493/279/128 1618/258/113
f 1403/236/82 1413/287/50 1404/237/111
f 1599/288/95 1407/289/105 1408/290/133
f 1409/291/132 1595/270/90 1410/292/98
f 1625/293/129 1612/294/110 1411/295/134
f 1602/220/102 1611/222/103 1416/296/135
f 1406/297/136 1412/298/136 1413/299/136
f 1606/225/106 1604/219/101 1624/281/130
f 1413/287/50 1412/300/137 1404/237/111
f 1607/249/107 1566/107/51 1625/283/129
f 1616/301/116 1599/288/95 1414/302/138
f 1619/303/119 1607/304/107 1415/305/139
f 1604/306/140 1618/307/140 2535/308/140
f 1603/255/100 1405/257/85 1623/309/127
f 1419/265/121 1416/310/135 1611/263/103
f 1404/237/111 1417/311/141 1554/238/36
f 1623/312/127 1554/313/36 1417/314/141
f 1406/271/123 1595/270/90 1409/291/132
f 1418/315/142 1427/316/143 1419/317/121
f 1493/279/128 2539/318/144 1618/258/113
f 1420/319/54 1616/320/116 1414/321/138
f 2535/322/145 2536/323/146 1604/324/101
f 1415/305/139 1607/304/107 1421/325/147
f 1490/326/148 1407/327/105 1494/328/120
f 1624/329/130 1604/330/101 2536/331/146
f 1619/332/119 1491/333/149 1620/334/117
f 1619/332/119 1415/335/139 1491/333/149
f 1408/336/133 1407/337/105 1490/338/148
f 1603/255/100 1623/309/127 1422/339/150
f 1492/340/151 1624/329/130 2536/331/146
f 1493/341/128 1621/342/126 1495/343/152
f 1412/300/137 1423/344/153 1404/237/111
f 1603/345/100 1411/346/134 1612/347/110
f 1416/296/135 1428/348/154 1602/220/102
f 1494/349/120 1622/350/125 1444/351/155
f 1424/352/156 1406/271/123 1409/291/132
f 2535/353/145 1618/354/113 2537/355/157
f 1425/356/158 1409/357/132 1426/358/159
f 1430/359/160 1490/326/148 1494/328/120
f 1620/334/117 1491/333/149 1621/360/126
f 1414/321/138 1427/361/143 1420/319/54
f 1493/362/128 1495/363/152 2539/364/144
f 1416/310/135 1429/365/161 1428/366/154
f 1412/367/137 1406/271/123 1424/352/156
f 1602/285/102 1438/368/162 1409/286/132
f 1419/265/121 1429/365/161 1416/310/135
f 1429/369/161 1602/220/102 1428/348/154
f 1473/370/163 1599/288/95 1408/290/133
f 2682/371/164 2058/372/165 2056/373/166
f 1409/374/132 1438/375/162 1426/358/159
f 1437/376/167 1421/325/147 1607/304/107
f 2682/371/164 2056/373/166 2691/377/168
f 2056/378/169 2058/379/169 2057/380/169
f 2057/381/170 2058/382/165 2061/383/171
f 2682/384/164 2683/385/172 2058/386/165
f 2062/387/173 2061/383/171 2058/382/165
f 1453/388/174 1427/361/143 1414/321/138
f 1444/389/155 1622/390/125 1624/329/130
f 1602/220/102 1429/369/161 1438/391/162
f 1599/288/95 1473/370/163 1414/302/138
f 1623/309/127 1432/392/175 1422/339/150
f 1430/393/160 1447/394/176 1490/395/148
f 1491/396/177 1415/397/177 1421/398/177
f 2057/399/178 2059/400/178 2056/401/178
f 2056/402/179 2059/403/179 2691/404/179
f 2683/385/172 2062/405/173 2058/386/165
f 1603/255/100 1422/339/150 1440/406/180
f 1404/237/111 1431/407/181 1417/311/141
f 2684/408/182 2682/371/164 2691/377/168
f 2057/409/170 2061/410/171 2063/411/183
f 1404/237/111 1423/344/153 1431/407/181
f 2057/409/170 2063/411/183 2059/412/184
f 2682/384/164 2684/413/182 2683/385/172
f 1623/312/127 1417/314/141 1432/414/175
f 1618/354/113 2538/415/185 2537/355/157
f 1427/316/143 1441/416/186 1419/317/121
f 2539/417/144 2538/415/185 1618/354/113
f 2536/323/146 2535/322/145 1492/418/151
f 1436/419/187 1490/395/148 1447/394/176
f 2060/420/188 2061/421/171 2062/422/173
f 2537/355/157 2540/423/189 2535/353/145
f 2684/408/182 2691/377/168 2685/424/190
f 1433/425/191 1607/426/107 1625/427/129
f 1430/428/160 1494/349/120 1443/429/192
f 2684/430/182 2685/431/190 2686/432/193
f 1434/433/194 1408/336/133 1490/338/148
f 2687/434/195 2683/385/172 2684/413/182
f 1424/352/156 1423/435/153 1412/367/137
f 1441/416/186 1435/436/196 1419/317/121
f 1444/351/155 1443/429/192 1494/349/120
f 1473/370/163 1408/290/133 1434/437/194
f 1436/438/197 1434/439/197 1490/440/197
f 2688/441/198 2684/430/182 2686/432/193
f 2061/421/171 2067/442/199 2063/443/183
f 2061/421/171 2060/420/188 2067/442/199
f 2684/413/182 2688/444/198 2687/434/195
f 2689/445/200 2687/434/195 2688/444/198
f 1433/425/191 1437/446/167 1607/426/107
f 2539/364/144 1495/363/152 2550/447/201
f 2683/385/172 2060/448/188 2062/405/173
f 1429/365/161 1419/265/121 1438/449/162
f 2539/417/144 2550/450/201 2538/415/185
f 2683/385/172 2687/434/195 2690/451/202
f 1431/407/181 1423/344/153 1439/452/203
f 2688/441/198 2686/432/193 2695/453/204
f 2690/451/202 2687/434/195 2689/454/200
f 2688/444/198 2696/455/205 2689/445/200
f 1432/392/175 1440/406/180 1422/339/150
f 2059/456/184 2685/457/190 2691/458/168
f 2063/459/183 2064/460/206 2059/461/184
f 2686/432/193 2685/431/190 2695/453/204
f 1440/462/180 1411/346/134 1603/345/100
f 2690/451/202 2692/463/207 2683/385/172
f 1419/265/121 1435/464/196 1438/449/162
f 2688/441/198 2695/453/204 2693/465/208
f 1624/329/130 1492/340/151 1444/389/155
f 1625/293/129 1411/295/134 1433/466/191
f 2698/467/209 2689/445/200 2696/455/205
f 1621/342/126 1471/468/210 1495/343/152
f 1426/358/159 1438/375/162 1441/469/186
f 2694/470/211 2693/471/208 2695/472/204
f 1425/473/158 1442/474/212 1409/291/132
f 1492/340/151 1445/475/213 1444/389/155
f 1008/476/214 1425/356/158 1426/358/159
f 1492/418/151 2535/322/145 2540/477/189
f 2688/441/198 2693/465/208 2696/478/205
f 1443/479/192 1444/480/155 1445/481/213
f 1446/482/215 1460/483/216 1450/484/217
f 1471/468/210 1470/485/218 1495/343/152
f 1446/482/215 1448/486/219 1460/483/216
f 1450/487/220 1452/488/220 1446/489/220
f 1439/490/203 1423/435/153 1424/352/156
f 2696/478/205 2697/491/221 2698/492/209
f 2696/478/205 2699/493/222 2700/494/223
f 2693/465/208 2699/493/222 2696/478/205
f 1414/321/138 1473/495/163 1453/388/174
f 2697/491/221 2696/478/205 2700/494/223
f 2702/496/224 2689/454/200 2698/497/209
f 2689/454/200 2702/496/224 2701/498/225
f 2685/457/190 2713/499/226 2695/472/204
f 2689/454/200 2701/498/225 2690/451/202
f 1447/500/176 1430/501/160 1443/479/192
f 2063/459/183 2067/502/199 2064/460/206
f 1436/503/187 1473/370/163 1434/437/194
f 2698/504/227 2697/505/227 2702/506/227
f 1459/507/228 1441/416/186 1427/316/143
f 1451/508/229 1448/509/219 1446/510/215
f 2693/471/208 2694/470/211 2699/511/222
f 2540/423/189 2537/355/157 2538/512/185
f 1435/464/196 1441/513/186 1438/449/162
f 1449/514/230 1409/291/132 1442/474/212
f 1417/314/141 1431/515/181 1432/414/175
f 1496/516/231 2550/447/201 1495/363/152
f 2541/517/232 1492/418/151 2540/477/189
f 1458/518/233 1432/414/175 1431/515/181
f 1456/519/234 1452/520/234 1450/521/234
f 2059/456/184 2713/499/226 2685/457/190
f 2683/385/172 2692/463/207 2715/522/235
f 2683/385/172 2715/522/235 2060/448/188
f 1431/407/181 1439/452/203 1016/523/236
f 2697/524/221 2703/525/237 2702/526/238
f 1424/352/156 1409/291/132 1449/514/230
f 1451/527/229 1446/528/215 1452/529/239
f 2701/498/225 2692/463/207 2690/451/202
f 2704/530/240 2700/531/223 2699/532/222
f 2064/460/206 2713/533/226 2059/461/184
f 1442/474/212 1425/473/158 1008/534/214
f 2703/535/237 2697/536/221 2700/531/223
f 2701/498/225 2735/537/241 2692/463/207
f 1427/316/143 1453/538/174 1459/507/228
f 2060/420/188 2066/539/242 2067/442/199
f 1451/527/229 1452/529/239 1454/540/243
f 2699/511/222 2694/470/211 2704/541/240
f 2703/525/237 2705/542/244 2702/526/238
f 2704/530/240 2703/535/237 2700/531/223
f 1621/360/126 1491/333/149 1524/543/245
f 2692/463/207 2734/544/246 2715/522/235
f 2701/545/225 2736/546/247 2735/547/241
f 2704/541/240 2694/470/211 2706/548/248
f 2701/549/249 2702/550/249 2705/551/249
f 1454/552/243 1452/553/239 1455/554/250
f 2771/555/251 2735/556/251 2736/557/251
f 2736/546/247 2701/545/225 2705/558/252
f 1452/559/253 1456/560/253 1457/561/253
f 2735/537/241 2707/562/254 2692/463/207
f 2708/563/255 2706/548/248 2694/470/211
f 1452/564/256 1457/565/256 1455/566/256
f 2708/563/255 2694/470/211 2695/472/204
f 2709/567/257 2704/541/240 2706/548/248
f 2715/522/235 2065/568/258 2060/448/188
f 1460/483/216 1448/486/219 1449/569/230
f 1460/483/216 1449/569/230 1442/570/212
f 2060/571/188 2065/572/258 2066/573/242
f 2771/574/259 2736/575/247 2737/576/260
f 1016/523/236 1458/577/233 1431/407/181
f 1451/527/229 1454/540/243 1479/578/261
f 2734/544/246 2692/463/207 2707/562/254
f 1451/508/229 1449/579/230 1448/509/219
f 1421/325/147 1437/376/167 1468/580/262
f 2708/563/255 2695/472/204 2713/499/226
f 1421/581/147 1481/582/263 1491/583/264
f 2704/584/240 2709/567/257 2703/585/237
f 1459/586/228 1426/358/159 1441/469/186
f 1503/587/265 1445/475/213 1492/340/151
f 1450/588/217 1460/589/216 1442/474/212
f 2707/590/254 2735/591/241 2770/592/266
f 1524/593/245 1471/468/210 1621/342/126
f 1411/295/134 1461/594/267 1433/466/191
f 1492/418/151 2541/517/232 2542/595/268
f 1461/596/267 1411/346/134 1440/462/180
f 1436/419/187 1447/394/176 1462/597/269
f 2705/598/244 2703/585/237 2710/599/270
f 2734/600/271 2707/601/271 2773/602/271
f 1463/603/272 1451/527/229 1479/578/261
f 1451/508/229 1463/604/272 1449/579/230
f 2540/423/189 2538/512/185 2549/605/273
f 2710/599/270 2709/567/257 2711/606/274
f 1463/607/272 1439/490/203 1424/352/156
f 1464/608/275 1457/609/276 1456/610/277
f 2712/611/278 2706/548/248 2708/563/255
f 2710/599/270 2703/585/237 2709/567/257
f 2736/546/247 2705/558/252 2739/612/279
f 2540/423/189 2549/605/273 2541/613/232
f 2770/614/266 2735/615/241 2771/616/259
f 2548/617/280 1499/618/281 2541/619/232
f 1442/474/212 1465/620/282 1450/588/217
f 2705/621/283 2710/622/283 2739/623/283
f 2068/624/284 2067/625/199 2066/626/242
f 1466/627/285 1455/628/250 1457/629/276
f 2708/563/255 2713/499/226 2718/630/286
f 2546/631/287 2541/632/232 2549/633/273
f 2548/617/280 2541/619/232 2544/634/288
f 1496/516/231 1497/635/289 2550/447/201
f 2712/611/278 2709/567/257 2706/548/248
f 2718/630/286 2712/611/278 2708/563/255
f 2544/636/288 2541/632/232 2546/631/287
f 2542/637/290 2541/638/290 1499/639/290
f 2709/567/257 2712/611/278 2711/606/274
f 1467/640/291 1473/370/163 1436/503/187
f 1442/474/212 1008/534/214 1091/641/292
f 1447/500/176 1443/479/192 1487/642/293
f 1091/641/292 1465/620/282 1442/474/212
f 1495/363/152 1470/643/218 1496/516/231
f 2707/590/254 2772/644/294 2773/645/295
f 2065/572/258 2071/646/296 2066/573/242
f 1462/597/269 1447/394/176 1487/647/293
f 2707/590/254 2770/592/266 2772/644/294
f 1491/648/297 1481/649/297 1524/650/297
f 1459/586/228 1008/476/214 1426/358/159
f 1449/514/230 1463/607/272 1424/352/156
f 2538/415/185 2550/450/201 2549/651/273
f 1464/608/275 1456/610/277 1450/652/217
f 1499/653/298 2543/654/299 1498/655/300
f 1462/656/269 1453/388/174 1473/495/163
f 1503/587/265 1492/340/151 2542/657/268
f 2737/576/260 2736/575/247 2738/658/301
f 1498/659/300 2542/660/268 1499/661/298
f 2543/662/302 1499/663/302 2548/664/302
f 1466/665/285 1454/552/243 1455/554/250
f 2066/573/242 2071/646/296 2068/666/284
f 1481/582/263 1421/581/147 1468/667/262
f 2713/668/226 2064/669/206 2714/670/303
f 1498/659/300 1503/671/265 2542/660/268
f 2544/672/304 2545/673/304 2548/674/304
f 2715/675/235 2734/676/246 2724/677/305
f 2552/678/306 2544/679/288 2546/680/287
f 1008/534/214 1469/681/307 1091/641/292
f 2547/682/308 2543/683/299 2548/684/309
f 2064/460/206 2067/502/199 2069/685/310
f 1466/665/285 1479/686/261 1454/552/243
f 1470/687/218 1471/688/210 1472/689/311
f 2774/690/312 2770/614/266 2771/616/259
f 1443/479/192 1488/691/313 1487/642/293
f 1473/692/314 1467/693/314 1462/694/314
f 2710/599/270 2711/606/274 2720/695/315
f 2549/696/273 2550/697/201 2551/698/316
f 2771/699/259 2738/700/301 2839/701/317
f 2544/679/288 2552/678/306 2545/702/318
f 2551/698/316 2550/697/201 1497/703/289
f 1475/704/319 1440/406/180 1432/392/175
f 2711/606/274 2712/611/278 2718/630/286
f 2545/705/320 2556/706/321 2548/684/309
f 2548/684/309 2556/706/321 2547/682/308
f 2552/707/306 2546/631/287 2553/708/322
f 2546/631/287 2549/633/273 2553/708/322
f 2067/625/199 2068/624/284 2070/709/323
f 2715/522/235 2716/710/324 2065/568/258
f 2069/685/310 2067/502/199 2070/711/323
f 2714/670/303 2064/669/206 2717/712/325
f 2065/572/258 2716/713/324 2071/646/296
f 2739/714/279 2710/715/270 2720/716/315
f 2771/699/259 2737/717/260 2738/700/301
f 1450/652/217 1465/718/282 1464/608/275
f 1443/479/192 1445/481/213 1488/691/313
f 1472/689/311 1471/688/210 1524/719/245
f 2714/720/326 2718/721/326 2713/722/326
f 1504/723/327 1503/724/265 1506/725/328
f 1498/655/300 1506/725/328 1503/724/265
f 1461/596/267 1440/462/180 1474/726/329
f 2773/645/295 2772/644/294 2840/727/330
f 2551/728/331 1502/729/331 2549/730/331
f 2770/731/266 2774/732/312 2775/733/332
f 2772/644/294 2770/592/266 2775/734/332
f 2543/683/299 2547/682/308 1515/735/333
f 2740/736/334 2724/677/305 2734/676/246
f 1436/419/187 1462/597/269 1467/737/291
f 1496/516/231 1470/643/218 1500/738/335
f 2715/675/235 2724/677/305 2716/739/324
f 2771/699/259 2839/701/317 2776/740/336
f 1498/655/300 2543/654/299 1506/725/328
f 2734/741/337 2773/645/295 2840/727/330
f 1445/742/338 1503/743/338 1501/744/338
f 1497/745/289 1502/746/339 2551/747/316
f 2776/748/336 2774/690/312 2771/616/259
f 1501/749/340 1503/750/265 1504/751/327
f 2553/752/322 2557/753/341 2552/754/306
f 1487/755/293 1453/388/174 1462/656/269
f 2549/756/273 2555/757/342 2553/758/322
f 2734/759/343 2840/760/343 2740/761/343
f 2556/706/321 2545/705/320 2554/762/344
f 2552/763/345 2557/764/345 2545/765/345
f 2064/460/206 2069/685/310 2717/766/325
f 1475/767/319 1474/726/329 1440/462/180
f 2071/646/296 2716/713/324 2072/768/346
f 2779/769/347 2738/770/301 2736/771/247
f 1439/490/203 1463/607/272 1479/772/261
f 2711/606/274 2718/630/286 2720/773/315
f 2553/752/322 2555/774/342 2557/753/341
f 2554/775/344 2558/776/348 2556/777/321
f 2554/775/344 2545/778/320 2557/779/341
f 2739/780/279 2779/769/347 2736/771/247
f 1502/781/339 1509/782/349 2549/783/273
f 1445/784/350 1501/785/350 1480/786/350
f 1515/787/333 1505/788/351 2543/789/299
f 2068/624/284 2071/790/296 2072/791/346
f 2549/756/273 1509/792/349 2555/757/342
f 1497/745/289 1496/793/231 1502/746/339
f 1472/689/311 1476/794/352 1470/687/218
f 1469/795/307 1008/796/214 1478/797/353
f 2774/732/312 2777/798/354 2778/799/355
f 1468/800/262 1437/446/167 1433/425/191
f 1477/801/356 1479/686/261 1466/665/285
f 2070/709/323 2068/624/284 2073/802/357
f 1478/803/353 1008/476/214 1459/586/228
f 2718/804/286 2714/670/303 2717/712/325
f 1505/788/351 1506/805/328 2543/789/299
f 2073/806/357 2074/807/358 2070/711/323
f 2718/804/286 2719/808/359 2720/809/315
f 2557/779/341 2558/776/348 2554/775/344
f 2069/685/310 2070/711/323 2074/807/358
f 2774/690/312 2776/748/336 2777/810/354
f 1459/586/228 1487/811/293 1478/803/353
f 2721/812/360 2716/739/324 2724/677/305
f 2779/813/347 2785/814/361 2738/815/301
f 1504/751/327 1507/816/362 1501/749/340
f 2775/733/332 2774/732/312 2778/799/355
f 2740/817/334 2722/818/363 2724/819/305
f 1508/820/364 2555/821/342 1509/822/349
f 1016/523/236 1439/452/203 1479/823/261
f 2555/824/342 2558/825/348 2557/826/341
f 2718/804/286 2722/827/363 2719/808/359
f 2719/828/359 2722/818/363 2740/817/334
f 1488/691/313 1445/481/213 1480/829/365
f 2068/624/284 2072/791/346 2073/802/357
f 2720/716/315 2779/830/347 2739/714/279
f 1507/831/362 1480/832/365 1501/833/340
f 2556/834/321 2558/835/348 2559/836/366
f 2784/837/367 2779/830/347 2720/716/315
f 1510/838/368 1506/805/328 1505/788/351
f 1487/839/293 1459/507/228 1453/538/174
f 2558/825/348 2555/824/342 2561/840/369
f 2717/712/325 2722/827/363 2718/804/286
f 2561/840/369 2555/824/342 1508/841/364
f 1507/816/362 1504/751/327 1511/842/370
f 1465/843/282 1009/844/371 1464/845/275
f 2723/846/372 2724/847/305 2722/848/363
f 1515/849/333 2547/682/308 2560/850/373
f 1475/851/319 1432/414/175 1458/518/233
f 1465/843/282 1091/852/292 1009/844/371
f 2839/853/317 2777/810/354 2776/748/336
f 2716/713/324 2721/854/360 2072/768/346
f 1504/723/327 1506/725/328 1512/855/374
f 1091/856/292 1469/795/307 1009/857/371
f 2072/768/346 2721/854/360 2075/858/375
f 1506/805/328 1510/838/368 1512/859/374
f 1500/738/335 1470/643/218 1476/860/352
f 1481/861/263 1468/800/262 1433/425/191
f 1496/793/231 1500/862/335 1486/863/376
f 2781/864/377 2772/865/294 2775/866/332
f 1504/723/327 1512/855/374 1511/867/370
f 2780/868/378 2775/733/332 2778/799/355
f 2740/869/334 2840/870/330 2781/871/377
f 1507/872/362 1511/873/370 1488/874/313
f 1485/875/379 1475/851/319 1458/518/233
f 2075/858/375 2073/876/357 2072/768/346
f 1480/832/365 1507/831/362 1488/877/313
f 2721/878/360 2724/847/305 2723/846/372
f 1513/879/380 1508/820/364 1509/822/349
f 2717/712/325 2723/880/372 2722/827/363
f 2777/798/354 2782/881/381 2778/799/355
f 1502/746/339 1496/793/231 1486/863/376
f 1016/523/236 1485/882/379 1458/577/233
f 1477/883/356 1466/884/285 1482/885/382
f 2740/869/334 2841/886/383 2719/887/359
f 2717/766/325 2069/685/310 2074/807/358
f 2562/888/384 2558/889/348 2561/890/369
f 1508/820/364 1513/879/380 1514/891/385
f 2781/892/377 2840/727/330 2772/644/294
f 2075/893/375 2723/880/372 2717/712/325
f 2723/846/372 2075/894/375 2721/878/360
f 2074/895/358 2073/876/357 2075/858/375
f 2839/853/317 2783/896/386 2777/810/354
f 1476/897/352 1486/863/376 1500/862/335
f 2779/898/347 2784/899/367 2785/900/361
f 1477/901/356 1016/523/236 1479/823/261
f 2717/766/325 2074/807/358 2075/902/375
f 2547/682/308 2556/706/321 2572/903/387
f 1502/781/339 1513/904/380 1509/782/349
f 2841/905/383 2720/906/315 2719/907/359
f 2783/908/386 2782/881/381 2777/798/354
f 1486/909/376 1489/910/388 1502/781/339
f 1322/911/389 1505/912/351 2560/913/373
f 1483/914/390 1511/867/370 1512/855/374
f 1457/629/276 1482/915/382 1466/627/285
f 1516/916/391 1512/859/374 1510/838/368
f 1433/466/191 1461/594/267 1481/917/263
f 1010/918/392 1488/874/313 1511/873/370
f 2547/682/308 2572/903/387 2560/850/373
f 2784/919/393 2720/920/393 2788/921/393
f 1487/922/293 1488/923/313 1010/924/392
f 1478/797/353 1011/925/394 1469/795/307
f 2783/908/386 2791/926/395 2782/881/381
f 1461/596/267 1474/726/329 1475/767/319
f 2782/881/381 2780/868/378 2778/799/355
f 2781/871/377 2841/886/383 2740/869/334
f 1511/927/396 1483/928/396 1010/929/396
f 1510/930/368 1505/912/351 1322/911/389
f 1478/797/353 1010/924/392 1011/925/394
f 1010/924/392 1478/797/353 1487/922/293
f 1011/925/394 1092/931/397 1469/795/307
f 2785/814/361 2786/932/398 2738/815/301
f 1469/795/307 1092/931/397 1009/857/371
f 1009/933/371 1457/934/276 1464/935/275
f 1461/594/267 1484/936/399 1481/917/263
f 1461/596/267 1475/767/319 1485/937/379
f 2791/926/395 2783/908/386 2787/938/400
f 1516/916/391 1518/939/401 1512/859/374
f 2561/940/369 1508/941/364 2573/942/402
f 2782/943/381 2790/944/403 2780/945/378
f 2556/834/321 2559/836/366 2572/946/387
f 2081/947/404 2076/948/405 2077/949/406
f 2839/853/317 2738/815/301 2786/932/398
f 2562/950/384 2559/836/366 2558/835/348
f 1502/781/339 1489/910/388 1513/904/380
f 1011/951/394 1012/952/407 1092/953/397
f 2076/948/405 2080/954/408 2077/949/406
f 2784/899/367 2788/955/409 2785/900/361
f 2076/956/410 2078/957/410 2080/958/410
f 2839/853/317 2789/959/411 2783/896/386
f 2793/960/412 2799/961/413 2780/962/378
f 1014/963/414 1009/964/371 1092/953/397
f 2788/965/409 2720/906/315 2841/905/383
f 2079/966/415 2077/967/406 2080/968/408
f 2799/961/413 2775/866/332 2780/962/378
f 2560/913/373 1505/912/351 1515/969/333
f 1524/719/245 1481/970/263 1484/971/399
f 1009/933/371 1482/972/382 1457/934/276
f 2790/944/403 2782/943/381 2791/973/395
f 2080/974/408 2078/975/416 2088/976/417
f 1483/977/390 1512/859/374 1518/939/401
f 1461/978/267 1485/979/379 1484/971/399
f 1010/924/392 1013/980/418 1011/925/394
f 2812/981/419 2081/982/404 2082/983/420
f 1013/980/418 1010/924/392 1483/984/390
f 1009/985/421 1014/986/421 1015/987/421
f 2787/988/400 2783/896/386 2789/959/411
f 1486/989/376 1476/990/352 1489/991/388
f 2083/992/422 2081/993/422 2085/994/422
f 2076/995/405 2081/982/404 2812/981/419
f 2080/974/408 2088/976/417 2079/966/415
f 1472/996/311 1489/991/388 1476/990/352
f 2769/997/423 2081/998/404 2083/999/424
f 2081/998/404 2769/997/423 2082/1000/420
f 1015/1001/425 1482/1002/425 1009/1003/425
f 2798/1004/426 2786/932/398 2785/814/361
f 2796/1005/427 2790/1006/403 2791/1007/395
f 2077/967/406 2079/966/415 2084/1008/428
f 2085/1009/429 2081/947/404 2077/949/406
f 1022/1010/430 1513/904/380 1489/910/388
f 2077/967/406 2084/1008/428 2085/1011/429
f 1093/1012/431 1014/963/414 1092/953/397
f 2562/950/384 2572/946/387 2559/836/366
f 2786/932/398 2789/959/411 2839/853/317
f 2781/864/377 2775/866/332 2799/961/413
f 1012/952/407 1093/1012/431 1092/953/397
f 2573/1013/402 2562/888/384 2561/890/369
f 1019/1014/432 1516/1015/391 1510/930/368
f 2092/1016/433 2086/1017/434 2078/1018/416
f 1517/1019/435 1518/1020/401 1516/1015/391
f 2076/1021/405 2812/1022/419 2078/1023/416
f 2792/1024/436 2791/1007/395 2787/1025/400
f 2793/1026/412 2780/945/378 2790/944/403
f 2083/999/424 2087/1027/437 2769/997/423
f 2083/999/424 2085/1028/429 2087/1027/437
f 1517/1019/435 1516/1015/391 1019/1014/432
f 2741/1029/438 2727/1030/439 2742/1031/440
f 2792/1024/436 2796/1005/427 2791/1007/395
f 1472/689/311 1524/719/245 1484/971/399
f 2741/1029/438 2743/1032/441 2727/1030/439
f 1483/1033/390 1518/1034/401 1517/1035/435
f 1022/1036/442 1027/1037/442 1514/1038/442
f 2727/1030/439 2744/1039/443 2742/1031/440
f 2745/1040/444 2744/1039/443 2727/1030/439
f 1514/1041/385 1327/1042/445 1519/1043/446
f 1022/1044/430 1514/891/385 1513/879/380
f 1472/689/311 1484/971/399 1017/1045/447
f 2746/1046/448 2741/1029/438 2742/1031/440
f 2725/1047/449 2743/1048/441 2741/1049/438
f 2792/1024/436 2787/1025/400 2794/1050/450
f 2812/1022/419 2092/1051/433 2078/1023/416
f 2841/886/383 2781/871/377 2799/1052/413
f 2727/1030/439 2747/1053/451 2745/1040/444
f 2741/1029/438 2746/1046/448 2748/1054/452
f 2079/966/415 2091/1055/453 2084/1008/428
f 2769/997/423 2087/1027/437 2753/1056/454
f 1484/971/399 1485/979/379 1017/1045/447
f 1015/1057/455 1014/1058/455 1482/1059/455
f 2795/1060/456 2793/1026/412 2790/944/403
f 2747/1053/451 2727/1030/439 2730/1061/457
f 2743/1048/441 2726/1062/458 2727/1063/439
f 1508/1064/364 1514/1041/385 1519/1043/446
f 1322/911/389 1019/1014/432 1510/930/368
f 2084/1008/428 2091/1055/453 2085/1065/429
f 2787/988/400 2811/1066/459 2794/1067/450
f 2086/1017/434 2088/1068/417 2078/1018/416
f 2800/1069/460 2790/944/403 2796/1070/427
f 1477/1071/356 1022/1072/461 1016/1073/236
f 2785/900/361 2797/1074/462 2798/1075/426
f 2730/1061/457 2727/1030/439 2726/1076/458
f 2746/1046/448 2742/1031/440 2749/1077/463
f 2750/1078/464 2742/1031/440 2744/1039/443
f 1519/1043/446 2573/1079/402 1508/1064/364
f 2793/1080/412 2795/1060/456 2799/1081/413
f 1017/1082/465 1485/1083/465 1016/1084/465
f 2789/959/411 2811/1066/459 2787/988/400
f 2797/1074/462 2785/900/361 2788/955/409
f 2087/1085/437 2090/1086/466 2089/1087/467
f 2795/1060/456 2790/944/403 2800/1069/460
f 2796/1005/427 2792/1024/436 2800/1088/460
f 2087/1089/437 2085/1065/429 2090/1090/466
f 2786/1091/398 2798/1092/426 2797/1093/462
f 2725/1094/449 2741/1029/438 2748/1054/452
f 2799/1081/413 2795/1060/456 2801/1095/468
f 1017/1096/469 1016/1097/469 1022/1098/469
f 2744/1039/443 2745/1040/444 2751/1099/470
f 1017/1045/447 1489/1100/388 1472/689/311
f 2742/1031/440 2750/1078/464 2749/1077/463
f 2802/1101/471 2788/955/409 2841/1102/383
f 2800/1069/460 2803/1103/472 2795/1060/456
f 2087/1027/437 2089/1104/467 2753/1056/454
f 1013/980/418 1483/984/390 1024/1105/473
f 2091/1055/453 2079/966/415 2088/976/417
f 1018/1106/474 1482/885/382 1093/1107/431
f 2747/1053/451 2751/1099/470 2745/1040/444
f 2789/1108/411 2786/1091/398 2797/1093/462
f 1021/1109/475 1022/1110/430 1489/1100/388
f 1521/1111/476 1514/1041/385 1027/1112/477
f 1489/1100/388 1017/1045/447 1021/1109/475
f 1320/1113/478 1483/1033/390 1517/1035/435
f 1093/1107/431 1482/885/382 1014/1114/414
f 2725/1047/449 2728/1115/479 2743/1048/441
f 2792/1024/436 2794/1116/450 2809/1117/480
f 2811/1118/459 2789/1108/411 2797/1093/462
f 2751/1099/470 2752/1119/481 2744/1039/443
f 2116/1120/482 2725/1094/449 2748/1054/452
f 2808/1121/483 2800/1088/460 2792/1024/436
f 1324/1122/484 1093/1012/431 1012/952/407
f 2795/1060/456 2803/1103/472 2801/1095/468
f 2750/1078/464 2752/1119/481 2814/1123/485
f 2788/955/409 2802/1101/471 2797/1074/462
f 2750/1078/464 2744/1039/443 2752/1119/481
f 2799/1124/413 2801/1125/468 2841/1102/383
f 1327/1042/445 1514/1041/385 1521/1111/476
f 1019/1126/432 1320/1113/478 1517/1035/435
f 2808/1121/483 2792/1024/436 2809/1117/480
f 2090/1090/466 2085/1065/429 2091/1055/453
f 1024/1105/473 1483/984/390 1020/1127/486
f 2743/1048/441 2123/1128/487 2726/1062/458
f 1021/1129/488 1017/1130/488 1022/1131/488
f 2769/1132/489 2753/1133/489 2804/1134/489
f 2751/1099/470 2747/1053/451 2564/1135/490
f 2747/1053/451 2730/1061/457 2754/1136/491
f 2811/1066/459 2809/1137/480 2794/1067/450
f 2769/1138/492 2804/1139/493 2805/1140/494
f 1011/951/394 1324/1122/484 1012/952/407
f 1482/885/382 1018/1106/474 1477/883/356
f 2743/1048/441 2728/1115/479 2123/1128/487
f 2809/1137/480 2811/1066/459 2807/1141/495
f 2751/1099/470 2637/1142/496 2752/1119/481
f 1094/1143/497 1477/1071/356 1018/1144/474
f 2729/1145/498 2730/1146/457 2726/1062/458
f 2749/1077/463 2750/1078/464 2816/1147/499
f 2086/1017/434 2091/1148/453 2088/1068/417
f 2806/1149/500 2802/1101/471 2841/1102/383
f 2806/1149/500 2841/1102/383 2801/1125/468
f 2091/1055/453 2094/1150/501 2090/1090/466
f 2090/1086/466 2118/1151/502 2089/1087/467
f 2729/1145/498 2726/1062/458 2123/1128/487
f 1522/1152/503 2560/850/373 2572/903/387
f 2797/1074/462 2802/1101/471 2807/1153/495
f 2748/1054/452 2755/1154/504 2116/1120/482
f 1011/925/394 1013/980/418 1024/1105/473
f 2808/1155/483 2810/1156/505 2800/1157/460
f 2808/1158/483 2809/1159/480 2810/1160/505
f 2089/1104/467 2114/1161/506 2753/1056/454
f 2746/1046/448 2756/1162/507 2748/1054/452
f 1320/1163/478 1020/1164/486 1483/1165/390
f 2807/1153/495 2811/1166/459 2797/1074/462
f 2810/1156/505 2803/1167/472 2800/1157/460
f 2801/1125/468 2810/1168/505 2806/1149/500
f 1027/1169/508 1022/1170/461 1023/1171/509
f 1011/951/394 1024/1172/473 1324/1122/484
f 2747/1053/451 2754/1136/491 2564/1135/490
f 2810/1168/505 2801/1125/468 2803/1173/472
f 2086/1017/434 2092/1016/433 2099/1174/510
f 2809/1159/480 2807/1175/495 2810/1160/505
f 2086/1017/434 2099/1176/510 2091/1148/453
f 2812/1177/419 2082/1178/420 2813/1179/511
f 2082/1178/420 2757/1180/512 2813/1179/511
f 1093/1107/431 1025/1181/513 1018/1106/474
f 2816/1147/499 2750/1078/464 2814/1123/485
f 2748/1054/452 2756/1162/507 2755/1154/504
f 2090/1086/466 2094/1182/501 2118/1151/502
f 2802/1101/471 2806/1149/500 2807/1153/495
f 1020/1183/486 1321/1184/514 1024/1185/473
f 1025/1186/513 1093/1012/431 1324/1122/484
f 2728/1115/479 2725/1047/449 2731/1187/515
f 2082/1188/516 2769/1189/516 2757/1190/516
f 2749/1077/463 2758/1191/517 2746/1046/448
f 2564/1135/490 2637/1142/496 2751/1099/470
f 2746/1046/448 2758/1191/517 2756/1162/507
f 1520/1192/518 1521/1193/518 1027/1194/518
f 2810/1195/505 2807/1153/495 2806/1149/500
f 1477/1071/356 1026/1196/519 1022/1072/461
f 2114/1197/506 2089/1087/467 2118/1151/502
f 2099/1198/510 2092/1199/433 2093/1200/520
f 2732/1201/521 2731/1187/515 2725/1047/449
f 2116/1202/482 2732/1201/521 2725/1047/449
f 1023/1203/522 1520/1204/522 1027/1205/522
f 2756/1162/507 2759/1206/523 2755/1154/504
f 2753/1207/524 2114/1208/524 2115/1209/524
f 2099/1176/510 2094/1210/501 2091/1148/453
f 1028/1211/525 1029/1212/526 1031/1213/527
f 2758/1191/517 2749/1077/463 2816/1147/499
f 1477/1071/356 1094/1143/497 1026/1196/519
f 1522/1214/503 1322/911/389 2560/913/373
f 1028/1211/525 1031/1213/527 1030/1215/528
f 2760/1216/529 2754/1136/491 2730/1061/457
f 1519/1043/446 1523/1217/530 2573/1079/402
f 2814/1218/485 2766/1219/531 2815/1220/532
f 2730/1146/457 2729/1145/498 2733/1221/533
f 2814/1218/485 2815/1220/532 2816/1222/499
f 2752/1119/481 2761/1223/534 2814/1123/485
f 1520/1224/535 1327/1225/535 1521/1226/535
f 2095/1227/536 2093/1228/520 2096/1229/537
f 2116/1230/482 2755/1231/504 2117/1232/538
f 2097/1233/539 2093/1228/520 2095/1227/536
f 1028/1234/540 1030/1235/540 1034/1236/540
f 1095/1237/541 1023/1171/509 1022/1170/461
f 2813/1238/511 2136/1239/542 2812/1240/419
f 2564/1241/490 2636/1242/543 2637/1243/496
f 2757/1244/512 2769/1138/492 2805/1140/494
f 2731/1245/515 2123/1128/487 2728/1115/479
f 2123/1128/487 2768/1246/544 2729/1145/498
f 1520/1247/545 1023/1171/509 1095/1237/541
f 2732/1248/521 2116/1230/482 2117/1232/538
f 2115/1249/546 2821/1250/546 2753/1251/546
f 1332/1252/547 1322/1253/389 1522/1254/503
f 2762/1255/548 2756/1162/507 2758/1191/517
f 2093/1200/520 2097/1256/539 2099/1198/510
f 2763/1257/549 2754/1136/491 2760/1216/529
f 2764/1258/550 2752/1119/481 2637/1142/496
f 2564/1241/490 2638/1259/551 2636/1242/543
f 1322/1260/389 1320/1163/478 1019/1261/432
f 2092/1051/433 2136/1262/542 2093/1263/520
f 2842/1264/552 2758/1265/517 2816/1266/499
f 2815/1220/532 2842/1267/552 2816/1222/499
f 2124/1268/553 2114/1269/506 2118/1270/502
f 2759/1206/523 2765/1271/554 2755/1154/504
f 2761/1223/534 2766/1272/531 2814/1123/485
f 1323/1273/555 1324/1274/484 1024/1275/473
f 2756/1162/507 2762/1255/548 2759/1206/523
f 1018/1106/474 1025/1181/513 1094/1276/497
f 2752/1119/481 2764/1258/550 2761/1223/534
f 2733/1277/533 2760/1216/529 2730/1061/457
f 2092/1051/433 2812/1022/419 2136/1262/542
f 2754/1136/491 2763/1257/549 2564/1135/490
f 2101/1278/556 2096/1229/537 2093/1279/520
f 2733/1221/533 2729/1145/498 2768/1246/544
f 1321/1184/514 1020/1183/486 1325/1280/557
f 1333/1281/558 1325/1282/557 1020/1164/486
f 2124/1268/553 2118/1270/502 2094/1283/501
f 2115/1284/559 2114/1285/560 2119/1286/561
f 2099/1287/562 2097/1288/562 2098/1289/562
f 2097/1233/539 2095/1227/536 2098/1290/563
f 2762/1291/548 2758/1265/517 2817/1292/564
f 2096/1229/537 2101/1278/556 2103/1293/565
f 2571/1294/566 2572/946/387 2562/950/384
f 1029/1295/567 1032/1296/567 1031/1297/567
f 2763/1298/549 2563/1299/568 2564/1300/490
f 2637/1243/496 2639/1301/569 2764/1302/550
f 2103/1293/565 2102/1303/570 2096/1229/537
f 2099/1304/571 2098/1305/571 2094/1306/571
f 2564/1241/490 2563/1307/568 2638/1259/551
f 2102/1303/570 2100/1308/572 2096/1229/537
f 1320/1163/478 1322/1260/389 1333/1281/558
f 1031/1309/527 1032/1310/573 1033/1311/574
f 2758/1265/517 2842/1264/552 2817/1292/564
f 1025/1186/513 1324/1122/484 1328/1312/575
f 1320/1163/478 1333/1281/558 1020/1164/486
f 1036/1313/576 1030/1314/528 1031/1315/527
f 2096/1229/537 2100/1308/572 2095/1227/536
f 2821/1316/577 2762/1291/548 2817/1292/564
f 2731/1317/515 2732/1248/521 2120/1318/578
f 2136/1319/542 2101/1320/556 2093/1321/520
f 1034/1322/579 1030/1314/528 1037/1323/580
f 2766/1324/581 2761/1325/581 2825/1326/581
f 2821/1327/577 2804/1139/493 2753/1328/582
f 2109/1329/583 2103/1330/565 2101/1320/556
f 1037/1323/580 1030/1314/528 1065/1331/584
f 2107/1332/585 2098/1290/563 2095/1227/536
f 2102/1333/570 2106/1334/586 2100/1335/572
f 2103/1336/587 2104/1337/587 2102/1338/587
f 2103/1330/565 2109/1329/583 2105/1339/588
f 1030/1314/528 1036/1313/576 1065/1331/584
f 1095/1340/541 1022/1072/461 1026/1196/519
f 2104/1341/589 2106/1334/586 2102/1333/570
f 2821/1327/577 2805/1140/494 2804/1139/493
f 2755/1231/504 2121/1342/590 2117/1232/538
f 1032/1343/573 1029/1344/526 1028/1345/525
f 2767/1346/591 2760/1216/529 2733/1277/533
f 2095/1227/536 2100/1347/572 2107/1332/585
f 2120/1318/578 2732/1248/521 2122/1348/592
f 2842/1267/552 2815/1220/532 2818/1349/593
f 2124/1350/594 2125/1351/594 2114/1352/594
f 2759/1206/523 2762/1255/548 2765/1271/554
f 1046/1353/595 1032/1343/573 1028/1345/525
f 2825/1354/596 2819/1355/597 2766/1356/531
f 2766/1219/531 2819/1355/597 2815/1220/532
f 2760/1357/529 2565/1358/598 2763/1359/549
f 1520/1360/545 1326/1361/599 1327/1362/445
f 2815/1220/532 2819/1355/597 2820/1363/600
f 2820/1363/600 2818/1349/593 2815/1220/532
f 1095/1340/541 1026/1196/519 1035/1364/601
f 2123/1365/487 2731/1366/515 2120/1367/578
f 2124/1368/602 2094/1369/602 2098/1370/602
f 2103/1330/565 2105/1339/588 2104/1371/589
f 2843/1372/603 2817/1292/564 2842/1264/552
f 2817/1373/564 2805/1374/494 2821/1375/577
f 1326/1361/599 1520/1360/545 1095/1376/541
f 2818/1349/593 2843/1377/603 2842/1267/552
f 1328/1378/575 1324/1274/484 1323/1273/555
f 2817/1373/564 2843/1377/603 2805/1374/494
f 2136/1319/542 2109/1329/583 2101/1320/556
f 2098/1290/563 2107/1332/585 2127/1379/604
f 2121/1342/590 2755/1231/504 2765/1380/554
f 2573/1013/402 2571/1381/566 2562/888/384
f 1036/1382/576 1031/1383/527 1033/1384/574
f 2732/1248/521 2117/1232/538 2122/1348/592
f 1329/1385/605 1024/1275/473 1321/1184/514
f 2100/1386/606 2106/1387/606 2107/1388/606
f 2824/1389/607 2765/1271/554 2762/1255/548
f 2123/1390/487 2132/1391/608 2768/1392/544
f 2760/1357/529 2767/1393/591 2565/1358/598
f 2120/1367/578 2132/1394/608 2123/1365/487
f 1519/1395/446 2570/1396/609 1523/1397/530
f 2106/1398/586 2104/1399/589 2108/1400/610
f 2733/1221/533 2768/1246/544 1981/1401/611
f 2639/1301/569 2637/1243/496 2636/1242/543
f 2105/1402/588 2108/1400/610 2104/1399/589
f 2733/1277/533 1981/1403/611 2767/1346/591
f 1328/1404/575 1094/1276/497 1025/1181/513
f 2821/1316/577 2115/1405/612 2762/1291/548
f 2571/1406/566 2566/1407/613 2572/1408/387
f 1330/1409/614 1323/1273/555 1024/1275/473
f 2763/1298/549 2565/1410/598 2563/1299/568
f 1026/1196/519 1335/1411/615 1035/1364/601
f 1329/1385/605 1330/1409/614 1024/1275/473
f 2098/1412/563 2125/1413/616 2124/1414/617
f 2106/1415/586 2111/1416/618 2107/1417/585
f 2108/1418/610 2111/1416/618 2106/1415/586
f 1096/1419/619 1097/1420/620 1098/1421/621
f 2121/1342/590 2126/1422/622 2117/1232/538
f 1097/1420/620 1099/1423/623 1098/1421/621
f 2805/1374/494 2822/1424/624 2757/1425/512
f 1519/1395/446 1331/1426/625 2570/1396/609
f 1522/1254/503 2572/1427/387 1332/1252/547
f 1097/1420/620 1106/1428/626 1099/1423/623
f 1327/1362/445 1326/1361/599 1331/1429/625
f 1028/1430/627 1034/1431/627 1037/1432/627
f 1519/1395/446 1327/1433/445 1331/1426/625
f 1100/1434/628 1099/1423/623 1106/1428/626
f 1175/1435/629 1097/1436/620 1096/1419/619
f 2822/1424/624 2805/1374/494 2843/1377/603
f 2105/1402/588 2109/1437/583 2111/1438/618
f 1051/1439/630 1046/1440/595 1028/1441/525
f 2110/1442/631 2127/1443/604 2107/1444/585
f 2761/1445/534 2764/1446/550 2823/1447/632
f 1101/1448/633 1099/1423/623 1100/1434/628
f 1096/1419/619 1098/1421/621 1177/1449/634
f 1099/1423/623 1101/1448/633 1102/1450/635
f 2127/1451/604 2125/1413/616 2098/1412/563
f 1102/1450/635 1098/1421/621 1099/1423/623
f 1096/1419/619 1103/1452/636 1104/1453/637
f 2636/1242/543 2640/1454/638 2639/1301/569
f 2105/1402/588 2111/1438/618 2108/1400/610
f 1097/1455/620 1105/1456/639 1106/1457/626
f 2115/1405/612 2824/1458/607 2762/1291/548
f 2825/1459/596 2761/1445/534 2645/1460/640
f 2819/1355/597 2825/1354/596 2820/1363/600
f 2121/1342/590 2765/1380/554 2824/1461/607
f 1175/1435/629 1096/1419/619 1107/1462/641
f 1104/1453/637 1107/1462/641 1096/1419/619
f 2107/1444/585 2111/1463/618 2110/1442/631
f 2119/1286/561 2114/1285/560 2125/1413/616
f 1094/1143/497 1335/1411/615 1026/1196/519
f 2119/1464/642 2824/1465/642 2115/1466/642
f 1335/1467/615 1094/1276/497 1328/1404/575
f 1322/1468/389 1332/1469/547 1333/1470/558
f 2813/1471/511 2757/1425/512 2844/1472/643
f 2645/1460/640 2761/1445/534 2823/1447/632
f 2649/1473/644 2565/1358/598 2767/1393/591
f 2572/1474/387 2566/1475/613 1334/1476/645
f 1976/1477/646 2768/1392/544 2132/1391/608
f 1108/1478/647 1177/1449/634 1098/1421/621
f 2764/1302/550 2639/1301/569 2823/1479/632
f 2768/1480/648 1977/1481/648 1981/1482/648
f 1111/1483/649 1100/1484/628 1106/1485/626
f 1038/1486/650 1039/1487/651 1049/1488/652
f 1109/1489/653 1106/1457/626 1105/1456/639
f 1105/1456/639 1097/1455/620 1175/1490/629
f 1102/1450/635 1176/1491/654 1098/1421/621
f 1101/1492/655 1100/1493/655 1118/1494/655
f 1108/1478/647 1098/1421/621 1176/1491/654
f 1334/1495/645 1332/1252/547 2572/1427/387
f 1028/1496/525 1040/1497/656 1052/1498/657
f 1976/1477/646 1977/1499/658 2768/1392/544
f 1110/1500/659 1176/1501/654 1102/1502/635
f 2640/1454/638 2636/1242/543 2641/1503/660
f 1103/1452/636 1096/1419/619 1177/1449/634
f 1038/1486/650 1049/1488/652 1339/1504/661
f 1039/1505/651 1038/1506/650 1336/1507/662
f 1028/1496/525 1037/1508/663 1040/1497/656
f 1110/1500/659 1102/1502/635 1101/1509/633
f 1100/1510/628 1111/1511/649 1118/1512/664
f 2843/1377/603 2818/1349/593 2822/1424/624
f 2109/1513/583 2112/1514/665 2111/1463/618
f 1033/1311/574 1032/1310/573 1045/1515/666
f 1104/1453/637 1103/1452/636 931/1516/667
f 1112/1517/668 1104/1453/637 931/1516/667
f 2113/1518/669 2110/1442/631 2111/1463/618
f 2136/1239/542 2813/1238/511 2128/1519/670
f 2129/1520/671 2127/1451/604 2110/1521/631
f 2638/1259/551 2563/1307/568 2565/1522/598
f 1175/1435/629 1107/1462/641 1113/1523/672
f 1335/1524/615 1328/1525/575 1401/1526/673
f 2129/1520/671 2125/1413/616 2127/1451/604
f 1101/1509/633 1118/1527/664 1123/1528/674
f 1104/1453/637 1112/1517/668 1107/1462/641
f 1052/1529/657 1051/1439/630 1028/1441/525
f 2136/1319/542 2112/1530/665 2109/1329/583
f 2641/1503/660 2636/1242/543 2638/1259/551
f 2825/1459/596 2645/1460/640 2826/1531/675
f 2844/1472/643 2757/1425/512 2822/1424/624
f 1109/1489/653 1111/1532/649 1106/1457/626
f 1110/1500/659 1101/1509/633 1123/1528/674
f 1336/1533/662 1038/1534/650 1337/1535/676
f 2824/1461/607 2130/1536/677 2121/1342/590
f 2112/1514/665 2113/1518/669 2111/1463/618
f 2642/1537/678 2823/1479/632 2639/1301/569
f 1337/1535/676 1038/1534/650 1339/1538/661
f 2131/1539/679 2126/1422/622 2121/1342/590
f 2649/1473/644 2767/1393/591 1981/1540/611
f 1321/1184/514 1325/1280/557 1353/1541/680
f 1979/1542/681 2120/1318/578 2122/1348/592
f 2640/1454/638 2642/1537/678 2639/1301/569
f 2112/1543/665 2136/1544/542 2113/1545/669
f 2827/1546/682 2822/1424/624 2818/1349/593
f 2565/1547/598 2649/1548/644 2576/1549/683
f 2823/1479/632 2642/1537/678 2643/1550/684
f 2826/1551/675 2820/1363/600 2825/1354/596
f 1041/1552/685 1339/1504/661 1049/1488/652
f 2129/1520/671 2110/1521/631 2113/1553/669
f 2122/1348/592 2117/1232/538 2126/1422/622
f 2120/1318/578 1979/1542/681 2132/1554/608
f 1065/1331/584 1036/1313/576 1044/1555/686
f 2820/1363/600 2828/1556/687 2818/1349/593
f 2113/1545/669 2136/1544/542 2135/1557/688
f 2827/1546/682 2844/1472/643 2822/1424/624
f 2828/1556/687 2831/1558/689 2818/1349/593
f 2818/1349/593 2831/1558/689 2827/1546/682
f 1325/1282/557 1333/1281/558 1332/1559/547
f 1323/1273/555 1341/1560/690 1328/1378/575
f 1042/1561/691 1103/1562/636 1043/1563/692
f 1108/1564/647 1114/1565/693 1177/1566/634
f 1111/1511/649 1116/1567/694 1118/1512/664
f 1036/1382/576 1033/1384/574 1044/1568/686
f 1108/1564/647 1176/1501/654 1115/1569/695
f 1111/1570/649 1109/1571/653 1116/1572/694
f 2638/1259/551 2644/1573/696 2641/1503/660
f 1045/1574/666 1032/1575/573 1046/1576/595
f 1105/1456/639 1117/1577/697 1109/1571/653
f 2644/1573/696 2638/1259/551 2575/1578/698
f 1045/1515/666 934/1579/699 1033/1311/574
f 931/1580/667 1103/1562/636 1042/1561/691
f 1977/1499/658 1976/1477/646 1978/1581/700
f 2823/1479/632 2643/1550/684 2645/1582/640
f 1103/1452/636 1177/1449/634 1043/1583/692
f 1049/1488/652 1047/1584/701 1041/1552/685
f 1338/1585/702 1339/1586/661 1041/1587/685
f 1338/1585/702 1337/1588/676 1339/1586/661
f 2813/1589/511 2846/1590/703 2145/1591/704
f 1033/1384/574 1048/1592/705 1044/1568/686
f 2828/1556/687 2820/1363/600 2845/1593/706
f 2113/1545/669 2135/1557/688 2133/1594/707
f 1328/1525/575 1340/1595/708 1401/1526/673
f 2119/1286/561 2125/1413/616 2129/1520/671
f 1043/1583/692 1177/1449/634 1057/1596/709
f 2566/1407/613 2571/1406/566 2567/1597/710
f 1118/1598/664 1116/1599/694 1123/1600/674
f 2129/1520/671 2113/1601/669 2133/1602/707
f 2130/1536/677 2824/1461/607 2134/1603/711
f 1105/1456/639 1119/1604/712 1117/1577/697
f 931/1605/667 1042/1606/691 932/1607/713
f 1330/1409/614 1341/1560/690 1323/1273/555
f 1120/1608/714 1116/1572/694 1109/1571/653
f 2141/1609/715 2135/1610/715 2136/1611/715
f 2132/1612/608 1979/1613/681 1980/1614/716
f 1979/1542/681 2122/1348/592 2137/1615/717
f 1033/1384/574 934/1616/699 1048/1592/705
f 1051/1617/718 1053/1618/718 1056/1619/718
f 2136/1620/719 2138/1621/719 2141/1622/719
f 1112/1623/668 931/1605/667 932/1607/713
f 1328/1525/575 1341/1624/690 1340/1595/708
f 1039/1625/651 1077/1626/720 1049/1627/652
f 1176/1501/654 1110/1500/659 1115/1569/695
f 1117/1577/697 1120/1608/714 1109/1571/653
f 1121/1628/721 1175/1435/629 1113/1523/672
f 2136/1239/542 2128/1519/670 2138/1629/722
f 1119/1604/712 1105/1456/639 1175/1490/629
f 1978/1581/700 1976/1477/646 2132/1612/608
f 2135/1630/723 2141/1631/723 2133/1632/723
f 2137/1615/717 2122/1348/592 2126/1422/622
f 2131/1539/679 2121/1342/590 2130/1536/677
f 1325/1282/557 1332/1559/547 1342/1633/724
f 2826/1551/675 2845/1593/706 2820/1363/600
f 1049/1627/652 1077/1626/720 1047/1634/701
f 1336/1507/662 1050/1635/725 1039/1505/651
f 1035/1636/601 1335/1637/615 1401/1638/673
f 1123/1600/674 1116/1599/694 1122/1639/726
f 1110/1500/659 1123/1640/674 1115/1569/695
f 1053/1641/727 1051/1642/727 1052/1643/727
f 2638/1259/551 2565/1522/598 2575/1578/698
f 2827/1644/682 2846/1590/703 2844/1645/643
f 1980/1614/716 1978/1581/700 2132/1612/608
f 1115/1569/695 1114/1565/693 1108/1564/647
f 2645/1582/640 2829/1646/728 2826/1647/675
f 1056/1648/729 1053/1649/730 1052/1650/657
f 933/1651/731 1112/1623/668 932/1607/713
f 1116/1599/694 1120/1652/714 1122/1639/726
f 1107/1462/641 1112/1517/668 1124/1653/732
f 2846/1590/703 2813/1589/511 2844/1645/643
f 2133/1654/733 2141/1655/733 2146/1656/733
f 1177/1566/634 1114/1565/693 1057/1657/709
f 1113/1523/672 1107/1462/641 1124/1653/732
f 1056/1648/729 1052/1650/657 1055/1658/734
f 1325/1280/557 1342/1659/724 1353/1541/680
f 1077/1626/720 1039/1625/651 1050/1660/725
f 2131/1539/679 2130/1536/677 2134/1603/711
f 2575/1578/698 2646/1661/735 2641/1503/660
f 1979/1542/681 2137/1615/717 2139/1662/736
f 1124/1653/732 1112/1517/668 1179/1663/737
f 1979/1613/681 2139/1664/736 1980/1614/716
f 2142/1665/738 2140/1666/739 2141/1667/740
f 2146/1668/741 2141/1667/740 2140/1666/739
f 1115/1569/695 1123/1640/674 1122/1669/726
f 2642/1537/678 2640/1454/638 2647/1670/742
f 2575/1578/698 2641/1503/660 2644/1573/696
f 1095/1376/541 1035/1636/601 1402/1671/743
f 1121/1628/721 1113/1523/672 1124/1653/732
f 932/1607/713 1042/1606/691 1003/1672/744
f 2826/1551/675 2829/1673/728 2845/1593/706
f 1054/1674/745 1055/1675/734 1052/1676/657
f 1046/1576/595 1069/1677/746 1045/1574/666
f 1334/1476/645 2566/1475/613 2195/1678/747
f 1119/1679/712 1175/1435/629 1121/1628/721
f 2141/1680/740 2138/1681/722 2142/1682/738
f 1340/1595/708 1343/1683/748 1401/1526/673
f 1125/1684/749 1119/1679/712 1121/1628/721
f 2827/1644/682 2830/1685/750 2846/1590/703
f 2133/1602/707 2143/1686/751 2129/1520/671
f 2648/1687/752 2649/1688/752 1981/1689/752
f 2574/1690/753 2576/1549/683 2649/1548/644
f 2140/1666/739 2148/1691/754 2146/1668/741
f 1056/1692/729 1055/1693/734 1059/1694/755
f 1119/1604/712 1120/1608/714 1117/1577/697
f 2831/1695/689 2828/1556/687 2845/1593/706
f 1329/1385/605 1321/1184/514 1353/1541/680
f 940/1696/756 1048/1697/756 934/1698/756
f 1337/1535/676 1344/1699/757 1345/1700/758
f 1342/1633/724 1332/1559/547 2200/1701/759
f 1350/1702/760 1336/1533/662 1346/1703/761
f 1043/1563/692 1057/1704/709 1058/1705/762
f 1977/1499/658 2648/1706/763 1981/1707/764
f 1338/1585/702 1041/1587/685 1347/1708/765
f 1336/1533/662 1337/1535/676 1346/1703/761
f 2827/1644/682 2831/1709/689 2830/1685/750
f 2129/1520/671 2143/1686/751 2119/1286/561
f 2642/1537/678 2650/1710/766 2643/1550/684
f 1114/1565/693 1060/1711/767 1057/1657/709
f 1051/1439/630 1070/1712/768 1046/1440/595
f 1052/1498/657 1040/1497/656 1054/1713/745
f 1115/1569/695 1126/1714/769 1114/1565/693
f 934/1715/699 1045/1716/666 940/1717/770
f 1342/1659/724 2200/1718/759 1353/1541/680
f 2588/1719/771 2640/1454/638 2641/1503/660
f 1978/1581/700 1980/1614/716 1982/1720/772
f 1337/1535/676 1345/1700/758 1346/1703/761
f 2126/1422/622 2190/1721/773 2144/1722/774
f 1065/1331/584 1044/1555/686 1074/1723/775
f 2813/1238/511 2145/1724/704 2128/1519/670
f 2131/1539/679 2190/1721/773 2126/1422/622
f 1043/1563/692 1058/1705/762 1042/1561/691
f 2573/1725/402 2568/1726/776 2571/1406/566
f 2565/1547/598 2576/1549/683 2575/1727/698
f 1114/1565/693 1126/1714/769 1060/1711/767
f 1115/1569/695 1122/1669/726 1126/1714/769
f 1045/1716/666 1069/1728/746 940/1717/770
f 1041/1729/685 1047/1730/701 1347/1708/765
f 2835/1731/777 2831/1695/689 2845/1593/706
f 2151/1732/778 2146/1733/778 2148/1734/778
f 2133/1602/707 2146/1735/779 2151/1736/780
f 2574/1690/753 2649/1548/644 2648/1737/763
f 1048/1738/781 1071/1739/781 1044/1740/781
f 2144/1722/774 2137/1615/717 2126/1422/622
f 2142/1665/738 2147/1741/782 2140/1666/739
f 1056/1742/729 1059/1743/755 1051/1744/630
f 2143/1686/751 2133/1602/707 2151/1736/780
f 1042/1561/691 1058/1705/762 1003/1745/744
f 1051/1744/630 1059/1743/755 1070/1746/768
f 936/1747/783 1061/1748/783 948/1749/783
f 2119/1286/561 2134/1750/711 2824/1751/607
f 2588/1719/771 2647/1670/742 2640/1454/638
f 1121/1628/721 1124/1653/732 1127/1752/784
f 2642/1537/678 2647/1670/742 2650/1710/766
f 2137/1615/717 2144/1722/774 2139/1662/736
f 1344/1753/757 1337/1754/676 1338/1585/702
f 1402/1671/743 1326/1361/599 1095/1376/541
f 1058/1705/762 1057/1704/709 1060/1755/767
f 2140/1756/739 2150/1757/785 2148/1758/754
f 2139/1664/736 1983/1759/786 1980/1614/716
f 1983/1759/786 1982/1720/772 1980/1614/716
f 2588/1719/771 2641/1503/660 2646/1661/735
f 935/1760/787 936/1761/788 948/1762/789
f 2829/1763/728 2654/1764/790 2845/1765/706
f 2831/1709/689 2834/1766/791 2830/1685/750
f 2190/1721/773 2131/1539/679 2134/1767/711
f 1336/1768/792 1350/1769/792 1050/1770/792
f 2643/1550/684 2650/1710/766 2651/1771/793
f 939/1772/794 936/1773/788 935/1760/787
f 948/1774/795 1061/1775/796 1068/1776/797
f 1332/1559/547 1334/1777/645 2200/1701/759
f 1061/1778/798 936/1779/798 1062/1780/798
f 1331/1781/625 1326/1361/599 1402/1671/743
f 2149/1782/799 2150/1783/785 2140/1784/739
f 933/1651/731 1180/1785/800 1112/1623/668
f 2140/1784/739 2147/1786/782 2149/1782/799
f 2835/1787/777 2834/1766/791 2831/1709/689
f 2568/1726/776 2567/1597/710 2571/1406/566
f 1055/1675/734 1054/1674/745 1064/1788/801
f 1063/1789/802 1054/1713/745 1040/1497/656
f 1054/1674/745 1067/1790/803 1064/1788/801
f 1331/1426/625 1402/1791/743 2570/1396/609
f 935/1760/787 948/1762/789 1071/1792/804
f 1977/1499/658 1978/1581/700 2648/1706/763
f 2566/1407/613 2567/1597/710 2195/1793/747
f 1055/1693/734 1064/1794/801 1059/1694/755
f 2153/1795/805 2147/1741/782 2142/1665/738
f 1037/1796/663 1063/1789/802 1040/1497/656
f 1037/1797/806 1065/1798/806 1066/1799/806
f 932/1607/713 937/1800/807 933/1651/731
f 1131/1801/808 1122/1639/726 1120/1652/714
f 938/1802/809 936/1803/788 939/1804/794
f 2652/1805/810 2645/1582/640 2643/1550/684
f 936/1803/788 938/1802/809 1062/1806/811
f 1343/1683/748 1340/1595/708 1351/1807/812
f 1066/1808/813 1065/1331/584 1074/1723/775
f 1112/1517/668 1180/1809/800 1179/1663/737
f 1059/1810/755 1183/1811/814 940/1812/770
f 940/1812/770 1183/1811/814 941/1813/815
f 1127/1752/784 1124/1653/732 1178/1814/816
f 1348/1815/817 1347/1708/765 1047/1730/701
f 2148/1758/754 2162/1816/818 2151/1817/780
f 1059/1818/755 1064/1819/801 1183/1820/814
f 1067/1821/803 1077/1626/720 1050/1660/725
f 1183/1820/814 1184/1822/819 1185/1823/820
f 1183/1820/814 1185/1823/820 941/1824/815
f 2151/1736/780 2152/1825/821 2143/1686/751
f 1349/1826/822 1338/1585/702 1347/1708/765
f 1186/1827/823 1183/1820/814 1064/1819/801
f 951/1828/824 1180/1785/800 933/1651/731
f 940/1812/770 941/1813/815 1005/1829/825
f 1179/1663/737 1178/1814/816 1124/1653/732
f 1050/1830/826 1350/1831/826 1067/1832/826
f 2153/1833/805 2142/1682/738 2138/1681/722
f 2162/1816/818 2148/1758/754 2150/1757/785
f 1061/1834/796 1062/1835/827 1068/1836/797
f 1127/1752/784 1125/1837/749 1121/1628/721
f 1064/1819/801 1350/1838/760 1186/1827/823
f 1984/1839/828 2139/1662/736 2144/1722/774
f 2139/1664/736 1984/1840/828 1983/1759/786
f 2835/1841/829 2845/1842/829 2653/1843/829
f 1351/1844/812 1340/1845/708 1341/1846/690
f 937/1800/807 932/1607/713 942/1847/830
f 2154/1848/831 2190/1721/773 2134/1767/711
f 1183/1820/814 1186/1827/823 1187/1849/832
f 1069/1850/746 1059/1810/755 940/1812/770
f 1120/1851/714 1119/1679/712 1125/1684/749
f 1349/1826/822 1344/1753/757 1338/1585/702
f 1070/1852/768 1069/1677/746 1046/1576/595
f 1059/1853/833 1069/1854/833 1070/1855/833
f 1183/1820/814 1187/1849/832 1184/1822/819
f 1126/1714/769 1122/1669/726 1129/1856/834
f 951/1828/824 933/1651/731 937/1800/807
f 2159/1857/835 2147/1741/782 2153/1795/805
f 938/1802/809 939/1804/794 943/1858/836
f 1982/1720/772 1983/1759/786 1985/1859/837
f 1004/1860/838 940/1812/770 1005/1829/825
f 944/1861/839 939/1772/794 935/1760/787
f 1054/1713/745 1076/1862/840 1075/1863/841
f 2654/1764/790 2653/1864/842 2845/1765/706
f 941/1824/815 1185/1823/820 1188/1865/843
f 1071/1792/804 944/1861/839 935/1760/787
f 1125/1866/749 1127/1867/784 1128/1868/844
f 1044/1555/686 1071/1869/845 1074/1723/775
f 2190/1721/773 2189/1870/846 2144/1722/774
f 1120/1871/847 1125/1872/847 1131/1873/847
f 2643/1550/684 2651/1771/793 2652/1805/810
f 1186/1827/823 1189/1874/848 1187/1849/832
f 1064/1819/801 1067/1875/803 1350/1838/760
f 1035/1636/601 1343/1876/748 1402/1671/743
f 1186/1827/823 1350/1838/760 1189/1874/848
f 2645/1582/640 2654/1877/790 2829/1646/728
f 2648/1706/763 1978/1581/700 1982/1720/772
f 1067/1878/803 1054/1713/745 1075/1863/841
f 940/1812/770 1004/1860/838 1048/1879/849
f 1122/1639/726 1131/1801/808 1129/1880/834
f 2152/1825/821 2119/1286/561 2143/1686/751
f 937/1800/807 942/1847/830 950/1881/850
f 1072/1882/851 948/1774/795 1068/1776/797
f 2158/1883/852 2149/1782/799 2147/1786/782
f 932/1607/713 1003/1672/744 942/1847/830
f 2160/1884/853 2150/1757/785 2149/1885/799
f 2147/1741/782 2159/1857/835 2158/1886/852
f 2154/1887/831 2189/1888/846 2190/1889/773
f 1983/1759/786 1984/1840/828 1985/1859/837
f 2160/1884/853 2162/1816/818 2150/1757/785
f 944/1890/854 1071/1891/854 1048/1892/854
f 2157/1893/855 2119/1286/561 2152/1825/821
f 1190/1894/856 1187/1849/832 1189/1874/848
f 2577/1895/857 2576/1549/683 2574/1690/753
f 2654/1877/790 2645/1582/640 2652/1805/810
f 943/1896/858 939/1897/858 944/1898/858
f 1341/1560/690 1330/1409/614 1329/1385/605
f 2152/1825/821 2155/1899/859 2157/1893/855
f 945/1900/860 1003/1901/744 1058/1902/762
f 2151/1736/780 2156/1903/861 2152/1825/821
f 1067/1904/803 1075/1905/841 1077/1906/720
f 2157/1893/855 2134/1750/711 2119/1286/561
f 2830/1907/750 2832/1908/862 2846/1909/703
f 2650/1710/766 2647/1670/742 2655/1910/863
f 1054/1713/745 1063/1789/802 1076/1862/840
f 1073/1911/864 1068/1836/797 1062/1835/827
f 2156/1912/861 2151/1913/780 2162/1914/818
f 2833/1915/865 2830/1907/750 2834/1916/791
f 1004/1917/838 944/1918/866 1048/1919/849
f 1185/1823/820 1184/1822/819 1196/1920/867
f 1343/1876/748 1035/1636/601 1401/1638/673
f 1128/1868/844 1127/1867/784 1130/1921/868
f 2154/1922/869 2134/1923/869 2157/1924/869
f 2189/1870/846 1984/1839/828 2144/1722/774
f 2653/1925/842 2834/1926/791 2835/1927/777
f 2160/1884/853 2149/1885/799 2158/1928/852
f 2647/1670/742 2588/1719/771 2655/1910/863
f 942/1847/830 946/1929/870 950/1881/850
f 941/1824/815 1188/1865/843 954/1930/871
f 942/1847/830 1003/1672/744 946/1929/870
f 2830/1907/750 2833/1915/865 2832/1908/862
f 937/1800/807 950/1881/850 951/1828/824
f 2568/1931/776 1523/1932/530 2570/1933/609
f 1345/1934/758 1189/1874/848 1346/1935/761
f 1007/1936/872 945/1900/860 1058/1902/762
f 1004/1937/838 943/1938/836 944/1939/866
f 941/1940/815 954/1941/871 953/1942/873
f 2159/1943/835 2153/1833/805 2138/1681/722
f 2654/1944/790 2652/1805/810 2659/1945/874
f 1079/1946/875 1066/1808/813 1074/1723/775
f 2653/1925/842 2833/1915/865 2834/1926/791
f 1986/1947/876 1987/1948/877 1988/1949/878
f 1196/1920/867 1188/1865/843 1185/1823/820
f 2156/1912/861 2162/1914/818 2161/1950/879
f 1358/1951/880 1334/1952/645 2195/1953/747
f 2152/1825/821 2156/1903/861 2155/1899/859
f 1037/1796/663 1066/1954/881 1063/1789/802
f 1184/1822/819 1187/1849/832 1190/1894/856
f 1986/1947/876 2009/1955/882 1989/1956/883
f 1987/1948/877 1986/1947/876 1989/1956/883
f 946/1957/870 1004/1937/838 950/1958/850
f 2138/1681/722 2128/1959/670 2165/1960/884
f 1347/1708/765 1348/1815/817 1352/1961/885
f 1986/1947/876 1988/1949/878 1990/1962/886
f 2159/1943/835 2138/1681/722 2163/1963/887
f 1353/1964/888 2200/1965/888 1356/1966/888
f 954/1930/871 1188/1865/843 1196/1920/867
f 1142/1967/889 1131/1968/889 1125/1969/889
f 1350/1838/760 1346/1935/761 1189/1874/848
f 946/1929/870 1003/1672/744 947/1970/890
f 938/1971/809 1004/1937/838 946/1957/870
f 943/1938/836 1004/1937/838 938/1971/809
f 2578/1972/891 2576/1973/683 2577/1974/857
f 1130/1921/868 1127/1867/784 1178/1975/816
f 1347/1708/765 1352/1961/885 1349/1826/822
f 971/1976/892 1062/1806/811 938/1802/809
f 1986/1977/876 1990/1978/886 1991/1979/893
f 2659/1980/874 2653/1864/842 2654/1764/790
f 1991/1979/893 1992/1981/894 1986/1977/876
f 1184/1822/819 1190/1894/856 1191/1982/895
f 1072/1983/896 1071/1984/896 948/1985/896
f 1984/1839/828 2189/1870/846 1985/1986/837
f 1987/1948/877 1989/1956/883 1993/1987/897
f 950/1958/850 1004/1937/838 949/1988/898
f 1987/1948/877 1994/1989/899 1988/1949/878
f 950/1990/900 958/1991/900 951/1992/900
f 941/1940/815 953/1942/873 952/1993/901
f 938/1971/809 946/1957/870 947/1994/890
f 1329/1995/605 1354/1996/902 1341/1846/690
f 1180/1785/800 951/1828/824 958/1997/903
f 2163/1963/887 2138/1681/722 2165/1960/884
f 2158/1998/852 2159/1999/835 2160/2000/853
f 1192/2001/904 1193/2002/905 954/2003/871
f 1178/2004/816 1179/2005/737 1132/2006/906
f 1126/1714/769 1129/1856/834 1133/2007/907
f 2191/2008/908 2192/2009/909 2156/1903/861
f 2165/2010/884 2162/2011/818 2160/2012/853
f 1988/1949/878 1995/2013/910 1990/1962/886
f 1071/2014/845 1072/2015/911 1074/2016/775
f 2165/2017/912 2161/2018/912 2162/2019/912
f 2160/2000/853 2159/1999/835 2163/2020/887
f 2009/2021/882 1986/1977/876 1996/2022/913
f 1996/2022/913 1997/2023/914 2009/2021/882
f 1125/1866/749 1128/1868/844 1134/2024/915
f 2191/2025/908 2165/1960/884 2128/1959/670
f 1075/2026/841 1076/2027/840 1077/2028/720
f 1992/1981/894 1996/2022/913 1986/1977/876
f 2161/2029/879 2191/2008/908 2156/1903/861
f 2846/1909/703 2832/1908/862 2836/2030/916
f 953/2031/873 954/2032/871 1193/2033/905
f 1995/2013/910 1991/2034/893 1990/1962/886
f 2160/2012/853 2163/2035/887 2165/2010/884
f 1363/2036/917 1344/1753/757 1349/1826/822
f 1005/2037/825 955/2038/918 1004/2039/838
f 1062/2040/919 971/2041/919 1073/2042/919
f 955/2038/918 949/2043/898 1004/2039/838
f 952/2044/920 1006/2045/920 941/2046/920
f 1130/1921/868 1178/1975/816 1135/2047/921
f 1006/2048/922 1005/1829/825 941/1813/815
f 2574/1690/753 2648/1737/763 2583/2049/923
f 1077/2050/924 1348/2051/924 1047/2052/924
f 2192/2009/909 2155/1899/859 2156/1903/861
f 2577/1895/857 2574/1690/753 2583/2053/923
f 1987/1948/877 1993/1987/897 1998/2054/925
f 1523/1932/530 2568/1931/776 2573/2055/402
f 1125/1866/749 1134/2024/915 1142/2056/926
f 1191/1982/895 1196/1920/867 1184/1822/819
f 2837/2057/927 2833/1915/865 2653/1925/842
f 1078/2058/928 1076/1862/840 1063/1789/802
f 952/1993/901 953/1942/873 956/2059/929
f 1989/1956/883 2009/1955/882 1999/2060/930
f 1993/1987/897 1989/1956/883 1999/2060/930
f 1987/1948/877 1998/2054/925 1994/1989/899
f 1068/2061/931 1073/2062/931 1072/2063/931
f 950/1958/850 957/2064/932 958/2065/903
f 2164/2066/933 2191/2025/908 2128/1959/670
f 1996/2022/913 2000/2067/934 1997/2023/914
f 959/2068/935 1180/1785/800 960/2069/936
f 2191/2070/908 2164/2071/933 2192/2072/909
f 1349/1826/822 1352/1961/885 1363/2036/917
f 2165/2073/884 2191/2008/908 2161/2029/879
f 2157/2074/855 2166/2075/937 2154/2076/831
f 1286/2077/938 1996/2022/913 1992/1981/894
f 1329/1995/605 1353/2078/680 1355/2079/939
f 1355/2079/939 1353/2078/680 1356/2080/940
f 2833/1915/865 2837/2057/927 2838/2081/941
f 2192/2009/909 2157/2082/855 2155/1899/859
f 2000/2067/934 1996/2022/913 1286/2077/938
f 1992/1981/894 1991/1979/893 2001/2083/942
f 2838/2081/941 2832/1908/862 2833/1915/865
f 1278/2084/943 1190/1894/856 1189/1874/848
f 1063/1789/802 1066/1954/881 1082/2085/944
f 1193/2086/905 1192/2087/904 1200/2088/945
f 1003/1901/744 945/1900/860 947/2089/890
f 1180/2090/800 959/2091/935 1179/2005/737
f 1994/2092/899 1998/2093/925 2002/2094/946
f 2576/2095/683 2578/2096/891 2579/2097/947
f 1988/1949/878 1994/1989/899 2002/2098/946
f 2154/2076/831 2166/2075/937 2172/2099/948
f 971/2100/892 938/1971/809 947/1994/890
f 2838/2081/941 2836/2101/916 2832/1908/862
f 1076/2027/840 1078/2102/928 1077/2028/720
f 1007/2103/872 1058/1705/762 1060/1755/767
f 1153/2104/949 1131/2105/949 1142/2106/949
f 1982/1720/772 1985/1859/837 2003/2107/950
f 1129/1856/834 1131/2108/808 1153/2109/951
f 1345/1934/758 1194/2110/952 1189/1874/848
f 2584/2111/953 2648/1706/763 1982/1720/772
f 2004/2112/954 1991/2034/893 1995/2013/910
f 950/1958/850 949/1988/898 957/2064/932
f 2648/1706/763 2584/2111/953 2583/2113/923
f 2580/2114/955 2581/2115/956 2575/2116/698
f 961/2117/957 955/2038/918 1005/2037/825
f 1357/2118/958 1355/2079/939 1356/2080/940
f 2652/1805/810 2656/2119/959 2659/1945/874
f 1200/2088/945 1195/2120/960 1193/2086/905
f 1195/2121/961 963/2122/961 1193/2123/961
f 1286/2077/938 1992/1981/894 1285/2124/962
f 1196/2125/867 1192/2001/904 954/2003/871
f 1991/1979/893 2005/2126/963 2001/2083/942
f 2651/1771/793 2650/1710/766 2657/2127/964
f 1988/1949/878 2002/2098/946 2006/2128/965
f 1129/1856/834 1153/2109/951 1133/2007/907
f 1005/2037/825 1006/2129/922 961/2117/957
f 2579/2097/947 2582/2130/966 2575/2116/698
f 947/1994/890 969/2131/967 971/2100/892
f 1190/1894/856 1213/2132/968 1191/1982/895
f 1341/1846/690 1372/2133/969 1351/1844/812
f 2157/2074/855 2192/2072/909 2166/2075/937
f 1995/2013/910 1988/1949/878 2004/2112/954
f 1285/2124/962 1284/2134/970 1286/2077/938
f 2655/1910/863 2657/2127/964 2650/1710/766
f 1072/2015/911 1073/2135/971 1074/2016/775
f 960/2069/936 1180/1785/800 958/1997/903
f 953/2031/873 1193/2033/905 963/2136/972
f 1348/1815/817 1363/2036/917 1352/1961/885
f 2646/2137/735 2575/2116/698 2581/2115/956
f 1126/1714/769 981/2138/973 1060/1711/767
f 2652/1805/810 2651/1771/793 2658/2139/974
f 1192/2140/975 1197/2141/975 1199/2142/975
f 1178/2004/816 1132/2006/906 1136/2143/976
f 2579/2097/947 2575/2116/698 2576/2095/683
f 1134/2024/915 1128/1868/844 1130/1921/868
f 1286/2077/938 2007/2144/977 2000/2067/934
f 2145/2145/704 2164/2066/933 2128/1959/670
f 957/2146/932 949/2043/898 965/2147/978
f 1358/2148/880 2200/1701/759 1334/1777/645
f 1200/2149/945 1198/2150/979 1195/2151/960
f 1178/1975/816 1136/2152/976 1135/2047/921
f 1198/2150/979 1200/2149/945 1199/2153/980
f 2584/2111/953 1982/1720/772 2003/2107/950
f 1278/2084/943 1189/1874/848 1194/2110/952
f 969/2154/981 947/2155/981 945/2156/981
f 963/2136/972 956/2157/929 953/2031/873
f 1993/1987/897 1999/2060/930 2008/2158/982
f 1082/2159/983 1066/2160/983 1079/2161/983
f 1999/2060/930 2009/2162/882 2050/2163/984
f 1192/2164/985 1199/2165/985 1200/2166/985
f 1359/2167/986 1194/2168/952 1345/2169/758
f 1130/1921/868 1135/2047/921 1137/2170/987
f 1985/1859/837 2189/2171/846 2168/2172/988
f 2575/2116/698 2582/2130/966 2580/2114/955
f 1344/2173/989 1359/2174/989 1345/2175/989
f 2578/1972/891 2577/1974/857 2583/2176/923
f 2659/1980/874 2837/2177/927 2653/1864/842
f 1344/1753/757 1363/2036/917 1359/2178/986
f 1285/2124/962 1992/1981/894 2019/2179/990
f 1354/1996/902 1329/1995/605 1355/2079/939
f 1063/1789/802 1082/2085/944 1078/2180/928
f 2171/2181/991 2166/2075/937 2192/2072/909
f 1284/2182/970 1285/2183/962 2017/2184/992
f 2189/1888/846 2154/1887/831 2168/2185/988
f 2586/2186/993 2578/2187/891 2010/2188/994
f 2578/2187/891 2584/2189/953 2010/2188/994
f 2007/2190/977 1286/2191/938 1284/2182/970
f 962/2192/995 965/2147/978 949/2043/898
f 1992/1981/894 2001/2083/942 2019/2179/990
f 2009/2162/882 1997/2193/914 2050/2163/984
f 2578/2194/996 2583/2195/996 2584/2196/996
f 1060/2197/767 981/2198/973 1007/2199/872
f 1196/1920/867 1191/1982/895 1201/2200/997
f 1077/2028/720 1078/2102/928 1348/2201/817
f 2006/2128/965 2004/2112/954 1988/1949/878
f 2167/2202/998 2168/2185/988 2154/1887/831
f 2579/2097/947 2578/2096/891 2585/2203/999
f 1145/2204/1000 1142/2056/926 1134/2024/915
f 1197/2205/1001 1192/2001/904 1196/2125/867
f 2836/2206/916 2145/1591/704 2846/1590/703
f 963/2207/972 1195/2208/1002 964/2209/1003
f 2172/2210/948 2167/2202/998 2154/1887/831
f 2578/2096/891 2586/2211/993 2585/2203/999
f 949/2043/898 955/2038/918 962/2192/995
f 2584/2189/953 2003/2212/950 2011/2213/1004
f 1991/2034/893 2004/2112/954 2049/2214/1005
f 2167/2215/1006 2176/2216/1006 2168/2217/1006
f 1130/1921/868 1138/2218/1007 1134/2024/915
f 958/1997/903 957/2219/932 965/2220/978
f 2012/2221/1008 2010/2188/994 2011/2213/1004
f 1073/2222/1009 971/2223/1009 1080/2224/1009
f 2584/2189/953 2011/2213/1004 2010/2188/994
f 1202/2225/1010 1198/2150/979 1199/2153/980
f 2168/2172/988 2003/2107/950 1985/1859/837
f 2593/2226/1011 2655/1910/863 2588/1719/771
f 1993/1987/897 2008/2158/982 1998/2054/925
f 2570/1396/609 1402/1791/743 1360/2227/1012
f 1198/2228/1013 964/2229/1013 1195/2230/1013
f 1999/2060/930 2050/2163/984 2013/2231/1014
f 2145/2232/704 2169/2233/1015 2164/2071/933
f 966/2234/1016 962/2192/995 955/2038/918
f 2005/2126/963 1991/1979/893 2049/2235/1005
f 2010/2188/994 2012/2221/1008 2197/2236/1017
f 1998/2093/925 2170/2237/1018 2002/2094/946
f 1351/1807/812 1361/2238/1019 1343/1683/748
f 1191/2239/895 1203/2240/1020 1201/2241/997
f 2197/2236/1017 2586/2186/993 2010/2188/994
f 1343/1876/748 1362/2242/1021 1402/1671/743
f 2579/2097/947 2585/2203/999 2582/2130/966
f 1142/2056/926 1145/2204/1000 1143/2243/1022
f 2646/2137/735 2587/2244/1023 2588/2245/771
f 966/2234/1016 955/2038/918 961/2117/957
f 1079/2246/875 1074/2016/775 1073/2135/971
f 2166/2247/1024 2171/2248/1024 2172/2249/1024
f 1191/1982/895 1213/2132/968 1203/2250/1020
f 1198/2150/979 974/2251/1025 964/2252/1003
f 2014/2253/1026 2005/2126/963 2049/2235/1005
f 2017/2184/992 1287/2254/1027 1284/2182/970
f 2000/2067/934 2007/2144/977 2015/2255/1028
f 1132/2006/906 1139/2256/1029 1136/2143/976
f 2567/1597/710 2569/2257/1030 2195/1793/747
f 2164/2071/933 2169/2233/1015 2192/2072/909
f 1132/2006/906 1179/2005/737 959/2091/935
f 1199/2153/980 1204/2258/1031 1202/2225/1010
f 2168/2259/988 2011/2213/1004 2003/2212/950
f 2172/2210/948 2463/2260/1032 2167/2202/998
f 2014/2253/1026 2001/2083/942 2005/2126/963
f 1134/2024/915 1140/2261/1033 1145/2204/1000
f 1999/2060/930 2013/2231/1014 2008/2158/982
f 1135/2047/921 1136/2152/976 1141/2262/1034
f 2012/2221/1008 2016/2263/1035 2197/2236/1017
f 1199/2264/980 1197/2265/1001 1204/2266/1031
f 1142/2267/1036 1143/2268/1036 1153/2269/1036
f 2585/2270/999 2586/2271/993 2026/2272/1037
f 2652/1805/810 2658/2139/974 2656/2119/959
f 1341/1846/690 1354/1996/902 1372/2133/969
f 966/2234/1016 961/2117/957 967/2273/1038
f 2017/2274/992 1285/2124/962 2019/2179/990
f 2006/2128/965 1895/2275/1039 2004/2112/954
f 2011/2213/1004 2168/2259/988 2018/2276/1040
f 2659/2277/874 2838/2278/941 2837/2279/927
f 1130/1921/868 1137/2170/987 1138/2218/1007
f 2581/2115/956 2580/2114/955 2589/2280/1041
f 2838/2081/941 2169/2281/1015 2836/2101/916
f 2145/2282/1042 2836/2283/1042 2169/2284/1042
f 2004/2285/954 1895/2286/1039 1896/2287/1043
f 2838/2278/941 2659/2277/874 2171/2288/991
f 1006/2129/922 952/1993/901 968/2289/1044
f 1007/1936/872 969/2290/967 945/1900/860
f 2176/2291/1045 2167/2202/998 2174/2292/1046
f 2011/2213/1004 2016/2263/1035 2012/2221/1008
f 1202/2225/1010 974/2251/1025 1198/2150/979
f 1080/2293/1047 1079/2246/875 1073/2135/971
f 961/2117/957 970/2294/1048 967/2273/1038
f 969/2295/967 1080/2296/1047 971/2297/892
f 1081/2298/1049 1078/2102/928 1082/2299/944
f 2049/2214/1005 2004/2112/954 1896/2300/1043
f 963/2207/972 964/2209/1003 972/2301/1050
f 965/2220/978 973/2302/1051 958/1997/903
f 1137/2170/987 1135/2047/921 1144/2303/1052
f 2017/2304/992 2019/2305/990 2031/2306/1053
f 1358/2307/1054 2196/2308/1054 2200/2309/1054
f 1140/2261/1033 1134/2024/915 1138/2218/1007
f 970/2294/1048 961/2117/957 1006/2129/922
f 1363/2310/917 1348/2311/817 1083/2312/1055
f 2020/2313/1056 2019/2305/990 2001/2083/942
f 1348/2201/817 1078/2102/928 1081/2298/1049
f 1358/1951/880 2195/1953/747 2196/2314/1057
f 1144/2303/1052 1135/2047/921 1141/2262/1034
f 2590/2315/1058 2589/2280/1041 2580/2114/955
f 2463/2260/1032 2174/2292/1046 2167/2202/998
f 2006/2316/1059 2002/2317/1059 1972/2318/1059
f 2031/2306/1053 2019/2305/990 2020/2313/1056
f 2659/2319/874 2656/2320/959 2663/2321/1060
f 2014/2253/1026 2020/2313/1056 2001/2083/942
f 1145/2322/1000 1146/2323/1061 1143/2324/1022
f 2171/2181/991 2192/2072/909 2169/2233/1015
f 2171/2325/991 2169/2281/1015 2838/2081/941
f 969/2290/967 1007/1936/872 980/2326/1062
f 1284/2182/970 1288/2327/1063 2007/2190/977
f 2050/2328/984 2000/2067/934 2024/2329/1064
f 2591/2330/1065 2646/2137/735 2581/2115/956
f 2570/2331/1066 1360/2332/1066 2206/2333/1066
f 972/2334/1050 964/2335/1003 974/2336/1025
f 2000/2067/934 2050/2328/984 1997/2023/914
f 1348/2201/817 1081/2298/1049 1083/2337/1055
f 1139/2256/1029 1132/2006/906 1147/2338/1067
f 2659/2319/874 2663/2321/1060 2661/2339/1068
f 956/2059/929 968/2289/1044 952/1993/901
f 2567/1597/710 2568/1726/776 2569/2340/1030
f 1343/1876/748 1361/2341/1019 1362/2242/1021
f 2569/2342/1069 2196/2343/1069 2195/2344/1069
f 958/1997/903 973/2302/1051 960/2069/936
f 2658/2139/974 2660/2345/1070 2656/2119/959
f 2000/2067/934 2015/2346/1028 2024/2329/1064
f 1202/2225/1010 1207/2347/1071 1205/2348/1072
f 2651/1771/793 2657/2127/964 2658/2139/974
f 1206/2349/1073 1213/2350/968 1190/2351/856
f 1137/2352/1074 1148/2353/1074 1149/2354/1074
f 975/2355/1075 956/2157/929 963/2136/972
f 2006/2356/965 1972/2357/1076 1897/2358/1077
f 2582/2130/966 2592/2359/1078 2580/2114/955
f 2014/2253/1026 2049/2235/1005 2029/2360/1079
f 1136/2152/976 1139/2361/1029 1141/2262/1034
f 1363/2310/917 1194/2168/952 1359/2167/986
f 2176/2362/1045 2175/2363/1080 2168/2259/988
f 1196/2364/867 1214/2365/1081 1197/2366/1001
f 2026/2272/1037 2586/2271/993 2197/2367/1017
f 1902/2368/1082 1914/2369/1082 1898/2370/1082
f 2021/2371/1083 2197/2236/1017 2016/2263/1035
f 1137/2372/987 1150/2373/1084 1138/2374/1007
f 2021/2371/1083 2015/2375/1028 2197/2236/1017
f 2661/2376/1068 2171/2288/991 2659/2277/874
f 2587/2244/1023 2593/2377/1011 2588/2245/771
f 2022/2378/1085 2018/2276/1040 2175/2363/1080
f 1896/2287/1043 1895/2286/1039 2006/2356/965
f 2197/2236/1017 2015/2375/1028 2199/2379/1086
f 2007/2380/977 2199/2379/1086 2015/2375/1028
f 1902/2381/1087 1898/2382/1088 1912/2383/1089
f 2569/2384/1090 2568/2385/1090 2204/2386/1090
f 1206/2349/1073 1190/2351/856 1278/2387/943
f 1144/2303/1052 1141/2262/1034 1151/2388/1091
f 1150/2373/1084 1137/2372/987 1149/2389/1092
f 2592/2359/1078 2582/2130/966 2026/2390/1037
f 2011/2213/1004 2018/2276/1040 2023/2391/1093
f 2026/2390/1037 2582/2130/966 2585/2203/999
f 1204/2258/1031 1207/2347/1071 1202/2225/1010
f 1284/2182/970 1287/2254/1027 1288/2327/1063
f 1145/2204/1000 1140/2261/1033 1152/2392/1094
f 2173/2393/1095 2170/2237/1018 1998/2093/925
f 1079/2246/875 1084/2394/1096 1082/2299/944
f 1355/2079/939 1357/2118/958 1354/1996/902
f 2008/2158/982 2193/2395/1097 1998/2054/925
f 1081/2298/1049 1082/2299/944 1085/2396/1098
f 2024/2397/1064 2015/2375/1028 2021/2371/1083
f 2463/2260/1032 2172/2210/948 2171/2398/1099
f 1080/2293/1047 1084/2394/1096 1079/2246/875
f 1207/2399/1071 1204/2266/1031 1197/2265/1001
f 1202/2225/1010 1205/2348/1072 1208/2400/1100
f 2175/2363/1080 2018/2276/1040 2168/2259/988
f 2198/2401/1101 1356/2402/1102 2200/2403/1103
f 2589/2280/1041 2591/2330/1065 2581/2115/956
f 2174/2404/1046 2175/2405/1080 2176/2406/1045
f 1287/2254/1027 1289/2407/1104 1290/2408/1105
f 2017/2184/992 1289/2407/1104 1287/2254/1027
f 965/2147/978 962/2192/995 973/2409/1051
f 2025/2410/1106 2008/2158/982 2013/2231/1014
f 1132/2006/906 959/2091/935 1147/2338/1067
f 1144/2303/1052 1148/2411/1107 1137/2170/987
f 1914/2412/1108 1899/2413/1109 1898/2414/1110
f 1287/2254/1027 1290/2408/1105 1288/2327/1063
f 1291/2415/1111 2017/2416/992 2031/2417/1053
f 2029/2418/1079 2049/2419/1005 1896/2420/1043
f 2026/2421/1037 2197/2236/1017 2199/2379/1086
f 1202/2225/1010 1208/2400/1100 974/2251/1025
f 2050/2328/984 2024/2329/1064 2027/2422/1112
f 1372/2133/969 1365/2423/1113 1351/1844/812
f 1143/2424/1114 1156/2425/1114 1153/2426/1114
f 2023/2391/1093 2018/2276/1040 2022/2378/1085
f 2199/2427/1086 2007/2190/977 1288/2327/1063
f 1902/2428/1087 1909/2429/1115 1907/2430/1116
f 1197/2265/1001 1209/2431/1117 1207/2399/1071
f 2021/2371/1083 2016/2263/1035 2024/2397/1064
f 2016/2263/1035 2011/2213/1004 2023/2391/1093
f 1206/2349/1073 1278/2387/943 1210/2432/1118
f 1364/2433/1119 1194/2168/952 1363/2310/917
f 1907/2430/1116 1903/2434/1120 1902/2428/1087
f 1213/2350/968 1206/2349/1073 1211/2435/1121
f 2198/2436/1101 2026/2437/1037 2199/2438/1086
f 1007/2199/872 981/2198/973 980/2439/1062
f 1898/2440/1122 1899/2441/1122 1973/2442/1122
f 2171/2443/1123 2661/2444/1123 2463/2445/1123
f 1896/2287/1043 2006/2356/965 1897/2358/1077
f 976/2446/1124 959/2068/935 960/2069/936
f 1213/2350/968 1211/2435/1121 1212/2447/1125
f 1203/2448/1126 1213/2449/1126 1212/2450/1126
f 972/2334/1050 974/2336/1025 1215/2451/1127
f 2193/2395/1097 2008/2158/982 2025/2410/1106
f 1900/2452/1128 1898/2382/1088 1973/2453/1129
f 1912/2383/1089 1898/2382/1088 1900/2452/1128
f 1138/2218/1007 1167/2454/1130 1140/2261/1033
f 2050/2455/984 2032/2456/1131 2013/2231/1014
f 2600/2457/1132 2657/2127/964 2655/1910/863
f 1902/2458/1087 1913/2459/1133 1909/2460/1115
f 1209/2461/1117 1197/2366/1001 1214/2365/1081
f 1289/2407/1104 1292/2462/1134 1290/2408/1105
f 1901/2463/1135 1907/2430/1116 1909/2429/1115
f 1914/2412/1108 1919/2464/1136 1899/2413/1109
f 2030/2465/1137 2020/2466/1137 2014/2467/1137
f 1914/2468/1138 1902/2469/1138 1903/2470/1138
f 2590/2315/1058 2580/2114/955 2592/2359/1078
f 1215/2471/1127 963/2207/972 972/2301/1050
f 1146/2323/1061 1156/2472/1139 1143/2324/1022
f 2199/2438/1086 1356/2473/1102 2198/2436/1101
f 962/2192/995 977/2474/1140 973/2409/1051
f 970/2294/1048 1006/2129/922 978/2475/1141
f 1201/2200/997 1214/2476/1081 1196/1920/867
f 2570/2477/609 2204/2478/1142 2568/2479/776
f 1209/2431/1117 1229/2480/1143 1207/2399/1071
f 2177/2481/1144 1972/2482/1076 2002/2483/946
f 1973/2453/1129 1904/2484/1145 1900/2452/1128
f 1900/2452/1128 1906/2485/1146 1912/2383/1089
f 1905/2486/1147 1912/2487/1089 1906/2488/1146
f 1365/2489/1113 1361/2238/1019 1351/1807/812
f 2177/2490/1144 2002/2094/946 2170/2237/1018
f 1911/2491/1148 1903/2492/1120 1907/2493/1116
f 1908/2494/1149 2177/2481/1144 2170/2495/1018
f 2662/2496/1150 2658/2139/974 2657/2127/964
f 968/2289/1044 978/2475/1141 1006/2129/922
f 1357/2497/1151 1356/2498/1151 1367/2499/1151
f 1154/2500/1152 1147/2338/1067 959/2091/935
f 1144/2303/1052 1151/2388/1091 1148/2411/1107
f 975/2501/1075 968/2289/1044 956/2059/929
f 1288/2327/1063 1290/2408/1105 1370/2502/1153
f 962/2192/995 966/2234/1016 977/2474/1140
f 2024/2397/1064 2016/2263/1035 2027/2503/1112
f 1899/2413/1109 1915/2504/1154 1973/2505/1129
f 1901/2506/1135 1909/2507/1115 1910/2508/1155
f 1901/2509/1156 1911/2510/1156 1907/2511/1156
f 2029/2418/1079 1896/2420/1043 1709/2512/1157
f 1357/2118/958 1372/2133/969 1354/1996/902
f 1912/2513/1089 1913/2459/1133 1902/2458/1087
f 960/2069/936 973/2302/1051 979/2514/1158
f 2663/2515/1060 2656/2119/959 2664/2516/1159
f 1126/1714/769 1133/2007/907 1155/2517/1160
f 974/2251/1025 984/2518/1161 1215/2519/1127
f 2201/2520/1162 2200/2521/1162 2196/2522/1162
f 2028/2523/1163 2016/2263/1035 2023/2391/1093
f 1912/2487/1089 1905/2486/1147 1913/2524/1133
f 2660/2345/1070 2664/2516/1159 2656/2119/959
f 2199/2427/1086 1288/2327/1063 1293/2525/1164
f 2200/2526/1103 2201/2527/1165 2198/2436/1101
f 2206/2528/1166 1360/2529/1166 1366/2530/1166
f 969/2295/967 980/2531/1062 1080/2296/1047
f 1153/2109/951 1156/2532/1139 1133/2007/907
f 1148/2533/1107 1157/2534/1167 1149/2389/1092
f 1149/2389/1092 1157/2534/1167 1150/2373/1084
f 1216/2535/1168 1278/2387/943 1194/2536/952
f 1279/2537/1169 1214/2476/1081 1201/2200/997
f 2463/2538/1032 2178/2539/1170 2174/2404/1046
f 1973/2540/1129 1916/2541/1171 1908/2494/1149
f 1360/2227/1012 1402/1791/743 1366/2542/1172
f 2570/2477/609 2206/2543/1173 2204/2478/1142
f 1139/2256/1029 1147/2338/1067 1158/2544/1174
f 1207/2347/1071 1229/2545/1143 1205/2348/1072
f 1356/2546/1102 2199/2547/1086 1367/2548/1175
f 1903/2492/1120 1911/2491/1148 1925/2549/1176
f 1914/2550/1177 1903/2551/1177 1924/2552/1177
f 2029/2553/1178 2030/2554/1178 2014/2555/1178
f 1201/2241/997 1212/2556/1179 1217/2557/1180
f 2665/2558/1181 2658/2139/974 2662/2496/1150
f 2016/2263/1035 2028/2523/1163 2027/2503/1112
f 2600/2457/1132 2662/2496/1150 2657/2127/964
f 2196/2559/1182 2569/2560/1182 2201/2561/1182
f 1904/2562/1145 1973/2540/1129 1908/2494/1149
f 1909/2507/1115 1913/2524/1133 1905/2486/1147
f 1910/2563/1155 1911/2491/1148 1901/2564/1135
f 1357/2118/958 1367/2565/1175 1368/2566/1183
f 2017/2416/992 1291/2415/1111 1289/2567/1104
f 1208/2400/1100 984/2518/1161 974/2251/1025
f 1904/2562/1145 2170/2495/1018 2173/2568/1095
f 2177/2481/1144 1908/2494/1149 1916/2541/1171
f 1973/2569/1129 1915/2570/1154 1916/2571/1171
f 2170/2495/1018 1904/2562/1145 1908/2494/1149
f 2664/2516/1159 2661/2572/1068 2663/2515/1060
f 1915/2504/1154 1899/2413/1109 1919/2464/1136
f 1217/2573/1180 1279/2574/1169 1201/2575/997
f 2198/2436/1101 2594/2576/1184 2026/2437/1037
f 2591/2330/1065 2587/2244/1023 2646/2137/735
f 1294/2577/1185 1291/2415/1111 2031/2417/1053
f 1900/2452/1128 1917/2578/1186 1906/2485/1146
f 2661/2579/1068 2464/2580/1187 2463/2581/1032
f 1919/2582/1188 1914/2583/1188 1924/2584/1188
f 1909/2507/1115 1905/2486/1147 1910/2508/1155
f 2199/2547/1086 1368/2585/1183 1367/2548/1175
f 2198/2436/1101 2202/2586/1189 2594/2576/1184
f 1972/2482/1076 2177/2481/1144 1916/2541/1171
f 963/2136/972 1215/2587/1127 975/2355/1075
f 1368/2588/1183 2199/2589/1086 1293/2590/1164
f 968/2289/1044 975/2501/1075 1250/2591/1190
f 1203/2240/1020 1212/2556/1179 1201/2241/997
f 2175/2405/1080 2174/2404/1046 2178/2539/1170
f 1229/2545/1143 1218/2592/1191 1205/2348/1072
f 2030/2593/1192 1630/2594/1193 2020/2595/1056
f 2050/2328/984 2027/2422/1112 2028/2596/1163
f 2034/2597/1194 2023/2391/1093 2022/2378/1085
f 2020/2595/1056 1630/2594/1193 2031/2598/1053
f 1911/2491/1148 1910/2563/1155 1918/2599/1195
f 2034/2597/1194 2028/2523/1163 2023/2391/1093
f 980/2600/1062 981/2601/973 1080/2602/1047
f 1159/2603/1196 1156/2472/1139 1146/2323/1061
f 2025/2410/1106 2013/2231/1014 2032/2456/1131
f 1084/2394/1096 1085/2396/1098 1082/2299/944
f 1209/2431/1117 1214/2604/1081 1279/2574/1169
f 1293/2525/1164 1288/2327/1063 1370/2502/1153
f 2201/2605/1197 2569/2606/1197 2202/2607/1197
f 2193/2608/1097 2173/2393/1095 1998/2093/925
f 2028/2596/1163 2032/2609/1131 2050/2328/984
f 1126/1714/769 1155/2517/1160 981/2138/973
f 1141/2262/1034 1165/2610/1198 1151/2388/1091
f 966/2234/1016 967/2273/1038 982/2611/1199
f 2198/2436/1101 2201/2527/1165 2202/2586/1189
f 1208/2400/1100 1205/2348/1072 1218/2592/1191
f 959/2091/935 976/2612/1124 1154/2500/1152
f 2178/2613/1170 2022/2378/1085 2175/2363/1080
f 1972/2357/1076 1916/2614/1171 1897/2358/1077
f 1317/2615/1200 1370/2502/1153 1290/2408/1105
f 1369/2616/1201 2205/2617/1202 1402/1671/743
f 1220/2618/1203 1217/2557/1180 1212/2556/1179
f 2204/2619/1142 2202/2586/1189 2569/2620/1204
f 1216/2535/1168 1210/2432/1118 1278/2387/943
f 1141/2262/1034 1139/2361/1029 1165/2610/1198
f 1906/2485/1146 1917/2578/1186 1933/2621/1205
f 1917/2578/1186 1900/2452/1128 1904/2484/1145
f 2664/2516/1159 2680/2622/1206 2661/2623/1068
f 1357/2118/958 1368/2566/1183 1372/2133/969
f 1919/2624/1136 1920/2625/1207 1915/2626/1154
f 2594/2627/1184 2592/2359/1078 2026/2390/1037
f 2594/2627/1184 2263/2628/1208 2592/2359/1078
f 978/2475/1141 983/2629/1209 970/2294/1048
f 1925/2549/1176 1911/2491/1148 1918/2599/1195
f 1294/2630/1210 2031/2631/1210 2033/2632/1210
f 2680/2633/1206 2464/2634/1187 2661/2635/1068
f 1920/2636/1211 1919/2637/1211 1924/2638/1211
f 2464/2580/1187 2179/2639/1212 2463/2581/1032
f 1362/2242/1021 1369/2616/1201 1402/1671/743
f 2600/2457/1132 2655/1910/863 2593/2226/1011
f 1215/2587/1127 984/2640/1161 975/2355/1075
f 1921/2641/1213 1897/2358/1077 1916/2642/1171
f 1293/2590/1164 1370/2643/1153 1376/2644/1214
f 1145/2322/1000 1160/2645/1215 1146/2323/1061
f 2031/2646/1216 1630/2647/1216 2033/2648/1216
f 1158/2544/1174 1147/2338/1067 1154/2500/1152
f 1904/2484/1145 1922/2649/1217 1917/2578/1186
f 2463/2538/1032 2179/2650/1212 2184/2651/1218
f 984/2652/1161 1250/2653/1190 975/2654/1075
f 1236/2655/1219 978/2475/1141 968/2289/1044
f 1208/2400/1100 1218/2592/1191 984/2518/1161
f 2051/2656/1220 2028/2523/1163 2034/2597/1194
f 2025/2410/1106 1929/2657/1221 2193/2395/1097
f 1923/2658/1222 1709/2659/1157 1896/2287/1043
f 973/2409/1051 977/2474/1140 985/2660/1223
f 2051/2656/1220 2037/2661/1224 2028/2523/1163
f 973/2409/1051 985/2660/1223 979/2662/1158
f 1915/2626/1154 1920/2625/1207 1928/2663/1225
f 1925/2549/1176 1924/2664/1226 1903/2492/1120
f 1217/2573/1180 1219/2665/1227 1279/2574/1169
f 1216/2666/1168 1194/2168/952 1364/2433/1119
f 2032/2609/1131 2028/2596/1163 2037/2667/1224
f 970/2294/1048 982/2611/1199 967/2273/1038
f 976/2612/1124 1161/2668/1228 1154/2500/1152
f 2658/2139/974 2666/2669/1229 2660/2345/1070
f 2035/2670/1230 2053/2671/1231 2052/2672/1232
f 2022/2378/1085 2178/2613/1170 2034/2597/1194
f 1371/2673/1233 1361/2238/1019 1365/2489/1113
f 2034/2674/1194 2053/2675/1231 2051/2676/1220
f 1158/2544/1174 1154/2500/1152 1161/2668/1228
f 2030/2677/1192 1629/2678/1234 1630/2679/1193
f 1220/2680/1235 1212/2681/1235 1222/2682/1235
f 2665/2558/1181 2666/2669/1229 2658/2139/974
f 2054/2683/1236 2053/2684/1231 2034/2597/1194
f 1291/2415/1111 1292/2685/1134 1289/2567/1104
f 1362/2242/1021 1361/2341/1019 1371/2686/1233
f 2595/2687/1237 2589/2280/1041 2590/2315/1058
f 1158/2544/1174 1162/2688/1238 1139/2256/1029
f 2665/2558/1181 2667/2689/1239 2666/2669/1229
f 1897/2358/1077 1921/2641/1213 1896/2287/1043
f 1376/2644/1214 1368/2588/1183 1293/2590/1164
f 2053/2675/1231 2035/2690/1230 2051/2676/1220
f 2032/2456/1131 2036/2691/1240 2040/2692/1241
f 1133/2007/907 1156/2532/1139 1163/2693/1242
f 1370/2502/1153 1382/2694/1243 1376/2695/1214
f 2206/2696/1244 1366/2697/1244 1402/2698/1244
f 1212/2447/1125 1211/2435/1121 1221/2699/1245
f 2202/2586/1189 2204/2619/1142 2203/2700/1246
f 2036/2701/1247 2032/2702/1247 2037/2703/1247
f 1290/2408/1105 1292/2462/1134 1317/2615/1200
f 2025/2410/1106 2038/2704/1248 1929/2657/1221
f 1170/2705/1249 1157/2534/1167 1148/2533/1107
f 1165/2706/1198 1164/2707/1250 1151/2708/1091
f 989/2709/1251 981/2138/973 1155/2517/1160
f 1227/2710/1252 1217/2557/1180 1220/2618/1203
f 1139/2711/1253 1162/2712/1253 1165/2713/1253
f 1222/2714/1254 1212/2447/1125 1221/2699/1245
f 981/2601/973 1087/2715/1255 1080/2602/1047
f 977/2474/1140 966/2234/1016 986/2716/1256
f 2025/2410/1106 2039/2717/1257 2038/2704/1248
f 1910/2563/1155 1905/2718/1147 1918/2599/1195
f 2193/2719/1258 1929/2720/1258 1930/2721/1258
f 2037/2722/1224 2051/2676/1220 1711/2723/1259
f 2173/2568/1095 1930/2724/1260 1904/2562/1145
f 1295/2725/1261 1294/2726/1185 2033/2727/1262
f 1216/2666/1168 1364/2433/1119 1237/2728/1263
f 1164/2707/1250 1148/2533/1107 1151/2708/1091
f 2040/2729/1241 2036/2730/1240 1632/2731/1264
f 1152/2732/1094 1160/2645/1215 1145/2322/1000
f 1081/2298/1049 1086/2733/1265 1083/2337/1055
f 2173/2568/1095 2193/2734/1097 1930/2724/1260
f 1374/2735/1266 1083/2337/1055 1086/2733/1265
f 1916/2571/1171 1915/2570/1154 1921/2736/1213
f 1080/2293/1047 1087/2737/1255 1084/2394/1096
f 2184/2651/1218 2178/2539/1170 2463/2538/1032
f 1639/2738/1267 2033/2739/1262 1630/2740/1193
f 1918/2599/1195 1905/2718/1147 1925/2741/1176
f 2052/2742/1232 2053/2743/1231 2054/2744/1236
f 2032/2456/1131 2039/2717/1257 2025/2410/1106
f 1917/2578/1186 1922/2649/1217 1926/2745/1268
f 960/2069/936 979/2746/1158 976/2446/1124
f 1368/2588/1183 1376/2644/1214 1372/2747/969
f 2600/2457/1132 2668/2748/1269 2662/2496/1150
f 1927/2749/1270 1920/2750/1207 1924/2751/1226
f 1219/2665/1227 1217/2573/1180 1280/2752/1271
f 1148/2533/1107 1164/2707/1250 1166/2753/1272
f 2178/2613/1170 2054/2683/1236 2034/2597/1194
f 2029/2754/1079 1709/2755/1157 1631/2756/1273
f 1629/2678/1234 1632/2757/1264 1630/2679/1193
f 1364/2433/1119 1363/2310/917 1373/2758/1274
f 1152/2392/1094 1140/2261/1033 1167/2759/1130
f 1317/2760/1200 1292/2761/1134 1318/2762/1275
f 1157/2534/1167 1170/2763/1249 1150/2373/1084
f 1363/2310/917 1083/2312/1055 1373/2758/1274
f 2660/2345/1070 2680/2622/1206 2664/2516/1159
f 1225/2764/1276 1236/2655/1219 968/2289/1044
f 2594/2576/1184 2202/2586/1189 2203/2700/1246
f 978/2475/1141 1/2765/1277 983/2629/1209
f 1159/2603/1196 1162/2766/1238 1156/2767/1139
f 1084/2394/1096 1088/2768/1278 1085/2396/1098
f 2589/2280/1041 2595/2687/1237 2591/2330/1065
f 1633/2769/1279 1709/2755/1157 1923/2770/1222
f 1927/2749/1270 1928/2771/1225 1920/2750/1207
f 1223/2772/1280 1218/2592/1191 1229/2545/1143
f 1148/2533/1107 1168/2773/1281 1170/2705/1249
f 1165/2774/1198 1162/2766/1238 1164/2775/1250
f 2037/2722/1224 1711/2723/1259 1637/2776/1282
f 1631/2756/1273 2030/2677/1192 2029/2754/1079
f 1219/2665/1227 1209/2431/1117 1279/2574/1169
f 1224/2777/1283 1210/2432/1118 1216/2535/1168
f 2032/2456/1131 2040/2692/1241 2039/2717/1257
f 1294/2577/1185 1296/2778/1284 1291/2415/1111
f 1162/2779/1238 1158/2544/1174 1161/2668/1228
f 1925/2549/1176 1936/2780/1285 1924/2664/1226
f 1159/2603/1196 1146/2323/1061 1169/2781/1286
f 1382/2694/1243 1370/2502/1153 1317/2615/1200
f 2179/2639/1212 2464/2580/1187 2465/2782/1287
f 2030/2677/1192 1631/2756/1273 1629/2678/1234
f 2041/2783/1288 1630/2784/1193 1632/2731/1264
f 1631/2756/1273 1709/2755/1157 1633/2769/1279
f 1896/2287/1043 1921/2641/1213 1923/2658/1222
f 2203/2785/1246 2204/2786/1142 2206/2787/1173
f 979/2788/1289 987/2789/1289 976/2790/1289
f 1929/2791/1221 1635/2792/1290 1930/2793/1260
f 1905/2718/1147 1931/2794/1291 1925/2741/1176
f 1936/2795/1285 1925/2741/1176 1931/2794/1291
f 1930/2796/1260 1922/2649/1217 1904/2484/1145
f 1365/2797/1113 1372/2747/969 1376/2644/1214
f 1915/2570/1154 1928/2798/1225 1921/2736/1213
f 968/2799/1044 1250/2800/1190 1225/2801/1276
f 2035/2670/1230 2052/2672/1232 2042/2802/1292
f 1133/2007/907 1163/2693/1242 1155/2517/1160
f 2178/2803/1170 2184/2804/1218 2183/2805/1293
f 2052/2742/1232 2178/2806/1170 2043/2807/1294
f 1167/2808/1130 1138/2374/1007 1170/2763/1249
f 2041/2809/1288 1639/2738/1267 1630/2740/1193
f 1932/2810/1295 1905/2486/1147 1906/2488/1146
f 1402/2811/1296 2205/2812/1296 2206/2813/1296
f 985/2660/1223 987/2814/1297 979/2662/1158
f 1933/2621/1205 1917/2578/1186 1926/2745/1268
f 1168/2773/1281 1148/2533/1107 1166/2753/1272
f 2054/2744/1236 2178/2806/1170 2052/2742/1232
f 1169/2781/1286 1181/2815/1298 1159/2603/1196
f 1382/2816/1243 1317/2760/1200 1297/2817/1299
f 1711/2723/1259 2051/2676/1220 2035/2690/1230
f 966/2234/1016 982/2611/1199 988/2818/1300
f 978/2475/1141 1236/2655/1219 1/2765/1277
f 1150/2373/1084 1170/2763/1249 1138/2374/1007
f 1927/2819/1270 1924/2820/1226 1938/2821/1301
f 1169/2781/1286 1146/2323/1061 1160/2645/1215
f 1374/2822/1266 1373/2758/1274 1083/2312/1055
f 1155/2517/1160 1163/2693/1242 989/2709/1251
f 1162/2766/1238 1159/2603/1196 1166/2823/1272
f 1222/2714/1254 1221/2699/1245 1226/2824/1302
f 1932/2825/1295 1931/2794/1291 1905/2718/1147
f 1229/2480/1143 1209/2431/1117 1230/2826/1303
f 1162/2766/1238 1166/2823/1272 1164/2775/1250
f 1632/2731/1264 2036/2730/1240 2041/2783/1288
f 1280/2752/1271 1217/2573/1180 1227/2827/1252
f 1936/2828/1285 1938/2821/1301 1924/2820/1226
f 2036/2829/1240 2037/2722/1224 1637/2776/1282
f 1167/2759/1130 1171/2830/1304 1152/2392/1094
f 2662/2496/1150 2667/2689/1239 2665/2558/1181
f 1087/2737/1255 1088/2768/1278 1084/2394/1096
f 1318/2762/1275 1297/2817/1299 1317/2760/1200
f 1232/2831/1305 984/2518/1161 1218/2592/1191
f 1081/2298/1049 1085/2396/1098 1086/2733/1265
f 1228/2832/1306 1229/2833/1306 1230/2834/1306
f 1932/2810/1295 1906/2488/1146 1933/2835/1205
f 984/2652/1161 1231/2836/1307 1250/2653/1190
f 1231/2837/1307 984/2838/1161 1232/2839/1305
f 1369/2616/1201 1362/2242/1021 1375/2840/1308
f 1634/2841/1309 1629/2678/1234 1631/2756/1273
f 2038/2842/1248 1635/2843/1290 1929/2844/1221
f 1637/2776/1282 2041/2845/1288 2036/2829/1240
f 981/2601/973 989/2846/1251 990/2847/1310
f 1219/2665/1227 1280/2752/1271 1233/2848/1311
f 1294/2726/1185 1295/2725/1261 1296/2849/1284
f 2040/2850/1312 1632/2851/1312 1642/2852/1312
f 1232/2831/1305 1218/2592/1191 1223/2772/1280
f 1216/2535/1168 1265/2853/1313 1224/2777/1283
f 1152/2732/1094 1171/2854/1304 1160/2645/1215
f 2466/2855/1314 2465/2782/1287 2464/2580/1187
f 1223/2772/1280 1229/2545/1143 1228/2856/1315
f 1238/2857/1316 1233/2848/1311 1280/2752/1271
f 966/2234/1016 988/2818/1300 986/2716/1256
f 1297/2817/1299 1318/2762/1275 1298/2858/1317
f 985/2660/1223 977/2474/1140 986/2716/1256
f 990/2847/1310 1087/2715/1255 981/2601/973
f 1922/2649/1217 1934/2859/1318 1926/2745/1268
f 1935/2860/1319 1936/2861/1285 1931/2862/1291
f 2203/2785/1246 2206/2787/1173 2205/2863/1202
f 991/2864/1320 982/2611/1199 970/2294/1048
f 1921/2641/1213 1928/2865/1225 1937/2866/1321
f 2669/2867/1322 2660/2345/1070 2666/2669/1229
f 2263/2868/1208 2594/2576/1184 2203/2700/1246
f 1371/2673/1233 1365/2489/1113 1376/2869/1214
f 1166/2823/1272 1159/2603/1196 1181/2815/1298
f 1220/2870/1203 1222/2714/1254 1234/2871/1323
f 1222/2714/1254 1226/2824/1302 1234/2871/1323
f 1221/2699/1245 1211/2435/1121 1206/2349/1073
f 2180/2872/1324 2179/2639/1212 2465/2782/1287
f 983/2629/1209 1/2765/1277 992/2873/1325
f 2180/2874/1324 2184/2651/1218 2179/2650/1212
f 982/2611/1199 991/2864/1320 993/2875/1326
f 1711/2876/1259 2035/2670/1230 2042/2802/1292
f 1231/2837/1307 1232/2839/1305 1223/2877/1280
f 1297/2817/1299 1299/2878/1327 1382/2816/1243
f 1927/2879/1270 1938/2880/1301 1939/2881/1328
f 1375/2840/1308 1362/2242/1021 1371/2686/1233
f 1280/2752/1271 1227/2827/1252 1239/2882/1329
f 2592/2359/1078 2263/2628/1208 2590/2315/1058
f 2466/2883/1314 2464/2634/1187 2680/2633/1206
f 1167/2884/1130 1170/2885/1249 1173/2886/1330
f 1297/2817/1299 1300/2887/1331 1299/2878/1327
f 970/2294/1048 983/2629/1209 991/2864/1320
f 1223/2877/1280 1230/2888/1332 1231/2837/1307
f 1225/2801/1276 1235/2889/1333 1236/2890/1219
f 2263/2628/1208 2595/2687/1237 2590/2315/1058
f 2040/2692/1241 1636/2891/1334 2039/2717/1257
f 2052/2672/1232 2055/2892/1335 2042/2802/1292
f 1234/2871/1323 1240/2893/1336 1220/2870/1203
f 1382/2894/1243 1377/2895/1337 1376/2896/1214
f 1216/2535/1168 1237/2897/1263 1265/2853/1313
f 1296/2778/1284 1292/2685/1134 1291/2415/1111
f 2596/2898/1338 2587/2244/1023 2591/2330/1065
f 1281/2899/1339 1238/2900/1316 1280/2901/1271
f 1220/2618/1203 1239/2902/1329 1227/2710/1252
f 1239/2882/1329 1281/2903/1339 1280/2752/1271
f 1296/2904/1284 1295/2725/1261 1319/2905/1340
f 2666/2669/1229 2667/2689/1239 2669/2867/1322
f 2039/2906/1257 1636/2907/1334 2038/2842/1248
f 1938/2880/1301 1936/2861/1285 1939/2881/1328
f 1939/2881/1328 1936/2861/1285 1935/2860/1319
f 1167/2884/1130 1173/2886/1330 1171/2908/1304
f 987/2909/1341 994/2910/1341 976/2911/1341
f 1319/2905/1340 1295/2725/1261 2033/2727/1262
f 1637/2912/1282 1710/2913/1342 2041/2914/1288
f 2178/2803/1170 2181/2915/1343 2043/2916/1294
f 1300/2887/1331 1297/2817/1299 1298/2858/1317
f 2669/2867/1322 2680/2622/1206 2660/2345/1070
f 1160/2645/1215 1181/2815/1298 1169/2781/1286
f 2591/2330/1065 2595/2687/1237 2596/2898/1338
f 1220/2618/1203 1240/2917/1336 1239/2902/1329
f 1926/2745/1268 1940/2918/1344 1933/2621/1205
f 976/2612/1124 994/2919/1345 1161/2668/1228
f 2052/2742/1232 2045/2920/1346 2055/2921/1335
f 985/2660/1223 995/2922/1347 987/2814/1297
f 1226/2824/1302 1221/2699/1245 1241/2923/1348
f 1378/2924/1349 1299/2878/1327 1300/2887/1331
f 1638/2925/1350 2033/2926/1262 1639/2927/1267
f 1168/2928/1281 1166/2823/1272 1181/2815/1298
f 1088/2768/1278 1086/2733/1265 1085/2396/1098
f 1246/2929/1351 1209/2431/1117 1219/2665/1227
f 1922/2649/1217 1930/2793/1260 1934/2859/1318
f 1162/2779/1238 1161/2668/1228 1172/2930/1352
f 1371/2931/1233 1376/2896/1214 1377/2895/1337
f 2043/2916/1294 2181/2915/1343 2045/2932/1346
f 1162/2933/1238 1163/2693/1242 1156/2532/1139
f 1258/2934/1353 1254/2935/1354 1238/2936/1316
f 1318/2762/1275 1308/2937/1355 1301/2938/1356
f 1298/2858/1317 1301/2938/1356 1300/2887/1331
f 1931/2862/1291 1932/2939/1295 1935/2860/1319
f 1299/2940/1327 1378/2941/1349 1379/2942/1357
f 1364/2943/1119 1380/2944/1358 1381/2945/1359
f 1940/2918/1344 1926/2745/1268 1934/2859/1318
f 1921/2641/1213 1937/2866/1321 1923/2658/1222
f 1942/2946/1360 1927/2947/1270 1941/2948/1361
f 1928/2949/1225 1927/2947/1270 1942/2946/1360
f 1160/2645/1215 1171/2950/1304 1181/2815/1298
f 1223/2877/1280 1228/2951/1315 1230/2888/1332
f 1632/2757/1264 1629/2678/1234 1634/2841/1309
f 1935/2860/1319 1955/2952/1362 1939/2881/1328
f 1928/2865/1225 1942/2953/1360 1937/2866/1321
f 1373/2954/1274 1380/2944/1358 1364/2943/1119
f 1935/2860/1319 1932/2939/1295 1943/2955/1363
f 2587/2244/1023 2597/2956/1364 2593/2377/1011
f 2182/2957/1365 2178/2803/1170 2183/2805/1293
f 2597/2956/1364 2587/2244/1023 2596/2898/1338
f 1171/2950/1304 1173/2958/1330 1181/2815/1298
f 1379/2942/1357 1378/2941/1349 1380/2944/1358
f 1301/2938/1356 1298/2858/1317 1318/2762/1275
f 1209/2431/1117 1246/2929/1351 1230/2826/1303
f 1381/2959/1359 1380/2944/1358 1378/2941/1349
f 2680/2633/1206 2671/2960/1366 2466/2883/1314
f 1250/2961/1367 1231/2962/1367 1230/2963/1367
f 1292/2685/1134 1296/2778/1284 1303/2964/1368
f 2670/2965/1369 2667/2689/1239 2662/2496/1150
f 1381/2966/1359 1378/2924/1349 1300/2887/1331
f 1381/2967/1370 1237/2968/1370 1364/2969/1370
f 2181/2915/1343 2178/2803/1170 2182/2957/1365
f 1634/2841/1309 1631/2756/1273 1640/2970/1371
f 1941/2948/1361 1927/2947/1270 1939/2971/1328
f 988/2818/1300 982/2611/1199 993/2875/1326
f 1377/2972/1372 1382/2973/1372 1383/2974/1372
f 1281/2899/1339 1251/2975/1373 1238/2900/1316
f 1170/2705/1249 1168/2773/1281 1173/2976/1330
f 1292/2685/1134 1308/2977/1355 1318/2978/1275
f 1238/2936/1316 1254/2935/1354 1233/2848/1311
f 1238/2900/1316 1251/2975/1373 1244/2979/1374
f 2662/2496/1150 2668/2748/1269 2670/2965/1369
f 158/2980/1375 990/2847/1310 989/2846/1251
f 2052/2742/1232 2043/2807/1294 2045/2920/1346
f 1181/2981/1298 1173/2976/1330 1168/2773/1281
f 1382/2982/1243 1384/2983/1376 1383/2984/1377
f 1163/2693/1242 996/2985/1378 989/2709/1251
f 1219/2665/1227 1233/2848/1311 1246/2929/1351
f 1384/2983/1376 1382/2982/1243 1299/2940/1327
f 1641/2986/1379 1636/2987/1334 2040/2988/1241
f 2183/2989/1380 2184/2990/1380 2185/2991/1380
f 1375/2840/1308 1371/2686/1233 1388/2992/1381
f 2180/2874/1324 2185/2993/1382 2184/2651/1218
f 1246/2929/1351 1233/2848/1311 1254/2935/1354
f 1242/2994/1383 1234/2871/1323 1226/2824/1302
f 1302/2995/1384 1296/2904/1284 1319/2905/1340
f 1236/2655/1219 1235/2996/1333 1/2765/1277
f 985/2660/1223 157/2997/1385 995/2922/1347
f 2263/2628/1208 2598/2998/1386 2595/2687/1237
f 996/2999/1378 158/2980/1375 989/2846/1251
f 2040/2988/1241 1642/3000/1387 1641/2986/1379
f 2593/2377/1011 2597/2956/1364 2599/3001/1388
f 1632/2757/1264 1634/2841/1309 1642/3000/1387
f 1258/3002/1353 1238/2900/1316 1244/2979/1374
f 1944/3003/1389 1934/2859/1318 1930/2793/1260
f 1923/2770/1222 1643/3004/1390 1633/2769/1279
f 1163/2693/1242 1162/2933/1238 996/2985/1378
f 1282/3005/1391 1281/2903/1339 1239/2882/1329
f 1375/2840/1308 1388/2992/1381 1369/2616/1201
f 1710/2913/1342 1639/2927/1267 2041/2914/1288
f 1296/3006/1392 1310/3007/1392 1303/3008/1392
f 1296/2904/1284 1302/2995/1384 1310/3009/1393
f 1300/2887/1331 1301/2938/1356 1304/3010/1394
f 1250/2800/1190 1243/3011/1395 1225/2801/1276
f 1955/3012/1396 1947/3013/1396 1939/3014/1396
f 2600/3015/1132 2593/2377/1011 2601/3016/1397
f 1950/3017/1398 1955/2952/1362 1935/2860/1319
f 2680/2633/1206 2669/3018/1322 2671/2960/1366
f 1161/2668/1228 994/2919/1345 1172/2930/1352
f 1636/2907/1334 1635/2843/1290 2038/2842/1248
f 2595/2687/1237 2602/3019/1399 2596/2898/1338
f 1640/2970/1371 1631/2756/1273 1643/3004/1390
f 1933/3020/1205 1940/2918/1344 1974/3021/1400
f 994/3022/1345 987/2814/1297 995/2922/1347
f 1300/2887/1331 1304/3010/1394 1381/2966/1359
f 1256/3023/1401 1240/2893/1336 1234/2871/1323
f 1379/2942/1357 1384/2983/1376 1299/2940/1327
f 1935/2860/1319 1943/2955/1363 1952/3024/1402
f 1244/3025/1403 1251/3026/1403 1262/3027/1403
f 2205/3028/1202 1387/3029/1404 2203/2700/1246
f 1384/2983/1376 1379/2942/1357 1385/3030/1405
f 1245/3031/1406 1230/3032/1303 1246/3033/1351
f 1258/3002/1353 1244/2979/1374 1247/3034/1407
f 1379/2942/1357 1380/2944/1358 1385/3030/1405
f 1304/3010/1394 1237/3035/1408 1381/2966/1359
f 2466/3036/1409 2671/3037/1409 2672/3038/1409
f 1239/2882/1329 1248/3039/1410 1282/3005/1391
f 983/2629/1209 997/3040/1411 991/2864/1320
f 1940/2918/1344 1934/2859/1318 1945/3041/1412
f 1210/2432/1118 1249/3042/1413 1206/2349/1073
f 1224/2777/1283 1249/3042/1413 1210/2432/1118
f 1162/2779/1238 1172/2930/1352 1174/3043/1414
f 1234/2871/1323 1242/2994/1383 1256/3023/1401
f 1230/3032/1303 1245/3031/1406 1250/3044/1190
f 1386/3045/1415 1385/3030/1405 1380/2944/1358
f 2669/3018/1322 2667/3046/1239 2673/3047/1416
f 1633/2769/1279 1643/3004/1390 1631/2756/1273
f 1711/3048/1259 1710/2913/1342 1637/2912/1282
f 1262/3049/1417 1251/3050/1417 1252/3051/1417
f 1636/3052/1334 1968/3053/1418 1635/2792/1290
f 1244/3054/1374 1262/3055/1419 1253/3056/1420
f 1374/3057/1266 1386/3045/1415 1373/2954/1274
f 1303/2964/1368 1308/2977/1355 1292/2685/1134
f 2681/3058/1421 2667/2689/1239 2670/2965/1369
f 2183/2805/1293 2185/3059/1382 2182/2957/1365
f 2465/2782/1287 2466/2855/1314 2467/3060/1422
f 1946/3061/1423 1923/2658/1222 1937/2866/1321
f 1638/2925/1350 1319/3062/1340 2033/2926/1262
f 1947/3063/1424 1948/3064/1425 1939/3065/1328
f 1251/2975/1373 1281/2899/1339 1261/3066/1426
f 157/2997/1385 986/2716/1256 2/3067/1427
f 1386/3045/1415 1380/2944/1358 1373/2954/1274
f 1245/3031/1406 1246/3033/1351 1254/3068/1354
f 1221/2699/1245 1255/3069/1428 1241/2923/1348
f 1634/2841/1309 1640/2970/1371 1642/3000/1387
f 1959/3070/1429 1943/3071/1363 1932/2810/1295
f 1944/3003/1389 1945/3041/1412 1934/2859/1318
f 1240/2917/1336 1256/3072/1401 1239/2902/1329
f 1948/3064/1425 1947/3063/1424 1955/3073/1430
f 1371/2931/1233 1377/2895/1337 1383/3074/1377
f 993/2875/1326 3/3075/1431 988/2818/1300
f 1949/3076/1432 1944/3003/1389 1930/2793/1260
f 1635/2792/1290 1949/3076/1432 1930/2793/1260
f 1261/3066/1426 1281/2899/1339 1282/3077/1391
f 1242/2994/1383 1257/3078/1433 1256/3023/1401
f 2669/3018/1322 2673/3047/1416 2671/2960/1366
f 1174/3043/1414 1182/3079/1434 1162/2779/1238
f 1640/2970/1371 1644/3080/1435 1642/3000/1387
f 1237/3081/1436 1304/3082/1436 1259/3083/1436
f 2598/2998/1386 2602/3019/1399 2595/2687/1237
f 1644/3080/1435 1641/2986/1379 1642/3000/1387
f 397/3084/1437 1088/2768/1278 1087/2737/1255
f 1172/2930/1352 994/2919/1345 1174/3043/1414
f 157/2997/1385 985/2660/1223 986/2716/1256
f 983/2629/1209 992/2873/1325 997/3040/1411
f 1258/3085/1353 1247/3086/1407 1254/3087/1354
f 1638/2925/1350 1639/2927/1267 1712/3088/1438
f 2668/2748/1269 2674/3089/1439 2670/2965/1369
f 2673/3047/1416 2667/3046/1239 2681/3090/1421
f 1254/3068/1354 1243/3091/1395 1245/3031/1406
f 1941/3092/1361 1939/3093/1328 1958/3094/1440
f 1162/2933/1238 1182/3095/1434 996/2985/1378
f 1639/2927/1267 1710/2913/1342 1712/3088/1438
f 1950/3096/1441 1952/3097/1402 1960/3098/1442
f 1939/3093/1328 1948/3099/1425 1958/3094/1440
f 1243/3011/1395 1250/2800/1190 1245/3100/1406
f 993/2875/1326 991/2864/1320 3/3075/1431
f 1308/2937/1355 1306/3101/1443 1301/2938/1356
f 2601/3016/1397 2593/2377/1011 2599/3001/1388
f 1933/2835/1205 1951/3102/1444 1959/3070/1429
f 1952/3103/1402 1943/3071/1363 1959/3070/1429
f 2045/2920/1346 2044/3104/1445 2055/2921/1335
f 1206/2349/1073 1249/3042/1413 1221/2699/1245
f 1237/3105/1446 1259/3106/1446 1265/3107/1446
f 1387/3108/1404 2205/3109/1202 1369/3110/1201
f 1304/3010/1394 1301/2938/1356 1306/3101/1443
f 1304/3111/1447 1309/3112/1448 1259/3113/1449
f 1388/3114/1381 1371/2931/1233 1383/3074/1377
f 2465/2782/1287 2467/3060/1422 2186/3115/1450
f 1387/3029/1404 2263/2868/1208 2203/2700/1246
f 1952/3116/1451 1950/3117/1451 1935/3118/1451
f 1242/2994/1383 1226/2824/1302 1260/3119/1452
f 1369/3110/1201 1388/3120/1381 1383/2984/1377
f 1303/3121/1368 1310/3122/1453 1312/3123/1454
f 2670/2965/1369 2674/3089/1439 2681/3058/1421
f 1940/2918/1344 1945/3041/1412 1974/3021/1400
f 1946/3061/1423 1643/3124/1390 1923/2658/1222
f 1182/3125/1455 158/3126/1455 996/3127/1455
f 1309/3112/1448 1304/3111/1447 1307/3128/1456
f 1306/3129/1457 1308/3130/1457 1305/3131/1457
f 1259/3113/1449 1309/3112/1448 1265/3132/1458
f 1306/3133/1459 1307/3134/1459 1304/3135/1459
f 1645/3136/1460 1710/3137/1342 1711/3138/1259
f 1385/3030/1405 1389/3139/1461 1384/2983/1376
f 1267/3140/1462 1251/3141/1462 1261/3142/1462
f 397/3084/1437 1089/3143/1463 1088/2768/1278
f 1951/3102/1444 1933/2835/1205 1974/3144/1400
f 1949/3076/1432 1635/2792/1290 1968/3053/1418
f 1950/3145/1464 1953/3146/1464 1955/3147/1464
f 82/3148/1465 1247/3034/1407 1244/2979/1374
f 1086/2733/1265 1392/3149/1466 1374/2735/1266
f 1963/3150/1467 1942/3151/1360 1941/3092/1361
f 1646/3152/1468 2055/3153/1335 2044/3154/1445
f 1950/3096/1441 1960/3098/1442 1953/3155/1469
f 1260/3119/1452 1226/2824/1302 1241/2923/1348
f 1954/3156/1470 1945/3041/1412 1944/3003/1389
f 1933/2835/1205 1959/3070/1429 1932/2810/1295
f 156/3157/1471 157/3158/1471 2/3159/1471
f 1937/2866/1321 1942/3160/1360 1961/3161/1472
f 1646/3152/1468 2042/3162/1292 2055/3153/1335
f 1252/3163/1473 1251/3164/1474 1267/3165/1475
f 1384/2983/1376 1390/3166/1476 1383/2984/1377
f 1969/3167/1477 1636/2987/1334 1641/2986/1379
f 1383/2984/1377 1387/3108/1404 1369/3110/1201
f 1645/3136/1460 1711/3138/1259 2042/3168/1292
f 1386/3045/1415 1374/3057/1266 460/3169/1478
f 2/3067/1427 986/2716/1256 988/2818/1300
f 82/3148/1465 1276/3170/1479 1247/3034/1407
f 1086/2733/1265 1088/2768/1278 1089/3143/1463
f 1252/3163/1473 1267/3165/1475 1262/3171/1480
f 2180/2874/1324 2186/3172/1450 2185/2993/1382
f 1946/3061/1423 1961/3161/1472 1970/3173/1481
f 1946/3061/1423 1937/2866/1321 1961/3161/1472
f 990/2847/1310 158/2980/1375 163/3174/1482
f 988/2818/1300 3/3075/1431 5/3175/1483
f 994/3022/1345 995/2922/1347 1174/3176/1414
f 999/3177/1484 1235/2889/1333 1225/2801/1276
f 1955/3178/1485 1953/3179/1485 1957/3180/1485
f 1952/3103/1402 1959/3070/1429 1960/3181/1442
f 1944/3003/1389 1949/3076/1432 1954/3156/1470
f 1247/3086/1407 1276/3182/1479 1254/3087/1354
f 1263/3183/1486 1243/3184/1395 1254/3185/1354
f 998/3186/1487 997/3040/1411 992/2873/1325
f 1243/3011/1395 1264/3187/1488 1225/2801/1276
f 1641/2986/1379 1644/3080/1435 1969/3167/1477
f 1283/3188/1489 1265/3189/1489 1309/3190/1489
f 2528/3191/1490 2467/3060/1422 2466/2855/1314
f 990/2847/1310 1090/3192/1491 1087/2715/1255
f 1249/3042/1413 1255/3069/1428 1221/2699/1245
f 1643/3124/1390 1946/3061/1423 1956/3193/1492
f 2186/3115/1450 2180/2872/1324 2465/2782/1287
f 1248/3194/1493 1239/3195/1493 1266/3196/1493
f 1955/3197/1494 1957/3198/1494 1948/3199/1494
f 1307/3200/1456 1306/3201/1495 1305/3202/1496
f 1968/3203/1418 1636/2987/1334 1969/3167/1477
f 2045/2932/1346 2181/2915/1343 2046/3204/1497
f 2674/3089/1439 2668/2748/1269 2675/3205/1498
f 1647/3206/1499 1640/2970/1371 1643/3004/1390
f 1387/3029/1404 2208/3207/1500 2263/2868/1208
f 1239/2902/1329 1256/3072/1401 1266/3208/1501
f 1266/3209/1501 1282/3005/1391 1248/3039/1410
f 1260/3119/1452 1241/2923/1348 1255/3069/1428
f 1/2765/1277 76/3210/1502 992/2873/1325
f 1387/3108/1404 1383/2984/1377 1391/3211/1503
f 1242/2994/1383 1260/3119/1452 1257/3078/1433
f 398/3212/1504 397/3084/1437 1087/2737/1255
f 988/2818/1300 5/3175/1483 2/3067/1427
f 1712/3213/1438 1710/3137/1342 1645/3136/1460
f 1384/2983/1376 1389/3139/1461 1390/3166/1476
f 998/3186/1487 3/3075/1431 991/2864/1320
f 1305/3202/1496 1308/3214/1355 1307/3200/1456
f 997/3040/1411 998/3186/1487 991/2864/1320
f 1953/3215/1505 1960/3216/1505 1957/3217/1505
f 1958/3218/1440 1948/3219/1425 1964/3220/1506
f 1244/3221/1374 1253/3222/1420 81/3223/1507
f 2676/3224/1508 2677/3225/1509 2673/3047/1416
f 2681/3090/1421 2676/3224/1508 2673/3047/1416
f 1958/3094/1440 1963/3150/1467 1941/3092/1361
f 2181/2915/1343 2182/2957/1365 2187/3226/1510
f 1224/3227/1283 1265/3228/1313 1283/3229/1511
f 1374/3057/1266 1392/3230/1466 460/3169/1478
f 1640/2970/1371 1647/3206/1499 1644/3080/1435
f 2675/3205/1498 2668/2748/1269 2604/3231/1512
f 1312/3123/1454 1308/3232/1355 1303/3121/1368
f 1959/3233/1429 1957/3234/1513 1960/3235/1442
f 1000/3236/1514 1/3237/1277 1235/3238/1333
f 1956/3239/1492 1647/3206/1499 1643/3004/1390
f 1385/3030/1405 1386/3045/1415 460/3169/1478
f 2602/3019/1399 2603/3240/1515 2596/2898/1338
f 1383/2984/1377 1390/3166/1476 1391/3211/1503
f 2673/3047/1416 2678/3241/1516 2671/2960/1366
f 2528/3191/1490 2466/2855/1314 2672/3242/1517
f 1647/3206/1499 1969/3167/1477 1644/3080/1435
f 1282/3077/1391 1266/3243/1501 1261/3066/1426
f 1942/3151/1360 1963/3150/1467 1961/3244/1472
f 81/3245/1507 82/3148/1465 1244/2979/1374
f 1267/3246/1518 1261/3247/1426 1268/3248/1519
f 1946/3061/1423 1970/3173/1481 1956/3193/1492
f 2678/3241/1516 2673/3047/1416 2677/3225/1509
f 1957/3249/1513 1964/3220/1506 1948/3219/1425
f 2/3250/1427 168/3251/1520 156/3252/1521
f 2194/3253/1522 2182/2957/1365 2185/3059/1382
f 1963/3150/1467 1965/3254/1523 1961/3244/1472
f 1267/3255/1524 1268/3256/1524 1262/3257/1524
f 1235/3258/1525 999/3259/1525 1000/3260/1525
f 1949/3076/1432 1968/3053/1418 1954/3156/1470
f 1090/3261/1491 398/3212/1504 1087/2737/1255
f 995/3262/1347 157/3263/1385 169/3264/1526
f 460/3169/1478 1392/3230/1466 1393/3265/1527
f 2604/3266/1512 2600/3015/1132 2601/3016/1397
f 1647/3206/1499 1956/3239/1492 1969/3167/1477
f 1268/3267/1519 1253/3056/1420 1262/3055/1419
f 1264/3187/1488 999/3177/1484 1225/2801/1276
f 1958/3268/1440 1962/3269/1528 1963/3270/1467
f 175/3271/1529 158/3272/1375 1182/3273/1434
f 2186/3115/1450 2467/3060/1422 2468/3274/1530
f 2047/3275/1531 2182/3276/1365 2194/3277/1522
f 990/2847/1310 1001/3278/1532 1090/3192/1491
f 2606/3279/1533 2603/3240/1515 2602/3019/1399
f 1253/3222/1420 1268/3248/1519 81/3223/1507
f 995/3262/1347 169/3264/1526 1174/3280/1414
f 1957/3234/1513 1959/3233/1429 1786/3281/1534
f 1283/3282/1511 1309/3283/1448 1275/3284/1535
f 1268/3248/1519 1261/3247/1426 81/3223/1507
f 1269/3285/1536 1256/3023/1401 1257/3078/1433
f 2042/3168/1292 1648/3286/1537 1645/3136/1460
f 159/3287/1538 1182/3273/1434 1174/3280/1414
f 1256/3072/1401 1270/3288/1539 1266/3208/1501
f 1002/3289/1540 992/2873/1325 76/3210/1502
f 1243/3184/1395 1263/3183/1486 1264/3290/1488
f 1394/3291/1541 1385/3030/1405 460/3169/1478
f 1319/3062/1340 1638/2925/1350 1316/3292/1542
f 2672/3242/1517 2679/3293/1543 2528/3191/1490
f 1975/3294/1544 1958/3268/1440 1964/3295/1506
f 1965/3296/1523 1970/3173/1481 1961/3161/1472
f 1964/3295/1506 1957/3297/1513 1788/3298/1545
f 3/3299/1431 4/3300/1546 5/3301/1483
f 1310/3302/1547 1311/3303/1547 1312/3304/1547
f 395/3305/1548 465/3306/1549 1089/3307/1463
f 1257/3078/1433 1260/3119/1452 1271/3308/1550
f 168/3309/1551 157/3310/1551 156/3311/1551
f 1957/3312/1513 1787/3313/1552 1788/3314/1545
f 1786/3315/1534 1787/3313/1552 1957/3312/1513
f 1261/3066/1426 1266/3243/1501 80/3316/1553
f 1272/3317/1554 1269/3285/1536 1257/3078/1433
f 1307/3318/1456 1275/3284/1535 1309/3283/1448
f 1089/3319/1463 397/3320/1437 396/3321/1555
f 1389/3139/1461 1385/3030/1405 1394/3291/1541
f 2677/3322/1509 2676/3323/1508 2678/3324/1516
f 1786/3325/1556 1959/3326/1556 1966/3327/1556
f 2604/3231/1512 2668/2748/1269 2600/2457/1132
f 1302/3328/1384 1311/3329/1557 1310/3330/1393
f 163/3331/1482 158/3272/1375 160/3332/1558
f 998/3333/1487 992/3334/1325 1002/3335/1540
f 2598/2998/1386 2263/2628/1208 2207/3336/1559
f 395/3305/1548 1089/3319/1463 396/3321/1555
f 1963/3150/1467 1962/3337/1528 1971/3338/1560
f 2674/3339/1439 2675/3340/1498 2847/3341/1561
f 1649/3342/1562 1712/3088/1438 1650/3343/1563
f 1962/3337/1528 1975/3344/1544 1971/3338/1560
f 2187/3345/1510 2046/3346/1497 2181/3347/1343
f 2606/3279/1533 2602/3019/1399 2598/2998/1386
f 1261/3066/1426 80/3316/1553 81/3348/1507
f 2679/3349/1564 2672/3350/1564 2671/3351/1564
f 465/3352/1549 1086/2733/1265 1089/3143/1463
f 1975/3294/1544 1962/3269/1528 1958/3268/1440
f 169/3264/1526 159/3287/1538 1174/3280/1414
f 465/3306/1549 462/3353/1565 469/3354/1566
f 1969/3355/1477 1956/3193/1492 1967/3356/1567
f 4/3300/1546 3/3299/1431 998/3357/1487
f 2/3250/1427 5/3301/1483 168/3251/1520
f 1264/3358/1488 1263/3359/1486 88/3360/1568
f 1273/3361/1569 82/3148/1465 81/3245/1507
f 1392/3149/1466 1086/2733/1265 465/3352/1549
f 1307/3318/1456 1308/3232/1355 1313/3362/1570
f 1649/3342/1562 1638/2925/1350 1712/3088/1438
f 999/3363/1484 79/3364/1571 6/3365/1572
f 1395/3366/1573 1389/3139/1461 1394/3291/1541
f 460/3367/1478 1393/3368/1527 467/3369/1574
f 2674/3370/1439 2883/3371/1575 2681/3372/1421
f 1720/3373/1576 2044/3374/1576 2045/3375/1576
f 5/3301/1483 4/3300/1546 168/3251/1520
f 2185/3376/1382 2186/3115/1450 2469/3377/1577
f 1783/3378/1578 1720/3379/1579 2045/3380/1346
f 999/3363/1484 6/3365/1572 1000/3236/1514
f 990/3381/1580 163/3382/1580 1001/3383/1580
f 460/3367/1478 467/3369/1574 1394/3384/1541
f 1271/3308/1550 1272/3317/1554 1257/3078/1433
f 1270/3385/1581 1256/3386/1581 1269/3387/1581
f 397/3388/1582 398/3389/1582 401/3390/1582
f 79/3391/1571 999/3392/1484 1264/3393/1488
f 158/3272/1375 175/3271/1529 160/3332/1558
f 1002/3335/1540 7/3394/1583 998/3333/1487
f 470/3395/1584 1389/3139/1461 1395/3366/1573
f 2194/3396/1522 2185/3397/1382 2470/3398/1585
f 1302/3328/1384 1314/3399/1586 1311/3329/1557
f 1712/3088/1438 1651/3400/1587 1650/3343/1563
f 1964/3295/1506 1788/3298/1545 1975/3294/1544
f 1393/3401/1527 1392/3402/1466 461/3403/1588
f 427/3404/1589 1224/2777/1283 428/3405/1590
f 1308/3232/1355 1312/3123/1454 1313/3362/1570
f 399/3406/1591 462/3353/1565 395/3305/1548
f 1786/3407/1534 1966/3408/1592 1787/3409/1552
f 396/3321/1555 397/3320/1437 401/3410/1593
f 1395/3411/1573 1396/3412/1594 470/3413/1584
f 175/3271/1529 1182/3273/1434 159/3287/1538
f 1945/3041/1412 1792/3414/1595 1974/3021/1400
f 1400/3415/1596 2208/3207/1500 1387/3029/1404
f 2597/2956/1364 2596/2898/1338 2599/3001/1388
f 238/3416/1597 398/3417/1504 161/3418/1598
f 1792/3414/1595 1945/3041/1412 1954/3156/1470
f 2209/3419/1599 2263/3420/1208 2208/3421/1500
f 470/3395/1584 1390/3166/1476 1389/3139/1461
f 398/3422/1504 1090/3423/1491 161/3424/1598
f 1971/3338/1560 1965/3254/1523 1963/3150/1467
f 1001/3425/1532 161/3424/1598 1090/3423/1491
f 998/3426/1487 7/3427/1583 8/3428/1600
f 1319/3429/1340 1314/3399/1586 1302/3328/1384
f 1788/3430/1545 1790/3431/1601 1975/3432/1544
f 80/3433/1553 1273/3434/1569 81/3435/1507
f 998/3357/1487 9/3436/1602 4/3300/1546
f 168/3437/1520 167/3438/1603 157/3263/1385
f 2042/3162/1292 1646/3152/1468 1652/3439/1604
f 1967/3440/1605 1968/3441/1605 1969/3442/1605
f 1260/3119/1452 1255/3069/1428 426/3443/1606
f 395/3305/1548 396/3321/1555 399/3406/1591
f 1395/3444/1573 1394/3445/1541 1396/3446/1594
f 401/3447/1593 398/3417/1504 238/3416/1597
f 1970/3448/1607 1965/3449/1607 1971/3450/1607
f 2047/3275/1531 2187/3451/1510 2182/3276/1365
f 1002/3335/1540 10/3452/1608 7/3394/1583
f 168/3453/1520 4/3454/1546 165/3455/1609
f 160/3456/1558 239/3457/1610 162/3458/1611
f 2598/2998/1386 2207/3336/1559 2606/3279/1533
f 2207/3459/1559 2263/3420/1208 2209/3419/1599
f 1967/3460/1612 1954/3156/1470 1968/3053/1418
f 1967/3356/1567 1956/3193/1492 1970/3173/1481
f 1649/3342/1562 1316/3292/1542 1638/2925/1350
f 2469/3377/1577 2186/3115/1450 2468/3274/1530
f 1260/3119/1452 426/3443/1606 1271/3308/1550
f 1971/3461/1560 1975/3432/1544 1789/3462/1613
f 462/3463/1565 463/3464/1614 469/3465/1566
f 2679/3466/1543 2671/2960/1366 2895/3467/1615
f 167/3438/1603 169/3264/1526 157/3263/1385
f 163/3468/1482 160/3456/1558 162/3458/1611
f 998/3469/1616 12/3470/1616 9/3471/1616
f 1002/3335/1540 76/3472/1502 10/3452/1608
f 2883/3371/1575 2674/3370/1439 2847/3473/1561
f 2681/3372/1421 2883/3371/1575 2676/3323/1508
f 1954/3156/1470 1967/3460/1612 1792/3414/1595
f 1974/3021/1400 1792/3414/1595 1951/3474/1444
f 1274/3475/1617 1224/3227/1283 1283/3229/1511
f 1283/3476/1511 1275/3477/1535 1274/3478/1617
f 7/3427/1583 10/3479/1608 16/3480/1618
f 164/3481/1619 163/3468/1482 162/3458/1611
f 998/3482/1620 8/3483/1620 11/3484/1620
f 2895/3467/1615 2671/2960/1366 2678/3241/1516
f 16/3480/1618 8/3428/1600 7/3427/1583
f 399/3406/1591 396/3321/1555 472/3485/1621
f 998/3486/1622 11/3487/1622 12/3488/1622
f 165/3489/1623 13/3490/1623 174/3491/1623
f 422/3492/1624 1269/3285/1536 1272/3317/1554
f 464/3493/1625 1393/3494/1527 461/3403/1588
f 1788/3495/1545 1787/3496/1552 1790/3497/1601
f 13/3498/1626 165/3455/1609 4/3454/1546
f 1254/3185/1354 1276/3499/1479 1263/3183/1486
f 1263/3359/1486 1276/3500/1479 88/3360/1568
f 1959/3501/1429 1951/3502/1444 1791/3503/1627
f 2468/3274/1530 2467/3060/1422 2528/3191/1490
f 1276/3504/1479 82/3505/1465 1273/3506/1569
f 6/3365/1572 79/3364/1571 1000/3236/1514
f 77/3507/1628 76/3508/1502 1/3237/1277
f 2675/3340/1498 2890/3509/1629 2847/3341/1561
f 1397/3510/1630 470/3413/1584 1396/3412/1594
f 1001/3425/1532 166/3511/1631 161/3424/1598
f 165/3512/1609 167/3513/1603 168/3514/1520
f 169/3515/1526 170/3516/1632 171/3517/1633
f 2883/3371/1575 2847/3473/1561 2884/3518/1634
f 465/3306/1549 395/3305/1548 462/3353/1565
f 2469/3377/1577 2470/3519/1585 2185/3376/1382
f 1000/3236/1514 77/3507/1628 1/3237/1277
f 1712/3520/1438 1645/3136/1460 1651/3521/1587
f 1275/3477/1535 1277/3522/1635 1274/3478/1617
f 422/3492/1624 1270/3523/1539 1269/3285/1536
f 1319/3429/1340 1316/3524/1542 1315/3525/1636
f 465/3526/1637 469/3527/1637 1392/3528/1637
f 1648/3286/1537 2042/3168/1292 1652/3529/1604
f 1313/3362/1570 1312/3123/1454 1311/3329/1557
f 470/3395/1584 1398/3530/1638 1390/3166/1476
f 1270/3531/1539 422/3532/1624 1266/3533/1501
f 2885/3534/1639 2676/3323/1508 2883/3371/1575
f 12/3535/1640 4/3454/1546 9/3536/1602
f 174/3537/1641 180/3538/1642 176/3539/1643
f 21/3540/1644 8/3428/1600 16/3480/1618
f 2046/3541/1497 1783/3378/1578 2045/3380/1346
f 171/3542/1633 170/3516/1632 183/3543/1645
f 159/3544/1538 169/3515/1526 171/3517/1633
f 1391/3211/1503 1390/3166/1476 1398/3530/1638
f 1319/3429/1340 1315/3525/1636 1314/3399/1586
f 183/3543/1645 170/3516/1632 187/3545/1646
f 1966/3546/1592 1959/3501/1429 1791/3503/1627
f 1274/3475/1617 428/3547/1590 1224/3227/1283
f 2606/3279/1533 2605/3548/1647 2603/3240/1515
f 174/3537/1641 172/3549/1648 165/3512/1609
f 2208/3550/1500 1400/3551/1596 2213/3552/1649
f 12/3535/1640 13/3498/1626 4/3454/1546
f 462/3353/1565 399/3406/1591 463/3553/1614
f 176/3539/1643 172/3549/1648 174/3537/1641
f 1392/3402/1466 466/3554/1650 461/3403/1588
f 172/3549/1648 167/3513/1603 165/3512/1609
f 487/3555/1651 1394/3384/1541 467/3369/1574
f 1387/3108/1404 1391/3211/1503 552/3556/1652
f 1307/3318/1456 1277/3557/1635 1275/3284/1535
f 308/3558/1653 162/3458/1611 239/3457/1610
f 2601/3016/1397 2599/3001/1388 2612/3559/1654
f 1396/3446/1594 1394/3445/1541 468/3560/1655
f 308/3561/1656 164/3562/1656 162/3563/1656
f 428/3564/1590 1274/3565/1617 418/3566/1657
f 1790/3431/1601 1789/3462/1613 1975/3432/1544
f 1000/3236/1514 79/3364/1571 14/3567/1658
f 1001/3425/1532 163/3568/1482 166/3511/1631
f 2599/3001/1388 2596/2898/1338 2610/3569/1659
f 2610/3569/1659 2596/2898/1338 2216/3570/1660
f 1967/3356/1567 1970/3173/1481 1855/3571/1661
f 396/3321/1555 401/3410/1593 400/3572/1662
f 2208/3550/1500 2211/3573/1663 2209/3574/1599
f 167/3513/1603 170/3516/1632 169/3515/1526
f 173/3575/1664 174/3576/1641 13/3577/1626
f 1396/3578/1594 473/3579/1665 1397/3580/1630
f 161/3581/1598 237/3582/1666 238/3583/1597
f 159/3584/1667 171/3585/1667 181/3586/1667
f 470/3587/1584 1397/3588/1630 491/3589/1668
f 13/3498/1626 12/3535/1640 24/3590/1669
f 1787/3409/1552 1966/3408/1592 1794/3591/1670
f 1311/3329/1557 1314/3399/1586 1315/3525/1636
f 2208/3550/1500 2213/3552/1649 2211/3573/1663
f 10/3479/1608 26/3592/1671 16/3480/1618
f 239/3457/1610 175/3593/1529 241/3594/1672
f 15/3595/1673 1000/3236/1514 14/3567/1658
f 23/3596/1674 8/3428/1600 21/3540/1644
f 187/3545/1646 170/3516/1632 167/3513/1603
f 166/3597/1675 240/3598/1675 161/3599/1675
f 1792/3600/1595 1793/3601/1676 1951/3602/1444
f 1264/3393/1488 83/3603/1677 79/3391/1571
f 11/3604/1678 8/3428/1600 19/3605/1679
f 2603/3240/1515 2216/3570/1660 2596/2898/1338
f 1249/3042/1413 1224/2777/1283 427/3404/1589
f 77/3606/1628 26/3607/1671 10/3452/1608
f 10/3452/1608 76/3472/1502 77/3606/1628
f 238/3608/1597 400/3609/1662 401/3610/1593
f 2675/3340/1498 2848/3611/1680 2890/3509/1629
f 467/3612/1574 1393/3494/1527 464/3493/1625
f 172/3613/1681 176/3614/1681 177/3615/1681
f 171/3542/1633 183/3543/1645 185/3616/1682
f 1398/3530/1638 1399/3617/1683 1391/3211/1503
f 239/3457/1610 160/3456/1558 175/3593/1529
f 1970/3618/1684 1799/3619/1684 1855/3620/1684
f 16/3621/1618 26/3622/1671 21/3623/1644
f 241/3624/1685 308/3625/1685 239/3626/1685
f 13/3498/1626 24/3590/1669 17/3627/1686
f 1966/3628/1592 1791/3629/1627 1853/3630/1687
f 14/3631/1658 79/3391/1571 30/3632/1688
f 23/3596/1674 19/3605/1679 8/3428/1600
f 1966/3628/1592 1853/3630/1687 1794/3633/1670
f 240/3634/1689 237/3582/1666 161/3581/1598
f 473/3579/1665 1396/3578/1594 468/3635/1655
f 1971/3636/1560 1789/3637/1613 1795/3638/1690
f 2606/3639/1533 2207/3640/1559 2607/3641/1691
f 181/3642/1692 178/3643/1693 159/3287/1538
f 181/3644/1692 171/3645/1633 182/3646/1694
f 243/3647/1695 166/3511/1631 163/3568/1482
f 2207/3459/1559 2209/3419/1599 2210/3648/1696
f 179/3649/1697 171/3542/1633 185/3616/1682
f 164/3481/1619 243/3650/1695 163/3468/1482
f 171/3645/1633 179/3651/1697 182/3646/1694
f 1790/3497/1601 1787/3496/1552 1794/3652/1670
f 167/3513/1603 172/3549/1648 187/3545/1646
f 12/3653/1698 11/3654/1698 20/3655/1698
f 1400/3656/1596 1387/3108/1404 552/3556/1652
f 426/3443/1606 1255/3069/1428 1249/3042/1413
f 18/3657/1699 21/3623/1644 26/3622/1671
f 2675/3205/1498 2604/3231/1512 2848/3658/1680
f 240/3659/1700 166/3660/1631 243/3661/1695
f 1792/3414/1595 1967/3460/1612 1793/3662/1676
f 180/3663/1642 174/3576/1641 173/3575/1664
f 2604/3266/1512 2601/3016/1397 2612/3559/1654
f 480/3664/1701 469/3465/1566 463/3464/1614
f 472/3485/1621 396/3321/1555 403/3665/1702
f 11/3666/1678 19/3667/1679 20/3668/1703
f 172/3669/1648 177/3670/1704 187/3671/1646
f 1316/3524/1542 438/3672/1705 1315/3525/1636
f 1394/3673/1541 487/3674/1651 468/3635/1655
f 2604/3266/1512 2612/3559/1654 2611/3675/1706
f 1794/3676/1707 1797/3677/1707 1790/3678/1707
f 1392/3402/1466 469/3679/1566 479/3680/1708
f 17/3627/1686 173/3681/1664 13/3498/1626
f 240/3682/1709 245/3683/1709 237/3684/1709
f 472/3685/1621 463/3553/1614 399/3406/1591
f 1789/3637/1613 1790/3686/1601 1797/3687/1710
f 176/3688/1643 193/3689/1711 177/3690/1704
f 1653/3691/1712 1316/3292/1542 1649/3342/1562
f 554/3692/1713 1277/3557/1635 1307/3318/1456
f 1784/3693/1714 1646/3152/1468 2044/3154/1445
f 400/3572/1662 403/3665/1702 396/3321/1555
f 1970/3694/1715 1971/3695/1715 1799/3696/1715
f 308/3697/1716 241/3698/1672 244/3699/1717
f 176/3688/1643 180/3700/1642 193/3689/1711
f 473/3701/1665 491/3702/1668 1397/3703/1630
f 188/3704/1718 241/3594/1672 175/3593/1529
f 1796/3705/1719 1853/3630/1687 1791/3629/1627
f 2044/3706/1445 1720/3707/1720 1784/3708/1714
f 88/3360/1568 83/3709/1677 1264/3358/1488
f 15/3595/1673 77/3507/1628 1000/3236/1514
f 238/3608/1597 237/3710/1666 402/3711/1721
f 1795/3638/1690 1789/3637/1613 1797/3687/1710
f 552/3556/1652 1391/3211/1503 1399/3617/1683
f 12/3535/1640 20/3712/1703 24/3590/1669
f 1650/3343/1563 1653/3691/1712 1649/3342/1562
f 477/3713/1722 461/3403/1588 466/3554/1650
f 1652/3439/1604 1646/3152/1468 1724/3714/1723
f 400/3609/1662 238/3608/1597 402/3711/1721
f 479/3680/1708 466/3554/1650 1392/3402/1466
f 491/3589/1668 492/3715/1724 470/3587/1584
f 181/3716/1692 182/3717/1694 194/3718/1725
f 2676/3323/1508 2885/3534/1639 2886/3719/1726
f 183/3720/1645 184/3721/1727 185/3722/1682
f 181/3642/1692 186/3723/1728 178/3643/1693
f 1783/3378/1578 2046/3541/1497 1721/3724/1729
f 1853/3725/1687 1797/3726/1710 1794/3727/1670
f 183/3720/1645 187/3728/1646 184/3721/1727
f 21/3729/1644 22/3730/1730 23/3731/1674
f 1951/3602/1444 1796/3705/1719 1791/3629/1627
f 23/3731/1674 22/3730/1730 19/3732/1679
f 164/3733/1619 242/3734/1731 243/3735/1695
f 2211/3736/1663 2219/3737/1732 2209/3738/1599
f 2605/3739/1733 2606/3740/1733 2607/3741/1733
f 2194/3396/1522 2470/3398/1585 2188/3742/1734
f 438/3743/1735 1316/3744/1735 439/3745/1735
f 1398/3746/1638 470/3747/1584 490/3748/1736
f 178/3643/1693 175/3271/1529 159/3287/1538
f 308/3749/1716 242/3734/1731 164/3733/1619
f 1795/3638/1690 1799/3750/1737 1971/3636/1560
f 484/3751/1738 473/3579/1665 468/3635/1655
f 1274/3565/1617 419/3752/1739 418/3566/1657
f 19/3667/1679 29/3753/1740 20/3668/1703
f 241/3754/1672 188/3755/1718 189/3756/1741
f 439/3757/1742 1316/3292/1542 1653/3691/1712
f 1797/3726/1710 1853/3725/1687 1795/3638/1690
f 2194/3277/1522 2188/3758/1734 2047/3275/1531
f 2210/3648/1696 2209/3419/1599 2226/3759/1743
f 188/3704/1718 175/3593/1529 178/3760/1693
f 194/3718/1725 182/3717/1694 179/3761/1697
f 24/3762/1669 25/3763/1744 17/3764/1686
f 241/3765/1672 248/3766/1745 247/3767/1746
f 18/3768/1699 26/3769/1671 27/3770/1747
f 80/3433/1553 1266/3771/1501 84/3772/1748
f 2885/3534/1639 2883/3371/1575 2887/3773/1749
f 2887/3773/1749 2886/3719/1726 2885/3534/1639
f 477/3713/1722 464/3493/1625 461/3403/1588
f 21/3729/1644 18/3768/1699 27/3770/1747
f 193/3689/1711 180/3700/1642 190/3774/1750
f 83/3603/1677 30/3632/1688 79/3391/1571
f 27/3770/1747 26/3769/1671 28/3775/1751
f 1651/3521/1587 1645/3136/1460 1654/3776/1752
f 1651/3400/1587 1655/3777/1753 1650/3343/1563
f 429/3778/1754 1313/3362/1570 1311/3329/1557
f 1313/3362/1570 554/3692/1713 1307/3318/1456
f 403/3779/1702 400/3780/1662 406/3781/1755
f 26/3607/1671 77/3606/1628 28/3782/1751
f 241/3698/1672 247/3783/1746 244/3699/1717
f 487/3674/1651 471/3784/1756 468/3635/1655
f 1650/3343/1563 1655/3777/1753 1653/3691/1712
f 2895/3467/1615 2894/3785/1757 2679/3466/1543
f 1967/3786/1758 1855/3787/1758 1793/3788/1758
f 402/3711/1721 406/3789/1755 400/3609/1662
f 199/3790/1759 194/3718/1725 179/3761/1697
f 1721/3791/1729 2046/3346/1497 2187/3345/1510
f 2218/3792/1760 2209/3738/1599 2219/3737/1732
f 420/3793/1761 426/3794/1606 1249/3795/1413
f 84/3796/1748 1266/3797/1501 423/3798/1762
f 14/3567/1658 91/3799/1763 15/3595/1673
f 187/3800/1646 191/3801/1764 184/3802/1727
f 473/3701/1665 476/3803/1765 491/3702/1668
f 19/3732/1679 22/3730/1730 29/3804/1740
f 484/3751/1738 468/3635/1655 471/3784/1756
f 1724/3714/1723 1646/3152/1468 1784/3693/1714
f 1313/3362/1570 429/3778/1754 554/3692/1713
f 421/3805/1766 422/3806/1624 1272/3807/1554
f 480/3664/1701 479/3808/1708 469/3465/1566
f 243/3809/1767 242/3810/1767 205/3811/1767
f 244/3812/1717 242/3734/1731 308/3749/1716
f 187/3800/1646 177/3813/1704 191/3801/1764
f 2213/3552/1649 2214/3814/1768 2211/3573/1663
f 2883/3371/1575 2884/3518/1634 2887/3773/1749
f 1854/3815/1769 1799/3750/1737 1795/3638/1690
f 1796/3705/1719 1951/3602/1444 1793/3601/1676
f 190/3816/1750 192/3817/1770 193/3818/1711
f 423/3819/1762 1266/3533/1501 422/3532/1624
f 1855/3820/1771 1798/3821/1772 1793/3601/1676
f 407/3822/1773 472/3823/1621 403/3824/1702
f 472/3825/1621 480/3826/1701 463/3827/1614
f 1273/3434/1569 80/3433/1553 84/3772/1748
f 1274/3565/1617 1277/3828/1635 424/3829/1774
f 484/3830/1775 483/3831/1775 473/3832/1775
f 14/3567/1658 30/3833/1688 91/3799/1763
f 1796/3705/1719 1793/3601/1676 1798/3821/1772
f 180/3834/1776 192/3835/1776 190/3836/1776
f 1854/3815/1769 1795/3638/1690 1853/3725/1687
f 2219/3737/1732 2211/3736/1663 2214/3837/1768
f 487/3555/1651 467/3369/1574 475/3838/1777
f 467/3612/1574 464/3493/1625 474/3839/1778
f 467/3840/1574 474/3841/1778 475/3842/1777
f 77/3507/1628 15/3595/1673 31/3843/1779
f 241/3765/1672 189/3844/1741 248/3766/1745
f 173/3845/1664 192/3846/1770 180/3847/1642
f 1854/3848/1769 1853/3630/1687 1796/3705/1719
f 25/3763/1744 24/3762/1669 20/3849/1703
f 2468/3274/1530 2475/3850/1780 2469/3377/1577
f 25/3763/1744 173/3851/1664 17/3764/1686
f 27/3770/1747 22/3730/1730 21/3729/1644
f 483/3852/1781 476/3853/1781 473/3854/1781
f 477/3855/1722 474/3839/1778 464/3493/1625
f 1273/3856/1782 84/3857/1782 85/3858/1782
f 1400/3859/1596 2212/3860/1783 2213/3861/1649
f 481/3862/1784 477/3713/1722 466/3554/1650
f 472/3825/1621 407/3863/1773 480/3826/1701
f 245/3864/1785 249/3865/1785 237/3866/1785
f 2604/3266/1512 2611/3675/1706 2608/3867/1786
f 1648/3286/1537 1654/3776/1752 1645/3136/1460
f 1398/3746/1638 490/3748/1736 550/3868/1787
f 403/3824/1702 404/3869/1788 407/3822/1773
f 242/3870/1731 244/3871/1717 246/3872/1789
f 2214/3873/1768 2213/3874/1649 2215/3875/1790
f 194/3876/1725 195/3877/1791 181/3878/1692
f 1810/3879/1792 1799/3880/1737 1854/3881/1769
f 1796/3882/1719 1810/3879/1792 1854/3881/1769
f 199/3883/1759 195/3877/1791 194/3876/1725
f 425/3884/1793 1272/3807/1554 1271/3885/1550
f 2603/3240/1515 2605/3548/1647 2216/3570/1660
f 492/3886/1794 490/3887/1794 470/3888/1794
f 1271/3885/1550 426/3889/1606 425/3884/1793
f 418/3890/1657 427/3891/1589 428/3892/1590
f 86/3893/1795 83/3603/1677 88/3894/1568
f 77/3507/1628 31/3843/1779 32/3895/1796
f 1855/3896/1771 1800/3897/1797 1798/3898/1772
f 1798/3898/1772 1800/3897/1797 1796/3882/1719
f 404/3899/1788 403/3779/1702 406/3781/1755
f 476/3900/1765 483/3901/1798 491/3902/1668
f 2209/3419/1599 2218/3903/1760 2226/3759/1743
f 419/3752/1739 1274/3565/1617 424/3829/1774
f 477/3904/1799 481/3905/1799 478/3906/1799
f 25/3763/1744 20/3907/1703 33/3908/1800
f 200/3909/1801 240/3659/1700 243/3661/1695
f 20/3668/1703 29/3753/1740 33/3910/1800
f 247/3911/1746 248/3912/1745 244/3913/1717
f 1272/3807/1554 425/3884/1793 421/3805/1766
f 177/3914/1704 202/3915/1802 191/3916/1764
f 196/3917/1803 191/3801/1764 197/3918/1804
f 479/3680/1708 494/3919/1805 466/3554/1650
f 479/3920/1708 480/3921/1701 410/3922/1806
f 34/3923/1807 29/3924/1740 22/3925/1730
f 193/3818/1711 198/3926/1808 177/3914/1704
f 1800/3927/1797 1855/3928/1771 1857/3929/1809
f 1799/3880/1737 1810/3879/1792 1801/3930/1810
f 189/3756/1741 188/3755/1718 204/3931/1811
f 177/3914/1704 198/3926/1808 202/3915/1802
f 1796/3882/1719 1802/3932/1812 1810/3879/1792
f 478/3933/1813 474/3839/1778 477/3855/1722
f 192/3817/1770 198/3926/1808 193/3818/1711
f 244/3913/1717 248/3912/1745 246/3872/1789
f 186/3934/1728 195/3935/1791 196/3917/1803
f 2605/3936/1647 2228/3937/1814 2216/3938/1660
f 424/3829/1774 1277/3828/1635 554/3939/1713
f 2599/3001/1388 2610/3569/1659 2609/3940/1815
f 438/3672/1705 436/3941/1816 1315/3525/1636
f 494/3942/1817 481/3943/1817 466/3944/1817
f 83/3603/1677 86/3893/1795 30/3632/1688
f 200/3909/1801 245/3945/1818 240/3659/1700
f 1813/3946/1819 1796/3882/1719 1800/3897/1797
f 181/3878/1692 195/3877/1791 186/3947/1728
f 1802/3932/1812 1806/3948/1820 1810/3879/1792
f 27/3770/1747 34/3923/1807 22/3925/1730
f 195/3935/1791 199/3949/1759 196/3917/1803
f 87/3950/1821 85/3951/1822 96/3952/1823
f 33/3953/1800 29/3924/1740 34/3923/1807
f 2212/3954/1783 2215/3875/1790 2213/3874/1649
f 199/3955/1759 179/3956/1697 196/3957/1803
f 1783/3958/1824 1719/3959/1824 1720/3960/1824
f 1315/3525/1636 555/3961/1825 1311/3329/1557
f 88/3894/1568 89/3962/1826 86/3893/1795
f 35/3963/1827 28/3964/1751 32/3895/1796
f 188/3755/1718 178/3965/1693 204/3931/1811
f 28/3782/1751 77/3606/1628 32/3966/1796
f 36/3967/1828 27/3770/1747 28/3775/1751
f 3024/3968/1829 3020/3969/1830 3018/3970/1831
f 201/3971/1832 173/3851/1664 25/3763/1744
f 3018/3972/1833 3017/3973/1833 3024/3974/1833
f 429/3975/1754 430/3976/1834 431/3977/1835
f 249/3978/1836 402/3711/1721 237/3710/1666
f 243/3979/1837 205/3980/1837 200/3981/1837
f 35/3963/1827 36/3982/1828 28/3964/1751
f 1855/3983/1771 1799/3984/1737 1803/3985/1838
f 27/3770/1747 36/3967/1828 34/3923/1807
f 196/3917/1803 197/3918/1804 206/3986/1839
f 1806/3948/1820 1802/3932/1812 1805/3987/1840
f 479/3988/1841 410/3989/1841 494/3990/1841
f 198/3991/1842 173/3992/1842 201/3993/1842
f 429/3778/1754 1311/3329/1557 430/3994/1834
f 482/3995/1843 483/3996/1798 484/3997/1844
f 2610/3998/1845 2616/3999/1845 2609/4000/1845
f 2678/3324/1516 2676/3323/1508 2888/4001/1846
f 1804/4002/1847 1799/3880/1737 1801/3930/1810
f 1815/4003/1848 1812/4004/1849 1806/4005/1820
f 1802/3932/1812 1796/3882/1719 1856/4006/1850
f 179/3956/1697 185/4007/1682 196/3957/1803
f 2889/4008/1851 2676/3323/1508 2886/3719/1726
f 202/3915/1802 197/4009/1804 191/3916/1764
f 2215/3875/1790 2217/4010/1852 2214/3873/1768
f 1719/4011/1853 1784/3708/1714 1720/3707/1720
f 192/3846/1770 173/3845/1664 198/4012/1808
f 1796/3882/1719 1813/3946/1819 1856/4006/1850
f 1806/4005/1820 1805/4013/1840 1815/4003/1848
f 421/3805/1766 432/4014/1854 422/3806/1624
f 1868/4015/1855 1813/3946/1819 1800/3897/1797
f 2214/3837/1768 2221/4016/1856 2219/3737/1732
f 31/3843/1779 15/3595/1673 91/3799/1763
f 487/4017/1857 484/4018/1857 471/4019/1857
f 485/4020/1858 474/3841/1778 478/4021/1813
f 2604/3231/1512 2608/4022/1786 2848/3658/1680
f 191/3801/1764 196/3917/1803 184/3802/1727
f 423/3819/1762 422/3532/1624 441/4023/1859
f 189/4024/1860 204/4025/1860 248/4026/1860
f 197/4027/1804 202/4028/1802 203/4029/1861
f 3017/4030/1862 3018/4031/1863 3019/4032/1864
f 1810/4033/1792 1812/4034/1849 1811/4035/1865
f 1810/3879/1792 1809/4036/1866 1801/3930/1810
f 2607/3641/1691 2207/3640/1559 2618/4037/1867
f 33/4038/1800 37/4039/1868 38/4040/1869
f 25/3763/1744 33/3908/1800 38/4041/1869
f 2207/4042/1870 2210/4043/1870 2618/4044/1870
f 1812/4034/1849 1810/4033/1792 1806/4045/1820
f 1807/4046/1871 1804/4002/1847 1801/3930/1810
f 2884/3518/1634 2847/3473/1561 2890/4047/1629
f 430/3994/1834 1311/3329/1557 555/3961/1825
f 2605/4048/1872 2607/4049/1872 2623/4050/1872
f 196/3917/1803 185/4051/1682 184/3802/1727
f 248/3912/1745 204/4052/1811 246/3872/1789
f 483/3996/1798 482/3995/1843 486/4053/1873
f 1660/4054/1874 1857/3929/1809 1855/3928/1771
f 406/3781/1755 405/4055/1875 404/3899/1788
f 487/4056/1651 482/3995/1843 484/3997/1844
f 426/3889/1606 433/4057/1876 425/3884/1793
f 88/4058/1568 1276/4059/1479 89/4060/1826
f 84/4061/1748 96/4062/1823 85/4063/1822
f 35/3963/1827 34/4064/1807 36/3982/1828
f 408/4065/1877 406/4066/1755 402/4067/1721
f 2221/4068/1878 2214/4069/1878 2217/4070/1878
f 434/4071/1879 418/3566/1657 419/3752/1739
f 205/4072/1880 204/4073/1811 208/4074/1881
f 432/4014/1854 421/3805/1766 435/4075/1882
f 1315/4076/1883 436/4077/1883 555/4078/1883
f 205/4079/1880 207/4080/1884 210/4081/1885
f 1400/3859/1596 553/4082/1886 2212/3860/1783
f 1858/4083/1887 1800/3927/1797 1857/3929/1809
f 2884/3518/1634 2891/4084/1888 2887/3773/1749
f 201/3971/1832 25/3763/1744 39/4085/1889
f 1868/4086/1855 1800/3927/1797 1858/4083/1887
f 1802/3932/1812 1856/4006/1850 1805/3987/1840
f 2468/3274/1530 2528/3191/1490 2527/4087/1890
f 2047/4088/1531 1722/4089/1891 2187/4090/1510
f 550/3868/1787 1399/4091/1683 1398/3746/1638
f 33/4038/1800 34/4092/1807 37/4039/1868
f 1656/4093/1892 1654/3776/1752 1648/3286/1537
f 1856/4094/1850 1808/4095/1893 1805/4096/1840
f 474/3841/1778 485/4020/1858 475/3842/1777
f 404/3899/1788 489/4097/1894 407/4098/1773
f 205/4099/1880 242/3870/1731 204/4052/1811
f 196/3917/1803 206/3986/1839 186/3934/1728
f 1651/3521/1587 1654/3776/1752 1713/4100/1895
f 25/3763/1744 38/4041/1869 39/4085/1889
f 488/4101/1896 485/4020/1858 478/4021/1813
f 1273/4102/1569 85/4103/1822 90/4104/1897
f 2887/3773/1749 2892/4105/1898 2886/3719/1726
f 407/4106/1773 489/4107/1894 480/3921/1701
f 1807/4046/1871 1801/3930/1810 1809/4108/1866
f 490/4109/1736 491/4110/1668 483/3996/1798
f 1805/4013/1840 1808/4111/1893 1815/4003/1848
f 1648/3286/1537 1652/4112/1604 1656/4093/1892
f 1276/3504/1479 1273/3506/1569 100/4113/1899
f 2218/4114/1760 2219/4115/1732 2220/4116/1900
f 420/3793/1761 433/4057/1876 426/3889/1606
f 420/3793/1761 1249/3795/1413 437/4117/1901
f 2607/3641/1691 2618/4037/1867 2622/4118/1902
f 1657/4119/1903 1652/4112/1604 1724/4120/1723
f 202/4028/1802 198/4121/1808 201/4122/1832
f 40/4123/1904 34/4064/1807 35/3963/1827
f 206/4124/1839 197/4125/1804 203/4126/1861
f 205/4079/1880 210/4081/1885 200/4127/1905
f 1721/4128/1729 2400/4129/1906 1783/4130/1578
f 2889/4008/1851 2886/3719/1726 2893/4131/1907
f 2611/4132/1706 2612/4133/1654 2613/4134/1908
f 245/4135/1909 200/4136/1909 249/4137/1909
f 1810/4138/1910 1811/4139/1910 1809/4140/1910
f 205/4072/1880 208/4074/1881 207/4141/1884
f 39/4142/1889 38/4040/1869 37/4039/1868
f 2468/3274/1530 2527/4087/1890 2475/3850/1780
f 2048/4143/1911 2047/3275/1531 2188/3758/1734
f 2612/3559/1654 2599/3001/1388 2609/3940/1815
f 3018/4031/1863 3021/4144/1912 3019/4032/1864
f 208/4145/1881 235/4146/1913 207/4147/1884
f 201/4122/1832 203/4029/1861 202/4028/1802
f 1803/4148/1838 1799/4149/1737 1804/4150/1847
f 490/4151/1914 492/4152/1914 491/4153/1914
f 96/3952/1823 95/4154/1915 87/3950/1821
f 2618/4037/1867 2614/4155/1916 2622/4118/1902
f 489/4107/1894 410/3922/1806 480/3921/1701
f 441/4023/1859 422/3532/1624 432/4156/1854
f 39/4085/1889 203/4157/1861 201/3971/1832
f 2220/4116/1900 2219/4115/1732 2221/4158/1856
f 1812/4159/1849 1815/4160/1848 1816/4161/1917
f 2607/4162/1918 2622/4163/1918 2623/4164/1918
f 1399/4165/1683 550/4166/1787 497/4167/1919
f 40/4168/1904 37/4039/1868 34/4092/1807
f 438/4169/1920 439/4170/1920 436/4171/1920
f 242/3870/1731 246/3872/1789 204/4052/1811
f 2221/4158/1856 2217/4172/1852 2220/4116/1900
f 208/4173/1881 204/3931/1811 178/3965/1693
f 552/4174/1652 553/4175/1886 1400/4176/1596
f 178/3643/1693 186/3723/1728 218/4177/1921
f 408/4178/1877 405/4055/1875 406/3781/1755
f 2848/3611/1680 2608/4179/1786 2890/3509/1629
f 482/3995/1843 487/4056/1651 551/4180/1922
f 2888/4181/1846 2894/4182/1757 2678/4183/1516
f 2218/3903/1760 2222/4184/1923 2226/3759/1743
f 1816/4161/1917 1811/4185/1865 1812/4159/1849
f 2400/4186/1924 1721/4187/1925 2187/4188/1926
f 1657/4119/1903 1656/4093/1892 1652/4112/1604
f 178/3643/1693 214/4189/1927 208/4145/1881
f 2678/4183/1516 2894/4182/1757 2895/4190/1615
f 410/4191/1806 493/4192/1928 494/4193/1929
f 2212/3860/1783 553/4082/1886 2223/4194/1930
f 404/3899/1788 405/4055/1875 489/4097/1894
f 478/4021/1813 481/4195/1931 488/4101/1896
f 2608/3867/1786 2611/3675/1706 2635/4196/1932
f 1660/4054/1874 1855/3928/1771 1803/4197/1838
f 86/3893/1795 43/4198/1933 30/3632/1688
f 2676/3323/1508 2889/4008/1851 2888/4001/1846
f 1713/4199/1895 1655/3777/1753 1651/4200/1587
f 43/4198/1933 91/4201/1763 30/3632/1688
f 35/3963/1827 32/3895/1796 41/4202/1934
f 2849/4203/1935 2884/3518/1634 2890/4047/1629
f 412/4204/1936 249/4205/1836 210/4206/1885
f 200/4207/1905 210/4206/1885 249/4205/1836
f 2217/4208/1852 2215/4209/1790 2224/4210/1937
f 3018/4211/1938 3020/4212/1938 3021/4213/1938
f 2232/4214/1939 552/4174/1652 1399/4165/1683
f 2471/4215/1940 2188/3742/1734 2470/3398/1585
f 1653/3691/1712 1655/3777/1753 1713/4199/1895
f 420/3793/1761 440/4216/1941 433/4057/1876
f 2212/3860/1783 2224/4210/1937 2215/4209/1790
f 425/3884/1793 435/4075/1882 421/3805/1766
f 2616/4217/1942 2615/4218/1943 2609/4219/1944
f 1856/4220/1850 1813/4221/1819 1868/4222/1855
f 2225/4223/1945 2210/4224/1696 2226/4225/1743
f 487/3555/1651 475/3838/1777 499/4226/1946
f 39/4142/1889 42/4227/1947 203/4228/1861
f 203/4126/1861 45/4229/1948 206/4124/1839
f 1807/4230/1871 1864/4231/1949 1804/4232/1847
f 87/4233/1821 95/4234/1915 104/4235/1950
f 2616/4236/1951 2610/4237/1951 2216/4238/1951
f 429/4239/1754 561/4240/1952 554/4241/1713
f 2475/3850/1780 2472/4242/1953 2469/3377/1577
f 2605/3936/1647 2623/4243/1954 2228/3937/1814
f 2210/4244/1955 2617/4245/1955 2618/4246/1955
f 2222/4247/1923 2218/4114/1760 2220/4116/1900
f 402/4067/1721 249/4248/1836 412/4249/1936
f 405/4055/1875 408/4178/1877 409/4250/1956
f 490/4109/1736 483/3996/1798 486/4053/1873
f 2212/3860/1783 2223/4194/1930 2224/4210/1937
f 489/4097/1894 405/4055/1875 409/4250/1956
f 92/4251/1957 1276/4252/1957 97/4253/1957
f 1808/4095/1893 1814/4254/1958 1815/4255/1848
f 1783/4130/1578 1730/4256/1959 1719/4257/1853
f 2400/4258/1924 2187/4259/1926 1722/4260/1960
f 214/4189/1927 178/3643/1693 218/4177/1921
f 1276/4059/1479 92/4261/1961 89/4060/1826
f 84/3796/1748 423/3798/1762 441/4262/1859
f 2228/4263/1814 2616/4264/1962 2216/4265/1660
f 430/3976/1834 555/4266/1825 431/3977/1835
f 101/4267/1963 91/3799/1763 43/4268/1933
f 415/4269/1964 410/4270/1806 489/4097/1894
f 35/3963/1827 41/4202/1934 40/4123/1904
f 431/4271/1835 555/4272/1825 556/4273/1965
f 2622/4274/1966 2614/4275/1966 2621/4276/1966
f 410/4277/1806 415/4278/1964 493/4279/1928
f 90/4280/1897 100/4113/1899 1273/3506/1569
f 104/4235/1950 85/4281/1822 87/4233/1821
f 488/4101/1896 475/4282/1777 485/4020/1858
f 2234/4283/1967 2223/4194/1930 553/4082/1886
f 488/4101/1896 499/4284/1946 475/4282/1777
f 91/3799/1763 101/4267/1963 31/3843/1779
f 2217/4172/1852 2224/4210/1937 2220/4116/1900
f 2613/4134/1908 2861/4285/1968 2611/4132/1706
f 1857/3929/1809 1859/4286/1969 1858/4083/1887
f 2223/4194/1930 2234/4283/1967 2224/4210/1937
f 487/3555/1651 499/4226/1946 551/4287/1922
f 1809/4288/1866 1811/4289/1865 1807/4230/1871
f 2210/4224/1696 2225/4223/1945 2617/4290/1970
f 186/4291/1728 206/4124/1839 209/4292/1971
f 411/4293/1972 415/4269/1964 489/4097/1894
f 412/4249/1936 408/4065/1877 402/4067/1721
f 2892/4105/1898 2887/3773/1749 2891/4084/1888
f 431/4271/1835 556/4273/1965 429/4239/1754
f 1784/4294/1714 1723/4295/1973 1724/4296/1723
f 495/4297/1974 481/4195/1931 494/4193/1929
f 2220/4116/1900 2224/4210/1937 2222/4247/1923
f 440/4216/1941 420/3793/1761 437/4117/1901
f 486/4053/1873 482/3995/1843 551/4298/1922
f 1857/3929/1809 1660/4054/1874 1859/4286/1969
f 2400/4129/1906 1730/4256/1959 1783/4130/1578
f 93/4299/1975 96/4062/1823 84/4061/1748
f 494/4193/1929 493/4192/1928 495/4297/1974
f 94/4300/1976 104/4301/1950 95/4302/1915
f 1816/4303/1917 1815/4255/1848 1814/4254/1958
f 2617/4304/1977 2614/4305/1977 2618/4306/1977
f 42/4227/1947 39/4142/1889 44/4307/1978
f 1399/4165/1683 497/4167/1919 2232/4214/1939
f 424/4308/1774 557/4309/1979 419/3752/1739
f 486/4053/1873 551/4298/1922 490/4109/1736
f 2048/4310/1911 1722/4089/1891 2047/4088/1531
f 2470/3398/1585 2477/4311/1980 2471/4215/1940
f 1811/4289/1865 1820/4312/1981 1807/4230/1871
f 550/3868/1787 490/3748/1736 551/4313/1922
f 2225/4314/1945 2226/4315/1743 2227/4316/1982
f 2861/4317/1983 2635/4318/1983 2611/4319/1983
f 436/4320/1984 439/3757/1742 1653/3691/1712
f 408/4321/1877 412/4322/1936 409/4323/1956
f 86/3893/1795 52/4324/1985 43/4198/1933
f 493/4279/1928 415/4278/1964 495/4325/1974
f 37/4039/1868 44/4307/1978 39/4142/1889
f 2893/4131/1907 2896/4326/1986 2889/4008/1851
f 1803/4148/1838 1804/4150/1847 1862/4327/1987
f 495/4297/1974 488/4101/1896 481/4195/1931
f 2234/4283/1967 2222/4247/1923 2224/4210/1937
f 2527/4328/1890 2528/4329/1490 2473/4330/1988
f 207/4147/1884 235/4146/1913 210/4331/1885
f 203/4228/1861 42/4227/1947 45/4332/1948
f 552/4174/1652 2232/4214/1939 553/4175/1886
f 436/4320/1984 1653/3691/1712 1658/4333/1989
f 2946/4334/1990 2886/3719/1726 2892/4105/1898
f 2886/3719/1726 2946/4334/1990 2893/4131/1907
f 2619/4335/1991 2612/3559/1654 2609/3940/1815
f 550/4336/1787 496/4337/1992 497/4338/1919
f 1860/4339/1993 1804/4340/1847 1864/4341/1949
f 1803/4342/1838 1861/4343/1994 1659/4344/1995
f 2473/4330/1988 2679/4345/1543 2894/4346/1757
f 2620/4347/1996 2612/3559/1654 2619/4335/1991
f 95/4302/1915 96/4348/1823 94/4300/1976
f 2849/4203/1935 2891/4084/1888 2884/3518/1634
f 441/4262/1859 93/4349/1975 84/3796/1748
f 2622/4350/1997 2621/4351/1997 2231/4352/1997
f 2619/4353/1998 2609/4354/1998 2628/4355/1998
f 409/4250/1956 411/4293/1972 489/4097/1894
f 2617/4356/1970 2225/4314/1945 2227/4316/1982
f 434/4357/1879 1249/3795/1413 427/3891/1589
f 1653/3691/1712 1713/4199/1895 1658/4333/1989
f 1861/4358/1994 1803/4148/1838 1862/4327/1987
f 432/4156/1854 442/4359/1999 441/4023/1859
f 1817/4360/2000 1808/4095/1893 1856/4094/1850
f 2470/3519/1585 2469/3377/1577 2477/4361/1980
f 499/4284/1946 488/4101/1896 495/4362/1974
f 2622/4363/2001 2231/4364/2001 2623/4365/2001
f 1723/4295/1973 1784/4294/1714 1719/4257/1853
f 86/3893/1795 89/3962/1826 52/4324/1985
f 40/4168/1904 48/4366/2002 37/4039/1868
f 1808/4095/1893 1817/4360/2000 1814/4254/1958
f 2857/4367/2003 2612/4368/1654 2620/4369/1996
f 1804/4340/1847 1860/4339/1993 1862/4370/1987
f 1811/4371/1865 1816/4372/1917 1814/4373/1958
f 2849/4374/1935 2608/4179/1786 2850/4375/2004
f 1821/4376/2005 1820/4377/1981 1811/4371/1865
f 1807/4230/1871 1820/4312/1981 1864/4231/1949
f 2614/4378/2006 2617/4379/1970 2621/4380/2007
f 1659/4381/1995 1660/4054/1874 1803/4197/1838
f 433/4057/1876 435/4075/1882 425/3884/1793
f 208/4145/1881 214/4189/1927 235/4146/1913
f 2528/4329/1490 2679/4345/1543 2473/4330/1988
f 1724/4120/1723 1723/4382/1973 1657/4119/1903
f 2620/4347/1996 2619/4335/1991 2270/4383/2008
f 97/4384/2009 1276/4385/2009 100/4386/2009
f 1656/4093/1892 1713/4100/1895 1654/3776/1752
f 2613/4387/1908 2612/4388/1654 2861/4389/1968
f 559/4390/2010 424/4391/1774 554/4241/1713
f 2635/4392/1932 2850/4375/2004 2608/4179/1786
f 2616/4264/1962 2228/4263/1814 2624/4393/2011
f 105/4394/2012 89/4060/1826 92/4261/1961
f 497/4167/1919 496/4395/1992 2232/4214/1939
f 2628/4396/2013 2609/4219/1944 2615/4218/1943
f 432/4014/1854 435/4075/1882 442/4397/1999
f 561/4240/1952 559/4390/2010 554/4241/1713
f 1858/4083/1887 1859/4286/1969 1863/4398/2014
f 85/4103/1822 104/4399/1950 90/4104/1897
f 98/4400/2015 96/4062/1823 93/4299/1975
f 1660/4054/1874 1725/4401/2016 1859/4286/1969
f 2474/4402/2017 2477/4361/1980 2469/3377/1577
f 1822/4403/2018 1817/4404/2018 1856/4405/2018
f 2048/4406/1911 2188/3742/1734 2471/4215/1940
f 48/4407/2019 40/4408/2019 46/4409/2019
f 45/4229/1948 211/4410/2020 206/4124/1839
f 2226/4315/1743 2235/4411/2021 2227/4316/1982
f 2858/4412/2022 2861/4413/2022 2612/4414/2022
f 418/3890/1657 434/4357/1879 427/3891/1589
f 1811/4371/1865 1818/4415/2023 1821/4376/2005
f 2268/4416/2024 2857/4417/2003 2620/4418/1996
f 2889/4008/1851 2897/4419/2025 2888/4001/1846
f 2616/4420/2026 2853/4421/2026 2615/4422/2026
f 2231/4423/2027 2230/4424/2027 2623/4425/2027
f 2621/4380/2007 2617/4379/1970 2231/4426/2028
f 1858/4083/1887 1869/4427/2029 1868/4086/1855
f 2850/4375/2004 2851/4428/2030 2849/4374/1935
f 2229/4429/2031 2228/3937/1814 2623/4243/1954
f 2230/4430/2032 2229/4429/2031 2623/4243/1954
f 96/4062/1823 98/4400/2015 94/4431/1976
f 1814/4373/1958 1818/4415/2023 1811/4371/1865
f 2891/4084/1888 2898/4432/2033 2892/4105/1898
f 2857/4367/2003 2858/4433/2034 2612/4368/1654
f 2228/4434/2035 2229/4435/2035 2272/4436/2035
f 206/4124/1839 211/4410/2020 209/4292/1971
f 2890/3509/1629 2608/4179/1786 2849/4374/1935
f 37/4039/1868 48/4366/2002 44/4307/1978
f 1821/4437/2005 1819/4438/2036 1820/4439/1981
f 99/4440/2037 105/4394/2012 92/4261/1961
f 2270/4441/2038 2619/4442/2038 2628/4443/2038
f 218/4444/2039 212/4445/2039 214/4446/2039
f 1863/4398/2014 1859/4286/1969 1725/4401/2016
f 40/4123/1904 41/4202/1934 46/4447/2040
f 2230/4448/2032 2231/4449/2028 2617/4450/1970
f 3020/4451/2041 3027/4452/2041 3021/4453/2041
f 2475/4454/1780 2527/4328/1890 2480/4455/2042
f 2625/4456/2043 2857/4417/2003 2268/4416/2024
f 1660/4457/1874 1659/4344/1995 1661/4458/2044
f 2617/4450/1970 2227/4459/1982 2230/4448/2032
f 1818/4460/2023 1814/4461/1958 1821/4462/2005
f 1862/4370/1987 1860/4339/1993 1676/4463/2045
f 496/4395/1992 603/4464/2046 2232/4214/1939
f 44/4307/1978 78/4465/2047 42/4227/1947
f 498/4466/2048 551/4467/1922 499/4468/1946
f 1660/4469/1874 1662/4470/2049 1725/4471/2016
f 496/4337/1992 550/4336/1787 551/4472/1922
f 209/4292/1971 218/4473/1921 186/4291/1728
f 1817/4474/2000 1822/4475/2050 1814/4476/1958
f 2635/4477/2051 2861/4478/2051 2859/4479/2051
f 2894/4346/1757 2911/4480/2052 2473/4330/1988
f 1822/4481/2050 1856/4482/1850 1823/4483/2053
f 1814/4461/1958 1824/4484/2054 1821/4462/2005
f 1820/4485/2055 1866/4486/2055 1864/4487/2055
f 411/4488/1972 409/4323/1956 413/4489/2056
f 412/4322/1936 210/4490/1885 414/4491/2057
f 419/3752/1739 557/4309/1979 434/4071/1879
f 2894/4182/1757 2888/4181/1846 2899/4492/2058
f 2227/4459/1982 2235/4493/2021 2230/4448/2032
f 553/4494/2059 2232/4495/2059 2264/4496/2059
f 1866/4497/2060 1820/4439/1981 1819/4438/2036
f 1824/4484/2054 1819/4498/2036 1821/4462/2005
f 42/4227/1947 78/4465/2047 47/4499/2061
f 3021/4500/1912 3027/4501/2062 3029/4502/2063
f 90/4503/1897 104/4504/1950 100/4505/1899
f 437/4117/1901 1249/3795/1413 443/4506/2064
f 3019/4032/1864 3021/4144/1912 3030/4507/2065
f 1662/4508/2049 1660/4457/1874 1661/4458/2044
f 500/4509/2066 551/4472/1922 498/4510/2048
f 3019/4032/1864 3030/4507/2065 3022/4511/2067
f 43/4198/1933 52/4324/1985 101/4512/1963
f 551/4472/1922 500/4509/2066 501/4513/2068
f 2472/4242/1953 2474/4402/2017 2469/3377/1577
f 1814/4476/1958 1822/4475/2050 1825/4514/2069
f 213/4515/2070 214/4516/1927 212/4517/2071
f 92/4518/1961 97/4519/2072 102/4520/2073
f 97/4521/2072 100/4505/1899 104/4504/1950
f 99/4522/2037 92/4523/1961 103/4524/2074
f 105/4394/2012 99/4440/2037 111/4525/2075
f 45/4332/1948 42/4227/1947 47/4499/2061
f 559/4390/2010 557/4526/1979 424/4391/1774
f 104/4527/1950 94/4431/1976 98/4400/2015
f 557/4528/2076 450/4529/2076 434/4530/2076
f 495/4325/1974 498/4466/2048 499/4468/1946
f 2620/4531/1996 2270/4532/2008 2268/4533/2024
f 2854/4534/2077 2615/4535/1943 2853/4536/2078
f 414/4491/2057 409/4323/1956 412/4322/1936
f 48/4537/2002 46/4538/2040 44/4307/1978
f 235/4539/1913 214/4540/1927 215/4541/2079
f 496/4337/1992 551/4472/1922 502/4542/2080
f 2228/4263/1814 2233/4543/2081 2624/4393/2011
f 2228/4544/2082 2272/4545/2082 2233/4546/2082
f 1663/4547/2083 1659/4344/1995 1861/4343/1994
f 2222/4184/1923 2234/4548/1967 2264/4549/2084
f 1864/4550/1949 1866/4551/2085 1872/4552/2086
f 2472/4553/2087 2475/4554/2087 2480/4555/2087
f 495/4325/1974 415/4278/1964 417/4556/2088
f 31/3843/1779 101/4267/1963 32/3895/1796
f 2222/4184/1923 2235/4557/2021 2226/3759/1743
f 213/4515/2070 215/4558/2079 214/4516/1927
f 1659/4344/1995 1664/4559/2089 1661/4458/2044
f 1827/4560/2090 1814/4476/1958 1825/4514/2069
f 46/4538/2040 78/4465/2047 44/4307/1978
f 414/4491/2057 210/4490/1885 235/4561/1913
f 555/4272/1825 558/4562/2091 556/4273/1965
f 559/4563/2010 560/4564/2092 565/4565/2093
f 105/4566/2094 106/4567/2094 89/4568/2094
f 1814/4461/1958 1827/4569/2090 1828/4570/2095
f 433/4057/1876 444/4571/2096 435/4075/1882
f 2616/4572/2097 2852/4573/2097 2853/4574/2097
f 435/4075/1882 459/4575/2098 442/4397/1999
f 502/4542/2080 551/4472/1922 501/4513/2068
f 2234/4283/1967 553/4082/1886 2264/4576/2084
f 1659/4344/1995 1665/4577/2099 1664/4559/2089
f 433/4057/1876 440/4216/1941 444/4571/2096
f 459/4575/2098 441/4578/1859 442/4397/1999
f 111/4525/2075 106/4579/2100 105/4394/2012
f 1814/4461/1958 1828/4570/2095 1824/4484/2054
f 561/4580/1952 563/4581/2101 559/4582/2010
f 2891/4084/1888 2849/4203/1935 2900/4583/2102
f 1824/4484/2054 1826/4584/2103 1819/4498/2036
f 3019/4585/1864 3023/4586/2104 3017/4587/1862
f 1872/4552/2086 1860/4339/1993 1864/4550/1949
f 2628/4396/2013 2615/4218/1943 2854/4588/2077
f 218/4473/1921 209/4292/1971 216/4589/2105
f 561/4240/1952 429/4239/1754 556/4273/1965
f 98/4400/2015 93/4299/1975 109/4590/2106
f 563/4581/2101 561/4580/1952 562/4591/2107
f 2235/4557/2021 2236/4592/2108 2230/4430/2032
f 1860/4339/1993 1865/4593/2109 1676/4463/2045
f 2635/4594/1932 2859/4595/2110 2626/4596/2111
f 559/4563/2010 563/4597/2101 560/4564/2092
f 49/4598/2112 32/3895/1796 50/4599/2113
f 1714/4600/2114 1862/4370/1987 1676/4463/2045
f 1819/4498/2036 1826/4584/2103 1866/4601/2060
f 413/4489/2056 415/4602/1964 411/4488/1972
f 61/4603/2115 89/4604/1826 106/4605/2100
f 417/4556/2088 498/4466/2048 495/4325/1974
f 2222/4184/1923 2264/4549/2084 2235/4557/2021
f 217/4606/2116 213/4607/2070 212/4608/2071
f 555/4272/1825 436/4609/1984 558/4562/2091
f 102/4520/2073 97/4519/2072 104/4610/1950
f 2859/4611/2117 2861/4612/2117 2860/4613/2117
f 2236/4592/2108 2229/4429/2031 2230/4430/2032
f 1828/4614/2095 1830/4615/2118 1824/4616/2054
f 102/4617/2073 103/4524/2074 92/4523/1961
f 102/4520/2073 104/4610/1950 98/4400/2015
f 500/4509/2066 498/4510/2048 501/4513/2068
f 2889/4008/1851 2896/4326/1986 2897/4419/2025
f 1665/4577/2099 1659/4344/1995 1663/4547/2083
f 212/4618/2119 218/4619/2120 220/4620/2121
f 1862/4327/1987 1714/4621/2114 1861/4358/1994
f 413/4489/2056 409/4323/1956 414/4491/2057
f 107/4622/2122 111/4525/2075 99/4440/2037
f 1868/4222/1855 1894/4623/2123 1856/4220/1850
f 1823/4483/2053 1825/4624/2069 1822/4481/2050
f 2616/4625/1962 2624/4626/2011 2862/4627/2124
f 560/4564/2092 563/4597/2101 562/4628/2107
f 2268/4533/2024 2270/4532/2008 2269/4629/2125
f 1830/4615/2118 1826/4630/2103 1824/4616/2054
f 557/4631/1979 503/4632/2126 450/4633/2127
f 1827/4634/2090 1829/4635/2128 1828/4636/2095
f 603/4637/2046 496/4337/1992 568/4638/2129
f 441/4639/2130 445/4640/2130 93/4641/2130
f 556/4273/1965 562/4591/2107 561/4580/1952
f 1827/4634/2090 1835/4642/2131 1829/4635/2128
f 1725/4401/2016 1728/4643/2132 1863/4398/2014
f 603/4464/2046 564/4644/2133 2232/4214/1939
f 41/4202/1934 32/3895/1796 49/4598/2112
f 98/4400/2015 109/4590/2106 102/4520/2073
f 459/4575/2098 435/4075/1882 444/4571/2096
f 559/4645/2134 565/4646/2134 503/4647/2134
f 1863/4398/2014 1869/4427/2029 1858/4083/1887
f 211/4410/2020 45/4229/1948 47/4648/2061
f 2853/4649/2135 2852/4650/2135 2854/4651/2135
f 89/3962/1826 61/4652/2115 52/4324/1985
f 2268/4653/2024 2269/4654/2125 2625/4655/2043
f 441/4656/1859 459/4657/2098 445/4658/2136
f 557/4526/1979 559/4390/2010 503/4659/2126
f 2626/4660/2111 2855/4661/2137 2635/4662/1932
f 2850/4375/2004 2635/4392/1932 2855/4663/2137
f 107/4622/2122 99/4440/2037 108/4664/2138
f 109/4665/2139 93/4666/2139 445/4667/2139
f 1825/4624/2069 1835/4668/2131 1827/4669/2090
f 2527/4328/1890 2473/4330/1988 2480/4455/2042
f 41/4202/1934 49/4598/2112 51/4670/2140
f 2048/4671/1911 2471/4672/1940 2323/4673/2141
f 2852/4674/2142 2616/4625/1962 2862/4627/2124
f 568/4638/2129 496/4337/1992 502/4542/2080
f 110/4675/2143 111/4676/2075 107/4677/2122
f 235/4678/2144 215/4679/2144 222/4680/2144
f 1861/4343/1994 1714/4681/2114 1663/4547/2083
f 1656/4093/1892 1666/4682/2145 1713/4100/1895
f 1825/4624/2069 1833/4683/2146 1835/4668/2131
f 1730/4256/1959 1726/4684/2147 1719/4257/1853
f 219/4685/2148 252/4686/2149 213/4607/2070
f 3024/4687/1829 3017/4688/1862 3025/4689/2150
f 2400/4690/2151 1722/4691/2151 2323/4692/2151
f 2270/4693/2008 2628/4694/2152 2271/4695/2153
f 501/4513/2068 568/4638/2129 502/4542/2080
f 2891/4084/1888 2900/4583/2102 2898/4432/2033
f 106/4696/2100 111/4697/2075 112/4698/2154
f 1828/4614/2095 1831/4699/2155 1830/4615/2118
f 2850/4375/2004 2855/4663/2137 2856/4700/2156
f 2627/4701/2157 2857/4417/2003 2625/4456/2043
f 3019/4702/2158 3022/4703/2158 3023/4704/2158
f 217/4606/2116 260/4705/2159 213/4607/2070
f 605/4706/2160 562/4591/2107 556/4273/1965
f 46/4447/2040 41/4202/1934 51/4670/2140
f 219/4685/2148 213/4607/2070 260/4705/2159
f 1823/4483/2053 1833/4683/2146 1825/4624/2069
f 1872/4552/2086 1865/4593/2109 1860/4339/1993
f 2850/4375/2004 2856/4700/2156 2851/4428/2030
f 1667/4707/2161 1664/4559/2089 1665/4577/2099
f 2946/4334/1990 2892/4105/1898 2898/4432/2033
f 213/4607/2070 252/4686/2149 215/4708/2079
f 2857/4709/2162 2627/4710/2162 2858/4711/2162
f 1831/4699/2155 1828/4614/2095 1829/4712/2128
f 1866/4713/2163 1871/4714/2163 1872/4715/2163
f 2864/4716/2164 2859/4717/2110 2860/4718/2165
f 2852/4719/2166 2862/4720/2166 2854/4721/2166
f 52/4722/1985 53/4723/2167 101/4267/1963
f 1722/4724/1891 2048/4671/1911 2323/4673/2141
f 2893/4131/1907 2946/4334/1990 2901/4725/2168
f 503/4726/2126 565/4565/2093 560/4564/2092
f 109/4727/2106 103/4524/2074 102/4617/2073
f 437/4117/1901 446/4728/2169 440/4216/1941
f 2854/4729/2170 2271/4730/2170 2628/4731/2170
f 1863/4398/2014 1867/4732/2171 1869/4427/2029
f 1830/4733/2118 1831/4734/2155 1832/4735/2172
f 509/4736/2173 498/4510/2048 417/4737/2088
f 564/4644/2133 603/4464/2046 604/4738/2174
f 110/4739/2143 113/4740/2175 111/4741/2075
f 2232/4214/1939 564/4644/2133 2264/4742/2084
f 224/4743/2176 212/4744/2176 220/4745/2176
f 218/4619/2120 221/4746/2177 220/4620/2121
f 46/4447/2040 54/4747/2178 78/4748/2047
f 498/4510/2048 504/4749/2179 501/4513/2068
f 1668/4750/2180 1665/4577/2099 1663/4547/2083
f 3024/3968/1829 3026/4751/2181 3020/3969/1830
f 414/4491/2057 235/4561/1913 416/4752/2182
f 110/4675/2143 107/4677/2122 114/4753/2183
f 2897/4754/2025 2899/4492/2058 2888/4181/1846
f 2849/4203/1935 2851/4755/2030 2902/4756/2184
f 443/4506/2064 447/4757/2185 448/4758/2186
f 2902/4756/2184 2900/4583/2102 2849/4203/1935
f 2264/4759/2084 564/4760/2133 2237/4761/2187
f 1866/4762/2060 1826/4630/2103 1871/4763/2188
f 216/4764/2189 221/4765/2189 218/4766/2189
f 2864/4767/2164 2626/4596/2111 2859/4595/2110
f 215/4708/2079 252/4686/2149 222/4768/2190
f 503/4769/2126 560/4770/2092 566/4771/2191
f 2861/4772/2192 2858/4773/2192 2860/4774/2192
f 53/4775/2167 52/4324/1985 61/4652/2115
f 2630/4776/2193 2272/4777/2194 2229/4778/2031
f 2630/4776/2193 2233/4779/2195 2272/4777/2194
f 255/4780/2196 250/4781/2197 251/4782/2198
f 217/4606/2116 223/4783/2199 260/4705/2159
f 2233/4784/2081 2629/4785/2200 2624/4786/2011
f 3020/3969/1830 3026/4751/2181 3027/4787/2062
f 1830/4615/2118 1836/4788/2201 1826/4630/2103
f 224/4789/2202 223/4783/2199 217/4606/2116
f 1868/4790/2203 1869/4791/2203 1894/4792/2203
f 1714/4681/2114 1669/4793/2204 1663/4547/2083
f 2474/4402/2017 2472/4242/1953 2479/4794/2205
f 2322/4795/2206 2400/4796/1906 2323/4797/2141
f 273/4798/2207 251/4799/2198 250/4800/2197
f 217/4606/2116 212/4801/2071 224/4789/2202
f 261/4802/2208 252/4803/2149 219/4804/2148
f 450/4633/2127 503/4632/2126 512/4805/2209
f 2233/4806/2210 2630/4807/2210 2629/4808/2210
f 32/3895/1796 101/4267/1963 50/4599/2113
f 2893/4131/1907 2901/4725/2168 2896/4326/1986
f 258/4809/2211 255/4780/2196 251/4782/2198
f 258/4809/2211 253/4810/2212 255/4780/2196
f 560/4564/2092 562/4628/2107 566/4811/2191
f 1835/4812/2131 1833/4813/2146 1834/4814/2213
f 1726/4684/2147 1723/4295/1973 1719/4257/1853
f 1668/4750/2180 1663/4547/2083 1669/4793/2204
f 2629/4785/2200 2862/4815/2124 2624/4786/2011
f 2626/4596/2111 2864/4767/2164 2633/4816/2214
f 1725/4471/2016 1662/4470/2049 1727/4817/2215
f 2854/4818/2216 2862/4819/2216 2629/4820/2216
f 2275/4821/2217 2270/4693/2008 2271/4695/2153
f 449/4822/2218 446/4728/2169 437/4117/1901
f 415/4602/1964 413/4489/2056 314/4823/2219
f 437/4117/1901 443/4506/2064 449/4822/2218
f 2269/4654/2125 2631/4824/2220 2625/4655/2043
f 1661/4458/2044 1670/4825/2221 1662/4508/2049
f 1829/4826/2128 1835/4827/2131 1834/4828/2213
f 51/4670/2140 54/4747/2178 46/4447/2040
f 1871/4763/2188 1826/4630/2103 1836/4788/2201
f 108/4829/2138 99/4830/2037 128/4831/2222
f 2264/4549/2084 2284/4832/2223 2235/4557/2021
f 1713/4100/1895 1666/4682/2145 1682/4833/2224
f 220/4834/2121 221/4835/2177 224/4836/2202
f 1656/4093/1892 1671/4837/2225 1666/4682/2145
f 2629/4838/2226 2271/4839/2153 2854/4840/2227
f 3024/4687/1829 3025/4689/2150 3026/4841/2181
f 1661/4458/2044 1664/4559/2089 1672/4842/2228
f 2625/4843/2043 2631/4844/2220 2627/4845/2157
f 447/4757/2185 443/4506/2064 1249/3795/1413
f 112/4846/2154 111/4741/2075 113/4740/2175
f 1829/4826/2128 1834/4828/2213 1831/4847/2155
f 2235/4557/2021 2284/4832/2223 2236/4592/2108
f 50/4599/2113 101/4267/1963 53/4723/2167
f 2858/4848/2229 2863/4849/2230 2860/4850/2165
f 603/4851/2046 583/4852/2231 604/4853/2174
f 1823/4854/2053 1834/4814/2213 1833/4813/2146
f 47/4648/2061 60/4855/2232 211/4410/2020
f 503/4632/2126 505/4856/2233 512/4805/2209
f 1713/4199/1895 1684/4857/2234 1658/4333/1989
f 2629/4838/2226 2630/4858/2193 2271/4839/2153
f 509/4736/2173 504/4749/2179 498/4510/2048
f 2229/4429/2031 2236/4592/2108 2278/4859/2235
f 1723/4295/1973 1726/4684/2147 1715/4860/2236
f 254/4861/2237 250/4862/2197 255/4863/2196
f 564/4864/2133 604/4865/2174 567/4866/2238
f 1661/4458/2044 1672/4842/2228 1670/4825/2221
f 1730/4256/1959 2400/4129/1906 2326/4867/2239
f 416/4868/2182 235/4869/1913 222/4870/2190
f 1657/4119/1903 1715/4871/2236 1656/4093/1892
f 444/4571/2096 453/4872/2240 459/4575/2098
f 446/4728/2169 453/4872/2240 444/4571/2096
f 103/4524/2074 118/4873/2241 99/4522/2037
f 506/4874/2242 603/4875/2242 568/4876/2242
f 562/4628/2107 606/4877/2243 566/4811/2191
f 61/4603/2115 106/4605/2100 123/4878/2244
f 2271/4879/2153 2630/4776/2193 2275/4880/2217
f 112/4846/2154 113/4740/2175 123/4881/2244
f 2275/4880/2217 2630/4776/2193 2229/4778/2031
f 1668/4750/2180 1673/4882/2245 1665/4577/2099
f 1863/4398/2014 1728/4643/2132 1867/4732/2171
f 107/4883/2246 108/4884/2246 114/4885/2246
f 313/4886/2247 416/4868/2182 222/4870/2190
f 569/4887/2248 2237/4888/2187 564/4864/2133
f 113/4740/2175 117/4889/2249 123/4881/2244
f 2626/4660/2111 2633/4890/2214 2855/4661/2137
f 506/4891/2250 568/4638/2129 507/4892/2251
f 556/4273/1965 571/4893/2252 605/4706/2160
f 2864/4716/2164 2860/4718/2165 2863/4894/2230
f 1667/4707/2161 1674/4895/2253 1664/4559/2089
f 583/4852/2231 603/4851/2046 506/4896/2250
f 253/4897/2212 256/4898/2254 255/4899/2196
f 505/4856/2233 511/4900/2255 512/4805/2209
f 273/4798/2207 250/4800/2197 274/4901/2256
f 558/4562/2091 571/4893/2252 556/4273/1965
f 568/4638/2129 501/4513/2068 507/4892/2251
f 1836/4902/2201 1830/4733/2118 1832/4735/2172
f 2479/4794/2205 2476/4903/2257 2474/4402/2017
f 1834/4828/2213 1832/4735/2172 1831/4847/2155
f 216/4589/2105 209/4292/1971 229/4904/2258
f 113/4905/2175 110/4906/2143 114/4907/2183
f 106/4696/2100 112/4698/2154 123/4908/2244
f 1665/4577/2099 1673/4882/2245 1667/4707/2161
f 2951/4909/2259 2898/4432/2033 2900/4583/2102
f 2324/4910/2260 2323/4673/2141 2471/4672/1940
f 436/4320/1984 1658/4333/1989 585/4911/2261
f 570/4912/2262 503/4769/2126 566/4771/2191
f 606/4877/2243 562/4628/2107 605/4913/2160
f 571/4914/2252 572/4915/2263 605/4916/2160
f 445/4658/2136 459/4657/2098 453/4917/2240
f 1674/4895/2253 1672/4842/2228 1664/4559/2089
f 2858/4848/2229 2866/4918/2264 2863/4849/2230
f 573/4919/2265 505/4856/2233 503/4632/2126
f 2856/4920/2266 2903/4921/2266 2851/4922/2266
f 558/4562/2091 436/4609/1984 585/4923/2261
f 564/4864/2133 567/4866/2238 569/4887/2248
f 2866/4918/2264 2858/4848/2229 2627/4924/2157
f 504/4749/2179 508/4925/2267 501/4513/2068
f 2851/4926/2030 2903/4927/2268 2902/4928/2184
f 446/4728/2169 449/4822/2218 453/4872/2240
f 501/4513/2068 508/4925/2267 507/4892/2251
f 2632/4929/2269 2633/4930/2269 2634/4931/2269
f 314/4823/2219 417/4932/2088 415/4602/1964
f 2479/4794/2205 2472/4242/1953 2480/4933/2270
f 1834/4828/2213 1837/4934/2271 1832/4735/2172
f 229/4904/2258 209/4292/1971 225/4935/2272
f 251/4936/2198 271/4937/2273 258/4938/2211
f 2474/4402/2017 2476/4903/2257 2477/4361/1980
f 2634/4939/2274 2633/4940/2274 2864/4941/2274
f 2863/4942/2230 2634/4943/2275 2864/4944/2164
f 2269/4945/2276 2632/4946/2276 2631/4947/2276
f 444/4571/2096 440/4216/1941 446/4728/2169
f 260/4705/2159 223/4783/2199 270/4948/2277
f 2904/4949/2278 2896/4326/1986 2901/4725/2168
f 2902/4756/2184 2905/4950/2279 2900/4583/2102
f 253/4951/2212 259/4952/2280 256/4953/2254
f 507/4892/2251 505/4856/2233 573/4919/2265
f 1669/4793/2204 1675/4954/2281 1668/4750/2180
f 1669/4793/2204 1714/4681/2114 1874/4955/2282
f 2856/4956/2156 2855/4957/2137 2865/4958/2283
f 2237/4761/2187 2238/4959/2284 2264/4759/2084
f 573/4960/2265 503/4769/2126 570/4912/2262
f 1731/4961/2285 1662/4508/2049 1670/4825/2221
f 2269/4629/2125 2270/4532/2008 2273/4962/2286
f 2898/4432/2033 2906/4963/2287 2947/4964/2288
f 1725/4401/2016 1870/4965/2289 1728/4643/2132
f 2856/4966/2156 2867/4967/2290 2903/4968/2268
f 507/4892/2251 508/4925/2267 505/4856/2233
f 257/4969/2291 260/4970/2159 270/4971/2277
f 262/4972/2292 260/4970/2159 257/4969/2291
f 505/4856/2233 508/4925/2267 511/4900/2255
f 1725/4471/2016 1727/4817/2215 1870/4973/2289
f 504/4749/2179 511/4900/2255 508/4925/2267
f 574/4974/2293 507/4892/2251 573/4919/2265
f 1841/4975/2294 1871/4976/2188 1836/4977/2201
f 604/4853/2174 583/4852/2231 577/4978/2295
f 2898/4432/2033 2947/4964/2288 2946/4334/1990
f 2634/4979/2275 2627/4845/2157 2631/4844/2220
f 2229/4980/2031 2274/4981/2296 2275/4982/2217
f 506/4983/2250 507/4984/2251 574/4985/2293
f 113/4905/2175 114/4907/2183 115/4986/2297
f 253/4951/2212 258/4987/2211 259/4952/2280
f 2627/4845/2157 2634/4979/2275 2866/4988/2264
f 2632/4989/2298 2634/4990/2275 2631/4991/2220
f 2907/4992/2299 2902/4928/2184 2903/4927/2268
f 1839/4993/2300 1841/4975/2294 1836/4977/2201
f 504/4749/2179 509/4736/2173 511/4900/2255
f 1714/4994/2301 1676/4995/2301 1874/4996/2301
f 450/4997/2127 447/4757/2185 434/4357/1879
f 251/4998/2198 273/4999/2207 271/5000/2273
f 2481/5001/2302 2477/4361/1980 2476/4903/2257
f 263/5002/2303 255/4899/2196 280/5003/2304
f 78/4748/2047 54/4747/2178 55/5004/2305
f 2276/5005/2306 2632/5006/2307 2269/4629/2125
f 2903/5007/2268 2867/5008/2290 2882/5009/2308
f 445/5010/2136 103/4524/2074 109/4727/2106
f 2634/4943/2275 2863/4942/2230 2866/5011/2264
f 2910/5012/2309 2902/4928/2184 2907/4992/2299
f 566/4771/2191 575/5013/2310 570/4912/2262
f 2273/4962/2286 2276/5005/2306 2269/4629/2125
f 2897/4754/2025 2908/5014/2311 2899/4492/2058
f 54/4747/2178 51/4670/2140 56/5015/2312
f 2909/5016/2313 2894/4182/1757 2899/4492/2058
f 258/4938/2211 271/4937/2273 259/5017/2280
f 1667/4707/2161 1673/4882/2245 1677/5018/2314
f 558/4562/2091 585/4923/2261 571/4893/2252
f 115/4986/2297 116/5019/2315 113/4905/2175
f 2326/5020/2239 2400/4796/1906 2322/4795/2206
f 51/4670/2140 57/5021/2316 56/5015/2312
f 2902/5022/2184 2910/5023/2309 2905/5024/2279
f 271/5000/2273 273/4999/2207 275/5025/2317
f 1871/5026/2318 1875/5027/2319 1872/5028/2086
f 58/5029/2320 50/4599/2113 53/4723/2167
f 1865/4593/2109 1872/5028/2086 1891/5030/2321
f 2471/5031/1940 2477/5032/1980 2481/5033/2302
f 260/5034/2159 266/5035/2322 261/5036/2208
f 280/5003/2304 255/4899/2196 256/4898/2254
f 2901/4725/2168 2946/4334/1990 2944/5037/2323
f 266/5035/2322 260/5034/2159 262/5038/2292
f 1869/4427/2029 1867/4732/2171 1894/5039/2123
f 54/4747/2178 56/5015/2312 55/5004/2305
f 1894/5040/2123 1873/5041/2324 1856/5042/1850
f 1873/5043/2324 1823/4483/2053 1856/4482/1850
f 116/5019/2315 117/5044/2249 113/4905/2175
f 1656/4093/1892 1715/4871/2236 1671/4837/2225
f 261/5036/2208 219/5045/2148 260/5034/2159
f 263/5046/2303 254/4861/2237 255/4863/2196
f 1834/4828/2213 1838/5047/2325 1837/4934/2271
f 2867/5048/2290 2856/4956/2156 2865/4958/2283
f 2270/4693/2008 2275/4821/2217 2274/5049/2296
f 2480/4455/2042 2473/4330/1988 2484/5050/2326
f 264/5051/2327 256/4953/2254 259/4952/2280
f 2951/4909/2259 2906/4963/2287 2898/4432/2033
f 222/5052/2190 252/4803/2149 265/5053/2328
f 1832/4735/2172 1839/5054/2300 1836/4902/2201
f 118/5055/2241 103/4524/2074 445/5010/2136
f 47/5056/2061 55/5004/2305 59/5057/2329
f 2633/5058/2214 2277/5059/2330 2869/5060/2331
f 254/5061/2237 261/5036/2208 266/5035/2322
f 1692/5062/2332 1666/4682/2145 1671/4837/2225
f 216/5063/2333 229/5064/2333 221/5065/2333
f 2897/4419/2025 2896/4326/1986 2904/4949/2278
f 209/4292/1971 211/4410/2020 225/4935/2272
f 606/5066/2243 605/4916/2160 576/5067/2334
f 1838/5068/2325 1834/4814/2213 1823/4854/2053
f 2869/5069/2331 2855/4661/2137 2633/4890/2214
f 1670/4825/2221 1672/4842/2228 1690/5070/2335
f 1874/5071/2282 1676/4463/2045 1735/5072/2336
f 108/5073/2138 115/4986/2297 114/4907/2183
f 57/5021/2316 51/4670/2140 49/4598/2112
f 2229/4980/2031 2278/5074/2235 2274/4981/2296
f 1657/4119/1903 1723/4382/1973 1715/4871/2236
f 2633/5058/2214 2632/5006/2307 2277/5059/2330
f 270/4948/2277 223/4783/2199 224/4789/2202
f 263/5075/2303 261/5036/2208 254/5061/2237
f 570/4912/2262 574/4985/2293 573/4960/2265
f 1871/5076/2337 1841/5077/2337 1875/5078/2337
f 583/4852/2231 591/5079/2338 577/4978/2295
f 1728/5080/2132 1870/4973/2289 1729/5081/2339
f 2276/5005/2306 2277/5059/2330 2632/5006/2307
f 605/4916/2160 572/4915/2263 576/5067/2334
f 2900/4583/2102 2905/4950/2279 2951/4909/2259
f 566/4771/2191 606/5082/2243 575/5013/2310
f 78/4748/2047 55/5004/2305 47/5056/2061
f 577/5083/2295 578/5084/2340 604/5085/2174
f 445/5086/2136 453/5087/2240 118/5088/2241
f 414/4491/2057 315/5089/2341 413/4489/2056
f 1684/4857/2234 1713/4199/1895 1682/5090/2224
f 1839/5054/2300 1840/5091/2342 1841/5092/2294
f 2239/5093/2343 2264/4759/2084 2238/4959/2284
f 59/5057/2329 226/5094/2344 47/5056/2061
f 1832/4735/2172 1837/4934/2271 1839/5054/2300
f 2274/4981/2296 2279/5095/2345 2270/4532/2008
f 2238/5096/2284 2237/5097/2187 2243/5098/2346
f 447/4757/2185 1249/3795/1413 434/4357/1879
f 509/5099/2173 510/5100/2347 511/5101/2255
f 274/4901/2256 250/4800/2197 254/5102/2237
f 570/4912/2262 575/5013/2310 579/5103/2348
f 123/4881/2244 117/4889/2249 121/5104/2349
f 583/4852/2231 506/4896/2250 580/5105/2350
f 1839/5054/2300 1837/4934/2271 1840/5091/2342
f 574/4985/2293 570/4912/2262 579/5103/2348
f 2911/5106/2052 2894/4182/1757 2909/5016/2313
f 118/4873/2241 128/5107/2222 99/4522/2037
f 1837/4934/2271 1838/5047/2325 1840/5091/2342
f 1681/5108/2351 1682/4833/2224 1666/4682/2145
f 49/4598/2112 58/5029/2320 57/5021/2316
f 108/5073/2138 119/5109/2352 115/4986/2297
f 2903/4927/2268 2914/5110/2353 2907/4992/2299
f 416/4752/2182 317/5111/2354 414/4491/2057
f 2914/5112/2353 2903/5007/2268 2882/5009/2308
f 579/5103/2348 506/4983/2250 574/4985/2293
f 264/5113/2355 280/5114/2355 256/5115/2355
f 3028/5116/2356 3017/4587/1862 3023/4586/2104
f 2478/5117/2357 2324/5118/2357 2471/5119/2357
f 2324/4910/2260 2322/5120/2206 2323/4673/2141
f 266/5121/2322 274/4901/2256 254/5102/2237
f 1838/5122/2358 1823/5123/2358 1842/5124/2358
f 1876/5125/2359 1867/4732/2171 1728/4643/2132
f 2279/5095/2345 2273/4962/2286 2270/4532/2008
f 575/5126/2310 606/5066/2243 581/5127/2360
f 1681/5108/2351 1666/4682/2145 1692/5062/2332
f 2326/5128/2361 1726/5129/2361 1730/5130/2361
f 2946/4334/1990 2947/4964/2288 2912/5131/2362
f 506/4983/2250 607/5132/2363 580/5133/2350
f 450/4997/2127 513/5134/2364 447/4757/2185
f 450/5135/2127 512/5136/2209 513/5137/2364
f 317/5138/2354 416/4868/2182 313/4886/2247
f 569/4887/2248 521/5139/2365 2237/4888/2187
f 1731/5140/2285 1727/4817/2215 1662/4470/2049
f 2480/4455/2042 2484/5050/2326 2529/5141/2366
f 579/5103/2348 607/5132/2363 506/4983/2250
f 2901/5142/2168 2944/5143/2323 2904/5144/2278
f 47/5056/2061 226/5094/2344 60/5145/2232
f 116/5019/2315 120/5146/2367 117/5044/2249
f 313/5147/2247 222/5052/2190 265/5053/2328
f 226/5148/2344 211/4410/2020 60/4855/2232
f 257/4969/2291 267/5149/2368 262/4972/2292
f 58/5029/2320 49/4598/2112 50/4599/2113
f 2910/5012/2309 2907/4992/2299 2913/5150/2369
f 1683/5151/2370 1667/4707/2161 1677/5018/2314
f 123/4878/2244 63/5152/2371 61/4603/2115
f 581/5127/2360 582/5153/2372 575/5126/2310
f 271/5154/2273 275/5155/2317 268/5156/2373
f 261/4802/2208 269/5157/2374 252/4803/2149
f 1874/4955/2282 1675/5158/2281 1669/4793/2204
f 413/4489/2056 315/5089/2341 314/4823/2219
f 575/5013/2310 582/5159/2372 579/5103/2348
f 224/4836/2202 221/4835/2177 227/5160/2375
f 2471/5031/1940 2481/5033/2302 2478/5161/2376
f 509/5099/2173 417/5162/2088 314/5163/2219
f 2914/5164/2353 2915/5165/2377 2907/5166/2299
f 2236/5167/2108 2280/5168/2378 2278/5074/2235
f 225/4935/2272 211/4410/2020 226/5148/2344
f 267/5149/2368 266/5121/2322 262/4972/2292
f 1668/4750/2180 1678/5169/2379 1673/4882/2245
f 1677/5018/2314 1673/4882/2245 1679/5170/2380
f 1680/5171/2381 1668/4750/2180 1675/4954/2281
f 1823/4483/2053 1873/5043/2324 1842/5172/2382
f 257/5173/2383 270/5174/2383 272/5175/2383
f 268/5156/2373 259/4952/2280 271/5176/2273
f 2907/5166/2299 2915/5165/2377 2918/5177/2384
f 1735/5072/2336 1676/4463/2045 1865/4593/2109
f 1870/4973/2289 1727/4817/2215 1729/5081/2339
f 3028/5116/2356 3025/5178/2150 3017/4587/1862
f 1667/4707/2161 1683/5151/2370 1674/4895/2253
f 280/5003/2304 261/4802/2208 263/5002/2303
f 2945/5179/2385 2897/5180/2025 2904/5144/2278
f 1673/4882/2245 1678/5169/2379 1679/5170/2380
f 591/5181/2386 583/5182/2386 584/5183/2386
f 453/5087/2240 451/5184/2387 118/5088/2241
f 2868/5185/2388 2882/5186/2388 2867/5187/2388
f 1847/5188/2389 1841/5189/2294 1840/5190/2342
f 2914/5191/2353 2882/5192/2308 2915/5193/2377
f 604/5085/2174 578/5084/2340 567/5194/2238
f 1847/5195/2389 1879/5196/2390 1841/5197/2294
f 1877/5198/2391 1894/5039/2123 1867/4732/2171
f 1875/5199/2319 1841/5197/2294 1879/5196/2390
f 2473/4330/1988 2911/5200/2052 2484/5050/2326
f 58/5029/2320 53/4723/2167 61/5201/2115
f 453/4872/2240 449/4822/2218 452/5202/2392
f 1843/5203/2393 1847/5188/2389 1840/5190/2342
f 2284/4832/2223 2264/4549/2084 2239/5204/2343
f 1672/4842/2228 1674/4895/2253 1690/5070/2335
f 1681/5205/2351 1674/5206/2253 1682/5207/2224
f 1683/5208/2370 1684/5209/2234 1682/5210/2224
f 1729/5211/2339 1876/5125/2359 1728/4643/2132
f 269/5157/2374 261/4802/2208 280/5003/2304
f 117/5044/2249 120/5146/2367 121/5212/2349
f 1838/5213/2325 1843/5203/2393 1840/5214/2342
f 1682/5210/2224 1674/5215/2253 1683/5208/2370
f 1668/4750/2180 1680/5171/2381 1678/5169/2379
f 1891/5030/2321 1872/5028/2086 1875/5027/2319
f 2907/5216/2299 2916/5217/2394 2913/5218/2369
f 2907/5219/2395 2918/5220/2395 2916/5221/2395
f 1688/5222/2396 585/5223/2396 1658/5224/2396
f 108/4829/2138 128/4831/2222 131/5225/2397
f 229/5226/2398 230/5227/2399 221/4835/2177
f 63/5152/2371 123/4878/2244 68/5228/2400
f 1845/5229/2401 1838/5213/2325 1842/5230/2382
f 2882/5192/2308 2868/5231/2402 2915/5193/2377
f 515/5232/2403 569/4887/2248 567/4866/2238
f 452/5233/2404 451/5234/2404 453/5235/2404
f 2944/5143/2323 2946/5236/1990 2912/5237/2362
f 1838/5213/2325 1845/5229/2401 1843/5203/2393
f 2868/5238/2402 2867/5239/2290 2922/5240/2405
f 1715/4871/2236 1685/5241/2406 1671/4837/2225
f 571/4914/2252 1688/5242/2407 572/4915/2263
f 1732/5243/2408 1729/5081/2339 1727/4817/2215
f 2326/5244/2239 1733/5245/2409 1726/4684/2147
f 2529/5246/2410 2479/5247/2410 2480/5248/2410
f 266/5121/2322 267/5149/2368 274/4901/2256
f 320/5249/2411 314/5250/2219 315/5251/2341
f 2913/5252/2369 2905/5024/2279 2910/5023/2309
f 267/5149/2368 257/4969/2291 272/5253/2412
f 1865/4593/2109 1891/5030/2321 1735/5072/2336
f 582/5159/2372 607/5132/2363 579/5103/2348
f 1715/4860/2236 1726/4684/2147 1733/5245/2409
f 2478/5254/2413 2481/5255/2413 2325/5256/2413
f 1674/5206/2253 1681/5205/2351 1690/5257/2335
f 1658/4333/1989 1684/4857/2234 1688/5258/2414
f 2274/4981/2296 2278/5074/2235 2280/5168/2378
f 580/5105/2350 607/5259/2363 608/5260/2415
f 1877/5198/2391 1867/4732/2171 1878/5261/2416
f 315/5251/2341 414/5262/2057 317/5263/2354
f 2905/4950/2279 2917/5264/2417 2951/4909/2259
f 583/4852/2231 580/5105/2350 584/5265/2418
f 2947/5266/2288 2906/5267/2287 2912/5237/2362
f 55/5004/2305 62/5268/2419 59/5057/2329
f 121/5104/2349 122/5269/2420 123/4881/2244
f 1875/5027/2319 1879/5270/2390 1880/5271/2421
f 1689/5272/2422 1670/4825/2221 1690/5070/2335
f 221/4835/2177 230/5227/2399 227/5160/2375
f 283/5273/2423 264/5051/2327 259/4952/2280
f 273/5274/2207 274/5275/2256 275/5276/2317
f 1891/5030/2321 1875/5027/2319 1880/5271/2421
f 2325/5277/2424 2324/5278/2260 2478/5279/2425
f 2913/5218/2369 2916/5217/2394 2923/5280/2426
f 236/5281/2427 270/4948/2277 224/4789/2202
f 585/5282/2261 1688/5242/2407 571/4914/2252
f 1879/5270/2390 1847/5283/2389 1881/5284/2428
f 61/5201/2115 63/5285/2371 58/5029/2320
f 269/5157/2374 265/5053/2328 252/4803/2149
f 2855/4957/2137 2869/5286/2331 2870/5287/2429
f 1878/5261/2416 1867/4732/2171 1876/5125/2359
f 56/5015/2312 57/5021/2316 64/5288/2430
f 1882/5289/2431 1876/5290/2359 1729/5291/2339
f 2484/5050/2326 2483/5292/2432 2529/5141/2366
f 3021/5293/1912 3029/5294/2063 3030/5295/2065
f 2243/5098/2346 2245/5296/2433 2238/5096/2284
f 123/5297/2244 122/5298/2420 68/5299/2400
f 115/4986/2297 119/5109/2352 116/5019/2315
f 1733/5300/2409 1685/5301/2406 1715/5302/2236
f 1681/5205/2351 1692/5303/2332 1690/5257/2335
f 2277/5059/2330 2276/5005/2306 2281/5304/2434
f 1675/4954/2281 1874/5305/2282 1737/5306/2435
f 1680/5171/2381 1675/4954/2281 1737/5306/2435
f 274/5275/2256 276/5307/2436 275/5276/2317
f 2326/5308/2239 2327/5309/2437 1733/5310/2409
f 2327/5309/2437 2326/5308/2239 2322/5311/2206
f 1894/5039/2123 1877/5198/2391 1889/5312/2438
f 1686/5313/2439 1679/5170/2380 1678/5169/2379
f 2911/5200/2052 2482/5314/2440 2484/5050/2326
f 259/4952/2280 268/5156/2373 283/5273/2423
f 62/5268/2419 55/5004/2305 56/5015/2312
f 520/5315/2441 511/5101/2255 510/5100/2347
f 510/5100/2347 509/5099/2173 314/5163/2219
f 447/4757/2185 513/5134/2364 448/4758/2186
f 236/5316/2427 224/4836/2202 227/5160/2375
f 3026/4841/2181 3025/4689/2150 3031/5317/2442
f 1692/5062/2332 1671/4837/2225 1687/5318/2443
f 119/5109/2352 124/5319/2444 116/5019/2315
f 1729/5081/2339 1732/5243/2408 1882/5320/2431
f 514/5321/2445 511/5101/2255 520/5315/2441
f 1688/5322/2414 1684/5209/2234 1683/5208/2370
f 2868/5238/2402 2918/5323/2384 2915/5324/2377
f 59/5057/2329 65/5325/2446 226/5094/2344
f 2923/5326/2447 2916/5327/2447 2918/5328/2447
f 2282/5329/2448 2869/5060/2331 2277/5059/2330
f 1734/5330/2449 1874/5331/2282 1735/5332/2336
f 57/5021/2316 58/5029/2320 72/5333/2450
f 1693/5334/2451 2241/5335/2452 1685/5301/2406
f 236/5281/2427 272/5336/2412 270/4948/2277
f 2871/5337/2453 2865/4958/2283 2855/4957/2137
f 125/5338/2454 122/5269/2420 121/5104/2349
f 124/5319/2444 120/5146/2367 116/5019/2315
f 2483/5339/2455 2484/5340/2455 2486/5341/2455
f 1671/4837/2225 1685/5241/2406 1687/5318/2443
f 2909/5016/2313 2919/5342/2456 2911/5343/2052
f 2238/4959/2284 2246/5344/2457 2239/5093/2343
f 1727/4817/2215 1731/5140/2285 1736/5345/2458
f 108/5346/2138 131/5347/2397 127/5348/2459
f 2867/5048/2290 2865/4958/2283 2872/5349/2460
f 2917/5264/2417 2905/4950/2279 2920/5350/2461
f 2868/5238/2402 2923/5351/2426 2918/5323/2384
f 1692/5352/2332 1687/5318/2443 2241/5353/2452
f 1687/5318/2443 1685/5241/2406 2241/5353/2452
f 3101/5354/2462 3026/4841/2181 3031/5317/2442
f 2922/5240/2405 2923/5351/2426 2868/5238/2402
f 2239/5204/2343 2246/5355/2457 2248/5356/2463
f 120/5146/2367 126/5357/2464 121/5212/2349
f 127/5358/2459 119/5109/2352 108/5073/2138
f 1847/5188/2389 1843/5203/2393 1848/5359/2465
f 3101/5360/2462 3027/4787/2062 3026/4751/2181
f 57/5021/2316 72/5333/2450 64/5288/2430
f 2476/4903/2257 2479/4794/2205 2529/5361/2466
f 2481/5001/2302 2485/5362/2467 2325/5363/2424
f 1879/5270/2390 1881/5284/2428 1890/5364/2468
f 2237/4888/2187 521/5139/2365 2243/5365/2346
f 1692/5366/2332 1689/5367/2422 1690/5368/2335
f 1876/5125/2359 1884/5369/2469 1878/5261/2416
f 606/5066/2243 586/5370/2470 581/5127/2360
f 2906/4963/2287 2951/4909/2259 2948/5371/2471
f 140/5372/2472 131/5373/2397 128/5374/2222
f 225/4935/2272 228/5375/2473 229/4904/2258
f 276/5307/2436 277/5376/2474 275/5276/2317
f 582/5153/2372 608/5377/2415 607/5378/2363
f 2248/5356/2463 2240/5379/2475 2239/5204/2343
f 2529/5380/2476 2483/5381/2476 2486/5382/2476
f 1677/5018/2314 1679/5170/2380 1696/5383/2477
f 1733/5300/2409 1693/5334/2451 1685/5301/2406
f 1688/5384/2478 1683/5385/2478 1691/5386/2478
f 225/4935/2272 226/5148/2344 66/5387/2479
f 2913/5252/2369 2921/5388/2480 2905/5024/2279
f 1692/5389/2481 2241/5390/2481 2242/5391/2481
f 230/5392/2482 229/5393/2482 228/5394/2482
f 2867/5395/2290 2872/5396/2460 2922/5397/2405
f 587/5398/2483 584/5399/2483 589/5400/2483
f 1693/5401/2484 2330/5402/2484 2241/5403/2484
f 449/4822/2218 443/4506/2064 454/5404/2485
f 2327/5405/2437 2322/5406/2206 2328/5407/2486
f 126/5357/2464 125/5408/2454 121/5212/2349
f 2277/5059/2330 2281/5304/2434 2283/5409/2487
f 1727/4817/2215 1736/5345/2458 1732/5243/2408
f 1890/5364/2468 1880/5271/2421 1879/5270/2390
f 1736/5345/2458 1731/5140/2285 1694/5410/2488
f 1686/5313/2439 1678/5169/2379 1680/5171/2381
f 572/4915/2263 1688/5242/2407 1691/5411/2489
f 1735/5332/2336 1883/5412/2490 1734/5330/2449
f 2327/5413/2437 2330/5414/2491 1733/5415/2409
f 2283/5409/2487 2530/5416/2492 2277/5059/2330
f 1845/5229/2401 1846/5417/2493 1843/5203/2393
f 1693/5418/2451 1733/5415/2409 2330/5414/2491
f 2265/5419/2494 2239/5204/2343 2240/5379/2475
f 1883/5420/2490 1735/5072/2336 1891/5030/2321
f 512/5136/2209 514/5321/2445 513/5137/2364
f 1882/5289/2431 1884/5421/2469 1876/5290/2359
f 2495/5422/2495 2484/5050/2326 2482/5314/2440
f 2855/4957/2137 2870/5287/2429 2871/5337/2453
f 569/4887/2248 516/5423/2496 521/5139/2365
f 2274/4981/2296 2280/5168/2378 2279/5095/2345
f 2284/4832/2223 2239/5204/2343 2265/5419/2494
f 313/5424/2247 265/5425/2328 316/5426/2497
f 580/5105/2350 588/5427/2498 584/5265/2418
f 1885/5428/2499 1877/5198/2391 1878/5261/2416
f 526/5429/2500 578/5084/2340 577/5083/2295
f 2919/5342/2456 2482/5430/2440 2911/5343/2052
f 1694/5410/2488 1731/5140/2285 1670/5431/2221
f 2325/5277/2424 2322/5406/2206 2324/5278/2260
f 589/5432/2501 584/5433/2418 588/5434/2498
f 576/5067/2334 586/5370/2470 606/5066/2243
f 2484/5050/2326 2496/5435/2502 2486/5436/2503
f 2241/5437/2504 2330/5438/2504 2242/5439/2504
f 126/5357/2464 120/5146/2367 124/5319/2444
f 2906/5267/2287 2948/5440/2471 2912/5237/2362
f 2329/5441/2505 2322/5406/2206 2325/5277/2424
f 2327/5405/2437 2328/5407/2486 2330/5442/2491
f 1692/5366/2332 2242/5443/2506 1689/5367/2422
f 2485/5362/2467 2481/5001/2302 2476/4903/2257
f 2243/5444/2507 2244/5445/2507 2245/5446/2507
f 1683/5151/2370 1677/5018/2314 1696/5383/2477
f 2238/5447/2284 2245/5448/2433 2246/5449/2457
f 318/5450/2508 317/5138/2354 313/4886/2247
f 2869/5060/2331 2282/5329/2448 2870/5451/2429
f 64/5288/2430 62/5268/2419 56/5015/2312
f 2944/5143/2323 2949/5452/2509 2904/5144/2278
f 1844/5453/2510 1845/5454/2401 1842/5172/2382
f 2913/5252/2369 2923/5455/2426 2924/5456/2511
f 1670/4825/2221 1689/5272/2422 1694/5457/2488
f 589/5458/2501 590/5459/2512 584/5460/2513
f 512/5136/2209 511/5101/2255 514/5321/2445
f 315/5251/2341 321/5461/2514 320/5249/2411
f 59/5057/2329 62/5268/2419 65/5325/2446
f 118/4873/2241 130/5462/2515 128/5107/2222
f 66/5463/2479 226/5094/2344 65/5325/2446
f 274/5275/2256 267/5149/2368 276/5307/2436
f 515/5464/2403 516/5465/2496 569/5466/2248
f 455/5467/2516 443/4506/2064 448/4758/2186
f 268/5156/2373 275/5155/2317 277/5468/2474
f 2921/5388/2480 2913/5252/2369 2924/5456/2511
f 2871/5337/2453 2872/5349/2460 2865/4958/2283
f 230/5469/2517 228/5375/2473 225/4935/2272
f 2500/5470/2518 2497/5471/2519 2529/5361/2466
f 2908/5014/2311 2897/4754/2025 2953/5472/2520
f 122/5473/2420 125/5474/2454 135/5475/2521
f 236/5316/2427 227/5160/2375 288/5476/2522
f 272/5253/2412 278/5477/2523 267/5149/2368
f 2243/5478/2524 528/5479/2525 2244/5480/2526
f 2247/5481/2527 2236/4592/2108 2284/4832/2223
f 225/4935/2272 66/5387/2479 230/5469/2517
f 2236/5167/2108 2247/5482/2527 2280/5168/2378
f 1878/5261/2416 1884/5369/2469 1885/5428/2499
f 67/5483/2528 63/5484/2371 68/5485/2400
f 2282/5329/2448 2277/5059/2330 2530/5416/2492
f 1884/5369/2469 1886/5486/2529 1885/5428/2499
f 2486/5487/2503 2531/5488/2530 2529/5489/2466
f 1887/5490/2531 1891/5030/2321 1880/5271/2421
f 265/5053/2328 269/5157/2374 286/5491/2532
f 2908/5014/2311 2909/5016/2313 2899/4492/2058
f 1842/5172/2382 1873/5043/2324 1844/5453/2510
f 236/5492/2427 279/5493/2533 272/5494/2412
f 2922/5397/2405 2872/5396/2460 2924/5456/2511
f 1734/5330/2449 1883/5412/2490 1888/5495/2534
f 2921/5388/2480 2920/5496/2461 2905/5024/2279
f 454/5404/2485 452/5202/2392 449/4822/2218
f 1877/5198/2391 1885/5428/2499 1889/5312/2438
f 2328/5407/2486 2322/5406/2206 2331/5497/2535
f 1887/5498/2531 1890/5364/2468 1881/5284/2428
f 1683/5499/2536 1696/5500/2536 1691/5501/2536
f 2923/5455/2426 2922/5397/2405 2924/5456/2511
f 3032/5502/2537 3023/5503/2104 3022/5504/2067
f 2485/5362/2467 2476/4903/2257 2497/5471/2519
f 588/5427/2498 580/5105/2350 608/5260/2415
f 1891/5030/2321 1886/5505/2529 1883/5420/2490
f 1883/5420/2490 1886/5505/2529 1888/5506/2534
f 572/4915/2263 1691/5411/2489 576/5067/2334
f 1734/5330/2449 1737/5507/2435 1874/5331/2282
f 2476/4903/2257 2529/5361/2466 2497/5471/2519
f 2917/5508/2417 2920/5509/2461 2925/5510/2538
f 2322/5406/2206 2329/5441/2505 2331/5497/2535
f 2330/5511/2491 2332/5512/2539 2333/5513/2540
f 2331/5497/2535 2334/5514/2541 2328/5407/2486
f 1873/5041/2324 1894/5040/2123 1889/5515/2438
f 526/5516/2500 577/5517/2295 591/5518/2338
f 526/5516/2500 591/5518/2338 599/5519/2542
f 1880/5520/2543 1890/5521/2543 1887/5522/2543
f 2282/5523/2448 2530/5524/2492 2487/5525/2544
f 2246/5355/2457 2266/5526/2545 2248/5356/2463
f 1885/5428/2499 1886/5486/2529 1892/5527/2546
f 2873/5528/2547 2870/5529/2429 2282/5523/2448
f 1886/5505/2529 1891/5030/2321 1892/5530/2546
f 2951/4909/2259 2917/5264/2417 2926/5531/2548
f 1845/5454/2401 1844/5453/2510 1846/5532/2493
f 591/5533/2338 584/5460/2513 590/5459/2512
f 521/5534/2549 528/5535/2549 2243/5536/2549
f 2912/5237/2362 2950/5537/2550 2944/5143/2323
f 2486/5487/2503 2488/5538/2551 2531/5488/2530
f 122/5298/2420 146/5539/2552 68/5299/2400
f 119/5109/2352 129/5540/2553 124/5319/2444
f 317/5541/2354 318/5542/2508 319/5543/2554
f 146/5544/2552 122/5473/2420 135/5475/2521
f 1843/5203/2393 1846/5417/2493 1850/5545/2555
f 2328/5407/2486 2332/5512/2539 2330/5511/2491
f 140/5372/2472 128/5374/2222 130/5546/2515
f 1884/5369/2469 1888/5547/2534 1886/5486/2529
f 127/5358/2459 129/5540/2553 119/5109/2352
f 1847/5548/2556 1848/5549/2556 1851/5550/2556
f 2530/5551/2492 2283/5552/2487 2489/5553/2557
f 2486/5487/2503 2490/5554/2558 2488/5538/2551
f 1843/5203/2393 1849/5555/2559 1848/5359/2465
f 3030/4507/2065 3033/5556/2560 3022/4511/2067
f 589/5458/2501 593/5557/2561 609/5558/2562
f 1873/5559/2563 1893/5560/2563 1844/5561/2563
f 2245/5448/2433 602/5562/2564 2246/5449/2457
f 1847/5283/2389 1887/5563/2531 1881/5284/2428
f 589/5458/2501 609/5558/2562 590/5459/2512
f 2948/5440/2471 2951/5564/2259 2952/5565/2565
f 131/5566/2397 140/5567/2472 132/5568/2566
f 2325/5363/2424 2485/5362/2467 2491/5569/2567
f 2945/5179/2385 2953/5570/2520 2897/5180/2025
f 2240/5379/2475 2248/5571/2463 2265/5419/2494
f 2330/5572/2491 2333/5573/2540 2242/5574/2506
f 592/5575/2568 608/5377/2415 582/5153/2372
f 2284/5576/2223 2265/5577/2494 2267/5578/2569
f 337/5579/2570 317/5263/2354 319/5580/2554
f 2920/5509/2461 2927/5581/2571 2925/5510/2538
f 1843/5203/2393 1850/5545/2555 1849/5555/2559
f 2495/5422/2495 2496/5435/2502 2484/5050/2326
f 1716/5582/2572 1680/5171/2381 1737/5306/2435
f 581/5127/2360 586/5370/2470 582/5153/2372
f 65/5583/2573 71/5584/2573 66/5585/2573
f 2333/5573/2540 2249/5586/2574 2242/5574/2506
f 2925/5510/2538 2928/5587/2575 2917/5508/2417
f 2926/5588/2548 2917/5508/2417 2928/5587/2575
f 2334/5514/2541 2332/5512/2539 2328/5407/2486
f 62/5268/2419 69/5589/2576 65/5325/2446
f 1848/5590/2577 1849/5591/2577 1851/5592/2577
f 567/5593/2238 578/5594/2340 515/5595/2403
f 316/5426/2497 318/5596/2508 313/5424/2247
f 231/5597/2578 227/5160/2375 230/5227/2399
f 288/5476/2522 279/5598/2533 236/5316/2427
f 2873/5599/2547 2871/5337/2453 2870/5287/2429
f 1891/5600/2321 1887/5601/2531 1892/5602/2546
f 1738/5603/2579 1884/5604/2469 1882/5320/2431
f 2250/5605/2580 593/5606/2561 589/5432/2501
f 127/5348/2459 131/5347/2397 133/5607/2581
f 2530/5551/2492 2489/5553/2557 2492/5608/2582
f 1696/5383/2477 1679/5170/2380 1717/5609/2583
f 2948/5440/2471 2966/5610/2584 2954/5611/2585
f 1844/5453/2510 1852/5612/2586 1846/5532/2493
f 3052/5613/2587 3028/5116/2356 3023/4586/2104
f 2247/5614/2527 2284/5615/2223 2320/5616/2588
f 127/5358/2459 133/5617/2581 129/5540/2553
f 2493/5618/2589 2531/5488/2530 2488/5538/2551
f 588/5619/2498 608/5377/2415 594/5620/2590
f 2250/5605/2580 589/5432/2501 588/5434/2498
f 1888/5495/2534 1739/5621/2591 1734/5330/2449
f 1888/5622/2534 1884/5623/2469 1739/5621/2591
f 2248/5624/2463 593/5625/2561 2265/5626/2494
f 451/5627/2592 130/5628/2592 118/5629/2592
f 1851/5630/2593 1887/5563/2531 1847/5283/2389
f 1679/5170/2380 1686/5313/2439 1717/5609/2583
f 1696/5631/2594 1695/5632/2595 1691/5633/2489
f 455/5467/2516 454/5404/2485 443/4506/2064
f 1844/5634/2596 1893/5635/2596 1852/5636/2596
f 320/5637/2411 321/5638/2514 314/5639/2219
f 2492/5640/2582 2487/5525/2544 2530/5524/2492
f 2874/5641/2597 2871/5337/2453 2873/5599/2547
f 314/5163/2219 517/5642/2598 510/5100/2347
f 1892/5527/2546 1889/5312/2438 1885/5428/2499
f 315/5251/2341 317/5263/2354 337/5579/2570
f 283/5273/2423 268/5156/2373 282/5643/2599
f 1889/5312/2438 1892/5527/2546 1873/5644/2324
f 68/5645/2600 146/5646/2600 137/5647/2600
f 269/5648/2601 280/5649/2601 264/5650/2601
f 131/5347/2397 132/5651/2566 133/5607/2581
f 67/5483/2528 70/5652/2602 63/5484/2371
f 2954/5611/2585 2950/5537/2550 2912/5237/2362
f 2925/5510/2538 2927/5653/2571 2928/5587/2575
f 2265/5577/2494 593/5654/2561 2250/5655/2580
f 137/5656/2603 67/5657/2603 68/5658/2603
f 322/5659/2604 321/5461/2514 315/5251/2341
f 1680/5171/2381 1699/5660/2605 1686/5313/2439
f 3022/4511/2067 3033/5556/2560 3032/5661/2537
f 69/5589/2576 62/5268/2419 64/5288/2430
f 2485/5362/2467 2497/5471/2519 2491/5569/2567
f 1738/5603/2579 1739/5621/2591 1884/5623/2469
f 2284/5576/2223 2267/5578/2569 2320/5662/2588
f 71/5663/2606 65/5325/2446 69/5589/2576
f 1732/5243/2408 1740/5664/2607 1882/5320/2431
f 2334/5514/2541 2335/5665/2608 2332/5512/2539
f 3036/5666/2609 3101/5667/2462 3031/5668/2442
f 272/5494/2412 279/5493/2533 281/5669/2610
f 2873/5528/2547 2282/5523/2448 2487/5525/2544
f 2529/5361/2466 2531/5670/2530 2500/5470/2518
f 2929/5671/2611 2872/5396/2460 2871/5672/2453
f 140/5567/2472 134/5673/2612 132/5568/2566
f 2948/5440/2471 2954/5611/2585 2912/5237/2362
f 126/5357/2464 135/5674/2521 125/5408/2454
f 1850/5675/2555 1851/5676/2593 1849/5677/2559
f 2267/5578/2569 2265/5577/2494 2250/5655/2580
f 1850/5678/2613 1846/5679/2613 1852/5680/2613
f 1739/5621/2591 1741/5681/2614 1734/5330/2449
f 1716/5682/2572 1737/5683/2435 1743/5684/2615
f 276/5307/2436 267/5149/2368 278/5477/2523
f 141/5685/2616 146/5686/2552 135/5687/2521
f 2333/5513/2540 2332/5512/2539 2335/5665/2608
f 594/5620/2590 2250/5688/2580 588/5619/2498
f 58/5029/2320 63/5285/2371 70/5689/2602
f 2246/5690/2617 842/5691/2617 2266/5692/2617
f 1893/5693/2618 1873/5644/2324 1892/5527/2546
f 133/5607/2581 132/5651/2566 136/5694/2619
f 2952/5565/2565 2951/5564/2259 2926/5695/2548
f 230/5696/2517 66/5697/2479 71/5698/2606
f 278/5477/2523 272/5253/2412 281/5699/2610
f 1691/5411/2489 595/5700/2620 576/5067/2334
f 2491/5701/2567 2329/5441/2505 2325/5277/2424
f 582/5153/2372 586/5370/2470 596/5702/2621
f 129/5540/2553 133/5617/2581 136/5703/2619
f 2490/5554/2558 2492/5640/2582 2488/5538/2551
f 230/5704/2622 233/5705/2622 232/5706/2622
f 1703/5707/2623 1742/5708/2624 1736/5345/2458
f 1699/5660/2605 1717/5609/2583 1686/5313/2439
f 2249/5586/2574 2251/5709/2625 2242/5574/2506
f 230/5696/2517 71/5698/2606 233/5710/2626
f 58/5029/2320 70/5689/2602 72/5711/2450
f 2928/5712/2627 2927/5713/2627 2956/5714/2627
f 1736/5345/2458 1694/5410/2488 1703/5707/2623
f 2248/5624/2463 2266/5715/2545 593/5625/2561
f 2949/5452/2509 2944/5143/2323 2950/5537/2550
f 3030/5295/2065 3029/5294/2063 3033/5716/2560
f 518/5717/2628 520/5315/2441 510/5100/2347
f 2279/5095/2345 2285/5718/2629 2273/4962/2286
f 282/5719/2630 264/5720/2630 283/5721/2630
f 2336/5722/2631 2335/5665/2608 2334/5514/2541
f 2334/5514/2541 2337/5723/2632 2336/5722/2631
f 319/5724/2554 323/5725/2633 337/5726/2570
f 2490/5554/2558 2487/5525/2544 2492/5640/2582
f 1893/5727/2618 1892/5602/2546 1887/5601/2531
f 454/5728/2634 451/5729/2634 452/5730/2634
f 137/5731/2635 138/5732/2636 67/5733/2528
f 2333/5513/2540 2335/5665/2608 2253/5734/2637
f 284/5735/2638 282/5643/2599 268/5156/2373
f 2280/5168/2378 2247/5482/2527 2286/5736/2639
f 1732/5243/2408 1736/5345/2458 1740/5664/2607
f 309/5737/2640 269/5738/2641 264/5739/2642
f 1689/5740/2422 2242/5741/2506 1718/5742/2643
f 285/5743/2644 265/5053/2328 286/5491/2532
f 309/5737/2640 264/5739/2642 282/5744/2599
f 126/5357/2464 124/5319/2444 139/5745/2645
f 2249/5586/2574 2252/5746/2646 2251/5709/2625
f 2334/5514/2541 2331/5497/2535 2337/5723/2632
f 129/5540/2553 139/5745/2645 124/5319/2444
f 2871/5672/2453 2874/5747/2597 2929/5671/2611
f 2873/5528/2547 2487/5525/2544 2934/5748/2647
f 2245/5448/2433 2244/5749/2648 602/5562/2564
f 126/5357/2464 139/5745/2645 135/5674/2521
f 2340/5750/2649 2329/5441/2505 2491/5701/2567
f 586/5370/2470 2259/5751/2650 596/5702/2621
f 316/5426/2497 265/5425/2328 285/5752/2644
f 1718/5753/2643 1694/5457/2488 1689/5272/2422
f 3027/4501/2062 3034/5754/2651 3029/4502/2063
f 2279/5095/2345 2280/5168/2378 2287/5755/2652
f 1718/5742/2643 2242/5741/2506 2251/5756/2625
f 1850/5675/2555 1893/5757/2618 1851/5676/2593
f 592/5575/2568 582/5153/2372 596/5702/2621
f 2331/5497/2535 2329/5441/2505 2338/5758/2653
f 2930/5759/2654 2920/5496/2461 2921/5388/2480
f 1741/5681/2614 1743/5760/2615 1734/5330/2449
f 2494/5761/2655 2488/5762/2551 2492/5608/2582
f 2495/5763/2495 2486/5764/2503 2496/5765/2502
f 1850/5675/2555 1852/5766/2656 1893/5757/2618
f 2950/5537/2550 2954/5611/2585 2955/5767/2657
f 134/5768/2612 140/5769/2472 130/5770/2515
f 1744/5771/2658 1741/5681/2614 1739/5621/2591
f 2500/5470/2518 2531/5670/2530 2508/5772/2659
f 608/5377/2415 592/5575/2568 594/5620/2590
f 227/5160/2375 231/5597/2578 288/5476/2522
f 269/5773/2660 309/5774/2660 286/5775/2660
f 2926/5776/2548 2928/5777/2575 2956/5778/2661
f 1696/5779/2662 1717/5780/2662 1695/5781/2662
f 230/5227/2399 232/5782/2663 231/5597/2578
f 2957/5783/2664 2904/5144/2278 2949/5452/2509
f 2927/5784/2665 2960/5785/2665 2956/5786/2665
f 2497/5787/2666 2500/5788/2666 2498/5789/2666
f 1734/5330/2449 1743/5760/2615 1737/5507/2435
f 2497/5790/2667 2498/5791/2667 2503/5792/2667
f 594/5793/2590 2252/5794/2646 2250/5655/2580
f 135/5674/2521 139/5745/2645 141/5795/2616
f 2253/5796/2637 2249/5586/2574 2333/5573/2540
f 2276/5005/2306 2273/4962/2286 2281/5304/2434
f 2927/5797/2571 2920/5798/2461 2931/5799/2668
f 3035/5800/2669 3025/5178/2150 3028/5116/2356
f 576/5067/2334 595/5700/2620 1702/5801/2670
f 136/5694/2619 132/5651/2566 134/5802/2612
f 314/5639/2219 321/5638/2514 517/5803/2598
f 2948/5440/2471 2952/5565/2565 2966/5610/2584
f 1851/5804/2593 1893/5727/2618 1887/5601/2531
f 277/5468/2474 310/5805/2671 268/5156/2373
f 609/5806/2562 593/5807/2561 2266/5808/2545
f 2329/5441/2505 2339/5809/2672 2338/5758/2653
f 2950/5537/2550 2955/5767/2657 2949/5452/2509
f 315/5251/2341 337/5579/2570 340/5810/2673
f 340/5810/2673 322/5659/2604 315/5251/2341
f 594/5620/2590 592/5575/2568 597/5811/2674
f 451/5812/2675 456/5813/2676 130/5814/2515
f 2492/5608/2582 2499/5815/2677 2494/5761/2655
f 2246/5449/2457 602/5562/2564 842/5816/2678
f 3029/5294/2063 3041/5817/2679 3033/5716/2560
f 2953/5472/2520 2980/5818/2680 2908/5014/2311
f 2927/5797/2571 2931/5799/2668 2960/5819/2681
f 517/5642/2598 518/5717/2628 510/5100/2347
f 2252/5794/2646 2267/5578/2569 2250/5655/2580
f 130/5770/2515 142/5820/2682 134/5768/2612
f 2492/5608/2582 2489/5553/2557 2499/5815/2677
f 2338/5758/2653 2337/5723/2632 2331/5497/2535
f 2952/5565/2565 2926/5695/2548 2958/5821/2683
f 2924/5456/2511 2872/5396/2460 2932/5822/2684
f 2958/5823/2683 2926/5776/2548 2956/5778/2661
f 595/5824/2620 1691/5633/2489 1695/5632/2595
f 2500/5825/2518 2508/5826/2659 2498/5827/2685
f 1882/5320/2431 1740/5664/2607 1738/5603/2579
f 2931/5828/2668 2920/5829/2461 2930/5830/2654
f 3025/5831/2150 3035/5832/2669 3036/5666/2609
f 2288/5833/2686 2267/5834/2569 2252/5746/2646
f 2335/5665/2608 2336/5722/2631 2253/5734/2637
f 143/5835/2687 129/5540/2553 136/5703/2619
f 70/5652/2602 67/5483/2528 138/5836/2636
f 2932/5822/2684 2872/5396/2460 2929/5671/2611
f 3036/5837/2688 3031/5838/2688 3025/5839/2688
f 1702/5801/2670 586/5370/2470 576/5067/2334
f 147/5840/2689 143/5841/2687 136/5694/2619
f 456/5813/2676 451/5812/2675 454/5404/2485
f 1699/5660/2605 1680/5171/2381 1716/5582/2572
f 136/5694/2619 134/5802/2612 147/5840/2689
f 2873/5599/2547 2934/5842/2647 2874/5641/2597
f 2957/5783/2664 2945/5179/2385 2904/5144/2278
f 586/5370/2470 1702/5801/2670 2259/5751/2650
f 2958/5823/2683 2956/5778/2661 2962/5843/2690
f 277/5376/2474 276/5307/2436 310/5844/2671
f 319/5724/2554 324/5845/2691 323/5725/2633
f 2909/5016/2313 2908/5014/2311 2980/5818/2680
f 2254/5846/2692 2249/5586/2574 2255/5847/2693
f 2252/5794/2646 2256/5848/2694 2251/5849/2625
f 69/5589/2576 64/5288/2430 73/5850/2695
f 324/5845/2691 319/5724/2554 325/5851/2696
f 2493/5852/2589 2488/5762/2551 2494/5761/2655
f 2406/5853/2697 2498/5827/2685 2505/5854/2698
f 2501/5855/2699 2486/5487/2503 2495/5856/2495
f 2499/5815/2677 2489/5553/2557 2283/5552/2487
f 139/5745/2645 144/5857/2700 141/5795/2616
f 1744/5771/2658 1739/5621/2591 1738/5603/2579
f 2498/5827/2685 2502/5858/2701 2505/5854/2698
f 2337/5723/2632 2338/5758/2653 2339/5809/2672
f 2501/5855/2699 2490/5554/2558 2486/5487/2503
f 455/5467/2516 456/5813/2676 454/5404/2485
f 138/5732/2636 137/5731/2635 146/5859/2702
f 448/4758/2186 457/5860/2703 455/5467/2516
f 2499/5861/2677 2283/5409/2487 2281/5304/2434
f 129/5540/2553 143/5835/2687 139/5745/2645
f 2329/5441/2505 2340/5750/2649 2339/5809/2672
f 2252/5746/2646 2254/5846/2692 2288/5833/2686
f 842/5862/2704 610/5863/2705 2266/5808/2545
f 2340/5864/2706 2491/5865/2706 2342/5866/2706
f 319/5543/2554 318/5542/2508 325/5867/2696
f 448/4758/2186 513/5134/2364 519/5868/2707
f 72/5333/2450 73/5850/2695 64/5288/2430
f 268/5156/2373 310/5805/2671 284/5735/2638
f 2956/5869/2661 2960/5870/2708 2959/5871/2709
f 1718/5872/2643 2251/5849/2625 2256/5848/2694
f 310/5844/2671 276/5307/2436 278/5477/2523
f 309/5873/2710 291/5874/2711 286/5491/2532
f 281/5699/2610 310/5844/2671 278/5477/2523
f 514/5321/2445 525/5875/2712 513/5137/2364
f 2980/5818/2680 2933/5876/2713 2909/5016/2313
f 2503/5877/2714 2498/5827/2685 2406/5853/2697
f 144/5857/2700 139/5745/2645 143/5835/2687
f 2339/5809/2672 2340/5750/2649 2293/5878/2715
f 2252/5746/2646 2249/5586/2574 2254/5846/2692
f 2962/5879/2690 2956/5869/2661 2959/5871/2709
f 609/5806/2562 2266/5808/2545 610/5863/2705
f 2487/5525/2544 2490/5554/2558 2934/5748/2647
f 2249/5586/2574 2253/5796/2637 2255/5847/2693
f 592/5575/2568 596/5702/2621 597/5811/2674
f 70/5652/2602 138/5836/2636 74/5880/2716
f 2256/5848/2694 2252/5794/2646 2257/5881/2717
f 2931/5882/2718 2959/5883/2718 2960/5884/2718
f 288/5476/2522 231/5597/2578 234/5885/2719
f 2909/5016/2313 2933/5876/2713 2919/5342/2456
f 1699/5886/2605 1701/5887/2720 1717/5888/2583
f 598/5889/2721 591/5533/2338 590/5459/2512
f 146/5686/2552 141/5685/2616 144/5890/2700
f 457/5860/2703 448/4758/2186 519/5868/2707
f 2934/5891/2647 2935/5892/2722 2874/5747/2597
f 145/5893/2723 134/5768/2612 142/5820/2682
f 3027/4501/2062 3101/5894/2462 3034/5754/2651
f 2490/5554/2558 2501/5855/2699 2934/5748/2647
f 71/5895/2606 326/5896/2724 233/5897/2626
f 73/5850/2695 72/5333/2450 70/5898/2602
f 2406/5899/2697 2402/5900/2725 2503/5901/2714
f 2497/5471/2519 2342/5902/2726 2491/5569/2567
f 1743/5760/2615 1741/5681/2614 1744/5771/2658
f 2339/5809/2672 2261/5903/2727 2337/5723/2632
f 2874/5747/2597 2935/5892/2722 2929/5671/2611
f 3037/5904/2728 3101/5667/2462 3036/5666/2609
f 595/5824/2620 1695/5632/2595 1701/5887/2720
f 69/5589/2576 75/5905/2729 71/5663/2606
f 3009/5906/2730 2958/5823/2683 2962/5843/2690
f 365/5907/2731 321/5908/2514 322/5909/2604
f 143/5910/2732 147/5911/2732 144/5912/2732
f 2320/5616/2588 2286/5913/2639 2247/5614/2527
f 146/5859/2702 74/5914/2716 138/5732/2636
f 2252/5794/2646 594/5793/2590 2257/5881/2717
f 233/5915/2626 344/5916/2733 232/5782/2663
f 2253/5796/2637 2341/5917/2734 2255/5847/2693
f 2261/5903/2727 2339/5809/2672 2293/5878/2715
f 144/5918/2735 147/5919/2735 146/5920/2735
f 1717/5888/2583 1701/5887/2720 1695/5632/2595
f 2288/5921/2686 2320/5922/2588 2267/5923/2569
f 2966/5610/2584 2961/5924/2736 2954/5611/2585
f 326/5896/2724 327/5925/2737 233/5897/2626
f 2341/5926/2734 2253/5734/2637 2336/5722/2631
f 2502/5858/2701 2498/5827/2685 2504/5927/2738
f 2337/5723/2632 2261/5903/2727 2336/5722/2631
f 519/5928/2707 513/5137/2364 525/5875/2712
f 2340/5929/2739 2342/5930/2739 2293/5931/2739
f 284/5735/2638 310/5805/2671 287/5932/2740
f 2954/5611/2585 2961/5924/2736 2955/5767/2657
f 2285/5718/2629 2279/5095/2345 2289/5933/2741
f 2498/5827/2685 2508/5826/2659 2504/5927/2738
f 291/5934/2742 309/5935/2742 294/5936/2742
f 2402/5900/2725 2406/5899/2697 2403/5937/2743
f 2336/5722/2631 2261/5903/2727 2341/5926/2734
f 597/5811/2674 596/5702/2621 2259/5751/2650
f 75/5905/2729 69/5589/2576 73/5850/2695
f 2506/5938/2744 2406/5939/2697 2505/5940/2698
f 148/5941/2745 74/5914/2716 146/5859/2702
f 2934/5891/2647 2501/5942/2699 2935/5892/2722
f 2292/5943/2746 2261/5903/2727 2293/5878/2715
f 2503/5944/2714 2342/5945/2726 2497/5946/2519
f 1742/5708/2624 1740/5664/2607 1736/5345/2458
f 1742/5708/2624 1745/5947/2747 1740/5664/2607
f 591/5533/2338 598/5889/2721 599/5948/2542
f 2945/5179/2385 2957/5783/2664 3011/5949/2748
f 2502/5858/2701 2506/5950/2744 2505/5951/2698
f 2281/5304/2434 2273/4962/2286 2290/5952/2749
f 2279/5095/2345 2287/5755/2652 2289/5933/2741
f 75/5953/2729 326/5896/2724 71/5895/2606
f 311/5954/2750 309/5955/2640 282/5643/2599
f 2286/5736/2639 2287/5755/2652 2280/5168/2378
f 1716/5682/2572 1743/5684/2615 1697/5956/2751
f 288/5957/2522 281/5669/2610 279/5493/2533
f 590/5459/2512 609/5558/2562 600/5958/2752
f 2494/5761/2655 2499/5815/2677 2507/5959/2753
f 1744/5771/2658 1697/5960/2751 1743/5760/2615
f 2503/5901/2714 2402/5900/2725 2405/5961/2754
f 2508/5962/2659 2531/5963/2530 2493/5964/2589
f 456/5813/2676 455/5467/2516 457/5860/2703
f 2936/5965/2755 2921/5388/2480 2924/5456/2511
f 2504/5927/2738 2533/5966/2756 2502/5858/2701
f 2288/5833/2686 2254/5846/2692 2255/5847/2693
f 2292/5967/2746 2255/5847/2693 2341/5917/2734
f 2482/5430/2440 2919/5342/2456 2495/5968/2495
f 309/5969/2640 289/5970/2757 294/5971/2758
f 344/5972/2733 233/5973/2626 327/5974/2737
f 2258/5975/2759 2259/5976/2650 1702/5977/2670
f 2256/5848/2694 1748/5978/2760 1718/5872/2643
f 2260/5979/2761 2255/5847/2693 2292/5967/2746
f 134/5768/2612 155/5980/2762 147/5981/2689
f 2288/5921/2686 2321/5982/2763 2320/5922/2588
f 514/5983/2445 520/5984/2441 524/5985/2764
f 1698/5986/2765 1716/5682/2572 1697/5956/2751
f 521/5987/2365 516/5465/2496 522/5988/2766
f 74/5989/2767 148/5990/2767 147/5991/2767
f 520/5984/2441 518/5992/2628 523/5993/2768
f 2959/5994/2769 2931/5828/2668 2930/5830/2654
f 147/5995/2770 148/5996/2770 146/5997/2770
f 74/5998/2771 147/5981/2689 155/5980/2762
f 328/5999/2772 517/5803/2598 321/5638/2514
f 2506/5950/2744 2502/5858/2701 2533/5966/2756
f 2342/6000/2726 2503/6001/2714 2411/6002/2773
f 1718/6003/2643 1703/5707/2623 1694/5410/2488
f 2288/5833/2686 2255/5847/2693 2260/5979/2761
f 2936/5965/2755 2924/5456/2511 2937/6004/2774
f 290/6005/2775 281/5669/2610 288/5957/2522
f 2292/5967/2746 2341/5917/2734 2261/6006/2727
f 1742/5708/2624 1703/5707/2623 1746/6007/2776
f 517/5803/2598 328/5999/2772 349/6008/2777
f 2499/5815/2677 2281/6009/2434 2290/6010/2749
f 1699/6011/2605 1716/5682/2572 1700/6012/2778
f 3008/6013/2779 2952/5565/2565 2968/6014/2780
f 324/5845/2691 325/5851/2696 329/6015/2781
f 2959/6016/2709 3009/6017/2730 2962/6018/2690
f 324/5845/2691 329/6015/2781 335/6019/2782
f 524/6020/2764 525/6021/2712 514/6022/2445
f 2288/5833/2686 2260/5979/2761 2321/6023/2763
f 322/5659/2604 340/5810/2673 330/6024/2783
f 2273/4962/2286 2285/5718/2629 2290/5952/2749
f 2952/5565/2565 3008/6013/2779 2966/5610/2584
f 2952/5565/2565 2958/5821/2683 3009/6025/2730
f 328/6026/2784 321/6027/2784 350/6028/2784
f 2320/5922/2588 2321/5982/2763 2291/6029/2785
f 311/5954/2750 282/5643/2599 284/5735/2638
f 2262/6030/2786 2257/5881/2717 594/5793/2590
f 2963/6031/2787 2959/6032/2787 2930/6033/2787
f 2924/5456/2511 2932/5822/2684 2937/6004/2774
f 597/6034/2674 2262/6030/2786 594/5793/2590
f 2259/5976/2650 2262/6030/2786 597/6034/2674
f 2292/6035/2746 2293/6036/2715 2300/6037/2788
f 234/5885/2719 290/6038/2775 288/5476/2522
f 2929/5671/2611 2938/6039/2789 2932/5822/2684
f 2286/5913/2639 2320/5616/2588 2291/6040/2785
f 331/6041/2790 325/5867/2696 318/5542/2508
f 2495/5968/2495 2919/5342/2456 2501/5942/2699
f 340/5810/2673 339/6042/2791 330/6024/2783
f 309/5969/2640 311/6043/2750 289/5970/2757
f 2493/5964/2589 2510/6044/2792 2508/5962/2659
f 337/6045/2793 323/6046/2793 336/6047/2793
f 332/6048/2794 327/6049/2737 326/5896/2724
f 2964/6050/2795 2949/5452/2509 2955/5767/2657
f 2935/5892/2722 2501/5942/2699 2939/6051/2796
f 2256/5848/2694 1706/6052/2797 1748/5978/2760
f 3035/5832/2669 3102/6053/2798 3036/5666/2609
f 600/5958/2752 598/5889/2721 590/5459/2512
f 2260/5979/2761 2292/5967/2746 2321/6023/2763
f 311/5954/2750 284/5735/2638 287/5932/2740
f 1701/6054/2720 1699/6011/2605 1700/6012/2778
f 287/6055/2740 310/6056/2671 281/5669/2610
f 2949/5452/2509 2965/6057/2799 2957/5783/2664
f 2935/5892/2722 2938/6039/2789 2929/5671/2611
f 234/5885/2719 231/5597/2578 232/5782/2663
f 595/6058/2620 2258/6059/2759 1702/6060/2670
f 2300/6037/2788 2294/6061/2800 2292/6035/2746
f 1744/5771/2658 1738/5603/2579 1747/6062/2801
f 2959/6016/2709 2963/6063/2802 3009/6017/2730
f 1703/6064/2803 1718/6065/2803 1748/6066/2803
f 2503/6001/2714 2404/6067/2804 2411/6002/2773
f 327/5974/2737 393/6068/2805 344/5972/2733
f 1738/5603/2579 1740/5664/2607 1747/6062/2801
f 329/6069/2781 325/5867/2696 333/6070/2806
f 335/6019/2782 392/6071/2807 332/6072/2794
f 392/6071/2807 335/6019/2782 329/6015/2781
f 155/5980/2762 134/5768/2612 145/5893/2723
f 2295/6073/2808 2291/6074/2785 2321/6075/2763
f 458/6076/2809 457/5860/2703 519/5868/2707
f 2295/6073/2808 2321/6075/2763 2292/6035/2746
f 578/6077/2340 526/6078/2500 543/6079/2810
f 332/6080/2794 393/6068/2805 327/5974/2737
f 334/6081/2811 318/5596/2508 316/5426/2497
f 519/5928/2707 525/5875/2712 530/6082/2812
f 328/5999/2772 350/6083/2813 349/6008/2777
f 130/5770/2515 149/6084/2814 142/5820/2682
f 2509/6085/2815 2506/5950/2744 2533/5966/2756
f 296/6086/2816 291/6087/2711 294/6088/2758
f 287/6055/2740 281/5669/2610 292/6089/2817
f 2292/6035/2746 2294/6061/2800 2295/6073/2808
f 365/5907/2731 322/5909/2604 330/6090/2783
f 335/6091/2782 332/6048/2794 345/6092/2818
f 2294/6061/2800 2298/6093/2819 2295/6073/2808
f 292/6094/2817 311/5954/2750 287/5932/2740
f 2411/6002/2773 2293/6095/2715 2342/6000/2726
f 2258/6059/2759 595/6058/2620 1704/6096/2820
f 2262/6030/2786 2256/5848/2694 2257/5881/2717
f 336/6097/2821 340/6098/2673 337/6099/2570
f 3037/6100/2728 3034/5754/2651 3101/5894/2462
f 350/6101/2822 321/6102/2822 365/6103/2822
f 2343/6104/2823 2293/6095/2715 2344/6105/2824
f 1745/5947/2747 1742/5708/2624 1746/6007/2776
f 74/6106/2825 155/6107/2825 70/6108/2825
f 1698/5986/2765 1700/6012/2778 1716/5682/2572
f 457/5860/2703 458/6076/2809 456/5813/2676
f 2932/5822/2684 2938/6039/2789 2937/6004/2774
f 2262/6030/2786 2259/5976/2650 2258/5975/2759
f 2344/6105/2824 2293/6095/2715 2411/6002/2773
f 151/6109/2826 345/6092/2818 332/6048/2794
f 326/5896/2724 75/5953/2729 332/6048/2794
f 3023/5503/2104 3032/5502/2537 3052/6110/2587
f 73/5850/2695 70/5898/2602 75/5905/2729
f 1706/6052/2797 2256/5848/2694 2262/6030/2786
f 595/6058/2620 1701/6054/2720 1704/6096/2820
f 2933/5876/2713 2940/6111/2827 2919/5342/2456
f 1701/6054/2720 1700/6012/2778 1704/6096/2820
f 2258/5975/2759 1704/6112/2820 2262/6030/2786
f 392/6071/2807 393/6113/2805 332/6072/2794
f 2404/6114/2804 2503/6115/2714 2405/6116/2754
f 2961/5924/2736 2964/6050/2795 2955/5767/2657
f 1752/6117/2828 2403/6118/2828 2406/6119/2828
f 1740/5664/2607 1745/5947/2747 1747/6062/2801
f 2345/6120/2829 2300/6121/2788 2293/6095/2715
f 130/5814/2515 456/5813/2676 458/6076/2809
f 338/6122/2830 318/5596/2508 334/6081/2811
f 392/6123/2831 329/6124/2831 333/6125/2831
f 2286/5736/2639 2301/6126/2832 2287/5755/2652
f 2987/6127/2833 2935/5892/2722 2939/6051/2796
f 333/6070/2806 325/5867/2696 331/6041/2790
f 2405/5961/2754 2402/5900/2725 2407/6128/2834
f 392/6129/2807 333/6070/2806 393/6130/2805
f 1746/6007/2776 1703/5707/2623 1748/6131/2760
f 2295/6073/2808 2298/6093/2819 2296/6132/2835
f 151/6109/2826 332/6048/2794 75/5953/2729
f 142/5820/2682 149/6084/2814 145/5893/2723
f 324/6133/2691 367/6134/2836 323/6135/2633
f 3010/6136/2837 2952/5565/2565 3009/6025/2730
f 335/6137/2782 367/6134/2836 324/6133/2691
f 1744/5771/2658 1747/6062/2801 1697/5960/2751
f 2293/6095/2715 2343/6104/2823 2345/6120/2829
f 2965/6057/2799 3011/5949/2748 2957/5783/2664
f 1748/6131/2760 1707/6138/2838 1746/6007/2776
f 2507/5959/2753 2493/5964/2589 2494/5761/2655
f 155/5980/2762 150/6139/2839 151/6140/2826
f 1697/5956/2751 1705/6141/2840 1698/5986/2765
f 1705/6142/2840 1697/5960/2751 1747/6062/2801
f 2295/6143/2808 2296/6144/2835 2291/6040/2785
f 2966/6145/2584 3008/6146/2779 3046/6147/2841
f 155/5980/2762 145/5893/2723 150/6139/2839
f 520/5984/2441 523/5993/2768 524/5985/2764
f 234/5885/2719 232/5782/2663 299/6148/2842
f 1700/6012/2778 1698/5986/2765 1705/6141/2840
f 339/6149/2791 340/6150/2673 371/6151/2843
f 1747/6062/2801 1708/6152/2844 1705/6142/2840
f 70/5898/2602 155/6153/2762 75/5905/2729
f 3037/5904/2728 3036/5666/2609 3048/6154/2845
f 2945/5179/2385 3011/5949/2748 2953/5570/2520
f 130/5770/2515 152/6155/2846 149/6084/2814
f 2405/6116/2754 2407/6156/2834 2404/6114/2804
f 2289/5933/2741 2287/5755/2652 2297/6157/2847
f 75/5905/2729 155/6153/2762 151/6158/2826
f 517/6159/2598 349/6160/2777 544/6161/2848
f 1749/6162/2849 1750/6163/2850 1751/6164/2851
f 345/6165/2852 352/6166/2852 339/6167/2852
f 338/6122/2830 341/6168/2853 331/6041/2790
f 458/6076/2809 152/6169/2846 130/5814/2515
f 2961/5924/2736 2966/5610/2584 3046/6170/2841
f 1747/6062/2801 1745/5947/2747 1708/6152/2844
f 2532/6171/2854 2504/5927/2738 2508/5826/2659
f 578/5594/2340 543/6172/2810 515/5595/2403
f 2510/6173/2792 2511/6174/2855 2508/6175/2659
f 2968/6014/2780 2952/5565/2565 3010/6136/2837
f 525/6021/2712 524/6020/2764 527/6176/2856
f 2298/6177/2819 2294/6178/2800 2299/6179/2857
f 1752/6180/2858 1754/6181/2858 1749/6182/2858
f 2949/5452/2509 2964/6050/2795 2965/6057/2799
f 1751/6164/2851 1750/6163/2850 1753/6183/2859
f 1749/6162/2849 1754/6184/2860 1750/6163/2850
f 522/5988/2766 528/6185/2525 521/5987/2365
f 286/5491/2532 298/6186/2861 285/5743/2644
f 2296/6144/2835 2286/5913/2639 2291/6040/2785
f 2262/6030/2786 1704/6112/2820 1706/6052/2797
f 530/6082/2812 154/6187/2862 519/5928/2707
f 1749/6188/2863 2402/6189/2725 1752/6190/2864
f 2533/5966/2756 2504/5927/2738 2512/6191/2865
f 2407/6192/2866 2402/6193/2866 1756/6194/2866
f 352/6195/2867 345/6196/2867 369/6197/2867
f 2967/6198/2868 2964/6050/2795 2961/5924/2736
f 345/6199/2818 339/6200/2791 342/6201/2869
f 333/6070/2806 343/6202/2870 393/6130/2805
f 2403/6203/2743 1752/6190/2864 2402/6189/2725
f 2300/6121/2788 2345/6120/2829 2346/6204/2871
f 2935/5892/2722 2987/6127/2833 2938/6039/2789
f 344/6205/2733 393/6130/2805 343/6202/2870
f 289/5970/2757 293/6206/2872 294/6207/2758
f 369/6208/2873 345/6092/2818 151/6109/2826
f 1753/6183/2859 1755/6209/2874 1751/6164/2851
f 345/6210/2818 366/6211/2875 335/6212/2782
f 2961/5924/2736 3046/6170/2841 2969/6213/2876
f 286/5491/2532 291/5874/2711 296/6214/2816
f 1708/6152/2844 1745/5947/2747 1746/6007/2776
f 1705/6141/2840 1704/6096/2820 1700/6012/2778
f 1706/6215/2797 1707/6216/2838 1748/6217/2760
f 154/6218/2862 458/6076/2809 519/5868/2707
f 296/6086/2816 294/6088/2758 293/6219/2872
f 2294/6178/2800 2300/6220/2788 2350/6221/2877
f 2501/5942/2699 2919/5342/2456 2939/6051/2796
f 3034/5754/2651 3037/6100/2728 3049/6222/2878
f 340/6098/2673 336/6097/2821 371/6223/2843
f 1751/6164/2851 1764/6224/2879 1749/6225/2849
f 1753/6183/2859 1750/6163/2850 1758/6226/2880
f 145/5893/2723 149/6084/2814 150/6139/2839
f 232/5782/2663 344/5916/2733 299/6148/2842
f 346/6227/2881 368/6228/2882 347/6229/2883
f 3032/6230/2884 3040/6231/2884 3052/6232/2884
f 530/6082/2812 356/6233/2885 154/6187/2862
f 1749/6234/2886 1756/6235/2886 2402/6236/2886
f 338/6122/2830 331/6041/2790 318/5596/2508
f 281/5669/2610 295/6237/2887 292/6089/2817
f 518/5992/2628 517/6238/2598 544/6239/2848
f 1756/6240/2888 1749/6225/2849 1764/6224/2879
f 609/5806/2562 610/5863/2705 601/6241/2889
f 599/6242/2542 543/6079/2810 526/6078/2500
f 1707/6138/2838 1708/6152/2844 1746/6007/2776
f 1754/6243/2890 1757/6244/2890 1750/6245/2890
f 1755/6209/2874 1764/6224/2879 1751/6164/2851
f 368/6228/2882 369/6246/2873 347/6229/2883
f 346/6247/2881 347/6248/2883 359/6249/2891
f 2345/6120/2829 2343/6104/2823 2347/6250/2892
f 2968/6251/2780 3010/6252/2837 2976/6253/2893
f 331/6041/2790 343/6202/2870 333/6070/2806
f 336/6254/2894 323/6135/2633 348/6255/2895
f 523/5993/2768 518/5992/2628 529/6256/2896
f 2296/6144/2835 2301/6257/2832 2286/5913/2639
f 2532/6258/2854 2508/6175/2659 2511/6174/2855
f 2961/6259/2897 2969/6260/2897 3039/6261/2897
f 530/6262/2812 525/6021/2712 527/6176/2856
f 2968/6251/2780 2976/6253/2893 2973/6263/2898
f 2970/6264/2899 2963/6265/2802 2930/6266/2654
f 1704/6096/2820 1705/6141/2840 1706/6215/2797
f 2298/6267/2900 2302/6268/2900 2296/6269/2900
f 290/6038/2775 234/5885/2719 299/6148/2842
f 2504/5927/2738 2532/6171/2854 2512/6191/2865
f 2941/6270/2901 2939/6051/2796 2919/5342/2456
f 2509/6271/2815 2533/6272/2756 2512/6273/2865
f 3032/5661/2537 3033/5556/2560 3040/6274/2902
f 292/6089/2817 312/6275/2903 311/6276/2750
f 2967/6198/2868 2961/5924/2736 3039/6277/2904
f 600/5958/2752 609/5558/2562 548/6278/2905
f 153/6279/2906 369/6208/2873 151/6109/2826
f 349/6280/2777 350/6281/2813 380/6282/2907
f 351/6283/2908 339/6284/2791 352/6285/2909
f 2971/6286/2910 2970/6264/2899 2930/6266/2654
f 152/6155/2846 150/6139/2839 149/6084/2814
f 353/6287/2911 330/6090/2783 339/6288/2791
f 1708/6289/2844 1707/6216/2838 1705/6141/2840
f 1707/6216/2838 1706/6215/2797 1705/6141/2840
f 1757/6290/2912 1754/6291/2912 1752/6292/2912
f 2963/6265/2802 2970/6264/2899 3009/6293/2730
f 347/6294/2883 369/6295/2873 354/6296/2913
f 323/6135/2633 367/6134/2836 348/6255/2895
f 842/6297/2914 602/6298/2914 2303/6299/2914
f 359/6249/2891 347/6248/2883 355/6300/2915
f 312/6301/2903 289/5970/2757 311/6043/2750
f 345/6199/2818 342/6201/2869 366/6302/2875
f 150/6139/2839 153/6303/2906 151/6140/2826
f 354/6304/2913 356/6305/2885 538/6306/2916
f 458/6076/2809 154/6218/2862 152/6169/2846
f 1757/6307/2917 1758/6308/2917 1750/6309/2917
f 531/6310/2918 532/6311/2919 528/6185/2525
f 2936/5965/2755 2930/5759/2654 2921/5388/2480
f 1753/6312/2859 1758/6313/2880 1759/6314/2920
f 356/6305/2885 354/6304/2913 153/6279/2906
f 2348/6315/2921 2344/6105/2824 2411/6002/2773
f 1753/6312/2859 1760/6316/2922 1755/6317/2874
f 335/6212/2782 357/6318/2923 367/6319/2836
f 153/6279/2906 354/6304/2913 369/6208/2873
f 366/6211/2875 357/6318/2923 335/6212/2782
f 610/6320/2705 842/6321/2704 601/6322/2889
f 356/6323/2885 153/6303/2906 154/6324/2862
f 2345/6120/2829 2347/6250/2892 2346/6204/2871
f 152/6155/2846 153/6303/2906 150/6139/2839
f 2987/6127/2833 2939/6051/2796 2941/6270/2901
f 2507/5959/2753 2510/6044/2792 2493/5964/2589
f 523/5993/2768 527/6325/2856 524/5985/2764
f 336/6326/2924 348/6327/2924 371/6328/2924
f 538/6329/2916 349/6330/2777 358/6331/2925
f 297/6332/2926 286/5491/2532 296/6214/2816
f 154/6324/2862 153/6303/2906 152/6155/2846
f 2937/6004/2774 2938/6039/2789 2987/6127/2833
f 290/6005/2775 295/6237/2887 281/5669/2610
f 528/6185/2525 522/5988/2766 531/6310/2918
f 537/6333/2927 349/6334/2777 538/6335/2916
f 334/6081/2811 316/5426/2497 285/5752/2644
f 359/6336/2891 362/6337/2928 346/6338/2881
f 601/6241/2889 611/6339/2929 609/5806/2562
f 529/6256/2896 518/5992/2628 544/6239/2848
f 360/6340/2930 339/6149/2791 371/6151/2843
f 343/6202/2870 299/6341/2842 344/6205/2733
f 3029/4502/2063 3034/5754/2651 3038/6342/2931
f 2979/6343/2932 2933/5876/2713 2980/5818/2680
f 361/6344/2933 346/6345/2881 362/6346/2928
f 3008/6013/2779 2968/6014/2780 2972/6347/2934
f 363/6348/2935 380/6282/2907 350/6281/2813
f 338/6122/2830 364/6349/2936 341/6168/2853
f 2404/6350/2937 2412/6351/2937 2411/6352/2937
f 2943/6353/2938 2940/6111/2827 2933/5876/2713
f 2971/6354/2910 2930/5759/2654 2936/5965/2755
f 1756/6355/2888 2408/6356/2939 2407/6156/2834
f 2973/6357/2898 2976/6358/2893 2974/6359/2940
f 1755/6317/2874 1760/6316/2922 1764/6360/2879
f 3009/6293/2730 2975/6361/2941 3010/6362/2837
f 3010/6363/2837 2975/6364/2941 2976/6365/2893
f 289/5970/2757 312/6301/2903 293/6206/2872
f 369/6366/2942 368/6367/2942 361/6368/2942
f 2940/6111/2827 2941/6270/2901 2919/5342/2456
f 365/6369/2731 363/6370/2935 350/6371/2813
f 2507/5959/2753 2499/5815/2677 2513/6372/2943
f 2509/6271/2815 2514/6373/2944 2506/5938/2744
f 2976/6374/2945 2977/6375/2945 2974/6376/2945
f 358/6331/2925 349/6330/2777 380/6377/2907
f 2513/6372/2943 2499/5815/2677 2290/6010/2749
f 548/6278/2905 598/5889/2721 600/5958/2752
f 2408/6356/2939 2404/6114/2804 2407/6156/2834
f 2973/6378/2946 2972/6379/2946 2968/6380/2946
f 2976/6365/2893 2975/6364/2941 2977/6381/2947
f 354/6296/2913 355/6382/2915 347/6294/2883
f 296/6383/2948 298/6384/2948 297/6385/2948
f 298/6186/2861 286/5491/2532 297/6332/2926
f 357/6386/2949 366/6387/2949 342/6388/2949
f 367/6389/2950 357/6390/2950 348/6391/2950
f 2514/6373/2944 2406/5939/2697 2506/5938/2744
f 1762/6392/2951 1758/6393/2951 1757/6394/2951
f 346/6345/2881 361/6344/2933 368/6395/2882
f 2967/6198/2868 2978/6396/2952 2964/6050/2795
f 338/6122/2830 334/6081/2811 364/6349/2936
f 2343/6104/2823 2344/6105/2824 2348/6315/2921
f 3039/6397/2904 2969/6398/2876 2985/6399/2953
f 533/6400/2954 516/5465/2496 515/5464/2403
f 2534/6401/2955 2509/6271/2815 2512/6273/2865
f 2979/6402/2932 2980/6403/2680 2953/6404/2520
f 1764/6405/2879 2409/6406/2956 1756/6407/2888
f 352/6408/2909 369/6409/2957 361/6410/2933
f 2343/6104/2823 2349/6411/2958 2347/6250/2892
f 2974/6359/2940 2972/6412/2959 2973/6357/2898
f 2298/6177/2819 2304/6413/2960 2302/6414/2961
f 360/6415/2930 342/6201/2869 339/6200/2791
f 2285/5718/2629 2289/5933/2741 2305/6416/2962
f 2348/6315/2921 2411/6002/2773 2410/6417/2963
f 2512/6418/2865 2532/6419/2854 2516/6420/2964
f 2515/6421/2965 2511/6174/2855 2510/6173/2792
f 2244/6422/2966 2303/6423/2966 602/6424/2966
f 2348/6315/2921 2349/6411/2958 2343/6104/2823
f 343/6202/2870 331/6041/2790 370/6425/2967
f 2298/6177/2819 2299/6179/2857 2304/6413/2960
f 2350/6426/2877 2300/6121/2788 2346/6204/2871
f 769/6427/2968 298/6428/2968 296/6429/2968
f 2296/6144/2835 2302/6430/2961 2301/6257/2832
f 1757/6431/2969 1761/6432/2970 1762/6433/2971
f 299/6434/2842 295/6237/2887 290/6005/2775
f 2516/6420/2964 2532/6419/2854 2511/6174/2855
f 3009/6293/2730 2970/6264/2899 2975/6361/2941
f 354/6435/2913 538/6436/2916 358/6437/2925
f 2509/6271/2815 2534/6401/2955 2514/6373/2944
f 348/6438/2972 360/6439/2972 371/6440/2972
f 348/6441/2973 357/6442/2974 360/6415/2930
f 2981/6443/2975 2953/6404/2520 3011/6444/2748
f 1757/6445/2976 1752/6446/2976 1761/6447/2976
f 3048/6154/2845 3036/5666/2609 3102/6053/2798
f 341/6168/2853 370/6425/2967 331/6041/2790
f 515/5595/2403 543/6172/2810 533/6448/2954
f 296/6449/2977 300/6450/2977 769/6451/2977
f 2977/6452/2947 2982/6453/2978 2974/6454/2979
f 3033/5716/2560 3041/5817/2679 3040/6455/2902
f 2516/6456/2964 2534/6401/2955 2512/6273/2865
f 2409/6457/2956 2408/6356/2939 1756/6355/2888
f 3035/5800/2669 3028/5116/2356 3104/6458/2980
f 1760/6316/2922 1753/6312/2859 1759/6314/2920
f 357/6442/2974 342/6201/2869 360/6415/2930
f 2933/5876/2713 2979/6343/2932 2943/6353/2938
f 2977/6452/2947 2975/6459/2941 2982/6453/2978
f 352/6285/2909 382/6460/2981 351/6283/2908
f 544/6161/2848 349/6160/2777 534/6461/2982
f 372/6462/2983 334/6081/2811 285/5752/2644
f 293/6219/2872 300/6463/2984 296/6086/2816
f 295/6237/2887 299/6434/2842 301/6464/2985
f 295/6237/2887 304/6465/2986 292/6089/2817
f 2953/6404/2520 2981/6443/2975 2979/6402/2932
f 529/6466/2896 535/6467/2987 523/5993/2768
f 2409/6406/2956 1764/6405/2879 1766/6468/2988
f 2937/6004/2774 2987/6127/2833 2986/6469/2989
f 536/6470/2990 516/5465/2496 533/6400/2954
f 1760/6316/2922 1759/6314/2920 1763/6471/2991
f 2965/6057/2799 2964/6050/2795 2978/6396/2952
f 2408/6356/2939 2412/6472/2992 2404/6114/2804
f 523/5993/2768 535/6467/2987 527/6325/2856
f 359/6249/2891 373/6473/2993 374/6474/2994
f 293/6206/2872 312/6301/2903 770/6475/2995
f 356/6476/2996 537/6477/2996 538/6478/2996
f 1760/6316/2922 1763/6471/2991 1764/6360/2879
f 2410/6479/2963 2411/6480/2773 2412/6481/2992
f 3011/5949/2748 2965/6057/2799 2996/6482/2997
f 355/6300/2915 373/6473/2993 359/6249/2891
f 516/5465/2496 536/6470/2990 522/5988/2766
f 375/6483/2998 330/6090/2783 353/6287/2911
f 2987/6127/2833 2941/6270/2901 2942/6484/2999
f 3038/6342/2931 3041/6485/2679 3029/4502/2063
f 543/6079/2810 599/6242/2542 539/6486/3000
f 2347/6250/2892 2349/6411/2958 2354/6487/3001
f 1758/6488/2880 1762/6489/2971 1759/6490/2920
f 1764/6491/3002 1763/6492/3002 1766/6493/3002
f 3046/6147/2841 3008/6146/2779 2983/6494/3003
f 362/6337/2928 359/6336/2891 374/6495/2994
f 599/6496/2542 598/6497/2721 539/6498/3000
f 303/6499/3004 372/6462/2983 285/5752/2644
f 769/6500/3005 838/6501/3006 298/6502/2861
f 2982/6503/2978 2975/6361/2941 2970/6264/2899
f 527/6325/2856 535/6467/2987 540/6504/3007
f 361/6410/2933 382/6505/2981 352/6408/2909
f 304/6465/2986 312/6275/2903 292/6089/2817
f 2982/6453/2978 2983/6506/3003 2974/6454/2979
f 293/6507/3008 302/6508/3008 300/6509/3008
f 1759/6490/2920 1762/6489/2971 1763/6510/2991
f 2995/6511/3009 2984/6512/3010 3011/5949/2748
f 2511/6174/2855 2515/6421/2965 2517/6513/3011
f 849/6514/3012 611/6515/2929 601/6516/2889
f 2967/6517/2868 3042/6518/3013 2978/6519/2952
f 540/6504/3007 530/6262/2812 527/6176/2856
f 2350/6221/2877 2299/6179/2857 2294/6178/2800
f 302/6520/3014 293/6206/2872 770/6475/2995
f 2967/6517/2868 3039/6397/2904 3043/6521/3015
f 532/6522/2919 2244/5480/2526 528/5479/2525
f 533/6448/2954 543/6172/2810 541/6523/3016
f 2518/6524/3017 2516/6420/2964 2511/6174/2855
f 3102/6525/2798 3035/5800/2669 3044/6526/3018
f 2983/6527/3019 2972/6528/3019 2974/6529/3019
f 372/6462/2983 364/6349/2936 334/6081/2811
f 2353/6530/3020 2350/6426/2877 2346/6204/2871
f 351/6283/2908 353/6287/2911 339/6288/2791
f 2941/6270/2901 2940/6111/2827 2942/6484/2999
f 3046/6170/2841 2985/6531/2953 2969/6213/2876
f 3037/5904/2728 3048/6154/2845 3049/6532/2878
f 354/6435/2913 358/6437/2925 355/6533/2915
f 2408/6356/2939 2409/6457/2956 2413/6534/3021
f 383/6535/3022 363/6370/2935 365/6369/2731
f 2986/6536/2989 2987/6537/2833 2942/6538/2999
f 2347/6250/2892 2354/6487/3001 2346/6204/2871
f 370/6425/2967 301/6539/2985 343/6202/2870
f 542/6540/3023 541/6523/3016 543/6541/2810
f 2413/6534/3021 2414/6542/3024 2408/6356/2939
f 3045/6543/3025 3106/6544/3026 3041/6485/2679
f 382/6460/2981 386/6545/3027 351/6283/2908
f 3039/6397/2904 2985/6399/2953 3043/6521/3015
f 838/6546/3006 769/6547/3005 837/6548/3028
f 2979/6402/2932 2988/6549/3029 2943/6550/2938
f 3043/6521/3015 3042/6518/3013 2967/6517/2868
f 2290/6010/2749 2363/6551/3030 2513/6372/2943
f 372/6462/2983 303/6499/3004 376/6552/3031
f 2406/5939/2697 2514/6373/2944 2430/6553/3032
f 298/6554/2861 303/6499/3004 285/5752/2644
f 842/6321/2704 929/6555/3033 601/6322/2889
f 2348/6315/2921 2351/6556/3034 2349/6411/2958
f 770/6557/3035 614/6558/3035 302/6559/3035
f 2942/6484/2999 2940/6111/2827 2943/6560/2938
f 2989/6561/3036 2982/6503/2978 2970/6264/2899
f 2285/6562/2629 2363/6551/3030 2290/6010/2749
f 842/6563/3037 2303/6564/3038 841/6565/3039
f 2348/6315/2921 2410/6417/2963 2351/6556/3034
f 3035/5800/2669 3104/6458/2980 3044/6526/3018
f 609/5558/2562 611/6566/2929 548/6278/2905
f 341/6168/2853 364/6349/2936 377/6567/3040
f 530/6262/2812 537/6568/2927 356/6569/2885
f 301/6539/2985 299/6341/2842 343/6202/2870
f 394/6570/3041 362/6337/2928 374/6495/2994
f 2534/6401/2955 2519/6571/3042 2514/6373/2944
f 2287/5755/2652 2301/6126/2832 2297/6157/2847
f 2985/6399/2953 3051/6572/3043 3043/6521/3015
f 370/6425/2967 341/6168/2853 377/6567/3040
f 302/6573/3044 612/6574/3044 300/6575/3045
f 929/6576/3046 842/6577/3046 841/6578/3046
f 3011/5949/2748 2996/6482/2997 2995/6511/3009
f 2515/6579/2965 2510/6044/2792 2507/5959/2753
f 3034/5754/2651 3049/6222/2878 3038/6342/2931
f 2937/6004/2774 2986/6469/2989 2936/5965/2755
f 2965/6057/2799 2978/6396/2952 2990/6580/3047
f 2289/5933/2741 2297/6157/2847 2305/6416/2962
f 2979/6402/2932 2981/6443/2975 2991/6581/3048
f 2518/6524/3017 2511/6174/2855 2517/6513/3011
f 2965/6057/2799 2990/6580/3047 2996/6482/2997
f 3052/5613/2587 3088/6582/3049 3104/6458/2980
f 770/6583/3050 312/6584/3050 617/6585/3050
f 3011/5949/2748 2984/6512/3010 3013/6586/3051
f 2285/5718/2629 2305/6416/2962 2363/6587/3030
f 374/6495/2994 378/6588/3052 394/6570/3041
f 2985/6589/2953 3046/6590/2841 3047/6591/3053
f 531/6592/3054 2244/6593/3054 532/6594/3054
f 302/6573/3044 614/6595/3055 612/6574/3044
f 536/6596/2990 844/6597/3056 522/6598/2766
f 364/6349/2936 372/6462/2983 377/6567/3040
f 2513/6372/2943 2520/6599/3057 2507/5959/2753
f 537/6333/2927 534/6600/2982 349/6334/2777
f 363/6348/2935 379/6601/3058 380/6282/2907
f 2346/6204/2871 2354/6487/3001 2353/6530/3020
f 1766/6468/2988 1765/6602/3059 2409/6406/2956
f 2970/6264/2899 2971/6286/2910 2989/6561/3036
f 3041/5817/2679 3106/6603/3026 3040/6455/2902
f 1766/6604/3060 1763/6605/3060 1765/6606/3060
f 298/6502/2861 838/6501/3006 303/6607/3004
f 2992/6608/3061 3046/6147/2841 2983/6494/3003
f 2306/6609/3062 2301/6610/2832 2302/6611/2961
f 1761/6432/2970 1768/6612/3063 1762/6433/2971
f 3013/6613/3051 2981/6443/2975 3011/6444/2748
f 2299/6179/2857 2307/6614/3064 2304/6413/2960
f 529/6466/2896 544/6615/2848 546/6616/3065
f 330/6090/2783 375/6483/2998 365/5907/2731
f 769/6547/3005 771/6617/3066 837/6548/3028
f 355/6533/2915 358/6437/2925 373/6618/2993
f 3048/6619/3067 3102/6620/3067 3049/6621/3067
f 3042/6622/3013 3043/6623/3015 3050/6624/3068
f 1763/6510/2991 1762/6489/2971 1768/6625/3063
f 3051/6626/3043 2985/6589/2953 3047/6591/3053
f 372/6462/2983 376/6552/3031 377/6567/3040
f 3051/6572/3043 3053/6627/3069 3043/6521/3015
f 533/6448/2954 541/6523/3016 545/6628/3070
f 2414/6542/3024 2412/6472/2992 2408/6356/2939
f 544/6629/2848 534/6600/2982 546/6630/3065
f 373/6631/3071 378/6632/3071 374/6633/3071
f 769/6547/3005 300/6634/3072 771/6617/3066
f 295/6635/2887 301/6636/2985 304/6637/2986
f 2351/6556/3034 2352/6638/3073 2349/6411/2958
f 3042/6518/3013 2998/6639/3074 2978/6519/2952
f 2516/6640/2964 2518/6524/3017 2521/6641/3075
f 2983/6494/3003 3008/6146/2779 2972/6642/2934
f 3040/6643/2902 3103/6644/3076 3052/6645/2587
f 3051/6572/3043 3049/6646/2878 3053/6627/3069
f 2971/6286/2910 2936/6647/2755 2986/6648/2989
f 3050/6624/3068 3043/6623/3015 3053/6649/3069
f 2522/6650/3077 2515/6579/2965 2507/5959/2753
f 612/6651/3078 613/6652/3078 300/6653/3078
f 2992/6608/3061 2993/6654/3079 3046/6147/2841
f 616/6655/3080 612/6656/3080 614/6657/3080
f 3038/6342/2931 3045/6543/3025 3041/6485/2679
f 3051/6626/3043 3054/6658/3081 3049/6222/2878
f 2353/6659/3082 2354/6660/3082 2357/6661/3082
f 1763/6510/2991 1768/6625/3063 1765/6662/3083
f 1768/6663/3063 1761/6664/2970 1767/6665/3084
f 358/6437/2925 378/6666/3085 373/6618/2993
f 2409/6457/2956 1765/6667/3059 2413/6534/3021
f 2522/6668/3077 2517/6513/3011 2515/6421/2965
f 529/6466/2896 546/6616/3065 535/6467/2987
f 3055/6669/3086 3051/6626/3043 3047/6591/3053
f 2520/6599/3057 2513/6372/2943 2363/6551/3030
f 358/6670/2925 380/6671/2907 381/6672/3087
f 381/6673/3088 378/6674/3088 358/6675/3088
f 3049/6646/2878 3102/6676/2798 3053/6627/3069
f 2244/6677/3089 845/6678/3090 2303/6564/3038
f 771/6679/3091 300/6680/3091 613/6681/3091
f 3053/6649/3069 3102/6682/2798 3056/6683/3092
f 617/6684/3093 614/6685/3093 770/6686/3093
f 545/6628/3070 547/6687/3094 533/6448/2954
f 353/6287/2911 351/6283/2908 375/6688/2998
f 1767/6689/3095 1765/6690/3095 1768/6691/3095
f 312/6692/3096 306/6693/3096 617/6694/3096
f 2401/6695/3097 2299/6179/2857 2350/6221/2877
f 304/6465/2986 306/6696/3098 312/6275/2903
f 2415/6697/3099 2351/6698/3034 2410/6479/2963
f 533/6400/2954 547/6699/3094 773/6700/3100
f 305/6701/3101 303/6607/3004 838/6501/3006
f 2516/6640/2964 2521/6641/3075 2534/6702/2955
f 370/6425/2967 307/6703/3102 301/6539/2985
f 548/6704/2905 851/6705/3103 598/6497/2721
f 2354/6487/3001 2349/6411/2958 2355/6706/3104
f 2410/6479/2963 2412/6481/2992 2415/6697/3099
f 3052/5613/2587 3104/6458/2980 3028/5116/2356
f 3042/6622/3013 3050/6624/3068 3057/6707/3105
f 2507/5959/2753 2365/6708/3106 2522/6650/3077
f 1767/6665/3084 1761/6664/2970 1769/6709/3107
f 548/6704/2905 611/6515/2929 849/6514/3012
f 2993/6710/3079 3047/6591/3053 3046/6711/2841
f 2994/6712/3108 2996/6482/2997 2990/6580/3047
f 378/6588/3052 381/6713/3109 394/6570/3041
f 2302/6611/2961 2304/6413/2960 2306/6609/3062
f 2507/5959/2753 2520/6599/3057 2365/6708/3106
f 2521/6641/3075 2519/6714/3042 2534/6702/2955
f 837/6715/3028 305/6716/3101 838/6717/3006
f 546/6630/3065 534/6600/2982 537/6333/2927
f 844/6718/3110 531/6719/3110 522/6720/3110
f 2995/6511/3009 3012/6721/3111 2984/6512/3010
f 2991/6581/3048 2988/6549/3029 2979/6402/2932
f 540/6504/3007 535/6467/2987 546/6722/3065
f 3053/6649/3069 3056/6683/3092 3050/6624/3068
f 2523/6723/3112 2519/6714/3042 2521/6641/3075
f 773/6700/3100 536/6470/2990 533/6400/2954
f 612/6724/3113 616/6725/3113 613/6726/3113
f 2297/6157/2847 2301/6126/2832 2308/6727/3114
f 2353/6530/3020 2401/6728/3097 2350/6426/2877
f 370/6425/2967 377/6567/3040 307/6703/3102
f 844/6597/3056 536/6596/2990 773/6729/3100
f 361/6344/2933 362/6346/2928 382/6730/2981
f 2354/6487/3001 2356/6731/3115 2357/6732/3116
f 2361/6733/3117 2518/6524/3017 2517/6513/3011
f 771/6734/3118 613/6735/3118 615/6736/3118
f 379/6601/3058 363/6348/2935 383/6737/3022
f 537/6568/2927 530/6262/2812 540/6504/3007
f 2401/6695/3097 2307/6614/3064 2299/6179/2857
f 547/6699/3094 385/6738/3119 773/6700/3100
f 540/6504/3007 546/6722/3065 537/6568/2927
f 2520/6599/3057 2363/6551/3030 2524/6739/3120
f 2995/6740/3121 2996/6741/3121 3012/6742/3121
f 2996/6482/2997 2994/6712/3108 3012/6743/3111
f 2942/6538/2999 2943/6744/2938 2988/6745/3029
f 2355/6706/3104 2349/6411/2958 2352/6638/3073
f 3057/6746/3105 3058/6747/3122 3042/6518/3013
f 2514/6373/2944 2519/6571/3042 2430/6748/3032
f 2406/6749/2697 2416/6750/3123 1752/6751/3124
f 3055/6669/3086 3047/6591/3053 2993/6710/3079
f 3054/6658/3081 3051/6626/3043 3055/6669/3086
f 305/6752/3101 376/6552/3031 303/6499/3004
f 616/6753/3125 614/6754/3126 617/6755/3125
f 379/6601/3058 381/6672/3087 380/6671/2907
f 2984/6512/3010 3012/6721/3111 3013/6586/3051
f 376/6552/3031 305/6752/3101 384/6756/3127
f 3054/6658/3081 3055/6669/3086 3059/6757/3128
f 2355/6706/3104 2356/6731/3115 2354/6487/3001
f 771/6758/3066 772/6759/3129 837/6715/3028
f 771/6758/3066 615/6760/3130 772/6759/3129
f 615/6761/3131 613/6762/3131 616/6763/3131
f 2309/6764/3132 2306/6609/3062 2304/6413/2960
f 3103/6765/3076 3040/6455/2902 3106/6603/3026
f 385/6766/3119 547/6767/3094 774/6768/3133
f 2525/6769/3134 2521/6641/3075 2518/6524/3017
f 774/6768/3133 547/6767/3094 545/6770/3070
f 548/6704/2905 849/6514/3012 549/6771/3135
f 548/6704/2905 549/6771/3135 851/6705/3103
f 2991/6772/3048 2942/6538/2999 2988/6745/3029
f 618/6773/3136 616/6753/3125 617/6755/3125
f 1752/6751/3124 2416/6750/3123 1761/6774/2970
f 2415/6697/3099 2417/6775/3137 2351/6698/3034
f 3102/6682/2798 3044/6776/3018 3056/6683/3092
f 1765/6777/3059 2418/6778/3138 2413/6534/3021
f 1765/6779/3139 1767/6780/3139 1785/6781/3139
f 2306/6782/3062 2308/6727/3114 2301/6126/2832
f 616/6783/3140 618/6784/3140 615/6785/3140
f 305/6716/3101 837/6715/3028 772/6759/3129
f 3044/6776/3018 3104/6786/2980 3060/6787/3141
f 304/6637/2986 301/6636/2985 306/6788/3098
f 2989/6561/3036 2983/6789/3003 2982/6503/2978
f 3061/6790/3142 3052/6645/2587 3103/6644/3076
f 2303/6564/3038 845/6678/3090 841/6565/3039
f 772/6791/3143 615/6792/3143 618/6793/3143
f 2414/6542/3024 2439/6794/3144 2419/6795/3145
f 539/6486/3000 542/6796/3023 543/6079/2810
f 531/6797/3146 845/6798/3090 2244/6799/3089
f 2983/6494/3003 2989/6800/3036 2997/6801/3147
f 2989/6561/3036 2971/6286/2910 3005/6802/3148
f 2519/6714/3042 2523/6723/3112 2430/6803/3032
f 384/6756/3127 377/6567/3040 376/6552/3031
f 2517/6513/3011 2522/6668/3077 2361/6733/3117
f 2978/6396/2952 2998/6804/3074 2990/6580/3047
f 3056/6683/3092 3044/6776/3018 3060/6787/3141
f 2361/6733/3117 2525/6769/3134 2518/6524/3017
f 782/6805/3149 773/6806/3100 385/6807/3119
f 1769/6808/3150 1785/6809/3150 1767/6810/3150
f 2983/6494/3003 2997/6801/3147 2992/6608/3061
f 2419/6811/3145 2420/6812/3151 2412/6481/2992
f 386/6545/3027 375/6688/2998 351/6283/2908
f 384/6756/3127 307/6703/3102 377/6567/3040
f 2986/6536/2989 2942/6538/2999 2999/6813/3152
f 3054/6658/3081 3059/6757/3128 3049/6222/2878
f 2414/6542/3024 2413/6534/3021 2421/6814/3153
f 3050/6624/3068 3056/6683/3092 3057/6707/3105
f 843/6815/3154 531/6816/3146 844/6817/3155
f 2413/6534/3021 2418/6778/3138 2421/6814/3153
f 772/6759/3129 384/6818/3127 305/6716/3101
f 306/6819/3156 618/6820/3156 617/6821/3156
f 2991/6581/3048 2981/6443/2975 3014/6822/3157
f 307/6823/3102 306/6788/3098 301/6636/2985
f 3058/6747/3122 2998/6639/3074 3042/6518/3013
f 2412/6472/2992 2414/6542/3024 2419/6795/3145
f 306/6824/3158 307/6825/3158 384/6826/3158
f 375/6483/2998 383/6827/3022 365/5907/2731
f 2417/6828/3137 2358/6829/3159 2351/6556/3034
f 2307/6614/3064 2309/6764/3132 2304/6413/2960
f 844/6597/3056 773/6729/3100 782/6830/3149
f 2430/6831/3032 2416/6750/3123 2406/6749/2697
f 539/6498/3000 598/6497/2721 851/6705/3103
f 2989/6800/3036 3005/6832/3148 2997/6801/3147
f 772/6759/3129 618/6833/3160 306/6834/3161
f 2521/6641/3075 2525/6769/3134 2523/6723/3112
f 1765/6777/3059 1785/6835/3162 2418/6778/3138
f 1770/6836/3163 1785/6837/3162 1769/6838/3164
f 542/6540/3023 545/6628/3070 541/6523/3016
f 3049/6222/2878 3059/6757/3128 3038/6342/2931
f 383/6737/3022 389/6839/3165 379/6601/3058
f 774/6768/3133 545/6770/3070 391/6840/3166
f 3038/6342/2931 3059/6757/3128 3062/6841/3167
f 2999/6813/3152 2942/6538/2999 2991/6772/3048
f 2358/6829/3159 2352/6638/3073 2351/6556/3034
f 375/6483/2998 389/6842/3165 383/6827/3022
f 384/6818/3127 772/6759/3129 306/6834/3161
f 385/6807/3119 777/6843/3168 782/6805/3149
f 3014/6822/3157 2981/6443/2975 3013/6844/3051
f 774/6845/3133 775/6846/3169 385/6807/3119
f 3000/6847/3170 3012/6848/3111 2994/6849/3108
f 782/6805/3149 777/6843/3168 776/6850/3171
f 777/6843/3168 385/6807/3119 775/6846/3169
f 787/6851/3172 774/6768/3133 391/6840/3166
f 1772/6852/3173 1785/6837/3162 1770/6836/3163
f 3106/6544/3026 3045/6543/3025 3062/6841/3167
f 2355/6706/3104 2352/6638/3073 2359/6853/3174
f 2310/6854/3175 2309/6764/3132 2307/6614/3064
f 2357/6732/3116 2360/6855/3176 2353/6856/3020
f 394/6857/3041 387/6858/3177 362/6346/2928
f 2525/6859/3134 2361/6860/3117 2526/6861/3178
f 2971/6286/2910 2986/6648/2989 3001/6862/3179
f 362/6346/2928 387/6858/3177 382/6730/2981
f 2415/6697/3099 2412/6481/2992 2422/6863/3180
f 2997/6801/3147 2993/6654/3079 2992/6608/3061
f 3052/6864/2587 3061/6865/3142 3088/6866/3049
f 379/6601/3058 389/6839/3165 381/6672/3087
f 1770/6867/3181 1771/6868/3181 1772/6869/3181
f 2362/6870/3182 2363/6871/3030 2305/6872/2962
f 2990/6580/3047 2998/6804/3074 3015/6873/3183
f 3060/6787/3141 3057/6707/3105 3056/6683/3092
f 844/6817/3155 781/6874/3184 843/6815/3154
f 791/6875/3185 391/6840/3166 545/6770/3070
f 3002/6876/3186 3013/6877/3051 3012/6848/3111
f 2520/6878/3057 2364/6879/3187 2365/6880/3106
f 2362/6870/3182 2524/6881/3120 2363/6871/3030
f 1771/6882/3188 1770/6883/3188 1769/6884/3188
f 2991/6885/3189 2986/6886/3189 2999/6887/3189
f 3062/6841/3167 3045/6543/3025 3038/6342/2931
f 2360/6855/3176 2401/6888/3097 2353/6856/3020
f 2356/6731/3115 2360/6855/3176 2357/6732/3116
f 791/6889/3185 545/6628/3070 542/6540/3023
f 386/6890/3190 382/6891/3190 387/6892/3190
f 2364/6879/3187 2520/6878/3057 2524/6881/3120
f 2991/6893/3048 3016/6894/3191 2986/6648/2989
f 2365/6880/3106 2364/6879/3187 2522/6895/3077
f 775/6896/3169 776/6897/3171 777/6898/3168
f 3057/6746/3105 3063/6899/3192 3058/6747/3122
f 3099/6900/3193 3104/6786/2980 3088/6901/3049
f 539/6486/3000 791/6902/3185 542/6796/3023
f 2522/6895/3077 2364/6879/3187 2366/6903/3194
f 2297/6157/2847 2308/6727/3114 2311/6904/3195
f 1777/6905/3196 2418/6906/3138 1785/6837/3162
f 2439/6794/3144 2414/6542/3024 2421/6814/3153
f 3105/6907/3197 2998/6639/3074 3058/6747/3122
f 3057/6707/3105 3060/6787/3141 3075/6908/3198
f 2366/6903/3194 2361/6860/3117 2522/6909/3077
f 2994/6712/3108 2990/6580/3047 3015/6873/3183
f 2421/6814/3153 2418/6778/3138 2423/6910/3199
f 3104/6786/2980 3099/6900/3193 3073/6911/3200
f 776/6850/3171 778/6912/3201 782/6805/3149
f 2971/6286/2910 3001/6862/3179 3005/6802/3148
f 2307/6614/3064 2371/6913/3202 2310/6854/3175
f 2526/6914/3178 2523/6723/3112 2525/6769/3134
f 2986/6648/2989 3016/6894/3191 3001/6862/3179
f 3014/6915/3157 3016/6894/3191 2991/6893/3048
f 388/6916/3203 389/6917/3165 375/6688/2998
f 3013/6877/3051 3002/6876/3186 3014/6918/3157
f 3064/6919/3204 2998/6639/3074 3105/6907/3197
f 3073/6911/3200 3060/6787/3141 3104/6786/2980
f 2412/6481/2992 2420/6812/3151 2422/6863/3180
f 2356/6731/3115 2355/6706/3104 2359/6853/3174
f 3067/6920/3205 3080/6921/3206 3062/6841/3167
f 386/6545/3027 390/6922/3207 375/6688/2998
f 3005/6832/3148 3003/6923/3208 2997/6801/3147
f 1772/6852/3173 1774/6924/3209 1785/6837/3162
f 3078/6925/3210 3106/6544/3026 3062/6841/3167
f 778/6926/3211 776/6927/3211 779/6928/3211
f 3059/6757/3128 3055/6669/3086 2993/6710/3079
f 3062/6841/3167 3059/6757/3128 3067/6920/3205
f 782/6929/3212 780/6930/3212 781/6931/3212
f 2994/6849/3108 3015/6932/3183 3000/6847/3170
f 1772/6933/3173 1773/6934/3213 1774/6935/3209
f 2998/6804/3074 3065/6936/3214 3015/6873/3183
f 782/6937/3215 781/6938/3215 844/6939/3215
f 1772/6933/3173 1771/6940/3216 1773/6934/3213
f 2993/6654/3079 2997/6801/3147 3109/6941/3217
f 2420/6812/3151 2419/6811/3145 2424/6942/3218
f 3012/6848/3111 3000/6847/3170 3002/6876/3186
f 3063/6899/3192 3057/6746/3105 3075/6943/3198
f 3064/6944/3204 3065/6945/3214 2998/6946/3074
f 1777/6947/3196 2423/6910/3199 2418/6778/3138
f 778/6948/3219 780/6949/3219 782/6950/3219
f 845/6951/3220 846/6952/3220 841/6953/3220
f 3016/6894/3191 3004/6954/3221 3001/6862/3179
f 391/6840/3166 788/6955/3222 787/6851/3172
f 3004/6954/3221 3005/6802/3148 3001/6862/3179
f 3080/6921/3206 3078/6925/3210 3062/6841/3167
f 3060/6787/3141 3073/6911/3200 3075/6908/3198
f 3059/6757/3128 2993/6710/3079 3108/6956/3223
f 394/6570/3041 381/6713/3109 387/6957/3177
f 793/6958/3224 779/6959/3225 776/6960/3171
f 389/6961/3226 388/6962/3226 381/6963/3226
f 3109/6964/3217 3108/6956/3223 2993/6710/3079
f 3105/6907/3197 3058/6747/3122 3063/6899/3192
f 2422/6863/3180 2417/6775/3137 2415/6697/3099
f 1785/6837/3162 1775/6965/3227 1777/6905/3196
f 386/6966/3228 387/6967/3228 390/6968/3228
f 2297/6157/2847 2311/6904/3195 2305/6416/2962
f 2359/6853/3174 2352/6638/3073 2367/6969/3229
f 2421/6814/3153 2423/6910/3199 2439/6794/3144
f 1771/6970/3216 2435/6971/3230 1773/6972/3213
f 791/6973/3185 788/6974/3222 391/6975/3166
f 2523/6976/3112 2526/6977/3178 2373/6978/3231
f 775/6896/3169 783/6979/3232 776/6897/3171
f 2360/6855/3176 2356/6731/3115 2368/6980/3233
f 3059/6757/3128 3108/6956/3223 3067/6920/3205
f 2369/6981/3234 2307/6982/3064 2401/6888/3097
f 390/6922/3207 388/6916/3203 375/6688/2998
f 2362/6870/3182 2311/6983/3195 2370/6984/3235
f 3002/6876/3186 3016/6985/3191 3014/6918/3157
f 2362/6870/3182 2370/6984/3235 2524/6881/3120
f 2362/6870/3182 2305/6872/2962 2311/6983/3195
f 2307/6986/3236 2369/6987/3236 2371/6988/3236
f 1778/6989/3237 1775/6965/3227 1785/6837/3162
f 2358/6829/3159 2367/6969/3229 2352/6638/3073
f 2360/6855/3176 2369/6981/3234 2401/6888/3097
f 779/6959/3225 793/6958/3224 800/6990/3238
f 3078/6925/3210 3077/6991/3239 3106/6544/3026
f 791/6973/3185 790/6992/3240 788/6974/3222
f 2430/6993/3032 2523/6976/3112 2373/6978/3231
f 549/6994/3135 849/6995/3012 847/6996/3241
f 848/6997/3242 794/6998/3243 849/6999/3012
f 849/6999/3012 850/7000/3244 848/6997/3242
f 1785/6837/3162 1774/6924/3209 1778/6989/3237
f 388/6916/3203 390/6922/3207 381/7001/3245
f 845/7002/3246 865/7003/3246 846/7004/3246
f 778/7005/3247 855/7006/3248 780/7007/3249
f 3004/7008/3250 3016/7009/3250 3005/7010/3250
f 2372/7011/3251 2366/6903/3194 2364/6879/3187
f 2462/7012/3252 2419/6795/3145 2439/6794/3144
f 387/7013/3253 381/7014/3253 390/7015/3253
f 855/7006/3248 778/7005/3247 779/6959/3225
f 2424/7016/3218 2419/6795/3145 2462/7012/3252
f 3016/6985/3191 3006/7017/3254 3005/6832/3148
f 2306/6782/3062 2311/6904/3195 2308/6727/3114
f 801/7018/3255 775/6846/3169 774/6845/3133
f 2360/6855/3176 2368/6980/3233 2369/6981/3234
f 3109/6941/3217 2997/6801/3147 3003/6923/3208
f 791/7019/3185 539/6498/3000 839/7020/3256
f 779/6959/3225 800/6990/3238 795/7021/3257
f 1774/6924/3209 1773/7022/3213 1778/6989/3237
f 3002/6876/3186 3007/7023/3258 3016/6985/3191
f 847/6996/3241 849/6995/3012 794/7024/3243
f 3105/7025/3197 3066/7026/3259 3064/6944/3204
f 839/7020/3256 539/6498/3000 851/6705/3103
f 793/7027/3224 776/6897/3171 784/7028/3260
f 843/6815/3154 781/6874/3184 785/7029/3261
f 1775/7030/3227 1776/7031/3262 1777/7032/3196
f 2309/6764/3132 2310/6854/3175 2312/7033/3263
f 3105/6907/3197 3063/6899/3192 3107/7034/3264
f 3006/7017/3254 3003/6923/3208 3005/6832/3148
f 3000/6847/3170 3007/7023/3258 3002/6876/3186
f 2444/7035/3265 1769/7036/3107 1761/6774/2970
f 1777/7037/3196 1776/7038/3262 2433/7039/3266
f 841/7040/3267 2313/7041/3268 929/7042/3033
f 3103/6644/3076 3106/7043/3026 3085/7044/3269
f 3064/6944/3204 3066/7026/3259 3065/6945/3214
f 851/7045/3103 847/6996/3241 839/7046/3256
f 3075/6943/3198 3107/7034/3264 3063/6899/3192
f 780/7047/3270 785/7029/3261 781/6874/3184
f 1773/7022/3213 1779/7048/3271 1778/6989/3237
f 2526/6861/3178 2429/7049/3272 2373/7050/3231
f 3007/7023/3258 3006/7017/3254 3016/6985/3191
f 3067/7051/3205 3108/7052/3223 3068/7053/3273
f 2370/6984/3235 2364/6879/3187 2524/6881/3120
f 549/6994/3135 847/6996/3241 851/7045/3103
f 2425/7054/3274 2373/7055/3231 2426/7056/3275
f 2306/6609/3062 2309/6764/3132 2312/7033/3263
f 2427/7057/3276 2439/6794/3144 2423/6910/3199
f 2420/6812/3151 2424/6942/3218 2428/7058/3277
f 2366/6903/3194 2372/7011/3251 2361/6860/3117
f 2433/7039/3266 2423/6910/3199 1777/7037/3196
f 843/7059/3154 845/6798/3090 531/6797/3146
f 3085/7060/3269 3106/6544/3026 3077/6991/3239
f 3069/7061/3278 3105/7025/3197 3107/7062/3264
f 785/7063/3279 780/7064/3279 786/7065/3279
f 1776/7031/3262 1775/7030/3227 1778/7066/3237
f 3103/6644/3076 3070/7067/3280 3061/6790/3142
f 1778/7068/3281 1780/7069/3281 1776/7070/3281
f 2422/6863/3180 2420/6812/3151 2428/7058/3277
f 855/7006/3248 779/6959/3225 795/7021/3257
f 3070/7067/3280 3071/7071/3282 3061/6790/3142
f 3090/7072/3283 3015/6932/3183 3065/7073/3214
f 1773/6972/3213 2435/6971/3230 1781/7074/3284
f 1778/7075/3285 1779/7076/3285 1780/7077/3285
f 3105/7025/3197 3069/7061/3278 3066/7026/3259
f 2431/7078/3286 2430/6993/3032 2373/6978/3231
f 2374/7079/3287 2371/7080/3202 2369/7081/3234
f 2371/7080/3202 2374/7079/3287 2310/7082/3175
f 1773/7083/3288 1781/7084/3288 1779/7085/3288
f 3072/7086/3289 3073/7087/3200 3074/7088/3290
f 2444/7035/3265 1771/7089/3216 1769/7036/3107
f 3103/6644/3076 3085/7044/3269 3070/7067/3280
f 2310/7082/3175 2375/7090/3291 2312/7091/3263
f 800/6990/3238 881/7092/3292 795/7021/3257
f 2435/7093/3230 1771/7089/3216 2444/7035/3265
f 3107/7094/3264 3075/7095/3198 3076/7096/3293
f 780/7007/3249 855/7006/3248 786/7097/3294
f 3090/7072/3283 3000/6847/3170 3015/6932/3183
f 2429/7098/3272 2426/7056/3275 2373/7055/3231
f 3076/7096/3293 3075/7095/3198 3073/7087/3200
f 3110/7099/3295 3077/7100/3239 3078/7101/3210
f 3073/7087/3200 3072/7086/3289 3082/7102/3296
f 2428/7058/3277 2424/6942/3218 2425/7054/3274
f 3067/7051/3205 3068/7053/3273 3079/7103/3297
f 2311/6983/3195 2306/7104/3062 2312/7091/3263
f 774/6845/3133 787/7105/3172 801/7018/3255
f 2439/6794/3144 2427/7057/3276 2441/7106/3298
f 3078/7101/3210 3080/7107/3206 3081/7108/3299
f 776/6897/3171 783/6979/3232 784/7028/3260
f 2358/7109/3159 2417/6775/3137 2384/7110/3300
f 3082/7102/3296 3076/7096/3293 3073/7087/3200
f 2423/6910/3199 2433/7039/3266 2427/7057/3276
f 3072/7111/3289 3079/7112/3297 3082/7113/3296
f 3089/7114/3301 3003/6923/3208 3006/7017/3254
f 3090/7072/3283 3007/7023/3258 3000/6847/3170
f 1779/7115/3302 1781/7116/3303 1780/7117/3304
f 1781/7118/3305 2435/7119/3305 1782/7120/3305
f 2384/7110/3300 2417/6775/3137 2422/6863/3180
f 3108/7121/3223 3109/7122/3217 3083/7123/3306
f 3084/7124/3307 3088/6866/3049 3061/6865/3142
f 2372/7011/3251 2376/7125/3308 2361/6860/3117
f 3080/7107/3206 3067/7051/3205 3081/7108/3299
f 2369/7081/3234 2377/7126/3309 2374/7079/3287
f 1782/7127/3310 1780/7117/3304 1781/7116/3303
f 2526/6861/3178 2361/6860/3117 2376/7125/3308
f 3082/7113/3296 3079/7112/3297 3068/7128/3273
f 1780/7117/3304 1782/7127/3310 1776/7129/3262
f 794/7024/3243 839/7046/3256 847/6996/3241
f 3108/7121/3223 3083/7123/3306 3068/7128/3273
f 2430/7130/3032 2431/7131/3286 2416/7132/3123
f 2425/7133/3311 2431/7134/3311 2373/7135/3311
f 2425/7054/3274 2432/7136/3312 2428/7058/3277
f 2369/6981/3234 2368/6980/3233 2377/7126/3309
f 849/6999/3012 601/7137/2889 850/7000/3244
f 2368/6980/3233 2356/6731/3115 2359/6853/3174
f 3082/7113/3296 3068/7128/3273 3083/7123/3306
f 787/7138/3172 788/7139/3222 789/7140/3313
f 3107/7062/3264 3076/7141/3293 3069/7061/3278
f 839/7142/3256 790/7143/3240 791/7144/3185
f 3090/7145/3283 3006/7017/3254 3007/7023/3258
f 1782/7146/3310 2433/7147/3266 1776/7148/3262
f 3089/7114/3301 3006/7017/3254 3090/7145/3283
f 2376/7125/3308 2372/7011/3251 2364/6879/3187
f 3069/7061/3278 3091/7149/3314 3066/7026/3259
f 2425/7054/3274 2426/7056/3275 2432/7136/3312
f 792/7150/3315 787/7138/3172 789/7140/3313
f 3110/7099/3295 3078/7101/3210 3081/7108/3299
f 3061/6865/3142 3071/7151/3282 3084/7124/3307
f 792/7152/3315 801/7018/3255 787/7105/3172
f 3091/7149/3314 3090/7153/3283 3065/7154/3214
f 3085/7155/3269 3077/7156/3239 3087/7157/3316
f 800/7158/3317 793/7159/3317 799/7160/3317
f 2374/7079/3287 2378/7161/3318 2310/7082/3175
f 3109/6941/3217 3003/6923/3208 3089/7114/3301
f 798/7162/3319 839/7163/3319 794/7164/3319
f 2428/7058/3277 2434/7165/3320 2422/6863/3180
f 3091/7149/3314 3065/7154/3214 3066/7026/3259
f 794/6998/3321 796/7166/3322 852/7167/3323
f 799/7168/3324 793/7169/3224 807/7170/3325
f 845/7171/3090 843/7172/3154 853/7173/3326
f 794/7174/3327 796/7175/3327 798/7176/3327
f 785/7177/3261 853/7173/3326 843/7172/3154
f 2379/7178/3328 2364/6879/3187 2370/6984/3235
f 798/7179/3329 790/7143/3240 839/7142/3256
f 2378/7161/3318 2375/7090/3291 2310/7082/3175
f 3083/7123/3306 3076/7141/3293 3082/7113/3296
f 2435/7180/3230 2444/7181/3265 1782/7146/3310
f 3085/7155/3269 3087/7157/3316 3070/7182/3280
f 3086/7183/3330 3087/7184/3316 3077/7185/3239
f 2429/7049/3272 2526/6861/3178 2376/7125/3308
f 3071/7186/3331 3070/7187/3331 3084/7188/3331
f 2383/7189/3332 2426/7056/3275 2429/7098/3272
f 2311/6983/3195 2312/7091/3263 2380/7190/3333
f 3092/7191/3334 3088/7192/3049 3084/7193/3307
f 3088/7192/3049 3092/7191/3334 3099/7194/3193
f 3069/7061/3278 3076/7141/3293 3091/7149/3314
f 795/7195/3335 880/7196/3335 874/7197/3335
f 2313/7198/3268 601/7137/2889 929/7199/3033
f 775/6896/3169 817/7200/3336 783/6979/3232
f 3091/7149/3314 3109/7122/3217 3089/7201/3301
f 3077/7202/3337 3110/7203/3337 3086/7204/3337
f 2436/7205/3338 2431/7131/3286 2425/7206/3274
f 853/7173/3326 785/7177/3261 854/7207/3339
f 3083/7123/3306 3109/7122/3217 3091/7149/3314
f 2359/6853/3174 2381/7208/3340 2368/6980/3233
f 3067/7051/3205 3079/7103/3297 3081/7108/3299
f 3083/7123/3306 3091/7149/3314 3076/7141/3293
f 788/7209/3222 821/7210/3341 789/7211/3313
f 1782/7146/3310 2437/7212/3342 2433/7147/3266
f 795/7021/3257 881/7092/3292 880/7213/3343
f 3084/7214/3307 3070/7182/3280 3087/7157/3316
f 3090/7215/3344 3091/7216/3344 3089/7217/3344
f 2426/7056/3275 2383/7189/3332 2432/7136/3312
f 2457/7218/3345 2425/7219/3274 2424/7220/3218
f 2441/7221/3298 2438/7222/3346 2439/7223/3144
f 3092/7224/3334 3087/7184/3316 3086/7183/3330
f 2440/7225/3347 2438/7226/3347 2441/7227/3347
f 2367/6969/3229 2381/7208/3340 2359/6853/3174
f 821/7228/3341 788/7229/3222 790/7143/3240
f 796/7230/3348 797/7231/3349 864/7232/3350
f 798/7233/3329 796/7230/3348 864/7232/3350
f 2433/7147/3266 2437/7212/3342 2441/7234/3351
f 786/7235/3294 854/7236/3339 785/7237/3261
f 2382/7238/3352 2383/7239/3332 2429/7049/3272
f 2433/7240/3353 2441/7241/3353 2427/7242/3353
f 1782/7146/3310 2444/7181/3265 2437/7212/3342
f 2461/7243/3354 2424/7016/3218 2462/7012/3252
f 2439/7223/3144 2438/7222/3346 2462/7244/3252
f 2429/7049/3272 2376/7125/3308 2382/7238/3352
f 3092/7191/3334 3084/7193/3307 3087/7245/3316
f 2441/7246/3355 2437/7247/3355 2440/7248/3355
f 3099/7194/3193 3092/7191/3334 3093/7249/3356
f 2384/7250/3300 2367/6969/3229 2358/6829/3159
f 3079/7112/3297 3072/7111/3289 3095/7251/3357
f 855/7252/3248 854/7236/3339 786/7235/3294
f 3092/7224/3334 3086/7183/3330 3093/7249/3356
f 2432/7136/3312 2434/7165/3320 2428/7058/3277
f 2312/7091/3263 2385/7253/3358 2380/7190/3333
f 799/7254/3359 804/7255/3360 800/7256/3238
f 2434/7165/3320 2384/7110/3300 2422/6863/3180
f 775/6896/3169 801/7257/3255 817/7200/3336
f 2437/7258/3361 2444/7259/3361 2440/7260/3361
f 792/7152/3315 802/7261/3362 801/7018/3255
f 2311/6983/3195 2380/7190/3333 2370/6984/3235
f 802/7262/3362 792/7150/3315 789/7140/3313
f 2386/7263/3363 2368/6980/3233 2381/7208/3340
f 2377/7126/3309 2368/6980/3233 2387/7264/3364
f 3073/6911/3200 3099/6900/3193 3094/7265/3365
f 798/7233/3329 864/7232/3350 803/7266/3366
f 2462/7244/3252 2438/7222/3346 2442/7267/3367
f 2436/7205/3338 2443/7268/3368 2431/7131/3286
f 796/7166/3348 794/6998/3243 797/7269/3349
f 2379/7178/3328 2376/7125/3308 2364/6879/3187
f 794/6998/3243 848/6997/3242 850/7000/3244
f 3110/7270/3295 3093/7249/3356 3086/7183/3330
f 800/7271/3238 804/7272/3360 805/7273/3369
f 2436/7205/3338 2425/7206/3274 2457/7274/3345
f 881/7092/3292 800/6990/3238 805/7275/3369
f 1761/6774/2970 2452/7276/3370 2444/7035/3265
f 2385/7253/3358 2312/7091/3263 2375/7090/3291
f 2461/7277/3354 2457/7218/3345 2424/7220/3218
f 2387/7264/3364 2368/6980/3233 2386/7263/3363
f 2370/6984/3235 2380/7190/3333 2379/7178/3328
f 3081/7278/3299 3079/7112/3297 3095/7251/3357
f 2440/7279/3371 2447/7280/3372 2438/7281/3346
f 2377/7126/3309 2378/7161/3318 2374/7079/3287
f 3073/7087/3200 3096/7282/3373 3074/7088/3290
f 2381/7208/3340 2367/6969/3229 2388/7283/3374
f 790/7143/3240 798/7179/3329 806/7284/3375
f 2438/7222/3346 2446/7285/3376 2442/7267/3367
f 2452/7276/3370 1761/6774/2970 2416/6750/3123
f 2378/7161/3318 2377/7126/3309 2387/7264/3364
f 854/7236/3339 855/7252/3248 888/7286/3377
f 784/7028/3260 807/7287/3325 793/7027/3224
f 2384/7250/3300 2388/7283/3374 2367/6969/3229
f 2447/7280/3372 2446/7288/3376 2438/7281/3346
f 803/7289/3366 808/7290/3378 798/7291/3329
f 802/7292/3379 814/7293/3379 801/7294/3379
f 801/7257/3255 814/7295/3380 817/7200/3336
f 3095/7296/3357 3072/7086/3289 3074/7088/3290
f 855/7297/3248 795/7298/3257 888/7299/3377
f 865/7300/3381 845/7171/3090 856/7301/3382
f 3093/7249/3356 3111/7302/3383 3099/7194/3193
f 3074/7088/3290 3096/7282/3373 3095/7296/3357
f 2444/7303/3384 2447/7280/3372 2440/7279/3371
f 2445/7304/3385 2461/7277/3354 2462/7305/3252
f 2389/7306/3386 2375/7090/3291 2378/7161/3318
f 2386/7263/3363 2381/7208/3340 2390/7307/3387
f 2389/7306/3386 2385/7253/3358 2375/7090/3291
f 2448/7308/3388 2446/7309/3388 2447/7310/3388
f 809/7311/3389 881/7312/3292 830/7313/3390
f 2442/7314/3367 2445/7304/3385 2462/7305/3252
f 2378/7161/3318 2387/7264/3364 2389/7306/3386
f 3096/7315/3373 3073/6911/3200 3094/7265/3365
f 3097/7316/3391 3110/7099/3295 3081/7108/3299
f 2380/7190/3333 2391/7317/3392 2379/7178/3328
f 2442/7267/3367 2446/7285/3376 2448/7318/3393
f 3111/7302/3383 3093/7249/3356 3110/7270/3295
f 2434/7165/3320 2432/7136/3312 2397/7319/3394
f 2392/7320/3395 2380/7190/3333 2385/7253/3358
f 804/7255/3360 799/7254/3359 832/7321/3396
f 789/7140/3313 810/7322/3397 802/7262/3362
f 803/7289/3366 901/7323/3398 808/7290/3378
f 3095/7251/3357 3097/7324/3391 3081/7278/3299
f 784/7028/3260 783/6979/3232 620/7325/3399
f 846/7326/3400 866/7327/3400 841/7328/3400
f 2434/7165/3320 2394/7329/3401 2384/7110/3300
f 3110/7099/3295 3097/7316/3391 3098/7330/3402
f 2445/7304/3385 2442/7314/3367 2449/7331/3403
f 2393/7332/3404 2379/7178/3328 2391/7317/3392
f 2393/7332/3404 2376/7125/3308 2379/7178/3328
f 3111/7333/3383 3094/7334/3365 3099/7335/3193
f 2390/7307/3387 2387/7264/3364 2386/7263/3363
f 874/7336/3405 863/7337/3405 811/7338/3405
f 2391/7317/3392 2380/7190/3333 2392/7320/3395
f 795/7298/3257 874/7339/3406 889/7340/3407
f 808/7290/3378 806/7341/3375 798/7291/3329
f 2384/7250/3300 2394/7342/3401 2388/7283/3374
f 803/7289/3366 812/7343/3408 901/7323/3398
f 2381/7208/3340 2388/7283/3374 2390/7307/3387
f 2389/7306/3386 2387/7264/3364 2390/7307/3387
f 864/7232/3350 812/7344/3408 803/7266/3366
f 2436/7205/3338 2457/7274/3345 2443/7268/3368
f 2432/7136/3312 2383/7189/3332 2450/7345/3409
f 2445/7304/3385 2457/7218/3345 2461/7277/3354
f 808/7290/3378 813/7346/3410 806/7341/3375
f 2382/7238/3352 2395/7347/3411 2383/7239/3332
f 2434/7165/3320 2397/7319/3394 2394/7329/3401
f 2313/7041/3268 841/7040/3267 866/7348/3412
f 2432/7136/3312 2450/7345/3409 2397/7319/3394
f 888/7286/3377 857/7349/3413 854/7236/3339
f 3094/7334/3365 3095/7296/3357 3096/7282/3373
f 2385/7253/3358 2389/7306/3386 2396/7350/3414
f 2383/7239/3332 2395/7347/3411 2450/7351/3409
f 2382/7238/3352 2393/7332/3404 2395/7347/3411
f 3110/7352/3295 3098/7353/3402 3100/7354/3415
f 797/7269/3349 794/6998/3243 858/7355/3416
f 2431/7131/3286 2443/7268/3368 2416/7132/3123
f 790/7143/3240 806/7284/3375 836/7356/3417
f 3100/7354/3415 3111/7357/3383 3110/7352/3295
f 874/7339/3406 811/7358/3418 859/7359/3419
f 2392/7320/3395 2385/7253/3358 2396/7350/3414
f 2382/7238/3352 2376/7125/3308 2393/7332/3404
f 881/7312/3292 805/7360/3369 830/7313/3390
f 3111/7333/3383 3100/7354/3415 3094/7334/3365
f 812/7361/3420 869/7362/3420 901/7363/3420
f 2448/7364/3393 2447/7365/3421 2451/7366/3422
f 2442/7314/3367 2448/7367/3393 2454/7368/3423
f 815/7369/3424 817/7200/3336 814/7295/3380
f 2392/7320/3395 2393/7332/3404 2391/7317/3392
f 818/7370/3425 821/7371/3425 820/7372/3425
f 821/7210/3341 818/7373/3426 789/7211/3313
f 2450/7351/3409 2394/7342/3401 2397/7374/3394
f 850/7000/3244 879/7375/3427 794/6998/3243
f 2388/7283/3374 2394/7342/3401 2390/7307/3387
f 3094/7334/3365 3100/7354/3415 3095/7296/3357
f 810/7376/3397 789/7211/3313 818/7373/3426
f 3097/7377/3391 3100/7354/3415 3098/7353/3402
f 3100/7354/3415 3097/7377/3391 3095/7296/3357
f 814/7378/3380 802/7262/3362 810/7322/3397
f 850/7000/3244 601/7137/2889 2313/7198/3268
f 2457/7218/3345 2445/7304/3385 2449/7379/3403
f 889/7340/3407 874/7339/3406 859/7359/3419
f 860/7380/3428 859/7359/3419 811/7358/3418
f 795/7298/3257 889/7340/3407 888/7299/3377
f 2416/7132/3123 2443/7268/3368 2452/7381/3370
f 2449/7331/3403 2442/7314/3367 2454/7368/3423
f 2455/7382/3429 2451/7383/3429 2447/7384/3429
f 817/7385/3430 815/7386/3430 819/7387/3430
f 2389/7306/3386 2390/7307/3387 2398/7388/3431
f 816/7389/3432 620/7325/3399 783/6979/3232
f 860/7390/3433 861/7391/3433 811/7392/3433
f 853/7173/3326 854/7207/3339 857/7393/3413
f 2455/7394/3434 2447/7395/3434 2444/7396/3434
f 850/7000/3244 862/7397/3435 879/7375/3427
f 2394/7342/3401 2398/7388/3431 2390/7307/3387
f 2448/7364/3393 2451/7366/3422 2453/7398/3436
f 2448/7367/3393 2453/7399/3436 2454/7368/3423
f 2399/7400/3437 2450/7351/3409 2395/7347/3411
f 2396/7350/3414 2389/7306/3386 2398/7388/3431
f 626/7401/3438 832/7402/3438 799/7403/3438
f 2393/7332/3404 2399/7400/3437 2395/7347/3411
f 2396/7350/3414 2393/7332/3404 2392/7320/3395
f 856/7301/3382 845/7171/3090 853/7173/3326
f 860/7404/3428 811/7405/3439 863/7406/3440
f 2393/7332/3404 2396/7350/3414 2398/7388/3431
f 858/7355/3416 864/7407/3350 797/7269/3349
f 865/7408/3441 866/7409/3441 846/7410/3441
f 881/7411/3292 831/7412/3442 900/7413/3443
f 817/7414/3444 819/7415/3444 840/7416/3444
f 816/7389/3432 783/6979/3232 817/7200/3336
f 2450/7351/3409 2399/7400/3437 2394/7342/3401
f 2313/7198/3268 862/7397/3435 850/7000/3244
f 2399/7400/3437 2393/7332/3404 2398/7388/3431
f 860/7380/3428 867/7417/3445 859/7359/3419
f 2399/7400/3437 2398/7388/3431 2394/7342/3401
f 2457/7218/3345 2449/7379/3403 2454/7418/3423
f 864/7407/3350 858/7355/3416 875/7419/3446
f 864/7407/3350 875/7419/3446 812/7420/3408
f 840/7421/3447 816/7422/3447 817/7423/3447
f 818/7424/3426 814/7378/3380 810/7322/3397
f 2455/7425/3448 2460/7426/3449 2451/7366/3422
f 2451/7366/3422 2460/7426/3449 2453/7398/3436
f 819/7427/3450 815/7428/3424 818/7429/3426
f 819/7427/3450 818/7429/3426 820/7430/3451
f 814/7378/3380 818/7424/3426 815/7431/3424
f 812/7432/3408 868/7433/3452 869/7434/3453
f 863/7406/3440 867/7435/3445 860/7404/3428
f 840/7436/3454 819/7437/3450 820/7438/3451
f 790/7143/3240 836/7356/3417 821/7228/3341
f 871/7439/3455 869/7440/3453 868/7441/3452
f 870/7442/3456 859/7359/3419 867/7417/3445
f 821/7443/3341 840/7436/3454 820/7438/3451
f 631/7444/3457 807/7287/3325 784/7028/3260
f 813/7445/3410 808/7446/3378 823/7447/3458
f 2455/7448/3448 2444/7035/3265 2452/7276/3370
f 2457/7218/3345 2454/7418/3423 2456/7449/3459
f 869/7450/3453 871/7451/3455 872/7452/3460
f 2456/7449/3459 2458/7453/3461 2457/7218/3345
f 2456/7454/3459 2452/7381/3370 2443/7268/3368
f 2457/7455/3462 2458/7456/3462 2443/7457/3462
f 2459/7458/3463 2452/7381/3370 2456/7454/3459
f 872/7459/3464 827/7460/3464 869/7461/3464
f 867/7435/3445 863/7406/3440 870/7462/3456
f 2459/7463/3463 2455/7448/3448 2452/7276/3370
f 2456/7454/3459 2443/7268/3368 2458/7464/3461
f 2460/7465/3449 2454/7418/3423 2453/7466/3436
f 805/7273/3369 804/7272/3360 822/7467/3465
f 873/7468/3466 887/7469/3467 853/7173/3326
f 784/7028/3260 620/7325/3399 631/7444/3457
f 863/7470/3440 874/7471/3468 905/7472/3469
f 2460/7465/3449 2456/7449/3459 2454/7418/3423
f 875/7473/3446 868/7433/3452 812/7432/3408
f 871/7451/3455 876/7474/3470 872/7452/3460
f 830/7313/3390 805/7360/3369 675/7475/3471
f 2460/7465/3449 2459/7476/3463 2456/7449/3459
f 813/7477/3410 823/7478/3458 824/7479/3472
f 808/7480/3378 825/7481/3473 826/7482/3474
f 853/7173/3326 857/7393/3413 873/7468/3466
f 869/7483/3475 827/7484/3475 901/7485/3475
f 877/7486/3476 870/7462/3456 863/7406/3440
f 2459/7476/3463 2460/7465/3449 2455/7487/3448
f 879/7375/3427 858/7355/3416 794/6998/3243
f 825/7488/3473 808/7489/3378 892/7490/3477
f 813/7491/3410 824/7492/3472 828/7493/3478
f 887/7469/3467 856/7301/3382 853/7173/3326
f 822/7467/3465 804/7272/3360 625/7494/3479
f 878/7495/3480 858/7355/3416 879/7496/3427
f 882/7497/3481 875/7419/3446 858/7355/3416
f 859/7359/3419 870/7442/3456 883/7498/3482
f 825/7499/3473 892/7500/3477 826/7501/3474
f 873/7502/3466 857/7349/3413 888/7286/3377
f 809/7503/3389 831/7412/3442 881/7411/3292
f 625/7504/3479 804/7255/3360 832/7321/3396
f 893/7505/3483 827/7506/3484 876/7474/3470
f 826/7482/3474 623/7507/3485 808/7480/3378
f 880/7508/3343 881/7509/3292 900/7510/3443
f 863/7406/3440 905/7511/3469 877/7486/3476
f 799/7168/3324 807/7170/3325 829/7512/3486
f 827/7506/3484 872/7452/3460 876/7474/3470
f 882/7513/3481 868/7514/3452 875/7515/3446
f 858/7355/3416 878/7495/3480 882/7497/3481
f 816/7516/3432 619/7517/3487 620/7518/3399
f 882/7513/3481 884/7519/3488 868/7514/3452
f 822/7520/3489 675/7521/3489 805/7522/3489
f 890/7523/3490 2313/7524/3490 866/7525/3490
f 808/7290/3378 901/7323/3398 902/7526/3491
f 626/7527/3492 799/7528/3492 829/7529/3492
f 856/7301/3382 866/7530/3493 865/7300/3381
f 877/7486/3476 883/7531/3482 870/7462/3456
f 871/7439/3455 884/7532/3488 876/7533/3470
f 884/7532/3488 871/7439/3455 868/7441/3452
f 885/7534/3494 901/7535/3398 827/7536/3484
f 877/7486/3476 905/7511/3469 904/7537/3495
f 883/7498/3482 886/7538/3496 859/7359/3419
f 886/7539/3496 883/7531/3482 877/7486/3476
f 873/7502/3466 888/7286/3377 887/7540/3467
f 816/7516/3432 621/7541/3497 619/7517/3487
f 631/7444/3457 829/7542/3486 807/7287/3325
f 874/7543/3498 880/7544/3498 891/7545/3498
f 623/7546/3485 823/7447/3458 808/7446/3378
f 884/7519/3488 882/7513/3481 878/7547/3480
f 889/7340/3407 859/7359/3419 897/7548/3499
f 888/7549/3377 889/7550/3407 899/7551/3500
f 890/7552/3501 862/7397/3435 2313/7198/3268
f 891/7553/3502 905/7472/3469 874/7471/3468
f 631/7554/3457 620/7518/3399 622/7555/3503
f 859/7359/3419 886/7538/3496 897/7548/3499
f 809/7556/3504 830/7557/3504 831/7558/3504
f 621/7541/3497 816/7516/3432 840/7559/3454
f 888/7549/3377 899/7551/3500 856/7301/3382
f 832/7560/3505 626/7561/3505 624/7562/3505
f 899/7563/3500 889/7340/3407 897/7548/3499
f 888/7286/3377 856/7564/3382 887/7540/3467
f 902/7565/3491 892/7490/3477 808/7489/3378
f 836/7356/3417 840/7566/3454 821/7228/3341
f 918/7567/3506 877/7486/3476 904/7537/3495
f 892/7500/3477 833/7568/3507 826/7501/3474
f 897/7548/3499 886/7538/3496 898/7569/3508
f 902/7570/3491 833/7571/3507 892/7572/3477
f 856/7301/3382 899/7551/3500 2315/7573/3509
f 893/7574/3483 876/7533/3470 884/7532/3488
f 866/7530/3493 856/7301/3382 894/7575/3510
f 897/7576/3499 895/7577/3511 899/7578/3500
f 884/7532/3488 896/7579/3512 893/7574/3483
f 895/7577/3511 898/7580/3508 899/7578/3500
f 856/7301/3382 2315/7573/3509 894/7575/3510
f 823/7581/3513 623/7582/3513 698/7583/3513
f 897/7584/3514 898/7585/3514 895/7586/3514
f 878/7495/3480 879/7496/3427 862/7587/3435
f 878/7547/3480 896/7588/3512 884/7519/3488
f 866/7589/3515 894/7590/3515 2318/7591/3515
f 877/7486/3476 898/7592/3508 886/7539/3496
f 899/7593/3500 898/7592/3508 2315/7594/3509
f 906/7595/3516 862/7397/3435 890/7552/3501
f 836/7596/3417 668/7597/3517 840/7559/3454
f 866/7598/3518 2318/7599/3518 2314/7600/3518
f 890/7601/3501 866/7602/3519 2314/7603/3520
f 682/7604/3521 900/7605/3443 831/7606/3442
f 894/7607/3510 2315/7608/3509 2318/7609/3522
f 2318/7609/3522 2315/7608/3509 2875/7610/3523
f 2875/7611/3523 2315/7612/3509 2876/7613/3524
f 901/7614/3398 885/7534/3494 902/7615/3491
f 834/7616/3525 828/7617/3525 824/7618/3525
f 624/7619/3526 625/7620/3479 832/7621/3396
f 2318/7609/3522 2875/7610/3523 2316/7622/3527
f 624/7623/3526 626/7624/3528 627/7625/3529
f 621/7541/3497 840/7559/3454 668/7597/3517
f 896/7588/3512 878/7547/3480 903/7626/3530
f 903/7626/3530 910/7627/3531 896/7588/3512
f 823/7478/3458 834/7628/3532 824/7479/3472
f 2876/7629/3524 2316/7630/3527 2875/7631/3523
f 904/7632/3495 905/7633/3469 891/7634/3502
f 878/7495/3480 862/7587/3435 903/7635/3530
f 910/7636/3531 893/7574/3483 896/7579/3512
f 2317/7637/3533 2318/7638/3522 2316/7639/3527
f 2314/7640/3520 2318/7638/3522 2317/7637/3533
f 910/7636/3531 913/7641/3534 893/7574/3483
f 903/7635/3530 862/7587/3435 906/7642/3516
f 2315/7594/3509 898/7592/3508 911/7643/3535
f 2876/7629/3524 2877/7644/3536 2316/7630/3527
f 877/7486/3476 907/7645/3537 898/7592/3508
f 2876/7613/3524 2315/7612/3509 911/7646/3535
f 619/7517/3487 622/7555/3503 620/7518/3399
f 630/7647/3538 631/7554/3457 622/7555/3503
f 2877/7648/3539 2317/7649/3539 2316/7650/3539
f 826/7501/3474 833/7568/3507 623/7651/3485
f 908/7652/3540 893/7505/3483 913/7653/3534
f 2876/7629/3524 2878/7654/3541 2877/7644/3536
f 823/7655/3458 698/7656/3542 834/7657/3532
f 626/7658/3528 829/7659/3486 628/7660/3543
f 2876/7613/3524 911/7646/3535 2878/7661/3541
f 890/7601/3501 2314/7603/3520 2319/7662/3544
f 2317/7663/3545 2877/7664/3545 2879/7665/3545
f 909/7666/3546 913/7641/3534 910/7636/3531
f 890/7601/3501 2319/7662/3544 906/7667/3516
f 830/7668/3390 675/7669/3471 681/7670/3547
f 2878/7671/3541 911/7672/3535 915/7673/3548
f 2879/7674/3549 2877/7675/3536 2878/7676/3541
f 2317/7677/3533 2319/7662/3544 2314/7603/3520
f 619/7517/3487 621/7541/3497 669/7678/3550
f 910/7679/3531 903/7680/3530 909/7681/3546
f 813/7491/3410 828/7493/3478 835/7682/3551
f 906/7642/3516 914/7683/3552 903/7635/3530
f 626/7624/3528 628/7684/3543 627/7625/3529
f 911/7685/3553 912/7686/3553 915/7687/3553
f 2878/7676/3541 2880/7688/3554 2879/7674/3549
f 619/7517/3487 669/7678/3550 622/7555/3503
f 909/7689/3546 908/7652/3540 913/7690/3534
f 830/7691/3390 682/7692/3521 831/7693/3442
f 2317/7677/3533 2879/7694/3555 2881/7695/3556
f 912/7696/3557 911/7643/3535 898/7592/3508
f 813/7697/3410 835/7698/3551 629/7699/3558
f 822/7700/3465 676/7701/3559 675/7702/3471
f 909/7681/3546 914/7703/3552 930/7704/3560
f 2319/7705/3544 914/7706/3552 906/7707/3516
f 907/7645/3537 877/7486/3476 918/7567/3506
f 909/7681/3546 903/7680/3530 914/7703/3552
f 835/7708/3551 828/7709/3478 834/7710/3532
f 2317/7677/3533 2881/7695/3556 2319/7662/3544
f 915/7673/3548 2880/7711/3554 2878/7671/3541
f 630/7712/3538 829/7713/3486 631/7714/3457
f 880/7508/3343 900/7510/3443 891/7715/3502
f 2879/7716/3561 2880/7717/3561 2881/7718/3561
f 2319/7705/3544 2881/7719/3556 914/7706/3552
f 914/7720/3552 915/7721/3548 930/7722/3560
f 914/7720/3552 2880/7723/3554 915/7721/3548
f 2881/7724/3556 2880/7723/3554 914/7720/3552
f 836/7725/3417 806/7341/3375 813/7346/3410
f 681/7726/3547 682/7692/3521 830/7691/3390
f 915/7727/3562 912/7728/3562 930/7729/3562
f 909/7689/3546 930/7730/3560 916/7731/3563
f 909/7689/3546 916/7731/3563 908/7652/3540
f 930/7732/3564 912/7733/3557 921/7734/3565
f 904/7632/3495 917/7735/3566 918/7736/3506
f 827/7506/3484 893/7505/3483 693/7737/3567
f 813/7697/3410 629/7699/3558 836/7738/3417
f 625/7620/3479 624/7619/3526 684/7739/3568
f 885/7534/3494 827/7536/3484 693/7740/3567
f 917/7735/3566 904/7632/3495 891/7634/3502
f 912/7696/3557 898/7592/3508 907/7645/3537
f 684/7739/3568 822/7741/3465 625/7620/3479
f 628/7660/3543 829/7659/3486 633/7742/3569
f 916/7731/3563 919/7743/3570 908/7652/3540
f 833/7744/3507 677/7745/3571 623/7746/3485
f 677/7745/3571 678/7747/3572 623/7746/3485
f 627/7625/3529 670/7748/3573 624/7623/3526
f 920/7749/3574 912/7750/3557 907/7645/3537
f 920/7751/3574 921/7734/3565 912/7733/3557
f 930/7730/3560 919/7743/3570 916/7731/3563
f 668/7597/3517 632/7752/3575 621/7541/3497
f 679/7753/3576 677/7745/3571 833/7744/3507
f 919/7743/3570 921/7754/3565 922/7755/3577
f 921/7756/3578 919/7757/3578 930/7758/3578
f 627/7625/3529 628/7684/3543 633/7759/3569
f 693/7737/3567 893/7505/3483 908/7652/3540
f 684/7739/3568 624/7619/3526 634/7760/3579
f 684/7761/3568 676/7701/3559 822/7700/3465
f 669/7678/3550 621/7541/3497 632/7752/3575
f 908/7652/3540 919/7743/3570 693/7737/3567
f 835/7708/3551 834/7710/3532 636/7762/3580
f 885/7534/3494 923/7763/3581 902/7615/3491
f 681/7670/3547 675/7669/3471 676/7764/3559
f 921/7734/3565 920/7751/3574 922/7765/3577
f 902/7570/3491 923/7766/3581 833/7571/3507
f 692/7767/3582 885/7534/3494 693/7740/3567
f 907/7645/3537 924/7768/3583 920/7749/3574
f 671/7769/3584 630/7647/3538 622/7555/3503
f 671/7769/3584 622/7555/3503 669/7678/3550
f 671/7769/3584 669/7678/3550 635/7770/3585
f 633/7742/3569 829/7659/3486 638/7771/3586
f 627/7625/3529 633/7759/3569 670/7748/3573
f 680/7772/3587 682/7773/3521 681/7774/3547
f 687/7775/3588 917/7776/3566 891/7777/3502
f 919/7743/3570 922/7755/3577 928/7778/3589
f 891/7715/3502 900/7510/3443 687/7779/3588
f 923/7763/3581 885/7534/3494 692/7767/3582
f 682/7780/3590 683/7781/3590 686/7782/3590
f 689/7783/3591 833/7571/3507 923/7766/3581
f 834/7657/3532 698/7656/3542 636/7784/3580
f 684/7785/3568 634/7786/3579 685/7787/3592
f 698/7656/3542 712/7788/3593 636/7784/3580
f 623/7789/3594 678/7790/3594 690/7791/3594
f 917/7792/3566 907/7645/3537 918/7567/3506
f 682/7604/3521 687/7793/3588 900/7605/3443
f 698/7794/3542 623/7795/3595 690/7796/3596
f 638/7797/3586 829/7713/3486 630/7712/3538
f 836/7798/3417 641/7799/3597 668/7800/3517
f 925/7801/3598 693/7737/3567 919/7743/3570
f 629/7699/3558 835/7698/3551 646/7802/3599
f 679/7753/3576 833/7744/3507 689/7803/3591
f 686/7804/3600 687/7805/3588 682/7773/3521
f 680/7772/3587 681/7774/3547 688/7806/3601
f 688/7807/3601 681/7670/3547 676/7764/3559
f 907/7645/3537 917/7792/3566 700/7808/3602
f 922/7765/3577 920/7751/3574 926/7809/3603
f 700/7808/3602 924/7768/3583 907/7645/3537
f 689/7810/3591 923/7811/3581 692/7812/3582
f 690/7813/3596 678/7747/3572 677/7745/3571
f 670/7748/3573 634/7814/3579 624/7623/3526
f 629/7699/3558 641/7815/3597 836/7738/3417
f 920/7751/3574 924/7816/3583 926/7809/3603
f 632/7817/3575 635/7818/3585 669/7819/3550
f 689/7803/3591 677/7745/3571 679/7753/3576
f 690/7796/3596 699/7820/3604 698/7794/3542
f 927/7821/3605 928/7822/3589 922/7765/3577
f 684/7761/3568 697/7823/3606 676/7701/3559
f 676/7764/3559 701/7824/3607 688/7807/3601
f 637/7825/3608 636/7762/3580 712/7826/3593
f 691/7827/3609 692/7828/3582 693/7829/3567
f 925/7801/3598 703/7830/3610 693/7737/3567
f 928/7778/3589 927/7831/3605 919/7743/3570
f 646/7832/3599 835/7708/3551 637/7825/3608
f 638/7833/3586 670/7834/3573 633/7835/3569
f 641/7799/3597 632/7817/3575 668/7800/3517
f 922/7765/3577 926/7809/3603 927/7821/3605
f 919/7743/3570 927/7831/3605 925/7801/3598
f 637/7825/3608 835/7708/3551 636/7762/3580
f 629/7699/3558 646/7802/3599 641/7815/3597
f 693/7829/3567 703/7836/3610 691/7827/3609
f 694/7837/3611 695/7838/3612 689/7839/3591
f 638/7833/3586 630/7840/3538 671/7841/3584
f 677/7745/3571 696/7842/3613 742/7843/3614
f 689/7810/3591 692/7812/3582 694/7844/3611
f 684/7785/3568 685/7787/3592 697/7845/3606
f 695/7838/3612 694/7844/3611 692/7812/3582
f 712/7846/3593 698/7847/3542 699/7848/3604
f 917/7776/3566 687/7775/3588 700/7849/3602
f 688/7807/3601 701/7824/3607 705/7850/3615
f 924/7851/3583 700/7852/3602 706/7853/3616
f 676/7701/3559 697/7823/3606 701/7854/3607
f 689/7839/3591 695/7838/3612 696/7855/3613
f 699/7848/3604 702/7856/3617 712/7846/3593
f 635/7818/3585 632/7817/3575 672/7857/3618
f 639/7858/3619 672/7857/3618 632/7817/3575
f 703/7859/3610 925/7860/3598 704/7861/3620
f 644/7862/3621 640/7863/3622 646/7832/3599
f 927/7864/3605 704/7861/3620 925/7860/3598
f 688/7806/3601 705/7865/3615 680/7772/3587
f 641/7866/3597 646/7867/3599 649/7868/3623
f 646/7832/3599 637/7825/3608 644/7862/3621
f 685/7869/3592 634/7814/3579 670/7748/3573
f 642/7870/3624 643/7871/3625 670/7834/3573
f 706/7853/3616 709/7872/3626 924/7851/3583
f 677/7745/3571 689/7803/3591 696/7842/3613
f 672/7873/3618 671/7769/3584 635/7770/3585
f 711/7874/3627 637/7825/3608 712/7826/3593
f 706/7875/3616 700/7849/3602 687/7775/3588
f 703/7836/3610 704/7876/3620 691/7827/3609
f 680/7772/3587 725/7877/3628 682/7773/3521
f 670/7878/3629 643/7879/3629 685/7880/3629
f 704/7876/3620 692/7828/3582 691/7827/3609
f 927/7864/3605 710/7881/3630 704/7861/3620
f 637/7882/3631 651/7883/3631 644/7884/3631
f 690/7796/3596 707/7885/3632 699/7820/3604
f 695/7838/3612 692/7812/3582 704/7886/3620
f 926/7887/3633 924/7888/3633 709/7889/3633
f 640/7863/3622 644/7862/3621 651/7890/3634
f 670/7834/3573 638/7833/3586 645/7891/3635
f 926/7892/3603 708/7893/3636 927/7894/3605
f 708/7893/3636 926/7892/3603 709/7895/3626
f 711/7874/3627 651/7896/3637 637/7825/3608
f 710/7897/3630 927/7894/3605 708/7893/3636
f 645/7891/3635 642/7870/3624 670/7834/3573
f 702/7898/3617 711/7899/3627 712/7900/3593
f 706/7875/3616 687/7775/3588 713/7901/3638
f 725/7877/3628 686/7804/3600 682/7773/3521
f 646/7902/3639 640/7903/3639 648/7904/3639
f 686/7804/3600 725/7877/3628 720/7905/3640
f 710/7881/3630 714/7906/3641 704/7861/3620
f 651/7890/3634 648/7907/3642 640/7863/3622
f 733/7908/3643 711/7899/3627 702/7898/3617
f 647/7909/3644 642/7910/3624 645/7911/3635
f 643/7912/3625 642/7913/3624 651/7914/3645
f 671/7841/3584 673/7915/3646 638/7833/3586
f 646/7916/3599 648/7917/3642 649/7918/3623
f 704/7886/3620 715/7919/3647 695/7838/3612
f 715/7920/3648 719/7921/3648 696/7922/3648
f 643/7912/3625 651/7914/3645 738/7923/3649
f 742/7843/3614 690/7813/3596 677/7745/3571
f 671/7841/3584 650/7924/3650 673/7915/3646
f 651/7925/3651 642/7926/3651 647/7927/3651
f 715/7919/3647 696/7855/3613 695/7838/3612
f 645/7891/3635 638/7833/3586 673/7915/3646
f 718/7928/3652 702/7856/3617 699/7848/3604
f 747/7929/3653 687/7805/3588 686/7804/3600
f 690/7813/3596 742/7843/3614 716/7930/3654
f 722/7931/3655 686/7804/3600 720/7905/3640
f 717/7932/3656 704/7861/3620 714/7906/3641
f 650/7924/3650 671/7841/3584 672/7933/3618
f 738/7934/3657 651/7935/3657 724/7936/3657
f 702/7898/3617 718/7937/3652 733/7908/3643
f 690/7796/3596 716/7938/3654 707/7885/3632
f 719/7939/3658 715/7940/3647 721/7941/3659
f 709/7942/3626 706/7875/3616 713/7901/3638
f 711/7874/3627 724/7943/3660 651/7896/3637
f 720/7944/3640 719/7945/3658 721/7946/3659
f 719/7945/3658 720/7944/3640 725/7947/3628
f 651/7948/3634 647/7949/3644 648/7950/3642
f 643/7912/3625 738/7923/3649 737/7951/3661
f 710/7897/3630 708/7893/3636 714/7952/3641
f 708/7893/3636 709/7895/3626 714/7952/3641
f 727/7953/3662 722/7954/3655 720/7944/3640
f 747/7929/3653 686/7804/3600 722/7931/3655
f 704/7955/3620 717/7956/3656 715/7940/3647
f 696/7957/3613 725/7958/3628 726/7959/3663
f 737/7960/3661 685/7961/3592 643/7962/3625
f 680/7772/3587 705/7865/3615 734/7963/3664
f 699/7848/3604 723/7964/3665 718/7928/3652
f 719/7945/3658 725/7947/3628 696/7965/3613
f 711/7899/3627 733/7908/3643 724/7966/3660
f 725/7967/3628 680/7968/3587 726/7969/3663
f 652/7970/3666 648/7950/3642 647/7949/3644
f 721/7946/3659 727/7953/3662 720/7944/3640
f 645/7911/3635 673/7971/3646 652/7972/3666
f 718/7937/3652 723/7973/3665 733/7908/3643
f 652/7972/3666 647/7909/3644 645/7911/3635
f 715/7940/3647 727/7974/3662 721/7941/3659
f 699/7820/3604 707/7885/3632 756/7975/3667
f 717/7956/3656 727/7974/3662 715/7940/3647
f 648/7917/3642 653/7976/3668 649/7918/3623
f 653/7976/3668 641/7866/3597 649/7868/3623
f 673/7971/3646 656/7977/3669 652/7972/3666
f 713/7978/3638 687/7805/3588 747/7929/3653
f 728/7979/3670 726/7969/3663 680/7968/3587
f 742/7843/3614 752/7980/3671 716/7930/3654
f 732/7981/3672 734/7963/3664 705/7865/3615
f 729/7982/3673 747/7983/3653 722/7984/3655
f 714/7985/3641 709/7942/3626 730/7986/3674
f 722/7984/3655 727/7974/3662 729/7982/3673
f 731/7987/3675 726/7959/3663 728/7988/3670
f 732/7989/3672 705/7850/3615 701/7824/3607
f 733/7990/3643 738/7991/3649 724/7992/3660
f 680/7968/3587 734/7993/3664 728/7979/3670
f 730/7986/3674 709/7942/3626 735/7994/3676
f 713/7901/3638 735/7994/3676 709/7942/3626
f 632/7817/3575 641/7799/3597 639/7858/3619
f 696/7957/3613 726/7959/3663 731/7987/3675
f 736/7995/3677 737/7996/3661 738/7997/3649
f 674/7998/3678 672/7857/3618 639/7858/3619
f 727/7974/3662 717/7956/3656 739/7999/3679
f 717/7932/3656 714/7906/3641 740/8000/3680
f 650/8001/3650 654/8002/3681 673/8003/3646
f 731/7987/3675 741/8004/3682 696/7957/3613
f 739/8005/3679 717/7932/3656 740/8000/3680
f 655/8006/3683 673/8007/3646 654/8008/3681
f 713/8009/3638 747/8010/3653 735/8011/3676
f 754/8012/3684 728/7979/3670 734/7993/3664
f 733/7908/3643 723/7973/3665 745/8013/3685
f 742/8014/3614 696/8015/3613 741/8016/3682
f 639/7858/3619 641/7799/3597 674/7998/3678
f 730/7986/3674 735/7994/3676 749/8017/3686
f 738/7991/3649 733/7990/3643 736/8018/3677
f 673/8007/3646 655/8006/3683 656/8019/3669
f 672/8020/3618 654/8002/3681 650/8001/3650
f 701/7854/3607 697/7823/3606 743/8021/3687
f 739/7999/3679 744/8022/3688 727/7974/3662
f 751/8023/3689 740/8024/3680 714/8025/3641
f 714/8025/3641 730/8026/3674 751/8023/3689
f 745/8027/3685 723/7964/3665 755/8028/3690
f 652/7970/3666 657/8029/3691 648/7950/3642
f 728/7988/3670 741/8004/3682 731/7987/3675
f 735/8011/3676 747/8010/3653 750/8030/3692
f 657/8031/3691 653/7976/3668 648/7917/3642
f 740/8000/3680 746/8032/3693 739/8005/3679
f 732/7989/3672 701/7824/3607 754/8033/3684
f 729/7982/3673 727/7974/3662 744/8022/3688
f 657/8029/3691 652/7970/3666 655/8034/3683
f 652/7970/3666 656/8035/3669 655/8034/3683
f 746/8036/3694 740/8037/3694 751/8038/3694
f 754/8039/3684 734/7963/3664 732/7981/3672
f 699/7848/3604 755/8028/3690 723/7964/3665
f 751/8023/3689 730/8026/3674 749/8040/3686
f 747/8041/3653 729/7982/3673 750/8042/3692
f 735/8011/3676 750/8030/3692 749/8043/3686
f 741/8004/3682 728/7988/3670 753/8044/3695
f 748/8045/3696 697/7845/3606 685/7787/3592
f 748/8046/3696 685/7961/3592 737/7960/3661
f 641/7866/3597 653/7976/3668 658/8047/3697
f 739/7999/3679 746/8048/3693 744/8022/3688
f 749/8049/3698 750/8050/3698 751/8051/3698
f 672/8020/3618 659/8052/3699 654/8002/3681
f 737/7996/3661 736/7995/3677 748/8045/3696
f 742/8014/3614 741/8016/3682 752/8053/3671
f 729/7982/3673 744/8022/3688 750/8042/3692
f 751/8054/3700 744/8055/3688 746/8056/3693
f 728/7988/3670 754/8057/3684 753/8044/3695
f 751/8054/3700 750/8058/3692 744/8055/3688
f 752/8053/3671 741/8016/3682 753/8059/3695
f 641/7799/3597 658/8060/3697 674/7998/3678
f 672/8020/3618 674/8061/3678 659/8052/3699
f 657/8031/3691 663/8062/3701 653/7976/3668
f 707/7885/3632 716/7938/3654 756/8063/3667
f 752/7980/3671 756/8064/3667 716/7930/3654
f 754/8065/3684 701/7854/3607 743/8021/3687
f 663/8062/3701 658/8047/3697 653/7976/3668
f 660/8066/3702 657/8029/3691 655/8034/3683
f 755/8067/3690 699/8068/3604 756/8069/3667
f 659/8052/3699 661/8070/3703 654/8002/3681
f 697/7845/3606 748/8045/3696 743/8071/3687
f 674/8061/3678 662/8072/3704 659/8052/3699
f 661/8073/3703 655/8006/3683 654/8008/3681
f 662/8074/3704 674/7998/3678 658/8060/3697
f 733/8075/3643 757/8076/3705 736/7995/3677
f 663/8062/3701 657/8031/3691 660/8066/3702
f 663/8077/3701 664/8078/3706 658/8079/3697
f 664/8078/3706 662/8072/3704 658/8079/3697
f 745/8013/3685 755/8067/3690 757/8080/3705
f 753/8059/3695 758/8081/3707 752/8053/3671
f 663/8062/3701 660/8066/3702 664/8082/3706
f 745/8013/3685 757/8080/3705 733/7908/3643
f 661/8073/3703 665/8083/3708 655/8006/3683
f 660/8066/3702 655/8034/3683 665/8084/3708
f 662/8072/3704 666/8085/3709 659/8052/3699
f 661/8070/3703 659/8052/3699 666/8086/3709
f 661/8073/3703 666/8087/3709 665/8083/3708
f 758/8088/3707 753/8044/3695 754/8057/3684
f 660/8066/3702 667/8089/3710 664/8082/3706
f 665/8084/3708 667/8089/3710 660/8066/3702
f 667/8090/3710 665/8083/3708 666/8087/3709
f 743/8021/3687 759/8091/3711 754/8065/3684
f 666/8085/3709 662/8072/3704 667/8092/3710
f 664/8078/3706 667/8092/3710 662/8072/3704
f 754/8065/3684 759/8091/3711 761/8093/3712
f 748/8045/3696 736/7995/3677 757/8076/3705
f 743/8071/3687 748/8045/3696 762/8094/3713
f 758/8081/3707 767/8095/3714 752/8053/3671
f 743/8071/3687 762/8094/3713 759/8096/3711
f 756/8064/3667 752/7980/3671 767/8097/3714
f 762/8094/3713 748/8045/3696 760/8098/3715
f 755/8067/3690 756/8069/3667 757/8080/3705
f 758/8088/3707 754/8057/3684 761/8099/3712
f 757/8076/3705 760/8098/3715 748/8045/3696
f 757/8080/3705 756/8069/3667 766/8100/3716
f 766/8101/3716 756/8064/3667 767/8097/3714
f 762/8102/3713 764/8103/3717 759/8104/3711
f 759/8104/3711 764/8103/3717 761/8105/3712
f 760/8098/3715 757/8076/3705 766/8106/3716
f 758/8088/3707 761/8099/3712 763/8107/3718
f 758/8081/3707 763/8108/3718 767/8095/3714
f 762/8094/3713 760/8098/3715 764/8109/3717
f 764/8110/3719 765/8111/3719 761/8112/3719
f 763/8107/3718 761/8099/3712 765/8113/3720
f 768/8114/3721 766/8115/3716 767/8116/3714
f 766/8115/3716 768/8114/3721 760/8117/3715
f 764/8118/3717 760/8119/3715 765/8120/3722
f 763/8121/3723 765/8122/3723 768/8123/3723
f 763/8124/3724 768/8125/3724 767/8126/3724
f 765/8120/3722 760/8119/3715 768/8127/3721
